miRNA	Genes	Term	Experiments	Support Type	mirna_target_pearson_r	mirna_target_pearson_p	dmg_vs_healthy_log2FC	dmg_vs_healthy_padj	dmg_vs_adj_log2FC	dmg_vs_adj_padj
hsa-miR-10b-5p	ACTG1	regulation of synaptic vesicle endocytosis;regulation of synaptic vesicle recycling;regulation of cell adhesion	CLASH	Functional MTI (Weak)	0.11987030321510514	0.7415190966530258	0.35153358263101186	0.3461157828451684	0.5875557238198931	0.09810912791521276
hsa-miR-10b-5p	AP3M1	synaptic vesicle localization	CLASH	Functional MTI (Weak)	0.048130138103909426	0.8949588771240253	0.389183986113488	0.27472122877999144	0.4090425520827747	0.1480595772269582
hsa-miR-10b-5p	ASCL2	regulation of cell adhesion	3'LIFE	Functional MTI (Weak)	0.20751432795353383	0.5651100793555396	-0.35225595403418397	0.4880124380507692	0.00987571754065391	0.988526868176741
hsa-miR-10b-5p	BORCS5	synaptic vesicle localization	HITS-CLIP	Functional MTI (Weak)	-0.12723164959196887	0.7261425772782026	-1.0294088282975982	9.402893765341108e-7	-0.617667165956767	0.03084211553931888
hsa-miR-10b-5p	CAMSAP3	regulation of cell adhesion	CLASH	Functional MTI (Weak)	0.1654036059580289	0.6479169911728782	-0.3198953018961402	0.4967744874441575	-0.7694231570123311	0.0143441884928976
hsa-miR-10b-5p	CDKN2A	regulation of cell adhesion	Luciferase reporter assay//Western blot	Functional MTI	0.28642635925473464	0.42236433649454297	0.17110781442398337	0.7494102064742628	0.7673091390994855	0.1629082328143304
hsa-miR-10b-5p	CRIPT	postsynaptic specialization assembly;postsynaptic specialization organization	HITS-CLIP	Functional MTI (Weak)	0.0019781948741352715	0.9956727156466225	-0.00323052921497798	0.99442402901846	0.0549174877182839	0.8879318199661066
hsa-miR-10b-5p	CRK	postsynaptic specialization assembly;postsynaptic specialization organization;regulation of cell adhesion	3'LIFE	Functional MTI (Weak)	0.09534522058878062	0.7933180390291286	-0.17175719578429408	0.6000472593073003	0.00844335770568786	0.9859738314172622
hsa-miR-10b-5p	CTBP1	synaptic vesicle localization	CLASH	Functional MTI (Weak)	-0.028963834918416136	0.9366947359568317	-0.01480094847742292	0.9689805506276874	-0.19718849839051925	0.5032059508037191
hsa-miR-10b-5p	EPHA4	regulation of cell adhesion	CLASH	Functional MTI (Weak)	-0.15454010143917885	0.6699021754665	-1.475377863371253	0.03127387271905767	-1.600036362962779	8.411496342698194e-5
hsa-miR-10b-5p	FUT1	regulation of cell adhesion	HITS-CLIP	Functional MTI (Weak)	-0.3907607514928523	0.264208862073459	-0.19956913768634615	0.6979560958208861	-0.476422447200281	0.24220988645626265
hsa-miR-10b-5p	GATA3	regulation of cell adhesion	3'LIFE	Functional MTI (Weak)	0.24716490927197016	0.4911636741154165	0.19154533449000305	0.7130264908533757	0.2665615875684727	0.5267901265722401
hsa-miR-10b-5p	GP1BA	regulation of cell adhesion	Luciferase reporter assay//qRT-PCR	Non-Functional MTI	0.3894625389597367	0.2659394507827334	-0.6018082181628728	0.25286332226575353	-0.30001530882511684	0.5194273009423632
hsa-miR-10b-5p	HLA-E	regulation of cell adhesion	HITS-CLIP	Functional MTI (Weak)	-0.2608905449583134	0.4665852422721677	-1.083810743754377	0.02146511463139117	0.22501056389448712	0.539540918423014
hsa-miR-10b-5p	KLF4	regulation of cell adhesion	Luciferase reporter assay//Western blot	Functional MTI	-0.0026169872513252205	0.9942753795935964	-0.5766852337287651	0.2473861596783949	-0.8187188710932811	0.039201850105209
hsa-miR-10b-5p	LAMC1	regulation of cell adhesion	CLASH	Functional MTI (Weak)	0.003416204467885085	0.9925271399385704	1.6995377218420251	1.3262001341688234e-4	0.7824267051891113	0.01824239403711517
hsa-miR-10b-5p	MYF5	regulation of cell adhesion	3'LIFE	Functional MTI (Weak)	0.09645878060391344	0.790948721633612	-0.1348910745082036	NA	0	NA
hsa-miR-10b-5p	NF1	regulation of cell adhesion	GFP reporter assay//Luciferase reporter assay//Microarray//qRT-PCR	Non-Functional MTI	-0.21323947571231536	0.5541767321239464	-0.2449914792259588	0.4909983447812406	-0.23803968872070785	0.4120180560494533
hsa-miR-10b-5p	NOTCH1	regulation of cell adhesion	Luciferase reporter assay	Functional MTI	-0.13702048467885644	0.7058319404420574	1.1268917852295914	0.00250506108520922	1.970268664650164	4.215089320835449e-12
hsa-miR-10b-5p	NPTX1	postsynaptic specialization assembly;postsynaptic specialization organization	CLASH	Functional MTI (Weak)	7.191468905715114e-4	0.9984268669904557	-0.12754654890664482	0.8147558948586489	-2.4624504260494504	6.32845159062285e-6
hsa-miR-10b-5p	NR4A3	regulation of cell adhesion	Reporter assay	Non-Functional MTI (Weak)	0.23279450919696115	0.51747351623078	-0.05955594336059084	0.9178796750755136	0.2052240746585363	0.6014417572751596
hsa-miR-10b-5p	PIEZO1	regulation of cell adhesion	Luciferase reporter assay	Functional MTI	-0.26510075626401663	0.45915733934929226	0.7292590535830126	0.10010330820158546	1.0718998754235598	0.00555712360924419
hsa-miR-10b-5p	PPARA	regulation of cell adhesion	Luciferase reporter assay//qRT-PCR//Western blot	Functional MTI	-0.17492693559516012	0.6288428768701089	-0.2710611235878292	0.29417843556016327	-0.18915394163885543	0.5790437992601107
hsa-miR-10b-5p	PPP3CB	regulation of synaptic vesicle endocytosis;regulation of synaptic vesicle recycling	CLASH	Functional MTI (Weak)	0.022548466423293785	0.9507003004071795	-0.9375566426783598	0.06447512175318494	-1.1898540945938392	1.487884743509103e-4
hsa-miR-10b-5p	PTEN	synaptic vesicle localization;postsynaptic specialization assembly;postsynaptic specialization organization;regulation of cell adhesion	Immunoblot//Luciferase reporter assay//qRT-PCR	Functional MTI	0.20178702457603223	0.5761293364968068	-0.16184559884205887	0.6884839524473508	-0.1817278431651463	0.6004070689960846
hsa-miR-10b-5p	SFRP1	regulation of cell adhesion	PAR-CLIP	Functional MTI (Weak)	0.18118832623793016	0.616408078283595	0.1561600519339723	0.7606093635590145	2.379020599430762	4.1167152993097795e-11
hsa-miR-10b-5p	SYT11	regulation of synaptic vesicle endocytosis;regulation of synaptic vesicle recycling	CLASH	Functional MTI (Weak)	-0.1326233944552254	0.7149354975905504	-0.2461330855432168	0.5709332368637362	0.04377663487744725	0.911942230835918
hsa-miR-10b-5p	TENM3	regulation of cell adhesion	CLASH	Functional MTI (Weak)	-0.03111692868961265	0.9319975882260625	-0.11185076912709112	0.8335369029380949	-0.08234305331783101	0.8403204617429503
hsa-miR-10b-5p	TPM1	regulation of cell adhesion	Western blot	Functional MTI	0.5156764277684139	0.12709815225620819	0.1926666163827921	0.6656523899462357	-0.1189869604790604	0.7561263204677636
hsa-miR-130a-3p	ATP6V0D1	synaptic vesicle maturation	HITS-CLIP	Functional MTI (Weak)	-0.6118400873383205	0.06012262526874119	-0.9557593887554522	0.01899329915355225	-0.3981534083046398	0.176580610895283
hsa-miR-130a-3p	ATP6V1B2	synaptic vesicle maturation	PAR-CLIP	Functional MTI (Weak)	-0.8407441672634102	0.002311286108864426	-0.5272488398027532	0.18696340972523348	-0.5094493730076392	0.11437665616441484
hsa-miR-130a-3p	ATP6V1C1	synaptic vesicle maturation	PAR-CLIP	Functional MTI (Weak)	-0.7983421208220985	0.005627081168652252	-0.47007055172106565	0.2614689516656758	-0.8595674250060577	0.00129660774274919
hsa-miR-130a-3p	CERCAM	leukocyte cell-cell adhesion	PAR-CLIP	Functional MTI (Weak)	-0.3092211790374643	0.38463041287339295	-0.39631106453138687	0.4319058873531817	0.27577072396034674	0.5071231344678281
hsa-miR-130a-3p	CLCN3	synaptic vesicle maturation	PAR-CLIP	Functional MTI (Weak)	-0.9287164187837109	1.0358416236095375e-4	-0.35125708748634094	0.36441013430907615	-0.08648864027771094	0.8092562556479214
hsa-miR-130a-3p	DLG5	leukocyte cell-cell adhesion	PAR-CLIP	Functional MTI (Weak)	-0.2616968725714455	0.46515857196479327	1.19764022338604	0.01312067026120958	1.1999585972827085	4.69127104968304e-4
hsa-miR-130a-3p	IGF1	leukocyte cell-cell adhesion	Luciferase reporter assay//Western blotting//qRT-PCR	Functional MTI	-0.27458279339239766	0.4426246970844441	-1.5239238629573042	0.02406039801131721	-0.3064943061529451	0.550988774824936
hsa-miR-130a-3p	IL18	leukocyte cell-cell adhesion	ELISA//Luciferase reporter assay//qRT-PCR	Functional MTI	-0.8464711266120644	0.0020109318598132485	-0.3674332991738013	0.4379951742800899	0.8906670053886326	0.07584585255310612
hsa-miR-130a-3p	IL23R	leukocyte cell-cell adhesion	HITS-CLIP	Functional MTI (Weak)	0.6641607915096536	0.0362136239669183	0.01797671452875503	0.9707780488481164	-0.0358903431194204	NA
hsa-miR-130a-3p	IRF1	leukocyte cell-cell adhesion	HITS-CLIP	Functional MTI (Weak)	-0.1706859768180871	0.6373134110692837	-0.406719265051345	0.3624851370155857	0.43703150356564857	0.1378514151322311
hsa-miR-130a-3p	KLF4	leukocyte cell-cell adhesion	Luciferase reporter assay//Microarray//qRT-PCR	Functional MTI	-0.27704405500197005	0.4383783227652539	-0.5766852337287651	0.2473861596783949	-0.8187188710932811	0.039201850105209
hsa-miR-130a-3p	NKAP	leukocyte cell-cell adhesion	HITS-CLIP	Functional MTI (Weak)	-0.7138143460476879	0.020421502144091906	-0.4969496976814715	0.04799592507013243	-0.20820378457042815	0.5449765492734122
hsa-miR-130a-3p	PPARA	leukocyte cell-cell adhesion	Luciferase reporter assay	Functional MTI	-0.7673008007361519	0.009581657655665987	-0.2710611235878292	0.29417843556016327	-0.18915394163885543	0.5790437992601107
hsa-miR-130a-3p	PRKAA1	leukocyte cell-cell adhesion	HITS-CLIP	Functional MTI (Weak)	-0.9055631194281063	3.1006926918641594e-4	-0.07540950288414977	0.8577631173972182	0.06382141226796124	0.8712723989673662
hsa-miR-130a-3p	PRNP	leukocyte cell-cell adhesion	PAR-CLIP	Functional MTI (Weak)	-0.9158497039655643	1.9799598614002453e-4	-0.9432731962891082	0.05179389673906062	-1.1050231846742282	2.5555053495388913e-4
hsa-miR-130a-3p	RAG1	leukocyte cell-cell adhesion	HITS-CLIP	Functional MTI (Weak)	0.29132554318739295	0.414112711981639	-0.6494454965781541	NA	-0.5455572023473824	0.24890241678879768
hsa-miR-130a-3p	RUNX3	leukocyte cell-cell adhesion	Luciferase reporter assay//Western blot	Functional MTI	-0.002701828749209287	0.9940897927550261	0.6405072941366289	0.22128479407635468	1.9894711360378203	2.441063372921376e-4
hsa-miR-130a-3p	SNAPIN	synaptic vesicle maturation	PAR-CLIP	Functional MTI (Weak)	-0.8481069509218411	0.0019305960149355443	-0.16949820242069624	0.6867870316662396	0.15023394367592113	0.7093740983478756
hsa-miR-130a-3p	SOX4	leukocyte cell-cell adhesion	PAR-CLIP	Functional MTI (Weak)	-0.8462928698575725	0.002019829711735679	2.377304420055497	9.428740349837737e-7	3.746679610393231	9.140094532761128e-15
hsa-miR-130a-3p	TGFB1	leukocyte cell-cell adhesion	ELISA//Luciferase reporter assay//qRT-PCR	Functional MTI	0.060212158579065304	0.8687623952233372	-0.3205329573566017	0.4786011602756848	0.3421580157634443	0.3128746058765965
hsa-miR-130a-3p	TGFBR2	leukocyte cell-cell adhesion	Immunohistochemistry//Luciferase reporter assay//qRT-PCR//Western blot	Functional MTI	0.18391297305837784	0.6110241487108184	-0.13563423176822895	0.7871541256830739	0.24355510523089643	0.4940466762015731
hsa-miR-130a-3p	TNF	leukocyte cell-cell adhesion	ChIP//Luciferase reporter assay//qRT-PCR//Western blot	Functional MTI	-0.018549534036326285	0.9594368533953632	-1.9237939865072284	0.0189312058004753	-0.04586680345341191	NA
hsa-miR-130a-3p	ZBTB7B	leukocyte cell-cell adhesion	PAR-CLIP	Functional MTI (Weak)	-0.19686021673210938	0.5856724833518787	0.06288747602076006	0.9035703644214712	0.41228379877427873	0.16971296411290537
hsa-miR-148a-3p	ACVR1	cell-cell adhesion	Luciferase reporter assay	Functional MTI	0.02907455092438678	0.936453156037039	0.6498592053458697	0.08302515300727985	0.33298859551616766	0.29742695390423246
hsa-miR-148a-3p	AKT1	cell-cell adhesion;regulation of cell adhesion;leukocyte cell-cell adhesion	qRT-PCR	Functional MTI (Weak)	-0.2705196088107008	0.44967562683497875	-0.07492509110275754	0.792228867753135	0.08659208216617169	0.8080859408170249
hsa-miR-148a-3p	BCL2	cell-cell adhesion;regulation of cell adhesion	Luciferase reporter assay	Functional MTI	-0.2181285126070781	0.5449062031465253	-0.02459349587123031	0.9591566642557132	-0.07111168545117588	0.8660962596800641
hsa-miR-148a-3p	CDK5R1	cell-cell adhesion	Luciferase reporter assay//Western blotting//qRT-PCR	Functional MTI	-0.7969377341227436	0.0057749650686026235	-1.403850301635906	0.02970032491815848	-2.0585542844757336	1.6358466117343422e-9
hsa-miR-148a-3p	CNTN4	cell-cell adhesion	Luciferase reporter assay//qRT-PCR	Functional MTI	-0.4003205517794426	0.25165658212789344	-0.6608064203100458	0.22668688188445463	-1.6514146176547868	4.866260583255298e-4
hsa-miR-148a-3p	CXCR4	regulation of cell adhesion	RNA-seq//Flow cytometry//ELISA	Functional MTI (Weak)	-0.2058097495255665	0.5683811990576602	0.34414601509445647	0.48120871506610474	2.1566665232155824	5.1357718312025646e-6
hsa-miR-148a-3p	HLA-A	cell-cell adhesion;regulation of cell adhesion;leukocyte cell-cell adhesion	PAR-CLIP	Functional MTI (Weak)	-0.2635679625102477	0.4618554442530082	0.16172459216748372	0.733468951147064	1.885675439486417	2.3104758992149296e-6
hsa-miR-148a-3p	HLA-G	cell-cell adhesion;regulation of cell adhesion;leukocyte cell-cell adhesion	Luciferase reporter assay	Functional MTI	-0.05718776928885249	0.8753100789165232	0.03619187584484016	NA	0.08139321429470045	NA
hsa-miR-148a-3p	HMGB1	cell-cell adhesion;regulation of cell adhesion;leukocyte cell-cell adhesion	CLASH	Functional MTI (Weak)	-0.7232289785664203	0.01809010408403358	-0.13870149566787057	0.716291720591611	0.14711230879509588	0.6669847844213527
hsa-miR-148a-3p	IL15	cell-cell adhesion;regulation of cell adhesion;leukocyte cell-cell adhesion	Luciferase reporter assay//qRT-PCR	Functional MTI	0.3428549799743227	0.3321223448197199	0.00731038991183527	0.99151603046397	0.4865229982074102	0.3176764811048219
hsa-miR-148a-3p	IL23R	cell-cell adhesion;regulation of cell adhesion;leukocyte cell-cell adhesion	HITS-CLIP	Functional MTI (Weak)	0.7462935448904413	0.013169860083884906	0.01797671452875503	0.9707780488481164	-0.0358903431194204	NA
hsa-miR-148a-3p	ITGA5	cell-cell adhesion;regulation of cell adhesion;leukocyte cell-cell adhesion	Luciferase reporter assay//Microarray//qRT-PCR	Functional MTI	0.4574393878694493	0.18375902682679088	1.2016337141575488	0.04483681203344816	0.5022388536887866	0.17861466368498605
hsa-miR-148a-3p	ITGA9	cell-cell adhesion	Luciferase reporter assay//Western blotting//Immunohistochemistry (IHC)//qRT-PCR	Functional MTI	-0.544250025070956	0.10384827032955819	0.28387050312780304	0.5096787727609114	0.10126473024247087	0.8060454388337116
hsa-miR-148a-3p	ITGB8	cell-cell adhesion	Luciferase reporter assay//Microarray//qRT-PCR	Functional MTI	-0.7800974400297839	0.007770474218246765	0.11484985508973736	0.7846176816130707	0.05148474574990935	0.9045835988151678
hsa-miR-148a-3p	PDIA3	cell-cell adhesion	Luciferase reporter assay//qRT-PCR//Western blot	Non-Functional MTI	-0.8462244222186077	0.0020232538893281272	0.28147536575561566	0.4870422132502839	0.5811440315272495	0.06262779705030509
hsa-miR-148a-3p	PRNP	cell-cell adhesion;regulation of cell adhesion;leukocyte cell-cell adhesion	Sequencing	Functional MTI (Weak)	-0.9084771662263779	2.745251024148958e-4	-0.9432731962891082	0.05179389673906062	-1.1050231846742282	2.5555053495388913e-4
hsa-miR-148a-3p	PTEN	regulation of cell adhesion	Luciferase reporter assay//Western blotting//qRT-PCR	Functional MTI	-0.5631840784150581	0.09003865823728067	-0.16184559884205887	0.6884839524473508	-0.1817278431651463	0.6004070689960846
hsa-miR-148a-3p	PTPN23	cell-cell adhesion;regulation of cell adhesion	CLASH	Functional MTI (Weak)	-0.4556441563175846	0.18570678885727376	-0.11213128952209944	0.7163805603157426	-0.08281303137770558	0.8125759172781567
hsa-miR-148a-3p	RAB10	cell-cell adhesion	Sequencing	Functional MTI (Weak)	-0.8289153898727868	0.003032196479841045	0.0700268892240418	0.8573878983532106	0.08744339797607269	0.8086644647361042
hsa-miR-148a-3p	RCC2	regulation of cell adhesion	PAR-CLIP	Functional MTI (Weak)	-0.6159019365718271	0.05797242147876839	0.7118398624676628	0.02250859675453391	0.9416459157566314	0.00577056767712831
hsa-miR-148a-3p	ROCK1	cell-cell adhesion;regulation of cell adhesion;leukocyte cell-cell adhesion	Immunohistochemistry//Luciferase reporter assay//qRT-PCR//Western blot	Functional MTI	-0.6990997494331467	0.024468542648767445	-0.17121070146850925	0.6625017032006197	0.03389524513108732	0.9364675300213218
hsa-miR-148a-3p	RUNX3	cell-cell adhesion;regulation of cell adhesion;leukocyte cell-cell adhesion	qRT-PCR//Western blot	Functional MTI	0.17828287898239364	0.6221674602269991	0.6405072941366289	0.22128479407635468	1.9894711360378203	2.441063372921376e-4
hsa-miR-148a-3p	S1PR1	regulation of cell adhesion	qRT-PCR//Luciferase reporter assay//Western blot	Functional MTI	-0.3863737047538872	0.27008194974229294	-0.41156103565114815	0.2776843185791417	-0.729553462324441	0.04521534649036678
hsa-miR-148a-3p	SERPINE1	regulation of cell adhesion	Luciferase reporter assay//Microarray//qRT-PCR	Functional MTI	0.531587958684906	0.11378910348570741	1.032822533461316	0.10859616196275436	1.7618120318504198	0.00213025798054423
hsa-miR-148a-3p	SLC7A11	cell-cell adhesion	Western blotting//qRT-PCR	Functional MTI	-0.272000890185106	0.4470992687238149	-1.0636938970161178	0.00832991495627802	-1.1428229583324736	0.00528708476704697
hsa-miR-148a-3p	WNT1	cell-cell adhesion;regulation of cell adhesion	Immunohistochemistry//In situ hybridization//Luciferase reporter assay//qRT-PCR//Western blot	Functional MTI	-0.037425791018373365	0.9182456587676018	-0.17131334685795688	NA	-1.3014902149366483	NA
hsa-miR-148a-3p	WNT10B	cell-cell adhesion;regulation of cell adhesion;leukocyte cell-cell adhesion	Luciferase reporter assay//Microarray//qRT-PCR//Western blot	Functional MTI	-0.21083833689566725	0.5587521293422295	-2.096848544611291	0.00983636335159343	-2.6188574639873514	2.3275754738417265e-4
hsa-miR-155-5p	ADAM10	regulation of cell adhesion	Proteomics	Functional MTI (Weak)	-0.3828739469493404	0.2748178550377247	-0.04884278022400494	0.9029248734295464	0.24353964157258912	0.4569665985053652
hsa-miR-155-5p	AKT1	regulation of cell adhesion;cell-cell adhesion;leukocyte cell-cell adhesion;regulation of cell-cell adhesion	PAR-CLIP	Functional MTI (Weak)	-0.0901824147196521	0.8043225575679537	-0.07492509110275754	0.792228867753135	0.08659208216617169	0.8080859408170249
hsa-miR-155-5p	AMIGO2	cell-cell adhesion	pSILAC	Functional MTI (Weak)	0.2792581666909238	0.43457439128121045	0.6908296133183498	0.13219363020608338	0.8394637298883267	0.08256169392750067
hsa-miR-155-5p	ANXA2	cell-cell adhesion	Immunocytochemistry//Immunohistochemistry//In situ hybridization//Luciferase reporter assay//Microarray//qRT-PCR//Western blot	Functional MTI	0.14205908783262594	0.6954414394335041	0.7040564830262278	0.17653511772990202	1.743639909894714	2.3149503891161012e-4
hsa-miR-155-5p	ARID2	regulation of cell adhesion;cell-cell adhesion;leukocyte cell-cell adhesion;regulation of cell-cell adhesion	Luciferase reporter assay	Functional MTI	-0.4517137361959118	0.19001340761295712	0.5262366864815017	0.04259429733312119	0.3939575738400275	0.1935933680837563
hsa-miR-155-5p	BCL10	regulation of cell adhesion;cell-cell adhesion;leukocyte cell-cell adhesion;regulation of cell-cell adhesion	Luciferase reporter assay//Western blotting//qRT-PCR//ELISA	Functional MTI	-0.02643778949075168	0.9422077410687428	0.49027313428153574	0.14764122999731308	0.1426243341553147	0.6906587447134992
hsa-miR-155-5p	BCL2	regulation of cell adhesion;cell-cell adhesion	qRT-PCR	Functional MTI (Weak)	0.11152897658409879	0.7590424505716269	-0.02459349587123031	0.9591566642557132	-0.07111168545117588	0.8660962596800641
hsa-miR-155-5p	BCL6	regulation of cell adhesion;cell-cell adhesion;leukocyte cell-cell adhesion;regulation of cell-cell adhesion	Luciferase reporter assay	Functional MTI	0.24149637717768793	0.5014727260351722	1.8818872968610816	2.2270055703703503e-4	1.1088195563904206	1.5661213200220684e-4
hsa-miR-155-5p	CARD11	regulation of cell adhesion;cell-cell adhesion;leukocyte cell-cell adhesion;regulation of cell-cell adhesion	Reporter assay;Other	Functional MTI (Weak)	-0.18810034802352923	0.6027825367567531	-1.032819984454234	0.06210222865430926	0.2847206763542422	0.555700747146429
hsa-miR-155-5p	CBFB	regulation of cell adhesion;cell-cell adhesion;leukocyte cell-cell adhesion;regulation of cell-cell adhesion	pSILAC	Functional MTI (Weak)	0.21933605992647812	0.5426259835790955	0.10243330603017618	0.8273318824903277	0.41937215971640496	0.21156674744834864
hsa-miR-155-5p	CCL2	regulation of cell adhesion;cell-cell adhesion;leukocyte cell-cell adhesion;regulation of cell-cell adhesion	Proteomics	Functional MTI (Weak)	0.30641004292503793	0.38919219287754014	0.05474300002869152	0.927435761506329	0.8208102256041732	0.03683532254461219
hsa-miR-155-5p	CD36	regulation of cell adhesion	Proteomics;Other	Functional MTI (Weak)	0.5390824743221552	0.10783624264061775	0.2568681737256806	0.6164098872821135	0.15730154076184288	0.7629741798022407
hsa-miR-155-5p	CD4	regulation of cell adhesion;cell-cell adhesion;leukocyte cell-cell adhesion;regulation of cell-cell adhesion	Microarray//qRT-PCR	Functional MTI (Weak)	0.33413493945541395	0.3453630696503414	-0.273482487923525	0.5476586622113492	1.03059395968103	0.02246602866979781
hsa-miR-155-5p	CD81	regulation of cell adhesion;cell-cell adhesion;leukocyte cell-cell adhesion;regulation of cell-cell adhesion	Proteomics	Functional MTI (Weak)	0.015126014969680508	0.966919411663647	0.19951654180648112	0.5709257492004943	0.10525653241467624	0.7689339580578101
hsa-miR-155-5p	CDH13	regulation of cell adhesion;cell-cell adhesion	Proteomics	Functional MTI (Weak)	-0.019130174016186517	0.9581680555477096	-1.6657707689565842	0.00860364160009304	-1.2293099892162234	0.00844194080356075
hsa-miR-155-5p	CDH2	cell-cell adhesion	Proteomics	Functional MTI (Weak)	-0.3634626163841686	0.3018954930840912	-0.14848512228316368	0.7402289847885954	-0.4961051732200476	0.08539494933717524
hsa-miR-155-5p	CDH6	cell-cell adhesion	Proteomics	Functional MTI (Weak)	0.057835357710304694	0.873907489498232	0.12576493769844713	0.8115687503466373	-1.0692344180117406	0.00419174323833481
hsa-miR-155-5p	CDKN2A	regulation of cell adhesion;cell-cell adhesion;leukocyte cell-cell adhesion;regulation of cell-cell adhesion	Proteomics	Functional MTI (Weak)	-0.12908487913729685	0.7222851302023898	0.17110781442398337	0.7494102064742628	0.7673091390994855	0.1629082328143304
hsa-miR-155-5p	CEBPB	regulation of cell adhesion;cell-cell adhesion;leukocyte cell-cell adhesion;regulation of cell-cell adhesion	Luciferase reporter assay	Functional MTI	0.7712940129711133	0.008987569679554405	0.20041987809244177	0.6906391439252417	-0.03155182539992755	0.9473596017684324
hsa-miR-155-5p	CLDN1	cell-cell adhesion	Immunocytochemistry//Immunohistochemistry//In situ hybridization//Luciferase reporter assay//Microarray//qRT-PCR//Western blot	Functional MTI	0.10948381877152977	0.7633543252627719	-0.5329359713526148	0.2899370563701961	-0.5036828208593772	0.30561429617699265
hsa-miR-155-5p	CTLA4	regulation of cell adhesion;cell-cell adhesion;leukocyte cell-cell adhesion;regulation of cell-cell adhesion	Microarray	Functional MTI (Weak)	0.012354645549598402	0.9729783376247552	-0.40078296143466335	NA	0.09957560510690956	NA
hsa-miR-155-5p	CTNNA1	cell-cell adhesion	Proteomics	Functional MTI (Weak)	0.08547472929332173	0.8143840852307754	-0.11657951593937686	0.7865004721533071	0.22641410146176244	0.46878802655883633
hsa-miR-155-5p	CTNNB1	cell-cell adhesion	pSILAC	Functional MTI (Weak)	-0.4190843762607679	0.2280052373321885	-0.11022945166786198	0.7755578045724921	0.2437501933668772	0.40539778383227987
hsa-miR-155-5p	CTNND1	cell-cell adhesion	Other	Functional MTI (Weak)	0.03260772632617872	0.9287463922611903	0.08030239444842176	0.8158606844582593	0.22749178376881632	0.505426336946373
hsa-miR-155-5p	DAG1	regulation of cell adhesion	Proteomics	Functional MTI (Weak)	-0.21088787108755694	0.5586575937542576	0.17764957876035437	0.6665012556678537	0.05723724179366575	0.8823052546614418
hsa-miR-155-5p	DOCK1	regulation of cell adhesion	Immunocytochemistry//Immunohistochemistry//In situ hybridization//Luciferase reporter assay//Microarray//qRT-PCR//Western blot	Functional MTI	0.2683705619071153	0.4534253045385086	-0.4651865445390406	0.23297566041222945	0.03532312265418168	0.9359019672209496
hsa-miR-155-5p	DSG2	cell-cell adhesion	pSILAC	Functional MTI (Weak)	0.4959434751516942	0.144887250176409	0.4619941828291057	0.3696408708156578	2.4540632902497683	2.343240408862101e-4
hsa-miR-155-5p	EGFR	cell-cell adhesion	Immunofluorescence//Luciferase reporter assay//Microarray//qRT-PCR//Western blotting	Functional MTI	0.008994521950107793	0.9803260749342206	1.133821395459032	0.03413009805112653	0.08880141326402168	0.8315840897726667
hsa-miR-155-5p	ENTPD1	cell-cell adhesion	HITS-CLIP	Functional MTI (Weak)	-0.3029100201736826	0.39490831787791125	-0.4985023794627778	0.13594359935663874	-0.11518543687399106	0.7480215760077631
hsa-miR-155-5p	ETS1	regulation of cell adhesion;cell-cell adhesion;leukocyte cell-cell adhesion;regulation of cell-cell adhesion	Luciferase reporter assay//qRT-PCR//Western blot	Functional MTI	0.37697240330221615	0.28290533976316246	0.6058558005804642	0.105571396080981	0.5185161022065461	0.08830545214871965
hsa-miR-155-5p	FADD	regulation of cell adhesion;cell-cell adhesion;leukocyte cell-cell adhesion;regulation of cell-cell adhesion	GFP reporter assay//Immunohistochemistry//In situ hybridization//Luciferase reporter assay//Microarray//qRT-PCR//Western blot	Functional MTI	-0.13117455796416266	0.7179422732681298	0.24348780922430124	0.6151633420535128	0.28003392864022897	0.45185196053214394
hsa-miR-155-5p	FGL2	regulation of cell adhesion;cell-cell adhesion;leukocyte cell-cell adhesion;regulation of cell-cell adhesion	HITS-CLIP	Functional MTI (Weak)	-0.05648091732011327	0.8768413820419461	-0.19554434678707877	0.6906391439252417	1.5830594205083253	1.111676411391358e-4
hsa-miR-155-5p	FLNA	regulation of cell adhesion;cell-cell adhesion	Proteomics	Functional MTI (Weak)	0.7214791469761964	0.018508693192029062	1.2584976457705823	0.01601830951181022	0.7549155278147143	0.06140479354032045
hsa-miR-155-5p	FOXO3	regulation of cell adhesion;cell-cell adhesion;leukocyte cell-cell adhesion;regulation of cell-cell adhesion	qRT-PCR//Luciferase reporter assay//Western blot	Functional MTI	-0.6166373496602499	0.057588626335461225	0.00161632508415844	0.997861034191393	-0.27631580502774894	0.36484385156538857
hsa-miR-155-5p	GNAS	cell-cell adhesion	Proteomics	Functional MTI (Weak)	-0.23850695314261114	0.5069459035370883	0.093923650819848	0.8086861180847578	-0.31118449620060257	0.26336207168758197
hsa-miR-155-5p	GOLPH3	cell-cell adhesion;leukocyte cell-cell adhesion	Proteomics	Functional MTI (Weak)	-0.3396116927508241	0.33701608289720253	0.09476232637146208	0.7929273354149008	-0.0504979319965599	0.8987984433170068
hsa-miR-155-5p	GPAM	regulation of cell adhesion;cell-cell adhesion;leukocyte cell-cell adhesion;regulation of cell-cell adhesion	Proteomics	Functional MTI (Weak)	-0.30731366067753785	0.3877229919068168	-0.7190287638389815	0.02681618889851337	-1.1578005597765793	7.310928962988427e-4
hsa-miR-155-5p	GPM6B	regulation of cell adhesion	Reporter assay	Functional MTI (Weak)	-0.153809955304955	0.6713881601329141	-0.7406196758530338	0.0668949394826237	-0.4008164713240971	0.1976094437128956
hsa-miR-155-5p	GSK3B	regulation of cell adhesion	Proteomics	Functional MTI (Weak)	-0.1037068058646722	0.7755655454399497	-0.1774066653871628	0.6516319406860962	-0.07489670426687162	0.8425894843579846
hsa-miR-155-5p	HLA-DPA1	regulation of cell adhesion;cell-cell adhesion;leukocyte cell-cell adhesion;regulation of cell-cell adhesion	HITS-CLIP	Functional MTI (Weak)	-0.04871727598588576	0.8936835268916786	-0.3107607003028109	0.531226085644382	3.062856766852291	1.1174698520420885e-8
hsa-miR-155-5p	HSD17B12	regulation of cell adhesion	pSILAC	Functional MTI (Weak)	-0.24336168449662154	0.49807034539907313	-0.2652222643506089	0.42208317312917865	-0.279444217960319	0.3895667257685877
hsa-miR-155-5p	ICAM1	cell-cell adhesion;leukocyte cell-cell adhesion	Luciferase reporter assay	Non-Functional MTI	0.5660077625463005	0.08808589610488458	0.5454858439137362	0.27047120399339086	0.1331277052919015	0.7596591909819678
hsa-miR-155-5p	IL1B	regulation of cell adhesion;cell-cell adhesion;leukocyte cell-cell adhesion;regulation of cell-cell adhesion	qRT-PCR	Functional MTI (Weak)	0.03404670940727131	0.9256090954796883	-0.00500698256228857	0.9938907706864988	0.13890844878036918	0.7954489837211062
hsa-miR-155-5p	IL2	regulation of cell adhesion;cell-cell adhesion;leukocyte cell-cell adhesion;regulation of cell-cell adhesion	qRT-PCR	Functional MTI (Weak)	NA	NA	NA	NA	NA	NA
hsa-miR-155-5p	IL6	regulation of cell adhesion;cell-cell adhesion;leukocyte cell-cell adhesion;regulation of cell-cell adhesion	Proteomics	Functional MTI (Weak)	0.5080626830266253	0.13379238192892634	0.4936778863921645	0.34596129053778335	-0.6646720716923612	0.2103700822225612
hsa-miR-155-5p	ITGB4	cell-cell adhesion	Proteomics	Functional MTI (Weak)	0.09870070027586225	0.7861832889822657	0.7749164779641957	0.07947421854364727	0.2124391008288063	0.5827789001798646
hsa-miR-155-5p	ITGB5	cell-cell adhesion	Proteomics	Functional MTI (Weak)	0.2029883505317615	0.573811312667511	0.41051184530455737	0.259233479478004	0.4564274118779058	0.13484393043195567
hsa-miR-155-5p	JUP	regulation of cell adhesion;cell-cell adhesion	Proteomics	Functional MTI (Weak)	-0.5478586403651828	0.10111944373719384	-0.03894582502655419	0.9452876410958956	0.37695796636401024	0.2612500712324804
hsa-miR-155-5p	KDR	regulation of cell adhesion	qRT-PCR	Functional MTI (Weak)	-0.17425356859559255	0.6301852331638557	-0.18427039599813352	0.7075586938887389	-0.35663963011075006	0.34279761376798784
hsa-miR-155-5p	KIF14	regulation of cell adhesion	Proteomics	Functional MTI (Weak)	0.07645079888775277	0.833737903538671	4.396936575365238	1.7434570091548573e-13	5.321573841679627	1.5129856824332524e-22
hsa-miR-155-5p	MAPK14	regulation of cell adhesion;cell-cell adhesion;regulation of cell-cell adhesion	Luciferase reporter assay	Functional MTI	-0.6518969829652681	0.0411043927993992	0.01053429752538504	0.9796465106801576	-0.11548626541207337	0.7407588266348276
hsa-miR-155-5p	MYO10	regulation of cell adhesion;cell-cell adhesion;regulation of cell-cell adhesion	Luciferase reporter assay//qRT-PCR//Western blot	Functional MTI	-0.20390034229317053	0.5720539341828459	-0.7886375138818827	0.03264099279056286	-0.1859642781660096	0.5790912319209287
hsa-miR-155-5p	NFAT5	regulation of cell adhesion;cell-cell adhesion;leukocyte cell-cell adhesion;regulation of cell-cell adhesion	HITS-CLIP	Functional MTI (Weak)	-0.2695836384754118	0.4513069899493687	0.12226784150879194	0.730397034145025	-0.5137275350614874	0.05588290730029686
hsa-miR-155-5p	NOTCH1	regulation of cell adhesion;cell-cell adhesion;regulation of cell-cell adhesion	qRT-PCR	Functional MTI (Weak)	0.3692190012012297	0.29372326203035576	1.1268917852295914	0.00250506108520922	1.970268664650164	4.215089320835449e-12
hsa-miR-155-5p	NT5E	cell-cell adhesion;leukocyte cell-cell adhesion	pSILAC	Functional MTI (Weak)	-0.10030992378286824	0.7827666458551704	-0.25346907490810594	0.5400484029137146	-0.09673024735617808	0.8018423611149053
hsa-miR-155-5p	OLR1	cell-cell adhesion;leukocyte cell-cell adhesion	Western blot	Functional MTI	0.0027402929730607688	0.9940056541343402	-0.2801793378254651	0.5718917910647857	0.24384424251354317	0.5580886535126315
hsa-miR-155-5p	PALLD	cell-cell adhesion	Proteomics	Functional MTI (Weak)	0.5393859266965917	0.10759943624255529	0.5366202727978513	0.22869791022304803	0.17044541416825115	0.6186994375441816
hsa-miR-155-5p	PBRM1	regulation of cell adhesion;cell-cell adhesion;leukocyte cell-cell adhesion;regulation of cell-cell adhesion	Reporter assay;Other	Non-Functional MTI (Weak)	-0.46676766377033646	0.1738328743009468	0.3640484997440244	0.24976346723845455	0.269029909972307	0.3494200309188027
hsa-miR-155-5p	PCDH9	cell-cell adhesion	Reporter assay;Other	Functional MTI (Weak)	-0.30089412051106346	0.39821887195306205	-0.977268055994124	0.03595026321385063	-0.7745857243883241	0.05019053059141361
hsa-miR-155-5p	PDLIM5	cell-cell adhesion	Western blot	Functional MTI	0.317620251507038	0.3711576002336867	0.5306610489932427	0.17577938709437343	0.2547004225883562	0.3958340353568025
hsa-miR-155-5p	PELI1	regulation of cell adhesion;cell-cell adhesion;leukocyte cell-cell adhesion;regulation of cell-cell adhesion	Microarray	Functional MTI (Weak)	0.26357697384409096	0.4618395614315407	0.5017307489393056	0.14585773991566597	1.331702202657076	8.48156054736582e-6
hsa-miR-155-5p	PIK3CA	regulation of cell adhesion;cell-cell adhesion;leukocyte cell-cell adhesion;regulation of cell-cell adhesion	HITS-CLIP	Functional MTI (Weak)	-0.42467586453305	0.2212113618233637	0.06592841071499428	0.8599930931973969	-0.11015413411296332	0.751007445339328
hsa-miR-155-5p	PIK3R1	regulation of cell adhesion	Luciferase reporter assay//qRT-PCR//Western blot	Functional MTI	-0.4010874468614755	0.2506642724179579	-1.0631014478048642	0.0022328676056582	-0.8590430421399302	0.00330570276393861
hsa-miR-155-5p	PLAUR	regulation of cell adhesion;cell-cell adhesion;regulation of cell-cell adhesion	Proteomics	Functional MTI (Weak)	0.7930676948691088	0.0061967868810170685	0.13009735952050822	0.808623649938937	0.9496341017239726	0.00958888172820161
hsa-miR-155-5p	PLEKHA2	regulation of cell adhesion	PAR-CLIP	Functional MTI (Weak)	0.24363771946746202	0.49756768285113484	0.1500478371863527	0.7066000802025506	0.08120110759313919	0.8590464797759698
hsa-miR-155-5p	PLXND1	regulation of cell adhesion	pSILAC	Functional MTI (Weak)	0.8101072167752252	0.004492179416732231	0.1430297168590885	0.7661218779857657	0.17567505317915966	0.6479308199286399
hsa-miR-155-5p	PODXL	regulation of cell adhesion;cell-cell adhesion;regulation of cell-cell adhesion	pSILAC	Functional MTI (Weak)	0.6221629448556548	0.05475851506200717	0.43936068332857975	0.3277434802142445	0.1229578260312023	0.7376024985604075
hsa-miR-155-5p	PRKAR1A	regulation of cell adhesion;cell-cell adhesion;leukocyte cell-cell adhesion;regulation of cell-cell adhesion	Reporter assay;Other	Functional MTI (Weak)	-0.30578818879784	0.39020483802172845	-0.4967667637500969	0.16547135545515682	-0.4859701271698943	0.1419670647043388
hsa-miR-155-5p	PSEN1	cell-cell adhesion	Proteomics	Functional MTI (Weak)	-0.13663848243909907	0.7066215087975123	-0.9746331024718544	0.01569817177065983	-0.02559339985098014	0.9554551788415488
hsa-miR-155-5p	PTPRJ	regulation of cell adhesion	pSILAC	Functional MTI (Weak)	-0.15829343820397515	0.6622797859182461	-0.962842558064723	6.659067765789295e-4	-0.22850893783761703	0.4865855825427111
hsa-miR-155-5p	RAC1	regulation of cell adhesion	Reporter assay;Other	Non-Functional MTI (Weak)	-0.12804860974988194	0.7244414082146082	-0.4319911110144344	0.15605880709887354	-0.07051631073854807	0.8558729531036781
hsa-miR-155-5p	RBPJ	regulation of cell adhesion	Proteomics	Functional MTI (Weak)	0.022473613208500696	0.9508637930140735	0.20604044275134237	0.6127387056195279	0.5451293612236763	0.07908867939858497
hsa-miR-155-5p	RHOA	regulation of cell adhesion;cell-cell adhesion;leukocyte cell-cell adhesion;regulation of cell-cell adhesion	Luciferase reporter assay	Functional MTI	-0.0718878495148248	0.8435554830051664	-0.25639568457755607	0.4993325531711556	-0.02528351722846566	0.9517153194551398
hsa-miR-155-5p	RREB1	regulation of cell adhesion	Proteomics;Other	Functional MTI (Weak)	0.048040308177178366	0.8951540201817771	0.29813318669124556	0.5004605115045451	0.25920445802574915	0.4569952590064209
hsa-miR-155-5p	S100A11	cell-cell adhesion	Proteomics	Functional MTI (Weak)	0.245489656436575	0.49420087048102923	0.08833223189343799	0.8696912685705359	1.0827432328287858	0.03792405758504683
hsa-miR-155-5p	S1PR1	regulation of cell adhesion	HITS-CLIP	Functional MTI (Weak)	-0.41779279238450984	0.22959118556662947	-0.41156103565114815	0.2776843185791417	-0.729553462324441	0.04521534649036678
hsa-miR-155-5p	SELE	regulation of cell adhesion;cell-cell adhesion;leukocyte cell-cell adhesion;regulation of cell-cell adhesion	Luciferase reporter assay	Non-Functional MTI	-0.313979350619473	0.3769689239163333	0.28834666506780726	NA	-1.4616498579325368	0.03571283576159707
hsa-miR-155-5p	SLC7A1	regulation of cell adhesion;cell-cell adhesion;leukocyte cell-cell adhesion;regulation of cell-cell adhesion	Proteomics	Functional MTI (Weak)	-0.15012912309191598	0.6788948774570238	0.24573551739854313	0.5704174716299867	-0.11992188621122166	0.7341759492384449
hsa-miR-155-5p	SLC7A11	cell-cell adhesion	Proteomics	Functional MTI (Weak)	0.25093101703681364	0.48436516722004663	-1.0636938970161178	0.00832991495627802	-1.1428229583324736	0.00528708476704697
hsa-miR-155-5p	SMAD3	regulation of cell adhesion	Western blot	Non-Functional MTI	0.09173792162774792	0.8010036498800767	-0.15831385219662364	0.7107615591237225	-0.24263989658811905	0.4521611682397044
hsa-miR-155-5p	SMARCA4	regulation of cell adhesion;cell-cell adhesion;leukocyte cell-cell adhesion;regulation of cell-cell adhesion	Reporter assay;Other	Functional MTI (Weak)	-0.10447309130039219	0.7739431931465643	0.23836708056626324	0.4480430300599236	0.20045368291323704	0.5704711229970266
hsa-miR-155-5p	SMARCD2	regulation of cell adhesion;cell-cell adhesion;leukocyte cell-cell adhesion;regulation of cell-cell adhesion	Proteomics	Functional MTI (Weak)	-0.5235786915266724	0.12037381061174982	-0.0405887888005027	0.9409145158311684	0.1143596801403039	0.7836310812518329
hsa-miR-155-5p	SMARCE1	regulation of cell adhesion;cell-cell adhesion;leukocyte cell-cell adhesion;regulation of cell-cell adhesion	Proteomics	Functional MTI (Weak)	-0.11774707112241975	0.7459697439031171	-0.01445575107801391	0.9786406648972642	0.34734130482089787	0.251248397736244
hsa-miR-155-5p	SOCS1	regulation of cell adhesion;cell-cell adhesion;leukocyte cell-cell adhesion;regulation of cell-cell adhesion	qRT-PCR//Luciferase reporter assay//Western blot	Functional MTI	-0.2773241757292194	0.43789622303289955	-0.3318664651415297	0.4718289321755341	0.4899535246563935	0.29581967389231756
hsa-miR-155-5p	SPI1	regulation of cell adhesion;cell-cell adhesion;regulation of cell-cell adhesion	Luciferase reporter assay	Functional MTI	0.4514249263902186	0.19033214906492502	-0.5858327260958246	0.23568554467332295	1.1717376367436296	0.00980051691547713
hsa-miR-155-5p	TACSTD2	regulation of cell adhesion	pSILAC	Functional MTI (Weak)	0.06113398230689414	0.8667680937918559	0.13426233886824723	0.7958576950137703	-0.0452176361475136	NA
hsa-miR-155-5p	TGM2	regulation of cell adhesion	Proteomics	Functional MTI (Weak)	0.46944464862073665	0.17104456230070123	0.4465676470178526	0.34668294466554433	-0.33087279733548675	0.3222874409584754
hsa-miR-155-5p	THBS1	regulation of cell adhesion	Proteomics	Functional MTI (Weak)	0.36192974477145595	0.3040917867408247	0.6959934023701693	0.19145532884201735	1.850879581362945	4.48867962032836e-4
hsa-miR-155-5p	TJP1	regulation of cell adhesion;cell-cell adhesion;regulation of cell-cell adhesion	Proteomics	Functional MTI (Weak)	-0.12434591638971942	0.7321601764153558	-0.9254819302456048	0.00984067463882122	-0.38210977658748185	0.2064879009141029
hsa-miR-155-5p	TMOD3	cell-cell adhesion	Proteomics	Functional MTI (Weak)	0.23421326511109866	0.5148504635901974	0.2516081301734114	0.49171277473504754	0.06289581531437914	0.8714283657843477
hsa-miR-155-5p	TWSG1	regulation of cell adhesion;cell-cell adhesion;leukocyte cell-cell adhesion;regulation of cell-cell adhesion	HITS-CLIP	Functional MTI (Weak)	-0.07683607389218676	0.8329098795986082	-0.13090966577737906	0.7668577921859295	-0.04432399993965415	0.9220299924990136
hsa-miR-155-5p	UFL1	regulation of cell adhesion;cell-cell adhesion;leukocyte cell-cell adhesion;regulation of cell-cell adhesion	pSILAC	Functional MTI (Weak)	-0.28738820912611107	0.42073828213323117	-0.30019380167418375	0.45760565244993107	-0.07397650755047598	0.8485173116265409
hsa-miR-155-5p	VCAM1	regulation of cell adhesion;cell-cell adhesion;leukocyte cell-cell adhesion;regulation of cell-cell adhesion	qRT-PCR	Functional MTI (Weak)	0.3883334773167576	0.26744959294000026	1.0190363752016758	0.10202249566845892	3.599286394097737	1.8467252136492896e-7
hsa-miR-155-5p	WNK1	regulation of cell adhesion;cell-cell adhesion;leukocyte cell-cell adhesion;regulation of cell-cell adhesion	Microarray//qRT-PCR	Functional MTI (Weak)	-0.059698803534179466	0.8698732927688111	-0.5795603141993028	0.1605681554292646	-0.3829565628990032	0.2716797908487216
hsa-miR-155-5p	WNT5A	regulation of cell adhesion;cell-cell adhesion;regulation of cell-cell adhesion	Proteomics	Functional MTI (Weak)	0.2660790359983751	0.45743901174391366	2.355488556659479	4.321356096901788e-6	1.5718277917013197	2.6020439729450355e-4
hsa-miR-155-5p	ZNF703	regulation of cell adhesion;cell-cell adhesion;regulation of cell-cell adhesion	PAR-CLIP	Functional MTI (Weak)	0.13774966902770816	0.7043254762108043	0.8589110562231138	0.04155102799933772	0.3593744512757779	0.27455953176973247
hsa-miR-18a-5p	ACTL6A	regulation of cell adhesion	Sequencing	Functional MTI (Weak)	0.4878018662728536	0.15264568040903653	0.5008708347410921	0.24186374882945272	1.1867069347237926	0.00119340622839713
hsa-miR-18a-5p	ADAM15	regulation of cell adhesion	CLASH	Functional MTI (Weak)	-0.057233874641174756	0.8752102105438911	0.1957465195549536	0.6285472171358597	0.7710246994548832	0.02498918494600819
hsa-miR-18a-5p	ATM	regulation of cell adhesion	Luciferase reporter assay//qRT-PCR//Western blot	Functional MTI	-0.09606381573013627	0.7917889114402945	0.12398251924334672	0.7538188593009384	0.4568905284790109	0.0951842966332544
hsa-miR-18a-5p	BCL2	regulation of cell adhesion	Luciferase reporter assay//qRT-PCR//Western blot	Functional MTI	0.24742644615956588	0.49069023679603774	-0.02459349587123031	0.9591566642557132	-0.07111168545117588	0.8660962596800641
hsa-miR-18a-5p	EPHA7	regulation of cell adhesion	Luciferase reporter assay//Western blotting//qRT-PCR	Functional MTI	-0.18413319835047962	0.610589709138198	0.02749369761654324	0.9616863642595892	-0.3078808239647215	0.3629893865091588
hsa-miR-18a-5p	ITGA2	regulation of cell adhesion	PAR-CLIP	Functional MTI (Weak)	0.48209956119039965	0.15822629537741617	0.02190004468994436	0.9684081322191548	0.04659309362590452	0.915869960071268
hsa-miR-18a-5p	MTOR	regulation of cell adhesion	RNA-seq	Functional MTI (Weak)	-0.012086813574586274	0.9735639576007928	-0.40390478651461464	0.1994388876718785	-0.2647176745975467	0.359759882899553
hsa-miR-18a-5p	NEDD9	regulation of cell adhesion	qRT-PCR//Western blot	Functional MTI	0.05238486218494971	0.8857220565986448	0.37824452541370274	0.40825580258957694	-0.2093848638180456	0.565157980296362
hsa-miR-18a-5p	PLA2G2F	regulation of cell adhesion	PAR-CLIP	Functional MTI (Weak)	0.6404921599696337	0.046034074358651984	-0.8221283922327897	NA	-0.02928921003942074	NA
hsa-miR-18a-5p	PPP1CB	regulation of cell adhesion	Sequencing	Functional MTI (Weak)	0.37081948018496286	0.29147234350375817	-0.13620350937246675	0.7394494800367926	-0.02872027116605277	0.94677429315628
hsa-miR-18a-5p	PTEN	regulation of cell adhesion	Luciferase reporter assay//qRT-PCR//Western blot	Non-Functional MTI	-0.07625420278327144	0.8341604800120546	-0.16184559884205887	0.6884839524473508	-0.1817278431651463	0.6004070689960846
hsa-miR-18a-5p	RBPJ	regulation of cell adhesion	CLASH	Functional MTI (Weak)	0.4067373117090596	0.24342098818803912	0.20604044275134237	0.6127387056195279	0.5451293612236763	0.07908867939858497
hsa-miR-18a-5p	RUNX1	regulation of cell adhesion	Luciferase reporter assay//qRT-PCR//Western blot//	Functional MTI	0.5383870709483828	0.10838015428405126	0.7483115500375639	0.13523992654045994	1.7076886505550386	7.799863812324154e-4
hsa-miR-18a-5p	SDC4	regulation of cell adhesion	Luciferase reporter assay//qRT-PCR	Functional MTI	0.13064739167608538	0.7190371714027788	-0.24988100587233225	0.5510999899432817	-1.2561779856718625	4.064512006884772e-4
hsa-miR-18a-5p	SMAD3	regulation of cell adhesion	Western blot	Functional MTI	0.5024711423005285	0.1388440483239787	-0.15831385219662364	0.7107615591237225	-0.24263989658811905	0.4521611682397044
hsa-miR-18a-5p	SOX12	regulation of cell adhesion	HITS-CLIP	Functional MTI (Weak)	0.38117730038675157	0.27712991459348496	0.774827166103738	0.01392368453912973	0.8591310727908155	0.00368862703033081
hsa-miR-18a-5p	STK4	regulation of cell adhesion	Immunohistochemistry//In situ hybridization//Luciferase reporter assay//qRT-PCR//Western blot	Functional MTI	0.36817495221661684	0.29519660690816146	-0.5692224585315471	0.02189941667895209	-0.17869111487587577	0.5944721353721704
hsa-miR-18a-5p	TGFBR2	regulation of cell adhesion	Luciferase reporter assay//Microarray	Non-Functional MTI	0.38653812536545196	0.26986055880687354	-0.13563423176822895	0.7871541256830739	0.24355510523089643	0.4940466762015731
hsa-miR-18a-5p	TNFSF11	regulation of cell adhesion	Luciferase reporter assay	Functional MTI	0.369979612288814	0.29265238077774597	-0.27367236614481966	NA	0.04475705337495165	NA
hsa-miR-18a-5p	ZNF703	regulation of cell adhesion	CLASH	Functional MTI (Weak)	0.7171254742266364	0.019579204154434923	0.8589110562231138	0.04155102799933772	0.3593744512757779	0.27455953176973247
hsa-miR-193a-5p	ACER2	regulation of cell adhesion	CLIP-seq	Functional MTI (Weak)	-0.08561476046637799	0.8140844427703781	0.5968720607334976	0.2165561210177378	-0.06046250245624945	0.8950467233781023
hsa-miR-193a-5p	ARID1B	regulation of cell adhesion	CLIP-seq	Functional MTI (Weak)	-0.7297398965908727	0.01659021810896814	0.28536909475418937	0.1308706779043425	0.03003104822494733	0.9391401680407376
hsa-miR-193a-5p	BAG4	regulation of cell adhesion	CLIP-seq	Functional MTI (Weak)	-0.308772777161402	0.3853563035870583	-0.26523399111557294	0.556831750815227	-0.6104958855992133	0.03785715695212485
hsa-miR-193a-5p	CACNG2	regulation of synaptic transmission, glutamatergic;neurotransmitter receptor transport;regulation of neurotransmitter receptor activity	CLIP-seq	Functional MTI (Weak)	-0.5512229836129556	0.09861665003775595	-0.49822834027045615	0.34178968328564396	-2.403500293519943	7.248864466230551e-6
hsa-miR-193a-5p	CACNG4	regulation of synaptic transmission, glutamatergic;neurotransmitter receptor transport;regulation of neurotransmitter receptor activity	CLIP-seq	Functional MTI (Weak)	-0.7116333467634397	0.02098978903131976	0.4938789951233733	0.2724510400395581	1.7338743553503757	5.680534368588627e-9
hsa-miR-193a-5p	CACNG8	regulation of synaptic transmission, glutamatergic;neurotransmitter receptor transport;regulation of neurotransmitter receptor activity	CLIP-seq	Functional MTI (Weak)	0.06930025639137838	0.8491316292460555	-1.5343125879211332	0.01324157816445499	-2.579494287376316	6.192901640890673e-11
hsa-miR-193a-5p	CD164	regulation of cell adhesion	CLIP-seq	Functional MTI (Weak)	-0.28647190476276735	0.4222872734285925	0.08064456303809381	0.8572278955656903	0.12415353152989872	0.7450012490861179
hsa-miR-193a-5p	CD274	regulation of cell adhesion	CLIP-seq	Functional MTI (Weak)	0.8625848619927042	0.0013171734510312627	-0.31848544017900726	0.5067117355226219	-0.5247725393738035	0.2165598444124095
hsa-miR-193a-5p	CD44	regulation of cell adhesion	CLIP-seq	Functional MTI (Weak)	-0.13676088395529232	0.7063684870940147	1.4126337766272137	0.02999634146205216	3.3644185089916716	3.9956241075523115e-12
hsa-miR-193a-5p	CDH1	regulation of cell adhesion	CLIP-seq	Functional MTI (Weak)	-0.7250754364761295	0.017655568372152156	0.01921045777867776	0.9751027234777048	1.2757289184615952	0.01240717213494231
hsa-miR-193a-5p	CDK6	regulation of cell adhesion	CLIP-seq	Functional MTI (Weak)	-0.6925621320341352	0.02643138360525313	0.2236170967268815	0.6349681975978196	0.4126891497442633	0.192794138369704
hsa-miR-193a-5p	CHRNB1	postsynaptic membrane organization	CLIP-seq	Functional MTI (Weak)	-0.8085920404944914	0.004628228758303884	-0.7226315538829671	0.09682085027419104	-0.17110024626970705	0.6657915478386303
hsa-miR-193a-5p	CLASP1	regulation of cell adhesion	CLIP-seq	Functional MTI (Weak)	-0.5420483025454423	0.10553582614693031	-0.04902040396184196	0.9103470984452382	-0.2651557965455278	0.35881474225595056
hsa-miR-193a-5p	COL1A1	regulation of cell adhesion	CLIP-seq	Functional MTI (Weak)	0.3233077672055085	0.3621691329107379	0.23048877092568093	0.6545623551777044	2.104492699103356	3.977274704884288e-4
hsa-miR-193a-5p	CRIPT	postsynaptic membrane organization	CLIP-seq	Functional MTI (Weak)	-0.7046470059228627	0.02288354248855927	-0.00323052921497798	0.99442402901846	0.0549174877182839	0.8879318199661066
hsa-miR-193a-5p	ERBB2	regulation of cell adhesion	Luciferase reporter assay	Functional MTI	0.20683335170477418	0.5664160197183132	0.2982761889324328	0.390990001668763	0.06298800943536714	0.8849005270571247
hsa-miR-193a-5p	FADD	regulation of cell adhesion	CLIP-seq	Functional MTI (Weak)	-0.6930413920740833	0.026283950885044656	0.24348780922430124	0.6151633420535128	0.28003392864022897	0.45185196053214394
hsa-miR-193a-5p	FN1	regulation of cell adhesion	CLIP-seq	Functional MTI (Weak)	0.3309689614104823	0.35023566333810646	0.7505152031111207	0.15209786431273703	0.20845592811531327	0.5523601610080698
hsa-miR-193a-5p	FOXO3	regulation of cell adhesion	CLIP-seq	Functional MTI (Weak)	-0.3383000019649422	0.3390057004354993	0.00161632508415844	0.997861034191393	-0.27631580502774894	0.36484385156538857
hsa-miR-193a-5p	IGF1	regulation of cell adhesion	CLIP-seq	Functional MTI (Weak)	0.03563704837886189	0.9221428853669634	-1.5239238629573042	0.02406039801131721	-0.3064943061529451	0.550988774824936
hsa-miR-193a-5p	IGF2	regulation of cell adhesion	CLIP-seq	Functional MTI (Weak)	-0.17263608797979724	0.633413656354912	0.04070648593091446	0.9444950562018416	-0.01928596989205108	0.9684969003280752
hsa-miR-193a-5p	IL12B	regulation of cell adhesion	CLIP-seq	Functional MTI (Weak)	NA	NA	-0.09696619035141592	NA	-0.0904112041965666	NA
hsa-miR-193a-5p	IL6ST	regulation of cell adhesion	CLIP-seq	Functional MTI (Weak)	-0.38267429012189225	0.27508938536208066	-0.12095055465240656	0.7675212392320763	-0.16388566031433205	0.6243446818244798
hsa-miR-193a-5p	IRAK1	regulation of cell adhesion	CLIP-seq	Functional MTI (Weak)	-0.214228911513479	0.5522956206981251	0.6472554790027555	0.07196914005135131	0.6058805891047941	0.0749151220057076
hsa-miR-193a-5p	ITCH	regulation of cell adhesion	CLIP-seq	Functional MTI (Weak)	-0.6199850137183308	0.05586275961295926	-0.5184347847456324	0.12284619570111924	-0.15654030426130455	0.6361701686115976
hsa-miR-193a-5p	ITGA3	regulation of cell adhesion	CLIP-seq	Functional MTI (Weak)	0.2874690407833164	0.4206017659480692	0.7849818601025054	0.1112959428038407	0.20779358500543543	0.5693454755409555
hsa-miR-193a-5p	JAG2	regulation of cell adhesion	CLIP-seq	Functional MTI (Weak)	0.004492824677203278	0.9901721444001391	0.04431131819965575	0.9393446967953222	-0.20309811982206563	0.5914823307462328
hsa-miR-193a-5p	JAK1	regulation of cell adhesion	CLIP-seq	Functional MTI (Weak)	-0.3407028494721411	0.3353655517235	0.1927890025455273	0.574157763581259	0.1929624917492639	0.5289005683209689
hsa-miR-193a-5p	JUP	regulation of cell adhesion;epithelial cell-cell adhesion	CLIP-seq	Functional MTI (Weak)	0.1438452804328729	0.6917688247474207	-0.03894582502655419	0.9452876410958956	0.37695796636401024	0.2612500712324804
hsa-miR-193a-5p	KIF14	regulation of cell adhesion	CLIP-seq	Functional MTI (Weak)	-0.6415480098783618	0.04556189961055184	4.396936575365238	1.7434570091548573e-13	5.321573841679627	1.5129856824332524e-22
hsa-miR-193a-5p	KLHL25	regulation of cell adhesion	CLIP-seq	Functional MTI (Weak)	-0.6055803370803914	0.06353803821089875	1.852548593583704	0.00406186637310399	1.4411025125809058	1.7514100511952752e-4
hsa-miR-193a-5p	LAMC1	regulation of cell adhesion	CLIP-seq	Functional MTI (Weak)	0.11184386673798648	0.7583790849853698	1.6995377218420251	1.3262001341688234e-4	0.7824267051891113	0.01824239403711517
hsa-miR-193a-5p	LRP4	postsynaptic membrane organization	CLIP-seq	Functional MTI (Weak)	-0.8148860797837325	0.004081804530132259	-0.35913937782872407	0.3072071809981506	-0.9000311843640847	0.00505430442233731
hsa-miR-193a-5p	LRRC32	regulation of cell adhesion	CLIP-seq	Functional MTI (Weak)	0.4534484924243753	0.18810545739623413	0.3322887466392545	0.5007262605520426	-0.7479027618662654	0.04964658698108552
hsa-miR-193a-5p	LYNX1	regulation of neurotransmitter receptor activity	CLIP-seq	Functional MTI (Weak)	-0.5053019134160652	0.13627222277216058	-0.9256350207749704	0.06651507912694758	-1.8095324484618112	3.279985425799545e-7
hsa-miR-193a-5p	MAGI1	regulation of cell adhesion	CLIP-seq	Functional MTI (Weak)	-0.5737995062093303	0.0828389326188462	-0.47538386525083576	0.22803863528905563	-0.11614011817605706	0.7401002249973422
hsa-miR-193a-5p	NLGN3	regulation of synaptic transmission, glutamatergic;postsynaptic membrane organization	CLIP-seq	Functional MTI (Weak)	-0.706415592242705	0.02239345588615536	-0.49318089919392066	0.24805032198063423	0.15364353264032157	0.6480262065882951
hsa-miR-193a-5p	NUAK1	regulation of cell adhesion	CLIP-seq	Functional MTI (Weak)	-0.05074454730422563	0.8892816969537112	-1.0054868980458065	0.06060846924290755	-1.7378978799414564	1.0207612902503469e-7
hsa-miR-193a-5p	PDGFB	regulation of cell adhesion	CLIP-seq	Functional MTI (Weak)	0.5348116009141041	0.11120395657929484	-0.8827344311549205	0.05280942866347311	-0.5460287195710004	0.08195251168695304
hsa-miR-193a-5p	PNP	regulation of cell adhesion	CLIP-seq	Functional MTI (Weak)	-0.33627377990443347	0.3420909145014861	0.3665388615728965	0.377198252860282	0.27154262780687	0.4471674716270839
hsa-miR-193a-5p	PREX1	regulation of cell adhesion	CLIP-seq	Functional MTI (Weak)	-0.7127100448186667	0.020707895426488834	-0.4272482873498112	0.2454646313900045	0.28242626516190794	0.39732759916413135
hsa-miR-193a-5p	PRLR	regulation of cell adhesion	CLIP-seq	Functional MTI (Weak)	0.4271068715211013	0.21829409784331394	-0.4753491225553311	0.33648174895682126	-0.2810966682767825	0.5254055584586254
hsa-miR-193a-5p	RAB11A	neurotransmitter receptor transport	CLIP-seq	Functional MTI (Weak)	-0.4200965636902811	0.22676672079117674	-0.446730464184178	0.18900763118290545	-0.07538543452380667	0.8425894843579846
hsa-miR-193a-5p	ROR2	regulation of synaptic transmission, glutamatergic	CLIP-seq	Functional MTI (Weak)	-0.11678648503659278	0.7479855248133992	1.7545436258816751	0.00797842052049091	1.6472109279309406	0.0132802069184206
hsa-miR-193a-5p	SFRP1	regulation of cell adhesion	CLIP-seq	Functional MTI (Weak)	-0.6003311114215377	0.06649830424471956	0.1561600519339723	0.7606093635590145	2.379020599430762	4.1167152993097795e-11
hsa-miR-193a-5p	SHISA7	postsynaptic membrane organization;regulation of neurotransmitter receptor activity	CLIP-seq	Functional MTI (Weak)	-0.7925067315884662	0.006259696770027461	-0.3507616789426741	0.4405246085986177	-0.4869928973066298	0.1373733475211861
hsa-miR-193a-5p	SLC38A2	regulation of synaptic transmission, glutamatergic	CLIP-seq	Functional MTI (Weak)	-0.4735303298370834	0.1668407006728569	0.2694294515225941	0.47368526961285345	0.1260093842682772	0.7321842187628422
hsa-miR-193a-5p	SLC7A1	regulation of cell adhesion	CLIP-seq	Functional MTI (Weak)	-0.06288859760929139	0.8629739841395829	0.24573551739854313	0.5704174716299867	-0.11992188621122166	0.7341759492384449
hsa-miR-193a-5p	SPN	regulation of cell adhesion	CLIP-seq	Functional MTI (Weak)	0.269957250918086	0.4506554767118046	-0.4336010590821543	0.3728068279894612	1.499374879719369	0.0077765351175542
hsa-miR-193a-5p	SRF	regulation of cell adhesion;epithelial cell-cell adhesion	CLIP-seq	Functional MTI (Weak)	-0.5564304357706591	0.09482092214555919	0.09314463995445946	0.8358780524312559	-0.3797798935028536	0.1904229261855897
hsa-miR-193a-5p	STX3	neurotransmitter receptor transport;regulation of cell adhesion	CLIP-seq	Functional MTI (Weak)	0.0829623625344395	0.8197637654090308	-0.48634785971295663	0.223967247574798	-0.15242933801583816	0.6653237610863375
hsa-miR-193a-5p	TACSTD2	regulation of cell adhesion	CLIP-seq	Functional MTI (Weak)	0.12146208561282362	0.7381869690810932	0.13426233886824723	0.7958576950137703	-0.0452176361475136	NA
hsa-miR-193a-5p	TFE3	regulation of cell adhesion	CLIP-seq	Functional MTI (Weak)	-0.34286337507453246	0.33210972536173433	3.284817102438118e-5	0.9999905272363364	-0.32208481261748084	0.256412197193691
hsa-miR-193a-5p	THY1	regulation of cell adhesion	CLIP-seq	Functional MTI (Weak)	-0.6144486293962886	0.05873582448372843	-0.7408905236352901	0.16326254420646594	-1.4741241271079952	8.425529302751736e-6
hsa-miR-193a-5p	TNF	regulation of synaptic transmission, glutamatergic;regulation of cell adhesion	RNA-seq	Functional MTI (Weak)	-0.37848265659391367	0.28082358518048484	-1.9237939865072284	0.0189312058004753	-0.04586680345341191	NA
hsa-miR-193a-5p	VCL	regulation of cell adhesion;epithelial cell-cell adhesion	CLIP-seq	Functional MTI (Weak)	0.12578484118548558	0.7291579320968302	0.5972856551426812	0.1575889059198523	0.11763292408601894	0.7620967924611943
hsa-miR-193a-5p	VSIG4	regulation of cell adhesion	CLIP-seq	Functional MTI (Weak)	0.1724271808626522	0.6338310340129708	0.4531451534457621	0.3467052640170558	1.6262379536698026	0.00189584009328603
hsa-miR-193a-5p	YES1	regulation of cell adhesion	CLIP-seq	Functional MTI (Weak)	-0.33430542441764627	0.34510166787481766	0.1759274973298912	0.6884619056788247	0.644501822458238	0.02606933506576522
hsa-miR-20a-5p	AP1G1	synaptic vesicle endosomal processing	HITS-CLIP	Functional MTI (Weak)	0.17465796628179836	0.6293789497135616	-0.34918100449906775	0.3572562723650994	-0.2031041351484681	0.49737739504212064
hsa-miR-20a-5p	AP3D1	synaptic vesicle endosomal processing	CLASH	Functional MTI (Weak)	-0.13040530401716083	0.719540129784001	0.02607653040101343	0.9544032616175292	-0.10371721532156612	0.754895801820998
hsa-miR-20a-5p	EEA1	synaptic vesicle endosomal processing	HITS-CLIP	Functional MTI (Weak)	-0.08067708619335652	0.8246630739793271	0.27767918829638893	0.44960267536385345	0.04608744899688682	0.9012641666023896
hsa-miR-20a-5p	STX6	synaptic vesicle endosomal processing	HITS-CLIP	Functional MTI (Weak)	0.362552192979121	0.30319892764525785	0.01617623008618307	0.9662273130895448	0.15883910989849653	0.6344303613521715
hsa-miR-20a-5p	VTI1A	synaptic vesicle endosomal processing	HITS-CLIP	Functional MTI (Weak)	-0.41916032397527697	0.22791217449458742	-0.5948189713051887	0.02504709395772734	-0.594251649523284	0.03816212902598066
hsa-miR-21-5p	AP1AR	regulation of cell adhesion	HITS-CLIP	Functional MTI (Weak)	-0.7727412925682555	0.00877882709586278	-0.5547338731531446	0.09227673537909496	-0.5367973119208734	0.10199881815189482
hsa-miR-21-5p	BCL2	regulation of cell adhesion	Luciferase reporter assay	Functional MTI	-0.2240806419113189	0.5337037473536839	-0.02459349587123031	0.9591566642557132	-0.07111168545117588	0.8660962596800641
hsa-miR-21-5p	BCL6	regulation of cell adhesion	Luciferase reporter assay	Functional MTI	0.23826934893395058	0.5073819910247797	1.8818872968610816	2.2270055703703503e-4	1.1088195563904206	1.5661213200220684e-4
hsa-miR-21-5p	CCR7	regulation of cell adhesion	Luciferase reporter assay//qRT-PCR//Western blotting	Functional MTI	0.42809025292926295	0.21712030760071388	-0.3037247080115955	0.5478072120400341	0.21329762146985695	NA
hsa-miR-21-5p	CD47	regulation of cell adhesion	Microarray	Functional MTI (Weak)	-0.6889727129103067	0.027553625972995252	-0.14144089553206138	0.7579038778205872	-0.1767852556579346	0.5579847268444224
hsa-miR-21-5p	CDK6	regulation of cell adhesion	Luciferase reporter assay//qRT-PCR//Western blotting	Functional MTI	-0.30469636161752867	0.39198588521292244	0.2236170967268815	0.6349681975978196	0.4126891497442633	0.192794138369704
hsa-miR-21-5p	DLG1	regulation of cell adhesion	Microarray	Functional MTI (Weak)	-0.8640927593462507	0.001262705467322362	-0.9716767344398554	0.00952201878604287	-0.319818658361742	0.3295030232816986
hsa-miR-21-5p	DOCK5	regulation of cell adhesion	Immunoblot//Luciferase reporter assay//qRT-PCR	Functional MTI	-0.21823906278348904	0.5446972927936269	-0.7723837367812886	0.16877385544210094	-0.297890175734421	0.490408431479868
hsa-miR-21-5p	DUSP10	regulation of cell adhesion	Luciferase reporter assay//qRT-PCR//Western blot	Functional MTI	-0.10544966564431889	0.771876766968061	0.0434951529167762	0.9356800211808988	1.349795302340969	1.448733074654833e-4
hsa-miR-21-5p	EDIL3	regulation of cell adhesion	Microarray	Functional MTI (Weak)	-0.5896224645379471	0.07281381490645121	-1.0549056414177451	0.04579145222581533	-0.35313888577931135	0.32688979413781527
hsa-miR-21-5p	EPHA4	regulation of cell adhesion	Microarray	Functional MTI (Weak)	-0.49189024103877504	0.14871898400568642	-1.475377863371253	0.03127387271905767	-1.600036362962779	8.411496342698194e-5
hsa-miR-21-5p	ERBB2	regulation of cell adhesion	qRT-PCR//Western blot	Functional MTI	0.20895596864834354	0.5623491966671288	0.2982761889324328	0.390990001668763	0.06298800943536714	0.8849005270571247
hsa-miR-21-5p	FERMT2	regulation of cell adhesion	Microarray	Functional MTI (Weak)	-0.33531685326334415	0.3435529307599683	0.00471154032820871	0.9930287016394642	-0.12299561712892548	0.7411675260198831
hsa-miR-21-5p	FOXO3	regulation of cell adhesion	Luciferase reporter assay//Western blotting//qRT-PCR//Immunoprecipitaion (IP)	Functional MTI	-0.6967525575554161	0.02516132320548311	0.00161632508415844	0.997861034191393	-0.27631580502774894	0.36484385156538857
hsa-miR-21-5p	GPAM	regulation of cell adhesion	Microarray	Functional MTI (Weak)	-0.7824932806556358	0.007460592316634737	-0.7190287638389815	0.02681618889851337	-1.1578005597765793	7.310928962988427e-4
hsa-miR-21-5p	IL12A	regulation of cell adhesion	Luciferase reporter assay//Western blot	Functional MTI	-0.593664842976529	0.07038584312447188	0.4747345695298299	0.3306242354347799	-0.14925696293161195	0.7741935163382913
hsa-miR-21-5p	IL1B	regulation of cell adhesion	Luciferase reporter assay//Microarray//qRT-PCR	Functional MTI	-0.380583502358888	0.27794158301881045	-0.00500698256228857	0.9938907706864988	0.13890844878036918	0.7954489837211062
hsa-miR-21-5p	IRAK1	regulation of cell adhesion	Chip//ELISA//Flow cytometry//Luciferase reporter assay//QRTPCR//Western blot	Functional MTI	-0.0700846374403257	0.8474406763224791	0.6472554790027555	0.07196914005135131	0.6058805891047941	0.0749151220057076
hsa-miR-21-5p	JAG1	regulation of cell adhesion	Flow//Immunoblot//Luciferase reporter assay//Microarray//qRT-PCR	Functional MTI	-1.931025682428775e-4	0.9995775881477198	0.9601494686163348	0.01573541265372707	0.333536733798249	0.3218311760714459
hsa-miR-21-5p	KIFAP3	regulation of cell adhesion	Microarray	Functional MTI (Weak)	-0.7661123040171695	0.009763690050335356	-0.30885599712442074	0.4554755774800772	-0.39369446237364675	0.15567461881600927
hsa-miR-21-5p	LIMCH1	regulation of cell adhesion	Microarray	Functional MTI (Weak)	-0.7123952328137304	0.02079004516426027	-0.922261691182054	0.01780012001841209	-0.4692140647436101	0.19178540762746363
hsa-miR-21-5p	MALT1	regulation of cell adhesion	Microarray	Functional MTI (Weak)	-0.5951158884600309	0.06952734712263346	0.4485190988859662	0.1932770162173179	0.39260987816929993	0.2566877155632532
hsa-miR-21-5p	MMP2	regulation of cell adhesion	qRT-PCR	Functional MTI (Weak)	-0.37795802360604047	0.2815458045684803	1.319599050210207	0.00388575767073024	3.8270187131880826	1.5559493688257836e-21
hsa-miR-21-5p	MUC1	regulation of cell adhesion	Microarray	Functional MTI (Weak)	0.2755851000154728	0.44089317486677715	1.2197808910216048	0.05555469296009813	0.5484550779827922	0.27560372055118976
hsa-miR-21-5p	NFAT5	regulation of cell adhesion	Microarray	Functional MTI (Weak)	-0.7501501466606145	0.012450391858250287	0.12226784150879194	0.730397034145025	-0.5137275350614874	0.05588290730029686
hsa-miR-21-5p	PAG1	regulation of cell adhesion	Microarray	Functional MTI (Weak)	-0.7440999007985986	0.013591816035565857	0.6412057001630881	0.06812776711479761	0.6640122827545244	0.03813905874805911
hsa-miR-21-5p	PBRM1	regulation of cell adhesion	Microarray	Functional MTI (Weak)	-0.7398257462359502	0.014440955409042038	0.3640484997440244	0.24976346723845455	0.269029909972307	0.3494200309188027
hsa-miR-21-5p	PELI1	regulation of cell adhesion	Sequencing	Functional MTI (Weak)	0.12386666276774222	0.733160843923549	0.5017307489393056	0.14585773991566597	1.331702202657076	8.48156054736582e-6
hsa-miR-21-5p	PIK3R1	regulation of cell adhesion	Luciferase reporter assay//qRT-PCR//Western blot	Functional MTI	-0.5580653392676012	0.09364873838864791	-1.0631014478048642	0.0022328676056582	-0.8590430421399302	0.00330570276393861
hsa-miR-21-5p	PLEKHA2	regulation of cell adhesion	PAR-CLIP	Functional MTI (Weak)	-0.2537672629248698	0.4792722802325976	0.1500478371863527	0.7066000802025506	0.08120110759313919	0.8590464797759698
hsa-miR-21-5p	PPARA	regulation of cell adhesion	Luciferase reporter assay	Functional MTI	-0.667406060640997	0.034988604961226195	-0.2710611235878292	0.29417843556016327	-0.18915394163885543	0.5790437992601107
hsa-miR-21-5p	PRKCE	regulation of cell adhesion	Microarray	Functional MTI (Weak)	-0.8362847393898489	0.002566609696728682	-0.7193900728631928	0.1548642422402025	-1.4065919129429774	7.129901912872591e-7
hsa-miR-21-5p	PTEN	regulation of cell adhesion	Luciferase reporter assay//qRT-PCR//Western blot	Functional MTI	-0.6407566460633434	0.04591549088206932	-0.16184559884205887	0.6884839524473508	-0.1817278431651463	0.6004070689960846
hsa-miR-21-5p	PTK2	regulation of cell adhesion	Microarray	Functional MTI (Weak)	-0.6707337882838769	0.033761920042964084	-0.4720785795196809	0.14958843370909702	-0.13333017844702813	0.7049124371454621
hsa-miR-21-5p	RASA1	regulation of cell adhesion	Luciferase reporter assay//Western blot	Non-Functional MTI	-0.8410858922853055	0.0022925096409305264	-0.4258988046349429	0.2045463850130073	-0.6137978509100513	0.02240273263958129
hsa-miR-21-5p	RASGRP1	regulation of cell adhesion	qRT-PCR//Luciferase reporter assay//Western blot	Non-Functional MTI	-0.8930092503772584	5.029038207122323e-4	-0.464198683773039	0.3507055941911959	-0.9634537038619422	0.02406293729800689
hsa-miR-21-5p	SEMA5A	regulation of cell adhesion	Microarray	Functional MTI (Weak)	-0.7055160568383858	0.022641809942451106	0.02422859283908714	0.9603265382501028	0.8716701593382282	0.01593023080064314
hsa-miR-21-5p	SLK	regulation of cell adhesion	Microarray	Functional MTI (Weak)	-0.4467321050000586	0.19555523291130023	-0.44941506203195514	0.22668688188445463	-0.4630758489737058	0.10590399627127704
hsa-miR-21-5p	SMAD7	regulation of cell adhesion	Immunocytochemistry//Immunofluorescence//Immunohistochemistry//Luciferase reporter assay//Western blot	Functional MTI	-0.4978489412751447	0.14310693336393787	-0.35971651645276687	0.32187597907172827	-0.04443356435290777	0.915655720489982
hsa-miR-21-5p	SMARCA4	regulation of cell adhesion	Luciferase reporter assay//qRT-PCR//Western blot	Functional MTI	-0.530257251578788	0.11486711627003708	0.23836708056626324	0.4480430300599236	0.20045368291323704	0.5704711229970266
hsa-miR-21-5p	SOCS5	regulation of cell adhesion	Microarray	Functional MTI (Weak)	-0.8497455249251138	0.0018524782627426226	-0.18463476825104744	0.641641440410827	0.0073849722607882496	0.9880478999603564
hsa-miR-21-5p	SOX2	regulation of cell adhesion	Immunofluorescence//Luciferase reporter assay//qRT-PCR//Western blot	Functional MTI	-0.31354331854733664	0.3776678664409193	1.5809956014886466	4.991452153736395e-4	1.3194267932328958	2.2569295003127765e-4
hsa-miR-21-5p	SPRY4	regulation of cell adhesion	HITS-CLIP	Functional MTI (Weak)	0.3744934785408752	0.286340324462469	0.3407505650195468	0.4553125294025592	-0.1183391445504984	0.7825945937577926
hsa-miR-21-5p	ST6GAL1	regulation of cell adhesion	Microarray	Functional MTI (Weak)	-0.13404384080344217	0.7119910633763676	-0.4012262929636908	0.3222351125305202	0.30328895245010895	0.4063860697020108
hsa-miR-21-5p	TGFB1	regulation of cell adhesion	Microarray	Functional MTI (Weak)	0.17593597268404693	0.6268331950282928	-0.3205329573566017	0.4786011602756848	0.3421580157634443	0.3128746058765965
hsa-miR-21-5p	TGFB2	regulation of cell adhesion	Luciferase reporter assay	Functional MTI	0.2787701612632991	0.4354114943925409	1.547613552415645	0.00788761359531101	0.1444708993425759	0.7136556978089237
hsa-miR-21-5p	TGFBI	regulation of cell adhesion	Luciferase reporter assay//Western blot	Functional MTI	0.5837658295234068	0.07642705475244156	2.591193481619051	2.4002503895695116e-4	4.651167438491017	2.8185238760280563e-14
hsa-miR-21-5p	TGFBR2	regulation of cell adhesion	qRT-PCR//Luciferase reporter assay//Western blot	Functional MTI	0.36247265417962454	0.30331294308915585	-0.13563423176822895	0.7871541256830739	0.24355510523089643	0.4940466762015731
hsa-miR-21-5p	TPM1	regulation of cell adhesion	Luciferase reporter assay//Western blot	Functional MTI	-0.014898497226650004	0.9674167703025498	0.1926666163827921	0.6656523899462357	-0.1189869604790604	0.7561263204677636
hsa-miR-21-5p	UTRN	regulation of cell adhesion	Microarray	Functional MTI (Weak)	-0.23543491930108598	0.5125962484404609	0.01080366888788849	0.9838532958934716	-0.2411824619539126	0.45727299252201953
hsa-miR-21-5p	VEGFA	regulation of cell adhesion	Western blot;qRT-PCR	Functional MTI	0.6983033127475805	0.02470212590362279	3.446263695710663	1.6120471818951672e-6	1.6767406805403071	4.862036467745842e-4
hsa-miR-21-5p	WNK1	regulation of cell adhesion	Microarray	Functional MTI (Weak)	-0.49322231550705964	0.1474529877090447	-0.5795603141993028	0.1605681554292646	-0.3829565628990032	0.2716797908487216
hsa-miR-21-5p	WNT5A	regulation of cell adhesion	Microarray	Functional MTI (Weak)	-0.21768261796186766	0.5457491471625979	2.355488556659479	4.321356096901788e-6	1.5718277917013197	2.6020439729450355e-4
hsa-miR-210-3p	CLASP2	regulation of cell adhesion	immunoprecipitaion//Microarray//qRT-PCR	Functional MTI (Weak)	-0.9539926085652568	1.8539897481899263e-5	-0.69023218495822	0.06018609161075185	-0.2064041307407741	0.5199576442499106
hsa-miR-210-3p	DENND6A	regulation of cell adhesion	immunoprecipitaion//Microarray//qRT-PCR	Functional MTI (Weak)	-0.8152442953643317	0.004052168125515481	0.25203317244643725	0.4690535268016877	0.3445437638988893	0.26605895026883686
hsa-miR-210-3p	ITGA5	regulation of cell adhesion	qRT-PCR	Functional MTI (Weak)	0.5706615764108772	0.08492712640382352	1.2016337141575488	0.04483681203344816	0.5022388536887866	0.17861466368498605
hsa-miR-210-3p	MDGA1	regulation of cell adhesion	immunoprecipitaion//Microarray//qRT-PCR	Functional MTI (Weak)	-0.6982907141788212	0.024705833129413046	0.3612390756565826	0.4483165928661086	0.5083716681378962	0.2511975530860026
hsa-miR-210-3p	NPTX1	postsynaptic specialization assembly	Luciferase reporter assay	Functional MTI	-0.8711101740860882	0.0010305018685424416	-0.12754654890664482	0.8147558948586489	-2.4624504260494504	6.32845159062285e-6
hsa-miR-210-3p	P4HB	regulation of cell adhesion	2DGE//immunoprecipitaion//Mass spectrometry//Microarray//qRT-PCR//Western blot	Functional MTI	-0.3357209794489947	0.342935109226601	0.8502730073274399	0.00985848293495086	0.9094468950322566	0.00798461345898754
hsa-miR-210-3p	PTEN	postsynaptic specialization assembly;regulation of cell adhesion	qRT-PCR	Functional MTI (Weak)	-0.8312498396125865	0.002878638253667028	-0.16184559884205887	0.6884839524473508	-0.1817278431651463	0.6004070689960846
hsa-miR-210-3p	PTPN1	regulation of cell adhesion	2DGE//immunoprecipitaion//Luciferase reporter assay//Mass spectrometry//Microarray//qRT-PCR//Western blot	Functional MTI	-0.8001226009114973	0.0054434975748611555	-0.13869961078972534	0.6522591394623514	-0.06073340135373475	0.8727078810968486
hsa-miR-210-3p	PTPN2	regulation of cell adhesion	Chip//Luciferase reporter assay//QRTPCR//Western blot	Functional MTI	-0.9632663177832169	7.6201247324459514e-6	-0.01522486779971	0.9757338491773706	-0.15859963533491708	0.6805446561434612
hsa-miR-210-3p	RCC2	regulation of cell adhesion	CLASH	Functional MTI (Weak)	-0.6795486336169364	0.030654232645285627	0.7118398624676628	0.02250859675453391	0.9416459157566314	0.00577056767712831
hsa-miR-210-3p	TFRC	regulation of cell adhesion	Immunoblot//Immunohistochemistry//Luciferase reporter assay//qRT-PCR	Functional MTI	-0.8089780993434774	0.004593288334271052	-0.6175953306247829	0.12424242948201691	-0.6050362475855174	0.05801530498712187
hsa-miR-210-3p	TGFBI	regulation of cell adhesion	qRT-PCR//Western blotting	Functional MTI	0.4098828722166724	0.2394397037343234	2.591193481619051	2.4002503895695116e-4	4.651167438491017	2.8185238760280563e-14
hsa-miR-216a-5p	ACTB	regulation of cell adhesion	PAR-CLIP	Functional MTI (Weak)	-0.5262346645948224	0.11816459117063505	-0.08829659751954676	0.8170560912559548	0.10966822282189412	0.7828137854995252
hsa-miR-216a-5p	CALR	regulation of cell adhesion	PAR-CLIP	Functional MTI (Weak)	-0.3767675411231947	0.28318836468101943	0.5926205800256364	0.13066798208815736	0.762172478170166	0.0210712974041241
hsa-miR-216a-5p	CD44	regulation of cell adhesion	Immunohistochemistry//Luciferase reporter assay//Western blot	Functional MTI	-0.16726531648709153	0.6441732592281384	1.4126337766272137	0.02999634146205216	3.3644185089916716	3.9956241075523115e-12
hsa-miR-216a-5p	CDC42	regulation of cell adhesion	Immunohistochemistry//Luciferase reporter assay//Western blot	Functional MTI	-0.5638890107999492	0.08954858231981142	-0.2843544626488061	0.4085459390457796	0.23576143903538127	0.4347826000692605
hsa-miR-216a-5p	IL23R	regulation of cell adhesion	HITS-CLIP	Functional MTI (Weak)	0.6226197426643544	0.054528760144269287	0.01797671452875503	0.9707780488481164	-0.0358903431194204	NA
hsa-miR-216a-5p	ITGA5	regulation of cell adhesion	qRT-PCR	Functional MTI (Weak)	0.07349867549327052	0.8400873694114164	1.2016337141575488	0.04483681203344816	0.5022388536887866	0.17861466368498605
hsa-miR-216a-5p	LAMC1	regulation of cell adhesion	PAR-CLIP	Functional MTI (Weak)	-0.35078076467854896	0.32031869513389577	1.6995377218420251	1.3262001341688234e-4	0.7824267051891113	0.01824239403711517
hsa-miR-216a-5p	PTEN	regulation of cell adhesion	Review//Luciferase reporter assay//Western blot	Functional MTI	-0.6467757774711466	0.043271745285359695	-0.16184559884205887	0.6884839524473508	-0.1817278431651463	0.6004070689960846
hsa-miR-216a-5p	SEMA5A	regulation of cell adhesion	HITS-CLIP	Functional MTI (Weak)	-0.5234232616607511	0.12050388649734974	0.02422859283908714	0.9603265382501028	0.8716701593382282	0.01593023080064314
hsa-miR-216a-5p	SMAD7	regulation of cell adhesion	Luciferase reporter assay	Functional MTI	-0.06084699596615576	0.8673888966752797	-0.35971651645276687	0.32187597907172827	-0.04443356435290777	0.915655720489982
hsa-miR-216a-5p	TGFBR2	regulation of cell adhesion	PAR-CLIP	Functional MTI (Weak)	0.14133864395800289	0.6969243738009804	-0.13563423176822895	0.7871541256830739	0.24355510523089643	0.4940466762015731
hsa-miR-25-3p	ACTL6A	leukocyte cell-cell adhesion;cell-cell adhesion	CLASH	Functional MTI (Weak)	-0.5848137810964567	0.07577216924754492	0.5008708347410921	0.24186374882945272	1.1867069347237926	0.00119340622839713
hsa-miR-25-3p	ARID1B	leukocyte cell-cell adhesion;cell-cell adhesion	PAR-CLIP	Functional MTI (Weak)	-0.6853192774127935	0.028728901618714206	0.28536909475418937	0.1308706779043425	0.03003104822494733	0.9391401680407376
hsa-miR-25-3p	ASS1	leukocyte cell-cell adhesion;cell-cell adhesion	CLASH	Functional MTI (Weak)	-0.29945422230104585	0.4005916341151645	-0.16401205873552693	0.751675722228061	-0.09706909238633785	0.8329673860133568
hsa-miR-25-3p	CADM1	cell-cell adhesion	Microarray	Functional MTI (Weak)	-0.6716018135337068	0.03344680876433658	-0.04774645278260554	0.92685978664469	-0.02210125223196264	0.9599021683712976
hsa-miR-25-3p	CDH1	cell-cell adhesion	Luciferase reporter assay//qRT-PCR//Western blot	Functional MTI	-0.6168395686767951	0.05748338772665381	0.01921045777867776	0.9751027234777048	1.2757289184615952	0.01240717213494231
hsa-miR-25-3p	CDK5R1	cell-cell adhesion	PAR-CLIP	Functional MTI (Weak)	-0.5433450336445205	0.10453984095119563	-1.403850301635906	0.02970032491815848	-2.0585542844757336	1.6358466117343422e-9
hsa-miR-25-3p	CLIC1	homotypic cell-cell adhesion;cell-cell adhesion	CLASH	Functional MTI (Weak)	0.3754828781274708	0.28496665788455333	0.15322188333922485	0.7606415097395265	0.8529268856514604	0.03675415636852167
hsa-miR-25-3p	CLN8	amino acid neurotransmitter reuptake	PAR-CLIP	Functional MTI (Weak)	-0.6549181932557951	0.03986065345966691	-0.2450147945006174	0.5114827357390378	0.19648372815524745	0.561812370963827
hsa-miR-25-3p	DSC2	homotypic cell-cell adhesion;cell-cell adhesion	Luciferase reporter assay//Western blot	Functional MTI	-0.7193823398401473	0.019019068503203646	-0.2808170070824896	0.5320049477642605	0.04033452477823523	0.9364522638182268
hsa-miR-25-3p	EP300	leukocyte cell-cell adhesion;cell-cell adhesion	CLASH	Functional MTI (Weak)	-0.49464129367365106	0.1461116340100539	-0.0317849816267137	0.9280614978240735	0.04279121472457216	0.9117052810528894
hsa-miR-25-3p	ERBB2	leukocyte cell-cell adhesion;cell-cell adhesion	Luciferase reporter assay//qRT-PCR//Western blot	Functional MTI	-0.4062176791559223	0.24408222091372153	0.2982761889324328	0.390990001668763	0.06298800943536714	0.8849005270571247
hsa-miR-25-3p	EZR	leukocyte cell-cell adhesion;cell-cell adhesion	CLASH	Functional MTI (Weak)	-0.6907576380164797	0.026991572583227517	-0.41303256489246665	0.31781543005954965	-0.4305025482497943	0.18285847182389156
hsa-miR-25-3p	IL6ST	leukocyte cell-cell adhesion;homotypic cell-cell adhesion;cell-cell adhesion	HITS-CLIP	Functional MTI (Weak)	-0.7320637129787335	0.016076524650585667	-0.12095055465240656	0.7675212392320763	-0.16388566031433205	0.6243446818244798
hsa-miR-25-3p	ITGB1	amino acid neurotransmitter reuptake;leukocyte cell-cell adhesion;cell-cell adhesion	CLASH	Functional MTI (Weak)	-0.13110450936599277	0.7180877341328065	0.4369877345679611	0.3067988397313057	0.6092465565536096	0.03503653238080306
hsa-miR-25-3p	KLF4	leukocyte cell-cell adhesion;cell-cell adhesion	Luciferase reporter assay	Functional MTI	-0.1440561191367501	0.6913356963588975	-0.5766852337287651	0.2473861596783949	-0.8187188710932811	0.039201850105209
hsa-miR-25-3p	LAX1	leukocyte cell-cell adhesion;cell-cell adhesion	HITS-CLIP	Functional MTI (Weak)	-0.12252767449402693	0.7359585267736537	-0.5067159664237446	0.3358219220197255	0.0250300549379388	NA
hsa-miR-25-3p	MUC21	cell-cell adhesion	HITS-CLIP	Functional MTI (Weak)	-0.056200436765742455	0.8774491090344987	-0.6678941508974106	NA	0.04475705337495165	NA
hsa-miR-25-3p	NF2	cell-cell adhesion	PAR-CLIP	Functional MTI (Weak)	-0.41419115408462087	0.23404658559498834	-0.1568125785431315	0.6798617806009228	-0.628166436677079	0.01463825228834274
hsa-miR-25-3p	PAWR	leukocyte cell-cell adhesion;cell-cell adhesion	PAR-CLIP	Functional MTI (Weak)	-0.6521702342411126	0.04099084497422685	0.903439908041807	0.03756555821776868	0.096066472482355	0.8212896039876638
hsa-miR-25-3p	PCDH7	cell-cell adhesion	CLASH	Functional MTI (Weak)	-0.6327684996728667	0.04958783222231694	-0.15774691154029305	0.7570670377953769	-0.3884990602949188	0.2918031253012956
hsa-miR-25-3p	PER2	amino acid neurotransmitter reuptake	HITS-CLIP	Functional MTI (Weak)	-0.2884686651647495	0.41891522114161606	-0.6630701153028167	0.08974242169278251	-0.16530822160358824	0.6426027735504319
hsa-miR-25-3p	PIP5K1C	cell-cell adhesion	PAR-CLIP	Functional MTI (Weak)	-0.4798702754580922	0.16044094885464041	-0.7519952220405867	0.10003253908723242	-1.5702403129356717	1.2006547719143326e-6
hsa-miR-25-3p	PRKAR1A	leukocyte cell-cell adhesion;cell-cell adhesion	CLASH	Functional MTI (Weak)	-0.7107875383877369	0.021213082104286084	-0.4967667637500969	0.16547135545515682	-0.4859701271698943	0.1419670647043388
hsa-miR-25-3p	ROBO1	cell-cell adhesion	CLASH	Functional MTI (Weak)	-0.5728957498122431	0.08343692566708558	0.45582758716371863	0.24682329132088043	0.8062234928868555	0.00469417396584058
hsa-miR-25-3p	SEMA4D	leukocyte cell-cell adhesion;cell-cell adhesion	CLASH	Functional MTI (Weak)	-0.5282525958171381	0.11650312353031611	-0.9618336669678582	0.03925126718053515	-0.14658366712070492	0.7049124371454621
hsa-miR-25-3p	SH2B3	homotypic cell-cell adhesion;cell-cell adhesion	HITS-CLIP	Functional MTI (Weak)	-0.21950547080869104	0.5423063877496529	0.09957151377999517	0.829410592749851	0.05840901936395638	0.8841888493219432
hsa-miR-25-3p	SLC7A11	homotypic cell-cell adhesion;cell-cell adhesion	PAR-CLIP	Functional MTI (Weak)	-0.1637336653724048	0.6512811492979949	-1.0636938970161178	0.00832991495627802	-1.1428229583324736	0.00528708476704697
hsa-miR-25-3p	SMAD7	leukocyte cell-cell adhesion;cell-cell adhesion	Luciferase reporter assay	Functional MTI	-0.2662784227807984	0.45708914686161006	-0.35971651645276687	0.32187597907172827	-0.04443356435290777	0.915655720489982
hsa-miR-25-3p	SOX4	leukocyte cell-cell adhesion;cell-cell adhesion	HITS-CLIP	Functional MTI (Weak)	-0.7576633595999459	0.011128630847843013	2.377304420055497	9.428740349837737e-7	3.746679610393231	9.140094532761128e-15
hsa-miR-25-3p	STXBP1	homotypic cell-cell adhesion;cell-cell adhesion	CLASH	Functional MTI (Weak)	-0.6074306429378581	0.06251555769592565	-0.6146561234511286	0.23251294211999904	-1.5620598289945258	2.460495034537052e-7
hsa-miR-25-3p	TGFBR2	leukocyte cell-cell adhesion;cell-cell adhesion	Luciferase reporter assay//qRT-PCR//Western blotting	Functional MTI	-0.1392253001006912	0.7012797196638697	-0.13563423176822895	0.7871541256830739	0.24355510523089643	0.4940466762015731
hsa-miR-25-3p	TLN1	homotypic cell-cell adhesion;cell-cell adhesion	CLASH	Functional MTI (Weak)	0.02796239906341557	0.9388800564184672	0.1639564489484309	0.7173979146938747	0.6665446198668078	0.02927752770423699
hsa-miR-25-3p	TNFRSF13C	leukocyte cell-cell adhesion;cell-cell adhesion	PAR-CLIP	Functional MTI (Weak)	-0.4283184127446659	0.21684848795816247	-2.3769094029518314	1.7178265822643344e-4	0.44238730002831667	0.33888851373945006
hsa-miR-25-3p	VMP1	cell-cell adhesion	CLASH	Functional MTI (Weak)	-0.2816879156450518	0.4304175682376996	0.7811034886525843	0.0721828696250784	0.7324677141699281	0.03787719579510455
hsa-miR-25-3p	ZDHHC21	leukocyte cell-cell adhesion;cell-cell adhesion	HITS-CLIP	Functional MTI (Weak)	-0.7019191651269749	0.023653841170199964	0.19414676368320327	0.6394787225739335	-0.27400024103832593	0.35558563339697186
hsa-miR-28-3p	EZR	postsynaptic cytoskeleton organization	Western blotting//Microarray//Immunoprecipitaion (IP)//Immunofluorescence//qRT-PCR//Flow cytometry	Functional MTI	-0.6851793862803854	0.028774571589166423	-0.41303256489246665	0.31781543005954965	-0.4305025482497943	0.18285847182389156
hsa-miR-28-3p	FARP1	postsynaptic cytoskeleton organization	CLIP-seq	Functional MTI (Weak)	-0.14204828114113355	0.6954636766648037	-0.03875300496791373	0.9363923153668504	-0.46389506013656334	0.1217081113203922
hsa-miR-28-3p	WASF2	postsynaptic cytoskeleton organization	CLIP-seq	Functional MTI (Weak)	-0.2463015116891991	0.4927279951052971	0.02995236423243563	0.9543305977758856	0.20508504159421043	0.547021082765407
hsa-miR-3065-5p	ALOX15	regulation of cell adhesion	CLIP-seq	Functional MTI (Weak)	-0.21808691292412005	0.5449848236732293	0.02245160759123941	0.9694612744170472	-0.5814689151359788	0.2745665379089982
hsa-miR-3065-5p	ANK3	regulation of cell adhesion	CLIP-seq	Functional MTI (Weak)	-0.7247584726050619	0.01772964035100422	-0.4892710766184341	0.33143630896979914	-0.9916699350770068	0.0319083448445974
hsa-miR-3065-5p	ARF6	maintenance of postsynaptic specialization structure	CLIP-seq	Functional MTI (Weak)	-0.6875264350799584	0.028014871349581798	-0.27550235180085375	0.3350367851148009	-0.03014866584648755	0.9449017397518656
hsa-miR-3065-5p	ATXN3	regulation of cell adhesion	CLIP-seq	Functional MTI (Weak)	0.0332580402701597	0.9273284542637777	-0.21269450699267675	0.5202123576051756	-0.2260904476806133	0.48063413944152966
hsa-miR-3065-5p	BMI1	regulation of cell adhesion	CLIP-seq	Functional MTI (Weak)	-0.2776055226332499	0.43741225796835437	0.27898497699861374	0.4524195459330883	0.25904876829787543	0.4216849922923987
hsa-miR-3065-5p	BMP7	regulation of cell adhesion	CLIP-seq	Functional MTI (Weak)	-0.6538761735307221	0.04028671818448842	-0.08797060323637436	0.865805448649058	-0.14135790498379763	0.7095128696301639
hsa-miR-3065-5p	C2CD4A	regulation of cell adhesion	CLIP-seq	Functional MTI (Weak)	0.049770721179520735	0.8913958399352383	1.9468911047969069	0.01914815664547904	2.1732121597443372	0.01305338712297678
hsa-miR-3065-5p	CASK	regulation of cell adhesion	CLIP-seq	Functional MTI (Weak)	-0.5810872186314032	0.07811760587941184	-0.026774007102598	0.9597778057044312	0.22321409788568128	0.4901923146679853
hsa-miR-3065-5p	CD164	regulation of cell adhesion	CLIP-seq	Functional MTI (Weak)	-0.32496369710629297	0.35957276753753376	0.08064456303809381	0.8572278955656903	0.12415353152989872	0.7450012490861179
hsa-miR-3065-5p	CD24	regulation of cell adhesion	CLIP-seq	Functional MTI (Weak)	-0.4427368854128859	0.20006708543851348	0.48808182337473893	0.3196853880338177	2.637529852680957	4.866430633828555e-6
hsa-miR-3065-5p	CD47	regulation of cell adhesion	CLIP-seq	Functional MTI (Weak)	-0.7054020442372698	0.022673422662077218	-0.14144089553206138	0.7579038778205872	-0.1767852556579346	0.5579847268444224
hsa-miR-3065-5p	CDC42	regulation of cell adhesion	CLIP-seq	Functional MTI (Weak)	-0.7717012543540046	0.008928482396904875	-0.2843544626488061	0.4085459390457796	0.23576143903538127	0.4347826000692605
hsa-miR-3065-5p	CDH1	regulation of cell adhesion	CLIP-seq	Functional MTI (Weak)	-0.5870473851400333	0.07438851641786691	0.01921045777867776	0.9751027234777048	1.2757289184615952	0.01240717213494231
hsa-miR-3065-5p	CELSR2	regulation of cell adhesion	CLIP-seq	Functional MTI (Weak)	-0.5258710408834696	0.11846554420968963	-0.5408595640980056	0.20691590806077145	-0.9459792723803978	0.00399006163765123
hsa-miR-3065-5p	CLASP1	regulation of cell adhesion	CLIP-seq	Functional MTI (Weak)	-0.7399028849501992	0.01442531073932656	-0.04902040396184196	0.9103470984452382	-0.2651557965455278	0.35881474225595056
hsa-miR-3065-5p	COL16A1	regulation of cell adhesion	CLIP-seq	Functional MTI (Weak)	0.42276761301157506	0.2235168116720248	-0.06017954727915262	0.9162880766568512	0.35374666223507156	0.27702039397571554
hsa-miR-3065-5p	CORO1C	regulation of cell adhesion	CLIP-seq	Functional MTI (Weak)	-0.4686094069674724	0.1719116575806306	-0.190684009391816	0.5475338530901263	0.5959427332660738	0.04885022275019969
hsa-miR-3065-5p	CRKL	regulation of cell adhesion	PAR-CLIP	Functional MTI (Weak)	-0.5804286404103418	0.07853692646000054	0.01836995776813566	0.9519999798891204	-4.240467448113432e-5	0.999878007640592
hsa-miR-3065-5p	CYP1B1	regulation of cell adhesion	CLIP-seq	Functional MTI (Weak)	0.5557853779164581	0.09528597052671561	-0.40514843233815184	0.3800135460108194	-1.0776972082692848	0.00325243494279758
hsa-miR-3065-5p	DLC1	regulation of cell adhesion	CLIP-seq	Functional MTI (Weak)	0.16342405410823604	0.6519054980879689	-0.7017273269947264	0.08001121554727239	-1.4533266145043866	4.36420132126857e-4
hsa-miR-3065-5p	DLG1	maintenance of postsynaptic specialization structure;regulation of cell adhesion	CLIP-seq	Functional MTI (Weak)	-0.652373440327132	0.04090654083724396	-0.9716767344398554	0.00952201878604287	-0.319818658361742	0.3295030232816986
hsa-miR-3065-5p	DSCAM	regulation of cell adhesion	CLIP-seq	Functional MTI (Weak)	-0.36949999679641077	0.29332739841915856	0.5401914152106368	0.23928576637737997	-0.05305569032667258	0.9075191878937696
hsa-miR-3065-5p	DUSP3	regulation of cell adhesion	CLIP-seq	Functional MTI (Weak)	-0.12565845190903652	0.7294215048520338	-0.630746134317277	0.09594460577312024	-0.975837321784896	0.00142512412862614
hsa-miR-3065-5p	EGR3	regulation of cell adhesion	CLIP-seq	Functional MTI (Weak)	0.1138117526905927	0.7542366542707143	-3.5563627817361527	7.144193488803831e-9	-3.8894307404168487	5.320613573036687e-13
hsa-miR-3065-5p	EPHA2	regulation of cell adhesion	CLIP-seq	Functional MTI (Weak)	0.038909142685312356	0.9150149888974595	1.5134376386634454	0.00226268597459411	0.00678371142484243	0.9900346171481196
hsa-miR-3065-5p	EPHA4	regulation of cell adhesion	CLIP-seq	Functional MTI (Weak)	-0.20470371175310453	0.5705075609398449	-1.475377863371253	0.03127387271905767	-1.600036362962779	8.411496342698194e-5
hsa-miR-3065-5p	ETS1	regulation of cell adhesion	CLIP-seq	Functional MTI (Weak)	0.048616352429738115	0.8939027322266271	0.6058558005804642	0.105571396080981	0.5185161022065461	0.08830545214871965
hsa-miR-3065-5p	F11R	regulation of cell adhesion	CLIP-seq	Functional MTI (Weak)	0.7482958393499317	0.012792790437442695	0.370563384219428	0.416522819255329	0.14896996278449723	0.7044071069866704
hsa-miR-3065-5p	FBXO38	regulation of cell adhesion	CLIP-seq	Functional MTI (Weak)	-0.7033349914287649	0.023251844781120235	-0.3116674806178876	0.326951234906669	0.0257874716202671	0.9491935648437704
hsa-miR-3065-5p	FGL2	regulation of cell adhesion	CLIP-seq	Functional MTI (Weak)	-0.6076950653373413	0.06237032629306398	-0.19554434678707877	0.6906391439252417	1.5830594205083253	1.111676411391358e-4
hsa-miR-3065-5p	FN1	regulation of cell adhesion	CLIP-seq	Functional MTI (Weak)	0.0870632810266347	0.8109861398698311	0.7505152031111207	0.15209786431273703	0.20845592811531327	0.5523601610080698
hsa-miR-3065-5p	FOXO3	regulation of cell adhesion	CLIP-seq	Functional MTI (Weak)	-0.44869354529251204	0.19336209826586281	0.00161632508415844	0.997861034191393	-0.27631580502774894	0.36484385156538857
hsa-miR-3065-5p	FUT9	regulation of cell adhesion	CLIP-seq	Functional MTI (Weak)	-0.6622235959412255	0.03695852203078031	-0.6167614537889294	0.1955089852914166	-0.9323989347114192	0.01575003994639358
hsa-miR-3065-5p	FZD7	regulation of cell adhesion	CLIP-seq	Functional MTI (Weak)	-0.630841543934379	0.05050207027076408	0.05097266171482754	0.9314951967051434	0.1515363122584467	0.7798076610932151
hsa-miR-3065-5p	HAVCR2	regulation of cell adhesion	CLIP-seq	Functional MTI (Weak)	-0.4867472053338448	0.15366871201170026	-0.1322655235735649	0.7935275100621906	1.8580080439300872	2.300259430934135e-4
hsa-miR-3065-5p	HMGB1	regulation of cell adhesion	CLIP-seq	Functional MTI (Weak)	-0.536193506980083	0.11010715420365112	-0.13870149566787057	0.716291720591611	0.14711230879509588	0.6669847844213527
hsa-miR-3065-5p	IGF1	regulation of cell adhesion	PAR-CLIP	Functional MTI (Weak)	0.09125185744763513	0.802040435340058	-1.5239238629573042	0.02406039801131721	-0.3064943061529451	0.550988774824936
hsa-miR-3065-5p	IL1B	regulation of cell adhesion	CLIP-seq	Functional MTI (Weak)	-0.7442111295686825	0.013570196368403467	-0.00500698256228857	0.9938907706864988	0.13890844878036918	0.7954489837211062
hsa-miR-3065-5p	IL20RB	regulation of cell adhesion	CLIP-seq	Functional MTI (Weak)	-0.49303476175653366	0.147630839779032	-0.02183565940625633	0.9713052145523412	0.20156177660551008	NA
hsa-miR-3065-5p	ILDR2	regulation of cell adhesion	CLIP-seq	Functional MTI (Weak)	-0.41100585794558275	0.2380272815442472	0.265722404789852	0.5696486432925559	0.47266473507010953	0.13062580898435242
hsa-miR-3065-5p	ITGAV	regulation of cell adhesion	CLIP-seq	Functional MTI (Weak)	-0.7159098326178003	0.019885596252202684	0.2301101995998879	0.4914459458601658	0.04526193879866758	0.9167902241225746
hsa-miR-3065-5p	ITPKB	regulation of cell adhesion	PAR-CLIP	Functional MTI (Weak)	0.016100666914202907	0.9647889198918691	0.5579082821184803	0.13935879782114832	0.24219986861119752	0.45332040748193686
hsa-miR-3065-5p	JAK3	regulation of cell adhesion	CLIP-seq	Functional MTI (Weak)	0.1633203043588502	0.6521147589670993	-0.13781008305409986	0.7838634791420035	-0.01313779171403729	0.9790443041882472
hsa-miR-3065-5p	LIMS1	regulation of cell adhesion	CLIP-seq	Functional MTI (Weak)	-0.294260895535236	0.4092055080490753	0.3585379388214582	0.3799401614489511	0.6155497665719804	0.05273732993658781
hsa-miR-3065-5p	MBP	regulation of cell adhesion	CLIP-seq	Functional MTI (Weak)	-0.41488089431818725	0.23318959475429082	-0.9676771684960624	0.12139164366619938	-0.2734068765642183	0.5872790502049727
hsa-miR-3065-5p	MIA3	regulation of cell adhesion	CLIP-seq	Functional MTI (Weak)	-0.6183521192272246	0.05670025310035798	-0.2231215243296255	0.5119978019418676	-0.15496173817535264	0.6311422430716715
hsa-miR-3065-5p	MMP14	regulation of cell adhesion	CLIP-seq	Functional MTI (Weak)	-0.16623456510106355	0.6462451235233637	2.8409519837168804	2.5737104182921217e-7	3.94041272200063	9.78061382191553e-27
hsa-miR-3065-5p	MMP2	regulation of cell adhesion	CLIP-seq	Functional MTI (Weak)	-0.45185873673187227	0.18985349765906115	1.319599050210207	0.00388575767073024	3.8270187131880826	1.5559493688257836e-21
hsa-miR-3065-5p	MYADM	regulation of cell adhesion	CLIP-seq	Functional MTI (Weak)	-0.5899511732653843	0.07261437832275375	-0.5348980870525811	0.12282917070995723	-0.3942540778312012	0.192486844665119
hsa-miR-3065-5p	MYO10	regulation of cell adhesion	PAR-CLIP	Functional MTI (Weak)	-0.6703013132395571	0.03391966634336755	-0.7886375138818827	0.03264099279056286	-0.1859642781660096	0.5790912319209287
hsa-miR-3065-5p	NCK2	regulation of cell adhesion	PAR-CLIP	Functional MTI (Weak)	-0.4236631817416382	0.22243313469910264	0.05643152007377388	0.8930326299227026	-0.05831615091977235	0.8863089492823749
hsa-miR-3065-5p	NFAT5	regulation of cell adhesion	CLIP-seq	Functional MTI (Weak)	-0.5970377037385163	0.0684008808019477	0.12226784150879194	0.730397034145025	-0.5137275350614874	0.05588290730029686
hsa-miR-3065-5p	NRP1	regulation of cell adhesion	CLIP-seq	Functional MTI (Weak)	-0.016006392096483784	0.9649949866530314	0.4844835166362368	0.2862470059609341	-0.7179601263166198	0.02693150276714206
hsa-miR-3065-5p	ONECUT2	regulation of cell adhesion	CLIP-seq	Functional MTI (Weak)	0.10005332252898376	0.7833112294616368	0.01180165084793148	0.9847101199887992	-0.08420905975014648	0.8728246006233216
hsa-miR-3065-5p	OPA1	regulation of cell adhesion	CLIP-seq	Functional MTI (Weak)	-0.6747602691107933	0.03231707020882015	-0.7548477659628399	0.02909197815100121	-0.4607244967808993	0.0959994202253288
hsa-miR-3065-5p	OPHN1	maintenance of postsynaptic specialization structure	CLIP-seq	Functional MTI (Weak)	-0.4769700982843662	0.1633498488339633	0.2891240143675063	0.43654214024390936	0.2184582424834636	0.47119951231895457
hsa-miR-3065-5p	PIK3R1	regulation of cell adhesion	CLIP-seq	Functional MTI (Weak)	-0.3381831142541526	0.3391832906051091	-1.0631014478048642	0.0022328676056582	-0.8590430421399302	0.00330570276393861
hsa-miR-3065-5p	PKP4	regulation of cell adhesion	CLIP-seq	Functional MTI (Weak)	-0.33703620835996057	0.34092833277814477	-1.1602037109326049	0.03343058366674207	-0.4835111389750015	0.22906639239919133
hsa-miR-3065-5p	PLXNC1	regulation of cell adhesion	CLIP-seq	Functional MTI (Weak)	-0.3444447543629502	0.32973701473111083	-0.11066541107892593	0.7969149076520265	0.30221685907944823	0.3800748324819247
hsa-miR-3065-5p	PLXND1	regulation of cell adhesion	CLIP-seq	Functional MTI (Weak)	0.3111183370782941	0.38156661066054887	0.1430297168590885	0.7661218779857657	0.17567505317915966	0.6479308199286399
hsa-miR-3065-5p	PML	regulation of cell adhesion	CLIP-seq	Functional MTI (Weak)	-0.05985396966469101	0.8695374924012433	0.4700112785010652	0.1398276071353085	-0.05905186581219129	0.8810064412441702
hsa-miR-3065-5p	PPM1F	regulation of cell adhesion	CLIP-seq	Functional MTI (Weak)	0.22839564543873558	0.5256411687812665	-0.09305656215593965	0.8463271168875803	-0.18421216469222443	0.5649829567796566
hsa-miR-3065-5p	PPP3CA	regulation of cell adhesion	CLIP-seq	Functional MTI (Weak)	-0.7304358482018312	0.01643519401961513	-0.6917388084275304	0.16728753097433532	-1.6007593763784516	3.7095816833425355e-7
hsa-miR-3065-5p	PREX1	regulation of cell adhesion	CLIP-seq	Functional MTI (Weak)	-0.30518796370998175	0.39118347140806187	-0.4272482873498112	0.2454646313900045	0.28242626516190794	0.39732759916413135
hsa-miR-3065-5p	PRICKLE1	maintenance of postsynaptic specialization structure	CLIP-seq	Functional MTI (Weak)	-0.2290445705446837	0.5244329724167427	-0.3764634805909125	0.4102190591692679	-0.6172232222978389	0.04561010145649357
hsa-miR-3065-5p	PRKAA1	regulation of cell adhesion	CLIP-seq	Functional MTI (Weak)	-0.8054276416421833	0.004921822297687542	-0.07540950288414977	0.8577631173972182	0.06382141226796124	0.8712723989673662
hsa-miR-3065-5p	PRKX	regulation of cell adhesion	CLIP-seq	Functional MTI (Weak)	-0.0570125642835096	0.8756896032867982	0.25566790313903726	0.5525781732365135	0.923142048317426	0.00625840564513506
hsa-miR-3065-5p	PTK2	regulation of cell adhesion	CLIP-seq	Functional MTI (Weak)	-0.5217784951276768	0.12188571962548772	-0.4720785795196809	0.14958843370909702	-0.13333017844702813	0.7049124371454621
hsa-miR-3065-5p	PTPN11	regulation of cell adhesion	CLIP-seq	Functional MTI (Weak)	-0.5048844888195064	0.1366496094362172	-0.6095371312768245	0.04591573554031061	-0.32572868140475764	0.29982880274124174
hsa-miR-3065-5p	PTPRJ	regulation of cell adhesion	CLIP-seq	Functional MTI (Weak)	-0.4857678128175892	0.15462243779187115	-0.962842558064723	6.659067765789295e-4	-0.22850893783761703	0.4865855825427111
hsa-miR-3065-5p	RASA1	regulation of cell adhesion	CLIP-seq	Functional MTI (Weak)	-0.6814227892507303	0.030019587766211966	-0.4258988046349429	0.2045463850130073	-0.6137978509100513	0.02240273263958129
hsa-miR-3065-5p	RDX	regulation of cell adhesion	CLIP-seq	Functional MTI (Weak)	-0.5251095680736172	0.11909732459032822	-0.1507098246151373	0.7489167623831781	0.5962656174576497	0.05325247457713904
hsa-miR-3065-5p	RHOA	regulation of cell adhesion	CLIP-seq	Functional MTI (Weak)	-0.6931161002352761	0.026261019595562776	-0.25639568457755607	0.4993325531711556	-0.02528351722846566	0.9517153194551398
hsa-miR-3065-5p	RHOH	regulation of cell adhesion	HITS-CLIP	Functional MTI (Weak)	-0.2982029553289459	0.4026590414308623	-0.7233790484403566	0.19929362714148616	1.1619108351697995	0.07236531728624451
hsa-miR-3065-5p	RREB1	regulation of cell adhesion	CLIP-seq	Functional MTI (Weak)	0.31085244765560394	0.38199528547034856	0.29813318669124556	0.5004605115045451	0.25920445802574915	0.4569952590064209
hsa-miR-3065-5p	RUNX1	regulation of cell adhesion	CLIP-seq	Functional MTI (Weak)	0.21281290211441095	0.5549885028562852	0.7483115500375639	0.13523992654045994	1.7076886505550386	7.799863812324154e-4
hsa-miR-3065-5p	S1PR1	regulation of cell adhesion	CLIP-seq	Functional MTI (Weak)	-0.12235799077938417	0.7363132643282779	-0.41156103565114815	0.2776843185791417	-0.729553462324441	0.04521534649036678
hsa-miR-3065-5p	SELE	regulation of cell adhesion	HITS-CLIP	Functional MTI (Weak)	-0.38704824409419053	0.26917431990221413	0.28834666506780726	NA	-1.4616498579325368	0.03571283576159707
hsa-miR-3065-5p	SELP	regulation of cell adhesion	CLIP-seq	Functional MTI (Weak)	-0.23016187150005782	0.5223553985582086	-0.26207422421415144	0.6001264830229978	0.2395783236559381	NA
hsa-miR-3065-5p	SERPINE2	regulation of cell adhesion	CLIP-seq	Functional MTI (Weak)	0.2397409909890073	0.504683540017386	0.2751203991780279	0.5034886966711574	-0.2175466725244966	0.5015236075320889
hsa-miR-3065-5p	SFRP2	regulation of cell adhesion	CLIP-seq	Functional MTI (Weak)	-0.5980283336575376	0.06782491061681142	0.9777393352150692	0.09759732169769592	1.8816211695938725	4.4771639925306634e-7
hsa-miR-3065-5p	SHANK2	maintenance of postsynaptic specialization structure	CLIP-seq	Functional MTI (Weak)	-0.5214038820939559	0.12220181811408252	-1.17469150219566	0.05515154008340606	-2.046350081396576	1.4309561830333096e-13
hsa-miR-3065-5p	SLC7A1	regulation of cell adhesion	CLIP-seq	Functional MTI (Weak)	0.2098657832167828	0.5606094941664556	0.24573551739854313	0.5704174716299867	-0.11992188621122166	0.7341759492384449
hsa-miR-3065-5p	SMARCA2	regulation of cell adhesion	CLIP-seq	Functional MTI (Weak)	-0.2531577540621302	0.48036476897508473	-0.522389605739592	0.10350286365001604	-0.4090852912567928	0.1141892946714854
hsa-miR-3065-5p	SNAI2	regulation of cell adhesion	CLIP-seq	Functional MTI (Weak)	-0.46132404064838334	0.17958572968834913	0.8854490933858961	0.09354906199750453	0.8108055986539839	0.09969038659820194
hsa-miR-3065-5p	SOX4	regulation of cell adhesion	HITS-CLIP	Functional MTI (Weak)	-0.3284285939931453	0.35417038517483607	2.377304420055497	9.428740349837737e-7	3.746679610393231	9.140094532761128e-15
hsa-miR-3065-5p	SPN	regulation of cell adhesion	HITS-CLIP	Functional MTI (Weak)	-0.11814527891889524	0.7451345145475539	-0.4336010590821543	0.3728068279894612	1.499374879719369	0.0077765351175542
hsa-miR-3065-5p	STK4	regulation of cell adhesion	CLIP-seq	Functional MTI (Weak)	-0.4036012087098452	0.24742692633264324	-0.5692224585315471	0.02189941667895209	-0.17869111487587577	0.5944721353721704
hsa-miR-3065-5p	STX3	regulation of cell adhesion	CLIP-seq	Functional MTI (Weak)	-0.25127949320764525	0.48373817084284043	-0.48634785971295663	0.223967247574798	-0.15242933801583816	0.6653237610863375
hsa-miR-3065-5p	TGFBR2	regulation of cell adhesion	HITS-CLIP	Functional MTI (Weak)	0.5307071490870324	0.1145019398726542	-0.13563423176822895	0.7871541256830739	0.24355510523089643	0.4940466762015731
hsa-miR-3065-5p	THBS1	regulation of cell adhesion	PAR-CLIP	Functional MTI (Weak)	0.3345960832996965	0.3446562374304019	0.6959934023701693	0.19145532884201735	1.850879581362945	4.48867962032836e-4
hsa-miR-3065-5p	TNFRSF21	regulation of cell adhesion	HITS-CLIP	Functional MTI (Weak)	-0.4701092326145556	0.17035649951523904	0.5240738969012683	0.1645497382564511	0.21994595667696865	0.5281857673058367
hsa-miR-3065-5p	TRAF6	regulation of cell adhesion	CLIP-seq	Functional MTI (Weak)	-0.4086952609467381	0.24093851728784274	0.18875048789332757	0.42417773325835295	0.03164579324868707	0.9364675300213218
hsa-miR-3065-5p	TSC1	regulation of cell adhesion	CLIP-seq	Functional MTI (Weak)	-0.5700511930360953	0.08533720827858367	-0.17197165326391547	0.5363490209904914	-0.209199240643381	0.46528529680644815
hsa-miR-3065-5p	VAV3	regulation of cell adhesion	CLIP-seq	Functional MTI (Weak)	-0.17364883195922018	0.6313916060062899	0.14449683525685572	0.7732714708928358	-0.7363715055675439	0.03846618652991011
hsa-miR-3065-5p	ZBTB7B	regulation of cell adhesion	CLIP-seq	Functional MTI (Weak)	0.040856951307431444	0.9107744617836875	0.06288747602076006	0.9035703644214712	0.41228379877427873	0.16971296411290537
hsa-miR-3065-5p	ZFHX3	regulation of cell adhesion	CLIP-seq	Functional MTI (Weak)	-0.008855766192562554	0.9806295306226366	-0.2151266963280616	0.6302030541285747	-0.4071973244840653	0.2865525722761762
hsa-miR-3144-3p	ADAM22	regulation of cell adhesion	CLIP-seq	Functional MTI (Weak)	-0.23766347526292128	0.5084946934562979	-0.12365839818256232	0.8128081031158143	-0.2838464715330209	0.39539688842780457
hsa-miR-3144-3p	ANK3	regulation of cell adhesion	CLIP-seq	Functional MTI (Weak)	-0.38446751111863126	0.27265586264866537	-0.4892710766184341	0.33143630896979914	-0.9916699350770068	0.0319083448445974
hsa-miR-3144-3p	ARF6	synaptic vesicle recycling;maintenance of postsynaptic specialization structure	CLIP-seq	Functional MTI (Weak)	-0.4683383349381653	0.1721936291335357	-0.27550235180085375	0.3350367851148009	-0.03014866584648755	0.9449017397518656
hsa-miR-3144-3p	ARID1B	regulation of cell adhesion	CLIP-seq	Functional MTI (Weak)	-0.24895642157515277	0.4879245836195705	0.28536909475418937	0.1308706779043425	0.03003104822494733	0.9391401680407376
hsa-miR-3144-3p	ARID2	regulation of cell adhesion	CLIP-seq	Functional MTI (Weak)	-0.22687722445524305	0.5284726565873474	0.5262366864815017	0.04259429733312119	0.3939575738400275	0.1935933680837563
hsa-miR-3144-3p	ATM	regulation of cell adhesion	CLASH	Functional MTI (Weak)	-0.3182494576007111	0.3701578296432304	0.12398251924334672	0.7538188593009384	0.4568905284790109	0.0951842966332544
hsa-miR-3144-3p	BCL2	regulation of cell adhesion	CLIP-seq	Functional MTI (Weak)	-0.6760456198419228	0.03186483742932734	-0.02459349587123031	0.9591566642557132	-0.07111168545117588	0.8660962596800641
hsa-miR-3144-3p	CD164	regulation of cell adhesion	CLIP-seq	Functional MTI (Weak)	-0.7538781919210763	0.011781528675461067	0.08064456303809381	0.8572278955656903	0.12415353152989872	0.7450012490861179
hsa-miR-3144-3p	CD55	regulation of cell adhesion	HITS-CLIP	Functional MTI (Weak)	-0.5384173581903486	0.10835642915257059	-0.5270210954873937	0.18661637711934256	0.0755519716012388	0.8523832901336128
hsa-miR-3144-3p	CTNNB1	synaptic vesicle clustering	HITS-CLIP	Functional MTI (Weak)	-0.11265111406423828	0.7566791408932021	-0.11022945166786198	0.7755578045724921	0.2437501933668772	0.40539778383227987
hsa-miR-3144-3p	ECM2	regulation of cell adhesion	CLIP-seq	Functional MTI (Weak)	-0.4505792888590779	0.19126722843310096	0.6009459494370929	0.21958359356265747	1.6157139349895744	4.181194470812915e-4
hsa-miR-3144-3p	FGL2	regulation of cell adhesion	CLIP-seq	Functional MTI (Weak)	-0.4220576857046005	0.22437798738264694	-0.19554434678707877	0.6906391439252417	1.5830594205083253	1.111676411391358e-4
hsa-miR-3144-3p	FN1	regulation of cell adhesion	CLIP-seq	Functional MTI (Weak)	0.08091604080290656	0.8241505310441137	0.7505152031111207	0.15209786431273703	0.20845592811531327	0.5523601610080698
hsa-miR-3144-3p	FUT9	regulation of cell adhesion	CLIP-seq	Functional MTI (Weak)	-0.34174632001666894	0.33379104376814966	-0.6167614537889294	0.1955089852914166	-0.9323989347114192	0.01575003994639358
hsa-miR-3144-3p	GRIP1	neurotransmitter receptor transport, endosome to postsynaptic membrane;neurotransmitter receptor transport to plasma membrane;neurotransmitter receptor transport	CLIP-seq	Functional MTI (Weak)	0.023759765667044727	0.9480548436400389	-0.07347836223353142	0.8938366960368413	-0.455206162748002	0.23883071164173103
hsa-miR-3144-3p	GSK3B	regulation of cell adhesion	CLIP-seq	Functional MTI (Weak)	-0.369027426712647	0.29399331376981763	-0.1774066653871628	0.6516319406860962	-0.07489670426687162	0.8425894843579846
hsa-miR-3144-3p	LIMCH1	regulation of cell adhesion	CLIP-seq	Functional MTI (Weak)	-0.6057922077921213	0.06342040586148709	-0.922261691182054	0.01780012001841209	-0.4692140647436101	0.19178540762746363
hsa-miR-3144-3p	LIMS1	regulation of cell adhesion	CLIP-seq	Functional MTI (Weak)	-0.37585367711933104	0.28445276337845504	0.3585379388214582	0.3799401614489511	0.6155497665719804	0.05273732993658781
hsa-miR-3144-3p	LOXL3	regulation of cell adhesion	CLIP-seq	Functional MTI (Weak)	0.00830157248030013	0.9818415616426962	1.1058708258174423	0.03333402067724976	1.9051697998796384	3.545712976082539e-5
hsa-miR-3144-3p	NLGN1	regulation of synaptic vesicle endocytosis;regulation of synaptic vesicle recycling;synaptic vesicle recycling;synaptic vesicle clustering	CLIP-seq	Functional MTI (Weak)	-0.15661459656954665	0.6656858246888495	0.1304059628700841	0.7800174440205881	0.3058698409337066	0.3631772574268526
hsa-miR-3144-3p	OPHN1	regulation of synaptic vesicle endocytosis;regulation of synaptic vesicle recycling;synaptic vesicle recycling;maintenance of postsynaptic specialization structure	CLIP-seq	Functional MTI (Weak)	-0.30882443121500597	0.38527264996318444	0.2891240143675063	0.43654214024390936	0.2184582424834636	0.47119951231895457
hsa-miR-3144-3p	PLEKHA2	regulation of cell adhesion	CLIP-seq	Functional MTI (Weak)	-0.34451675437310353	0.3296291943831215	0.1500478371863527	0.7066000802025506	0.08120110759313919	0.8590464797759698
hsa-miR-3144-3p	PRKAR1A	regulation of cell adhesion	CLIP-seq	Functional MTI (Weak)	-0.6179820384227498	0.05689120977830004	-0.4967667637500969	0.16547135545515682	-0.4859701271698943	0.1419670647043388
hsa-miR-3144-3p	PRKX	regulation of cell adhesion	CLIP-seq	Functional MTI (Weak)	-0.28421995493214	0.4261054330476669	0.25566790313903726	0.5525781732365135	0.923142048317426	0.00625840564513506
hsa-miR-3144-3p	PRLR	regulation of cell adhesion	CLIP-seq	Functional MTI (Weak)	-0.23227551707099783	0.5184344253535824	-0.4753491225553311	0.33648174895682126	-0.2810966682767825	0.5254055584586254
hsa-miR-3144-3p	PTEN	synaptic vesicle clustering;regulation of cell adhesion	PAR-CLIP	Functional MTI (Weak)	-0.13928642875344285	0.7011536301642085	-0.16184559884205887	0.6884839524473508	-0.1817278431651463	0.6004070689960846
hsa-miR-3144-3p	RAB5A	synaptic vesicle recycling	CLIP-seq	Functional MTI (Weak)	-0.31554362042474127	0.3744667022871029	-0.23785139580629164	0.5273926597748556	-0.09415750067693816	0.8060454388337116
hsa-miR-3144-3p	RDX	regulation of cell adhesion	CLIP-seq	Functional MTI (Weak)	-0.44211044481341993	0.20077997043117382	-0.1507098246151373	0.7489167623831781	0.5962656174576497	0.05325247457713904
hsa-miR-3144-3p	RREB1	regulation of cell adhesion	CLIP-seq	Functional MTI (Weak)	-0.33190524786557135	0.34879107027394685	0.29813318669124556	0.5004605115045451	0.25920445802574915	0.4569952590064209
hsa-miR-3144-3p	RUNX1	regulation of cell adhesion	CLIP-seq	Functional MTI (Weak)	-0.2692298002126282	0.4519244121554711	0.7483115500375639	0.13523992654045994	1.7076886505550386	7.799863812324154e-4
hsa-miR-3144-3p	STK4	regulation of cell adhesion	CLIP-seq	Functional MTI (Weak)	-0.580551138524452	0.07845882126352353	-0.5692224585315471	0.02189941667895209	-0.17869111487587577	0.5944721353721704
hsa-miR-3144-3p	STX3	neurotransmitter receptor transport to plasma membrane;neurotransmitter receptor transport;regulation of cell adhesion	CLIP-seq	Functional MTI (Weak)	-0.29639320633171934	0.4056581964456438	-0.48634785971295663	0.223967247574798	-0.15242933801583816	0.6653237610863375
hsa-miR-3144-3p	SYT11	regulation of synaptic vesicle endocytosis;regulation of synaptic vesicle recycling;synaptic vesicle recycling	CLIP-seq	Functional MTI (Weak)	-0.3659047909385691	0.29841380005672324	-0.2461330855432168	0.5709332368637362	0.04377663487744725	0.911942230835918
hsa-miR-3144-3p	TBC1D24	synaptic vesicle recycling	CLIP-seq	Functional MTI (Weak)	-0.3619013135282734	0.30413260260097824	-0.28583512559337126	0.5104362916283313	-0.9307949953477798	9.847240441407275e-4
hsa-miR-3144-3p	TMX1	regulation of cell adhesion	CLIP-seq	Functional MTI (Weak)	-0.5504028303480305	0.09922311146594068	0.5644324171023809	0.1235269528072868	0.8102065157074585	0.01586316118684269
hsa-miR-3144-3p	TWSG1	regulation of cell adhesion	CLIP-seq	Functional MTI (Weak)	-0.5829441534172064	0.07694309345465988	-0.13090966577737906	0.7668577921859295	-0.04432399993965415	0.9220299924990136
hsa-miR-3144-3p	VAMP4	regulation of synaptic vesicle endocytosis;regulation of synaptic vesicle recycling;synaptic vesicle recycling;neurotransmitter receptor transport, endosome to postsynaptic membrane;neurotransmitter receptor transport to plasma membrane;neurotransmitter receptor transport	CLIP-seq	Functional MTI (Weak)	-0.39882382082148504	0.25359952507923583	-0.10728974051246164	0.8062681041785887	-0.4195456513216189	0.1586395249252011
hsa-miR-3144-3p	VAV3	regulation of cell adhesion	CLIP-seq	Functional MTI (Weak)	-0.20350570516480262	0.5728141365956183	0.14449683525685572	0.7732714708928358	-0.7363715055675439	0.03846618652991011
hsa-miR-3144-3p	VCAM1	regulation of cell adhesion	CLIP-seq	Functional MTI (Weak)	-0.2721812237980977	0.4467860768344729	1.0190363752016758	0.10202249566845892	3.599286394097737	1.8467252136492896e-7
hsa-miR-3144-3p	ZFHX3	regulation of cell adhesion	CLIP-seq	Functional MTI (Weak)	-0.71568097087889615	0.019943647437552434	-0.2151266963280616	0.6302030541285747	-0.4071973244840653	0.2865525722761762
hsa-miR-3179	ABL1	regulation of cell adhesion	CLIP-seq	Functional MTI (Weak)	-0.30532506012883853	0.39095983874730966	0.3947895082350957	0.264962494820522	0.6856971827581531	0.01505891265315526
hsa-miR-3179	ABL2	regulation of cell adhesion	CLIP-seq	Functional MTI (Weak)	-0.501141584102854	0.14006217331014398	0.1939906239170606	0.4344392797755857	0.10685985123167084	0.7591004295425327
hsa-miR-3179	ACTB	synaptic vesicle recycling;regulation of cell adhesion	CLIP-seq	Functional MTI (Weak)	-0.011399996063154522	0.9750657492332895	-0.08829659751954676	0.8170560912559548	0.10966822282189412	0.7828137854995252
hsa-miR-3179	ACTN4	regulation of cell adhesion	CLIP-seq	Functional MTI (Weak)	-0.1833663315096182	0.6121029833793448	-0.09586391650449654	0.8323828945511165	-0.07753010207817058	0.8473190716646494
hsa-miR-3179	AIF1	regulation of cell adhesion	CLIP-seq	Functional MTI (Weak)	-0.4884785131828223	0.15199150409996068	-0.47428781265695713	0.3446592101589681	0.5734833526004893	0.2012461443229696
hsa-miR-3179	AKT1	regulation of cell adhesion	CLIP-seq	Functional MTI (Weak)	-0.4252710233184208	0.22049511134825003	-0.07492509110275754	0.792228867753135	0.08659208216617169	0.8080859408170249
hsa-miR-3179	ANK3	regulation of cell adhesion	CLIP-seq	Functional MTI (Weak)	-0.5462746805056803	0.10231157055623805	-0.4892710766184341	0.33143630896979914	-0.9916699350770068	0.0319083448445974
hsa-miR-3179	AP1G1	synaptic vesicle recycling	CLIP-seq	Functional MTI (Weak)	-0.5465038928268103	0.10213851225646157	-0.34918100449906775	0.3572562723650994	-0.2031041351484681	0.49737739504212064
hsa-miR-3179	AP2B1	synaptic vesicle recycling	CLIP-seq	Functional MTI (Weak)	-0.22474489871534767	0.5324593486955707	-0.34231456782562003	0.37550557993930994	-0.31205264742889627	0.27393514111947914
hsa-miR-3179	AP2S1	synaptic vesicle recycling	CLIP-seq	Functional MTI (Weak)	-0.6364428354120795	0.04787523401414629	-0.4739985894696246	0.16983835892485455	-0.4385724906776009	0.1400244626374373
hsa-miR-3179	APOA1	regulation of cell adhesion	PAR-CLIP	Functional MTI (Weak)	0.2476055223715541	0.4903661837172274	-0.5656326880680893	0.2922528594671821	-0.17696915552217257	NA
hsa-miR-3179	ARF6	synaptic vesicle recycling	CLIP-seq	Functional MTI (Weak)	-0.18614903805371433	0.6066181496352698	-0.27550235180085375	0.3350367851148009	-0.03014866584648755	0.9449017397518656
hsa-miR-3179	BRD2	regulation of cell adhesion	CLIP-seq	Functional MTI (Weak)	-0.39478876301764865	0.25887882394779516	-0.19417618019423563	0.3891700426635686	0.08605341364221823	0.8092562556479214
hsa-miR-3179	CALR	regulation of cell adhesion	PAR-CLIP	Functional MTI (Weak)	-0.2747851622486119	0.4422748476874243	0.5926205800256364	0.13066798208815736	0.762172478170166	0.0210712974041241
hsa-miR-3179	CD44	regulation of cell adhesion	CLIP-seq	Functional MTI (Weak)	0.29681940447845584	0.4049509359424496	1.4126337766272137	0.02999634146205216	3.3644185089916716	3.9956241075523115e-12
hsa-miR-3179	CDC42	regulation of cell adhesion	CLIP-seq	Functional MTI (Weak)	-0.24117134989572647	0.5020665883630556	-0.2843544626488061	0.4085459390457796	0.23576143903538127	0.4347826000692605
hsa-miR-3179	CDSN	regulation of cell adhesion	CLIP-seq	Functional MTI (Weak)	-0.2179177293326456	0.5453046152636292	-0.02958631682103288	NA	-0.09521760369141266	NA
hsa-miR-3179	CELSR2	regulation of cell adhesion	CLIP-seq	Functional MTI (Weak)	-0.5060417510884619	0.13560492206520183	-0.5408595640980056	0.20691590806077145	-0.9459792723803978	0.00399006163765123
hsa-miR-3179	CLDN7	regulation of cell adhesion	CLIP-seq	Functional MTI (Weak)	-0.5647308475418888	0.08896557040525133	-0.4956498920821138	0.34431816286545197	0.3596613137899118	NA
hsa-miR-3179	COL1A1	regulation of cell adhesion	CLIP-seq	Functional MTI (Weak)	0.47482448676915145	0.16552213422481674	0.23048877092568093	0.6545623551777044	2.104492699103356	3.977274704884288e-4
hsa-miR-3179	CXCL12	regulation of cell adhesion	CLIP-seq	Functional MTI (Weak)	0.45665987258407625	0.18460328667777517	0.14734226307996356	0.7712380482713379	0.5565728652689194	0.16326483223763866
hsa-miR-3179	DAB2	regulation of cell adhesion	PAR-CLIP	Functional MTI (Weak)	0.48399263890723965	0.1563601906327759	0.9576321826995884	0.00987677429732496	1.962598674954103	2.1158978015185683e-8
hsa-miR-3179	DDR1	regulation of cell adhesion	CLIP-seq	Functional MTI (Weak)	-0.15866454248984888	0.6615276377649326	0.6357903466095625	0.11079010869407956	1.1055994257004322	4.247138829861387e-4
hsa-miR-3179	DNM1	synaptic vesicle recycling	CLIP-seq	Functional MTI (Weak)	-0.5733119365295333	0.08316120125759903	-0.8070162147381488	0.1497229048752645	-2.047925565656441	2.9759973148084833e-13
hsa-miR-3179	EGR3	regulation of cell adhesion	CLIP-seq	Functional MTI (Weak)	-0.21213692528875458	0.556275837044326	-3.5563627817361527	7.144193488803831e-9	-3.8894307404168487	5.320613573036687e-13
hsa-miR-3179	EMP2	regulation of cell adhesion	CLIP-seq	Functional MTI (Weak)	0.19289636441863137	0.5933925252417594	0.8406246521983037	0.03252895129072792	0.3857162293424096	0.23944208110381335
hsa-miR-3179	EPB41L4B	regulation of cell adhesion	PAR-CLIP	Functional MTI (Weak)	-0.19155898791956408	0.5960055653958827	-0.395083167470936	0.408730712033346	-1.3038259785576418	1.8040568932245475e-5
hsa-miR-3179	GLI3	regulation of cell adhesion	CLIP-seq	Functional MTI (Weak)	-0.15155977468790857	0.6759741342188679	0.23901998640651112	0.5773785759718589	0.09785085904563806	0.815620194306967
hsa-miR-3179	GSK3B	regulation of cell adhesion	CLIP-seq	Functional MTI (Weak)	0.1544163100483589	0.6701540418104877	-0.1774066653871628	0.6516319406860962	-0.07489670426687162	0.8425894843579846
hsa-miR-3179	HLA-E	regulation of cell adhesion	CLIP-seq	Functional MTI (Weak)	-0.10745233510139164	0.7676431789631932	-1.083810743754377	0.02146511463139117	0.22501056389448712	0.539540918423014
hsa-miR-3179	IGF1	regulation of cell adhesion	CLIP-seq	Functional MTI (Weak)	0.17564927637452007	0.6274039790940642	-1.5239238629573042	0.02406039801131721	-0.3064943061529451	0.550988774824936
hsa-miR-3179	IGF2	regulation of cell adhesion	CLIP-seq	Functional MTI (Weak)	0.6769593381287248	0.03154598755783	0.04070648593091446	0.9444950562018416	-0.01928596989205108	0.9684969003280752
hsa-miR-3179	IHH	regulation of cell adhesion	CLIP-seq	Functional MTI (Weak)	-0.5210703559461474	0.1224836759506221	-0.2265626296262937	0.6579706198507004	0.18215995385441572	NA
hsa-miR-3179	IL1A	regulation of cell adhesion	CLIP-seq	Functional MTI (Weak)	-0.32775365361423997	0.35521951250666334	-0.07322737055355269	0.900061314563188	0.3379959490478767	0.5095140735793291
hsa-miR-3179	ILK	regulation of cell adhesion	PAR-CLIP	Functional MTI (Weak)	-0.5376444499053199	0.10896290015301151	-0.1369670410332549	0.6621216863453743	-0.01156941925584579	0.9811682181704282
hsa-miR-3179	ITGA3	regulation of cell adhesion	CLIP-seq	Functional MTI (Weak)	-0.2685095910746301	0.4531823004585278	0.7849818601025054	0.1112959428038407	0.20779358500543543	0.5693454755409555
hsa-miR-3179	JAK3	regulation of cell adhesion	CLIP-seq	Functional MTI (Weak)	-0.5871030420515495	0.07435424969668905	-0.13781008305409986	0.7838634791420035	-0.01313779171403729	0.9790443041882472
hsa-miR-3179	KLHL25	regulation of cell adhesion	CLIP-seq	Functional MTI (Weak)	-0.35407196225818066	0.31548243336861065	1.852548593583704	0.00406186637310399	1.4411025125809058	1.7514100511952752e-4
hsa-miR-3179	LIMS1	regulation of cell adhesion	CLIP-seq	Functional MTI (Weak)	-0.042461200681714925	0.9072834077432987	0.3585379388214582	0.3799401614489511	0.6155497665719804	0.05273732993658781
hsa-miR-3179	MINK1	regulation of cell adhesion	HITS-CLIP	Functional MTI (Weak)	-0.39936921640377004	0.252890573039368	-0.6026684436288415	0.13963381417283088	-0.9886686050756476	0.0046128992113462
hsa-miR-3179	MMP2	regulation of cell adhesion	CLIP-seq	Functional MTI (Weak)	-0.10400674193556204	0.7749304379851679	1.319599050210207	0.00388575767073024	3.8270187131880826	1.5559493688257836e-21
hsa-miR-3179	MX1	synaptic vesicle recycling	CLIP-seq	Functional MTI (Weak)	0.11226853597298576	0.7574846773727147	0.0178505422852784	0.9738405464957494	0.5820706305232373	0.10060292076772584
hsa-miR-3179	MYLK	synaptic vesicle recycling	CLIP-seq	Functional MTI (Weak)	-0.24243411528909378	0.4997610355607568	-0.33699532223101936	0.381137334513114	-0.3429380175177532	0.25707169954247683
hsa-miR-3179	NF1	regulation of cell adhesion	CLIP-seq	Functional MTI (Weak)	-0.19024126482960893	0.5985842871006274	-0.2449914792259588	0.4909983447812406	-0.23803968872070785	0.4120180560494533
hsa-miR-3179	NF2	regulation of cell adhesion	CLIP-seq	Functional MTI (Weak)	-0.4594949964056579	0.18154362340269006	-0.1568125785431315	0.6798617806009228	-0.628166436677079	0.01463825228834274
hsa-miR-3179	NFAT5	regulation of cell adhesion	PAR-CLIP	Functional MTI (Weak)	-0.5849843168904625	0.0756659435445299	0.12226784150879194	0.730397034145025	-0.5137275350614874	0.05588290730029686
hsa-miR-3179	NRARP	regulation of cell adhesion	CLIP-seq	Functional MTI (Weak)	0.15219502619146966	0.6746784821196745	0.6745732544798557	0.12989765767998254	0.2825637492145338	0.42127611682421023
hsa-miR-3179	ONECUT1	regulation of cell adhesion	PAR-CLIP	Functional MTI (Weak)	-0.7099022036745795	0.021448560365637054	-0.06448370660273857	0.9133383213030568	0.15103020709634024	0.7783502643348589
hsa-miR-3179	OPA1	regulation of cell adhesion	CLIP-seq	Functional MTI (Weak)	-0.4983999583097349	0.14259460913774524	-0.7548477659628399	0.02909197815100121	-0.4607244967808993	0.0959994202253288
hsa-miR-3179	OPHN1	synaptic vesicle recycling	CLIP-seq	Functional MTI (Weak)	-0.5802194363272968	0.07867043189521512	0.2891240143675063	0.43654214024390936	0.2184582424834636	0.47119951231895457
hsa-miR-3179	P4HB	regulation of cell adhesion	CLIP-seq	Functional MTI (Weak)	-0.1695846573359818	0.6395193392749254	0.8502730073274399	0.00985848293495086	0.9094468950322566	0.00798461345898754
hsa-miR-3179	PDGFB	regulation of cell adhesion	PAR-CLIP	Functional MTI (Weak)	0.0883255116368359	0.808288224629613	-0.8827344311549205	0.05280942866347311	-0.5460287195710004	0.08195251168695304
hsa-miR-3179	PDPK1	regulation of cell adhesion	CLIP-seq	Functional MTI (Weak)	-0.667242309263425	0.035049735309983863	-0.4552579191102816	0.23230491696519187	-0.9573378448171956	4.596855727047739e-4
hsa-miR-3179	PEAK1	regulation of cell adhesion	CLIP-seq	Functional MTI (Weak)	-0.5394305378527665	0.1075646504847243	-0.00596404958994618	0.9838532958934716	0.07835377196626106	0.8256921295759306
hsa-miR-3179	PICALM	synaptic vesicle recycling	CLIP-seq	Functional MTI (Weak)	-0.401689258457207	0.24988709602278975	-0.6684134516280785	0.059594174513437403	-0.2957967127592489	0.38312059309693014
hsa-miR-3179	PIK3R2	regulation of cell adhesion	CLIP-seq	Functional MTI (Weak)	-0.37267476246311504	0.28887467614947654	-0.3240774481695373	0.5044118349819116	-0.7440347823638219	0.0325459702551257
hsa-miR-3179	PODXL	regulation of cell adhesion	CLIP-seq	Functional MTI (Weak)	0.29197366930867175	0.413026821260567	0.43936068332857975	0.3277434802142445	0.1229578260312023	0.7376024985604075
hsa-miR-3179	PPP1CB	regulation of cell adhesion	CLIP-seq	Functional MTI (Weak)	-0.027071135125644116	0.9408252706084221	-0.13620350937246675	0.7394494800367926	-0.02872027116605277	0.94677429315628
hsa-miR-3179	PPP1R12A	regulation of cell adhesion	CLIP-seq	Functional MTI (Weak)	-0.3331643568842587	0.34685316359865626	-0.20321303016268827	0.5194521919998426	-0.5216708322653699	0.04799268558807335
hsa-miR-3179	PPP3CB	synaptic vesicle recycling	CLIP-seq	Functional MTI (Weak)	-0.3086851126441595	0.3854982963295386	-0.9375566426783598	0.06447512175318494	-1.1898540945938392	1.487884743509103e-4
hsa-miR-3179	PTK2	regulation of cell adhesion	CLIP-seq	Functional MTI (Weak)	-0.40531008133911195	0.24523954705049694	-0.4720785795196809	0.14958843370909702	-0.13333017844702813	0.7049124371454621
hsa-miR-3179	PTPN1	regulation of cell adhesion	CLIP-seq	Functional MTI (Weak)	-0.12132976138090079	0.738463818746256	-0.13869961078972534	0.6522591394623514	-0.06073340135373475	0.8727078810968486
hsa-miR-3179	RAC1	regulation of cell adhesion	CLIP-seq	Functional MTI (Weak)	-0.14857063534853773	0.6820809882613125	-0.4319911110144344	0.15605880709887354	-0.07051631073854807	0.8558729531036781
hsa-miR-3179	RARA	regulation of cell adhesion	CLIP-seq	Functional MTI (Weak)	0.16250357520548728	0.6537628454002011	0.34218355284759816	0.40729610922473214	0.09420841748274018	0.8264137109232925
hsa-miR-3179	RC3H1	regulation of cell adhesion	CLIP-seq	Functional MTI (Weak)	-0.5995739824058542	0.06693258832440106	0.3974613015290842	0.12893230797406502	0.25901751134636747	0.4039796144554432
hsa-miR-3179	RCC2	regulation of cell adhesion	CLIP-seq	Functional MTI (Weak)	-0.5050930258032607	0.13646099448881088	0.7118398624676628	0.02250859675453391	0.9416459157566314	0.00577056767712831
hsa-miR-3179	RHOD	regulation of cell adhesion	CLIP-seq	Functional MTI (Weak)	-0.5165834148522096	0.12631482222411	0.02655254310568047	NA	0.18953023861827212	NA
hsa-miR-3179	RUNX1	regulation of cell adhesion	CLIP-seq	Functional MTI (Weak)	0.15101132154199617	0.6770933698169094	0.7483115500375639	0.13523992654045994	1.7076886505550386	7.799863812324154e-4
hsa-miR-3179	SEMA5A	regulation of cell adhesion	CLIP-seq	Functional MTI (Weak)	-0.2341279450251199	0.5150080508254847	0.02422859283908714	0.9603265382501028	0.8716701593382282	0.01593023080064314
hsa-miR-3179	SNAI2	regulation of cell adhesion	CLIP-seq	Functional MTI (Weak)	0.5037207195854042	0.1377051393342165	0.8854490933858961	0.09354906199750453	0.8108055986539839	0.09969038659820194
hsa-miR-3179	SOX12	regulation of cell adhesion	CLIP-seq	Functional MTI (Weak)	-0.49968669732828297	0.1414025942942931	0.774827166103738	0.01392368453912973	0.8591310727908155	0.00368862703033081
hsa-miR-3179	SOX13	regulation of cell adhesion	CLIP-seq	Functional MTI (Weak)	-0.18193843160137912	0.6149242060601199	1.407680596363272	3.613106850848082e-4	1.5749701309175794	8.324362948969677e-6
hsa-miR-3179	SOX4	regulation of cell adhesion	CLIP-seq	Functional MTI (Weak)	-0.2708365879586747	0.4491237487512856	2.377304420055497	9.428740349837737e-7	3.746679610393231	9.140094532761128e-15
hsa-miR-3179	SPOCK2	regulation of cell adhesion	CLIP-seq	Functional MTI (Weak)	-0.15403233411192818	0.670935468599599	0.00731978242215701	0.9909803345354604	-0.2741164476375643	0.32402014032688675
hsa-miR-3179	STK4	regulation of cell adhesion	CLIP-seq	Functional MTI (Weak)	-0.427030779612021	0.21838507422508202	-0.5692224585315471	0.02189941667895209	-0.17869111487587577	0.5944721353721704
hsa-miR-3179	SYT7	synaptic vesicle recycling	PAR-CLIP	Functional MTI (Weak)	-0.13453579982123712	0.7109720810789004	-1.3845243793368485	0.0252798820446987	-2.8875839473817035	4.667521612255754e-26
hsa-miR-3179	TFE3	regulation of cell adhesion	CLIP-seq	Functional MTI (Weak)	-0.2298730181947546	0.5228921854055748	3.284817102438118e-5	0.9999905272363364	-0.32208481261748084	0.256412197193691
hsa-miR-3179	TGM2	regulation of cell adhesion	CLIP-seq	Functional MTI (Weak)	-0.0996924484605214	0.784077254108987	0.4465676470178526	0.34668294466554433	-0.33087279733548675	0.3222874409584754
hsa-miR-3179	TMX1	regulation of cell adhesion	CLIP-seq	Functional MTI (Weak)	-0.009564575186565755	0.9790794056883674	0.5644324171023809	0.1235269528072868	0.8102065157074585	0.01586316118684269
hsa-miR-3179	TWSG1	regulation of cell adhesion	CLIP-seq	Functional MTI (Weak)	-0.025237104729696525	0.9448289814088915	-0.13090966577737906	0.7668577921859295	-0.04432399993965415	0.9220299924990136
hsa-miR-3179	UTRN	regulation of cell adhesion	CLIP-seq	Functional MTI (Weak)	0.2396270334712979	0.5048922803689508	0.01080366888788849	0.9838532958934716	-0.2411824619539126	0.45727299252201953
hsa-miR-3179	VAMP2	synaptic vesicle recycling	CLIP-seq	Functional MTI (Weak)	-0.39888472654156837	0.2535202999679932	-1.6075219885538978	0.00484578034298435	-1.7275283837220328	1.941895954196537e-4
hsa-miR-3179	VEGFA	regulation of cell adhesion	CLIP-seq	Functional MTI (Weak)	0.1821637763306459	0.6144786701315161	3.446263695710663	1.6120471818951672e-6	1.6767406805403071	4.862036467745842e-4
hsa-miR-3179	VTCN1	regulation of cell adhesion	CLIP-seq	Functional MTI (Weak)	-0.1183486771153607	0.7447079848988309	-1.0293368531881597	0.1133226001441088	0.2732180335415803	NA
hsa-miR-3179	WNT3A	synaptic vesicle recycling;regulation of cell adhesion	CLIP-seq	Functional MTI (Weak)	0.16250319194034635	0.6537636191120408	-0.2815012016573856	NA	0	NA
hsa-miR-3179	ZBTB7B	regulation of cell adhesion	PAR-CLIP	Functional MTI (Weak)	-0.2767426731597347	0.4388972853749882	0.06288747602076006	0.9035703644214712	0.41228379877427873	0.16971296411290537
hsa-miR-320b	ABCA12	regulation of cell adhesion;regulation of cell-cell adhesion;cell-cell adhesion	CLIP-seq	Functional MTI (Weak)	-0.18713306840270344	0.6046827916285876	-0.620087811311526	0.2572613610096228	-0.344823188774445	0.49909298855951795
hsa-miR-320b	ACTL6A	regulation of cell adhesion;leukocyte cell-cell adhesion;regulation of cell-cell adhesion;cell-cell adhesion	CLIP-seq	Functional MTI (Weak)	-0.5920758021343303	0.07133387548310781	0.5008708347410921	0.24186374882945272	1.1867069347237926	0.00119340622839713
hsa-miR-320b	ADAM10	regulation of cell adhesion	CLIP-seq	Functional MTI (Weak)	-0.7568855185170337	0.01126067066958109	-0.04884278022400494	0.9029248734295464	0.24353964157258912	0.4569665985053652
hsa-miR-320b	ADAM19	regulation of cell adhesion;regulation of cell-cell adhesion;cell-cell adhesion	CLIP-seq	Functional MTI (Weak)	-0.48961045994504904	0.150900952050565	-0.678379907994864	0.13722089496768688	-0.1205635655639332	0.7567903174615677
hsa-miR-320b	ADAM9	regulation of cell adhesion;cell adhesion mediated by integrin;cell-cell adhesion;regulation of cell adhesion mediated by integrin	CLIP-seq	Functional MTI (Weak)	-0.03731951916799005	0.9184771557176661	0.8873342492540748	0.02362268929283467	0.6183213746583744	0.05144254252200642
hsa-miR-320b	ASS1	regulation of cell adhesion;leukocyte cell-cell adhesion;regulation of cell-cell adhesion;cell-cell adhesion	CLIP-seq	Functional MTI (Weak)	-0.33766536186818513	0.3399704955009033	-0.16401205873552693	0.751675722228061	-0.09706909238633785	0.8329673860133568
hsa-miR-320b	BAG4	regulation of cell adhesion	CLIP-seq	Functional MTI (Weak)	-0.7767864368375105	0.008213577499762356	-0.26523399111557294	0.556831750815227	-0.6104958855992133	0.03785715695212485
hsa-miR-320b	BCL10	regulation of cell adhesion;leukocyte cell-cell adhesion;regulation of cell-cell adhesion;cell-cell adhesion	CLIP-seq	Functional MTI (Weak)	-0.21119646826773616	0.5580687783317392	0.49027313428153574	0.14764122999731308	0.1426243341553147	0.6906587447134992
hsa-miR-320b	BMI1	regulation of cell adhesion;leukocyte cell-cell adhesion;regulation of cell-cell adhesion;cell-cell adhesion	CLIP-seq	Functional MTI (Weak)	-0.6122752454264218	0.05988979555233168	0.27898497699861374	0.4524195459330883	0.25904876829787543	0.4216849922923987
hsa-miR-320b	CADM3	cell-cell adhesion	CLIP-seq	Functional MTI (Weak)	-0.6732794019228638	0.03284347582175167	-0.22109800508553068	0.6551088898944791	-0.19477058469942576	0.5680139247880094
hsa-miR-320b	CASP3	regulation of cell adhesion;leukocyte cell-cell adhesion;regulation of cell-cell adhesion;cell-cell adhesion	CLIP-seq	Functional MTI (Weak)	-0.7476524942096642	0.012913109020861893	0.240060606564573	0.4294264950817537	0.43983805699139505	0.1573060714655645
hsa-miR-320b	CD2AP	cell-cell adhesion	CLIP-seq	Functional MTI (Weak)	-0.5769352246931284	0.08078553842699271	0.47238491398255344	0.23430755839459963	0.2908037862297811	0.3822473420957984
hsa-miR-320b	CD47	regulation of cell adhesion;leukocyte cell-cell adhesion;regulation of cell-cell adhesion;cell-cell adhesion	CLIP-seq	Functional MTI (Weak)	-0.7007384870262896	0.023992704936291676	-0.14144089553206138	0.7579038778205872	-0.1767852556579346	0.5579847268444224
hsa-miR-320b	CDH1	regulation of cell adhesion;regulation of cell-cell adhesion;cell-cell adhesion	CLIP-seq	Functional MTI (Weak)	-0.5613038119998135	0.09135421915360184	0.01921045777867776	0.9751027234777048	1.2757289184615952	0.01240717213494231
hsa-miR-320b	CDK6	regulation of cell adhesion	CLIP-seq	Functional MTI (Weak)	-0.4798466927119642	0.1604644759089306	0.2236170967268815	0.6349681975978196	0.4126891497442633	0.192794138369704
hsa-miR-320b	CLDN12	cell-cell adhesion	CLASH	Functional MTI (Weak)	0.010072483455458898	0.9779686777179954	1.230988131860788	0.00971390219099637	0.2337131993223644	0.4861455027486364
hsa-miR-320b	CORO1C	regulation of cell adhesion	CLIP-seq	Functional MTI (Weak)	-0.5311158578277562	0.11417082658484358	-0.190684009391816	0.5475338530901263	0.5959427332660738	0.04885022275019969
hsa-miR-320b	CRK	regulation of cell adhesion;cell adhesion mediated by integrin;regulation of cell adhesion mediated by integrin	PAR-CLIP	Functional MTI (Weak)	-0.8532334502717799	0.0016938442011371572	-0.17175719578429408	0.6000472593073003	0.00844335770568786	0.9859738314172622
hsa-miR-320b	CRKL	regulation of cell adhesion;cell adhesion mediated by integrin;regulation of cell adhesion mediated by integrin	CLIP-seq	Functional MTI (Weak)	-0.8535966801548748	0.0016779105161757635	0.01836995776813566	0.9519999798891204	-4.240467448113432e-5	0.999878007640592
hsa-miR-320b	CSRP1	cell-cell adhesion	CLIP-seq	Functional MTI (Weak)	-0.7244054453500969	0.017812393602248032	-1.760057146031636	5.6937708294553245e-5	-1.309660379081222	0.00130717331265653
hsa-miR-320b	CXCL12	regulation of cell adhesion;leukocyte cell-cell adhesion;regulation of cell-cell adhesion;cell-cell adhesion	CLIP-seq	Functional MTI (Weak)	-0.028082419437553754	0.9386181298590688	0.14734226307996356	0.7712380482713379	0.5565728652689194	0.16326483223763866
hsa-miR-320b	CYFIP2	cell-cell adhesion	CLIP-seq	Functional MTI (Weak)	-0.6471625416321807	0.043105446652654276	-0.7096117281172339	0.14342162450535148	-1.251294703697057	3.530786666092232e-5
hsa-miR-320b	CYLD	regulation of cell adhesion;leukocyte cell-cell adhesion;regulation of cell-cell adhesion;cell-cell adhesion	CLIP-seq	Functional MTI (Weak)	-0.9152142044278626	2.0388461507803797e-4	-0.8338242849476362	0.00723115582078067	-0.3458572153682195	0.3021600768715497
hsa-miR-320b	CYP1B1	regulation of cell adhesion;cell adhesion mediated by integrin;cell-cell adhesion;regulation of cell adhesion mediated by integrin	CLIP-seq	Functional MTI (Weak)	0.5076247104273033	0.1341839192301691	-0.40514843233815184	0.3800135460108194	-1.0776972082692848	0.00325243494279758
hsa-miR-320b	CYTIP	regulation of cell adhesion	CLIP-seq	Functional MTI (Weak)	0.42789489284953036	0.2173532061237845	-0.34780814744697053	0.4866995502274952	2.5954914807712854	0.00254073625117173
hsa-miR-320b	DAB2	regulation of cell adhesion	CLIP-seq	Functional MTI (Weak)	0.014179877630055081	0.9689877537849052	0.9576321826995884	0.00987677429732496	1.962598674954103	2.1158978015185683e-8
hsa-miR-320b	DAPL1	regulation of cell adhesion;leukocyte cell-cell adhesion;regulation of cell-cell adhesion;cell-cell adhesion	CLIP-seq	Functional MTI (Weak)	-0.27361298258214495	0.44430302792568555	1.4200990367201467	0.04822457902425367	1.247381263141244	0.06213891153937654
hsa-miR-320b	DLG1	regulation of cell adhesion;leukocyte cell-cell adhesion;regulation of cell-cell adhesion;cell-cell adhesion	CLIP-seq	Functional MTI (Weak)	-0.8384811342015613	0.0024384443693933706	-0.9716767344398554	0.00952201878604287	-0.319818658361742	0.3295030232816986
hsa-miR-320b	DSC2	cell-cell adhesion	CLIP-seq	Functional MTI (Weak)	-0.6127246880490372	0.05964994719833464	-0.2808170070824896	0.5320049477642605	0.04033452477823523	0.9364522638182268
hsa-miR-320b	EMB	cell-cell adhesion	CLIP-seq	Functional MTI (Weak)	-0.8285739966916549	0.0030551365408511156	-0.18896187015833296	0.640148954146241	0.27653111903069816	0.4804332810195025
hsa-miR-320b	FADD	regulation of cell adhesion;leukocyte cell-cell adhesion;regulation of cell-cell adhesion;cell-cell adhesion	CLIP-seq	Functional MTI (Weak)	-0.5367639222071484	0.10965641234222394	0.24348780922430124	0.6151633420535128	0.28003392864022897	0.45185196053214394
hsa-miR-320b	FGB	regulation of cell adhesion;regulation of cell-cell adhesion;cell-cell adhesion	CLIP-seq	Functional MTI (Weak)	-0.1541553011310991	0.6706851883113554	-0.20071949371885217	0.6711600792680608	0.06696589033449966	NA
hsa-miR-320b	FMN1	regulation of cell adhesion	CLIP-seq	Functional MTI (Weak)	-0.05425838863591799	0.8816585788674057	-1.2148368416430944	0.01859755763729368	-3.061560013583898	1.0655451257897313e-13
hsa-miR-320b	FN1	regulation of cell adhesion	CLIP-seq	Functional MTI (Weak)	0.5159386767412999	0.12687134962147592	0.7505152031111207	0.15209786431273703	0.20845592811531327	0.5523601610080698
hsa-miR-320b	FOXO3	regulation of cell adhesion;leukocyte cell-cell adhesion;regulation of cell-cell adhesion;cell-cell adhesion	CLIP-seq	Functional MTI (Weak)	-0.6795120311931115	0.030666717464340038	0.00161632508415844	0.997861034191393	-0.27631580502774894	0.36484385156538857
hsa-miR-320b	FUT9	regulation of cell adhesion;leukocyte cell-cell adhesion;regulation of cell-cell adhesion;cell-cell adhesion	CLIP-seq	Functional MTI (Weak)	-0.8679119876428296	0.0011320819951994385	-0.6167614537889294	0.1955089852914166	-0.9323989347114192	0.01575003994639358
hsa-miR-320b	GCNT2	regulation of cell adhesion;regulation of cell-cell adhesion;cell-cell adhesion	CLIP-seq	Functional MTI (Weak)	-0.584635982784482	0.07588302163792641	-0.00488105083601908	0.9930287016394642	1.2523843363042653	0.00358295252703277
hsa-miR-320b	GNAS	cell-cell adhesion	CLASH	Functional MTI (Weak)	-0.6246609326412973	0.05350990758431845	0.093923650819848	0.8086861180847578	-0.31118449620060257	0.26336207168758197
hsa-miR-320b	GOLPH3	leukocyte cell-cell adhesion;cell-cell adhesion	CLASH	Functional MTI (Weak)	-0.7944931527199229	0.0060389518429715475	0.09476232637146208	0.7929273354149008	-0.0504979319965599	0.8987984433170068
hsa-miR-320b	GPM6B	regulation of cell adhesion	CLIP-seq	Functional MTI (Weak)	-0.6967500190346574	0.02516207965550066	-0.7406196758530338	0.0668949394826237	-0.4008164713240971	0.1976094437128956
hsa-miR-320b	GPNMB	regulation of cell adhesion;leukocyte cell-cell adhesion;regulation of cell-cell adhesion;cell-cell adhesion	CLIP-seq	Functional MTI (Weak)	-0.0056799956145067556	0.9875754104448984	1.2979156806311145	0.03202447637581394	3.033133933492464	3.187019331175189e-7
hsa-miR-320b	HLA-DRB3	regulation of cell adhesion;leukocyte cell-cell adhesion;regulation of cell-cell adhesion;cell-cell adhesion	CLIP-seq	Functional MTI (Weak)	NA	NA	NA	NA	NA	NA
hsa-miR-320b	HLA-DRB4	regulation of cell adhesion;leukocyte cell-cell adhesion;regulation of cell-cell adhesion;cell-cell adhesion	CLIP-seq	Functional MTI (Weak)	NA	NA	NA	NA	NA	NA
hsa-miR-320b	HLA-DRB5	regulation of cell adhesion;leukocyte cell-cell adhesion;regulation of cell-cell adhesion;cell-cell adhesion	CLIP-seq	Functional MTI (Weak)	-0.3968426766766712	0.2561840482322511	-0.5834887404144065	0.2781921099278207	2.242919454164372	2.606212386343853e-5
hsa-miR-320b	HLA-E	regulation of cell adhesion;leukocyte cell-cell adhesion;regulation of cell-cell adhesion;cell-cell adhesion	CLIP-seq	Functional MTI (Weak)	-0.3080490676985932	0.38652927961469186	-1.083810743754377	0.02146511463139117	0.22501056389448712	0.539540918423014
hsa-miR-320b	HMGB1	regulation of cell adhesion;leukocyte cell-cell adhesion;regulation of cell-cell adhesion;cell-cell adhesion	CLIP-seq	Functional MTI (Weak)	-0.5996292201269887	0.06690084179149812	-0.13870149566787057	0.716291720591611	0.14711230879509588	0.6669847844213527
hsa-miR-320b	HOXA7	regulation of cell adhesion	CLIP-seq	Functional MTI (Weak)	-0.10223129954507983	0.7786916332089815	0.12955499005622548	NA	0.12666260231013812	0.8086644647361042
hsa-miR-320b	HSPH1	regulation of cell adhesion;leukocyte cell-cell adhesion;regulation of cell-cell adhesion;cell-cell adhesion	CLIP-seq	Functional MTI (Weak)	0.28317368062894244	0.42788482479575773	1.0960103549937967	0.06232268230245775	-0.2053254578646448	0.6239946858712327
hsa-miR-320b	ICAM1	cell adhesion mediated by integrin;leukocyte cell-cell adhesion;cell-cell adhesion	CLIP-seq	Functional MTI (Weak)	0.44254295803080673	0.2002876159121531	0.5454858439137362	0.27047120399339086	0.1331277052919015	0.7596591909819678
hsa-miR-320b	ICOS	regulation of cell adhesion;leukocyte cell-cell adhesion;regulation of cell-cell adhesion;cell-cell adhesion	CLIP-seq	Functional MTI (Weak)	0.043622628059545636	0.9047568803781525	-0.7590894175139438	0.1899894927060186	0.09943499552040733	NA
hsa-miR-320b	ICOSLG	regulation of cell adhesion;leukocyte cell-cell adhesion;regulation of cell-cell adhesion;cell-cell adhesion	CLIP-seq	Functional MTI (Weak)	-0.32279818093159934	0.36297000197859514	0.00531964720675793	0.993280000629533	0.6237945474459035	0.1146614378941807
hsa-miR-320b	IGF2	regulation of cell adhesion;leukocyte cell-cell adhesion;regulation of cell-cell adhesion;cell-cell adhesion	PAR-CLIP	Functional MTI (Weak)	0.19228647315073671	0.5945836453718178	0.04070648593091446	0.9444950562018416	-0.01928596989205108	0.9684969003280752
hsa-miR-320b	IL6R	regulation of cell adhesion;regulation of cell-cell adhesion;cell-cell adhesion	CLIP-seq	Functional MTI (Weak)	0.14346752799942436	0.6925450471615915	-0.23166596270562229	0.6295372744374246	0.3098613424563978	0.42405031517417535
hsa-miR-320b	IL6ST	regulation of cell adhesion;leukocyte cell-cell adhesion;regulation of cell-cell adhesion;cell-cell adhesion	CLIP-seq	Functional MTI (Weak)	-0.38214877622936655	0.2758047736550207	-0.12095055465240656	0.7675212392320763	-0.16388566031433205	0.6243446818244798
hsa-miR-320b	ITGA1	cell adhesion mediated by integrin;cell-cell adhesion	CLIP-seq	Functional MTI (Weak)	0.2847599071693474	0.4251884891889045	0.5319116019222945	0.2486646910832872	-0.3549609472724781	0.23938814627808
hsa-miR-320b	ITGA10	cell adhesion mediated by integrin;cell-cell adhesion	CLIP-seq	Functional MTI (Weak)	0.07846660903394152	0.8294072184549675	0.20330017211804235	0.695766783037456	-0.0765839190880264	0.8787180508897665
hsa-miR-320b	ITGB1	cell adhesion mediated by integrin;leukocyte cell-cell adhesion;cell-cell adhesion	CLIP-seq	Functional MTI (Weak)	0.06558929088306438	0.8571390644236276	0.4369877345679611	0.3067988397313057	0.6092465565536096	0.03503653238080306
hsa-miR-320b	ITGB3	regulation of cell adhesion;cell adhesion mediated by integrin;cell-cell adhesion;regulation of cell adhesion mediated by integrin	CLIP-seq	Functional MTI (Weak)	0.3870455420948757	0.26917795225883123	0.32725855316172064	0.5079650389766222	0.7817374032426994	0.07445756833002982
hsa-miR-320b	ITGB5	cell adhesion mediated by integrin;cell-cell adhesion	CLIP-seq	Functional MTI (Weak)	-0.2260080210964417	0.5300962926622916	0.41051184530455737	0.259233479478004	0.4564274118779058	0.13484393043195567
hsa-miR-320b	JAM3	regulation of cell adhesion;cell adhesion mediated by integrin;cell-cell adhesion;regulation of cell adhesion mediated by integrin	CLIP-seq	Functional MTI (Weak)	-0.6651072817902698	0.03585339564155399	-0.31289071390866424	0.493255092244754	0.6083002248962439	0.05466627212851595
hsa-miR-320b	KIF14	regulation of cell adhesion	CLIP-seq	Functional MTI (Weak)	-0.30713490671591354	0.38801341558679137	4.396936575365238	1.7434570091548573e-13	5.321573841679627	1.5129856824332524e-22
hsa-miR-320b	KITLG	regulation of cell adhesion;leukocyte cell-cell adhesion;regulation of cell-cell adhesion;cell-cell adhesion	CLIP-seq	Functional MTI (Weak)	-0.23072821113743888	0.5213036048329643	-0.9966993394132369	0.02625308140074248	-1.6222418040785058	1.3531379838085838e-5
hsa-miR-320b	LAX1	regulation of cell adhesion;leukocyte cell-cell adhesion;regulation of cell-cell adhesion;cell-cell adhesion	CLIP-seq	Functional MTI (Weak)	0.3354191673748544	0.3433964610690002	-0.5067159664237446	0.3358219220197255	0.0250300549379388	NA
hsa-miR-320b	LOXL3	regulation of cell adhesion;leukocyte cell-cell adhesion;regulation of cell-cell adhesion;cell-cell adhesion	CLIP-seq	Functional MTI (Weak)	0.4590395177874288	0.18203314130180778	1.1058708258174423	0.03333402067724976	1.9051697998796384	3.545712976082539e-5
hsa-miR-320b	LPP	cell-cell adhesion	CLIP-seq	Functional MTI (Weak)	0.31645787830879557	0.37300804922767805	0.8321538144206939	0.01125618139609196	0.41680860974267026	0.18096227458938904
hsa-miR-320b	MAGI1	regulation of cell adhesion;regulation of cell-cell adhesion;cell-cell adhesion	CLIP-seq	Functional MTI (Weak)	-0.7214923277438563	0.018505515283637877	-0.47538386525083576	0.22803863528905563	-0.11614011817605706	0.7401002249973422
hsa-miR-320b	MMP24	cell-cell adhesion	CLIP-seq	Functional MTI (Weak)	-0.7283025149657248	0.016913609698642265	0.1799977720295551	0.7307954429988082	-0.2764630434161343	0.4940466762015731
hsa-miR-320b	MYL12A	cell-cell adhesion	CLIP-seq	Functional MTI (Weak)	-0.1756343621509014	0.6274336767141405	-0.1579925780179501	0.7365834691266364	0.09370431022598384	0.826313965504585
hsa-miR-320b	MYO10	regulation of cell adhesion;regulation of cell-cell adhesion;cell-cell adhesion	CLIP-seq	Functional MTI (Weak)	-0.5135959249429398	0.1289063413273321	-0.7886375138818827	0.03264099279056286	-0.1859642781660096	0.5790912319209287
hsa-miR-320b	NCK2	regulation of cell adhesion;leukocyte cell-cell adhesion;regulation of cell-cell adhesion;cell-cell adhesion	CLIP-seq	Functional MTI (Weak)	-0.669056094850299	0.03437665215889294	0.05643152007377388	0.8930326299227026	-0.05831615091977235	0.8863089492823749
hsa-miR-320b	NPNT	regulation of cell adhesion;cell adhesion mediated by integrin;cell-cell adhesion	CLIP-seq	Functional MTI (Weak)	-0.659123866897487	0.03817185799649105	-0.7800631524372913	0.15990374360146611	-0.9104592669323625	0.07015290427092466
hsa-miR-320b	NR4A3	regulation of cell adhesion;leukocyte cell-cell adhesion;regulation of cell-cell adhesion;cell-cell adhesion	CLIP-seq	Functional MTI (Weak)	-0.12822612665885197	0.7240719052452799	-0.05955594336059084	0.9178796750755136	0.2052240746585363	0.6014417572751596
hsa-miR-320b	NRP1	regulation of cell adhesion	CLIP-seq	Functional MTI (Weak)	0.3108162623171091	0.3820536427455046	0.4844835166362368	0.2862470059609341	-0.7179601263166198	0.02693150276714206
hsa-miR-320b	NRXN1	cell-cell adhesion	CLIP-seq	Functional MTI (Weak)	-0.7323877669074724	0.01600578133854784	-0.5077124968903959	0.3101617866916507	-1.0452455189308856	2.732390742995525e-4
hsa-miR-320b	OLR1	leukocyte cell-cell adhesion;cell-cell adhesion	CLIP-seq	Functional MTI (Weak)	-0.4232744595104385	0.22290313670635814	-0.2801793378254651	0.5718917910647857	0.24384424251354317	0.5580886535126315
hsa-miR-320b	ONECUT2	regulation of cell adhesion	CLIP-seq	Functional MTI (Weak)	-0.5589434278588692	0.09302300436890415	0.01180165084793148	0.9847101199887992	-0.08420905975014648	0.8728246006233216
hsa-miR-320b	PALLD	cell-cell adhesion	CLIP-seq	Functional MTI (Weak)	0.04707756270337924	0.8972457673008489	0.5366202727978513	0.22869791022304803	0.17044541416825115	0.6186994375441816
hsa-miR-320b	PCDH9	cell-cell adhesion	CLIP-seq	Functional MTI (Weak)	-0.8753348239626588	9.066991827224505e-4	-0.977268055994124	0.03595026321385063	-0.7745857243883241	0.05019053059141361
hsa-miR-320b	PCDHB3	cell-cell adhesion	CLIP-seq	Functional MTI (Weak)	-0.5291217279219501	0.11579204497533761	0.4914097992671044	0.2724122913376796	0.39143319132072946	0.2893310385241547
hsa-miR-320b	PDE3B	regulation of cell adhesion;cell adhesion mediated by integrin;regulation of cell adhesion mediated by integrin	CLIP-seq	Functional MTI (Weak)	-0.7434735553408446	0.01371400932112918	0.22516936311010433	0.6113174217228011	0.6751159770195482	0.06356542518283255
hsa-miR-320b	PDLIM1	cell-cell adhesion	CLIP-seq	Functional MTI (Weak)	-0.07840777565718544	0.8295335556486583	1.8188032352127377	0.00309135118482253	2.538696695786451	7.796391853757544e-8
hsa-miR-320b	PDLIM5	cell-cell adhesion	CLIP-seq	Functional MTI (Weak)	-0.4180101273055586	0.2293238816921405	0.5306610489932427	0.17577938709437343	0.2547004225883562	0.3958340353568025
hsa-miR-320b	PDPK1	regulation of cell adhesion;leukocyte cell-cell adhesion;regulation of cell-cell adhesion;cell-cell adhesion	CLIP-seq	Functional MTI (Weak)	-0.7565747426036649	0.011313731694787648	-0.4552579191102816	0.23230491696519187	-0.9573378448171956	4.596855727047739e-4
hsa-miR-320b	PEAK1	regulation of cell adhesion	CLIP-seq	Functional MTI (Weak)	-0.7121701968403453	0.02084890571533628	-0.00596404958994618	0.9838532958934716	0.07835377196626106	0.8256921295759306
hsa-miR-320b	PIK3R1	regulation of cell adhesion	CLIP-seq	Functional MTI (Weak)	-0.4486220245415326	0.19344181349186612	-1.0631014478048642	0.0022328676056582	-0.8590430421399302	0.00330570276393861
hsa-miR-320b	POLDIP2	regulation of cell adhesion	CLIP-seq	Functional MTI (Weak)	-0.8596819288977597	0.0014268081762502168	-0.3005351195798445	0.26577630229980576	-0.20441682428966051	0.4952339972773559
hsa-miR-320b	PPIA	cell-cell adhesion	CLASH	Functional MTI (Weak)	-0.48126683485594274	0.15905138725461632	-0.4190420553231073	0.27350381036556115	0.1136153788441115	0.7603486805221797
hsa-miR-320b	PPM1F	regulation of cell adhesion;regulation of cell-cell adhesion;cell-cell adhesion	CLIP-seq	Functional MTI (Weak)	-0.44045101872341536	0.20267550911606613	-0.09305656215593965	0.8463271168875803	-0.18421216469222443	0.5649829567796566
hsa-miR-320b	PRKAA1	regulation of cell adhesion;leukocyte cell-cell adhesion;regulation of cell-cell adhesion;cell-cell adhesion	CLIP-seq	Functional MTI (Weak)	-0.7051576459521547	0.022741290301187694	-0.07540950288414977	0.8577631173972182	0.06382141226796124	0.8712723989673662
hsa-miR-320b	PRKAR1A	regulation of cell adhesion;leukocyte cell-cell adhesion;regulation of cell-cell adhesion;cell-cell adhesion	CLIP-seq	Functional MTI (Weak)	-0.837060085859785	0.002520825095285835	-0.4967667637500969	0.16547135545515682	-0.4859701271698943	0.1419670647043388
hsa-miR-320b	PTEN	regulation of cell adhesion	CLIP-seq	Functional MTI (Weak)	-0.6781199867747069	0.031144107198160045	-0.16184559884205887	0.6884839524473508	-0.1817278431651463	0.6004070689960846
hsa-miR-320b	PTPN11	regulation of cell adhesion;cell adhesion mediated by integrin;leukocyte cell-cell adhesion;regulation of cell-cell adhesion;cell-cell adhesion;regulation of cell adhesion mediated by integrin	CLIP-seq	Functional MTI (Weak)	-0.7667807990096694	0.009661005021692546	-0.6095371312768245	0.04591573554031061	-0.32572868140475764	0.29982880274124174
hsa-miR-320b	PTPRT	cell-cell adhesion	CLIP-seq	Functional MTI (Weak)	-0.6036408760916383	0.06462150092541505	-1.0084719701286564	0.08908716312479849	-2.167999502875114	3.424268244966746e-7
hsa-miR-320b	RAC1	regulation of cell adhesion	CLIP-seq	Functional MTI (Weak)	-0.6390454607362189	0.0466863314301024	-0.4319911110144344	0.15605880709887354	-0.07051631073854807	0.8558729531036781
hsa-miR-320b	RAP2B	cell-cell adhesion	CLIP-seq	Functional MTI (Weak)	-0.5726080558971518	0.08362786694296431	-0.2947558934130426	0.4572169187905397	-0.00706072678513941	0.9888218179646256
hsa-miR-320b	RASA1	regulation of cell adhesion	CLIP-seq	Functional MTI (Weak)	-0.7715688461347275	0.008947663525813956	-0.4258988046349429	0.2045463850130073	-0.6137978509100513	0.02240273263958129
hsa-miR-320b	RIPK2	regulation of cell adhesion;leukocyte cell-cell adhesion;regulation of cell-cell adhesion;cell-cell adhesion	CLIP-seq	Functional MTI (Weak)	-0.1921745555756836	0.5948023154605008	0.5341230163372539	0.20522106421988923	0.6446097325780863	0.06718877979417281
hsa-miR-320b	RREB1	regulation of cell adhesion	CLIP-seq	Functional MTI (Weak)	-0.21107303756463544	0.5583042600160544	0.29813318669124556	0.5004605115045451	0.25920445802574915	0.4569952590064209
hsa-miR-320b	SEMA5A	regulation of cell adhesion	CLIP-seq	Functional MTI (Weak)	-0.5307121236603611	0.11449790613864173	0.02422859283908714	0.9603265382501028	0.8716701593382282	0.01593023080064314
hsa-miR-320b	SFRP1	regulation of cell adhesion	CLIP-seq	Functional MTI (Weak)	-0.6155783774692019	0.058141812844647305	0.1561600519339723	0.7606093635590145	2.379020599430762	4.1167152993097795e-11
hsa-miR-320b	SIRPA	regulation of cell adhesion;leukocyte cell-cell adhesion;regulation of cell-cell adhesion;cell-cell adhesion	CLIP-seq	Functional MTI (Weak)	-0.9022662979234553	3.5423297174254565e-4	-0.964368352347155	0.02148860043051317	-1.526449907080266	1.508739128216767e-7
hsa-miR-320b	SLC7A1	regulation of cell adhesion;leukocyte cell-cell adhesion;regulation of cell-cell adhesion;cell-cell adhesion	CLIP-seq	Functional MTI (Weak)	-0.686290177708059	0.02841329657978857	0.24573551739854313	0.5704174716299867	-0.11992188621122166	0.7341759492384449
hsa-miR-320b	SMARCA2	regulation of cell adhesion;leukocyte cell-cell adhesion;regulation of cell-cell adhesion;cell-cell adhesion	CLIP-seq	Functional MTI (Weak)	-0.649292306433584	0.0421973780400893	-0.522389605739592	0.10350286365001604	-0.4090852912567928	0.1141892946714854
hsa-miR-320b	SMARCD2	regulation of cell adhesion;leukocyte cell-cell adhesion;regulation of cell-cell adhesion;cell-cell adhesion	CLIP-seq	Functional MTI (Weak)	-0.35009698073978884	0.32132830085868586	-0.0405887888005027	0.9409145158311684	0.1143596801403039	0.7836310812518329
hsa-miR-320b	SMARCE1	regulation of cell adhesion;leukocyte cell-cell adhesion;regulation of cell-cell adhesion;cell-cell adhesion	CLIP-seq	Functional MTI (Weak)	-0.5052564747924656	0.13631327199431367	-0.01445575107801391	0.9786406648972642	0.34734130482089787	0.251248397736244
hsa-miR-320b	SOX4	regulation of cell adhesion;leukocyte cell-cell adhesion;regulation of cell-cell adhesion;cell-cell adhesion	CLIP-seq	Functional MTI (Weak)	-0.7137882268500716	0.02042824419952234	2.377304420055497	9.428740349837737e-7	3.746679610393231	9.140094532761128e-15
hsa-miR-320b	STK4	regulation of cell adhesion	CLIP-seq	Functional MTI (Weak)	-0.724972855809161	0.017679517119474818	-0.5692224585315471	0.02189941667895209	-0.17869111487587577	0.5944721353721704
hsa-miR-320b	STX3	regulation of cell adhesion	CLIP-seq	Functional MTI (Weak)	-0.2949726885293545	0.40801973714014184	-0.48634785971295663	0.223967247574798	-0.15242933801583816	0.6653237610863375
hsa-miR-320b	SWAP70	regulation of cell adhesion;cell adhesion mediated by integrin;regulation of cell-cell adhesion;cell-cell adhesion;regulation of cell adhesion mediated by integrin	HITS-CLIP	Functional MTI (Weak)	-0.38475724276701806	0.2722637824624245	-0.15642225097181114	0.7160244490219574	-0.09286496855874796	0.8244826570526608
hsa-miR-320b	TFE3	regulation of cell adhesion	CLIP-seq	Functional MTI (Weak)	-0.8278044668182098	0.0031073028016104084	3.284817102438118e-5	0.9999905272363364	-0.32208481261748084	0.256412197193691
hsa-miR-320b	TFRC	regulation of cell adhesion;leukocyte cell-cell adhesion;regulation of cell-cell adhesion;cell-cell adhesion	CLIP-seq	Functional MTI (Weak)	-0.5740143954408881	0.0826971531873064	-0.6175953306247829	0.12424242948201691	-0.6050362475855174	0.05801530498712187
hsa-miR-320b	TMEM47	cell-cell adhesion	CLIP-seq	Functional MTI (Weak)	-0.6568188698293304	0.0390913310288324	-0.1060731392457796	0.8170064052592635	-0.5540511526450954	0.08190356902214761
hsa-miR-320b	TMOD3	cell-cell adhesion	CLIP-seq	Functional MTI (Weak)	-0.5837813733408536	0.07641731441703425	0.2516081301734114	0.49171277473504754	0.06289581531437914	0.8714283657843477
hsa-miR-320b	TSC1	regulation of cell adhesion	CLIP-seq	Functional MTI (Weak)	-0.8195386383619178	0.003708771520255895	-0.17197165326391547	0.5363490209904914	-0.209199240643381	0.46528529680644815
hsa-miR-320b	TUBB1	cell-cell adhesion	CLIP-seq	Functional MTI (Weak)	0.3693440508733447	0.29354705812890297	-1.606812041412632	0.02961885420920837	0.04286297894252682	0.9356293657116396
hsa-miR-320b	TWSG1	regulation of cell adhesion;leukocyte cell-cell adhesion;regulation of cell-cell adhesion;cell-cell adhesion	CLIP-seq	Functional MTI (Weak)	-0.7318059509055744	0.016132951127132877	-0.13090966577737906	0.7668577921859295	-0.04432399993965415	0.9220299924990136
hsa-miR-320b	VCL	regulation of cell adhesion;cell-cell adhesion	CLASH	Functional MTI (Weak)	0.05181255732359244	0.8869638068844965	0.5972856551426812	0.1575889059198523	0.11763292408601894	0.7620967924611943
hsa-miR-320b	VSIG10	cell-cell adhesion	CLIP-seq	Functional MTI (Weak)	-0.7032973038211938	0.023262484107975677	0.22686356856294415	0.47179089047892614	0.02245604761288081	0.961293754104373
hsa-miR-320b	WNK1	regulation of cell adhesion;cell adhesion mediated by integrin;leukocyte cell-cell adhesion;regulation of cell-cell adhesion;cell-cell adhesion;regulation of cell adhesion mediated by integrin	CLIP-seq	Functional MTI (Weak)	-0.7506135173895853	0.012365843759773669	-0.5795603141993028	0.1605681554292646	-0.3829565628990032	0.2716797908487216
hsa-miR-320b	XBP1	regulation of cell adhesion;leukocyte cell-cell adhesion;regulation of cell-cell adhesion;cell-cell adhesion	CLIP-seq	Functional MTI (Weak)	-0.29303645627360964	0.4112491110578326	0.9324278381412732	0.00922981826859107	0.4504801528300023	0.15030402930845643
hsa-miR-320b	YES1	regulation of cell adhesion;leukocyte cell-cell adhesion;regulation of cell-cell adhesion;cell-cell adhesion	CLIP-seq	Functional MTI (Weak)	-0.2452887684176473	0.4945656130234092	0.1759274973298912	0.6884619056788247	0.644501822458238	0.02606933506576522
hsa-miR-320b	YWHAG	regulation of cell adhesion;leukocyte cell-cell adhesion;regulation of cell-cell adhesion;cell-cell adhesion	CLIP-seq	Functional MTI (Weak)	-0.7166507812527265	0.01969845494472407	-0.6860298800712817	0.14102363615333507	-0.7594560711090307	0.01983479301000246
hsa-miR-320b	ZFHX3	regulation of cell adhesion	CLIP-seq	Functional MTI (Weak)	-0.5156494084017381	0.1271215338583079	-0.2151266963280616	0.6302030541285747	-0.4071973244840653	0.2865525722761762
hsa-miR-320b	ZFP36L1	cell-cell adhesion	CLIP-seq	Functional MTI (Weak)	-0.14909256829269485	0.6810134625646018	1.3768161955514986	0.00552220188035293	0.2597058525602883	0.476552677946023
hsa-miR-320b	ZMIZ1	regulation of cell adhesion;leukocyte cell-cell adhesion;regulation of cell-cell adhesion;cell-cell adhesion	CLIP-seq	Functional MTI (Weak)	-0.6476493861006559	0.04289672612041806	0.6590127521230181	0.06173927484805514	0.1292990904370685	0.6906276314915074
hsa-miR-320c	ABCA12	regulation of cell adhesion;regulation of cell-cell adhesion;cell-cell adhesion	CLIP-seq	Functional MTI (Weak)	-0.22596006504780713	0.5301859313827391	-0.620087811311526	0.2572613610096228	-0.344823188774445	0.49909298855951795
hsa-miR-320c	ACTL6A	regulation of cell adhesion;leukocyte cell-cell adhesion;regulation of cell-cell adhesion;cell-cell adhesion	CLIP-seq	Functional MTI (Weak)	-0.4666342185948127	0.17397257163007476	0.5008708347410921	0.24186374882945272	1.1867069347237926	0.00119340622839713
hsa-miR-320c	ADAM10	regulation of cell adhesion	CLIP-seq	Functional MTI (Weak)	-0.7832865674005157	0.007359947194664399	-0.04884278022400494	0.9029248734295464	0.24353964157258912	0.4569665985053652
hsa-miR-320c	ADAM19	regulation of cell adhesion;regulation of cell-cell adhesion;cell-cell adhesion	CLIP-seq	Functional MTI (Weak)	-0.3656257722929768	0.29881049761332334	-0.678379907994864	0.13722089496768688	-0.1205635655639332	0.7567903174615677
hsa-miR-320c	ADAM9	regulation of cell adhesion;cell adhesion mediated by integrin;cell-cell adhesion;regulation of cell adhesion mediated by integrin	CLIP-seq	Functional MTI (Weak)	0.04400056284051002	0.9039348995707592	0.8873342492540748	0.02362268929283467	0.6183213746583744	0.05144254252200642
hsa-miR-320c	ASS1	regulation of cell adhesion;leukocyte cell-cell adhesion;regulation of cell-cell adhesion;cell-cell adhesion	CLIP-seq	Functional MTI (Weak)	-0.3441742218752669	0.3301423010775208	-0.16401205873552693	0.751675722228061	-0.09706909238633785	0.8329673860133568
hsa-miR-320c	BAG4	regulation of cell adhesion	CLIP-seq	Functional MTI (Weak)	-0.7927402289477545	0.006233456027875699	-0.26523399111557294	0.556831750815227	-0.6104958855992133	0.03785715695212485
hsa-miR-320c	BCL10	regulation of cell adhesion;leukocyte cell-cell adhesion;regulation of cell-cell adhesion;cell-cell adhesion	CLIP-seq	Functional MTI (Weak)	-0.17946005383421687	0.6198317352649128	0.49027313428153574	0.14764122999731308	0.1426243341553147	0.6906587447134992
hsa-miR-320c	BMI1	regulation of cell adhesion;leukocyte cell-cell adhesion;regulation of cell-cell adhesion;cell-cell adhesion	CLIP-seq	Functional MTI (Weak)	-0.5796582600650754	0.0790292759842273	0.27898497699861374	0.4524195459330883	0.25904876829787543	0.4216849922923987
hsa-miR-320c	CADM3	cell-cell adhesion	CLIP-seq	Functional MTI (Weak)	-0.6611308391330251	0.03738324504910218	-0.22109800508553068	0.6551088898944791	-0.19477058469942576	0.5680139247880094
hsa-miR-320c	CASP3	regulation of cell adhesion;leukocyte cell-cell adhesion;regulation of cell-cell adhesion;cell-cell adhesion	CLIP-seq	Functional MTI (Weak)	-0.6891166113575549	0.02750802001007126	0.240060606564573	0.4294264950817537	0.43983805699139505	0.1573060714655645
hsa-miR-320c	CD2AP	cell-cell adhesion	CLIP-seq	Functional MTI (Weak)	-0.5829197375694471	0.07695846180951846	0.47238491398255344	0.23430755839459963	0.2908037862297811	0.3822473420957984
hsa-miR-320c	CD47	regulation of cell adhesion;leukocyte cell-cell adhesion;regulation of cell-cell adhesion;cell-cell adhesion	CLIP-seq	Functional MTI (Weak)	-0.6213687905559422	0.055159473856157513	-0.14144089553206138	0.7579038778205872	-0.1767852556579346	0.5579847268444224
hsa-miR-320c	CDH1	regulation of cell adhesion;regulation of cell-cell adhesion;cell-cell adhesion	CLIP-seq	Functional MTI (Weak)	-0.502255309125336	0.1390413489650828	0.01921045777867776	0.9751027234777048	1.2757289184615952	0.01240717213494231
hsa-miR-320c	CDK6	regulation of cell adhesion	CLIP-seq	Functional MTI (Weak)	-0.3626340041304766	0.3030816785756636	0.2236170967268815	0.6349681975978196	0.4126891497442633	0.192794138369704
hsa-miR-320c	CORO1C	regulation of cell adhesion	CLIP-seq	Functional MTI (Weak)	-0.437659727190081	0.20588728850395915	-0.190684009391816	0.5475338530901263	0.5959427332660738	0.04885022275019969
hsa-miR-320c	CRK	regulation of cell adhesion;cell adhesion mediated by integrin;regulation of cell adhesion mediated by integrin	PAR-CLIP	Functional MTI (Weak)	-0.8071654047160611	0.004758996190552676	-0.17175719578429408	0.6000472593073003	0.00844335770568786	0.9859738314172622
hsa-miR-320c	CRKL	regulation of cell adhesion;cell adhesion mediated by integrin;regulation of cell adhesion mediated by integrin	CLIP-seq	Functional MTI (Weak)	-0.8056149279809722	0.004904085373951305	0.01836995776813566	0.9519999798891204	-4.240467448113432e-5	0.999878007640592
hsa-miR-320c	CSRP1	cell-cell adhesion	CLIP-seq	Functional MTI (Weak)	-0.6423323461259779	0.04521324989329257	-1.760057146031636	5.6937708294553245e-5	-1.309660379081222	0.00130717331265653
hsa-miR-320c	CXCL12	regulation of cell adhesion;leukocyte cell-cell adhesion;regulation of cell-cell adhesion;cell-cell adhesion	CLIP-seq	Functional MTI (Weak)	0.007934395735853418	0.9826446019580952	0.14734226307996356	0.7712380482713379	0.5565728652689194	0.16326483223763866
hsa-miR-320c	CYFIP2	cell-cell adhesion	CLIP-seq	Functional MTI (Weak)	-0.5985934621701043	0.06749775884427213	-0.7096117281172339	0.14342162450535148	-1.251294703697057	3.530786666092232e-5
hsa-miR-320c	CYLD	regulation of cell adhesion;leukocyte cell-cell adhesion;regulation of cell-cell adhesion;cell-cell adhesion	CLIP-seq	Functional MTI (Weak)	-0.8487066620972419	0.0019017342238139365	-0.8338242849476362	0.00723115582078067	-0.3458572153682195	0.3021600768715497
hsa-miR-320c	CYP1B1	regulation of cell adhesion;cell adhesion mediated by integrin;cell-cell adhesion;regulation of cell adhesion mediated by integrin	CLIP-seq	Functional MTI (Weak)	0.4340258302737007	0.21011243406001	-0.40514843233815184	0.3800135460108194	-1.0776972082692848	0.00325243494279758
hsa-miR-320c	CYTIP	regulation of cell adhesion	CLIP-seq	Functional MTI (Weak)	0.4987218752602209	0.1422958166603371	-0.34780814744697053	0.4866995502274952	2.5954914807712854	0.00254073625117173
hsa-miR-320c	DAB2	regulation of cell adhesion	CLIP-seq	Functional MTI (Weak)	-0.005214363363546837	0.9885938902730074	0.9576321826995884	0.00987677429732496	1.962598674954103	2.1158978015185683e-8
hsa-miR-320c	DAPL1	regulation of cell adhesion;leukocyte cell-cell adhesion;regulation of cell-cell adhesion;cell-cell adhesion	CLIP-seq	Functional MTI (Weak)	-0.26361727712262595	0.46176852833445403	1.4200990367201467	0.04822457902425367	1.247381263141244	0.06213891153937654
hsa-miR-320c	DLG1	regulation of cell adhesion;leukocyte cell-cell adhesion;regulation of cell-cell adhesion;cell-cell adhesion	CLIP-seq	Functional MTI (Weak)	-0.7766511971502981	0.008232047407416237	-0.9716767344398554	0.00952201878604287	-0.319818658361742	0.3295030232816986
hsa-miR-320c	DSC2	cell-cell adhesion	CLIP-seq	Functional MTI (Weak)	-0.5474881907777406	0.10139746083152866	-0.2808170070824896	0.5320049477642605	0.04033452477823523	0.9364522638182268
hsa-miR-320c	EMB	cell-cell adhesion	CLIP-seq	Functional MTI (Weak)	-0.7378911241951687	0.01483720450760659	-0.18896187015833296	0.640148954146241	0.27653111903069816	0.4804332810195025
hsa-miR-320c	FADD	regulation of cell adhesion;leukocyte cell-cell adhesion;regulation of cell-cell adhesion;cell-cell adhesion	CLIP-seq	Functional MTI (Weak)	-0.40709447050389463	0.24296708558299332	0.24348780922430124	0.6151633420535128	0.28003392864022897	0.45185196053214394
hsa-miR-320c	FGB	regulation of cell adhesion;regulation of cell-cell adhesion;cell-cell adhesion	CLIP-seq	Functional MTI (Weak)	-0.16861900349190015	0.6414556269076022	-0.20071949371885217	0.6711600792680608	0.06696589033449966	NA
hsa-miR-320c	FMN1	regulation of cell adhesion	CLIP-seq	Functional MTI (Weak)	-0.08455125217858545	0.8163607076039907	-1.2148368416430944	0.01859755763729368	-3.061560013583898	1.0655451257897313e-13
hsa-miR-320c	FN1	regulation of cell adhesion	CLIP-seq	Functional MTI (Weak)	0.553779448950482	0.0967413957417032	0.7505152031111207	0.15209786431273703	0.20845592811531327	0.5523601610080698
hsa-miR-320c	FOXO3	regulation of cell adhesion;leukocyte cell-cell adhesion;regulation of cell-cell adhesion;cell-cell adhesion	CLIP-seq	Functional MTI (Weak)	-0.7032992018946406	0.02326194819596648	0.00161632508415844	0.997861034191393	-0.27631580502774894	0.36484385156538857
hsa-miR-320c	FUT9	regulation of cell adhesion;leukocyte cell-cell adhesion;regulation of cell-cell adhesion;cell-cell adhesion	CLIP-seq	Functional MTI (Weak)	-0.8137637808510753	0.0041756612545321	-0.6167614537889294	0.1955089852914166	-0.9323989347114192	0.01575003994639358
hsa-miR-320c	GCNT2	regulation of cell adhesion;regulation of cell-cell adhesion;cell-cell adhesion	CLIP-seq	Functional MTI (Weak)	-0.5641022420009999	0.0894006789867636	-0.00488105083601908	0.9930287016394642	1.2523843363042653	0.00358295252703277
hsa-miR-320c	GOLPH3	leukocyte cell-cell adhesion;cell-cell adhesion	CLIP-seq	Functional MTI (Weak)	-0.7609094434677877	0.010589329729979495	0.09476232637146208	0.7929273354149008	-0.0504979319965599	0.8987984433170068
hsa-miR-320c	GPM6B	regulation of cell adhesion	CLIP-seq	Functional MTI (Weak)	-0.5977457431491606	0.06798888956160436	-0.7406196758530338	0.0668949394826237	-0.4008164713240971	0.1976094437128956
hsa-miR-320c	GPNMB	regulation of cell adhesion;leukocyte cell-cell adhesion;regulation of cell-cell adhesion;cell-cell adhesion	CLIP-seq	Functional MTI (Weak)	-0.024094636518045446	0.9473235710980967	1.2979156806311145	0.03202447637581394	3.033133933492464	3.187019331175189e-7
hsa-miR-320c	HLA-DRB3	regulation of cell adhesion;leukocyte cell-cell adhesion;regulation of cell-cell adhesion;cell-cell adhesion	CLIP-seq	Functional MTI (Weak)	NA	NA	NA	NA	NA	NA
hsa-miR-320c	HLA-DRB4	regulation of cell adhesion;leukocyte cell-cell adhesion;regulation of cell-cell adhesion;cell-cell adhesion	CLIP-seq	Functional MTI (Weak)	NA	NA	NA	NA	NA	NA
hsa-miR-320c	HLA-DRB5	regulation of cell adhesion;leukocyte cell-cell adhesion;regulation of cell-cell adhesion;cell-cell adhesion	CLIP-seq	Functional MTI (Weak)	-0.2870559423625652	0.42129966365559324	-0.5834887404144065	0.2781921099278207	2.242919454164372	2.606212386343853e-5
hsa-miR-320c	HLA-E	regulation of cell adhesion;leukocyte cell-cell adhesion;regulation of cell-cell adhesion;cell-cell adhesion	CLIP-seq	Functional MTI (Weak)	-0.23759433848305414	0.5086217297471345	-1.083810743754377	0.02146511463139117	0.22501056389448712	0.539540918423014
hsa-miR-320c	HMGB1	regulation of cell adhesion;leukocyte cell-cell adhesion;regulation of cell-cell adhesion;cell-cell adhesion	CLIP-seq	Functional MTI (Weak)	-0.5269082670118895	0.11760834575333064	-0.13870149566787057	0.716291720591611	0.14711230879509588	0.6669847844213527
hsa-miR-320c	HOXA7	regulation of cell adhesion	CLIP-seq	Functional MTI (Weak)	-0.041772018244713355	0.9087829858581142	0.12955499005622548	NA	0.12666260231013812	0.8086644647361042
hsa-miR-320c	HSPH1	regulation of cell adhesion;leukocyte cell-cell adhesion;regulation of cell-cell adhesion;cell-cell adhesion	CLIP-seq	Functional MTI (Weak)	0.3196030191011017	0.3680116310484172	1.0960103549937967	0.06232268230245775	-0.2053254578646448	0.6239946858712327
hsa-miR-320c	ICAM1	leukocyte cell-cell adhesion;cell adhesion mediated by integrin;cell-cell adhesion	CLIP-seq	Functional MTI (Weak)	0.4635784183306449	0.17718980813498336	0.5454858439137362	0.27047120399339086	0.1331277052919015	0.7596591909819678
hsa-miR-320c	ICOS	regulation of cell adhesion;leukocyte cell-cell adhesion;regulation of cell-cell adhesion;cell-cell adhesion	CLIP-seq	Functional MTI (Weak)	0.10078607743994729	0.7817563324763039	-0.7590894175139438	0.1899894927060186	0.09943499552040733	NA
hsa-miR-320c	ICOSLG	regulation of cell adhesion;leukocyte cell-cell adhesion;regulation of cell-cell adhesion;cell-cell adhesion	CLIP-seq	Functional MTI (Weak)	-0.3373738106061954	0.34041418848568306	0.00531964720675793	0.993280000629533	0.6237945474459035	0.1146614378941807
hsa-miR-320c	IGF2	regulation of cell adhesion;leukocyte cell-cell adhesion;regulation of cell-cell adhesion;cell-cell adhesion	PAR-CLIP	Functional MTI (Weak)	0.1942184375286692	0.5908135113620938	0.04070648593091446	0.9444950562018416	-0.01928596989205108	0.9684969003280752
hsa-miR-320c	IL6R	regulation of cell adhesion;regulation of cell-cell adhesion;cell-cell adhesion	CLIP-seq	Functional MTI (Weak)	0.17227194333151166	0.6341412448822452	-0.23166596270562229	0.6295372744374246	0.3098613424563978	0.42405031517417535
hsa-miR-320c	IL6ST	regulation of cell adhesion;leukocyte cell-cell adhesion;regulation of cell-cell adhesion;cell-cell adhesion	CLIP-seq	Functional MTI (Weak)	-0.3573641460682141	0.3106832472387591	-0.12095055465240656	0.7675212392320763	-0.16388566031433205	0.6243446818244798
hsa-miR-320c	ITGA1	cell adhesion mediated by integrin;cell-cell adhesion	CLIP-seq	Functional MTI (Weak)	0.2707325706718087	0.4493048147577855	0.5319116019222945	0.2486646910832872	-0.3549609472724781	0.23938814627808
hsa-miR-320c	ITGA10	cell adhesion mediated by integrin;cell-cell adhesion	CLIP-seq	Functional MTI (Weak)	-0.005191591987491267	0.9886436986128222	0.20330017211804235	0.695766783037456	-0.0765839190880264	0.8787180508897665
hsa-miR-320c	ITGB1	leukocyte cell-cell adhesion;cell adhesion mediated by integrin;cell-cell adhesion	CLIP-seq	Functional MTI (Weak)	0.1498358379539663	0.6794941100292496	0.4369877345679611	0.3067988397313057	0.6092465565536096	0.03503653238080306
hsa-miR-320c	ITGB3	regulation of cell adhesion;cell adhesion mediated by integrin;cell-cell adhesion;regulation of cell adhesion mediated by integrin	CLIP-seq	Functional MTI (Weak)	0.3707023634833596	0.29163674247552746	0.32725855316172064	0.5079650389766222	0.7817374032426994	0.07445756833002982
hsa-miR-320c	ITGB5	cell adhesion mediated by integrin;cell-cell adhesion	CLIP-seq	Functional MTI (Weak)	-0.1921488294287092	0.5948525846202823	0.41051184530455737	0.259233479478004	0.4564274118779058	0.13484393043195567
hsa-miR-320c	JAM3	regulation of cell adhesion;cell adhesion mediated by integrin;cell-cell adhesion;regulation of cell adhesion mediated by integrin	CLIP-seq	Functional MTI (Weak)	-0.553513469670534	0.09693543492032146	-0.31289071390866424	0.493255092244754	0.6083002248962439	0.05466627212851595
hsa-miR-320c	KIF14	regulation of cell adhesion	CLIP-seq	Functional MTI (Weak)	-0.19084768805766675	0.5973970438739457	4.396936575365238	1.7434570091548573e-13	5.321573841679627	1.5129856824332524e-22
hsa-miR-320c	KITLG	regulation of cell adhesion;leukocyte cell-cell adhesion;regulation of cell-cell adhesion;cell-cell adhesion	CLIP-seq	Functional MTI (Weak)	-0.1427122829605293	0.6940977302768871	-0.9966993394132369	0.02625308140074248	-1.6222418040785058	1.3531379838085838e-5
hsa-miR-320c	LAX1	regulation of cell adhesion;leukocyte cell-cell adhesion;regulation of cell-cell adhesion;cell-cell adhesion	CLIP-seq	Functional MTI (Weak)	0.3092130120753077	0.3846436279094053	-0.5067159664237446	0.3358219220197255	0.0250300549379388	NA
hsa-miR-320c	LOXL3	regulation of cell adhesion;leukocyte cell-cell adhesion;regulation of cell-cell adhesion;cell-cell adhesion	CLIP-seq	Functional MTI (Weak)	0.4711359290448175	0.1692967821248807	1.1058708258174423	0.03333402067724976	1.9051697998796384	3.545712976082539e-5
hsa-miR-320c	LPP	cell-cell adhesion	CLIP-seq	Functional MTI (Weak)	0.31099975522268447	0.3817577627559584	0.8321538144206939	0.01125618139609196	0.41680860974267026	0.18096227458938904
hsa-miR-320c	MAGI1	regulation of cell adhesion;regulation of cell-cell adhesion;cell-cell adhesion	CLIP-seq	Functional MTI (Weak)	-0.6745324521815843	0.0323976767742381	-0.47538386525083576	0.22803863528905563	-0.11614011817605706	0.7401002249973422
hsa-miR-320c	MMP24	cell-cell adhesion	CLIP-seq	Functional MTI (Weak)	-0.7684621261987316	0.0094061109831408	0.1799977720295551	0.7307954429988082	-0.2764630434161343	0.4940466762015731
hsa-miR-320c	MYL12A	cell-cell adhesion	CLIP-seq	Functional MTI (Weak)	-0.1409102267400763	0.6978066503106408	-0.1579925780179501	0.7365834691266364	0.09370431022598384	0.826313965504585
hsa-miR-320c	MYO10	regulation of cell adhesion;regulation of cell-cell adhesion;cell-cell adhesion	CLIP-seq	Functional MTI (Weak)	-0.3906514594610706	0.2643543152210229	-0.7886375138818827	0.03264099279056286	-0.1859642781660096	0.5790912319209287
hsa-miR-320c	NCK2	regulation of cell adhesion;leukocyte cell-cell adhesion;regulation of cell-cell adhesion;cell-cell adhesion	CLIP-seq	Functional MTI (Weak)	-0.6407583194319032	0.04591474127091556	0.05643152007377388	0.8930326299227026	-0.05831615091977235	0.8863089492823749
hsa-miR-320c	NPNT	regulation of cell adhesion;cell adhesion mediated by integrin;cell-cell adhesion	CLIP-seq	Functional MTI (Weak)	-0.5552688710735567	0.09565938635953171	-0.7800631524372913	0.15990374360146611	-0.9104592669323625	0.07015290427092466
hsa-miR-320c	NR4A3	regulation of cell adhesion;leukocyte cell-cell adhesion;regulation of cell-cell adhesion;cell-cell adhesion	CLIP-seq	Functional MTI (Weak)	-0.15026278078445438	0.6786218452309021	-0.05955594336059084	0.9178796750755136	0.2052240746585363	0.6014417572751596
hsa-miR-320c	NRP1	regulation of cell adhesion	CLIP-seq	Functional MTI (Weak)	0.39929678728951906	0.2529846592073128	0.4844835166362368	0.2862470059609341	-0.7179601263166198	0.02693150276714206
hsa-miR-320c	NRXN1	cell-cell adhesion	CLIP-seq	Functional MTI (Weak)	-0.6358985437533801	0.04812639877614736	-0.5077124968903959	0.3101617866916507	-1.0452455189308856	2.732390742995525e-4
hsa-miR-320c	OLR1	leukocyte cell-cell adhesion;cell-cell adhesion	CLIP-seq	Functional MTI (Weak)	-0.3362349335770263	0.34215020300393034	-0.2801793378254651	0.5718917910647857	0.24384424251354317	0.5580886535126315
hsa-miR-320c	ONECUT2	regulation of cell adhesion	CLIP-seq	Functional MTI (Weak)	-0.5975227423859151	0.0681184730131155	0.01180165084793148	0.9847101199887992	-0.08420905975014648	0.8728246006233216
hsa-miR-320c	PALLD	cell-cell adhesion	CLIP-seq	Functional MTI (Weak)	0.05795788397242999	0.873642149562754	0.5366202727978513	0.22869791022304803	0.17044541416825115	0.6186994375441816
hsa-miR-320c	PCDH9	cell-cell adhesion	CLIP-seq	Functional MTI (Weak)	-0.8094680311708919	0.004549218830551354	-0.977268055994124	0.03595026321385063	-0.7745857243883241	0.05019053059141361
hsa-miR-320c	PCDHA2	cell-cell adhesion	CLASH	Functional MTI (Weak)	-0.508015882247685	0.1338341871365999	0.66070665013807806	0.19662594731409996	0.9394854103529768	0.01916706443850879
hsa-miR-320c	PCDHB3	cell-cell adhesion	CLIP-seq	Functional MTI (Weak)	-0.5453436947722513	0.10301638349495909	0.4914097992671044	0.2724122913376796	0.39143319132072946	0.2893310385241547
hsa-miR-320c	PDE3B	regulation of cell adhesion;cell adhesion mediated by integrin;regulation of cell adhesion mediated by integrin	CLIP-seq	Functional MTI (Weak)	-0.7720789880221536	0.008873922117300146	0.22516936311010433	0.6113174217228011	0.6751159770195482	0.06356542518283255
hsa-miR-320c	PDLIM1	cell-cell adhesion	CLIP-seq	Functional MTI (Weak)	0.0196034930900018	0.9571338347339413	1.8188032352127377	0.00309135118482253	2.538696695786451	7.796391853757544e-8
hsa-miR-320c	PDLIM5	cell-cell adhesion	CLIP-seq	Functional MTI (Weak)	-0.33974526775616154	0.3368138082941092	0.5306610489932427	0.17577938709437343	0.2547004225883562	0.3958340353568025
hsa-miR-320c	PDPK1	regulation of cell adhesion;leukocyte cell-cell adhesion;regulation of cell-cell adhesion;cell-cell adhesion	CLIP-seq	Functional MTI (Weak)	-0.7313812823524903	0.016226215283307744	-0.4552579191102816	0.23230491696519187	-0.9573378448171956	4.596855727047739e-4
hsa-miR-320c	PEAK1	regulation of cell adhesion	CLIP-seq	Functional MTI (Weak)	-0.6200766666023799	0.055815995888629184	-0.00596404958994618	0.9838532958934716	0.07835377196626106	0.8256921295759306
hsa-miR-320c	PIK3R1	regulation of cell adhesion	CLIP-seq	Functional MTI (Weak)	-0.47887707267234997	0.16143360320469713	-1.0631014478048642	0.0022328676056582	-0.8590430421399302	0.00330570276393861
hsa-miR-320c	POLDIP2	regulation of cell adhesion	CLIP-seq	Functional MTI (Weak)	-0.7973754373505375	0.005728581020982421	-0.3005351195798445	0.26577630229980576	-0.20441682428966051	0.4952339972773559
hsa-miR-320c	PPM1F	regulation of cell adhesion;regulation of cell-cell adhesion;cell-cell adhesion	CLIP-seq	Functional MTI (Weak)	-0.4714226675180471	0.16900152638425353	-0.09305656215593965	0.8463271168875803	-0.18421216469222443	0.5649829567796566
hsa-miR-320c	PRKAA1	regulation of cell adhesion;leukocyte cell-cell adhesion;regulation of cell-cell adhesion;cell-cell adhesion	CLIP-seq	Functional MTI (Weak)	-0.6157521716906805	0.05805078663667358	-0.07540950288414977	0.8577631173972182	0.06382141226796124	0.8712723989673662
hsa-miR-320c	PRKAR1A	regulation of cell adhesion;leukocyte cell-cell adhesion;regulation of cell-cell adhesion;cell-cell adhesion	CLIP-seq	Functional MTI (Weak)	-0.8011974360883916	0.005334762292641421	-0.4967667637500969	0.16547135545515682	-0.4859701271698943	0.1419670647043388
hsa-miR-320c	PTEN	regulation of cell adhesion	CLIP-seq	Functional MTI (Weak)	-0.6838277124740813	0.02921840513804029	-0.16184559884205887	0.6884839524473508	-0.1817278431651463	0.6004070689960846
hsa-miR-320c	PTPN11	regulation of cell adhesion;leukocyte cell-cell adhesion;regulation of cell-cell adhesion;cell adhesion mediated by integrin;cell-cell adhesion;regulation of cell adhesion mediated by integrin	CLIP-seq	Functional MTI (Weak)	-0.7282745061131128	0.016919954472077395	-0.6095371312768245	0.04591573554031061	-0.32572868140475764	0.29982880274124174
hsa-miR-320c	PTPRT	cell-cell adhesion	CLIP-seq	Functional MTI (Weak)	-0.5254095878264832	0.11884815339538121	-1.0084719701286564	0.08908716312479849	-2.167999502875114	3.424268244966746e-7
hsa-miR-320c	RAC1	regulation of cell adhesion	CLIP-seq	Functional MTI (Weak)	-0.5557140154890319	0.09533750763543601	-0.4319911110144344	0.15605880709887354	-0.07051631073854807	0.8558729531036781
hsa-miR-320c	RAP2B	cell-cell adhesion	CLIP-seq	Functional MTI (Weak)	-0.5564607180587039	0.09479912601955637	-0.2947558934130426	0.4572169187905397	-0.00706072678513941	0.9888218179646256
hsa-miR-320c	RASA1	regulation of cell adhesion	CLIP-seq	Functional MTI (Weak)	-0.7108287627367741	0.02120216106555517	-0.4258988046349429	0.2045463850130073	-0.6137978509100513	0.02240273263958129
hsa-miR-320c	RHOA	regulation of cell adhesion;leukocyte cell-cell adhesion;regulation of cell-cell adhesion;cell-cell adhesion	CLASH	Functional MTI (Weak)	-0.3564496193812628	0.31201252617322167	-0.25639568457755607	0.4993325531711556	-0.02528351722846566	0.9517153194551398
hsa-miR-320c	RIPK2	regulation of cell adhesion;leukocyte cell-cell adhesion;regulation of cell-cell adhesion;cell-cell adhesion	CLIP-seq	Functional MTI (Weak)	-0.10595411874472481	0.7708098517136517	0.5341230163372539	0.20522106421988923	0.6446097325780863	0.06718877979417281
hsa-miR-320c	RREB1	regulation of cell adhesion	CLIP-seq	Functional MTI (Weak)	-0.21821538985768968	0.5447420256393363	0.29813318669124556	0.5004605115045451	0.25920445802574915	0.4569952590064209
hsa-miR-320c	SEMA5A	regulation of cell adhesion	CLIP-seq	Functional MTI (Weak)	-0.49535780813250846	0.145437150211813	0.02422859283908714	0.9603265382501028	0.8716701593382282	0.01593023080064314
hsa-miR-320c	SFRP1	regulation of cell adhesion	CLIP-seq	Functional MTI (Weak)	-0.582664681961805	0.07711912333597937	0.1561600519339723	0.7606093635590145	2.379020599430762	4.1167152993097795e-11
hsa-miR-320c	SIRPA	regulation of cell adhesion;leukocyte cell-cell adhesion;regulation of cell-cell adhesion;cell-cell adhesion	CLIP-seq	Functional MTI (Weak)	-0.8678215044602324	0.001135057701273102	-0.964368352347155	0.02148860043051317	-1.526449907080266	1.508739128216767e-7
hsa-miR-320c	SLC7A1	regulation of cell adhesion;leukocyte cell-cell adhesion;regulation of cell-cell adhesion;cell-cell adhesion	CLIP-seq	Functional MTI (Weak)	-0.7519381703009667	0.012126363588649216	0.24573551739854313	0.5704174716299867	-0.11992188621122166	0.7341759492384449
hsa-miR-320c	SMARCA2	regulation of cell adhesion;leukocyte cell-cell adhesion;regulation of cell-cell adhesion;cell-cell adhesion	CLIP-seq	Functional MTI (Weak)	-0.6870405636516999	0.028171001263084975	-0.522389605739592	0.10350286365001604	-0.4090852912567928	0.1141892946714854
hsa-miR-320c	SMARCC1	regulation of cell adhesion;leukocyte cell-cell adhesion;regulation of cell-cell adhesion;cell-cell adhesion	5.0	Functional MTI (Weak)	-0.6968232714179955	0.02514025755694384	-0.01911327715645611	0.9683643105619716	0.26489587698323014	0.3869423612695551
hsa-miR-320c	SMARCD2	regulation of cell adhesion;leukocyte cell-cell adhesion;regulation of cell-cell adhesion;cell-cell adhesion	CLIP-seq	Functional MTI (Weak)	-0.42929809411143854	0.21568355611119175	-0.0405887888005027	0.9409145158311684	0.1143596801403039	0.7836310812518329
hsa-miR-320c	SMARCE1	regulation of cell adhesion;leukocyte cell-cell adhesion;regulation of cell-cell adhesion;cell-cell adhesion	CLIP-seq	Functional MTI (Weak)	-0.4290186383428398	0.21601548811587337	-0.01445575107801391	0.9786406648972642	0.34734130482089787	0.251248397736244
hsa-miR-320c	SOX4	regulation of cell adhesion;leukocyte cell-cell adhesion;regulation of cell-cell adhesion;cell-cell adhesion	CLIP-seq	Functional MTI (Weak)	-0.6821604102731283	0.029772282663164378	2.377304420055497	9.428740349837737e-7	3.746679610393231	9.140094532761128e-15
hsa-miR-320c	STK4	regulation of cell adhesion	CLIP-seq	Functional MTI (Weak)	-0.6662846709989185	0.03540868172119627	-0.5692224585315471	0.02189941667895209	-0.17869111487587577	0.5944721353721704
hsa-miR-320c	STX3	regulation of cell adhesion	CLIP-seq	Functional MTI (Weak)	-0.2656873955317906	0.4581265739462589	-0.48634785971295663	0.223967247574798	-0.15242933801583816	0.6653237610863375
hsa-miR-320c	SWAP70	regulation of cell adhesion;regulation of cell-cell adhesion;cell adhesion mediated by integrin;cell-cell adhesion;regulation of cell adhesion mediated by integrin	HITS-CLIP	Functional MTI (Weak)	-0.35079339087116607	0.32030006814606066	-0.15642225097181114	0.7160244490219574	-0.09286496855874796	0.8244826570526608
hsa-miR-320c	TFE3	regulation of cell adhesion	CLIP-seq	Functional MTI (Weak)	-0.8463539314795356	0.002016778565958924	3.284817102438118e-5	0.9999905272363364	-0.32208481261748084	0.256412197193691
hsa-miR-320c	TFRC	regulation of cell adhesion;leukocyte cell-cell adhesion;regulation of cell-cell adhesion;cell-cell adhesion	CLIP-seq	Functional MTI (Weak)	-0.5083356768861869	0.13354868795437047	-0.6175953306247829	0.12424242948201691	-0.6050362475855174	0.05801530498712187
hsa-miR-320c	TMEM47	cell-cell adhesion	CLIP-seq	Functional MTI (Weak)	-0.599636580636806	0.06689661226171646	-0.1060731392457796	0.8170064052592635	-0.5540511526450954	0.08190356902214761
hsa-miR-320c	TMOD3	cell-cell adhesion	CLIP-seq	Functional MTI (Weak)	-0.5116011366390504	0.13065488566380823	0.2516081301734114	0.49171277473504754	0.06289581531437914	0.8714283657843477
hsa-miR-320c	TSC1	regulation of cell adhesion	CLIP-seq	Functional MTI (Weak)	-0.7658461096908898	0.009804792437092084	-0.17197165326391547	0.5363490209904914	-0.209199240643381	0.46528529680644815
hsa-miR-320c	TUBB1	cell-cell adhesion	CLIP-seq	Functional MTI (Weak)	0.33114721153557697	0.3499604090128102	-1.606812041412632	0.02961885420920837	0.04286297894252682	0.9356293657116396
hsa-miR-320c	TWSG1	regulation of cell adhesion;leukocyte cell-cell adhesion;regulation of cell-cell adhesion;cell-cell adhesion	CLIP-seq	Functional MTI (Weak)	-0.6791327046892663	0.030796306883249136	-0.13090966577737906	0.7668577921859295	-0.04432399993965415	0.9220299924990136
hsa-miR-320c	VSIG10	cell-cell adhesion	CLIP-seq	Functional MTI (Weak)	-0.6373719303897657	0.04744852381400148	0.22686356856294415	0.47179089047892614	0.02245604761288081	0.961293754104373
hsa-miR-320c	WNK1	regulation of cell adhesion;leukocyte cell-cell adhesion;regulation of cell-cell adhesion;cell adhesion mediated by integrin;cell-cell adhesion;regulation of cell adhesion mediated by integrin	CLIP-seq	Functional MTI (Weak)	-0.6961503859406489	0.025341200882479265	-0.5795603141993028	0.1605681554292646	-0.3829565628990032	0.2716797908487216
hsa-miR-320c	YES1	regulation of cell adhesion;leukocyte cell-cell adhesion;regulation of cell-cell adhesion;cell-cell adhesion	CLIP-seq	Functional MTI (Weak)	-0.1841317409033276	0.6105925838922577	0.1759274973298912	0.6884619056788247	0.644501822458238	0.02606933506576522
hsa-miR-320c	YWHAG	regulation of cell adhesion;leukocyte cell-cell adhesion;regulation of cell-cell adhesion;cell-cell adhesion	CLIP-seq	Functional MTI (Weak)	-0.6172178916554806	0.05728684244985621	-0.6860298800712817	0.14102363615333507	-0.7594560711090307	0.01983479301000246
hsa-miR-320c	ZFHX3	regulation of cell adhesion	CLIP-seq	Functional MTI (Weak)	-0.4609083081157072	0.18002964667687488	-0.2151266963280616	0.6302030541285747	-0.4071973244840653	0.2865525722761762
hsa-miR-320c	ZFP36L1	cell-cell adhesion	CLIP-seq	Functional MTI (Weak)	-0.11743914077024757	0.7466157823587912	1.3768161955514986	0.00552220188035293	0.2597058525602883	0.476552677946023
hsa-miR-320c	ZMIZ1	regulation of cell adhesion;leukocyte cell-cell adhesion;regulation of cell-cell adhesion;cell-cell adhesion	CLIP-seq	Functional MTI (Weak)	-0.7077027065393536	0.02204136743633771	0.6590127521230181	0.06173927484805514	0.1292990904370685	0.6906276314915074
hsa-miR-320d	ABCA12	regulation of cell adhesion;regulation of cell-cell adhesion;cell-cell adhesion	CLIP-seq	Functional MTI (Weak)	0.20723996841665582	0.5656360926717476	-0.620087811311526	0.2572613610096228	-0.344823188774445	0.49909298855951795
hsa-miR-320d	ACTL6A	regulation of cell adhesion;leukocyte cell-cell adhesion;regulation of cell-cell adhesion;cell-cell adhesion	CLIP-seq	Functional MTI (Weak)	-0.16415349263357853	0.6504348553670576	0.5008708347410921	0.24186374882945272	1.1867069347237926	0.00119340622839713
hsa-miR-320d	ADAM10	regulation of cell adhesion	CLIP-seq	Functional MTI (Weak)	-0.2579766366442063	0.47175703470272556	-0.04884278022400494	0.9029248734295464	0.24353964157258912	0.4569665985053652
hsa-miR-320d	ADAM19	regulation of cell adhesion;regulation of cell-cell adhesion;cell-cell adhesion	CLIP-seq	Functional MTI (Weak)	-0.25699802858183113	0.47349956055282927	-0.678379907994864	0.13722089496768688	-0.1205635655639332	0.7567903174615677
hsa-miR-320d	ADAM9	regulation of cell adhesion;cell adhesion mediated by integrin;cell-cell adhesion;regulation of cell adhesion mediated by integrin	CLIP-seq	Functional MTI (Weak)	0.4061028903421187	0.24422842510749165	0.8873342492540748	0.02362268929283467	0.6183213746583744	0.05144254252200642
hsa-miR-320d	ASS1	regulation of cell adhesion;leukocyte cell-cell adhesion;regulation of cell-cell adhesion;cell-cell adhesion	CLIP-seq	Functional MTI (Weak)	-0.10851327966360647	0.7654026045378567	-0.16401205873552693	0.751675722228061	-0.09706909238633785	0.8329673860133568
hsa-miR-320d	BAG4	regulation of cell adhesion	CLIP-seq	Functional MTI (Weak)	-0.18186468794819854	0.6150700315086003	-0.26523399111557294	0.556831750815227	-0.6104958855992133	0.03785715695212485
hsa-miR-320d	BCL10	regulation of cell adhesion;leukocyte cell-cell adhesion;regulation of cell-cell adhesion;cell-cell adhesion	CLIP-seq	Functional MTI (Weak)	0.3846182933578791	0.2724517777566822	0.49027313428153574	0.14764122999731308	0.1426243341553147	0.6906587447134992
hsa-miR-320d	BMI1	regulation of cell adhesion;leukocyte cell-cell adhesion;regulation of cell-cell adhesion;cell-cell adhesion	CLIP-seq	Functional MTI (Weak)	-0.12789049931037144	0.7247705595954552	0.27898497699861374	0.4524195459330883	0.25904876829787543	0.4216849922923987
hsa-miR-320d	CADM3	cell-cell adhesion	CLIP-seq	Functional MTI (Weak)	-0.08334321707742262	0.8189478084361377	-0.22109800508553068	0.6551088898944791	-0.19477058469942576	0.5680139247880094
hsa-miR-320d	CASP3	regulation of cell adhesion;leukocyte cell-cell adhesion;regulation of cell-cell adhesion;cell-cell adhesion	CLIP-seq	Functional MTI (Weak)	-0.11155193593368613	0.758994078305279	0.240060606564573	0.4294264950817537	0.43983805699139505	0.1573060714655645
hsa-miR-320d	CD2AP	cell-cell adhesion	CLIP-seq	Functional MTI (Weak)	-0.016991916309900327	0.9628409130766505	0.47238491398255344	0.23430755839459963	0.2908037862297811	0.3822473420957984
hsa-miR-320d	CD47	regulation of cell adhesion;leukocyte cell-cell adhesion;regulation of cell-cell adhesion;cell-cell adhesion	CLIP-seq	Functional MTI (Weak)	-0.10768347538512692	0.7671549086421666	-0.14144089553206138	0.7579038778205872	-0.1767852556579346	0.5579847268444224
hsa-miR-320d	CDH1	regulation of cell adhesion;regulation of cell-cell adhesion;cell-cell adhesion	CLIP-seq	Functional MTI (Weak)	-0.058097551442913314	0.8733397028737164	0.01921045777867776	0.9751027234777048	1.2757289184615952	0.01240717213494231
hsa-miR-320d	CDK6	regulation of cell adhesion	CLIP-seq	Functional MTI (Weak)	-0.19519130252107994	0.5889183435661631	0.2236170967268815	0.6349681975978196	0.4126891497442633	0.192794138369704
hsa-miR-320d	CORO1C	regulation of cell adhesion	CLIP-seq	Functional MTI (Weak)	0.04155730698849055	0.9092502249502039	-0.190684009391816	0.5475338530901263	0.5959427332660738	0.04885022275019969
hsa-miR-320d	CRK	regulation of cell adhesion;cell adhesion mediated by integrin;regulation of cell adhesion mediated by integrin	PAR-CLIP	Functional MTI (Weak)	-0.289444279935081	0.4172722509878698	-0.17175719578429408	0.6000472593073003	0.00844335770568786	0.9859738314172622
hsa-miR-320d	CRKL	regulation of cell adhesion;cell adhesion mediated by integrin;regulation of cell adhesion mediated by integrin	CLIP-seq	Functional MTI (Weak)	-0.2510339615050374	0.48417990763800045	0.01836995776813566	0.9519999798891204	-4.240467448113432e-5	0.999878007640592
hsa-miR-320d	CSRP1	cell-cell adhesion	CLIP-seq	Functional MTI (Weak)	-0.5276843583681768	0.1169694973157711	-1.760057146031636	5.6937708294553245e-5	-1.309660379081222	0.00130717331265653
hsa-miR-320d	CXCL12	regulation of cell adhesion;leukocyte cell-cell adhesion;regulation of cell-cell adhesion;cell-cell adhesion	CLIP-seq	Functional MTI (Weak)	0.10313001278235528	0.7767872275046158	0.14734226307996356	0.7712380482713379	0.5565728652689194	0.16326483223763866
hsa-miR-320d	CYFIP2	cell-cell adhesion	CLIP-seq	Functional MTI (Weak)	-0.15971627319866855	0.6593974895866473	-0.7096117281172339	0.14342162450535148	-1.251294703697057	3.530786666092232e-5
hsa-miR-320d	CYLD	regulation of cell adhesion;leukocyte cell-cell adhesion;regulation of cell-cell adhesion;cell-cell adhesion	CLIP-seq	Functional MTI (Weak)	-0.547719413213916	0.10122387501230791	-0.8338242849476362	0.00723115582078067	-0.3458572153682195	0.3021600768715497
hsa-miR-320d	CYP1B1	regulation of cell adhesion;cell adhesion mediated by integrin;cell-cell adhesion;regulation of cell adhesion mediated by integrin	CLIP-seq	Functional MTI (Weak)	0.13127654232796082	0.7177305101179723	-0.40514843233815184	0.3800135460108194	-1.0776972082692848	0.00325243494279758
hsa-miR-320d	CYTIP	regulation of cell adhesion	CLIP-seq	Functional MTI (Weak)	0.7348727555385317	0.015470475627824337	-0.34780814744697053	0.4866995502274952	2.5954914807712854	0.00254073625117173
hsa-miR-320d	DAB2	regulation of cell adhesion	CLIP-seq	Functional MTI (Weak)	0.34836032524654387	0.3238999013852661	0.9576321826995884	0.00987677429732496	1.962598674954103	2.1158978015185683e-8
hsa-miR-320d	DAPL1	regulation of cell adhesion;leukocyte cell-cell adhesion;regulation of cell-cell adhesion;cell-cell adhesion	CLIP-seq	Functional MTI (Weak)	-0.004894143669879827	0.9892943171539861	1.4200990367201467	0.04822457902425367	1.247381263141244	0.06213891153937654
hsa-miR-320d	DLG1	regulation of cell adhesion;leukocyte cell-cell adhesion;regulation of cell-cell adhesion;cell-cell adhesion	CLIP-seq	Functional MTI (Weak)	-0.4290698027990094	0.21595469409785759	-0.9716767344398554	0.00952201878604287	-0.319818658361742	0.3295030232816986
hsa-miR-320d	DSC2	cell-cell adhesion	CLIP-seq	Functional MTI (Weak)	-0.15679606001252447	0.6653174044478483	-0.2808170070824896	0.5320049477642605	0.04033452477823523	0.9364522638182268
hsa-miR-320d	EMB	cell-cell adhesion	CLIP-seq	Functional MTI (Weak)	-0.390973250479877	0.26392618009848784	-0.18896187015833296	0.640148954146241	0.27653111903069816	0.4804332810195025
hsa-miR-320d	FADD	regulation of cell adhesion;leukocyte cell-cell adhesion;regulation of cell-cell adhesion;cell-cell adhesion	CLIP-seq	Functional MTI (Weak)	-0.036018691835569924	0.9213112511227862	0.24348780922430124	0.6151633420535128	0.28003392864022897	0.45185196053214394
hsa-miR-320d	FGB	regulation of cell adhesion;regulation of cell-cell adhesion;cell-cell adhesion	CLIP-seq	Functional MTI (Weak)	0.20462138816022651	0.5706659491689534	-0.20071949371885217	0.6711600792680608	0.06696589033449966	NA
hsa-miR-320d	FMN1	regulation of cell adhesion	CLIP-seq	Functional MTI (Weak)	-0.3628657456271773	0.302749684673244	-1.2148368416430944	0.01859755763729368	-3.061560013583898	1.0655451257897313e-13
hsa-miR-320d	FN1	regulation of cell adhesion	CLIP-seq	Functional MTI (Weak)	0.34498131901711815	0.32893394448526775	0.7505152031111207	0.15209786431273703	0.20845592811531327	0.5523601610080698
hsa-miR-320d	FOXO3	regulation of cell adhesion;leukocyte cell-cell adhesion;regulation of cell-cell adhesion;cell-cell adhesion	CLIP-seq	Functional MTI (Weak)	-0.056031130407586074	0.8778159789484129	0.00161632508415844	0.997861034191393	-0.27631580502774894	0.36484385156538857
hsa-miR-320d	FUT9	regulation of cell adhesion;leukocyte cell-cell adhesion;regulation of cell-cell adhesion;cell-cell adhesion	CLIP-seq	Functional MTI (Weak)	-0.38261345637074656	0.27517214735625956	-0.6167614537889294	0.1955089852914166	-0.9323989347114192	0.01575003994639358
hsa-miR-320d	GCNT2	regulation of cell adhesion;regulation of cell-cell adhesion;cell-cell adhesion	CLIP-seq	Functional MTI (Weak)	-0.3390394052302364	0.33788341079578404	-0.00488105083601908	0.9930287016394642	1.2523843363042653	0.00358295252703277
hsa-miR-320d	GOLPH3	leukocyte cell-cell adhesion;cell-cell adhesion	CLIP-seq	Functional MTI (Weak)	-0.3081722473735144	0.3863295095136826	0.09476232637146208	0.7929273354149008	-0.0504979319965599	0.8987984433170068
hsa-miR-320d	GPM6B	regulation of cell adhesion	CLIP-seq	Functional MTI (Weak)	-0.14656556123696585	0.686186738892357	-0.7406196758530338	0.0668949394826237	-0.4008164713240971	0.1976094437128956
hsa-miR-320d	GPNMB	regulation of cell adhesion;leukocyte cell-cell adhesion;regulation of cell-cell adhesion;cell-cell adhesion	CLIP-seq	Functional MTI (Weak)	-0.07554192034319888	0.8356918257856204	1.2979156806311145	0.03202447637581394	3.033133933492464	3.187019331175189e-7
hsa-miR-320d	HLA-DRB3	regulation of cell adhesion;leukocyte cell-cell adhesion;regulation of cell-cell adhesion;cell-cell adhesion	CLIP-seq	Functional MTI (Weak)	NA	NA	NA	NA	NA	NA
hsa-miR-320d	HLA-DRB4	regulation of cell adhesion;leukocyte cell-cell adhesion;regulation of cell-cell adhesion;cell-cell adhesion	CLIP-seq	Functional MTI (Weak)	NA	NA	NA	NA	NA	NA
hsa-miR-320d	HLA-DRB5	regulation of cell adhesion;leukocyte cell-cell adhesion;regulation of cell-cell adhesion;cell-cell adhesion	CLIP-seq	Functional MTI (Weak)	0.18569053781456513	0.6075206661345778	-0.5834887404144065	0.2781921099278207	2.242919454164372	2.606212386343853e-5
hsa-miR-320d	HLA-E	regulation of cell adhesion;leukocyte cell-cell adhesion;regulation of cell-cell adhesion;cell-cell adhesion	CLIP-seq	Functional MTI (Weak)	-0.29387397931231957	0.40985075411156424	-1.083810743754377	0.02146511463139117	0.22501056389448712	0.539540918423014
hsa-miR-320d	HMGB1	regulation of cell adhesion;leukocyte cell-cell adhesion;regulation of cell-cell adhesion;cell-cell adhesion	CLIP-seq	Functional MTI (Weak)	0.04440414629013787	0.9030572255048834	-0.13870149566787057	0.716291720591611	0.14711230879509588	0.6669847844213527
hsa-miR-320d	HOXA7	regulation of cell adhesion	CLIP-seq	Functional MTI (Weak)	0.21402933060629642	0.5526748616830321	0.12955499005622548	NA	0.12666260231013812	0.8086644647361042
hsa-miR-320d	HSPH1	regulation of cell adhesion;leukocyte cell-cell adhesion;regulation of cell-cell adhesion;cell-cell adhesion	CLIP-seq	Functional MTI (Weak)	-0.08039648804847774	0.8252650159065233	1.0960103549937967	0.06232268230245775	-0.2053254578646448	0.6239946858712327
hsa-miR-320d	ICAM1	leukocyte cell-cell adhesion;cell adhesion mediated by integrin;cell-cell adhesion	CLIP-seq	Functional MTI (Weak)	-0.0010340815776970123	0.9977379489676559	0.5454858439137362	0.27047120399339086	0.1331277052919015	0.7596591909819678
hsa-miR-320d	ICOS	regulation of cell adhesion;leukocyte cell-cell adhesion;regulation of cell-cell adhesion;cell-cell adhesion	CLIP-seq	Functional MTI (Weak)	0.3026186275425452	0.39538602640586373	-0.7590894175139438	0.1899894927060186	0.09943499552040733	NA
hsa-miR-320d	ICOSLG	regulation of cell adhesion;leukocyte cell-cell adhesion;regulation of cell-cell adhesion;cell-cell adhesion	CLIP-seq	Functional MTI (Weak)	-0.6534770974792553	0.040450701980357044	0.00531964720675793	0.993280000629533	0.6237945474459035	0.1146614378941807
hsa-miR-320d	IGF2	regulation of cell adhesion;leukocyte cell-cell adhesion;regulation of cell-cell adhesion;cell-cell adhesion	PAR-CLIP	Functional MTI (Weak)	0.17040193465003295	0.6378820992229717	0.04070648593091446	0.9444950562018416	-0.01928596989205108	0.9684969003280752
hsa-miR-320d	IL6R	regulation of cell adhesion;regulation of cell-cell adhesion;cell-cell adhesion	CLIP-seq	Functional MTI (Weak)	-0.24807917686946948	0.48950950988323316	-0.23166596270562229	0.6295372744374246	0.3098613424563978	0.42405031517417535
hsa-miR-320d	IL6ST	regulation of cell adhesion;leukocyte cell-cell adhesion;regulation of cell-cell adhesion;cell-cell adhesion	CLIP-seq	Functional MTI (Weak)	-0.02812179369758841	0.9385322025649141	-0.12095055465240656	0.7675212392320763	-0.16388566031433205	0.6243446818244798
hsa-miR-320d	ITGA1	cell adhesion mediated by integrin;cell-cell adhesion	CLIP-seq	Functional MTI (Weak)	0.012691542115080126	0.972241723082485	0.5319116019222945	0.2486646910832872	-0.3549609472724781	0.23938814627808
hsa-miR-320d	ITGA10	cell adhesion mediated by integrin;cell-cell adhesion	CLIP-seq	Functional MTI (Weak)	-0.3710484056061118	0.29115113988770985	0.20330017211804235	0.695766783037456	-0.0765839190880264	0.8787180508897665
hsa-miR-320d	ITGB1	leukocyte cell-cell adhesion;cell adhesion mediated by integrin;cell-cell adhesion	CLIP-seq	Functional MTI (Weak)	0.20623212630319224	0.5675699769636509	0.4369877345679611	0.3067988397313057	0.6092465565536096	0.03503653238080306
hsa-miR-320d	ITGB3	regulation of cell adhesion;cell adhesion mediated by integrin;cell-cell adhesion;regulation of cell adhesion mediated by integrin	CLIP-seq	Functional MTI (Weak)	0.3716023503639494	0.2903746892833926	0.32725855316172064	0.5079650389766222	0.7817374032426994	0.07445756833002982
hsa-miR-320d	ITGB5	cell adhesion mediated by integrin;cell-cell adhesion	CLIP-seq	Functional MTI (Weak)	-0.2787860509761003	0.4353842261975055	0.41051184530455737	0.259233479478004	0.4564274118779058	0.13484393043195567
hsa-miR-320d	JAM3	regulation of cell adhesion;cell adhesion mediated by integrin;cell-cell adhesion;regulation of cell adhesion mediated by integrin	CLIP-seq	Functional MTI (Weak)	-0.4320296278211636	0.21245451470783303	-0.31289071390866424	0.493255092244754	0.6083002248962439	0.05466627212851595
hsa-miR-320d	KIF14	regulation of cell adhesion	CLIP-seq	Functional MTI (Weak)	0.11507399243688331	0.751582580874612	4.396936575365238	1.7434570091548573e-13	5.321573841679627	1.5129856824332524e-22
hsa-miR-320d	KITLG	regulation of cell adhesion;leukocyte cell-cell adhesion;regulation of cell-cell adhesion;cell-cell adhesion	CLIP-seq	Functional MTI (Weak)	0.18988753542027687	0.5992772054705362	-0.9966993394132369	0.02625308140074248	-1.6222418040785058	1.3531379838085838e-5
hsa-miR-320d	LAX1	regulation of cell adhesion;leukocyte cell-cell adhesion;regulation of cell-cell adhesion;cell-cell adhesion	CLIP-seq	Functional MTI (Weak)	0.4190243597255021	0.22807879408659704	-0.5067159664237446	0.3358219220197255	0.0250300549379388	NA
hsa-miR-320d	LOXL3	regulation of cell adhesion;leukocyte cell-cell adhesion;regulation of cell-cell adhesion;cell-cell adhesion	CLIP-seq	Functional MTI (Weak)	0.3522965095199312	0.3180866048990441	1.1058708258174423	0.03333402067724976	1.9051697998796384	3.545712976082539e-5
hsa-miR-320d	LPP	cell-cell adhesion	CLIP-seq	Functional MTI (Weak)	0.2940932517009118	0.40948502235062945	0.8321538144206939	0.01125618139609196	0.41680860974267026	0.18096227458938904
hsa-miR-320d	MAGI1	regulation of cell adhesion;regulation of cell-cell adhesion;cell-cell adhesion	CLIP-seq	Functional MTI (Weak)	-0.12405246652319703	0.7327728480872431	-0.47538386525083576	0.22803863528905563	-0.11614011817605706	0.7401002249973422
hsa-miR-320d	MMP24	cell-cell adhesion	CLIP-seq	Functional MTI (Weak)	-0.32823133814753963	0.3544768380997248	0.1799977720295551	0.7307954429988082	-0.2764630434161343	0.4940466762015731
hsa-miR-320d	MYL12A	cell-cell adhesion	CLIP-seq	Functional MTI (Weak)	0.2734727173754006	0.444546006908643	-0.1579925780179501	0.7365834691266364	0.09370431022598384	0.826313965504585
hsa-miR-320d	MYO10	regulation of cell adhesion;regulation of cell-cell adhesion;cell-cell adhesion	CLIP-seq	Functional MTI (Weak)	-0.37435692108160723	0.2865301980491196	-0.7886375138818827	0.03264099279056286	-0.1859642781660096	0.5790912319209287
hsa-miR-320d	NCK2	regulation of cell adhesion;leukocyte cell-cell adhesion;regulation of cell-cell adhesion;cell-cell adhesion	CLIP-seq	Functional MTI (Weak)	-0.18974266216188737	0.5995610804731356	0.05643152007377388	0.8930326299227026	-0.05831615091977235	0.8863089492823749
hsa-miR-320d	NOD2	regulation of cell adhesion;leukocyte cell-cell adhesion;regulation of cell-cell adhesion;cell-cell adhesion	CLIP-seq	Functional MTI (Weak)	0.05080133958985994	0.8891584221329858	-0.15712626435584398	0.7674743563471316	2.432881148394294	7.165621551397063e-4
hsa-miR-320d	NPNT	regulation of cell adhesion;cell adhesion mediated by integrin;cell-cell adhesion	CLIP-seq	Functional MTI (Weak)	-0.42097487314606064	0.22569512229974784	-0.7800631524372913	0.15990374360146611	-0.9104592669323625	0.07015290427092466
hsa-miR-320d	NR4A3	regulation of cell adhesion;leukocyte cell-cell adhesion;regulation of cell-cell adhesion;cell-cell adhesion	CLIP-seq	Functional MTI (Weak)	-0.11864885076254417	0.7440786295657741	-0.05955594336059084	0.9178796750755136	0.2052240746585363	0.6014417572751596
hsa-miR-320d	NRP1	regulation of cell adhesion	CLIP-seq	Functional MTI (Weak)	0.26913291742534745	0.4520935320072885	0.4844835166362368	0.2862470059609341	-0.7179601263166198	0.02693150276714206
hsa-miR-320d	NRXN1	cell-cell adhesion	CLIP-seq	Functional MTI (Weak)	-0.17518622123605987	0.6283262519548183	-0.5077124968903959	0.3101617866916507	-1.0452455189308856	2.732390742995525e-4
hsa-miR-320d	OLR1	leukocyte cell-cell adhesion;cell-cell adhesion	CLIP-seq	Functional MTI (Weak)	-0.07551914328020712	0.8357408027352274	-0.2801793378254651	0.5718917910647857	0.24384424251354317	0.5580886535126315
hsa-miR-320d	ONECUT2	regulation of cell adhesion	CLIP-seq	Functional MTI (Weak)	-0.28786532107777846	0.419932790361246	0.01180165084793148	0.9847101199887992	-0.08420905975014648	0.8728246006233216
hsa-miR-320d	PALLD	cell-cell adhesion	CLIP-seq	Functional MTI (Weak)	0.05086395335977033	0.8890225135259937	0.5366202727978513	0.22869791022304803	0.17044541416825115	0.6186994375441816
hsa-miR-320d	PCDH9	cell-cell adhesion	CLIP-seq	Functional MTI (Weak)	-0.5135012473755342	0.12898900270959276	-0.977268055994124	0.03595026321385063	-0.7745857243883241	0.05019053059141361
hsa-miR-320d	PCDHB3	cell-cell adhesion	CLIP-seq	Functional MTI (Weak)	0.002577839643176669	0.9943610132531681	0.4914097992671044	0.2724122913376796	0.39143319132072946	0.2893310385241547
hsa-miR-320d	PDE3B	regulation of cell adhesion;cell adhesion mediated by integrin;regulation of cell adhesion mediated by integrin	CLIP-seq	Functional MTI (Weak)	-0.21885674411454403	0.5435306244747209	0.22516936311010433	0.6113174217228011	0.6751159770195482	0.06356542518283255
hsa-miR-320d	PDLIM1	cell-cell adhesion	CLIP-seq	Functional MTI (Weak)	0.3014770269107711	0.39726024383048	1.8188032352127377	0.00309135118482253	2.538696695786451	7.796391853757544e-8
hsa-miR-320d	PDLIM5	cell-cell adhesion	CLIP-seq	Functional MTI (Weak)	-0.11330825104261866	0.7552960002760267	0.5306610489932427	0.17577938709437343	0.2547004225883562	0.3958340353568025
hsa-miR-320d	PDPK1	regulation of cell adhesion;leukocyte cell-cell adhesion;regulation of cell-cell adhesion;cell-cell adhesion	CLIP-seq	Functional MTI (Weak)	-0.4632507252402632	0.17753689173739867	-0.4552579191102816	0.23230491696519187	-0.9573378448171956	4.596855727047739e-4
hsa-miR-320d	PEAK1	regulation of cell adhesion	CLIP-seq	Functional MTI (Weak)	-0.16241294126441677	0.6539458198330279	-0.00596404958994618	0.9838532958934716	0.07835377196626106	0.8256921295759306
hsa-miR-320d	PIK3R1	regulation of cell adhesion	CLIP-seq	Functional MTI (Weak)	0.0427168961567251	0.9067271119881244	-1.0631014478048642	0.0022328676056582	-0.8590430421399302	0.00330570276393861
hsa-miR-320d	POLDIP2	regulation of cell adhesion	CLIP-seq	Functional MTI (Weak)	-0.2885537901035299	0.4187717469955392	-0.3005351195798445	0.26577630229980576	-0.20441682428966051	0.4952339972773559
hsa-miR-320d	PPM1F	regulation of cell adhesion;regulation of cell-cell adhesion;cell-cell adhesion	CLIP-seq	Functional MTI (Weak)	-0.623453001899882	0.054111303392789405	-0.09305656215593965	0.8463271168875803	-0.18421216469222443	0.5649829567796566
hsa-miR-320d	PRKAA1	regulation of cell adhesion;leukocyte cell-cell adhesion;regulation of cell-cell adhesion;cell-cell adhesion	CLIP-seq	Functional MTI (Weak)	-0.13604475421326787	0.7078491980011254	-0.07540950288414977	0.8577631173972182	0.06382141226796124	0.8712723989673662
hsa-miR-320d	PRKAR1A	regulation of cell adhesion;leukocyte cell-cell adhesion;regulation of cell-cell adhesion;cell-cell adhesion	CLIP-seq	Functional MTI (Weak)	-0.2805483931530532	0.43236477006351337	-0.4967667637500969	0.16547135545515682	-0.4859701271698943	0.1419670647043388
hsa-miR-320d	PTEN	regulation of cell adhesion	CLIP-seq	Functional MTI (Weak)	-0.004569910838636894	0.9900035288093805	-0.16184559884205887	0.6884839524473508	-0.1817278431651463	0.6004070689960846
hsa-miR-320d	PTPN11	regulation of cell adhesion;leukocyte cell-cell adhesion;regulation of cell-cell adhesion;cell adhesion mediated by integrin;cell-cell adhesion;regulation of cell adhesion mediated by integrin	CLIP-seq	Functional MTI (Weak)	-0.20414261571536946	0.5715874245885959	-0.6095371312768245	0.04591573554031061	-0.32572868140475764	0.29982880274124174
hsa-miR-320d	PTPRT	cell-cell adhesion	CLIP-seq	Functional MTI (Weak)	-0.1528373335922899	0.6733692209547797	-1.0084719701286564	0.08908716312479849	-2.167999502875114	3.424268244966746e-7
hsa-miR-320d	RAC1	regulation of cell adhesion	CLIP-seq	Functional MTI (Weak)	-0.061092433918764295	0.8668579663474326	-0.4319911110144344	0.15605880709887354	-0.07051631073854807	0.8558729531036781
hsa-miR-320d	RAP2B	cell-cell adhesion	CLIP-seq	Functional MTI (Weak)	-0.3752093915447003	0.2853460064200873	-0.2947558934130426	0.4572169187905397	-0.00706072678513941	0.9888218179646256
hsa-miR-320d	RASA1	regulation of cell adhesion	CLIP-seq	Functional MTI (Weak)	-0.13735218906455224	0.7051465386988598	-0.4258988046349429	0.2045463850130073	-0.6137978509100513	0.02240273263958129
hsa-miR-320d	RIPK2	regulation of cell adhesion;leukocyte cell-cell adhesion;regulation of cell-cell adhesion;cell-cell adhesion	CLIP-seq	Functional MTI (Weak)	0.0550235693043619	0.8799996940471353	0.5341230163372539	0.20522106421988923	0.6446097325780863	0.06718877979417281
hsa-miR-320d	RREB1	regulation of cell adhesion	CLIP-seq	Functional MTI (Weak)	-0.2769516280466279	0.43853744687218266	0.29813318669124556	0.5004605115045451	0.25920445802574915	0.4569952590064209
hsa-miR-320d	SEMA5A	regulation of cell adhesion	CLIP-seq	Functional MTI (Weak)	0.13185278578136128	0.7165343078486456	0.02422859283908714	0.9603265382501028	0.8716701593382282	0.01593023080064314
hsa-miR-320d	SFRP1	regulation of cell adhesion	CLIP-seq	Functional MTI (Weak)	0.06434038127350519	0.8598366084233978	0.1561600519339723	0.7606093635590145	2.379020599430762	4.1167152993097795e-11
hsa-miR-320d	SIRPA	regulation of cell adhesion;leukocyte cell-cell adhesion;regulation of cell-cell adhesion;cell-cell adhesion	CLIP-seq	Functional MTI (Weak)	-0.47418908389287195	0.16616873900587198	-0.964368352347155	0.02148860043051317	-1.526449907080266	1.508739128216767e-7
hsa-miR-320d	SLC7A1	regulation of cell adhesion;leukocyte cell-cell adhesion;regulation of cell-cell adhesion;cell-cell adhesion	CLIP-seq	Functional MTI (Weak)	-0.4705255494343687	0.16992631730480565	0.24573551739854313	0.5704174716299867	-0.11992188621122166	0.7341759492384449
hsa-miR-320d	SMARCA2	regulation of cell adhesion;leukocyte cell-cell adhesion;regulation of cell-cell adhesion;cell-cell adhesion	CLIP-seq	Functional MTI (Weak)	-0.3204937329321374	0.36660269982639604	-0.522389605739592	0.10350286365001604	-0.4090852912567928	0.1141892946714854
hsa-miR-320d	SMARCD2	regulation of cell adhesion;leukocyte cell-cell adhesion;regulation of cell-cell adhesion;cell-cell adhesion	CLIP-seq	Functional MTI (Weak)	-0.16700683154824197	0.6446926209417986	-0.0405887888005027	0.9409145158311684	0.1143596801403039	0.7836310812518329
hsa-miR-320d	SMARCE1	regulation of cell adhesion;leukocyte cell-cell adhesion;regulation of cell-cell adhesion;cell-cell adhesion	CLIP-seq	Functional MTI (Weak)	0.1482229798715455	0.6827923408187442	-0.01445575107801391	0.9786406648972642	0.34734130482089787	0.251248397736244
hsa-miR-320d	SOX4	regulation of cell adhesion;leukocyte cell-cell adhesion;regulation of cell-cell adhesion;cell-cell adhesion	CLIP-seq	Functional MTI (Weak)	-0.08347225754458935	0.8186713827821616	2.377304420055497	9.428740349837737e-7	3.746679610393231	9.140094532761128e-15
hsa-miR-320d	STK4	regulation of cell adhesion	CLIP-seq	Functional MTI (Weak)	-0.22608395075161733	0.5299543786629624	-0.5692224585315471	0.02189941667895209	-0.17869111487587577	0.5944721353721704
hsa-miR-320d	STX3	regulation of cell adhesion	CLIP-seq	Functional MTI (Weak)	-0.3555113772334648	0.31337937454726406	-0.48634785971295663	0.223967247574798	-0.15242933801583816	0.6653237610863375
hsa-miR-320d	SWAP70	regulation of cell adhesion;regulation of cell-cell adhesion;cell adhesion mediated by integrin;cell-cell adhesion;regulation of cell adhesion mediated by integrin	HITS-CLIP	Functional MTI (Weak)	-0.29621218253411274	0.405958776851416	-0.15642225097181114	0.7160244490219574	-0.09286496855874796	0.8244826570526608
hsa-miR-320d	TFE3	regulation of cell adhesion	CLIP-seq	Functional MTI (Weak)	-0.6843475201339417	0.02904717315983353	3.284817102438118e-5	0.9999905272363364	-0.32208481261748084	0.256412197193691
hsa-miR-320d	TFRC	regulation of cell adhesion;leukocyte cell-cell adhesion;regulation of cell-cell adhesion;cell-cell adhesion	CLIP-seq	Functional MTI (Weak)	0.10416720206976512	0.7745907168066881	-0.6175953306247829	0.12424242948201691	-0.6050362475855174	0.05801530498712187
hsa-miR-320d	TMEM47	cell-cell adhesion	CLIP-seq	Functional MTI (Weak)	-0.31734805585980186	0.3715905162475722	-0.1060731392457796	0.8170064052592635	-0.5540511526450954	0.08190356902214761
hsa-miR-320d	TMOD3	cell-cell adhesion	CLIP-seq	Functional MTI (Weak)	-0.2526840972935075	0.48121450199442384	0.2516081301734114	0.49171277473504754	0.06289581531437914	0.8714283657843477
hsa-miR-320d	TSC1	regulation of cell adhesion	CLIP-seq	Functional MTI (Weak)	-0.27378404416987445	0.4440067827524402	-0.17197165326391547	0.5363490209904914	-0.209199240643381	0.46528529680644815
hsa-miR-320d	TUBB1	cell-cell adhesion	CLIP-seq	Functional MTI (Weak)	-0.21015381246268755	0.5600591727462364	-1.606812041412632	0.02961885420920837	0.04286297894252682	0.9356293657116396
hsa-miR-320d	TWSG1	regulation of cell adhesion;leukocyte cell-cell adhesion;regulation of cell-cell adhesion;cell-cell adhesion	CLIP-seq	Functional MTI (Weak)	-0.17458133983926025	0.6295316995959487	-0.13090966577737906	0.7668577921859295	-0.04432399993965415	0.9220299924990136
hsa-miR-320d	VSIG10	cell-cell adhesion	CLIP-seq	Functional MTI (Weak)	-0.13950012174901452	0.7007128992586371	0.22686356856294415	0.47179089047892614	0.02245604761288081	0.961293754104373
hsa-miR-320d	WNK1	regulation of cell adhesion;leukocyte cell-cell adhesion;regulation of cell-cell adhesion;cell adhesion mediated by integrin;cell-cell adhesion;regulation of cell adhesion mediated by integrin	CLIP-seq	Functional MTI (Weak)	-0.5364597510625507	0.1098966236311662	-0.5795603141993028	0.1605681554292646	-0.3829565628990032	0.2716797908487216
hsa-miR-320d	XBP1	regulation of cell adhesion;leukocyte cell-cell adhesion;regulation of cell-cell adhesion;cell-cell adhesion	CLIP-seq	Functional MTI (Weak)	-0.11382152090577552	0.7542161060056658	0.9324278381412732	0.00922981826859107	0.4504801528300023	0.15030402930845643
hsa-miR-320d	YES1	regulation of cell adhesion;leukocyte cell-cell adhesion;regulation of cell-cell adhesion;cell-cell adhesion	CLIP-seq	Functional MTI (Weak)	0.23643543664131433	0.5107531425405394	0.1759274973298912	0.6884619056788247	0.644501822458238	0.02606933506576522
hsa-miR-320d	YWHAG	regulation of cell adhesion;leukocyte cell-cell adhesion;regulation of cell-cell adhesion;cell-cell adhesion	CLIP-seq	Functional MTI (Weak)	-0.2931602848985175	0.41104222046108063	-0.6860298800712817	0.14102363615333507	-0.7594560711090307	0.01983479301000246
hsa-miR-320d	ZFHX3	regulation of cell adhesion	CLIP-seq	Functional MTI (Weak)	-0.5910579372036244	0.07194548744716787	-0.2151266963280616	0.6302030541285747	-0.4071973244840653	0.2865525722761762
hsa-miR-320d	ZFP36L1	cell-cell adhesion	CLIP-seq	Functional MTI (Weak)	0.041955678115402344	0.9083833385250344	1.3768161955514986	0.00552220188035293	0.2597058525602883	0.476552677946023
hsa-miR-320d	ZMIZ1	regulation of cell adhesion;leukocyte cell-cell adhesion;regulation of cell-cell adhesion;cell-cell adhesion	CLIP-seq	Functional MTI (Weak)	-0.23194106965403216	0.5190540411368689	0.6590127521230181	0.06173927484805514	0.1292990904370685	0.6906276314915074
hsa-miR-4425	ACTN4	regulation of cell adhesion	CLIP-seq	Functional MTI (Weak)	0.051225981344558184	0.8882367515993919	-0.09586391650449654	0.8323828945511165	-0.07753010207817058	0.8473190716646494
hsa-miR-4425	ALDH5A1	synaptic transmission, GABAergic	CLIP-seq	Functional MTI (Weak)	-0.2821470431072132	0.4296341663929737	-0.7321074410142933	0.06633394678296431	-0.8093386285224435	0.01533391407563953
hsa-miR-4425	AP3S2	synaptic vesicle cytoskeletal transport	CLIP-seq	Functional MTI (Weak)	-0.280907831429183	0.4317501277407667	-0.4286054136122006	0.10309981120149234	-0.16421842760440553	0.6098916198577259
hsa-miR-4425	ARID2	regulation of cell adhesion	CLIP-seq	Functional MTI (Weak)	-0.2316398879425692	0.5196122879283132	0.5262366864815017	0.04259429733312119	0.3939575738400275	0.1935933680837563
hsa-miR-4425	ATXN3	regulation of cell adhesion	CLIP-seq	Functional MTI (Weak)	0.2755880791384754	0.44088803294133394	-0.21269450699267675	0.5202123576051756	-0.2260904476806133	0.48063413944152966
hsa-miR-4425	BLOC1S3	synaptic vesicle cytoskeletal transport	CLIP-seq	Functional MTI (Weak)	0.004839191264173139	0.9894145170003716	-0.4348657142298569	0.07901360428852396	-0.27114336676229894	0.4061924228936749
hsa-miR-4425	BMI1	regulation of cell adhesion	CLIP-seq	Functional MTI (Weak)	0.15930819043029773	0.6602237491465347	0.27898497699861374	0.4524195459330883	0.25904876829787543	0.4216849922923987
hsa-miR-4425	CD164	regulation of cell adhesion	CLIP-seq	Functional MTI (Weak)	-0.15514187731599524	0.6686782227284749	0.08064456303809381	0.8572278955656903	0.12415353152989872	0.7450012490861179
hsa-miR-4425	CD276	regulation of cell adhesion	CLIP-seq	Functional MTI (Weak)	-0.021769871322460735	0.9524009692382667	1.9583119007573344	1.107136033642454e-6	1.4649017885357196	2.9091353308769027e-4
hsa-miR-4425	CDSN	regulation of cell adhesion	CLIP-seq	Functional MTI (Weak)	-0.6292112628205643	0.05128425161349324	-0.02958631682103288	NA	-0.09521760369141266	NA
hsa-miR-4425	CEACAM6	regulation of cell adhesion	CLIP-seq	Functional MTI (Weak)	-0.3739960182719233	0.28703233422033514	-0.4025979491012335	0.34640104414120193	0.01112165902408462	NA
hsa-miR-4425	CLEC4G	regulation of cell adhesion	CLIP-seq	Functional MTI (Weak)	-0.1714103634943633	0.6358638696585981	-0.24740384622207068	0.6289671803893737	-0.06320934350479511	0.9142743055266462
hsa-miR-4425	COL1A1	regulation of cell adhesion	CLIP-seq	Functional MTI (Weak)	-0.0068479927371958285	0.9850207183540414	0.23048877092568093	0.6545623551777044	2.104492699103356	3.977274704884288e-4
hsa-miR-4425	CR1	regulation of cell adhesion	CLIP-seq	Functional MTI (Weak)	0.20261222384186123	0.5745366903180891	-0.3110772405434657	0.5411264876691964	1.1311960167918262	0.061012413131485053
hsa-miR-4425	CRKL	postsynaptic membrane organization;regulation of cell adhesion	CLIP-seq	Functional MTI (Weak)	-0.2048837258933345	0.5701612771446253	0.01836995776813566	0.9519999798891204	-4.240467448113432e-5	0.999878007640592
hsa-miR-4425	DUSP3	regulation of cell adhesion	CLIP-seq	Functional MTI (Weak)	0.01953523402923544	0.9572829799479208	-0.630746134317277	0.09594460577312024	-0.975837321784896	0.00142512412862614
hsa-miR-4425	EGR3	regulation of cell adhesion	CLIP-seq	Functional MTI (Weak)	-0.25685012510942684	0.47376316524435913	-3.5563627817361527	7.144193488803831e-9	-3.8894307404168487	5.320613573036687e-13
hsa-miR-4425	ERBB3	regulation of cell adhesion	CLIP-seq	Functional MTI (Weak)	-0.1290378881965351	0.7223828713657497	-0.44667983922763427	0.3492747776778996	1.6820399811697757	5.781013500864785e-5
hsa-miR-4425	FGB	regulation of cell adhesion	CLIP-seq	Functional MTI (Weak)	0.039785381365489994	0.913107106053174	-0.20071949371885217	0.6711600792680608	0.06696589033449966	NA
hsa-miR-4425	FLOT2	regulation of cell adhesion	CLIP-seq	Functional MTI (Weak)	-0.5769783293194907	0.08075754310009348	-0.24848201393194197	0.478437046490592	-0.33804860029989775	0.26599775363488887
hsa-miR-4425	FOXA1	regulation of cell adhesion	CLIP-seq	Functional MTI (Weak)	0.4196387302624681	0.22732645313737107	-0.02735515559091549	0.9573013253511716	0.05020880637670402	0.9294928023427383
hsa-miR-4425	FUT1	regulation of cell adhesion	CLIP-seq	Functional MTI (Weak)	-0.4915232028093486	0.1490689717266201	-0.19956913768634615	0.6979560958208861	-0.476422447200281	0.24220988645626265
hsa-miR-4425	GABBR1	synaptic transmission, GABAergic	CLIP-seq	Functional MTI (Weak)	-0.25699358979943937	0.473507470747935	-0.8617795741217029	0.06521564653769829	-1.158720628735299	6.155394374716871e-4
hsa-miR-4425	GDNF	postsynaptic membrane organization	CLIP-seq	Functional MTI (Weak)	-0.25932456045944957	0.46936152661623765	0.48315987282586664	0.32169564809641743	3.284723594166417	4.438938797841222e-5
hsa-miR-4425	HOXA7	regulation of cell adhesion	CLIP-seq	Functional MTI (Weak)	-0.6066247001749867	0.06295958368043465	0.12955499005622548	NA	0.12666260231013812	0.8086644647361042
hsa-miR-4425	ICOSLG	regulation of cell adhesion	CLIP-seq	Functional MTI (Weak)	0.5526008740342455	0.09760307868535736	0.00531964720675793	0.993280000629533	0.6237945474459035	0.1146614378941807
hsa-miR-4425	ITGA2	regulation of cell adhesion	CLIP-seq	Functional MTI (Weak)	-0.09056485640766301	0.80350629775222	0.02190004468994436	0.9684081322191548	0.04659309362590452	0.915869960071268
hsa-miR-4425	ITGA3	regulation of cell adhesion	CLIP-seq	Functional MTI (Weak)	-0.4880360285892688	0.15241910174462994	0.7849818601025054	0.1112959428038407	0.20779358500543543	0.5693454755409555
hsa-miR-4425	JAK3	regulation of cell adhesion	CLIP-seq	Functional MTI (Weak)	3.7507323617494925e-4	0.9991795274112913	-0.13781008305409986	0.7838634791420035	-0.01313779171403729	0.9790443041882472
hsa-miR-4425	KIF5B	synaptic transmission, GABAergic	PAR-CLIP	Functional MTI (Weak)	-0.24620860179675494	0.4928964579202879	-0.5276316140613395	0.1834268135006609	-0.18800367233988416	0.6223748872070238
hsa-miR-4425	KLF4	regulation of cell adhesion	CLIP-seq	Functional MTI (Weak)	0.11643598289082831	0.7487213935034241	-0.5766852337287651	0.2473861596783949	-0.8187188710932811	0.039201850105209
hsa-miR-4425	LIF	regulation of cell adhesion	CLIP-seq	Functional MTI (Weak)	0.020111863888481397	0.9560230887137546	0.7930471448140262	0.18373936089772155	2.7253422799088503	3.47942663636691e-4
hsa-miR-4425	MINK1	regulation of cell adhesion	CLIP-seq	Functional MTI (Weak)	-0.132717598374492	0.7147401175674335	-0.6026684436288415	0.13963381417283088	-0.9886686050756476	0.0046128992113462
hsa-miR-4425	MYO10	regulation of cell adhesion	CLIP-seq	Functional MTI (Weak)	-0.5423118131098802	0.10533294790757124	-0.7886375138818827	0.03264099279056286	-0.1859642781660096	0.5790912319209287
hsa-miR-4425	NF1	synaptic transmission, GABAergic;regulation of cell adhesion	CLIP-seq	Functional MTI (Weak)	-0.2894195481289011	0.4173138627622248	-0.2449914792259588	0.4909983447812406	-0.23803968872070785	0.4120180560494533
hsa-miR-4425	NKAP	regulation of cell adhesion	PAR-CLIP	Functional MTI (Weak)	-0.21884738707716136	0.5435482905178068	-0.4969496976814715	0.04799592507013243	-0.20820378457042815	0.5449765492734122
hsa-miR-4425	PAG1	regulation of cell adhesion	CLIP-seq	Functional MTI (Weak)	-0.35340093948873136	0.31646534991868985	0.6412057001630881	0.06812776711479761	0.6640122827545244	0.03813905874805911
hsa-miR-4425	PKP4	regulation of cell adhesion	CLIP-seq	Functional MTI (Weak)	-0.32176016935106844	0.3646040776240189	-1.1602037109326049	0.03343058366674207	-0.4835111389750015	0.22906639239919133
hsa-miR-4425	PPM1F	regulation of cell adhesion	CLIP-seq	Functional MTI (Weak)	0.2929492684985111	0.4113948123601404	-0.09305656215593965	0.8463271168875803	-0.18421216469222443	0.5649829567796566
hsa-miR-4425	PRLR	regulation of cell adhesion	CLIP-seq	Functional MTI (Weak)	0.6948248253862179	0.02574026936467524	-0.4753491225553311	0.33648174895682126	-0.2810966682767825	0.5254055584586254
hsa-miR-4425	SERPINF2	regulation of cell adhesion	CLIP-seq	Functional MTI (Weak)	-0.04064140061816956	0.9112436339531238	-0.1899568300920135	0.7079892696875341	-0.12510159449603583	0.8129567831888337
hsa-miR-4425	SHISA6	postsynaptic membrane organization	CLIP-seq	Functional MTI (Weak)	-0.27109757193698847	0.44866959152624697	0.1374863844328947	0.7884973766976715	-0.27594355015595257	0.4386090447400108
hsa-miR-4425	SHISA7	postsynaptic membrane organization	CLIP-seq	Functional MTI (Weak)	-0.20575447426851357	0.5684873941228041	-0.3507616789426741	0.4405246085986177	-0.4869928973066298	0.1373733475211861
hsa-miR-4425	SOX13	regulation of cell adhesion	CLIP-seq	Functional MTI (Weak)	0.43873867037680375	0.20464234162436037	1.407680596363272	3.613106850848082e-4	1.5749701309175794	8.324362948969677e-6
hsa-miR-4425	SPRY4	regulation of cell adhesion	PAR-CLIP	Functional MTI (Weak)	0.08212835664862696	0.8215511138111895	0.3407505650195468	0.4553125294025592	-0.1183391445504984	0.7825945937577926
hsa-miR-4425	STXBP1	synaptic transmission, GABAergic	CLIP-seq	Functional MTI (Weak)	-0.28068710821274323	0.4321275183391896	-0.6146561234511286	0.23251294211999904	-1.5620598289945258	2.460495034537052e-7
hsa-miR-4425	TFRC	regulation of cell adhesion	CLIP-seq	Functional MTI (Weak)	-0.5498509190518295	0.09963255052124416	-0.6175953306247829	0.12424242948201691	-0.6050362475855174	0.05801530498712187
hsa-miR-4425	TGM2	regulation of cell adhesion	CLIP-seq	Functional MTI (Weak)	6.734425742262842e-5	0.9998526844375561	0.4465676470178526	0.34668294466554433	-0.33087279733548675	0.3222874409584754
hsa-miR-4425	THY1	regulation of cell adhesion	CLIP-seq	Functional MTI (Weak)	-0.4879257893330285	0.15252574536421482	-0.7408905236352901	0.16326254420646594	-1.4741241271079952	8.425529302751736e-6
hsa-miR-4425	TRIM46	synaptic vesicle cytoskeletal transport	CLIP-seq	Functional MTI (Weak)	-0.35999204032547755	0.3068801840628925	-0.11012677439769554	0.8372332987353183	0.02744583408821462	0.9524085437293892
hsa-miR-4425	ZDHHC3	synaptic transmission, GABAergic	CLIP-seq	Functional MTI (Weak)	0.20903412411098196	0.5621996700274905	0.07807703846778653	0.7935275100621906	0.00478466552348144	0.9919073392175992
hsa-miR-4425	ZMIZ1	regulation of cell adhesion	CLIP-seq	Functional MTI (Weak)	0.40997574156217326	0.23932272023840997	0.6590127521230181	0.06173927484805514	0.1292990904370685	0.6906276314915074
hsa-miR-4425	ZMYND8	postsynaptic membrane organization	CLIP-seq	Functional MTI (Weak)	-0.47708004592484077	0.16323899768879896	-0.2661422921772722	0.4327431950684287	-0.5211710842212723	0.05801530498712187
hsa-miR-450b-5p	ACTB	regulation of cell adhesion;cell-cell adhesion;leukocyte cell-cell adhesion;regulation of cell-cell adhesion	PAR-CLIP	Functional MTI (Weak)	0.3129459959805786	0.37862638390097103	-0.08829659751954676	0.8170560912559548	0.10966822282189412	0.7828137854995252
hsa-miR-450b-5p	ADAM19	regulation of cell adhesion;cell-cell adhesion;regulation of cell-cell adhesion	HITS-CLIP	Functional MTI (Weak)	-0.22994735780354114	0.5227540157537648	-0.678379907994864	0.13722089496768688	-0.1205635655639332	0.7567903174615677
hsa-miR-450b-5p	ADAM9	regulation of cell adhesion;cell-cell adhesion	CLIP-seq	Functional MTI (Weak)	0.29332847982420746	0.41076128241462995	0.8873342492540748	0.02362268929283467	0.6183213746583744	0.05144254252200642
hsa-miR-450b-5p	AMIGO2	cell-cell adhesion	CLIP-seq	Functional MTI (Weak)	0.46229030898573104	0.17855645853784496	0.6908296133183498	0.13219363020608338	0.8394637298883267	0.08256169392750067
hsa-miR-450b-5p	ANK3	regulation of cell adhesion;cell-cell adhesion;regulation of cell-cell adhesion	CLIP-seq	Functional MTI (Weak)	0.15720822456874517	0.6644808377173872	-0.4892710766184341	0.33143630896979914	-0.9916699350770068	0.0319083448445974
hsa-miR-450b-5p	ARID1A	regulation of cell adhesion;cell-cell adhesion;leukocyte cell-cell adhesion;regulation of cell-cell adhesion	PAR-CLIP	Functional MTI (Weak)	0.12788225605061518	0.7247877213747156	0.06649730744242602	0.8296601066287115	0.0457468610976144	0.9025689637338128
hsa-miR-450b-5p	ARID2	regulation of cell adhesion;cell-cell adhesion;leukocyte cell-cell adhesion;regulation of cell-cell adhesion	CLIP-seq	Functional MTI (Weak)	0.2955595749042808	0.40704327699188514	0.5262366864815017	0.04259429733312119	0.3939575738400275	0.1935933680837563
hsa-miR-450b-5p	ARPC2	regulation of cell adhesion	CLIP-seq	Functional MTI (Weak)	0.23642068332688304	0.5107803003101088	-0.3804232393734752	0.2695320074055881	-0.03416981288737335	0.93958728930915
hsa-miR-450b-5p	ATXN3	regulation of cell adhesion	CLIP-seq	Functional MTI (Weak)	-0.2235193865482548	0.5347560987708937	-0.21269450699267675	0.5202123576051756	-0.2260904476806133	0.48063413944152966
hsa-miR-450b-5p	BCL6	regulation of cell adhesion;cell-cell adhesion;leukocyte cell-cell adhesion;regulation of cell-cell adhesion	CLIP-seq	Functional MTI (Weak)	0.0013931050997116315	0.9969525885086243	1.8818872968610816	2.2270055703703503e-4	1.1088195563904206	1.5661213200220684e-4
hsa-miR-450b-5p	BMI1	regulation of cell adhesion;cell-cell adhesion;leukocyte cell-cell adhesion;regulation of cell-cell adhesion	CLIP-seq	Functional MTI (Weak)	0.6648348906129469	0.035956816487465106	0.27898497699861374	0.4524195459330883	0.25904876829787543	0.4216849922923987
hsa-miR-450b-5p	BMP7	regulation of cell adhesion;cell-cell adhesion;leukocyte cell-cell adhesion;regulation of cell-cell adhesion	CLIP-seq	Functional MTI (Weak)	0.5175715596086446	0.12546481161792009	-0.08797060323637436	0.865805448649058	-0.14135790498379763	0.7095128696301639
hsa-miR-450b-5p	BRD4	regulation of cell adhesion;cell-cell adhesion;leukocyte cell-cell adhesion;regulation of cell-cell adhesion	HITS-CLIP	Functional MTI (Weak)	0.31102696075761743	0.3817139037193934	0.37390122826338346	0.2439904140661403	-0.1706677730830048	0.6095188711898132
hsa-miR-450b-5p	CADM1	cell-cell adhesion	CLIP-seq	Functional MTI (Weak)	0.28843756945889065	0.4189676372657112	-0.04774645278260554	0.92685978664469	-0.02210125223196264	0.9599021683712976
hsa-miR-450b-5p	CBFB	regulation of cell adhesion;cell-cell adhesion;leukocyte cell-cell adhesion;regulation of cell-cell adhesion	CLIP-seq	Functional MTI (Weak)	0.2542336475390923	0.47843705995801955	0.10243330603017618	0.8273318824903277	0.41937215971640496	0.21156674744834864
hsa-miR-450b-5p	CD164	regulation of cell adhesion;cell-cell adhesion	CLIP-seq	Functional MTI (Weak)	0.07317378961850339	0.8407866521332332	0.08064456303809381	0.8572278955656903	0.12415353152989872	0.7450012490861179
hsa-miR-450b-5p	CD24	regulation of cell adhesion;cell-cell adhesion;leukocyte cell-cell adhesion;regulation of cell-cell adhesion	CLIP-seq	Functional MTI (Weak)	0.2711230777894534	0.44862521809226974	0.48808182337473893	0.3196853880338177	2.637529852680957	4.866430633828555e-6
hsa-miR-450b-5p	CD2AP	cell-cell adhesion	CLIP-seq	Functional MTI (Weak)	-0.20951349859097035	0.5612828686400666	0.47238491398255344	0.23430755839459963	0.2908037862297811	0.3822473420957984
hsa-miR-450b-5p	CD36	regulation of cell adhesion	CLIP-seq	Functional MTI (Weak)	0.10303896700431324	0.7769801082206071	0.2568681737256806	0.6164098872821135	0.15730154076184288	0.7629741798022407
hsa-miR-450b-5p	CD46	regulation of cell adhesion;cell-cell adhesion;leukocyte cell-cell adhesion;regulation of cell-cell adhesion	CLIP-seq	Functional MTI (Weak)	0.12561740618609452	0.7295071072747918	-0.07846385313472072	0.8451133919230694	0.19150851067472385	0.5366957404582783
hsa-miR-450b-5p	CDH10	cell-cell adhesion	CLIP-seq	Functional MTI (Weak)	0.14407706743419613	0.6912926664290742	-0.12174661254126654	0.8172445500771376	-0.7339358739999157	0.01208428935845825
hsa-miR-450b-5p	CDHR3	cell-cell adhesion	CLIP-seq	Functional MTI (Weak)	0.13462717247247338	0.7107828685412456	0.11774948106955274	0.8139843389755491	-0.13171176350194916	0.7593224172033772
hsa-miR-450b-5p	CDK6	regulation of cell adhesion	CLIP-seq	Functional MTI (Weak)	0.3192494561489081	0.36857164101894463	0.2236170967268815	0.6349681975978196	0.4126891497442633	0.192794138369704
hsa-miR-450b-5p	CLDN11	cell-cell adhesion	CLIP-seq	Functional MTI (Weak)	0.2957621832454809	0.40670643606760104	-0.3815389896737591	0.4362159820139674	0.8029913875926987	0.08379599936524426
hsa-miR-450b-5p	CRTAM	regulation of cell adhesion;cell-cell adhesion;leukocyte cell-cell adhesion;regulation of cell-cell adhesion	CLIP-seq	Functional MTI (Weak)	0.0912621428601346	0.802018493444738	0.3807718469203915	0.45097903874800777	2.485590352377242	0.00701457934938291
hsa-miR-450b-5p	CTNND1	cell-cell adhesion	CLIP-seq	Functional MTI (Weak)	0.44741588681825595	0.19478903868683461	0.08030239444842176	0.8158606844582593	0.22749178376881632	0.505426336946373
hsa-miR-450b-5p	DAB2	regulation of cell adhesion	CLIP-seq	Functional MTI (Weak)	0.15139280391035886	0.676314813305959	0.9576321826995884	0.00987677429732496	1.962598674954103	2.1158978015185683e-8
hsa-miR-450b-5p	DCC	cell-cell adhesion	CLIP-seq	Functional MTI (Weak)	0.5292272363394371	0.11570590866264929	0.30638987173962473	0.5387834452189607	0.2548528543970859	0.5559319522077154
hsa-miR-450b-5p	DLC1	regulation of cell adhesion	CLIP-seq	Functional MTI (Weak)	-0.3865396571334431	0.26985849676099205	-0.7017273269947264	0.08001121554727239	-1.4533266145043866	4.36420132126857e-4
hsa-miR-450b-5p	DOCK1	regulation of cell adhesion	CLIP-seq	Functional MTI (Weak)	0.3753891760465515	0.28509659980202107	-0.4651865445390406	0.23297566041222945	0.03532312265418168	0.9359019672209496
hsa-miR-450b-5p	DUSP22	regulation of cell adhesion;cell-cell adhesion;leukocyte cell-cell adhesion;regulation of cell-cell adhesion	CLIP-seq	Functional MTI (Weak)	0.19272284079475263	0.593731328835355	-0.6343914396721584	0.01545464206990942	-0.396536340881309	0.20417143163168724
hsa-miR-450b-5p	EFNB2	regulation of cell adhesion;cell-cell adhesion;leukocyte cell-cell adhesion;regulation of cell-cell adhesion	CLIP-seq	Functional MTI (Weak)	-0.341413149513729	0.33429335586375664	-0.9223843720369777	0.04577206350271115	-1.5918372091756412	1.6262414764399702e-7
hsa-miR-450b-5p	EP300	regulation of cell adhesion;cell-cell adhesion;leukocyte cell-cell adhesion;regulation of cell-cell adhesion	CLIP-seq	Functional MTI (Weak)	0.046173347478028606	0.8992108658021354	-0.0317849816267137	0.9280614978240735	0.04279121472457216	0.9117052810528894
hsa-miR-450b-5p	EPHA8	regulation of cell adhesion	CLIP-seq	Functional MTI (Weak)	-0.09231137385917197	0.7997808235694875	-0.6561717762287655	0.24065625970569465	-0.4617568791040226	0.35835407330077396
hsa-miR-450b-5p	ERBB3	regulation of cell adhesion	CLIP-seq	Functional MTI (Weak)	0.3988051806475568	0.25362377464072566	-0.44667983922763427	0.3492747776778996	1.6820399811697757	5.781013500864785e-5
hsa-miR-450b-5p	ETS1	regulation of cell adhesion;cell-cell adhesion;leukocyte cell-cell adhesion;regulation of cell-cell adhesion	HITS-CLIP	Functional MTI (Weak)	0.43320829133617517	0.2110698187366332	0.6058558005804642	0.105571396080981	0.5185161022065461	0.08830545214871965
hsa-miR-450b-5p	FAF1	regulation of cell adhesion	CLIP-seq	Functional MTI (Weak)	0.3895792589048773	0.26578360294237957	-0.3817543954739676	0.1198749714183498	-0.2950173312389881	0.30825755684549716
hsa-miR-450b-5p	FAT3	cell-cell adhesion	CLIP-seq	Functional MTI (Weak)	0.495743368356098	0.14507499355251105	-0.48726365575218816	0.2918166019075769	-1.0780161226883191	0.00158208630811695
hsa-miR-450b-5p	FER	cell-cell adhesion	HITS-CLIP	Functional MTI (Weak)	0.35633403162061794	0.31218074711368965	-0.3048275268577947	0.2846000406136737	0.02669974581837489	0.946063622365788
hsa-miR-450b-5p	FLRT3	cell-cell adhesion	CLIP-seq	Functional MTI (Weak)	0.2778814451053597	0.4369378624705017	0.00486055166588175	0.993902015770367	-0.3028640488004106	0.41075238758390087
hsa-miR-450b-5p	FNDC3A	cell-cell adhesion	CLIP-seq	Functional MTI (Weak)	0.30295363401578984	0.3948368413827247	0.22340290920505768	0.5487530663371125	0.06314197280142687	0.875033145816288
hsa-miR-450b-5p	FOXA1	regulation of cell adhesion;cell-cell adhesion;regulation of cell-cell adhesion	CLIP-seq	Functional MTI (Weak)	0.11625297930523952	0.7491056766417699	-0.02735515559091549	0.9573013253511716	0.05020880637670402	0.9294928023427383
hsa-miR-450b-5p	FOXO3	regulation of cell adhesion;cell-cell adhesion;leukocyte cell-cell adhesion;regulation of cell-cell adhesion	CLIP-seq	Functional MTI (Weak)	-0.018667499027387253	0.959179072954107	0.00161632508415844	0.997861034191393	-0.27631580502774894	0.36484385156538857
hsa-miR-450b-5p	FUT4	regulation of cell adhesion;cell-cell adhesion;leukocyte cell-cell adhesion;regulation of cell-cell adhesion	CLIP-seq	Functional MTI (Weak)	0.3168821321052758	0.3723321280296898	-0.08787419228089942	0.8300926675542818	0.5108765624685582	0.11083166903127292
hsa-miR-450b-5p	GATA3	regulation of cell adhesion;cell-cell adhesion;leukocyte cell-cell adhesion;regulation of cell-cell adhesion	CLIP-seq	Functional MTI (Weak)	0.0071271837876285505	0.9844100773980344	0.19154533449000305	0.7130264908533757	0.2665615875684727	0.5267901265722401
hsa-miR-450b-5p	GOLPH3	cell-cell adhesion;leukocyte cell-cell adhesion	HITS-CLIP	Functional MTI (Weak)	0.3977389991458294	0.25501294242708916	0.09476232637146208	0.7929273354149008	-0.0504979319965599	0.8987984433170068
hsa-miR-450b-5p	GPC4	cell-cell adhesion	PAR-CLIP	Functional MTI (Weak)	0.35699194367808346	0.31122388925315153	0.3221583056729056	0.3850912271529967	-0.16092931275424088	0.6795482041307271
hsa-miR-450b-5p	GPR4	regulation of cell adhesion	CLIP-seq	Functional MTI (Weak)	-0.2888772626349552	0.41822675938420806	1.1542989140999156	0.05805235470684688	-1.3581570316670493	0.00722165501924892
hsa-miR-450b-5p	HMGB1	regulation of cell adhesion;cell-cell adhesion;leukocyte cell-cell adhesion;regulation of cell-cell adhesion	HITS-CLIP	Functional MTI (Weak)	0.32950541713469644	0.3524998078204518	-0.13870149566787057	0.716291720591611	0.14711230879509588	0.6669847844213527
hsa-miR-450b-5p	HSD17B12	regulation of cell adhesion	HITS-CLIP	Functional MTI (Weak)	0.41998084542684955	0.22690812018506426	-0.2652222643506089	0.42208317312917865	-0.279444217960319	0.3895667257685877
hsa-miR-450b-5p	ICAM4	cell-cell adhesion	CLIP-seq	Functional MTI (Weak)	-0.3391660430445548	0.33769138700766127	0.01783446678447789	NA	-0.05777461610092985	NA
hsa-miR-450b-5p	ICOSLG	regulation of cell adhesion;cell-cell adhesion;leukocyte cell-cell adhesion;regulation of cell-cell adhesion	CLIP-seq	Functional MTI (Weak)	0.5081301796302153	0.13373210415040518	0.00531964720675793	0.993280000629533	0.6237945474459035	0.1146614378941807
hsa-miR-450b-5p	IGF1	regulation of cell adhesion;cell-cell adhesion;leukocyte cell-cell adhesion;regulation of cell-cell adhesion	CLIP-seq	Functional MTI (Weak)	-0.46915819462656533	0.17134164640456312	-1.5239238629573042	0.02406039801131721	-0.3064943061529451	0.550988774824936
hsa-miR-450b-5p	IL15	regulation of cell adhesion;cell-cell adhesion;leukocyte cell-cell adhesion;regulation of cell-cell adhesion	CLIP-seq	Functional MTI (Weak)	0.0447769860416126	0.9022464938500223	0.00731038991183527	0.99151603046397	0.4865229982074102	0.3176764811048219
hsa-miR-450b-5p	IL23R	regulation of cell adhesion;cell-cell adhesion;leukocyte cell-cell adhesion;regulation of cell-cell adhesion	CLIP-seq	Functional MTI (Weak)	-0.268419683636507	0.45333943973585566	0.01797671452875503	0.9707780488481164	-0.0358903431194204	NA
hsa-miR-450b-5p	IRF1	regulation of cell adhesion;cell-cell adhesion;leukocyte cell-cell adhesion;regulation of cell-cell adhesion	CLIP-seq	Functional MTI (Weak)	-0.08731768608251293	0.8104422246680723	-0.406719265051345	0.3624851370155857	0.43703150356564857	0.1378514151322311
hsa-miR-450b-5p	ITGA4	regulation of cell adhesion;cell-cell adhesion;leukocyte cell-cell adhesion;regulation of cell-cell adhesion	CLIP-seq	Functional MTI (Weak)	-0.2854431653405579	0.42402950294866415	0.6999080272549404	0.11178834327876198	2.689736194853635	1.5949569064532252e-6
hsa-miR-450b-5p	ITGA6	regulation of cell adhesion;cell-cell adhesion	CLIP-seq	Functional MTI (Weak)	0.18205078183803677	0.6147020608067355	0.21838061105608064	0.6007771039062679	0.05073918393447115	0.9067488829602732
hsa-miR-450b-5p	ITGAE	cell-cell adhesion	CLIP-seq	Functional MTI (Weak)	-0.13639727270703794	0.7071202000471812	-0.12428013956941264	0.8016488972023709	0.17704714954098696	0.6686374693213997
hsa-miR-450b-5p	ITGAV	regulation of cell adhesion;cell-cell adhesion	CLIP-seq	Functional MTI (Weak)	0.13785957200591328	0.7040985013939367	0.2301101995998879	0.4914459458601658	0.04526193879866758	0.9167902241225746
hsa-miR-450b-5p	ITGB5	cell-cell adhesion	CLIP-seq	Functional MTI (Weak)	0.7726842561142426	0.008786988047211211	0.41051184530455737	0.259233479478004	0.4564274118779058	0.13484393043195567
hsa-miR-450b-5p	ITPKB	regulation of cell adhesion;cell-cell adhesion;leukocyte cell-cell adhesion;regulation of cell-cell adhesion	CLIP-seq	Functional MTI (Weak)	0.5999531653113164	0.06671486042165131	0.5579082821184803	0.13935879782114832	0.24219986861119752	0.45332040748193686
hsa-miR-450b-5p	KIF26B	regulation of cell adhesion;cell-cell adhesion;regulation of cell-cell adhesion	CLIP-seq	Functional MTI (Weak)	0.07125404406947791	0.844920735385453	0.4963440417526107	0.1705637556981272	1.5985369316484566	3.526500743829212e-5
hsa-miR-450b-5p	KITLG	regulation of cell adhesion;cell-cell adhesion;leukocyte cell-cell adhesion;regulation of cell-cell adhesion	CLIP-seq	Functional MTI (Weak)	0.2688747843481274	0.45254427169794886	-0.9966993394132369	0.02625308140074248	-1.6222418040785058	1.3531379838085838e-5
hsa-miR-450b-5p	LAMC1	regulation of cell adhesion	CLIP-seq	Functional MTI (Weak)	0.09947028131199934	0.7845489297348802	1.6995377218420251	1.3262001341688234e-4	0.7824267051891113	0.01824239403711517
hsa-miR-450b-5p	LEF1	regulation of cell adhesion;cell-cell adhesion;leukocyte cell-cell adhesion;regulation of cell-cell adhesion	CLIP-seq	Functional MTI (Weak)	-0.09721414283808971	0.7893424163220836	-0.02967166542193673	0.9585951689389062	-0.417655888540256	0.2888368343704912
hsa-miR-450b-5p	LIMCH1	regulation of cell adhesion	CLIP-seq	Functional MTI (Weak)	0.1968275275426234	0.585735996647392	-0.922261691182054	0.01780012001841209	-0.4692140647436101	0.19178540762746363
hsa-miR-450b-5p	LIMS1	regulation of cell adhesion;cell-cell adhesion	PAR-CLIP	Functional MTI (Weak)	0.2883485769332966	0.41911766351007007	0.3585379388214582	0.3799401614489511	0.6155497665719804	0.05273732993658781
hsa-miR-450b-5p	LPP	cell-cell adhesion	CLIP-seq	Functional MTI (Weak)	-0.1927118156780221	0.5937528576806119	0.8321538144206939	0.01125618139609196	0.41680860974267026	0.18096227458938904
hsa-miR-450b-5p	MALT1	regulation of cell adhesion;cell-cell adhesion;leukocyte cell-cell adhesion;regulation of cell-cell adhesion	CLIP-seq	Functional MTI (Weak)	0.21138177085075335	0.557715329560316	0.4485190988859662	0.1932770162173179	0.39260987816929993	0.2566877155632532
hsa-miR-450b-5p	MIA3	regulation of cell adhesion;cell-cell adhesion;leukocyte cell-cell adhesion;regulation of cell-cell adhesion	CLIP-seq	Functional MTI (Weak)	0.39940193055817985	0.2528480833832023	-0.2231215243296255	0.5119978019418676	-0.15496173817535264	0.6311422430716715
hsa-miR-450b-5p	MSN	cell-cell adhesion;leukocyte cell-cell adhesion	CLIP-seq	Functional MTI (Weak)	0.2592127094456495	0.46956010197148446	0.25566188646307	0.5553122507185759	0.6130799221731819	0.0459376657717882
hsa-miR-450b-5p	MYO10	regulation of cell adhesion;cell-cell adhesion;regulation of cell-cell adhesion	PAR-CLIP	Functional MTI (Weak)	0.2208855382501077	0.5397056673503032	-0.7886375138818827	0.03264099279056286	-0.1859642781660096	0.5790912319209287
hsa-miR-450b-5p	NDFIP1	regulation of cell adhesion;cell-cell adhesion;leukocyte cell-cell adhesion;regulation of cell-cell adhesion	CLIP-seq	Functional MTI (Weak)	0.40243467317085424	0.2489263332457788	-0.504261079638875	0.2363049376593268	-0.49642970795923586	0.07136362319993976
hsa-miR-450b-5p	NFAT5	regulation of cell adhesion;cell-cell adhesion;leukocyte cell-cell adhesion;regulation of cell-cell adhesion	CLIP-seq	Functional MTI (Weak)	0.3129398192983353	0.3786363017918898	0.12226784150879194	0.730397034145025	-0.5137275350614874	0.05588290730029686
hsa-miR-450b-5p	NRXN1	cell-cell adhesion	CLIP-seq	Functional MTI (Weak)	0.3033078505417989	0.3942565651783507	-0.5077124968903959	0.3101617866916507	-1.0452455189308856	2.732390742995525e-4
hsa-miR-450b-5p	NT5E	cell-cell adhesion;leukocyte cell-cell adhesion	CLIP-seq	Functional MTI (Weak)	0.4381488511810481	0.2053223674292991	-0.25346907490810594	0.5400484029137146	-0.09673024735617808	0.8018423611149053
hsa-miR-450b-5p	ONECUT2	regulation of cell adhesion	CLIP-seq	Functional MTI (Weak)	-0.1488770166764338	0.6814542753122481	0.01180165084793148	0.9847101199887992	-0.08420905975014648	0.8728246006233216
hsa-miR-450b-5p	PAG1	regulation of cell adhesion;cell-cell adhesion;leukocyte cell-cell adhesion;regulation of cell-cell adhesion	CLIP-seq	Functional MTI (Weak)	0.4444150086899866	0.19816465619566115	0.6412057001630881	0.06812776711479761	0.6640122827545244	0.03813905874805911
hsa-miR-450b-5p	PBRM1	regulation of cell adhesion;cell-cell adhesion;leukocyte cell-cell adhesion;regulation of cell-cell adhesion	CLIP-seq	Functional MTI (Weak)	0.20737528868940655	0.5653766276644604	0.3640484997440244	0.24976346723845455	0.269029909972307	0.3494200309188027
hsa-miR-450b-5p	PCDH10	cell-cell adhesion	CLIP-seq	Functional MTI (Weak)	0.48253964921075637	0.15779128629325814	-0.4222078256713038	0.3256348321379239	-0.46817796340690176	0.157697414624087
hsa-miR-450b-5p	PCDH8	regulation of cell adhesion;cell-cell adhesion;regulation of cell-cell adhesion	CLIP-seq	Functional MTI (Weak)	0.2572805599825016	0.47299619077027555	-1.211465137235585	0.06928869061430108	-1.053671134282562	0.087383301542343
hsa-miR-450b-5p	PELI1	regulation of cell adhesion;cell-cell adhesion;leukocyte cell-cell adhesion;regulation of cell-cell adhesion	CLIP-seq	Functional MTI (Weak)	0.3932751228917312	0.26087472030760606	0.5017307489393056	0.14585773991566597	1.331702202657076	8.48156054736582e-6
hsa-miR-450b-5p	PERP	cell-cell adhesion	CLIP-seq	Functional MTI (Weak)	0.39157242801602277	0.26313000510683215	1.0467120635597562	0.04259540629234453	0.7461406198371406	0.05845715167418749
hsa-miR-450b-5p	PIK3R2	regulation of cell adhesion	CLIP-seq	Functional MTI (Weak)	0.25712949566882065	0.47326530405401057	-0.3240774481695373	0.5044118349819116	-0.7440347823638219	0.0325459702551257
hsa-miR-450b-5p	PKP2	regulation of cell adhesion;cell-cell adhesion	CLIP-seq	Functional MTI (Weak)	0.5177607272670416	0.12530249352471662	0.09440197179309329	0.8623875350443565	-0.10094705200176804	0.8224736491903397
hsa-miR-450b-5p	PPIA	cell-cell adhesion	CLIP-seq	Functional MTI (Weak)	0.34130172175137835	0.33446143910464265	-0.4190420553231073	0.27350381036556115	0.1136153788441115	0.7603486805221797
hsa-miR-450b-5p	PPP1CB	regulation of cell adhesion	CLIP-seq	Functional MTI (Weak)	0.42923400447931265	0.21575965462875782	-0.13620350937246675	0.7394494800367926	-0.02872027116605277	0.94677429315628
hsa-miR-450b-5p	PPP1R12A	regulation of cell adhesion	CLIP-seq	Functional MTI (Weak)	0.2424074595417824	0.49980965715560044	-0.20321303016268827	0.5194521919998426	-0.5216708322653699	0.04799268558807335
hsa-miR-450b-5p	PRKAR1A	regulation of cell adhesion;cell-cell adhesion;leukocyte cell-cell adhesion;regulation of cell-cell adhesion	CLIP-seq	Functional MTI (Weak)	0.09862097735400742	0.7863526396541054	-0.4967667637500969	0.16547135545515682	-0.4859701271698943	0.1419670647043388
hsa-miR-450b-5p	PRLR	regulation of cell adhesion	CLIP-seq	Functional MTI (Weak)	0.09015938477904373	0.8043717166885095	-0.4753491225553311	0.33648174895682126	-0.2810966682767825	0.5254055584586254
hsa-miR-450b-5p	PRTG	cell-cell adhesion	CLIP-seq	Functional MTI (Weak)	0.2534816327997433	0.47978411129655996	0.6919716541007748	0.11917930545522548	1.6819057534006772	5.437883985688227e-5
hsa-miR-450b-5p	PTPN11	regulation of cell adhesion;cell-cell adhesion;leukocyte cell-cell adhesion;regulation of cell-cell adhesion	CLIP-seq	Functional MTI (Weak)	0.04713238723642081	0.897126635186317	-0.6095371312768245	0.04591573554031061	-0.32572868140475764	0.29982880274124174
hsa-miR-450b-5p	PTPN2	regulation of cell adhesion;cell-cell adhesion;leukocyte cell-cell adhesion;regulation of cell-cell adhesion	CLIP-seq	Functional MTI (Weak)	0.21230732720636117	0.5559512131428188	-0.01522486779971	0.9757338491773706	-0.15859963533491708	0.6805446561434612
hsa-miR-450b-5p	PTPRM	cell-cell adhesion	HITS-CLIP	Functional MTI (Weak)	0.27095789145479926	0.4489126338370836	0.12099773067945824	0.7877165012401791	-0.31507369207715075	0.2988701725325405
hsa-miR-450b-5p	PYCARD	regulation of cell adhesion;cell-cell adhesion;leukocyte cell-cell adhesion;regulation of cell-cell adhesion	HITS-CLIP	Functional MTI (Weak)	-0.6239403054490357	0.05386815207401309	-0.33352096405327425	0.4722334252462301	1.5308303227447757	0.01082676417543203
hsa-miR-450b-5p	RAB10	cell-cell adhesion	PAR-CLIP	Functional MTI (Weak)	0.3970733956008405	0.2558823144322735	0.0700268892240418	0.8573878983532106	0.08744339797607269	0.8086644647361042
hsa-miR-450b-5p	ROBO1	cell-cell adhesion	CLIP-seq	Functional MTI (Weak)	0.3901572036242728	0.2650126530532407	0.45582758716371863	0.24682329132088043	0.8062234928868555	0.00469417396584058
hsa-miR-450b-5p	ROCK1	regulation of cell adhesion;cell-cell adhesion;leukocyte cell-cell adhesion	CLIP-seq	Functional MTI (Weak)	0.2607573233698701	0.46682114322206014	-0.17121070146850925	0.6625017032006197	0.03389524513108732	0.9364675300213218
hsa-miR-450b-5p	RREB1	regulation of cell adhesion	CLIP-seq	Functional MTI (Weak)	0.0992011655585185	0.7851203649625371	0.29813318669124556	0.5004605115045451	0.25920445802574915	0.4569952590064209
hsa-miR-450b-5p	RUNX1	regulation of cell adhesion;cell-cell adhesion;leukocyte cell-cell adhesion;regulation of cell-cell adhesion	CLIP-seq	Functional MTI (Weak)	-0.2381227827281292	0.5076510700204097	0.7483115500375639	0.13523992654045994	1.7076886505550386	7.799863812324154e-4
hsa-miR-450b-5p	S1PR1	regulation of cell adhesion	CLIP-seq	Functional MTI (Weak)	0.14281589030380812	0.6938846665986083	-0.41156103565114815	0.2776843185791417	-0.729553462324441	0.04521534649036678
hsa-miR-450b-5p	SCARF1	cell-cell adhesion	CLIP-seq	Functional MTI (Weak)	-0.5594202535055384	0.092684334599486	-0.4689988970991754	0.26447057279845876	-0.03248920098264772	0.9459459633877686
hsa-miR-450b-5p	SDK2	cell-cell adhesion	CLIP-seq	Functional MTI (Weak)	0.5470263503328602	0.10174474269131344	0.06099607786484554	0.9135482143604364	0.10140153900441744	0.8154801221194429
hsa-miR-450b-5p	SEMA5A	regulation of cell adhesion	CLIP-seq	Functional MTI (Weak)	0.5273937031280727	0.1172084990119083	0.02422859283908714	0.9603265382501028	0.8716701593382282	0.01593023080064314
hsa-miR-450b-5p	SEMA6A	regulation of cell adhesion	PAR-CLIP	Functional MTI (Weak)	-0.04994657348173287	0.8910140246888725	-0.2795814199248322	0.49371156322998794	0.6726659981673602	0.01665886783376049
hsa-miR-450b-5p	SLK	regulation of cell adhesion	CLIP-seq	Functional MTI (Weak)	-0.20587925113644498	0.5682476830012951	-0.44941506203195514	0.22668688188445463	-0.4630758489737058	0.10590399627127704
hsa-miR-450b-5p	SOCS5	regulation of cell adhesion;cell-cell adhesion;leukocyte cell-cell adhesion;regulation of cell-cell adhesion	CLIP-seq	Functional MTI (Weak)	0.2181809413837422	0.5448071227822684	-0.18463476825104744	0.641641440410827	0.0073849722607882496	0.9880478999603564
hsa-miR-450b-5p	SOX9	regulation of cell adhesion;cell-cell adhesion	CLIP-seq	Functional MTI (Weak)	0.2264293636170795	0.529308989793495	0.4862161829479537	0.22356676141575263	-0.45966322738213927	0.13708446405302802
hsa-miR-450b-5p	SPARCL1	cell-cell adhesion	CLIP-seq	Functional MTI (Weak)	0.4395114319447858	0.20375337122286447	-0.4038816705108432	0.32486998098786674	-0.9160607537968382	0.00812985326232541
hsa-miR-450b-5p	SPN	regulation of cell adhesion;cell-cell adhesion;leukocyte cell-cell adhesion;regulation of cell-cell adhesion	CLIP-seq	Functional MTI (Weak)	-0.22660497756439127	0.5289809851494222	-0.4336010590821543	0.3728068279894612	1.499374879719369	0.0077765351175542
hsa-miR-450b-5p	STK4	regulation of cell adhesion	CLIP-seq	Functional MTI (Weak)	0.189838354854586	0.5993735679334209	-0.5692224585315471	0.02189941667895209	-0.17869111487587577	0.5944721353721704
hsa-miR-450b-5p	STX3	regulation of cell adhesion	CLIP-seq	Functional MTI (Weak)	-0.7326465701003149	0.015949438577555586	-0.48634785971295663	0.223967247574798	-0.15242933801583816	0.6653237610863375
hsa-miR-450b-5p	SWAP70	regulation of cell adhesion;cell-cell adhesion;regulation of cell-cell adhesion	CLIP-seq	Functional MTI (Weak)	0.056469423464613644	0.8768662850425263	-0.15642225097181114	0.7160244490219574	-0.09286496855874796	0.8244826570526608
hsa-miR-450b-5p	TFRC	regulation of cell adhesion;cell-cell adhesion;leukocyte cell-cell adhesion;regulation of cell-cell adhesion	CLIP-seq	Functional MTI (Weak)	-0.13828947841416406	0.7032108484077879	-0.6175953306247829	0.12424242948201691	-0.6050362475855174	0.05801530498712187
hsa-miR-450b-5p	TGFBR2	regulation of cell adhesion;cell-cell adhesion;leukocyte cell-cell adhesion;regulation of cell-cell adhesion	CLIP-seq	Functional MTI (Weak)	-0.20491778649048767	0.5700957655499	-0.13563423176822895	0.7871541256830739	0.24355510523089643	0.4940466762015731
hsa-miR-450b-5p	THBS1	regulation of cell adhesion	CLIP-seq	Functional MTI (Weak)	0.24720573015952985	0.4910897667512333	0.6959934023701693	0.19145532884201735	1.850879581362945	4.48867962032836e-4
hsa-miR-450b-5p	TJP1	regulation of cell adhesion;cell-cell adhesion;regulation of cell-cell adhesion	CLIP-seq	Functional MTI (Weak)	0.2929219347407453	0.4114404954001756	-0.9254819302456048	0.00984067463882122	-0.38210977658748185	0.2064879009141029
hsa-miR-450b-5p	TMOD3	cell-cell adhesion	CLIP-seq	Functional MTI (Weak)	0.12920342911767302	0.7220385623045875	0.2516081301734114	0.49171277473504754	0.06289581531437914	0.8714283657843477
hsa-miR-450b-5p	TSC1	regulation of cell adhesion	CLIP-seq	Functional MTI (Weak)	-0.05596622038462733	0.8779566380228558	-0.17197165326391547	0.5363490209904914	-0.209199240643381	0.46528529680644815
hsa-miR-450b-5p	UBASH3B	regulation of cell adhesion;cell-cell adhesion;regulation of cell-cell adhesion	CLIP-seq	Functional MTI (Weak)	-0.25690229427944705	0.4736701780805235	0.31638403547431043	0.5067117355226219	0.8405552066236998	0.0224026272143338
hsa-miR-450b-5p	UNC5D	cell-cell adhesion	HITS-CLIP	Functional MTI (Weak)	-0.4687500542087279	0.17176546351761288	-1.000733429137834	0.1088639709396992	-2.274080229852241	7.788402043873106e-5
hsa-miR-450b-5p	VSIG10	cell-cell adhesion	CLIP-seq	Functional MTI (Weak)	0.2516060076404297	0.48315100814367096	0.22686356856294415	0.47179089047892614	0.02245604761288081	0.961293754104373
hsa-miR-450b-5p	WNT5A	regulation of cell adhesion;cell-cell adhesion;regulation of cell-cell adhesion	CLIP-seq	Functional MTI (Weak)	0.4037434998351178	0.24724437796854032	2.355488556659479	4.321356096901788e-6	1.5718277917013197	2.6020439729450355e-4
hsa-miR-450b-5p	YES1	regulation of cell adhesion;cell-cell adhesion;leukocyte cell-cell adhesion;regulation of cell-cell adhesion	CLIP-seq	Functional MTI (Weak)	0.4687604931394373	0.17175461585200688	0.1759274973298912	0.6884619056788247	0.644501822458238	0.02606933506576522
hsa-miR-450b-5p	ZDHHC21	regulation of cell adhesion;cell-cell adhesion;leukocyte cell-cell adhesion;regulation of cell-cell adhesion	CLIP-seq	Functional MTI (Weak)	0.19253436489841885	0.594099406628831	0.19414676368320327	0.6394787225739335	-0.27400024103832593	0.35558563339697186
hsa-miR-450b-5p	ZFHX3	regulation of cell adhesion	CLIP-seq	Functional MTI (Weak)	-0.03766103966629985	0.9177332253172789	-0.2151266963280616	0.6302030541285747	-0.4071973244840653	0.2865525722761762
hsa-miR-450b-5p	ZFP36L1	cell-cell adhesion	CLIP-seq	Functional MTI (Weak)	0.4278187330689256	0.21744403875871668	1.3768161955514986	0.00552220188035293	0.2597058525602883	0.476552677946023
hsa-miR-450b-5p	ZMIZ1	regulation of cell adhesion;cell-cell adhesion;leukocyte cell-cell adhesion;regulation of cell-cell adhesion	CLIP-seq	Functional MTI (Weak)	0.15999037611810957	0.6588426898198039	0.6590127521230181	0.06173927484805514	0.1292990904370685	0.6906276314915074
hsa-miR-450b-5p	ZNF703	regulation of cell adhesion;cell-cell adhesion;regulation of cell-cell adhesion	PAR-CLIP	Functional MTI (Weak)	0.8107001713030775	0.004439724513892192	0.8589110562231138	0.04155102799933772	0.3593744512757779	0.27455953176973247
hsa-miR-501-3p	AP1G1	synaptic vesicle endosomal processing	CLIP-seq	Functional MTI (Weak)	-0.6016393366901976	0.06575226810143645	-0.34918100449906775	0.3572562723650994	-0.2031041351484681	0.49737739504212064
hsa-miR-501-3p	EEA1	synaptic vesicle endosomal processing	CLIP-seq	Functional MTI (Weak)	-0.30375074082782155	0.39353160333202897	0.27767918829638893	0.44960267536385345	0.04608744899688682	0.9012641666023896
hsa-miR-501-3p	STX6	synaptic vesicle endosomal processing	CLIP-seq	Functional MTI (Weak)	-0.4242740830128674	0.2216956402553661	0.01617623008618307	0.9662273130895448	0.15883910989849653	0.6344303613521715
hsa-miR-502-3p	AP1G1	synaptic vesicle endosomal processing	CLIP-seq	Functional MTI (Weak)	-0.7361100688542822	0.015208647783223627	-0.34918100449906775	0.3572562723650994	-0.2031041351484681	0.49737739504212064
hsa-miR-502-3p	CRK	cell adhesion mediated by integrin	PAR-CLIP	Functional MTI (Weak)	-0.6513155520319774	0.041346705895697715	-0.17175719578429408	0.6000472593073003	0.00844335770568786	0.9859738314172622
hsa-miR-502-3p	CYP1B1	cell adhesion mediated by integrin	CLIP-seq	Functional MTI (Weak)	0.48826019743389687	0.15220238387791377	-0.40514843233815184	0.3800135460108194	-1.0776972082692848	0.00325243494279758
hsa-miR-502-3p	EEA1	synaptic vesicle endosomal processing	CLIP-seq	Functional MTI (Weak)	-0.2756052159855607	0.44085845551065217	0.27767918829638893	0.44960267536385345	0.04608744899688682	0.9012641666023896
hsa-miR-502-3p	FBN1	cell adhesion mediated by integrin	CLIP-seq	Functional MTI (Weak)	-0.441851286440858	0.20107532185669358	-0.00708011481254969	0.9899627368383648	0.02428495955856323	0.956748644384423
hsa-miR-502-3p	ITGA2	cell adhesion mediated by integrin	CLIP-seq	Functional MTI (Weak)	-0.7538293589087522	0.011790123188246605	0.02190004468994436	0.9684081322191548	0.04659309362590452	0.915869960071268
hsa-miR-502-3p	ITGA3	cell adhesion mediated by integrin	CLIP-seq	Functional MTI (Weak)	-0.4512225820321651	0.19055565061893598	0.7849818601025054	0.1112959428038407	0.20779358500543543	0.5693454755409555
hsa-miR-502-3p	NPNT	cell adhesion mediated by integrin	CLIP-seq	Functional MTI (Weak)	-0.5313566067043679	0.11397606601548838	-0.7800631524372913	0.15990374360146611	-0.9104592669323625	0.07015290427092466
hsa-miR-502-3p	PDE3B	cell adhesion mediated by integrin	CLIP-seq	Functional MTI (Weak)	-0.1250753332238191	0.730637873242504	0.22516936311010433	0.6113174217228011	0.6751159770195482	0.06356542518283255
hsa-miR-502-3p	STX6	synaptic vesicle endosomal processing	CLIP-seq	Functional MTI (Weak)	-0.596999576248999	0.06842311242153176	0.01617623008618307	0.9662273130895448	0.15883910989849653	0.6344303613521715
hsa-miR-502-3p	SYK	cell adhesion mediated by integrin	CLIP-seq	Functional MTI (Weak)	-0.051295055630827445	0.8880868395808525	-0.5581050211283048	0.2390598938535898	1.3851209577394572	0.00738497297881116
hsa-miR-503-5p	CD2AP	cell-cell adhesion mediated by cadherin	PAR-CLIP	Functional MTI (Weak)	-0.38695105055234685	0.2693049961618199	0.47238491398255344	0.23430755839459963	0.2908037862297811	0.3822473420957984
hsa-miR-503-5p	CRK	postsynaptic specialization assembly	PAR-CLIP	Functional MTI (Weak)	0.03947657308174883	0.9137794462190777	-0.17175719578429408	0.6000472593073003	0.00844335770568786	0.9859738314172622
hsa-miR-503-5p	FGFR1	postsynaptic specialization assembly	Immunohistochemistry//Luciferase reporter assay//Microarray//Northern blot//qRT-PCR	Functional MTI	0.3167361433391688	0.37256464900714337	1.8705620893578865	8.493036992434665e-9	1.194602084256835	2.5443429122691644e-4
hsa-miR-503-5p	PTPRD	postsynaptic specialization assembly	PAR-CLIP	Functional MTI (Weak)	-0.12527195482600179	0.7302276658182186	-0.992131326935196	0.02423436647908214	-0.7848527275810663	0.00914044309352213
hsa-miR-503-5p	SMAD7	regulation of cell-cell adhesion mediated by cadherin;cell-cell adhesion mediated by cadherin	Immunofluorescence//Luciferase reporter assay//qRT-PCR	Functional MTI	-0.24148846031453075	0.5014871875302195	-0.35971651645276687	0.32187597907172827	-0.04443356435290777	0.915655720489982
hsa-miR-503-5p	VEGFA	regulation of cell-cell adhesion mediated by cadherin;cell-cell adhesion mediated by cadherin	Luciferase reporter assay	Functional MTI	0.2247111625147258	0.5325225208155323	3.446263695710663	1.6120471818951672e-6	1.6767406805403071	4.862036467745842e-4
hsa-miR-503-5p	WNT3A	regulation of cell-cell adhesion mediated by cadherin;cell-cell adhesion mediated by cadherin	Luciferase reporter assay//Western blotting//qRT-PCR	Functional MTI	0.4698698571559238	0.17060414119084677	-0.2815012016573856	NA	0	NA
hsa-miR-505-3p	ACER2	regulation of cell adhesion	PAR-CLIP	Functional MTI (Weak)	0.4979134043947764	0.14304693892664624	0.5968720607334976	0.2165561210177378	-0.06046250245624945	0.8950467233781023
hsa-miR-505-3p	BMP2	regulation of cell adhesion	PAR-CLIP	Functional MTI (Weak)	0.16639487876917025	0.6459227404134814	1.512361224591067	0.00753643735860339	0.7531767641304858	0.06049960051327408
hsa-miR-505-3p	CD47	regulation of cell adhesion	CLASH	Functional MTI (Weak)	-0.3358797518551256	0.3426925355575814	-0.14144089553206138	0.7579038778205872	-0.1767852556579346	0.5579847268444224
hsa-miR-505-3p	CSF1	regulation of cell adhesion	CLASH	Functional MTI (Weak)	0.2996725048461205	0.40023149855425666	0.984307641602528	0.04821469998682343	0.4174015247528441	0.1993940256313232
hsa-miR-505-3p	EPHA4	regulation of cell adhesion	CLASH	Functional MTI (Weak)	-0.5395722961523098	0.1074541608005689	-1.475377863371253	0.03127387271905767	-1.600036362962779	8.411496342698194e-5
hsa-miR-505-3p	IGF1	regulation of cell adhesion	PAR-CLIP	Functional MTI (Weak)	-0.6643128293821999	0.03615559504905695	-1.5239238629573042	0.02406039801131721	-0.3064943061529451	0.550988774824936
hsa-miR-505-3p	IL20RB	regulation of cell adhesion	PAR-CLIP	Functional MTI (Weak)	-0.5375678962911562	0.10902308472625663	-0.02183565940625633	0.9713052145523412	0.20156177660551008	NA
hsa-miR-505-3p	LIMS1	regulation of cell adhesion	CLASH	Functional MTI (Weak)	0.3393250512642262	0.3374503584155054	0.3585379388214582	0.3799401614489511	0.6155497665719804	0.05273732993658781
hsa-miR-505-3p	NCK2	regulation of cell adhesion	PAR-CLIP	Functional MTI (Weak)	0.10221900117205177	0.778717701284912	0.05643152007377388	0.8930326299227026	-0.05831615091977235	0.8863089492823749
hsa-miR-505-3p	PPP1CB	regulation of cell adhesion	CLASH	Functional MTI (Weak)	-0.044595582085393055	0.9026409425511874	-0.13620350937246675	0.7394494800367926	-0.02872027116605277	0.94677429315628
hsa-miR-505-3p	PRKCA	regulation of cell adhesion	CLASH	Functional MTI (Weak)	-0.040400739098289846	0.9117674920653827	-0.13258076825184595	0.7487861068558046	-0.818921133940879	0.00563445557989795
hsa-miR-505-3p	PTPN11	regulation of cell adhesion	Luciferase reporter assay//RNA-seq//qRT-PCR	Functional MTI	-0.45737786137489717	0.1838255806330789	-0.6095371312768245	0.04591573554031061	-0.32572868140475764	0.29982880274124174
hsa-miR-505-3p	PTPRJ	regulation of cell adhesion	HITS-CLIP	Functional MTI (Weak)	-0.14977381031799566	0.6796208640017821	-0.962842558064723	6.659067765789295e-4	-0.22850893783761703	0.4865855825427111
hsa-miR-505-3p	RHOH	regulation of cell adhesion	HITS-CLIP	Functional MTI (Weak)	0.2316392612753605	0.5196134497270555	-0.7233790484403566	0.19929362714148616	1.1619108351697995	0.07236531728624451
hsa-miR-505-3p	SOCS5	regulation of cell adhesion	PAR-CLIP	Functional MTI (Weak)	-0.4674038129600412	0.1731678376799015	-0.18463476825104744	0.641641440410827	0.0073849722607882496	0.9880478999603564
hsa-miR-505-3p	TGFBR2	regulation of cell adhesion	HITS-CLIP	Functional MTI (Weak)	0.26389537458414514	0.4612785240961388	-0.13563423176822895	0.7871541256830739	0.24355510523089643	0.4940466762015731
hsa-miR-505-3p	UTRN	regulation of cell adhesion	CLASH	Functional MTI (Weak)	-0.1242472152869855	0.7323662317565334	0.01080366888788849	0.9838532958934716	-0.2411824619539126	0.45727299252201953
hsa-miR-532-5p	CAP2	regulation of modification of postsynaptic structure;modification of postsynaptic structure	CLIP-seq	Functional MTI (Weak)	-0.7828961988633313	0.007409352582903234	-0.9197445762077656	0.12569810497784564	-1.83421833281286	2.7476741809281584e-8
hsa-miR-532-5p	CDC42	regulation of modification of postsynaptic structure;modification of postsynaptic structure	CLIP-seq	Functional MTI (Weak)	-0.8011151995799307	0.0053430265216825356	-0.2843544626488061	0.4085459390457796	0.23576143903538127	0.4347826000692605
hsa-miR-532-5p	DIXDC1	modification of postsynaptic structure	CLIP-seq	Functional MTI (Weak)	0.11398991130603651	0.7538619044285192	-0.680067356734256	0.1134612364162426	-0.174543108794533	0.6525205994604929
hsa-miR-532-5p	RHOB	regulation of modification of postsynaptic structure;modification of postsynaptic structure	CLIP-seq	Functional MTI (Weak)	-0.46591009370773406	0.1747317868157376	0.02521267624279655	0.957837277289422	0.06099457154519327	0.8715652468206632
hsa-miR-548y	ABL1	regulation of cell adhesion	CLIP-seq	Functional MTI (Weak)	0.1495130159216244	0.6801538784934782	0.3947895082350957	0.264962494820522	0.6856971827581531	0.01505891265315526
hsa-miR-548y	ACTN4	regulation of cell adhesion	PAR-CLIP	Functional MTI (Weak)	0.023788441323551065	0.9479922219444374	-0.09586391650449654	0.8323828945511165	-0.07753010207817058	0.8473190716646494
hsa-miR-548y	ARID2	regulation of cell adhesion	CLIP-seq	Functional MTI (Weak)	-0.028787618715080916	0.9370792454715976	0.5262366864815017	0.04259429733312119	0.3939575738400275	0.1935933680837563
hsa-miR-548y	ATM	regulation of cell adhesion	CLIP-seq	Functional MTI (Weak)	-0.1009674522855606	0.7813715645228967	0.12398251924334672	0.7538188593009384	0.4568905284790109	0.0951842966332544
hsa-miR-548y	ATP6AP2	synaptic vesicle maturation	CLIP-seq	Functional MTI (Weak)	-0.2739465679209845	0.44372540679339345	-0.44637322042681815	0.24251547001021373	-0.17040213899836573	0.6230957122230327
hsa-miR-548y	ATP6V1A	synaptic vesicle maturation	CLIP-seq	Functional MTI (Weak)	-0.2459515000964463	0.4933627591275688	-0.4919438854848799	0.2770804180538404	-0.4994771766701781	0.08289158433765982
hsa-miR-548y	ATP6V1D	synaptic vesicle maturation	CLIP-seq	Functional MTI (Weak)	-0.3761102582264333	0.2840974575103676	-0.743919249419102	0.05826183918352682	-0.5699795214088015	0.06274421031539176
hsa-miR-548y	ATP6V1F	synaptic vesicle maturation	CLIP-seq	Functional MTI (Weak)	-0.17377479140954905	0.6311402681675962	-0.4578254662039482	0.22345921937806015	-0.37529461406972703	0.22829743800190777
hsa-miR-548y	BAG4	regulation of cell adhesion	CLIP-seq	Functional MTI (Weak)	-0.17503686484116632	0.6286238258554827	-0.26523399111557294	0.556831750815227	-0.6104958855992133	0.03785715695212485
hsa-miR-548y	BMI1	regulation of cell adhesion	PAR-CLIP	Functional MTI (Weak)	0.12552716381782705	0.7296953206401262	0.27898497699861374	0.4524195459330883	0.25904876829787543	0.4216849922923987
hsa-miR-548y	CASP3	regulation of cell adhesion	CLIP-seq	Functional MTI (Weak)	-0.13329600682020748	0.7135408191100228	0.240060606564573	0.4294264950817537	0.43983805699139505	0.1573060714655645
hsa-miR-548y	CBFB	regulation of cell adhesion	CLIP-seq	Functional MTI (Weak)	6.502961353730557e-4	0.9985774778054349	0.10243330603017618	0.8273318824903277	0.41937215971640496	0.21156674744834864
hsa-miR-548y	CCDC80	regulation of cell adhesion	PAR-CLIP	Functional MTI (Weak)	0.19985001134737784	0.579874309244952	0.9717038893027028	0.0762719838545421	2.4590476526284704	1.940000531943494e-15
hsa-miR-548y	CD164	regulation of cell adhesion	CLIP-seq	Functional MTI (Weak)	-0.12776691107309515	0.7250278715695513	0.08064456303809381	0.8572278955656903	0.12415353152989872	0.7450012490861179
hsa-miR-548y	CD44	regulation of cell adhesion	CLIP-seq	Functional MTI (Weak)	0.6453698119505359	0.04387989761041046	1.4126337766272137	0.02999634146205216	3.3644185089916716	3.9956241075523115e-12
hsa-miR-548y	CD9	regulation of cell adhesion	CLIP-seq	Functional MTI (Weak)	-0.09189819511705617	0.800661844293457	-0.24050557380885504	0.6106761027787628	0.9926698129323224	0.00533861116662761
hsa-miR-548y	CDK6	regulation of cell adhesion	CLIP-seq	Functional MTI (Weak)	-0.11034941156248336	0.7615286448558799	0.2236170967268815	0.6349681975978196	0.4126891497442633	0.192794138369704
hsa-miR-548y	CLCN3	synaptic vesicle maturation	CLIP-seq	Functional MTI (Weak)	-0.2056120392155563	0.5687610758374914	-0.35125708748634094	0.36441013430907615	-0.08648864027771094	0.8092562556479214
hsa-miR-548y	CR1	regulation of cell adhesion	CLIP-seq	Functional MTI (Weak)	0.31993332007424535	0.3674888477462248	-0.3110772405434657	0.5411264876691964	1.1311960167918262	0.061012413131485053
hsa-miR-548y	CRKL	regulation of cell adhesion	CLIP-seq	Functional MTI (Weak)	-0.14066393489760254	0.6983140080169836	0.01836995776813566	0.9519999798891204	-4.240467448113432e-5	0.999878007640592
hsa-miR-548y	CYP1B1	regulation of cell adhesion	CLIP-seq	Functional MTI (Weak)	0.08743113666656994	0.810199692110076	-0.40514843233815184	0.3800135460108194	-1.0776972082692848	0.00325243494279758
hsa-miR-548y	DLG5	regulation of cell adhesion	CLIP-seq	Functional MTI (Weak)	0.7506634098138538	0.012356764290463847	1.19764022338604	0.01312067026120958	1.1999585972827085	4.69127104968304e-4
hsa-miR-548y	EFNA5	regulation of cell adhesion	PAR-CLIP	Functional MTI (Weak)	0.1577334337517154	0.6634153085364047	-0.5141489699747397	0.2971167813098612	-1.6992442945173465	4.095030165935589e-5
hsa-miR-548y	FGL2	regulation of cell adhesion	CLIP-seq	Functional MTI (Weak)	-0.018120062728941438	0.9603753747067025	-0.19554434678707877	0.6906391439252417	1.5830594205083253	1.111676411391358e-4
hsa-miR-548y	FOXA1	regulation of cell adhesion	CLIP-seq	Functional MTI (Weak)	-0.2149928898447407	0.5508448620102666	-0.02735515559091549	0.9573013253511716	0.05020880637670402	0.9294928023427383
hsa-miR-548y	GCNT2	regulation of cell adhesion	CLIP-seq	Functional MTI (Weak)	-0.6190306317965516	0.05635125093447335	-0.00488105083601908	0.9930287016394642	1.2523843363042653	0.00358295252703277
hsa-miR-548y	GLI2	regulation of cell adhesion	CLIP-seq	Functional MTI (Weak)	0.7441674847875487	0.013578676787676703	1.942871842414423	3.728250386855411e-4	1.2066661353735977	0.01304495938299413
hsa-miR-548y	GSK3B	regulation of cell adhesion	CLIP-seq	Functional MTI (Weak)	0.4047816876672714	0.24591473953936877	-0.1774066653871628	0.6516319406860962	-0.07489670426687162	0.8425894843579846
hsa-miR-548y	IL6ST	regulation of cell adhesion	PAR-CLIP	Functional MTI (Weak)	0.2596382262920115	0.468804855790674	-0.12095055465240656	0.7675212392320763	-0.16388566031433205	0.6243446818244798
hsa-miR-548y	ITCH	regulation of cell adhesion	CLIP-seq	Functional MTI (Weak)	-0.15273325796443374	0.6735813122474887	-0.5184347847456324	0.12284619570111924	-0.15654030426130455	0.6361701686115976
hsa-miR-548y	ITGA2	regulation of cell adhesion	CLIP-seq	Functional MTI (Weak)	-0.118232877908487	0.7449508102499617	0.02190004468994436	0.9684081322191548	0.04659309362590452	0.915869960071268
hsa-miR-548y	ITGA4	regulation of cell adhesion	CLIP-seq	Functional MTI (Weak)	0.25107176575444945	0.4841118825426778	0.6999080272549404	0.11178834327876198	2.689736194853635	1.5949569064532252e-6
hsa-miR-548y	ITGAV	regulation of cell adhesion	CLIP-seq	Functional MTI (Weak)	-0.29175006737544384	0.41340129881571464	0.2301101995998879	0.4914459458601658	0.04526193879866758	0.9167902241225746
hsa-miR-548y	JAK1	regulation of cell adhesion	CLIP-seq	Functional MTI (Weak)	0.007862344006288456	0.9828021856204198	0.1927890025455273	0.574157763581259	0.1929624917492639	0.5289005683209689
hsa-miR-548y	KLF4	regulation of cell adhesion	CLIP-seq	Functional MTI (Weak)	-0.3036763660292778	0.3936533015530781	-0.5766852337287651	0.2473861596783949	-0.8187188710932811	0.039201850105209
hsa-miR-548y	LIMS1	regulation of cell adhesion	CLIP-seq	Functional MTI (Weak)	0.20057855586411044	0.5784646913336873	0.3585379388214582	0.3799401614489511	0.6155497665719804	0.05273732993658781
hsa-miR-548y	MAP4K4	regulation of cell adhesion	CLIP-seq	Functional MTI (Weak)	-0.12819523027143928	0.7241362126550335	-0.65807387966814	0.13523992654045994	0.17639364502385213	0.6254674319463113
hsa-miR-548y	MTOR	regulation of cell adhesion	CLIP-seq	Functional MTI (Weak)	-0.21384392639703675	0.5530272555770809	-0.40390478651461464	0.1994388876718785	-0.2647176745975467	0.359759882899553
hsa-miR-548y	MYO10	regulation of cell adhesion	CLIP-seq	Functional MTI (Weak)	-0.5551138846312539	0.09577161737289043	-0.7886375138818827	0.03264099279056286	-0.1859642781660096	0.5790912319209287
hsa-miR-548y	NF2	regulation of cell adhesion	CLIP-seq	Functional MTI (Weak)	-0.3599034190496291	0.3070080335634066	-0.1568125785431315	0.6798617806009228	-0.628166436677079	0.01463825228834274
hsa-miR-548y	NFAT5	regulation of cell adhesion	CLIP-seq	Functional MTI (Weak)	-0.14411728216945166	0.6912100635100394	0.12226784150879194	0.730397034145025	-0.5137275350614874	0.05588290730029686
hsa-miR-548y	OLFM4	regulation of cell adhesion	CLIP-seq	Functional MTI (Weak)	0.0971691355410141	0.7894381060190597	-1.1374565385021589	0.09118345363136818	-0.5398750730534824	0.2931624812357556
hsa-miR-548y	ONECUT2	regulation of cell adhesion	CLIP-seq	Functional MTI (Weak)	-0.0220284339798272	0.9518361767921524	0.01180165084793148	0.9847101199887992	-0.08420905975014648	0.8728246006233216
hsa-miR-548y	PDE5A	regulation of cell adhesion	CLIP-seq	Functional MTI (Weak)	-0.08814940940950301	0.808664520244003	0.13775911465319787	0.736262690968064	-0.03604125627069529	0.9364326742660228
hsa-miR-548y	PEAK1	regulation of cell adhesion	CLIP-seq	Functional MTI (Weak)	0.008947787004881884	0.9804282829452771	-0.00596404958994618	0.9838532958934716	0.07835377196626106	0.8256921295759306
hsa-miR-548y	PIK3R1	regulation of cell adhesion	CLIP-seq	Functional MTI (Weak)	0.16124811333404915	0.6562988829157478	-1.0631014478048642	0.0022328676056582	-0.8590430421399302	0.00330570276393861
hsa-miR-548y	PKHD1	regulation of cell adhesion	CLIP-seq	Functional MTI (Weak)	-0.5633520573780423	0.08992172225373288	-0.5720812888500018	NA	0.22918699126715367	NA
hsa-miR-548y	PLEKHA2	regulation of cell adhesion	CLIP-seq	Functional MTI (Weak)	0.3696796541565061	0.29307444865511223	0.1500478371863527	0.7066000802025506	0.08120110759313919	0.8590464797759698
hsa-miR-548y	PLET1	regulation of cell adhesion	PAR-CLIP	Functional MTI (Weak)	-0.4271366112156815	0.21825854661136498	-0.1952937946859718	NA	-0.07213595608634947	NA
hsa-miR-548y	PPM1F	regulation of cell adhesion	CLIP-seq	Functional MTI (Weak)	-0.07157794376709632	0.8442229906540415	-0.09305656215593965	0.8463271168875803	-0.18421216469222443	0.5649829567796566
hsa-miR-548y	PPP1CB	regulation of cell adhesion	CLIP-seq	Functional MTI (Weak)	0.12884387196318373	0.7227864634333708	-0.13620350937246675	0.7394494800367926	-0.02872027116605277	0.94677429315628
hsa-miR-548y	PPP1R12A	regulation of cell adhesion	CLIP-seq	Functional MTI (Weak)	0.13134316748168728	0.7175921771546845	-0.20321303016268827	0.5194521919998426	-0.5216708322653699	0.04799268558807335
hsa-miR-548y	PPP3CA	regulation of cell adhesion	CLIP-seq	Functional MTI (Weak)	-0.33217383590514554	0.34837722467627247	-0.6917388084275304	0.16728753097433532	-1.6007593763784516	3.7095816833425355e-7
hsa-miR-548y	PREX1	regulation of cell adhesion	CLIP-seq	Functional MTI (Weak)	-0.21143254536416312	0.5576184967067853	-0.4272482873498112	0.2454646313900045	0.28242626516190794	0.39732759916413135
hsa-miR-548y	PRKAR1A	regulation of cell adhesion	CLIP-seq	Functional MTI (Weak)	-0.2538682275289306	0.47909141495729213	-0.4967667637500969	0.16547135545515682	-0.4859701271698943	0.1419670647043388
hsa-miR-548y	PRKX	regulation of cell adhesion	CLIP-seq	Functional MTI (Weak)	0.3268107445117253	0.35668778412081165	0.25566790313903726	0.5525781732365135	0.923142048317426	0.00625840564513506
hsa-miR-548y	PRLR	regulation of cell adhesion	CLIP-seq	Functional MTI (Weak)	-0.00850815114190396	0.9813897665855024	-0.4753491225553311	0.33648174895682126	-0.2810966682767825	0.5254055584586254
hsa-miR-548y	PRNP	regulation of cell adhesion	CLIP-seq	Functional MTI (Weak)	-0.4525715746647457	0.1890685118648985	-0.9432731962891082	0.05179389673906062	-1.1050231846742282	2.5555053495388913e-4
hsa-miR-548y	PTEN	regulation of cell adhesion	CLIP-seq	Functional MTI (Weak)	0.04376851749580064	0.904439571715776	-0.16184559884205887	0.6884839524473508	-0.1817278431651463	0.6004070689960846
hsa-miR-548y	PTK2	regulation of cell adhesion	CLIP-seq	Functional MTI (Weak)	0.01815949685818137	0.9602891976751127	-0.4720785795196809	0.14958843370909702	-0.13333017844702813	0.7049124371454621
hsa-miR-548y	PTK2B	regulation of cell adhesion	CLIP-seq	Functional MTI (Weak)	-0.04072212221638169	0.9110679307224101	-0.7948803326297357	0.0999191932981247	-1.759725453179793	3.7622776142122502e-6
hsa-miR-548y	PTPN11	regulation of cell adhesion	CLIP-seq	Functional MTI (Weak)	-0.1483601229310263	0.6825116997226306	-0.6095371312768245	0.04591573554031061	-0.32572868140475764	0.29982880274124174
hsa-miR-548y	PTPN2	regulation of cell adhesion	CLIP-seq	Functional MTI (Weak)	-0.2683961509278205	0.4533805740067264	-0.01522486779971	0.9757338491773706	-0.15859963533491708	0.6805446561434612
hsa-miR-548y	PTPRJ	regulation of cell adhesion	CLIP-seq	Functional MTI (Weak)	-0.1953143338925838	0.5886788346705912	-0.962842558064723	6.659067765789295e-4	-0.22850893783761703	0.4865855825427111
hsa-miR-548y	PTPRO	regulation of cell adhesion	CLIP-seq	Functional MTI (Weak)	0.05286497160919583	0.8846805186921751	-0.16706640512093715	0.7328687402861709	-0.1601018569537296	0.6842737820908497
hsa-miR-548y	RAC1	regulation of cell adhesion	CLIP-seq	Functional MTI (Weak)	-0.06814777579366214	0.8516171274797237	-0.4319911110144344	0.15605880709887354	-0.07051631073854807	0.8558729531036781
hsa-miR-548y	RAG1	regulation of cell adhesion	CLIP-seq	Functional MTI (Weak)	-0.08351319015285169	0.8185837022393568	-0.6494454965781541	NA	-0.5455572023473824	0.24890241678879768
hsa-miR-548y	RC3H1	regulation of cell adhesion	CLIP-seq	Functional MTI (Weak)	-0.15639465550424458	0.6661324513240933	0.3974613015290842	0.12893230797406502	0.25901751134636747	0.4039796144554432
hsa-miR-548y	RCC2	regulation of cell adhesion	PAR-CLIP	Functional MTI (Weak)	-0.08587185908069317	0.8135343528114152	0.7118398624676628	0.02250859675453391	0.9416459157566314	0.00577056767712831
hsa-miR-548y	RHOA	regulation of cell adhesion	CLIP-seq	Functional MTI (Weak)	-0.08300130524844442	0.8196803259250937	-0.25639568457755607	0.4993325531711556	-0.02528351722846566	0.9517153194551398
hsa-miR-548y	S1PR1	regulation of cell adhesion	CLIP-seq	Functional MTI (Weak)	-0.08441186275903419	0.8166591397993609	-0.41156103565114815	0.2776843185791417	-0.729553462324441	0.04521534649036678
hsa-miR-548y	SDC4	regulation of cell adhesion	CLIP-seq	Functional MTI (Weak)	0.16234601107790422	0.6540809510930237	-0.24988100587233225	0.5510999899432817	-1.2561779856718625	4.064512006884772e-4
hsa-miR-548y	SFRP1	regulation of cell adhesion	CLIP-seq	Functional MTI (Weak)	0.09752744415802782	0.7886763789270452	0.1561600519339723	0.7606093635590145	2.379020599430762	4.1167152993097795e-11
hsa-miR-548y	SLC7A1	regulation of cell adhesion	CLIP-seq	Functional MTI (Weak)	0.09986574614152235	0.7837093755543242	0.24573551739854313	0.5704174716299867	-0.11992188621122166	0.7341759492384449
hsa-miR-548y	SMARCE1	regulation of cell adhesion	CLIP-seq	Functional MTI (Weak)	0.08185005002621078	0.8221477144890235	-0.01445575107801391	0.9786406648972642	0.34734130482089787	0.251248397736244
hsa-miR-548y	SOCS5	regulation of cell adhesion	CLIP-seq	Functional MTI (Weak)	-0.31732379150058926	0.3716291198329904	-0.18463476825104744	0.641641440410827	0.0073849722607882496	0.9880478999603564
hsa-miR-548y	SOCS6	regulation of cell adhesion	CLIP-seq	Functional MTI (Weak)	-0.2826199036577893	0.42882802325592506	-0.1966399865175947	0.6471855496045466	0.309009042442174	0.3626452509132677
hsa-miR-548y	SPOCK1	regulation of cell adhesion	CLIP-seq	Functional MTI (Weak)	-0.4682656312338147	0.1722693029920563	-0.4601554170781774	0.31781543005954965	-0.3042273579634519	0.35750941268026354
hsa-miR-548y	TFRC	regulation of cell adhesion	CLIP-seq	Functional MTI (Weak)	-0.1578217081568889	0.6632362732377434	-0.6175953306247829	0.12424242948201691	-0.6050362475855174	0.05801530498712187
hsa-miR-548y	TPM1	regulation of cell adhesion	CLIP-seq	Functional MTI (Weak)	0.15916301638944283	0.6605177679432828	0.1926666163827921	0.6656523899462357	-0.1189869604790604	0.7561263204677636
hsa-miR-548y	TRIOBP	regulation of cell adhesion	CLIP-seq	Functional MTI (Weak)	-0.04681023526074935	0.8978266885018191	0.1095268101719762	0.8239193730538583	0.5899270431852637	0.04706983213701621
hsa-miR-548y	WDPCP	regulation of cell adhesion	CLIP-seq	Functional MTI (Weak)	0.0398226944310787	0.913025871065706	-0.17059822133091476	0.6570806403150382	0.07261840409500972	0.855606585730134
hsa-miR-548y	ZC3H8	regulation of cell adhesion	CLIP-seq	Functional MTI (Weak)	-0.16441763839198031	0.6499025707125392	-0.09589711539488366	0.8229945232741722	-0.37900065547489425	0.24318886293970296
hsa-miR-548y	ZDHHC2	synaptic vesicle maturation;regulation of cell adhesion	CLIP-seq	Functional MTI (Weak)	0.08114261303068246	0.823664602830859	0.5452710433872808	0.15751169725541858	0.4031818834680152	0.1573126647252579
hsa-miR-548y	ZDHHC20	synaptic vesicle maturation	CLIP-seq	Functional MTI (Weak)	-0.43176754038737425	0.21276312375481546	0.08686598270967469	0.8612599062817141	0.07146956464949893	0.875033145816288
hsa-miR-548y	ZDHHC21	regulation of cell adhesion	PAR-CLIP	Functional MTI (Weak)	-0.19306555066949915	0.5930622583741041	0.19414676368320327	0.6394787225739335	-0.27400024103832593	0.35558563339697186
hsa-miR-548y	ZMIZ1	regulation of cell adhesion	CLIP-seq	Functional MTI (Weak)	0.43041087231191316	0.2143647245833874	0.6590127521230181	0.06173927484805514	0.1292990904370685	0.6906276314915074
hsa-miR-576-5p	ADAM19	regulation of cell-cell adhesion mediated by cadherin	CLIP-seq	Functional MTI (Weak)	-0.328620908813109	0.35387173705275987	-0.678379907994864	0.13722089496768688	-0.1205635655639332	0.7567903174615677
hsa-miR-576-5p	AP1G1	synaptic vesicle endosomal processing	CLIP-seq	Functional MTI (Weak)	-0.4206304711280812	0.22611497281584197	-0.34918100449906775	0.3572562723650994	-0.2031041351484681	0.49737739504212064
hsa-miR-576-5p	BMP6	regulation of cell-cell adhesion mediated by cadherin	CLIP-seq	Functional MTI (Weak)	-0.1532470965928138	0.6725343839280721	-0.0180986264981717	0.9762147887036506	-0.4135466525485662	0.2591373684219307
hsa-miR-576-5p	EEA1	synaptic vesicle endosomal processing	CLIP-seq	Functional MTI (Weak)	-0.025318279692883024	0.9446517513415122	0.27767918829638893	0.44960267536385345	0.04608744899688682	0.9012641666023896
hsa-miR-576-5p	FZD9	regulation of postsynaptic cytosolic calcium ion concentration	PAR-CLIP	Functional MTI (Weak)	-0.31814076009661024	0.3703304480317176	0.12890553488011924	0.8052223428549711	-0.09815068858165324	0.8383401366368463
hsa-miR-576-5p	GRM5	regulation of postsynaptic cytosolic calcium ion concentration	CLIP-seq	Functional MTI (Weak)	-0.4572298300256866	0.18398576580969678	-1.677692360078838	0.0255536457274347	-2.248667006259085	3.14719667361747e-13
hsa-miR-576-5p	ITPR1	regulation of postsynaptic cytosolic calcium ion concentration	CLIP-seq	Functional MTI (Weak)	-0.4404453124594958	0.2026820451423811	-1.0186090160321533	0.069109742964455	-2.519579625795989	1.3223037802121322e-11
hsa-miR-576-5p	PPM1F	regulation of cell-cell adhesion mediated by cadherin	CLIP-seq	Functional MTI (Weak)	-0.09427095850564396	0.7956051865244591	-0.09305656215593965	0.8463271168875803	-0.18421216469222443	0.5649829567796566
hsa-miR-576-5p	RAB7A	synaptic vesicle endosomal processing	CLIP-seq	Functional MTI (Weak)	-0.2727551349787791	0.44579000767709176	-0.17383430006569492	0.6900092791255309	-0.03842084477371065	0.9265009913197304
hsa-miR-576-5p	SMAD7	regulation of cell-cell adhesion mediated by cadherin	CLIP-seq	Functional MTI (Weak)	-0.2729665111167739	0.445423401811907	-0.35971651645276687	0.32187597907172827	-0.04443356435290777	0.915655720489982
hsa-miR-576-5p	STX6	synaptic vesicle endosomal processing	HITS-CLIP	Functional MTI (Weak)	-0.36756480110310363	0.2960594647866112	0.01617623008618307	0.9662273130895448	0.15883910989849653	0.6344303613521715
hsa-miR-576-5p	VAMP4	synaptic vesicle endosomal processing	CLIP-seq	Functional MTI (Weak)	-0.5293699092150611	0.11558949528954791	-0.10728974051246164	0.8062681041785887	-0.4195456513216189	0.1586395249252011
hsa-miR-576-5p	VEGFA	regulation of cell-cell adhesion mediated by cadherin	PAR-CLIP	Functional MTI (Weak)	0.750238107929567	0.012434311113647227	3.446263695710663	1.6120471818951672e-6	1.6767406805403071	4.862036467745842e-4
hsa-miR-576-5p	WNT5A	regulation of postsynaptic cytosolic calcium ion concentration;regulation of cell-cell adhesion mediated by cadherin	CLIP-seq	Functional MTI (Weak)	0.2118750168669825	0.5567749290081062	2.355488556659479	4.321356096901788e-6	1.5718277917013197	2.6020439729450355e-4
hsa-miR-891b	ADAM15	regulation of cell adhesion	CLIP-seq	Functional MTI (Weak)	-0.5849011614028999	0.07571772851751819	0.1957465195549536	0.6285472171358597	0.7710246994548832	0.02498918494600819
hsa-miR-891b	AKT1	regulation of cell adhesion	CLIP-seq	Functional MTI (Weak)	-0.5328184606710422	0.11279792622452754	-0.07492509110275754	0.792228867753135	0.08659208216617169	0.8080859408170249
hsa-miR-891b	ARID1B	regulation of cell adhesion	CLIP-seq	Functional MTI (Weak)	-0.5620660270643276	0.09081945146814281	0.28536909475418937	0.1308706779043425	0.03003104822494733	0.9391401680407376
hsa-miR-891b	ARPC2	regulation of cell adhesion	CLIP-seq	Functional MTI (Weak)	0.12425799657242392	0.7323437232398561	-0.3804232393734752	0.2695320074055881	-0.03416981288737335	0.93958728930915
hsa-miR-891b	CASP3	regulation of cell adhesion	CLIP-seq	Functional MTI (Weak)	-0.4822161580743168	0.15811097380450287	0.240060606564573	0.4294264950817537	0.43983805699139505	0.1573060714655645
hsa-miR-891b	CAV1	regulation of cell adhesion	CLIP-seq	Functional MTI (Weak)	0.3717350648310361	0.2901888317843069	1.08984028480348	0.03960823217361258	0.7711865129761194	0.05371268334153685
hsa-miR-891b	CBFB	regulation of cell adhesion	CLIP-seq	Functional MTI (Weak)	-0.4372419668965691	0.2063704982161123	0.10243330603017618	0.8273318824903277	0.41937215971640496	0.21156674744834864
hsa-miR-891b	CBLB	regulation of cell adhesion	Luciferase reporter assay//qRT-PCR//Western blot	Functional MTI	-0.42642370987621403	0.21911167090663097	1.069794963148028	0.00195039844561013	1.3695618981335214	3.458531385351023e-5
hsa-miR-891b	CDC42	regulation of cell adhesion	CLIP-seq	Functional MTI (Weak)	-0.22734650805322418	0.5275968951791727	-0.2843544626488061	0.4085459390457796	0.23576143903538127	0.4347826000692605
hsa-miR-891b	CELSR2	regulation of cell adhesion	CLIP-seq	Functional MTI (Weak)	-0.6577791666071802	0.03870647122111301	-0.5408595640980056	0.20691590806077145	-0.9459792723803978	0.00399006163765123
hsa-miR-891b	CYP1B1	regulation of cell adhesion;cell adhesion mediated by integrin	CLIP-seq	Functional MTI (Weak)	0.4196141497988059	0.22735652658563027	-0.40514843233815184	0.3800135460108194	-1.0776972082692848	0.00325243494279758
hsa-miR-891b	EFNA1	regulation of cell adhesion;cell adhesion mediated by integrin	CLIP-seq	Functional MTI (Weak)	0.4145870265786941	0.23355450350858967	0.5863152810797589	0.22248467750657475	0.9582098689736936	0.01664907099896139
hsa-miR-891b	EGR3	regulation of cell adhesion	CLIP-seq	Functional MTI (Weak)	0.04851742784071392	0.8941176020952288	-3.5563627817361527	7.144193488803831e-9	-3.8894307404168487	5.320613573036687e-13
hsa-miR-891b	EPHA2	regulation of cell adhesion;cell adhesion mediated by integrin	CLIP-seq	Functional MTI (Weak)	0.017122037292536255	0.9625565217956327	1.5134376386634454	0.00226268597459411	0.00678371142484243	0.9900346171481196
hsa-miR-891b	FOXO3	regulation of cell adhesion	CLIP-seq	Functional MTI (Weak)	-0.3796608107286449	0.27920537481695906	0.00161632508415844	0.997861034191393	-0.27631580502774894	0.36484385156538857
hsa-miR-891b	HMGB1	regulation of cell adhesion	HITS-CLIP	Functional MTI (Weak)	-0.27553421543444995	0.4409810051881049	-0.13870149566787057	0.716291720591611	0.14711230879509588	0.6669847844213527
hsa-miR-891b	IL10	regulation of cell adhesion	CLIP-seq	Functional MTI (Weak)	0.21628926857209219	0.5483865306192388	0.2917271835963313	0.5685427836407748	0.5914003808531749	0.26225808947949764
hsa-miR-891b	IL15	regulation of cell adhesion	CLIP-seq	Functional MTI (Weak)	0.27253925679069807	0.4461645632381678	0.00731038991183527	0.99151603046397	0.4865229982074102	0.3176764811048219
hsa-miR-891b	IL7	regulation of cell adhesion	CLIP-seq	Functional MTI (Weak)	-0.28312616606861996	0.42796571426605534	0.1405205507045449	0.7923639185434747	0.06492045927409733	0.9025279706199384
hsa-miR-891b	ITGA2	regulation of cell adhesion;cell adhesion mediated by integrin	PAR-CLIP	Functional MTI (Weak)	-0.45732563646588337	0.1838820839751254	0.02190004468994436	0.9684081322191548	0.04659309362590452	0.915869960071268
hsa-miR-891b	ITGA6	regulation of cell adhesion;cell adhesion mediated by integrin	CLIP-seq	Functional MTI (Weak)	0.011086922307258416	0.9757503383641075	0.21838061105608064	0.6007771039062679	0.05073918393447115	0.9067488829602732
hsa-miR-891b	ITGAV	regulation of cell adhesion;cell adhesion mediated by integrin	CLIP-seq	Functional MTI (Weak)	-0.4458700765457527	0.1965236597297836	0.2301101995998879	0.4914459458601658	0.04526193879866758	0.9167902241225746
hsa-miR-891b	JAK1	regulation of cell adhesion	CLIP-seq	Functional MTI (Weak)	-0.2144012900362718	0.5519681513770716	0.1927890025455273	0.574157763581259	0.1929624917492639	0.5289005683209689
hsa-miR-891b	NID1	regulation of cell adhesion	CLIP-seq	Functional MTI (Weak)	0.35859040178373525	0.3089055502404839	2.0214913760638717	1.8699127249065697e-5	1.4119072341051544	1.326562759071154e-4
hsa-miR-891b	NPNT	regulation of cell adhesion;cell adhesion mediated by integrin	CLIP-seq	Functional MTI (Weak)	-0.19069326871182207	0.5976992818962669	-0.7800631524372913	0.15990374360146611	-0.9104592669323625	0.07015290427092466
hsa-miR-891b	ONECUT2	regulation of cell adhesion	CLIP-seq	Functional MTI (Weak)	-0.4107907181917545	0.23829750727617538	0.01180165084793148	0.9847101199887992	-0.08420905975014648	0.8728246006233216
hsa-miR-891b	PEAK1	regulation of cell adhesion	CLIP-seq	Functional MTI (Weak)	-0.48064525316093226	0.1596689558590757	-0.00596404958994618	0.9838532958934716	0.07835377196626106	0.8256921295759306
hsa-miR-891b	PELI1	regulation of cell adhesion	CLIP-seq	Functional MTI (Weak)	0.14223901216411255	0.6950712348304562	0.5017307489393056	0.14585773991566597	1.331702202657076	8.48156054736582e-6
hsa-miR-891b	PIK3R1	regulation of cell adhesion	CLIP-seq	Functional MTI (Weak)	-0.23355030317067127	0.5160754877220501	-1.0631014478048642	0.0022328676056582	-0.8590430421399302	0.00330570276393861
hsa-miR-891b	PIK3R2	regulation of cell adhesion	CLIP-seq	Functional MTI (Weak)	-0.7215806639131241	0.018484227022767526	-0.3240774481695373	0.5044118349819116	-0.7440347823638219	0.0325459702551257
hsa-miR-891b	PKHD1	regulation of cell adhesion	HITS-CLIP	Functional MTI (Weak)	0.07141244542594778	0.8445794950209853	-0.5720812888500018	NA	0.22918699126715367	NA
hsa-miR-891b	PPP1R12A	regulation of cell adhesion	CLIP-seq	Functional MTI (Weak)	-0.39096231756096594	0.2639407198237886	-0.20321303016268827	0.5194521919998426	-0.5216708322653699	0.04799268558807335
hsa-miR-891b	PRKAA1	regulation of cell adhesion	CLIP-seq	Functional MTI (Weak)	-0.535688013971774	0.1105075660408419	-0.07540950288414977	0.8577631173972182	0.06382141226796124	0.8712723989673662
hsa-miR-891b	PRKAR1A	regulation of cell adhesion	CLIP-seq	Functional MTI (Weak)	-0.5244390867209614	0.11965534642939075	-0.4967667637500969	0.16547135545515682	-0.4859701271698943	0.1419670647043388
hsa-miR-891b	PTK2	regulation of cell adhesion;cell adhesion mediated by integrin	CLIP-seq	Functional MTI (Weak)	-0.5412430920564903	0.10615728905671042	-0.4720785795196809	0.14958843370909702	-0.13333017844702813	0.7049124371454621
hsa-miR-891b	PTPN11	regulation of cell adhesion;cell adhesion mediated by integrin	CLIP-seq	Functional MTI (Weak)	-0.3929320886073502	0.2613282226199089	-0.6095371312768245	0.04591573554031061	-0.32572868140475764	0.29982880274124174
hsa-miR-891b	RAC1	regulation of cell adhesion	CLIP-seq	Functional MTI (Weak)	-0.3207260678280774	0.3662356341381933	-0.4319911110144344	0.15605880709887354	-0.07051631073854807	0.8558729531036781
hsa-miR-891b	RC3H1	regulation of cell adhesion	CLIP-seq	Functional MTI (Weak)	-0.5117010712026495	0.13056694107751576	0.3974613015290842	0.12893230797406502	0.25901751134636747	0.4039796144554432
hsa-miR-891b	RIN2	regulation of cell adhesion	CLIP-seq	Functional MTI (Weak)	-0.2744026597098891	0.44293621310245246	-0.34056028391932275	0.344641929345606	-0.08852579069123875	0.8157844159854429
hsa-miR-891b	ROCK2	regulation of cell adhesion	CLIP-seq	Functional MTI (Weak)	-0.5095891854119223	0.13243322567196278	-0.2780964665844376	0.4769972178767709	-0.7562034121001966	0.0054027562970349
hsa-miR-891b	RUNX1	regulation of cell adhesion	CLIP-seq	Functional MTI (Weak)	0.4159960144571761	0.23180783228448468	0.7483115500375639	0.13523992654045994	1.7076886505550386	7.799863812324154e-4
hsa-miR-891b	SDC4	regulation of cell adhesion	CLIP-seq	Functional MTI (Weak)	-0.41155500347880886	0.2373383106350773	-0.24988100587233225	0.5510999899432817	-1.2561779856718625	4.064512006884772e-4
hsa-miR-891b	SEMA5A	regulation of cell adhesion	CLIP-seq	Functional MTI (Weak)	-0.34177869211609485	0.333742257934284	0.02422859283908714	0.9603265382501028	0.8716701593382282	0.01593023080064314
hsa-miR-891b	STX3	regulation of cell adhesion	CLIP-seq	Functional MTI (Weak)	-0.10027642136021216	0.7828377430683069	-0.48634785971295663	0.223967247574798	-0.15242933801583816	0.6653237610863375
hsa-miR-891b	TFRC	regulation of cell adhesion	CLIP-seq	Functional MTI (Weak)	-0.2429524051865089	0.4988160436811415	-0.6175953306247829	0.12424242948201691	-0.6050362475855174	0.05801530498712187
hsa-miR-891b	TRIOBP	regulation of cell adhesion	CLIP-seq	Functional MTI (Weak)	-0.512503221719993	0.129862354960552	0.1095268101719762	0.8239193730538583	0.5899270431852637	0.04706983213701621
hsa-miR-891b	WNT5A	regulation of cell adhesion	CLIP-seq	Functional MTI (Weak)	-0.23221773411584531	0.518541455451978	2.355488556659479	4.321356096901788e-6	1.5718277917013197	2.6020439729450355e-4
hsa-miR-891b	ZFHX3	regulation of cell adhesion	CLIP-seq	Functional MTI (Weak)	-0.5132313506471206	0.1292248247582502	-0.2151266963280616	0.6302030541285747	-0.4071973244840653	0.2865525722761762
hsa-miR-892a	AP2B1	synaptic vesicle recycling	CLIP-seq	Functional MTI (Weak)	-0.29966455962413463	0.4002446043329886	-0.34231456782562003	0.37550557993930994	-0.31205264742889627	0.27393514111947914
hsa-miR-892a	AP3M1	synaptic vesicle transport;synaptic vesicle localization	CLIP-seq	Functional MTI (Weak)	-0.18753359504717232	0.6038956828062993	0.389183986113488	0.27472122877999144	0.4090425520827747	0.1480595772269582
hsa-miR-892a	AP3S1	synaptic vesicle recycling;synaptic vesicle transport;synaptic vesicle localization	CLIP-seq	Functional MTI (Weak)	-0.271660721966378	0.4476903221154409	-0.4174865086200499	0.13451797081288222	-0.2935701997463492	0.3930139763052717
hsa-miR-892a	AP3S2	synaptic vesicle recycling;synaptic vesicle transport;synaptic vesicle localization	CLIP-seq	Functional MTI (Weak)	-0.6023249355122519	0.06536349256721144	-0.4286054136122006	0.10309981120149234	-0.16421842760440553	0.6098916198577259
hsa-miR-892a	ARF6	synaptic vesicle recycling;maintenance of postsynaptic specialization structure	CLIP-seq	Functional MTI (Weak)	-0.43529609117054036	0.20862986221707855	-0.27550235180085375	0.3350367851148009	-0.03014866584648755	0.9449017397518656
hsa-miR-892a	ATP8A1	synaptic vesicle recycling	CLIP-seq	Functional MTI (Weak)	-0.7638619151315037	0.010115016993070422	-1.1764558743557034	0.02012447969684127	-0.8776115685741309	0.0204053366163602
hsa-miR-892a	BTBD9	synaptic vesicle recycling	CLIP-seq	Functional MTI (Weak)	-0.3880339057928083	0.26785106243233586	-0.753977009197312	0.05441938803893279	-1.691811865539842	5.447803855947576e-9
hsa-miR-892a	CTBP1	synaptic vesicle recycling;synaptic vesicle localization	CLIP-seq	Functional MTI (Weak)	-0.42984875989861127	0.21503034314149885	-0.01480094847742292	0.9689805506276874	-0.19718849839051925	0.5032059508037191
hsa-miR-892a	KIF5B	synaptic vesicle transport;synaptic vesicle localization	PAR-CLIP	Functional MTI (Weak)	-0.5996783780467287	0.06687259775925808	-0.5276316140613395	0.1834268135006609	-0.18800367233988416	0.6223748872070238
hsa-miR-892a	LIN7C	synaptic vesicle transport;synaptic vesicle localization	CLIP-seq	Functional MTI (Weak)	-0.49348786830734115	0.1472013943009655	0.1353131041859569	0.7549605606624694	-0.11613012830972594	0.7699003600859251
hsa-miR-892a	MYLK	synaptic vesicle recycling	CLIP-seq	Functional MTI (Weak)	-0.2364723950459936	0.5106851124821592	-0.33699532223101936	0.381137334513114	-0.3429380175177532	0.25707169954247683
hsa-miR-892a	PICALM	synaptic vesicle recycling;synaptic vesicle transport;synaptic vesicle localization	CLIP-seq	Functional MTI (Weak)	-0.5441456223841782	0.10392790418264401	-0.6684134516280785	0.059594174513437403	-0.2957967127592489	0.38312059309693014
hsa-miR-892a	RAB27A	synaptic vesicle transport;synaptic vesicle localization	CLIP-seq	Functional MTI (Weak)	0.4109941857674284	0.23804193792931783	0.2549575566674785	0.592650976031538	0.5496038057789219	0.1312551306123871
hsa-miR-892a	RAB5A	synaptic vesicle recycling	CLIP-seq	Functional MTI (Weak)	-0.28764004252340175	0.4203130303298709	-0.23785139580629164	0.5273926597748556	-0.09415750067693816	0.8060454388337116
hsa-miR-892a	RAB7A	synaptic vesicle recycling	CLIP-seq	Functional MTI (Weak)	-0.2755885342938661	0.4408872473517861	-0.17383430006569492	0.6900092791255309	-0.03842084477371065	0.9265009913197304
hsa-miR-892a	SHANK2	maintenance of postsynaptic specialization structure	CLIP-seq	Functional MTI (Weak)	-0.37816181002641475	0.2812651492704023	-1.17469150219566	0.05515154008340606	-2.046350081396576	1.4309561830333096e-13
hsa-miR-892a	SYNGAP1	maintenance of postsynaptic specialization structure	CLIP-seq	Functional MTI (Weak)	-0.23100957637640626	0.5207813830130434	-1.2745238858740984	0.02162085465613102	-1.436829473045386	1.384396251147221e-7
hsa-miR-892b	AP2B1	regulation of postsynaptic membrane neurotransmitter receptor levels;postsynaptic neurotransmitter receptor internalization;neurotransmitter receptor internalization	CLIP-seq	Functional MTI (Weak)	-0.46618517684999444	0.17444314195630306	-0.34231456782562003	0.37550557993930994	-0.31205264742889627	0.27393514111947914
hsa-miR-892b	AP2M1	regulation of postsynaptic membrane neurotransmitter receptor levels;postsynaptic neurotransmitter receptor internalization;neurotransmitter receptor internalization	CLIP-seq	Functional MTI (Weak)	-0.5257836175125562	0.1185379713498568	-0.6769063252736577	0.08261550557231742	-0.3255641492369917	0.2992081751181309
hsa-miR-892b	APP	neurotransmitter uptake;neurotransmitter transport	CLIP-seq	Functional MTI (Weak)	-0.1364544977568179	0.7070018805157778	-0.45274334132456895	0.25333856473904914	-0.297081943329493	0.3691936696590271
hsa-miR-892b	ATG5	regulation of postsynaptic membrane neurotransmitter receptor levels	CLIP-seq	Functional MTI (Weak)	-0.6200117603457733	0.055849110099949355	-0.33488310858600057	0.20628459293786283	-0.47943927086467675	0.11410101822027154
hsa-miR-892b	ATP1A2	amino acid neurotransmitter reuptake;neurotransmitter uptake;neurotransmitter transport	CLIP-seq	Functional MTI (Weak)	-0.4460017321305563	0.1963755735607995	-0.47956841513291626	0.3032625199042254	-1.7102549809137255	2.125266119744679e-5
hsa-miR-892b	ATP2A2	regulation of synaptic vesicle exocytosis;neurotransmitter transport	CLIP-seq	Functional MTI (Weak)	-0.5541053053659515	0.0965040114494608	-0.3195473065370143	0.4405295380941449	-0.7303809667322763	0.01246932568446035
hsa-miR-892b	CHRNB1	postsynaptic membrane organization	CLIP-seq	Functional MTI (Weak)	-0.3258562850016945	0.3581771402955744	-0.7226315538829671	0.09682085027419104	-0.17110024626970705	0.6657915478386303
hsa-miR-892b	CLN8	amino acid neurotransmitter reuptake;neurotransmitter uptake;neurotransmitter transport	CLIP-seq	Functional MTI (Weak)	-0.5139021641777037	0.12863919331469298	-0.2450147945006174	0.5114827357390378	0.19648372815524745	0.561812370963827
hsa-miR-892b	CRK	postsynaptic membrane organization	CLIP-seq	Functional MTI (Weak)	-0.5815436098480378	0.07782787031660203	-0.17175719578429408	0.6000472593073003	0.00844335770568786	0.9859738314172622
hsa-miR-892b	CRKL	postsynaptic membrane organization	CLIP-seq	Functional MTI (Weak)	-0.5763174625336462	0.08118744698733216	0.01836995776813566	0.9519999798891204	-4.240467448113432e-5	0.999878007640592
hsa-miR-892b	ERBB4	regulation of postsynaptic membrane neurotransmitter receptor levels	CLIP-seq	Functional MTI (Weak)	-0.5397875110266747	0.10728655406002556	-0.3633580560238329	0.3697835976675279	-0.47327550446545513	0.06699594313773953
hsa-miR-892b	GIT1	regulation of synaptic vesicle exocytosis;neurotransmitter transport	CLIP-seq	Functional MTI (Weak)	-0.7592233780952369	0.010867100188950209	-0.9645612093448482	0.01420323480513939	-1.5887940909553258	8.527206208738137e-7
hsa-miR-892b	GPC6	regulation of postsynaptic membrane neurotransmitter receptor levels	CLIP-seq	Functional MTI (Weak)	0.38280959287491856	0.27490535969184227	0.5654497768865258	0.20894856924082372	0.447251792339045	0.2568150678305855
hsa-miR-892b	KCNJ10	amino acid neurotransmitter reuptake;neurotransmitter uptake;neurotransmitter transport	CLIP-seq	Functional MTI (Weak)	-0.5725415311054699	0.08367205917189262	-0.4602961362385006	0.27653907436365477	-0.06051347705429305	0.88718915581055
hsa-miR-892b	LPAR1	regulation of synaptic vesicle cycle;regulation of postsynaptic membrane neurotransmitter receptor levels;postsynaptic neurotransmitter receptor internalization;neurotransmitter receptor internalization	Luciferase reporter assay//Western blotting//Microarray//qRT-PCR	Functional MTI	-0.01281007203757102	0.9719825653230609	-0.5299012465184513	0.2834905619171779	-0.1429705018088692	0.7428433124655235
hsa-miR-892b	NLGN1	regulation of synaptic vesicle exocytosis;postsynaptic membrane organization;neurotransmitter transport	CLIP-seq	Functional MTI (Weak)	-0.6573173402833506	0.038891237846152935	0.1304059628700841	0.7800174440205881	0.3058698409337066	0.3631772574268526
hsa-miR-892b	PCLO	neurotransmitter transport	CLIP-seq	Functional MTI (Weak)	-0.7298090379473623	0.016574771485739853	-0.36945828099676326	0.45191133578488785	-1.4793504139510278	0.00171009271675958
hsa-miR-892b	PPP3R1	regulation of synaptic vesicle cycle;regulation of postsynaptic membrane neurotransmitter receptor levels;postsynaptic neurotransmitter receptor internalization;neurotransmitter receptor internalization	CLIP-seq	Functional MTI (Weak)	-0.6437046063583952	0.04460756082904889	-0.7989414349218676	0.0990519226361048	-1.3961136262135236	6.200663321425045e-7
hsa-miR-892b	PSEN1	regulation of synaptic vesicle cycle;neurotransmitter transport	CLIP-seq	Functional MTI (Weak)	-0.5601453513685528	0.09217083731329156	-0.9746331024718544	0.01569817177065983	-0.02559339985098014	0.9554551788415488
hsa-miR-892b	RAB3B	regulation of synaptic vesicle cycle;neurotransmitter uptake;neurotransmitter transport	CLIP-seq	Functional MTI (Weak)	-0.33645229887241107	0.34181852053048645	-1.0327832882373336	0.08818299996132803	-2.11906313664098	2.036152077368552e-4
hsa-miR-892b	RAB8A	regulation of postsynaptic membrane neurotransmitter receptor levels	CLIP-seq	Functional MTI (Weak)	-0.4279775002330294	0.21725470827540203	-0.15133341098024652	0.6381201942427411	0.4801278538434513	0.13504412743843933
hsa-miR-892b	RABEP1	regulation of postsynaptic membrane neurotransmitter receptor levels;postsynaptic neurotransmitter receptor internalization;neurotransmitter receptor internalization	CLIP-seq	Functional MTI (Weak)	-0.7681231608767525	0.009457112766736327	-1.153379347215126	1.5434822361732738e-4	-0.46297347557331914	0.15370836385173103
hsa-miR-892b	RIMS3	regulation of synaptic vesicle exocytosis;neurotransmitter transport	CLIP-seq	Functional MTI (Weak)	-0.7823760235084574	0.007475551139947046	-1.936774371946836	0.00320827161711433	-3.069803141675779	3.5291615499554086e-28
hsa-miR-892b	SHROOM4	regulation of postsynaptic membrane neurotransmitter receptor levels	CLIP-seq	Functional MTI (Weak)	-0.5355054338689755	0.1106524161634203	-0.26994949348088115	0.5699505665089547	0.8982302490731127	0.01712816490012736
hsa-miR-892b	SLC38A1	neurotransmitter uptake;neurotransmitter transport	CLIP-seq	Functional MTI (Weak)	-0.6420623385339153	0.04533307029821679	-0.01402728285450465	0.9775369672019532	0.1222188418522822	0.7356334542563175
hsa-miR-892b	SLC6A6	neurotransmitter transport	CLIP-seq	Functional MTI (Weak)	-0.03833084249855698	0.9162743684907917	-0.02182911337273735	0.9689293688553126	0.15002594073411707	0.6586014814118885
hsa-miR-892b	SLC7A11	postsynaptic membrane organization	CLIP-seq	Functional MTI (Weak)	-0.01951340429038196	0.9573306779127888	-1.0636938970161178	0.00832991495627802	-1.1428229583324736	0.00528708476704697
hsa-miR-892b	SNX27	regulation of postsynaptic membrane neurotransmitter receptor levels	CLIP-seq	Functional MTI (Weak)	-0.6172287192203635	0.05728122388635457	-0.2942214376296193	0.19698184133854743	-0.22232171713826857	0.45654568387177136
hsa-miR-892b	SNX6	regulation of postsynaptic membrane neurotransmitter receptor levels	CLIP-seq	Functional MTI (Weak)	-0.5756266110042119	0.08163843175853944	-0.6466784460825986	0.10095233463971912	0.11651411455879022	0.7603970428011421
hsa-miR-892b	SSH1	postsynaptic membrane organization	CLIP-seq	Functional MTI (Weak)	-0.8224518700797085	0.00348804032110386	-0.13732896287114832	0.6811670843665865	-0.363168506582975	0.20448502158974044
hsa-miR-892b	STX11	neurotransmitter transport	CLIP-seq	Functional MTI (Weak)	0.1734679893272341	0.6317525164929869	-0.0712188572983275	0.9011753249872232	0.5328616598766693	0.22279548912901093
hsa-miR-892b	SV2B	regulation of synaptic vesicle exocytosis;neurotransmitter transport	CLIP-seq	Functional MTI (Weak)	-0.7152652905544576	0.020049384993804653	-0.7144068597652321	0.21513617424166223	-2.024936762823314	0.00863341623898662
hsa-miR-892b	SYT13	regulation of synaptic vesicle exocytosis;neurotransmitter transport	CLIP-seq	Functional MTI (Weak)	-0.5670741481410942	0.08735554454308864	-0.7394393774143178	0.19749297818281591	-1.592185549323237	1.7584395137286858e-6
hsa-miR-892b	TFRC	regulation of postsynaptic membrane neurotransmitter receptor levels	CLIP-seq	Functional MTI (Weak)	-0.5562572877035133	0.09494560934447357	-0.6175953306247829	0.12424242948201691	-0.6050362475855174	0.05801530498712187
hsa-miR-892b	USP6	regulation of postsynaptic membrane neurotransmitter receptor levels;postsynaptic neurotransmitter receptor internalization;neurotransmitter receptor internalization	CLIP-seq	Functional MTI (Weak)	-0.5081883316066599	0.13368018498981724	-0.00218625808108622	0.9977695972104808	0.3257102483779107	0.4433338939037676
hsa-miR-93-5p	AP1G1	synaptic vesicle endosomal processing	Sequencing	Functional MTI (Weak)	-0.011040967025557756	0.9758508286304348	-0.34918100449906775	0.3572562723650994	-0.2031041351484681	0.49737739504212064
hsa-miR-93-5p	EEA1	synaptic vesicle endosomal processing	HITS-CLIP	Functional MTI (Weak)	-0.4154910624764466	0.23243295095923838	0.27767918829638893	0.44960267536385345	0.04608744899688682	0.9012641666023896
hsa-miR-93-5p	STX6	synaptic vesicle endosomal processing	HITS-CLIP	Functional MTI (Weak)	0.09626298341926058	0.7913652074004544	0.01617623008618307	0.9662273130895448	0.15883910989849653	0.6344303613521715
hsa-miR-93-5p	VTI1A	synaptic vesicle endosomal processing	HITS-CLIP	Functional MTI (Weak)	-0.37052767177941065	0.2918820528568478	-0.5948189713051887	0.02504709395772734	-0.594251649523284	0.03816212902598066
