Pathway	Genes	GeneCount	BA_GJFHQP2C	BA_N6QQ27EG	BA_FDFHPQR8	BA_C86A8VKR	BA_0GVSQNSM	BA_ZTM72GEM	BA_816NMSR6	BA_5YFHXD06	BA_ZQ2T1V1P	BA_KCQNCH3V	BA_GEXCZYAF	BA_7H79MZWW	BA_9VC03EGS	BA_QYAJCS1M	BA_NJZJG5XV	BA_7W3F2E6M	BA_JQQPTVAG	BA_HSW4NDQ3	BA_V79W2TP0	BA_KFWTGZPC	BA_XW17CNW9	BA_CKB010PD	BA_0VGNXB1P	BA_BJBS777G	BA_Q3YTW9JT	BA_F3C4R1QS	BA_JCM7AADD	BA_KK43JS84	BA_1B6PWXTM	BA_S561B8VT	BA_9637W5TJ	BA_MS95GCNM	BA_5N9T9WPV	BA_NKA2CT35	BA_8QWGZKKE	BA_JJ1S3PQQ
GOBP_ADENYLATE_CYCLASE_ACTIVATING_ADRENERGIC_RECEPTOR_SIGNALING_PATHWAY	ADCY9;ADRA1A;ADRA1B;ADRA1D;ADRA2A;ADRA2B;ADRA2C;ADRB1;ADRB2;ADRB3;AKAP13;ARRDC3;ATP2B4;CHGA;CRTC3;DRD1;DRD2;DRD3;DRD5;GNAI2;GPR101;MIR1-1;MIR133A1;PDE4B;PDE4D;PLN;RAPGEF2	28	-0.160724996670132	-0.06806673442073252	-0.07449741453837352	-0.20126265707368363	-0.12368534064551416	-0.45819680776764343	-0.48560207254586263	0.17466291178573515	-0.2536079947265014	0.11162244158655348	0.07899781142778814	-0.08836452585768051	0.18054168405211396	-0.22643179309154535	0.18350257589575064	-0.5673954811320843	0.44373100271695987	-0.09080906773795776	-0.03911469681150459	-0.11330325158362509	-0.48187867052340433	0.4658661228076784	-0.3951004338546744	0.17566232144485044	-0.22241456730544867	-0.0737499864373258	0.3076552524402302	0.03790803927078515	-0.4575183220705242	0.264569563606947	-0.3103473420901169	-0.2944321372429382	-0.5064962085325628	-0.39113916947911737	0.4065834889721787	0.23188678580518488
GOBP_ADENYLATE_CYCLASE_ACTIVATING_ADRENERGIC_RECEPTOR_SIGNALING_PATHWAY_INVOLVED_IN_HEART_PROCESS	AKAP13;ATP2B4;CHGA;GNAI2;MIR1-1;MIR133A1;PDE4B;PDE4D;PLN	10	0.20723343517939888	0.4456327100557511	-0.10944754497119438	-0.4075274697774054	-0.0106273586306918	-0.01043358533379149	-0.29689958420516227	-0.5033609581436606	-0.35123095943370053	-0.2399860347238296	-0.37353872239758257	-0.33114503293674524	-0.21597273093197697	0.1903103234039575	-0.30118825672502425	-0.7761917392029004	0.278873166993477	-0.3685862634504845	-0.16968360525141363	-0.1935692736596889	-0.7625177426813508	0.34476259264605397	-0.1249436185953991	0.27333846565816533	0.3658785270075466	-0.3947790829246472	0.3758351180260599	0.05561360213588329	-0.2696251341906318	0.11865957101486864	-0.3174776739823969	-0.1714371889083499	-0.4591461265031946	-0.7422839506170829	-0.15459344298021957	-0.25797691226209507
GOBP_ADRENERGIC_RECEPTOR_SIGNALING_PATHWAY	ADCY9;ADRA1A;ADRA1B;ADRA1D;ADRA2A;ADRA2B;ADRA2C;ADRB1;ADRB2;ADRB3;AKAP13;ARRDC3;ATP2B4;CHGA;CRTC3;DRD1;DRD2;DRD3;DRD5;GNAI2;GPR101;GSK3A;KCNQ1;LMBRD2;MIR1-1;MIR133A1;MIR30E;PDE4B;PDE4D;PLN;RAPGEF2;RGS2;ZDHHC21	35	-0.09748430892105056	-0.07831952001071071	-0.32045905713150113	-0.2116200829942538	-0.08083533630906026	-0.36017654456649817	-0.49194571427341977	0.1739936767223882	-0.24808650677744584	0.0692022811712869	0.04284458290554027	-0.14299758884365524	0.01503285231594367	-0.20872110341512712	0.14402074448490362	-0.5427794339084935	0.2717217592811879	-0.24291768027851904	-0.07969076371028486	-0.07406158521489245	-0.4974094275365929	0.3820831443018149	-0.3819927664791146	0.12830867124373407	-0.159079187129326	-0.16312753898349025	0.25958465541463055	-0.041410353781727	-0.388113985865332	0.3125347613535737	-0.3345928546811698	-0.31615975001252083	-0.4995022583873906	-0.4258538598236792	0.37785084242631856	0.25661633646892335
GOBP_AMINO_ACID_NEUROTRANSMITTER_REUPTAKE	ATP1A2;CLN8;ITGB1;KCNJ10;PER2;SLC6A1;SLC6A11;SLC6A12;SLC6A13	10	0.09484066816232942	-0.19132660508957183	-0.3691082020268216	-0.6685555365490845	-0.5330183808814585	-0.20347333549024416	-0.4386414885885198	0.1659073657246609	-0.38732946720682015	0.2057359776859769	-0.5859902730405013	-0.6416501068523508	0.2844308704546505	-0.1849772815770504	-0.00438346437050496	-0.33963053585781167	0.4197449312196691	-0.6207527918693666	-0.10370405892376738	-0.04951618990821455	-0.6515413067282322	0.4293192356226997	-0.6028614500417154	0.39933240873731746	-0.4780081205463559	0.2359907327194636	0.21545237049918783	0.5675493902938789	-0.5201099750641454	-0.4967131670767003	0.06534741716933096	0.2138058551019947	-0.6088124603674461	-0.5497586925149371	0.5234248754690175	0.3234402211168371
GOBP_ANTEROGRADE_DENDRITIC_TRANSPORT_OF_NEUROTRANSMITTER_RECEPTOR_COMPLEX	KIF17;KIF3B;KIF5A;KIF5B;KIF5C	6	-0.7350210485034419	0.0454338720414672	-0.4057310289260733	-0.6994925729123465	-0.7792636257408625	-0.17475389814024916	-0.7594677255888549	0.3036567873021565	-0.8300269999644645	0.28825215376125607	-0.08210460056228336	-0.8114960289883438	0.4544289506033649	-0.804708679150147	0.2763081577788464	-0.6405249762614453	0.3918569974391182	-0.5043655082259879	-0.5654398793212235	-0.19466046750725077	-0.7684784938577996	0.3652411992910798	-0.788050444871639	0.3154925109463726	-0.5589717996639461	0.11964250746378284	-0.06757779492587335	0.3609988615811339	0.00209821090082185	0.35680488901514845	-0.6995577916148518	0.1499460022220342	-0.0881337404598791	-0.4561685360364701	0.27109347324525934	0.21756593547489245
GOBP_CALCIUM_DEPENDENT_CELL_CELL_ADHESION_VIA_PLASMA_MEMBRANE_CELL_ADHESION_MOLECULES	AJUBA;ARVCF;ATP2C1;CDH10;CDH11;CDH12;CDH13;CDH16;CDH17;CDH18;CDH19;CDH2;CDH20;CDH22;CDH23;CDH24;CDH5;CDH6;CDH7;CDH8;CDH9;CDHR3;DCHS1;DSG1;FXYD5;KIFAP3;NLGN1;PCDH12;PCDHB10;PCDHB11;PCDHB13;PCDHB14;PCDHB16;PCDHB2;PCDHB3;PCDHB4;PCDHB5;PCDHB6;PCDHB9;PCDHGB4;PCDHGC3;SELL;SELP	43	0.08805246153636845	0.14837572699789597	-0.2452646492962595	-0.1827713870409732	-0.10419617725007956	-0.0149078626941313	-0.3485945873400941	-0.29172469712845467	-0.21905645934911425	0.20481131137965236	0.2725238334623824	-0.29868659853938323	-0.3093154289325583	0.04802311922618152	0.21930171941361232	0.1084729438778465	0.4228818088684527	0.19443005120345583	-0.24421899936282307	-0.3665185239060369	-0.4925267804374026	0.15080623617060515	0.17163464424767128	0.4151820939474025	0.3713569778248097	0.05325957632029027	-0.3687198500405286	0.3590231411827972	0.1923043471959693	0.03860328719772393	-0.22488389488819305	-0.4018547424617701	-0.5344290422656066	-0.495371679797424	0.33392846366813855	0.3219365873264709
GOBP_CALCIUM_INDEPENDENT_CELL_CELL_ADHESION_VIA_PLASMA_MEMBRANE_CELL_ADHESION_MOLECULES	BMP2;CLDN1;CLDN10;CLDN11;CLDN12;CLDN14;CLDN15;CLDN16;CLDN17;CLDN18;CLDN19;CLDN2;CLDN20;CLDN22;CLDN23;CLDN3;CLDN4;CLDN5;CLDN6;CLDN7;CLDN8;CLDN9;CX3CL1	25	-0.3686656148726769	-0.3308856467336609	-0.40043500319912767	0.20404778642602173	-0.24906872403099983	-0.3497502002955919	-0.10387178863784607	0.12144294344788847	0.07572697332134279	-0.4203243448499264	-0.47034906873569665	0.19037173764164597	0.30725555371930224	0.10822514595871482	-0.3513344347020259	-0.20828766754067385	-0.3432286855391474	-0.12325507129216869	-0.11222996003149747	0.00100466659774642	0.16842057246384998	0.06729862276351303	-0.18731459095109296	-0.3643238254664248	0.2157044364631145	-0.08744395734680116	0.180864480426489	0.15637773015646048	-0.530534757524413	-0.19519258388574057	0.21479198854653228	-0.1371623596590627	-0.1601199593888599	-0.10752825709149692	-0.07098881046532426	-0.07063813951138712
GOBP_CALCIUM_ION_REGULATED_EXOCYTOSIS_OF_NEUROTRANSMITTER	ATP2A2;DOC2B;RAB3GAP1;RIMS1;RIMS2;RIMS3;STX1B;STXBP1;SYT1;SYT2;SYT4;SYT5;SYT7;SYT8;UNC13A;UNC13B;UNC13C	20	-0.33948192386559584	-0.38004378867669913	-0.5993228273249038	-0.6128254648301258	-0.7999198153337137	0.2599667158691583	-0.7125609699912904	0.2586200863504816	-0.8114635886692412	0.3444126186541179	0.01401879246401044	-0.5069393010940787	0.03534091120307661	-0.5491749903376895	0.5436910494520026	0.17483744444128174	0.4391005748149023	0.01890094870759531	-0.5152351466887	-0.07522904459282448	-0.4005570266137192	0.31845719462125843	-0.6541887211282522	0.3685589701020213	0.04750925826143376	0.14678689538113487	-0.23859350939509724	0.2721011559841972	-0.4848279481301661	0.3015791106496418	-0.6406331812351567	-0.7283009502852773	-0.652838552122416	-0.5384984758861189	0.5390105075075293	0.5278817726942132
GOBP_CARDIAC_MUSCLE_CELL_CARDIAC_MUSCLE_CELL_ADHESION	CTNNA3;CXADR;DSC2;DSG2;DSP;JUP;PKP2	7	0.1832553317009193	0.5798365812722579	0.2772793922898913	0.25537104298102836	0.6016453290489866	0.06477389120836874	-0.2993295790191916	-0.7485833449127628	0.4740858135953663	-0.41210353211242234	0.5669961559300973	-0.3164694577312286	-0.3513388666821819	-0.2516819825229784	-0.6494762308113494	-0.4564129908839083	-0.22057951106522977	0.09639496186534302	-0.3338395742978236	-0.2252337921954925	-0.0462585621986531	-0.34353655665249266	-0.6262649047543305	0.11938219030092968	0.00917395727373662	-0.6934823279377396	-0.3364298203420525	-0.06550163701945944	0.6815699066738234	-0.2359751272796635	-0.0376055439812869	0.06428408501787708	0.2692523489485375	-0.4487042767202925	-0.24774039352421384	-0.20191906756917471
GOBP_CELL_ADHESION_INVOLVED_IN_HEART_MORPHOGENESIS	ACVR1;FLRT2;GATA5;TGFB2;TGFBR2	5	0.4764346634653256	0.5442849689790367	0.329983240587099	-0.4813931394528608	0.513577135342635	-0.6408162148883447	0.18364003922898448	0.2591814692478806	0.4166668143703877	-0.13285196254713344	-0.17002588163911242	0.60581797171667	-0.32091695268470277	0.1915320588665463	-0.27744579776353756	-0.7512723476311367	0.4495488257173617	0.5454753264744724	-0.23452625722422973	-0.0403765678033996	-0.5515682897174111	-0.14896640532175537	-0.3256820661435043	-0.02960066075794473	-0.3445995822149257	-0.06732195583271827	-0.30076890287523683	0.1440679072416432	0.46319982719451314	-0.29168708875530935	-0.06281161557822479	-0.32303019252081194	-0.7546901082978703	-0.6346707923147632	0.25835205316958876	0.26117996015698103
GOBP_CELL_ADHESION_MEDIATED_BY_INTEGRIN	ACER2;ADA;ADAM17;ADAM9;CCL21;CCL5;CCN3;CD3E;CIB1;COL16A1;CRK;CRKL;CXCL13;CYP1B1;DPP4;EFNA1;EPHA2;EPHA8;EXT1;FBN1;FERMT1;FERMT3;FOXC2;FYB2;HRG;ICAM1;IFT74;ITGA1;ITGA10;ITGA11;ITGA2;ITGA2B;ITGA3;ITGA4;ITGA5;ITGA6;ITGA7;ITGA8;ITGA9;ITGAD;ITGAE;ITGAL;ITGAM;ITGAV;ITGAX;ITGB1;ITGB1BP1;ITGB2;ITGB3;ITGB4;ITGB5;ITGB6;ITGB7;ITGB8;ITGBL1;JAM3;LIF;LPXN;LYN;MMRN1;MUC1;NCKAP1L;NEXMIF;NPNT;P2RY12;PDE3B;PIEZO1;PIK3CG;PLAU;PLPP3;PODXL;PTK2;PTPN11;PTPN6;RAC3;RET;SERPINE1;SFRP2;SKAP1;SNAI2;SWAP70;SYK;TESC;TGFB2;VTN;WNK1	88	0.2582023317647761	0.4887709881742044	0.10356344418975898	0.07495389892940751	0.4513607708794992	-0.4330150136190103	0.2661869448044912	-0.35081939413232227	-0.2407080393181537	-0.14329155008833566	-0.3939707529888146	0.3980162131953746	-0.31307522122363796	0.21833100638866584	-0.4883082251314268	-0.3757960159620029	-0.06645854220543015	-0.2732702045937796	0.09077252823465588	0.0265969046710599	-0.443742627390371	-0.29006229778472614	-0.00901358656076561	-0.08590743595489159	-0.13366619349665432	-0.40093844955759533	0.02446667277325875	-0.22609768270929975	0.2909737976212218	-0.3050625501572898	0.0667416356305782	0.06540413491048053	0.11318959729322205	-0.3560951361955848	-0.2798942114856319	-0.3784496834498759
GOBP_CELL_ADHESION_MOLECULE_PRODUCTION	APOA1;AQP4;CAV1;COLEC12;CXCL8;FLOT1;FUT7;GCNT1;GOLPH3;IL1B;MIR101-1;MIR1298;MIR144;MIR146A;MIR206;MIR20A;MIR221;MIR222;MIR27B;MIR374A;MIR506;MIR520C;MYOCD;NOTCH1;NOTCH4;PPIA	39	-0.3352944228711916	-0.23918436671183552	-0.5742719323647995	-0.4221089146230927	-0.3751220832011464	-0.6183672925484875	-0.5047074028261076	-0.7357446934929246	-0.605340104507243	-0.5016572359407748	-0.7482291552733555	-0.4564326554048438	-0.5859749014869944	-0.48733250772218034	-0.5700683988820155	-0.47297353138968873	-0.5488748836780165	-0.4467260077665919	-0.5192322166999206	-0.6044327581739477	-0.642818321200907	-0.3881954429904796	-0.526637693206444	-0.5001112831300879	-0.580402734255195	-0.6213679174538377	-0.5942920041047494	-0.4678632314003114	-0.32179116831083804	-0.34904865829180964	-0.4432916405238651	-0.5796876371960707	-0.478755866708566	-0.6841972050973676	-0.5301925057881384	-0.43431152945827584
GOBP_CELL_CELL_ADHESION	ABAT;ABCA12;ABL1;ACTB;ACTG1;ACTN1;ACVR1;ADA;ADAM19;ADAM8;ADAM9;ADAMTS18;ADD2;ADGRL1;ADGRL3;ADGRV1;ADIPOQ;ADORA2A;ADTRP;AFDN;AGER;AIF1;AJUBA;AKNA;AKT1;ALCAM;ALOX12;ALOX5;AMBRA1;AMIGO1;AMIGO2;AMIGO3;ANK3;ANXA1;ANXA2;ANXA9;AP3B1;AP3D1;APOA1;APOA4;AQP4;ARG1;ARG2;ARVCF;ASS1;ASTN1;ASTN2;ATP1B2;ATP2C1;B2M;B4GALNT2;BAD;BAIAP2;BAIAP2L1;BCL10;BCL2;BCL6;BLK;BLOC1S4;BMP2;BMP4;BMP5;BMP6;BMP7;BOC;BSG;BTN2A2;BVES;C1QTNF1;CADM1;CADM3;CAMSAP3;CARD11;CASP3;CAV1;CBFB;CBLB;CBLL1;CBLN1;CCDC88B;CCL19;CCL2;CCL21;CCL25;CCL28;CCL5;CCN1;CCN3;CCR2;CCR7;CD160;CD164;CD177;CD1D;CD2;CD200;CD200R1;CD209;CD24;CD27;CD274;CD276;CD28;CD2AP;CD300A;CD33;CD34;CD3E;CD4;CD40LG;CD44;CD46;CD47;CD5;CD55;CD58;CD6;CD70;CD74;CD80;CD81;CD83;CD84;CD86;CD9;CD93;CD99;CDC42EP1;CDH1;CDH10;CDH11;CDH12;CDH13;CDH15;CDH16;CDH17;CDH18;CDH19;CDH2;CDH20;CDH22;CDH23;CDH24;CDH26;CDH3;CDH4;CDH5;CDH6;CDH7;CDH8;CDH9;CDHR1;CDHR2;CDHR3;CDHR4;CDHR5;CDK5R1;CDON;CDSN;CEACAM1;CEACAM5;CEACAM6;CEACAM8;CEBPB;CEL;CELA2A;CELSR1;CELSR2;CELSR3;CERCAM;CHST2;CHST4;CITED2;CLDN1;CLDN10;CLDN11;CLDN12;CLDN14;CLDN15;CLDN16;CLDN17;CLDN18;CLDN19;CLDN2;CLDN20;CLDN22;CLDN23;CLDN3;CLDN4;CLDN5;CLDN6;CLDN7;CLDN8;CLDN9;CLEC4G;CLEC4M;CLEC7A;CLECL1;CLIC1;CLSTN1;CLSTN2;CLSTN3;CNN3;CNTN1;CNTN2;CNTN4;CNTN5;CNTN6;COL13A1;COL14A1;COL19A1;COL8A2;COMP;CORO1A;CR1;CRB1;CRB2;CRNN;CRTAM;CSK;CSRP1;CSTA;CTLA4;CTNNA1;CTNNA2;CTNNA3;CTNNB1;CTNND1;CTNND2;CTSG;CX3CL1;CX3CR1;CXADR;CXCL12;CXCL13;CYFIP2;CYP1B1;CYRIB;DAB1;DCC;DCHS1;DCHS2;DENND6A;DHPS;DLG1;DLG2;DLG3;DLG4;DLG5;DMTN;DNAJA3;DNAJB6;DOCK8;DPP4;DSC1;DSC2;DSC3;DSCAM;DSCAML1;DSG1;DSG2;DSG3;DSG4;DSP;DUSP10;DUSP22;DUSP3;EBI3;EFNA5;EFNB1;EFNB2;EFNB3;EGFR;EGR3;ELANE;ELMO2;EMB;EMILIN2;EPB41L5;EPCAM;EPHA7;EPHB3;EPO;ERBB2;ESAM;ETS1;EXT1;EZR;F11R;FADD;FAT1;FAT2;FAT3;FAT4;FBLIM1;FCGR2B;FCHO1;FER;FERMT3;FGA;FGB;FGFRL1;FGG;FGL1;FGL2;FIBP;FLNA;FLOT1;FLOT2;FLRT3;FN1;FNDC3A;FOXA1;FOXA2;FOXF1;FOXJ1;FOXO3;FOXP3;FSTL3;FUT3;FUT4;FUT7;FUT9;FXYD5;FYN;GATA1;GATA3;GATA5;GCNT1;GCNT2;GFUS;GLDN;GLI2;GLI3;GLMN;GNAS;GOLPH3;GP1BA;GP6;GPAM;GPC4;GPC6;GPNMB;GRID2;GTPBP4;HAS2;HAVCR2;HBB;HES1;HFE;HHLA2;HLA-A;HLA-DMA;HLA-DMB;HLA-DOA;HLA-DOB;HLA-DPA1;HLA-DPB1;HLA-DQA1;HLA-DQA2;HLA-DQB1;HLA-DQB2;HLA-DRA;HLA-DRB1;HLA-DRB3;HLA-DRB4;HLA-DRB5;HLA-E;HLA-G;HLX;HMCN1;HMGB1;HSPB1;HSPD1;HSPH1;ICAM1;ICAM2;ICAM3;ICAM4;ICAM5;ICOS;ICOSLG;IDO1;IFNA2;IFNB1;IFNG;IFNL1;IGDCC3;IGDCC4;IGF1;IGF2;IGFBP2;IGFN1;IGSF11;IGSF21;IGSF5;IGSF9;IHH;IL10;IL12A;IL12B;IL12RB1;IL15;IL18;IL1A;IL1B;IL1RAP;IL1RAPL1;IL1RL2;IL1RN;IL2;IL20RB;IL21;IL23A;IL23R;IL27RA;IL2RA;IL36B;IL4;IL4I1;IL4R;IL6;IL6ST;IL7;IL7R;ILDR2;ILK;IRAK1;IRF1;ITCH;ITGA1;ITGA10;ITGA11;ITGA2;ITGA2B;ITGA3;ITGA4;ITGA5;ITGA6;ITGA7;ITGA8;ITGA9;ITGAD;ITGAE;ITGAL;ITGAM;ITGAV;ITGAX;ITGB1;ITGB2;ITGB3;ITGB5;ITGB7;ITPKB;IZUMO1;JAG1;JAK1;JAK2;JAK3;JAM2;JAM3;JAML;JUP;KIF26B;KIFAP3;KIFC3;KIRREL1;KIRREL2;KIRREL3;KIT;KLF4;KLRC4-KLRK1;KLRK1;KRT18;L1CAM;LAG3;LAMA3;LAMA5;LAMB1;LAPTM5;LAX1;LCK;LEF1;LEP;LGALS1;LGALS2;LGALS3;LGALS7B;LGALS9;LGALS9B;LGALS9C;LILRB1;LILRB2;LILRB4;LIMS1;LIMS2;LOXL3;LPP;LRFN3;LRFN4;LRFN5;LRP6;LRRC32;LRRC4;LRRC4B;LRRC4C;LRRC7;LYN;MAD1L1;MAD2L2;MADCAM1;MAG;MAGI1;MALT1;MAP2K5;MAP3K8;MAPK14;MAPK7;MARCHF7;MBP;MDGA1;MDK;MEGF10;MEGF11;METAP1;METTL3;MIA3;MILR1;MINK1;MIR125A;MIR141;MIR146A;MIR181C;MIR21;MIR221;MIR222;MIR27A;MIR30B;MIR31;MIR92A1;MIRLET7E;MIRLET7G;MMP24;MMRN1;MPL;MPZ;MPZL2;MSN;MUC21;MYADM;MYB;MYH9;MYL12A;MYL9;MYO10;MYOT;MYPN;NCAM2;NCK1;NCK2;NCKAP1L;NDFIP1;NECTIN1;NECTIN2;NECTIN3;NECTIN4;NEGR1;NEO1;NEXMIF;NEXN;NF2;NFASC;NFAT5;NFKBID;NFKBIZ;NINJ1;NINJ2;NKAP;NLGN1;NLGN2;NLGN3;NLGN4X;NLGN4Y;NLRP3;NOD2;NODAL;NOTCH1;NOTCH4;NPHP1;NPHP4;NPHS1;NPNT;NPTN;NR4A3;NRARP;NRCAM;NRXN1;NRXN2;NRXN3;NT5E;NTN1;NTNG1;NTNG2;OBSCN;OBSL1;OLR1;P2RY12;PAG1;PAK4;PALLD;PARVA;PAWR;PCDH1;PCDH10;PCDH11X;PCDH11Y;PCDH12;PCDH15;PCDH17;PCDH18;PCDH19;PCDH20;PCDH7;PCDH8;PCDH9;PCDHA1;PCDHA10;PCDHA11;PCDHA12;PCDHA13;PCDHA2;PCDHA3;PCDHA4;PCDHA5;PCDHA6;PCDHA7;PCDHA8;PCDHA9;PCDHAC1;PCDHAC2;PCDHB1;PCDHB10;PCDHB11;PCDHB12;PCDHB13;PCDHB14;PCDHB15;PCDHB16;PCDHB18P;PCDHB2;PCDHB3;PCDHB4;PCDHB5;PCDHB6;PCDHB7;PCDHB8;PCDHB9;PCDHGA1;PCDHGA10;PCDHGA11;PCDHGA12;PCDHGA2;PCDHGA3;PCDHGA4;PCDHGA5;PCDHGA6;PCDHGA7;PCDHGA8;PCDHGA9;PCDHGB1;PCDHGB2;PCDHGB3;PCDHGB4;PCDHGB5;PCDHGB6;PCDHGB7;PCDHGC3;PCDHGC4;PCDHGC5;PCK1;PDCD1LG2;PDE5A;PDGFRA;PDLIM1;PDLIM5;PDPN;PEAR1;PECAM1;PELI1;PERP;PIEZO1;PIK3CA;PIK3CB;PIK3CG;PIK3R6;PIP5K1C;PKD1;PKD1L1;PKHD1;PKP1;PKP2;PKP3;PKP4;PLA2G2D;PLA2G2F;PLAUR;PLEK;PLEKHA7;PLG;PLPP3;PLXNB2;PLXNB3;PNP;PODXL;PODXL2;PPARA;PPIA;PPM1F;PPP1CA;PRDX2;PRKAR1A;PRKCA;PRKCD;PRKCQ;PRKCZ;PRKG1;PRNP;PSEN1;PTAFR;PTK2;PTPN11;PTPN2;PTPN22;PTPN23;PTPN6;PTPRC;PTPRD;PTPRF;PTPRG;PTPRM;PTPRR;PTPRS;PTPRT;PTPRU;PVR;PYCARD;RAB10;RAC2;RAG1;RAG2;RAP2B;RARA;RASAL3;RASGRP1;RC3H1;RC3H2;RDX;REG3A;RELA;RET;RGCC;RHOA;RHOH;RIC8A;RIPK2;RIPOR2;RNASE10;ROBO1;ROBO2;ROBO3;ROBO4;ROCK1;ROPN1B;RPS3;RUNX1;RUNX3;S100A11;S100A8;S100A9;SART1;SASH3;SCARF2;SCGB1A1;SCRIB;SDC4;SDK1;SDK2;SELE;SELENOK;SELL;SELP;SELPLG;SEMA4D;SERPINB8;SERPINE2;SERPINF2;SFTPD;SH2B3;SHC1;SHH;SIGLEC1;SIRPA;SIRPB1;SIRPG;SKAP1;SLAMF1;SLC39A8;SLC7A1;SLC7A11;SLITRK1;SLITRK2;SLITRK3;SMAD7;SOCS1;SOCS5;SOCS6;SOX12;SOX13;SOX2;SOX4;SOX9;SPARCL1;SPI1;SPINT2;SPN;SPTA1;SRC;SRF;SRPX2;ST3GAL4;STAT5B;STK10;STXBP1;STXBP3;STXBP6;SWAP70;SYK;SYNJ2BP;TARM1;TBX21;TENM1;TENM2;TENM3;TENM4;TESPA1;TFRC;TGFB1;TGFB2;TGFBR2;THBS4;THY1;TIGIT;TJP1;TJP2;TJP3;TLN1;TLN2;TMEM131L;TMEM47;TMIGD2;TMOD3;TNF;TNFAIP8L2;TNFRSF13C;TNFRSF14;TNFRSF21;TNFSF11;TNFSF13B;TNFSF14;TNFSF4;TNFSF9;TNIP1;TNR;TNXB;TRAF6;TRIM29;TRO;TRPV4;TSPAN32;TTYH1;TWSG1;TYK2;TYRO3;UBASH3B;UMOD;UNC5D;VAV1;VCAM1;VCL;VEGFA;VEZT;VMP1;VNN1;VSIG10;VSIG10L2;VSIG4;VSIR;VSTM2L;VTCN1;WNK1;WNT1;WNT3A;WNT4;WNT5A;WNT7B;XBP1;XCL1;XG;YES1;YTHDF2;ZAN;ZAP70;ZBTB1;ZBTB16;ZBTB7B;ZC3H12A;ZC3H8;ZDHHC2;ZDHHC21;ZFP36L1;ZMIZ1;ZNF703;ZP3;ZP4	1153	-0.08280282953660248	0.02510821237822752	-0.3145191260926048	-0.3034735172808497	-0.13238761819474018	-0.29632663197804865	-0.21846025938147037	-0.36472027873626	-0.32902895501630147	-0.25806381685273694	-0.3664611373974717	-0.14851302959925666	-0.3846562180213937	-0.12806721695048212	-0.3426955507788304	-0.3178066653380227	-0.09233279791727642	-0.35224972412849764	-0.16701853720826115	-0.24799598210924692	-0.4773106716039517	-0.3155115142827121	-0.21063937735307312	-0.10091668670886723	-0.11655926159372508	-0.4364441306757141	-0.17339178802329472	-0.2584018573062327	-0.08622854153498918	-0.3643135985829538	-0.1670806555554139	-0.252878744142091	-0.29196106906105534	-0.42990659881943066	-0.1318891131375098	-0.1598662941292898
GOBP_CELL_CELL_ADHESION_INVOLVED_IN_GASTRULATION	ADIPOQ;APOA1;IL10;IL1RN;KLF4;MAP2K5;MAPK7;MBP;MIR221;MYADM;RIC8A;WNK1	12	0.2828092223524624	0.3798584170385868	0.13329654906847252	-0.4484503251668118	0.4294484781874406	-0.1130905754768406	0.0780638918704917	-0.7622391038077914	-0.03170518756117754	-0.03937392568920683	-0.057413065904657	-0.00991405528165148	-0.00342929238247713	-0.00833929871793115	-0.1888505628845128	-0.2984110451692062	0.03855840191185983	-0.31378460910544165	0.30175095659324713	0.05467754696000421	-0.3985747045786543	0.09186598749989933	-0.36721090997355854	-0.12181997196666512	-0.3340964229685953	-0.24751923213437804	0.18797229291396264	-0.292187612320145	0.18868172230756536	-0.16653872026425917	0.2111851356934878	-0.09596909323529897	0.2908360510085813	-0.272958788382097	-0.23933252289527665	-0.3722447632805781
GOBP_CELL_CELL_ADHESION_MEDIATED_BY_CADHERIN	ADAM19;AFDN;BMP6;CDH2;CDH5;CDHR2;CTNND1;DENND6A;EPCAM;FER;FLOT1;FOXA1;FOXA2;MAD2L2;MMP24;NEXMIF;NOTCH1;NOTCH4;PLEKHA7;PLG;PPM1F;PTPRU;RGCC;SERPINF2;TJP1;VEGFA;WNT3A;WNT5A	43	-0.4401913692395057	-0.19887588442325743	-0.43983061306176946	-0.4278889846506294	-0.2191329602710421	-0.285356671329291	-0.5667461262459574	-0.5829677975093357	-0.38433855257239274	-0.2173708897981758	-0.3873699606152482	-0.25178437487147354	-0.36832606292614306	-0.30911191795555737	-0.4005779876990895	-0.42356661129664314	-0.2683200459995608	-0.35482052770982864	-0.1767491244620948	-0.3303025853882281	-0.6917509531725522	-0.3354734939970593	-0.4639875582321995	-0.36021711863359335	-0.41987089531799593	-0.275872158401412	-0.26082643600069744	-0.06862851839417933	-0.18658940024073556	-0.3528509882488553	-0.4529045178712192	-0.600012893867424	-0.5481575110403161	-0.6005236905614223	-0.370332871712066	-0.2751119581182386
GOBP_CELL_CELL_ADHESION_MEDIATED_BY_INTEGRIN	ADA;ADAM9;CCL5;CD3E;CXCL13;DPP4;FERMT3;ITGA4;ITGA5;ITGB1;NPNT;PIEZO1;PLPP3;PODXL;SKAP1;SWAP70;WNK1	19	-0.04410982716390305	0.3592287203237721	-0.3220526545595476	-0.06098235393077678	0.4659193088149143	-0.436564803144481	0.19714570988372423	-0.36631666232376153	-0.3503133100946852	-0.17342260036898913	-0.5659588880334325	0.4530792988194864	-0.0020764282823949	0.25496803902271775	-0.7447432553126796	-0.6079434191551567	0.02534978825367787	-0.43889778305269306	-0.12528903669434288	0.08296254127233602	-0.5397271642151801	-0.408291626979806	-0.3695980881013614	-0.11959185109275702	-0.04630836381227757	-0.4330520233853862	0.1815304130491615	-0.39489598255238945	0.16557876168150623	-0.2427417426580281	-0.06773337676119506	0.21684888692869456	0.1403519375686587	-0.4733504696402213	-0.4446430457865472	-0.5163679369367853
GOBP_CELL_CELL_ADHESION_VIA_PLASMA_MEMBRANE_ADHESION_MOLECULES	ACVR1;ADGRL1;ADGRL3;ADIPOQ;AJUBA;ALCAM;AMIGO1;AMIGO2;AMIGO3;APOA1;ARVCF;ATP2C1;BMP2;BSG;CADM1;CADM3;CBLN1;CD164;CD177;CD209;CD6;CD84;CDH1;CDH10;CDH11;CDH12;CDH13;CDH15;CDH16;CDH17;CDH18;CDH19;CDH2;CDH20;CDH22;CDH23;CDH24;CDH26;CDH3;CDH4;CDH5;CDH6;CDH7;CDH8;CDH9;CDHR1;CDHR2;CDHR3;CDHR4;CDHR5;CEACAM1;CEACAM5;CEACAM6;CEACAM8;CELSR1;CELSR2;CELSR3;CLDN1;CLDN10;CLDN11;CLDN12;CLDN14;CLDN15;CLDN16;CLDN17;CLDN18;CLDN19;CLDN2;CLDN20;CLDN22;CLDN23;CLDN3;CLDN4;CLDN5;CLDN6;CLDN7;CLDN8;CLDN9;CLSTN1;CLSTN2;CLSTN3;CNTN2;CNTN4;CNTN6;CRB1;CRB2;CRTAM;CX3CL1;CXADR;DAB1;DCHS1;DCHS2;DSC1;DSC2;DSC3;DSCAM;DSCAML1;DSG1;DSG2;DSG3;DSG4;EFNA5;EMB;ESAM;FAT1;FAT2;FAT3;FAT4;FGFRL1;FLRT3;FXYD5;GATA5;GPC4;GPC6;GRID2;HMCN1;ICAM1;IGFN1;IGSF11;IGSF21;IGSF9;IL10;IL1RAP;IL1RAPL1;IL1RN;ITGA5;ITGAL;ITGAM;ITGB1;ITGB2;JAML;KIFAP3;KIRREL3;KLF4;L1CAM;LGALS7B;LRFN3;LRFN4;LRFN5;LRRC4;LRRC4B;LRRC4C;MAG;MAP2K5;MAPK14;MAPK7;MBP;MDGA1;MILR1;MIR221;MMP24;MPZ;MPZL2;MYADM;MYOT;MYPN;NECTIN1;NECTIN2;NECTIN3;NECTIN4;NEXN;NLGN1;NPTN;NTNG1;NTNG2;OBSL1;PALLD;PCDH1;PCDH10;PCDH11X;PCDH11Y;PCDH12;PCDH15;PCDH17;PCDH18;PCDH19;PCDH20;PCDH7;PCDH8;PCDH9;PCDHA1;PCDHA10;PCDHA11;PCDHA12;PCDHA13;PCDHA2;PCDHA3;PCDHA4;PCDHA5;PCDHA6;PCDHA7;PCDHA8;PCDHA9;PCDHAC1;PCDHAC2;PCDHB1;PCDHB10;PCDHB11;PCDHB12;PCDHB13;PCDHB14;PCDHB15;PCDHB16;PCDHB18P;PCDHB2;PCDHB3;PCDHB4;PCDHB5;PCDHB6;PCDHB7;PCDHB8;PCDHB9;PCDHGA1;PCDHGA10;PCDHGA11;PCDHGA12;PCDHGA2;PCDHGA3;PCDHGA4;PCDHGA5;PCDHGA6;PCDHGA7;PCDHGA8;PCDHGA9;PCDHGB1;PCDHGB2;PCDHGB3;PCDHGB4;PCDHGB5;PCDHGB6;PCDHGB7;PCDHGC3;PCDHGC4;PCDHGC5;PECAM1;PIK3CB;PKD1;PLXNB2;PLXNB3;PTPN23;PTPRD;PTPRF;PTPRG;PTPRM;PTPRR;PTPRS;PTPRT;PVR;REG3A;RET;RIC8A;ROBO1;ROBO2;ROBO3;ROBO4;SCARF2;SDK1;SDK2;SELE;SELL;SELP;SLITRK1;SLITRK2;SLITRK3;SPARCL1;TENM1;TENM2;TENM3;TENM4;TGFB2;TGFBR2;TRO;UMOD;UNC5D;VCAM1;VSTM2L;WNK1	290	0.00403749860778318	-0.02427549536482354	-0.32204454601693167	-0.3155189009078355	-0.23832626245354083	-0.0241621244522984	-0.32486181494842603	-0.14107255643921887	-0.30522293725595534	0.04482518674040395	0.01223611998233226	-0.18631987227040092	-0.06678839706444636	0.0390192838876035	0.03999513013877359	-0.02126809686069239	0.27132242613024793	-0.05207679215495112	-0.07739135917427233	-0.13283634347943435	-0.47562355430871744	0.1336433815595678	0.04558986531559667	0.2115499449572015	0.27593565723700064	0.02552854865673262	-0.00379720230855334	0.18208354038149385	-0.01350683576306682	0.00912196071033916	-0.189301895490856	-0.34138417963809436	-0.44805379785797966	-0.4572343798355002	0.21319712293764828	0.28079793954237325
GOBP_CEREBRAL_CORTEX_GABAERGIC_INTERNEURON_DEVELOPMENT	ARX;CNTN2;DRD1;DRD2;FEZF2;LHX6;RAC3	7	-0.5157321539878384	-0.5992168938115867	-0.44026775431508225	-0.2248182504124817	-0.7209924144693473	-0.3509775401558096	-0.08687362115963301	0.39924946696509567	-0.02760867146100221	0.05632200177216645	0.05596486353936625	-0.47480570199772354	0.4894414749610584	-0.23013953068847093	0.5449576277691315	-0.7106817590166095	0.4619954937875308	0.33018781890164756	-0.4772278036475409	-0.44505557803559914	0.3321216514795776	0.6166465095140296	-0.4904753174742476	0.43629005225182704	-0.661815844314928	0.5083261561028012	0.1923719359892118	0.3151881902139899	-0.6477502545302821	0.36695904461855655	-0.5272729798402188	-0.1157434949157215	-0.19567081595258456	-0.25732297800159903	0.6864922443198725	0.526521494212322
GOBP_CEREBRAL_CORTEX_GABAERGIC_INTERNEURON_DIFFERENTIATION	ARX;ASCL1;CNTN2;DLX1;DLX2;DRD1;DRD2;FEZF2;LHX6;RAC3	10	-0.4382143074018484	-0.3944921385577088	-0.2620846115780057	-0.3946272557700835	-0.7533365590196068	-0.5695411088031307	-0.1448341348089987	0.4926114188425362	-0.0876377634892252	0.19044828576038111	0.06586765384159143	-0.46088089900517126	0.31621055002968856	-0.24033240052544047	0.6106405034993516	-0.6701923169378333	0.4922149648327333	0.373069606192581	-0.40599011584401945	-0.6128310847107932	0.2761838770213547	0.5901917904335163	-0.4468096202630686	0.3363872858184581	-0.6235175254844687	0.5142018868503753	0.08842815866207768	0.3960851088230972	-0.7597800462827332	0.4228320244049775	-0.4226271425119156	-0.14372196699920506	-0.2863825202192628	-0.1748488008340668	0.7153750511673864	0.6001235764253087
GOBP_CHEMICAL_SYNAPTIC_TRANSMISSION_POSTSYNAPTIC	ABAT;ADORA1;ADORA2A;ADRB2;AKT1;APP;ARRB2;BAIAP2;CBLN1;CDK5;CELF4;CHRNA1;CHRNA10;CHRNA2;CHRNA3;CHRNA4;CHRNA5;CHRNA6;CHRNA7;CHRNA9;CHRNB1;CHRNB2;CHRNB3;CHRNB4;CHRND;CHRNE;CHRNG;CUX2;DLG4;DMPK;DRD2;DRD4;DVL1;EIF4A3;GHRL;GLRA1;GLRA2;GLRA3;GLRB;GRID2;GRIK2;GRIK5;GRIN1;GRIN2A;GRIN2B;GRIN2C;GRIN2D;GSK3A;GSK3B;HCRT;IGSF11;INSYN1;INSYN2A;LRRK2;MAPK8IP2;MECP2;MEF2C;MIR30B;MPP2;MTMR2;NETO1;NLGN1;NLGN2;NLGN3;NLGN4X;NPAS4;NPFF;NRXN1;NTSR1;OPRM1;P2RX1;P2RX2;P2RX3;P2RX4;P2RX5;P2RX6;P2RX7;PPP3CA;PRKCZ;PTEN;PTK2B;RAB3GAP1;RELN;RGS4;RIMS1;RIMS2;S1PR2;SEZ6;SHANK1;SHANK3;SLC29A1;SLC8A2;SLC8A3;SNCA;STX1A;STX1B;TMEM108;TMEM25;TRPV1;UNC13B;WNT7A	107	-0.2020252466750768	-0.3433791437630354	-0.3739150577382192	-0.5401945408773043	-0.49978087180494474	0.0700273783053181	-0.5196423100458322	0.25631181008515425	-0.5288998474934102	0.35051717368021584	0.0762091951517117	-0.35468623798983423	0.13054160944449386	-0.1356225492073572	0.39935289010041536	0.05198528118092929	0.333455623534183	-0.20495924243643016	-0.23709027788815104	-0.13875876575744042	-0.3696165408766278	0.32770926904172143	-0.44555555258599	0.2702363096840965	-0.06553473567645618	0.2396651311264412	0.16764628280706834	0.31031823753142673	-0.373915900152147	0.23545345283001512	-0.42503595884916606	-0.3955426645416421	-0.4417547489914754	-0.4275072973509271	0.4807386782328317	0.45038494558488906
GOBP_EPITHELIAL_CELL_CELL_ADHESION	BVES;CAMSAP3;CCN3;CTNNA1;CTNNA3;CYP1B1;DSP;IHH;ITGB5;JUP;KIFC3;KIT;PLEKHA7;SERPINB8;SRF;THBS4;VCL	17	0.17123630275102741	0.4157011180489326	0.291542917625531	-0.1347730122190317	0.37568706461235624	-0.1880419253702647	-0.1975348682232912	-0.5515015089516179	-0.03348860254324409	-0.13443882068334084	-0.4268344191912531	0.2613700389176872	-0.2668165056649952	-0.08439219820042312	-0.274766003736502	-0.41278403390389456	0.03953614224840388	-0.18798904377931688	-0.05787354789883467	0.0933489916150117	-0.3293370771781738	0.05873385041193391	-0.08614780603807642	-0.1435756183356501	-0.09966161380796155	-0.04838923813975671	0.38861416725842834	0.2524828075631034	0.337761868494565	-0.45972094051403056	-0.1201557362166481	-0.22018107865582431	-0.23161968529692145	-0.5141358222292263	0.27090513410101136	-0.12427087474853604
GOBP_G_PROTEIN_COUPLED_PURINERGIC_NUCLEOTIDE_RECEPTOR_SIGNALING_PATHWAY	GPR171;GPR34;GPR87;P2RY1;P2RY10;P2RY11;P2RY12;P2RY13;P2RY14;P2RY2;P2RY4;P2RY6;P2RY8;PTAFR	14	-0.4930303169083119	0.2666287552292681	0.04030373837189088	-0.43010415014739234	0.20253931350282095	-0.16337592055750894	0.2755819845345285	0.464146476090978	-0.15053463100075867	0.4010330521825006	0.03419029571455337	-0.33747891051190043	-0.123741005723536	-0.3269584190050411	-0.2153586438339074	-0.3599148533184278	0.2688602371825999	-0.6191150759897304	0.5447331817751417	-0.22964774443626176	-0.7035976521332141	-0.2004085039568531	-0.4120921605914482	0.04699445970060398	-0.19699334178632663	-0.2586463977457477	-0.03304429020874452	0.28990280754249415	-0.03893973537628731	-0.21719250332913864	0.36762513936930247	0.3521535309130673	0.4934891253197941	0.11620198886225223	0.4382661240285659	0.11774009368913266
GOBP_G_PROTEIN_COUPLED_PURINERGIC_RECEPTOR_SIGNALING_PATHWAY	ACP3;ADA;ADCY5;ADORA1;ADORA2A;ADORA2B;ADORA3;CNTN2;GNAI2;GNAT1;NECAB2;P2RY1;P2RY12	13	-0.13300272625914306	0.10311754644302448	0.0693835893539578	-0.2005178061648829	-0.12460816723032048	-0.614750792145061	0.0514361663947232	0.2510673044665155	-0.34560728916494815	0.1968036903499974	0.04154829318882916	-0.27259748170363773	0.10165219664093778	-0.2080047960482982	-0.3095493036794349	-0.6736454025978417	0.4877161181198102	-0.6591500363051376	0.18673981523889965	-0.16488339601456195	-0.718167187605423	0.24422468827687785	-0.1661109683478494	0.01222410621896333	-0.24665503260940824	0.14713274225608935	0.13528301593260256	0.15238741156869973	-0.21596161726505136	0.2989291645381407	-0.0967323809475466	0.25933752704744883	0.2151978956968141	-0.18298947619385308	0.6309655687247514	0.2350093573679885
GOBP_GABAERGIC_NEURON_DIFFERENTIATION	ARX;ASCL1;CNTN2;DLX1;DLX2;DRD1;DRD2;FEZF2;GATA2;HELT;INHBA;LHX6;RAC3	13	-0.29648025332095385	-0.21681547716205996	-0.05061198371266534	-0.2669128743703554	-0.6555377241612006	-0.5565548433543884	-0.09694592340460928	0.4271548896124939	-0.2636249719681069	0.08193715349477826	0.03215615066597646	-0.20094007381802617	0.1607560082350097	-0.07808357266075938	0.5107216563787326	-0.6862422844844597	0.4580568751635428	0.2941924967109635	-0.32664590494253626	-0.4953193100401539	0.00771207523745204	0.17561333254978254	-0.2623961068540793	0.27606551616418123	-0.5085868836133962	0.40803987096943456	0.01388549013352688	0.46632055024736385	-0.4841819994124626	0.1513229022721876	-0.3398407463029939	-0.16934270766892243	-0.06267816244623936	-0.1134460549320448	0.7072399575116617	0.5713375430929141
GOBP_GEPHYRIN_CLUSTERING_INVOLVED_IN_POSTSYNAPTIC_DENSITY_ASSEMBLY	NLGN2;NRXN1;NRXN2;SLITRK3;ZDHHC12	6	-0.01781872878677498	0.1617072862873693	-0.8217458397623574	-0.6860286392009023	-0.5498234667119237	-0.04562803802809606	-0.4958366979254353	0.32036369586695257	-0.8663341606764475	0.3272776545222754	0.4895179408473233	-0.2742927108779852	-0.3549259419972389	-0.03778621178640967	0.33420424656328224	0.4600441741109731	0.19050082195261217	-0.33828966283454953	0.35239043820989896	-0.571236339710447	-0.7903198898938126	0.2969845882215337	-0.08371193087728881	0.3063922558549269	0.17305453308591243	-0.34855602985907186	-0.24436825934007084	0.26391727759020217	-0.4897360159084509	0.08795086818304293	-0.5377163287309245	-0.28087905007481	-0.7000684874770566	-0.5909734910109656	0.4236104865025824	0.45394562183374176
GOBP_HETEROPHILIC_CELL_CELL_ADHESION_VIA_PLASMA_MEMBRANE_CELL_ADHESION_MOLECULES	ADGRL1;ALCAM;AMIGO1;AMIGO2;AMIGO3;CADM1;CADM3;CBLN1;CD164;CD209;CD6;CDH2;CDH4;CEACAM5;CEACAM6;CEACAM8;CRB1;CRB2;CRTAM;CXADR;DCHS1;FAT4;GRID2;HMCN1;ICAM1;IGSF21;IL1RAPL1;ITGA5;ITGAL;JAML;LGALS7B;NECTIN1;NECTIN3;NECTIN4;NLGN1;PTPRD;PVR;REG3A;SCARF2;SELE;SELP;TENM1;TENM2;TENM3;TENM4;UMOD;VCAM1	52	0.10138363978654746	0.2074663560879283	-0.355610003770754	-0.31167374687584803	-0.0275037628326738	-0.21413253060052784	-0.11826875361068144	-0.18208058846136055	-0.2661791121457489	-0.22597982865911304	-0.2764918302641116	-0.1830081579331739	-0.3025869796199008	-0.03011895723773056	-0.157348087519792	-0.02974807069883933	0.1420759552515968	-0.0938049206552698	-0.04157857598891232	-0.15429306239849522	-0.292883115129227	-0.16088248903792207	-0.06544316744898757	0.090345529785337	0.0760957255070536	-0.16851454751311284	-0.02712337660504013	-0.06384893807689083	0.1301247061795532	-0.10243145058348876	-0.2207893752664856	-0.21983681063903857	-0.3959109691892064	-0.3671310141801962	0.10416359257339716	0.2550654417331786
GOBP_HETEROTYPIC_CELL_CELL_ADHESION	ADIPOQ;AGER;APOA1;BMP7;CD1D;CD2;CD200;CD200R1;CD44;CD47;CD58;CEACAM6;CTNNA3;CXADR;DSC2;DSG2;DSP;FGA;FGB;FGG;FLOT1;FLOT2;GCNT2;GLDN;IL10;IL1B;IL1RN;ITGA4;ITGA5;ITGA7;ITGAD;ITGAV;ITGAX;ITGB1;ITGB2;ITGB3;ITGB7;IZUMO1;JAM3;JUP;KLF4;LCK;LILRB2;MADCAM1;MAP2K5;MAPK7;MBP;MIR221;MYADM;NINJ1;NRCAM;PARVA;PERP;PKP2;PTPRC;RNASE10;SIRPA;SKAP1;THY1;TNF;VCAM1;WNK1	89	-0.10030186048243558	-0.09451440717127985	-0.3997109652605038	-0.32664156356361823	-0.06613918153593074	-0.46189112790095094	-0.10834764863169438	-0.5589561041783762	-0.4354591569489792	-0.448977541938067	-0.4013840106997723	-0.1934033931157051	-0.4656243490121589	-0.2675333368470707	-0.5493920181503227	-0.5358654067334468	-0.41704740401387663	-0.4216574818466074	-0.18210986674305185	-0.4297026409966532	-0.46979418781372745	-0.45186386755502594	-0.4517246963685594	-0.28356948277431543	-0.5242666013591948	-0.6019629922745533	-0.3146306718069552	-0.4130327829531179	-0.11438174009734332	-0.4769885072307783	-0.16567135495010354	-0.1490117428948639	-0.1568447250140153	-0.43033686544778	-0.4170886273670316	-0.4537690666485415
GOBP_HOMOPHILIC_CELL_ADHESION_VIA_PLASMA_MEMBRANE_ADHESION_MOLECULES	AMIGO1;AMIGO2;BSG;CADM1;CADM3;CD84;CDH1;CDH10;CDH11;CDH12;CDH13;CDH15;CDH16;CDH17;CDH18;CDH19;CDH2;CDH20;CDH22;CDH23;CDH24;CDH26;CDH3;CDH4;CDH5;CDH6;CDH7;CDH8;CDH9;CDHR1;CDHR2;CDHR3;CDHR4;CDHR5;CEACAM1;CEACAM5;CEACAM6;CELSR1;CELSR2;CELSR3;CLSTN1;CLSTN2;CLSTN3;CNTN2;CNTN4;CNTN6;DCHS1;DCHS2;DSC1;DSC2;DSC3;DSCAM;DSCAML1;DSG1;DSG2;DSG3;DSG4;EMB;ESAM;FAT1;FAT2;FAT3;FAT4;HMCN1;IGFN1;IGSF11;IGSF21;IGSF9;ITGB1;KIRREL3;L1CAM;MPZL2;MYOT;MYPN;NECTIN1;NECTIN2;NECTIN3;NECTIN4;NEXN;NPTN;OBSL1;PALLD;PCDH1;PCDH10;PCDH11X;PCDH11Y;PCDH12;PCDH15;PCDH17;PCDH18;PCDH19;PCDH20;PCDH7;PCDH8;PCDH9;PCDHA1;PCDHA10;PCDHA11;PCDHA12;PCDHA13;PCDHA2;PCDHA3;PCDHA4;PCDHA5;PCDHA6;PCDHA7;PCDHA8;PCDHA9;PCDHAC1;PCDHAC2;PCDHB1;PCDHB10;PCDHB11;PCDHB12;PCDHB13;PCDHB14;PCDHB15;PCDHB16;PCDHB18P;PCDHB2;PCDHB3;PCDHB4;PCDHB5;PCDHB6;PCDHB7;PCDHB8;PCDHB9;PCDHGA1;PCDHGA10;PCDHGA11;PCDHGA12;PCDHGA2;PCDHGA3;PCDHGA4;PCDHGA5;PCDHGA6;PCDHGA7;PCDHGA8;PCDHGA9;PCDHGB1;PCDHGB2;PCDHGB3;PCDHGB4;PCDHGB5;PCDHGB6;PCDHGB7;PCDHGC3;PCDHGC4;PCDHGC5;PECAM1;PIK3CB;PKD1;PLXNB2;PLXNB3;PTPN23;PTPRG;PTPRM;PTPRR;PTPRT;PVR;RET;ROBO1;ROBO2;ROBO3;ROBO4;SDK1;SDK2;TENM3;TRO;VSTM2L	178	-0.00871902658560619	-0.07821669516189247	-0.3456283245862424	-0.35688407966160995	-0.3685598910113349	0.0764126254075734	-0.4448698399046327	-0.17505214777098385	-0.3661898485048724	0.116372191154522	0.1451517718944455	-0.2843574306342849	0.04474753907119633	0.02207937538852827	0.1412481593550492	0.07766693172451603	0.3572942616126269	-0.00218835494018801	-0.16205044804022126	-0.15000278782586027	-0.5319685741079907	0.1949997616545338	0.1056819962547512	0.2695040913248961	0.3223579631082723	0.17518018146434297	-0.1300685578361429	0.2609463402076773	0.04014983567627392	0.0714225929812578	-0.27931173106283796	-0.42641556602397496	-0.5495275493893708	-0.5193945327445809	0.2844653341853822	0.34120505871470164
GOBP_HOMOTYPIC_CELL_CELL_ADHESION	ABAT;ACTB;ACTG1;ACTN1;ADAMTS18;ALOX12;ANK3;BLK;BLOC1S4;C1QTNF1;CCL5;CD9;CD99;CEACAM1;CEACAM5;CELA2A;CLIC1;COMP;CSRP1;CTNNA3;CTSG;CXADR;DMTN;DSC2;DSG2;DSP;EMILIN2;F11R;FERMT3;FGA;FGB;FGG;FIBP;FLNA;FN1;GATA1;GNAS;GP1BA;GP6;HBB;HSPB1;IL6;IL6ST;ILK;ITGB3;JAK1;JAK2;JUP;LYN;MEGF10;MEGF11;METAP1;MMRN1;MPL;MYH9;MYL12A;MYL9;P2RY12;PDGFRA;PDPN;PEAR1;PIK3CB;PIK3CG;PKP2;PLAUR;PLEK;PLPP3;PPIA;PRKCA;PRKCD;PRKCQ;PRKG1;PTPN6;PTPRU;RAP2B;RDX;SERPINE2;SH2B3;SLC7A11;STXBP1;STXBP3;SYK;TJP2;TLN1;TNFSF11;TSPAN32;TYRO3;UBASH3B;VCL;WNT3A;XG;ZNF703	110	-0.08711330229145031	0.23269164336421824	-0.22301128199813175	-0.2798209462854429	0.09813743021951364	-0.4177208724765065	-0.02068722349062382	-0.41903119185830384	-0.2664174613751051	-0.32423159604473195	-0.4115539539278087	-0.02203868798129807	-0.3764991203166012	-0.16866965736465073	-0.4286005600807651	-0.38546470930968335	-0.0671279131581402	-0.3883537386353586	-0.18462180337561657	-0.05991396094694998	-0.5161998157544353	-0.19277688519407316	-0.28757661159645403	0.10152796417392763	-0.28916737434104683	-0.4645184805143004	-0.19804231222567537	-0.3097900279221713	0.00712230172556499	-0.33825120153317334	-0.07545033888537389	-0.06621004664878741	0.01983985780770741	-0.34035146465050403	-0.24435585094098863	-0.28956028359506625
GOBP_INHIBITORY_POSTSYNAPTIC_POTENTIAL	ABAT;ADORA2A;CHRNA4;DRD4;GLRA1;GRIK2;INSYN1;INSYN2A;NLGN2;NLGN3;NPAS4;NTSR1;RIMS1;RIMS2;UNC13B	17	-0.12414024143306736	-0.52446426290474	-0.586263114509677	-0.6329798489511552	-0.7754506771746227	-0.00158491569455032	-0.6234046343985109	0.3971789012356251	-0.7328509564895508	0.3308383228507922	0.4758165584123853	-0.20792667892998012	0.32645599045649876	-0.1262316444084415	0.25312861426540817	-0.2187113802251416	0.16783781860793445	-0.27822409263992687	-0.28159003419264506	0.01251989075852541	-0.4255450719443759	0.3401881798189754	-0.3554752171021215	0.33828256789510336	-0.04120529910995718	0.2807810296705995	0.26726562444664065	0.37172081314332417	-0.5325587285590765	0.21438724061931355	-0.389021516593202	-0.5458972794202397	-0.5617822071739017	-0.5642311556531312	0.4733016284014267	0.35152080176993594
GOBP_LEUKOCYTE_CELL_CELL_ADHESION	ADA;ADAM8;ADD2;ADORA2A;ADTRP;AGER;AIF1;AKT1;ALOX5;AMBRA1;ANXA1;AP3B1;AP3D1;APOA4;ARG1;ARG2;ASS1;B2M;BAD;BCL10;BCL6;BMP4;BMP7;BTN2A2;CARD11;CASP3;CAV1;CBFB;CBLB;CCDC88B;CCL19;CCL2;CCL21;CCL25;CCL28;CCL5;CCR2;CCR7;CD160;CD177;CD1D;CD209;CD24;CD27;CD274;CD276;CD28;CD300A;CD3E;CD4;CD40LG;CD44;CD46;CD47;CD5;CD55;CD6;CD70;CD74;CD80;CD81;CD83;CD86;CEACAM1;CEBPB;CERCAM;CHST2;CHST4;CLEC4G;CLEC4M;CLECL1;CORO1A;CR1;CRTAM;CSK;CTLA4;CTSG;CX3CR1;CXCL12;CYRIB;DHPS;DLG1;DLG5;DNAJA3;DOCK8;DPP4;DUSP10;DUSP22;DUSP3;EBI3;EFNB1;EFNB2;EFNB3;EGR3;ELANE;EPO;ERBB2;ETS1;EXT1;EZR;F11R;FADD;FCGR2B;FCHO1;FERMT3;FGL1;FGL2;FLOT2;FOXJ1;FOXO3;FOXP3;FUT4;FUT7;FUT9;FYN;GATA3;GCNT1;GFUS;GLI2;GLI3;GLMN;GOLPH3;GPAM;GPNMB;HAS2;HAVCR2;HES1;HFE;HHLA2;HLA-A;HLA-DMA;HLA-DMB;HLA-DOA;HLA-DOB;HLA-DPA1;HLA-DPB1;HLA-DQA1;HLA-DQA2;HLA-DQB1;HLA-DQB2;HLA-DRA;HLA-DRB1;HLA-DRB3;HLA-DRB4;HLA-DRB5;HLA-E;HLA-G;HLX;HMGB1;HSPD1;HSPH1;ICAM1;ICOS;ICOSLG;IDO1;IFNA2;IFNB1;IFNG;IFNL1;IGF1;IGF2;IGFBP2;IHH;IL10;IL12A;IL12B;IL12RB1;IL15;IL18;IL1A;IL1B;IL1RL2;IL2;IL20RB;IL21;IL23A;IL23R;IL27RA;IL2RA;IL36B;IL4;IL4I1;IL4R;IL6;IL6ST;IL7;IL7R;ILDR2;IRAK1;IRF1;ITCH;ITGA4;ITGA5;ITGAL;ITGB1;ITGB2;ITGB7;ITPKB;JAK2;JAK3;JAM2;KLF4;KLRC4-KLRK1;KLRK1;LAG3;LAPTM5;LAX1;LCK;LEF1;LEP;LGALS1;LGALS3;LGALS7B;LGALS9;LGALS9B;LGALS9C;LILRB1;LILRB2;LILRB4;LOXL3;LRRC32;LYN;MAD1L1;MADCAM1;MALT1;MAP3K8;MARCHF7;MDK;MIA3;MIR125A;MIR141;MIR146A;MIR181C;MIR21;MIR221;MIR222;MIR27A;MIR30B;MIR31;MIR92A1;MIRLET7E;MIRLET7G;MSN;MYB;NCK1;NCK2;NCKAP1L;NDFIP1;NFAT5;NFKBID;NFKBIZ;NKAP;NLRP3;NOD2;NR4A3;NRARP;NT5E;OLR1;PAG1;PAWR;PCK1;PDCD1LG2;PDE5A;PECAM1;PELI1;PIK3CA;PIK3R6;PLA2G2D;PLA2G2F;PNP;PODXL2;PPARA;PRDX2;PRKAR1A;PRKCQ;PRKCZ;PRNP;PTAFR;PTPN11;PTPN2;PTPN22;PTPN6;PTPRC;PYCARD;RAC2;RAG1;RAG2;RARA;RASAL3;RASGRP1;RC3H1;RC3H2;RELA;RHOA;RHOH;RIPK2;RIPOR2;ROCK1;RPS3;RUNX1;RUNX3;S100A8;S100A9;SART1;SASH3;SCGB1A1;SCRIB;SDC4;SELE;SELENOK;SELL;SELP;SELPLG;SEMA4D;SFTPD;SHH;SIRPA;SIRPB1;SIRPG;SKAP1;SLAMF1;SLC39A8;SLC7A1;SMAD7;SOCS1;SOCS5;SOCS6;SOX12;SOX13;SOX4;SPN;SPTA1;SRC;ST3GAL4;STAT5B;STK10;SYK;TARM1;TBX21;TESPA1;TFRC;TGFBR2;THY1;TIGIT;TMEM131L;TMIGD2;TNF;TNFAIP8L2;TNFRSF13C;TNFRSF14;TNFRSF21;TNFSF11;TNFSF13B;TNFSF14;TNFSF4;TNFSF9;TNIP1;TRAF6;TWSG1;TYK2;UMOD;VAV1;VCAM1;VNN1;VSIG4;VSIR;VTCN1;WNK1;XBP1;XCL1;YES1;ZAP70;ZBTB1;ZBTB16;ZBTB7B;ZC3H12A;ZC3H8;ZDHHC21;ZMIZ1;ZP3;ZP4	539	-0.21270862288830156	-0.08647182371823683	-0.34293897664253764	-0.3115421187064311	-0.11689221876637762	-0.4175568623084682	-0.1818469484758772	-0.4412183694739869	-0.33320113050761013	-0.4516079783885104	-0.5046953649156983	-0.11625147780827072	-0.4959887951001473	-0.24088371592962257	-0.5232731917359633	-0.4498935653045257	-0.34517320315005595	-0.5074039363549356	-0.2567086001456365	-0.3179606609539154	-0.460382775981572	-0.49208528423248615	-0.333324401866889	-0.35830109911995855	-0.3082303613479136	-0.5908232237094009	-0.2603150100825432	-0.4283037363459401	-0.14751211092608926	-0.485674330231309	-0.14694889998751068	-0.21713485978386624	-0.214298069666079	-0.33901943538443274	-0.3331623160156841	-0.42034457727433794
GOBP_MAINTENANCE_OF_POSTSYNAPTIC_SPECIALIZATION_STRUCTURE	ARF6;DLG1;DLG4;OPHN1;SHANK2;SYNGAP1	7	-0.4341211561710886	-0.3384346784878466	-0.4833557683592769	-0.6578852150027817	-0.5341355050867218	0.4197415859677598	-0.7037059851962731	0.10087223964275532	-0.5355447431166575	0.21042734223207435	-0.27240724963070745	-0.7441036014440304	0.0284488705854401	-0.3565187899160406	0.2405280562051285	0.00968734583523936	0.4072166199915811	-0.3267515687667337	-0.2875396001307611	-0.35143027417063943	-0.5666789319829328	0.5338697778857605	-0.4117206471516987	0.503770733945577	0.40759923806576903	-0.08504468083318506	0.0702420277377509	0.2776228223179006	-0.5184119056711748	0.3156790283693114	-0.7450685012180674	-0.4101702602705155	-0.786642348145793	-0.6525784936174713	0.3351671626902698	0.33284302809699945
GOBP_MODIFICATION_OF_POSTSYNAPTIC_ACTIN_CYTOSKELETON	BAIAP2;CTTNBP2;CYFIP1;PFN1;PFN2;RHOA;WASF1;WASF3	10	-0.1151822492788199	0.06597352694363645	-0.464081777644297	-0.6545196827497144	-0.1238906842334848	0.03752109777358325	-0.3997732034141781	-0.5145268445035251	-0.5849470372113504	0.1212379060335351	0.24629247456317105	-0.7216231935856593	-0.591078615207498	-0.16029130954976803	0.162272813691429	-0.5476970915470943	0.11819301081134964	-0.3978917218676952	-0.5277726587498526	-0.1146944218372694	-0.47158305769607406	0.32280662284106326	-0.21206920879220648	0.461399803761969	-0.2272423633805597	-0.3307213687463283	-0.6106089315510111	-0.1350714366189111	0.22538361428482273	-0.1734939590881467	-0.5619318728783164	-0.07085177921454905	-0.6851628067589185	-0.7882540051228191	0.3459828442260127	0.5613961588144954
GOBP_MODIFICATION_OF_POSTSYNAPTIC_STRUCTURE	ARHGAP44;BAIAP2;CAMKV;CDC42;CTTNBP2;CYFIP1;PFN1;PFN2;RHOA;STAU1;SYNPO;WASF1;WASF3	15	-0.01447534921710616	0.09897285822549484	-0.42873670843849826	-0.6796589640981325	-0.19546806254144017	0.0712578746939257	-0.4247638847005195	-0.31369943592742977	-0.4336460467619199	0.21177570276371732	0.2362610724311084	-0.7022272212262708	-0.3832021907985297	-0.2470412661373572	0.33211464129367996	-0.4911838778815899	0.3301432544904812	-0.13435923501322478	-0.5401168554828372	0.08952600496389618	-0.4507924166032963	0.4522465689843484	-0.4659397571883974	0.5709737227386378	-0.3092648130514612	-0.23615758594650055	-0.6495793854872075	-0.21846829986257	0.17700646853429478	0.01037192111395124	-0.6287776728932316	-0.17152580708066176	-0.7069916299707144	-0.7072802114837511	0.49357068891259015	0.6444228884282557
GOBP_MODULATION_OF_EXCITATORY_POSTSYNAPTIC_POTENTIAL	ADRB2;APP;BAIAP2;CBLN1;CELF4;CHRNA7;CUX2;DLG4;DMPK;DVL1;EIF4A3;GRIN1;IGSF11;LRRK2;MIR30B;MTMR2;NETO1;NLGN1;NLGN2;NLGN3;NLGN4X;NRXN1;PRKCZ;PTEN;PTK2B;RELN;RGS4;RIMS1;RIMS2;S1PR2;SHANK1;SHANK3;SLC8A2;SLC8A3;STX1A;STX1B;TMEM108;TMEM25;WNT7A	43	-0.20251657618943897	-0.3578737521913541	-0.4908293013818033	-0.6863146422718623	-0.5995331087045183	-0.01922751623865215	-0.5868161176506967	0.310862349376464	-0.641101728317533	0.4485973330973114	0.09379975341881956	-0.5182209105167321	-0.12583671885183362	-0.05190093013679753	0.4622231617807608	0.13506699008434842	0.4589655891633091	-0.1700536931378031	-0.16801855435976396	-0.28572914989227455	-0.5607396453519147	0.3643811348477831	-0.5138841890699511	0.3121051382938044	0.06609964501915758	0.16901636134480694	-0.2637527802549698	0.40627875595634994	-0.4910565653489603	0.2592151933551875	-0.5678227432102946	-0.4126596800631669	-0.6072456728805325	-0.5205619638745053	0.5048779099953127	0.4865022544096005
GOBP_NEGATIVE_REGULATION_OF_ADENYLATE_CYCLASE_ACTIVATING_ADRENERGIC_RECEPTOR_SIGNALING_PATHWAY	ARRDC3;ATP2B4;CRTC3;GNAI2;MIR133A1;PDE4B	6	0.7583618659549175	0.7985014927694628	-0.0093212386613625	0.04795337837122615	0.2840701092388435	0.07626155281404307	-0.1388306721672992	-0.7024502137425047	0.09084960868287811	-0.6893822220329138	-0.4723697082588704	-0.622229173183471	-0.01791524558977081	0.5784589719530949	-0.8209245612488356	-0.5523461757395833	0.18142978093735215	-0.3834022845504718	0.03060975211410072	0.5410071942446548	-0.7047776702768741	0.541677099951991	0.4858084591025309	0.4494423799348405	0.259711923371338	-0.6866574961449039	0.5826045123354068	-0.5814035410982831	0.17599819403116326	-0.1145508808986157	0.14591636461581017	0.4148011069395365	-0.7202469604717893	-0.71056198519486	-0.6162815214629296	-0.6594632358099534
GOBP_NEGATIVE_REGULATION_OF_CELL_ADHESION	ABAT;ABCA12;ABL1;ACER2;ACTN4;ACVRL1;ADAM10;ADAM15;ADAM22;ADAMDEC1;ADAMTS18;ADIPOQ;ADORA2A;ADTRP;AJAP1;AKNA;AKT1;ALOX12;ANGPT1;ANGPT2;ANXA1;AP1AR;APOA1;APOD;ARG1;ARG2;ARHGAP6;ARHGDIA;ARHGDIB;ARHGDIG;ASS1;ATP5F1B;B4GALNT2;BCAS3;BCL6;BMP2;BMP4;BMP6;BTN2A2;C1QTNF1;CASK;CASP3;CBFB;CBLB;CBLL1;CCL21;CCL25;CCL28;CD164;CD274;CD300A;CD74;CD80;CD86;CD9;CDH1;CDH13;CDKN2A;CDSN;CEACAM1;CEBPB;CLASP2;CLEC4G;COL1A1;CORO1C;CORO2B;CR1;CRTAM;CTLA4;CTSG;CX3CL1;CXCL12;CYP1B1;DAB1;DACT2;DLC1;DLG1;DLG5;DMTN;DSCAM;DUSP1;DUSP22;DUSP3;EFNA5;EPB41L5;EPCAM;EPHA4;EPHB2;ERBB2;ERBB3;FAM107A;FBLN1;FCGR2B;FGG;FGL1;FGL2;FOXJ1;FOXP3;FXYD5;FZD4;FZD7;GBP1;GCNT2;GLI3;GLMN;GPNMB;GTPBP4;HAVCR2;HFE;HLA-DRB1;HLA-G;HLX;HMGB1;HOXA7;HRG;IDO1;IFNA2;IFNB1;IFNL1;IHH;IL10;IL1RN;IL2;IL20RB;IL2RA;IL4;IL4I1;IL4R;ILDR2;IRF1;ITCH;ITGB1BP1;JAG1;JAK2;JAK3;JAM3;KANK1;KLF4;KNG1;LAG3;LAPTM5;LAX1;LGALS3;LGALS7B;LGALS9;LGALS9B;LGALS9C;LILRB1;LILRB2;LILRB4;LOXL3;LPXN;LRRC32;MAD1L1;MAD2L2;MAP2K5;MAP4K4;MAPK7;MARCHF7;MBP;MDK;MELTF;MEN1;METTL3;MIA3;MIR10A;MIR125A;MIR138-1;MIR141;MIR146A;MIR181C;MIR183;MIR192;MIR21;MIR221;MIR222;MIR27A;MIR29C;MIR30B;MIR31;MIR503;MIR675;MIR9-1;MIR92A1;MIR939;MIRLET7E;MIRLET7G;MMP12;MMP14;MMP2;MUC1;MUC21;MYADM;MYOC;NCKAP1L;NDFIP1;NEXMIF;NF1;NF2;NOTCH1;NOTCH4;NRARP;PAG1;PAWR;PDCD1LG2;PDE3B;PDE5A;PELI1;PHLDB2;PIK3R1;PLA2G2D;PLA2G2F;PLET1;PLG;PLXNA1;PLXNA2;PLXNA3;PLXNA4;PLXNB1;PLXNB2;PLXNB3;PLXNC1;PLXND1;PODXL;PPARA;PPM1F;PRDX2;PRKAR1A;PRKCD;PRKG1;PRNP;PTEN;PTK2;PTPN11;PTPN2;PTPN22;PTPN6;PTPRC;PTPRO;RAG2;RASA1;RC3H1;RC3H2;RCC2;RDX;RGCC;RHOA;RIPOR2;RND1;RUNX1;RUNX3;SCGB1A1;SCRIB;SDC4;SEMA3E;SEMA4D;SEMA5A;SEMA6A;SERPINE1;SERPINE2;SFTPD;SH2B3;SHH;SIPA1;SMAD7;SNAI2;SOCS1;SOCS5;SOCS6;SPI1;SPINT2;SPN;SPOCK1;SPRY4;SRC;SWAP70;TACSTD2;TARM1;TBCD;TBX21;TGFB1;TGFBI;THBS1;TIGIT;TMEM131L;TNFAIP8L2;TNFRSF14;TNFRSF21;TNFSF4;TNR;TRPV4;TWSG1;UBASH3B;VEGFA;VSIG4;VSIR;VTCN1;WNK1;WNT1;XCL1;YTHDF2;ZBTB7B;ZC3H12A;ZC3H8;ZNF703	372	0.00266879524023011	0.19241287663572224	-0.1910670676458716	-0.25071197081682084	0.09086168703350984	-0.24077246126393145	-0.12913863752480906	-0.389342171579414	-0.36297988477780696	-0.30653141915187676	-0.4034717587768374	-0.0299136758896856	-0.41207024121029967	-0.094771390413093	-0.33398228036538397	-0.31186496329747393	-0.06373196455864599	-0.3370764853356475	-0.1143749376142219	-0.20752780049907843	-0.4070734735522636	-0.32250371715863413	-0.28536137332529665	-0.08662841280117109	-0.13304208468073256	-0.4277562248926028	-0.1129973830455526	-0.31967813347677193	0.05261746258097713	-0.3965093061959491	-0.07732893206592373	-0.09653318425422824	-0.1433271229006147	-0.4343662555247682	-0.16590258408042874	-0.20015174063316987
GOBP_NEGATIVE_REGULATION_OF_CELL_ADHESION_MEDIATED_BY_INTEGRIN	ACER2;CYP1B1;HRG;JAM3;MUC1;NEXMIF;PDE3B;PTPN11;SERPINE1;SNAI2;SWAP70;WNK1	12	0.34931357726345635	0.5493160674429541	0.373743999439202	0.38290166983243695	0.4512218782301799	-0.3913627850433846	-0.07712210459939856	-0.4243435407362319	-0.24388975949052405	-0.43864893505539126	-0.3975496438713111	0.25323431134986574	0.1599564893065706	-0.07891166427356444	-0.426545775373273	-0.2165579845806991	-0.1082797557769984	0.01109586060670808	-0.05181541638464437	0.07965259197373209	-0.03552588027665343	-0.03126386344416099	-0.24420006962740015	0.04701661804885845	-0.3694614102473464	-0.49205502744700513	-0.06255231412709933	0.1313517824071912	0.513070019451727	-0.29458028556630855	0.1861772077681696	0.00504612819557093	0.05493268804176393	-0.4529137217225305	-0.3748362577035499	-0.46355394184212073
GOBP_NEGATIVE_REGULATION_OF_CELL_ADHESION_MOLECULE_PRODUCTION	APOA1;AQP4;CXCL8;MIR101-1;MIR1298;MIR146A;MIR206;MIR20A;MIR221;MIR222;MIR27B;MIR374A;MYOCD;NOTCH1;NOTCH4	21	-0.3729474874611984	0.17635248443867807	-0.5276109563067218	-0.6350784525838677	-0.3631580413918576	-0.5806402658462183	-0.4534056070851655	-0.7299069542602421	-0.5010914765949361	-0.20627198122728607	-0.8351968208432056	-0.43743106861997744	-0.6469700378225147	-0.509880783071018	-0.6177586875593115	-0.6211308489606969	-0.6983930345624215	-0.2767243370358913	-0.620111779535547	-0.6854092980741395	-0.5963121747369364	-0.12787151664183782	-0.6444753306814863	-0.568774724945736	-0.5749339566217833	-0.7434695192852372	-0.5842280563558755	-0.6703233308325591	-0.4097495941969712	-0.212198148143506	-0.2575613364740087	-0.4864269532244282	-0.4283350834072225	-0.5730725354209255	-0.6397279512993587	-0.6042499974499767
GOBP_NEGATIVE_REGULATION_OF_CELL_CELL_ADHESION	ABAT;ABCA12;ABL1;ADAMTS18;ADIPOQ;ADORA2A;ADTRP;AKNA;AKT1;ALOX12;ANXA1;APOA1;ARG1;ARG2;ASS1;B4GALNT2;BCL6;BMP2;BMP4;BMP6;BTN2A2;C1QTNF1;CASP3;CBFB;CBLB;CCL21;CCL25;CCL28;CD274;CD300A;CD74;CD80;CD86;CD9;CDH1;CDSN;CEACAM1;CEBPB;CLEC4G;CR1;CRTAM;CTLA4;CTSG;CXCL12;DLG1;DLG5;DUSP22;DUSP3;EPB41L5;EPCAM;ERBB2;FCGR2B;FGG;FGL1;FGL2;FOXJ1;FOXP3;FXYD5;GLI3;GLMN;GPNMB;GTPBP4;HAVCR2;HFE;HLA-DRB1;HLA-G;HLX;HMGB1;IDO1;IFNA2;IFNB1;IFNL1;IHH;IL10;IL1RN;IL2;IL20RB;IL2RA;IL4;IL4I1;IL4R;ILDR2;IRF1;ITCH;JAG1;JAK2;JAK3;KLF4;LAG3;LAPTM5;LAX1;LGALS3;LGALS7B;LGALS9;LGALS9B;LGALS9C;LILRB1;LILRB2;LILRB4;LOXL3;LRRC32;MAD1L1;MAD2L2;MAP2K5;MAPK7;MARCHF7;MBP;MDK;METTL3;MIA3;MIR125A;MIR141;MIR146A;MIR181C;MIR21;MIR221;MIR222;MIR27A;MIR30B;MIR31;MIRLET7E;MIRLET7G;MUC21;MYADM;NCKAP1L;NDFIP1;NEXMIF;NF2;NOTCH1;NOTCH4;NRARP;PAG1;PAWR;PDCD1LG2;PDE5A;PELI1;PLA2G2D;PLA2G2F;PLG;PODXL;PPARA;PPM1F;PRDX2;PRKAR1A;PRKCD;PRKG1;PRNP;PTK2;PTPN2;PTPN22;PTPN6;RAG2;RC3H1;RC3H2;RDX;RGCC;RIPOR2;RUNX1;RUNX3;SCGB1A1;SCRIB;SDC4;SERPINE2;SFTPD;SH2B3;SHH;SMAD7;SOCS1;SOCS5;SOCS6;SPI1;SPINT2;SPN;SWAP70;TARM1;TBX21;TGFB1;TIGIT;TMEM131L;TNFAIP8L2;TNFRSF14;TNFRSF21;TNFSF4;TNR;TRPV4;TWSG1;UBASH3B;VEGFA;VSIG4;VSIR;VTCN1;WNK1;WNT1;XCL1;YTHDF2;ZBTB7B;ZC3H12A;ZC3H8;ZNF703	257	-0.06326902073826615	0.1582703232502254	-0.24131296943487368	-0.23452356310906536	0.08253146482951126	-0.2824808486372031	-0.19422196491145272	-0.3531769492467267	-0.2947751307717184	-0.3285200817929981	-0.4619712966241726	-0.08587294143099147	-0.4209197091813959	-0.13201434384569244	-0.43565020287163064	-0.3651204809419798	-0.15624902342120883	-0.43227039161736064	-0.13174557748310353	-0.2840569543583391	-0.45614596912165617	-0.38512668344358375	-0.31963903106816327	-0.1860807397562559	-0.22109291154828536	-0.4573447647568952	-0.12008610610239248	-0.3697244638868493	-0.01195547738407717	-0.4354227737806812	-0.01142297529554731	-0.10681695353469713	-0.1418777316802007	-0.3864585088995818	-0.23913860305264456	-0.3029355746900607
GOBP_NEGATIVE_REGULATION_OF_CELL_CELL_ADHESION_MEDIATED_BY_CADHERIN	BMP6;EPCAM;MAD2L2;NEXMIF;NOTCH1;NOTCH4;PLG;PPM1F;RGCC;VEGFA	16	-0.5291405006017846	0.03860392775644944	-0.28382266454590727	-0.5811566237875274	-0.3143680553966923	-0.24210877987175383	-0.5255439584877769	-0.5751197517669505	-0.4206559453995464	-0.24949259261383316	-0.6513302396525136	-0.12813298830162995	-0.5117106136429943	-0.2987883348480886	-0.48902544048207586	-0.5458093890428032	-0.23681136944174103	-0.3910148359369399	-0.3135127804886694	-0.3347490758556899	-0.5588643127999107	-0.25202885342891823	-0.4752126775020974	-0.4618974152875753	-0.3771820770158777	-0.358932075196787	-0.21778302061853255	-0.30767109960412076	-0.20125523325982744	-0.4523318544115585	-0.35892417915295277	-0.5875397937966538	-0.5993698546314057	-0.638905378371123	-0.4484188625904395	-0.16538118870994625
GOBP_NEGATIVE_REGULATION_OF_EXCITATORY_POSTSYNAPTIC_POTENTIAL	CBLN1;CELF4;EIF4A3;LRRK2;MIR30B;MTMR2;NLGN4X;PTEN;S1PR2;TMEM25	11	0.14109058507352196	0.07536117486903857	-0.4291713273138719	-0.5307500704771762	-0.12178784663543424	0.21267403329953743	-0.356570731313103	-0.5455484558220144	-0.6459386770020463	0.1883823232494308	-0.40057993763949273	-0.6245976191122197	-0.6995454809831304	0.1984715328984929	0.37395845291834234	0.35219560546674766	0.3928050135694739	0.12586445547026015	0.3035331172699816	0.08877973607902237	-0.32064770282379784	-0.06395581590305918	-0.40217403364109344	0.23487681009911665	0.4033178635806432	-0.2359217877408902	-0.3529002219286714	0.0516615420988617	-0.200111642380782	-0.281865747069295	-0.6761264066027914	-0.34150896346236503	-0.7289491112390709	-0.609244151544475	0.4034796335160342	0.4203314543617422
GOBP_NEGATIVE_REGULATION_OF_HOMOTYPIC_CELL_CELL_ADHESION	ABAT;ADAMTS18;ALOX12;C1QTNF1;CD9;CEACAM1;FGG;PRKCD;PRKG1;RDX;SERPINE2;SH2B3;UBASH3B;ZNF703	14	0.11661437040459333	0.3350092734770871	-0.1310920765781493	-0.40461895231249045	0.01772331381675346	-0.12749011423769796	0.14649195429159617	-0.07781771475096616	-0.236718394014219	-0.08789725295158127	-0.5270833637877024	-0.21294604591898644	0.13029372391382196	0.1969245248128321	-0.3104845780931026	-0.05446422871353124	0.3298306091211667	-0.5009148976951832	0.10878854212391573	-0.08456321420052393	-0.6848919961633105	0.33213659783212335	-0.2624937830567263	0.24548291748265416	0.063821197327374235	0.18978186183730875	0.24200728697756613	0.16861171334620773	-0.11582809937068106	-0.0814814601832951	0.36212670748971487	0.05662237885163104	0.0956253615561185	-0.3393563325925423	-0.09422092773516531	-0.00875800670851958
GOBP_NEGATIVE_REGULATION_OF_LEUKOCYTE_CELL_CELL_ADHESION	ADORA2A;ADTRP;AKT1;ANXA1;ARG1;ARG2;ASS1;BCL6;BMP4;BTN2A2;CASP3;CBFB;CBLB;CCL21;CCL25;CCL28;CD274;CD300A;CD74;CD80;CD86;CEACAM1;CEBPB;CLEC4G;CR1;CRTAM;CTLA4;CTSG;CXCL12;DLG1;DLG5;DUSP22;DUSP3;ERBB2;FCGR2B;FGL1;FGL2;FOXJ1;FOXP3;GLI3;GLMN;GPNMB;HAVCR2;HFE;HLA-DRB1;HLA-G;HLX;HMGB1;IDO1;IFNA2;IFNB1;IFNL1;IHH;IL10;IL2;IL20RB;IL2RA;IL4;IL4I1;IL4R;ILDR2;IRF1;ITCH;JAK3;KLF4;LAG3;LAPTM5;LAX1;LGALS3;LGALS7B;LGALS9;LGALS9B;LGALS9C;LILRB1;LILRB2;LILRB4;LOXL3;LRRC32;MAD1L1;MARCHF7;MDK;MIA3;MIR125A;MIR141;MIR146A;MIR181C;MIR21;MIR221;MIR222;MIR27A;MIR30B;MIR31;MIRLET7E;MIRLET7G;NCKAP1L;NDFIP1;NRARP;PAG1;PAWR;PDCD1LG2;PDE5A;PELI1;PLA2G2D;PLA2G2F;PPARA;PRDX2;PRKAR1A;PRNP;PTPN2;PTPN22;PTPN6;RAG2;RC3H1;RC3H2;RIPOR2;RUNX1;RUNX3;SCGB1A1;SCRIB;SDC4;SFTPD;SHH;SMAD7;SOCS1;SOCS5;SOCS6;SPN;TARM1;TBX21;TIGIT;TMEM131L;TNFAIP8L2;TNFRSF14;TNFRSF21;TNFSF4;TWSG1;VSIG4;VSIR;VTCN1;WNK1;XCL1;ZBTB7B;ZC3H12A;ZC3H8	185	-0.07177240618772962	0.14005983542733402	-0.2673015905389273	-0.14999298049082174	0.0798278015355865	-0.29972194624264736	-0.1592266435219243	-0.3071773217521648	-0.2976707283476048	-0.3556270370035194	-0.4513554955758967	-0.0951476556158354	-0.4597750421000936	-0.1484982244749677	-0.4907413415837969	-0.39212523359099666	-0.21290611135995055	-0.44659079103613447	-0.10658153225325288	-0.3080016049816908	-0.41054397563607814	-0.4422222664748187	-0.31202937444486917	-0.2227075020350588	-0.1975049477930957	-0.4967284775233033	-0.14165352172616102	-0.3988547263360761	0.0370938367665509	-0.4649410831286808	0.00886391666032604	-0.10350615879508338	-0.1238168896991837	-0.33836014288614835	-0.2337835425172838	-0.340150381558978
GOBP_NEGATIVE_REGULATION_OF_NEUROTRANSMITTER_SECRETION	ASIC1;FMR1;NF1;PNKD;PRKN;RAP1A;RAP1B;RAP1BL;SLC30A1;SYT11;SYT4	11	0.20542499920458335	0.4200580411081069	-0.02126849888684739	-0.19075657345014144	-0.03680568486710611	0.3907260164381466	-0.4366847797947781	-0.32542113951100304	-0.5393647976188922	0.326016147851742	-0.03699221396813879	-0.6918697097337119	-0.3627714766630209	-0.3835137218879312	0.25452181721469674	0.4597788588324116	0.5137167413366928	-0.08866351043918633	-0.13024450831690113	0.27015931572048907	-0.5722088601211126	0.2844010926376951	-0.6084887610083468	0.761255435921572	0.3004541662827458	-0.2543888058235828	-0.14045854751772238	0.07198503400374551	0.2611287258709017	0.02483754886836511	-0.5816625710590813	0.2638167439453118	-0.6281920711428994	-0.6311164327571492	0.2101723650266691	0.5046538169387266
GOBP_NEGATIVE_REGULATION_OF_NEUROTRANSMITTER_TRANSPORT	ASIC1;FMR1;GPM6B;NF1;NOS1;PNKD;PRKN;RAP1A;RAP1B;RAP1BL;SLC30A1;SNCA;SYT11;SYT4	14	0.08315497951102249	0.3885250081680672	0.01466538936657896	-0.28524099262376057	-0.31412544509225016	0.3552364347834429	-0.5316206547486109	-0.21106626393246564	-0.6177390420639007	0.26971339743922607	0.1158492136275186	-0.670548259843741	-0.1961666482547232	-0.5353121430797545	0.2972532446663336	0.3949492927852542	0.4719640071602899	-0.3683276505644424	-0.17110264354261806	0.3980714470428262	-0.5697093629707006	0.43569849535081984	-0.5336918574245412	0.7544494347773946	0.4445970397842067	-0.21378445547622585	-0.27171932385837505	0.07525960155763173	0.1742242401401942	0.2409030705249791	-0.5069416464782786	0.3752311813807901	-0.5555111524333215	-0.586365410338185	0.3659944599590261	0.5815594681131075
GOBP_NEGATIVE_REGULATION_OF_SYNAPTIC_TRANSMISSION_GABAERGIC	ADORA1;CNR2;HTR1B;NPY5R;SLC6A1;STXBP1	6	-0.1297525535070156	0.26749411392472305	-0.5402942211184851	-0.7727155387712938	-0.525688509432711	-0.24534808047944676	-0.13513297202425667	0.2371858601767204	-0.7671000273225366	0.6193764410290566	0.26364213284596594	-0.1702179477465145	0.1864197677791387	-0.2971799248399034	0.7358965084153392	-0.39780158478264827	0.565827847017984	-0.4105438649735047	-0.12311063932713352	-0.23703920074540755	-0.4502882764442656	0.3910141567568137	-0.366722280516334	0.6898014204249698	-0.04961542136255914	0.5408739543721981	-0.21412941122261092	0.5881052675482397	-0.6151392128097928	0.4487886606839506	-0.6306278528598844	-0.2835490336448362	-0.1285531540814136	-0.09576460031901755	0.7811847420130335	0.7253582650044849
GOBP_NEGATIVE_REGULATION_OF_SYNAPTIC_TRANSMISSION_GLUTAMATERGIC	ADORA1;ATAD1;DRD2;DRD3;GRIK2;GRIK3;HTR1B;HTR2A;PLA2G6	10	-0.162039614844463	-0.36644306964327017	-0.22391862151872471	-0.5454584757918596	-0.6460833743595213	-0.15749932912360898	-0.39018700001135337	-0.20672944765890233	-0.6321961894869194	0.13339874832712806	-0.2030254274404224	-0.2340621498491926	-0.1172356448887616	0.11103626806431267	0.418657747210728	-0.2730021002752919	0.43605899957357575	-0.09521649212725894	0.46225500252951857	-0.14961304706023823	-0.3867509144194999	0.3357559894255545	-0.12183696311139572	0.16626056972946662	-0.2835392951945458	0.20820561990926975	0.21774953178338985	0.5964863454474001	-0.7471375985788953	-0.05167804136991247	-0.4264061207141734	-0.5289723194380586	-0.3927149494245036	-0.5776433785190067	0.3203083812361189	0.3389332834083848
GOBP_NEGATIVE_REGULATION_OF_SYNAPTIC_VESICLE_EXOCYTOSIS	FMR1;RAP1A;RAP1B;RAP1BL;SYT4	5	0.6476899468453917	0.2877868694110632	0.1728196426979993	0.06875229781316172	0.3561048256906929	0.4563969322697658	-0.0630294417194373	-0.3661004186917846	-0.33726978689832676	-0.3045011829229708	-0.5291392072262247	-0.7575211157731875	-0.4443247945354401	-0.5284329058489925	-0.09461112424520236	0.5391260182384171	0.4029023373265828	0.06459589027973903	-0.43666957983186694	0.0786462934157125	-0.23291852547419575	0.5390404782729774	-0.48607042983385257	0.7914086122406446	0.12493771017043576	-0.7169032307304019	-0.4489422231323956	-0.5775690660987343	0.7306227061499351	0.08311959128340354	-0.6177040975916116	0.2955465528080028	-0.331185260170985	-0.5092815244869324	-0.2907935271914801	0.2831200326005002
GOBP_NEURON_CELL_CELL_ADHESION	ASTN1;ASTN2;CDK5R1;CEL;CNTN4;NCAM2;NINJ2;NLGN1;NLGN2;NLGN3;NLGN4X;NLGN4Y;NRXN1;NRXN2;NRXN3;RET;TNR	18	0.02565116154316785	0.134812911800722	-0.6641346979797628	-0.6222448221545417	-0.7100667507407747	0.2518592540194809	-0.4939211070716237	0.19988994083975012	-0.7066297311599984	0.29027467882033725	0.5923578124198271	-0.6495284738536561	-0.15871106768807472	-0.07850167301540414	0.4865690378900404	0.35119170639183694	0.3863724323247081	-0.27453944663463425	0.06876752954421159	0.09741604643633138	-0.6313932450498579	0.5002858897693647	0.07666013418536888	0.48820273418843474	0.4333743088245669	0.3326681864742554	0.22364786452622232	0.40021790986684735	-0.40794784630207936	0.16729430937944548	-0.5711341056711281	-0.24711304027017655	-0.508253764190835	-0.6752140280726611	0.47967933317461087	0.5800601731462631
GOBP_NEUROTRANSMITTER_BIOSYNTHETIC_PROCESS	ALDH9A1;CHAT;DAGLA;DAGLB;DBH;GAD1;GAD2;MOXD1;MOXD2P;NOS1;PAH;SLC44A4;SLC5A7;TH	22	-0.3275212330114799	-0.4197276630268321	-0.5899262999711155	-0.06240408628728411	-0.4228738139779136	-0.5090824933989261	-0.5328159255929351	-0.12716969023855756	-0.4375139782652751	-0.07253599886491882	0.00637098916948908	-0.36317925019730185	-0.15311475167890257	-0.33312778642140095	0.27914114315849026	-0.5804726994723747	-0.2046816375580307	-0.42817684861782024	-0.4902193529667459	-0.542251365341149	-0.48478171319922303	-0.00244239082306324	-0.48383487052711327	-0.00935849667466837	-0.5376746020173565	-0.40675962516315706	-0.40565222313983146	-0.33611494477424525	-0.21780499123234484	0.18333965998293317	0.08164670225156664	-0.17354559162746414	-0.4545551793161454	-0.21597687906198884	0.5913130246377201	0.5040801026261216
GOBP_NEUROTRANSMITTER_CATABOLIC_PROCESS	ABAT;ACHE;ALDH5A1;BCHE;COLQ;COMT;HNMT;LRTOMT;MAOA;MAOB;PRIMA1	12	0.3413052722798989	0.03515436187041254	-0.4013858910086081	0.08212981472742528	-0.4268678752738321	-0.3363264546929257	-0.5208738969585165	-0.03858670218456384	-0.11520494425706485	0.116639545055409	-0.07389329291312977	-0.7319634292573935	-0.20898989792203815	-0.160410810166993	-0.07883866897457903	-0.18451087260117513	0.02217525682854318	-0.6601181337205682	-0.09237134793144965	0.25186081824622086	-0.6481863337563571	0.3169689358423211	-0.04171041708130202	0.30741662242277584	0.188061135245743	-0.28351411264469895	0.24524124473697376	0.287612135273295	-0.18890182119292348	0.2483940422873244	0.34454042717380656	-0.15289090770301753	-0.16959810305367137	-0.6191571288457021	0.02958736742740819	-0.06472547278369223
GOBP_NEUROTRANSMITTER_GATED_ION_CHANNEL_CLUSTERING	APOE;DLG4;GLRB;GPHN;LHFPL4;NLGN1;NLGN2;RELN;SHANK3;SHISA6;SHISA7;SLC7A11;SLITRK3;ZDHHC2	15	0.1251323391131333	-0.28874471691145165	-0.4647359434273205	-0.6767137126693266	-0.7154244200487418	0.3380903242959984	-0.658648308353121	0.30719684246574497	-0.7720931184368508	0.4711092180971602	0.28459209046973455	-0.24636452069748752	-0.13076350879078788	0.04285472740927323	0.4870374074522038	0.3840992548324654	0.5033532632751581	-0.3083864303396482	-0.2194973324791335	-0.06242785453398111	-0.6950366831299394	0.4489816978035131	-0.5020345831330715	0.2857438329819707	0.157681095755977	0.3395033908458882	0.3037388474904913	0.42384117809747646	-0.5416614972469153	0.2503686073452682	-0.2400152122357468	-0.5706307109536124	-0.6414920343677566	-0.6492361581284156	0.5041757733075328	0.5447166217993398
GOBP_NEUROTRANSMITTER_LOADING_INTO_SYNAPTIC_VESICLE	DDC;SLC17A6;SLC17A7;SLC17A8;SLC18A1;SLC18A2;SLC32A1;TH	8	-0.10116328728208825	-0.03052891510645325	0.236118779594737	-0.02607711876246021	-0.5572725409693271	0.3425865364126745	-0.2532645588631977	0.42984326350907864	-0.3799828105322023	-0.17954444432404135	0.29399588047035907	-0.2983105801212466	-0.2637006344589123	-0.23902163689773373	0.3260894589662521	-0.5401868775420253	-0.16792962712099252	0.435241421690584	-0.408270713652234	-0.34480790611395784	0.05826318455827262	0.2295833016861737	-0.41584341794040897	0.14954646025160742	-0.3586756314702335	-0.3403814092433416	0.49860829916052407	-0.4833888025042115	0.14065026702393735	0.29016160603510993	0.08814115950012705	-0.49324619722180774	-0.16572322526756972	0.16162749910497065	0.6838383864137135	0.5351048533496938
GOBP_NEUROTRANSMITTER_METABOLIC_PROCESS	ABAT;ACHE;AGTPBP1;ALDH5A1;ALDH9A1;BCHE;CHAT;CLN3;COLQ;COMT;DAGLA;DAGLB;DBH;GAD1;GAD2;GCHFR;HNMT;LRTOMT;MAOA;MAOB;MOXD1;MOXD2P;NOS1;PAH;PRIMA1;SLC44A4;SLC5A7;TH	37	-0.08245689208009058	-0.2256488798194014	-0.45531847397348574	-0.12566510192874286	-0.3801735628887388	-0.41298913670853094	-0.5003032851437289	-0.07126203838068923	-0.2485980089090067	-0.0029966821816991	-0.0346398908848933	-0.5023449167574247	-0.20149330233581705	-0.3439519556006636	0.07374888785197409	-0.3902802876939306	-0.10700528594943262	-0.5552547001930751	-0.4077696898312572	-0.19268942317521415	-0.4907781429570772	0.18003021357495275	-0.3192622187305826	0.11259957798095575	-0.4030514073411502	-0.3796284378425156	-0.11208994606589263	-0.1723090507806865	-0.11180099315063556	0.2107771233533284	0.1781803596134564	-0.12741800574596265	-0.30898115839546664	-0.369761643399169	0.37361615313409513	0.24431974127825035
GOBP_NEUROTRANSMITTER_RECEPTOR_INTERNALIZATION	ARC;CACNG2;CACNG3;CACNG4;CACNG5;CACNG7;CACNG8;CALY;DNM3;DRD3;DRD4;EFNB2;GSG1L;HPCA;ITGB3;NUMB;OPHN1;SCRIB;SNAP25	21	0.03387983340268011	-0.07870705681408913	-0.47360076434532433	-0.7459274754252646	-0.7647729679336313	0.00970107493348049	-0.1807350547621714	0.2691584808570171	-0.5716073483934682	0.2225768729807916	0.02242101723132183	-0.22666430184633576	0.14361712319674844	-0.05009555720645181	0.43067683334238394	-0.09431075043166975	0.19169470251831927	-0.32402887051850643	-0.12022398706755703	-0.49401579000749224	-0.43906098041838426	0.3910542227910715	-0.15287762578289107	0.32315328497970053	-0.1290064575077549	0.27115896544225326	-0.12975207935677188	0.24621966401667827	-0.496298349146482	-0.01870882134240695	-0.4825278420715554	-0.3690182510321881	-0.5428529404033502	-0.49059730577313465	0.37297404534461487	0.2535517696724831
GOBP_NEUROTRANSMITTER_RECEPTOR_LOCALIZATION_TO_POSTSYNAPTIC_SPECIALIZATION_MEMBRANE	ADAM10;CACNG2;CACNG3;CACNG7;DAG1;DLG1;DLG4;GHSR;GPC4;GPC6;HRAS;IQSEC2;LGI1;NPTX1;PRKCZ;RAP1A	17	-0.00613300015008655	-0.20229286292090817	-0.3624852280819305	-0.3820041918273622	-0.3729063056376187	0.1665009714534973	-0.635945488209026	0.16098444625243533	-0.5138027731708091	0.35784983998545006	0.02904323140328191	-0.36801828874987863	0.11250181204438923	-0.5786129764903817	0.3804356984869338	0.17997901791103932	0.5248200525111666	-0.46595462026535617	-0.4814432080913606	-0.04891281481363532	-0.5907277388957637	0.4302683457468308	-0.5234297858081685	0.5672586435457626	0.00824177576519547	0.01360048751643114	0.07029739047216044	0.1975963005974085	-0.4196428544066806	0.1966607787189693	-0.35771492843460856	-0.09340708433490531	-0.530381674630709	-0.49157776053325936	0.3938639139425412	0.5451710234867606
GOBP_NEUROTRANSMITTER_RECEPTOR_TRANSPORT	AP3D1;ARHGAP44;CACNG2;CACNG3;CACNG4;CACNG5;CACNG7;CACNG8;CLSTN1;CPLX1;GRIP1;GRIP2;GRIPAP1;HIP1;NSG1;RAB11A;RAB8A;SCRIB;SLC1A1;SNAP25;STX1B;STX3;TAMALIN;VPS35	25	-0.04225235556812706	0.0045834833740127	-0.5028234743272474	-0.680049358928016	-0.6540565517583306	0.2767983681963898	-0.4530349052055953	0.25445775734064824	-0.5466122777838183	0.3624204897159159	0.10979696767442812	-0.4607870717436339	-0.02512419607129423	-0.1629012826356989	0.5783492810205957	0.00812642010094202	0.6193600576257946	-0.0900282317056702	-0.09524959215543408	-0.12714818454670213	-0.550550900887475	0.28934156876937694	-0.3497084144093472	0.5679235154076261	0.13441431410301002	0.34793741873946166	-0.1703212118259475	0.206655726811724	-0.3917766648101276	0.01303854922106054	-0.6794912666883364	-0.43716516026011576	-0.4413646898387307	-0.5622164114562723	0.553972151698557	0.5328964707879634
GOBP_NEUROTRANSMITTER_RECEPTOR_TRANSPORT_ENDOSOME_TO_POSTSYNAPTIC_MEMBRANE	ARHGAP44;GRIP1;GRIP2;GRIPAP1;NSG1;RAB11A;RAB8A;SCRIB;TAMALIN;VPS35	11	-0.1986379495763836	0.01035519878013352	-0.506368184772298	-0.5562620128391423	-0.5358029274201228	-0.1755526045743618	-0.6587075193371718	0.03573463729591925	-0.29112459764198306	0.2703424628011006	-0.1985285986411313	-0.363476286011338	-0.27350407376337355	-0.03135484238221067	0.5390034902968591	-0.26838814797419797	0.6174399673999974	0.215934324489828	-0.08563296484027738	-0.13555675989155222	-0.5426945031300568	0.01992720715161153	-0.2280954729457899	0.4916581348758532	0.07670471937889728	0.14491714694808286	-0.4923531360914313	0.04508046145343569	-0.03257716020347723	-0.2643279976415881	-0.616401437666986	-0.53247786975288	-0.4930612429764238	-0.6975977860461453	0.4782442608101591	0.2815276890248085
GOBP_NEUROTRANSMITTER_RECEPTOR_TRANSPORT_POSTSYNAPTIC_ENDOSOME_TO_LYSOSOME	AP3D1;CACNG2;CACNG3;CACNG4;CACNG5;CACNG7;CACNG8	7	0.24447178938204192	-0.05017703617015967	-0.4909231272982598	-0.771463724898456	-0.8503015202834947	0.5295870160381666	-0.07894461901022398	0.424581798905583	-0.569281435110984	0.4838297394411075	0.25732003106690426	-0.5561475296883311	0.13450821806244712	-0.27289733081811235	0.6712963105223733	-0.08537980817019802	0.5139222800065786	-0.00850975262602943	-0.0409369407182775	-0.6065497723843755	-0.6752011844523984	0.6261756303044669	-0.285334180342685	0.5708494411205322	-0.0773722081289469	0.5814513439601254	-0.01201684363283453	0.4713043950338047	-0.6033241589406092	0.13123056302795982	-0.6729088899557547	-0.33075048540763285	-0.6048630951143779	-0.4747668292733425	0.669731195011883	0.7674614550065655
GOBP_NEUROTRANSMITTER_RECEPTOR_TRANSPORT_TO_PLASMA_MEMBRANE	ARHGAP44;CLSTN1;CPLX1;GRIP1;GRIP2;GRIPAP1;NSG1;RAB11A;RAB8A;SCRIB;SLC1A1;SNAP25;STX1B;STX3;TAMALIN;VPS35	17	-0.2628555296662116	-0.01249931068916535	-0.4628460864509757	-0.6331351412988095	-0.5739826752821587	0.14074816205426713	-0.5820315443629633	0.2672783790321943	-0.4747204496349392	0.3554158301240501	0.0639958438796912	-0.4709557973709153	-0.15693500916404293	-0.19382122631118368	0.6258421130761873	-0.01766140353546741	0.66178367058091	-0.06939934740215364	-0.19584619323150865	0.08469960898998366	-0.5417139052420887	0.07645393140052681	-0.35850544576701315	0.5548645587103145	0.16478584508559513	0.3489789906530746	-0.3492673276969666	0.14209922171017625	-0.2747140090366379	-0.06426894412550513	-0.6590277948067379	-0.5989576216973642	-0.5373609375594183	-0.6094656976756455	0.5801894893484536	0.46113023460410113
GOBP_NEUROTRANSMITTER_REUPTAKE	ATP1A2;CLN8;DRD1;DRD2;DRD3;DRD4;GDNF;GPM6B;ITGB1;ITGB3;KCNJ10;NOS1;PARK7;PER2;PRKN;RAB3B;SLC18A1;SLC18A2;SLC1A2;SLC1A7;SLC22A1;SLC22A2;SLC22A3;SLC29A1;SLC29A2;SLC29A4;SLC6A1;SLC6A11;SLC6A12;SLC6A13;SLC6A2;SLC6A3;SLC6A4;SNCA;TOR1A	38	-0.05168189033250264	-0.02285958882408151	-0.1335573491573205	-0.35909976868751914	-0.40463311383338585	-0.17998445550269487	-0.2110960145328945	0.0853938367286286	-0.4446582154317448	-0.04167804826180971	-0.21283778259636776	-0.17025642530363636	-0.2158548332632758	-0.1672712556297139	0.09534057904028986	-0.35751025053227303	0.185026526091344	-0.3709456733491184	-0.30281127222332965	-0.21278210902097883	-0.3620397399358778	0.20774049631007752	-0.42365333294008634	0.1499798171910511	-0.328593116791594	-0.2849490435509767	0.09485141551647946	0.2289999337886954	-0.2809362211913763	-0.2311231117326487	0.07205628740231895	-0.1002282451008853	-0.4522861664949035	-0.26553638627111503	0.45094388332652213	0.299435423249373
GOBP_NEUROTRANSMITTER_SECRETION	ADCY1;ADORA2A;ADORA2B;ADRA1A;ADRA2A;APBA1;ASIC1;ATP2A2;BACE1;BAIAP3;BLOC1S6;BRSK1;CACNB2;CADPS;CADPS2;CALM3;CAMK2A;CASK;CDK5;CHRNA3;CHRNA5;CHRNA6;CHRNB3;CHRNB4;CNR1;CPLX1;CPLX2;CPLX3;CPLX4;CSPG5;CTBP2;DNAJC5;DOC2A;DOC2B;DRD1;DRD2;DTNBP1;DVL1;ERC2;FBXL20;FMR1;GIPC1;GIT1;GPER1;GRIK5;GRIN3A;GRM4;GSK3B;HCRT;HRH3;HTR1B;HTR2A;KCNMB4;KMO;LIN7A;LIN7B;LIN7C;LRRK2;MCTP1;MCTP2;MEF2C;NAPA;NAPB;NF1;NLGN1;NR4A1;NRXN1;NRXN2;OTOF;P2RX1;P2RX7;P2RY1;P2RY4;PCLO;PDZD11;PFN2;PIP5K1C;PNKD;PPFIA3;PPT1;PREPL;PRKCB;PRKCG;PRKN;PRRT2;PSEN1;PTPRN2;RAB3A;RAB3GAP1;RAB5A;RAP1A;RAP1B;RAP1BL;RIMS1;RIMS2;RIMS3;RIMS4;RPH3A;SCRIB;SEPTIN5;SLC30A1;SLC32A1;SLC4A8;SNAP23;SNAP25;SNAP29;SNAP47;SNAPIN;SNCA;SNCAIP;SNCG;SNPH;STX11;STX19;STX1A;STX1B;STX2;STX3;STX4;STXBP1;STXBP2;STXBP3;STXBP5;SV2A;SYN1;SYN2;SYN3;SYNJ1;SYP;SYT1;SYT10;SYT11;SYT12;SYT2;SYT4;SYT5;SYT7;SYT8;SYT9;TACR2;UNC13A;UNC13B;UNC13C;VAMP2;VPS18;WNT7A	152	-0.26895715635156126	-0.189450837401409	-0.4036045930245837	-0.5204679899533691	-0.4919013271234262	0.15666772477504146	-0.5368703348245439	0.3696334477438099	-0.5806668530677076	0.38758395939544665	0.21759581574995615	-0.515964884892407	0.19385989444003277	-0.4104940929459924	0.48359052919135415	0.14312493920456232	0.46644579092727245	-0.29335622414673734	-0.3509750925983818	0.00395412369873715	-0.4801239777750712	0.4295444885009555	-0.4835692721621623	0.46418816049652895	0.04619692322304108	0.20530190394429165	0.08874496298001809	0.2637204383482791	-0.3196573699526007	0.3558710611036975	-0.5056229032953279	-0.37821945722228545	-0.5040166784804598	-0.4941314377293869	0.5501955659338684	0.521394874269838
GOBP_NEUROTRANSMITTER_TRANSPORT	ADCY1;ADORA2A;ADORA2B;ADRA1A;ADRA2A;APBA1;ASIC1;ATP1A2;ATP2A2;BACE1;BAIAP3;BLOC1S6;BRSK1;CACNB2;CADPS;CADPS2;CALM3;CAMK2A;CASK;CDK5;CHAT;CHRNA3;CHRNA5;CHRNA6;CHRNB3;CHRNB4;CLN8;CNR1;CPLX1;CPLX2;CPLX3;CPLX4;CSPG5;CTBP2;DDC;DNAJC5;DOC2A;DOC2B;DRD1;DRD2;DRD3;DRD4;DTNBP1;DVL1;ERC2;FBXL20;FLOT1;FMR1;GABRA2;GABRQ;GDNF;GFAP;GIPC1;GIT1;GPER1;GPM6B;GRIK5;GRIN3A;GRM4;GSK3B;HCRT;HRH3;HTR1B;HTR2A;ICA1;ITGB1;ITGB3;KCNJ10;KCNMB4;KMO;LIN7A;LIN7B;LIN7C;LRRK2;MCTP1;MCTP2;MEF2C;NAPA;NAPB;NF1;NLGN1;NOS1;NR4A1;NRXN1;NRXN2;OTOF;P2RX1;P2RX7;P2RY1;P2RY4;PARK7;PCLO;PDZD11;PER2;PFN2;PIP5K1C;PNKD;PPFIA3;PPT1;PREPL;PRKCB;PRKCG;PRKN;PRRT2;PSEN1;PTPRN2;RAB3A;RAB3B;RAB3GAP1;RAB5A;RAP1A;RAP1B;RAP1BL;RIMS1;RIMS2;RIMS3;RIMS4;RPH3A;SCRIB;SEPTIN5;SLC17A6;SLC17A7;SLC17A8;SLC18A1;SLC18A2;SLC18A3;SLC1A1;SLC1A2;SLC1A3;SLC1A6;SLC1A7;SLC22A1;SLC22A2;SLC22A3;SLC28A2;SLC29A1;SLC29A2;SLC29A4;SLC30A1;SLC32A1;SLC38A1;SLC38A2;SLC4A8;SLC5A7;SLC6A1;SLC6A11;SLC6A12;SLC6A13;SLC6A15;SLC6A16;SLC6A17;SLC6A18;SLC6A2;SLC6A3;SLC6A4;SLC6A5;SLC6A6;SLC6A7;SLC6A8;SLC6A9;SNAP23;SNAP25;SNAP29;SNAP47;SNAPIN;SNCA;SNCAIP;SNCG;SNPH;STX11;STX19;STX1A;STX1B;STX2;STX3;STX4;STXBP1;STXBP2;STXBP3;STXBP5;SV2A;SV2B;SV2C;SYN1;SYN2;SYN3;SYNGR3;SYNJ1;SYP;SYT1;SYT10;SYT11;SYT12;SYT2;SYT4;SYT5;SYT7;SYT8;SYT9;TACR2;TH;TOR1A;UNC13A;UNC13B;UNC13C;VAMP2;VPS18;WNT7A	224	-0.23424859013437255	-0.16714424093522015	-0.37626424233363953	-0.4904949072855449	-0.48733963448921475	0.1091448878029974	-0.4810580032366102	0.22034996839036697	-0.5553801609025394	0.27695281139361727	0.1401087765004844	-0.4225362632711825	0.07163254463060831	-0.34907639139453833	0.34813479072422826	0.05967292254222753	0.34856103175221764	-0.30499625923348755	-0.27921698800294725	-0.09570485360124184	-0.4444749849594334	0.3078335848090388	-0.4556405641385118	0.3391475101994962	-0.02912050156666723	0.04144871087191096	0.04235937662458118	0.19518682860447395	-0.2641438595356113	0.24025313435182527	-0.39615996338548193	-0.370971802329962	-0.4925317276332382	-0.43954047024449727	0.4692977747449359	0.42504891730440664
GOBP_NEUROTRANSMITTER_UPTAKE	ATP1A2;CLN8;DRD1;DRD2;DRD3;DRD4;FLOT1;GDNF;GFAP;GPM6B;ITGB1;ITGB3;KCNJ10;NOS1;PARK7;PER2;PRKN;RAB3B;SLC18A1;SLC18A2;SLC1A2;SLC1A3;SLC1A6;SLC1A7;SLC22A1;SLC22A2;SLC22A3;SLC29A1;SLC29A2;SLC29A4;SLC38A1;SLC6A1;SLC6A11;SLC6A12;SLC6A13;SLC6A2;SLC6A3;SLC6A4;SLC6A5;SNAP25;SNCA;SYNGR3;TOR1A	53	-0.23007611858787025	-0.19925065276209164	-0.3447269953171951	-0.4466223939395834	-0.5120763944619098	-0.14852786407033322	-0.34248895304668114	-0.12636660879426437	-0.5670117875176445	-0.05659357559167208	-0.18349015208194375	-0.2176645273429998	-0.21649088500701735	-0.2615149187200264	-0.03031145103455346	-0.2527193472041616	0.06957472466928044	-0.4528034073150812	-0.29016488115514566	-0.36604194284139224	-0.4128082932408922	-0.00340017354981489	-0.477564359391478	0.05112128919233516	-0.28117401594367464	-0.3554268076195606	-0.108548202334336	0.10370700031840371	-0.29095015775861643	-0.2117083861131513	-0.0129249786768068	-0.2834921391346152	-0.5087812068760321	-0.4044540019259469	0.2733347609321747	0.17493517391498672
GOBP_NORADRENERGIC_NEURON_DEVELOPMENT	ASCL1;INSM1;PHOX2B;RNF220;ZC4H2	5	-0.0018357173144668	0.4844651554029265	-0.3064467359563122	-0.6675988301705726	-0.5272036562262308	-0.1039250711333794	-0.10334438339633469	-0.5391512876651617	-0.6349160832695684	-0.27198757956927977	0.5262476043343731	-0.6031762059186916	-0.4782804882274339	0.39128221894740967	0.19103326034818513	0.2835718471870052	0.5115684080028151	0.0861438487027048	0.6276005227465766	-0.5360144132651378	-0.42260045622029263	-0.1509257846009348	0.02964451339274326	-0.34616993027051307	0.3128343715819102	-0.25347564485389795	0.12708106883186554	0.064048280165557	0.3845739841068663	-0.12651639111314653	-0.2234624639459426	0.4392766800776937	0.2644064570666764	-0.3750374702623521	0.26703464792347853	0.40683534357373374
GOBP_NORADRENERGIC_NEURON_DIFFERENTIATION	ASCL1;EDN1;EDNRA;HAND2;INSM1;PHOX2A;PHOX2B;RNF220;SOX11;SOX4;ZC4H2	11	0.4750294711401205	0.3889506699012528	-0.32252316753749055	-0.4661049151442528	-0.19070392889783616	-0.19232352651598336	0.22697144645847803	-0.5905232643025177	-0.4011246725652897	-0.4055658306337326	0.15484618905849468	-0.34993480707565233	-0.24257660434123812	0.3169401620346908	-0.16915661391765077	0.4475958707813204	0.11108868583548216	0.3585771751262266	0.2988846205144577	-0.2266090070469761	-0.11242429146364212	-0.09363211749207348	0.07821870922768764	-0.3663307220670707	0.34205052504708927	-0.5700907654705974	0.02669896579614222	-0.5276618762540127	0.47556416081545616	-0.4838269618640412	-0.14905100339427305	0.18998687241190312	-0.16384088396829297	-0.32340883942631765	0.11064920804529	0.4072556190563004
GOBP_POSITIVE_REGULATION_OF_CELL_ADHESION	ABI3BP;ABL1;ADA;ADAM19;ADAM8;ADAM9;ADGRG1;AFDN;AGER;AGR2;AIF1;AKT1;ALOX15;ALOX5;AMBRA1;ANGPT1;ANK3;ANXA1;AP3B1;AP3D1;APBB1IP;APOA1;ARHGEF7;ARL2;ARPC2;ATM;AZU1;B2M;BAD;BAG4;BCL10;BCL6;BMP7;BTN2A2;C1QBP;CALR;CARD11;CARMIL1;CASS4;CAV1;CBFB;CCDC80;CCDC88B;CCL19;CCL2;CCL21;CCL25;CCL28;CCL5;CCN1;CCR2;CCR7;CD160;CD1D;CD209;CD24;CD27;CD274;CD276;CD28;CD36;CD3E;CD4;CD40LG;CD44;CD46;CD47;CD5;CD55;CD6;CD70;CD74;CD80;CD81;CD83;CD86;CDC42;CDH13;CDK6;CEACAM6;CHRD;CHST2;CHST4;CIB1;CITED2;CLECL1;COL16A1;COL26A1;COL8A1;CORO1A;CR1;CRK;CRKL;CSF1;CSK;CSPG5;CTSG;CX3CL1;CXCL12;CXCL13;CYRIB;CYTH3;DAB2;DAG1;DENND6A;DHPS;DISC1;DMP1;DMTN;DNAJA3;DNM2;DOCK1;DOCK5;DOCK8;DPP4;DUSP10;DUSP26;EBI3;ECM2;EDIL3;EFEMP2;EFNB1;EFNB2;EFNB3;EGFL6;EGFLAM;EGR3;ELANE;EMILIN1;EMILIN2;EMP2;EPB41L4B;EPB41L5;EPHA1;EPHA4;EPO;ERBB2;ETS1;F11R;FADD;FBLN2;FCHO1;FERMT1;FERMT2;FGA;FGB;FGG;FLCN;FLNA;FLOT1;FLOT2;FMN1;FN1;FOXA1;FOXA2;FOXC2;FOXF1;FOXO3;FOXP3;FRMD5;FSTL3;FUT1;FUT3;FUT4;FUT7;FYN;GATA3;GCNT2;GFUS;GLI2;GLI3;GP6;GPAM;GSK3B;HAS2;HAVCR2;HES1;HHLA2;HLA-A;HLA-DMA;HLA-DMB;HLA-DOA;HLA-DOB;HLA-DPA1;HLA-DPB1;HLA-DQA1;HLA-DQA2;HLA-DQB1;HLA-DQB2;HLA-DRA;HLA-DRB1;HLA-DRB3;HLA-DRB4;HLA-DRB5;HLA-E;HLA-G;HLX;HMGB1;HRG;HSD17B12;HSPD1;HSPH1;HYAL1;IBSP;ICOS;ICOSLG;IFNG;IFT74;IGF1;IGF2;IGFBP2;IHH;IL10;IL12A;IL12B;IL12RB1;IL15;IL18;IL1A;IL1B;IL1RL2;IL2;IL21;IL23A;IL23R;IL27RA;IL2RA;IL36B;IL4;IL4I1;IL4R;IL6;IL6ST;IL7;IL7R;ILK;IRAK1;ITGA2;ITGA3;ITGA4;ITGA5;ITGAV;ITGB1BP1;ITGB2;ITPKB;JAK1;JAK2;JAK3;JUP;KDR;KIF26B;KIFAP3;KLRC4-KLRK1;KLRK1;LCK;LDB1;LEF1;LEP;LGALS1;LGALS9;LIF;LILRB1;LILRB2;LILRB4;LIMS1;LIMS2;LYN;MAGI1;MALT1;MAP3K8;MAP4K4;MDK;MEGF10;MIP;MIR128-1;MIR21;MIR27B;MIR30B;MIR519D;MIR92A1;MMRN1;MYADM;MYB;MYO10;MYOC;NCK1;NCK2;NCKAP1L;NDNF;NEDD9;NFAT5;NFKBID;NFKBIZ;NID1;NKAP;NLRP3;NOD2;NODAL;NPNT;NPY;NR4A3;NRP1;OLFM4;P2RY12;P4HB;PCK1;PDCD1LG2;PDGFB;PDPN;PIEZO1;PIK3CA;PIK3R6;PLAUR;PLEKHA2;PLPP3;PNP;PODXL;POLDIP2;PPM1F;PPP3CA;PREX1;PRKCA;PRKCE;PRKCQ;PRKCZ;PRKD2;PRSS2;PTAFR;PTK2B;PTPN11;PTPN22;PTPN23;PTPN6;PTPRC;PTPRJ;PTPRU;PYCARD;RAC1;RAC3;RAG1;RARA;RASAL3;RASGRP1;RELA;RELL2;RET;RHOA;RHOD;RHOH;RIN2;RIPK2;RNASE10;ROCK1;RPS3;RRAS;RREB1;RSU1;RUNX1;RUNX3;S100A10;SAA1;SART1;SASH3;SDC4;SELE;SELENOK;SELP;SERPINF2;SFRP1;SFRP2;SHH;SIRPA;SIRPB1;SIRPG;SKAP1;SLAMF1;SLC7A1;SMAD3;SMAD7;SOCS1;SOCS5;SOX12;SOX13;SOX2;SOX4;SPOCK2;SPTA1;SRC;ST3GAL4;STAT5B;STK4;STX3;STX4;SYK;TEK;TESK1;TESPA1;TFE3;TFRC;TGFB2;TGFBR2;TGM2;THY1;TJP1;TMEM102;TMIGD2;TNF;TNFRSF13C;TNFRSF14;TNFRSF18;TNFSF11;TNFSF13B;TNFSF14;TNFSF18;TNFSF4;TNFSF9;TPM1;TRAF6;TRIOBP;TSC1;TYK2;UNC13D;UTRN;VAV1;VAV3;VCAM1;VEGFA;VIT;VNN1;VSIR;VTCN1;VWC2;WNT3A;WNT4;WNT5A;XBP1;XCL1;YES1;ZAP70;ZBTB1;ZBTB16;ZBTB7B;ZFHX3;ZMIZ1;ZP3;ZP4	617	-0.16838821433941653	-0.06815807221831024	-0.3130569825739465	-0.3007776370323312	-0.095726328968173	-0.41873669141125747	-0.18456645116152967	-0.46714850451775736	-0.3349694458962123	-0.40638438741833366	-0.47582134832270245	-0.09914854864330348	-0.4822523210797025	-0.20564151366381575	-0.49095036212170345	-0.4558103707818747	-0.3340159650538878	-0.4786644431809376	-0.2609843449032955	-0.290794698381628	-0.47691585660480806	-0.4555048178998424	-0.2988262587625957	-0.28587950502155196	-0.32242420617488277	-0.5602033638331448	-0.21984770802722448	-0.40134992466959835	-0.1775668420132084	-0.4765309153211415	-0.1798535850821545	-0.25505084916366616	-0.2598081253659902	-0.4119696241720881	-0.3034454710730228	-0.35793791163318023
GOBP_POSITIVE_REGULATION_OF_CELL_ADHESION_MEDIATED_BY_INTEGRIN	ADAM9;CCL21;CCL5;CD3E;CIB1;CXCL13;FERMT1;FOXC2;IFT74;LIF;NCKAP1L;P2RY12;PIEZO1;PODXL;PTPN6;RAC3;RET;SFRP2;SKAP1;SYK;TGFB2	23	0.3310825543035786	0.5116825274641301	-0.40040401686164234	-0.12004128518366124	0.2642467212254932	-0.49516475431874113	0.3018566180275347	-0.28701574145279884	-0.19806946138897835	-0.1896194963775396	-0.473600272657544	0.33662081645722963	-0.5499717018912773	0.3343425802746197	-0.5146389184248104	-0.4943883091695078	-0.38736138418568633	-0.3595676761916923	0.2102013405287334	-0.12978667949255973	-0.4702392709085827	-0.6166958369515502	0.25197774873696566	-0.2172167875681188	0.02934627396300793	-0.589571582764395	0.02515486787924945	-0.5136387052022441	0.18909196511192433	-0.3697726278551351	0.17017070579671223	0.08103608775154958	0.08953260950784336	-0.3208414936616939	-0.01136018385818307	-0.2967081392322674
GOBP_POSITIVE_REGULATION_OF_CELL_ADHESION_MOLECULE_PRODUCTION	CAV1;COLEC12;FLOT1;IL1B;MIR144;MIR506;MIR520C	14	-0.3801517129608415	-0.40819618751848086	-0.7766377836823377	-0.3731065978021985	-0.4831844431567639	-0.8999398760597727	-0.5547942810567811	-0.8124871353427174	-0.7329771010500009	-0.7871714060213041	-0.7644345381917216	-0.6503014992228313	-0.4598289504237625	-0.6837362087357155	-0.7861599647411449	-0.7707724942194489	-0.7066349543176639	-0.8259712307044004	-0.2498178636972304	-0.6843550797889324	-0.8448033789080764	-0.6474874849459213	-0.39540508881594416	-0.7114051076710172	-0.6409384753824502	-0.7439345563601745	-0.7063898340860941	-0.5851037455286947	-0.2996109202027478	-0.5044831895815556	-0.4807015892605366	-0.708735409214783	-0.6248446176270616	-0.8193022701295142	-0.7025580546176899	-0.6888191649714747
GOBP_POSITIVE_REGULATION_OF_CELL_CELL_ADHESION	ADA;ADAM19;ADAM8;AFDN;AGER;AIF1;AKT1;ALOX5;AMBRA1;ANK3;ANXA1;AP3B1;AP3D1;B2M;BAD;BCL10;BCL6;BMP7;BTN2A2;CARD11;CAV1;CBFB;CCDC88B;CCL19;CCL2;CCL21;CCL5;CCR2;CCR7;CD160;CD1D;CD209;CD24;CD27;CD274;CD276;CD28;CD3E;CD4;CD40LG;CD44;CD46;CD47;CD5;CD55;CD6;CD70;CD74;CD80;CD81;CD83;CD86;CEACAM6;CHST2;CHST4;CITED2;CLECL1;CORO1A;CR1;CSK;CTSG;CX3CL1;CXCL13;CYRIB;DENND6A;DHPS;DMTN;DNAJA3;DOCK8;DPP4;DUSP10;EBI3;EFNB1;EFNB2;EFNB3;EGR3;ELANE;EMILIN2;EPO;ETS1;F11R;FADD;FCHO1;FGA;FGB;FGG;FLOT1;FLOT2;FOXA1;FOXA2;FOXO3;FOXP3;FSTL3;FUT3;FUT4;FUT7;FYN;GATA3;GCNT2;GLI2;GLI3;GP6;GPAM;HAS2;HAVCR2;HES1;HHLA2;HLA-A;HLA-DMA;HLA-DMB;HLA-DOA;HLA-DOB;HLA-DPA1;HLA-DPB1;HLA-DQA1;HLA-DQA2;HLA-DQB1;HLA-DQB2;HLA-DRA;HLA-DRB1;HLA-DRB3;HLA-DRB4;HLA-DRB5;HLA-E;HLA-G;HLX;HMGB1;HSPD1;HSPH1;ICOS;ICOSLG;IFNG;IGF1;IGF2;IGFBP2;IHH;IL10;IL12A;IL12B;IL12RB1;IL15;IL18;IL1A;IL1B;IL1RL2;IL2;IL21;IL23A;IL23R;IL27RA;IL2RA;IL36B;IL4;IL4I1;IL4R;IL6;IL6ST;IL7;IL7R;IRAK1;ITGA4;ITGB2;ITPKB;JAK1;JAK2;JAK3;KIF26B;KIFAP3;KLRC4-KLRK1;KLRK1;LCK;LEF1;LEP;LGALS1;LGALS9;LILRB1;LILRB2;LILRB4;LYN;MAGI1;MALT1;MAP3K8;MDK;MEGF10;MIR21;MIR30B;MIR92A1;MMRN1;MYB;MYO10;NCK1;NCK2;NCKAP1L;NFAT5;NFKBID;NFKBIZ;NKAP;NLRP3;NOD2;NODAL;NR4A3;PCK1;PDCD1LG2;PDPN;PIEZO1;PIK3CA;PIK3R6;PLAUR;PLPP3;PNP;PODXL;PRKCQ;PRKCZ;PTAFR;PTPN11;PTPN22;PTPN23;PTPN6;PTPRC;PTPRU;PYCARD;RAG1;RARA;RASAL3;RASGRP1;RELA;RHOA;RHOH;RIPK2;RNASE10;RPS3;RUNX1;RUNX3;SART1;SASH3;SELE;SELENOK;SELP;SERPINF2;SHH;SIRPA;SIRPB1;SIRPG;SKAP1;SLAMF1;SLC7A1;SMAD7;SOCS1;SOCS5;SOX12;SOX13;SOX2;SOX4;SPTA1;SRC;ST3GAL4;STAT5B;SYK;TESPA1;TFRC;TGFBR2;THY1;TJP1;TMIGD2;TNF;TNFRSF13C;TNFRSF14;TNFSF11;TNFSF13B;TNFSF14;TNFSF4;TNFSF9;TRAF6;TYK2;VAV1;VCAM1;VNN1;VSIR;VTCN1;WNT3A;WNT5A;XBP1;XCL1;YES1;ZAP70;ZBTB1;ZBTB16;ZBTB7B;ZMIZ1;ZP3;ZP4	455	-0.31279780799813317	-0.2105103185240373	-0.4067480846748938	-0.3878827109649742	-0.23054379971446892	-0.47241474308220377	-0.2555535317214017	-0.4996969118813632	-0.3638547992901277	-0.4818755851754443	-0.5285465654576247	-0.15150070564641124	-0.5348550661675712	-0.2907614374290822	-0.5634968028238616	-0.4871674409365508	-0.4334085336444536	-0.5377670169983104	-0.3342986490124912	-0.3875033677717603	-0.5150861622206597	-0.5374471698485545	-0.3817948964305328	-0.436585407976703	-0.39879206664000794	-0.6309223094254991	-0.3063191273521219	-0.470308057227021	-0.25346739062469414	-0.5211166052533489	-0.2504817691686842	-0.29804198789026737	-0.2777071861024743	-0.3810613892795694	-0.4022931783762764	-0.47817039873650485
GOBP_POSITIVE_REGULATION_OF_CELL_CELL_ADHESION_MEDIATED_BY_CADHERIN	ADAM19;AFDN;DENND6A;FLOT1;FOXA1;FOXA2;PTPRU;SERPINF2;TJP1;WNT3A;WNT5A	20	-0.4824132020670464	-0.42937633054635926	-0.6269255739082106	-0.4142179486630915	-0.34268674046717174	-0.401564403466078	-0.5614612886682462	-0.7197937273983444	-0.5517355496359044	-0.4702822159464263	-0.2380006917675668	-0.4601775668288251	-0.36580385982030306	-0.3978501106621059	-0.5649455597495859	-0.49043447331937656	-0.5034126207106421	-0.6177281281364575	-0.1361830453381311	-0.44650601962201286	-0.8272989061470555	-0.5734236476773553	-0.5422384318289372	-0.5241699694231997	-0.5015782907325579	-0.4422353800502556	-0.2946146778330059	-0.17660891178146426	-0.40870800259481543	-0.3367010883730781	-0.5014246856441591	-0.5867735103517829	-0.5537586358742451	-0.6781727809253292	-0.4896655258345586	-0.4116142769847405
GOBP_POSITIVE_REGULATION_OF_CELL_CELL_ADHESION_MEDIATED_BY_INTEGRIN	CCL5;CD3E;CXCL13;PIEZO1;PODXL;SKAP1	7	0.04630309011226091	0.3813883887744781	-0.7185008781132182	-0.21422616261009583	0.3550960166490482	-0.5233291793457477	-0.07085209167366535	-0.2181684607389373	-0.19103330659787385	-0.33203747467912836	-0.9184201197013026	0.5782694118325774	-0.2643389869829166	0.4823367873407391	-0.8316268012434546	-0.5757900288471982	-0.4514952980411739	-0.3456592728325356	-0.23732220621967737	-0.02970575731633673	-0.31779926151815585	-0.8288983487160023	-0.20187610378744172	0.16319830038074734	0.03475490340390397	-0.81674696958031	-0.02941213393743885	-0.42813210272269336	0.2355229166183936	-0.5604335941835665	0.04081621103324273	0.24431365890414197	0.34765559794028467	-0.17015261264003062	0.04750989363220581	-0.5440980816588172
GOBP_POSITIVE_REGULATION_OF_EXCITATORY_POSTSYNAPTIC_POTENTIAL	ADRB2;BAIAP2;CHRNA7;CUX2;DLG4;DVL1;GRIN1;IGSF11;NETO1;NLGN1;NLGN2;NLGN3;NRXN1;PRKCZ;PTEN;PTK2B;RELN;RGS4;RIMS1;RIMS2;SHANK1;SHANK3;STX1A;STX1B;WNT7A	29	-0.3315597030637628	-0.48509044318434463	-0.5137913891365842	-0.734927895168002	-0.7023545766166177	-0.14046759631501224	-0.6713693252000607	0.5258414054949196	-0.7103699523620269	0.46644465116944145	0.17345124690254596	-0.5252226267698925	0.0247294921773831	-0.2107175971729213	0.4751538205860919	-0.02142950781392336	0.4348897213316818	-0.3379920253017227	-0.36541359311915533	-0.39965305830549913	-0.6123809704833177	0.3931303376177459	-0.5813363206916276	0.3136658902012369	-0.2045114067188347	0.13919744492198052	-0.2363535210739072	0.4413686855729697	-0.6577975659097541	0.3571052583778736	-0.5471601620375984	-0.4504543066394462	-0.5947859895388983	-0.53850551822617	0.4976761901804271	0.4993153731533682
GOBP_POSITIVE_REGULATION_OF_HETEROTYPIC_CELL_CELL_ADHESION	AGER;BMP7;CD44;CEACAM6;FGA;FGB;FGG;FLOT1;GCNT2;IL10;IL1B;LCK;SKAP1;THY1;TNF	37	-0.38573616037279707	-0.5379869350086609	-0.6076674167382328	-0.6330100093503902	-0.569202579406056	-0.688117790974697	-0.4319808347468944	-0.6343939971303942	-0.6817664056056009	-0.6574051842747862	-0.5889408152365986	-0.4961722704217736	-0.5965996675215226	-0.5481336068102921	-0.7007485419521594	-0.6958466368081744	-0.6325130744344343	-0.5828242882120083	-0.5504757686122329	-0.6332354410699575	-0.6870350146252394	-0.6203891744587929	-0.6551779837003879	-0.6625341548468302	-0.6683995726290727	-0.728027624634247	-0.6164176529802224	-0.6712333316006005	-0.5892985846422402	-0.6415228861681004	-0.47275029556583864	-0.5893348493364997	-0.4920621535669607	-0.6140699249311965	-0.679309814862735	-0.6421982433764405
GOBP_POSITIVE_REGULATION_OF_HOMOTYPIC_CELL_CELL_ADHESION	ANK3;CCL5;CTSG;DMTN;EMILIN2;F11R;GP6;IL6;IL6ST;JAK1;JAK2;MMRN1;PDPN;PLAUR;TNFSF11	25	-0.4536893039972102	-0.02210298310185415	-0.584398493386142	-0.3947019080302046	-0.03712156864117344	-0.4823286255729527	-0.3010221842747811	-0.6044078699324723	-0.43435345644507367	-0.5589811911568524	-0.6511425340901241	-0.19022717911841353	-0.615940820730111	-0.34759325032223515	-0.5144236010173883	-0.5788116054590615	-0.5713232329375102	-0.5985615746185537	-0.21446848675094507	-0.45771239458194063	-0.6491123845929357	-0.5526637557616461	-0.5006751511293116	-0.05387865363711125	-0.32474288070477714	-0.5865796252947463	-0.38705373692602146	-0.35683768726034215	-0.14229128421562176	-0.511928145093124	-0.37815215837981053	-0.5321218909298736	-0.2430725767041441	-0.31028739288534685	-0.6069737597211743	-0.5758671469214297
GOBP_POSITIVE_REGULATION_OF_INHIBITORY_POSTSYNAPTIC_POTENTIAL	ABAT;NLGN2;NTSR1;RIMS1;RIMS2;UNC13B	7	-0.02109592202387655	-0.6285550801776478	-0.5401462096538034	-0.7812024273772661	-0.7994643638984518	-0.06204951765667535	-0.759577085897019	0.4910232898987739	-0.8134175390908306	0.4284987170903755	-0.03226371475004624	-0.35627021093859923	0.4263202171645779	-0.270568895571025	0.5615491211492766	-0.04728410907216113	0.4891718962533503	-0.5028095798499043	-0.503845340276867	-0.677145820360898	-0.46546472052330584	0.6159814124217784	-0.5073008267710005	0.4589040651055388	-0.00748210648982133	0.3739173318280002	0.09474956784256763	0.4159173317124836	-0.5332993473018517	0.3433038885248806	-0.6506030327966482	-0.6466850273268281	-0.6417666366264464	-0.6569546768567013	0.5944681353803793	0.5172623922367277
GOBP_POSITIVE_REGULATION_OF_LEUKOCYTE_CELL_CELL_ADHESION	ADA;ADAM8;AGER;AIF1;AKT1;ALOX5;AMBRA1;ANXA1;AP3B1;AP3D1;B2M;BAD;BCL10;BCL6;BTN2A2;CARD11;CAV1;CBFB;CCDC88B;CCL19;CCL2;CCL21;CCL5;CCR2;CCR7;CD160;CD1D;CD209;CD24;CD27;CD274;CD276;CD28;CD3E;CD4;CD40LG;CD44;CD46;CD47;CD5;CD55;CD6;CD70;CD74;CD80;CD81;CD83;CD86;CHST2;CHST4;CLECL1;CORO1A;CR1;CSK;CYRIB;DHPS;DNAJA3;DOCK8;DPP4;DUSP10;EBI3;EFNB1;EFNB2;EFNB3;EGR3;ELANE;EPO;ETS1;FADD;FCHO1;FLOT2;FOXO3;FOXP3;FUT4;FUT7;FYN;GATA3;GLI2;GLI3;GPAM;HAS2;HAVCR2;HES1;HHLA2;HLA-A;HLA-DMA;HLA-DMB;HLA-DOA;HLA-DOB;HLA-DPA1;HLA-DPB1;HLA-DQA1;HLA-DQA2;HLA-DQB1;HLA-DQB2;HLA-DRA;HLA-DRB1;HLA-DRB3;HLA-DRB4;HLA-DRB5;HLA-E;HLA-G;HLX;HMGB1;HSPD1;HSPH1;ICOS;ICOSLG;IFNG;IGF1;IGF2;IGFBP2;IHH;IL12A;IL12B;IL12RB1;IL15;IL18;IL1A;IL1B;IL1RL2;IL2;IL21;IL23A;IL23R;IL27RA;IL2RA;IL36B;IL4;IL4I1;IL4R;IL6;IL6ST;IL7;IL7R;IRAK1;ITGA4;ITGB2;ITPKB;JAK2;JAK3;KLRC4-KLRK1;KLRK1;LCK;LEF1;LEP;LGALS1;LGALS9;LILRB1;LILRB2;LILRB4;LYN;MALT1;MAP3K8;MDK;MIR21;MIR30B;MIR92A1;MYB;NCK1;NCK2;NCKAP1L;NFAT5;NFKBID;NFKBIZ;NKAP;NLRP3;NOD2;NR4A3;PCK1;PDCD1LG2;PIK3CA;PIK3R6;PNP;PRKCQ;PRKCZ;PTAFR;PTPN11;PTPN22;PTPN6;PTPRC;PYCARD;RAG1;RARA;RASAL3;RASGRP1;RELA;RHOA;RHOH;RIPK2;RPS3;RUNX1;RUNX3;SART1;SASH3;SELE;SELENOK;SELP;SHH;SIRPA;SIRPB1;SIRPG;SKAP1;SLAMF1;SLC7A1;SOCS1;SOCS5;SOX12;SOX13;SOX4;SPTA1;SRC;ST3GAL4;STAT5B;SYK;TESPA1;TFRC;TGFBR2;THY1;TMIGD2;TNF;TNFRSF13C;TNFRSF14;TNFSF11;TNFSF13B;TNFSF14;TNFSF4;TNFSF9;TRAF6;TYK2;VAV1;VCAM1;VNN1;VSIR;VTCN1;XBP1;XCL1;YES1;ZAP70;ZBTB1;ZBTB16;ZBTB7B;ZMIZ1;ZP3;ZP4	387	-0.31621332055013035	-0.21421440173034292	-0.3953367544688037	-0.393623593084709	-0.23111215352213335	-0.5000771167390834	-0.2628771570095788	-0.5021420080146899	-0.35823510331757824	-0.5167009373251132	-0.5546277209616668	-0.1519150836336856	-0.5478410852140823	-0.3010405681440239	-0.5830058921333873	-0.5132382913588575	-0.4551801574322232	-0.5502754640511055	-0.35217885878564553	-0.3850548892118445	-0.4900810532639521	-0.5586513292742229	-0.3801670298492507	-0.45628937648131146	-0.407797658256624	-0.6591455280815764	-0.34439483742268906	-0.4999142051359223	-0.25270922167108617	-0.5355836751478391	-0.2471657413829939	-0.281305766082388	-0.2853754098859175	-0.3543072980652066	-0.4041473855053077	-0.49651752063018006
GOBP_POSITIVE_REGULATION_OF_NEUROTRANSMITTER_SECRETION	ADORA2A;BAIAP3;CACNB2;CDK5;CNR1;DTNBP1;GPER1;KMO;NLGN1;RAB3GAP1;SLC4A8;SNCA;STX1A;STX1B;STXBP1;SYT1;TACR2	17	-0.455749623694383	-0.3634134882218603	-0.262470749803827	-0.4970450956109081	-0.5191259104097217	-0.00347639339657057	-0.4383746492302112	0.6041251488009264	-0.6809449401326368	0.6244535759559237	0.41063933236440087	-0.5092217934231337	0.2654299422567366	-0.3800187459643397	0.7119019095108047	0.02738469452394573	0.5374733113010924	-0.41326346194073577	-0.4505615466697505	0.01794684329612805	-0.5768239871498497	0.47303175843924333	-0.5002648082484961	0.5764657521171164	-0.22128974846389288	0.34058331037650075	0.14675427707416727	0.525736167681406	-0.517901845831392	0.6556740542557509	-0.5073106568189119	-0.6263507155851191	-0.5637400942123251	-0.5405235592504377	0.7488745812174333	0.7485781938625451
GOBP_POSITIVE_REGULATION_OF_NEUROTRANSMITTER_TRANSPORT	ADORA2A;BAIAP3;CACNB2;CDK5;CNR1;DRD2;DRD4;DTNBP1;GPER1;ITGB1;KMO;NLGN1;PRKN;RAB3B;RAB3GAP1;SLC4A8;SNCA;STX1A;STX1B;STXBP1;SYT1;TACR2	23	-0.40415350088059326	-0.2911619782016182	-0.30960748586212894	-0.32706701681763584	-0.4979403942098183	-0.08040019070226381	-0.3221648041053771	0.4169566267565899	-0.6530450889729048	0.3881875615725855	0.24336193549580937	-0.4882519071352698	0.2184957528979939	-0.2916032067757982	0.5417713941000887	-0.2810018246916155	0.33253739263556015	-0.2221396360589625	-0.4291317463120311	-0.12302171108707038	-0.5388113919832181	0.38447623859452856	-0.4396847831939523	0.4340496180886163	-0.319213267673702	0.14572105381024958	0.04875435709323011	0.3724838730594393	-0.4402740508478678	0.3014780013827759	-0.45388640128337904	-0.5200214928019431	-0.5641112777104387	-0.5548119045609923	0.5950325033487287	0.5112270171997044
GOBP_POSITIVE_REGULATION_OF_NEUROTRANSMITTER_UPTAKE	DRD2;DRD4;ITGB1;PRKN;RAB3B	6	-0.17762941379290417	-0.17228799165274686	-0.4830570078105488	-0.03333914732569393	-0.4917147730158595	-0.4786187882989211	0.11450939306247698	-0.2516311321867157	-0.6216008930514438	-0.1785451634404685	-0.3170885868443348	-0.23012716229260313	0.08880884845346151	-0.15970424657673493	-0.05903249311074116	-0.7485269775701306	-0.14447425032174027	0.4474652852705151	-0.29221621372540507	-0.4824046940269183	-0.22012157684951897	0.1370060534804343	-0.19996847818799304	0.10834649512667432	-0.6136523158902089	-0.5880362048075997	0.00136255336178392	-0.06585518774682339	-0.18074872110266407	-0.454562906943956	-0.2311647884859606	-0.02408121219107145	-0.6476490640025119	-0.6326312881746664	0.03504247892894008	-0.16893266257410428
GOBP_POSITIVE_REGULATION_OF_SYNAPTIC_TRANSMISSION_GABAERGIC	ADORA2A;ADRA1A;CA2;CA7;HAP1;KIF5B;NLGN1;NLGN2;NPS;OXTR;PRKCE;TACR1;ZDHHC12;ZDHHC3	15	-0.08471502899512445	0.13943127915913947	-0.32219194003577056	-0.00565553702152588	-0.3383873515425171	-0.28990295651049675	-0.20255178555935244	0.3107501709949927	-0.7530732519470607	0.2516583032121837	0.1978450006788023	-0.02364796799367333	0.07171017432845761	-0.18263451483030152	0.10598319982610074	-0.33741441869429367	0.18661626831087316	-0.2894183459320145	0.33895075005551634	0.19392881099937903	-0.7190607228379033	0.346569448132636	0.01894461110102993	0.40561770297539207	-0.0141251647489376	0.02541324307227244	0.13687488756354846	0.2243847989635709	-0.5163399933117161	0.11946038557541153	-0.2542238981987696	-0.285751582517828	-0.3793341556339218	-0.4603097226292736	0.2055455614904675	0.09333200744941196
GOBP_POSITIVE_REGULATION_OF_SYNAPTIC_TRANSMISSION_GLUTAMATERGIC	ADORA2A;CACNG2;CACNG3;CACNG4;CACNG5;CACNG7;CACNG8;CCL2;CCR2;DRD1;DTNBP1;GLUL;KMO;NLGN1;NLGN2;NLGN3;NPS;NRXN1;NTRK1;OXTR;PTGS2;PTK2B;RAB3GAP1;RELN;ROR2;SHANK3;STXBP1;TNR;TSHZ3	30	0.07617001713473764	0.05177778680831538	-0.27547011406025507	-0.4826602889905508	-0.5012532905305848	-0.09075142969337996	-0.1672203256620924	0.29323115494671737	-0.3979139755104093	0.34561976733742195	-0.1374149907313837	-0.39889209867470365	-0.06932060469342127	0.05901321662090303	0.4077202613111536	-0.30090843007415347	0.4054221956356566	-0.06972058864833502	-0.1926673213213035	-0.21650245284241185	-0.45559189883530976	0.3128513834100648	-0.19650453103539195	0.33690573014033426	-0.09938743573513668	0.02189220874606287	-0.20543450410393335	0.27297316118067594	-0.5345340461619917	0.3153503212916555	-0.41939534148074986	-0.43243942988395434	-0.4001003630688663	-0.3950633304954037	0.5390241454531625	0.5047492727529328
GOBP_POSITIVE_REGULATION_OF_SYNAPTIC_VESICLE_ENDOCYTOSIS	ABCA13;AP2M1;LRRK2;NLGN1;PPP3CC;TOR1A	6	0.285859736843024	0.4388623558898	0.3211394984624388	-0.6374485770408529	0.14843911666333995	0.4480598663220038	-0.16909283285306786	-0.15794339293919546	-0.8039498358717767	-0.05640052155037245	0.2306791999996224	-0.5417589893250678	-0.676280504852592	0.2810967436585817	0.5791370779684961	0.5283808530130932	0.3177246235576135	0.17091641547158137	0.41548571987895977	-0.2548939826430876	-0.7355428474539628	-0.2553240923696497	0.37494204337737447	0.5789793574229105	0.3327900282164305	-0.31698201723236225	-0.4172960781427883	0.47360649348784434	-0.2908470851811091	0.05640628915622719	-0.7314667224475335	-0.6270661709784134	-0.5732159986643652	-0.5629687542618793	0.6662504128514191	0.6905834421271684
GOBP_POSITIVE_REGULATION_OF_SYNAPTIC_VESICLE_EXOCYTOSIS	CACNB2;CDK5;CNR1;NLGN1;SLC4A8;SYT1	6	-0.15071378062936364	-0.0379275588871682	-0.3736550372815728	-0.6943112149127972	-0.4465565801666679	0.589842082425039	-0.4614138274183624	0.3274366291026204	-0.8599074112672305	0.5192680229070255	0.5990414599696787	-0.6034334866968829	-0.2997259947419524	-0.3560796140074067	0.7914042624183751	0.522075867277432	0.5864787087629599	0.1011437603706844	-0.6974992588018953	-0.05476914900784396	-0.7153771426818083	0.5510997774674514	-0.3514118848551647	0.7220116764859784	0.4411767125468113	0.4267168932791786	-0.12459857363319916	0.1696417400007304	-0.33739243437687594	0.5955293502949812	-0.7905050169434336	-0.6075858159297258	-0.7074197188167364	-0.674625682945133	0.7207532218380553	0.8386370271513135
GOBP_POSITIVE_REGULATION_OF_SYNAPTIC_VESICLE_RECYCLING	ABCA13;AP2M1;DNM3;LRRK2;NLGN1;PLAA;PPP3CC;TOR1A	8	0.2513563385073804	0.34261870413832207	0.00544267082917024	-0.6664475436250323	0.05605219812505466	0.510895666927756	-0.3537354036702017	-0.28630982375785785	-0.7312311890704876	0.0209914503130329	0.3173447034403974	-0.6074282927806045	-0.6041777642025251	0.32555816107706925	0.5690167660564347	0.6057471328905367	0.42751589624843706	-0.04234616952399422	0.4285502929821625	-0.11903585684455056	-0.6416049399652197	-0.2092325168305315	0.3373702568044269	0.6280286777276188	0.5537850232021552	-0.5351195007686729	-0.4092931303663201	0.4175561605782762	-0.26039783641125935	-0.1447657032136451	-0.7670352266696541	-0.3132032829670962	-0.5168008059702018	-0.5841853671628452	0.651144092394498	0.676215703581156
GOBP_POSTSYNAPTIC_ACTIN_CYTOSKELETON_ORGANIZATION	ACTB;ACTBL2;ACTG1;DBN1;DBNL;FARP1;INA;NOS1AP;POTEKP;WASF2	11	0.21507650259244565	0.4443423102527399	-0.3629548422999783	-0.6534927241888863	-1.6669318116147025e-4	-0.36179839552550713	-0.24913923929685633	-0.5304055154826208	-0.07096165733503201	-0.4267849981936313	-0.09282377394563808	-0.2832710937142535	-0.30902651895549765	0.1593920596654652	0.15099717042981087	-0.4633929690845772	0.2980944536722098	0.23338338349236384	-0.24902474081209963	-0.11526259163333367	-0.21440366477706269	-0.13714812802112036	0.2660429444953438	0.3267878858060781	0.0294073510465116	-0.3731360216998638	-0.1137445493030364	-0.1405251203598102	0.2602116370301546	-0.29059490420328765	-0.4717083997248774	-0.4325434348396998	-0.6280428267562637	-0.6490815431976191	0.20568681936733949	0.33951770828145955
GOBP_POSTSYNAPTIC_CYTOSKELETON_ORGANIZATION	ACTB;ACTBL2;ACTG1;DBN1;DBNL;FARP1;INA;NEFH;NEFL;NOS1AP;POTEKP;WASF2	13	0.19139017325382177	0.38028553550219535	-0.3644909205278672	-0.7114943059512568	-0.13340645091222558	-0.31076557889924955	-0.4318367864214369	-0.4163901714826233	-0.3245475031135189	-0.17014198342759873	0.00644045398706832	-0.3808766084504089	-0.32386898835673394	-0.09274466688970476	0.30496997614640875	-0.4035505540986405	0.3138826341193783	0.2090219520497988	-0.2155984499757136	0.17829207161104227	-0.20986615707160433	-0.058315166751263	0.00794592313910252	0.4236389742345585	0.2036466675092256	-0.16453678783508177	0.07757071186706785	-0.08179994750942116	0.2500582435956336	-0.17810109409042937	-0.4489495268511311	-0.483388325917725	-0.6452434471156615	-0.5826230661323316	0.348113532067713	0.410971981868491
GOBP_POSTSYNAPTIC_DENSITY_PROTEIN_95_CLUSTERING	CDH2;CRIPT;LRRC4;NLGN1;NLGN2;NRXN1;NRXN2;RELN	9	0.1809834813762589	-0.12281441654472464	-0.6559227345355717	-0.7776063064380556	-0.6880575166837214	0.5590040738947781	-0.7083103484746995	0.12647454108471995	-0.463795031869224	0.34245209694434037	0.5307863932931238	-0.7504018828768154	-0.48167492058848266	-0.01719823353002958	0.4708486742175163	0.5434045089070418	0.43442613280031095	0.42232673387033504	-0.03363638057942711	-0.4227550589142351	-0.6514590713755408	0.347943042674774	-0.4225709400732019	0.3612175161344079	0.2912543239631332	0.10714217434859512	-0.19533789032217216	0.23235906139027665	-0.17821046812598831	-0.02044456027840471	-0.5017874370889729	-0.6378280355277971	-0.7439886550856205	-0.6751422300800534	0.46030630032710607	0.5879272798648378
GOBP_POSTSYNAPTIC_MEMBRANE_ASSEMBLY	CDH2;CEL;EPHB2;LRP4;NLGN1;NLGN2;NLGN3;NLGN4X;NLGN4Y;NRXN1;NRXN2	12	0.25133446435438944	-0.09111417557973812	-0.6731289264608882	-0.4560095334092751	-0.6671656810320648	0.0999624923106152	-0.4720557781378053	0.303861190172455	-0.6024818080956436	0.3052764186248028	0.5785151084538958	-0.5541429030123388	-0.2165436629209125	0.0927580837780854	0.35816282205346756	0.21237673764264944	0.402436883944682	0.16733196945588075	0.16375804168104857	-0.3411496141759651	-0.5449064120799783	0.3452265939065964	0.00369431837404451	0.3403048559579396	0.28580367171805676	0.2942373453966516	-0.023877644996699	0.28863962109580915	-0.2683366058220728	-0.08846934293424882	-0.6095984544509931	-0.41240137907346186	-0.6523761756319831	-0.6838658546761964	0.246930159815196	0.5258298048384383
GOBP_POSTSYNAPTIC_MEMBRANE_ORGANIZATION	APOE;CDH2;CEL;CHRNB1;COLQ;CRIPT;CRKL;DLG4;DNAJA3;DVL1;EPHB2;FNTA;FZD9;GDNF;GLRB;GPHN;LHFPL4;LRP4;LRRC4;MESD;MUSK;NLGN1;NLGN2;NLGN3;NLGN4X;NLGN4Y;NRXN1;NRXN2;RAPSN;RELN;RER1;SHANK3;SHISA6;SHISA7;SLC7A11;ZDHHC2	39	0.14042326508700304	-0.1132305787323637	-0.48286354359076894	-0.4378934531942275	-0.5067567471501679	0.14588570963335218	-0.5494711388212675	0.08973307002202469	-0.565911557388838	0.297160358079735	0.14234117453099518	-0.4204552176971284	-0.25948195201739765	-0.08732455708520054	0.21658107739883883	0.30540697099054326	0.38121283638182246	-0.2695984475527944	-0.06659231640010646	-0.04562596436952795	-0.4969056913846915	0.237521016753322	-0.3916698889638288	0.1470299814274538	0.07553618435411563	0.23208207010819423	0.26444855969973396	0.31708802639298417	-0.32854412517791576	0.05024593542847794	-0.3257198164981452	-0.14398641054852115	-0.6179429612843531	-0.6041465788371551	0.25708089438027265	0.3577355674634743
GOBP_POSTSYNAPTIC_MODULATION_OF_CHEMICAL_SYNAPTIC_TRANSMISSION	CDH1;CYFIP1;DCC;DRD2;EIF4A3;EIF4E;GHRL;GHSR;GRM5;NRGN;PLCB1;PPP3CA;RNF19A;USP8	16	0.15041032954975636	0.04719102487635152	-0.2961511252275504	-0.5255289916645669	-0.25947514553710505	-0.00913966432873142	-0.43725075142006	-0.3813434411371968	-0.6212722111868043	0.20480977912205864	0.1215044647915368	-0.5261155705508379	-0.4934892880524503	-0.06330846426981165	0.15647881303386657	-0.2738178496171659	0.10219249476176905	-0.2140564595775243	-0.13820999368027148	-0.38108441083047784	-0.3161045624009213	0.06112993109070872	-0.0723328860851247	0.25147059154666207	0.04700377316416396	-0.2463940196206327	-0.45048609989349175	0.05609610476548171	-0.24161792125210532	-0.17394441510542483	-0.4793188404936335	-0.27324999308352804	-0.4968754223832683	-0.5323346838882607	0.5479426627336488	0.5587161057273983
GOBP_POSTSYNAPTIC_NEUROTRANSMITTER_RECEPTOR_INTERNALIZATION	ARC;CALY;DNM3;DRD3;DRD4;EFNB2;GSG1L;HPCA;ITGB3;NUMB;OPHN1;SCRIB	14	-0.05710834551432431	-0.00301900215833153	-0.5491218171856171	-0.7450836922849413	-0.6875111933458963	-0.2873699553758068	-0.2297458279752675	0.0321292791185839	-0.479823403451949	-0.02119226685496	-0.09886588666058133	-0.08505997731836634	0.08078358571327682	0.10033266965092348	0.2632651414111884	-0.19367517504022877	0.00223458905811657	-0.6055185424756278	-0.1454559211892551	-0.4415555429989996	-0.37423324282709153	0.2428655287191678	-0.08405732707393099	0.20098996784353385	-0.15124242084453438	0.03195996352861635	-0.11360880487587388	0.14672598837977674	-0.4427221996674843	-0.2115244370994902	-0.30965745823228485	-0.4808403533076675	-0.5609369077549553	-0.5619204291541521	0.251173908706099	5.331902883969897e-4
GOBP_POSTSYNAPTIC_SIGNAL_TRANSDUCTION	ACHE;AGRN;CDK5R1;CHRM1;CHRM2;CHRM3;CHRM4;CHRM5;CHRNA3;CHRNA7;CHRNB2;CRKL;CRTC1;GNA11;GNA15;GNAI2;GNAQ;GNB1;GRK2;HRH3;HRH4;JAK2;KPNA1;KPNA2;LY6E;LY6G6D;LY6H;LYPD1;NRG1;OPRM1;PLCB1;PRR7;RELA;RGS10;RGS8;RNF10;SLURP2;WNT3A	49	-0.1586707884454835	-0.26787405720564134	-0.32515858757532207	-0.50270853724791	-0.454359482998713	-0.17329263136876422	-0.5290237559797252	0.14414454346395564	-0.5241529161855256	-0.06287205279643227	-0.1333147976398398	-0.5181979294172405	-0.2126008663322712	-0.32077332956143445	0.1390271445653709	-0.3822236425580442	0.1586129466014117	-0.39990685208553983	-0.4158036754190913	-0.22774628328177263	-0.4625630072168663	0.09008833387709587	-0.39006777667126047	0.04171381401613147	-0.3348640958276744	-0.17073420451333715	-0.27916427863537896	-0.1782333683496018	-0.2377178654885677	0.07835651835761193	-0.39041957472314753	-0.5526704059533227	-0.5221210514487841	-0.4602154455250601	0.2560970892247354	0.30721371419349447
GOBP_POSTSYNAPTIC_SPECIALIZATION_ASSEMBLY	ABI3;CBLN1;GAP43;GRID2;IL1RAP;LRFN4;LRRC4B;LRRTM2;NLGN1;NLGN2;NPTX1;NRXN1;NRXN2;NTNG2;NTRK3;PTEN;PTPRD;SHANK3;SLITRK3;ZDHHC12	23	-0.08859094797824471	0.12488085703934454	-0.58932291108832	-0.7107143098454367	-0.5475834845338052	0.00396196013198668	-0.4373418734916726	0.15062138545575546	-0.8311330739353455	0.26819528305591206	0.1776279472423252	-0.4285512638933923	-0.22920746992717256	-0.09425190628787504	0.3410482390142451	0.05367410989152377	0.3289416015684799	-0.06119883369803425	-0.08825121197872016	-0.33471547649585687	-0.624726557118562	0.28546633097753904	-0.1589132584936062	0.28690979604988126	0.15604442226727305	-0.08775135414125557	-0.19505792972778843	0.33035154500158487	-0.4963439018070844	0.1671836287574134	-0.504782061583877	-0.4363975638732311	-0.5007430587416826	-0.6072212302348028	0.3839650596980624	0.4343107461666213
GOBP_POSTSYNAPTIC_SPECIALIZATION_ORGANIZATION	ABI3;ARF6;CBLN1;CDH2;CNTNAP1;CRIPT;DLG1;DLG4;GAP43;GRID2;IL1RAP;LILRB2;LRFN4;LRRC4;LRRC4B;LRRTM2;NLGN1;NLGN2;NPTX1;NRXN1;NRXN2;NTNG2;NTRK3;OPHN1;PTEN;PTPRD;RELN;SHANK2;SHANK3;SLITRK3;SYNGAP1;TMEM108;ZDHHC12	41	-0.1507098315448883	-0.09490963576848682	-0.571261424286229	-0.6848150762605835	-0.5673084770340922	0.07842199683009002	-0.5509823152067108	-0.0579142897513287	-0.6445146661426282	0.1964476206130045	-0.01509693219745583	-0.5169358845555031	-0.3763884999413315	-0.18821745568883363	0.09517032878154794	-0.08466902730155101	0.24960213649429996	-0.13539409362499433	-0.2843560219849123	-0.4883256862800399	-0.5913486342067448	0.09053335629715492	-0.29409153134023924	0.3108050341027281	-0.07602548421779126	-0.22346448306014796	-0.312514795101283	0.2730943335761296	-0.38373614180649374	-0.06039405965879366	-0.5319706642354584	-0.47848262839731137	-0.5941877605336142	-0.5910469021483463	0.3141811830667881	0.31712672288962074
GOBP_PURINERGIC_NUCLEOTIDE_RECEPTOR_SIGNALING_PATHWAY	ACP3;ADA;ADCY5;ADORA1;ADORA2A;ADORA2B;ADORA3;ANO6;CNTN2;CTSG;GNAI2;GNAT1;GPR171;GPR34;GPR87;NECAB2;P2RX1;P2RX2;P2RX3;P2RX4;P2RX5;P2RX6;P2RX7;P2RY1;P2RY10;P2RY11;P2RY12;P2RY13;P2RY14;P2RY2;P2RY4;P2RY6;P2RY8;PTAFR	34	-0.2286029593086661	0.10333434374045725	0.04667728734585788	-0.324831196284132	0.0742795627055671	-0.4109695047499533	0.20691819689245533	0.1924715070281565	-0.2326762760488687	0.2828240685360985	-0.11863119527888272	-0.16966488523177956	0.10857036099365304	-0.15379149929299785	-0.24830268735861827	-0.36740664548254065	0.33824509327909813	-0.5767554421494093	0.35669155616176634	-0.03223412167532499	-0.6269013183065673	-0.05246486647483231	-0.34217143358105995	-0.01283724658678686	-0.22279424467693215	-0.11440177766618231	0.16630471253940116	0.2523510170620284	-0.09202365551785097	-0.06122806627607335	0.14852043446102842	0.2965313517580427	0.3340012388456986	-0.06392967889260066	0.4678047502123755	0.08640582406915909
GOBP_REGULATION_OF_CELL_ADHESION	ABAT;ABCA12;ABI3BP;ABL1;ABL2;ACER2;ACTG1;ACTN4;ACVRL1;ADA;ADAM10;ADAM15;ADAM19;ADAM22;ADAM8;ADAM9;ADAMDEC1;ADAMTS18;ADGRG1;ADIPOQ;ADORA2A;ADTRP;AFDN;AGER;AGR2;AIF1;AJAP1;AKNA;AKT1;ALOX12;ALOX15;ALOX5;AMBRA1;ANGPT1;ANGPT2;ANK3;ANXA1;AP1AR;AP3B1;AP3D1;APBB1IP;APOA1;APOD;ARG1;ARG2;ARHGAP6;ARHGDIA;ARHGDIB;ARHGDIG;ARHGEF7;ARL2;ARPC2;ASS1;ATM;ATP5F1B;ATXN3;AZU1;B2M;B4GALNT2;BAD;BAG4;BCAS3;BCL10;BCL2;BCL6;BLK;BMP2;BMP4;BMP6;BMP7;BST1;BTN2A2;C1QBP;C1QTNF1;C2CD4A;C2CD4B;CALR;CAMSAP3;CARD11;CARMIL1;CASK;CASP3;CASS4;CAV1;CBFB;CBLB;CBLL1;CBLL2;CCDC80;CCDC88B;CCL19;CCL2;CCL21;CCL25;CCL28;CCL5;CCN1;CCR2;CCR7;CD160;CD164;CD1D;CD209;CD24;CD27;CD274;CD276;CD28;CD300A;CD36;CD3E;CD4;CD40LG;CD44;CD46;CD47;CD5;CD55;CD6;CD70;CD74;CD80;CD81;CD83;CD86;CD9;CDC42;CDH1;CDH13;CDK6;CDKN2A;CDSN;CEACAM1;CEACAM6;CEBPB;CELA2A;CELSR2;CHRD;CHST2;CHST4;CIB1;CITED2;CLASP1;CLASP2;CLEC4G;CLECL1;COL16A1;COL1A1;COL26A1;COL8A1;CORO1A;CORO1C;CORO2B;CR1;CRK;CRKL;CRTAM;CSF1;CSK;CSPG5;CTLA4;CTSG;CX3CL1;CXCL12;CXCL13;CXCL8;CXCR3;CXCR4;CYP1B1;CYRIB;CYTH1;CYTH3;CYTIP;DAB1;DAB2;DACT2;DAG1;DAPK3;DDR1;DENND6A;DHPS;DISC1;DLC1;DLG1;DLG5;DLL1;DMP1;DMTN;DNAJA3;DNM2;DOCK1;DOCK5;DOCK8;DPP4;DSCAM;DUSP1;DUSP10;DUSP22;DUSP26;DUSP3;EBI3;ECM2;EDIL3;EFEMP2;EFNA1;EFNA5;EFNB1;EFNB2;EFNB3;EGFL6;EGFLAM;EGR3;ELANE;EMILIN1;EMILIN2;EMP2;EPB41L4B;EPB41L5;EPCAM;EPHA1;EPHA2;EPHA3;EPHA4;EPHA7;EPHA8;EPHB2;EPHB3;EPO;ERBB2;ERBB3;ETS1;F11R;FADD;FAF1;FAM107A;FBLN1;FBLN2;FCGR2B;FCHO1;FERMT1;FERMT2;FERMT3;FES;FGA;FGB;FGG;FGL1;FGL2;FLCN;FLNA;FLOT1;FLOT2;FMN1;FN1;FOXA1;FOXA2;FOXC2;FOXF1;FOXJ1;FOXO3;FOXP3;FRMD5;FSTL3;FUT1;FUT2;FUT3;FUT4;FUT7;FUT9;FXYD5;FYN;FZD4;FZD7;GATA3;GBP1;GCNT2;GFUS;GLI2;GLI3;GLMN;GP6;GPAM;GPM6B;GPNMB;GPR4;GREM1;GSK3B;GTPBP4;HAS2;HAVCR2;HES1;HFE;HHLA2;HLA-A;HLA-DMA;HLA-DMB;HLA-DOA;HLA-DOB;HLA-DPA1;HLA-DPB1;HLA-DQA1;HLA-DQA2;HLA-DQB1;HLA-DQB2;HLA-DRA;HLA-DRB1;HLA-DRB3;HLA-DRB4;HLA-DRB5;HLA-E;HLA-G;HLX;HMGB1;HOXA7;HRG;HSD17B12;HSPD1;HSPH1;HYAL1;IBSP;ICOS;ICOSLG;IDO1;IFNA2;IFNB1;IFNG;IFNL1;IFT74;IGF1;IGF2;IGFBP2;IHH;IL10;IL12A;IL12B;IL12RB1;IL15;IL18;IL1A;IL1B;IL1RL2;IL1RN;IL2;IL20RB;IL21;IL23A;IL23R;IL27RA;IL2RA;IL36B;IL4;IL4I1;IL4R;IL6;IL6ST;IL7;IL7R;ILDR2;ILK;IRAK1;IRF1;ITCH;ITGA2;ITGA3;ITGA4;ITGA5;ITGAV;ITGB1BP1;ITGB2;ITPKB;JAG1;JAG2;JAK1;JAK2;JAK3;JAM3;JUP;KANK1;KDR;KIF14;KIF26B;KIFAP3;KLF4;KLRC4-KLRK1;KLRK1;KNG1;LAG3;LAMA3;LAMA4;LAMA5;LAPTM5;LAX1;LCK;LDB1;LEF1;LEP;LGALS1;LGALS3;LGALS7B;LGALS9;LGALS9B;LGALS9C;LIF;LILRB1;LILRB2;LILRB4;LIMCH1;LIMS1;LIMS2;LMO7;LOXL3;LPXN;LRFN3;LRRC32;LYN;MACF1;MAD1L1;MAD2L2;MAGI1;MALT1;MAP2K5;MAP3K8;MAP4K4;MAPK14;MAPK7;MARCHF7;MBP;MDGA1;MDK;MEGF10;MELTF;MEN1;METTL3;MIA3;MINK1;MIP;MIR10A;MIR125A;MIR128-1;MIR138-1;MIR141;MIR146A;MIR181C;MIR183;MIR192;MIR21;MIR221;MIR222;MIR27A;MIR27B;MIR29C;MIR30B;MIR31;MIR503;MIR519D;MIR675;MIR9-1;MIR92A1;MIR939;MIRLET7E;MIRLET7G;MMP12;MMP14;MMP2;MMRN1;MUC1;MUC21;MYADM;MYB;MYF5;MYO10;MYOC;NCK1;NCK2;NCKAP1L;NDFIP1;NDNF;NEDD9;NEXMIF;NF1;NF2;NFAT5;NFKBID;NFKBIZ;NID1;NKAP;NLRP3;NOD2;NODAL;NOTCH1;NOTCH4;NPNT;NPY;NR4A3;NRARP;NRP1;NUAK1;OLFM4;ONECUT1;ONECUT2;P2RY12;P4HB;PAG1;PAWR;PCDH8;PCK1;PDCD1LG2;PDE3B;PDE5A;PDGFB;PDPN;PEAK1;PELI1;PHLDB2;PIEZO1;PIK3CA;PIK3CB;PIK3CG;PIK3R1;PIK3R6;PKD1;PKHD1;PKP4;PLA2G2D;PLA2G2F;PLAU;PLAUR;PLEKHA2;PLET1;PLG;PLPP3;PLXNA1;PLXNA2;PLXNA3;PLXNA4;PLXNB1;PLXNB2;PLXNB3;PLXNC1;PLXND1;PML;PNP;PODXL;POLDIP2;PPARA;PPM1F;PPP1CB;PPP1R12A;PPP2CA;PPP2R1A;PPP3CA;PRDX2;PREX1;PRKAR1A;PRKCA;PRKCD;PRKCE;PRKCQ;PRKCZ;PRKD2;PRKG1;PRKX;PRLR;PRNP;PRSS2;PTAFR;PTEN;PTK2;PTK2B;PTPN11;PTPN2;PTPN22;PTPN23;PTPN6;PTPRA;PTPRC;PTPRG;PTPRJ;PTPRO;PTPRR;PTPRU;PYCARD;RAC1;RAC2;RAC3;RAG1;RAG2;RARA;RASA1;RASAL3;RASGRP1;RC3H1;RC3H2;RCC2;RDX;RELA;RELL2;RET;RGCC;RHOA;RHOD;RHOH;RIN2;RIPK2;RIPOR2;RNASE10;RND1;ROCK1;ROCK2;RPS3;RRAS;RREB1;RSU1;RUNX1;RUNX3;S100A10;S1PR1;SAA1;SART1;SASH3;SCGB1A1;SCRIB;SDC4;SELE;SELENOK;SELP;SEMA3E;SEMA4D;SEMA5A;SEMA6A;SERPINE1;SERPINE2;SERPINF2;SERPINI1;SERPINI2;SFRP1;SFRP2;SFTPD;SH2B3;SHH;SIPA1;SIRPA;SIRPB1;SIRPG;SKAP1;SLAMF1;SLC7A1;SLC9A1;SLK;SMAD3;SMAD7;SNAI2;SOCS1;SOCS5;SOCS6;SOX12;SOX13;SOX2;SOX4;SOX9;SPI1;SPINK5;SPINT2;SPN;SPOCK1;SPOCK2;SPRY4;SPTA1;SRC;SRF;ST3GAL4;ST6GAL1;STAT5B;STK4;STX3;STX4;SWAP70;SYK;TACSTD2;TARM1;TBCD;TBX21;TEK;TENM3;TESC;TESK1;TESPA1;TFE3;TFRC;TGFB1;TGFB2;TGFBI;TGFBR2;TGM2;THBS1;THY1;TIGIT;TJP1;TMEM102;TMEM131L;TMIGD2;TNC;TNF;TNFAIP8L2;TNFRSF13C;TNFRSF14;TNFRSF18;TNFRSF21;TNFSF11;TNFSF13B;TNFSF14;TNFSF18;TNFSF4;TNFSF9;TNN;TNR;TPM1;TRAF6;TRIOBP;TRPV4;TSC1;TWSG1;TYK2;UBASH3B;UNC13D;UTRN;VAV1;VAV3;VCAM1;VCL;VEGFA;VIT;VNN1;VSIG4;VSIR;VTCN1;VTN;VWC2;WASHC2C;WDPCP;WNK1;WNT1;WNT3A;WNT4;WNT5A;XBP1;XCL1;YES1;YTHDF2;ZAP70;ZBTB1;ZBTB16;ZBTB7B;ZC3H12A;ZC3H8;ZDHHC2;ZDHHC21;ZFHX3;ZMIZ1;ZNF703;ZP3;ZP4	982	-0.10484575233367602	0.02507333689570795	-0.277481625219247	-0.29635339825138995	-0.03855319651713485	-0.31908690152968033	-0.17058679827217205	-0.4372977700938363	-0.3535068753267155	-0.34976067200329	-0.4320206412896624	-0.05674680759215597	-0.4277364056361343	-0.16651545878258145	-0.3977460183620242	-0.3807320353375712	-0.20011322017134275	-0.4115534191619872	-0.1988284743194436	-0.23505693257896487	-0.4609333933391801	-0.3849078268649281	-0.3042294299155783	-0.1797278916277208	-0.2103647414131516	-0.4786385353403368	-0.16484783678460865	-0.3233819387902562	-0.09872300103088358	-0.4201476203607105	-0.17361855797269976	-0.20825281615159927	-0.23201062564859315	-0.43846440225376865	-0.223301251584975	-0.254767488090918
GOBP_REGULATION_OF_CELL_ADHESION_MEDIATED_BY_INTEGRIN	ACER2;ADA;ADAM9;CCL21;CCL5;CD3E;CIB1;CRK;CRKL;CXCL13;CYP1B1;DPP4;EFNA1;EPHA2;EPHA8;FERMT1;FERMT3;FOXC2;HRG;IFT74;ITGB1BP1;JAM3;LIF;LPXN;LYN;MUC1;NCKAP1L;NEXMIF;P2RY12;PDE3B;PIEZO1;PIK3CG;PLAU;PODXL;PTK2;PTPN11;PTPN6;RAC3;RET;SERPINE1;SFRP2;SKAP1;SNAI2;SWAP70;SYK;TESC;TGFB2;WNK1	50	0.2689963844002003	0.5134269951202964	-0.1303657467953403	0.03494315274424101	0.2695366564524797	-0.40014820933125383	0.1345904379316652	-0.23685733255610392	-0.36887618882097384	-0.19526403989826904	-0.42411110597863966	0.29592770615865227	-0.29630269612149523	0.23167884528398353	-0.4503686516474617	-0.36977688907398654	-0.10730825573832348	-0.3405197994268217	0.17042025434460834	0.1457790915134431	-0.33872649259083365	-0.33601080810729134	0.01690892994649948	-0.00563647158341287	-0.06367578666617332	-0.4404460238616789	0.00612653578613703	-0.35456769390929893	0.2982075220906109	-0.25867621923705014	-0.09757331300363564	0.13806397611938648	0.04961585959029607	-0.3853609164866758	-0.157167108624417	-0.2602461094609918
GOBP_REGULATION_OF_CELL_CELL_ADHESION	ABAT;ABCA12;ABL1;ADA;ADAM19;ADAM8;ADAMTS18;ADIPOQ;ADORA2A;ADTRP;AFDN;AGER;AIF1;AKNA;AKT1;ALOX12;ALOX5;AMBRA1;ANK3;ANXA1;AP3B1;AP3D1;APOA1;ARG1;ARG2;ASS1;B2M;B4GALNT2;BAD;BCL10;BCL6;BLK;BMP2;BMP4;BMP6;BMP7;BTN2A2;C1QTNF1;CARD11;CASP3;CAV1;CBFB;CBLB;CCDC88B;CCL19;CCL2;CCL21;CCL25;CCL28;CCL5;CCR2;CCR7;CD160;CD1D;CD209;CD24;CD27;CD274;CD276;CD28;CD300A;CD3E;CD4;CD40LG;CD44;CD46;CD47;CD5;CD55;CD6;CD70;CD74;CD80;CD81;CD83;CD86;CD9;CDH1;CDSN;CEACAM1;CEACAM6;CEBPB;CELA2A;CELSR2;CHST2;CHST4;CITED2;CLEC4G;CLECL1;CORO1A;CR1;CRTAM;CSK;CTLA4;CTSG;CX3CL1;CXCL12;CXCL13;CYRIB;DENND6A;DHPS;DLG1;DLG5;DMTN;DNAJA3;DOCK8;DPP4;DUSP10;DUSP22;DUSP3;EBI3;EFNA5;EFNB1;EFNB2;EFNB3;EGR3;ELANE;EMILIN2;EPB41L5;EPCAM;EPHA7;EPHB3;EPO;ERBB2;ETS1;F11R;FADD;FCGR2B;FCHO1;FERMT3;FGA;FGB;FGG;FGL1;FGL2;FLOT1;FLOT2;FOXA1;FOXA2;FOXJ1;FOXO3;FOXP3;FSTL3;FUT3;FUT4;FUT7;FUT9;FXYD5;FYN;GATA3;GCNT2;GLI2;GLI3;GLMN;GP6;GPAM;GPNMB;GTPBP4;HAS2;HAVCR2;HES1;HFE;HHLA2;HLA-A;HLA-DMA;HLA-DMB;HLA-DOA;HLA-DOB;HLA-DPA1;HLA-DPB1;HLA-DQA1;HLA-DQA2;HLA-DQB1;HLA-DQB2;HLA-DRA;HLA-DRB1;HLA-DRB3;HLA-DRB4;HLA-DRB5;HLA-E;HLA-G;HLX;HMGB1;HSPD1;HSPH1;ICOS;ICOSLG;IDO1;IFNA2;IFNB1;IFNG;IFNL1;IGF1;IGF2;IGFBP2;IHH;IL10;IL12A;IL12B;IL12RB1;IL15;IL18;IL1A;IL1B;IL1RL2;IL1RN;IL2;IL20RB;IL21;IL23A;IL23R;IL27RA;IL2RA;IL36B;IL4;IL4I1;IL4R;IL6;IL6ST;IL7;IL7R;ILDR2;IRAK1;IRF1;ITCH;ITGA4;ITGB2;ITPKB;JAG1;JAK1;JAK2;JAK3;KIF26B;KIFAP3;KLF4;KLRC4-KLRK1;KLRK1;LAG3;LAPTM5;LAX1;LCK;LEF1;LEP;LGALS1;LGALS3;LGALS7B;LGALS9;LGALS9B;LGALS9C;LILRB1;LILRB2;LILRB4;LOXL3;LRFN3;LRRC32;LYN;MAD1L1;MAD2L2;MAGI1;MALT1;MAP2K5;MAP3K8;MAPK14;MAPK7;MARCHF7;MBP;MDGA1;MDK;MEGF10;METTL3;MIA3;MINK1;MIR125A;MIR141;MIR146A;MIR181C;MIR21;MIR221;MIR222;MIR27A;MIR30B;MIR31;MIR92A1;MIRLET7E;MIRLET7G;MMRN1;MUC21;MYADM;MYB;MYO10;NCK1;NCK2;NCKAP1L;NDFIP1;NEXMIF;NF2;NFAT5;NFKBID;NFKBIZ;NKAP;NLRP3;NOD2;NODAL;NOTCH1;NOTCH4;NR4A3;NRARP;PAG1;PAWR;PCDH8;PCK1;PDCD1LG2;PDE5A;PDPN;PELI1;PIEZO1;PIK3CA;PIK3R6;PKHD1;PLA2G2D;PLA2G2F;PLAUR;PLG;PLPP3;PNP;PODXL;PPARA;PPM1F;PRDX2;PRKAR1A;PRKCA;PRKCD;PRKCQ;PRKCZ;PRKG1;PRNP;PTAFR;PTK2;PTPN11;PTPN2;PTPN22;PTPN23;PTPN6;PTPRC;PTPRG;PTPRR;PTPRU;PYCARD;RAG1;RAG2;RARA;RASAL3;RASGRP1;RC3H1;RC3H2;RDX;RELA;RGCC;RHOA;RHOH;RIPK2;RIPOR2;RNASE10;RPS3;RUNX1;RUNX3;SART1;SASH3;SCGB1A1;SCRIB;SDC4;SELE;SELENOK;SELP;SERPINE2;SERPINF2;SFTPD;SH2B3;SHH;SIRPA;SIRPB1;SIRPG;SKAP1;SLAMF1;SLC7A1;SMAD7;SOCS1;SOCS5;SOCS6;SOX12;SOX13;SOX2;SOX4;SPI1;SPINT2;SPN;SPTA1;SRC;ST3GAL4;STAT5B;SWAP70;SYK;TARM1;TBX21;TENM3;TESPA1;TFRC;TGFB1;TGFBR2;THY1;TIGIT;TJP1;TMEM131L;TMIGD2;TNF;TNFAIP8L2;TNFRSF13C;TNFRSF14;TNFRSF21;TNFSF11;TNFSF13B;TNFSF14;TNFSF4;TNFSF9;TNR;TRAF6;TRPV4;TWSG1;TYK2;UBASH3B;VAV1;VCAM1;VEGFA;VNN1;VSIG4;VSIR;VTCN1;WNK1;WNT1;WNT3A;WNT4;WNT5A;XBP1;XCL1;YES1;YTHDF2;ZAP70;ZBTB1;ZBTB16;ZBTB7B;ZC3H12A;ZC3H8;ZDHHC2;ZDHHC21;ZMIZ1;ZNF703;ZP3;ZP4	655	-0.22596324346062255	-0.09217210270989226	-0.3492233008561011	-0.3452472791498068	-0.13812339361190668	-0.3955997331709292	-0.22856958757790077	-0.4385315855752066	-0.3432975891312186	-0.4195238911536783	-0.4855968957636105	-0.13659934372937	-0.4792777246468677	-0.23754347860937747	-0.48672825817209586	-0.42553415456132104	-0.3254251346606417	-0.490850743210359	-0.26167388244004575	-0.34800398229731383	-0.4980880792387911	-0.4623420002005479	-0.3632393457050365	-0.3223229614854105	-0.3181394379784145	-0.5493115836419389	-0.2407785577518589	-0.399592317113232	-0.1921989029423748	-0.4693832163328519	-0.18063305348641792	-0.2498685657580695	-0.2587049264426313	-0.3884298453920181	-0.3283617563788339	-0.3641395908001103
GOBP_REGULATION_OF_CELL_CELL_ADHESION_MEDIATED_BY_CADHERIN	ADAM19;AFDN;BMP6;DENND6A;EPCAM;FLOT1;FOXA1;FOXA2;MAD2L2;NEXMIF;NOTCH1;NOTCH4;PLG;PPM1F;PTPRU;RGCC;SERPINF2;TJP1;VEGFA;WNT3A;WNT5A	36	-0.5070318580313541	-0.2364211174669396	-0.5055730671819756	-0.5302731821932303	-0.27886422779759507	-0.31104453392288334	-0.5300590942765744	-0.6435092591351487	-0.4885440417726199	-0.36394432319890585	-0.45777601989479794	-0.23782326794647615	-0.4628035490181017	-0.344690235204266	-0.5188414638715076	-0.4598681139539638	-0.4035678092008713	-0.5406506332249192	-0.25321891184403944	-0.44629135694803096	-0.7164086820365724	-0.4300220884560064	-0.49435043947370705	-0.4587083333778949	-0.46427416989154746	-0.4159080071940612	-0.26216452084896097	-0.1977721705834088	-0.3193461264514068	-0.35542699871934397	-0.4319086725117323	-0.5808821456835164	-0.5781492504514024	-0.624967905377248	-0.4845021213200256	-0.31394637002852555
GOBP_REGULATION_OF_CELL_CELL_ADHESION_MEDIATED_BY_INTEGRIN	ADA;CCL5;CD3E;CXCL13;DPP4;FERMT3;PIEZO1;PODXL;SKAP1;SWAP70;WNK1	12	-0.12884785438675758	0.3873050736529854	-0.4891610507645862	-0.07913567899651483	0.4204437872181015	-0.6344179190407992	0.2655176468699882	-0.1609113840466935	-0.35894273737378307	-0.1911246046801004	-0.8312858966157675	0.5498943850845966	0.256983293512668	0.31528686091441444	-0.7977542207372179	-0.6275846461770668	-0.07187246402916256	-0.5795924747403051	-0.08610943244535268	0.29458130729238663	-0.5370589185086879	-0.4873525106093545	-0.4968521445947586	-0.16036482142563135	-0.08590966486951246	-0.40642825730031584	0.15410694980539322	-0.10858888754288072	0.29590746761154063	-0.06568574073779149	-0.01009576679746659	0.31149159720435193	0.4054604962814736	-0.21444614788382063	-0.27763684194051275	-0.4790023344253539
GOBP_REGULATION_OF_HETEROTYPIC_CELL_CELL_ADHESION	ADIPOQ;AGER;APOA1;BMP7;CD44;CEACAM6;FGA;FGB;FGG;FLOT1;FLOT2;GCNT2;IL10;IL1B;IL1RN;KLF4;LCK;MAP2K5;MAPK7;MBP;MIR221;MYADM;SKAP1;THY1;TNF;WNK1	48	-0.2885485886881839	-0.4045517424404561	-0.5384741657753306	-0.5211889248929311	-0.4137704862130082	-0.5684147266975513	-0.30728267543332966	-0.5729468562217961	-0.567270027271291	-0.5385861308811201	-0.4973594479749882	-0.3282164187479313	-0.487443523962741	-0.48775409160433497	-0.5757271937941407	-0.6314736089562275	-0.5428769519336725	-0.5153606736544147	-0.40836820829588105	-0.5090623454951121	-0.5637332467560952	-0.47270295522848177	-0.5932115420983892	-0.5187030095795493	-0.6257530787359505	-0.656572742753581	-0.5005193065225779	-0.5658268729862089	-0.4399426796997912	-0.5553526407114269	-0.39142150466998066	-0.4529642920437543	-0.3534025383574611	-0.4960304559210859	-0.5362246823101519	-0.5159696045380622
GOBP_REGULATION_OF_HOMOPHILIC_CELL_ADHESION	CEACAM1;PTPN23;PTPRG;PTPRR;TENM3	5	-0.5162504446794436	-0.110456410425899	-0.599493376106327	-0.5313578076012277	-0.27438673052536267	0.153560750238967	-0.6946836788170512	-0.1876163462027536	-0.09650490783313748	0.4248149306640713	0.1005162592747797	-0.32239743214579625	0.09241387844636945	-0.3510792977652874	0.38730481242432663	0.6488622315783905	0.7536231884058036	-0.2762978790297823	-0.03901307081473387	-0.46243553315876984	-0.592523952235692	0.4774677188086008	-0.5481874871581894	0.5263267646752622	0.07680489139084976	0.28181521296061973	-0.5763074908433146	0.6716678622384257	-0.4615332713058199	0.5414446836174627	-0.3494014079169976	-0.1826785144124759	-0.675258054425969	-0.5377693456766016	0.16901961591873416	0.6583712725719103
GOBP_REGULATION_OF_HOMOTYPIC_CELL_CELL_ADHESION	ABAT;ADAMTS18;ALOX12;ANK3;BLK;C1QTNF1;CCL5;CD9;CEACAM1;CELA2A;CTSG;DMTN;EMILIN2;F11R;FGG;GP6;IL6;IL6ST;JAK1;JAK2;LYN;MMRN1;PDPN;PLAUR;PRKCA;PRKCD;PRKCQ;PRKG1;RDX;SERPINE2;SH2B3;SYK;TNFSF11;UBASH3B;ZNF703	46	-0.2241249911505189	0.190421434391108	-0.4001044602388889	-0.4224881978739612	0.02535450113318196	-0.37793350273209014	-0.04895836837995432	-0.3553254644358485	-0.3238847201041119	-0.40426784608198263	-0.4933473255624491	-0.08782629824759403	-0.49798378771069374	-0.12584899268324498	-0.4252282634677896	-0.4124574317759231	-0.1825719170796135	-0.5608229177980308	-0.11734608583522518	-0.322084202475051	-0.6064195519224539	-0.23342371841687928	-0.3999268056349473	0.02933611925982632	-0.24695993600127616	-0.4151852114072636	-0.09193890520447127	-0.21844654580584225	-0.11140082771385584	-0.3844911418629905	-0.10863784872814344	-0.19748368354853307	0.06412067066393784	-0.2938541170030331	-0.328583541600436	-0.31779601391497436
GOBP_REGULATION_OF_MODIFICATION_OF_POSTSYNAPTIC_STRUCTURE	BAIAP2;CAMKV;CDC42;CTTNBP2;CYFIP1;RHOA	8	-0.25577066645297575	-0.02378138180093442	-0.582930726539161	-0.6227119702258963	-0.2826307216811878	-0.2674268475487471	-0.2469228372053752	-0.5424785483077094	-0.45418071897806894	0.07028398781754444	0.14222776851580246	-0.7046183081484328	-0.6195334484265482	-0.08566922439226829	0.00731396873656586	-0.6902975459468376	0.03441683935594802	-0.43503276659780066	-0.5469344893070308	-0.24806107298653404	-0.39530781892874733	0.1387154804519489	-0.16878231277204647	0.33157896921239804	-0.33271944599283154	-0.3111532446456816	-0.7573882228632758	-0.3577336789022011	0.225014513877502	-0.2727546050436806	-0.6551750252437086	-0.05358101279148114	-0.6926509843174675	-0.8145844709632228	0.19133485261900623	0.6782415017299179
GOBP_REGULATION_OF_NEUROTRANSMITTER_LEVELS	ABAT;ACHE;ADCY1;ADORA2A;ADORA2B;ADRA1A;ADRA2A;AGTPBP1;ALDH5A1;ALDH9A1;APBA1;ASIC1;ATP1A2;ATP2A2;BACE1;BAIAP3;BCHE;BLOC1S6;BRSK1;CACNB2;CADPS;CADPS2;CALM3;CAMK2A;CASK;CDK5;CHAT;CHRNA3;CHRNA5;CHRNA6;CHRNB3;CHRNB4;CLN3;CLN8;CNR1;COLQ;COMT;CPLX1;CPLX2;CPLX3;CPLX4;CSPG5;CTBP2;DAGLA;DAGLB;DBH;DNAJC5;DOC2A;DOC2B;DRD1;DRD2;DRD3;DRD4;DTNBP1;DVL1;ERC2;FBXL20;FLOT1;FMR1;GABRA2;GAD1;GAD2;GCHFR;GDNF;GFAP;GIPC1;GIT1;GPER1;GPM6B;GRIK5;GRIN3A;GRM4;GSK3B;HCRT;HNMT;HRH3;HTR1B;HTR2A;ITGB1;ITGB3;KCNJ10;KCNMB4;KMO;LIN7A;LIN7B;LIN7C;LRRK2;LRTOMT;MAOA;MAOB;MCTP1;MCTP2;MEF2C;MOXD1;MOXD2P;NAPA;NAPB;NF1;NLGN1;NOS1;NR4A1;NRXN1;NRXN2;OTOF;P2RX1;P2RX7;P2RY1;P2RY4;PAH;PARK7;PCLO;PDE1B;PDZD11;PER2;PFN2;PIP5K1C;PNKD;PPFIA3;PPT1;PREPL;PRIMA1;PRKCB;PRKCG;PRKN;PRRT2;PSEN1;PTPRN2;RAB3A;RAB3B;RAB3GAP1;RAB5A;RAP1A;RAP1B;RAP1BL;RIMS1;RIMS2;RIMS3;RIMS4;RPH3A;SCRIB;SEPTIN5;SLC18A1;SLC18A2;SLC1A2;SLC1A3;SLC1A6;SLC1A7;SLC22A1;SLC22A2;SLC22A3;SLC29A1;SLC29A2;SLC29A4;SLC30A1;SLC32A1;SLC38A1;SLC44A4;SLC4A8;SLC5A7;SLC6A1;SLC6A11;SLC6A12;SLC6A13;SLC6A2;SLC6A3;SLC6A4;SLC6A5;SNAP23;SNAP25;SNAP29;SNAP47;SNAPIN;SNCA;SNCAIP;SNCG;SNPH;STX11;STX19;STX1A;STX1B;STX2;STX3;STX4;STXBP1;STXBP2;STXBP3;STXBP5;SV2A;SYN1;SYN2;SYN3;SYNGR3;SYNJ1;SYP;SYT1;SYT10;SYT11;SYT12;SYT2;SYT4;SYT5;SYT7;SYT8;SYT9;TACR2;TH;TOR1A;UNC13A;UNC13B;UNC13C;VAMP2;VPS18;WNT7A;ZNF219	239	-0.23114633811188537	-0.21049529073727408	-0.38697225005132496	-0.4693227758225562	-0.4778925528426834	0.03354578329911167	-0.4853179391990268	0.21514721728087355	-0.5450615489488208	0.2484715443825543	0.1122339595380034	-0.45170674626101104	0.03499201015692974	-0.35933871304136933	0.32061080992781293	-0.02259589057958933	0.30928762181365455	-0.3729875080376959	-0.31956349093340153	-0.12872835992745882	-0.4698946860537871	0.2973271487019018	-0.4561709393701136	0.30929511970460155	-0.1218270662528908	0.00900798841849101	-8.92357912325642e-4	0.16283627066469325	-0.27010082006358704	0.2346727402395012	-0.3506855217629855	-0.3604810075063748	-0.4876164578404832	-0.44960640331765706	0.4640972434526772	0.400504644997933
GOBP_REGULATION_OF_NEUROTRANSMITTER_RECEPTOR_ACTIVITY	ADRB2;AKAP9;APP;ARC;BEGAIN;CACNG2;CACNG3;CACNG4;CACNG5;CACNG7;CACNG8;CAPN1;CCL2;CCR2;CNIH2;CNIH3;CRH;CRHBP;DAPK1;DLG4;DLGAP1;DLGAP2;DLGAP3;DLGAP4;EPHB2;GSG1L;HOMER1;IFNG;IFNGR2;KLHL24;LYNX1;MAPK8IP2;MEF2C;MINK1;NETO1;NETO2;NLGN1;NLGN2;NLGN3;NPTX1;NPTX2;NPTXR;OPRM1;PATE1;PATE4;PINK1;PRRT1;PSCA;PTK2B;RASGRF1;RASGRF2;RELN;SHANK1;SHANK3;SHISA6;SHISA7;SHISA8;SHISA9;SLC6A9;SLURP2;SRC	75	-0.4089167904829544	-0.40027980020879467	-0.44837372554754074	-0.6732980077917671	-0.6131640778734297	-0.23196545412771252	-0.5158897094124744	0.1454296055230034	-0.6556652612955141	0.02637916473975737	0.10729562698267232	-0.4991207167269638	0.02293749723816832	-0.4003566969872675	0.18476902129873932	-0.296478159939259	0.1495531987795886	-0.4087499743615291	-0.27418381160184574	-0.27787831340813784	-0.510690460261737	0.19479700159006175	-0.4283285400921731	0.05663691004872923	-0.1152998409976605	-0.00898248083049099	-0.01281972921087204	0.10423081687254544	-0.4232310371332379	0.08369546814972723	-0.4375071957117753	-0.4222282002176007	-0.5031851651815905	-0.46536334861055106	0.2786371648810214	0.26807999665383037
GOBP_REGULATION_OF_NEUROTRANSMITTER_RECEPTOR_LOCALIZATION_TO_POSTSYNAPTIC_SPECIALIZATION_MEMBRANE	ADAM10;DAG1;GHSR;GPC4;GPC6;HRAS;IQSEC2;PRKCZ;RAP1A	10	0.07556849569287377	0.11985814302018302	-0.07532043471394598	-0.2401757134079476	0.0141092811843827	-0.10859743472310268	-0.6341172400394441	-0.19353308854762255	-0.4875914428208199	-0.05215684852833557	-0.18979285806868956	-0.25219624463954676	-0.322503357028305	-0.544178252141054	0.09709831074032269	-0.03223697956201071	0.3686392798580981	-0.42003913695389583	-0.06312138829801456	0.18592903649613	-0.6476860718260217	0.04904547469319789	-0.4901846115509365	0.4367429318051893	-0.10929899999193704	-0.3515629463493318	0.05775337506651759	-0.10806159534356596	-0.20418515376249485	-0.21926368071825983	0.03973964225079418	-0.06901070698977058	-0.5924785532371953	-0.5470092803349236	0.11026763852131756	0.40698267135348903
GOBP_REGULATION_OF_NEUROTRANSMITTER_TRANSPORT	ADCY1;ADORA2A;ADORA2B;ADRA1A;ADRA2A;APBA1;ASIC1;ATP1A2;ATP2A2;BACE1;BAIAP3;CACNB2;CALM3;CAMK2A;CASK;CDK5;CHRNA3;CHRNA5;CHRNA6;CHRNB3;CHRNB4;CNR1;CPLX1;CPLX2;CPLX3;CPLX4;CSPG5;DRD1;DRD2;DRD3;DRD4;DTNBP1;DVL1;FBXL20;FLOT1;FMR1;GDNF;GFAP;GIPC1;GIT1;GPER1;GPM6B;GRIN3A;GSK3B;HCRT;HTR1B;HTR2A;ITGB1;ITGB3;KCNMB4;KMO;LRRK2;MCTP1;MCTP2;MEF2C;NF1;NLGN1;NOS1;P2RX1;P2RY1;P2RY4;PER2;PFN2;PNKD;PREPL;PRKCB;PRKCG;PRKN;RAB3A;RAB3B;RAB3GAP1;RAB5A;RAP1A;RAP1B;RAP1BL;RIMS1;RIMS3;RIMS4;SEPTIN5;SLC30A1;SLC4A8;SNAPIN;SNCA;SNCAIP;SNCG;STX1A;STX1B;STXBP1;STXBP5;SYN1;SYP;SYT1;SYT11;SYT12;SYT4;TACR2;TOR1A;VPS18;WNT7A	108	-0.257371293577869	-0.20128099496326332	-0.3684796164446243	-0.4764492834246216	-0.4422165045415837	-0.01094637221690089	-0.4809158237952834	0.23258274564539816	-0.6195331248107213	0.2945023979116823	0.14516440475383924	-0.4769386206420379	0.11734806019814768	-0.3917915727318405	0.352522962898264	2.2540786367275523e-4	0.32211468942184074	-0.32470088446534995	-0.33347650521032995	-0.17624702111746976	-0.4762368658046396	0.34266709300722176	-0.4602054579629779	0.37375625622141695	-0.13605687636573788	0.01864234928871985	-0.04207389824010384	0.19363946064384735	-0.27581200032666026	0.35609611759888793	-0.43469205497055735	-0.3615828688492448	-0.5155105694642135	-0.489039495386753	0.4905178391449243	0.45699689688372513
GOBP_REGULATION_OF_NEUROTRANSMITTER_UPTAKE	ATP1A2;DRD1;DRD2;DRD3;DRD4;FLOT1;GDNF;GFAP;GPM6B;ITGB1;ITGB3;NOS1;PER2;PRKN;RAB3B;SNCA;TOR1A	25	-0.29597816897103213	-0.3327058421302761	-0.5412501896882295	-0.3689846706043518	-0.6136325141259628	-0.3835247469900937	-0.35366635052638484	-0.4692511072678822	-0.6790175638261675	-0.26141850005868766	-0.4305958566452675	-0.327435211665822	-0.16609882767933237	-0.40270138553850854	-0.2362563655786438	-0.4585114753013833	-0.16748958729034685	-0.5766964554029936	-0.3210313216489255	-0.3940359848774949	-0.541695982440742	-0.0175497944221622	-0.4257367052436723	-0.07352819416217438	-0.45950681164411006	-0.5515127719024439	-0.4102220100929254	-0.18129156566870344	-0.22821414612029048	-0.09328331186528056	-0.09173388916370068	-0.3322611531619379	-0.4889389027441967	-0.6232524578952865	-0.02699722581312658	-0.12683719625760914
GOBP_REGULATION_OF_POSTSYNAPTIC_CYTOSOLIC_CALCIUM_ION_CONCENTRATION	ATP2B2;CALB1;FZD9;GRIA1;GRM1;GRM5;ITPR1;SLC8A1;SLC8A2;WNT5A	10	-0.35415897790711537	-0.1776080800249814	-0.5034564319574613	-0.5653048713491146	-0.6884504910938616	0.40633300298548647	-0.5007059604091895	0.5905998492149886	-0.5250290363486424	0.5498001522092312	0.5729449117868619	-0.40243011313991495	-0.04173618720877906	-0.5474451206590927	0.7745633058735923	0.4046241528994914	0.7483070837952082	-0.00524840661655601	-0.39752423320432423	-0.6296015860140208	-0.16017415141308589	0.4584354511530227	-0.4259970354889571	0.5978114666453105	0.2443587069864783	0.4946628227543128	0.10299133683751294	0.3238784799793706	-0.6342769587187829	0.6019269423872025	-0.5348633482910544	-0.5865830191113041	-0.7431067526310912	-0.460267319890225	0.6855531145358967	0.7838544960069788
GOBP_REGULATION_OF_POSTSYNAPTIC_DENSITY_ORGANIZATION	ABI3;CBLN1;CDH2;CRIPT;GRID2;IL1RAP;LILRB2;LRFN4;LRRC4B;LRRTM2;NPTX1;NTRK3;PTPRD	18	-0.09796695375765664	-0.1713833850713379	-0.6429839626543803	-0.7557958359754229	-0.5724671510646692	-0.0405678199329198	-0.3505628587085257	-0.42521065514933454	-0.7299708980023059	1.640276479446534e-4	-0.3515128409102189	-0.5356474051241245	-0.5402864625694963	-0.24551576146685408	-0.2411598067613176	-0.32133692773292644	0.1328721935160327	-0.19462676767929377	-0.31357814959104857	-0.5834240674002605	-0.5189914406838467	-0.2064099618072032	-0.29019929604051625	0.3347928577594494	-0.3631987761105912	-0.3498454473555075	-0.3432497454322839	0.20340217587493212	-0.31927034498782236	-0.32209815495964483	-0.48069974781562136	-0.4485308632013413	-0.45936034858488023	-0.6580012760653338	0.15910019741294004	0.13329784457584742
GOBP_REGULATION_OF_POSTSYNAPTIC_MEMBRANE_NEUROTRANSMITTER_RECEPTOR_LEVELS	ADAM10;ARC;ARHGAP44;CACNG2;CACNG3;CACNG4;CACNG5;CACNG7;CACNG8;CALY;CLSTN1;CPLX1;CPT1C;CTNND1;DAG1;DLG1;DLG3;DLG4;DNM3;DRD3;DRD4;EFNB2;EPS8;ERBIN;FLOT2;FRRS1L;GHSR;GPC4;GPC6;GPHN;GRIP1;GRIP2;GRIPAP1;GSG1L;HPCA;HRAS;IQSEC2;ITGB3;LGI1;NPTX1;NSG1;NUMB;OPHN1;PORCN;PRKCI;PRKCZ;RAB11A;RAB8A;RAP1A;SCRIB;SHISA6;SNAP25;STX1B;STX3;TAMALIN;VPS35	59	-0.06833900165481266	-0.03434293162860846	-0.3630075956862272	-0.56154204013292	-0.4994022185404815	0.17169716055296214	-0.4862158162975552	0.16806320302433342	-0.5252587421189934	0.29277391682810644	0.18269586226623977	-0.3786750286936531	-0.00794364194572835	-0.24622401905518104	0.4294951630922829	-0.03094147857463702	0.4409064994684689	-0.21195967800227944	-0.23070714428619832	-0.1580816474383861	-0.4522605558807449	0.3593994987211082	-0.36022432263102405	0.499022399657179	0.081815694125489	0.21153194528989935	-0.14375601655413583	0.2278787101169952	-0.2847309201831285	0.05795219341387339	-0.46398502625950466	-0.4063673781667315	-0.5461890991029473	-0.5533262456485429	0.4107992401524341	0.4422303259376409
GOBP_REGULATION_OF_POSTSYNAPTIC_MEMBRANE_POTENTIAL	ABAT;ADORA1;ADORA2A;ADRB1;ADRB2;AKT1;APP;ARRB2;BAIAP2;CBLN1;CDK5;CELF4;CHRM1;CHRNA1;CHRNA10;CHRNA2;CHRNA3;CHRNA4;CHRNA5;CHRNA6;CHRNA7;CHRNA9;CHRNB1;CHRNB2;CHRNB3;CHRNB4;CHRND;CHRNE;CHRNG;CUX2;DLG4;DMPK;DRD2;DRD4;DVL1;EIF4A3;GABBR1;GABRA1;GABRA2;GABRA3;GABRA4;GABRA5;GABRA6;GABRB1;GABRB2;GABRD;GABRE;GABRG1;GABRG2;GABRG3;GABRR1;GABRR2;GHRL;GLRA1;GLRA2;GLRA3;GLRB;GRIA1;GRIA3;GRID1;GRID2;GRIK1;GRIK2;GRIK3;GRIK4;GRIK5;GRIN1;GRIN2A;GRIN2B;GRIN2C;GRIN2D;GRIN3A;GRM1;GRM5;GSK3A;GSK3B;HCRT;IGSF11;INSYN1;INSYN2A;KCNA1;KCND2;LRRK2;MAPK8IP2;MECP2;MEF2C;MIR30B;MPP2;MTMR2;NETO1;NLGN1;NLGN2;NLGN3;NLGN4X;NPAS4;NPFF;NRXN1;NTSR1;OPRM1;P2RX1;P2RX2;P2RX3;P2RX4;P2RX5;P2RX6;P2RX7;PPP3CA;PRKCZ;PTEN;PTK2B;RAB3GAP1;RELN;RGS4;RGS7BP;RIMS1;RIMS2;S1PR2;SEZ6;SHANK1;SHANK3;SLC29A1;SLC8A2;SLC8A3;SNCA;STX1A;STX1B;TMEM108;TMEM25;TRPV1;UNC13B;WNT7A	143	-0.3062716547608097	-0.3577392615221191	-0.3736885841147712	-0.5642310749941744	-0.5697943217886337	0.03661413491207507	-0.512236795558187	0.2738008687548055	-0.5789143289777655	0.30161185522690576	0.1297436643017741	-0.3897777823073008	0.1363356115416967	-0.2131558964690725	0.3592713031178808	-0.00319161180853361	0.3463461810357465	-0.29230432810356105	-0.26885508553155535	-0.17194496107123805	-0.36524816016199513	0.26708663854850634	-0.421918080639318	0.3032426191954064	-0.01334315590950868	0.20465588530600887	0.10111712178046968	0.25972183507800395	-0.43409310177497296	0.22311442298401804	-0.4596387146136278	-0.4600160994285188	-0.49775199374836815	-0.4161129443272482	0.4264675786946927	0.41846284814901663
GOBP_REGULATION_OF_POSTSYNAPTIC_NEUROTRANSMITTER_RECEPTOR_ACTIVITY	AKAP9;BEGAIN;CACNG4;CACNG5;CNIH2;DLGAP1;DLGAP2;DLGAP3;DLGAP4;HOMER1;NPTX1;NPTX2;NPTXR;SHISA6;SHISA7;SHISA9;SRC	21	-0.35425850963393013	-0.23075119126447224	-0.5162599319113248	-0.689372766797371	-0.7830058284349605	0.2766874074838329	-0.5502571758560155	0.22095043015093513	-0.7279877213657425	0.11897031479133371	0.17869332073856176	-0.6255490238087008	0.03911170672432354	-0.39215319306733987	0.24500018449019675	-0.36347569905793387	0.249819379807542	-0.2374593558146011	-0.33857551187992124	-0.2992008340250156	-0.5146324839302893	0.3230236525382624	-0.4782285911193474	0.11694100949826794	-0.19022404245749147	0.06445355694582539	-0.256112542565306	0.00431910465080132	-0.5303833279876496	0.15634366539119365	-0.5733735028952516	-0.6053174609287033	-0.6545542030389992	-0.5464939181487087	0.28703932104178365	0.33088248914483065
GOBP_REGULATION_OF_POSTSYNAPTIC_NEUROTRANSMITTER_RECEPTOR_INTERNALIZATION	ARC;DRD3;DRD4;EFNB2;GSG1L;HPCA;ITGB3;NUMB;OPHN1;SCRIB	12	-0.04841830015140314	0.07495170471106935	-0.519862536757679	-0.7365083077539539	-0.6403550260552096	-0.384230053503535	-0.13480575755387822	-0.0274414155031705	-0.4258548303480273	-0.10953197188002547	-0.2281957325968361	0.04845382555673572	-0.01833047353504635	0.11580925074526847	0.12844046287802907	-0.43128995575094337	-0.0724833310733046	-0.5591644776488998	-0.15931979108097966	-0.6044256257396124	-0.4208640630368109	0.28731450621906174	-0.03023429772120295	0.04576909417674674	-0.3209890196926154	-0.08469779646453468	-0.24485488655199544	0.15718985198228796	-0.35178969805231164	-0.2962468507877054	-0.23158946545095052	-0.5943512120337839	-0.5303488944356766	-0.5500043268947958	0.1745087917310909	-0.05550346449423049
GOBP_REGULATION_OF_POSTSYNAPTIC_SPECIALIZATION_ASSEMBLY	ABI3;CBLN1;GAP43;GRID2;IL1RAP;LRFN4;LRRC4B;LRRTM2;NPTX1;NTRK3;PTPRD	12	0.10449270456973728	0.3557721584753201	-0.6053020816807834	-0.7711889050690338	-0.5734083957881867	-0.0194045277393538	-0.26921857366989227	0.11808533150908246	-0.8474180362062773	0.14130831017105147	-0.03349919823890332	-0.5362502572080616	0.00215534718619611	-0.06458512165446825	0.34970021231533793	0.03706056066909952	0.4418385328181293	-0.0809425889440692	-0.2336641574000481	-0.16055561361301568	-0.4566745706024676	0.3124925324085556	0.03967674653598146	0.3732927417409599	0.2495874143041462	0.15238632772437424	0.0858092779188	0.34588077841316406	-0.28718227444239186	0.35684531557027677	-0.4607033292413474	-0.3909223938473608	-0.37605604121433633	-0.6513993687326167	0.4134154627309032	0.5172148886264243
GOBP_REGULATION_OF_SYNAPTIC_TRANSMISSION_CHOLINERGIC	ACHE;ADORA2A;CHRNA3;LAMA2;TACR1;TACR2	6	0.4726218183116988	-0.22380156052229216	-0.5300948203935597	0.12068193050951442	-0.3618570880909302	-0.2620096087248929	-0.8011398346142891	0.21885905663733884	-0.2203084689948151	0.10847967665009645	0.4514081888196226	0.6152185139501365	0.3404645079855565	0.25822009222159326	-0.08387205681350085	-0.4179265363042699	-0.2667731197447186	-0.07899655035047065	-0.10768761612903444	-0.02275355785713595	0.11074033769221728	0.29110565334545446	0.5968620114390375	0.18086527291225665	-0.08418481799347888	-0.05981663805381271	0.5672597778950009	-0.0156819399726239	-0.5764620421875615	0.23916602925449687	0.1434497654966973	-0.6393650570563694	-0.6916211369217342	-0.5962415523479977	0.20460364915806556	-0.04948003055333505
GOBP_REGULATION_OF_SYNAPTIC_TRANSMISSION_GABAERGIC	ADORA1;ADORA2A;ADRA1A;BAIAP3;CA2;CA7;CLN3;CNR1;CNR2;CNTNAP4;DRD2;HAP1;HTR1B;KIF5B;KRAS;NF1;NLGN1;NLGN2;NPAS4;NPS;NPY5R;OXTR;PHF24;PLCL1;PLCL2;PRKCE;PTEN;SLC6A1;STXBP1;SYN3;TACR1;USP46;ZDHHC12;ZDHHC3	37	-0.14087593937612303	0.01663589238998439	-0.31852139620860614	-0.3412274623513823	-0.4157390187352328	-0.03452971172208283	-0.4055184805169015	0.15484698160898802	-0.6922183695467079	0.28744566571372077	0.23748554313313464	-0.3817585930604867	-0.03265554306137416	-0.33642475985979237	0.2768765155974655	-0.22132419004669557	0.30718399148541004	-0.30914923712428327	-0.0873713205712296	0.08084925184373212	-0.5122570705678177	0.3884369258966012	-0.36712281385761175	0.3423477370171871	-0.10464587678334528	0.11484884119432892	0.07649712529628996	0.31375460326142607	-0.37105958911739634	0.2364279966174906	-0.42466432102198265	-0.2994271081217997	-0.36709506051100615	-0.4693570351337607	0.35228680100709353	0.3074819797661239
GOBP_REGULATION_OF_SYNAPTIC_TRANSMISSION_GLUTAMATERGIC	ADORA1;ADORA2A;ATAD1;ATP1A2;CACNG2;CACNG3;CACNG4;CACNG5;CACNG7;CACNG8;CCL2;CCR2;CDH2;CDK5;CLN3;CNR1;DGKI;DGKZ;DISC1;DKK1;DRD1;DRD2;DRD3;DTNBP1;GLUL;GRIK1;GRIK2;GRIK3;GRM1;GRM2;GRM3;GRM4;GRM5;GRM6;GRM7;GRM8;HOMER1;HTR1B;HTR2A;KMO;LRRK2;MAPK8IP2;MEF2C;MIR142;NLGN1;NLGN2;NLGN3;NPS;NRXN1;NTRK1;OPHN1;OXTR;PLA2G6;PLPPR4;PSEN1;PTGS2;PTK2B;RAB3GAP1;RELN;ROR2;SERPINE2;SHANK3;STXBP1;SYT1;TNF;TNR;TPRG1L;TSHZ3;UCN;UNC13A	79	-0.13131766960887048	-0.35578839593611494	-0.3777710969601073	-0.5601988433695704	-0.571816924251062	-0.12499149087488418	-0.3688162231056856	0.18731327541968484	-0.5451572760791545	0.1716538736658798	-0.15730815908946064	-0.4533255047314918	-0.01340986962734638	-0.1712112950241424	0.2896713882591918	-0.2784588158952193	0.33782707916529475	-0.27687172198431104	-0.2807499728359722	-0.25065051451869846	-0.486635046948779	0.2859749627519114	-0.38604978635390874	0.32837831506108783	-0.252262262806442	-0.00634116202783824	-0.24287349359402463	0.33217854842849687	-0.4404201745775451	0.20036251408493175	-0.4658882167457198	-0.39181764254469953	-0.4662482772184707	-0.4486654699148927	0.3333305311595012	0.3759216124151439
GOBP_REGULATION_OF_SYNAPTIC_VESICLE_CLUSTERING	BRSK1;BRSK2;CDH2;NLGN1;NLGN2;PCDH17;PTEN	9	-0.17005581979840162	-0.37799843538567857	-0.77403724267234	-0.7116355294378754	-0.6172724281780859	0.04615089069333761	-0.6692370577480832	0.0906328719630421	-0.6968331765383222	0.28894008905057433	0.377091693290589	-0.6106377627848883	-0.40695188851076025	0.09191109085283455	0.26302714926864945	0.04577916411239363	0.2559725538924914	0.10835968905479706	-0.11937621105286791	-0.275741651702292	-0.693642667448809	0.20309557529509376	-0.6350245581465789	0.28286780188316685	0.02787482097049315	-0.05505448751881187	-0.48585841827280246	0.31570399990293496	-0.23112575701108215	0.02054520369347709	-0.7314712010397583	-0.4859665361602531	-0.6710000923034684	-0.7593441706005536	0.33214523246426664	0.39394977823551913
GOBP_REGULATION_OF_SYNAPTIC_VESICLE_CYCLE	BSN;CDK5R1;DNAJC5;PLD1;PRKAR1B;RAB3B;RAPGEF4;SYN1	8	-0.5266572740274075	-0.5201446500593541	-0.4910597961771161	-0.5777770164331579	-0.6180691675609103	0.06756935249735627	-0.3849473817820147	0.528447917576788	-0.8987529195857037	0.5731243335096218	0.4966452102712144	-0.5493194140713356	0.6525692359026316	-0.32072743847924556	0.6861739929998582	-0.0190970097142431	0.6317932250517804	-0.6407682746628371	-0.346632937609468	0.09918681237468112	-0.6171796796792388	0.5966617085709458	-0.673783893227257	0.6970777302792269	-0.04039456122789137	0.48608926679295006	0.2068702268278237	0.3400573435573392	-0.3830928629777687	0.6843510176844538	-0.6659158508211169	-0.03761733545915999	-0.5687853267398678	-0.26131772687045546	0.8258265695060909	0.7140394099787594
GOBP_REGULATION_OF_SYNAPTIC_VESICLE_ENDOCYTOSIS	ABCA13;AP2M1;BTBD9;CALM3;DGKQ;LRRK2;NLGN1;PPP3CB;PPP3CC;ROCK1;SLC17A7;TOR1A;VAMP4	13	-0.04619940986295873	0.07005769733793316	-0.2017754071670532	-0.6049752480265742	-0.11630374317942266	0.5090024009094333	-0.48266107102777744	0.19836737063129015	-0.6435228120247957	0.4065770792698805	0.5081955299519967	-0.5647838476842424	-0.25613601257889274	-0.27502691133355617	0.5952555214489793	0.4960716821780752	0.5108238685925631	-0.17678696176873532	0.03300428087055301	0.1593159480632827	-0.6942425185478905	0.08930922463733199	-0.3712690080158289	0.5993588174058836	0.37210906296919904	0.2395047241671425	-0.2485374886187028	0.4758273088395661	-0.3203876176373202	0.3643983339883109	-0.698099103645082	-0.45194613554013385	-0.6443740931182456	-0.541507057849171	0.47346357597751415	0.5565051346934732
GOBP_REGULATION_OF_SYNAPTIC_VESICLE_EXOCYTOSIS	ADCY1;ADORA2A;ADORA2B;ADRA1A;ADRA2A;APBA1;ATP2A2;BACE1;CACNB2;CALM3;CASK;CDK5;CHRNA5;CHRNA6;CHRNB3;CNR1;CSPG5;DRD1;DRD2;DTNBP1;DVL1;FBXL20;FMR1;GIPC1;GIT1;GRIN3A;GSK3B;HTR1B;HTR2A;LRRK2;NLGN1;P2RX1;P2RY1;P2RY4;PFN2;PREPL;PRKCB;PRKCG;RAB3A;RAB3GAP1;RAB5A;RAP1A;RAP1B;RAP1BL;RIMS3;RIMS4;SEPTIN5;SLC4A8;SNAPIN;STXBP5;SYN1;SYP;SYT1;SYT4;VPS18;WNT7A	57	-0.13850877142766588	-0.1247828237709064	-0.38301698739255374	-0.5305550676329952	-0.3281310477806767	0.06103747912549168	-0.5222652558629922	0.3941225517941763	-0.5605370853303773	0.4379475144044133	0.2171363773301917	-0.53227925903596	0.10176535244028048	-0.4331688238109811	0.512404305598271	0.17648775517928889	0.49661760291523943	-0.29677012571557404	-0.24149725308975997	-0.16218822848847853	-0.5508255001041165	0.4743852735107292	-0.4232444695905047	0.5438231291538737	-0.02647719099833839	0.24027378467238644	0.00323356529344232	0.27182811025627135	-0.2734785036711417	0.3887024046581611	-0.5081955613878175	-0.39726329477938344	-0.5902899510165395	-0.5036851620308742	0.6325051930116994	0.6199818351354335
GOBP_REGULATION_OF_SYNAPTIC_VESICLE_MEMBRANE_ORGANIZATION	CPLX1;CPLX2;CPLX3;GRIK5;PRRT2;RAB3A;STXBP1;SYT1;SYT9	9	-0.6310400200209338	-0.5945794845860926	-0.6125455001960172	-0.48569878895281327	-0.848285803004927	0.5711872536546608	-0.5580112413368482	0.53521187687245	-0.6480063115386815	0.6723726838704639	0.5276269197331961	-0.5965881837714061	0.5180220464136255	-0.4575606198120453	0.7104156676349769	0.4665155976498845	0.5967341661278256	-0.13389009563858123	-0.6033447311035245	0.35354740106767424	-0.24562853036876528	0.6573289244205401	-0.5742781404105061	0.6209856989377227	0.39453137061176113	0.5107077818696659	0.3291590405966368	0.48159579570803746	-0.487053693081762	0.5644177188658067	-0.5417224955465867	-0.48797247256818654	-0.5979943559957026	-0.5286491433813014	0.8035494567370436	0.7091228001612571
GOBP_REGULATION_OF_SYNAPTIC_VESICLE_PRIMING	NAPA;NAPB;RAB3A;STX1A;STX1B;STXBP1;STXBP5;UNC13B	8	-0.5879996394960727	-0.45104195745013137	-0.5825502369655131	-0.8791082749410818	-0.7067282754528792	0.6060684735454791	-0.6351828601807838	0.45997393926216457	-0.7473678368562165	0.6173465131799033	0.566733400066758	-0.5690690690686531	0.4545600743429176	-0.4220655212945224	0.8293710377044169	0.4081094651140737	0.6695236903570947	-0.23066962877460823	-0.27830931202175213	0.07806872651431349	-0.4238286703669959	0.5953244911579223	-0.6810968038140991	0.701764264264338	0.2933312893151036	0.5658467325976889	-0.11901484818131812	0.48976963542438257	-0.2357916542049478	0.5791410742420946	-0.7398648648643751	-0.619597033784318	-0.706103962059978	-0.573718031089292	0.8473056389723427	0.8446777907210666
GOBP_REGULATION_OF_SYNAPTIC_VESICLE_RECYCLING	ABCA13;AP2M1;BTBD9;CALM3;CDK5;CYFIP1;DGKQ;DNM3;GRIPAP1;LRRK2;NLGN1;PLAA;PPP3CB;PPP3CC;ROCK1;SLC17A7;SNCA;STX1B;TOR1A;VAMP4	22	-0.3520174952283621	-0.19767346658041	-0.2804543311031505	-0.7022638164665386	-0.29175459012322025	0.4329267413477832	-0.5099136594655538	-0.00642728997702535	-0.6802328293084886	0.3970583964109274	0.4086369406642998	-0.6404698579272551	-0.3606525245937052	-0.3113558632671158	0.42894259150222114	0.15157212191521455	0.390887841146084	-0.40920686788380806	-0.13437466506374565	0.22031861276458403	-0.6335817191642824	0.13735307674096758	-0.4621739371291092	0.4940626627068439	0.37976943363191307	0.07525497263471712	-0.4439834844404882	0.38972818989837366	-0.3528896829537722	0.11364419187855046	-0.6526940242478323	-0.4316226578633613	-0.5804523902494919	-0.5999613741001106	0.4996864665905767	0.5934825958437705
GOBP_REGULATION_OF_SYNAPTIC_VESICLE_TRANSPORT	BORCS5;CNIH2;LRRK2;MAP2;PINK1;PRKN	7	-0.39268612668103575	-0.1806890008809208	-0.27905659920601733	-0.7356786853797932	-0.7068883241084255	-0.2131698009214133	-0.6271105473098803	0.12617395648485413	-0.9371884970708516	0.4357107525782591	0.28066424843438764	-0.5998107925506297	-0.00417011903418362	-0.42992353691575613	0.54181532356905	0.2026989440184187	0.4791635870085868	-0.558813616283534	-0.22445524374323103	-0.3685866340590087	-0.7949033428570369	0.4243951456757766	-0.6209191201161032	0.3973399664449211	0.12286863694834288	0.26690067871554957	-0.2583413612488216	0.2125948952722168	-0.6044872066000847	0.3993119828614202	-0.5204140455729954	-0.3494277734444165	-0.7295906774482462	-0.4990081494235567	0.5592680053827075	0.694388340448266
GOBP_SPONTANEOUS_NEUROTRANSMITTER_SECRETION	DOC2A;DOC2B;PRKN;RIMS2;RPH3A;STX1B;SYT1	9	-0.5550474043567475	-0.5941014908357893	-0.6051433124824185	-0.7075798303242502	-0.9111264063977834	0.00663262473767084	-0.6718942253552432	0.1914481989985371	-0.8896338469726581	0.18953112953876777	0.0413003166121299	-0.5611107616089281	0.05820053383917267	-0.6414746119333279	0.5161699841478985	0.17362671344854722	0.3955773683663374	-0.26993683052217565	-0.6779792383580027	-0.352410198959746	-0.4535484135753274	0.2434774735806026	-0.8126253014351987	0.20754795949806149	-0.30609853008583443	-0.3311736277266423	-0.4315878074029124	0.4470228777159775	-0.7675735451078516	0.2658768563642633	-0.7716320322937659	-0.5912277707676687	-0.6547155860756537	-0.571099383874458	0.45171700375807067	0.4579610758529524
GOBP_SYNAPTIC_TRANSMISSION_CHOLINERGIC	ACHE;ADORA2A;ANXA9;APOE;CHRFAM7A;CHRM3;CHRNA1;CHRNA10;CHRNA2;CHRNA3;CHRNA4;CHRNA5;CHRNA6;CHRNA7;CHRNB1;CHRNB2;CHRNB3;CHRNB4;CHRNE;CHRNG;COLQ;LAMA2;LYPD1;NQO1;RAPSN;RIC3;SLC5A7;TACR1;TACR2	33	-0.05088633523939517	-0.33395797010666595	-0.2616879217284994	-0.04431256355649538	-0.2262464961252959	-0.28684545413932044	-0.5289798343229143	0.03814178721106628	-0.2868143135658363	-0.02391151544116529	-0.08431679030349473	-0.11117649032445126	-0.03343426818477516	-0.07814924541181625	-0.113024587678846	-0.3005078967062638	-0.1965953637142656	-0.3763859318219805	-0.29403027033551754	-0.03359924259156754	-0.11009645524429353	0.1836186074848497	-0.38448708025699585	-0.3330927593112366	-0.3111866684512407	-0.0775687169200833	0.31148417085998026	-0.02122153567987036	-0.19778728388805064	0.04278425402593935	-0.1489522228302547	-0.4957640115458862	-0.4351318506430756	-0.2526876320518095	0.05177578578882308	0.14602146802518456
GOBP_SYNAPTIC_TRANSMISSION_GABAERGIC	ADORA1;ADORA2A;ADRA1A;BAIAP3;CA2;CA7;CLCN3;CLN3;CLSTN3;CNR1;CNR2;CNTNAP4;DRD2;EZH2;GABRA1;GABRA2;GABRA3;GABRA4;GABRA5;GABRA6;GABRB2;GABRE;GABRG1;GABRG2;GABRG3;HAP1;HTR1B;KIF5B;KRAS;NF1;NLGN1;NLGN2;NPAS4;NPS;NPY5R;OXTR;PHF24;PLCL1;PLCL2;PRKCE;PTEN;RAC3;SLC6A1;SLITRK3;STXBP1;SYN3;TACR1;TPBG;USP46;ZDHHC12;ZDHHC3	56	-0.28738661460793086	-0.04700802474792773	-0.32758416061906515	-0.34277889438522946	-0.5097573444108524	-0.01970143369177013	-0.4372306613071515	0.2239186565089825	-0.6264485003943061	0.2488518205624879	0.2383248357672544	-0.43897084843382334	-0.07441251635918752	-0.34134706703141504	0.3037575587833862	-0.25431685938569304	0.3488934130725738	-0.25326596134305335	-0.2786279192259809	-0.13681380700343254	-0.38632380552202694	0.3653254067897266	-0.4078079858004528	0.3853982425492994	-0.05051009471435985	2.6784479692509855e-4	0.02020965475503966	0.32204062614643564	-0.39264867740547565	0.2488584898502317	-0.501753428208814	-0.4015892907778713	-0.4917033630677934	-0.4682636809298874	0.3411577956929337	0.37230011499444393
GOBP_SYNAPTIC_TRANSMISSION_GLUTAMATERGIC	ADORA1;ADORA2A;ALS2;ATAD1;ATP1A2;CACNG2;CACNG3;CACNG4;CACNG5;CACNG7;CACNG8;CCL2;CCR2;CDH2;CDH8;CDK5;CLCN3;CLN3;CLSTN3;CNIH2;CNR1;DGKI;DGKZ;DISC1;DKK1;DRD1;DRD2;DRD3;DTNBP1;EXT1;GLUL;GRIA2;GRID1;GRID2;GRIK1;GRIK2;GRIK3;GRIK4;GRIK5;GRIN2D;GRM1;GRM2;GRM3;GRM4;GRM5;GRM6;GRM7;GRM8;HOMER1;HTR1B;HTR2A;KMO;LRRK2;MAPK8IP2;MEF2C;MIR142;NAPA;NAPB;NF1;NLGN1;NLGN2;NLGN3;NPS;NRXN1;NTRK1;OPHN1;OXTR;P2RX1;PLA2G6;PLAT;PLPPR4;PRKN;PSEN1;PTGS2;PTK2B;RAB3GAP1;RELN;ROR2;SERPINE2;SHANK3;SLC17A6;SLC17A7;SLC17A8;SLC1A4;STXBP1;SYT1;TNF;TNR;TPRG1L;TSHZ3;UCN;UNC13A;UNC13B;UNC13C	104	-0.10915563509628898	-0.1938225460034286	-0.34977966831943763	-0.5833951065670301	-0.5465195032747341	0.01265373174671583	-0.422752701237579	0.171537834457148	-0.5744876163882123	0.21073934764194563	-0.03847549259599986	-0.4555153098841216	-0.05533962627584257	-0.20181221044241335	0.32882841746740665	-0.21383713844013943	0.360703275353879	-0.29837055887702324	-0.2679940455776333	-0.23605663714126723	-0.5199385601149735	0.28735753750937854	-0.33541510422429427	0.38529864921279666	-0.08455216622191347	-0.00360068956981773	-0.23254871357401335	0.34014014952260296	-0.4298641887168615	0.2207675678003983	-0.4946115804506725	-0.4019851797084085	-0.4966196019421018	-0.47875349479044593	0.3901536201696225	0.41282435476407386
GOBP_SYNAPTIC_VESICLE_BUDDING	AP3B1;AP3D1;DNM1;PICALM;SLC2A4;SNAP91	7	-0.05382843016846361	0.17288105733271605	-0.3347448832354536	-0.7158956043738083	-0.19776483159178115	-0.13652686123274865	-0.5171861651818515	-0.2189199643110873	-0.4731254796156651	0.06761852844120692	-0.02650233525530598	-0.6957132231687795	-0.2469517825986203	-0.5491631602107128	0.11844418491351072	-0.09942749384026128	0.2821429367433295	-0.13987585713097658	-0.7011726969170442	0.5535035772572423	-0.4437911005335932	0.48692024062251127	-0.7259539282778769	0.5355489948330736	-0.28514285274387247	-0.09443286167451163	-0.5080905939630529	0.01992977897891107	-0.32026817056043055	0.08305101525503228	-0.43509477968724264	-0.03492683998893609	-0.7340625168707666	-0.6934338297269279	0.07193154197097595	0.11105525853623432
GOBP_SYNAPTIC_VESICLE_CLUSTERING	BRSK1;BRSK2;CDH2;CTNNB1;NLGN1;NLGN2;PCDH17;PCLO;PTEN;RAB3A;SYN1;SYN2;SYN3;SYNDIG1	16	-0.16851440612710297	-0.36151947663388506	-0.6065412374450202	-0.7260332981004821	-0.6682819614347703	0.26069281849920833	-0.6845796240284662	0.234055124653846	-0.6377313801607172	0.4898492309641129	0.455438732453984	-0.6597253548839432	-0.20173208800348072	-0.11608143870504056	0.482357410274094	0.13348893653601254	0.4101759174214441	0.0221265871603295	-0.3402178164274587	-0.10197783254229364	-0.6544583064989307	0.3803667336401349	-0.6359618536891046	0.4879538748351914	0.10648408551222766	0.12524453291131588	-0.4481794143144142	0.34537383456753595	-0.21003233663557236	0.19879235134731985	-0.7224601889093349	-0.32315174422730203	-0.6430452267211962	-0.6292548309744546	0.5310998076332187	0.5327437753455965
GOBP_SYNAPTIC_VESICLE_CYTOSKELETAL_TRANSPORT	AP3B1;AP3B2;AP3D1;AP3M1;AP3M2;AP3S1;AP3S2;BLOC1S1;BLOC1S2;BLOC1S3;BLOC1S4;BLOC1S5;BLOC1S6;BORCS5;CNIH2;DTNBP1;MAP2;SNAPIN;TRIM46	20	0.0540598649532634	0.292308445711683	-0.4224292976142032	-0.5604549574887793	-0.14419816614506387	0.06137098301080188	-0.5449885231874785	-0.17094569600080503	-0.3898899051842291	0.2782079242031234	0.21634112705192657	-0.6530241760766896	-0.3283118539830212	-0.11149119060588994	0.3947273129481671	0.2548128420146267	0.3109386822471096	-0.18746608272220924	-0.25776221680945377	0.35576621729180624	-0.5571257350000918	0.15075066102828935	-0.3734768904802141	0.46791863123543515	0.06841652900287323	-0.05685399515165568	-0.05601230128119575	0.2158781246440881	0.29975577641468215	0.01678522643601149	-0.54249685688438265	-0.21124516655099895	-0.6734722210036085	-0.7020757809997948	0.35987208863255904	0.4579969768341177
GOBP_SYNAPTIC_VESICLE_DOCKING	BLOC1S6;CTBP2;PPFIA3;SNAP25;SNPH;STX1A;STX1B;UNC13A;UNC13B;UNC13C	10	-0.412408895774771	-0.34311000284118354	-0.44677912532284125	-0.7093088284691904	-0.7227180981322946	0.5880809755284018	-0.6486757038572605	0.5137699706291233	-0.7228824673486953	0.5906220984879366	0.534056308654963	-0.5592949230967202	0.2362589665549167	-0.2676181201629427	0.699249193455239	0.4802216426142087	0.6680695558982577	-0.00189157165930275	-0.23116572574610364	-0.11658947182006936	-0.4318427281750616	0.6123461939521767	-0.5662013041127719	0.6677281736210415	0.34860097382265093	0.4799511911066384	0.07999810770392274	0.27257731539464336	-0.26280223451938167	0.4002271137592185	-0.6891123857124588	-0.6898817304928945	-0.6610207166282511	-0.6402878442888991	0.6788731016001611	0.7186528307372022
GOBP_SYNAPTIC_VESICLE_ENDOSOMAL_PROCESSING	AP3B1;AP3D1;BTBD8;EEA1;GRIPAP1;ITSN1;ITSN2;STX6;VAMP4	9	0.04113990939677664	0.2432776187707622	-0.0674138289532224	-0.6555233467503074	0.16154870543215244	0.5436415623468289	-0.5710502647976641	-0.30929806184441494	-0.328841350628034	0.3231725777470825	-0.0377181277217313	-0.386041157450554	0.29346993502589547	-0.17825158987763678	0.3539162522346482	0.210080828811038	0.5755933220088293	-0.5158269713561598	0.02915046997895046	0.4313153010363981	-0.6657085162878963	0.40581844575048925	-0.6491815593469373	0.6923671616461241	0.4241413109214829	0.32910056424454137	0.06792350524474766	0.5245603200499714	-0.10838510785642086	-0.18068096444892776	-0.42312202537958393	-0.17969473427988455	-0.664911051374378	-0.7841338032580196	0.0145149410719246	0.3314106424208111
GOBP_SYNAPTIC_VESICLE_EXOCYTOSIS	ADCY1;ADORA2A;ADORA2B;ADRA1A;ADRA2A;APBA1;ATP2A2;BACE1;BLOC1S6;CACNB2;CADPS;CADPS2;CALM3;CASK;CDK5;CHRNA5;CHRNA6;CHRNB3;CNR1;CPLX1;CPLX2;CPLX3;CPLX4;CSPG5;CTBP2;DNAJC5;DOC2A;DOC2B;DRD1;DRD2;DTNBP1;DVL1;ERC2;FBXL20;FMR1;GIPC1;GIT1;GRIK5;GRIN3A;GSK3B;HTR1B;HTR2A;LRRK2;NAPA;NAPB;NLGN1;OTOF;P2RX1;P2RX7;P2RY1;P2RY4;PCLO;PFN2;PIP5K1C;PPFIA3;PREPL;PRKCB;PRKCG;PRRT2;PSEN1;RAB3A;RAB3GAP1;RAB5A;RAP1A;RAP1B;RAP1BL;RIMS1;RIMS2;RIMS3;RIMS4;SCRIB;SEPTIN5;SLC4A8;SNAP23;SNAP25;SNAP29;SNAP47;SNAPIN;SNCA;SNPH;STX11;STX19;STX1A;STX1B;STX2;STX3;STX4;STXBP1;STXBP5;SV2A;SYN1;SYNJ1;SYP;SYT1;SYT10;SYT12;SYT2;SYT4;SYT5;SYT7;SYT8;SYT9;UNC13A;UNC13B;UNC13C;VAMP2;VPS18;WNT7A	113	-0.2405314482669643	-0.2060891932519324	-0.4133352168911857	-0.5595030178384276	-0.49068893389211593	0.2081398495727873	-0.5369327429919861	0.3753743731278093	-0.5762097923740935	0.37177371159763745	0.175343108693556	-0.5417231651409166	0.21308614723540137	-0.42138335244253594	0.47446163550288295	0.21309656739467475	0.4820476217752989	-0.31967159396987443	-0.34226329339668565	0.00930329227429208	-0.5175812461582099	0.41060094076231657	-0.483024108745993	0.4624456840334845	0.1146467655632798	0.2251865126097557	0.06533666414408551	0.26350689759980683	-0.32149282895290665	0.36974692464017217	-0.4973318271392566	-0.40454750347067814	-0.5364545646531914	-0.5014095146749372	0.5454309338974905	0.5420208076771977
GOBP_SYNAPTIC_VESICLE_LOCALIZATION	AP3B1;AP3B2;AP3D1;AP3M1;AP3M2;AP3S1;AP3S2;BLOC1S1;BLOC1S2;BLOC1S3;BLOC1S4;BLOC1S5;BLOC1S6;BORCS5;BRSK1;BRSK2;CDH2;CDK5;CNIH2;CTNNB1;DNM1;DNM2;DTNBP1;KIF5A;KIF5B;KIF5C;LIN7A;LRRK2;MAP2;NLGN1;NLGN2;PCDH17;PCLO;PICALM;PINK1;PRKN;PTEN;RAB27A;RAB3A;SLC2A4;SNAP91;SNAPIN;SNCA;SPG11;SYN1;SYN2;SYN3;SYNDIG1;SYNJ1;TMEM230;TOR1A;TRIM46	57	-0.13683927289257175	0.02950071037893653	-0.40877715965283246	-0.6266337678653272	-0.3799367346284811	0.10985254701511288	-0.5579458786932256	0.00438670761646936	-0.5860783307458215	0.3020210686957619	0.20745976875332012	-0.6404682645159884	-0.24693331382763145	-0.3353437293175344	0.3377410455446589	0.19793584628614969	0.3928078967875691	-0.2660503491409658	-0.3425646120716258	0.30273726169081083	-0.5771150433587107	0.27600060384564334	-0.548056283475068	0.4403674444571597	0.11478475665758664	0.10043094271827138	-0.24089933470221256	0.1633921868264965	-0.04891029859402918	0.17397249762746192	-0.5461304287265392	-0.1413818369117784	-0.5825458457956946	-0.6099446818046784	0.3008551813737619	0.3711730096188888
GOBP_SYNAPTIC_VESICLE_MATURATION	CLCN3;DLG4;PICALM;RAB3A;SNAPIN;STXBP1;SYP;UNC13A;UNC13B;UNC13C;ZDHHC15;ZDHHC2	12	0.06840788461998831	-0.01029953523233234	-0.562619648646741	-0.567418012048498	-0.508991120706675	0.42746059076593057	-0.6267206139992223	0.16097697265504474	-0.5066537426624551	0.4567566207740132	0.28258763652868557	-0.6032930403667016	0.01448325229790087	-0.4109497214281862	0.6232181964186773	0.4749627696132704	0.550705802269849	-0.5129488646626468	-0.18656227412624915	0.4275468674056672	-0.5703098726467177	0.3836011678702101	-0.4656722250199099	0.7132101443229049	0.5755711078311706	0.4094189475604392	0.09013931759404628	0.2971114978841497	0.19406722981336944	0.40915424282479657	-0.7339057034420777	-0.22035640154419725	-0.7154190198420067	-0.6327243342114723	0.5704440183562206	0.5620592844457687
GOBP_SYNAPTIC_VESICLE_MEMBRANE_ORGANIZATION	AP3D1;CPLX1;CPLX2;CPLX3;GRIK5;PRRT2;RAB3A;SNAP23;SNAP25;SNAP29;SNAP47;SNAPIN;STX11;STX19;STX1A;STX1B;STX2;STX3;STX4;STXBP1;SYNGR1;SYNGR2;SYP;SYT1;SYT9;TOR1A	26	-0.23398949756297588	-0.19141616717196203	-0.5150399615067522	-0.6036119441197454	-0.4330482900570059	0.45046196716080267	-0.3961308826770674	0.09849774424805008	-0.4795512893711664	0.3212834740515161	0.20961431521153748	-0.5522791280495054	0.3084998726607378	-0.26517671387174957	0.3800953335741556	0.336697614531329	0.48958533139615734	-0.3404590887273632	-0.18408909753390473	0.37723830174915457	-0.40200392219732256	0.2509376004693697	-0.5037750421550349	0.46812720670210967	0.34840178837996594	0.30163228569473327	0.2503865941253285	0.29520378629585486	-0.1632593371570628	0.4037433806424087	-0.4690397631614981	-0.21421215979971425	-0.34192241296390835	-0.5584830256285931	0.43462229035979527	0.4498879313755106
GOBP_SYNAPTIC_VESICLE_PRIMING	ERC2;NAPA;NAPB;OTOF;RAB3A;SNAP23;SNAP25;SNAP29;SNAP47;SNCA;STX1A;STX1B;STXBP1;STXBP5;SV2A;SYNJ1;UNC13A;UNC13B;UNC13C	19	-0.47190648910421046	-0.3719694762666873	-0.5642935964631843	-0.7349311754844448	-0.6530957733247258	0.49323379143516943	-0.6138668125130192	0.4807964347322357	-0.6258740002475394	0.48122324540247285	0.5383434440784515	-0.6130073138189648	0.459393197462773	-0.4551740828209998	0.6700700984916972	0.4032156166773156	0.6635011377335174	-0.3004237243028696	-0.41096156918940546	0.3481836450911284	-0.4313687258639147	0.6022116675861985	-0.6072443449631104	0.6360720707008855	0.3539152618406332	0.3991490155096567	0.02893139483930351	0.3843331062906857	-0.26971678518997727	0.5332179392627616	-0.612877976993999	-0.46659574021005507	-0.6307866877887034	-0.5499009964829148	0.7458947798087123	0.7318149362733417
GOBP_SYNAPTIC_VESICLE_RECYCLING	ABCA13;ACTB;ACTG1;AMPH;AP2M1;AP3B1;AP3D1;ARF6;BIN1;BTBD8;BTBD9;CALM3;CANX;CDK5;CEL;CYFIP1;DGKQ;DNAJC6;DNM1;DNM2;DNM3;FCHO2;GAK;GRIPAP1;ITSN1;ITSN2;KIAA1109;LRRK2;NLGN1;NLGN2;NLGN3;NLGN4X;NLGN4Y;NOSTRIN;OPHN1;PACSIN1;PICALM;PIP5K1C;PLAA;PLD2;PPP3CB;PPP3CC;RAB27B;RAB3A;RAB5A;ROCK1;SCRIB;SH3GL1;SH3GL2;SH3GL3;SLC17A7;SLC2A4;SNAP91;SNCA;SNCB;SNCG;STON1;STON2;STX1A;STX1B;SYNJ1;SYNJ2;SYP;SYT1;SYT2;SYT5;SYT7;SYT8;TOR1A;VAMP2;VAMP4;WNT3A;WNT7A	81	-0.14561261271133777	-0.11711349710762564	-0.336173903111692	-0.5910859812212506	-0.4288213897736657	0.12330262840100678	-0.5065055910689888	-0.02705009241096409	-0.5450706837079875	0.18067093787634453	0.08181467358738495	-0.5560242821794841	-0.1282066322391763	-0.378526768628326	0.326910102973927	0.06718442178459841	0.36398994992652856	-0.3611905326593822	-0.18704564382313504	0.14701353548397256	-0.5596921974486061	0.3188763719938118	-0.485034349525527	0.3778980446830354	0.1627222511005431	0.08289950524523199	-0.13714873161022884	0.1423509170810125	-0.28730449324163193	0.04178119255634055	-0.5038924680322263	-0.2391635785660483	-0.5173581345832227	-0.5786203048861059	0.31040249015141624	0.33496113217036494
GOBP_SYNAPTIC_VESICLE_RECYCLING_VIA_ENDOSOME	AP3B1;AP3D1;BTBD8;GRIPAP1;ITSN1;ITSN2	6	-0.23720886348252676	-0.02000782491981356	0.22369197593106793	-0.6554823372387379	0.1880159040269261	0.5154988905029406	-0.5270285063063389	-0.04183237641783433	-0.4120443316675641	0.31964017261880084	-0.03392834800028538	-0.5475872711343279	0.4694846722685965	-0.3945565758222492	0.27142768250579746	-0.1763196811804286	0.5552618478454903	-0.3999239247817904	-0.1523751928933234	0.4312883179713971	-0.6755645134515275	0.5262460331114895	-0.733202652540553	0.6911936309608261	0.2760770738623667	0.3805748298532132	0.16396446182794322	0.5612605179301622	-0.2414745261269916	-0.03347118443212946	-0.2089892443940991	-0.2243902332000354	-0.5753082414494195	-0.784084747881946	0.04101755667900031	0.12815627196646817
GOBP_SYNAPTIC_VESICLE_TRANSPORT	AP3B1;AP3B2;AP3D1;AP3M1;AP3M2;AP3S1;AP3S2;BLOC1S1;BLOC1S2;BLOC1S3;BLOC1S4;BLOC1S5;BLOC1S6;BORCS5;CDK5;CNIH2;CTNNB1;DNM1;DNM2;DTNBP1;KIF5A;KIF5B;KIF5C;LIN7A;LRRK2;MAP2;PICALM;PINK1;PRKN;RAB27A;RAB3A;SLC2A4;SNAP91;SNAPIN;SNCA;SPG11;SYNJ1;TMEM230;TOR1A;TRIM46	43	-0.09349638456346582	0.2205525301520244	-0.32744595725374276	-0.6126994801862539	-0.22379379287850093	0.03204922797823942	-0.5151123352347554	-0.11363331344745896	-0.5250183251012575	0.2753606863346068	0.10923736744934642	-0.6405635091791938	-0.2819454570298183	-0.3746333248970451	0.29247091980692125	0.27170801413810264	0.39656350854991046	-0.31128246767059126	-0.3457989760991648	0.3599973968079373	-0.5724944400714046	0.2592761295113133	-0.5189412765267069	0.44914766954224233	0.12177822820334358	0.11223555387184406	-0.22387589139704395	0.10484272610706066	0.11560424449714105	0.16866521978912058	-0.5010544517157312	-0.08627668658138546	-0.5897040806867923	-0.6133303910527798	0.24442844826660737	0.31605822491059127
GOBP_SYNAPTIC_VESICLE_UNCOATING	DNAJC6;GAK;NOSTRIN;SH3GL1;SH3GL2;SH3GL3;SYNJ1	8	-0.7079717071992873	-0.19015294520226364	-0.3963920176293584	-0.8098932265596681	-0.7128578993269099	0.31844084029028213	-0.5686051726742344	-0.7005695815573659	-0.7077467071055933	0.2552793459291697	-0.03194985394344402	-0.5433512469498911	0.2410208533111688	-0.5809167762034388	0.4801353263857606	0.46950997855011933	0.4167773982514533	-0.6852169159541568	-0.00550913697722513	-5.113026694019696e-4	-0.6226005216940499	0.3044897050636611	-0.6307534202539928	0.5266085698180377	0.07132101006492825	0.34445398874753713	0.27099886571718046	0.1569684455225784	-0.3791551498638357	-0.24021801856487487	-0.44722589354684034	-0.16284711134404473	-0.34607355858976135	-0.7246031334713574	0.5352667204485049	0.4944921514348181
