miRNA	cell_type	pearson_r	pearson_pvalue
hsa-miR-891a-5p	Myeloid dendritic cell activated	0.594920972917564	0.2899426971874147
hsa-miR-891a-5p	B cell	0.47310207533495086	0.4209210739291597
hsa-miR-891a-5p	T cell CD4+ memory	0.8897885481160552	0.04318777926798045
hsa-miR-891a-5p	T cell CD4+ (non-regulatory)	0.020455245898309174	0.9739573883779378
hsa-miR-891a-5p	T cell CD4+ central memory	-0.5289358670992205	0.3594116393602973
hsa-miR-891a-5p	T cell CD4+ effector memory	-0.6291420122530882	0.25548913617245617
hsa-miR-891a-5p	T cell CD8+ naive	0.6178247424307706	0.26675492447797966
hsa-miR-891a-5p	T cell CD8+	0.03558905914214186	0.9546961698741522
hsa-miR-891a-5p	T cell CD8+ central memory	-0.012231951423751353	0.9844261841171071
hsa-miR-891a-5p	Class-switched memory B cell	-0.5890709354560152	0.2959457271718169
hsa-miR-891a-5p	Common lymphoid progenitor	0.820191273025747	0.08901747194732776
hsa-miR-891a-5p	Common myeloid progenitor	0.21183207781736726	0.7323179520279327
hsa-miR-891a-5p	Endothelial cell	-0.1595859366535048	0.7976746672301073
hsa-miR-891a-5p	Cancer associated fibroblast	-0.17526195140758705	0.7779972845446741
hsa-miR-891a-5p	Granulocyte-monocyte progenitor	0.03558905914214048	0.9546961698741538
hsa-miR-891a-5p	Hematopoietic stem cell	-0.49255329483007804	0.3992336340588764
hsa-miR-891a-5p	Macrophage	0.44664416756513936	0.450833434869043
hsa-miR-891a-5p	Macrophage M1	0.48642495555551535	0.40603776889033566
hsa-miR-891a-5p	Macrophage M2	0.4711314927325904	0.4231328680816305
hsa-miR-891a-5p	Mast cell	-0.18668692905489634	0.7636908329511268
hsa-miR-891a-5p	B cell memory	0.4731020753349503	0.4209210739291607
hsa-miR-891a-5p	Monocyte	0.48378822154940737	0.40897348261738814
hsa-miR-891a-5p	B cell naive	-0.8827426483535786	0.04734281154965562
hsa-miR-891a-5p	Neutrophil	0.03558905914214274	0.9546961698741511
hsa-miR-891a-5p	T cell NK	0.03131896314138713	0.9601299775879846
hsa-miR-891a-5p	Plasmacytoid dendritic cell	0.3183606171319632	0.6016059981547565
hsa-miR-891a-5p	B cell plasma	-0.4943130566836549	0.39728479852698517
hsa-miR-891a-5p	T cell CD4+ Th1	0.6771715252398597	0.20919618628625605
hsa-miR-891a-5p	T cell CD4+ Th2	0.3382942003200241	0.5776332491271343
hsa-miR-891a-5p	T cell regulatory (Tregs)	-0.08063256674044117	0.89744678369446
hsa-miR-891a-5p	immune score	0.4779663566311974	0.4154727702307712
hsa-miR-891a-5p	stroma score	-0.17666533728711867	0.7762383190613565
hsa-miR-891a-5p	microenvironment score	0.33918688236866884	0.5765638469645992
hsa-miR-891a-5p	M2:M1 ratio	-0.8979195843224788	0.1020804156775212
hsa-miR-455-5p	Myeloid dendritic cell activated	-0.23444845510100829	0.704248602736496
hsa-miR-455-5p	B cell	-0.3692688826011921	0.5407475290713174
hsa-miR-455-5p	T cell CD4+ memory	0.49758973027815917	0.3936620523334835
hsa-miR-455-5p	T cell CD4+ (non-regulatory)	0.3653451502523614	0.5453941650595369
hsa-miR-455-5p	T cell CD4+ central memory	0.03066460369812119	0.9609627336771887
hsa-miR-455-5p	T cell CD4+ effector memory	-0.28657715298728215	0.6401764450594778
hsa-miR-455-5p	T cell CD8+ naive	0.7961625717989794	0.10703206239206262
hsa-miR-455-5p	T cell CD8+	0.3701795691444828	0.5396701689560769
hsa-miR-455-5p	T cell CD8+ central memory	0.3277433742621103	0.5903001090899046
hsa-miR-455-5p	Class-switched memory B cell	-0.11561777318914522	0.853119508783658
hsa-miR-455-5p	Common lymphoid progenitor	0.639271622762453	0.24551744128316044
hsa-miR-455-5p	Common myeloid progenitor	-0.6333786578338787	0.25130550951346914
hsa-miR-455-5p	Endothelial cell	-0.633143463986694	0.251537271597887
hsa-miR-455-5p	Cancer associated fibroblast	-0.09607481041753647	0.8778621996120294
hsa-miR-455-5p	Granulocyte-monocyte progenitor	0.37017956914448125	0.5396701689560793
hsa-miR-455-5p	Hematopoietic stem cell	-0.7720785438818499	0.1260597575804347
hsa-miR-455-5p	Macrophage	-0.38801199456235713	0.5186603549895439
hsa-miR-455-5p	Macrophage M1	-0.3564022209816228	0.5560133273773126
hsa-miR-455-5p	Macrophage M2	-0.3171398020088728	0.6030798310253184
hsa-miR-455-5p	Mast cell	-0.11021545643415129	0.8599539522753232
hsa-miR-455-5p	B cell memory	-0.36926888260119234	0.5407475290713173
hsa-miR-455-5p	Monocyte	-0.3589690975589534	0.5529613003618334
hsa-miR-455-5p	B cell naive	-0.6442953637935969	0.24061212763365292
hsa-miR-455-5p	Neutrophil	0.3701795691444833	0.5396701689560767
hsa-miR-455-5p	T cell NK	0.7288536599808167	0.16241843937787595
hsa-miR-455-5p	Plasmacytoid dendritic cell	0.021983403842516357	0.9720121155292423
hsa-miR-455-5p	B cell plasma	-0.45216564588785446	0.4445532033257824
hsa-miR-455-5p	T cell CD4+ Th1	0.3377069958593345	0.578336898668658
hsa-miR-455-5p	T cell CD4+ Th2	0.4508290718971885	0.4460716535491117
hsa-miR-455-5p	T cell regulatory (Tregs)	0.327923262913986	0.5900837255822614
hsa-miR-455-5p	immune score	-0.34224768636207414	0.5728998941664939
hsa-miR-455-5p	stroma score	-0.48913401052916144	0.4030266668318928
hsa-miR-455-5p	microenvironment score	-0.5269220792242015	0.3615892436112106
hsa-miR-455-5p	M2:M1 ratio	-0.49721291163196435	0.5027870883680355
hsa-miR-3616-5p	Myeloid dendritic cell activated	-0.7554019462147105	0.13976544325076135
hsa-miR-3616-5p	B cell	-0.8871451349445303	0.04473242539694006
hsa-miR-3616-5p	T cell CD4+ memory	-0.07835167521804637	0.9003417142341382
hsa-miR-3616-5p	T cell CD4+ (non-regulatory)	-0.08479462775649987	0.8921656456841447
hsa-miR-3616-5p	T cell CD4+ central memory	-0.016795919282080723	0.9786157768949443
hsa-miR-3616-5p	T cell CD4+ effector memory	0.030639157516694316	0.9609951175379843
hsa-miR-3616-5p	T cell CD8+ naive	0.5467395190414714	0.3403016532985671
hsa-miR-3616-5p	T cell CD8+	-0.0850469903693009	0.8918454883227919
hsa-miR-3616-5p	T cell CD8+ central memory	-0.04821826816922038	0.9386303924508802
hsa-miR-3616-5p	Class-switched memory B cell	-0.07121059109675079	0.9094085467133186
hsa-miR-3616-5p	Common lymphoid progenitor	0.16320561447069679	0.7931263742845491
hsa-miR-3616-5p	Common myeloid progenitor	-0.6809574556501437	0.20565764369963924
hsa-miR-3616-5p	Endothelial cell	-0.03380694933474645	0.9569638559271239
hsa-miR-3616-5p	Cancer associated fibroblast	0.67557784204714	0.210690764838803
hsa-miR-3616-5p	Granulocyte-monocyte progenitor	-0.08504699036929998	0.8918454883227931
hsa-miR-3616-5p	Hematopoietic stem cell	0.07086377933465068	0.909849005597502
hsa-miR-3616-5p	Macrophage	-0.8957563011932013	0.03976477248886008
hsa-miR-3616-5p	Macrophage M1	-0.8810935475101053	0.04833261363705632
hsa-miR-3616-5p	Macrophage M2	-0.8693994247600488	0.05553353561814347
hsa-miR-3616-5p	Mast cell	0.669193930773915	0.2167072666612156
hsa-miR-3616-5p	B cell memory	-0.8871451349445306	0.04473242539693989
hsa-miR-3616-5p	Monocyte	-0.8823184741537484	0.04759678467646532
hsa-miR-3616-5p	B cell naive	0.4071566497949478	0.4962945025982927
hsa-miR-3616-5p	Neutrophil	-0.08504699036930105	0.8918454883227918
hsa-miR-3616-5p	T cell NK	0.3579830086562265	0.5541333839816903
hsa-miR-3616-5p	Plasmacytoid dendritic cell	-0.7838165489362434	0.11666953962205927
hsa-miR-3616-5p	B cell plasma	0.4080329837581966	0.49527561096376643
hsa-miR-3616-5p	T cell CD4+ Th1	0.23661595735742352	0.7015664950317095
hsa-miR-3616-5p	T cell CD4+ Th2	0.7229649688276617	0.16757526227694566
hsa-miR-3616-5p	T cell regulatory (Tregs)	-0.0819015176339616	0.8958364494227062
hsa-miR-3616-5p	immune score	-0.922168852554387	0.025758924724942192
hsa-miR-3616-5p	stroma score	0.21443480489582972	0.7290802010283474
hsa-miR-3616-5p	microenvironment score	-0.7127404026325932	0.1766383853146848
hsa-miR-3616-5p	M2:M1 ratio	0.14553820667317321	0.8544617933268268
hsa-miR-135b-5p	Myeloid dendritic cell activated	0.3340574063540013	0.5827137366767244
hsa-miR-135b-5p	B cell	0.48762537640303477	0.40470286256170285
hsa-miR-135b-5p	T cell CD4+ memory	-0.1597068428916659	0.7975226990535536
hsa-miR-135b-5p	T cell CD4+ (non-regulatory)	0.43861301946247816	0.46000272170852047
hsa-miR-135b-5p	T cell CD4+ central memory	0.5593033965441729	0.3269738077999805
hsa-miR-135b-5p	T cell CD4+ effector memory	0.29075567267682745	0.6350826776788545
hsa-miR-135b-5p	T cell CD8+ naive	-0.5179716093406909	0.37130630934267295
hsa-miR-135b-5p	T cell CD8+	0.429027568566277	0.47099897293050186
hsa-miR-135b-5p	T cell CD8+ central memory	0.3703039580360959	0.5395230470833386
hsa-miR-135b-5p	Class-switched memory B cell	0.5564977143803901	0.32993848996220126
hsa-miR-135b-5p	Common lymphoid progenitor	-0.2987483586425817	0.6253582129229873
hsa-miR-135b-5p	Common myeloid progenitor	0.13206594280589634	0.8323385061475521
hsa-miR-135b-5p	Endothelial cell	-0.4936260790775974	0.39804532069445914
hsa-miR-135b-5p	Cancer associated fibroblast	-0.9538092935112968	0.011834056173952058
hsa-miR-135b-5p	Granulocyte-monocyte progenitor	0.4290275685662752	0.47099897293050375
hsa-miR-135b-5p	Hematopoietic stem cell	-0.4786171992006392	0.4147450239778016
hsa-miR-135b-5p	Macrophage	0.5079596182175486	0.3822489358210001
hsa-miR-135b-5p	Macrophage M1	0.4803416479030786	0.41281823690678315
hsa-miR-135b-5p	Macrophage M2	0.5339034694291025	0.3540537318607486
hsa-miR-135b-5p	Mast cell	-0.9491689464547504	0.013651745796481436
hsa-miR-135b-5p	B cell memory	0.4876253764030355	0.40470286256170196
hsa-miR-135b-5p	Monocyte	0.4818016290234043	0.41118856931331227
hsa-miR-135b-5p	B cell naive	-0.4651016594093726	0.42991713374687296
hsa-miR-135b-5p	Neutrophil	0.42902756856627694	0.47099897293050186
hsa-miR-135b-5p	T cell NK	0.21933943163745936	0.7229840891063748
hsa-miR-135b-5p	Plasmacytoid dendritic cell	0.852591417889785	0.06641624652225676
hsa-miR-135b-5p	B cell plasma	-0.6590529178539791	0.22636039595223237
hsa-miR-135b-5p	T cell CD4+ Th1	-0.6093858499965301	0.2752390384222489
hsa-miR-135b-5p	T cell CD4+ Th2	-0.9009375390361516	0.036866904066568396
hsa-miR-135b-5p	T cell regulatory (Tregs)	0.4961839288387528	0.395215373878404
hsa-miR-135b-5p	immune score	0.5575411688240103	0.3288351155178029
hsa-miR-135b-5p	stroma score	-0.6919424865000323	0.1954871099924957
hsa-miR-135b-5p	microenvironment score	0.1714840692783428	0.7827345866969878
hsa-miR-135b-5p	M2:M1 ratio	0.1697549562981573	0.8302450437018427
hsa-miR-203b-3p	Myeloid dendritic cell activated	-0.44116423587465464	0.45708557088500706
hsa-miR-203b-3p	B cell	-0.40598568014142505	0.497656639945959
hsa-miR-203b-3p	T cell CD4+ memory	-0.6477510282915475	0.23725361929625757
hsa-miR-203b-3p	T cell CD4+ (non-regulatory)	-0.39147146919696263	0.5146039262244289
hsa-miR-203b-3p	T cell CD4+ central memory	0.32510570334599564	0.5934745333829325
hsa-miR-203b-3p	T cell CD4+ effector memory	0.6920965278903299	0.19534552675646147
hsa-miR-203b-3p	T cell CD8+ naive	-0.40598568014142505	0.497656639945959
hsa-miR-203b-3p	T cell CD8+	-0.40598568014142494	0.497656639945959
hsa-miR-203b-3p	T cell CD8+ central memory	-0.3627636160791142	0.5484555198808355
hsa-miR-203b-3p	Class-switched memory B cell	0.45837414950003474	0.4375150551227291
hsa-miR-203b-3p	Common lymphoid progenitor	-0.5683792148786275	0.31743022785207753
hsa-miR-203b-3p	Common myeloid progenitor	-0.1298449934145312	0.8351419538357524
hsa-miR-203b-3p	Endothelial cell	0.2543992295685492	0.6796174342588435
hsa-miR-203b-3p	Cancer associated fibroblast	0.31317229242264627	0.6078739875364971
hsa-miR-203b-3p	Granulocyte-monocyte progenitor	-0.4059856801414239	0.4976566399459603
hsa-miR-203b-3p	Hematopoietic stem cell	0.5657607299550178	0.3201763065282787
hsa-miR-203b-3p	Macrophage	-0.37554641411767037	0.5333296722707258
hsa-miR-203b-3p	Macrophage M1	-0.41515834445451033	0.4870074536563259
hsa-miR-203b-3p	Macrophage M2	-0.3619304655127247	0.5494442315547724
hsa-miR-203b-3p	Mast cell	0.32156816397248555	0.5977367210843468
hsa-miR-203b-3p	B cell memory	-0.40598568014142455	0.49765663994595954
hsa-miR-203b-3p	Monocyte	-0.41334496553541367	0.4891088959929234
hsa-miR-203b-3p	B cell naive	0.9030040727153319	0.03573076884790154
hsa-miR-203b-3p	Neutrophil	-0.4059856801414257	0.4976566399459582
hsa-miR-203b-3p	T cell NK	-0.16480822100001918	0.7911135025569263
hsa-miR-203b-3p	Plasmacytoid dendritic cell	-0.5888662498072034	0.2961563438075579
hsa-miR-203b-3p	B cell plasma	0.4717173576024869	0.42247501321553527
hsa-miR-203b-3p	T cell CD4+ Th1	-0.39801277293850446	0.5069516518728744
hsa-miR-203b-3p	T cell CD4+ Th2	-0.10702210889059166	0.8639957909215078
hsa-miR-203b-3p	T cell regulatory (Tregs)	-0.2892059735265442	0.6369710347904273
hsa-miR-203b-3p	immune score	-0.4539751124974773	0.4424993489601505
hsa-miR-203b-3p	stroma score	0.29356449240591076	0.6316624146935099
hsa-miR-203b-3p	microenvironment score	-0.26413416920064436	0.667646412933069
hsa-miR-203b-3p	M2:M1 ratio	0.9999977885214989	2.2114785010986727e-6
hsa-miR-324-3p	Myeloid dendritic cell activated	NA	NA
hsa-miR-324-3p	B cell	NA	NA
hsa-miR-324-3p	T cell CD4+ memory	NA	NA
hsa-miR-324-3p	T cell CD4+ (non-regulatory)	NA	NA
hsa-miR-324-3p	T cell CD4+ central memory	NA	NA
hsa-miR-324-3p	T cell CD4+ effector memory	NA	NA
hsa-miR-324-3p	T cell CD8+ naive	NA	NA
hsa-miR-324-3p	T cell CD8+	NA	NA
hsa-miR-324-3p	T cell CD8+ central memory	NA	NA
hsa-miR-324-3p	Class-switched memory B cell	NA	NA
hsa-miR-324-3p	Common lymphoid progenitor	NA	NA
hsa-miR-324-3p	Common myeloid progenitor	NA	NA
hsa-miR-324-3p	Endothelial cell	NA	NA
hsa-miR-324-3p	Cancer associated fibroblast	NA	NA
hsa-miR-324-3p	Granulocyte-monocyte progenitor	NA	NA
hsa-miR-324-3p	Hematopoietic stem cell	NA	NA
hsa-miR-324-3p	Macrophage	NA	NA
hsa-miR-324-3p	Macrophage M1	NA	NA
hsa-miR-324-3p	Macrophage M2	NA	NA
hsa-miR-324-3p	Mast cell	NA	NA
hsa-miR-324-3p	B cell memory	NA	NA
hsa-miR-324-3p	Monocyte	NA	NA
hsa-miR-324-3p	B cell naive	NA	NA
hsa-miR-324-3p	Neutrophil	NA	NA
hsa-miR-324-3p	T cell NK	NA	NA
hsa-miR-324-3p	Plasmacytoid dendritic cell	NA	NA
hsa-miR-324-3p	B cell plasma	NA	NA
hsa-miR-324-3p	T cell CD4+ Th1	NA	NA
hsa-miR-324-3p	T cell CD4+ Th2	NA	NA
hsa-miR-324-3p	T cell regulatory (Tregs)	NA	NA
hsa-miR-324-3p	immune score	NA	NA
hsa-miR-324-3p	stroma score	NA	NA
hsa-miR-324-3p	microenvironment score	NA	NA
hsa-miR-324-3p	M2:M1 ratio	NA	NA
hsa-miR-216b-5p	Myeloid dendritic cell activated	0.024335826636773333	0.9690177218643585
hsa-miR-216b-5p	B cell	-0.028388090904810304	0.9638600154037391
hsa-miR-216b-5p	T cell CD4+ memory	-0.034695184768292954	0.9558335830509301
hsa-miR-216b-5p	T cell CD4+ (non-regulatory)	-0.6178472040041909	0.26673243691255843
hsa-miR-216b-5p	T cell CD4+ central memory	-0.6680152611568527	0.2178232355397499
hsa-miR-216b-5p	T cell CD4+ effector memory	-0.2499752131827642	0.685068199983875
hsa-miR-216b-5p	T cell CD8+ naive	-0.01702280180908869	0.9783269423917409
hsa-miR-216b-5p	T cell CD8+	-0.6082137725034507	0.2764229435823818
hsa-miR-216b-5p	T cell CD8+ central memory	-0.5321632424160289	0.35592844425000636
hsa-miR-216b-5p	Class-switched memory B cell	-0.5820012365633992	0.303242660340922
hsa-miR-216b-5p	Common lymphoid progenitor	-0.042651624903153385	0.9457107341689047
hsa-miR-216b-5p	Common myeloid progenitor	0.43678475954973073	0.4620957080883166
hsa-miR-216b-5p	Endothelial cell	0.9079746495452439	0.03304513540568264
hsa-miR-216b-5p	Cancer associated fibroblast	0.8901565836140944	0.04297409231113422
hsa-miR-216b-5p	Granulocyte-monocyte progenitor	-0.6082137725034482	0.2764229435823842
hsa-miR-216b-5p	Hematopoietic stem cell	0.9087753742800252	0.03261881923164258
hsa-miR-216b-5p	Macrophage	-0.04140558655436997	0.9472958375421895
hsa-miR-216b-5p	Macrophage M1	-0.028822641481505616	0.9633069548442192
hsa-miR-216b-5p	Macrophage M2	-0.12464109058318171	0.8417139035631958
hsa-miR-216b-5p	Mast cell	0.8944430955657071	0.040510270456556544
hsa-miR-216b-5p	B cell memory	-0.028388090904810925	0.9638600154037382
hsa-miR-216b-5p	Monocyte	-0.028736959938966494	0.9634160027833808
hsa-miR-216b-5p	B cell naive	0.6838352685227499	0.20297922148049838
hsa-miR-216b-5p	Neutrophil	-0.6082137725034508	0.2764229435823818
hsa-miR-216b-5p	T cell NK	-0.7581843527237667	0.13744976536431766
hsa-miR-216b-5p	Plasmacytoid dendritic cell	-0.6598051590140559	0.22564036638608462
hsa-miR-216b-5p	B cell plasma	0.8403390712893425	0.07472181764464114
hsa-miR-216b-5p	T cell CD4+ Th1	0.4443268793256158	0.4534749514586055
hsa-miR-216b-5p	T cell CD4+ Th2	0.53324769173829345	0.35475990301526183
hsa-miR-216b-5p	T cell regulatory (Tregs)	-0.6731751730167345	0.21294961874680107
hsa-miR-216b-5p	immune score	-0.10471504794586306	0.8669167234497925
hsa-miR-216b-5p	stroma score	0.9673340141046769	0.007052417370219301
hsa-miR-216b-5p	microenvironment score	0.3541489170780377	0.5586951536181849
hsa-miR-216b-5p	M2:M1 ratio	-0.060143256960174724	0.9398567430398252
hsa-miR-1269a	Myeloid dendritic cell activated	-0.1163237472303579	0.8522266997737035
hsa-miR-1269a	B cell	-0.1218110955689527	0.8452897020790283
hsa-miR-1269a	T cell CD4+ memory	0.29263704649933897	0.6327914138781332
hsa-miR-1269a	T cell CD4+ (non-regulatory)	0.73228909004975	0.15943163434745386
hsa-miR-1269a	T cell CD4+ central memory	0.15357513752150298	0.8052334418432889
hsa-miR-1269a	T cell CD4+ effector memory	-0.43046026012068356	0.4693518468031348
hsa-miR-1269a	T cell CD8+ naive	0.4004296682664484	0.5041302282719908
hsa-miR-1269a	T cell CD8+	0.7384893885450271	0.1540820305549821
hsa-miR-1269a	T cell CD8+ central memory	0.695959787031066	0.19180421633500655
hsa-miR-1269a	Class-switched memory B cell	-0.04807488732877997	0.9388127388905766
hsa-miR-1269a	Common lymphoid progenitor	0.33643569721547123	0.5798608403635634
hsa-miR-1269a	Common myeloid progenitor	-0.4266150593791012	0.4737753708166068
hsa-miR-1269a	Endothelial cell	-0.6200262378378264	0.2645532857688993
hsa-miR-1269a	Cancer associated fibroblast	-0.37652118155614667	0.5321796501545516
hsa-miR-1269a	Granulocyte-monocyte progenitor	0.7384893885450259	0.15408203055498296
hsa-miR-1269a	Hematopoietic stem cell	-0.7868201104974056	0.11430198035358761
hsa-miR-1269a	Macrophage	-0.14503827128196747	0.8159810466985202
hsa-miR-1269a	Macrophage M1	-0.11505894911876968	0.8538262772016387
hsa-miR-1269a	Macrophage M2	-0.13525411038084154	0.8283156300020514
hsa-miR-1269a	Mast cell	-0.3851055738228522	0.5220732585030776
hsa-miR-1269a	B cell memory	-0.1218110955689529	0.8452897020790281
hsa-miR-1269a	Monocyte	-0.11640421052613312	0.8521249466972043
hsa-miR-1269a	B cell naive	-0.7624561003236918	0.13391691388532762
hsa-miR-1269a	Neutrophil	0.7384893885450277	0.15408203055498157
hsa-miR-1269a	T cell NK	0.6611290731489817	0.22437468061257415
hsa-miR-1269a	Plasmacytoid dendritic cell	0.5243592428620074	0.3643651871208653
hsa-miR-1269a	B cell plasma	-0.48350606238362603	0.40928792630702504
hsa-miR-1269a	T cell CD4+ Th1	0.03414974328003853	0.9565276491471468
hsa-miR-1269a	T cell CD4+ Th2	0.0294621005963565	0.9624931160337392
hsa-miR-1269a	T cell regulatory (Tregs)	0.680523884599609	0.20606202637108245
hsa-miR-1269a	immune score	-0.043996196738642884	0.9440003796643517
hsa-miR-1269a	stroma score	-0.5788094114260128	0.30655205084691983
hsa-miR-1269a	microenvironment score	-0.30578113901441195	0.616822671693938
hsa-miR-1269a	M2:M1 ratio	-0.7348686053297906	0.26513139467020924
hsa-miR-6499-5p	Myeloid dendritic cell activated	-0.1295983095630347	0.8354533875702553
hsa-miR-6499-5p	B cell	-0.11490943539983979	0.854015381339245
hsa-miR-6499-5p	T cell CD4+ memory	0.17969150919041205	0.7724469344871655
hsa-miR-6499-5p	T cell CD4+ (non-regulatory)	0.5406695921944271	0.34678795867240725
hsa-miR-6499-5p	T cell CD4+ central memory	-0.41019395116144236	0.49276497791544593
hsa-miR-6499-5p	T cell CD4+ effector memory	-0.9026538407884831	0.035922518284152834
hsa-miR-6499-5p	T cell CD8+ naive	0.27440069807110856	0.6550575259617111
hsa-miR-6499-5p	T cell CD8+	0.5594253913177223	0.32684505255072366
hsa-miR-6499-5p	T cell CD8+ central memory	0.5884970587123457	0.29653633087002085
hsa-miR-6499-5p	Class-switched memory B cell	-0.6229006868462448	0.26168599447031404
hsa-miR-6499-5p	Common lymphoid progenitor	0.1865305925987625	0.7638863901922237
hsa-miR-6499-5p	Common myeloid progenitor	-0.024574288078519673	0.9687141941306381
hsa-miR-6499-5p	Endothelial cell	0.15764032427776206	0.8001205377063383
hsa-miR-6499-5p	Cancer associated fibroblast	0.32472278926612225	0.5939356224318701
hsa-miR-6499-5p	Granulocyte-monocyte progenitor	0.5594253913177235	0.32684505255072244
hsa-miR-6499-5p	Hematopoietic stem cell	-0.06011417971951323	0.9235063730048383
hsa-miR-6499-5p	Macrophage	-0.16203619573336567	0.7945955044016224
hsa-miR-6499-5p	Macrophage M1	-0.1104205689879055	0.8596943888771081
hsa-miR-6499-5p	Macrophage M2	-0.27594625900182856	0.6531656272883257
hsa-miR-6499-5p	Mast cell	0.32145446446673326	0.5978738015095885
hsa-miR-6499-5p	B cell memory	-0.11490943539984068	0.8540153813392439
hsa-miR-6499-5p	Monocyte	-0.11131574575826139	0.8585616410217229
hsa-miR-6499-5p	B cell naive	-0.29461542811280605	0.6303834953503191
hsa-miR-6499-5p	Neutrophil	0.5594253913177227	0.32684505255072305
hsa-miR-6499-5p	T cell NK	0.0495968187136396	0.9368772679829683
hsa-miR-6499-5p	Plasmacytoid dendritic cell	0.2455935973606015	0.6904730663880132
hsa-miR-6499-5p	B cell plasma	0.28259695587472755	0.6450346354129575
hsa-miR-6499-5p	T cell CD4+ Th1	0.314981975275256	0.605686424448987
hsa-miR-6499-5p	T cell CD4+ Th2	0.3759066371259676	0.5329046271248752
hsa-miR-6499-5p	T cell regulatory (Tregs)	0.4080208709613502	0.4952896912345931
hsa-miR-6499-5p	immune score	-0.06323208637470046	0.9195440895612909
hsa-miR-6499-5p	stroma score	0.2280838915042308	0.712132517148317
hsa-miR-6499-5p	microenvironment score	0.049579562894676514	0.9368992117444589
hsa-miR-6499-5p	M2:M1 ratio	-0.8993891932485083	0.10061080675149169
hsa-miR-486-5p	Myeloid dendritic cell activated	-0.6529819696741231	0.23219438020411762
hsa-miR-486-5p	B cell	-0.4979190587986594	0.39329837366171005
hsa-miR-486-5p	T cell CD4+ memory	-0.6739205914818167	0.2122481003767195
hsa-miR-486-5p	T cell CD4+ (non-regulatory)	0.6295354883015278	0.2550998018438776
hsa-miR-486-5p	T cell CD4+ central memory	0.12706823456966665	0.8386481408520661
hsa-miR-486-5p	T cell CD4+ effector memory	-0.3511906330501013	0.5622197437140648
hsa-miR-486-5p	T cell CD8+ naive	-0.368684759435517	0.541438779230187
hsa-miR-486-5p	T cell CD8+	0.6344083556985816	0.2502915153239739
hsa-miR-486-5p	T cell CD8+ central memory	0.703968416941282	0.18452188613901646
hsa-miR-486-5p	Class-switched memory B cell	-0.04753299719173472	0.9395019060330925
hsa-miR-486-5p	Common lymphoid progenitor	-0.6226992761667267	0.2618866314405682
hsa-miR-486-5p	Common myeloid progenitor	-0.19739745196129718	0.7503076717197191
hsa-miR-486-5p	Endothelial cell	0.2654484537752522	0.6660327447152725
hsa-miR-486-5p	Cancer associated fibroblast	0.3896957996812117	0.5166851931919564
hsa-miR-486-5p	Granulocyte-monocyte progenitor	0.6344083556985841	0.2502915153239714
hsa-miR-486-5p	Hematopoietic stem cell	0.34527690911729014	0.5692780235626355
hsa-miR-486-5p	Macrophage	-0.5214968616244461	0.3674716698803944
hsa-miR-486-5p	Macrophage M1	-0.5068168825958633	0.3835027142318583
hsa-miR-486-5p	Macrophage M2	-0.6672709751487194	0.21852874661607932
hsa-miR-486-5p	Mast cell	0.3977926592530143	0.5072087677948548
hsa-miR-486-5p	B cell memory	-0.4979190587986598	0.3932983736617098
hsa-miR-486-5p	Monocyte	-0.5050604124997559	0.3854317703372709
hsa-miR-486-5p	B cell naive	0.4558883357435631	0.44033003494510564
hsa-miR-486-5p	Neutrophil	0.6344083556985812	0.25029151532397437
hsa-miR-486-5p	T cell NK	0.04299063307642121	0.9452794914772353
hsa-miR-486-5p	Plasmacytoid dendritic cell	0.08842743034276815	0.8875576017585116
hsa-miR-486-5p	B cell plasma	0.6922868332066007	0.1951706524554571
hsa-miR-486-5p	T cell CD4+ Th1	-0.3850142958643206	0.5221805157671928
hsa-miR-486-5p	T cell CD4+ Th2	-0.0410918713884168	0.9476949321404676
hsa-miR-486-5p	T cell regulatory (Tregs)	0.5880804039872266	0.29696532122392455
hsa-miR-486-5p	immune score	-0.43642510104166954	0.4625076876306522
hsa-miR-486-5p	stroma score	0.32855035724527554	0.5893295215642115
hsa-miR-486-5p	microenvironment score	-0.23254483052363029	0.7066053736256661
hsa-miR-486-5p	M2:M1 ratio	-0.25909806839098287	0.7409019316090171
hsa-miR-130a-3p	Myeloid dendritic cell activated	-0.08063402371664513	0.8974449346551878
hsa-miR-130a-3p	B cell	-0.27970116453842864	0.6485729501214691
hsa-miR-130a-3p	T cell CD4+ memory	0.42215672443108126	0.47891535548375447
hsa-miR-130a-3p	T cell CD4+ (non-regulatory)	-0.5994465986539738	0.2853208160024334
hsa-miR-130a-3p	T cell CD4+ central memory	-0.7028949260130565	0.18549336456212767
hsa-miR-130a-3p	T cell CD4+ effector memory	-0.3266661826476132	0.5915961343723803
hsa-miR-130a-3p	T cell CD8+ naive	0.6515858835047651	0.2335417194455357
hsa-miR-130a-3p	T cell CD8+	-0.5880603898640555	0.2969859319391896
hsa-miR-130a-3p	T cell CD8+ central memory	-0.5468084207222104	0.3402282000878229
hsa-miR-130a-3p	Class-switched memory B cell	-0.6650435100523522	0.22064393819123299
hsa-miR-130a-3p	Common lymphoid progenitor	0.5288656254040046	0.35948754096490093
hsa-miR-130a-3p	Common myeloid progenitor	-5.252969378380398e-4	0.9993311711967754
hsa-miR-130a-3p	Endothelial cell	0.4796433927091358	0.4135981726684855
hsa-miR-130a-3p	Cancer associated fibroblast	0.8770762422526971	0.05077072070811503
hsa-miR-130a-3p	Granulocyte-monocyte progenitor	-0.5880603898640544	0.2969859319391909
hsa-miR-130a-3p	Hematopoietic stem cell	0.3966785681909511	0.5085105531834627
hsa-miR-130a-3p	Macrophage	-0.2994587229168028	0.6244951548176245
hsa-miR-130a-3p	Macrophage M1	-0.2690720579774446	0.6615868581338388
hsa-miR-130a-3p	Macrophage M2	-0.2994019728931337	0.6245640959366419
hsa-miR-130a-3p	Mast cell	0.8697908676841374	0.05528744266202548
hsa-miR-130a-3p	B cell memory	-0.2797011645384294	0.6485729501214681
hsa-miR-130a-3p	Monocyte	-0.2711919192454915	0.6589881108054931
hsa-miR-130a-3p	B cell naive	0.27474944658084954	0.6546305519673623
hsa-miR-130a-3p	Neutrophil	-0.5880603898640554	0.2969859319391897
hsa-miR-130a-3p	T cell NK	-0.2912715155184407	0.6344543128293394
hsa-miR-130a-3p	Plasmacytoid dendritic cell	-0.8314694737235071	0.08092010918602408
hsa-miR-130a-3p	B cell plasma	0.48611551503798756	0.40638204235412084
hsa-miR-130a-3p	T cell CD4+ Th1	0.8002936109309492	0.1038638096329721
hsa-miR-130a-3p	T cell CD4+ Th2	0.9572481004736558	0.010542950954176568
hsa-miR-130a-3p	T cell regulatory (Tregs)	-0.6667116199721375	0.21905937712904214
hsa-miR-130a-3p	immune score	-0.364690538697498	0.5461701328598743
hsa-miR-130a-3p	stroma score	0.6547736330408875	0.23046841199834284
hsa-miR-130a-3p	microenvironment score	-0.018889330493930462	0.9759507877569411
hsa-miR-130a-3p	M2:M1 ratio	-0.23624470029899997	0.763755299701
hsa-miR-5683	Myeloid dendritic cell activated	0.3955249907139498	0.5098591970081066
hsa-miR-5683	B cell	0.6101926085890031	0.2744249195479609
hsa-miR-5683	T cell CD4+ memory	-0.4488835923358972	0.4482839189526776
hsa-miR-5683	T cell CD4+ (non-regulatory)	0.10118631385932665	0.8713857715408815
hsa-miR-5683	T cell CD4+ central memory	0.07648588157927519	0.90271018614521
hsa-miR-5683	T cell CD4+ effector memory	0.035561311113806164	0.9547314773973955
hsa-miR-5683	T cell CD8+ naive	-0.9152280991825762	0.029248990428720496
hsa-miR-5683	T cell CD8+	0.09973899451516849	0.8732192326416808
hsa-miR-5683	T cell CD8+ central memory	0.11828730604209726	0.8497438803305384
hsa-miR-5683	Class-switched memory B cell	0.12858953031963447	0.8367270576092463
hsa-miR-5683	Common lymphoid progenitor	-0.6651723659561531	0.22052142353056872
hsa-miR-5683	Common myeloid progenitor	0.696466391481158	0.1913411919800538
hsa-miR-5683	Endothelial cell	0.40665000039623117	0.49688377013515667
hsa-miR-5683	Cancer associated fibroblast	-0.3045213334231432	0.6183501996926173
hsa-miR-5683	Granulocyte-monocyte progenitor	0.09973899451516935	0.8732192326416797
hsa-miR-5683	Hematopoietic stem cell	0.44275438621319696	0.45526939598233346
hsa-miR-5683	Macrophage	0.6189557984414575	0.2656231874666966
hsa-miR-5683	Macrophage M1	0.5962178053619654	0.2886162994560898
hsa-miR-5683	Macrophage M2	0.5187911750272305	0.3704139579034426
hsa-miR-5683	Mast cell	-0.29012755956768527	0.635847941559559
hsa-miR-5683	B cell memory	0.6101926085890035	0.2744249195479607
hsa-miR-5683	Monocyte	0.5990109262369113	0.2857649088148463
hsa-miR-5683	B cell naive	0.2060139829706789	0.739562293978969
hsa-miR-5683	Neutrophil	0.09973899451516816	0.8732192326416812
hsa-miR-5683	T cell NK	-0.5737700863129462	0.31179570424724173
hsa-miR-5683	Plasmacytoid dendritic cell	0.5621217588508307	0.3240025352945857
hsa-miR-5683	B cell plasma	0.16935142721150448	0.7854102297676168
hsa-miR-5683	T cell CD4+ Th1	-0.4950466023066508	0.39647310022862575
hsa-miR-5683	T cell CD4+ Th2	-0.7607433783981845	0.13533011397622563
hsa-miR-5683	T cell regulatory (Tregs)	0.10937920242048851	0.8610122664306066
hsa-miR-5683	immune score	0.6430539240344879	0.24182179782603447
hsa-miR-5683	stroma score	0.1847373387616099	0.7661299464655664
hsa-miR-5683	microenvironment score	0.6512416006599012	0.23387430897547856
hsa-miR-5683	M2:M1 ratio	0.0821320162694415	0.9178679837305586
hsa-miR-378d	Myeloid dendritic cell activated	-0.5707338832385106	0.31496596980777647
hsa-miR-378d	B cell	-0.4082432876712816	0.4950311608294948
hsa-miR-378d	T cell CD4+ memory	-0.6513530459746192	0.23376663463707612
hsa-miR-378d	T cell CD4+ (non-regulatory)	0.6020361162632376	0.28268499183280504
hsa-miR-378d	T cell CD4+ central memory	0.05508232004725509	0.9299024926966891
hsa-miR-378d	T cell CD4+ effector memory	-0.4082432876712813	0.49503116082949516
hsa-miR-378d	T cell CD8+ naive	-0.4082432876712815	0.4950311608294948
hsa-miR-378d	T cell CD8+	0.6084511395429443	0.2761830728646447
hsa-miR-378d	T cell CD8+ central memory	0.6807035345973217	0.20589444358022935
hsa-miR-378d	Class-switched memory B cell	-0.11363445815793882	0.8556280989172278
hsa-miR-378d	Common lymphoid progenitor	-0.6256516871990497	0.2589496882595041
hsa-miR-378d	Common myeloid progenitor	-0.09127096992327415	0.8839517395233152
hsa-miR-378d	Endothelial cell	0.34551848320733286	0.5689893715605175
hsa-miR-378d	Cancer associated fibroblast	0.4019586419607736	0.5023470192777345
hsa-miR-378d	Granulocyte-monocyte progenitor	0.6084511395429468	0.2761830728646421
hsa-miR-378d	Hematopoietic stem cell	0.4043276641568547	0.49958666271646385
hsa-miR-378d	Macrophage	-0.43368867249184806	0.4656448062718381
hsa-miR-378d	Macrophage M1	-0.41746695938939365	0.48433487075471726
hsa-miR-378d	Macrophage M2	-0.5916660749000802	0.2932787697414281
hsa-miR-378d	Mast cell	0.4107916985308957	0.4920709806308446
hsa-miR-378d	B cell memory	-0.408243287671282	0.49503116082949405
hsa-miR-378d	Monocyte	-0.41564349662226374	0.486445556428991
hsa-miR-378d	B cell naive	0.45100409991277995	0.44587274288287554
hsa-miR-378d	Neutrophil	0.6084511395429439	0.27618307286464483
hsa-miR-378d	T cell NK	-0.05326616736590323	0.9322114940290658
hsa-miR-378d	Plasmacytoid dendritic cell	0.12337185987517277	0.843317464669443
hsa-miR-378d	B cell plasma	0.7213729909471303	0.16897735002872954
hsa-miR-378d	T cell CD4+ Th1	-0.3537740265693663	0.5591415769898874
hsa-miR-378d	T cell CD4+ Th2	-0.05417231250381076	0.931059420154811
hsa-miR-378d	T cell regulatory (Tregs)	0.5507030064788057	0.3360827838269755
hsa-miR-378d	immune score	-0.34807735701077247	0.5659335089009945
hsa-miR-378d	stroma score	0.3904482012633405	0.5158030933634609
hsa-miR-378d	microenvironment score	-0.12622356271221005	0.8397149507392929
hsa-miR-378d	M2:M1 ratio	-0.33134979184960006	0.6686502081504
hsa-miR-378e	Myeloid dendritic cell activated	-0.5086281573493525	0.38151588729306846
hsa-miR-378e	B cell	-0.6430204934512762	0.24185439569768946
hsa-miR-378e	T cell CD4+ memory	0.2777037268228968	0.651015397734173
hsa-miR-378e	T cell CD4+ (non-regulatory)	0.24000225096874836	0.6973791532367984
hsa-miR-378e	T cell CD4+ central memory	-0.20171977523839668	0.7449150183909939
hsa-miR-378e	T cell CD4+ effector memory	-0.44432822935647553	0.4534734115459301
hsa-miR-378e	T cell CD8+ naive	0.7549969556457964	0.140103449277059
hsa-miR-378e	T cell CD8+	0.2493859130136078	0.685794756301163
hsa-miR-378e	T cell CD8+ central memory	0.26244896280444824	0.6697163768612199
hsa-miR-378e	Class-switched memory B cell	-0.35801595761018346	0.5540942125683815
hsa-miR-378e	Common lymphoid progenitor	0.46513190239636576	0.4298830458341622
hsa-miR-378e	Common myeloid progenitor	-0.6009420976137463	0.28379779123553756
hsa-miR-378e	Endothelial cell	-0.1869042635112043	0.7634189847104471
hsa-miR-378e	Cancer associated fibroblast	0.4730484881901957	0.42098118541915547
hsa-miR-378e	Granulocyte-monocyte progenitor	0.24938591301360816	0.6857947563011626
hsa-miR-378e	Hematopoietic stem cell	-0.2784248700029088	0.6501334208158993
hsa-miR-378e	Macrophage	-0.6729225075218517	0.2131875501699564
hsa-miR-378e	Macrophage M1	-0.632106009370097	0.2525602755546958
hsa-miR-378e	Macrophage M2	-0.6685425098429946	0.21732383789142823
hsa-miR-378e	Mast cell	0.4621698780412175	0.43322454239798924
hsa-miR-378e	B cell memory	-0.643020493451277	0.24185439569768868
hsa-miR-378e	Monocyte	-0.6342915860274766	0.2504064485272288
hsa-miR-378e	B cell naive	-0.15588310314310838	0.8023302390990656
hsa-miR-378e	Neutrophil	0.24938591301360816	0.6857947563011626
hsa-miR-378e	T cell NK	0.46920661841957523	0.4252959087430859
hsa-miR-378e	Plasmacytoid dendritic cell	-0.3591659130115895	0.5527274188078874
hsa-miR-378e	B cell plasma	0.14195353876018557	0.8198680014053252
hsa-miR-378e	T cell CD4+ Th1	0.4405698071578275	0.45776489869773906
hsa-miR-378e	T cell CD4+ Th2	0.7545225962145575	0.14049965644086732
hsa-miR-378e	T cell regulatory (Tregs)	0.17407317388546034	0.7794876151539235
hsa-miR-378e	immune score	-0.6388778851432014	0.24590303063545715
hsa-miR-378e	stroma score	0.03279839290099663	0.9582472775137398
hsa-miR-378e	microenvironment score	-0.5471972890015625	0.33981371785235964
hsa-miR-378e	M2:M1 ratio	-0.43869297075745695	0.561307029242543
hsa-miR-206	Myeloid dendritic cell activated	0.10994929974444917	0.860290773934853
hsa-miR-206	B cell	0.09521486718328417	0.8789520937038395
hsa-miR-206	T cell CD4+ memory	0.3678703127453988	0.542402881319454
hsa-miR-206	T cell CD4+ (non-regulatory)	0.3485910417691071	0.5653204276536574
hsa-miR-206	T cell CD4+ central memory	-0.6162985681839017	0.26828404545763435
hsa-miR-206	T cell CD4+ effector memory	-0.980586391546194	0.003237609915372007
hsa-miR-206	T cell CD8+ naive	0.32680300638115267	0.5914314862692427
hsa-miR-206	T cell CD8+	0.3703470344860161	0.5394720999272448
hsa-miR-206	T cell CD8+ central memory	0.39608972479865767	0.5091988768298317
hsa-miR-206	Class-switched memory B cell	-0.7900763447766375	0.11175179972441299
hsa-miR-206	Common lymphoid progenitor	0.3318846085532737	0.5853223639518194
hsa-miR-206	Common myeloid progenitor	0.18692345494663812	0.7633949800560534
hsa-miR-206	Endothelial cell	0.2894154818998499	0.6367156881309769
hsa-miR-206	Cancer associated fibroblast	0.35628821325555654	0.5561489574587155
hsa-miR-206	Granulocyte-monocyte progenitor	0.37034703448601725	0.5394720999272434
hsa-miR-206	Hematopoietic stem cell	0.012690097404554998	0.9838428998328188
hsa-miR-206	Macrophage	0.04655160871937216	0.940750065223452
hsa-miR-206	Macrophage M1	0.10158079813011073	0.8708860865761898
hsa-miR-206	Macrophage M2	-0.06525175825688793	0.9169778757552236
hsa-miR-206	Mast cell	0.35225914672663866	0.5609461995612579
hsa-miR-206	B cell memory	0.09521486718328316	0.8789520937038408
hsa-miR-206	Monocyte	0.10031767940389337	0.8724861235453687
hsa-miR-206	B cell naive	-0.36167947053638744	0.5497421581771129
hsa-miR-206	Neutrophil	0.3703470344860166	0.539472099927244
hsa-miR-206	T cell NK	-0.14264953258060165	0.8189908527747365
hsa-miR-206	Plasmacytoid dendritic cell	0.2260337000176696	0.714674721021286
hsa-miR-206	B cell plasma	0.2593512341039482	0.6735239233072765
hsa-miR-206	T cell CD4+ Th1	0.5021166122825509	0.38866996968668766
hsa-miR-206	T cell CD4+ Th2	0.4443604337197873	0.45343667798071546
hsa-miR-206	T cell regulatory (Tregs)	0.1987063446332082	0.7486741494147202
hsa-miR-206	immune score	0.128255069987662	0.8371493795240365
hsa-miR-206	stroma score	0.33397508998475717	0.5828125257022695
hsa-miR-206	microenvironment score	0.2669805513114783	0.6641524120644741
hsa-miR-206	M2:M1 ratio	-0.981441526581784	0.018558473418216054
hsa-miR-217-5p	Myeloid dendritic cell activated	-0.08068080809858404	0.8973855610086527
hsa-miR-217-5p	B cell	-0.02214111609483569	0.9718113589294182
hsa-miR-217-5p	T cell CD4+ memory	-0.38938858728472303	0.5170454502911038
hsa-miR-217-5p	T cell CD4+ (non-regulatory)	-0.3577635370294133	0.5543943166730797
hsa-miR-217-5p	T cell CD4+ central memory	-0.4382123808092455	0.4604611942758691
hsa-miR-217-5p	T cell CD4+ effector memory	-0.18880878650169525	0.7610372431156625
hsa-miR-217-5p	T cell CD8+ naive	-0.40183471306981305	0.5024915062838222
hsa-miR-217-5p	T cell CD8+	-0.35111715365436386	0.5623073426749903
hsa-miR-217-5p	T cell CD8+ central memory	-0.26406135045527196	0.6677358368530923
hsa-miR-217-5p	Class-switched memory B cell	-0.38150579172415205	0.5263065684118386
hsa-miR-217-5p	Common lymphoid progenitor	-0.4334275888283062	0.4659443602852839
hsa-miR-217-5p	Common myeloid progenitor	0.47446837562396643	0.41938908777335543
hsa-miR-217-5p	Endothelial cell	0.9241023129531447	0.024812448029235216
hsa-miR-217-5p	Cancer associated fibroblast	0.7511119119480287	0.14335808874342795
hsa-miR-217-5p	Granulocyte-monocyte progenitor	-0.3511171536543609	0.5623073426749936
hsa-miR-217-5p	Hematopoietic stem cell	0.9910522504277505	0.0010146606917620386
hsa-miR-217-5p	Macrophage	-0.032006504575563005	0.9592550115819474
hsa-miR-217-5p	Macrophage M1	-0.029551431234765436	0.9623794262566981
hsa-miR-217-5p	Macrophage M2	-0.1585629024248735	0.7989606486849805
hsa-miR-217-5p	Mast cell	0.7614009727285006	0.1347870011283556
hsa-miR-217-5p	B cell memory	-0.022141116094836138	0.9718113589294176
hsa-miR-217-5p	Monocyte	-0.028078893723269396	0.964253540541631
hsa-miR-217-5p	B cell naive	0.8147998141325908	0.09297100205219411
hsa-miR-217-5p	Neutrophil	-0.35111715365436424	0.5623073426749894
hsa-miR-217-5p	T cell NK	-0.7672042123534406	0.13002224105468524
hsa-miR-217-5p	Plasmacytoid dendritic cell	-0.41698124910792717	0.48489689812315645
hsa-miR-217-5p	B cell plasma	0.933234271197575	0.020500591305824725
hsa-miR-217-5p	T cell CD4+ Th1	0.07581816140526677	0.9035578851586037
hsa-miR-217-5p	T cell CD4+ Th2	0.19006262011025166	0.7594697190569194
hsa-miR-217-5p	T cell regulatory (Tregs)	-0.39691534917404503	0.5082338237600262
hsa-miR-217-5p	immune score	-0.06457768179850208	0.9178343263112504
hsa-miR-217-5p	stroma score	0.929792211373465	0.022094518318258045
hsa-miR-217-5p	microenvironment score	0.3721558048933936	0.5373336920927099
hsa-miR-217-5p	M2:M1 ratio	0.20154761543779068	0.7984523845622093
hsa-miR-345-5p	Myeloid dendritic cell activated	-0.06072849779918895	0.9227256280069647
hsa-miR-345-5p	B cell	-0.22154342761020324	0.7202469071757109
hsa-miR-345-5p	T cell CD4+ memory	0.30979685436033005	0.6119579189513884
hsa-miR-345-5p	T cell CD4+ (non-regulatory)	-0.593007129877589	0.2919030659861634
hsa-miR-345-5p	T cell CD4+ central memory	-0.7512348504574805	0.1432547624017841
hsa-miR-345-5p	T cell CD4+ effector memory	-0.38036131954276925	0.5276538871519757
hsa-miR-345-5p	T cell CD8+ naive	0.4897417329312036	0.4023519044733039
hsa-miR-345-5p	T cell CD8+	-0.5803564476122334	0.30494687772367113
hsa-miR-345-5p	T cell CD8+ central memory	-0.5243466098337368	0.36437888340527164
hsa-miR-345-5p	Class-switched memory B cell	-0.7116781576852744	0.17758779033653238
hsa-miR-345-5p	Common lymphoid progenitor	0.3857707304370559	0.52129179195707
hsa-miR-345-5p	Common myeloid progenitor	0.1344634044214008	0.8293131911667005
hsa-miR-345-5p	Endothelial cell	0.645719384450946	0.23922658500925412
hsa-miR-345-5p	Cancer associated fibroblast	0.9422745300452704	0.016503970774734332
hsa-miR-345-5p	Granulocyte-monocyte progenitor	-0.5803564476122316	0.30494687772367296
hsa-miR-345-5p	Hematopoietic stem cell	0.5701299165994659	0.3155975792593005
hsa-miR-345-5p	Macrophage	-0.24336846131244363	0.6932202229703248
hsa-miR-345-5p	Macrophage M1	-0.21360415897693902	0.7301133067322173
hsa-miR-345-5p	Macrophage M2	-0.27743881859538466	0.6513394355054845
hsa-miR-345-5p	Mast cell	0.938068544714872	0.018328404510787575
hsa-miR-345-5p	B cell memory	-0.22154342761020404	0.72024690717571
hsa-miR-345-5p	Monocyte	-0.21518787315567134	0.7281437482577342
hsa-miR-345-5p	B cell naive	0.39427956725679375	0.5113160367189298
hsa-miR-345-5p	Neutrophil	-0.5803564476122333	0.3049468777236713
hsa-miR-345-5p	T cell NK	-0.44653397915860765	0.4509589634085544
hsa-miR-345-5p	Plasmacytoid dendritic cell	-0.7966239072264714	0.10667682088838715
hsa-miR-345-5p	B cell plasma	0.6382739236070515	0.24649481190397624
hsa-miR-345-5p	T cell CD4+ Th1	0.745580470636613	0.14802963912588582
hsa-miR-345-5p	T cell CD4+ Th2	0.8925242443251519	0.04160747770307923
hsa-miR-345-5p	T cell regulatory (Tregs)	-0.6687859576799504	0.21709335713358763
hsa-miR-345-5p	immune score	-0.3038594945455995	0.6191529455803639
hsa-miR-345-5p	stroma score	0.797209921675344	0.10622608797614015
hsa-miR-345-5p	microenvironment score	0.10037174297112021	0.8724176351067463
hsa-miR-345-5p	M2:M1 ratio	-0.29820461110041474	0.7017953888995853
hsa-miR-204-5p	Myeloid dendritic cell activated	-0.03680627988463071	0.9531473720569317
hsa-miR-204-5p	B cell	0.04775213847597935	0.939223203525613
hsa-miR-204-5p	T cell CD4+ memory	-0.48639728892463596	0.40606854712260265
hsa-miR-204-5p	T cell CD4+ (non-regulatory)	-0.17915146765022041	0.7731233785171543
hsa-miR-204-5p	T cell CD4+ central memory	0.6798944225061717	0.20664950809826543
hsa-miR-204-5p	T cell CD4+ effector memory	0.9233737053129663	0.025167776842536814
hsa-miR-204-5p	T cell CD8+ naive	-0.5555603897403119	0.3309304318859738
hsa-miR-204-5p	T cell CD8+	-0.20050043137516718	0.7464358150884582
hsa-miR-204-5p	T cell CD8+ central memory	-0.2254788941151342	0.7153628852481144
hsa-miR-204-5p	Class-switched memory B cell	0.832339304431928	0.0803055350225572
hsa-miR-204-5p	Common lymphoid progenitor	-0.50570527839407875	0.38472327404414264
hsa-miR-204-5p	Common myeloid progenitor	-0.058475554207173465	0.9255890646400988
hsa-miR-204-5p	Endothelial cell	-0.26426728280107903	0.6674829496400103
hsa-miR-204-5p	Cancer associated fibroblast	-0.5013145761996597	0.3895533271817858
hsa-miR-204-5p	Granulocyte-monocyte progenitor	-0.20050043137516818	0.7464358150884569
hsa-miR-204-5p	Hematopoietic stem cell	0.0034674422232400855	0.9955851242891096
hsa-miR-204-5p	Macrophage	0.09514031092142426	0.8790465907410123
hsa-miR-204-5p	Macrophage M1	0.03785130578894555	0.9518177311668589
hsa-miR-204-5p	Macrophage M2	0.17476853477926138	0.7786158257092057
hsa-miR-204-5p	Mast cell	-0.49399699966126887	0.39763464871266174
hsa-miR-204-5p	B cell memory	0.047752138475980414	0.9392232035256116
hsa-miR-204-5p	Monocyte	0.039820658042437757	0.9493121660352796
hsa-miR-204-5p	B cell naive	0.321138744912054	0.5982544742410758
hsa-miR-204-5p	Neutrophil	-0.20050043137516776	0.7464358150884574
hsa-miR-204-5p	T cell NK	0.08324609607409655	0.8941303255733623
hsa-miR-204-5p	Plasmacytoid dendritic cell	0.029267466572068173	0.9627408249022003
hsa-miR-204-5p	B cell plasma	-0.2663362317266702	0.664943080420771
hsa-miR-204-5p	T cell CD4+ Th1	-0.6685199843297255	0.2173451670284167
hsa-miR-204-5p	T cell CD4+ Th2	-0.6774488346004786	0.20893642527446463
hsa-miR-204-5p	T cell regulatory (Tregs)	-0.03440016694402241	0.9562089871788064
hsa-miR-204-5p	immune score	0.03923178833528896	0.9500613523004007
hsa-miR-204-5p	stroma score	-0.36714564898046487	0.5432609837096677
hsa-miR-204-5p	microenvironment score	-0.13486582969311856	0.8288054745835115
hsa-miR-204-5p	M2:M1 ratio	0.9197286442004027	0.08027135579959731
hsa-miR-219a-5p	Myeloid dendritic cell activated	0.5489943585443618	0.3378999159590211
hsa-miR-219a-5p	B cell	0.6228240438130991	0.2617623382368803
hsa-miR-219a-5p	T cell CD4+ memory	0.2023784704090272	0.7440936390497237
hsa-miR-219a-5p	T cell CD4+ (non-regulatory)	0.27278127684166975	0.6570407669608309
hsa-miR-219a-5p	T cell CD4+ central memory	0.3479822370612302	0.5660470479754037
hsa-miR-219a-5p	T cell CD4+ effector memory	0.17768559739883238	0.7749598352784741
hsa-miR-219a-5p	T cell CD8+ naive	-0.22580100695184838	0.7149633353053302
hsa-miR-219a-5p	T cell CD8+	0.2668960491478276	0.6642560994550313
hsa-miR-219a-5p	T cell CD8+ central memory	0.19009534569406153	0.7594288111980751
hsa-miR-219a-5p	Class-switched memory B cell	0.3633522371147579	0.5477572022391956
hsa-miR-219a-5p	Common lymphoid progenitor	0.05806482275071486	0.9261111355818263
hsa-miR-219a-5p	Common myeloid progenitor	0.1877770063295855	0.7623274480527785
hsa-miR-219a-5p	Endothelial cell	-0.5347117183134267	0.353183848538204
hsa-miR-219a-5p	Cancer associated fibroblast	-0.9540758633298675	0.0117322376855344
hsa-miR-219a-5p	Granulocyte-monocyte progenitor	0.2668960491478252	0.6642560994550342
hsa-miR-219a-5p	Hematopoietic stem cell	-0.6145726819238277	0.2700160598768627
hsa-miR-219a-5p	Macrophage	0.6389918935242985	0.24579136475115357
hsa-miR-219a-5p	Macrophage M1	0.6214516777601424	0.26313035230830956
hsa-miR-219a-5p	Macrophage M2	0.6975539716149679	0.19034824160294747
hsa-miR-219a-5p	Mast cell	-0.9544677869893956	0.011583062814369582
hsa-miR-219a-5p	B cell memory	0.6228240438130997	0.2617623382368796
hsa-miR-219a-5p	Monocyte	0.6217398920060151	0.2628428940141123
hsa-miR-219a-5p	B cell naive	-0.7086157101116899	0.18033305204862696
hsa-miR-219a-5p	Neutrophil	0.2668960491478279	0.6642560994550311
hsa-miR-219a-5p	T cell NK	0.20697522572085436	0.738364779393283
hsa-miR-219a-5p	Plasmacytoid dendritic cell	0.8011519502343694	0.1032091413948571
hsa-miR-219a-5p	B cell plasma	-0.8345005330249281	0.07878480393341168
hsa-miR-219a-5p	T cell CD4+ Th1	-0.2997032976732952	0.6241980550024999
hsa-miR-219a-5p	T cell CD4+ Th2	-0.6960925076974097	0.19168288218375298
hsa-miR-219a-5p	T cell regulatory (Tregs)	0.30807857067474004	0.6140386838214824
hsa-miR-219a-5p	immune score	0.6736406566072196	0.21251147338536697
hsa-miR-219a-5p	stroma score	-0.7215741747434642	0.16879997744510117
hsa-miR-219a-5p	microenvironment score	0.26000124458297647	0.6727246951409547
hsa-miR-219a-5p	M2:M1 ratio	-0.06236579675796078	0.9376342032420393
hsa-miR-449c-5p	Myeloid dendritic cell activated	-0.0363408677074007	0.953739556781509
hsa-miR-449c-5p	B cell	-0.07481207383882106	0.9048352372883997
hsa-miR-449c-5p	T cell CD4+ memory	0.07171473648158667	0.9087682900358849
hsa-miR-449c-5p	T cell CD4+ (non-regulatory)	-0.25032047876536107	0.6846425702939505
hsa-miR-449c-5p	T cell CD4+ central memory	-0.7769152796423374	0.12216416340847278
hsa-miR-449c-5p	T cell CD4+ effector memory	-0.6721659176922886	0.2139004618363984
hsa-miR-449c-5p	T cell CD8+ naive	0.13009793348470988	0.8348226322782879
hsa-miR-449c-5p	T cell CD8+	-0.23257760349729434	0.7065647898836889
hsa-miR-449c-5p	T cell CD8+ central memory	-0.15432702823279792	0.8042875178007531
hsa-miR-449c-5p	Class-switched memory B cell	-0.8116831155386526	0.09528025465200485
hsa-miR-449c-5p	Common lymphoid progenitor	0.06726168826755069	0.9144243772094617
hsa-miR-449c-5p	Common myeloid progenitor	0.3602860608447009	0.5513966761817164
hsa-miR-449c-5p	Endothelial cell	0.8446894236513346	0.07173810806917735
hsa-miR-449c-5p	Cancer associated fibroblast	0.9123878434117235	0.030717730471658523
hsa-miR-449c-5p	Granulocyte-monocyte progenitor	-0.23257760349729167	0.7065647898836921
hsa-miR-449c-5p	Hematopoietic stem cell	0.7318717871121955	0.15979358368506075
hsa-miR-449c-5p	Macrophage	-0.10978636560103643	0.8604969722441291
hsa-miR-449c-5p	Macrophage M1	-0.0727731748785498	0.9074241658860379
hsa-miR-449c-5p	Macrophage M2	-0.23707887111251044	0.7009938652218339
hsa-miR-449c-5p	Mast cell	0.9142407211318911	0.029756955788361867
hsa-miR-449c-5p	B cell memory	-0.07481207383882205	0.9048352372883984
hsa-miR-449c-5p	Monocyte	-0.0731803347113667	0.9069071361615147
hsa-miR-449c-5p	B cell naive	0.41885271362453835	0.48273213944421267
hsa-miR-449c-5p	Neutrophil	-0.23257760349729426	0.7065647898836889
hsa-miR-449c-5p	T cell NK	-0.6160009318990396	0.26858252715313335
hsa-miR-449c-5p	Plasmacytoid dendritic cell	-0.42943634505853956	0.47052888704611834
hsa-miR-449c-5p	B cell plasma	0.8456546878708224	0.07108120812015391
hsa-miR-449c-5p	T cell CD4+ Th1	0.5415312151380994	0.3458653837364621
hsa-miR-449c-5p	T cell CD4+ Th2	0.642549274585554	0.24231400418473223
hsa-miR-449c-5p	T cell regulatory (Tregs)	-0.36491409277417536	0.54590511079108
hsa-miR-449c-5p	immune score	-0.1132651555868627	0.8560952737446402
hsa-miR-449c-5p	stroma score	0.929692900061873	0.022141077430134135
hsa-miR-449c-5p	microenvironment score	0.32925604681124676	0.5884809996544579
hsa-miR-449c-5p	M2:M1 ratio	-0.9007361983482772	0.09926380165172276
hsa-miR-421	Myeloid dendritic cell activated	NA	NA
hsa-miR-421	B cell	NA	NA
hsa-miR-421	T cell CD4+ memory	NA	NA
hsa-miR-421	T cell CD4+ (non-regulatory)	NA	NA
hsa-miR-421	T cell CD4+ central memory	NA	NA
hsa-miR-421	T cell CD4+ effector memory	NA	NA
hsa-miR-421	T cell CD8+ naive	NA	NA
hsa-miR-421	T cell CD8+	NA	NA
hsa-miR-421	T cell CD8+ central memory	NA	NA
hsa-miR-421	Class-switched memory B cell	NA	NA
hsa-miR-421	Common lymphoid progenitor	NA	NA
hsa-miR-421	Common myeloid progenitor	NA	NA
hsa-miR-421	Endothelial cell	NA	NA
hsa-miR-421	Cancer associated fibroblast	NA	NA
hsa-miR-421	Granulocyte-monocyte progenitor	NA	NA
hsa-miR-421	Hematopoietic stem cell	NA	NA
hsa-miR-421	Macrophage	NA	NA
hsa-miR-421	Macrophage M1	NA	NA
hsa-miR-421	Macrophage M2	NA	NA
hsa-miR-421	Mast cell	NA	NA
hsa-miR-421	B cell memory	NA	NA
hsa-miR-421	Monocyte	NA	NA
hsa-miR-421	B cell naive	NA	NA
hsa-miR-421	Neutrophil	NA	NA
hsa-miR-421	T cell NK	NA	NA
hsa-miR-421	Plasmacytoid dendritic cell	NA	NA
hsa-miR-421	B cell plasma	NA	NA
hsa-miR-421	T cell CD4+ Th1	NA	NA
hsa-miR-421	T cell CD4+ Th2	NA	NA
hsa-miR-421	T cell regulatory (Tregs)	NA	NA
hsa-miR-421	immune score	NA	NA
hsa-miR-421	stroma score	NA	NA
hsa-miR-421	microenvironment score	NA	NA
hsa-miR-421	M2:M1 ratio	NA	NA
hsa-miR-301b-3p	Myeloid dendritic cell activated	-0.2428910342079316	0.6938098618777634
hsa-miR-301b-3p	B cell	-0.4509129390704476	0.4459763402038605
hsa-miR-301b-3p	T cell CD4+ memory	0.45749182183567255	0.43851375561415334
hsa-miR-301b-3p	T cell CD4+ (non-regulatory)	-0.34765215633075525	0.5664410790345114
hsa-miR-301b-3p	T cell CD4+ central memory	-0.5673601289051113	0.3184982573685371
hsa-miR-301b-3p	T cell CD4+ effector memory	-0.38290790462716773	0.5246568830495468
hsa-miR-301b-3p	T cell CD8+ naive	0.8112111063709461	0.0956314833087364
hsa-miR-301b-3p	T cell CD8+	-0.33635876097191886	0.5799530896413946
hsa-miR-301b-3p	T cell CD8+ central memory	-0.30803375298750296	0.6140929723635504
hsa-miR-301b-3p	Class-switched memory B cell	-0.5979069890381223	0.2868909911578155
hsa-miR-301b-3p	Common lymphoid progenitor	0.6130839004077601	0.2715125018215824
hsa-miR-301b-3p	Common myeloid progenitor	-0.26652011427185923	0.6647174164488927
hsa-miR-301b-3p	Endothelial cell	0.21340822837969706	0.7303570210434389
hsa-miR-301b-3p	Cancer associated fibroblast	0.7767100483898043	0.12232871769661302
hsa-miR-301b-3p	Granulocyte-monocyte progenitor	-0.3363587609719181	0.5799530896413955
hsa-miR-301b-3p	Hematopoietic stem cell	0.11393994401066657	0.8552416684679336
hsa-miR-301b-3p	Macrophage	-0.47548416872111904	0.4182509434743629
hsa-miR-301b-3p	Macrophage M1	-0.43813119311159876	0.460554113911608
hsa-miR-301b-3p	Macrophage M2	-0.46062765777574816	0.4349666480691097
hsa-miR-301b-3p	Mast cell	0.7662257248654963	0.13082206052903117
hsa-miR-301b-3p	B cell memory	-0.4509129390704484	0.4459763402038598
hsa-miR-301b-3p	Monocyte	-0.4406832086609031	0.4576352836061729
hsa-miR-301b-3p	B cell naive	0.0864013252177166	0.890127443416333
hsa-miR-301b-3p	Neutrophil	-0.3363587609719185	0.5799530896413947
hsa-miR-301b-3p	T cell NK	0.018934304756520675	0.9758935349884903
hsa-miR-301b-3p	Plasmacytoid dendritic cell	-0.739014017318116	0.1536318282456365
hsa-miR-301b-3p	B cell plasma	0.3384885260234076	0.5774004225723413
hsa-miR-301b-3p	T cell CD4+ Th1	0.7647439354147869	0.13203604701143165
hsa-miR-301b-3p	T cell CD4+ Th2	0.9914068425909079	9.549979125533014e-4
hsa-miR-301b-3p	T cell regulatory (Tregs)	-0.41789891031966026	0.48383516558562734
hsa-miR-301b-3p	immune score	-0.5116547023130193	0.3782015163525738
hsa-miR-301b-3p	stroma score	0.4279025974983549	0.4722931915280389
hsa-miR-301b-3p	microenvironment score	-0.252920677328721	0.681438413505108
hsa-miR-301b-3p	M2:M1 ratio	-0.3252510230147709	0.6747489769852291
hsa-miR-214-5p	Myeloid dendritic cell activated	-0.0753314982738686	0.9041757518119807
hsa-miR-214-5p	B cell	-0.28138704693751054	0.6465126205646753
hsa-miR-214-5p	T cell CD4+ memory	0.4628620104372819	0.4324432162126174
hsa-miR-214-5p	T cell CD4+ (non-regulatory)	-0.5743900531979383	0.3111493717579739
hsa-miR-214-5p	T cell CD4+ central memory	-0.7039766189366916	0.18451446916172817
hsa-miR-214-5p	T cell CD4+ effector memory	-0.3495483662490558	0.5641781972946773
hsa-miR-214-5p	T cell CD8+ naive	0.6964365659327673	0.1913684430361859
hsa-miR-214-5p	T cell CD8+	-0.5625940337237771	0.3235053082277161
hsa-miR-214-5p	T cell CD8+ central memory	-0.5252986008856801	0.3633471190962724
hsa-miR-214-5p	Class-switched memory B cell	-0.6746968839017807	0.21151821232707665
hsa-miR-214-5p	Common lymphoid progenitor	0.5732056554896741	0.3123844370319117
hsa-miR-214-5p	Common myeloid progenitor	-0.025943742892365874	0.9669711065700715
hsa-miR-214-5p	Endothelial cell	0.4375156155655132	0.46125877782783214
hsa-miR-214-5p	Cancer associated fibroblast	0.8547603234418005	0.06497802933403232
hsa-miR-214-5p	Granulocyte-monocyte progenitor	-0.562594033723776	0.3235053082277174
hsa-miR-214-5p	Hematopoietic stem cell	0.34103712430386773	0.574348487412063
hsa-miR-214-5p	Macrophage	-0.3023227077545505	0.6210176031149219
hsa-miR-214-5p	Macrophage M1	-0.26994910851391585	0.6605114833515167
hsa-miR-214-5p	Macrophage M2	-0.2978375708835065	0.6264650700170225
hsa-miR-214-5p	Mast cell	0.8466025231293542	0.07043799825333845
hsa-miR-214-5p	B cell memory	-0.28138704693751126	0.6465126205646743
hsa-miR-214-5p	Monocyte	-0.27222979791460084	0.6577163577511591
hsa-miR-214-5p	B cell naive	0.21774210900093535	0.724968702457949
hsa-miR-214-5p	Neutrophil	-0.5625940337237769	0.3235053082277164
hsa-miR-214-5p	T cell NK	-0.25098949073924887	0.6838179506605231
hsa-miR-214-5p	Plasmacytoid dendritic cell	-0.8114446747688101	0.09545763255350599
hsa-miR-214-5p	B cell plasma	0.44378374139704513	0.4540945750563462
hsa-miR-214-5p	T cell CD4+ Th1	0.8220955468274079	0.08763370344989561
hsa-miR-214-5p	T cell CD4+ Th2	0.9735315215335989	0.005148675383087444
hsa-miR-214-5p	T cell regulatory (Tregs)	-0.6447427590434787	0.2401765865857084
hsa-miR-214-5p	immune score	-0.36390864353095764	0.5470972609771503
hsa-miR-214-5p	stroma score	0.6166008042308844	0.26798104126241484
hsa-miR-214-5p	microenvironment score	-0.03581364834671199	0.9544103963140415
hsa-miR-214-5p	M2:M1 ratio	-0.2695011856487695	0.7304988143512305
hsa-miR-3065-5p	Myeloid dendritic cell activated	0.1078307226001082	0.8629721900170664
hsa-miR-3065-5p	B cell	-0.15841793242348753	0.7991428972078833
hsa-miR-3065-5p	T cell CD4+ memory	0.7741657863080026	0.1243741833259025
hsa-miR-3065-5p	T cell CD4+ (non-regulatory)	-0.5532749626266089	0.3333521586263081
hsa-miR-3065-5p	T cell CD4+ central memory	-0.42074960926603105	0.48054006321592146
hsa-miR-3065-5p	T cell CD4+ effector memory	-0.058201861111479666	0.925936948002213
hsa-miR-3065-5p	T cell CD8+ naive	0.9428447185272018	0.016261463985818812
hsa-miR-3065-5p	T cell CD8+	-0.5486640967589295	0.33825142838789024
hsa-miR-3065-5p	T cell CD8+ central memory	-0.5769187525215752	0.30851669592915415
hsa-miR-3065-5p	Class-switched memory B cell	-0.36374127903553305	0.5472957520962719
hsa-miR-3065-5p	Common lymphoid progenitor	0.8971342693179898	0.03898726694157111
hsa-miR-3065-5p	Common myeloid progenitor	-0.24998502152615718	0.685056108106854
hsa-miR-3065-5p	Endothelial cell	-0.1521286912262512	0.8070534729966097
hsa-miR-3065-5p	Cancer associated fibroblast	0.3110200598011503	0.6104774176393143
hsa-miR-3065-5p	Granulocyte-monocyte progenitor	-0.5486640967589307	0.338251428387889
hsa-miR-3065-5p	Hematopoietic stem cell	-0.2711071097776056	0.6590920482413392
hsa-miR-3065-5p	Macrophage	-0.1631334422855054	0.793217035225981
hsa-miR-3065-5p	Macrophage M1	-0.14195520812804888	0.8198658974247087
hsa-miR-3065-5p	Macrophage M2	-0.04668413401071411	0.9405815122328912
hsa-miR-3065-5p	Mast cell	0.296179891819504	0.628480449934576
hsa-miR-3065-5p	B cell memory	-0.15841793242348787	0.7991428972078829
hsa-miR-3065-5p	Monocyte	-0.14523172567643694	0.8157373409181797
hsa-miR-3065-5p	B cell naive	-0.2847225832606735	0.6424393699036762
hsa-miR-3065-5p	Neutrophil	-0.548664096758929	0.33825142838789074
hsa-miR-3065-5p	T cell NK	0.16506622279633462	0.7907895035559793
hsa-miR-3065-5p	Plasmacytoid dendritic cell	-0.6161097101634214	0.26847342968257165
hsa-miR-3065-5p	B cell plasma	-0.2459223394595615	0.6900673359009238
hsa-miR-3065-5p	T cell CD4+ Th1	0.7987441517561231	0.10504877283836267
hsa-miR-3065-5p	T cell CD4+ Th2	0.8131693997656236	0.09417686772013908
hsa-miR-3065-5p	T cell regulatory (Tregs)	-0.576074447986275	0.30939507945435624
hsa-miR-3065-5p	immune score	-0.2341930090171949	0.7045647917838647
hsa-miR-3065-5p	stroma score	5.409069871739754e-4	0.9993112958674901
hsa-miR-3065-5p	microenvironment score	-0.2058833779962797	0.7397250205735328
hsa-miR-3065-5p	M2:M1 ratio	-0.10913565133621095	0.890864348663789
hsa-miR-3200-3p	Myeloid dendritic cell activated	0.028969604162797202	0.9631199142840197
hsa-miR-3200-3p	B cell	0.03956130616459675	0.9496421228909973
hsa-miR-3200-3p	T cell CD4+ memory	-0.13152709365715898	0.8330186053298223
hsa-miR-3200-3p	T cell CD4+ (non-regulatory)	-0.0634050295587702	0.9193243333174324
hsa-miR-3200-3p	T cell CD4+ central memory	0.7345740044621405	0.15745403943164762
hsa-miR-3200-3p	T cell CD4+ effector memory	0.8782756587728462	0.05003883056496224
hsa-miR-3200-3p	T cell CD8+ naive	-0.16917679808306899	0.7856293662070128
hsa-miR-3200-3p	T cell CD8+	-0.08433011917303003	0.8927549579824301
hsa-miR-3200-3p	T cell CD8+ central memory	-0.1508302851653488	0.8086875777618101
hsa-miR-3200-3p	Class-switched memory B cell	0.8484261917670621	0.06920556423370547
hsa-miR-3200-3p	Common lymphoid progenitor	-0.11340240294345402	0.8559216508943104
hsa-miR-3200-3p	Common myeloid progenitor	-0.2987919665336407	0.6253052256526042
hsa-miR-3200-3p	Endothelial cell	-0.6800986244763364	0.2064588735613927
hsa-miR-3200-3p	Cancer associated fibroblast	-0.7484234040054157	0.14562316419351348
hsa-miR-3200-3p	Granulocyte-monocyte progenitor	-0.08433011917303242	0.8927549579824271
hsa-miR-3200-3p	Hematopoietic stem cell	-0.4973173862337759	0.3939628626877048
hsa-miR-3200-3p	Macrophage	0.08459082751752377	0.8924241999023426
hsa-miR-3200-3p	Macrophage M1	0.036656298869740284	0.9533382049507693
hsa-miR-3200-3p	Macrophage M2	0.22823375032472396	0.7119467436896495
hsa-miR-3200-3p	Mast cell	-0.7488677866537418	0.14524805186139939
hsa-miR-3200-3p	B cell memory	0.03956130616459783	0.9496421228909958
hsa-miR-3200-3p	Monocyte	0.037234759217474156	0.9526021892065799
hsa-miR-3200-3p	B cell naive	-0.14596196025748417	0.8148174849501104
hsa-miR-3200-3p	Neutrophil	-0.08433011917303024	0.8927549579824299
hsa-miR-3200-3p	T cell NK	0.4485861826762492	0.44862232639040833
hsa-miR-3200-3p	Plasmacytoid dendritic cell	0.14350032315883884	0.8179187373330621
hsa-miR-3200-3p	B cell plasma	-0.7039361559101572	0.18455106027031562
hsa-miR-3200-3p	T cell CD4+ Th1	-0.5060663812070894	0.3843266759127141
hsa-miR-3200-3p	T cell CD4+ Th2	-0.5704332693521119	0.3152803021035713
hsa-miR-3200-3p	T cell regulatory (Tregs)	0.07686833033666847	0.902224670855127
hsa-miR-3200-3p	immune score	0.04192645775304743	0.9466332196631626
hsa-miR-3200-3p	stroma score	-0.753421820533328	0.1414203439799801
hsa-miR-3200-3p	microenvironment score	-0.31071766375837495	0.6108433634508954
hsa-miR-3200-3p	M2:M1 ratio	0.9840508194139642	0.015949180586035804
hsa-miR-362-5p	Myeloid dendritic cell activated	-0.4418225643957723	0.45633347491578413
hsa-miR-362-5p	B cell	-0.5086329642408675	0.3815106177863692
hsa-miR-362-5p	T cell CD4+ memory	-0.02583101691185957	0.9671145856452044
hsa-miR-362-5p	T cell CD4+ (non-regulatory)	-0.050496497099747316	0.9357331973786258
hsa-miR-362-5p	T cell CD4+ central memory	-0.5164400568360831	0.3729752665003056
hsa-miR-362-5p	T cell CD4+ effector memory	-0.5484258185515813	0.3385050951724247
hsa-miR-362-5p	T cell CD8+ naive	0.33393879924904146	0.5828560796925264
hsa-miR-362-5p	T cell CD8+	-0.03690911135285185	0.9530165319283443
hsa-miR-362-5p	T cell CD8+ central memory	0.036513503331228964	0.9535198961621085
hsa-miR-362-5p	Class-switched memory B cell	-0.6087706735989138	0.27586025531980235
hsa-miR-362-5p	Common lymphoid progenitor	0.08693498686801507	0.8894505210272636
hsa-miR-362-5p	Common myeloid progenitor	-0.11795106725278558	0.8501689958176126
hsa-miR-362-5p	Endothelial cell	0.5303904437661525	0.357840737460115
hsa-miR-362-5p	Cancer associated fibroblast	0.9288513556542165	0.022536879909123553
hsa-miR-362-5p	Granulocyte-monocyte progenitor	-0.036909111352849445	0.9530165319283475
hsa-miR-362-5p	Hematopoietic stem cell	0.48595814159062567	0.40655715695669953
hsa-miR-362-5p	Macrophage	-0.5423012380323325	0.3450414039111444
hsa-miR-362-5p	Macrophage M1	-0.5047907786471357	0.38572810147234204
hsa-miR-362-5p	Macrophage M2	-0.6352943114944253	0.249419957662848
hsa-miR-362-5p	Mast cell	0.9272680234375673	0.02328768325698162
hsa-miR-362-5p	B cell memory	-0.5086329642408683	0.38151061778636824
hsa-miR-362-5p	Monocyte	-0.5055671403268949	0.3848750164079946
hsa-miR-362-5p	B cell naive	0.4288400599598551	0.4712146383940438
hsa-miR-362-5p	Neutrophil	-0.03690911135285186	0.9530165319283443
hsa-miR-362-5p	T cell NK	-0.18985506905085367	0.759729169600639
hsa-miR-362-5p	Plasmacytoid dendritic cell	-0.5658048182893624	0.32013002016178976
hsa-miR-362-5p	B cell plasma	0.7881029732806054	0.11329521738082941
hsa-miR-362-5p	T cell CD4+ Th1	0.4405077942268131	0.45783578133104363
hsa-miR-362-5p	T cell CD4+ Th2	0.7607287017826374	0.13534224288715294
hsa-miR-362-5p	T cell regulatory (Tregs)	-0.1402702822458559	0.8219897444075193
hsa-miR-362-5p	immune score	-0.5341676277654133	0.3537693718372283
hsa-miR-362-5p	stroma score	0.709553526157963	0.17949108937459363
hsa-miR-362-5p	microenvironment score	-0.14278550887177424	0.818819494639759
hsa-miR-362-5p	M2:M1 ratio	-0.5694738162284579	0.43052618377154206
NovelmiRNA-3023	Myeloid dendritic cell activated	NA	NA
NovelmiRNA-3023	B cell	NA	NA
NovelmiRNA-3023	T cell CD4+ memory	NA	NA
NovelmiRNA-3023	T cell CD4+ (non-regulatory)	NA	NA
NovelmiRNA-3023	T cell CD4+ central memory	NA	NA
NovelmiRNA-3023	T cell CD4+ effector memory	NA	NA
NovelmiRNA-3023	T cell CD8+ naive	NA	NA
NovelmiRNA-3023	T cell CD8+	NA	NA
NovelmiRNA-3023	T cell CD8+ central memory	NA	NA
NovelmiRNA-3023	Class-switched memory B cell	NA	NA
NovelmiRNA-3023	Common lymphoid progenitor	NA	NA
NovelmiRNA-3023	Common myeloid progenitor	NA	NA
NovelmiRNA-3023	Endothelial cell	NA	NA
NovelmiRNA-3023	Cancer associated fibroblast	NA	NA
NovelmiRNA-3023	Granulocyte-monocyte progenitor	NA	NA
NovelmiRNA-3023	Hematopoietic stem cell	NA	NA
NovelmiRNA-3023	Macrophage	NA	NA
NovelmiRNA-3023	Macrophage M1	NA	NA
NovelmiRNA-3023	Macrophage M2	NA	NA
NovelmiRNA-3023	Mast cell	NA	NA
NovelmiRNA-3023	B cell memory	NA	NA
NovelmiRNA-3023	Monocyte	NA	NA
NovelmiRNA-3023	B cell naive	NA	NA
NovelmiRNA-3023	Neutrophil	NA	NA
NovelmiRNA-3023	T cell NK	NA	NA
NovelmiRNA-3023	Plasmacytoid dendritic cell	NA	NA
NovelmiRNA-3023	B cell plasma	NA	NA
NovelmiRNA-3023	T cell CD4+ Th1	NA	NA
NovelmiRNA-3023	T cell CD4+ Th2	NA	NA
NovelmiRNA-3023	T cell regulatory (Tregs)	NA	NA
NovelmiRNA-3023	immune score	NA	NA
NovelmiRNA-3023	stroma score	NA	NA
NovelmiRNA-3023	microenvironment score	NA	NA
NovelmiRNA-3023	M2:M1 ratio	NA	NA
NovelmiRNA-2639	Myeloid dendritic cell activated	0.32448451773563514	0.594222571355216
NovelmiRNA-2639	B cell	0.39153484917864895	0.5145296698928865
NovelmiRNA-2639	T cell CD4+ memory	-0.3102008575988891	0.6114688666295516
NovelmiRNA-2639	T cell CD4+ (non-regulatory)	-0.6056946235401718	0.2789720443877237
NovelmiRNA-2639	T cell CD4+ central memory	-0.12761166052186737	0.837961862208277
NovelmiRNA-2639	T cell CD4+ effector memory	0.36497152876130645	0.5458370247857867
NovelmiRNA-2639	T cell CD8+ naive	-0.6110394622751586	0.27357102643943276
NovelmiRNA-2639	T cell CD8+	-0.6110394622751586	0.27357102643943276
NovelmiRNA-2639	T cell CD8+ central memory	-0.5777845973609907	0.30761656848604235
NovelmiRNA-2639	Class-switched memory B cell	0.06727073021039193	0.9144128907254896
NovelmiRNA-2639	Common lymphoid progenitor	-0.434550208023045	0.4646566210833645
NovelmiRNA-2639	Common myeloid progenitor	0.6328162107971629	0.2518598456087002
NovelmiRNA-2639	Endothelial cell	0.6235572259311766	0.2610322630890577
NovelmiRNA-2639	Cancer associated fibroblast	0.147133446453275	0.813342006203159
NovelmiRNA-2639	Granulocyte-monocyte progenitor	-0.6110394622751575	0.2735710264394339
NovelmiRNA-2639	Hematopoietic stem cell	0.7509545693019044	0.1434903627304947
NovelmiRNA-2639	Macrophage	0.41452563365921447	0.487740456906069
NovelmiRNA-2639	Macrophage M1	0.38213510284237223	0.5255660111604463
NovelmiRNA-2639	Macrophage M2	0.3824821726096469	0.5251576775062267
NovelmiRNA-2639	Mast cell	0.15831539497899916	0.7992718043849012
NovelmiRNA-2639	B cell memory	0.3915348491786492	0.5145296698928861
NovelmiRNA-2639	Monocyte	0.38401334736575726	0.5233569824329516
NovelmiRNA-2639	B cell naive	0.6161937950708223	0.268389106106094
NovelmiRNA-2639	Neutrophil	-0.611039462275159	0.27357102643943243
NovelmiRNA-2639	T cell NK	-0.7519528920942369	0.14265170651759274
NovelmiRNA-2639	Plasmacytoid dendritic cell	-0.2046252412728476	0.7412928231137637
NovelmiRNA-2639	B cell plasma	0.37297626479603885	0.5363642584221187
NovelmiRNA-2639	T cell CD4+ Th1	-0.15327869119004325	0.8056064200585114
NovelmiRNA-2639	T cell CD4+ Th2	-0.2937796566729644	0.6314005387793951
NovelmiRNA-2639	T cell regulatory (Tregs)	-0.5614369320607481	0.32472388706329286
NovelmiRNA-2639	immune score	0.3361089134745408	0.5802526841909357
NovelmiRNA-2639	stroma score	0.5002856110995363	0.3906873176419541
NovelmiRNA-2639	microenvironment score	0.5266640570020484	0.36186848697839014
NovelmiRNA-2639	M2:M1 ratio	0.5608755073780127	0.4391244926219873
NovelmiRNA-1805	Myeloid dendritic cell activated	-0.20614366386940666	0.7394007232556989
NovelmiRNA-1805	B cell	-0.40284424113670186	0.5013147613010746
NovelmiRNA-1805	T cell CD4+ memory	0.4159388124106624	0.4861035923852587
NovelmiRNA-1805	T cell CD4+ (non-regulatory)	-0.41501051817181545	0.487178691417531
NovelmiRNA-1805	T cell CD4+ central memory	-0.6360000132877636	0.24872631275132956
NovelmiRNA-1805	T cell CD4+ effector memory	-0.40284424113670164	0.5013147613010747
NovelmiRNA-1805	T cell CD8+ naive	0.7324729925251097	0.15927220148621765
NovelmiRNA-1805	T cell CD8+	-0.40284424113670203	0.5013147613010743
NovelmiRNA-1805	T cell CD8+ central memory	-0.3644187798679193	0.5464923349463586
NovelmiRNA-1805	Class-switched memory B cell	-0.6507624122516612	0.23433743765466705
NovelmiRNA-1805	Common lymphoid progenitor	0.5527265118868887	0.333933976378691
NovelmiRNA-1805	Common myeloid progenitor	-0.15823653685013792	0.799370944055796
NovelmiRNA-1805	Endothelial cell	0.3509329706796008	0.5625269289878274
NovelmiRNA-1805	Cancer associated fibroblast	0.8524743358369526	0.06649416330463113
NovelmiRNA-1805	Granulocyte-monocyte progenitor	-0.40284424113670086	0.5013147613010758
NovelmiRNA-1805	Hematopoietic stem cell	0.25586935380317866	0.6778075608520496
NovelmiRNA-1805	Macrophage	-0.4278798441352526	0.472319375925452
NovelmiRNA-1805	Macrophage M1	-0.3912842172547434	0.5148233243282052
NovelmiRNA-1805	Macrophage M2	-0.4300594820590864	0.46981248498812966
NovelmiRNA-1805	Mast cell	0.8436857456469726	0.07242313537224042
NovelmiRNA-1805	B cell memory	-0.4028442411367027	0.5013147613010734
NovelmiRNA-1805	Monocyte	-0.3935921797209055	0.5121204744758825
NovelmiRNA-1805	B cell naive	0.1841882208619145	0.7668171071693877
NovelmiRNA-1805	Neutrophil	-0.4028442411367017	0.5013147613010747
NovelmiRNA-1805	T cell NK	-0.11656461839029429	0.8519220994051744
NovelmiRNA-1805	Plasmacytoid dendritic cell	-0.7709560126648948	0.12696905882352535
NovelmiRNA-1805	B cell plasma	0.44748057347801207	0.44988083856648137
NovelmiRNA-1805	T cell CD4+ Th1	0.7738352536453148	0.12464065747242102
NovelmiRNA-1805	T cell CD4+ Th2	0.9882705168418319	0.0015222521197862226
NovelmiRNA-1805	T cell regulatory (Tregs)	-0.49010788458682847	0.4019454888514907
NovelmiRNA-1805	immune score	-0.4701207450537768	0.4242683630997254
NovelmiRNA-1805	stroma score	0.5535465557055244	0.333064136337849
NovelmiRNA-1805	microenvironment score	-0.1583923908460922	0.7991750071562429
NovelmiRNA-1805	M2:M1 ratio	-0.33432399833594945	0.6656760016640506
NovelmiRNA-280	Myeloid dendritic cell activated	-0.573075530109047	0.3125202053156514
NovelmiRNA-280	B cell	-0.4081041799536728	0.4951928521026924
NovelmiRNA-280	T cell CD4+ memory	-0.6511310993111483	0.23398108468786524
NovelmiRNA-280	T cell CD4+ (non-regulatory)	0.6268923914276424	0.2577181364157048
NovelmiRNA-280	T cell CD4+ central memory	0.07307236385791778	0.9070442408637869
NovelmiRNA-280	T cell CD4+ effector memory	-0.40810417995367254	0.4951928521026924
NovelmiRNA-280	T cell CD8+ naive	-0.40810417995367276	0.4951928521026923
NovelmiRNA-280	T cell CD8+	0.6331602848151925	0.2515206942924078
NovelmiRNA-280	T cell CD8+ central memory	0.7034532467448515	0.1849879191276112
NovelmiRNA-280	Class-switched memory B cell	-0.10021841536608132	0.8726118735119075
NovelmiRNA-280	Common lymphoid progenitor	-0.6254384981991258	0.25916146301189447
NovelmiRNA-280	Common myeloid progenitor	-0.10410152449756464	0.86769361632565
NovelmiRNA-280	Endothelial cell	0.31985474655677393	0.599803073286177
NovelmiRNA-280	Cancer associated fibroblast	0.3770331092173505	0.5315758791975697
NovelmiRNA-280	Granulocyte-monocyte progenitor	0.6331602848151949	0.2515206942924053
NovelmiRNA-280	Hematopoietic stem cell	0.3771901275818058	0.5313907178837519
NovelmiRNA-280	Macrophage	-0.43354089433307597	0.465814354228127
NovelmiRNA-280	Macrophage M1	-0.4173247087323676	0.48449945822416024
NovelmiRNA-280	Macrophage M2	-0.5903038174327461	0.29467794435900363
NovelmiRNA-280	Mast cell	0.38575195046122135	0.5213138525886543
NovelmiRNA-280	B cell memory	-0.4081041799536732	0.495192852102692
NovelmiRNA-280	Monocyte	-0.4155018673048931	0.48660957560302054
NovelmiRNA-280	B cell naive	0.4288167923018615	0.4712414014759819
NovelmiRNA-280	Neutrophil	0.6331602848151922	0.25152069429240803
NovelmiRNA-280	T cell NK	-0.03034082477264816	0.9613747899813784
NovelmiRNA-280	Plasmacytoid dendritic cell	0.14702265043719032	0.8134815419217936
NovelmiRNA-280	B cell plasma	0.6991983096081277	0.1888497620889354
NovelmiRNA-280	T cell CD4+ Th1	-0.3668820482502453	0.5435731890211376
NovelmiRNA-280	T cell CD4+ Th2	-0.06937385727801929	0.9117413638461447
NovelmiRNA-280	T cell regulatory (Tregs)	0.5761838380186952	0.3092812379705185
NovelmiRNA-280	immune score	-0.34497881113214984	0.5696342525025183
NovelmiRNA-280	stroma score	0.36318958010622493	0.5479501551474436
NovelmiRNA-280	microenvironment score	-0.1360731044819488	0.8272824948611315
NovelmiRNA-280	M2:M1 ratio	-0.33134979184960006	0.6686502081504
NovelmiRNA-2786	Myeloid dendritic cell activated	0.3262962043223929	0.5920413924527991
NovelmiRNA-2786	B cell	0.27686216011805476	0.6520448977490064
NovelmiRNA-2786	T cell CD4+ memory	0.529820212228087	0.358456370989222
NovelmiRNA-2786	T cell CD4+ (non-regulatory)	0.10362191294492797	0.8683009741087735
NovelmiRNA-2786	T cell CD4+ central memory	-0.796811639095402	0.10653236416685366
NovelmiRNA-2786	T cell CD4+ effector memory	-0.987122808297901	0.0017507532652293995
NovelmiRNA-2786	T cell CD8+ naive	0.37132490427577347	0.5383158124736277
NovelmiRNA-2786	T cell CD8+	0.12695315773734508	0.8387934746079798
NovelmiRNA-2786	T cell CD8+ central memory	0.150165767036021	0.809524031794294
NovelmiRNA-2786	Class-switched memory B cell	-0.9157865462399477	0.028962939505250324
NovelmiRNA-2786	Common lymphoid progenitor	0.4597183619189994	0.43599453362270596
NovelmiRNA-2786	Common myeloid progenitor	0.3803455367360596	0.5276724721077166
NovelmiRNA-2786	Endothelial cell	0.4236190890365844	0.47722809878954225
NovelmiRNA-2786	Cancer associated fibroblast	0.40295548737867226	0.5011851232812273
NovelmiRNA-2786	Granulocyte-monocyte progenitor	0.12695315773734614	0.8387934746079785
NovelmiRNA-2786	Hematopoietic stem cell	0.11146551133075899	0.8583721402779168
NovelmiRNA-2786	Macrophage	0.22995883123776445	0.709808719816061
NovelmiRNA-2786	Macrophage M1	0.28483659724278854	0.6423002137242039
NovelmiRNA-2786	Macrophage M2	0.12818262681192016	0.8372408557022837
NovelmiRNA-2786	Mast cell	0.3983691263348036	0.5065354503946954
NovelmiRNA-2786	B cell memory	0.2768621601180537	0.6520448977490078
NovelmiRNA-2786	Monocyte	0.28325821856700584	0.6442270904555644
NovelmiRNA-2786	B cell naive	-0.37253008848478286	0.53689140584343
NovelmiRNA-2786	Neutrophil	0.1269531577373457	0.838793474607979
NovelmiRNA-2786	T cell NK	-0.33762314822390727	0.57843738649701
NovelmiRNA-2786	Plasmacytoid dendritic cell	0.14691071540563722	0.8136225144675974
NovelmiRNA-2786	B cell plasma	0.24749012088377031	0.6881328755386609
NovelmiRNA-2786	T cell CD4+ Th1	0.6736287347054043	0.21252269196787113
NovelmiRNA-2786	T cell CD4+ Th2	0.5149135994017867	0.37464046368608966
NovelmiRNA-2786	T cell regulatory (Tregs)	-0.05325208247509712	0.9322294020165518
NovelmiRNA-2786	immune score	0.28496062054207183	0.6421488465722545
NovelmiRNA-2786	stroma score	0.44694893703285504	0.4504862764162258
NovelmiRNA-2786	microenvironment score	0.45703518302372154	0.4390308222220361
NovelmiRNA-2786	M2:M1 ratio	-0.9875056360805186	0.01249436391948147
NovelmiRNA-3629	Myeloid dendritic cell activated	NA	NA
NovelmiRNA-3629	B cell	NA	NA
NovelmiRNA-3629	T cell CD4+ memory	NA	NA
NovelmiRNA-3629	T cell CD4+ (non-regulatory)	NA	NA
NovelmiRNA-3629	T cell CD4+ central memory	NA	NA
NovelmiRNA-3629	T cell CD4+ effector memory	NA	NA
NovelmiRNA-3629	T cell CD8+ naive	NA	NA
NovelmiRNA-3629	T cell CD8+	NA	NA
NovelmiRNA-3629	T cell CD8+ central memory	NA	NA
NovelmiRNA-3629	Class-switched memory B cell	NA	NA
NovelmiRNA-3629	Common lymphoid progenitor	NA	NA
NovelmiRNA-3629	Common myeloid progenitor	NA	NA
NovelmiRNA-3629	Endothelial cell	NA	NA
NovelmiRNA-3629	Cancer associated fibroblast	NA	NA
NovelmiRNA-3629	Granulocyte-monocyte progenitor	NA	NA
NovelmiRNA-3629	Hematopoietic stem cell	NA	NA
NovelmiRNA-3629	Macrophage	NA	NA
NovelmiRNA-3629	Macrophage M1	NA	NA
NovelmiRNA-3629	Macrophage M2	NA	NA
NovelmiRNA-3629	Mast cell	NA	NA
NovelmiRNA-3629	B cell memory	NA	NA
NovelmiRNA-3629	Monocyte	NA	NA
NovelmiRNA-3629	B cell naive	NA	NA
NovelmiRNA-3629	Neutrophil	NA	NA
NovelmiRNA-3629	T cell NK	NA	NA
NovelmiRNA-3629	Plasmacytoid dendritic cell	NA	NA
NovelmiRNA-3629	B cell plasma	NA	NA
NovelmiRNA-3629	T cell CD4+ Th1	NA	NA
NovelmiRNA-3629	T cell CD4+ Th2	NA	NA
NovelmiRNA-3629	T cell regulatory (Tregs)	NA	NA
NovelmiRNA-3629	immune score	NA	NA
NovelmiRNA-3629	stroma score	NA	NA
NovelmiRNA-3629	microenvironment score	NA	NA
NovelmiRNA-3629	M2:M1 ratio	NA	NA
NovelmiRNA-1734	Myeloid dendritic cell activated	0.18407104544204522	0.7669637486514506
NovelmiRNA-1734	B cell	0.41169462074328117	0.49102305770375587
NovelmiRNA-1734	T cell CD4+ memory	-0.6423454901137846	0.24251284105473642
NovelmiRNA-1734	T cell CD4+ (non-regulatory)	0.12209410712407028	0.8449320501925635
NovelmiRNA-1734	T cell CD4+ central memory	0.24417399885137334	0.6922255215446282
NovelmiRNA-1734	T cell CD4+ effector memory	0.20856801851962672	0.7363810293005728
NovelmiRNA-1734	T cell CD8+ naive	-0.9815623037025728	0.002997016132123771
NovelmiRNA-1734	T cell CD8+	0.11633171233968574	0.8522166271333002
NovelmiRNA-1734	T cell CD8+ central memory	0.14255119914840736	0.8191147752680032
NovelmiRNA-1734	Class-switched memory B cell	0.3003728694350306	0.6233848079805386
NovelmiRNA-1734	Common lymphoid progenitor	-0.8149604023599126	0.09285248677605537
NovelmiRNA-1734	Common myeloid progenitor	0.5382202241281302	0.34941391091787966
NovelmiRNA-1734	Endothelial cell	0.361487388064731	0.5499701777130003
NovelmiRNA-1734	Cancer associated fibroblast	-0.26398493635938625	0.6678296779745556
NovelmiRNA-1734	Granulocyte-monocyte progenitor	0.1163317123396868	0.8522166271332988
NovelmiRNA-1734	Hematopoietic stem cell	0.4834389850115587	0.40936268688079075
NovelmiRNA-1734	Macrophage	0.42695352962729183	0.47338563634892183
NovelmiRNA-1734	Macrophage M1	0.3956402973554678	0.509724359510397
NovelmiRNA-1734	Macrophage M2	0.3339942400473092	0.5827895431715903
NovelmiRNA-1734	Mast cell	-0.2482670580885124	0.6871745210802683
NovelmiRNA-1734	B cell memory	0.41169462074328156	0.4910230577037555
NovelmiRNA-1734	Monocyte	0.39884189357022093	0.505983392247671
NovelmiRNA-1734	B cell naive	0.3898772485653131	0.5164724383930809
NovelmiRNA-1734	Neutrophil	0.11633171233968523	0.8522166271333007
NovelmiRNA-1734	T cell NK	-0.47983479231399034	0.41338434971448024
NovelmiRNA-1734	Plasmacytoid dendritic cell	0.448238804174792	0.4490176624180171
NovelmiRNA-1734	B cell plasma	0.24814303580433567	0.6873274897585062
NovelmiRNA-1734	T cell CD4+ Th1	-0.6473227992520322	0.23766910933903865
NovelmiRNA-1734	T cell CD4+ Th2	-0.7935065302184161	0.10908420893325355
NovelmiRNA-1734	T cell regulatory (Tregs)	0.15872766875334463	0.7987535184975516
NovelmiRNA-1734	immune score	0.44406859014548156	0.4537695901767896
NovelmiRNA-1734	stroma score	0.16659379299648974	0.788871470234598
NovelmiRNA-1734	microenvironment score	0.46772665207047304	0.42696069775730383
NovelmiRNA-1734	M2:M1 ratio	0.28805082311652935	0.7119491768834707
hsa-miR-106b-3p	Myeloid dendritic cell activated	NA	NA
hsa-miR-106b-3p	B cell	NA	NA
hsa-miR-106b-3p	T cell CD4+ memory	NA	NA
hsa-miR-106b-3p	T cell CD4+ (non-regulatory)	NA	NA
hsa-miR-106b-3p	T cell CD4+ central memory	NA	NA
hsa-miR-106b-3p	T cell CD4+ effector memory	NA	NA
hsa-miR-106b-3p	T cell CD8+ naive	NA	NA
hsa-miR-106b-3p	T cell CD8+	NA	NA
hsa-miR-106b-3p	T cell CD8+ central memory	NA	NA
hsa-miR-106b-3p	Class-switched memory B cell	NA	NA
hsa-miR-106b-3p	Common lymphoid progenitor	NA	NA
hsa-miR-106b-3p	Common myeloid progenitor	NA	NA
hsa-miR-106b-3p	Endothelial cell	NA	NA
hsa-miR-106b-3p	Cancer associated fibroblast	NA	NA
hsa-miR-106b-3p	Granulocyte-monocyte progenitor	NA	NA
hsa-miR-106b-3p	Hematopoietic stem cell	NA	NA
hsa-miR-106b-3p	Macrophage	NA	NA
hsa-miR-106b-3p	Macrophage M1	NA	NA
hsa-miR-106b-3p	Macrophage M2	NA	NA
hsa-miR-106b-3p	Mast cell	NA	NA
hsa-miR-106b-3p	B cell memory	NA	NA
hsa-miR-106b-3p	Monocyte	NA	NA
hsa-miR-106b-3p	B cell naive	NA	NA
hsa-miR-106b-3p	Neutrophil	NA	NA
hsa-miR-106b-3p	T cell NK	NA	NA
hsa-miR-106b-3p	Plasmacytoid dendritic cell	NA	NA
hsa-miR-106b-3p	B cell plasma	NA	NA
hsa-miR-106b-3p	T cell CD4+ Th1	NA	NA
hsa-miR-106b-3p	T cell CD4+ Th2	NA	NA
hsa-miR-106b-3p	T cell regulatory (Tregs)	NA	NA
hsa-miR-106b-3p	immune score	NA	NA
hsa-miR-106b-3p	stroma score	NA	NA
hsa-miR-106b-3p	microenvironment score	NA	NA
hsa-miR-106b-3p	M2:M1 ratio	NA	NA
hsa-miR-3617-3p	Myeloid dendritic cell activated	NA	NA
hsa-miR-3617-3p	B cell	NA	NA
hsa-miR-3617-3p	T cell CD4+ memory	NA	NA
hsa-miR-3617-3p	T cell CD4+ (non-regulatory)	NA	NA
hsa-miR-3617-3p	T cell CD4+ central memory	NA	NA
hsa-miR-3617-3p	T cell CD4+ effector memory	NA	NA
hsa-miR-3617-3p	T cell CD8+ naive	NA	NA
hsa-miR-3617-3p	T cell CD8+	NA	NA
hsa-miR-3617-3p	T cell CD8+ central memory	NA	NA
hsa-miR-3617-3p	Class-switched memory B cell	NA	NA
hsa-miR-3617-3p	Common lymphoid progenitor	NA	NA
hsa-miR-3617-3p	Common myeloid progenitor	NA	NA
hsa-miR-3617-3p	Endothelial cell	NA	NA
hsa-miR-3617-3p	Cancer associated fibroblast	NA	NA
hsa-miR-3617-3p	Granulocyte-monocyte progenitor	NA	NA
hsa-miR-3617-3p	Hematopoietic stem cell	NA	NA
hsa-miR-3617-3p	Macrophage	NA	NA
hsa-miR-3617-3p	Macrophage M1	NA	NA
hsa-miR-3617-3p	Macrophage M2	NA	NA
hsa-miR-3617-3p	Mast cell	NA	NA
hsa-miR-3617-3p	B cell memory	NA	NA
hsa-miR-3617-3p	Monocyte	NA	NA
hsa-miR-3617-3p	B cell naive	NA	NA
hsa-miR-3617-3p	Neutrophil	NA	NA
hsa-miR-3617-3p	T cell NK	NA	NA
hsa-miR-3617-3p	Plasmacytoid dendritic cell	NA	NA
hsa-miR-3617-3p	B cell plasma	NA	NA
hsa-miR-3617-3p	T cell CD4+ Th1	NA	NA
hsa-miR-3617-3p	T cell CD4+ Th2	NA	NA
hsa-miR-3617-3p	T cell regulatory (Tregs)	NA	NA
hsa-miR-3617-3p	immune score	NA	NA
hsa-miR-3617-3p	stroma score	NA	NA
hsa-miR-3617-3p	microenvironment score	NA	NA
hsa-miR-3617-3p	M2:M1 ratio	NA	NA
hsa-miR-188-3p	Myeloid dendritic cell activated	-0.37195060437899646	0.537576205337918
hsa-miR-188-3p	B cell	-0.45589168361930504	0.44032624103459955
hsa-miR-188-3p	T cell CD4+ memory	0.1883619155382719	0.7615960076843374
hsa-miR-188-3p	T cell CD4+ (non-regulatory)	0.16683805665720158	0.7885648166237461
hsa-miR-188-3p	T cell CD4+ central memory	-0.506193536064367	0.3841870453019851
hsa-miR-188-3p	T cell CD4+ effector memory	-0.7182082945334386	0.1717745305862951
hsa-miR-188-3p	T cell CD8+ naive	0.5261383102042648	0.36243763652793315
hsa-miR-188-3p	T cell CD8+	0.18328446685653804	0.7679482125253371
hsa-miR-188-3p	T cell CD8+ central memory	0.23227523861735883	0.7069392296550951
hsa-miR-188-3p	Class-switched memory B cell	-0.6594607586033414	0.2259699408450085
hsa-miR-188-3p	Common lymphoid progenitor	0.30058974078195344	0.6231214393691689
hsa-miR-188-3p	Common myeloid progenitor	-0.21870225411482389	0.7237756709876233
hsa-miR-188-3p	Endothelial cell	0.2824267420886767	0.6452425298697078
hsa-miR-188-3p	Cancer associated fibroblast	0.7344273513530408	0.15758075218756537
hsa-miR-188-3p	Granulocyte-monocyte progenitor	0.1832844668565397	0.767948212525335
hsa-miR-188-3p	Hematopoietic stem cell	0.14767682155548198	0.8126577171398575
hsa-miR-188-3p	Macrophage	-0.4975600245742027	0.39369486034537976
hsa-miR-188-3p	Macrophage M1	-0.4483198750455194	0.4489253923698565
hsa-miR-188-3p	Macrophage M2	-0.57574391654675	0.30973912656660185
hsa-miR-188-3p	Mast cell	0.7286621939820818	0.16258537437608123
hsa-miR-188-3p	B cell memory	-0.45589168361930604	0.4403262410345987
hsa-miR-188-3p	Monocyte	-0.44983633831963765	0.447200218532002
hsa-miR-188-3p	B cell naive	0.054410013659517864	0.9307572160092021
hsa-miR-188-3p	Neutrophil	0.1832844668565383	0.7679482125253367
hsa-miR-188-3p	T cell NK	0.031461259230635835	0.9599488898626369
hsa-miR-188-3p	Plasmacytoid dendritic cell	-0.3407237643951492	0.5747235732573874
hsa-miR-188-3p	B cell plasma	0.5211124855889009	0.36788931182589957
hsa-miR-188-3p	T cell CD4+ Th1	0.5182248737500655	0.37103049714145214
hsa-miR-188-3p	T cell CD4+ Th2	0.7738193238783632	0.12465350428264993
hsa-miR-188-3p	T cell regulatory (Tregs)	0.05491515719621385	0.9301150089017574
hsa-miR-188-3p	immune score	-0.4569362564769983	0.4391428578726614
hsa-miR-188-3p	stroma score	0.46257962596149343	0.4327619526114934
hsa-miR-188-3p	microenvironment score	-0.18875877002420804	0.7610997809689608
hsa-miR-188-3p	M2:M1 ratio	-0.7019403728648161	0.29805962713518386
hsa-miR-130b-3p	Myeloid dendritic cell activated	0.23317150846527315	0.7058293965167405
hsa-miR-130b-3p	B cell	-0.014420154699481599	0.9816403251250918
hsa-miR-130b-3p	T cell CD4+ memory	0.6805420910064661	0.2060450411621591
hsa-miR-130b-3p	T cell CD4+ (non-regulatory)	-0.8232907024460009	0.08676862818473319
hsa-miR-130b-3p	T cell CD4+ central memory	-0.6398074964864949	0.24499292095933264
hsa-miR-130b-3p	T cell CD4+ effector memory	-0.079248670229577	0.8992031761580634
hsa-miR-130b-3p	T cell CD8+ naive	0.7400605265420288	0.15273493088823004
hsa-miR-130b-3p	T cell CD8+	-0.816607954682427	0.09163925305517674
hsa-miR-130b-3p	T cell CD8+ central memory	-0.8162667220924837	0.09189013129012392
hsa-miR-130b-3p	Class-switched memory B cell	-0.5197592735242957	0.36936055111368765
hsa-miR-130b-3p	Common lymphoid progenitor	0.7523218024678356	0.1423421637984795
hsa-miR-130b-3p	Common myeloid progenitor	0.07305897402396347	0.9070612437615737
hsa-miR-130b-3p	Endothelial cell	0.2610222312019967	0.6714696214187921
hsa-miR-130b-3p	Cancer associated fibroblast	0.5521253960683943	0.3345719550451906
hsa-miR-130b-3p	Granulocyte-monocyte progenitor	-0.8166079546824272	0.09163925305517656
hsa-miR-130b-3p	Hematopoietic stem cell	0.15991239614768876	0.797264344164746
hsa-miR-130b-3p	Macrophage	-0.018561267029774238	0.9763684178933028
hsa-miR-130b-3p	Macrophage M1	-0.0010151146225739324	0.9987075161420751
hsa-miR-130b-3p	Macrophage M2	0.0571634172582824	0.9272569342396049
hsa-miR-130b-3p	Mast cell	0.5418587376668146	0.3455148516074426
hsa-miR-130b-3p	B cell memory	-0.014420154699482044	0.9816403251250914
hsa-miR-130b-3p	Monocyte	-0.0036802384849915623	0.9953141854044647
hsa-miR-130b-3p	B cell naive	0.02009013181760156	0.9744221705232731
hsa-miR-130b-3p	Neutrophil	-0.8166079546824265	0.09163925305517703
hsa-miR-130b-3p	T cell NK	-0.2502558259230496	0.6847222687642622
hsa-miR-130b-3p	Plasmacytoid dendritic cell	-0.766608695482453	0.13050884547902875
hsa-miR-130b-3p	B cell plasma	0.06767822790157686	0.9138952309953984
hsa-miR-130b-3p	T cell CD4+ Th1	0.8591631942742392	0.062088888903739
hsa-miR-130b-3p	T cell CD4+ Th2	0.8346605311195667	0.07867257970593039
hsa-miR-130b-3p	T cell regulatory (Tregs)	-0.856029087031513	0.06414126978929494
hsa-miR-130b-3p	immune score	-0.11772927832669292	0.8504494187139667
hsa-miR-130b-3p	stroma score	0.38276851130626677	0.5248208428133495
hsa-miR-130b-3p	microenvironment score	0.07298181191458351	0.9071592273381496
hsa-miR-130b-3p	M2:M1 ratio	-0.040297467623306764	0.9597025323766932
hsa-miR-3615	Myeloid dendritic cell activated	NA	NA
hsa-miR-3615	B cell	NA	NA
hsa-miR-3615	T cell CD4+ memory	NA	NA
hsa-miR-3615	T cell CD4+ (non-regulatory)	NA	NA
hsa-miR-3615	T cell CD4+ central memory	NA	NA
hsa-miR-3615	T cell CD4+ effector memory	NA	NA
hsa-miR-3615	T cell CD8+ naive	NA	NA
hsa-miR-3615	T cell CD8+	NA	NA
hsa-miR-3615	T cell CD8+ central memory	NA	NA
hsa-miR-3615	Class-switched memory B cell	NA	NA
hsa-miR-3615	Common lymphoid progenitor	NA	NA
hsa-miR-3615	Common myeloid progenitor	NA	NA
hsa-miR-3615	Endothelial cell	NA	NA
hsa-miR-3615	Cancer associated fibroblast	NA	NA
hsa-miR-3615	Granulocyte-monocyte progenitor	NA	NA
hsa-miR-3615	Hematopoietic stem cell	NA	NA
hsa-miR-3615	Macrophage	NA	NA
hsa-miR-3615	Macrophage M1	NA	NA
hsa-miR-3615	Macrophage M2	NA	NA
hsa-miR-3615	Mast cell	NA	NA
hsa-miR-3615	B cell memory	NA	NA
hsa-miR-3615	Monocyte	NA	NA
hsa-miR-3615	B cell naive	NA	NA
hsa-miR-3615	Neutrophil	NA	NA
hsa-miR-3615	T cell NK	NA	NA
hsa-miR-3615	Plasmacytoid dendritic cell	NA	NA
hsa-miR-3615	B cell plasma	NA	NA
hsa-miR-3615	T cell CD4+ Th1	NA	NA
hsa-miR-3615	T cell CD4+ Th2	NA	NA
hsa-miR-3615	T cell regulatory (Tregs)	NA	NA
hsa-miR-3615	immune score	NA	NA
hsa-miR-3615	stroma score	NA	NA
hsa-miR-3615	microenvironment score	NA	NA
hsa-miR-3615	M2:M1 ratio	NA	NA
NovelmiRNA-529	Myeloid dendritic cell activated	0.4515976136247168	0.4451983907548288
NovelmiRNA-529	B cell	0.5189096287496641	0.3702850271872446
NovelmiRNA-529	T cell CD4+ memory	-0.2223728050291583	0.719217251636456
NovelmiRNA-529	T cell CD4+ (non-regulatory)	-0.6029109217795007	0.28179599531412247
NovelmiRNA-529	T cell CD4+ central memory	-0.1570202484032365	0.8009002103521033
NovelmiRNA-529	T cell CD4+ effector memory	0.32972062704072314	0.5879225085347195
NovelmiRNA-529	T cell CD8+ naive	-0.6074172822565016	0.2772282364614216
NovelmiRNA-529	T cell CD8+	-0.6074172822565016	0.2772282364614216
NovelmiRNA-529	T cell CD8+ central memory	-0.5837858590368211	0.3013963459596581
NovelmiRNA-529	Class-switched memory B cell	0.0415789070880255	0.9470753490277559
NovelmiRNA-529	Common lymphoid progenitor	-0.3748565466852064	0.5341438681716242
NovelmiRNA-529	Common myeloid progenitor	0.7083911236545787	0.18053485073699357
NovelmiRNA-529	Endothelial cell	0.595167804751326	0.28969011577758497
NovelmiRNA-529	Cancer associated fibroblast	0.05014881467854662	0.9361753195102429
NovelmiRNA-529	Granulocyte-monocyte progenitor	-0.6074172822565008	0.27722823646142236
NovelmiRNA-529	Hematopoietic stem cell	0.6872823253935524	0.19978401094382173
NovelmiRNA-529	Macrophage	0.5415759042755328	0.34581754984624513
NovelmiRNA-529	Macrophage M1	0.5101355513428562	0.3798642746842709
NovelmiRNA-529	Macrophage M2	0.5137270314547879	0.3759361101892536
NovelmiRNA-529	Mast cell	0.06083330191655746	0.9225924339746746
NovelmiRNA-529	B cell memory	0.5189096287496643	0.3702850271872445
NovelmiRNA-529	Monocyte	0.5118925703453636	0.377941320605243
NovelmiRNA-529	B cell naive	0.4946396627185003	0.39692334740262963
NovelmiRNA-529	Neutrophil	-0.6074172822565019	0.2772282364614211
NovelmiRNA-529	T cell NK	-0.7721343664899614	0.1260145895495837
NovelmiRNA-529	Plasmacytoid dendritic cell	-0.1028404460802552	0.8692906527304485
NovelmiRNA-529	B cell plasma	0.270864383105767	0.6593895338551279
NovelmiRNA-529	T cell CD4+ Th1	-0.1236139669027404	0.8430115640208133
NovelmiRNA-529	T cell CD4+ Th2	-0.3424656990177819	0.5726390861168712
NovelmiRNA-529	T cell regulatory (Tregs)	-0.5642775249335098	0.32173444526564304
NovelmiRNA-529	immune score	0.466635308725375	0.4281892770513766
NovelmiRNA-529	stroma score	0.44560278191639474	0.4520201072756871
NovelmiRNA-529	microenvironment score	0.6163212409479932	0.2682613119107684
NovelmiRNA-529	M2:M1 ratio	0.46663680718422784	0.5333631928157722
NovelmiRNA-1819	Myeloid dendritic cell activated	0.5380243975855595	0.3496240663409867
NovelmiRNA-1819	B cell	0.36848471793580595	0.5416755475559355
NovelmiRNA-1819	T cell CD4+ memory	0.7457810875145632	0.1478594430315058
NovelmiRNA-1819	T cell CD4+ (non-regulatory)	-0.6234723386092795	0.2611167627640599
NovelmiRNA-1819	T cell CD4+ central memory	-0.9726924491076387	0.005394746293996541
NovelmiRNA-1819	T cell CD4+ effector memory	-0.605194880898894	0.27947846119361935
NovelmiRNA-1819	T cell CD8+ naive	0.5377756221192539	0.34989108997056895
NovelmiRNA-1819	T cell CD8+	-0.605194880898894	0.27947846119361935
NovelmiRNA-1819	T cell CD8+ central memory	-0.587575981955383	0.29748489240076603
NovelmiRNA-1819	Class-switched memory B cell	-0.9154796360758981	0.029120034937857753
NovelmiRNA-1819	Common lymphoid progenitor	0.6914817900685956	0.19591072018212774
NovelmiRNA-1819	Common myeloid progenitor	0.521333093782357	0.36764959699639344
NovelmiRNA-1819	Endothelial cell	0.5919382099655616	0.2929994674337225
NovelmiRNA-1819	Cancer associated fibroblast	0.5807229205713007	0.3045669506959291
NovelmiRNA-1819	Granulocyte-monocyte progenitor	-0.6051948808988934	0.2794784611936201
NovelmiRNA-1819	Hematopoietic stem cell	0.33864629901444	0.5772114034706517
NovelmiRNA-1819	Macrophage	0.34203425523712444	0.5731552426940971
NovelmiRNA-1819	Macrophage M1	0.3798910379117473	0.5282077205907032
NovelmiRNA-1819	Macrophage M2	0.3187658231338118	0.6011169526758403
NovelmiRNA-1819	Mast cell	0.5740678300434072	0.3114852554159574
NovelmiRNA-1819	B cell memory	0.36848471793580506	0.5416755475559363
NovelmiRNA-1819	Monocyte	0.3776327065559545	0.530868882760376
NovelmiRNA-1819	B cell naive	-0.13895113630513217	0.8236528839531589
NovelmiRNA-1819	Neutrophil	-0.6051948808988934	0.2794784611936201
NovelmiRNA-1819	T cell NK	-0.6004793581593747	0.2842688194131714
NovelmiRNA-1819	Plasmacytoid dendritic cell	-0.3770243832984715	0.5315861694681995
NovelmiRNA-1819	B cell plasma	0.23395205155311202	0.7048630652814285
NovelmiRNA-1819	T cell CD4+ Th1	0.9540143883500475	0.011755693017830006
NovelmiRNA-1819	T cell CD4+ Th2	0.7418221494343922	0.1512286224265472
NovelmiRNA-1819	T cell regulatory (Tregs)	-0.7362914808045675	0.15597229750334285
NovelmiRNA-1819	immune score	0.29487282220072447	0.6300703297756118
NovelmiRNA-1819	stroma score	0.6307781784715384	0.2538712417665858
NovelmiRNA-1819	microenvironment score	0.5505765642718923	0.3362171701142967
NovelmiRNA-1819	M2:M1 ratio	-0.5753970954760614	0.42460290452393856
NovelmiRNA-222	Myeloid dendritic cell activated	0.7640526269419179	0.13260355174534544
NovelmiRNA-222	B cell	0.5882302118672574	0.2968110595649092
NovelmiRNA-222	T cell CD4+ memory	0.9830271779331424	0.0026476231464446906
NovelmiRNA-222	T cell CD4+ (non-regulatory)	-0.4203861322549665	0.48095993756508937
NovelmiRNA-222	T cell CD4+ central memory	-0.6474837554634787	0.23751291799687332
NovelmiRNA-222	T cell CD4+ effector memory	-0.4080622659364357	0.4952415728446045
NovelmiRNA-222	T cell CD8+ naive	0.6359565859420491	0.2487689830625948
NovelmiRNA-222	T cell CD8+	-0.4080622659364355	0.49524157284460496
NovelmiRNA-222	T cell CD8+ central memory	-0.45600665143789065	0.44019596058305455
NovelmiRNA-222	Class-switched memory B cell	-0.5955840763207215	0.289264277955441
NovelmiRNA-222	Common lymphoid progenitor	0.9018544122342435	0.036361425705259756
NovelmiRNA-222	Common myeloid progenitor	0.37394798699396387	0.5352165429721287
NovelmiRNA-222	Endothelial cell	3.085462804725803e-4	0.9996071466805547
NovelmiRNA-222	Cancer associated fibroblast	-0.07703045826461441	0.9020188552243394
NovelmiRNA-222	Granulocyte-monocyte progenitor	-0.408062265936437	0.4952415728446031
NovelmiRNA-222	Hematopoietic stem cell	-0.296581547914128	0.6279920229793778
NovelmiRNA-222	Macrophage	0.5743204767098821	0.31122189005974876
NovelmiRNA-222	Macrophage M1	0.6023890054338246	0.2823262896307078
NovelmiRNA-222	Macrophage M2	0.634577585098094	0.2501249727294578
NovelmiRNA-222	Mast cell	-0.08832697762521194	0.8876850016668285
NovelmiRNA-222	B cell memory	0.588230211867257	0.2968110595649097
NovelmiRNA-222	Monocyte	0.5995889488592318	0.2851757537642934
NovelmiRNA-222	B cell naive	-0.7136784849711854	0.17580116710618127
NovelmiRNA-222	Neutrophil	-0.4080622659364347	0.49524157284460574
NovelmiRNA-222	T cell NK	-0.19821760858887266	0.7492840494773486
NovelmiRNA-222	Plasmacytoid dendritic cell	0.043739784316307706	0.9443265398142588
NovelmiRNA-222	B cell plasma	-0.46984716008189226	0.4245758333918936
NovelmiRNA-222	T cell CD4+ Th1	0.8146984637260263	0.09304582314195245
NovelmiRNA-222	T cell CD4+ Th2	0.4183954812007331	0.4832608394471576
NovelmiRNA-222	T cell regulatory (Tregs)	-0.4964562317522314	0.39491438394218326
NovelmiRNA-222	immune score	0.5454221922234433	0.3417067588165425
NovelmiRNA-222	stroma score	-0.02699963076123576	0.965627179569341
NovelmiRNA-222	microenvironment score	0.46761456652759115	0.42708684107205397
NovelmiRNA-222	M2:M1 ratio	-0.5787495622449793	0.4212504377550207
NovelmiRNA-78	Myeloid dendritic cell activated	0.6908107923785118	0.19652816494743597
NovelmiRNA-78	B cell	0.5317294341085834	0.35639615524189416
NovelmiRNA-78	T cell CD4+ memory	0.7284873462189412	0.1627378636824315
NovelmiRNA-78	T cell CD4+ (non-regulatory)	-0.7732922931530996	0.12507875890635325
NovelmiRNA-78	T cell CD4+ central memory	-0.9142139972263529	0.029770743150931447
NovelmiRNA-78	T cell CD4+ effector memory	-0.41478217447691507	0.4874432232004697
NovelmiRNA-78	T cell CD8+ naive	0.40316240694962346	0.5009440132001148
NovelmiRNA-78	T cell CD8+	-0.7587644670584842	0.13696840172248126
NovelmiRNA-78	T cell CD8+ central memory	-0.7505932547427273	0.14379424639273886
NovelmiRNA-78	Class-switched memory B cell	-0.7942972791301098	0.10847202070637807
NovelmiRNA-78	Common lymphoid progenitor	0.6360088038786506	0.24871767564067127
NovelmiRNA-78	Common myeloid progenitor	0.651382673452916	0.23373801194805
NovelmiRNA-78	Endothelial cell	0.6011609175385697	0.28357512311312233
NovelmiRNA-78	Cancer associated fibroblast	0.4459581549576863	0.45161507774920645
NovelmiRNA-78	Granulocyte-monocyte progenitor	-0.7587644670584838	0.13696840172248156
NovelmiRNA-78	Hematopoietic stem cell	0.3794369416440125	0.5287426028660555
NovelmiRNA-78	Macrophage	0.5168138033108229	0.3725678225948099
NovelmiRNA-78	Macrophage M1	0.5414032985863856	0.3460023107671042
NovelmiRNA-78	Macrophage M2	0.513697816933046	0.3759680238904422
NovelmiRNA-78	Mast cell	0.44101648020272555	0.4572544090744908
NovelmiRNA-78	B cell memory	0.5317294341085826	0.35639615524189505
NovelmiRNA-78	Monocyte	0.5394933967613929	0.34804833968198334
NovelmiRNA-78	B cell naive	-0.10832970527481348	0.8623405871687508
NovelmiRNA-78	Neutrophil	-0.7587644670584837	0.13696840172248165
NovelmiRNA-78	T cell NK	-0.7016442830349278	0.186626988784273
NovelmiRNA-78	Plasmacytoid dendritic cell	-0.35092755294684375	0.5625333883530815
NovelmiRNA-78	B cell plasma	0.13943219782249228	0.8230463398818214
NovelmiRNA-78	T cell CD4+ Th1	0.8785477525962417	0.04987326498595341
NovelmiRNA-78	T cell CD4+ Th2	0.579551496445249	0.3057818081446941
NovelmiRNA-78	T cell regulatory (Tregs)	-0.8589958857010549	0.06219792349968638
NovelmiRNA-78	immune score	0.4468623175498451	0.4505849373970273
NovelmiRNA-78	stroma score	0.5897846885582608	0.2952115966618337
NovelmiRNA-78	microenvironment score	0.6654413389444429	0.22026574790491282
NovelmiRNA-78	M2:M1 ratio	-0.3796164972822425	0.6203835027177576
NovelmiRNA-1470	Myeloid dendritic cell activated	-0.18907613068689433	0.7607029810355672
NovelmiRNA-1470	B cell	-0.3965526301957807	0.5086577513420114
NovelmiRNA-1470	T cell CD4+ memory	0.46695161767562116	0.427833109941734
NovelmiRNA-1470	T cell CD4+ (non-regulatory)	-0.40852889463076764	0.4946992213153962
NovelmiRNA-1470	T cell CD4+ central memory	-0.6241786895563401	0.26041386044730497
NovelmiRNA-1470	T cell CD4+ effector memory	-0.39655263019578046	0.5086577513420115
NovelmiRNA-1470	T cell CD8+ naive	0.7827053489957629	0.11754912542688835
NovelmiRNA-1470	T cell CD8+	-0.3965526301957808	0.5086577513420115
NovelmiRNA-1470	T cell CD8+ central memory	-0.36474479141671506	0.5461058142831977
NovelmiRNA-1470	Class-switched memory B cell	-0.6405988217251841	0.24421891804050613
NovelmiRNA-1470	Common lymphoid progenitor	0.6076558076833417	0.2769870100609014
NovelmiRNA-1470	Common myeloid progenitor	-0.18759977530625938	0.7625490953545837
NovelmiRNA-1470	Endothelial cell	0.2901195953305212	0.6358576457952294
NovelmiRNA-1470	Cancer associated fibroblast	0.8097036815019767	0.09675581130130459
NovelmiRNA-1470	Granulocyte-monocyte progenitor	-0.39655263019577985	0.5086577513420123
NovelmiRNA-1470	Hematopoietic stem cell	0.18504462953750772	0.7657454373087189
NovelmiRNA-1470	Macrophage	-0.4211932479426558	0.4800276949961368
NovelmiRNA-1470	Macrophage M1	-0.38405077591142184	0.5233129811641233
NovelmiRNA-1470	Macrophage M2	-0.4124505719884062	0.4901460684848945
NovelmiRNA-1470	Mast cell	0.7998582318105796	0.10419635863790119
NovelmiRNA-1470	B cell memory	-0.39655263019578146	0.5086577513420105
NovelmiRNA-1470	Monocyte	-0.3865458077848431	0.5203814810149737
NovelmiRNA-1470	B cell naive	0.11894923898338279	0.8489070313704177
NovelmiRNA-1470	Neutrophil	-0.39655263019578046	0.5086577513420115
NovelmiRNA-1470	T cell NK	-0.06811765970131961	0.9133370202336953
NovelmiRNA-1470	Plasmacytoid dendritic cell	-0.7555862632525716	0.13961169154144343
NovelmiRNA-1470	B cell plasma	0.3781684448239471	0.5302373416572221
NovelmiRNA-1470	T cell CD4+ Th1	0.7938148957600502	0.10884535243640528
NovelmiRNA-1470	T cell CD4+ Th2	0.9961342672320994	2.883564102240125e-4
NovelmiRNA-1470	T cell regulatory (Tregs)	-0.4824533923190542	0.4104615361698684
NovelmiRNA-1470	immune score	-0.46314024956568217	0.4321292106531915
NovelmiRNA-1470	stroma score	0.49471177797341925	0.3968435486993408
NovelmiRNA-1470	microenvironment score	-0.17939399898007927	0.7728195807866528
NovelmiRNA-1470	M2:M1 ratio	-0.3343239983359494	0.6656760016640506
NovelmiRNA-2872	Myeloid dendritic cell activated	-0.22494556209136837	0.7160244994434343
NovelmiRNA-2872	B cell	-0.40722799837901685	0.49621153106509763
NovelmiRNA-2872	T cell CD4+ memory	0.3516991414438639	0.5616135926776352
NovelmiRNA-2872	T cell CD4+ (non-regulatory)	-0.41952666902838237	0.48195306555644635
NovelmiRNA-2872	T cell CD4+ central memory	-0.6451788880216194	0.23975222020497441
NovelmiRNA-2872	T cell CD4+ effector memory	-0.40722799837901663	0.4962115310650979
NovelmiRNA-2872	T cell CD8+ naive	0.66669976346390325	0.21907062862669022
NovelmiRNA-2872	T cell CD8+	-0.40722799837901696	0.49621153106509747
NovelmiRNA-2872	T cell CD8+ central memory	-0.3611890107657503	0.5503244150878797
NovelmiRNA-2872	Class-switched memory B cell	-0.6578440188539671	0.22751885094048224
NovelmiRNA-2872	Common lymphoid progenitor	0.4827377261426084	0.4101444589331171
NovelmiRNA-2872	Common myeloid progenitor	-0.12189248711881073	0.8451868433651613
NovelmiRNA-2872	Endothelial cell	0.4209153198789488	0.48034866672002424
NovelmiRNA-2872	Cancer associated fibroblast	0.8969736697515693	0.039077631705966294
NovelmiRNA-2872	Granulocyte-monocyte progenitor	-0.4072279983790156	0.4962115310650991
NovelmiRNA-2872	Hematopoietic stem cell	0.33856354595851956	0.5773105439117715
NovelmiRNA-2872	Macrophage	-0.43254079807670137	0.46696213002689635
NovelmiRNA-2872	Macrophage M1	-0.39688425018087264	0.5082701678510511
NovelmiRNA-2872	Macrophage M2	-0.44776373536808856	0.44955844181637034
NovelmiRNA-2872	Mast cell	0.8895173025479898	0.04334548379969561
NovelmiRNA-2872	B cell memory	-0.40722799837901763	0.49621153106509674
NovelmiRNA-2872	Monocyte	-0.3989505395008302	0.5058565420754727
NovelmiRNA-2872	B cell naive	0.2607619145099471	0.6717895882950145
NovelmiRNA-2872	Neutrophil	-0.4072279983790167	0.4962115310650978
NovelmiRNA-2872	T cell NK	-0.17358635584746535	0.7800980145662686
NovelmiRNA-2872	Plasmacytoid dendritic cell	-0.7833261719803899	0.11705746014140395
NovelmiRNA-2872	B cell plasma	0.5268728486877646	0.3616425190777451
NovelmiRNA-2872	T cell CD4+ Th1	0.7439141708860523	0.14944547991341364
NovelmiRNA-2872	T cell CD4+ Th2	0.9711658223304455	0.005852047948207373
NovelmiRNA-2872	T cell regulatory (Tregs)	-0.49544124614242807	0.3960365720954659
NovelmiRNA-2872	immune score	-0.47480394064381154	0.41901302588135414
NovelmiRNA-2872	stroma score	0.6195840268468127	0.26499513504950795
NovelmiRNA-2872	microenvironment score	-0.13204549135282528	0.8323643176992269
NovelmiRNA-2872	M2:M1 ratio	-0.33432399833594945	0.6656760016640506
hsa-miR-216a-5p	Myeloid dendritic cell activated	-0.1838401723936775	0.7672526888431305
hsa-miR-216a-5p	B cell	-0.15324633718001837	0.8056471277726092
hsa-miR-216a-5p	T cell CD4+ memory	-0.35487450894579414	0.5578313041340577
hsa-miR-216a-5p	T cell CD4+ (non-regulatory)	-0.35314824537756384	0.5598869142425089
hsa-miR-216a-5p	T cell CD4+ central memory	-0.4601059468433696	0.4355563334397419
hsa-miR-216a-5p	T cell CD4+ effector memory	-0.22146239237564508	0.7203475214876944
hsa-miR-216a-5p	T cell CD8+ naive	-0.2716058403761651	0.6584808707489913
hsa-miR-216a-5p	T cell CD8+	-0.3457369423692595	0.5687283626755109
hsa-miR-216a-5p	T cell CD8+ central memory	-0.25582732522395446	0.6778592922426564
hsa-miR-216a-5p	Class-switched memory B cell	-0.42012079002950037	0.48126649968774887
hsa-miR-216a-5p	Common lymphoid progenitor	-0.36018617768312583	0.5515153129776378
hsa-miR-216a-5p	Common myeloid progenitor	0.3580492099365247	0.5540546810277077
hsa-miR-216a-5p	Endothelial cell	0.8944762052861934	0.04049142018649269
hsa-miR-216a-5p	Cancer associated fibroblast	0.8464756816507423	0.0705239687691493
hsa-miR-216a-5p	Granulocyte-monocyte progenitor	-0.3457369423692565	0.5687283626755143
hsa-miR-216a-5p	Hematopoietic stem cell	0.9600683954110539	0.009521173156891837
hsa-miR-216a-5p	Macrophage	-0.16626863720244336	0.7892796974006026
hsa-miR-216a-5p	Macrophage M1	-0.15886275070004377	0.7985837091304966
hsa-miR-216a-5p	Macrophage M2	-0.28674233215201134	0.6399749587198367
hsa-miR-216a-5p	Mast cell	0.8549500642997082	0.06485267864527557
hsa-miR-216a-5p	B cell memory	-0.1532463371800189	0.8056471277726085
hsa-miR-216a-5p	Monocyte	-0.15775006262335958	0.7999825627448506
hsa-miR-216a-5p	B cell naive	0.8240005108840848	0.08625610377711311
hsa-miR-216a-5p	Neutrophil	-0.3457369423692599	0.5687283626755102
hsa-miR-216a-5p	T cell NK	-0.68811583394251	0.1990135435381777
hsa-miR-216a-5p	Plasmacytoid dendritic cell	-0.5215412571254271	0.3674234395652402
hsa-miR-216a-5p	B cell plasma	0.9662349688617181	0.0074100765761103285
hsa-miR-216a-5p	T cell CD4+ Th1	0.14669732995666154	0.8138912616515281
hsa-miR-216a-5p	T cell CD4+ Th2	0.3273266263637975	0.5908014594897387
hsa-miR-216a-5p	T cell regulatory (Tregs)	-0.3974606176253676	0.5075966779183143
hsa-miR-216a-5p	immune score	-0.19944574492768807	0.7477515594376761
hsa-miR-216a-5p	stroma score	0.9421934469170752	0.016538550980314884
hsa-miR-216a-5p	microenvironment score	0.25916888516158443	0.6737481585970861
hsa-miR-216a-5p	M2:M1 ratio	0.2162909629969286	0.7837090370030714
hsa-miR-1343-3p	Myeloid dendritic cell activated	0.35684681811420677	0.5554844696489276
hsa-miR-1343-3p	B cell	0.18797144570112484	0.7620842885743979
hsa-miR-1343-3p	T cell CD4+ memory	0.3763309750131261	0.5324040156085377
hsa-miR-1343-3p	T cell CD4+ (non-regulatory)	-0.9644734352657166	0.007995317431755983
hsa-miR-1343-3p	T cell CD4+ central memory	-0.28796606898665233	0.6384825629443631
hsa-miR-1343-3p	T cell CD4+ effector memory	0.44380092634386215	0.4540749672430921
hsa-miR-1343-3p	T cell CD8+ naive	0.26992590790815346	0.66053992669438
hsa-miR-1343-3p	T cell CD8+	-0.9696542978066038	0.006316738136589035
hsa-miR-1343-3p	T cell CD8+ central memory	-0.982339589110842	0.0028098377206993218
hsa-miR-1343-3p	Class-switched memory B cell	-0.05827388612705195	0.9258453985520784
hsa-miR-1343-3p	Common lymphoid progenitor	0.3850776784920889	0.5221060367776947
hsa-miR-1343-3p	Common myeloid progenitor	0.22493642030184985	0.7160358408339529
hsa-miR-1343-3p	Endothelial cell	0.21200622896378998	0.7321012521500083
hsa-miR-1343-3p	Cancer associated fibroblast	0.20722146939428432	0.738058049440411
hsa-miR-1343-3p	Granulocyte-monocyte progenitor	-0.9696542978066044	0.006316738136588882
hsa-miR-1343-3p	Hematopoietic stem cell	0.2550517213468241	0.6788140604860096
hsa-miR-1343-3p	Macrophage	0.21267993697482457	0.7312630222730905
hsa-miR-1343-3p	Macrophage M1	0.19370988555757296	0.7549121749093212
hsa-miR-1343-3p	Macrophage M2	0.31851687221617264	0.6014174046632045
hsa-miR-1343-3p	Mast cell	0.2035030691254655	0.7426915516157597
hsa-miR-1343-3p	B cell memory	0.18797144570112503	0.7620842885743977
hsa-miR-1343-3p	Monocyte	0.1925737988770547	0.75633144874592
hsa-miR-1343-3p	B cell naive	0.2167754553533532	0.726170085656889
hsa-miR-1343-3p	Neutrophil	-0.9696542978066037	0.006316738136589076
hsa-miR-1343-3p	T cell NK	-0.3569040510064448	0.5554163968902134
hsa-miR-1343-3p	Plasmacytoid dendritic cell	-0.6498069151274221	0.23526165948889313
hsa-miR-1343-3p	B cell plasma	-0.07269212713399137	0.9075270857694745
hsa-miR-1343-3p	T cell CD4+ Th1	0.43574493699839395	0.4632870163253815
hsa-miR-1343-3p	T cell CD4+ Th2	0.32080715593909	0.5986543275512176
hsa-miR-1343-3p	T cell regulatory (Tregs)	-0.9161784232067528	0.028762750402356
hsa-miR-1343-3p	immune score	0.08037738942773007	0.8977706309747882
hsa-miR-1343-3p	stroma score	0.22564561962643853	0.7151560744930492
hsa-miR-1343-3p	microenvironment score	0.17485733792226682	0.7785044990898681
hsa-miR-1343-3p	M2:M1 ratio	0.47515825386072197	0.524841746139278
hsa-miR-378i	Myeloid dendritic cell activated	-0.3027155211784552	0.6205408926960554
hsa-miR-378i	B cell	-0.4042717068187381	0.4996518272032907
hsa-miR-378i	T cell CD4+ memory	0.40008116470064253	0.5045368626940938
hsa-miR-378i	T cell CD4+ (non-regulatory)	0.48936241060850016	0.4027730401971171
hsa-miR-378i	T cell CD4+ central memory	0.012104788334926564	0.984588081203001
hsa-miR-378i	T cell CD4+ effector memory	-0.4042717068187381	0.4996518272032907
hsa-miR-378i	T cell CD8+ naive	0.7164823143590653	0.17330562724395576
hsa-miR-378i	T cell CD8+	0.49633280609714914	0.3950508057616794
hsa-miR-378i	T cell CD8+ central memory	0.46677420599874253	0.4280328690222764
hsa-miR-378i	Class-switched memory B cell	-0.1695458160459171	0.7851663053603077
hsa-miR-378i	Common lymphoid progenitor	0.5355294183590401	0.35230432892644453
hsa-miR-378i	Common myeloid progenitor	-0.6140870182309588	0.2705039813115813
hsa-miR-378i	Endothelial cell	-0.5545067062578937	0.3320464050844681
hsa-miR-378i	Cancer associated fibroblast	-0.03160887974143442	0.9597610270716458
hsa-miR-378i	Granulocyte-monocyte progenitor	0.4963328060971482	0.39505080576168033
hsa-miR-378i	Hematopoietic stem cell	-0.698988707893391	0.18904058449410355
hsa-miR-378i	Macrophage	-0.4293972220868301	0.4705738734097231
hsa-miR-378i	Macrophage M1	-0.3930089713245194	0.512803195186568
hsa-miR-378i	Macrophage M2	-0.3929144001619895	0.5129139203890688
hsa-miR-378i	Mast cell	-0.04408825528477772	0.9438832808178613
hsa-miR-378i	B cell memory	-0.4042717068187385	0.49965182720329016
hsa-miR-378i	Monocyte	-0.3952578715951879	0.5101715892680524
hsa-miR-378i	B cell naive	-0.5927692059915087	0.2921470142133532
hsa-miR-378i	Neutrophil	0.4963328060971497	0.39505080576167867
hsa-miR-378i	T cell NK	0.6969496519899696	0.19089979899375165
hsa-miR-378i	Plasmacytoid dendritic cell	0.08168483974229476	0.8961114078883461
hsa-miR-378i	B cell plasma	-0.3247693065231784	0.5938796048831765
hsa-miR-378i	T cell CD4+ Th1	0.2887678609060097	0.6375050565200719
hsa-miR-378i	T cell CD4+ Th2	0.43462474719970356	0.4645711457232915
hsa-miR-378i	T cell regulatory (Tregs)	0.435941260676089	0.4630620402980198
hsa-miR-378i	immune score	-0.36396781007557283	0.5470270939100594
hsa-miR-378i	stroma score	-0.4098187630204483	0.49320068379359616
hsa-miR-378i	microenvironment score	-0.5094445896858253	0.38062113090585065
hsa-miR-378i	M2:M1 ratio	-0.5700487995059352	0.42995120049406477
hsa-miR-2355-3p	Myeloid dendritic cell activated	-0.2861343180927023	0.6407166684485088
hsa-miR-2355-3p	B cell	-0.25000000000000006	0.6850376424742926
hsa-miR-2355-3p	T cell CD4+ memory	-0.39887553919753005	0.5059441084059646
hsa-miR-2355-3p	T cell CD4+ (non-regulatory)	-0.2575502364144416	0.6757391150334336
hsa-miR-2355-3p	T cell CD4+ central memory	-0.41626599988968754	0.48572478148747245
hsa-miR-2355-3p	T cell CD4+ effector memory	-0.2499999999999997	0.685037642474293
hsa-miR-2355-3p	T cell CD8+ naive	-0.25000000000000006	0.6850376424742926
hsa-miR-2355-3p	T cell CD8+	-0.25000000000000006	0.6850376424742926
hsa-miR-2355-3p	T cell CD8+ central memory	-0.157407709575279	0.8004130142544905
hsa-miR-2355-3p	Class-switched memory B cell	-0.403854856169354	0.5001373213632703
hsa-miR-2355-3p	Common lymphoid progenitor	-0.3831365426532291	0.5243879724510975
hsa-miR-2355-3p	Common myeloid progenitor	0.26548958613445417	0.6659822524847897
hsa-miR-2355-3p	Endothelial cell	0.849922289234259	0.0681995684429054
hsa-miR-2355-3p	Cancer associated fibroblast	0.865558596941099	0.057966304194952994
hsa-miR-2355-3p	Granulocyte-monocyte progenitor	-0.24999999999999697	0.6850376424742963
hsa-miR-2355-3p	Hematopoietic stem cell	0.9222618706311427	0.025713128950484464
hsa-miR-2355-3p	Macrophage	-0.26558224322910073	0.6658685129844448
hsa-miR-2355-3p	Macrophage M1	-0.25564839153310165	0.6780795416234697
hsa-miR-2355-3p	Macrophage M2	-0.39132628644292494	0.5147740313294291
hsa-miR-2355-3p	Mast cell	0.873746543651295	0.05281998893966383
hsa-miR-2355-3p	B cell memory	-0.2500000000000006	0.6850376424742918
hsa-miR-2355-3p	Monocyte	-0.254531739513217	0.679454271204536
hsa-miR-2355-3p	B cell naive	0.8267537371475697	0.08427695910124756
hsa-miR-2355-3p	Neutrophil	-0.2500000000000005	0.685037642474292
hsa-miR-2355-3p	T cell NK	-0.6050152636955569	0.27966053629420456
hsa-miR-2355-3p	Plasmacytoid dendritic cell	-0.5164768716916454	0.372935127609043
hsa-miR-2355-3p	B cell plasma	0.9897046774436569	0.0012520508768624206
hsa-miR-2355-3p	T cell CD4+ Th1	0.11390629286614284	0.8552842354901333
hsa-miR-2355-3p	T cell CD4+ Th2	0.347137578107389	0.5670554549786
hsa-miR-2355-3p	T cell regulatory (Tregs)	-0.30415470456018884	0.618794862677393
hsa-miR-2355-3p	immune score	-0.2876171764530633	0.6389079929604722
hsa-miR-2355-3p	stroma score	0.9169061571538057	0.028392176515166494
hsa-miR-2355-3p	microenvironment score	0.16989451774621978	0.7847287657105778
hsa-miR-2355-3p	M2:M1 ratio	NA	NA
hsa-miR-136-3p	Myeloid dendritic cell activated	-0.5817075720835065	0.3035467548316964
hsa-miR-136-3p	B cell	-0.6118943160800675	0.27270978157575626
hsa-miR-136-3p	T cell CD4+ memory	-0.037483471430962687	0.9522857400479589
hsa-miR-136-3p	T cell CD4+ (non-regulatory)	0.4312353630488105	0.46846125148724077
hsa-miR-136-3p	T cell CD4+ central memory	-0.2251591337214285	0.7157595474526842
hsa-miR-136-3p	T cell CD4+ effector memory	-0.6118943160800674	0.27270978157575637
hsa-miR-136-3p	T cell CD8+ naive	0.39486197553596436	0.5106346563434275
hsa-miR-136-3p	T cell CD8+	0.4435752772556479	0.4543324449087678
hsa-miR-136-3p	T cell CD8+ central memory	0.4900111413123556	0.4020528612008208
hsa-miR-136-3p	Class-switched memory B cell	-0.42179841574266663	0.47932896085792426
hsa-miR-136-3p	Common lymphoid progenitor	0.09984750764931531	0.8730817591121257
hsa-miR-136-3p	Common myeloid progenitor	-0.4146958073947288	0.48754328569454536
hsa-miR-136-3p	Endothelial cell	0.09484711749144216	0.8794182080739674
hsa-miR-136-3p	Cancer associated fibroblast	0.5876084304605977	0.29745146229697444
hsa-miR-136-3p	Granulocyte-monocyte progenitor	0.44357527725564944	0.45433244490876606
hsa-miR-136-3p	Hematopoietic stem cell	0.022656647457080775	0.9711551287003046
hsa-miR-136-3p	Macrophage	-0.6499680918898398	0.2351056886106145
hsa-miR-136-3p	Macrophage M1	-0.6073971678042346	0.27724858121523593
hsa-miR-136-3p	Macrophage M2	-0.7308270490710022	0.16070078504255175
hsa-miR-136-3p	Mast cell	0.5834451520806884	0.3017486059033649
hsa-miR-136-3p	B cell memory	-0.6118943160800684	0.2727097815757553
hsa-miR-136-3p	Monocyte	-0.6083062823696048	0.27632945141044596
hsa-miR-136-3p	B cell naive	0.07216831807204217	0.9081922684582029
hsa-miR-136-3p	Neutrophil	0.443575277255648	0.45433244490876773
hsa-miR-136-3p	T cell NK	0.2506802963089641	0.684199043284689
hsa-miR-136-3p	Plasmacytoid dendritic cell	-0.20613802890670774	0.7394077438181217
hsa-miR-136-3p	B cell plasma	0.47607650761853615	0.41758758562322484
hsa-miR-136-3p	T cell CD4+ Th1	0.24187428663153313	0.6950658221057983
hsa-miR-136-3p	T cell CD4+ Th2	0.5852550928748818	0.2998785105120123
hsa-miR-136-3p	T cell regulatory (Tregs)	0.3428827796556482	0.5721401949687475
hsa-miR-136-3p	immune score	-0.583640860930978	0.30154624780303285
hsa-miR-136-3p	stroma score	0.2758402877812859	0.653295317297111
hsa-miR-136-3p	microenvironment score	-0.38644164620617377	0.5205037978204399
hsa-miR-136-3p	M2:M1 ratio	-0.5761081993862126	0.4238918006137873
hsa-miR-320d	Myeloid dendritic cell activated	-0.9356081507451405	0.01942407731252711
hsa-miR-320d	B cell	-0.985160773896866	0.0021651185539369815
hsa-miR-320d	T cell CD4+ memory	-0.33053208439750675	0.5869472523781691
hsa-miR-320d	T cell CD4+ (non-regulatory)	0.29540233158461604	0.6294261695506487
hsa-miR-320d	T cell CD4+ central memory	0.3025969827174936	0.6206847420025676
hsa-miR-320d	T cell CD4+ effector memory	0.08916890580429215	0.8866172553409218
hsa-miR-320d	T cell CD8+ naive	0.3459927730667301	0.5684227317902728
hsa-miR-320d	T cell CD8+	0.2915321597318651	0.6341368528997171
hsa-miR-320d	T cell CD8+ central memory	0.3225588415157559	0.596542559542214
hsa-miR-320d	Class-switched memory B cell	0.18410144660055	0.7669257022095659
hsa-miR-320d	Common lymphoid progenitor	-0.08521505757010053	0.8916322753500834
hsa-miR-320d	Common myeloid progenitor	-0.8487969788637864	0.06895581517786148
hsa-miR-320d	Endothelial cell	-0.25549968289264813	0.6782625952091712
hsa-miR-320d	Cancer associated fibroblast	0.4360986256735211	0.4628817259166976
hsa-miR-320d	Granulocyte-monocyte progenitor	0.29153215973186586	0.6341368528997162
hsa-miR-320d	Hematopoietic stem cell	-0.10336712278329634	0.868623640949244
hsa-miR-320d	Macrophage	-0.991940786640091	8.674553510245821e-4
hsa-miR-320d	Macrophage M1	-0.9831933193550934	0.0026089087356445445
hsa-miR-320d	Macrophage M2	-0.9798607878436095	0.0034204343516382628
hsa-miR-320d	Mast cell	0.43209716044229957	0.46747147327652866
hsa-miR-320d	B cell memory	-0.9851607738968661	0.002165118553936959
hsa-miR-320d	Monocyte	-0.9836087916539382	0.0025129256260022007
hsa-miR-320d	B cell naive	0.3528226743877499	0.5602747603177134
hsa-miR-320d	Neutrophil	0.2915321597318648	0.6341368528997176
hsa-miR-320d	T cell NK	0.5960073618905946	0.2888314326851076
hsa-miR-320d	Plasmacytoid dendritic cell	-0.5049445190941507	0.3855591320723079
hsa-miR-320d	B cell plasma	0.3203057289058094	0.5992590735921902
hsa-miR-320d	T cell CD4+ Th1	-0.10722177159253436	0.8637430352751101
hsa-miR-320d	T cell CD4+ Th2	0.4347284714026744	0.4644522090707713
hsa-miR-320d	T cell regulatory (Tregs)	0.3169553861061911	0.6033025229356955
hsa-miR-320d	immune score	-0.9757024655650758	0.004529893271934367
hsa-miR-320d	stroma score	-0.02957410570532281	0.9623505688424744
hsa-miR-320d	microenvironment score	-0.8724429006638191	0.05362924872489265
hsa-miR-320d	M2:M1 ratio	0.16538721166760956	0.8346127883323904
NovelmiRNA-903	Myeloid dendritic cell activated	-0.4188048974376404	0.48278742378020106
NovelmiRNA-903	B cell	-0.6058231493857995	0.2788418411717383
NovelmiRNA-903	T cell CD4+ memory	0.09281099547981636	0.8819992415373492
NovelmiRNA-903	T cell CD4+ (non-regulatory)	-0.6019247972686123	0.282798169359454
NovelmiRNA-903	T cell CD4+ central memory	-0.14411340556261448	0.8171462503265867
NovelmiRNA-903	T cell CD4+ effector memory	0.30440533576660994	0.6184908806407019
NovelmiRNA-903	T cell CD8+ naive	0.5302720712324202	0.3579685135562379
NovelmiRNA-903	T cell CD8+	-0.6058231493857995	0.2788418411717383
NovelmiRNA-903	T cell CD8+ central memory	-0.5811096442073979	0.30416616181996003
NovelmiRNA-903	Class-switched memory B cell	-0.05506017780750183	0.9299306422879712
NovelmiRNA-903	Common lymphoid progenitor	0.28706041869405813	0.639586984522539
NovelmiRNA-903	Common myeloid progenitor	-0.40809772099272573	0.49520035991651296
NovelmiRNA-903	Endothelial cell	0.107074220297694	0.8639298218769889
NovelmiRNA-903	Cancer associated fibroblast	0.6493073988632171	0.23574522132747733
NovelmiRNA-903	Granulocyte-monocyte progenitor	-0.6058231493857991	0.27884184117173894
NovelmiRNA-903	Hematopoietic stem cell	0.2313164292852225	0.7081267745771131
NovelmiRNA-903	Macrophage	-0.5973025914310075	0.28750800359317996
NovelmiRNA-903	Macrophage M1	-0.5988349842558304	0.28594430254775427
NovelmiRNA-903	Macrophage M2	-0.5208842757613241	0.36813732647097847
NovelmiRNA-903	Mast cell	0.6430891978153102	0.24178740396388035
NovelmiRNA-903	B cell memory	-0.6058231493857996	0.2788418411717383
NovelmiRNA-903	Monocyte	-0.6002391340636289	0.28451342721779216
NovelmiRNA-903	B cell naive	0.49026288876433777	0.4017734685078411
NovelmiRNA-903	Neutrophil	-0.6058231493857997	0.27884184117173827
NovelmiRNA-903	T cell NK	0.07061629068365127	0.9101633285100756
NovelmiRNA-903	Plasmacytoid dendritic cell	-0.9831321460239121	0.0026231414314795915
NovelmiRNA-903	B cell plasma	0.30900075564156093	0.6129218071487628
NovelmiRNA-903	T cell CD4+ Th1	0.38346664591420776	0.5239997731205517
NovelmiRNA-903	T cell CD4+ Th2	0.7144059589192576	0.1751526980774608
NovelmiRNA-903	T cell regulatory (Tregs)	-0.5673550021577144	0.31850363264291337
NovelmiRNA-903	immune score	-0.6927883371174968	0.19471002522974168
NovelmiRNA-903	stroma score	0.3064341806931906	0.6160311067650774
NovelmiRNA-903	microenvironment score	-0.468395821117213	0.4262077777206914
NovelmiRNA-903	M2:M1 ratio	0.44357219936132125	0.5564278006386788
NovelmiRNA-3568	Myeloid dendritic cell activated	-0.005456616837728359	0.9930524541388728
NovelmiRNA-3568	B cell	-0.24999999999999992	0.6850376424742928
NovelmiRNA-3568	T cell CD4+ memory	0.7667432374374029	0.13039886235819284
NovelmiRNA-3568	T cell CD4+ (non-regulatory)	-0.2575502364144414	0.675739115033434
NovelmiRNA-3568	T cell CD4+ central memory	-0.3779931839006218	0.5304439270136475
NovelmiRNA-3568	T cell CD4+ effector memory	-0.2499999999999999	0.6850376424742928
NovelmiRNA-3568	T cell CD8+ naive	1	0
NovelmiRNA-3568	T cell CD8+	-0.25	0.6850376424742927
NovelmiRNA-3568	T cell CD8+ central memory	-0.27937320447372804	0.6489738752904561
NovelmiRNA-3568	Class-switched memory B cell	-0.40385485616935396	0.5001373213632704
NovelmiRNA-3568	Common lymphoid progenitor	0.9051640709343013	0.034555467031469944
NovelmiRNA-3568	Common myeloid progenitor	-0.37974894598937065	0.5283750797963065
NovelmiRNA-3568	Endothelial cell	-0.27158388283579116	0.6585077770930378
NovelmiRNA-3568	Cancer associated fibroblast	0.26851528532151187	0.6622696738096627
NovelmiRNA-3568	Granulocyte-monocyte progenitor	-0.2500000000000011	0.6850376424742912
NovelmiRNA-3568	Hematopoietic stem cell	-0.43225180992371176	0.46729390556245526
NovelmiRNA-3568	Macrophage	-0.265501577673017	0.6659675323241342
NovelmiRNA-3568	Macrophage M1	-0.23289956055383182	0.7061661183387284
NovelmiRNA-3568	Macrophage M2	-0.17055684466104987	0.7838977727955951
NovelmiRNA-3568	Mast cell	0.25250024028857043	0.6819563552179883
NovelmiRNA-3568	B cell memory	-0.2500000000000004	0.6850376424742921
NovelmiRNA-3568	Monocyte	-0.2363051135250263	0.7019510498397366
NovelmiRNA-3568	B cell naive	-0.43723626548353534	0.4615786329096834
NovelmiRNA-3568	Neutrophil	-0.2499999999999994	0.6850376424742932
NovelmiRNA-3568	T cell NK	0.3400323134026408	0.5755513871620794
NovelmiRNA-3568	Plasmacytoid dendritic cell	-0.4490035267057685	0.4481474676922701
NovelmiRNA-3568	B cell plasma	-0.27349594111654413	0.6561654288740146
NovelmiRNA-3568	T cell CD4+ Th1	0.7638229634032314	0.13279224528344216
NovelmiRNA-3568	T cell CD4+ Th2	0.8193635419550166	0.0896210216105723
NovelmiRNA-3568	T cell regulatory (Tregs)	-0.3041547045601891	0.6187948626773927
NovelmiRNA-3568	immune score	-0.2949510873105507	0.6299751115436054
NovelmiRNA-3568	stroma score	-0.10035897058853775	0.8724338152952668
NovelmiRNA-3568	microenvironment score	-0.30591577819115173	0.6166594585606466
NovelmiRNA-3568	M2:M1 ratio	-0.3343239983359494	0.6656760016640506
NovelmiRNA-1735	Myeloid dendritic cell activated	NA	NA
NovelmiRNA-1735	B cell	NA	NA
NovelmiRNA-1735	T cell CD4+ memory	NA	NA
NovelmiRNA-1735	T cell CD4+ (non-regulatory)	NA	NA
NovelmiRNA-1735	T cell CD4+ central memory	NA	NA
NovelmiRNA-1735	T cell CD4+ effector memory	NA	NA
NovelmiRNA-1735	T cell CD8+ naive	NA	NA
NovelmiRNA-1735	T cell CD8+	NA	NA
NovelmiRNA-1735	T cell CD8+ central memory	NA	NA
NovelmiRNA-1735	Class-switched memory B cell	NA	NA
NovelmiRNA-1735	Common lymphoid progenitor	NA	NA
NovelmiRNA-1735	Common myeloid progenitor	NA	NA
NovelmiRNA-1735	Endothelial cell	NA	NA
NovelmiRNA-1735	Cancer associated fibroblast	NA	NA
NovelmiRNA-1735	Granulocyte-monocyte progenitor	NA	NA
NovelmiRNA-1735	Hematopoietic stem cell	NA	NA
NovelmiRNA-1735	Macrophage	NA	NA
NovelmiRNA-1735	Macrophage M1	NA	NA
NovelmiRNA-1735	Macrophage M2	NA	NA
NovelmiRNA-1735	Mast cell	NA	NA
NovelmiRNA-1735	B cell memory	NA	NA
NovelmiRNA-1735	Monocyte	NA	NA
NovelmiRNA-1735	B cell naive	NA	NA
NovelmiRNA-1735	Neutrophil	NA	NA
NovelmiRNA-1735	T cell NK	NA	NA
NovelmiRNA-1735	Plasmacytoid dendritic cell	NA	NA
NovelmiRNA-1735	B cell plasma	NA	NA
NovelmiRNA-1735	T cell CD4+ Th1	NA	NA
NovelmiRNA-1735	T cell CD4+ Th2	NA	NA
NovelmiRNA-1735	T cell regulatory (Tregs)	NA	NA
NovelmiRNA-1735	immune score	NA	NA
NovelmiRNA-1735	stroma score	NA	NA
NovelmiRNA-1735	microenvironment score	NA	NA
NovelmiRNA-1735	M2:M1 ratio	NA	NA
hsa-miR-942-3p	Myeloid dendritic cell activated	0.4078242335130491	0.4955182800567413
hsa-miR-942-3p	B cell	0.1537853474777989	0.8049689736994697
hsa-miR-942-3p	T cell CD4+ memory	0.887409951310889	0.044576908342527984
hsa-miR-942-3p	T cell CD4+ (non-regulatory)	-0.6890846870765686	0.19811902251045574
hsa-miR-942-3p	T cell CD4+ central memory	-0.6524040253204718	0.23275188548922804
hsa-miR-942-3p	T cell CD4+ effector memory	-0.2046919444893332	0.7412096916010871
hsa-miR-942-3p	T cell CD8+ naive	0.8423092356019312	0.07336590322016161
hsa-miR-942-3p	T cell CD8+	-0.680137039799918	0.20642301610324476
hsa-miR-942-3p	T cell CD8+ central memory	-0.7045421076916666	0.1840033085100411
hsa-miR-942-3p	Class-switched memory B cell	-0.5630367283618198	0.32303939971206036
hsa-miR-942-3p	Common lymphoid progenitor	0.927736215728007	0.02306484268709182
hsa-miR-942-3p	Common myeloid progenitor	0.09487751895162788	0.8793796742916994
hsa-miR-942-3p	Endothelial cell	0.08195693088596068	0.895766132272082
hsa-miR-942-3p	Cancer associated fibroblast	0.324974806066997	0.5936321471718784
hsa-miR-942-3p	Granulocyte-monocyte progenitor	-0.6801370397999187	0.2064230161032442
hsa-miR-942-3p	Hematopoietic stem cell	-0.10552723095135054	0.8658883494876589
hsa-miR-942-3p	Macrophage	0.14521703015188486	0.8157558534819367
hsa-miR-942-3p	Macrophage M1	0.16979039774113408	0.7848594093432163
hsa-miR-942-3p	Macrophage M2	0.23417351891273025	0.7045889172958459
hsa-miR-942-3p	Mast cell	0.3119284269139979	0.6093783827459874
hsa-miR-942-3p	B cell memory	0.15378534747779843	0.8049689736994703
hsa-miR-942-3p	Monocyte	0.16661258193489334	0.7888478817599444
hsa-miR-942-3p	B cell naive	-0.32385332488519064	0.5949828327806205
hsa-miR-942-3p	Neutrophil	-0.6801370397999172	0.2064230161032456
hsa-miR-942-3p	T cell NK	-0.14089914767094286	0.8211970000865393
hsa-miR-942-3p	Plasmacytoid dendritic cell	-0.5196662308314962	0.3694617611710838
hsa-miR-942-3p	B cell plasma	-0.19997733709252727	0.7470883504857435
hsa-miR-942-3p	T cell CD4+ Th1	0.9209828258796691	0.0263451400386351
hsa-miR-942-3p	T cell CD4+ Th2	0.7749390249337655	0.1237514662014481
hsa-miR-942-3p	T cell regulatory (Tregs)	-0.7388266646394988	0.15379255803829156
hsa-miR-942-3p	immune score	0.06887464645822317	0.9123754584424426
hsa-miR-942-3p	stroma score	0.17376227966815982	0.7798774253932039
hsa-miR-942-3p	microenvironment score	0.1407943965123798	0.8213290438595935
hsa-miR-942-3p	M2:M1 ratio	-0.24345427576662276	0.7565457242333772
NovelmiRNA-1756	Myeloid dendritic cell activated	0.5484250691179058	0.33850589308113155
NovelmiRNA-1756	B cell	0.39927304398033986	0.5054800386633334
NovelmiRNA-1756	T cell CD4+ memory	0.67926271515046	0.2072395555889982
NovelmiRNA-1756	T cell CD4+ (non-regulatory)	-0.6303099637514838	0.25433394524238456
NovelmiRNA-1756	T cell CD4+ central memory	-0.9863949204725114	0.0019010660479346166
NovelmiRNA-1756	T cell CD4+ effector memory	-0.611832057044989	0.27277248178789504
NovelmiRNA-1756	T cell CD8+ naive	0.44455126141516305	0.453219025837011
NovelmiRNA-1756	T cell CD8+	-0.6118320570449891	0.27277248178789487
NovelmiRNA-1756	T cell CD8+ central memory	-0.5869581296002201	0.29812162103074086
NovelmiRNA-1756	Class-switched memory B cell	-0.9238120529036553	0.024953807240206835
NovelmiRNA-1756	Common lymphoid progenitor	0.6090197518381101	0.27560868676874717
NovelmiRNA-1756	Common myeloid progenitor	0.59108991197016	0.2938703354170736
NovelmiRNA-1756	Endothelial cell	0.6752744245898539	0.21097565017455588
NovelmiRNA-1756	Cancer associated fibroblast	0.6078260382417476	0.276814885765567
NovelmiRNA-1756	Granulocyte-monocyte progenitor	-0.6118320570449883	0.2727724817878956
NovelmiRNA-1756	Hematopoietic stem cell	0.4317658241509528	0.4678519609570244
NovelmiRNA-1756	Macrophage	0.37283368460970484	0.5365327026809148
NovelmiRNA-1756	Macrophage M1	0.4091180671167709	0.4940146172943446
NovelmiRNA-1756	Macrophage M2	0.3339893677688722	0.5827953905147952
NovelmiRNA-1756	Mast cell	0.6028978272979658	0.2818092967885746
NovelmiRNA-1756	B cell memory	0.39927304398033897	0.5054800386633345
NovelmiRNA-1756	Monocyte	0.4071708650078895	0.4962779714439042
NovelmiRNA-1756	B cell naive	-0.0672899955536671	0.91438841690952255
NovelmiRNA-1756	Neutrophil	-0.6118320570449887	0.2727724817878955
NovelmiRNA-1756	T cell NK	-0.6820049368436998	0.20468159872593475
NovelmiRNA-1756	Plasmacytoid dendritic cell	-0.3642161008609501	0.546732658727896
NovelmiRNA-1756	B cell plasma	0.30902800233419986	0.6128888134788737
NovelmiRNA-1756	T cell CD4+ Th1	0.9152477624926793	0.02923890303693387
NovelmiRNA-1756	T cell CD4+ Th2	0.6979434648471576	0.1899929942870437
NovelmiRNA-1756	T cell regulatory (Tregs)	-0.7443663942038855	0.1490608396739941
NovelmiRNA-1756	immune score	0.3260990042256467	0.5922787415785272
NovelmiRNA-1756	stroma score	0.7002685032996755	0.18787630605987748
NovelmiRNA-1756	microenvironment score	0.6101234337597744	0.2744947004799313
NovelmiRNA-1756	M2:M1 ratio	-0.5787886223233861	0.4212113776766139
NovelmiRNA-1378	Myeloid dendritic cell activated	NA	NA
NovelmiRNA-1378	B cell	NA	NA
NovelmiRNA-1378	T cell CD4+ memory	NA	NA
NovelmiRNA-1378	T cell CD4+ (non-regulatory)	NA	NA
NovelmiRNA-1378	T cell CD4+ central memory	NA	NA
NovelmiRNA-1378	T cell CD4+ effector memory	NA	NA
NovelmiRNA-1378	T cell CD8+ naive	NA	NA
NovelmiRNA-1378	T cell CD8+	NA	NA
NovelmiRNA-1378	T cell CD8+ central memory	NA	NA
NovelmiRNA-1378	Class-switched memory B cell	NA	NA
NovelmiRNA-1378	Common lymphoid progenitor	NA	NA
NovelmiRNA-1378	Common myeloid progenitor	NA	NA
NovelmiRNA-1378	Endothelial cell	NA	NA
NovelmiRNA-1378	Cancer associated fibroblast	NA	NA
NovelmiRNA-1378	Granulocyte-monocyte progenitor	NA	NA
NovelmiRNA-1378	Hematopoietic stem cell	NA	NA
NovelmiRNA-1378	Macrophage	NA	NA
NovelmiRNA-1378	Macrophage M1	NA	NA
NovelmiRNA-1378	Macrophage M2	NA	NA
NovelmiRNA-1378	Mast cell	NA	NA
NovelmiRNA-1378	B cell memory	NA	NA
NovelmiRNA-1378	Monocyte	NA	NA
NovelmiRNA-1378	B cell naive	NA	NA
NovelmiRNA-1378	Neutrophil	NA	NA
NovelmiRNA-1378	T cell NK	NA	NA
NovelmiRNA-1378	Plasmacytoid dendritic cell	NA	NA
NovelmiRNA-1378	B cell plasma	NA	NA
NovelmiRNA-1378	T cell CD4+ Th1	NA	NA
NovelmiRNA-1378	T cell CD4+ Th2	NA	NA
NovelmiRNA-1378	T cell regulatory (Tregs)	NA	NA
NovelmiRNA-1378	immune score	NA	NA
NovelmiRNA-1378	stroma score	NA	NA
NovelmiRNA-1378	microenvironment score	NA	NA
NovelmiRNA-1378	M2:M1 ratio	NA	NA
NovelmiRNA-3473	Myeloid dendritic cell activated	-0.2861343180927023	0.6407166684485088
NovelmiRNA-3473	B cell	-0.25000000000000006	0.6850376424742926
NovelmiRNA-3473	T cell CD4+ memory	-0.39887553919753005	0.5059441084059646
NovelmiRNA-3473	T cell CD4+ (non-regulatory)	-0.2575502364144416	0.6757391150334336
NovelmiRNA-3473	T cell CD4+ central memory	-0.4162659998896875	0.48572478148747233
NovelmiRNA-3473	T cell CD4+ effector memory	-0.24999999999999967	0.685037642474293
NovelmiRNA-3473	T cell CD8+ naive	-0.25	0.6850376424742927
NovelmiRNA-3473	T cell CD8+	-0.25000000000000006	0.6850376424742926
NovelmiRNA-3473	T cell CD8+ central memory	-0.15740770957527903	0.8004130142544904
NovelmiRNA-3473	Class-switched memory B cell	-0.40385485616935396	0.5001373213632704
NovelmiRNA-3473	Common lymphoid progenitor	-0.38313654265322916	0.5243879724510975
NovelmiRNA-3473	Common myeloid progenitor	0.26548958613445417	0.6659822524847897
NovelmiRNA-3473	Endothelial cell	0.8499222892342589	0.06819956844290546
NovelmiRNA-3473	Cancer associated fibroblast	0.865558596941099	0.057966304194952994
NovelmiRNA-3473	Granulocyte-monocyte progenitor	-0.24999999999999697	0.6850376424742963
NovelmiRNA-3473	Hematopoietic stem cell	0.9222618706311427	0.025713128950484464
NovelmiRNA-3473	Macrophage	-0.2655822432291007	0.6658685129844448
NovelmiRNA-3473	Macrophage M1	-0.25564839153310165	0.6780795416234697
NovelmiRNA-3473	Macrophage M2	-0.39132628644292494	0.5147740313294291
NovelmiRNA-3473	Mast cell	0.8737465436512949	0.052819988939663935
NovelmiRNA-3473	B cell memory	-0.2500000000000006	0.6850376424742918
NovelmiRNA-3473	Monocyte	-0.254531739513217	0.679454271204536
NovelmiRNA-3473	B cell naive	0.8267537371475695	0.0842769591012478
NovelmiRNA-3473	Neutrophil	-0.2500000000000005	0.685037642474292
NovelmiRNA-3473	T cell NK	-0.6050152636955569	0.27966053629420456
NovelmiRNA-3473	Plasmacytoid dendritic cell	-0.5164768716916454	0.372935127609043
NovelmiRNA-3473	B cell plasma	0.9897046774436569	0.0012520508768624206
NovelmiRNA-3473	T cell CD4+ Th1	0.11390629286614282	0.8552842354901333
NovelmiRNA-3473	T cell CD4+ Th2	0.347137578107389	0.5670554549786
NovelmiRNA-3473	T cell regulatory (Tregs)	-0.30415470456018884	0.618794862677393
NovelmiRNA-3473	immune score	-0.2876171764530633	0.6389079929604722
NovelmiRNA-3473	stroma score	0.9169061571538056	0.02839217651516654
NovelmiRNA-3473	microenvironment score	0.16989451774621975	0.7847287657105778
NovelmiRNA-3473	M2:M1 ratio	NA	NA
NovelmiRNA-3342	Myeloid dendritic cell activated	-0.005456616837728359	0.9930524541388728
NovelmiRNA-3342	B cell	-0.24999999999999992	0.6850376424742928
NovelmiRNA-3342	T cell CD4+ memory	0.766743237437403	0.13039886235819276
NovelmiRNA-3342	T cell CD4+ (non-regulatory)	-0.2575502364144414	0.675739115033434
NovelmiRNA-3342	T cell CD4+ central memory	-0.3779931839006218	0.5304439270136475
NovelmiRNA-3342	T cell CD4+ effector memory	-0.24999999999999992	0.6850376424742928
NovelmiRNA-3342	T cell CD8+ naive	1	0
NovelmiRNA-3342	T cell CD8+	-0.25000000000000006	0.6850376424742926
NovelmiRNA-3342	T cell CD8+ central memory	-0.279373204473728	0.6489738752904561
NovelmiRNA-3342	Class-switched memory B cell	-0.403854856169354	0.5001373213632703
NovelmiRNA-3342	Common lymphoid progenitor	0.9051640709343012	0.034555467031469986
NovelmiRNA-3342	Common myeloid progenitor	-0.3797489459893707	0.5283750797963065
NovelmiRNA-3342	Endothelial cell	-0.27158388283579116	0.6585077770930378
NovelmiRNA-3342	Cancer associated fibroblast	0.26851528532151187	0.6622696738096627
NovelmiRNA-3342	Granulocyte-monocyte progenitor	-0.25000000000000117	0.6850376424742912
NovelmiRNA-3342	Hematopoietic stem cell	-0.43225180992371187	0.467293905562455
NovelmiRNA-3342	Macrophage	-0.265501577673017	0.6659675323241342
NovelmiRNA-3342	Macrophage M1	-0.2328995605538318	0.7061661183387284
NovelmiRNA-3342	Macrophage M2	-0.17055684466104987	0.7838977727955951
NovelmiRNA-3342	Mast cell	0.25250024028857043	0.6819563552179883
NovelmiRNA-3342	B cell memory	-0.2500000000000004	0.6850376424742921
NovelmiRNA-3342	Monocyte	-0.2363051135250263	0.7019510498397366
NovelmiRNA-3342	B cell naive	-0.4372362654835354	0.4615786329096834
NovelmiRNA-3342	Neutrophil	-0.24999999999999942	0.6850376424742932
NovelmiRNA-3342	T cell NK	0.34003231340264084	0.5755513871620794
NovelmiRNA-3342	Plasmacytoid dendritic cell	-0.44900352670576854	0.4481474676922701
NovelmiRNA-3342	B cell plasma	-0.27349594111654413	0.6561654288740146
NovelmiRNA-3342	T cell CD4+ Th1	0.7638229634032314	0.13279224528344216
NovelmiRNA-3342	T cell CD4+ Th2	0.8193635419550167	0.08962102161057228
NovelmiRNA-3342	T cell regulatory (Tregs)	-0.30415470456018917	0.6187948626773927
NovelmiRNA-3342	immune score	-0.29495108731055075	0.6299751115436054
NovelmiRNA-3342	stroma score	-0.10035897058853777	0.8724338152952668
NovelmiRNA-3342	microenvironment score	-0.3059157781911517	0.6166594585606466
NovelmiRNA-3342	M2:M1 ratio	-0.3343239983359494	0.6656760016640506
NovelmiRNA-3495	Myeloid dendritic cell activated	-0.5461342848268578	0.3409470378049822
NovelmiRNA-3495	B cell	-0.4080653512685827	0.4952379864286509
NovelmiRNA-3495	T cell CD4+ memory	-0.6510691480603417	0.23404095304082487
NovelmiRNA-3495	T cell CD4+ (non-regulatory)	0.6073588231436285	0.27728736599628095
NovelmiRNA-3495	T cell CD4+ central memory	0.9924172569488862	7.917330583651349e-4
NovelmiRNA-3495	T cell CD4+ effector memory	0.6357625383637271	0.24895967213555353
NovelmiRNA-3495	T cell CD8+ naive	-0.40806535126858273	0.4952379864286509
NovelmiRNA-3495	T cell CD8+	0.5884335154420209	0.29660174503202213
NovelmiRNA-3495	T cell CD8+ central memory	0.5603394453598316	0.3258807523645616
NovelmiRNA-3495	Class-switched memory B cell	0.9349703312645816	0.01971146530372351
NovelmiRNA-3495	Common lymphoid progenitor	-0.5742251924401395	0.3113212101282554
NovelmiRNA-3495	Common myeloid progenitor	-0.6143027621597592	0.27028720557458097
NovelmiRNA-3495	Endothelial cell	-0.7045814325197863	0.18396777675414422
NovelmiRNA-3495	Cancer associated fibroblast	-0.6170350095066902	0.2675458918877483
NovelmiRNA-3495	Granulocyte-monocyte progenitor	0.5884335154420199	0.29660174503202325
NovelmiRNA-3495	Hematopoietic stem cell	-0.460338833441691	0.4352930815187028
NovelmiRNA-3495	Macrophage	-0.3805099192658629	0.5274789107759383
NovelmiRNA-3495	Macrophage M1	-0.4172850027688131	0.48454540110195
NovelmiRNA-3495	Macrophage M2	-0.33228345299813444	0.5848433585764335
NovelmiRNA-3495	Mast cell	-0.6127763860047103	0.27182187170304767
NovelmiRNA-3495	B cell memory	-0.4080653512685818	0.49523798642865163
NovelmiRNA-3495	Monocyte	-0.415462334773857	0.48665535982488534
NovelmiRNA-3495	B cell naive	0.05039764876937555	0.9358588947317563
NovelmiRNA-3495	Neutrophil	0.5884335154420206	0.29660174503202247
NovelmiRNA-3495	T cell NK	0.7058981656705077	0.18277917897021725
NovelmiRNA-3495	Plasmacytoid dendritic cell	0.34205303292878225	0.5731327762579818
NovelmiRNA-3495	B cell plasma	-0.3409603746090348	0.5744403511433865
NovelmiRNA-3495	T cell CD4+ Th1	-0.8973184906553259	0.03888369301583157
NovelmiRNA-3495	T cell CD4+ Th2	-0.6796959983545617	0.20683479585759149
NovelmiRNA-3495	T cell regulatory (Tregs)	0.7247231990538551	0.166030677391355
NovelmiRNA-3495	immune score	-0.3378364551829988	0.5781817534777643
NovelmiRNA-3495	stroma score	-0.7245923566270966	0.1661454786315954
NovelmiRNA-3495	microenvironment score	-0.6316773129534262	0.25298332726222056
NovelmiRNA-3495	M2:M1 ratio	0.6054858818466972	0.39451411815330284
NovelmiRNA-1303	Myeloid dendritic cell activated	0.5731521840793846	0.31244022541142125
NovelmiRNA-1303	B cell	0.4324699300700735	0.46704348598134326
NovelmiRNA-1303	T cell CD4+ memory	0.66595835847636	0.21977451922708957
NovelmiRNA-1303	T cell CD4+ (non-regulatory)	-0.6305820551495821	0.2540650289676666
NovelmiRNA-1303	T cell CD4+ central memory	-0.9879861329615122	0.0015778797648314919
NovelmiRNA-1303	T cell CD4+ effector memory	-0.6120961719239795	0.27250652161074596
NovelmiRNA-1303	T cell CD8+ naive	0.4066806795670694	0.49684808404329595
NovelmiRNA-1303	T cell CD8+	-0.6120961719239796	0.27250652161074573
NovelmiRNA-1303	T cell CD8+ central memory	-0.5867199414230299	0.29836718033604664
NovelmiRNA-1303	Class-switched memory B cell	-0.9221024137252719	0.0257916507665597
NovelmiRNA-1303	Common lymphoid progenitor	0.5850107136168071	0.30013083639089544
NovelmiRNA-1303	Common myeloid progenitor	0.6268872921076042	0.25772319489525397
NovelmiRNA-1303	Endothelial cell	0.6947902387622323	0.19287436429320048
NovelmiRNA-1303	Cancer associated fibroblast	0.5934133859400936	0.2914866460532023
NovelmiRNA-1303	Granulocyte-monocyte progenitor	-0.6120961719239786	0.2725065216107467
NovelmiRNA-1303	Hematopoietic stem cell	0.4509673988191398	0.4459144502242468
NovelmiRNA-1303	Macrophage	0.4063964709436076	0.49717869667214404
NovelmiRNA-1303	Macrophage M1	0.44177162779476903	0.45639165685585803
NovelmiRNA-1303	Macrophage M2	0.3635063267159879	0.5475744245903437
NovelmiRNA-1303	Mast cell	0.589072635602471	0.2959439779245987
NovelmiRNA-1303	B cell memory	0.43246993007007256	0.4670434859813444
NovelmiRNA-1303	Monocyte	0.43993325353283314	0.45849261270284775
NovelmiRNA-1303	B cell naive	-0.0622247016361195	0.9208242056023461
NovelmiRNA-1303	Neutrophil	-0.612096171923979	0.2725065216107463
NovelmiRNA-1303	T cell NK	-0.7110760313702325	0.1781266007171907
NovelmiRNA-1303	Plasmacytoid dendritic cell	-0.3389021375997191	0.5769049216481856
NovelmiRNA-1303	B cell plasma	0.3134757975639809	0.6075070112202564
NovelmiRNA-1303	T cell CD4+ Th1	0.8987020813285357	0.03810861701852172
NovelmiRNA-1303	T cell CD4+ Th2	0.6658786991331803	0.2198501850767993
NovelmiRNA-1303	T cell regulatory (Tregs)	-0.7446877213358426	0.14878771004381505
NovelmiRNA-1303	immune score	0.36030695729534784	0.551371856923563
NovelmiRNA-1303	stroma score	0.7092056834014873	0.1798032480270226
NovelmiRNA-1303	microenvironment score	0.6443562458085484	0.24055284612454902
NovelmiRNA-1303	M2:M1 ratio	-0.5789757112083841	0.421024288791616
NovelmiRNA-696	Myeloid dendritic cell activated	-0.25938141775869095	0.6734868074318479
NovelmiRNA-696	B cell	-0.25000000000000006	0.6850376424742926
NovelmiRNA-696	T cell CD4+ memory	-0.39887553919753005	0.5059441084059646
NovelmiRNA-696	T cell CD4+ (non-regulatory)	-0.22707054849535807	0.7133888899340806
NovelmiRNA-696	T cell CD4+ central memory	0.7233320151353703	0.16725247547692232
NovelmiRNA-696	T cell CD4+ effector memory	1	0
NovelmiRNA-696	T cell CD8+ naive	-0.25	0.6850376424742927
NovelmiRNA-696	T cell CD8+	-0.24999999999999992	0.6850376424742928
NovelmiRNA-696	T cell CD8+ central memory	-0.2793732044737285	0.6489738752904555
NovelmiRNA-696	Class-switched memory B cell	0.8645056718398838	0.05863891777385457
NovelmiRNA-696	Common lymphoid progenitor	-0.3218790792408934	0.5973618984242633
NovelmiRNA-696	Common myeloid progenitor	-0.373106584193619	0.536210308162557
NovelmiRNA-696	Endothelial cell	-0.43165967799606264	0.46797386729549245
NovelmiRNA-696	Cancer associated fibroblast	-0.37802462742087034	0.5304068624087144
NovelmiRNA-696	Granulocyte-monocyte progenitor	-0.2500000000000012	0.6850376424742911
NovelmiRNA-696	Hematopoietic stem cell	-0.13861011428856654	0.8240828849528046
NovelmiRNA-696	Macrophage	-0.20212622864521254	0.7444081658784348
NovelmiRNA-696	Macrophage M1	-0.25564839153310165	0.6780795416234697
NovelmiRNA-696	Macrophage M2	-0.0799185808980315	0.8983529248337762
NovelmiRNA-696	Mast cell	-0.37541559464662166	0.5334840492830902
NovelmiRNA-696	B cell memory	-0.24999999999999903	0.6850376424742938
NovelmiRNA-696	Monocyte	-0.254531739513217	0.679454271204536
NovelmiRNA-696	B cell naive	0.32633965474714755	0.5919890980196563
NovelmiRNA-696	Neutrophil	-0.2500000000000005	0.685037642474292
NovelmiRNA-696	T cell NK	0.325814307087671	0.5926214318647323
NovelmiRNA-696	Plasmacytoid dendritic cell	-0.23204620191869108	0.7072228804697919
NovelmiRNA-696	B cell plasma	-0.30289702912311467	0.6203206394018921
NovelmiRNA-696	T cell CD4+ Th1	-0.5497394521893161	0.33710721453845194
NovelmiRNA-696	T cell CD4+ Th2	-0.41641369221960467	0.4855538067997552
NovelmiRNA-696	T cell regulatory (Tregs)	-0.07110766653748403	0.9095392621233864
NovelmiRNA-696	immune score	-0.2727062851995137	0.6571326292356925
NovelmiRNA-696	stroma score	-0.44391930996744966	0.45393989804303286
NovelmiRNA-696	microenvironment score	-0.44485127565686994	0.45287688543994475
NovelmiRNA-696	M2:M1 ratio	0.9999977885214988	2.211478501209695e-6
NovelmiRNA-2707	Myeloid dendritic cell activated	0.587265121928289	0.2978052055664996
NovelmiRNA-2707	B cell	0.6458195198308057	0.23912923742658415
NovelmiRNA-2707	T cell CD4+ memory	0.04784596932011536	0.9391038709409647
NovelmiRNA-2707	T cell CD4+ (non-regulatory)	-0.4201883206768968	0.4811884744748914
NovelmiRNA-2707	T cell CD4+ central memory	-0.6791300752955914	0.20736350786966995
NovelmiRNA-2707	T cell CD4+ effector memory	-0.4078702533209322	0.49546478057623083
NovelmiRNA-2707	T cell CD8+ naive	-0.40787025332093213	0.49546478057623083
NovelmiRNA-2707	T cell CD8+	-0.4078702533209322	0.49546478057623083
NovelmiRNA-2707	T cell CD8+ central memory	-0.35961872523805627	0.5521894008952742
NovelmiRNA-2707	Class-switched memory B cell	-0.591609403038334	0.29333694288225554
NovelmiRNA-2707	Common lymphoid progenitor	-0.14786420318349383	0.8124217546686568
NovelmiRNA-2707	Common myeloid progenitor	0.940282362996816	0.017360363616668904
NovelmiRNA-2707	Endothelial cell	0.9104137480443795	0.03175207823798609
NovelmiRNA-2707	Cancer associated fibroblast	0.36386167633529043	0.547152961774777
NovelmiRNA-2707	Granulocyte-monocyte progenitor	-0.4078702533209303	0.4954647805762327
NovelmiRNA-2707	Hematopoietic stem cell	0.795384635581037	0.10763190285349211
NovelmiRNA-2707	Macrophage	0.6325144271244232	0.25215741304551276
NovelmiRNA-2707	Macrophage M1	0.6412347174184908	0.24359742421301206
NovelmiRNA-2707	Macrophage M2	0.5132223774230604	0.3764874814852658
NovelmiRNA-2707	Mast cell	0.3725174002830727	0.5369063981610424
NovelmiRNA-2707	B cell memory	0.6458195198308051	0.23912923742658473
NovelmiRNA-2707	Monocyte	0.6421620956542474	0.24269182084048868
NovelmiRNA-2707	B cell naive	0.2833503535068792	0.6441145867826221
NovelmiRNA-2707	Neutrophil	-0.4078702533209322	0.49546478057623083
NovelmiRNA-2707	T cell NK	-0.9870709154661492	0.0017613329957732666
NovelmiRNA-2707	Plasmacytoid dendritic cell	0.03562201729977744	0.9546542328527537
NovelmiRNA-2707	B cell plasma	0.5250834308331103	0.36358025734302024
NovelmiRNA-2707	T cell CD4+ Th1	0.27674270652227984	0.6521910480367128
NovelmiRNA-2707	T cell CD4+ Th2	-0.007542767299631273	0.9903963414630477
NovelmiRNA-2707	T cell regulatory (Tregs)	-0.4962226255908701	0.39517259714629593
NovelmiRNA-2707	immune score	0.6105898095082486	0.27402432925103926
NovelmiRNA-2707	stroma score	0.7831025171770476	0.11723451399667781
NovelmiRNA-2707	microenvironment score	0.8987464136649437	0.038083864783187045
NovelmiRNA-2707	M2:M1 ratio	-0.3343239983359494	0.6656760016640506
NovelmiRNA-3570	Myeloid dendritic cell activated	-0.2861343180927023	0.6407166684485088
NovelmiRNA-3570	B cell	-0.25000000000000006	0.6850376424742926
NovelmiRNA-3570	T cell CD4+ memory	-0.39887553919753005	0.5059441084059646
NovelmiRNA-3570	T cell CD4+ (non-regulatory)	-0.2575502364144416	0.6757391150334336
NovelmiRNA-3570	T cell CD4+ central memory	-0.4162659998896875	0.48572478148747233
NovelmiRNA-3570	T cell CD4+ effector memory	-0.24999999999999967	0.685037642474293
NovelmiRNA-3570	T cell CD8+ naive	-0.25	0.6850376424742927
NovelmiRNA-3570	T cell CD8+	-0.25000000000000006	0.6850376424742926
NovelmiRNA-3570	T cell CD8+ central memory	-0.15740770957527903	0.8004130142544904
NovelmiRNA-3570	Class-switched memory B cell	-0.40385485616935396	0.5001373213632704
NovelmiRNA-3570	Common lymphoid progenitor	-0.38313654265322916	0.5243879724510975
NovelmiRNA-3570	Common myeloid progenitor	0.26548958613445417	0.6659822524847897
NovelmiRNA-3570	Endothelial cell	0.8499222892342589	0.06819956844290546
NovelmiRNA-3570	Cancer associated fibroblast	0.865558596941099	0.057966304194952994
NovelmiRNA-3570	Granulocyte-monocyte progenitor	-0.24999999999999697	0.6850376424742963
NovelmiRNA-3570	Hematopoietic stem cell	0.9222618706311427	0.025713128950484464
NovelmiRNA-3570	Macrophage	-0.2655822432291007	0.6658685129844448
NovelmiRNA-3570	Macrophage M1	-0.25564839153310165	0.6780795416234697
NovelmiRNA-3570	Macrophage M2	-0.39132628644292494	0.5147740313294291
NovelmiRNA-3570	Mast cell	0.8737465436512949	0.052819988939663935
NovelmiRNA-3570	B cell memory	-0.2500000000000006	0.6850376424742918
NovelmiRNA-3570	Monocyte	-0.254531739513217	0.679454271204536
NovelmiRNA-3570	B cell naive	0.8267537371475695	0.0842769591012478
NovelmiRNA-3570	Neutrophil	-0.2500000000000005	0.685037642474292
NovelmiRNA-3570	T cell NK	-0.6050152636955569	0.27966053629420456
NovelmiRNA-3570	Plasmacytoid dendritic cell	-0.5164768716916454	0.372935127609043
NovelmiRNA-3570	B cell plasma	0.9897046774436569	0.0012520508768624206
NovelmiRNA-3570	T cell CD4+ Th1	0.11390629286614282	0.8552842354901333
NovelmiRNA-3570	T cell CD4+ Th2	0.347137578107389	0.5670554549786
NovelmiRNA-3570	T cell regulatory (Tregs)	-0.30415470456018884	0.618794862677393
NovelmiRNA-3570	immune score	-0.2876171764530633	0.6389079929604722
NovelmiRNA-3570	stroma score	0.9169061571538056	0.02839217651516654
NovelmiRNA-3570	microenvironment score	0.16989451774621975	0.7847287657105778
NovelmiRNA-3570	M2:M1 ratio	NA	NA
NovelmiRNA-2976	Myeloid dendritic cell activated	NA	NA
NovelmiRNA-2976	B cell	NA	NA
NovelmiRNA-2976	T cell CD4+ memory	NA	NA
NovelmiRNA-2976	T cell CD4+ (non-regulatory)	NA	NA
NovelmiRNA-2976	T cell CD4+ central memory	NA	NA
NovelmiRNA-2976	T cell CD4+ effector memory	NA	NA
NovelmiRNA-2976	T cell CD8+ naive	NA	NA
NovelmiRNA-2976	T cell CD8+	NA	NA
NovelmiRNA-2976	T cell CD8+ central memory	NA	NA
NovelmiRNA-2976	Class-switched memory B cell	NA	NA
NovelmiRNA-2976	Common lymphoid progenitor	NA	NA
NovelmiRNA-2976	Common myeloid progenitor	NA	NA
NovelmiRNA-2976	Endothelial cell	NA	NA
NovelmiRNA-2976	Cancer associated fibroblast	NA	NA
NovelmiRNA-2976	Granulocyte-monocyte progenitor	NA	NA
NovelmiRNA-2976	Hematopoietic stem cell	NA	NA
NovelmiRNA-2976	Macrophage	NA	NA
NovelmiRNA-2976	Macrophage M1	NA	NA
NovelmiRNA-2976	Macrophage M2	NA	NA
NovelmiRNA-2976	Mast cell	NA	NA
NovelmiRNA-2976	B cell memory	NA	NA
NovelmiRNA-2976	Monocyte	NA	NA
NovelmiRNA-2976	B cell naive	NA	NA
NovelmiRNA-2976	Neutrophil	NA	NA
NovelmiRNA-2976	T cell NK	NA	NA
NovelmiRNA-2976	Plasmacytoid dendritic cell	NA	NA
NovelmiRNA-2976	B cell plasma	NA	NA
NovelmiRNA-2976	T cell CD4+ Th1	NA	NA
NovelmiRNA-2976	T cell CD4+ Th2	NA	NA
NovelmiRNA-2976	T cell regulatory (Tregs)	NA	NA
NovelmiRNA-2976	immune score	NA	NA
NovelmiRNA-2976	stroma score	NA	NA
NovelmiRNA-2976	microenvironment score	NA	NA
NovelmiRNA-2976	M2:M1 ratio	NA	NA
NovelmiRNA-1300	Myeloid dendritic cell activated	NA	NA
NovelmiRNA-1300	B cell	NA	NA
NovelmiRNA-1300	T cell CD4+ memory	NA	NA
NovelmiRNA-1300	T cell CD4+ (non-regulatory)	NA	NA
NovelmiRNA-1300	T cell CD4+ central memory	NA	NA
NovelmiRNA-1300	T cell CD4+ effector memory	NA	NA
NovelmiRNA-1300	T cell CD8+ naive	NA	NA
NovelmiRNA-1300	T cell CD8+	NA	NA
NovelmiRNA-1300	T cell CD8+ central memory	NA	NA
NovelmiRNA-1300	Class-switched memory B cell	NA	NA
NovelmiRNA-1300	Common lymphoid progenitor	NA	NA
NovelmiRNA-1300	Common myeloid progenitor	NA	NA
NovelmiRNA-1300	Endothelial cell	NA	NA
NovelmiRNA-1300	Cancer associated fibroblast	NA	NA
NovelmiRNA-1300	Granulocyte-monocyte progenitor	NA	NA
NovelmiRNA-1300	Hematopoietic stem cell	NA	NA
NovelmiRNA-1300	Macrophage	NA	NA
NovelmiRNA-1300	Macrophage M1	NA	NA
NovelmiRNA-1300	Macrophage M2	NA	NA
NovelmiRNA-1300	Mast cell	NA	NA
NovelmiRNA-1300	B cell memory	NA	NA
NovelmiRNA-1300	Monocyte	NA	NA
NovelmiRNA-1300	B cell naive	NA	NA
NovelmiRNA-1300	Neutrophil	NA	NA
NovelmiRNA-1300	T cell NK	NA	NA
NovelmiRNA-1300	Plasmacytoid dendritic cell	NA	NA
NovelmiRNA-1300	B cell plasma	NA	NA
NovelmiRNA-1300	T cell CD4+ Th1	NA	NA
NovelmiRNA-1300	T cell CD4+ Th2	NA	NA
NovelmiRNA-1300	T cell regulatory (Tregs)	NA	NA
NovelmiRNA-1300	immune score	NA	NA
NovelmiRNA-1300	stroma score	NA	NA
NovelmiRNA-1300	microenvironment score	NA	NA
NovelmiRNA-1300	M2:M1 ratio	NA	NA
