miRNA,baseMean,log2FoldChange,lfcSE,pvalue,padj
hsa-miR-551a,11.865993041024383,1.5475776052181665,0.9994453761479242,0.01072612462851354,0.06110212793871488
hsa-miR-335-3p,395.41435765639767,0.30819379550083315,0.9847509839937638,0.494111180130292,0.7777298517904702
hsa-miR-548an,1.5649590486116451,0.28908542910718543,1.1341561776386488,NA,NA
hsa-miR-1-3p,5809.992435787296,-1.5609691159817256,0.7163861586488645,0.004082011511048168,0.028606736669425564
hsa-miR-548av-3p,5.451372864356021,-0.2286899529032675,0.9148313286329562,0.6278141190387846,0.8513392697801475
hsa-miR-6806-3p,0.44800502181308427,0.1333897848697282,1.102484912946401,0.6910700479711794,NA
hsa-miR-320b,2389.2185992932527,2.821346391667712,0.4781840732337736,1.7011477912030786e-10,1.2418378875782473e-08
hsa-miR-4796-5p,1.149406383828958,0.2614448353942373,1.012360528510572,0.5418056398787287,NA
hsa-miR-190b-5p,50.84784658653056,2.716735689253867,0.6594148953402891,1.299011700043976e-6,3.923911204270769e-5
hsa-miR-5000-3p,1.198133250967247,0.155647920801706,1.0838714992027962,0.6621286700961273,NA
hsa-miR-10398-3p,1.3700136430926624,0.2643652470841487,1.0105889197189386,0.5387519554071755,NA
hsa-miR-676-3p,19.141473978260457,0.8038472151685089,0.5532317738244205,0.05936602518483655,0.22595376482064025
hsa-miR-296-5p,113.21220583929619,1.6761186659104006,0.5372401163310769,2.7336977630601657e-4,0.0031929589872542736
hsa-let-7d-5p,10118.759356540215,-0.23725396608154975,0.310751424667167,0.38959740228971285,0.7169901773230849
hsa-miR-369-3p,2245.59892531385,-0.23814547595606647,0.6207504324568436,0.5919852352108526,0.8346576729121344
hsa-miR-3180-5p,19.03520770658761,0.14157337193520073,0.5676983847161374,0.7373151788640033,0.8958226028916323
hsa-miR-128-2-3p,116070.46136579779,-1.479659459919955,0.6744640054613734,0.004474423984375081,0.03038446054505869
hsa-miR-411-5p,6025.751464904603,-0.19146691379378816,0.6314677403778904,0.6688648555533877,0.8586891345693081
hsa-miR-449a,9.03891436418996,0.1282064660187585,0.8003756797061767,0.7900054011561464,0.920272249219128
hsa-miR-489-3p,6.220774539734915,0.598925480952237,0.8576373120580377,0.2415499063211899,0.5422210888925448
hsa-miR-4803,0.8984163723524631,0.25558752389859024,1.0571124882213387,0.5173220475313958,NA
hsa-miR-7843-3p,0.1415797697768267,0.13338899902532386,1.1024848139596122,0.6910717569008711,NA
hsa-miR-6883-3p,0.1769747122210334,0.1333891515395522,1.1024848331705934,0.6910714252369988,NA
hsa-miR-6513-3p,3.975407053457465,0.132068713962179,0.7269895199221389,0.7801899268970972,0.9170104870791864
hsa-miR-218-5p,44060.60021073714,-0.4968682047155109,0.5876749917257614,0.2534134613557361,0.5605812933020828
hsa-miR-133a-3p,646.7493497944912,-1.6725224734692306,0.5959832102369504,7.06137399979976e-4,0.006511330130341674
hsa-miR-548ah-3p,70.13698626653957,-0.6386824401642548,1.0142625790214852,0.19125569766310774,0.46668521212502057
hsa-miR-5579-5p,0.9483293348896609,0.14961775618735457,1.088693420093397,0.6697895916552601,NA
hsa-miR-30d-5p,98172.7001214659,-0.17573076276529695,0.30120362253883587,0.5138201089312817,0.7777298517904702
hsa-miR-758-3p,773.074387824821,-0.13949434931603827,0.5810671470176386,0.7443441404326706,0.9015682880728128
hsa-miR-193b-3p,1078.3890128850123,1.4160752082189865,0.7741779610188121,0.010741698290595996,0.06110212793871488
hsa-miR-16-5p,10738.2137414123,0.9758416605259959,0.3771238807993666,0.0027564658103236468,0.020997078694291432
hsa-miR-548aw,1.5264196409602095,0.46792785296523526,1.210475028781668,0.1921520128740736,0.4672694742062865
hsa-miR-342-3p,5333.847957848744,-0.9044209294760345,0.3099057873706118,0.0010793760159320993,0.00955084232279312
hsa-miR-1912-5p,0.41737897250876654,0.13338973822778621,1.1024849070712515,0.6910701494006236,NA
hsa-miR-152-3p,5853.242014159495,0.03783503617751493,0.445900804292004,0.9166262742177402,0.9754090572963401
hsa-miR-3659,1.5283551288622312,0.3569555410333784,1.0791216786552735,0.3689940146156983,0.7000578736305089
hsa-miR-139-5p,23402.776157858156,-2.8956200101496314,0.583388366433045,1.9380618741367874e-8,1.0610888760898911e-6
hsa-miR-6858-3p,0.0487883801668011,0.13338836892143086,1.1024847345908921,0.6910731271520274,NA
hsa-miR-6794-3p,6.536012167263477,-0.7848858280815791,0.8313724964785892,0.13451850535112503,0.3813534326459079
hsa-miR-1236-3p,0.43137798571440167,0.16785051142972532,1.1074302174350101,0.6180625545961034,NA
hsa-miR-655-3p,476.0445940331598,-0.12900752712408994,0.609791555062504,0.7689282208039241,0.91147648365932
hsa-miR-6772-3p,1.5896056032723962,-0.43014253463694846,1.018137765503216,0.33984379457142583,0.664515991170913
hsa-miR-7158-3p,2.5903251076916236,-0.03356479415787753,0.7929388954488,0.944220331964567,0.982347993825369
hsa-miR-200a-3p,341.7338569564548,0.37721640329101214,0.3720044404645395,0.23345749863207754,0.5311916072771427
hsa-miR-4785,1.2612281098294793,0.4770874158304406,1.1344168010325528,0.2242902412659946,NA
hsa-miR-6851-3p,0.36903835874511454,0.1333896558415792,1.1024848966936607,0.6910703285610006,NA
hsa-miR-323b-3p,1554.2524649573108,-1.0976791357126878,0.6361977410108648,0.022196266076795642,0.1056735276264836
hsa-miR-548e-3p,32.64470311316767,0.4080805873978609,0.4968106738538069,0.29480749118768107,0.6105233150837083
hsa-miR-641,154.12526541087323,0.42699688525124924,0.36053001211374947,0.16707901811724188,0.42795678324767217
hsa-miR-551b-3p,115.9875002433944,0.13820795435592217,0.41609413492792324,0.6880515005465757,0.8586891345693081
hsa-miR-6866-5p,6.698540245682436,0.3291745321416614,0.9728071797646966,0.4734466623185511,0.7777298517904702
hsa-miR-5581-3p,4.109487617965341,0.9341282920916251,0.9963180017028734,0.08317070135943146,0.2813032215863396
hsa-miR-4473,34.77542802277993,-0.14025939220206946,0.5004180003315181,0.719423947821687,0.8838925361736295
hsa-miR-6850-5p,0.1792020087252337,0.13338916484815316,1.1024848348469718,0.6910713962955568,NA
hsa-miR-629-5p,1303.9101061024533,1.234153444019259,0.5276311850472203,0.004186365593398834,0.02887603354186912
hsa-miR-103a-2-3p,51985.20054338519,-0.7122194970164911,0.3230485003501781,0.012153061833235116,0.06738026687287318
hsa-miR-7151-5p,11.25791301546062,0.5251017086536925,0.5830394500059176,0.225812699811852,0.5202447914323345
hsa-miR-6727-5p,0.3580751433916874,0.16784918635482227,1.1074300086194764,0.6180652786593466,NA
hsa-miR-6775-3p,2.124316960838312,-0.8828379660534644,0.9471139630188236,0.1011141157106739,0.31188720198081105
hsa-miR-1228-3p,2.2976416549420247,0.1734117165615533,1.070380119307515,0.6402198213744623,0.8575421460612064
hsa-miR-371a-3p,0.8775964318500066,0.29950472209155016,1.1372039157007559,0.3836502151759312,NA
hsa-miR-3679-5p,7.921012923918329,0.3955779110595194,0.7495958590344597,0.4156126344411439,0.7415021898699569
hsa-miR-548l,6.095632317646378,0.03720167621631564,0.8385666163888766,0.9380752071853814,0.9804012843437621
hsa-miR-153-3p,583.0253809256924,-1.0246323598145755,0.4749459678434609,0.008675247805827135,0.05205148683496281
hsa-miR-4797-3p,0.9224958000535739,0.13339027194764927,1.1024849743002474,0.6910689887523109,NA
hsa-miR-154-3p,65.55957468028338,0.29915618200919264,0.9899736511315003,0.5031460056995716,0.7777298517904702
hsa-miR-664a-3p,285.18623516583943,-0.22184589810400562,0.7661733161277758,0.645045360561223,0.8579265638176068
hsa-miR-3158-3p,76.94651516351443,0.2670156103165313,0.5169468251539379,0.5034218075641437,0.7777298517904702
hsa-miR-4743-5p,1.7807033912447658,-0.28922833560231576,1.0135505064347667,0.502623976039529,0.7777298517904702
hsa-miR-6816-3p,1.328365554983645,-0.27986347433905584,1.006672997361811,0.5195655879149297,NA
hsa-miR-5682,1.0975898251064191,-0.2641674251973439,0.8323065903898601,0.5872791789985127,NA
hsa-miR-5582-3p,1.8173884998175065,0.6088379476492178,0.9541296351114307,0.22593975416047077,0.5202447914323345
hsa-miR-107,9264.669616849535,-0.7258241123036868,0.3530934505771457,0.017344340791557326,0.08885171072166209
hsa-miR-1267,2.2547847012591546,-0.4338402881916676,0.8281523991427683,0.38309479816045894,0.7065074593443411
hsa-miR-2110,192.71443011828543,-0.07671263853402543,0.41173366591161276,0.8223759706941177,0.9385075027647493
hsa-miR-9983-3p,451.459699191778,1.2185122757022337,0.667453972450288,0.015014887550487967,0.0788932285894828
hsa-miR-3146,0.53174921112692,0.1678506737609902,1.1074302430165819,0.618062220879054,NA
hsa-miR-1234-3p,1.6956295291158077,-0.3951163083184123,0.9719251943945718,0.39846535678611944,0.7226825104443906
hsa-miR-6503-5p,8.140251693851678,2.360763630995,1.4991687547521642,7.901445755903229e-4,0.0071357386414136375
hsa-miR-1976,33.716805651777605,0.26857955315018806,0.5335177360758026,0.5094794401731413,0.7777298517904702
hsa-miR-122b-5p,1.1771096130218814,0.2683803847728058,1.128448363152607,0.43213855223777664,NA
hsa-miR-185-5p,4312.4429128441725,-0.1503896922026547,0.3471035913876268,0.6173112216710503,0.8513392697801475
hsa-miR-6746-3p,1.317111099542746,-0.274318971964725,1.0765086279921403,0.4732632803805083,NA
hsa-miR-4795-3p,1.1248393204566343,-0.03220853154131597,1.0281915410480906,0.9355013682621989,NA
hsa-miR-4528,0.9105949147761353,0.16242311165836484,1.0287951361475847,0.6886402275824529,NA
hsa-miR-4774-5p,0.11946800581682246,0.13338888971845828,1.1024848001911343,0.6910719946042275,NA
hsa-miR-520g-3p,3.6984142499895287,0.0361343996785632,0.8834429416262527,0.9389916410552698,0.9804012843437621
hsa-miR-106b-5p,3084.908473316667,1.3163545351483514,0.3888728374878086,1.415285323987852e-4,0.001999661199698965
hsa-miR-579-3p,5.975532913941273,0.17552509625355714,0.8444125517672625,0.7156349149613499,0.8829523739523133
hsa-miR-216a-5p,81.42433716736525,2.1252899477225573,0.8414847650072814,6.020996803847377e-4,0.00567139053781753
hsa-miR-4522,1.3806229775243484,0.7186588098700105,1.1589903439241167,0.10641841680485199,NA
hsa-miR-138-5p,6493.207975133815,-1.068564508372109,0.4308810305960969,0.003380609883968338,0.024273887363575934
hsa-miR-3619-3p,0.9365428617449526,0.24748179943553106,1.123180803497475,0.46718318351014804,NA
hsa-miR-548a-3p,33.92043320191633,0.33954005673820514,0.4866990287433545,0.3763399977499758,0.7044312778396983
hsa-miR-4735-5p,0.22305370109390205,0.13338931838357274,1.102484854186621,0.6910710624110281,NA
hsa-miR-10522-5p,0.4432365333545732,-0.03365194862218968,1.0933598293979023,0.9201068734242167,NA
hsa-miR-668-3p,129.7109698984401,-0.9615452587581234,0.8668777392827428,0.07700856726381868,0.26454707812982414
hsa-miR-12129,0.3963019413007939,-0.007725992505146037,1.0935769267310635,0.9815836299271752,NA
hsa-miR-549a-3p,5.284496735100022,-0.3170016994591868,0.8808159517577167,0.5140764930201513,0.7777298517904702
hsa-miR-2467-5p,5.543270473390689,0.32716895548786845,0.9739381330007008,0.47540418450715044,0.7777298517904702
hsa-miR-509-3p,10.863578807986892,0.0010630404133875337,0.8108285608694827,0.9982326192275375,0.9995435757394767
hsa-miR-891a-5p,143.04044989066728,3.404696073370351,0.9785556521399646,5.795950187256976e-7,2.033406885330953e-5
hsa-miR-939-3p,1.325224401157397,0.26943101946040926,1.007531980640411,0.5334803072078738,NA
hsa-miR-92a-3p,31086.257214879897,1.6484645994510125,0.509345330774285,1.9198169376643179e-4,0.002368675545625271
hsa-miR-6842-3p,138.32022352057865,-1.4397439179474945,0.605788624748514,0.002999642165731864,0.022268529976111125
hsa-miR-6734-3p,0.24776459710944673,0.13338938080252843,1.102484862049055,0.6910709266721817,NA
hsa-miR-30c-5p,28544.053225846477,-0.7060823871781777,0.31157385055685444,0.010452012934540952,0.060297289828181694
hsa-miR-605-3p,0.7071858215523186,0.20712434773178337,1.1144760635752586,0.5402378241810794,NA
hsa-miR-429,56.1916421101093,0.5186321359210005,0.42269043597485423,0.13644174531650807,0.3855579641847131
hsa-miR-320e,23.920338324106684,2.9416050113877508,2.717393635824435,6.848451493920553e-4,0.006382173945398303
hsa-miR-500a-5p,94.89747111826271,0.9748128858537664,0.7683586131766624,0.06262104245223149,0.2324408185938762
hsa-miR-4424,5.1390537820757025,-0.08127093711878736,0.9673056812834216,0.8539621381320361,0.9517440623456281
hsa-miR-6803-3p,4.500382307510214,-0.4276959543629175,1.0463127711131528,0.32407817704068864,0.6408408196109328
hsa-miR-543,3586.9328486216036,-0.24619677570139942,0.6826796569971338,0.5964562822408632,0.8346576729121344
hsa-miR-1264,83.02153049576854,0.3035487956110182,0.7168223886227287,0.5231015945531847,0.783045739983698
hsa-miR-6812-3p,1.9952119697434085,0.0750958166702428,0.8983901835983374,0.8728137120839785,0.9593284965941846
hsa-miR-582-5p,366.6990163261618,-1.4327679165051719,0.48236436802993393,5.39601474574866e-4,0.005137944475299811
hsa-miR-542-3p,1168.9589389684888,2.0404131001865125,0.5904418100436761,6.049577262986565e-5,9.813758671067094e-4
hsa-miR-1180-3p,2269.1993036186936,-0.8358324560012098,0.3884506942790819,0.011403322799157324,0.0643069467757492
hsa-miR-380-3p,137.60253598269742,-0.2472035782112058,0.5394325991887575,0.5464034676293527,0.79499542629025
hsa-miR-1243,7.286199932308981,0.416334838090578,0.6611040137547093,0.36795049062712015,0.7000578736305089
hsa-miR-1972,0.8303835988804287,-0.016620919434447406,0.9626197702473315,0.9700493156797277,NA
hsa-miR-1249-3p,341.9081189821581,-1.3731963326581516,0.5132046766734701,0.0014019013821596376,0.01203985892913571
hsa-miR-17-5p,6276.054970636929,1.7584696737629877,0.44945149516822397,1.5443264115970232e-5,2.9409346446934617e-4
hsa-miR-3939,0.6597979839916644,0.28990871870855855,1.1343913484725265,0.3981207432421099,NA
hsa-miR-3928-3p,22.192384315522382,-0.020288418267134022,0.7483635916931337,0.9659748130732909,0.9857947991330799
hsa-miR-6750-3p,0.554229347361368,0.20712504008733565,1.114476203267494,0.5402365056505636,NA
hsa-miR-576-5p,100.7641226402139,1.5187370051577456,0.33264214709793555,1.0026987685765215e-6,3.25320044915938e-5
hsa-miR-302c-3p,0.3584040174504674,0.13338963402995208,1.1024848939462104,0.6910703759934501,NA
hsa-miR-4689,0.2116488044029728,-0.035822254864418646,1.093364382890232,0.9149931595203934,NA
hsa-miR-3622a-5p,19.10165855127167,0.32094473381856503,0.9774625712520227,0.4815027030101434,0.7777298517904702
hsa-miR-5697,0.48012340385588986,0.24252089821814352,1.122014163244174,0.47577931350919006,NA
hsa-miR-431-5p,8.842385814288617,0.1333917978301495,1.1024851665067852,0.6910656705126146,0.8586891345693081
hsa-miR-19b-1-3p,2537.107359984931,1.4762313933538467,0.4468132174957437,1.7231343972518064e-4,0.0022870692908978523
hsa-miR-455-5p,7363.911786942099,2.006080843810633,0.552890469977177,3.526474580327316e-5,6.057238690915155e-4
hsa-miR-6733-5p,4.80776158379329,0.309283687042667,0.984122700232089,0.4930280743737971,0.7777298517904702
hsa-miR-4775,1.3819902065222243,-0.09519956324188063,1.0271973197378839,0.8125062384521695,0.9354736049520246
hsa-miR-181c-5p,856.5129267929364,0.3414418709166337,0.9659367987013989,0.4615520020265627,0.7777298517904702
hsa-miR-660-5p,1329.592509582239,1.427137625540442,0.3984748915808127,6.473379079025522e-5,0.0010126214416475638
hsa-miR-4661-5p,10.207373961288427,2.3855233671353075,1.2186978298431854,5.358112705339534e-4,0.005137944475299811
hsa-miR-197-3p,3023.7823720899396,0.3266483143187757,0.41115954577593206,0.3381310648503662,0.6634128301370172
hsa-miR-618,213.62215635639743,0.7082216756547878,0.41749383799992235,0.041165485898800175,0.17529880438006015
hsa-miR-3661,0.9425926908589894,0.3126401235114472,1.068492806685165,0.42992262765539085,NA
hsa-miR-184,193.26303371093547,-0.3266384760592481,0.49094319315766904,0.39743624578813935,0.7223115172415147
hsa-miR-887-3p,220.12165016724077,0.14195325234008305,0.6091206594678606,0.7464084533070319,0.9018673173751172
hsa-miR-19a-3p,1057.6079779466395,2.0378792325914206,0.384389297180087,2.1143016772494337e-8,1.0894872172179435e-6
hsa-miR-6833-3p,14.723538025628812,-0.47928815637579425,0.5324580536514353,0.24073784248539537,0.5422210888925448
hsa-miR-636,0.8443474785070286,0.3753570692465733,1.0983495869833182,0.3335185588627913,NA
hsa-miR-1299,455.57553468390313,-0.0968925909066095,0.9633121957512427,0.827356412734817,0.9385075027647493
hsa-miR-382-3p,597.2209028389741,0.32131219553983964,0.977255245102137,0.48114102966372385,0.7777298517904702
hsa-miR-4697-3p,2.47129291508936,0.2683831882802879,1.1284491087207227,0.43213397856133423,0.7570987304394575
hsa-miR-20b-5p,829.1704970015071,0.7318126487486781,0.45503101005403757,0.04797471363018875,0.19546906576765277
hsa-miR-191-5p,32321.397092876607,-0.41534789497312685,0.22822031086336578,0.050501699814829375,0.20390327847829834
hsa-miR-146a-5p,15135.999678088816,0.44775559380428204,0.46676247279304695,0.23056011431767579,0.5269394976140249
hsa-miR-3616-5p,5.808339790109572,0.44385638034421715,0.833598760007001,0.3730559491432395,0.7000578736305089
hsa-miR-4705,91.57176074732405,0.1142319760549932,0.5051458536359956,0.7711899051962163,0.9129221039890344
hsa-miR-6511b-3p,48.44055806982048,-0.237203140836635,0.8817799736169464,0.621249486853046,0.8513392697801475
hsa-miR-92a-1-3p,33570.4619111808,1.6443983725822944,0.5039465823695862,1.7632388460725535e-4,0.0022874580870365104
hsa-miR-6764-5p,1.465119569469608,0.5589058543503189,1.0650179573592384,0.21415103108033703,0.5063606041143598
hsa-miR-4422,0.21625111759919868,0.1333892938556405,1.102484851097028,0.6910711157504885,NA
hsa-miR-3144-3p,27.419163544100584,1.7218691172873808,1.30345620668198,0.005204720593820028,0.03433272883494626
hsa-miR-3199,3.086218828217386,-0.001877600043790153,0.9440093621807684,0.9966838600313945,0.9995435757394767
hsa-miR-4492,1.0554242291308333,0.25947972412943726,1.0551884141769707,0.5132705397344434,NA
hsa-miR-30e-5p,38065.44675568244,-0.25588268138837617,0.25140018498882954,0.2689152487766703,0.5754171915508777
hsa-miR-491-5p,157.091641704058,-1.1854327549942996,0.5914802124235397,0.010452124357261705,0.060297289828181694
hsa-miR-15b-5p,768.4209866108409,0.2936289562626801,0.8264712887161105,0.5477035007936603,0.79499542629025
hsa-miR-150-5p,474.18525661820314,-0.5630139625438114,0.4459741693304633,0.12029744594677008,0.34894226042837945
hsa-miR-4773,0.20018948199317813,0.11316750752142338,1.1001354972029858,0.7356485946837539,NA
hsa-miR-1252-5p,54.87375278310288,-0.777608830588639,0.6044836172871418,0.08437879875250096,0.282150452274233
hsa-miR-4685-3p,4.454842563073493,-0.19886455200913294,0.8483243151346794,0.6802216531119762,0.8586891345693081
hsa-miR-28-3p,3764.4628725395683,1.5493929663318575,0.512850197430383,4.180520880096156e-4,0.004308395636428509
hsa-miR-514a-3p,201.33835409965278,0.21682236616671774,0.5858326529016178,0.6143226450278274,0.8513392697801475
hsa-miR-6813-5p,0.26969422643534696,0.2365902458997316,1.1206607845924852,0.4861939729305626,NA
hsa-miR-3909,91.51293240834019,0.22737093356374077,0.3271761623764669,0.42865777636331676,0.7555416742339346
hsa-miR-550a-3-3p,36.199432612765584,0.8055542262761809,0.42321478872528856,0.022148814824363802,0.1056735276264836
hsa-miR-517-3p,7.490601938915671,-0.42304389614280974,0.639526267666555,0.35230308049286807,0.6812748311517715
hsa-miR-135a-5p,6860.997195818497,0.7101812551671216,0.6847304036916593,0.14013721996584075,0.3884816604116345
hsa-miR-1307-3p,2681.020431862947,0.021788455537657195,0.3941711888599736,0.9475437800387025,0.983469610561497
hsa-miR-1343-3p,17.579624568145274,0.024825792878261855,0.893736567999054,0.9578338958732595,0.9857947991330799
hsa-miR-4254,2.7354270641010783,-0.06478372721539143,1.0088595749866716,0.875724009949802,0.9601179383179307
hsa-miR-208a-3p,0.0813139669446685,0.13338865247787013,1.1024847703079768,0.6910725105177986,NA
hsa-miR-3150a-3p,0.8395864333376645,0.14623161530865808,1.0914659620477118,0.6741468072632353,NA
hsa-miR-330-5p,1250.4089879210196,-0.17608353101973498,1.007143655921033,0.6769744966469629,0.8586891345693081
hsa-miR-6820-3p,0.23099485636377348,0.13338933929163613,1.1024848568202477,0.6910710169434864,NA
hsa-miR-4446-3p,19.76518192586714,-1.3287424879745948,0.7486755223886118,0.013945817959621095,0.07494807688728883
hsa-miR-4471,0.19725094778647492,-0.035822369345158485,1.0933643871831795,0.9149928889202387,NA
hsa-miR-4790-5p,0.15194106519460432,0.02163934223463271,1.0942547563002765,0.948377647215445,NA
hsa-miR-375-3p,135.35564915318392,-0.3570939874344338,0.519829036781798,0.3732043687048489,0.7000578736305089
hsa-miR-4732-5p,0.339174961162328,-0.06566562934627244,1.09375091230067,0.8454446382411265,NA
hsa-miR-4767,0.5718583303314031,0.1471905976063698,1.0782898416610878,0.6828716650265343,NA
hsa-miR-135b-5p,957.2558274833758,2.7345909733700116,0.8419245961860425,1.8699638953941563e-5,3.412684109094335e-4
hsa-miR-1286,7.310728121264085,-0.32307710270617074,0.8448908152750473,0.5094471607925626,0.7777298517904702
hsa-miR-124-3p,16642.77426298886,-0.5473041518756145,0.8186470854884542,0.27839200802806197,0.5876419253797163
hsa-miR-127-3p,48499.84601835147,-0.27515045815678607,0.5607927079645278,0.5122909327140606,0.7777298517904702
hsa-miR-1265,0.1415797697768267,0.13338899902532386,1.1024848139596122,0.6910717569008711,NA
hsa-miR-520f-3p,3.2113179623668993,-0.1517310670058264,0.9157289239442592,0.7451317814665713,0.9015682880728128
hsa-miR-4749-3p,0.5788673756988006,0.13574639252817702,1.1003961666902555,0.6879141160910199,NA
hsa-miR-92a-2-3p,31086.257214879897,1.6484645994510125,0.509345330774285,1.9198169376643179e-4,0.002368675545625271
hsa-miR-610,0.4812228076371693,0.31686497237609973,1.1426331620345418,0.3584873333063033,NA
hsa-miR-3149,6.674731130347634,-0.10365921894958091,0.7205141519605357,0.8260104275827983,0.9385075027647493
hsa-miR-675-3p,18.431349991585826,1.1169220834359794,1.0305387614387937,0.04552539444019466,0.18811436570571
hsa-miR-450b-5p,919.2581489387792,2.844620527027454,0.6105299835325753,9.370556585694988e-8,4.104303784534404e-6
hsa-miR-423-3p,14868.046093127123,0.8530186820992026,0.3264134185228421,0.0030494278866460105,0.022304359629156764
hsa-miR-193a-5p,284.95937219208884,1.6184616100336626,0.5216790723590086,3.0443204973556976e-4,0.003419006097030245
hsa-miR-1260b,211.94172708256622,0.2964053610949593,0.906955862493703,0.536094758956984,0.7932753527809426
hsa-miR-23a-3p,11631.566233234184,0.9977843162812627,0.5579659476806345,0.022176829398224376,0.1056735276264836
hsa-miR-4777-3p,2.510654788817776,1.0750759798447453,1.2513645417773127,0.033530488740186506,0.15140571204331638
hsa-miR-381-3p,32008.292747424715,-0.2269022536925174,0.5538801086269812,0.5858321553558848,0.827724142083476
hsa-miR-106a-5p,592.4961730642688,0.8279296007681338,0.45344222224508335,0.025717246497402955,0.12111993511680103
hsa-miR-485-3p,213.2449887131062,0.31202522509073816,0.9825511807689995,0.4903059113366927,0.7777298517904702
hsa-miR-379-5p,9000.573488760509,-0.3843535621813484,0.5741823395288224,0.36817930019883394,0.7000578736305089
hsa-miR-518c-3p,1.1551042131306115,0.37592969288183986,1.0647961615355597,0.36077112658709753,NA
hsa-miR-378i,742.7271698416156,-0.13827867003977004,1.0530068664583503,0.7177478171412688,0.8838925361736295
hsa-miR-766-3p,97.68661939035636,-1.1189567777933411,0.5148833114509286,0.007421638380792695,0.04546402252849231
hsa-miR-143-3p,79596.74045971902,-0.8050789095915912,0.39723108204553864,0.016419905585359856,0.08511146327085937
hsa-miR-580-3p,5.640548684247303,0.0784798087167778,0.6997924322091376,0.8664765195403359,0.9571670001479625
hsa-miR-3074-5p,38.557659573149955,1.939075998087003,0.6496745179013189,2.9651246138691454e-4,0.003373310599674508
hsa-miR-497-5p,1945.7095015858736,0.41712409806836515,0.4029641972941295,0.21445180836350172,0.5063606041143598
hsa-miR-2277-5p,108.98240657208886,-0.30345505480270385,0.33044130820193096,0.2941008318730876,0.6105031486275467
hsa-miR-383-5p,1683.3715108182746,-0.5867184103901959,0.6770325434324274,0.2153843830501865,0.5071954826665682
hsa-miR-4525,1.4673518134881285,-0.07575460798684365,0.8175819896657508,0.8747048682164391,0.9601179383179307
hsa-miR-6853-3p,5.899507610780678,-0.6817996103197557,0.6210946882031626,0.13378720169566213,0.3805116515759741
hsa-miR-4677-3p,42.83131313909375,0.5402426168491391,0.32856717262503743,0.06009957443288719,0.22595376482064025
hsa-miR-3157-5p,2.961618781533537,0.30648957928595855,0.9857302399775222,0.4958094518524971,0.7777298517904702
hsa-miR-409-3p,1441.9440997590384,0.3010747911094892,0.9888617881580204,0.5012204760668548,0.7777298517904702
hsa-miR-509-3-3p,1.8360701919007765,0.2562176523403452,1.0155495830782209,0.5472984378642352,0.79499542629025
hsa-miR-24-2-3p,30940.871082105183,0.30856491244987466,0.2550819868306088,0.18753223480934306,0.46016313079267374
hsa-miR-4520-3p,1.5936073131618929,-0.2229259772868684,1.0419057160849816,0.5792025169766477,0.8196791678054013
hsa-miR-29a-3p,51632.53311196434,-0.5868583826040116,0.4043305030482209,0.08197211095662636,0.28049831717970586
hsa-miR-4726-5p,1.8979404007219118,-0.186732251090234,0.969313026316298,0.6757970696429227,0.8586891345693081
hsa-miR-203b-3p,22.249151450635292,-1.3803211477278934,1.163629062073061,0.016601841065330483,0.08554831043076179
hsa-miR-6781-3p,0.16852585301097658,0.028384211183835252,1.094536100671101,0.9323011309919736,NA
hsa-miR-890,2.7465062213854607,0.8292172019072453,1.2502980258675485,0.06418783682424625,0.23480672563923716
hsa-miR-6749-3p,1.4222225375714614,-0.23922059008855104,0.870008337846169,0.6197585938451209,0.8513392697801475
hsa-miR-324-3p,139.82527951067198,0.0031416496320171125,1.0403976034222304,0.9935237589342317,0.99808120736971
hsa-miR-182-5p,2890.063819724355,2.7112104133360964,0.7478030526216174,7.11820486911287e-6,1.48465415841497e-4
hsa-miR-1277-3p,11.772894965449717,0.341660861903089,0.9658132364521645,0.4613415573677457,0.7777298517904702
hsa-miR-3170,1.0373704422198535,0.4146064749565324,1.1196702321593424,0.2807065263016025,NA
hsa-miR-508-3p,30.895152019328332,0.2872655286654314,0.7080309386935968,0.5434112705186169,0.79499542629025
hsa-let-7f-5p,265137.44582034263,-0.16988639301699168,0.39831310249236973,0.6104860409481864,0.8488663045565258
hsa-miR-6734-5p,2.1267152818913333,-0.3619997754235543,0.9748780574133697,0.4336291690124432,0.7582019003091821
hsa-miR-506-3p,0.10618482733262004,0.13338880168560774,1.1024847891023815,0.6910721860442286,NA
hsa-miR-202-5p,85.3422918871069,0.4531618147553226,0.9314311688495162,0.3537883996659178,0.6826401720426079
hsa-miR-1468-5p,17.81296891513745,0.18311666833851556,0.38182312764534815,0.5711246195577075,0.8121837122281685
hsa-miR-93-5p,9865.550724756942,1.562909246347447,0.3498364813632819,1.5710610481843127e-6,4.439514445836961e-5
hsa-miR-4421,31.08477291258773,0.073214557716303,0.9444025444963611,0.8715017528665938,0.9593284965941846
hsa-miR-365b-3p,798.9416113673786,-0.2813855530233386,0.41134825596266034,0.409523880156688,0.7351331528850974
hsa-miR-584-5p,1352.3921719057985,-0.2962906442651134,0.5866841867147101,0.49224414728958993,0.7777298517904702
hsa-miR-454-3p,1850.43312880913,0.7377354100851078,0.520610678806158,0.07006547117461168,0.24649539256610373
hsa-miR-1276,1.6542395494963948,0.25513366373496305,1.1250427374464274,0.45413199700365925,0.7744083041806
hsa-miR-548y,7.080333800787335,2.6623696904868273,1.566872385036422,3.326922315181433e-4,0.003642979935123669
hsa-miR-1253,0.0975767603336022,0.13338877281050365,1.102484785465232,0.6910722488372689,NA
hsa-miR-892a,32.37549213289022,2.455329281094386,1.0037716495043492,0.00024402608954468332,0.0028887412762316567
hsa-miR-203a-3p,421.9714321816409,-2.785335150359659,0.5713336253844279,4.287770595341847e-8,1.9768879165891884e-6
hsa-miR-212-5p,481.84153306097403,-2.255042239335809,0.53672950947161,2.83954595572447e-6,7.53770380974132e-5
hsa-miR-216b-5p,138.79981737935938,3.270021409705241,1.0326598668500948,2.6591721386566054e-6,7.279483729572457e-5
hsa-miR-141-3p,6.079914130205341,0.5066707030152072,0.9149373065903477,0.309211778268142,0.6255647061498669
hsa-miR-513c-5p,2.4790475839915547,0.23239865053580575,0.9338096385691143,0.6178020988075341,0.8513392697801475
hsa-miR-3174,2.3564460427814664,0.7613665586939115,1.1308579150745277,0.10220505430109178,0.31196141000155625
hsa-miR-211-5p,26.967605874523688,0.37074183851348996,0.7628839435648082,0.44664895513500724,0.7722256275269105
hsa-miR-1255a,28.302348573646086,-0.032462019992697974,0.6793376319334298,0.9439002721383762,0.982347993825369
hsa-miR-3918,0.2884843985746929,0.1333894908048196,1.1024848759052068,0.6910706874566696,NA
hsa-miR-548ao-3p,0.0975767603336022,0.13338877281050365,1.102484785465232,0.6910722488372689,NA
hsa-miR-410-3p,1359.5349160755559,-0.6840128067120296,0.6075510283910348,0.12748865931133252,0.3649675344991088
hsa-miR-10b-5p,2794.5888889848275,2.8717089954096746,0.8478832956416852,7.69969743222867e-6,1.568589523402864e-4
hsa-miR-215-5p,134.7248001223578,1.2217933093179467,0.5576767047864426,0.00628057160224729,0.0392984337397759
hsa-miR-3124-5p,18.258466944676112,0.2178446539087809,0.5365522701313489,0.5936938593909624,0.8346576729121344
hsa-miR-3176,3.29539715135135,0.9561099492178028,1.1033082083673218,0.06414926295443604,0.23480672563923716
hsa-miR-432-5p,1382.2220433003542,-0.25595140783395554,0.498246770546504,0.5111688772084833,0.7777298517904702
hsa-miR-1185-3p,356.95697371316373,0.3041513434608086,0.6643026194164567,0.5091035936007426,0.7777298517904702
hsa-miR-943,6.907975345206672,-0.6308378350809064,0.5698829906525532,0.14212496237756628,0.39252371565264355
hsa-miR-501-3p,550.1563736986233,1.7473491787301323,0.3913343279391772,1.5170083648488148e-6,4.4296644253585394e-5
hsa-miR-11401,1.275322142715074,0.030201845055814462,0.9817903439095191,0.944238501832072,NA
hsa-miR-1304-3p,4.09192638576967,0.31551796123843545,0.9805520012145914,0.48685016475099585,0.7777298517904702
hsa-miR-3139,5.54793055816183,0.10415891423142858,0.6205558912294207,0.8141029317675379,0.9358978585674057
hsa-miR-1909-5p,0.39624677487565835,0.13338970322200236,1.1024849026618269,0.6910702255256143,NA
hsa-miR-18a-5p,142.57840882620573,1.7952849084682472,0.49505354257592293,4.420579420948983e-5,7.446976101444825e-4
hsa-miR-1269a,667.7260747464755,4.985404107250011,2.2522375045581677,4.1582796596564654e-6,1.0118480505164065e-4
hsa-miR-4760-5p,2.990112132931951,0.28295008034065416,0.9994696449317001,0.5195616730388259,0.7805636059414793
hsa-miR-1269b,3.904798949330237,0.46545253834829176,1.209043983734353,NA,NA
hsa-miR-3664-5p,3.5148332607804593,0.9764972435922387,1.1115926872759285,0.05939770877925824,0.22595376482064025
hsa-miR-9-5p,1392613.7512830216,0.43572631885268825,0.44112471018713073,0.22462597526734354,0.5202447914323345
hsa-miR-6837-3p,1.094878593544162,-0.058119921501540175,1.0728243864188953,0.8708434712407997,NA
hsa-miR-1271-5p,576.5349188379494,0.5572897881461576,0.2681040114662676,0.021992356026247224,0.1056735276264836
hsa-miR-21-5p,221639.9542450446,2.6402213639349106,0.6806171731764887,3.931624617705675e-6,9.840294757457631e-5
hsa-miR-122-5p,17.323645465926205,-0.4822161553042361,0.6514617658717753,NA,NA
hsa-miR-1296-5p,1475.1141261840487,-0.538028426492311,0.5026068836642879,0.1719187642043134,0.4340081770691024
hsa-miR-7114-3p,1.2763603624533177,0.26526708344707206,1.010043186835912,0.5378111627596838,NA
hsa-miR-1295a,5.164055347170641,0.7095765960660705,0.969656102439298,0.16669165920399354,0.42795678324767217
hsa-miR-3529-5p,5.032596481071146,-0.14542744311554107,0.9052385964717472,0.756818025328145,0.9041688436198685
hsa-miR-3130-3p,0.8464403922319662,0.3126122929897236,1.0837017643957245,0.416291096349133,NA
hsa-miR-142-3p,347.8732620206492,0.6325692321275193,1.3522551384217045,0.09416176896061262,0.30151118149190625
hsa-miR-665,21.741075428045296,0.8877219003901734,1.0026695026189862,0.09490287948625531,0.30151118149190625
hsa-miR-4511,1.545008668898549,0.2367173077765059,0.978125727607035,0.5958044605787423,0.8346576729121344
hsa-miR-98-5p,17726.694491735125,-0.6310736989835027,0.33795036006648105,0.03184489891480124,0.14529235129878065
hsa-miR-374c-3p,15.801764725158296,0.2323266964391196,0.5070644507056138,0.5554039665932697,0.8028611794318552
hsa-miR-2355-3p,64.27836314532114,0.4637942164897455,0.7554928618225096,0.34423900711639177,0.6701186005199093
hsa-miR-452-5p,26.411857818617662,0.1815074197972073,1.0645195035579398,0.6305233703752505,0.8519636829170255
hsa-miR-3164,1.0577674536355273,-0.21308162697099287,1.0756267638891464,0.5671372654243272,NA
hsa-miR-1179,65.30213396959363,-0.565938899735847,0.41897966105303236,0.1022065350119254,0.31196141000155625
hsa-miR-448,45.80325691562882,0.3904935543913746,0.8986319963470596,0.42470577539821924,0.7531219822851014
hsa-miR-136-3p,3250.066453764693,-0.4631459184006409,0.5954628648848782,0.2901185254792399,0.607999589281852
hsa-miR-103a-3p,22964.441623343075,-0.03310933426656962,1.058402078963239,0.9288243929020347,0.97681745087673
hsa-miR-548ad-5p,107.57853842916708,-0.04886485500010039,0.5218897920027584,0.9029987020621411,0.9683437959945856
hsa-miR-6499-5p,14.820161312094534,0.862377280468763,1.208864600547146,0.06405957248284251,0.23480672563923716
hsa-miR-548x-3p,7.324524517660486,0.2577999350639174,1.0145824465207163,0.5456315974749811,0.79499542629025
hsa-miR-302a-5p,1.5660666797141727,0.1646613772635273,1.076905976087419,0.6508961681390381,0.8586891345693081
hsa-miR-5193,0.640521211494176,-0.040222204815601556,1.0647231885358035,0.912185826389181,NA
hsa-miR-3193,0.8551253776621588,0.3035359709857781,1.1384251289453902,0.3776905643745776,NA
hsa-miR-933,0.5032844317130949,0.1333898622779977,1.1024849226969686,0.6910698796360553,NA
hsa-miR-181b-5p,31767.041565863,-0.014587154056386479,0.4241462472143526,0.9666640781453374,0.9857947991330799
hsa-miR-301a-5p,148.222486867919,0.5009435557645425,0.551426316153561,0.23098717703628488,0.5269394976140249
hsa-miR-18b-5p,1.1448479887172156,0.13339041805704843,1.102484992704692,0.6910686710171826,NA
hsa-miR-3155b,0.13573079920575615,0.13338897826019036,1.1024848113439993,0.6910718020576107,NA
hsa-miR-208b-3p,19.552124521579493,1.2819418397311375,0.853187708823962,0.023780513884629297,0.1126039468266771
hsa-miR-1287-5p,324.0334295817624,0.3864023902785636,0.4464153050377596,0.2854272456243917,0.6010439114590557
hsa-miR-518b,2.3813781021451645,0.31389006677246817,0.9804967412805637,0.48893669509262405,0.7777298517904702
hsa-miR-3059-5p,224.06092793086896,-2.083949452309478,0.6094105336469611,6.368608913593901e-5,0.0010126214416475638
hsa-miR-6832-3p,0.4332892186247588,-0.14395123892684425,1.0701751705830256,0.6952463659245505,NA
hsa-miR-486-5p,3760.506709886901,0.9746357944202757,0.7048929003810367,0.05227242446691635,0.20841202519264185
hsa-miR-3167,7.58779484870041,-0.04134426405371014,0.5575586660460099,0.9210942833921393,0.9756693981275865
hsa-miR-664b-3p,40.72466375209754,-0.345653959407266,0.5059436973168844,0.3801963879497475,0.7065074593443411
hsa-miR-412-5p,165.2790591184977,-0.34496507253478503,0.6892024297491403,0.4623429857037729,0.7777298517904702
hsa-miR-3128,1.838396107523755,-0.11846528878816,0.8446143763518055,0.8049937003233403,0.9303148432910828
hsa-miR-6888-3p,2.7044588200144117,0.9049313430254751,0.9780848912204431,0.09255482193635158,0.2993756509698196
hsa-miR-10527-5p,28.759647549503338,0.020293961619116643,0.8436987679228886,0.9661546945100423,0.9857947991330799
hsa-miR-4423-5p,1.4260800372357954,0.3392421906091848,1.1064663093358538,NA,NA
hsa-miR-30a-5p,98387.71465522847,-0.3968025150076089,0.43520382860752377,0.2640468751187619,0.5739579717221723
hsa-miR-548av-5p,124.47057961334026,0.49369357848459106,0.694038300952289,0.29941865802992707,0.6184037538367337
hsa-miR-210-3p,2180.6063231098888,1.7551085936475468,0.7398339207975317,0.0018984007920542663,0.01568867069659941
hsa-miR-6885-3p,4.414992138218963,-0.8917341211887495,0.8180854544974503,0.09261507010596016,0.2993756509698196
hsa-miR-200c-3p,66.27478217937119,0.9083345179242647,0.34001337781079405,0.0023478102023768415,0.018697106702564664
hsa-miR-526a-5p,0.6143727764811506,0.135533764502627,1.0743383833185232,0.708548864795648,NA
hsa-miR-4470,11.779615278652448,0.27120982703400337,0.8105333781619495,0.5776122066663251,0.8192311496415686
hsa-miR-192-5p,4859.839462882046,0.4371908447272551,0.4785499987882159,0.24982755818362629,0.5554541648955751
hsa-miR-12125,0.1788907272782707,0.13338917530293648,1.1024848361638777,0.6910713735601468,NA
hsa-miR-495-3p,4875.829327395676,-0.381296130471192,0.5851102068810528,0.3773233940847474,0.7047660836209781
hsa-miR-20a-5p,9032.653849833385,1.5573035953222993,0.5269660820833256,5.102504022293872e-4,0.004966437248366035
hsa-miR-628-5p,63.29973178662906,0.34469299070139986,0.9641274058893502,0.4584226840641167,0.7777298517904702
hsa-miR-4682,0.6135949779953355,0.1678508997264477,1.107430278626228,0.6180617563443895,NA
hsa-miR-378a-3p,7529.1834317271305,0.42864777339946686,0.3938200287232914,0.1944403326157836,0.47052411981057024
hsa-miR-2682-5p,68.0648670894018,0.30814465138874575,0.9847785690969646,0.4941604271932341,0.7777298517904702
hsa-miR-3611,16.612873966487143,0.5102437841273099,0.8261958536189657,0.3102263613755366,0.6256560201441096
hsa-miR-548au-3p,191.5975533854599,0.07607062141731764,0.3400681525639706,0.7974678746659354,0.9252739843806085
hsa-miR-130a-3p,1077.3725201734533,1.5989464295233469,0.526966393937558,3.8433764647227253e-4,0.004056382871201334
hsa-miR-4524a-5p,2.0551630008873643,0.014923344395606063,0.9439504651343481,0.9736517898148065,0.9895817036577568
hsa-miR-3179,1.7870638239925805,-0.2899706525014664,0.9639101799250303,0.5273655100690084,0.7856669843885229
hsa-miR-9902,0.7414876212144218,0.14230423738422668,1.0947462604352782,0.6792532271637927,NA
hsa-miR-1273c,4.020369562056214,0.11120109832953308,0.9017712922760107,0.812665996995994,0.9354736049520246
hsa-miR-934,0.6429301795257941,0.16785097775549002,1.1074302909227565,0.6180615959340918,NA
hsa-miR-374b-5p,9882.746265586558,0.2783971646805368,0.31021617672410134,0.31177365510210703,0.6256560201441096
hsa-miR-148b-3p,26092.21101639846,0.19504599692410343,0.20716389586549758,0.31879692457012265,0.6375938491402453
hsa-miR-6755-5p,0.8777230870700461,-0.2027595244443381,1.0743534010398579,0.5855119311693389,NA
hsa-miR-502-3p,592.4580155919042,1.5740925522654645,0.5197426269884513,3.99833362751875e-4,0.004169690782983839
hsa-miR-4429,11.889863952759105,1.7195287258226974,1.3143898206307478,0.005212617505762389,0.03433272883494626
hsa-miR-548ae-5p,57.76276653202395,-0.08195018947107241,1.0230360612348801,NA,NA
hsa-miR-1247-5p,20.775846913599647,0.3171277907288767,0.9796342482747094,0.4852607111159268,0.7777298517904702
hsa-miR-3944-5p,0.243890822549204,0.133389372397532,1.1024848609903422,0.6910709449500345,NA
hsa-miR-5006-3p,4.907973033676418,-0.7056190827259474,0.562163026989382,0.0991533212174266,0.30879402463634437
hsa-miR-4755-5p,0.42790552497914813,0.2651298615455296,1.127591026755608,0.43746459450872704,NA
hsa-miR-103a-1-3p,51865.0456718855,-0.710883831032914,0.3230074492337178,0.01230403351049076,0.06778826009553399
hsa-miR-3175,0.11570449049497171,0.1333888811395383,1.1024847991105198,0.691072013260313,NA
hsa-miR-1283,12.496758129158454,-0.3697112791323898,0.8274905700137059,0.4533314408895587,0.7744083041806
hsa-miR-4640-3p,4.348315918740786,-0.22786256375225472,0.8705300580550585,0.6359573730729591,0.8544457957237916
hsa-miR-3922-3p,9.155562726745949,1.0492988327247146,0.833956274808972,0.05430574176505398,0.21278033150014294
hsa-miR-4474-3p,7.049323742165865,-0.03314238316523753,0.6435425533382605,0.9413669706220685,0.9817112693630143
hsa-miR-664b-5p,4.9340016918560625,0.18094502006502133,1.0649208922797893,0.6311922719328191,0.8519636829170255
hsa-miR-935,400.301596321228,-1.8713831655011433,0.44114281183943577,3.7428353815992905e-6,9.643305277296996e-5
hsa-miR-30b-5p,16943.87453499938,-0.018534846638723353,0.3105965100351984,0.9464848126655113,0.983469610561497
hsa-miR-7706,69.35865570006123,1.406618280258173,0.5795366750030694,0.002728606945379879,0.02096719021186644
hsa-miR-11400,2.286245380058995,0.8990415540067708,1.2650802917999944,0.05193307701978727,0.20841202519264185
hsa-miR-892c-3p,6.496105496541046,2.809896790487072,1.8537245568680334,3.2548665719713395e-4,0.003609193819046701
hsa-miR-5196-3p,4.839217266808927,-0.09771284352786548,0.7376841860177171,0.8368913846413581,0.9406168219264599
hsa-miR-4763-5p,0.2439419008340055,0.13338938236631426,1.1024848622460333,0.6910709232715084,NA
hsa-miR-5002-5p,6.70372274416053,-1.3484642317796776,0.8861298394326851,0.01976046887034798,0.09670486441578117
hsa-miR-323a-3p,4688.208699129065,-0.922884411465018,0.5945922288937112,0.04099409428535539,0.17529880438006015
hsa-miR-888-5p,47.6702715723291,2.709830810018705,1.3120188502158152,1.789238427018562e-4,0.0022874580870365104
hsa-miR-760,298.28130570025235,-1.112431812707823,0.4887683024449181,0.005692373693539157,0.03655467172662367
hsa-miR-6815-5p,0.3191598304506518,-0.08303781368929308,1.0943893739596695,0.8057185544391315,NA
hsa-miR-370-3p,8581.490851619466,-0.5724073420626667,0.5933715672111788,0.19256196368546738,0.4672694742062865
hsa-miR-339-5p,1120.1310279258846,0.4650271287992336,0.402724303723167,0.1662418443230384,0.42795678324767217
hsa-miR-4501,0.5150729484099769,-0.0970403570655825,1.0943310658792527,0.7746937676296548,NA
hsa-miR-205-5p,2.6287405324997604,0.01185278545401076,0.8576607399437438,0.9801587396744811,0.9910120205719787
hsa-miR-1266-5p,5.02239333951243,0.9294189996788217,0.8783198783952104,0.08653026703805655,0.28712315880809675
hsa-miR-3117-3p,193.50935771597875,0.35968783517955405,0.3783960632714242,0.26205710526628095,0.5724738758435464
hsa-miR-22-3p,27190.469885269384,0.10798501009647192,0.48962366905815513,0.77905490618458,0.9170104870791864
hsa-miR-302d-3p,5.007220216773333,0.34465931222678947,0.915572610053797,0.47384961127603115,0.7777298517904702
hsa-miR-4798-5p,0.3969990932761893,0.1333897031756571,1.102484902655989,0.6910702256263985,NA
hsa-miR-3173-5p,18.23480592598768,0.3913757662059449,0.491315058712519,0.3112590592296101,0.6256560201441096
hsa-miR-6715a-3p,10.500957827033783,0.9137216303579448,1.2173949878123143,NA,NA
hsa-miR-548ag,7.792997169221387,-0.04912787048747841,0.6422298454993159,0.9131064944048992,0.974276844212779
hsa-miR-526b-5p,3.549375094914339,0.03586205607828744,0.9177904205453239,0.9381836574705543,0.9804012843437621
hsa-miR-590-3p,255.65577204000334,0.12142929567806592,0.4592200720312932,0.7419300629776014,0.9001810736404139
hsa-miR-3187-3p,0.5044578765039077,0.1333898677968974,1.1024849233921452,0.6910698676344356,NA
hsa-miR-3120-5p,2.9974338914438907,0.2945666660346866,0.992644475205088,0.5077667591658914,0.7777298517904702
hsa-miR-4791,0.9904235159518677,0.0506032977332729,1.066621211573052,0.8892095159142402,NA
hsa-miR-488-3p,1016.3003391081021,-0.7016729097207647,0.3414917227034916,0.01810119655543604,0.09218981501489519
hsa-miR-363-3p,6454.76155626592,0.16866642803800308,0.2882069039226628,0.5160517659770519,0.7780746075660886
hsa-miR-200b-3p,189.27724630926497,0.5167746717004882,0.3900087800701265,0.11521876597703688,0.34570287972192326
hsa-miR-615-3p,12.806124008340621,0.24572216768159258,1.0220259720527956,NA,NA
hsa-miR-873-5p,67.6795414687894,23.816062024004992,3.1701662777843684,2.977510023604096e-14,5.216597561354376e-12
hsa-miR-6881-3p,7.231567061640851,-1.0769343102433013,0.7946055168507975,0.04525259837513274,0.18787334680860795
hsa-miR-642b-5p,0.4178500222384954,-0.11487655893709409,1.0964018079327638,0.7347009325817311,NA
hsa-let-7a-5p,264985.0279102006,0.13320400540868813,0.37765817764294696,0.6779718447061113,0.8586891345693081
hsa-miR-4536-5p,4.172481233895277,-0.10401688316193314,0.7563078987256925,0.8275425560274274,0.9385075027647493
hsa-miR-133b,147.91181999920943,-1.120129882819238,0.5788213381078254,0.01340651629690932,0.07249449553143558
hsa-miR-6715b-3p,0.14933500727102808,0.13338904121214076,1.10248481927354,0.6910716651596338,NA
hsa-miR-744-5p,5214.29802409679,-1.2579853302635775,0.455326445807747,0.001195328040486972,0.010442463469288194
hsa-miR-891b,4.825048000654727,1.4852472434040427,1.2052460646819292,0.011451922028558078,0.0643069467757492
hsa-miR-5680,14.130004125968961,-1.27172259056055,1.037325218001924,0.027577938574522093,0.12725107138839004
hsa-miR-5688,3.6151622757853747,0.3330908623597419,0.9141312220152144,0.4881674681976601,0.7777298517904702
hsa-miR-493-5p,242.704644469482,0.2787926578849438,1.001936665043602,0.5238182689845285,0.783045739983698
hsa-miR-5586-5p,3.634453249616408,0.08580565020321702,0.8676553580775731,0.8569524945653684,0.953863259516217
hsa-miR-3143,1.9679596542286562,0.41512392888704086,0.98328178494527,0.37277160575617324,0.7000578736305089
hsa-miR-483-5p,325.62660549144914,0.23652755681893564,1.0277867109920702,0.568322256918519,0.8119469811603854
hsa-miR-24-1-3p,31040.09862459588,0.3097229707101423,0.2551159008642494,0.18592285726304464,0.45878429003500587
hsa-miR-3910,1.6598466019495748,0.2759787627431882,0.9935103869614831,0.532359870169832,0.7904190614724963
hsa-miR-656-3p,858.707241633124,-0.7406073343804702,0.6887316745067162,0.12613567774444226,0.36227820886600465
hsa-miR-505-3p,835.7689964640541,1.6327076494752226,0.39238355919206325,5.948270413679748e-6,1.3360730467649895e-4
hsa-miR-3148,8.343461978243214,0.8002862757772685,1.2211399270157952,0.0735630466304999,0.2577649153932716
hsa-miR-556-5p,14.4743713998499,0.34889623852598506,0.9617965580328367,0.4543902606721786,0.7744083041806
hsa-miR-3937,0.395983043270195,0.16785033714335276,1.107430189969497,0.618062912890291,NA
hsa-miR-4444,1.7855718345738556,0.310637046280725,1.140634194592818,NA,NA
hsa-miR-1910-5p,0.9738040276655262,-0.2580692008746096,1.075882119069459,0.49701352496269163,NA
hsa-miR-6721-5p,2.339169269609136,-0.5173919622758262,1.0647503407707608,0.24090082644019276,0.5422210888925448
hsa-miR-4684-3p,4.36751581483886,-0.6786143715132393,0.7861619959094271,0.18245710262518172,0.4560851720307904
hsa-miR-181a-5p,180692.01296844066,-0.1628467559345449,0.4119748299834175,0.6337136667623441,0.8527391276249053
hsa-miR-6762-3p,1.0625859877481663,0.3495998603036628,1.1541171548652411,0.31457063351720993,NA
hsa-miR-146b-5p,31756.359345056724,-0.14361401200847945,0.44489415838953866,0.6906012517176796,0.8586891345693081
hsa-miR-5683,31.61770151929541,0.4987215236431156,0.6798464232697755,0.2900364768085205,0.607999589281852
hsa-miR-4650-3p,0.2256528331494425,0.13338931920580957,1.1024848542901915,0.6910710606229579,NA
hsa-miR-484,2346.2709801201686,0.4409775132323449,0.4195240018027528,0.2026040661416329,0.48624975873991894
hsa-miR-767-5p,56.14460480476027,0.3213139754154285,0.9772533343501928,0.4811397020043641,0.7777298517904702
hsa-miR-523-3p,10.966408463838663,-1.017877074387885,0.944882318698329,0.06598711860390177,0.23497851990657706
hsa-miR-4753-3p,0.45667394331987854,0.250398013748011,1.123881423461005,0.4621794174438561,NA
hsa-miR-99a-5p,787791.6893030409,0.4899745601818325,0.42600660541076985,0.16168632061793825,0.4198204355354238
hsa-miR-1193,0.45784286508892974,0.26837977034930166,1.128448199753582,0.43213955462032466,NA
hsa-miR-9903,4.519490533789387,2.506585189187379,1.5009042833976471,5.010360694860422e-4,0.00493154603224464
hsa-miR-652-3p,2977.9346028804043,0.6818982515630483,0.43347731659621536,0.05564667402315645,0.21569241789506657
hsa-miR-4479,0.6062648377186595,0.2503986870023053,1.123881586483519,0.4621782664779581,NA
hsa-miR-6877-5p,5.765533788210239,-0.029998695457738558,0.7419712461945013,0.9496124374343554,0.9844502901686335
hsa-miR-504-5p,1969.974839759194,-1.801232421231879,0.4517380946799046,1.1172581827548235e-5,2.1749292624293897e-4
hsa-miR-499a-5p,1086.7504501210915,-0.8636684946198134,0.42777912087403197,0.015345743664547792,0.08001709196514206
hsa-miR-378d,82.89439685510756,23.655593985210608,3.4646034301397033,4.443668301740763e-12,4.865816790406135e-10
hsa-miR-3685,1.0818801565649778,0.2683795924170595,1.1284481524346086,0.4321398449027697,NA
hsa-miR-10a-5p,999.5767733158641,2.031480752585275,0.6628638729789287,2.0308169617088922e-4,0.0024369803540506708
hsa-miR-190a-5p,331.72201422372314,-1.1335356989228746,0.4552443266253919,0.0030553917300214744,0.022304359629156764
hsa-miR-514b-3p,0.4951822279941146,0.2628905777091083,1.127008643956203,0.441160525932873,NA
hsa-miR-1275,0.1415797697768267,0.13338899902532386,1.1024848139596122,0.6910717569008711,NA
hsa-miR-6741-5p,1.1279809407654657,-0.4412816762089528,1.1137969160928356,0.2634428550289969,NA
hsa-miR-4639-5p,0.7881058260702225,0.14338255789594093,1.0938383756145524,0.677845372152668,NA
hsa-miR-3115,6.530664404724541,0.5501844845551168,0.671006747743305,0.2418695464914317,0.5422210888925448
hsa-miR-6780b-3p,2.27634264066111,-0.933495966879955,0.9652665614517322,0.08559158685973728,0.28508832733509454
hsa-miR-585-3p,33.07380118386621,0.20650249278501573,0.9024212501339464,0.6628680543350502,0.8586891345693081
hsa-miR-675-5p,18.58256544317431,1.1308894860493455,1.0316461277510176,0.04352091934579207,0.1826092269296765
hsa-miR-2115-5p,4.921675404515537,0.6645464063532902,1.1160501736360977,0.13885373373557894,0.38741874169390056
hsa-miR-4687-3p,0.31855448199786013,0.1333895516071665,1.1024848835640224,0.691070555233397,NA
hsa-miR-132-5p,450.998783743215,0.35408566948070236,0.9589325714496358,0.44943197741492896,0.7734821458064397
hsa-miR-1229-3p,19.508505713944395,-1.0220882010504184,0.8513774290728569,0.0614151900972118,0.22991327574853648
hsa-miR-155-5p,2536.4311559409266,1.937052515575251,0.5926451494094385,1.2755258281117962e-4,0.0018938315685185312
hsa-miR-1289,0,0,3.389261151165404,NA,NA
hsa-miR-6788-3p,1.3159591374048973,1.2671489850049282,1.1533634074306296,0.02364056089332064,NA
hsa-let-7g-5p,289939.5669687427,-0.045143946039088084,0.29782879481701435,0.8657220323951654,0.9571670001479625
hsa-miR-561-5p,3.332826903896517,0.4701105106621455,1.0106751811906436,0.3081724303033508,0.6249052058929058
hsa-miR-186-5p,17218.10097332927,0.5327443657968787,0.35729889483762073,0.08256912412425294,0.2813032215863396
hsa-miR-574-3p,1203.4084680237006,0.8556871639903433,0.6264962871151404,0.06500189243244137,0.23480672563923716
hsa-miR-3152-5p,0.6026299747921641,0.04522436926097403,1.0665741343119866,0.9008741777097229,NA
hsa-miR-4460,0.24776459710944673,0.13338938080252843,1.102484862049055,0.6910709266721817,NA
hsa-miR-199a-3p,2976.112009860615,0.01690039303199314,0.45167203516446547,0.9630317305432423,0.9857947991330799
hsa-miR-527,1.6976077169632708,0.33290850861786997,1.0278025200993461,0.4373997510091704,0.7632712786534527
hsa-miR-6809-5p,0.3160704389852423,0.20712412637097122,1.1144760189128349,0.5402382457437329,NA
hsa-miR-27a-3p,26013.191386550632,0.708617256145621,0.41013601075218176,0.03840891641626715,0.167394083485821
hsa-miR-6737-3p,3.917871931753012,-0.17542951407622218,0.7699228960995466,0.7150956652992475,0.8829523739523133
hsa-miR-3622b-3p,0.4518509271240631,0.20712501852146908,1.1144761989162741,0.5402365467208401,NA
hsa-miR-487a-3p,513.0813337746777,-0.2979667856857099,0.5976368039222356,0.4943827810472935,0.7777298517904702
hsa-miR-188-5p,6.404141108045621,0.32613093892464934,0.9745244148743741,0.4764187442280455,0.7777298517904702
hsa-miR-378e,8.858682109370166,0.6793830691494946,0.5852238269476128,0.1211814862916725,0.3503464752194888
hsa-miR-125a-5p,34248.732535908224,-0.057639861204007624,0.39578423691567244,0.862225744415403,0.9560882938074594
hsa-miR-885-5p,174.19820417369974,0.3557771593539025,0.9580010808268522,0.4478210913916623,0.7722269213761737
hsa-miR-516b-5p,17.02985904172248,0.6016487896278636,0.6853417498629276,0.2072590568562333,0.4960626606722961
hsa-miR-6861-5p,0.07078988488841335,0.13338847725912625,1.1024847482372302,0.6910728915561011,NA
hsa-miR-5584-3p,1.1968344425051414,0.15314693922093325,1.0858543680651613,0.6652910666091103,NA
hsa-miR-424-3p,444.7014782456398,1.680034923551844,0.5529926439442397,3.517957891932554e-4,0.003804606312756688
hsa-miR-5100,5.262601491868272,-14.057409274175587,4.755977433656483,NA,NA
hsa-miR-6507-5p,12.893427511556563,-1.0411372779497932,0.9934237220572661,0.059928940844641794,0.22595376482064025
hsa-miR-338-5p,748.7359861901921,0.3443088880292165,0.9643416969370517,0.45879158910912743,0.7777298517904702
hsa-miR-548ap-5p,3.7751148997480506,0.09682320815113674,1.0891273766024818,NA,NA
hsa-miR-1284,2.4970398612665594,0.7000041169716729,0.9777242587932966,0.16978085771280801,0.4317609735395366
hsa-miR-331-3p,162.48600915409259,0.3612973436195472,0.9549715855381108,0.44258034954498293,0.7692467980186608
hsa-miR-4326,13.625417828605954,20.09899505670774,3.479415200204164,NA,NA
hsa-miR-4762-3p,1.0384772436089256,0.14910217912486035,1.0891124788534337,0.6704503299721216,NA
hsa-miR-4781-3p,0.6968067388724979,0.20712535395222542,1.1144762665942654,0.5402359079229737,NA
hsa-miR-3688-3p,11.150777484658551,0.7325331994257198,0.6897695384681706,0.13032710214127757,0.37187798526305915
hsa-miR-6515-3p,3.314579992350857,0.3014404279139763,0.9886475352528902,0.5008553094537223,0.7777298517904702
hsa-miR-373-3p,2.6072458336733892,0.6429484670605554,1.0672270395282564,0.1682833325666581,0.4297848376921064
hsa-miR-3160-3p,0.21993584182092116,-0.035822213405777674,1.0933643815540743,0.9149932574604803,NA
hsa-miR-581,2.7620062884434615,0.18572148364635566,0.9677857690176693,0.6779396304625296,0.8586891345693081
hsa-miR-4504,1.2422227638946208,-0.11633618952508254,1.0301963373450342,0.7713355962669095,NA
hsa-miR-6508-3p,3.0748953817862525,-0.5647842859951422,1.0161198600281436,0.23452143654054403,0.5322299958795766
hsa-miR-6516-3p,12.138128768516893,0.3105350380672061,0.9834045358153758,0.4917848002891571,0.7777298517904702
hsa-miR-6871-3p,0.6226461007092725,0.2071242448612242,1.1144760428197742,0.5402380200892021,NA
hsa-miR-320c,989.2329723513175,2.990856422129743,0.5640516357121991,2.5220076165182274e-9,1.5780561943356909e-7
hsa-miR-450a-5p,2154.597302498338,2.441971823688689,0.5644123447574415,1.1955799593479955e-6,3.7404573013887285e-5
hsa-miR-96-5p,707.907004350831,2.820488805954034,0.79618480197444,6.102032572007376e-6,1.3363451332696152e-4
hsa-miR-6827-5p,1.9392703203444017,0.25703165817666823,1.015051490661698,0.546440697586478,0.79499542629025
hsa-miR-6770-5p,5.1452216167461335,-0.837915051349713,0.8975817023013061,0.11720748319339179,0.34570287972192326
hsa-miR-5001-3p,28.450139771895607,-0.27244102531741515,0.3541000315354332,0.37209702099635966,0.7000578736305089
hsa-miR-24-3p,30940.871082105183,0.30856491244987466,0.2550819868306088,0.18753223480934306,0.46016313079267374
hsa-miR-34a-5p,4378.65562169462,0.12866014629428763,0.5289757386745144,0.750398199063445,0.9033425206514003
hsa-miR-154-5p,234.9124783781315,-0.19637158053441128,0.7361469310306823,0.6801209894401893,0.8586891345693081
hsa-miR-4745-5p,0.3558654394993041,0.13338963104495,1.1024848935702116,0.691070382484757,NA
hsa-miR-4717-3p,0.9182798889805951,0.17033508790020485,1.1057302580186126,0.6148984029478104,NA
hsa-miR-26a-5p,689542.2784758359,-0.035092105122253435,0.3388017707118222,0.9055065719643445,0.969711194426364
hsa-miR-1292-5p,33.266103942769625,0.09542978132328903,0.5732118749123079,0.8220356297431001,0.9385075027647493
hsa-miR-361-3p,276.1998211112242,0.4284834038417841,1.1945701206564303,0.22427978735066387,0.5202447914323345
hsa-let-7e-5p,18054.5601123778,-0.14735006972881268,0.42743865374511714,0.6744978399351929,0.8586891345693081
hsa-miR-4707-5p,0.6806271547794287,-0.11516557310203938,1.0956955924804865,0.7345978428269346,NA
hsa-miR-7111-3p,2.0278156908895317,-0.4156182627322052,0.9176221682815585,0.3942446019631958,0.7186810577597396
hsa-miR-181d-5p,9712.81921031815,-0.47064082142026914,0.315899606243431,0.0911262072806005,0.2978602894694255
hsa-miR-5004-3p,2.6593049769874653,-2.494606555331473,0.9095124276096269,1.3088718808221804e-4,0.0019109529460003833
hsa-miR-1251-5p,56.5136313717935,-0.06763988415044894,0.6055191318756388,0.8770489887835502,0.9603686427179875
hsa-miR-1293,0.44800502181308427,0.1333897848697282,1.102484912946401,0.6910700479711794,NA
hsa-miR-223-3p,312.46353593099974,0.3767876904714922,0.4383232307869573,0.2913053250998342,0.6084775266346334
hsa-miR-4679,52.93109098039966,2.239470539947189,1.5847409540444093,0.0012039826602718122,0.010442463469288194
hsa-miR-372-3p,15.987341956573118,1.1382236518667548,0.8622660107961188,0.041223234819968486,0.17529880438006015
hsa-miR-328-3p,5748.348764254026,-1.4991058925757232,0.4383969829424359,1.1313756278460184e-4,0.001738745701742302
hsa-miR-545-3p,0.8321348999500543,0.021640932668827842,1.0942547876282722,0.9483738593923401,NA
hsa-miR-4654,1.3143653136773394,0.4457038670684913,1.1310656657567522,0.24825740609764343,NA
hsa-miR-541-3p,6.947530534175726,1.2090767561554252,1.167720735685404,0.027239564809142434,0.12692478070642965
hsa-miR-642a-5p,1.0504379923026805,0.15348075031218528,1.0855882733268079,0.6648678390040133,NA
hsa-miR-548ba,208.989009961525,1.2580878635413266,0.8851030317382238,0.027600118223509256,0.12725107138839004
hsa-miR-6770-3p,5.055620612383517,-0.840211470265803,0.8968881644616044,0.11634911787828776,0.34570287972192326
hsa-miR-1294,8.95997552874992,0.8021137829971459,0.7558834225782585,0.11523336334795266,0.34570287972192326
hsa-miR-496,19.142096619537558,-0.8080613099645206,1.0329447897288044,0.11409932230191944,0.34570287972192326
hsa-miR-4688,0.11946800581682246,0.13338888971845828,1.1024848001911343,0.6910719946042275,NA
hsa-miR-7854-3p,3.1529156040476916,2.5112204924395993e-4,0.9692479034183278,0.9995435757394767,0.9995435757394767
hsa-miR-33b-5p,2.331562039048561,0.16201802639372215,1.078921469049197,0.6541642528006862,0.8586891345693081
hsa-miR-6798-3p,7.970461963362763,-0.5834354398044611,0.5487496639004228,0.16314930311060907,0.4215893496309544
hsa-miR-4662b,1.0346381373120357,-0.053456452207611097,1.0913851005252728,0.8745077189624207,NA
hsa-miR-3180,8.948883372170581,0.04201235139154564,1.064694835290441,NA,NA
hsa-miR-206,291.512255299854,2.24147385616788,0.917788468408093,4.95645801967701e-4,0.00493154603224464
hsa-miR-1911-5p,29.185286429536344,1.905717306466727,1.1204276833814193,0.002974825406094693,0.022268529976111125
hsa-miR-1305,7.809333632035055,3.189821047335506,1.5641206176562272,5.4295418196177294e-5,8.974110630160624e-4
hsa-miR-32-5p,908.1789813625874,1.356834765391966,0.40459743746021143,1.5495747338966983e-4,0.002154646772846838
hsa-miR-499b-5p,0.2276791074450718,0.13338933625312213,1.1024848564375096,0.6910710235511648,NA
hsa-miR-365a-3p,798.9578741607676,-0.2813849187408005,0.4113498290363368,0.40952623128758847,0.7351331528850974
hsa-miR-217-5p,446.73656906283117,2.3033256183759736,0.8116942469284907,1.956236564412688e-4,0.002380087820035437
hsa-miR-552-3p,5.556414290214723,0.2959004324718314,0.9918668050356826,0.5064216927483945,0.7777298517904702
hsa-miR-4772-5p,0.36182260954837603,0.13338964245511795,1.1024848950074666,0.6910703576717423,NA
hsa-miR-4662a-5p,13.058064210323039,0.02388302815084598,0.5604963229938421,0.9545081315182269,0.9857947991330799
hsa-miR-769-5p,14193.482198114174,-2.128551929634774,0.44417741262669025,2.505098398509749e-7,9.974846350429728e-6
hsa-miR-4787-3p,53.9641815668628,-0.18560052398078253,0.4543070230205955,0.6121104185082213,0.8497761119068177
hsa-miR-3180-3p,17.888283991835998,0.06806079834774661,0.7189599629950673,0.8850729489441127,0.9631352835714816
hsa-miR-6786-3p,0.9510345119833351,-0.24214862192059183,1.1153132499715448,0.4828214026946262,NA
hsa-miR-345-5p,1226.7392632684878,0.7270669195048742,0.34430509637294227,0.015040147459410536,0.0788932285894828
hsa-miR-654-3p,3154.928874279412,0.46498722722910846,0.6745917432403866,0.32092754099799414,0.637699465471434
hsa-miR-4742-3p,13.654049129488211,-0.410361673195195,0.40964557076487446,0.2275682309028929,0.5218580373584665
hsa-miR-374a-5p,4565.977215771475,0.45149933968653316,0.3917489403316702,0.17004284916796816,0.4317609735395366
hsa-miR-1301-3p,858.1217340516981,-0.7554576166047379,0.2968733307081615,0.004409721958799156,0.030179034655531723
hsa-miR-3617-5p,1.3434026649745063,0.15471055301296208,1.0846120167980846,0.6633114593804368,NA
hsa-miR-324-5p,670.3231588577656,-0.7131873037865377,0.48314306390333744,0.06465083199402609,0.23480672563923716
hsa-miR-130b-5p,233.6023906177429,0.3332800067555248,0.9704999263741594,0.46945050702088215,0.7777298517904702
hsa-miR-544b,0.790936781745347,0.30353585064209593,1.1384250921353787,0.37769074123281293,NA
hsa-miR-518d-5p,0.8234417866605899,0.18397233501580668,1.0319414509416,0.6497231487016074,NA
hsa-miR-19b-2-3p,2541.148387162752,1.47836347794865,0.4461699699516215,1.6647100595079098e-4,0.0022435169417368136
hsa-miR-145-5p,3037.776384413717,-1.2162850909401808,0.5366516415271404,0.00518845059750325,0.03433272883494626
hsa-miR-4667-3p,0.6878284636526596,0.13809362828921606,1.098347495800108,0.6847940817527485,NA
hsa-miR-7-5p,224922.5687606157,-3.3707472759133696,0.585026300266443,3.3831939139372336e-11,2.9636778686090165e-9
hsa-miR-532-5p,7147.862209333503,1.8583672672951304,0.40415823518779326,7.8491320375552e-7,2.644553717268598e-5
hsa-miR-1908-5p,15.315101498968666,0.4762169455787351,0.8518714204373414,0.3417811162424383,0.6668157189941558
hsa-miR-607,2.452957951305879,-0.29322689195549134,1.0426933921063748,0.47655987333379196,0.7777298517904702
hsa-miR-302b-3p,6.556740513515585,0.17692410000502354,0.7996080617954818,0.7140250316717456,0.8829523739523133
hsa-miR-4794,1.4648478800188316,0.3610777846565419,1.158547169238214,0.30024860953869326,0.6184037538367337
hsa-miR-1185-5p,150.48172211242067,-0.09578852742112604,0.59125735286898,0.8244099123517552,0.9385075027647493
hsa-miR-550a-3-5p,41.6736761719288,0.7398443857113899,0.440821509924375,0.04080168493813136,0.17529880438006015
hsa-miR-2276-3p,2.100053778192998,0.2821537740605994,0.9999407370754133,0.5203757372943195,0.7805636059414793
hsa-miR-6861-3p,0.1246164228817675,0.13338892313590295,1.10248480440045,0.6910719219332285,NA
hsa-miR-3130-5p,0.8763073936861718,0.3132315278648633,1.0834945286501572,0.41571516424782395,NA
hsa-miR-1262,25.709210766836517,1.2322678890368177,0.8768448257623869,0.029948445927909885,0.13735517608821496
hsa-miR-425-5p,4076.800431013841,-1.1591282580727815,0.45744853641442734,0.0026171111313786433,0.020288401337059215
hsa-miR-1303,4.247393093304801,0.2985359721446061,1.1386651334330606,NA,NA
hsa-miR-2115-3p,10.5925095393433,1.126318417641332,0.8799351084111584,0.04408288769886775,0.18388861725813405
hsa-miR-1270,23.033030308831417,-0.07980922677096777,0.5911633303693556,0.8533032289303546,0.9517440623456281
hsa-miR-204-5p,6062.539124775947,0.7765077432822184,0.5002191789556983,0.05051028702030907,0.20390327847829834
hsa-miR-3085-3p,48.77346621237935,-1.2811557908085633,0.6757766486100735,0.01175447177765819,0.06558546036451321
hsa-miR-187-3p,142.14167528239025,-0.7653466932723576,0.5344812157273351,0.06540250903336478,0.23480672563923716
hsa-miR-4659a-3p,8.141397532798761,0.921664960051589,0.9059878098006954,0.08984134261469538,0.2958684816935081
hsa-miR-195-5p,3883.1422632263816,0.5583458444292612,0.4966495118604736,0.15320186965952767,0.41140211704211693
hsa-miR-101-2-3p,49912.69704042757,0.14885781694483685,0.4328349081128262,0.6740799607489972,0.8586891345693081
hsa-miR-27b-3p,153207.93680326574,0.05627413820503973,0.28501143780773924,0.827054166922691,0.9385075027647493
hsa-miR-1288-3p,2.1387092346924144,0.061995907433784685,0.8510050954287564,0.8967872517835184,0.966279990851614
hsa-miR-494-3p,2382.656495771583,0.2661634384417938,0.6449317010482517,0.5572283697612426,0.8041714199519744
hsa-miR-337-5p,187.66480002568977,0.8887804138427402,0.7562582228123179,0.0841295061958059,0.282150452274233
hsa-miR-137-3p,1207.2083868961483,-2.529398446648307,0.6817840397822171,9.596845629576443e-6,1.910644720797492e-4
hsa-miR-31-5p,326.34326200186393,-0.5455063895071909,0.71296147950294,0.25930275598171143,0.5692962762906747
hsa-miR-3140-3p,0.5910042940341191,0.13618660132689892,1.1000095810392367,0.6873272317782919,NA
hsa-miR-3171,0.07078988488841335,0.13338847725912625,1.1024847482372302,0.6910728915561011,NA
hsa-miR-378f,0.4952112992278208,-0.22618912827094706,1.1119556885196933,0.5110902153373862,NA
hsa-miR-29b-1-3p,4636.781422261823,-1.115311211095823,0.5123162089165186,0.007380825755863239,0.04546402252849231
hsa-miR-219a-5p,767.8035669246649,-0.14657427082049315,0.5758222166548033,0.7305446849297881,0.8937948938526458
hsa-miR-4636,6.609580854722872,1.6262894305574558,1.0910558121408684,0.008059008516642858,0.04868752731433892
hsa-miR-1278,32.033044558460126,0.9950512799125381,0.40526804643811964,0.0039674336370309924,0.02802799891967056
hsa-miR-539-3p,179.13323077415183,0.28748833017272707,0.9967940621291027,0.5149352899982566,0.7777298517904702
hsa-miR-490-3p,665.6069813047459,-1.090305540584118,0.7209798007226831,0.034241265189290666,0.15382229900419808
hsa-miR-101-3p,48568.313637516934,0.14588199786472875,0.4320124345069677,0.6798303284226472,0.8586891345693081
hsa-miR-548s,3.006971734880104,0.8576213851969995,1.0597261921848804,0.09373002162705088,0.30151118149190625
hsa-miR-6849-3p,0.2561394724068718,-0.004377727419339812,1.0936099028062807,0.9895624613459448,NA
hsa-miR-320a-3p,15927.558427754759,2.061674032200241,0.4454725018648814,5.803101841697926e-7,2.033406885330953e-5
hsa-miR-340-5p,22481.86924948348,-0.30706601672876216,0.3464481659030452,0.30612613742259936,0.6236430148423187
hsa-miR-4652-5p,0.49552919421889347,0.13338985124462638,1.1024849213071732,0.6910699036296655,NA
hsa-miR-6748-3p,0.17657802410268583,0.13338916335179524,1.1024848346584872,0.6910713995495996,NA
hsa-miR-449c-5p,8.904983748627677,0.10486273305255063,0.8913421716530365,0.824082334558036,0.9385075027647493
hsa-miR-134-5p,2302.425456099075,0.10494549292542485,0.48227076856824314,0.7830180871406751,0.9170104870791864
hsa-miR-4795-5p,0.20910361088055324,0.13338927706127954,1.1024848489815735,0.6910711522722044,NA
hsa-miR-326,440.47805958378456,-0.7390887209383512,0.5335539766987883,0.07434514109900513,0.25900065927542726
hsa-miR-151b,3055.747868378547,-0.5259038055357357,0.3425442365742502,0.07656667896238448,0.26406460933483783
hsa-miR-3681-5p,5.599963379224451,-0.1597588146758333,0.9089150519181497,0.7335203509172501,0.8958226028916323
hsa-miR-3612,3.833168222118197,0.31709430495850605,0.8791837240739,0.5141695026267331,0.7777298517904702
hsa-miR-519b-5p,1.139951944460174,0.13339041599277068,1.1024849924446682,0.6910686755062402,NA
hsa-miR-92b-3p,32259.348215322945,2.0322289865313077,0.4929667801011999,5.3026830654691825e-6,1.2554460446894606e-4
hsa-miR-6774-5p,0.4667729281586084,0.16785065375792543,1.107430239864318,0.618062262000915,NA
hsa-miR-940,17.17557001786514,-0.29369208089055854,0.6905320507238292,0.5305665993039934,0.7890939575387067
hsa-miR-1256,0.7334032315937489,-0.20921430099356697,1.0722397818550442,0.5765596946573746,NA
hsa-miR-376a-2-3p,300.3524200498952,0.0322586307915458,0.5427093794983853,0.9373948883338853,0.9804012843437621
hsa-miR-653-3p,16.386017364214155,1.8423275450848846,0.7645692381092868,0.0014792052431293822,0.012580425174576105
hsa-miR-15a-5p,781.0613033734304,0.634415056851824,0.35487199404453296,0.03788498297535232,0.16593622543204314
hsa-miR-95-3p,9539.182439201957,-0.63238084597037,0.47160830112750757,0.09435827567216201,0.30151118149190625
hsa-miR-4646-3p,8.59583064722612,-0.8482352184844822,0.6298426446655894,0.0680742852022023,0.24045594289165004
hsa-miR-148a-3p,54558.93063046228,1.166608697074347,0.5256139512015795,0.00621691458739115,0.039179979701832
hsa-miR-5687,0.06508795117249182,0.025374405419756337,1.0944046815187112,0.9394731615338523,NA
hsa-miR-3913-5p,40.99689271882082,0.24934995074808589,0.6064951410839879,0.5700312710201336,0.8119469811603854
hsa-miR-377-3p,132.49467995971682,0.2933303420412536,0.993368095623306,0.5090143051820621,0.7777298517904702
hsa-miR-196a-5p,2.5608665600423164,1.3695652895490187,1.2798916602024788,0.014541188190427141,0.07720049002917682
hsa-miR-3605-3p,98.24236739606471,0.3113331841786104,0.550902563361745,0.45386680127005985,0.7744083041806
hsa-miR-4783-3p,2.424860991087708,-1.0365674883420235,1.0888906576314237,0.052626005699910744,0.20859900901865075
hsa-miR-3660,0.4208760084376662,0.19400511039061188,1.1119287368882622,0.5655686985809634,NA
hsa-miR-6885-5p,0.12244762072155374,0.1333889028292178,1.1024848018425866,0.6910719660930111,NA
hsa-miR-3684,0.2888975495315739,-0.11138967171433903,1.096128854062246,0.7423529088938464,NA
hsa-miR-518f-5p,0.8865065211456962,0.17803305911811698,0.9837144045625261,0.6842784215458354,NA
hsa-miR-578,4.650033548013319,0.7232564444789024,0.9672299250761822,0.16061843353542532,0.4198204355354238
hsa-miR-222-3p,3985.260590618803,-1.668567104454101,0.6797716221512438,0.0018090702595076568,0.01509281473646388
hsa-miR-3177-3p,24.737430301019472,-0.39490656742530605,0.5113562249373894,0.31986276300934485,0.637699465471434
hsa-miR-770-5p,2.509850113996192,0.16939239805309964,1.0733514196772778,0.6450971937884336,0.8579265638176068
hsa-miR-26b-5p,73594.61001759145,0.33392823678903527,0.3521682966715049,0.2716368207915659,0.5766992454558048
hsa-miR-874-3p,1497.34811772632,-0.4352024543544139,0.5639688112127433,0.30374286848279936,0.6216793289507763
hsa-miR-597-5p,12.515529508625178,0.3088948339158998,0.5942718388759385,0.4774240745411176,0.7777298517904702
hsa-miR-6774-3p,0.48982444109802603,0.032806923498938545,1.0915300214697938,0.9225311164060482,NA
hsa-miR-3923,4.6031741235454735,0.07593470188907962,0.9956174970649223,NA,NA
hsa-miR-4647,0.31183262470413964,0.05553197276457454,1.0954416047212823,0.8681364639187982,NA
hsa-miR-219a-3p,45197.965416703286,-0.13320643151762615,0.5716511700595943,0.7532552548427344,0.9041688436198685
hsa-miR-4643,0.23397936878305453,0.20712279897659888,1.1144757510947416,0.5402407736566865,NA
hsa-miR-4645-3p,3.923180653462062,0.3113390297425508,0.9559962921076454,0.5026902720575636,0.7777298517904702
hsa-miR-3943,32.746815765826774,-1.023235767465537,0.8263998893318976,0.058907841955038995,0.22595376482064025
hsa-miR-4536-3p,3.7020925044347552,-0.19471170112453098,0.8746415198082486,0.684329885448699,0.8586891345693081
hsa-miR-6742-3p,2.198892673188835,-0.7404612660563431,0.9629109216763406,0.1534087111816117,0.41140211704211693
hsa-miR-4738-3p,2.176861561035587,0.007685773332351109,0.8955338223605317,0.9869249015002347,0.9935948652748929
hsa-miR-183-5p,1519.9238633597988,2.5914784859699873,0.775571350441447,2.4104156359918545e-5,4.3092328512833966e-4
hsa-miR-5691,0.4202569612810829,0.16785007897173904,1.107430149284727,0.6180634436341379,NA
hsa-miR-6821-5p,0.27541199043316794,0.13338945636481953,1.10248487156706,0.6910707623513084,NA
hsa-miR-194-5p,1318.7298699621817,0.5713402132094245,0.4281552644711609,0.10446170074883614,0.31773767311104323
hsa-miR-7157-3p,7.055398266100706,-0.5503072473034604,0.7815031459125283,0.27111819063118414,0.5766992454558048
hsa-miR-671-3p,70.77922217016928,0.32504586535807195,0.9751387509632454,0.4774799733187583,0.7777298517904702
hsa-miR-6509-3p,0.10232152643980609,0.1940035578753372,1.1119284471329391,0.5655717367521268,NA
hsa-miR-6132,0.5751852526937001,-0.0924853077076754,0.9800857242657782,0.8314985852828647,NA
hsa-miR-421,406.75915668378093,-0.05204347051482828,1.0839313930075096,0.8804264634013035,0.9616628203734935
hsa-miR-4433b-3p,0.592921599143699,0.3276373654197925,1.1462288344659588,0.3435285653459231,NA
hsa-miR-1298-5p,506.9050055030693,1.4811562724598717,0.9336749576895292,0.012946249903221579,0.07088071822013814
hsa-miR-624-5p,16.542695845548327,0.6712173136930198,0.5636792057002127,0.11660019232157022,0.34570287972192326
hsa-miR-299-3p,101.11822847600779,0.2947519861238761,0.992537718050427,0.5075790259218462,0.7777298517904702
hsa-miR-1538,0.8728051856513408,0.3492375087636785,1.0908380240348277,0.3672248688136356,NA
hsa-miR-7848-3p,0.14933500727102808,0.13338904121214076,1.10248481927354,0.6910716651596338,NA
hsa-miR-23c,13.69204091990626,-1.7450826042565,1.5884078127773538,0.004531929022544912,0.03053822941345648
hsa-miR-548b-5p,4.771376492827009,0.3198926875550022,0.9780597873743699,0.4825373772797599,0.7777298517904702
hsa-miR-128-1-3p,155094.49467781527,-1.3493481558622185,0.6817153487250448,0.00884011691494217,0.05267988039108395
hsa-miR-4686,0.33002052919859115,0.20712421970739148,1.1144760377446612,0.5402380679925167,NA
hsa-miR-3938,5.103288619677149,-0.04021495465866027,0.7217538283963896,0.931991951647716,0.9783061274648055
hsa-miR-7110-3p,4.241390181683506,-0.06087256571711446,0.901482229867438,0.8964976482352035,0.966279990851614
hsa-miR-6729-5p,0.4941694173573375,0.1333898526834466,1.1024849214884112,0.6910699005007496,NA
hsa-miR-129-5p,18109.512854234075,-1.4643221836885325,0.6945098301812974,0.005570117083421746,0.036413601231921264
hsa-miR-34c-5p,2317.6031624885213,0.4668322710047794,0.6068791986276431,0.29173580044126257,0.6084775266346334
hsa-miR-376a-5p,68.85074449135094,0.300646861023006,0.9891086554570265,0.5016501013698837,0.7777298517904702
hsa-miR-1250-5p,324.6559140173721,-0.763266614692608,0.5589161832706917,0.07450703896964346,0.25900065927542726
hsa-miR-221-3p,16376.451130229041,-1.6608891410301887,0.675268279115283,0.0018077306450351841,0.01509281473646388
hsa-miR-4741,0.5901205139314051,0.20712398663539944,1.114475990719409,0.5402385118582156,NA
hsa-miR-25-3p,11491.430286111226,1.7265240494784255,0.33188223216907414,4.2042469434217445e-8,1.9768879165891884e-6
hsa-miR-892b,9.112938243660146,2.4393454937751065,1.9281381156053894,9.205623297520503e-4,0.008228700008804041
hsa-miR-219b-3p,1.1047610429090637,0.254842626241164,1.0163920957806496,0.5487494399211419,NA
hsa-miR-1306-5p,14.125329441891491,0.31788968723921,0.9791999658812818,0.48450953755394083,0.7777298517904702
hsa-miR-503-5p,298.8893472708584,2.6009622631242832,0.5863614343601588,5.18527450922386e-7,1.9749132478609138e-5
hsa-miR-616-5p,1.0811021389929585,-0.18771191829910336,1.073930415449335,0.6117997719432381,NA
hsa-miR-5010-3p,197.2762599999809,-1.573871178583892,0.3764528493700378,5.561097418827622e-6,1.2819792997086836e-4
hsa-miR-3126-3p,0.4529598327286433,0.13338979194468237,1.1024849138375823,0.6910700325856999,NA
hsa-miR-643,0.7945352977042694,0.0555326802188517,1.0954416379523841,0.8681348033355998,NA
hsa-miR-516a-5p,44.15788834655946,-1.0989502112550094,0.674795080443941,0.027067461784921552,0.1267973076127876
hsa-miR-4665-5p,0.5937754049372386,0.41328416701671244,1.118194536123914,0.2829159420203719,NA
hsa-miR-3132,0.2941711837317792,0.021640065546595325,1.0942547705475067,0.9483759245550438,NA
hsa-miR-1306-3p,66.66258571224907,0.07614201360855606,0.35395510356366944,0.8032719578461955,0.9303148432910828
hsa-miR-224-5p,175.40860127866978,1.3244575710139772,0.7500749960004408,0.01429434321863073,0.07635271133853976
hsa-miR-3127-3p,7.461485681975627,0.5296323704785556,0.6811372364378023,0.26272042425110537,0.5724952528456924
hsa-miR-625-3p,424.7111431287073,0.07443972813841285,0.44968336142590376,0.8377457315272882,0.9406168219264599
hsa-miR-589-5p,275.3277547466757,0.4167756913374844,0.4721005205879,0.26799662641739674,0.5754171915508777
hsa-miR-1323,2.7137816210866936,0.05125040624480202,0.9622305949073403,0.907979428979886,0.9699877802272929
hsa-let-7i-5p,283559.5801828868,0.4747886711443743,0.26966019042278927,0.052340919568928314,0.20841202519264185
hsa-miR-125b-5p,119710.82103936479,-0.1125735256485406,0.27265497606747247,0.6501827908974284,0.8586891345693081
hsa-miR-3613-5p,619.9989373617956,1.2091192663269343,0.48961943719756407,0.002992213951488867,0.022268529976111125
hsa-miR-105-5p,333.213764439197,0.5150565506249793,0.5209003355567514,0.20139766855171157,0.4846823012398333
hsa-miR-592,393.7809217030176,-0.6327584636729215,0.4519207273030154,0.08438746403635737,0.282150452274233
hsa-miR-3941,0.08370473880614895,0.11281761311096149,1.1000999342689473,0.7364288413511606,NA
hsa-miR-875-5p,0.38051578141047165,0.13338967366194243,1.1024848989383615,0.6910702898081165,NA
hsa-miR-577,350.16453887506054,0.37561610165542036,0.45800799198050995,0.3077477628151655,0.6249052058929058
hsa-miR-376c-3p,632.5196349747079,0.24413861474375517,0.5552911407851588,0.5584009984069294,0.8045382805994575
hsa-miR-3122,0.24776459710944673,0.13338938080252843,1.102484862049055,0.6910709266721817,NA
hsa-miR-942-5p,6.733952766546586,0.32908935312516213,0.9728551738524114,0.4735297230433102,0.7777298517904702
hsa-miR-2681-3p,2.6437151479077876,0.30138867497539606,0.9886774289395714,0.500907209071102,0.7777298517904702
hsa-miR-301b-3p,76.17444463382448,1.3439106332011894,0.5596807407161135,0.0031375119821573042,0.022714549556775192
hsa-miR-651-5p,147.04210091015474,-0.40736125191610106,0.4278539274856079,0.24579641752215095,0.5492797493607251
hsa-miR-588,0.4468630027059049,0.28402615660523917,1.132729937475617,0.40719133267191615,NA
hsa-miR-6854-5p,0.4872966917394907,0.2071249006885937,1.1144761751418288,0.5402367711231133,NA
hsa-miR-1197,248.65773660669979,-0.9737054676207817,0.6497760496194187,0.04232427153134261,0.17911140995872527
hsa-miR-6720-3p,0.5685463756115071,0.1333899448174471,1.1024849330938822,0.6910697001424809,NA
hsa-miR-5089-3p,0.7283356084184989,-0.14309283374732193,1.0639240416774467,0.7013662416002624,NA
hsa-miR-4632-3p,0.6898266292525104,0.1678512138465795,1.1074303281281894,0.6180611105836273,NA
hsa-miR-7978,37.93106279467693,0.31967935305433043,0.6063510206215023,0.4673901187284585,0.7777298517904702
hsa-miR-376b-3p,66.45678572795819,0.07005638086821955,0.5800401786312205,0.8696957746003451,0.9593284965941846
hsa-miR-6769b-3p,0.3305677600430611,0.2365906909728271,1.1206608844815127,0.48619318572788145,NA
hsa-miR-6819-3p,0.0650511735557348,0.1333885121219454,1.10248475262859,0.6910728157418881,NA
hsa-miR-4488,13.867989171705165,0.1333921012512176,1.102485204727257,0.6910650106829427,0.8586891345693081
hsa-miR-199b-3p,2975.758988924215,0.016899932460636365,0.45169325080246453,0.9630339250254463,0.9857947991330799
hsa-miR-7976,11.877163779865972,1.0836979340463908,0.8329110307239175,0.04783664255501766,0.19546906576765277
hsa-miR-6758-3p,0.7174695903312868,0.1333901035028649,1.102484953082389,0.6910693550589071,NA
hsa-miR-3690,5.50680420982879,0.09797977142723328,0.9140798282879946,0.8331415169235019,0.9392946831724422
hsa-miR-877-3p,39.89139504584074,-0.41309848676633937,0.8340168856296419,0.40499949631442866,0.731504244889566
hsa-miR-329-3p,2243.9491232439036,-0.8435011583697878,0.6041147536549235,0.0625382981965879,0.2324408185938762
hsa-miR-4515,0.8400575349998891,0.43833917890131163,1.1232455617265829,0.25909029376416115,NA
hsa-miR-214-5p,65.62047259320741,0.19351959755012185,0.5674334207242357,0.6467359527688405,0.8583949918568248
hsa-miR-6501-5p,2.6367139947099862,1.791759053035712,1.3395596353800332,0.004171635765111149,0.02887603354186912
hsa-miR-3620-5p,5.633230068765972,-0.10046379818169328,0.8928826699882358,0.831167797237272,0.9392655503390976
hsa-miR-576-3p,149.66280309845482,0.3091696776248313,0.984189545071763,0.4931407435144682,0.7777298517904702
hsa-miR-7850-5p,0.1792020087252337,0.13338916484815316,1.1024848348469718,0.6910713962955568,NA
hsa-miR-4750-5p,2.442472809790374,-0.015351565680368046,0.9033987517996872,0.9737664709508977,0.9895817036577568
hsa-miR-517a-3p,14.687055244153294,0.15058578282940807,0.565443958838156,0.7206748910987594,0.884189362188394
hsa-miR-6505-3p,5.6620471798675736,-1.2081575162263734,1.393706269278419,0.019588307084305038,0.09666864685736394
hsa-miR-3145-5p,0.9131447066080851,0.24958303412515312,1.0311736745424345,0.5464445215325106,NA
hsa-miR-3677-3p,3.3110540999420133,0.1349206469715102,0.8698681818240883,0.7773403620937209,0.9170104870791864
hsa-miR-4683,1.359107038259499,-0.42657512269946124,0.9756515929280162,0.36475659359352464,NA
hsa-miR-6765-3p,0.6553570374048778,-0.28108014583370955,1.0849490468671132,0.45607407220696505,NA
hsa-miR-3934-5p,2.3632443788635014,0.5006532596044104,1.024815213650048,0.275931824629418,0.5838557448680439
hsa-miR-4503,0.0487883801668011,0.13338836892143086,1.1024847345908921,0.6910731271520274,NA
hsa-miR-7158-5p,0.14933500727102808,0.13338904121214076,1.10248481927354,0.6910716651596338,NA
hsa-miR-3151-5p,9.288159062336552,0.3743891373624013,0.8632544623952618,0.44693880497276667,0.7722256275269105
hsa-let-7b-5p,108205.48842309226,0.1978085328856635,0.25209833093296224,0.39423965147252915,0.7186810577597396
hsa-miR-548z,4.132916234489514,0.47795365249140664,1.1519603148624344,0.21358824522732922,0.5063606041143598
hsa-miR-3912-3p,50.36631203910933,-1.2891618589925962,0.5453240381409761,0.003683823668195712,0.026236012466174338
hsa-miR-627-3p,4.360286302143562,0.2988467936037902,0.9901522881768049,0.5034573260772643,0.7777298517904702
hsa-miR-3065-5p,379.7906103811187,1.7839028262832715,0.5355665623736587,1.2438453730945656e-4,0.001878635425570413
hsa-miR-944,4.923498734122225,0.5311684509966101,0.879599314089653,0.29273281357453973,0.6091067569864531
hsa-miR-4425,4.709221823697619,1.9504170545666435,1.10722361163089,0.002510127749272355,0.01963278489609449
hsa-miR-500a-3p,847.9744173582959,1.822898092216552,0.44283540997579324,6.53238059704906e-6,1.3956988787841408e-4
hsa-miR-23b-3p,22076.00745672909,0.012811115075376247,0.788130832578259,0.9786814565857183,0.9910120205719787
hsa-miR-7705,2.023329874162615,0.3553621960098434,1.08328954382891,0.3671339671815353,0.7000578736305089
hsa-let-7c-5p,97510.55680881593,0.330541727029896,0.3420355432922337,0.2657553629965526,0.5754171915508777
hsa-miR-6756-3p,2.0047637230381126,0.24066952139216075,0.8707330117141832,0.6176270651677551,0.8513392697801475
hsa-miR-149-5p,10547.67024475258,-0.18837532766303366,0.3944133298968763,0.5693925020517729,0.8119469811603854
hsa-miR-2114-5p,1.1370158215536121,0.2071253733082166,1.1144762704996198,0.5402358710612343,NA
hsa-miR-6739-3p,9.039546952970138,0.21030715480846582,0.4157856177686038,0.5408888879662057,0.79499542629025
hsa-miR-140-5p,5261.226582335086,0.33839220750357196,0.9676386719727025,0.46449595229156654,0.7777298517904702
hsa-miR-6793-5p,1.6156781637575304,-0.2618185644911629,1.05094466499141,0.51341405527715,0.7777298517904702
hsa-miR-520a-3p,1.7740233722567995,0.5582441717711517,1.1897701199057293,0.15392987746800121,0.41140211704211693
hsa-miR-100-5p,199893.6394483647,0.2794060836714876,0.3502946901317407,0.3559856403619329,0.683867151221608
hsa-miR-599,0.029867001454205615,0.13338796701168204,1.1024846839659166,0.6910740011630505,NA
hsa-miR-433-3p,2006.7350293580123,-1.715666838150251,0.5298611528393206,1.801764931569854e-4,0.0022874580870365104
hsa-miR-570-3p,1.0220036798773142,0.2327497767516049,1.0301757307838726,0.5724225509381351,NA
hsa-miR-6776-3p,0.11387633133929291,0.025375125996757793,1.0944046980169684,0.9394714466497018,NA
hsa-miR-889-3p,2138.411014843888,-0.7491457038477506,0.667768802721119,0.11601659336551869,0.34570287972192326
hsa-miR-670-3p,10.223102841626277,0.010971715734764546,0.801413749190035,0.9817588065104687,0.9910120205719787
hsa-miR-7156-5p,1.9776432157585677,-0.9109680332399375,1.0865627086633673,0.07579797900229851,0.26244675733602174
hsa-miR-4660,1.2551967524696543,0.34250237045440307,1.151484573136573,0.3237043315031174,NA
hsa-miR-3200-3p,494.0817500940705,-0.9540758438748856,0.4287899025353768,0.007940027886026662,0.048301836306662196
hsa-miR-7703,0.06691611032817062,0.13338851683530378,1.10248475322229,0.691072805492013,NA
hsa-miR-1226-3p,65.3032998249342,-0.2932711939245005,0.6447410776036628,0.5181936687793711,0.7799616045545174
hsa-miR-511-5p,13.647915003500277,-0.3865553329391868,0.885102550794804,0.4310532709051415,0.7567187681621321
hsa-miR-362-5p,420.7189394219429,1.432846867934385,0.38242573991588713,3.424562707962656e-5,5.999833864350574e-4
hsa-miR-2278,2.691928673967018,0.2453395929808653,0.9001323513321505,0.6068608258455819,0.8451670642936879
hsa-miR-1914-5p,0.4945835419835074,0.13338985420466837,1.1024849216800288,0.6910698971926398,NA
hsa-miR-4699-3p,0.28538683605785375,0.13338947882518704,1.102484874396223,0.6910707135080703,NA
hsa-miR-6855-3p,0.7699349715927124,0.08783072636524901,1.0688191793832487,0.8089757141609757,NA
hsa-miR-2116-5p,7.270454645873061,-0.28173566115778725,0.7948490892178881,0.5627028317942564,0.8067556148146785
hsa-miR-2113,33.1521049130173,-1.1322944726304056,0.6353809475161007,0.018691567887182327,0.09410237625960757
hsa-miR-1843,244.39088566525876,-0.7366793147410384,0.9691893859849032,0.15414856588636824,0.41140211704211693
hsa-miR-3940-3p,15.255176969825188,0.4117678965194328,0.5957874573329424,0.3460579911080894,0.6721658541256903
hsa-miR-34b-3p,57.591607678650945,0.8377691195348399,0.7068250771487486,0.090872497009303,0.2978602894694255
hsa-miR-548au-5p,5.482078126010489,0.7763765187793522,1.396863313794252,0.05986981695532673,0.22595376482064025
hsa-miR-320d,441.76025246680217,2.4137137862222713,1.0815330786600592,3.706385161077077e-4,0.003959504147687219
hsa-miR-29b-2-3p,4641.255683906297,-1.1169879723305356,0.512018838482882,0.007279284483970684,0.04522449083658382
hsa-miR-144-3p,1220.6642713601286,0.20129316623384436,0.5787477839145215,0.6374843963436057,0.8551858058146992
hsa-miR-126-3p,47624.727793513695,-0.5269604919897339,0.40712579241571617,0.11986909975094448,0.3488549215343102
hsa-miR-196b-5p,5.512851986639031,0.9109665139809108,1.1460385290172457,0.06540278659357747,0.23480672563923716
hsa-miR-4695-3p,0.7742944885153179,-0.07490397914475351,1.0659238421308534,0.8375069961819485,NA
hsa-miR-708-5p,6870.602524067084,0.14902927985137612,0.6185446229786066,0.7363092335364398,0.8958226028916323
hsa-miR-659-5p,19.648542508577556,-0.43251230547710473,0.4962309068414071,0.2666870582311984,0.5754171915508777
hsa-miR-4768-5p,0.1415797697768267,0.13338899902532386,1.1024848139596122,0.6910717569008711,NA
hsa-miR-487b-3p,2995.290147271497,-0.8431407013400136,0.6113606325862982,0.06462013862834493,0.23480672563923716
hsa-miR-4440,4.627872948781403,0.2765174264010035,0.9878502442847764,0.5345721879910837,0.7923608065654643
hsa-miR-6879-3p,2.1649360979647883,-0.5485956836354379,0.9350593346890183,0.2718913109283646,0.5766992454558048
hsa-miR-512-3p,3.955590062710949,0.4113187366675777,0.9689130427249957,0.38284190617527186,0.7065074593443411
hsa-miR-4757-3p,0.1519420300409734,0.028384105025033073,1.094536097922749,0.9323013834686903,NA
NovelmiRNA-3476,0.2090690101794393,0.13338926929560518,1.1024848480033922,0.6910711691597633,NA
NovelmiRNA-508,0.45364635476545234,0.3111799596130942,1.1408061526497595,0.3665836484850349,NA
NovelmiRNA-369,0.2276791074450718,0.13338933625312213,1.1024848564375096,0.6910710235511648,NA
NovelmiRNA-2775,7.9775970735130315,0.18559057722179195,1.0616189544688182,0.625695531458875,0.8513392697801475
NovelmiRNA-2216,0.40905448492212865,0.26837914576452804,1.1284480336528715,0.43214057358179514,NA
NovelmiRNA-3021,0.5529349752237458,0.13338993091319676,1.1024849313424612,NA,NA
NovelmiRNA-3351,1.5573774675450938,0.1333906256095536,1.1024850188487618,NA,NA
NovelmiRNA-903,98.06614959140424,0.2540346706491582,0.9966633621762059,0.5615191248528486,0.8067556148146785
NovelmiRNA-1471,0.5491029451092712,0.13338992273188763,1.1024849303119189,0.6910697481706163,NA
NovelmiRNA-33,0.3584040174504674,0.13338963402995208,1.1024848939462104,0.6910703759934501,NA
NovelmiRNA-1997,2.342025247858182,-0.7860751999545313,1.15668069232695,0.08919731858757798,0.29485604182157854
NovelmiRNA-2238,0.9990931574647082,-0.33343432662806927,1.140610303874066,0.3417024208042471,NA
NovelmiRNA-1598,1.9113268919871607,0.1333907639085448,1.1024850362694323,NA,NA
NovelmiRNA-3646,10.737268896169759,-19.737353895106637,3.427296451879605,NA,NA
NovelmiRNA-1153,8.500653782818292,-0.5559719007053264,0.9559827742976702,0.2615786444765654,0.5724738758435464
NovelmiRNA-14,1.1056727101520392,-0.7215214065442351,1.0921939063868304,0.12669361237266785,NA
NovelmiRNA-3023,2.7496760359997756,-0.2303349487308929,1.1127993121150501,NA,NA
NovelmiRNA-816,0.11152685054695102,0.13338885318081106,1.1024847955887946,0.6910720740605552,NA
NovelmiRNA-2625,0.49914791359942223,-0.16343163540517297,1.1015408241349713,0.6318870109916643,NA
NovelmiRNA-924,0.6375310493101368,0.1333900258426066,1.102484943300059,0.6910695239419612,NA
NovelmiRNA-2288,0.7455854696295153,-0.2149101374171909,1.1097603242940306,0.5316891662371765,NA
NovelmiRNA-1425,0.8871581290265143,0.3015301925889718,1.137814548622051,0.3806470105165691,NA
NovelmiRNA-1309,2.356924553204904,-0.06956349659882533,0.913746304021454,NA,NA
NovelmiRNA-2073,0.29867001454205616,0.1333895107239872,1.1024848784142744,0.6910706441396312,NA
NovelmiRNA-2369,0.45073280853897385,0.13338979265757395,1.10248491392738,0.6910700310354174,NA
NovelmiRNA-3277,4.557335675815924,-2.5215691586889752,1.417117897469155,4.28912740637171e-4,0.004368925125560021
NovelmiRNA-3680,0.388271018904673,0.13338968814544266,1.1024849007627426,0.6910702583117105,NA
NovelmiRNA-964,0.3089930743897403,0.13338954054692823,1.1024848821708468,0.6910705792854431,NA
NovelmiRNA-3703,5.2928089911379645,0.13339145141214054,1.102485122870313,0.691066423845224,0.8586891345693081
NovelmiRNA-1921,0.39172421170369554,0.13338969804704376,1.1024849020099747,0.6910702367792885,NA
NovelmiRNA-1280,26.366619218735256,3.754326345843893,3.1457972744285763,2.9445957558748025e-4,0.003373310599674508
NovelmiRNA-204,0.557490493631505,0.13338993170822014,1.1024849314426046,0.6910697286503267,NA
NovelmiRNA-378,1.485509008710274,0.13339059564744726,1.1024850150746228,0.6910682848223462,0.8586891345693081
NovelmiRNA-3706,99.13037209377893,-0.12926450405347917,0.8259945037191325,0.7882759745858949,0.919480364496996
NovelmiRNA-2955,1.2627544630570344,0.059364943861896,1.0683968855182218,0.8697103592439677,NA
NovelmiRNA-1369,3.4696670339803894,0.13339116650083366,1.1024850869816123,0.6910670434235,0.8586891345693081
NovelmiRNA-607,0.3176011413887581,0.13338955585805565,1.1024848840994754,0.6910705459892398,NA
NovelmiRNA-2759,0.4461074021878041,0.13338978465349502,1.1024849129191636,0.6910700484414088,NA
NovelmiRNA-3143,7.239646113051641,-2.456042197022398,1.7852573372078653,7.779501008361289e-4,0.007098794670129676
NovelmiRNA-3682,0.6140341112925075,0.13338999772570576,1.1024849397583674,0.6910695850860848,NA
NovelmiRNA-2190,0.6170234743313453,0.13339000153389546,1.1024849402380588,0.6910695768046448,NA
NovelmiRNA-461,0,0,3.389261151165404,NA,NA
NovelmiRNA-216,0.23893601163364492,0.13338935971847066,1.1024848593932581,0.6910709725224458,NA
NovelmiRNA-2733,21.473311990178694,0.006827773183036909,0.9454956053586298,0.9879236617059723,0.9935948652748929
NovelmiRNA-1440,114.24556547578482,-20.47946003634063,3.4238165426374403,NA,NA
NovelmiRNA-194,1.2937114663446319,0.13339050191264112,1.1024850032674423,NA,NA
NovelmiRNA-2555,3.3777268167633094,0.3037719563143282,0.9872985178504474,0.49852207726810005,0.7777298517904702
NovelmiRNA-852,1.0677973407064834,0.15384338815371412,1.0852997747607074,0.6644084069809962,NA
NovelmiRNA-2058,19.4252848398796,0.2953904271070426,1.0052224286630667,0.49955881421292797,0.7777298517904702
NovelmiRNA-58,0.1415797697768267,0.13338899902532386,1.1024848139596122,0.6910717569008711,NA
NovelmiRNA-3622,0.20074833098451184,0.13338924758782433,1.1024848452690332,0.6910712163664082,NA
NovelmiRNA-470,0.325255867778674,0.133389574903751,1.1024848864985197,0.6910705045716934,NA
NovelmiRNA-1255,1.1326381582146137,0.13339041047259587,1.1024849917493273,NA,NA
NovelmiRNA-950,12.267957764258627,21.04837364616465,3.470620627852803,NA,NA
NovelmiRNA-3539,1.2632426465524376,0.13339048476820797,1.1024850011078677,0.6910685259445464,NA
NovelmiRNA-548,2.9152705767408085,-1.1336686741026274,1.1849381941942325,0.032536461155542096,0.1476784454520978
NovelmiRNA-1366,0,0,3.389261151165404,NA,NA
NovelmiRNA-644,0,0,3.389261151165404,NA,NA
NovelmiRNA-2289,29.10540238122771,0.03387885133182777,1.0257277636389095,0.9325178269784391,0.9783061274648055
NovelmiRNA-2496,3.7220020793194015,-0.040998817931375726,0.9655173958353875,0.9260003402234467,0.97681745087673
NovelmiRNA-2735,33.88917025801458,0.13339270388244917,1.1024852806380518,0.6910637001816045,0.8586891345693081
NovelmiRNA-2327,1.918129061186791,0.25612049492249495,1.015609094098746,0.5474008596933384,0.79499542629025
NovelmiRNA-2639,5.366233009985223,0.1972544181255456,1.10187088203272,NA,NA
NovelmiRNA-1359,0.30585212196181555,0.1333895276457787,1.1024848805457856,0.6910706073408106,NA
NovelmiRNA-3665,0.21709993257556018,-0.00772660762543363,1.0935769310313488,0.9815821639798786,NA
NovelmiRNA-1469,3.8600726095043365,1.1225529590372159,1.1673924430477345,0.03479443718477349,0.15550983149929376
NovelmiRNA-52,1.0284795968880356,0.11484292111464658,1.0715447200128598,0.7517371105530871,NA
NovelmiRNA-539,0.08922148043756081,0.1333887037565403,1.1024847767671015,0.6910723990049887,NA
NovelmiRNA-1532,8.057561188513612,0.17114438505896631,1.0720516255018133,0.6429652435686365,0.8579265638176068
NovelmiRNA-1497,0.9001830138849987,0.1333902560619687,1.1024849722992336,0.6910690232979275,NA
NovelmiRNA-814,0.3277779681461497,0.13338957559043435,1.1024848865850163,0.6910705030784038,NA
NovelmiRNA-323,1.5316926739647545,-0.206847877512464,1.1082795842082103,NA,NA
NovelmiRNA-2948,0.4059678603083039,-0.08586487226560799,1.0653426552993246,0.8147834382881732,NA
NovelmiRNA-1917,0.6586689536875953,-0.19130657621011476,1.1056301683088916,0.5764076924245796,NA
NovelmiRNA-3132,1.579358647408347,0.13339063606468118,1.102485020165729,0.6910681969295049,0.8586891345693081
NovelmiRNA-3626,0.8676574271071312,0.13339023111412715,1.1024849691567198,0.6910690775504726,NA
NovelmiRNA-2719,3.440119688956467,0.13339116068144985,1.1024850862485776,0.6910670560785419,0.8586891345693081
NovelmiRNA-2877,1.0196761217252028,0.38119282620508455,1.1668403378759353,0.2764670085907583,NA
NovelmiRNA-1011,1.4626793967168643,0.13339058390614014,1.1024850135956443,0.6910683103554363,0.8586891345693081
NovelmiRNA-1930,0.8526776298689192,-0.22839627695381842,1.112402337806547,0.5071189836941802,NA
NovelmiRNA-2065,0.2927302810008066,0.13338950434391747,1.1024848776106253,0.691070658013992,NA
NovelmiRNA-1492,6.46894603063949,-0.041274016408745146,1.0846164872163007,NA,NA
NovelmiRNA-3411,0.45807026889218605,-0.15978256123983134,1.1010675387629176,0.6393522418764024,NA
NovelmiRNA-2695,0.1301023471114696,0.13338896342060486,1.1024848094747792,0.6910718343284031,NA
NovelmiRNA-2634,1.6847077072358103,0.5132472140264306,1.1551819387694042,0.19101004750315245,0.46668521212502057
NovelmiRNA-207,1.0291115019105823,0.15243852277577272,1.0864202402482006,0.6661906965997654,NA
NovelmiRNA-1694,1.4324056072859837,-0.38363965225986146,1.1035170122505413,0.3211460005375081,0.637699465471434
NovelmiRNA-932,0,0,3.389261151165404,NA,NA
NovelmiRNA-3547,0.24535907120329223,0.13338938244614393,1.1024848622560885,0.6910709230979075,NA
NovelmiRNA-2559,1.2461245834302301,-0.5079312220312155,1.1209230678205893,0.21277478077253018,NA
NovelmiRNA-819,1.489466272162053,0.13339059627351843,1.102485015153485,0.6910682834608679,0.8586891345693081
NovelmiRNA-2141,2.6211024306872095,-0.3506076651178369,0.9749105930498165,0.4467920502794981,0.7722256275269105
NovelmiRNA-1581,0.2114163140561381,0.13338928675529763,1.102484850202653,0.6910711311911893,NA
NovelmiRNA-1067,1.4721544272197535,0.1333905890048084,1.1024850142378912,NA,NA
NovelmiRNA-94,0.10618482733262004,0.13338880168560774,1.1024847891023815,0.6910721860442286,NA
NovelmiRNA-2374,0.3436247539309291,0.1678500000655328,1.107430136850071,0.618063605847921,NA
NovelmiRNA-2525,0,0,3.389261151165404,NA,NA
NovelmiRNA-3311,2.5054103723116867,-0.3883651845602933,0.9308359667513311,0.41998877228299647,0.7477848872355791
NovelmiRNA-3578,0.24776459710944673,0.13338938080252843,1.102484862049055,0.6910709266721817,NA
NovelmiRNA-730,15.308581293102717,-0.36474389092037235,1.1519212098883664,0.3014365329774946,0.6184037538367337
NovelmiRNA-3303,3.0674356701375767,-0.4037315248325473,1.0279020960926195,0.35940732455444435,0.688929576170007
NovelmiRNA-3493,20.260178650613167,-0.0816458792096608,1.0502599259234604,0.8300921736428692,0.9392655503390976
NovelmiRNA-2503,0.7432937913283402,0.13339012570196265,1.102484955878659,NA,NA
NovelmiRNA-1498,0.2279903888920348,0.13338932996889893,1.1024848556459343,0.6910710372170972,NA
NovelmiRNA-1871,2.065265881062184,-0.055014643281843585,1.065676884972082,0.8799916018605262,0.9616628203734935
NovelmiRNA-3568,1197.5355787705632,0.10532839188528194,1.0873647936748225,0.7612848772714446,0.9048650644366152
NovelmiRNA-1461,0.2831595395536534,0.1333894715975185,1.1024848734858081,0.6910707292256549,NA
NovelmiRNA-1632,0.9395860141731225,0.13339028668708308,1.1024849761568762,0.6910689566993673,NA
NovelmiRNA-250,0.9661968618888688,0.13339030526451226,1.1024849784969522,0.6910689163001715,NA
NovelmiRNA-3289,2.2423792127371223,0.5087959171036841,1.2359404476644889,0.16153990469242127,0.4198204355354238
NovelmiRNA-2304,0.7137718435004865,0.13339010117397682,1.1024849527890348,NA,NA
NovelmiRNA-2209,1.9579866993081871,0.163301037544386,1.0779405030718623,0.652575408278226,0.8586891345693081
NovelmiRNA-3621,4.42178029139796,-0.256885479216887,1.0126640282659034,0.5481475313690765,0.79499542629025
NovelmiRNA-290,0.5760292279711744,-0.20684941782511698,1.108279880422258,0.5467189237998082,NA
NovelmiRNA-731,8.064090392635517,0.3025723663862137,1.1399862792346989,NA,NA
NovelmiRNA-2455,0.19154300687736692,0.19400442546402294,1.1119286090559588,0.5655700389364406,NA
NovelmiRNA-2660,2.569574895909301,-1.0947138121072593,1.1646434833400232,0.03781860658438213,0.16593622543204314
NovelmiRNA-2969,1.210129428883841,0.1333904558641761,1.1024849974670121,0.6910685888003567,NA
NovelmiRNA-2886,0.9973404357219319,0.2683793874655277,1.128448097930235,0.4321401792652237,NA
NovelmiRNA-1136,1.334473568394419,0.1584569353144057,1.0816715280954765,0.6586009926935021,NA
NovelmiRNA-3265,1.476127895872268,0.1601797240994686,1.080335770795313,0.6564497756572059,0.8586891345693081
NovelmiRNA-609,0,0,3.389261151165404,NA,NA
NovelmiRNA-2705,0.1788907272782707,0.13338917530293648,1.1024848361638777,0.6910713735601468,NA
NovelmiRNA-995,0.3584040174504674,0.13338963402995208,1.1024848939462104,0.6910703759934501,NA
NovelmiRNA-3422,37.17643084472754,-0.1456531858144093,0.5309390983404213,0.7193971609209422,0.8838925361736295
NovelmiRNA-3779,0.6924037506431626,0.13339007887814658,1.1024849499805816,0.6910694086087867,NA
NovelmiRNA-895,0.6037630886537596,0.13338998726255785,1.1024849384403972,0.6910696078396602,NA
NovelmiRNA-1279,0,0,3.389261151165404,1,NA
NovelmiRNA-1816,9.096500208161117,0.5128314007942213,1.2482616017699324,NA,NA
NovelmiRNA-151,4.567669934742987,-1.3972377894487982,1.3202130732057442,NA,NA
NovelmiRNA-2357,1.309900388573726,0.13339051073696284,1.1024850043789858,0.6910684694719036,NA
NovelmiRNA-1984,0.6439766659502285,-0.20866298854384718,1.1086065844161723,0.5433152483072294,NA
NovelmiRNA-11,1.1368432229912175,-0.7352280633071675,1.0954877357115782,0.12090918578005354,NA
NovelmiRNA-3712,0.24776459710944673,0.13338938080252843,1.102484862049055,0.6910709266721817,NA
NovelmiRNA-676,0.4461074021878041,0.13338978465349502,1.1024849129191636,0.6910700484414088,NA
NovelmiRNA-1988,0.162627933889337,0.13338911180297303,1.1024848281652952,0.6910715116498334,NA
NovelmiRNA-1553,0.22305370109390205,0.13338931838357274,1.102484854186621,0.6910710624110281,NA
NovelmiRNA-3274,0.2831595395536534,0.1333894715975185,1.1024848734858081,0.6910707292256549,NA
NovelmiRNA-1932,0.7517401065090915,0.21876206942580095,1.0391722714463616,0.5877964391618575,NA
NovelmiRNA-3297,0.6563149841424115,0.1333900433247428,1.1024849455021632,0.6910694859246183,NA
NovelmiRNA-2497,607.4297658216623,-0.2803696893458228,1.1168345175200978,0.4266792120352942,0.755092908571551
NovelmiRNA-674,0,0,3.389261151165404,NA,NA
NovelmiRNA-2332,4.530552632858455,0.5868974194772553,1.3086288245474904,NA,NA
NovelmiRNA-1026,11.699676764592757,-0.22921898884141909,1.0774243214143628,0.539434817524705,0.79499542629025
NovelmiRNA-3827,0.1319672838839054,0.1333889694101266,1.10248481022923,0.6910718213033349,NA
NovelmiRNA-2406,0.37387127931019076,0.16785021236027933,1.107430170305158,0.6180631694167185,NA
NovelmiRNA-1696,1.5867964249828768,-2.737675545725932e-4,1.0893687580620086,0.9993556515902691,0.9995435757394767
NovelmiRNA-1805,75.34911833611415,23.881469855806245,3.4643499985240416,2.770826461650352e-12,3.4674914005795833e-10
NovelmiRNA-3058,0.34745839470885725,0.133389613923556,1.1024848914135559,0.6910704197176363,NA
NovelmiRNA-240,8.1076994206245,0.18556688242671898,1.0616356891355454,0.6257234296023615,0.8513392697801475
NovelmiRNA-652,0,0,3.389261151165404,NA,NA
NovelmiRNA-2381,1.1583639361619609,5.946626288406393e-4,1.0870019409049128,0.9986103803346893,NA
NovelmiRNA-3586,0.5440290857453484,0.1333899170727001,1.1024849295990709,0.6910697604773106,NA
NovelmiRNA-3806,0,0,3.389261151165404,NA,NA
NovelmiRNA-2569,58.998389620603355,0.7263455233575188,1.1941451658561342,0.09540748784380411,0.3017218749139798
NovelmiRNA-362,0.13383222065634123,0.1333889754053807,1.1024848109844025,0.691071808265801,NA
NovelmiRNA-3022,0.994306459053091,-0.14467377680008364,1.0992590631915706,NA,NA
NovelmiRNA-2290,3.953400546582593,-0.4503231326091472,1.1908777183218728,NA,NA
NovelmiRNA-2767,0.8359647592707943,0.1333902067611045,1.1024849660891323,0.6910691305095029,NA
NovelmiRNA-606,0.3176011413887581,0.13338955585805565,1.1024848840994754,0.6910705459892398,NA
NovelmiRNA-402,0.4181380203588786,0.133389738239745,1.1024849070727578,0.6910701493746176,NA
NovelmiRNA-1858,0.7214007583992602,0.14371943951200047,1.0935558200716065,0.6774065044113511,NA
NovelmiRNA-2718,0.5041465950569447,0.13338986887351822,1.1024849235277596,NA,NA
NovelmiRNA-1605,0.0813139669446685,0.13338865247787013,1.1024847703079768,0.6910725105177986,NA
NovelmiRNA-3157,0.8030753803478515,0.09376454743222695,1.0979336638743225,0.7796489375565607,NA
NovelmiRNA-1168,0.46198971272754696,0.1333898068830205,1.1024849157192578,0.6910700001001904,NA
NovelmiRNA-3423,64.04867608021678,-0.1588894136082033,0.8936983869601427,0.737078172248516,0.8958226028916323
NovelmiRNA-2502,0.7610136615898396,-0.1735331673942458,1.1029255379628287,0.6114611322325971,NA
NovelmiRNA-1833,1.0232584019386994,-0.07457224865342715,1.0940371678139489,NA,NA
NovelmiRNA-122,0.46013425177468686,0.13338980103574694,1.1024849149827185,0.691070012815906,NA
NovelmiRNA-3382,7.080453455957259,-0.1497078569470137,0.9651642970681091,0.7371562223484478,0.8958226028916323
NovelmiRNA-1972,0,0,3.389261151165404,NA,NA
NovelmiRNA-483,0.40671694519037055,-0.13381761827578223,1.098109306869275,0.6937323997752529,NA
NovelmiRNA-1484,3.414713838898218,0.5706206672665911,1.1552449991326321,0.16198551051480964,0.4198204355354238
NovelmiRNA-3365,0.5213393498332172,-0.2339706629015866,1.1135556261965336,0.4971770331967235,NA
NovelmiRNA-2710,0.7521818708057771,0.07191101378125397,1.0702322697251025,0.8420348742635715,NA
NovelmiRNA-2429,3.211199030047404,0.13339111437202594,1.1024850804152437,0.6910671567846887,0.8586891345693081
NovelmiRNA-2026,1.3520372691460822,0.37889243991071014,1.165857024729262,0.2791028213858328,NA
NovelmiRNA-789,1.5757221510651214,-0.06642935842882954,1.0748732986944687,0.8519330915667864,0.9517440623456281
NovelmiRNA-823,1.1366707962425862,0.13339041459036755,1.1024849922680164,0.6910686785559598,NA
NovelmiRNA-2825,0.9738406627051635,-0.173829766290609,1.024171319391959,0.6716318547178555,NA
NovelmiRNA-350,1.8905069039717202,-0.21367457698013453,1.0401046961995355,0.5952300926798333,0.8346576729121344
NovelmiRNA-3304,1.086906966046032,-0.24338569325533407,1.1155859919318536,0.48067379901931406,NA
NovelmiRNA-3717,99.13037209377893,-0.12926450405347917,0.8259945037191325,0.7882759745858949,0.919480364496996
NovelmiRNA-1538,0.4159107238546783,0.13338973374597832,1.1024849065067106,0.6910701591469439,NA
NovelmiRNA-3633,0.45864032203186617,0.1333898039650798,1.1024849153517056,0.6910700064456612,NA
NovelmiRNA-2431,2.9934711298496173,0.13339106756980734,1.1024850745198378,0.6910672585624912,0.8586891345693081
NovelmiRNA-2954,0.2759851205076099,0.13338945831943622,1.1024848718132685,0.6910707581007185,NA
NovelmiRNA-1720,4.601342517746868,0.6364474984023715,1.3561820394904274,NA,NA
NovelmiRNA-1688,1.7263033285082596,0.3243360663958564,1.1048944758195416,0.3827860024154477,0.7065074593443411
NovelmiRNA-1652,1.2810909985225483,0.2899038043241036,1.1343899418317691,0.39812825657116896,NA
NovelmiRNA-2193,0.21236965466524008,0.13338927586451743,1.1024848488308265,0.6910711548747333,NA
NovelmiRNA-225,1.7898512795527757,0.13339072049148656,1.1024850308004515,0.6910680133318058,0.8586891345693081
NovelmiRNA-2743,6.117779789645136,0.3135930865829313,0.9816522061973787,0.4887535262724011,0.7777298517904702
NovelmiRNA-2021,13.045902782786337,0.18495127133980485,1.0620709090426181,0.6264486863537603,0.8513392697801475
NovelmiRNA-1424,0.8871581290265143,0.3015301925889718,1.137814548622051,0.3806470105165691,NA
NovelmiRNA-2306,0.1788907272782707,0.13338917530293648,1.1024848361638777,0.6910713735601468,NA
NovelmiRNA-215,1.047501494994504,0.1333903581135987,1.102484985154005,0.6910688013725101,NA
NovelmiRNA-353,0.29867001454205616,0.1333895107239872,1.1024848784142744,0.6910706441396312,NA
NovelmiRNA-1558,3.1402506788004327,0.29426797601965726,0.992818861391707,0.5080681982829935,0.7777298517904702
NovelmiRNA-624,0.06691611032817062,0.13338851683530378,1.10248475322229,0.691072805492013,NA
NovelmiRNA-322,3.3476940622892,0.09920495413486015,1.0752564927014816,0.7816823593561042,0.9170104870791864
NovelmiRNA-2716,2.4380466067088307,0.2967766389295275,0.9913560563660023,0.5055393413573976,0.7777298517904702
NovelmiRNA-3371,2.7844039400816887,-0.2936560348171664,1.0569023832220863,0.46439627442490367,0.7777298517904702
NovelmiRNA-3615,0.1463651405004033,0.1333890416867959,1.1024848193333285,0.6910716641274286,NA
NovelmiRNA-2975,625.4105886758794,-25.843514675039547,3.420831156460697,1.9092403925003713e-14,4.1812364595758136e-12
NovelmiRNA-841,1.660258648321297,-0.04432187103972276,0.9255542801662447,0.9231987773060434,0.9767175470049445
NovelmiRNA-1764,0.3089616095284043,0.03171340202931369,1.0654803084278621,0.9305180373600096,NA
NovelmiRNA-2598,0.2114163140561381,0.13338928675529763,1.102484850202653,0.6910711311911893,NA
NovelmiRNA-1826,0.6852666068102484,0.26838039796065144,1.1284483666597729,0.43213853072288394,NA
NovelmiRNA-2132,0.5519723007756104,0.13338992591888765,1.102484930713363,0.6910697412400393,NA
NovelmiRNA-1735,361.798364523608,0.5562453960582076,1.2820906572198032,NA,NA
NovelmiRNA-3471,1565.297093427528,-0.013343240767905017,1.0314052824280446,0.9730522093711246,0.9895817036577568
NovelmiRNA-896,0.6336300901079652,0.13339001980146817,1.1024849425390986,0.6910695370792594,NA
NovelmiRNA-3474,0.22576309238783449,0.13338932040746818,1.102484854441555,0.6910710580097812,NA
NovelmiRNA-1797,31.351290895018003,0.3755185479519337,1.1384444832472385,0.3011936404798877,0.6184037538367337
NovelmiRNA-498,0.0650511735557348,0.1333885121219454,1.10248475262859,0.6910728157418881,NA
NovelmiRNA-3520,0.408155486360477,0.13338972024976614,1.1024849048066905,0.6910701884963514,NA
NovelmiRNA-854,0.22682317738272617,0.24251923949543816,1.1220137784526376,0.4757822053497153,NA
NovelmiRNA-79,47.89403795717653,0.4444316986259127,1.2035650649069574,0.20948025866611203,0.5000128245000386
NovelmiRNA-1965,0.3471134714849151,0.1333896169274964,1.10248489179194,0.6910704131851453,NA
NovelmiRNA-1573,0.20074833098451184,0.13338924758782433,1.1024848452690332,0.6910712163664082,NA
NovelmiRNA-2581,2.8199224998662413,-0.39551504650284697,1.1008538620491937,0.312113790870977,0.6256560201441096
NovelmiRNA-393,14.468102647343722,0.316606698288163,0.9799312215471839,0.48577490449066996,0.7777298517904702
NovelmiRNA-859,59.51254062639756,0.35007662380438315,0.9611442108210256,0.45326032837537455,0.7744083041806
NovelmiRNA-742,1.126347736394902,0.13339040792665421,1.1024849914286317,0.6910686930471261,NA
NovelmiRNA-494,4.329367723744124,0.5646269266061669,1.276567928833295,NA,NA
NovelmiRNA-1579,3.36910943369139,-0.8498222449017918,1.2048947903822185,0.06682580948185377,0.2370016563000158
NovelmiRNA-280,41.10797129847938,23.294085041341642,3.464874148162352,9.359405029482547e-12,9.109820895363012e-10
NovelmiRNA-2786,129.01196504863867,0.6507656665487106,1.1957682099890177,0.11690548788779276,0.34570287972192326
NovelmiRNA-845,0.7466750363551403,0.1333901299398438,1.102484956412476,NA,NA
NovelmiRNA-1058,0.37146858111428177,0.1678496488261478,1.1074300814991274,0.6180643279189998,NA
NovelmiRNA-217,0.4457874734429904,0.13338978204174476,1.1024849125901803,0.6910700541210258,NA
NovelmiRNA-495,3.7980876309343,-0.2214262187988949,1.046673308660146,0.5779507425553532,0.8192311496415686
NovelmiRNA-3526,0.8207850619975675,0.13339019423753315,1.1024849645116221,0.6910691577437489,NA
NovelmiRNA-3544,1.7410918795305612,-0.5505307923739364,1.1471923427736643,0.17523715499115008,0.43985028014970623
NovelmiRNA-1022,0.40928610575922436,0.3015279742269761,1.1378138765758399,0.38065028997565853,NA
NovelmiRNA-3537,104.59603335989856,-0.15200442870819275,0.7569926243426521,0.7507230080299309,0.9033425206514003
NovelmiRNA-853,65.29596727682484,0.0648780470036509,1.0644219413729354,0.8593436668230796,0.9544087388051569
NovelmiRNA-625,2.1316293458555107,-1.0849604440398488,1.1385566808547076,0.041141595084905794,0.17529880438006015
NovelmiRNA-2180,0.0487883801668011,0.13338836892143086,1.1024847345908921,0.6910731271520274,NA
NovelmiRNA-2235,14.327520975650588,0.3463693256059646,1.155914548412975,NA,NA
NovelmiRNA-2166,2.3107343934128353,0.13339089224132436,1.1024850524347385,0.6910676398382299,0.8586891345693081
NovelmiRNA-3017,0.7413104391772425,-0.2870678371641616,1.1264120818085837,0.40895157865188003,NA
NovelmiRNA-2963,0,0,3.389261151165404,NA,NA
NovelmiRNA-3130,1.579358647408347,0.13339063606468118,1.102485020165729,0.6910681969295049,0.8586891345693081
NovelmiRNA-1069,12.95089934864539,0.18125512912550343,1.0646994994385857,0.630823324078895,0.8519636829170255
NovelmiRNA-1638,340.05717892806126,0.7430344765093888,0.2673731717882168,0.002227185990117686,0.017903784468168562
NovelmiRNA-1973,0.0975767603336022,0.13338877281050365,1.102484785465232,0.6910722488372689,NA
NovelmiRNA-315,0.5954347210851163,0.133389977436061,1.1024849372026218,0.6910696292087493,NA
NovelmiRNA-3628,112.67276591936071,0.20088917477840004,1.0610732640008047,0.5999830496677612,0.838253830157829
NovelmiRNA-3433,1.482755138247133,0.15473886548214122,1.0845896634553651,0.6632756415991763,0.8586891345693081
NovelmiRNA-1927,1.321822700938249,0.133390515091522,1.102485004927502,0.6910684600023136,NA
NovelmiRNA-392,58.08914053547482,-0.047496891165663774,0.3807251071148481,0.8830356019546638,0.9631352835714816
NovelmiRNA-2234,0.5137080026650646,0.1333898778858939,1.1024849246629849,0.691069845694501,NA
NovelmiRNA-3557,6.367196280732013,-4.079504565039208,1.0961023491148398,1.4056071933559869e-8,8.208746009198963e-7
NovelmiRNA-102,1.1503474401302216,-0.32240554898283486,1.136965775960624,0.35686792126685807,NA
NovelmiRNA-1691,0.5043304831407297,-0.16582104757203447,1.1018584615346738,0.6270234524524023,NA
NovelmiRNA-1924,0,0,3.389261151165404,NA,NA
NovelmiRNA-966,0.23596614486302014,0.13338935680836259,1.1024848590266945,0.6910709788508873,NA
NovelmiRNA-1028,2.688891203450224,0.4828217340294843,1.2193506674631696,NA,NA
NovelmiRNA-2753,0.5497352561373037,0.1333899218118957,1.102484930196034,0.6910697501712674,NA
NovelmiRNA-2170,0.2741201837351741,0.13338945454035886,1.1024848713372468,0.6910707663188554,NA
NovelmiRNA-880,0.3584040174504674,0.13338963402995208,1.1024848939462104,0.6910703759934501,NA
NovelmiRNA-2187,16.087764625317124,-0.021068244239211543,0.7784065372220266,0.964905904921138,0.9857947991330799
NovelmiRNA-863,6.34186284179811,-0.76258406782243,0.8238359831243444,0.14376061253211933,0.39354467680667665
NovelmiRNA-3629,220.2133163762872,0.08866889629942204,0.9760436520258565,0.8391685212002203,0.9406168219264599
NovelmiRNA-1767,0.9009437058884866,-0.20400947337205605,1.1077756653573922,0.5520745334305688,NA
NovelmiRNA-357,0.26766444131268247,0.13338944094938754,1.1024848696252953,0.691070795874341,NA
NovelmiRNA-1052,8.1076994206245,0.18556688242671898,1.0616356891355454,0.6257234296023615,0.8513392697801475
NovelmiRNA-330,0.7318257025020165,0.1333901192979706,1.1024849550719913,NA,NA
NovelmiRNA-1881,1.239147368614719,0.15238527209712746,1.1040004283401663,0.6512629882293295,NA
NovelmiRNA-2495,1.2663306973237214,-0.33004872398738455,1.1394731702439318,0.34630306102657127,NA
NovelmiRNA-352,2.872971526609214,-1.296013728191328,1.2189936352289903,0.019455264170378114,0.09666864685736394
NovelmiRNA-3349,0.0650511735557348,0.1333885121219454,1.10248475262859,0.6910728157418881,NA
NovelmiRNA-2510,0.40627484536010006,-0.1696412698281936,1.1023790535047837,0.6192885680166991,NA
NovelmiRNA-1734,3273.75901861298,29.153624430948252,3.4637739726938475,1.424537916315024e-17,6.239476073459805e-15
NovelmiRNA-1894,1.150897567201784,0.13339042235600326,1.1024849932462035,0.691068661668511,NA
NovelmiRNA-1161,1781.210460732289,24.75983790380965,3.464120274675546,NA,NA
NovelmiRNA-1561,0.32344036382572217,0.1333895641197773,1.102484885140143,0.6910705280229623,NA
NovelmiRNA-1443,0.1951535206672044,0.13338923333072303,1.1024848434731782,0.6910712473704956,NA
NovelmiRNA-1321,151.3007655713478,0.7349506128684298,0.785444083449392,0.1515612141683096,0.41140211704211693
NovelmiRNA-3397,3.2493777980757392,-0.21889696916926524,0.6412887400422131,0.6277642780649679,0.8513392697801475
NovelmiRNA-747,1.3383222065634124,0.133390524762522,1.1024850061456963,NA,NA
NovelmiRNA-54,0.4324078432274001,-0.11487649768637692,1.096401801634629,0.7347010677157503,NA
NovelmiRNA-1191,0,0,3.389261151165404,NA,NA
NovelmiRNA-1192,2.088301604208194,0.13339082369877167,1.1024850438008444,NA,NA
NovelmiRNA-2501,8.203365772992669,0.25869692462161475,1.0824374850656533,0.48997429613187055,0.7777298517904702
NovelmiRNA-3691,0.8781908430024198,0.13339024191934992,1.1024849705177817,NA,NA
NovelmiRNA-1656,0.36447350649832194,0.13338964486276095,1.1024848953107396,0.6910703524359842,NA
NovelmiRNA-1634,0.62720703053831794,0.13339001219164381,1.1024849415805413,NA,NA
NovelmiRNA-3566,0.8245624106201951,0.2071245816565426,1.1144761107727092,0.5402373786916601,NA
NovelmiRNA-2443,1.8368824759270117,-0.4035882371179266,1.0614174167834058,0.33574632963158496,0.6618854830464164
NovelmiRNA-746,1.5646429466227747,0.06922537674435443,0.9839731083025041,0.8725075642310887,0.9593284965941846
NovelmiRNA-528,886.0844311839176,0.436632164793481,1.1991016437547288,0.21659944757538904,0.507329187369093
NovelmiRNA-3469,0.7290652329232826,0.1333901162398003,1.1024849546867743,0.6910693273606677,NA
NovelmiRNA-1252,0.3539494244420668,0.13338962312695105,1.1024848925728394,0.6910703997035592,NA
NovelmiRNA-1107,0,0,3.389261151165404,NA,NA
NovelmiRNA-1560,0.6872718111619052,0.1398572233141339,1.096827942537314,0.6824647598913538,NA
NovelmiRNA-3794,0.5204093884458784,0.13338989019347064,1.1024849262132834,NA,NA
NovelmiRNA-3030,0.2991671635168465,-0.08303791564880235,1.0943893815399244,0.805718321532928,NA
NovelmiRNA-3540,3.1566711499741302,0.2707802506759842,1.113072269117912,NA,NA
NovelmiRNA-846,3.318979155294968,-0.4726345626070773,1.2031755243980433,NA,NA
NovelmiRNA-449,2.6071687298208954,-0.42076315084906535,1.1760017198752086,NA,NA
NovelmiRNA-1610,0,0,3.389261151165404,NA,NA
NovelmiRNA-3770,8.148016388854106,-3.598930099791628,1.6518260851640432,1.6082952605707013e-5,2.9975886133190094e-4
NovelmiRNA-1082,1.7586904116401856,0.16487699069221934,1.076742607235106,0.6506304386812483,0.8586891345693081
NovelmiRNA-2286,1.1038339280177558,0.13339039511811307,1.1024849898152227,0.6910687209010709,NA
NovelmiRNA-679,121.7837564295001,-0.30787805018902803,1.1252753873863448,NA,NA
NovelmiRNA-1770,0.08960100436261685,0.1333886940457604,1.1024847755439193,0.6910724201224696,NA
NovelmiRNA-788,0.6505757381126098,-0.19783262542083022,1.1067100839287642,0.563830053878571,NA
NovelmiRNA-69,0.3345805516408531,0.13338959104031142,1.102484888531123,0.69107046948047135,NA
NovelmiRNA-1885,1.4776307452274702,0.25848506348929245,1.0141634050734045,0.5449114621282072,0.79499542629025
NovelmiRNA-2529,1.7067023123869423,0.1645732599974994,1.07697285737473,0.6510047444467232,0.8586891345693081
NovelmiRNA-1410,1.9183507307352026,-0.007634991673129637,1.0712436249824095,0.9829635753060554,0.9910120205719787
NovelmiRNA-900,1.301737211273874,0.15839758414474106,1.0817177125152195,0.658675279251273,NA
NovelmiRNA-3439,0.7350049664645322,0.14409168388961943,1.0932443031574401,0.6769220079403218,NA
NovelmiRNA-2526,0.406661778765235,-0.06788646201304778,1.0938141566167234,0.8403322330457098,NA
NovelmiRNA-2784,0.08922148043756081,0.1333887037565403,1.1024847767671015,0.6910723990049887,NA
NovelmiRNA-3261,3.216434635799599,-0.7010953201850162,1.2268219821142923,0.09499667362073759,0.30151118149190625
hsa-miR-106b-3p,643.8069998043832,0.09548949190526272,1.0865510398395422,0.7828901711864493,0.9170104870791864
hsa-miR-5696,0.10232152643980609,0.1940035578753372,1.1119284471329391,0.5655717367521268,NA
hsa-miR-4729,0,0,3.389261151165404,NA,NA
hsa-miR-3679-3p,6.385926442131052,0.22403096427653194,0.6623873500988787,0.6250864418794475,0.8513392697801475
hsa-miR-873-3p,131.81417764307886,0.05958658129316585,0.9580245562719112,0.8936611727507071,0.966279990851614
hsa-miR-586,0.1428578527343228,0.20712279897659888,1.1144757510947416,0.5402407736566865,NA
hsa-miR-3190-3p,1.148829464535054,0.15758845358630816,1.0563916441141872,0.6796255765471592,NA
hsa-miR-4800-3p,0.3226802009474807,0.16784880125984591,1.1074299479334526,0.6180660703314369,NA
hsa-miR-6872-5p,1.1257807874571786,0.07809182881997498,1.0483380553464596,0.8380342766174006,NA
hsa-miR-7108-5p,0,0,3.389261151165404,NA,NA
hsa-miR-518e-3p,0.34874614317718455,-0.011859832827999819,1.090937904716719,0.9719646019756598,NA
hsa-miR-767-3p,122.91552082401006,0.7666056899142071,0.8012758487683853,0.1388391073967417,0.38741874169390056
hsa-miR-4433b-5p,5.758292197367122,-0.04084519155846066,0.9310931001672537,0.9288686490642877,0.97681745087673
hsa-miR-548f-3p,2.2896294614403145,0.5436510008207672,1.2604931984550127,0.13932715309671675,0.38746217813563133
hsa-miR-4467,0.37700665703271374,0.035241628367338296,1.0918544832938084,0.9167424764045217,NA
hsa-miR-4793-3p,0.1303348374583043,-0.03582327506277278,1.093364415770049,0.9149907494488244,NA
hsa-miR-4699-5p,0.3201048399875092,-0.16294158480093168,1.1014764633768779,0.6328868877171063,NA
hsa-miR-483-3p,14.496003378904714,0.1793579499393444,0.598113186695481,0.6800850837825763,0.8586891345693081
hsa-miR-3138,0.3226802009474807,0.16784880125984591,1.1074299479334526,0.6180660703314369,NA
hsa-miR-3121-3p,0,0,3.389261151165404,NA,NA
hsa-miR-6866-3p,24.596967469698598,-0.4741043321230572,0.3832722668534283,0.14305361218436993,0.3928368786003388
hsa-miR-519b-3p,9.73636737890888,-0.4615687305351649,0.7210489968618315,0.33852230030964237,0.6634128301370172
hsa-miR-4498,0.09351153851753481,-0.004379229396756273,1.0936099082225312,0.989558880535692,NA
hsa-miR-1245b-5p,0,0,3.389261151165404,NA,NA
hsa-miR-493-3p,218.2105804467423,0.045695185940203366,0.30377103347979423,0.866223577534867,0.9571670001479625
hsa-miR-3120-3p,3.8290127458101204,-0.2795785690894402,0.8167136572686977,0.5663777229027094,0.8106975249391722
hsa-miR-6516-5p,29.895059523482466,-0.9772152148351458,0.7378742174868502,0.05732086229009732,0.2212029751811685
hsa-miR-5579-3p,1.3224359536696944,0.48304746586016306,1.1971230083434712,0.188807026192076,NA
hsa-miR-3691-5p,0.7754247530999442,-0.19767878980118916,1.1062102583171012,0.56458035515967675,NA
hsa-miR-3160-5p,0.1303348374583043,-0.03582327506277278,1.093364415770049,0.9149907494488244,NA
hsa-miR-199a-5p,2237.1428024123434,0.016030828181278593,0.4616844424302667,0.9654517360896768,0.9857947991330799
hsa-miR-4476,0,0,3.389261151165404,NA,NA
hsa-miR-6825-5p,0,0,3.389261151165404,NA,NA
hsa-miR-9985,13.158260295396055,-21.3874463359301,3.422149250492008,NA,NA
hsa-miR-32-3p,0,0,3.389261151165404,NA,NA
hsa-miR-2276-5p,4.1629536518118,0.3804797563850957,0.8371644520990247,0.44099850648976385,0.768021255835056
hsa-miR-627-5p,5.551190222536847,0.5043798574237125,0.6386412332006843,0.2693162654518948,0.5754171915508777
hsa-miR-3914,0,0,3.389261151165404,NA,NA
hsa-miR-3157-3p,8.79631844960291,0.33988674999348956,0.4945275275648736,0.38095890424411283,0.7065074593443411
hsa-miR-6818-3p,0.4883826422764228,0.2683770914562792,1.12844748733803,0.4321439250382015,NA
hsa-miR-1913,0.15121545158848412,0.20712279897659888,1.1144757510947416,0.5402407736566865,NA
hsa-miR-4658,0.3226802009474807,0.16784880125984591,1.1074299479334526,0.6180660703314369,NA
hsa-miR-4733-5p,0,0,3.389261151165404,NA,NA
hsa-miR-509-5p,9.079110577273887,-0.021746407296977414,0.8339212206177782,0.9637960236487602,0.9857947991330799
hsa-miR-4717-5p,0.2544032734933683,0.16784880125984594,1.1074299479334526,0.6180660703314368,NA
hsa-miR-3675-5p,0.9040305364644773,0.04410168899485347,1.0888059960691079,0.896979713662325,NA
hsa-miR-3917,0,0,3.389261151165404,NA,NA
hsa-miR-4780,0,0,3.389261151165404,NA,NA
hsa-miR-4790-3p,0.08688989163886952,0.02163843924054406,1.0942547379195615,0.9483797979066013,NA
hsa-miR-142-5p,344.8726187895086,0.06605369376615328,1.084605725547747,0.8486478816016255,0.9494451395696346
hsa-miR-4520-5p,1.1846791617588257,-0.24346410867897011,1.060890439478675,0.5321540280740529,NA
hsa-miR-3161,0.09763192675873772,-0.0077278962411512836,1.0935769394253543,0.981579093001486,NA
hsa-miR-885-3p,1073.1044781120074,-0.9114201664534266,0.4792600270548002,0.01911532311002355,0.0956858459678893
hsa-miR-5191,0.04344494581943476,0.0791019109058327,1.0971006860693793,0.8131006044452089,NA
hsa-miR-3919,0.27549632361871823,-0.17842475541741123,1.0696068263507645,0.631857367071962,NA
hsa-miR-6767-5p,0.09763192675873772,-0.0077278962411512836,1.0935769394253543,0.981579093001486,NA
hsa-miR-615-5p,2.4775637220988127,0.9331062007897422,1.318453277886735,0.04356772651632693,0.1826092269296765
hsa-miR-376a-3p,242.19240719119512,0.03770143512517788,0.5177411300500063,0.9247078577787222,0.97681745087673
hsa-miR-511-3p,7.467664407757662,-0.06097743051578742,0.6351933809823544,0.8917104940127125,0.966279990851614
hsa-miR-7973,0.1303348374583043,-0.03582327506277278,1.093364415770049,0.9149907494488244,NA
hsa-miR-6864-5p,0.37167587953395703,-0.027340411522090616,1.0908233815387025,0.9355127335373364,NA
hsa-miR-548v,3.0870463480736023,-0.23805512843301538,0.9503359561124273,0.6045833312651621,0.8433359843762451
hsa-miR-1295b-3p,0,0,3.389261151165404,NA,NA
hsa-miR-3682-3p,0.3226802009474807,0.16784880125984591,1.1074299479334526,0.6180660703314369,NA
hsa-miR-4666b,0.062341025678356546,0.02838302730669747,1.094536069477659,0.9323039467117968,NA
hsa-miR-3191-5p,0.8314867479342173,0.2683770914562792,1.12844748733803,0.4321439250382015,NA
hsa-miR-299-5p,256.0688551530379,-0.05422095841287017,0.5875778762326813,0.8996809729095216,0.9670190579984552
hsa-miR-524-3p,0.23397936878305453,0.20712279897659888,1.1144757510947416,0.5402407736566865,NA
hsa-miR-18b-3p,5.14311339224055,0.20606304581111407,0.8080474373868456,0.6703464975879663,0.8586891345693081
hsa-miR-4523,0.3780386289712103,0.28990104863235067,1.1343891530881713,0.39813246964002813,NA
hsa-miR-6718-5p,1.8377657609415536,-1.4817831602027989,1.0704863787288204,0.0133698090354386,0.07249449553143558
hsa-miR-3925-3p,0,0,3.389261151165404,NA,NA
hsa-miR-6805-3p,0.08688989163886952,0.02163843924054406,1.0942547379195615,0.9483797979066013,NA
hsa-miR-4427,0.13899570734573297,-0.042709750149652795,1.0934127645333511,0.8988045880437828,NA
hsa-miR-4639-3p,1.3759067314768871,-0.4309287796733941,1.0225964293115142,0.33644932896592594,NA
hsa-miR-3186-3p,0,0,3.389261151165404,NA,NA
hsa-miR-770-3p,32.268322892444125,-1.7979407389188504,0.7973035032309067,0.00222775400345933,0.017903784468168562
hsa-miR-642a-3p,7.465232692085061,-0.05140783263652515,0.568983791437308,0.9031242937529411,0.9683437959945856
hsa-miR-7155-3p,0.2544032734933683,0.16784880125984594,1.1074299479334526,0.6180660703314368,NA
hsa-miR-6800-3p,0,0,3.389261151165404,NA,NA
hsa-miR-4727-5p,0.43090683590095097,0.01033664898559691,1.0904827701504438,0.9755966103437985,NA
hsa-miR-4786-5p,0.23397936878305453,0.20712279897659888,1.1144757510947416,0.5402407736566865,NA
hsa-miR-510-5p,0.09351153851753481,-0.004379229396756273,1.0936099082225312,0.989558880535692,NA
hsa-miR-6834-5p,0,0,3.389261151165404,NA,NA
hsa-miR-1228-5p,4.294473652060944,-0.12546369878489422,0.8154390289429281,0.7944239459325073,0.9239787548878714
hsa-miR-556-3p,12.83645719726613,1.650517181769473,0.675981781243754,0.0019189478187861065,0.015710264385575975
hsa-miR-10399-5p,16.957997919610463,0.34319354067241986,1.0409594536286,0.415613670349485,0.7415021898699569
hsa-miR-4667-5p,1.0407474686841085,-0.5464742791756103,0.9647288970174891,0.2661167548132997,NA
hsa-miR-302a-3p,12.134194255551735,0.16351228034544962,0.7249068892769639,0.729803131469537,0.8937948938526458
hsa-miR-6845-5p,0.4314737043511751,-0.05873157640315507,1.0913498895556792,0.862384182440371,NA
hsa-miR-409-5p,2541.2973888259585,-0.011601684796128957,0.5817750140786201,0.9783585034297398,0.9910120205719787
hsa-miR-5003-3p,0,0,3.389261151165404,NA,NA
hsa-miR-3617-3p,3.1292537596617485,-0.0978931726703481,0.8712279571052232,0.8369617204433264,0.9406168219264599
hsa-miR-552-5p,24.284906402566993,-0.17287411628740249,0.4720339439804174,0.6454036593102772,0.8579265638176068
hsa-miR-6727-3p,0.13017590234498363,-0.03827625969386909,1.0933757275527791,0.9092180744768741,NA
hsa-miR-3667-3p,0,0,3.389261151165404,NA,NA
hsa-miR-548al,0.968040602842442,0.268377114064586,1.1284474933503688,0.43214388815426863,NA
hsa-miR-4657,0.3226802009474807,0.16784880125984591,1.1074299479334526,0.6180660703314369,NA
hsa-miR-548ae-3p,19.01659524128936,-0.46778973708673643,1.1413751850576952,0.22627085106817288,0.5202447914323345
hsa-miR-147b-3p,2.9074348133448815,-0.2975403711510687,1.030353287588733,0.4801476423060054,0.7777298517904702
hsa-miR-5695,2.7218970790981087,0.36041583122744786,1.1527851864035228,0.30494382772533574,0.6226825013692171
hsa-miR-625-5p,377.92443774032324,0.06893930783577533,0.49926702821115154,0.8596215695402611,0.9544087388051569
hsa-miR-548t-5p,0.8254539705692605,-0.3037836611260698,1.1311955018105289,0.38364958809647287,NA
hsa-miR-6895-3p,1.2057827798502316,-0.30544697309022556,1.0062743327444486,0.48578699390165614,NA
hsa-miR-6779-3p,0.08688989163886952,0.02163843924054406,1.0942547379195615,0.9483797979066013,NA
hsa-miR-3678-5p,0.21722472909717383,-0.10618838182852237,1.0957456394156568,0.7538274489856337,NA
hsa-miR-1247-3p,24.72753375117828,0.39022204534164784,0.8467560548092672,0.42989053693056994,0.7561929926730507
hsa-miR-3129-3p,0.968040602842442,0.268377114064586,1.1284474933503688,0.43214388815426863,NA
hsa-miR-6733-3p,19.25072876763015,-1.2559509911074722,0.5678526986065511,0.005716883591949135,0.03655467172662367
hsa-miR-513b-5p,0.21458491336100646,0.23833613894191963,1.1210545522248747,0.48311248354541286,NA
hsa-miR-4728-3p,0,0,3.389261151165404,NA,NA
hsa-miR-4725-3p,0.4410124441314698,0.13934685168495778,1.1015576215433212,0.6795855700860483,NA
hsa-miR-1304-5p,10.426401874144654,1.700573020195144,0.9461560724295013,0.005661730645287451,0.03655467172662367
hsa-miR-6762-5p,4.118771704993808,0.051050587178052005,0.7653741287661829,0.9149237566172459,0.9750282369789628
hsa-miR-4761-3p,0.17377978327773905,-0.0745748672164319,1.0940373425263423,0.8249938766865091,NA
hsa-miR-335-5p,1611.0496516816834,-0.3292356928971251,0.4134155365105077,0.336231780771296,0.6618854830464164
hsa-miR-6716-3p,0.7632098204801048,0.268377114064586,1.1284474933503688,0.43214388815426863,NA
hsa-miR-6820-5p,0.7323095899340283,-0.3406608408458997,1.064031523118193,0.40008502092822096,NA
hsa-miR-6785-5p,0.2714117100364768,-0.13871992025891908,1.0986130821689513,0.6833015319319361,NA
hsa-miR-6840-5p,0,0,3.389261151165404,NA,NA
hsa-miR-4433a-5p,0.35908848909373664,-0.17907767932414437,1.1037324117778093,0.6004028152651033,NA
hsa-miR-521,0.341189260890037,-0.05899581236946112,1.0918584755772958,0.8615695918720498,NA
hsa-miR-1245a,0.3226802009474807,0.16784880125984591,1.1074299479334526,0.6180660703314369,NA
hsa-miR-548ac,0.15348228965970914,0.21492020548842536,1.1160648224812566,0.525534929949431,NA
hsa-miR-3187-5p,0.5674071910534997,0.1064252654650654,1.0982054684166123,0.7516195088289837,NA
hsa-miR-4772-3p,1.021814721791914,0.41204612653501943,1.1808939663896911,0.24317504964577968,NA
hsa-miR-1273h-3p,1.5640180494996514,-0.4055773190943303,1.168959510692194,NA,NA
hsa-miR-6789-3p,0,0,3.389261151165404,NA,NA
hsa-miR-5587-3p,0,0,3.389261151165404,NA,NA
hsa-miR-520b-5p,1.9835617522094526,0.8345594558677885,0.9618025819732873,0.11611468548020838,0.34570287972192326
hsa-miR-548q,2.2587614066323645,0.5383496221244871,1.2565862095967524,0.14249148581911034,0.39252371565264355
hsa-miR-181c-3p,1078.4540430577392,-0.33750095296383575,0.3540246050967654,0.268453045948086,0.5754171915508777
hsa-miR-10398-5p,5.683806248320914,-0.4210370440052516,0.7807598304961972,0.3925305087023228,0.7186810577597396
hsa-miR-331-5p,392.6674801462865,-0.7179342033813741,0.35711866531292136,0.01964271591393925,0.09666864685736394
hsa-miR-7704,10.709479795705509,-0.1369544117048238,1.0913242373701568,NA,NA
hsa-miR-4999-3p,6.8451061234617026,0.08664478378008504,0.9898631720165841,0.839683053363575,0.9406168219264599
hsa-miR-6796-3p,0.04344494581943476,0.0791019109058327,1.0971006860693793,0.8131006044452089,NA
hsa-miR-1291,3.7181524742664824,-0.021577009500346023,1.0846280008226417,NA,NA
hsa-miR-6758-5p,0.5180006954399857,-0.2324985434882242,1.1132475540228195,0.49979028176835644,NA
hsa-miR-449b-5p,0,0,3.389261151165404,NA,NA
hsa-miR-4758-5p,0.14305660890733765,0.20712279897659888,1.1144757510947416,0.5402407736566865,NA
hsa-miR-4701-3p,1.8952064828215778,-0.22711332037803514,0.8964455902271183,0.6335813212562607,0.8527391276249053
hsa-miR-4637,0,0,3.389261151165404,NA,NA
hsa-miR-5584-5p,4.934870031794133,-0.14728925051545194,0.8537721726317904,0.7588644020734168,0.9041688436198685
hsa-miR-4450,0,0,3.389261151165404,NA,NA
hsa-miR-3135a,0.20464305287961218,0.23658941479988765,1.1206605980667386,0.48619544290294503,NA
hsa-miR-4671-5p,1.731266907251872,-0.02231775999691291,1.0029166891196921,0.9573754050742173,0.9857947991330799
hsa-miR-574-5p,0,0,3.389261151165404,NA,NA
hsa-miR-6748-5p,0.2867021186553501,-0.1450954809061653,1.0993062956354176,0.6698474587408602,NA
hsa-miR-188-3p,9.63205383081284,1.316025355129475,0.8049772852532562,0.01826626754492808,0.09249277670148554
hsa-miR-4649-3p,0.031170512839178273,0.07910191090583267,1.0971006860693793,0.813100604445209,NA
hsa-miR-4485-3p,0.2184936786516401,0.20712279897659888,1.1144757510947416,0.5402407736566865,NA
hsa-miR-4724-5p,0,0,3.389261151165404,NA,NA
hsa-miR-519c-5p,3.3966113166293503,0.1534912791195467,0.7497921952797671,0.7478735118746268,0.9023928325098802
hsa-miR-5188,2.5053533672940365,-0.4393114581604442,0.9113457527955962,0.3715649339381479,0.7000578736305089
hsa-miR-520b-3p,5.4989123424692785,-1.0644437747419992,0.9976484278747821,0.05549520910602814,0.21569241789506657
hsa-miR-4521,3.4391024006452735,0.6275210413101754,1.3307230051745362,0.09814156291580034,0.308143401843158
hsa-miR-4731-5p,0.09266380489715531,0.02163843924054406,1.0942547379195615,0.9483797979066013,NA
hsa-miR-361-5p,4192.042669727194,-0.3975700281894189,0.9399026003838513,0.40744499259637046,0.7344070236922233
hsa-miR-4760-3p,1.6441024293037187,0.11161949926815781,0.9486286481181367,0.8049984602906858,0.9303148432910828
hsa-miR-10526-3p,0,0,3.389261151165404,NA,NA
hsa-miR-4755-3p,0.2451793791741289,0.2503593809788232,1.123872069847163,0.4622454656203269,NA
hsa-miR-4638-3p,0.2544032734933683,0.16784880125984594,1.1074299479334526,0.6180660703314368,NA
hsa-miR-4516,0,0,3.389261151165404,NA,NA
hsa-miR-4672,0.1428578527343228,0.20712279897659888,1.1144757510947416,0.5402407736566865,NA
hsa-miR-515-5p,0.12468205135671309,-0.033653906557097484,1.093359887465448,0.9201022438331407,NA
hsa-miR-4664-5p,0.25580381609951525,0.25513108000692875,1.1250420958485219,0.45413636114850414,NA
hsa-miR-6844,0.15121545158848412,0.20712279897659888,1.1144757510947416,0.5402407736566865,NA
hsa-miR-4491,0,0,3.389261151165404,NA,NA
hsa-miR-6751-3p,0,0,3.389261151165404,NA,NA
hsa-miR-4431,0.5088065469867366,0.20712279897659888,1.1144757510947416,0.5402407736566865,NA
hsa-miR-7114-5p,3.74458127445312,0.0290628307577411,0.8705227467963642,0.9511748129118874,0.9849044162066352
hsa-miR-6515-5p,5.188785677539388,-0.021116359854087264,0.7288008078024083,0.9643524686356807,0.9857947991330799
hsa-miR-3150a-5p,0.3226802009474807,0.16784880125984591,1.1074299479334526,0.6180660703314369,NA
hsa-miR-3150b-3p,0.18602626524595503,0.15943456003735823,1.105918125872504,0.6356915998504302,NA
hsa-miR-6823-3p,0.062341025678356546,0.02838302730669747,1.094536069477659,0.9323039467117968,NA
hsa-miR-4798-3p,4.145939008607299,-0.04788801463100676,0.7447564797305846,0.9197350243456358,0.9754090572963401
hsa-miR-4659b-3p,0.14305660890733765,0.20712279897659888,1.1144757510947416,0.5402407736566865,NA
hsa-miR-3663-3p,0.19995345319854382,0.05176209293015222,1.0946676628301035,0.8772185122560954,NA
hsa-miR-4716-3p,0.3226802009474807,0.16784880125984591,1.1074299479334526,0.6180660703314369,NA
hsa-miR-526a-3p,2.1573415354871917,0.6452254584433185,0.851222773316743,0.21038724292650468,0.5008131108793971
hsa-miR-4709-5p,0.7873247347304346,0.3797249816463069,1.166211844580903,0.2781464049314611,NA
hsa-miR-499b-3p,0.20519887841267936,0.10049239133714631,1.098672180806138,0.7642848901319272,NA
hsa-miR-6754-5p,0.19114346527627255,-0.09036953005996651,1.0947568987893967,0.7891469161918636,NA
hsa-miR-6736-5p,0.1958330649573409,0.055096748287740756,1.094881702510281,0.869369812325894,NA
hsa-miR-548aj-3p,10.669922981752809,-0.20177195946472795,0.8743343120886877,0.6738018400670895,0.8586891345693081
hsa-miR-549a-5p,4.650851122984436,-0.1797342490597793,0.80978385447135115,0.7098870458164601,0.8795771600215262
hsa-miR-6735-5p,0.7429923286536991,0.0644976749944923,1.0953008141559908,0.8474238297273702,NA
hsa-miR-1909-3p,0.44417327602257317,-0.054631635880438234,1.092465957194666,0.8713847359572958,NA
hsa-miR-6876-3p,0.21355647726684066,0.1004923913371463,1.098672180806138,0.7642848901319272,NA
hsa-miR-548ai,2.80372853074911,1.0158586559749638,0.9759303683436255,0.06570304155046959,0.2349218955029035
hsa-miR-4526,0.15121545158848412,0.20712279897659888,1.1144757510947416,0.5402407736566865,NA
hsa-miR-628-3p,297.08268167832534,-0.9398564217732039,0.5893959044094623,0.036653395326681666,0.162163506596834
hsa-miR-4678,0,0,3.389261151165404,NA,NA
hsa-miR-671-5p,115.37395016071265,-0.9171441805211039,0.42146799884612174,0.009509397599725591,0.055907599311138374
hsa-miR-1258,6.182199249075376,-0.542824144520142,1.0084843963374384,0.2527678443351096,0.5605686876900152
hsa-miR-4799-5p,0,0,3.389261151165404,NA,NA
hsa-miR-520c-5p,0.48054055582480937,0.11243590603591673,1.0975922942578678,0.7390625732839395,NA
hsa-miR-6717-3p,0.1674094776122979,0.0847492542178885,1.0973043926703372,0.8002106458396165,NA
hsa-miR-4638-5p,0,0,3.389261151165404,NA,NA
hsa-miR-4676-5p,0.6907474039681962,0.3386104370395415,1.142966440310422,0.33430054849891006,NA
hsa-miR-4797-5p,3.501811381390542,-0.4795198613981693,0.9592661159271179,0.321761602441066,0.637699465471434
hsa-miR-10394-5p,0,0,3.389261151165404,NA,NA
hsa-miR-4640-5p,0.5088065469867366,0.20712279897659888,1.1144757510947416,0.5402407736566865,NA
hsa-miR-609,0.577083474440849,0.20712279897659888,1.1144757510947416,0.5402407736566865,NA
hsa-miR-520d-3p,0,0,3.389261151165404,NA,NA
hsa-miR-548at-5p,0.16621062561214373,-0.0655285649647507,1.0937472352182616,0.8457604502029626,NA
hsa-miR-548j-3p,1.759539275549648,0.5186227107414471,1.2252153050052053,0.1601175585458807,0.4198204355354238
hsa-miR-3074-3p,20.142273776052853,1.7331362425890078,0.7583198818324736,0.002388315876977693,0.01884833070479693
hsa-miR-6743-3p,1.0552914465669665,-0.08969369979324668,1.0915308879314005,0.7925637518756707,NA
hsa-miR-6746-5p,0.9432560051810842,-0.13053812795840508,1.0963953003676339,0.7018511537724481,NA
hsa-miR-7855-5p,0,0,3.389261151165404,NA,NA
hsa-miR-1912-3p,9.239858991424521,0.8750486454584856,0.8137511882653811,0.09755366972459495,0.3073993333767812
hsa-miR-6761-3p,0.09351153851753481,-0.004379229396756273,1.0936099082225312,0.989558880535692,NA
hsa-miR-6827-3p,2.907008941313271,0.8563998485077366,0.7824912590158762,0.09940629560211087,0.30879402463634437
hsa-miR-7974,0,0,3.389261151165404,NA,NA
hsa-miR-6865-3p,0.06508795117249182,0.025374405419756337,1.0944046815187112,0.9394731615338523,NA
hsa-miR-4776-5p,0.5399049300446546,-0.07122035236390482,1.092972075679732,0.833139494965808,NA
hsa-miR-539-5p,587.0034165590416,-0.724422239098034,0.5881400249983373,0.10052352445223559,0.31116115696169033
hsa-miR-942-3p,16.684111173434207,1.1599017023408928,0.689463226187216,0.02211304351701002,0.1056735276264836
hsa-miR-518e-5p,0.6453604018949614,0.20712279897659888,1.1144757510947416,0.5402407736566865,NA
hsa-miR-6860,0.34866958099662376,0.03434942551139598,1.0931096834486926,0.9185250540692923,NA
hsa-miR-485-5p,691.2073441829349,-0.64450562700207,0.6191151291917131,0.1545106124507494,0.41140211704211693
hsa-miR-5088-5p,0.21458491336100646,0.23833613894191963,1.1210545522248747,0.48311248354541286,NA
hsa-miR-4680-3p,0.3194912246658601,0.059256369351668885,1.0957082545951653,0.8593686056597201,NA
hsa-miR-33b-3p,0.7069990587186612,-0.11038160849692649,1.093676573414676,0.746237528362244,NA
hsa-miR-3165,0,0,3.389261151165404,NA,NA
hsa-miR-6831-5p,0.15121545158848412,0.20712279897659888,1.1144757510947416,0.5402407736566865,NA
hsa-miR-939-5p,0.6388823685384194,0.04682728643139696,1.0921362981812595,0.8895999785275172,NA
hsa-miR-132-3p,5715.144380055994,-2.257728627824765,0.4712966377903295,2.125326873641709e-7,8.865649244333987e-6
hsa-miR-6810-3p,0.45577459332076337,-0.21467580253901627,1.1097162768517461,0.5321224732308469,NA
hsa-miR-3183,0.24884737834722184,0.06449767499449227,1.0953008141559908,0.8474238297273703,NA
hsa-miR-512-5p,2.0021057382259815,0.40084799333752896,0.973224833323221,0.3918759942968159,0.7186810577597396
hsa-miR-4802-3p,0.1303348374583043,-0.03582327506277278,1.093364415770049,0.9149907494488244,NA
hsa-miR-1915-5p,0,0,3.389261151165404,NA,NA
hsa-miR-548b-3p,14.404397096696012,0.20561724565926384,0.4924756590944916,0.5947052509841677,0.8346576729121344
hsa-miR-466,0.23397936878305453,0.20712279897659888,1.1144757510947416,0.5402407736566865,NA
hsa-miR-3163,0.5088065469867366,0.20712279897659888,1.1144757510947416,0.5402407736566865,NA
hsa-miR-5699-3p,2.0618101390855608,0.5316499439591237,1.2517378699194932,0.14659751477246427,0.4000605076033604
hsa-miR-1277-5p,24.456334282255163,0.5689900879527728,0.51868052140887555,0.1577616281055294,0.4182006150937661
hsa-miR-541-5p,15.063200414190794,0.05425483972954161,0.5737991018553527,0.8982789299251103,0.9666982095999958
hsa-miR-6729-3p,0.14305660890733765,0.20712279897659888,1.1144757510947416,0.5402407736566865,NA
hsa-miR-33a-3p,0,0,3.389261151165404,NA,NA
hsa-miR-6792-5p,0.15859948969002663,-0.06454557232566613,1.0937211204768678,0.8480265784656089,NA
hsa-miR-4711-3p,1.154166948881698,0.38969323774142856,1.1705537145686915,0.26691243275886206,NA
hsa-miR-5583-3p,0,0,3.389261151165404,NA,NA
hsa-miR-6822-3p,0,0,3.389261151165404,NA,NA
hsa-miR-3936,0.7923954037030198,0.09055328369298517,1.0933816811082002,0.7895660090653087,NA
hsa-miR-140-3p,13167.916450471886,0.38012921162883173,0.30241834072695484,0.1580187255662518,0.4182006150937661
hsa-miR-7152-5p,0.40957009258635024,0.05553039794804153,1.0954415307495642,0.8681401604342351,NA
hsa-miR-4712-5p,0.3972611262276911,0.24406957549073954,1.122374965035599,0.4730844679978809,NA
hsa-miR-525-5p,0.30752040485248544,0.1419890979686804,1.1029002977281732,0.6730801451023671,NA
hsa-miR-1914-3p,1.4628909870224225,0.012237510701542118,0.9594710228009502,0.9780264428133215,0.9910120205719787
hsa-miR-3944-3p,0.15121545158848412,0.20712279897659888,1.1144757510947416,0.5402407736566865,NA
hsa-miR-5009-5p,1.070362129282248,0.3415630333995563,1.1511421825696155,0.32492915276543793,NA
hsa-miR-377-5p,138.56507347340263,-0.11573978721122681,0.5531012252250244,0.7806173649459539,0.9170104870791864
hsa-miR-130b-3p,618.3412921937261,2.317270043395876,0.39004092340025887,4.0893277494731595e-10,2.7555777757988368e-8
hsa-miR-12114,0,0,3.389261151165404,NA,NA
hsa-miR-4796-3p,2.3885812310606642,0.6931062240854158,0.9869190771775119,0.17114338291660922,0.43329943189291814
hsa-miR-5000-5p,0.5494038685856023,0.12538037432706778,1.0985691622079952,0.7108734996935506,NA
hsa-miR-4670-5p,0.7104483530674532,0.09749064505174923,1.0983363692083674,0.7711286091197057,NA
hsa-miR-3064-3p,1.0498785736109106,0.13190579482805453,1.0961694444512222,0.6992127283138909,NA
hsa-miR-6720-5p,5.738876961177001,-0.9312643972827112,0.8404996489849694,0.08309928041524277,0.2813032215863396
hsa-miR-6506-5p,0,0,3.389261151165404,NA,NA
hsa-miR-382-5p,1436.5033410322399,-0.360306888759672,0.4910074760536827,0.3508230839126936,0.6799137643971672
hsa-miR-4703-3p,0.968040602842442,0.268377114064586,1.1284474933503688,0.43214388815426863,NA
hsa-miR-4706,0,0,3.389261151165404,NA,NA
hsa-miR-6848-5p,0,0,3.389261151165404,NA,NA
hsa-miR-3159,0.2924779970054421,0.03754233306576832,1.0930497079199673,0.9110313756894227,NA
hsa-miR-1537-3p,1.3686759310432781,0.5444817952611877,1.061838336978417,0.22479740145011445,NA
hsa-miR-3197,0.17377978327773905,-0.0745748672164319,1.0940373425263423,0.8249938766865091,NA
hsa-miR-6878-5p,0.3213193676212562,-0.16403441081122758,1.1016204046376565,0.6306582082374738,NA
hsa-miR-876-3p,53.4379760685329,-1.1010701977763653,1.1856840201526364,0.03553617246070627,0.1580187161196888
hsa-miR-3692-5p,0.1428578527343228,0.20712279897659888,1.1144757510947416,0.5402407736566865,NA
hsa-miR-2681-5p,27.35900300192472,0.16352404742454454,0.5696882433655059,0.6991056739917294,0.8674455671625424
hsa-miR-4435,0.06508795117249182,0.025374405419756337,1.0944046815187112,0.9394731615338523,NA
hsa-miR-6728-5p,0,0,3.389261151165404,NA,NA
hsa-miR-506-5p,1.9175230229923226,0.06833453780799024,0.8914159449035256,0.8845839811328092,0.9631352835714816
hsa-miR-3622a-3p,33.89072981336785,2.0313959966044774,0.7331867497769295,4.4100242709797083e-4,0.004440438231469224
hsa-miR-4765,0.06508795117249182,0.025374405419756337,1.0944046815187112,0.9394731615338523,NA
hsa-miR-3615,9.584812743633623,-21.644664793933167,3.422356338533047,NA,NA
hsa-miR-6852-5p,0.7791829408214302,-0.11756928745566966,1.0465374349616925,0.7609357215703614,NA
hsa-miR-509-3-5p,57.8944096241904,-0.12059301847932728,0.6901558596729669,0.7952967821751771,0.9239787548878714
hsa-miR-522-5p,0.647469946014197,0.08848336684052112,1.0932466821013915,0.7942301760226305,NA
hsa-miR-3126-5p,0.8997636753883297,0.2683770914562792,1.12844748733803,0.4321439250382015,NA
hsa-miR-3942-5p,0.31200521716917495,0.06783239066948728,1.0955543864263753,0.839634019378223,NA
hsa-miR-548h-3p,0.7632098204801048,0.268377114064586,1.1284474933503688,0.43214388815426863,NA
hsa-miR-4776-3p,0.5399049300446546,-0.07122035236390482,1.092972075679732,0.833139494965808,NA
hsa-miR-6858-5p,0.17377978327773905,-0.0745748672164319,1.0940373425263423,0.8249938766865091,NA
hsa-miR-3188,1.097833449329656,0.41185113386920336,1.1691122885485083,0.24994903746438307,NA
hsa-miR-4482-3p,1.2172338803522869,0.4406484172916598,1.1953513436047942,0.21563451966481315,NA
hsa-miR-5571-3p,0,0,3.389261151165404,NA,NA
hsa-miR-548as-5p,0.18702307703506962,-0.08747632566231325,1.0946049831598414,0.7956717381205438,NA
hsa-miR-4749-5p,1.5004906108460645,-0.1933862242610185,0.7133960035862645,0.6817690042090785,0.8586891345693081
hsa-miR-3192-3p,0.867950066951593,-0.2700004128245629,0.999704715906607,0.5372366081575628,NA
hsa-miR-6867-5p,0.13899570734573297,-0.042709750149652795,1.0934127645333511,0.8988045880437828,NA
hsa-miR-7112-3p,0,0,3.389261151165404,NA,NA
hsa-miR-4529-3p,1.181313964435118,0.24244447762218369,1.0707417681191391,0.5250115699540989,NA
hsa-miR-2682-3p,626.8858547947991,-2.327601453223619,0.7878534457441899,1.4024441675407082e-4,0.001999661199698965
hsa-miR-7843-5p,0.08688989163886952,0.02163843924054406,1.0942547379195615,0.9483797979066013,NA
hsa-miR-6851-5p,0.8335414862948969,-0.33196109801022244,1.0646299812113773,0.40975547911507415,NA
hsa-miR-4740-5p,0.3226802009474807,0.16784880125984591,1.1074299479334526,0.6180660703314369,NA
hsa-miR-452-3p,29.84464754891121,0.2389302566665235,1.0318137596483719,0.5618828835017375,0.8067556148146785
hsa-miR-5690,1.0525540135935179,-0.12075892292090366,1.0954313761956187,0.722962888858188,NA
hsa-miR-338-3p,10437.667483650976,-0.22116029385235028,0.6272733501750662,0.6203902296688211,0.8513392697801475
hsa-miR-371b-3p,0.3226802009474807,0.16784880125984591,1.1074299479334526,0.6180660703314369,NA
hsa-miR-548aq-3p,20.313623328755877,0.08453273487975489,1.0506906984065019,0.8240816923291685,0.9385075027647493
hsa-miR-4691-5p,0,0,3.389261151165404,NA,NA
hsa-miR-11399,0.35096905317458177,0.268377114064586,1.1284474933503688,0.43214388815426863,NA
hsa-miR-513a-5p,0.4818266831925201,0.11187468239556214,1.0975424819131312,0.7403039255441308,NA
hsa-miR-219b-5p,2.3457747716331503,-0.1289379704531952,0.7632297290449015,0.7876811103638556,0.919480364496996
hsa-miR-6817-3p,0.5387030318317506,-0.23920547478657841,1.114671658089063,0.48795616730152375,NA
hsa-miR-519d-3p,0.8544297158397106,0.05993132752582136,1.049787263712661,0.8746104456080948,NA
hsa-miR-4766-3p,0.08688989163886952,0.02163843924054406,1.0942547379195615,0.9483797979066013,NA
hsa-miR-4723-5p,0.17377978327773905,-0.0745748672164319,1.0940373425263423,0.8249938766865091,NA
hsa-miR-6502-5p,0.48054055582480937,0.11243590603591673,1.0975922942578678,0.7390625732839395,NA
hsa-miR-2467-3p,5.921992496174761,-0.010159497241176287,0.7881282495183898,0.9830929747454902,0.9910120205719787
hsa-miR-3920,0.062341025678356546,0.02838302730669747,1.094536069477659,0.9323039467117968,NA
hsa-miR-4709-3p,0.7873247347304346,0.3797249816463069,1.166211844580903,0.2781464049314611,NA
hsa-miR-3136-3p,0.4256997910928893,-0.055899249634773676,1.091261407097839,0.8689270404035826,NA
hsa-miR-378b,0.8461433652423935,-0.3081902427390324,1.1325182760477974,NA,NA
hsa-miR-3140-5p,0.7965758534834455,0.29317541497476285,1.135333985854247,0.39314970636678837,NA
hsa-miR-5706,0,0,3.389261151165404,NA,NA
hsa-miR-3116,0,0,3.389261151165404,NA,NA
hsa-miR-5008-5p,0.32664317368020984,0.093763553682641,1.0979335808463846,0.7796511995400245,NA
NovelmiRNA-717,0,0,3.389261151165404,NA,NA
NovelmiRNA-3730,0,0,3.389261151165404,NA,NA
NovelmiRNA-448,0,0,3.389261151165404,NA,NA
NovelmiRNA-2709,8.10433333818635,-21.91232086365942,3.4224885889281333,NA,NA
NovelmiRNA-2993,0,0,3.389261151165404,NA,NA
NovelmiRNA-1643,0,0,3.389261151165404,NA,NA
NovelmiRNA-1702,0,0,3.389261151165404,NA,NA
NovelmiRNA-2638,0,0,3.389261151165404,NA,NA
NovelmiRNA-766,0.1303348374583043,-0.03582327506277278,1.093364415770049,0.9149907494488244,NA
NovelmiRNA-3166,0,0,3.389261151165404,NA,NA
NovelmiRNA-3103,0,0,3.389261151165404,NA,NA
NovelmiRNA-3461,0,0,3.389261151165404,NA,NA
NovelmiRNA-123,0,0,3.389261151165404,NA,NA
NovelmiRNA-3636,0.062341025678356546,0.02838302730669747,1.094536069477659,0.9323039467117968,NA
NovelmiRNA-3122,1.1905267161367683,0.02611053005073031,1.0873277585632903,0.9390477087157716,NA
NovelmiRNA-2001,0.21722472909717383,-0.10618838182852237,1.0957456394156568,0.7538274489856337,NA
NovelmiRNA-2663,0,0,3.389261151165404,NA,NA
NovelmiRNA-3094,0,0,3.389261151165404,NA,NA
NovelmiRNA-3047,0.21722472909717383,-0.10618838182852237,1.0957456394156568,0.7538274489856337,NA
NovelmiRNA-2167,0,0,3.389261151165404,NA,NA
NovelmiRNA-761,0,0,3.389261151165404,NA,NA
NovelmiRNA-129,0,0,3.389261151165404,NA,NA
NovelmiRNA-2841,0.5300002197206458,-0.23637497284476405,1.1140642219752388,0.4929280219000425,NA
NovelmiRNA-1190,0,0,3.389261151165404,NA,NA
NovelmiRNA-2030,0,0,3.389261151165404,NA,NA
NovelmiRNA-1282,8.788392151556163,-0.07897048192134494,1.0735131587401572,0.8254481808114938,0.9385075027647493
NovelmiRNA-2536,0.6280941821080825,-0.2623826440307022,1.1200048555249376,0.4484939726186465,NA
NovelmiRNA-820,0.5821060354275093,-0.25041582661888967,1.117170588065606,0.4685895627565656,NA
NovelmiRNA-3206,0.21722472909717383,-0.10618838182852237,1.0957456394156568,0.7538274489856337,NA
NovelmiRNA-2382,0,0,3.389261151165404,NA,NA
NovelmiRNA-3219,0,0,3.389261151165404,NA,NA
NovelmiRNA-2444,0.3243233171400436,-0.16357758614602427,1.1015600784193522,0.631589346219805,NA
NovelmiRNA-2047,0,0,3.389261151165404,NA,NA
NovelmiRNA-2910,0,0,3.389261151165404,NA,NA
NovelmiRNA-815,0.062341025678356546,0.02838302730669747,1.094536069477659,0.9323039467117968,NA
NovelmiRNA-3199,0.7756495861900041,-0.29350310421342113,1.1282101583627229,0.39906945514544906,NA
NovelmiRNA-3805,0.062341025678356546,0.02838302730669747,1.094536069477659,0.9323039467117968,NA
NovelmiRNA-1297,0,0,3.389261151165404,1,NA
NovelmiRNA-1933,0.555612106054194,0.3341149987082176,1.1484766546900598,0.33477378646236494,NA
NovelmiRNA-2582,0.8416038466578134,-0.3074330808081818,1.1322891285017382,NA,NA
NovelmiRNA-1119,1.3850885467678646,-0.3852830656390144,1.1601548610187569,NA,NA
NovelmiRNA-2800,0,0,3.389261151165404,NA,NA
NovelmiRNA-1898,0.31170512839178277,-0.15978403326837254,1.1010677529059387,0.639349198077984,NA
NovelmiRNA-1685,0.09266380489715531,0.02163843924054406,1.0942547379195615,0.9483797979066013,NA
NovelmiRNA-3564,0.16621062561214373,-0.0655285649647507,1.0937472352182616,0.8457604502029626,NA
NovelmiRNA-2912,0.5279609967118825,-0.23603716333202812,1.113992354942857,0.4935235875446075,NA
NovelmiRNA-1294,0.716444268237372,-0.2823251880951679,1.1251212241268933,0.4163476177361745,NA
NovelmiRNA-529,1833.4435825953087,0.6369843063595012,1.305201952236291,0.09893519727966586,0.30879402463634437
NovelmiRNA-3669,0.8416038466578134,-0.3074330808081818,1.1322891285017382,NA,NA
NovelmiRNA-1945,0,0,3.389261151165404,NA,NA
NovelmiRNA-1400,0.6163662326966819,0.10383291123905454,1.095198592094054,0.7593045477582953,NA
NovelmiRNA-3490,8.532145448090047,-22.396103846791615,3.4223133118775935,NA,NA
NovelmiRNA-3674,0,0,3.389261151165404,1,NA
NovelmiRNA-2534,0,0,3.389261151165404,NA,NA
NovelmiRNA-3587,0.8336708220070657,0.02663006425002122,1.0884012176500408,0.9376390778631696,NA
NovelmiRNA-2941,0,0,3.389261151165404,NA,NA
NovelmiRNA-1169,5.027992104961665,0.1334662541828722,0.9841364965980302,0.7586439959908011,0.9041688436198685
NovelmiRNA-1756,0,0,3.389261151165404,NA,NA
NovelmiRNA-2328,0.4369873573032802,0.3035337745636342,1.1384244571205393,0.3776937922672972,NA
NovelmiRNA-2986,454.39536448000774,-0.14540315559893036,1.0915619729144528,0.6757062361147188,0.8586891345693081
NovelmiRNA-1378,34.46407014583441,-24.03179669956863,3.421163908929354,NA,NA
NovelmiRNA-2648,0,0,3.389261151165404,1,NA
NovelmiRNA-1533,15.600726304164093,-0.2920849138124816,0.914618047079528,0.5400826905734093,0.79499542629025
NovelmiRNA-1863,0,0,3.389261151165404,NA,NA
NovelmiRNA-2854,0.2770177093535729,-0.13931680540110125,1.0986761537394942,0.6820365574432165,NA
NovelmiRNA-1095,0,0,3.389261151165404,NA,NA
NovelmiRNA-953,0,0,3.389261151165404,1,NA
NovelmiRNA-2422,0,0,3.389261151165404,NA,NA
NovelmiRNA-2547,0,0,3.389261151165404,NA,NA
NovelmiRNA-3368,0.7756495861900041,-0.29350310421342113,1.1282101583627229,0.39906945514544906,NA
NovelmiRNA-2483,1.5125200742794167,0.4760464448676706,1.2152564278190188,0.18565079485930053,0.45878429003500587
NovelmiRNA-3200,0.9146452935357371,-0.3191828904481729,1.1359331105375539,0.3613968775985722,NA
NovelmiRNA-3485,0.13017590234498363,-0.03827625969386909,1.0933757275527791,0.9092180744768741,NA
NovelmiRNA-2840,0.5300002197206458,-0.23637497284476405,1.1140642219752388,0.4929280219000425,NA
NovelmiRNA-3054,0.3069645793194183,0.2710432181684565,1.1291613037287596,0.4278098608605003,NA
NovelmiRNA-2432,6.710641188509313,0.13662686758883819,0.7878203278039685,0.776410213784692,0.9170104870791864
NovelmiRNA-1056,0,0,3.389261151165404,NA,NA
NovelmiRNA-729,0,0,3.389261151165404,NA,NA
NovelmiRNA-1130,0,0,3.389261151165404,NA,NA
NovelmiRNA-1293,0,0,3.389261151165404,NA,NA
NovelmiRNA-1819,15.859836598169943,22.1768918158074,3.4663447943333914,8.770724908098638e-11,6.984686381358552e-9
NovelmiRNA-435,0.2142867791014842,0.23823197988404157,1.1210309517985129,0.48329595970345357,NA
NovelmiRNA-2404,0.06508795117249182,0.025374405419756337,1.0944046815187112,0.9394731615338523,NA
NovelmiRNA-2373,0,0,3.389261151165404,NA,NA
NovelmiRNA-3546,3.9397328064402792,0.3060818913015744,1.0862554077470792,0.4220955927069685,0.7500116414022402
NovelmiRNA-698,0.3581253425393213,0.28630686614147943,1.1333695808795867,0.4036555771724655,NA
NovelmiRNA-669,138.34264405117432,-25.289065571825617,3.420895693858121,NA,NA
NovelmiRNA-3384,0,0,3.389261151165404,NA,NA
NovelmiRNA-1766,0,0,3.389261151165404,NA,NA
NovelmiRNA-490,0.09351153851753481,-0.004379229396756273,1.0936099082225312,0.989558880535692,NA
NovelmiRNA-2629,0,0,3.389261151165404,NA,NA
NovelmiRNA-2860,0.062341025678356546,0.02838302730669747,1.094536069477659,0.9323039467117968,NA
NovelmiRNA-2826,0.5300002197206458,-0.23637497284476405,1.1140642219752388,0.4929280219000425,NA
NovelmiRNA-3783,0.7674114482985457,0.37726774766164095,1.1651680354126879,0.28097736838596754,NA
NovelmiRNA-1459,0.5647842956526519,-0.24597267494786304,1.1161622595958325,0.4762031224169366,NA
NovelmiRNA-2071,0.062341025678356546,0.02838302730669747,1.094536069477659,0.9323039467117968,NA
NovelmiRNA-1362,0.8764894240444346,-0.31330176028171247,1.1340855786509652,0.3697759773925852,NA
NovelmiRNA-1002,0.15348228965970914,0.21492020548842536,1.1160648224812566,0.525534929949431,NA
NovelmiRNA-3690,2.476522290268635,-0.48397870505351276,1.2097954484234699,0.18326710108999797,0.4560851720307904
NovelmiRNA-2305,7.586515215527222,-0.1713722259545546,1.0963061655990554,0.6215617840269568,0.8513392697801475
NovelmiRNA-3361,0.7584290195663869,-0.29100815807363395,1.1275066489928283,0.4028797502661109,NA
NovelmiRNA-1057,0.3780386289712103,0.28990104863235067,1.1343891530881713,0.39813246964002813,NA
NovelmiRNA-1166,0.4675576925876741,-0.2188540518321974,1.1105114759281267,0.5244286612438973,NA
NovelmiRNA-2834,0,0,3.389261151165404,NA,NA
NovelmiRNA-3640,0.09266380489715531,0.02163843924054406,1.0942547379195615,0.9483797979066013,NA
NovelmiRNA-2255,0,0,3.389261151165404,NA,NA
NovelmiRNA-1073,1.3316874683067925,0.4539893944980145,1.2025780703649656,0.20382462534819643,NA
NovelmiRNA-2322,0.24472699010601895,0.06783239066948728,1.0955543864263753,0.839634019378223,NA
NovelmiRNA-1695,1.5014513703249055,-0.009006962843946992,1.0863871001862944,NA,NA
NovelmiRNA-2608,0.6297133117118231,-0.26262562288341995,1.120064212792738,0.44809217309020766,NA
NovelmiRNA-864,0.357144631835807,0.28389249973740804,1.132692166917269,0.40739970090154143,NA
NovelmiRNA-1713,9.475835903110195,-21.72435712429984,3.422337139314189,NA,NA
NovelmiRNA-3331,0,0,3.389261151165404,NA,NA
NovelmiRNA-1772,0,0,3.389261151165404,NA,NA
NovelmiRNA-2508,0.22780782910372133,-0.11487736993107454,1.096401909797064,0.7346991299226697,NA
NovelmiRNA-1352,0.5956964386256061,0.093763553682641,1.0979335808463846,0.7796511995400245,NA
NovelmiRNA-3589,0,0,3.389261151165404,NA,NA
NovelmiRNA-834,0,0,3.389261151165404,NA,NA
NovelmiRNA-214,0,0,3.389261151165404,NA,NA
NovelmiRNA-245,0.968040602842442,0.268377114064586,1.1284474933503688,0.43214388815426863,NA
NovelmiRNA-3163,0.21458491336100646,0.23833613894191963,1.1210545522248747,0.48311248354541286,NA
NovelmiRNA-2563,1.112292362773889,-0.39648500043716306,1.1371258402067064,0.2833653507317003,NA
NovelmiRNA-3620,1.6121085421306205,-0.41055456932693063,1.1712240391870028,0.249725296592492,0.5554541648955751
NovelmiRNA-1008,0.968040602842442,0.268377114064586,1.1284474933503688,0.43214388815426863,NA
NovelmiRNA-2615,0,0,3.389261151165404,NA,NA
NovelmiRNA-3033,2.7984360084270508,0.583257452637703,1.291676314805981,0.11791446443014143,0.34634704590568577
NovelmiRNA-3235,0.36365011281918835,0.20712279897659888,1.1144757510947416,0.5402407736566865,NA
NovelmiRNA-860,468.34308748382057,-0.45037109156156635,0.45039727463897355,0.21626886033272036,0.507329187369093
NovelmiRNA-1508,0.2142867791014842,0.23823197988404157,1.1210309517985129,0.48329595970345357,NA
NovelmiRNA-918,0.1303348374583043,-0.03582327506277278,1.093364415770049,0.9149907494488244,NA
NovelmiRNA-2599,0.22682317738272617,0.24251923949543816,1.1220137784526376,0.4757822053497153,NA
NovelmiRNA-1292,0.6437547400830193,0.35386702276709353,1.1557389804738851,0.3091816047648783,NA
NovelmiRNA-1322,0.4285735582029684,0.30489060383041455,1.1388408185198238,0.37570376629270347,NA
NovelmiRNA-208,1.450431459467877,0.13704389468781686,1.0955838097850181,0.6891817558686812,0.8586891345693081
NovelmiRNA-796,0,0,3.389261151165404,1,NA
NovelmiRNA-1231,0.05540354187071458,0.07910191090583267,1.0971006860693793,0.813100604445209,NA
NovelmiRNA-2699,0.3080964518785413,0.09772777875549725,1.0974975963034457,0.7711488877525624,NA
NovelmiRNA-2285,0,0,3.389261151165404,NA,NA
NovelmiRNA-2702,0.1303348374583043,-0.03582327506277278,1.093364415770049,0.9149907494488244,NA
NovelmiRNA-504,0.6453604018949614,0.20712279897659888,1.1144757510947416,0.5402407736566865,NA
NovelmiRNA-3614,2.245969090686655,-0.9750096434524728,1.207372821196679,0.04766147044371717,0.19546906576765277
NovelmiRNA-2819,0.4169871220371989,-0.20049596270622302,1.1071643688941,0.5587433573466769,NA
NovelmiRNA-2564,0,0,3.389261151165404,NA,NA
NovelmiRNA-437,0,0,3.389261151165404,NA,NA
NovelmiRNA-3194,0,0,3.389261151165404,NA,NA
NovelmiRNA-2956,0.42307168262119677,-0.2040118134507173,1.107776109651375,0.5520700761437107,NA
NovelmiRNA-3134,0.08688989163886952,0.02163843924054406,1.0942547379195615,0.9483797979066013,NA
NovelmiRNA-1068,9.005105714799322,0.5463026650412564,0.9886262713973708,0.258295139502535,0.5685089000106047
NovelmiRNA-3409,0.2606696749166086,-0.13231023585380458,1.097959554978394,0.6969543839110941,NA
NovelmiRNA-1213,0,0,3.389261151165404,NA,NA
NovelmiRNA-1360,0.968040602842442,0.268377114064586,1.1284474933503688,0.43214388815426863,NA
NovelmiRNA-1234,0,0,3.389261151165404,NA,NA
NovelmiRNA-2464,0,0,3.389261151165404,NA,NA
NovelmiRNA-163,0.7162506850786426,0.36861752887709837,1.1615755834353645,0.29113951263843496,NA
NovelmiRNA-3001,2.0119258035235394,-0.10689487405108102,1.0906690208598622,0.7557526215379993,0.9041688436198685
NovelmiRNA-1587,0.27799141469146593,-0.1411650903305344,1.0988738517831067,0.6781265248958276,NA
NovelmiRNA-1601,0,0,3.389261151165404,NA,NA
NovelmiRNA-982,0,0,3.389261151165404,NA,NA
NovelmiRNA-734,0,0,3.389261151165404,NA,NA
NovelmiRNA-2507,0,0,3.389261151165404,NA,NA
NovelmiRNA-3440,0.19526385351747544,-0.09321328685397422,1.0949149595066092,0.7827526121650594,NA
NovelmiRNA-2967,1.017613093973473,0.38969326945247923,1.17055372865778,0.2669123976561826,NA
NovelmiRNA-1343,0.28053461555260445,-0.14467625547007146,1.0992593894763114,0.6707281963798124,NA
NovelmiRNA-922,0.3475595665554781,-0.1740397338563645,1.1029979091116955,0.6104462194290226,NA
NovelmiRNA-2979,422.1993499774733,-27.290591294606493,3.23351155457508,1.3264275773806218e-17,6.239476073459805e-15
NovelmiRNA-1901,0.9813939882322704,-0.33126595696342825,1.1398801347180394,0.3446433881164979,NA
NovelmiRNA-1516,0,0,3.389261151165404,NA,NA
NovelmiRNA-121,0,0,3.389261151165404,NA,NA
NovelmiRNA-1967,0.6981124471855307,-0.2787988465407887,1.1241800864840004,0.42190899602567916,NA
NovelmiRNA-1941,0.6648425024485749,-0.26983489814004596,1.1218585396457768,0.4362840285036924,NA
NovelmiRNA-2033,0,0,3.389261151165404,NA,NA
NovelmiRNA-580,1.2599099132224636,-0.27546186508380127,1.119047411512309,0.43121521201786517,NA
NovelmiRNA-3425,0,0,3.389261151165404,NA,NA
NovelmiRNA-2611,0,0,3.389261151165404,NA,NA
NovelmiRNA-3332,0.15585256419589139,-0.06227998401350397,1.0936649928815907,0.8532564073907902,NA
NovelmiRNA-3286,0,0,3.389261151165404,NA,NA
NovelmiRNA-3473,179.21615355932036,25.60544446046494,3.463974489022668,6.672193373975867e-14,9.741402326004767e-12
NovelmiRNA-956,0.5647842956526519,-0.24597267494786304,1.1161622595958325,0.4762031224169366,NA
NovelmiRNA-3828,0,0,3.389261151165404,NA,NA
NovelmiRNA-2089,0,0,3.389261151165404,NA,NA
NovelmiRNA-3266,1.1148350781199587,-0.06343807645051973,1.088724899668796,0.8527511218925243,NA
NovelmiRNA-222,6.509075705283863,0.7797208268742197,1.4970320991843085,0.054409582484054815,0.21278033150014294
NovelmiRNA-1721,0,0,3.389261151165404,1,NA
NovelmiRNA-725,1.5096825750162046,-0.46684000416555327,1.1571248098804325,0.21784377194340743,0.5078679706374852
NovelmiRNA-1712,0.31170512839178277,-0.15978403326837254,1.1010677529059387,0.639349198077984,NA
NovelmiRNA-2620,0,0,3.389261151165404,NA,NA
NovelmiRNA-3576,0,0,3.389261151165404,NA,NA
NovelmiRNA-1873,0.6025764553704955,-0.25591436861903444,1.1184512864408824,0.4592814662787661,NA
NovelmiRNA-1687,0.16271987793122952,-0.06788833534379632,1.093814267224855,0.8403278987416328,NA
NovelmiRNA-2953,0.4675576925876741,-0.2188540518321974,1.1105114759281267,0.5244286612438973,NA
NovelmiRNA-2191,0.8539650113814221,-0.30965816124045004,1.1329647370444456,0.3750411911854467,NA
NovelmiRNA-1736,0,0,3.389261151165404,1,NA
NovelmiRNA-691,0,0,3.389261151165404,NA,NA
NovelmiRNA-3342,9.567928822356297,-21.6926297125731,3.422337513653485,NA,NA
NovelmiRNA-2324,0.27956575477553036,-0.14280597307504728,1.099052399155327,0.6746642046101539,NA
NovelmiRNA-3269,0,0,3.389261151165404,NA,NA
NovelmiRNA-1686,0.16271987793122952,-0.06788833534379632,1.093814267224855,0.8403278987416328,NA
NovelmiRNA-277,0.17377978327773905,-0.0745748672164319,1.0940373425263423,0.8249938766865091,NA
NovelmiRNA-3751,0.3581253425393213,0.28630686614147943,1.1333695808795867,0.4036555771724655,NA
NovelmiRNA-704,0.09763192675873772,-0.0077278962411512836,1.0935769394253543,0.981579093001486,NA
NovelmiRNA-1204,0.2544032734933683,0.16784880125984594,1.1074299479334526,0.6180660703314368,NA
NovelmiRNA-3495,11.605859989634205,-0.28721000657728074,1.1202661909892264,0.4144271464364808,0.7415021898699569
NovelmiRNA-1583,1.16841706526734,-0.35877833773185963,1.1496529804870528,0.30879384929026876,NA
NovelmiRNA-2245,0,0,3.389261151165404,NA,NA
NovelmiRNA-1053,8.790973423133918,0.04807450381233889,0.8797055902955311,0.9190555802109729,0.9754090572963401
NovelmiRNA-3702,0,0,3.389261151165404,1,NA
NovelmiRNA-703,0.6103706876592316,-0.4072199664835548,1.0733284164933947,0.32312799018329486,NA
NovelmiRNA-706,1.110898455576765,0.36107302945220043,1.1585452891328234,0.3002544289546536,NA
NovelmiRNA-74,0.3069645793194183,0.2710432181684565,1.1291613037287596,0.4278098608605003,NA
NovelmiRNA-2665,0,0,3.389261151165404,NA,NA
NovelmiRNA-76,0,0,3.389261151165404,NA,NA
NovelmiRNA-2057,0,0,3.389261151165404,NA,NA
NovelmiRNA-2182,0.6754212116896329,-0.05864096383413659,1.0454196722109863,0.87854273305285,NA
NovelmiRNA-2893,0,0,3.389261151165404,NA,NA
NovelmiRNA-3109,0,0,3.389261151165404,NA,NA
NovelmiRNA-249,0.5000024845701297,0.32312693156748395,1.1447018301938032,0.34973099585566725,NA
NovelmiRNA-482,0,0,3.389261151165404,NA,NA
NovelmiRNA-78,49.77243560595016,0.7255038714160624,1.0510395126340335,0.13886927499073606,0.38741874169390056
NovelmiRNA-3607,0.1303348374583043,-0.03582327506277278,1.093364415770049,0.9149907494488244,NA
NovelmiRNA-1393,0,0,3.389261151165404,NA,NA
NovelmiRNA-3070,0.41868258927795793,-0.20178217102701865,1.1073865658370035,0.5562965544243685,NA
NovelmiRNA-1303,0,0,3.389261151165404,1,NA
NovelmiRNA-2586,1.8549038485622718,-0.04527922136645006,1.086749987972841,0.8949053297252055,0.966279990851614
NovelmiRNA-3159,0.21722472909717383,-0.10618838182852237,1.0957456394156568,0.7538274489856337,NA
NovelmiRNA-3096,0.5529053757858196,0.05396260592486845,1.091368127029796,0.8733466982327502,NA
NovelmiRNA-3268,0.6023147318315095,-0.2554560059371417,1.1183431296295436,0.4600525658731366,NA
NovelmiRNA-848,0.45379287652204625,-0.0830967944259876,1.0926098886002926,0.8065808820308706,NA
NovelmiRNA-3567,0.6102363707468828,0.02090142669166374,1.0894316111945606,0.9508613651184491,NA
NovelmiRNA-2543,0.13017590234498363,-0.03827625969386909,1.0933757275527791,0.9092180744768741,NA
NovelmiRNA-636,19.763310373423266,-0.044891249250808084,1.0839515394488786,0.8966503062857101,0.966279990851614
NovelmiRNA-988,0.03254397558624591,0.07910191090583267,1.0971006860693793,0.813100604445209,NA
NovelmiRNA-2231,2.8941592194702417,0.6638946193620746,1.306499293697699,0.09149019831660071,0.2979383409864023
NovelmiRNA-3679,0.28053461555260445,-0.14467625547007146,1.0992593894763114,0.6707281963798124,NA
NovelmiRNA-205,1.450431459467877,0.13704389468781686,1.0955838097850181,0.6891817558686812,0.8586891345693081
NovelmiRNA-300,1.010480531435789,0.4091622714005921,1.1795214562485823,0.24612149535582353,NA
NovelmiRNA-627,0.28358162982413193,0.09749064505174923,1.0983363692083674,0.7711286091197058,NA
NovelmiRNA-2428,4.8800708369921635,0.3321867897615413,1.09821902743156,0.3797463365158616,0.7065074593443411
NovelmiRNA-793,0.08688989163886952,0.02163843924054406,1.0942547379195615,0.9483797979066013,NA
NovelmiRNA-2419,2.487982566111591,-0.48448468937497813,1.210096598728374,0.18287331051902317,0.4560851720307904
NovelmiRNA-3472,0,0,3.389261151165404,NA,NA
NovelmiRNA-3524,0.40060296066046525,0.03280596505416862,1.0915300053435415,0.9225333684708263,NA
NovelmiRNA-3329,0,0,3.389261151165404,NA,NA
NovelmiRNA-696,163.27883048831382,-0.30116424798685104,1.1225138757927344,0.3946182520347428,0.7186810577597396
NovelmiRNA-3296,1.6626779478922835,-0.5541688032548812,0.9761446448332288,0.25699080540484115,0.567062835099851
NovelmiRNA-1078,0,0,3.389261151165404,NA,NA
NovelmiRNA-2188,0.19542278863079612,-0.09188744344791452,1.0948401898388669,0.7857314562637152,NA
NovelmiRNA-1837,0.09266380489715531,0.02163843924054406,1.0942547379195615,0.9483797979066013,NA
NovelmiRNA-3697,0,0,3.389261151165404,NA,NA
NovelmiRNA-2456,0,0,3.389261151165404,NA,NA
NovelmiRNA-53,0,0,3.389261151165404,NA,NA
NovelmiRNA-224,16.109847771877277,-0.029328985224465,1.0835465243843212,NA,NA
NovelmiRNA-104,0,0,3.389261151165404,1,NA
NovelmiRNA-510,0.16466255211816264,0.08774987352816882,1.0976029180263187,0.7932881482090974,NA
NovelmiRNA-2511,1.3715025649238441,-0.3845144753577137,1.159834679277508,NA,NA
NovelmiRNA-1253,0,0,3.389261151165404,NA,NA
NovelmiRNA-984,0,0,3.389261151165404,NA,NA
NovelmiRNA-2159,0,0,3.389261151165404,NA,NA
NovelmiRNA-3071,0,0,3.389261151165404,NA,NA
NovelmiRNA-906,0.4778944040137824,-0.2209912570259747,1.1109259111955359,0.5205200385443691,NA
NovelmiRNA-125,0.6516741872915215,-0.26758755241624954,1.1212922855255876,0.4399414120420796,NA
NovelmiRNA-2952,1.5240640837778319,0.5283351955293725,1.2126285206437666,0.15961354502547953,0.4198204355354238
NovelmiRNA-3455,0.711315821916619,-0.16789570955184285,1.1009668504181462,0.6238829240483155,NA
NovelmiRNA-3052,0.6453604018949614,0.20712279897659888,1.1144757510947416,0.5402407736566865,NA
NovelmiRNA-3515,0,0,3.389261151165404,NA,NA
NovelmiRNA-88,0.09351153851753481,-0.004379229396756273,1.0936099082225312,0.989558880535692,NA
NovelmiRNA-3263,0.031170512839178273,0.07910191090583267,1.0971006860693793,0.813100604445209,NA
NovelmiRNA-3006,0.06508795117249182,0.025374405419756337,1.0944046815187112,0.9394731615338523,NA
NovelmiRNA-3475,0.49863187683643123,-0.22628915495374197,1.1119758099647548,0.5109098149238795,NA
NovelmiRNA-971,0,0,3.389261151165404,NA,NA
NovelmiRNA-1460,0,0,3.389261151165404,NA,NA
NovelmiRNA-1142,0.14305660890733765,0.20712279897659888,1.1144757510947416,0.5402407736566865,NA
NovelmiRNA-2358,0,0,3.389261151165404,NA,NA
NovelmiRNA-1862,0,0,3.389261151165404,NA,NA
NovelmiRNA-981,0.17377978327773905,-0.0745748672164319,1.0940373425263423,0.8249938766865091,NA
NovelmiRNA-2200,0.09763192675873772,-0.0077278962411512836,1.0935769394253543,0.981579093001486,NA
NovelmiRNA-507,1.9417818178336312,-1.5220626942629083,1.18655725758611,0.010462543440506412,0.060297289828181694
NovelmiRNA-2524,0.40928610575922436,0.3015279742269761,1.1378138765758399,0.38065028997565853,NA
NovelmiRNA-343,0,0,3.389261151165404,NA,NA
NovelmiRNA-1875,0.23165951224288828,-0.11487834064438072,1.096401987582248,0.734697004287238,NA
NovelmiRNA-973,0,0,3.389261151165404,NA,NA
NovelmiRNA-2242,0.31170512839178277,-0.15978403326837254,1.1010677529059387,0.639349198077984,NA
NovelmiRNA-2169,0.28053461555260445,-0.14467625547007146,1.0992593894763114,0.6707281963798124,NA
NovelmiRNA-2713,0,0,3.389261151165404,NA,NA
NovelmiRNA-1842,1.5512991723800083,-0.40386102883916547,1.168188377298882,NA,NA
NovelmiRNA-2375,0.06508795117249182,0.025374405419756337,1.0944046815187112,0.9394731615338523,NA
NovelmiRNA-783,0,0,3.389261151165404,NA,NA
NovelmiRNA-2761,0.838841175136991,0.38625633139520776,1.1690371008565377,0.27074057179712846,NA
NovelmiRNA-640,0.1303348374583043,-0.03582327506277278,1.093364415770049,0.9149907494488244,NA
NovelmiRNA-3020,0.17377978327773905,-0.0745748672164319,1.0940373425263423,0.8249938766865091,NA
NovelmiRNA-2022,109.80882613994986,0.11730748492715215,0.7634128643188066,0.8063529106444797,0.930652371178609
NovelmiRNA-3002,1.2298742175113915,-0.02419575488033123,1.0870179911352191,0.9435539552940415,NA
NovelmiRNA-3719,1.2047700600453104,-0.36315609705482904,1.151312200837616,0.30338041628811996,NA
NovelmiRNA-2396,0.2606696749166086,-0.13231023585380458,1.097959554978394,0.6969543839110941,NA
NovelmiRNA-1640,0.22780782910372133,-0.11487736993107454,1.096401909797064,0.7346991299226697,NA
NovelmiRNA-442,0,0,3.389261151165404,NA,NA
NovelmiRNA-363,0,0,3.389261151165404,NA,NA
NovelmiRNA-1539,0.09763192675873772,-0.0077278962411512836,1.0935769394253543,0.981579093001486,NA
NovelmiRNA-1750,0.39100451237491285,-0.19130849547496823,1.105630507517463,0.5764039426874081,NA
NovelmiRNA-2612,1.7707928438130818,0.04552452610146472,1.086970112623702,0.894273998638017,0.966279990851614
NovelmiRNA-2643,0.6554810359549202,0.3532672651173803,1.1555092440580956,0.3099344179145033,NA
NovelmiRNA-2940,0,0,3.389261151165404,NA,NA
NovelmiRNA-559,0,0,3.389261151165404,NA,NA
NovelmiRNA-3328,2.9059543805293218,-0.4063161836601785,1.0302141545830865,0.35532179021937615,0.683867151221608
NovelmiRNA-2142,0,0,3.389261151165404,NA,NA
NovelmiRNA-436,0.19542278863079612,-0.09188744344791452,1.0948401898388669,0.7857314562637152,NA
NovelmiRNA-968,0.22682317738272617,0.24251923949543816,1.1220137784526376,0.4757822053497153,NA
NovelmiRNA-1716,0.5298987182660306,-0.23740151480632102,1.1142834340028136,0.49112107426824764,NA
NovelmiRNA-2734,0.738564078930391,-0.28667184268857177,1.126303191925148,0.4095654506542679,NA
NovelmiRNA-2861,1.4867431188140217,-0.4679895549740003,1.1555148838308813,0.21798899196312152,0.5078679706374852
NovelmiRNA-344,0,0,3.389261151165404,NA,NA
NovelmiRNA-3662,0,0,3.389261151165404,NA,NA
NovelmiRNA-3663,0.16271987793122952,-0.06788833534379632,1.093814267224855,0.8403278987416328,NA
NovelmiRNA-1803,0.4446279562309016,-0.2113888171654191,1.1091046082245937,0.5382235699372897,NA
NovelmiRNA-1625,0.2184936786516401,0.20712279897659888,1.1144757510947416,0.5402407736566865,NA
NovelmiRNA-1580,2.0271177721358913,0.5223515155879728,1.2451728730762315,0.15249922842185126,0.41140211704211693
NovelmiRNA-2925,0,0,3.389261151165404,NA,NA
NovelmiRNA-1313,0,0,3.389261151165404,NA,NA
NovelmiRNA-313,0,0,3.389261151165404,NA,NA
NovelmiRNA-1035,0.797300063168471,-0.2123549561253382,1.1084633938740605,0.5372238079323869,NA
NovelmiRNA-3625,0,0,3.389261151165404,NA,NA
NovelmiRNA-274,0,0,3.389261151165404,NA,NA
NovelmiRNA-2261,0.15121545158848412,0.20712279897659888,1.1144757510947416,0.5402407736566865,NA
NovelmiRNA-3569,0,0,3.389261151165404,NA,NA
NovelmiRNA-1608,1.1615845522920496,0.13937161528293016,1.0968056188984383,0.6834656379735983,NA
NovelmiRNA-3496,1.8718349502644362,0.5115616150110928,1.237791748221712,0.15965235172745368,0.4198204355354238
NovelmiRNA-1697,0,0,3.389261151165404,NA,NA
NovelmiRNA-285,0,0,3.389261151165404,NA,NA
NovelmiRNA-3565,0.14305660890733765,0.20712279897659888,1.1144757510947416,0.5402407736566865,NA
NovelmiRNA-700,0.062341025678356546,0.02838302730669747,1.094536069477659,0.9323039467117968,NA
NovelmiRNA-3554,0,0,3.389261151165404,NA,NA
NovelmiRNA-1624,28.282659728452032,-24.66333443968545,3.421236108430755,NA,NA
NovelmiRNA-3044,0.3905277070349509,-0.19229547123130417,1.1057908180133307,0.5744914677528672,NA
NovelmiRNA-1584,0.27799141469146593,-0.1411650903305344,1.0988738517831067,0.6781265248958276,NA
NovelmiRNA-3401,0.6453604018949614,0.20712279897659888,1.1144757510947416,0.5402407736566865,NA
NovelmiRNA-28,1.459073073501168,-0.39413390797138104,1.1639111608216894,0.26730342498502396,0.5754171915508777
NovelmiRNA-3525,1.93879792266273,0.048246311912148794,1.0046212951576983,0.9078544412541398,0.9699877802272929
NovelmiRNA-3137,0.15348228965970914,0.21492020548842536,1.1160648224812566,0.525534929949431,NA
NovelmiRNA-3795,3.1724821624971904,0.2204466028378144,1.1068920088587537,0.5253495581582057,0.7839969556159936
NovelmiRNA-3484,0,0,3.389261151165404,NA,NA
NovelmiRNA-1828,0,0,3.389261151165404,NA,NA
NovelmiRNA-388,0.1740283655735011,0.1517909190957532,1.1048247686080959,0.6517204289988117,NA
NovelmiRNA-298,0.3475595665554781,-0.1740397338563645,1.1029979091116955,0.6104462194290226,NA
NovelmiRNA-1852,0,0,3.389261151165404,NA,NA
NovelmiRNA-634,0.15348228965970914,0.21492020548842536,1.1160648224812566,0.525534929949431,NA
NovelmiRNA-3603,0.40957009258635024,0.05553039794804153,1.0954415307495642,0.8681401604342351,NA
NovelmiRNA-2257,0,0,3.389261151165404,NA,NA
NovelmiRNA-2932,0.2544032734933683,0.16784880125984594,1.1074299479334526,0.6180660703314368,NA
NovelmiRNA-2602,0.15348228965970914,0.21492020548842536,1.1160648224812566,0.525534929949431,NA
NovelmiRNA-3340,0,0,3.389261151165404,NA,NA
NovelmiRNA-581,0,0,3.389261151165404,NA,NA
NovelmiRNA-401,0.920165303042125,-0.5620392290302768,1.093908766012669,0.19662421629760826,NA
NovelmiRNA-389,0.09266380489715531,0.02163843924054406,1.0942547379195615,0.9483797979066013,NA
NovelmiRNA-1491,1.8362632127723935,-0.14478417297460833,1.0951023443476817,0.674000540294412,0.8586891345693081
NovelmiRNA-563,0.17377978327773905,-0.0745748672164319,1.0940373425263423,0.8249938766865091,NA
NovelmiRNA-2274,0,0,3.389261151165404,NA,NA
NovelmiRNA-2706,0.25580381609951525,0.25513108000692875,1.1250420958485219,0.45413636114850414,NA
NovelmiRNA-1291,1.0013962623513635,0.4107945931160541,1.180296446922608,0.244449850765145,NA
NovelmiRNA-3398,0.2184936786516401,0.20712279897659888,1.1144757510947416,0.5402407736566865,NA
NovelmiRNA-516,0.27391296867393916,-0.1406974118391805,1.0988234854472112,0.6791148884994179,NA
NovelmiRNA-866,0,0,3.389261151165404,NA,NA
NovelmiRNA-342,0,0,3.389261151165404,NA,NA
NovelmiRNA-3764,29.499118211396205,-24.492191160032267,3.4212193693069017,NA,NA
NovelmiRNA-1506,0.2142867791014842,0.23823197988404157,1.1210309517985129,0.48329595970345357,NA
NovelmiRNA-9,0.2544032734933683,0.16784880125984594,1.1074299479334526,0.6180660703314368,NA
NovelmiRNA-965,2.215215431451211,-0.4643890932789914,1.1985205080350414,0.19915768182190266,0.48061192638012873
NovelmiRNA-3632,0,0,3.389261151165404,NA,NA
NovelmiRNA-1137,8.174498021853859,0.08375463567531329,1.0341239364828558,0.8320434555515295,0.9392655503390976
NovelmiRNA-732,0,0,3.389261151165404,NA,NA
NovelmiRNA-3506,0.12468205135671309,-0.033653906557097484,1.093359887465448,0.9201022438331407,NA
NovelmiRNA-1586,1.7778560258452005,-0.5103852604426949,1.170573469528711,0.18523170446116285,0.45878429003500587
NovelmiRNA-659,0,0,3.389261151165404,NA,NA
NovelmiRNA-1524,0,0,3.389261151165404,NA,NA
NovelmiRNA-2372,0,0,3.389261151165404,NA,NA
NovelmiRNA-3683,2.0281133259596054,-0.9457598637299267,1.1896367604937006,0.053597954945413015,0.21149463302784596
NovelmiRNA-2162,0.32543975586245905,-0.16582266269260362,1.101858705987812,0.6270201465221781,NA
NovelmiRNA-3390,0,0,3.389261151165404,NA,NA
NovelmiRNA-2029,0.3226802009474807,0.16784880125984591,1.1074299479334526,0.6180660703314369,NA
NovelmiRNA-3778,0,0,3.389261151165404,1,NA
NovelmiRNA-2722,0,0,3.389261151165404,NA,NA
NovelmiRNA-3366,0,0,3.389261151165404,NA,NA
NovelmiRNA-2727,0,0,3.389261151165404,NA,NA
NovelmiRNA-452,0.3226802009474807,0.16784880125984591,1.1074299479334526,0.6180660703314369,NA
NovelmiRNA-945,0.32838421870164825,-0.009522816747208814,1.0912232280273122,0.9774659743847405,NA
NovelmiRNA-1515,4.653178532297672,-2.849638101683615,1.5173749003186008,1.637615028228481e-4,0.002241485569887733
NovelmiRNA-2287,1.4362684246839816,-0.09086066153698735,1.0044155536096582,0.8281578762981178,0.9385075027647493
NovelmiRNA-3074,0,0,3.389261151165404,NA,NA
NovelmiRNA-561,0.062341025678356546,0.02838302730669747,1.094536069477659,0.9323039467117968,NA
NovelmiRNA-3786,0,0,3.389261151165404,NA,NA
NovelmiRNA-1025,0,0,3.389261151165404,1,NA
NovelmiRNA-3123,1.8391733504168555,-0.10506608422836718,1.0906715442936976,0.7596669736349579,0.9041688436198685
NovelmiRNA-867,0.03254397558624591,0.07910191090583267,1.0971006860693793,0.813100604445209,NA
NovelmiRNA-3720,0.7152830445366881,0.367006883422041,1.1609206656510722,0.2930656375737124,NA
NovelmiRNA-3823,0,0,3.389261151165404,NA,NA
NovelmiRNA-743,2.788015487192059,0.5818491441369483,1.2905068097762378,0.11861200202249512,0.34634704590568577
NovelmiRNA-2085,0.08688989163886952,0.02163843924054406,1.0942547379195615,0.9483797979066013,NA
NovelmiRNA-1470,0,0,3.389261151165404,NA,NA
NovelmiRNA-587,0,0,3.389261151165404,NA,NA
NovelmiRNA-3055,0,0,3.389261151165404,NA,NA
NovelmiRNA-2160,0.40521666690931757,-0.19783448102342316,1.1067104244095944,0.5638264747679878,NA
NovelmiRNA-1574,0,0,3.389261151165404,NA,NA
NovelmiRNA-3412,0.3226802009474807,0.16784880125984591,1.1074299479334526,0.6180660703314369,NA
NovelmiRNA-1806,0,0,3.389261151165404,NA,NA
NovelmiRNA-1254,0,0,3.389261151165404,NA,NA
NovelmiRNA-2360,10.42307678237202,0.7730258407825258,1.1193708537873204,0.10214769951603773,0.31196141000155625
NovelmiRNA-3087,0,0,3.389261151165404,NA,NA
NovelmiRNA-760,0,0,3.389261151165404,1,NA
NovelmiRNA-473,0,0,3.389261151165404,NA,NA
NovelmiRNA-2403,0,0,3.389261151165404,NA,NA
NovelmiRNA-1415,0.062341025678356546,0.02838302730669747,1.094536069477659,0.9323039467117968,NA
NovelmiRNA-3316,0.4675576925876741,-0.2188540518321974,1.1105114759281267,0.5244286612438973,NA
NovelmiRNA-1261,0,0,3.389261151165404,NA,NA
NovelmiRNA-840,2.1718551040698517,-0.10193469612696088,1.0900746670823256,NA,NA
NovelmiRNA-817,0.45364635476545234,0.3111799596130942,1.1408061526497595,0.3665836484850349,NA
NovelmiRNA-2492,0,0,3.389261151165404,NA,NA
NovelmiRNA-82,0.17377978327773905,-0.0745748672164319,1.0940373425263423,0.8249938766865091,NA
NovelmiRNA-27,0.1303348374583043,-0.03582327506277278,1.093364415770049,0.9149907494488244,NA
NovelmiRNA-2225,0,0,3.389261151165404,NA,NA
NovelmiRNA-3623,0.13017590234498363,-0.03827625969386909,1.0933757275527791,0.9092180744768741,NA
NovelmiRNA-2220,0.09763192675873772,-0.0077278962411512836,1.0935769394253543,0.981579093001486,NA
NovelmiRNA-2646,0,0,3.389261151165404,NA,NA
NovelmiRNA-3445,0,0,3.389261151165404,NA,NA
NovelmiRNA-1070,2.7036591635537714,0.5824361184952808,1.290993706197503,0.11832072834995873,0.34634704590568577
NovelmiRNA-521,0.062341025678356546,0.02838302730669747,1.094536069477659,0.9323039467117968,NA
NovelmiRNA-2960,0.6545807696227438,-0.26908287974401485,1.1216683570892836,NA,NA
NovelmiRNA-3147,0,0,3.389261151165404,NA,NA
NovelmiRNA-2509,0,0,3.389261151165404,NA,NA
NovelmiRNA-699,0.20464305287961218,0.23658941479988765,1.1206605980667386,0.48619544290294503,NA
NovelmiRNA-3681,0,0,3.389261151165404,NA,NA
NovelmiRNA-1288,0.13899570734573297,-0.042709750149652795,1.0934127645333511,0.8988045880437828,NA
NovelmiRNA-321,2.6316465102176143,0.03141708746627178,1.0854844955246328,0.927128035268902,0.97681745087673
NovelmiRNA-2152,0.43444945819434766,-0.20685087309653655,1.1082801611024018,0.54671616804441,NA
NovelmiRNA-3643,0,0,3.389261151165404,NA,NA
NovelmiRNA-2707,0,0,3.389261151165404,NA,NA
NovelmiRNA-2516,0,0,3.389261151165404,NA,NA
NovelmiRNA-112,0.21819358987424792,-0.10904200263727552,1.095952344851268,0.747523246742501,NA
NovelmiRNA-460,0.7447013736587605,-0.2882225782279211,1.1267307678278657,0.4071653164520596,NA
NovelmiRNA-1825,0.32749090730058933,0.06783239066948728,1.0955543864263753,0.839634019378223,NA
NovelmiRNA-266,0,0,3.389261151165404,NA,NA
NovelmiRNA-3192,0,0,3.389261151165404,NA,NA
NovelmiRNA-1473,0.12468205135671309,-0.033653906557097484,1.093359887465448,0.9201022438331407,NA
NovelmiRNA-2711,0.12468205135671309,-0.033653906557097484,1.093359887465448,0.9201022438331407,NA
NovelmiRNA-3293,0.3226802009474807,0.16784880125984591,1.1074299479334526,0.6180660703314369,NA
NovelmiRNA-3642,0,0,3.389261151165404,NA,NA
NovelmiRNA-2549,0,0,3.389261151165404,NA,NA
NovelmiRNA-157,0,0,3.389261151165404,NA,NA
NovelmiRNA-1633,2.582362910085226,0.5721518179163066,1.2825757538328193,0.12353832393195817,0.3559854334355111
NovelmiRNA-1531,0.15775175606964711,-0.061693470788680864,1.093651387459467,0.8546118464668172,NA
NovelmiRNA-77,0,0,3.389261151165404,NA,NA
NovelmiRNA-34,0.6118926594907413,0.08839199357996019,1.095320958866176,0.7932084970074176,NA
NovelmiRNA-763,0,0,3.389261151165404,NA,NA
NovelmiRNA-1849,0.09266380489715531,0.02163843924054406,1.0942547379195615,0.9483797979066013,NA
NovelmiRNA-446,0.8104333338186351,-0.30162361695408463,1.130556611505783,NA,NA
NovelmiRNA-325,0.6804695321481785,0.36046164841508477,1.1583038738677542,0.3010034210555014,NA
NovelmiRNA-3570,0,0,3.389261151165404,1,NA
NovelmiRNA-3771,0,0,3.389261151165404,1,NA
NovelmiRNA-2976,137.92136853451015,-25.295277214068104,3.420895993738784,NA,NA
NovelmiRNA-526,0,0,3.389261151165404,NA,NA
NovelmiRNA-3196,0,0,3.389261151165404,NA,NA
NovelmiRNA-3579,3.2451458707964376,-0.5984113057168623,0.8655120172634099,0.2420187736951884,0.5422210888925448
NovelmiRNA-57,0.031170512839178273,0.07910191090583267,1.0971006860693793,0.813100604445209,NA
NovelmiRNA-3285,0,0,3.389261151165404,NA,NA
NovelmiRNA-1964,0,0,3.389261151165404,NA,NA
NovelmiRNA-1209,0.2544032734933683,0.16784880125984594,1.1074299479334526,0.6180660703314368,NA
NovelmiRNA-2833,0.5300002197206458,-0.23637497284476405,1.1140642219752388,0.4929280219000425,NA
NovelmiRNA-2609,0,0,3.389261151165404,NA,NA
NovelmiRNA-3713,2.8744906512078163,-0.3844705910146001,0.9166498364609776,0.42780116603864815,0.7555416742339346
NovelmiRNA-1403,0.7162506850786426,0.36861752887709837,1.1615755834353645,0.29113951263843496,NA
NovelmiRNA-1277,0,0,3.389261151165404,NA,NA
NovelmiRNA-1399,0.6163662326966819,0.10383291123905454,1.095198592094054,0.7593045477582953,NA
NovelmiRNA-2246,0,0,3.389261151165404,NA,NA
NovelmiRNA-283,0.15585256419589139,-0.06227998401350397,1.0936649928815907,0.8532564073907902,NA
NovelmiRNA-3807,0,0,3.389261151165404,1,NA
NovelmiRNA-595,0,0,3.389261151165404,NA,NA
NovelmiRNA-1139,2.9627455738438657,0.20568365567264588,1.1040210689131766,0.5528354874997827,0.8004692347930739
NovelmiRNA-773,0.9731105478024222,-0.3293526020996082,1.1392414046074144,0.34725500955169036,NA
NovelmiRNA-3088,0.14305660890733765,0.20712279897659888,1.1144757510947416,0.5402407736566865,NA
NovelmiRNA-2587,1.8549038485622718,-0.04527922136645006,1.086749987972841,0.8949053297252055,0.966279990851614
NovelmiRNA-2845,0,0,3.389261151165404,NA,NA
NovelmiRNA-1541,0,0,3.389261151165404,NA,NA
NovelmiRNA-3548,3.7770129285090497,0.3143175133932797,1.1316708061965302,0.37066038024745074,0.7000578736305089
NovelmiRNA-779,0.3581253425393213,0.28630686614147943,1.1333695808795867,0.4036555771724655,NA
NovelmiRNA-2872,0,0,3.389261151165404,NA,NA
NovelmiRNA-1931,0.26035180468996727,-0.1338190759796181,1.0981094828939457,0.6937292630945178,NA
NovelmiRNA-3767,0,0,3.389261151165404,1,NA
NovelmiRNA-1904,0.1303348374583043,-0.03582327506277278,1.093364415770049,0.9149907494488244,NA
NovelmiRNA-2760,0.6277797844108645,0.3508092900423409,1.154573827274952,0.3130354537690705,NA
NovelmiRNA-1564,0,0,3.389261151165404,NA,NA
NovelmiRNA-241,8.790973423133918,0.04807450381233889,0.8797055902955311,0.9190555802109729,0.9754090572963401
NovelmiRNA-3739,0,0,3.389261151165404,NA,NA
NovelmiRNA-3160,0.2184936786516401,0.20712279897659888,1.1144757510947416,0.5402407736566865,NA
NovelmiRNA-2185,0,0,3.389261151165404,NA,NA
NovelmiRNA-686,0.26035180468996727,-0.1338190759796181,1.0981094828939457,0.6937292630945178,NA
NovelmiRNA-3300,0.5540354187071458,-0.24215086138346323,1.1153137678698541,0.4828174841366478,NA
NovelmiRNA-370,0.22682317738272617,0.24251923949543816,1.1220137784526376,0.4757822053497153,NA
NovelmiRNA-2451,0,0,3.389261151165404,NA,NA
NovelmiRNA-412,0,0,3.389261151165404,NA,NA
NovelmiRNA-1310,2.215091742074063,0.5444289220922395,1.2610717694580211,0.13886902504981238,0.38741874169390056
NovelmiRNA-48,0.5213393498332172,-0.2339706629015866,1.1135556261965336,0.4971770331967235,NA
NovelmiRNA-3723,0,0,3.389261151165404,NA,NA
NovelmiRNA-946,0.7200503486163301,-0.04768198012847341,1.0497197202442843,0.8999746173344041,NA
NovelmiRNA-3661,0.6513814246407535,-0.26702738580080104,1.1211521199432124,0.4408563674662159,NA
NovelmiRNA-1323,0,0,3.389261151165404,NA,NA
NovelmiRNA-2776,8.81329550948727,0.14892144262064502,0.8129059917107692,0.7574282924872966,0.9041688436198685
NovelmiRNA-1195,2.8638698515896395,-0.5099946519828867,1.2259436887944384,NA,NA
NovelmiRNA-130,0.23165951224288828,-0.11487834064438072,1.096401987582248,0.734697004287238,NA
NovelmiRNA-406,17.489314525789844,-0.4985345997225199,1.2114426089760886,0.17481811074944542,0.43985028014970623
NovelmiRNA-2118,0,0,3.389261151165404,NA,NA
NovelmiRNA-1985,0.6082292414720867,-0.25714031316016117,1.1187418181624695,0.45722339713861876,NA
NovelmiRNA-2535,0.968040602842442,0.268377114064586,1.1284474933503688,0.43214388815426863,NA
NovelmiRNA-2874,0.30411462073604334,-0.15459248884927815,1.100418924286134,0.6500473704383141,NA
NovelmiRNA-544,0.9832215539323803,0.4056935743486222,1.1778907947041857,0.24970763042478836,NA
NovelmiRNA-832,0,0,3.389261151165404,NA,NA
NovelmiRNA-2538,0.7632098204801048,0.268377114064586,1.1284474933503688,0.43214388815426863,NA
NovelmiRNA-2192,0,0,3.389261151165404,NA,NA
NovelmiRNA-1434,0.08688989163886952,0.02163843924054406,1.0942547379195615,0.9483797979066013,NA
NovelmiRNA-1975,0.03254397558624591,0.07910191090583267,1.0971006860693793,0.813100604445209,NA
NovelmiRNA-894,5.454839746856198,-20.924935516672853,3.4238573291404357,NA,NA
NovelmiRNA-3497,1.9664431078647606,0.5208918044935865,1.2441594863909304,0.15344756095028803,0.41140211704211693
NovelmiRNA-967,0.18702307703506962,-0.08747632566231325,1.0946049831598414,0.7956717381205438,NA
NovelmiRNA-1373,0,0,3.389261151165404,NA,NA
NovelmiRNA-1534,0,0,3.389261151165404,1,NA
NovelmiRNA-1639,0,0,3.389261151165404,NA,NA
NovelmiRNA-2521,0.41895129437999384,-0.202606774944564,1.107529987720756,0.5547312182459465,NA
NovelmiRNA-2383,5.547473525659396,-1.5080107780151117,1.3195318888647476,0.009508704706195706,0.055907599311138374
NovelmiRNA-3322,0.22682317738272617,0.24251923949543816,1.1220137784526376,0.4757822053497153,NA
NovelmiRNA-555,0,0,3.389261151165404,1,NA
NovelmiRNA-3051,0,0,3.389261151165404,NA,NA
NovelmiRNA-1900,0,0,3.389261151165404,NA,NA
NovelmiRNA-3709,0,0,3.389261151165404,NA,NA
NovelmiRNA-2839,0,0,3.389261151165404,NA,NA
NovelmiRNA-1286,0.13899570734573297,-0.042709750149652795,1.0934127645333511,0.8988045880437828,NA
NovelmiRNA-2237,0,0,3.389261151165404,NA,NA
NovelmiRNA-2686,0.5897848547822097,0.03501717412405981,1.0900785888508062,0.9177112748702965,NA
NovelmiRNA-3046,0,0,3.389261151165404,NA,NA
NovelmiRNA-2624,0,0,3.389261151165404,NA,NA
NovelmiRNA-1578,0,0,3.389261151165404,NA,NA
NovelmiRNA-2420,1.2164584829441734,-0.36474909223133334,1.151923246836269,NA,NA
NovelmiRNA-1300,0,0,3.389261151165404,NA,NA
NovelmiRNA-3457,0.41644805527297957,0.08996699437142386,1.0957057089880649,0.7894699510270702,NA
NovelmiRNA-646,0.7945257120434714,-0.31227473395898536,1.1251137134626126,0.3788014939328566,NA
NovelmiRNA-3521,0.8513825395738172,-0.1960048172968165,0.9958469032572189,0.6500227204959823,NA
NovelmiRNA-366,0,0,3.389261151165404,NA,NA
NovelmiRNA-432,0.5627683954189335,0.3390456451313819,1.1502314806524359,0.328230126731768,NA
NovelmiRNA-2453,0,0,3.389261151165404,NA,NA
NovelmiRNA-328,0.15585256419589139,-0.06227998401350397,1.0936649928815907,0.8532564073907902,NA
NovelmiRNA-786,0,0,3.389261151165404,NA,NA
NovelmiRNA-1950,1.052667295543577,-0.34123061250922504,1.1432914761351403,0.3312923198167192,NA
NovelmiRNA-600,0,0,3.389261151165404,NA,NA
NovelmiRNA-3752,0.3581253425393213,0.28630686614147943,1.1333695808795867,0.4036555771724655,NA
NovelmiRNA-3352,0,0,3.389261151165404,NA,NA
NovelmiRNA-1150,0,0,3.389261151165404,NA,NA
NovelmiRNA-1071,0,0,3.389261151165404,NA,NA
NovelmiRNA-2796,0.8012120664144216,-0.29908832794728457,1.1298146648062846,0.3906360988290551,NA
NovelmiRNA-748,4.097140920831668,0.17157337248471405,1.0706545301500887,0.6433226130781119,0.8579265638176068
NovelmiRNA-3092,0,0,3.389261151165404,NA,NA
NovelmiRNA-512,0.18702307703506962,-0.08747632566231325,1.0946049831598414,0.7956717381205438,NA
NovelmiRNA-3434,1.4556761947740984,-0.12612725142688663,1.0007089366898585,0.7656776580098006,0.9088531550360235
NovelmiRNA-1886,0.8570371694797841,-0.2200534320296263,0.9875288435498784,0.6164687435313325,NA
NovelmiRNA-3383,4.410953812276234,-0.018682414179943634,1.059610303856001,0.9596414597748558,0.9857947991330799
NovelmiRNA-159,0.6649174810488521,-0.2708720614518788,1.1221219913968083,0.43460333709235205,NA
NovelmiRNA-326,0.590302022390239,-0.2528646502270026,1.1177364500550768,0.46442851888626846,NA
NovelmiRNA-2408,0,0,3.389261151165404,NA,NA
NovelmiRNA-931,0.9266380489715531,-0.3215971715822265,1.136705393186795,NA,NA
NovelmiRNA-2177,0,0,3.389261151165404,NA,NA
NovelmiRNA-1857,0,0,3.389261151165404,NA,NA
NovelmiRNA-738,1.7807320469352212,-0.10756254002882953,1.0909562348326907,0.7541320150968859,0.9041688436198685
NovelmiRNA-3482,0.968040602842442,0.268377114064586,1.1284474933503688,0.43214388815426863,NA
NovelmiRNA-3379,0,0,3.389261151165404,1,NA
NovelmiRNA-447,0.6082292414720867,-0.25714031316016117,1.1187418181624695,0.45722339713861876,NA
NovelmiRNA-1768,0,0,3.389261151165404,NA,NA
NovelmiRNA-165,0.7162506850786426,0.36861752887709837,1.1615755834353645,0.29113951263843496,NA
NovelmiRNA-2556,7.60512885723886,0.3923271937265288,0.682248465235344,0.4025290399964556,0.728544295530775
NovelmiRNA-2091,0.09763192675873772,-0.0077278962411512836,1.0935769394253543,0.981579093001486,NA
NovelmiRNA-1718,0,0,3.389261151165404,NA,NA
NovelmiRNA-688,0,0,3.389261151165404,NA,NA
NovelmiRNA-3276,0,0,3.389261151165404,NA,NA
NovelmiRNA-3102,0,0,3.389261151165404,NA,NA
NovelmiRNA-1336,0.16271987793122952,-0.06788833534379632,1.093814267224855,0.8403278987416328,NA
NovelmiRNA-1151,0,0,3.389261151165404,NA,NA
NovelmiRNA-226,0.8837620614735328,-0.31496519125178607,1.1346033119607646,0.36739105887919454,NA
NovelmiRNA-3050,0.15121545158848412,0.20712279897659888,1.1144757510947416,0.5402407736566865,NA
NovelmiRNA-3781,0,0,3.389261151165404,NA,NA
NovelmiRNA-3128,0.9208937379582549,0.4005512855653298,1.1754826701701235,0.25512714164317774,NA
NovelmiRNA-3038,0,0,3.389261151165404,NA,NA
NovelmiRNA-1559,8.883550212769828,1.4201388965179627,0.6706388870956007,0.005825867284873884,0.036981592330069
NovelmiRNA-1974,0,0,3.389261151165404,NA,NA
NovelmiRNA-1838,1.222302706012175,-0.4105342151851075,1.1435534068712228,0.26710320486448236,NA
NovelmiRNA-445,0.14305660890733765,0.20712279897659888,1.1144757510947416,0.5402407736566865,NA
NovelmiRNA-3692,0.13899570734573297,-0.042709750149652795,1.0934127645333511,0.8988045880437828,NA
NovelmiRNA-1298,1.899608000391684,-0.43796361242233833,1.1844658351076152,NA,NA
NovelmiRNA-572,0.7058611682308243,-0.27984071564858426,1.1244565000926727,0.42026035731415573,NA
NovelmiRNA-1024,0,0,3.389261151165404,NA,NA
NovelmiRNA-3131,0.5532475849661803,-0.24372115740273106,1.11566029445753,0.4800924822370643,NA
NovelmiRNA-1372,0,0,3.389261151165404,NA,NA
NovelmiRNA-933,0,0,3.389261151165404,NA,NA
NovelmiRNA-2766,0,0,3.389261151165404,NA,NA
NovelmiRNA-3776,5.791487806072206,-21.054148457881585,3.423586519864347,NA,NA
NovelmiRNA-1674,0,0,3.389261151165404,NA,NA
NovelmiRNA-1566,111.96425232981976,-26.358404311979758,3.420915565061131,5.766425579369502e-15,1.6837962691758946e-12
NovelmiRNA-3142,0.46044686897912745,0.31520399061193244,1.142094370693948,0.36083836313090956,NA
NovelmiRNA-2827,0,0,3.389261151165404,NA,NA
