miRNA,baseMean,log2FoldChange,lfcSE,pvalue,padj
hsa-miR-551a,4.913102540616996,0.28842173515596126,0.917666659670503,0.2700363063915722,0.6325364064113871
hsa-miR-335-3p,0,0,3.680973323502433,NA,NA
hsa-miR-548an,0,0,3.680973323502433,NA,NA
hsa-miR-1-3p,3149.4991302509466,-0.1415270423598835,0.513622375771952,0.46282799395633634,0.7932400292730707
hsa-miR-548av-3p,3.9005948740742813,0.09044758585668766,0.7285476707660162,0.6785559400806853,0.892270394378269
hsa-miR-6806-3p,1.524298665949119,-0.22270961883604273,1.0437919098838833,0.3682901415593824,NA
hsa-miR-320b,1198.1557005475167,0.29746015039657786,0.6622569444961424,0.2009992434787548,0.5851425259458883
hsa-miR-4796-5p,0,0,3.680973323502433,NA,NA
hsa-miR-190b-5p,247.27942012810166,3.8278319117937163,1.7165313206920014,2.9332288662234276e-4,0.008829018887332517
hsa-miR-5000-3p,0,0,3.680973323502433,NA,NA
hsa-miR-10398-3p,0,0,3.680973323502433,NA,NA
hsa-miR-676-3p,36.20695800486069,0.5031001217596656,0.8832960638494685,0.09103432702297558,0.43951561189013066
hsa-miR-296-5p,65.00606669409592,0.35531649186147823,0.6787368341938479,0.14530029606330225,0.5182487770691986
hsa-let-7d-5p,10880.44330129269,-0.1769626859841415,0.3912749420614425,0.3486220467358048,0.7090218653207923
hsa-miR-369-3p,1334.058525447816,0.044166259876212255,0.4841991586687279,0.8082906990364956,0.9355707748568584
hsa-miR-3180-5p,12.891721073135445,0.08078916998133426,0.41400180705950373,0.6504747142148755,0.8823164257813579
hsa-miR-128-2-3p,157291.35102898927,-3.5672260370340347,1.5140463307109993,2.8986943448324924e-4,0.008829018887332517
hsa-miR-411-5p,2822.7182900177486,-0.051341614511318044,0.46372506464785285,0.7753186323787995,0.9275856848455117
hsa-miR-449a,235.5631970162475,5.92029737172956,1.7826196629209585,3.9762242490357316e-6,3.419552854170729e-4
hsa-miR-489-3p,11.222540625904863,0.6104464972871172,1.3519966342817278,0.08733136517200953,0.4382524043607242
hsa-miR-4803,0,0,3.680973323502433,NA,NA
hsa-miR-7843-3p,0.5138115076616949,-0.10404314338309609,0.9294997159066668,0.6465818569722657,NA
hsa-miR-6883-3p,2.205090994578083,-0.014807518868738899,0.7866806756273094,0.946139353696348,NA
hsa-miR-6513-3p,7.815488466474921,-0.32095179003796204,0.9196556121847665,0.23113358867651487,0.6211715195681338
hsa-miR-218-5p,28752.794284198382,-0.0708516449115907,0.4683390652965354,0.6961910535227125,0.8936183672082578
hsa-miR-133a-3p,360.37560537755826,-0.14097099401111365,0.47330194273615844,0.4542597243799984,0.7932400292730707
hsa-miR-548ah-3p,133.7998967987577,0.21700981206859538,0.7538580565545022,0.35358521603742815,0.711540174593086
hsa-miR-5579-5p,0,0,3.680973323502433,NA,NA
hsa-miR-30d-5p,73815.60695687463,0.07377885049946566,0.3741415653045419,0.6789525995942675,0.892270394378269
hsa-miR-758-3p,594.2222970155627,6.10078216249592e-4,0.48139414803788816,0.997308736982731,0.9974259014683983
hsa-miR-193b-3p,540.9844803267723,0.015049391092895544,0.403460033921031,0.9313157345818304,0.9777545814552231
hsa-miR-16-5p,24264.426315421515,-0.3050379409871755,0.6963904820654794,0.20075865157112424,0.5851425259458883
hsa-miR-548aw,0.39549578571255317,0.18406111638920028,1.0034245111270934,0.4423146703862887,NA
hsa-miR-342-3p,6072.854158571038,-0.19615074173171168,0.39537312299146743,0.3052602075610267,0.6586618098628605
hsa-miR-1912-5p,0,0,3.680973323502433,NA,NA
hsa-miR-152-3p,5977.703900959813,0.2918889018422341,0.5009202896990752,0.16937680393181295,0.5610195979548172
hsa-miR-3659,0.911444484137415,0.30275993131502904,1.1419733000582684,0.2556964566312855,NA
hsa-miR-139-5p,29300.92698720434,-2.8595155854497296,1.2287429590937382,4.1211251215543516e-4,0.011127184076101308
hsa-miR-6858-3p,0,0,3.680973323502433,NA,NA
hsa-miR-6794-3p,4.942644396768384,-0.753497552615005,1.5256131691869264,0.05894631627637832,0.403246390890679
hsa-miR-1236-3p,0.43942360668096536,-0.08810122728756437,0.9199386740627163,0.6954676297631712,NA
hsa-miR-655-3p,351.5771479106313,0.03780963928454858,0.4497047788484644,0.8316715815960526,0.9398150947755106
hsa-miR-6772-3p,1.240441946114892,0.10952986647687873,0.8389271322876608,0.6302969318662561,NA
hsa-miR-7158-3p,5.502967265469693,-0.30158024279935286,0.9019943992030015,0.25123375787295743,0.6280636011859431
hsa-miR-200a-3p,1255.2866470053227,1.161637557176393,1.4038986691977342,NA,NA
hsa-miR-4785,3.2758721311295416,-0.18278281810529942,0.896674253777687,0.4466244996215129,0.7931207928382028
hsa-miR-6851-3p,0,0,3.680973323502433,NA,NA
hsa-miR-323b-3p,2142.1175168837594,-0.01582347781442608,0.5214865178944137,0.9324616779754394,0.9777545814552231
hsa-miR-548e-3p,39.41215401248697,-0.25759896174937913,0.6034642860484204,0.23929846205482228,0.6280636011859431
hsa-miR-641,109.61337822108784,-0.06331973760060408,0.38170714402125844,0.72073462853612,0.8954571970499113
hsa-miR-551b-3p,78.3746425315618,0.11972697760731635,0.5034815431790373,0.5272323825803755,0.8532093933155539
hsa-miR-6866-5p,0,0,3.680973323502433,NA,NA
hsa-miR-5581-3p,2.9836631151228876,0.13790546534403245,0.7653347940642272,0.5416901442066018,NA
hsa-miR-4473,25.99578383337959,0.06320862649726977,0.4357565672794867,0.7225573922751896,0.8954571970499113
hsa-miR-6850-5p,0.3762850890537182,-0.07183891649630376,0.912085181055793,0.7478417456639198,NA
hsa-miR-629-5p,794.2862081284659,-0.20268548109667697,0.5182446039036646,0.3129280100302395,0.668023624248951
hsa-miR-103a-2-3p,54744.55174500593,-0.2536902139619057,0.41984185564554827,0.2048766529005095,0.5851425259458883
hsa-miR-7151-5p,10.020326970536383,-0.0941431551125369,0.5736042588874398,0.6333367572099297,0.8784976030420116
hsa-miR-6727-5p,0,0,3.680973323502433,NA,NA
hsa-miR-6775-3p,2.051876045821862,-0.267096722043879,0.931287040195918,0.30046123183513107,NA
hsa-miR-1228-3p,0,0,3.680973323502433,NA,NA
hsa-miR-371a-3p,1.7074994400085248,-0.2543013098737963,1.0614584382315393,0.3191675640394059,NA
hsa-miR-3679-5p,6.492067942492629,-0.06167956846628399,0.5641563865531781,0.7510185084672755,0.9170651969519267
hsa-miR-548l,9.441361419261296,-0.13213569023376145,0.7714196386503198,0.5586570310004673,0.8532242507314562
hsa-miR-153-3p,334.4566180588712,-0.16492597915833793,0.5179813620117978,0.39990902722269617,0.7570604854970537
hsa-miR-4797-3p,0,0,3.680973323502433,NA,NA
hsa-miR-154-3p,0,0,3.680973323502433,NA,NA
hsa-miR-664a-3p,571.6377853370216,0.2231960150358555,0.45599478088767154,0.26002659548640966,0.6305534298453866
hsa-miR-3158-3p,108.0049913639917,-0.02300192569924461,0.4506290442692342,0.8969084102231208,0.9763813073314986
hsa-miR-4743-5p,0.2309611866939652,-0.02767151236252752,0.8986169819249176,0.9002118272730658,NA
hsa-miR-6816-3p,0.7006778469189234,-0.13505963296716939,0.952791470059177,0.5591388428018981,NA
hsa-miR-5682,0.7222739276486951,-0.13845120252809454,0.9556769993928603,0.5502168442605223,NA
hsa-miR-5582-3p,2.1993726676344663,-0.3006459691016271,1.1095199541136576,0.25982350354828226,NA
hsa-miR-107,8910.956189836317,-0.3479104622199567,0.49254653002436916,0.1136989163377885,0.4796495290663482
hsa-miR-1267,1.4138558740480316,-0.2945707521027232,1.023730581327796,0.26906798702393925,NA
hsa-miR-2110,238.8956474835655,-0.08082554691420715,0.42166336021674555,0.6508194438814843,0.8823164257813579
hsa-miR-9983-3p,171.12924886957066,0.5542684824711033,0.9835939243696443,0.08389530113403493,0.4382524043607242
hsa-miR-3146,0,0,3.680973323502433,NA,NA
hsa-miR-1234-3p,1.7360991823545415,0.1040903365315684,0.7525125105473192,0.6385620709866857,NA
hsa-miR-6503-5p,4.399565625420052,-0.11425494921226491,0.7782779745857551,0.6111267953150177,0.8733600585747593
hsa-miR-1976,65.60453560903566,-0.30507859971836254,0.6661933332023975,0.19293019593255795,0.5851425259458883
hsa-miR-122b-5p,0.4557222420687075,0.20518471541650704,1.0247722303743354,0.40004273891037756,NA
hsa-miR-185-5p,9193.66445839782,-0.5303965349899166,0.84993473993006,0.07506502523928847,0.4382524043607242
hsa-miR-6746-3p,0.7928515792764297,-0.14754010723502164,0.9637088032225527,0.5269370036382623,NA
hsa-miR-4795-3p,2.5543723041480684,0.13210722217851878,0.7483857158622126,0.5548551585963866,NA
hsa-miR-4528,0.13264292989819942,-0.01600585721473074,0.896970941872547,0.9420941166009759,NA
hsa-miR-4774-5p,0.2309611866939652,-0.02767151236252752,0.8986169819249176,0.9002118272730658,NA
hsa-miR-520g-3p,1.4136783165481117,-0.3866096188615459,1.0509111564673144,0.18314237752629764,NA
hsa-miR-106b-5p,4967.039079265174,-0.1257030528175086,0.5397909057475262,0.518386295726403,0.8434285135872828
hsa-miR-579-3p,6.328496061597845,-0.22537273392103696,0.8525473141074219,0.35825785192143006,0.7141431352870891
hsa-miR-216a-5p,7.429409737054053,0.05606512023344737,0.5524703560963934,0.7707269230398761,0.9275856848455117
hsa-miR-4522,0.8053775489478866,0.28299271708618484,1.1164203061461588,0.2791371863253986,NA
hsa-miR-138-5p,2737.0450603597346,-0.5499540163362261,0.838885328612658,0.06665309017265923,0.43614304656457453
hsa-miR-3619-3p,1.1134749304251086,0.05980383602991082,0.8175705247909202,0.7879035712464105,NA
hsa-miR-548a-3p,9.844745428270208,-0.6807833113427701,0.9841027206451639,0.048628743975741,0.36593129841745103
hsa-miR-4735-5p,0.19774789285627659,0.10799269559879225,0.9390131180829302,0.6345685136949796,NA
hsa-miR-10522-5p,0,0,3.680973323502433,NA,NA
hsa-miR-668-3p,173.31996289838705,-0.02720108581500942,0.527157763074791,0.8847975517314546,0.9684511384406103
hsa-miR-12129,0,0,3.680973323502433,NA,NA
hsa-miR-549a-3p,10.004341320279513,0.24660242519409065,0.5694521594055508,0.24704102354593374,0.6280636011859431
hsa-miR-2467-5p,0,0,3.680973323502433,NA,NA
hsa-miR-509-3p,8.087591607317794,0.09554754105914988,0.5074370611442645,0.6110487422984938,0.8733600585747593
hsa-miR-891a-5p,14.10539940561841,0.6906583335129706,1.0762589304106511,0.054902209195452,0.384315464368164
hsa-miR-939-3p,0,0,3.680973323502433,NA,NA
hsa-miR-92a-3p,58894.60653512883,-0.027903364936711465,0.49109744282236395,0.8784696948800911,0.967963679298564
hsa-miR-6842-3p,74.86875976752246,-0.34837217764631595,0.6406008422747469,0.1429026929808861,0.5182487770691986
hsa-miR-6734-3p,0.781810559213983,0.13888045174627228,0.951311587025127,0.5493300242506822,NA
hsa-miR-30c-5p,25765.860828868434,0.035047982609881755,0.3618869495366544,0.8430602237464508,0.9451066195444384
hsa-miR-605-3p,0.47489310484702546,0.03059674438734867,0.899264536358229,0.8897798749246131,NA
hsa-miR-429,254.01391757130241,2.0038343706567083,1.6534732169414819,NA,NA
hsa-miR-320e,22.5633278693576,0.11097143331605264,0.8517194909036216,0.626610350668193,0.8752190976850399
hsa-miR-500a-5p,105.24403211252232,0.2948500355879017,0.5209300420259175,0.1700967172834149,0.5610195979548172
hsa-miR-4424,1.1374333514660542,0.12725351319800887,0.9358194686019519,0.5806177934285377,NA
hsa-miR-6803-3p,3.5183581318302752,0.2573989488627872,0.9515558952617195,0.31586600930350894,0.6695469633827901
hsa-miR-543,3020.613845463258,0.09726684738732952,0.581758479390574,0.6245976183683957,0.8752190976850399
hsa-miR-1264,100.19406328116135,0.3611548543299548,0.8104904432138844,NA,NA
hsa-miR-6812-3p,1.2738176228548705,-0.35575310555707557,1.0156787495509394,0.2063708006679282,NA
hsa-miR-582-5p,372.5644966326168,-2.6143534097929972,0.9305372584588456,1.4995642785233705e-4,0.005015209420394828
hsa-miR-542-3p,167.10249648063356,-0.23257521076992552,0.4943396069074639,0.2513966305127531,0.6280636011859431
hsa-miR-1180-3p,2994.193284485675,0.07282767509523717,0.38214844828583017,0.6820929172473584,0.892270394378269
hsa-miR-380-3p,81.74564553981915,0.01678418917588702,0.4605885086424197,0.9250669645253874,0.9777545814552231
hsa-miR-1243,4.167922776552209,-0.07721850765566796,0.5739994363311076,0.6944129154348968,0.8936183672082578
hsa-miR-1972,0.2991775112670507,-0.05093315632075761,0.9044511917292699,0.8184064314780174,NA
hsa-miR-1249-3p,202.6361128043802,-0.24412003880655023,0.5574595459275217,0.24780997967144425,0.6280636011859431
hsa-miR-17-5p,7111.982482997477,0.04763808286922403,0.47506514359912067,0.7924231368051735,0.9317162663217079
hsa-miR-3939,0.5956766825508748,-0.023068919075260794,0.8936845924980108,0.9167267058000014,NA
hsa-miR-3928-3p,19.38046495548731,-0.09100647788848376,0.5006140838660148,0.6258689619645637,0.8752190976850399
hsa-miR-6750-3p,1.191909509457317,0.13453171009418413,0.8645220600613008,0.5612201049040759,NA
hsa-miR-576-5p,133.68661719144274,-0.15134805285701852,0.5107630611683178,0.4341264170653071,0.7789383535683109
hsa-miR-302c-3p,0,0,3.680973323502433,NA,NA
hsa-miR-4689,0,0,3.680973323502433,NA,NA
hsa-miR-3622a-5p,0,0,3.680973323502433,NA,NA
hsa-miR-5697,1.2813935344395495,-0.0335830982126106,0.8085104742305105,0.879010157050511,NA
hsa-miR-431-5p,1.384235249993936,0.3729697709178936,1.237019549265527,0.19006953685378977,NA
hsa-miR-19b-1-3p,2767.3507136492435,-0.07562536837175696,0.5185859951531755,0.6877300049692971,0.892270394378269
hsa-miR-455-5p,4769.18858289887,2.2392257069372703,1.3522947146479551,0.0017837230293167505,0.03702762978098909
hsa-miR-6733-5p,0,0,3.680973323502433,NA,NA
hsa-miR-4775,3.517971642994709,0.06381065546684679,0.583928575515229,0.7466635986915118,0.913600582138801
hsa-miR-181c-5p,0,0,3.680973323502433,NA,NA
hsa-miR-660-5p,1292.8000593424129,0.25820728748288296,0.5001257915879788,0.21266991808357072,0.5927189383625443
hsa-miR-4661-5p,1.2529139448130366,0.09886469069062197,0.9110149472192477,0.6626808294865892,NA
hsa-miR-197-3p,2507.2346953639926,-0.015141668775757258,0.34191188074479884,0.9325593687002094,0.9777545814552231
hsa-miR-618,109.00570690733657,0.011235556538025306,0.4260981382972123,0.9489123864647024,0.9777545814552231
hsa-miR-3661,0.39549578571255317,0.18406111638920028,1.0034245111270934,0.4423146703862887,NA
hsa-miR-184,201.5526704896946,0.03609784904118104,0.4567268591747223,0.8397516312925167,0.943153884399431
hsa-miR-887-3p,374.39854190523414,-0.11761812157834689,0.5046500244312343,0.5344231099314991,0.8532242507314562
hsa-miR-19a-3p,766.4149545844816,0.21970695393973455,0.5895938312901503,0.29959687486745845,0.656106291898521
hsa-miR-6833-3p,13.73648596014605,0.08113857723697604,0.40665393693057467,0.6488387755763436,0.8823164257813579
hsa-miR-636,3.9897149899069206,-0.21669756878017876,0.7842136489243258,0.36155451904457736,0.7167271951845272
hsa-miR-1299,576.2557630227361,0.01627856577195526,0.5699075958750529,0.9332180661664243,0.9777545814552231
hsa-miR-382-3p,0,0,3.680973323502433,NA,NA
hsa-miR-4697-3p,0,0,3.680973323502433,NA,NA
hsa-miR-20b-5p,1187.6398292340243,-0.23756755678850353,0.5692455613334026,0.26178036715737374,0.6305534298453866
hsa-miR-191-5p,30149.58390659889,-0.09856340443349051,0.3512986590721295,0.5878057614700303,0.8733600585747593
hsa-miR-146a-5p,14536.649686547295,-0.1458130766401071,0.4213224464986085,0.43192853805476583,0.7785059278711648
hsa-miR-3616-5p,2.9530425228717876,0.6396866678611117,1.156008698900516,0.07363765703705258,NA
hsa-miR-4705,35.944844434777046,-0.22952908736879718,0.5284965307195738,0.26471696904431713,0.631001332553341
hsa-miR-6511b-3p,75.23160165676327,-0.0709064773960226,0.35853264038828264,0.6923473409628255,0.8936183672082578
hsa-miR-92a-1-3p,64243.08495953254,-0.017793960689823852,0.4900860000942123,0.9221862036790355,0.9777545814552231
hsa-miR-6764-5p,0.41571781798612334,-0.08003971179961732,0.915795478142464,0.7211307006418812,NA
hsa-miR-4422,0.41571781798612334,-0.08003971179961732,0.915795478142464,0.7211307006418812,NA
hsa-miR-3144-3p,6.052240628004048,0.25404416774615624,0.8861466702524531,0.31489470075730136,0.6695469633827901
hsa-miR-3199,2.3459678969559445,-0.4360759906977889,1.1785963272624531,0.1536233236134946,NA
hsa-miR-4492,0,0,3.680973323502433,NA,NA
hsa-miR-30e-5p,29056.561776043094,-0.05233512445996797,0.358124532021691,0.7689418338136254,0.9275856848455117
hsa-miR-491-5p,139.36445321454406,-0.9215973020454133,0.8213861366817784,0.010502217215589164,0.1618262868770503
hsa-miR-15b-5p,2004.9802477706055,-0.17645882617603617,0.583801841822595,0.39106448170192964,0.7521882919217067
hsa-miR-150-5p,1702.0752030216488,-0.8184614841307587,1.1173667601629858,NA,NA
hsa-miR-4773,0,0,3.680973323502433,NA,NA
hsa-miR-1252-5p,20.54660278017138,-1.6879610482937064,2.416475868794833,0.01075257720113291,0.1618262868770503
hsa-miR-4685-3p,9.959302520599739,-0.23098565686376746,0.7487753377824958,0.3258342088916034,0.679114904116264
hsa-miR-28-3p,1923.0306519488502,0.20593464528917055,0.38887648811839065,0.28450559090540717,0.6487589610797542
hsa-miR-514a-3p,81.12555460348888,0.10616723388793056,0.4434784734549729,0.5599831053256621,0.8532242507314562
hsa-miR-6813-5p,0,0,3.680973323502433,NA,NA
hsa-miR-3909,69.44411940806128,-0.11012053833435423,0.39995639744930667,0.5427534505668712,0.8532242507314562
hsa-miR-550a-3-3p,30.746132869098226,-0.09281841256785078,0.4754854499794475,0.6135731682086419,0.8733600585747593
hsa-miR-517-3p,5.51005491451419,0.0530047956687884,0.5657049095642055,0.7850499404923041,0.9308778839513717
hsa-miR-135a-5p,10612.030311628401,4.414032330566356,1.0609133258113557,2.1587810662612856e-6,2.1659770031488232e-4
hsa-miR-1307-3p,2287.079105417495,-0.06840100025667777,0.40153594475409854,0.6993501420881622,0.8954571970499113
hsa-miR-1343-3p,13.311438419954237,-0.09743691591902084,0.6121821253366098,0.631898539216704,0.8784976030420116
hsa-miR-4254,2.9005286423767647,-0.5206422053812964,1.1160441599390019,0.11094361754360796,NA
hsa-miR-208a-3p,0.19774789285627659,0.10799269559879225,0.9390131180829302,0.6345685136949796,NA
hsa-miR-3150a-3p,0,0,3.680973323502433,NA,NA
hsa-miR-330-5p,1816.2196815945256,-1.316955416703244,1.7130859059985852,0.01858491043976053,0.22542394943977018
hsa-miR-6820-3p,0,0,3.680973323502433,NA,NA
hsa-miR-4446-3p,38.52037348746303,-0.27497409342614937,0.5635435674530925,0.20425632407746572,0.5851425259458883
hsa-miR-4471,0.2828503209677298,-0.05234564542634252,0.9048965493546356,0.813538325882324,NA
hsa-miR-4790-5p,0,0,3.680973323502433,NA,NA
hsa-miR-375-3p,308.56905321957004,3.0501649751187974,1.5175282400165984,NA,NA
hsa-miR-4732-5p,51.64923791312412,-1.4012896198889102,2.359557677181063,0.016284438768191953,0.21311374214025122
hsa-miR-4767,0.5542904239814977,-0.10865715897666421,0.9325883605670449,0.6329180941944331,NA
hsa-miR-135b-5p,936.5822423938632,4.67586566934681,1.2796000734829378,7.677077163294246e-6,5.13511161367015e-4
hsa-miR-1286,4.375122956798598,-1.1422061996762591,1.7149611254359225,0.02590404795457233,0.2734029374259119
hsa-miR-124-3p,11752.110276265585,-3.303554463892862,0.9859478169564243,4.6006875641741644e-5,0.0023080115946940392
hsa-miR-127-3p,47938.04402700981,0.275377350104713,0.693051940181628,0.2383860864503996,0.6280636011859431
hsa-miR-1265,0,0,3.680973323502433,NA,NA
hsa-miR-520f-3p,1.073650013225277,-0.1819679639783237,0.9976794564129149,0.4469861202692906,NA
hsa-miR-4749-3p,0,0,3.680973323502433,NA,NA
hsa-miR-92a-2-3p,58894.60653512883,-0.027903364936711465,0.49109744282236395,0.8784696948800911,0.967963679298564
hsa-miR-610,2.596084955338042,-0.2618561557498477,0.9920321669694738,0.3106562318113392,NA
hsa-miR-3149,6.293561157722914,0.09336613213227696,0.6543068303278021,0.6555413808480413,0.8823164257813579
hsa-miR-675-3p,15.783985080859079,3.0134032864951448,3.1831128284368013,0.0026140096334422323,0.049176056229131994
hsa-miR-450b-5p,149.7320600560007,-0.27426625617693307,0.48355639279905355,0.18743047664113613,0.5727570910556545
hsa-miR-423-3p,12300.025819510198,-0.01814787673050309,0.39031446386312535,0.917294081868797,0.9777545814552231
hsa-miR-193a-5p,212.7499061959477,0.6110579133709331,0.7831415450321481,0.04308559566633583,0.3539429158127895
hsa-miR-1260b,224.255383582607,-0.24366187029960923,0.6793845229453482,0.2836757170982955,0.6487589610797542
hsa-miR-23a-3p,17263.448802300816,0.4755204505713206,0.7410516328404132,0.08120478954853123,0.4382524043607242
hsa-miR-4777-3p,0,0,3.680973323502433,NA,NA
hsa-miR-381-3p,18392.090963865467,-0.10771493681205228,0.48253793650797694,0.562188923223436,0.8532242507314562
hsa-miR-106a-5p,696.1006904833105,-0.0635323929523857,0.43233553200339825,0.7208895409789011,0.8954571970499113
hsa-miR-485-3p,0,0,3.680973323502433,NA,NA
hsa-miR-379-5p,4754.953855445095,-0.0513501361588801,0.4733595793373221,0.7766069200130612,0.9275856848455117
hsa-miR-518c-3p,0.8757969976427229,-0.08038768592463824,0.8487204900327197,0.7205384864922373,NA
hsa-miR-378i,518.9112362296113,-0.16000101292915478,0.8865337233095384,0.49775744908015673,0.8236722327138678
hsa-miR-766-3p,129.40075092314763,-0.4022609641233895,0.6443903912988046,0.10348136241967067,0.469723397088129
hsa-miR-143-3p,92729.8969122855,-0.04409068009213197,0.3893204569192881,0.801883215895463,0.9348932540141528
hsa-miR-580-3p,2.6072535532758527,-0.10008580793105244,0.7429927125311324,0.649731387742054,NA
hsa-miR-3074-5p,16.972397568776422,0.1809025499248843,0.5437583227718392,0.36803866888562814,0.7229543944710141
hsa-miR-497-5p,911.7578209563237,0.6477992056947824,0.8064101573898137,0.03787762907049476,0.3330046623210174
hsa-miR-2277-5p,99.31424811788699,-0.09295861224670415,0.3824150519894017,0.6045079997246123,0.8733600585747593
hsa-miR-383-5p,1099.7618632006795,-0.6355667802250647,0.9356450689353096,0.05386536985038535,0.38149356058743505
hsa-miR-4525,2.83980417181239,-0.37005837103144257,1.0369890326070323,0.19543055578379534,NA
hsa-miR-6853-3p,6.795064739542261,-0.07834483616508511,0.4591427323591799,0.6651662118001436,0.8838987478027601
hsa-miR-4677-3p,33.879477679010826,0.15213156750904536,0.48583649875913326,0.4255128852798057,0.7762386573892213
hsa-miR-3157-5p,0,0,3.680973323502433,NA,NA
hsa-miR-409-3p,0,0,3.680973323502433,NA,NA
hsa-miR-509-3-3p,0,0,3.680973323502433,NA,NA
hsa-miR-24-2-3p,25617.6726923054,0.22632804335686427,0.4200708064010175,0.24902830675356538,0.6280636011859431
hsa-miR-4520-3p,1.10338819951177,-0.010453115269356918,0.8094297713284301,0.9621162948066959,NA
hsa-miR-29a-3p,38720.77433400422,-0.026187271426380943,0.35971433814417536,0.8823586085757259,0.967963679298564
hsa-miR-4726-5p,1.0089614965549532,0.08248800349207203,0.9044993065414065,0.7136337813851432,NA
hsa-miR-203b-3p,16.615775455482055,-3.7469276917093057,1.9177239536503683,4.649426803776859e-4,0.011662312232806955
hsa-miR-6781-3p,0.13264292989819942,-0.01600585721473074,0.896970941872547,0.9420941166009759,NA
hsa-miR-890,0,0,3.680973323502433,NA,NA
hsa-miR-6749-3p,0.7077491511649765,-0.043023390059301864,0.8574165107116077,0.8462998379033508,NA
hsa-miR-324-3p,180.4227442821739,-21.710818439838835,3.44697223432577,1.5673053560389648e-10,3.145059414451523e-8
hsa-miR-182-5p,6607.1332359298085,-0.011934617897945941,0.5830407531038303,0.9515146549593994,0.9777545814552231
hsa-miR-1277-3p,0,0,3.680973323502433,NA,NA
hsa-miR-3170,0.39549578571255317,0.18406111638920028,1.0034245111270934,0.4423146703862887,NA
hsa-miR-508-3p,17.41484292713157,0.004638859529364331,0.5105787116673904,0.9799946214990352,0.9923177359776815
hsa-let-7f-5p,261813.50910175787,-0.08039634554269506,0.3401101568214143,0.6580732145777902,0.8823164257813579
hsa-miR-6734-5p,2.359350715294269,-0.3130717365961875,1.1253552204766673,0.24617383557524355,NA
hsa-miR-506-3p,0,0,3.680973323502433,NA,NA
hsa-miR-202-5p,20.32341191718426,0.3750717102930061,1.1236119756981908,NA,NA
hsa-miR-1468-5p,15.601644342281489,0.04361310379202895,0.41506875488456235,0.8040984730695253,0.9348932540141528
hsa-miR-93-5p,12203.753840269841,-0.04348089588544783,0.4724943936668955,0.8096883284060186,0.9355707748568584
hsa-miR-4421,17.721221019795887,0.31512602122481936,0.8455031098365607,NA,NA
hsa-miR-365b-3p,820.4176043533587,0.06834557319338487,0.35863370738665656,0.7026432659039961,0.8954571970499113
hsa-miR-584-5p,1884.3616119982219,-0.19690806744363987,0.6130578094763592,0.35330790658693584,0.711540174593086
hsa-miR-454-3p,1819.866927158612,0.1493311045920501,0.41159772148456286,0.42123804717457886,0.7707760012130592
hsa-miR-1276,2.4080505084166846,-0.4596146961766745,1.1986077531763444,0.1413347925069563,NA
hsa-miR-548y,0,0,3.680973323502433,NA,NA
hsa-miR-1253,0,0,3.680973323502433,NA,NA
hsa-miR-892a,2.072991287297533,0.15277870817510122,0.8630013348397537,0.5141797679140323,NA
hsa-miR-203a-3p,394.79069876661293,-0.48887976761275825,0.8270639843337129,0.0888152713156285,0.4382524043607242
hsa-miR-212-5p,718.2683172123884,-1.8427050381670242,1.5474832041348792,0.005636910878917563,0.09695486711738208
hsa-miR-216b-5p,11.450164158936698,0.507469156326723,1.0035277876689601,0.10569932968703223,0.469723397088129
hsa-miR-141-3p,27.854641759590542,0.7983802666019458,1.7199760748231965,NA,NA
hsa-miR-513c-5p,2.286785505346575,-0.018758484558532997,0.869606920666855,0.9323303663424365,NA
hsa-miR-3174,1.142820928444175,-0.015421698782731112,0.8094015728535938,0.9441523224418051,NA
hsa-miR-211-5p,159.14652042187188,0.593886849115366,1.0282119191986598,0.07547616609652227,0.4382524043607242
hsa-miR-1255a,22.765595483803665,-0.8550373840874288,1.4188822108853945,0.04574314753325468,0.3539429158127895
hsa-miR-3918,1.05516605195676,0.0701892858267579,0.896514307950744,0.7536466647868795,NA
hsa-miR-548ao-3p,0.19774789285627659,0.10799269559879225,0.9390131180829302,0.6345685136949796,NA
hsa-miR-410-3p,1646.7549935369186,0.0028350714490200757,0.4464917982668238,0.9872114605866504,0.9938148817276983
hsa-miR-10b-5p,7527.821328890445,5.930035519766941,1.235873056894058,NA,NA
hsa-miR-215-5p,93.05258296291817,0.046985160152214565,0.4457561404593994,0.7917000939624619,0.9317162663217079
hsa-miR-3124-5p,14.78841330342899,-0.09915188212997322,0.5533288354980258,0.610385003275049,0.8733600585747593
hsa-miR-3176,3.0673285542119997,-0.021551788110965146,0.8685620238283251,0.9223135989544011,NA
hsa-miR-432-5p,2064.1346684896403,0.254799427051227,0.6285316533606347,0.25065763088004367,0.6280636011859431
hsa-miR-1185-3p,110.72752444065354,0.1524409623042766,0.5733819834717416,0.4499754347402128,0.7932400292730707
hsa-miR-943,4.371202839502765,-0.16686553861950718,0.5880579848114114,0.41635666878898925,0.7686424989719642
hsa-miR-501-3p,515.3804331751276,0.06309930918818446,0.4348049216195436,0.7229106275186992,0.8954571970499113
hsa-miR-11401,5.300216591542127,-0.10779420809675547,0.6924209971801448,0.6165747921831772,0.8733600585747593
hsa-miR-1304-3p,0,0,3.680973323502433,NA,NA
hsa-miR-3139,7.279269383042458,-0.03600102891183039,0.7166911694962392,0.8666386930593978,0.9608038549203637
hsa-miR-1909-5p,0.9238242166708375,-0.1633581172020662,0.9786606006563403,0.4886016443309977,NA
hsa-miR-18a-5p,102.04965055417422,-0.6125202948746536,1.0635995974655954,0.07340996253156283,0.4382524043607242
hsa-miR-1269a,11.096858352164206,0.3036768179088233,0.8965324516499823,0.24781849296943725,0.6280636011859431
hsa-miR-4760-5p,0,0,3.680973323502433,NA,NA
hsa-miR-1269b,0,0,3.680973323502433,NA,NA
hsa-miR-3664-5p,0.303814828045805,0.15720734443743306,0.9793912403874873,0.5027901535284163,NA
hsa-miR-9-5p,719499.8400111318,0.21146036524007542,0.5369992964944101,0.30034231639048126,0.656106291898521
hsa-miR-6837-3p,1.0850261750895231,-0.24287738395171288,0.9688310597899432,0.338346752353789,NA
hsa-miR-1271-5p,373.5584181759043,0.041722238250644875,0.3627517238934084,0.8138675646963465,0.9358613400901015
hsa-miR-21-5p,81531.5330242013,0.2906665650360426,0.5659011132434805,0.18503425148405767,0.5683194867010343
hsa-miR-122-5p,42.225283357779254,0.4914726326794614,0.859727882135135,0.09272173207648937,0.43951561189013066
hsa-miR-1296-5p,788.1968361133539,-0.3704725012130146,0.5854677096500229,0.11382618186842516,0.4796495290663482
hsa-miR-7114-3p,0,0,3.680973323502433,NA,NA
hsa-miR-1295a,8.435795542643135,0.21720976224684985,0.7903529048084836,0.3619353278008244,0.7167271951845272
hsa-miR-3529-5p,1.753508030014331,-0.15458131716163698,0.73497541835891,0.49102916158893783,NA
hsa-miR-3130-3p,0.39549578571255317,0.18406111638920028,1.0034245111270934,0.4423146703862887,NA
hsa-miR-142-3p,0,0,3.680973323502433,NA,NA
hsa-miR-665,4.4244460355619735,0.25422482755895603,0.9579639162978358,0.32083708332340644,0.6753284061562611
hsa-miR-4511,4.3987453352689325,-0.4591573757703606,1.3045358361949473,0.138576625246866,0.5086776121866667
hsa-miR-98-5p,16946.763828550203,-0.0501074817901166,0.3610027653429762,0.7780395225734896,0.9275856848455117
hsa-miR-374c-3p,20.830337426357538,-0.011952983796424153,0.4902492010416494,0.9476706087847369,0.9777545814552231
hsa-miR-2355-3p,42.09102403231839,-0.12517252014667885,0.39523133951669226,0.492962809751936,0.8220598655697106
hsa-miR-452-5p,0,0,3.680973323502433,NA,NA
hsa-miR-3164,0.7297130616491826,-0.15801544165148765,0.9225927439716586,0.5029661630248619,NA
hsa-miR-1179,51.55079049067966,-0.006008554722770341,0.4589681261789803,0.9730962099308801,0.9888902002203848
hsa-miR-448,64.46716317336532,0.26564053671870586,0.7608947311380957,0.27117487387023803,0.6327413723638888
hsa-miR-136-3p,1317.2248488111122,0.20779752337377846,0.8192193534903387,0.38618517645827527,0.7521882919217067
hsa-miR-103a-3p,20157.559602464782,0.12036262558307881,0.9092379051409761,NA,NA
hsa-miR-548ad-5p,42.82132530207468,0.011002670010303282,0.8277590504849351,0.960214470549285,0.9814076592031742
hsa-miR-6499-5p,0,0,3.680973323502433,NA,NA
hsa-miR-548x-3p,0,0,3.680973323502433,NA,NA
hsa-miR-302a-5p,0,0,3.680973323502433,NA,NA
hsa-miR-5193,3.7295312994325447,-0.0863300089649563,0.6625767942830753,0.6810873901080106,0.892270394378269
hsa-miR-3193,0.8970585066146348,0.31042293396097626,1.1391917866492836,0.24803817411644485,NA
hsa-miR-933,0.2309611866939652,-0.02767151236252752,0.8986169819249176,0.9002118272730658,NA
hsa-miR-181b-5p,31530.605082061924,-0.45136332435162424,0.6795875765844515,0.08249226680907662,0.4382524043607242
hsa-miR-301a-5p,95.83729924410946,0.2551085234423857,0.4604947180145148,0.20931856535065055,0.5860919829818215
hsa-miR-18b-5p,0,0,3.680973323502433,NA,NA
hsa-miR-3155b,0,0,3.680973323502433,NA,NA
hsa-miR-208b-3p,10.660024189816689,0.6801424364270744,1.5526082709417999,NA,NA
hsa-miR-1287-5p,241.18724674088133,0.08529935479747427,0.4276854386466705,0.6341342997202213,0.8784976030420116
hsa-miR-518b,1.9459410975256886,-0.26616760472525386,0.9171253094888904,0.3004314666580337,NA
hsa-miR-3059-5p,319.6153294096856,-4.842887734787595,1.9556364224700749,8.470302392156282e-5,0.002999483552987107
hsa-miR-6832-3p,1.0516420724619673,0.16887223884199853,0.9004106531104391,0.4775237293853066,NA
hsa-miR-486-5p,62660.46158000237,-1.3188830647236187,1.6798165005737316,0.01825748408282067,0.22542394943977018
hsa-miR-3167,8.01270171571023,-1.0053846855443607,1.3584940853947274,0.029008601376376154,0.2771933020409277
hsa-miR-664b-3p,50.609069187542026,0.07097677213007889,0.3726063602132188,0.6903127959457027,0.8936183672082578
hsa-miR-412-5p,274.0323310377079,0.07126870669709684,0.5491788426307792,0.7111739204570178,0.8954571970499113
hsa-miR-3128,3.1225907226700187,-0.5553056823465501,1.3060983840151508,0.10298354436135038,NA
hsa-miR-6888-3p,1.0522960715819385,-0.10308698134170229,0.8631107813141293,0.6502468048169399,NA
hsa-miR-10527-5p,22.836282980375657,-0.1989975431705185,0.8513985280866868,0.408833789686254,0.7634810846209941
hsa-miR-4423-5p,18.652841437583124,4.389908847149318,1.4308365049331353,4.276841126598395e-5,0.0023080115946940392
hsa-miR-30a-5p,90464.55445980406,0.22090616736171426,0.420664130649506,0.25879384364667635,0.6305534298453866
hsa-miR-548av-5p,109.26653916178569,0.041004460591564595,0.383955990979462,0.8155208238841785,0.9358613400901015
hsa-miR-210-3p,1552.1802376795138,2.386271483589727,1.2599447495462361,0.001048181461172874,0.02426943229331039
hsa-miR-6885-3p,3.640889914964051,0.07935283399417156,0.8011567269964931,0.7220099236857925,0.8954571970499113
hsa-miR-200c-3p,175.22411664314475,0.15560309434028619,0.5318943613329588,0.42852124170175504,0.7770174322423389
hsa-miR-526a-5p,0.3762850890537182,-0.07183891649630376,0.912085181055793,0.7478417456639198,NA
hsa-miR-4470,4.989230052563815,-0.2791851029040489,0.729303558210748,0.24295706740274567,0.6280636011859431
hsa-miR-192-5p,4741.875897703152,0.040939042500543095,0.42402864434807025,0.816158145427414,0.9358613400901015
hsa-miR-12125,0,0,3.680973323502433,NA,NA
hsa-miR-495-3p,6209.4123503025185,0.15716964294998614,0.5700668010046206,0.4360502078945528,0.7789383535683109
hsa-miR-20a-5p,10351.41203107083,0.06756428648756697,0.47502922666153474,0.7104697541640705,0.8954571970499113
hsa-miR-628-5p,0,0,3.680973323502433,NA,NA
hsa-miR-4682,0,0,3.680973323502433,NA,NA
hsa-miR-378a-3p,5012.743908988305,-0.4059922392591263,0.4871809739536994,0.07437363794591571,0.4382524043607242
hsa-miR-2682-5p,0,0,3.680973323502433,NA,NA
hsa-miR-3611,0.19774789285627659,0.10799269559879225,0.9390131180829302,0.6345685136949796,NA
hsa-miR-548au-3p,137.18443436366098,-0.05043476028320387,0.3852175889159014,0.7746830571399437,0.9275856848455117
hsa-miR-130a-3p,1012.7049453174761,1.8008788252411134,1.224927796649078,0.0029248897704119486,0.051787754170235095
hsa-miR-4524a-5p,5.914800189629057,-0.0604181258901922,0.8102489190702472,0.7855661403182115,0.9308778839513717
hsa-miR-3179,5.033279555032994,-0.43683036890067894,1.0348289223750864,0.14735068392996295,0.5187433434259514
hsa-miR-9902,0,0,3.680973323502433,NA,NA
hsa-miR-1273c,3.266445782917237,-0.39291459002074147,1.2149589980261246,0.1778446166101118,0.5683194867010343
hsa-miR-934,0,0,3.680973323502433,NA,NA
hsa-miR-374b-5p,11172.796311950613,0.03705456980785828,0.3945281598644368,0.8325852801380775,0.9398150947755106
hsa-miR-148b-3p,22192.42870919046,0.12156146856181743,0.3852152019984024,0.5048278969314606,0.8264499757269602
hsa-miR-6755-5p,3.1954880617390176,0.3596423937495845,1.0609767499975362,0.20505433220095337,0.5851425259458883
hsa-miR-502-3p,531.1872243730686,0.053354211940885965,0.4256213430789913,0.7628324840119828,0.9239942764088805
hsa-miR-4429,6.408830112054298,0.24882848402205887,0.8682841014367599,0.32059583360725236,0.6753284061562611
hsa-miR-548ae-5p,78.17435415897057,-4.023786566260078,3.678595812468215,0.0012285483334729085,0.026516608647807804
hsa-miR-1247-5p,0,0,3.680973323502433,NA,NA
hsa-miR-3944-5p,0,0,3.680973323502433,NA,NA
hsa-miR-5006-3p,5.728875692220306,-0.003725608339256723,0.44058494762181666,0.9831448701208235,0.9923177359776815
hsa-miR-4755-5p,0.8255059598750716,-0.15131868528354767,0.967171411500984,0.5175285052482628,NA
hsa-miR-103a-1-3p,54630.58075075274,-0.25353621199630183,0.41975315983268363,0.20509148334648244,0.5851425259458883
hsa-miR-3175,0.1885668806451532,-0.02767151236252752,0.8986169819249176,0.9002118272730658,NA
hsa-miR-1283,2.0677056707395884,-0.40089958242435175,1.1371501238752282,0.17498267224743191,NA
hsa-miR-4640-3p,3.507538690611542,-0.9361786060125372,1.5602683190596316,0.0390200479003983,0.33557241194342535
hsa-miR-3922-3p,5.026637503415675,-0.10056490947630875,0.613694591859857,0.6216933663308403,0.8752190976850399
hsa-miR-4474-3p,4.328065541281236,0.23222796883403812,0.6433798015655746,0.2928038625215721,0.656106291898521
hsa-miR-664b-5p,0,0,3.680973323502433,NA,NA
hsa-miR-935,299.6596367588686,-0.22317079038998788,0.5452535285197534,0.28045118908134004,0.6443954802555981
hsa-miR-30b-5p,12694.649748140935,0.037995034386428185,0.3478466894384988,0.831617707185171,0.9398150947755106
hsa-miR-7706,61.98415878563929,0.7882045035594496,1.1690288967239433,0.044149664948257235,0.3539429158127895
hsa-miR-11400,11.06442207399344,-1.1654842133478927,1.9619279204097466,0.024244850190066974,0.2662667586513434
hsa-miR-892c-3p,0.6463525117483653,0.09641075935006208,0.9228234770394712,0.6697378279361037,NA
hsa-miR-5196-3p,4.374366871605338,-0.1248833508903063,0.6848589320328624,0.5623470602213444,0.8532242507314562
hsa-miR-4763-5p,0.8585295383652286,0.11265584786182128,0.9280485063199154,0.6215537993681703,NA
hsa-miR-5002-5p,6.841694795228711,-0.32195440562730204,0.924481376890945,0.23070285663381757,0.6211715195681338
hsa-miR-323a-3p,5997.919342625832,-0.06104297171235447,0.4956060877497614,0.740394142343096,0.9077744881681136
hsa-miR-888-5p,6.0421393671287245,0.402890012678601,0.9686795157795953,0.1629208255726654,0.5448796499708032
hsa-miR-760,372.10765532911563,-0.39422694208111875,0.5844443114408754,0.0975346290023459,0.45166035891855566
hsa-miR-6815-5p,1.3594375739988076,-0.21019909883532276,1.0261005227015674,0.3909190064633607,NA
hsa-miR-370-3p,6986.42565250641,-0.06423760920163901,0.4958213669863284,0.7275973077491764,0.8957332909304789
hsa-miR-339-5p,685.1281344014614,0.03738601476539239,0.35335483661279055,0.8336565790865824,0.9398150947755106
hsa-miR-4501,0.43942360668096536,-0.08810122728756437,0.9199386740627163,0.6954676297631712,NA
hsa-miR-205-5p,27.385616722551703,-0.4997609501202299,1.1056104171689438,0.11942714435117933,0.4796495290663482
hsa-miR-1266-5p,7.370319440186439,0.23330124924876786,0.8148518778409073,0.33732850111938695,0.7002474402547274
hsa-miR-3117-3p,85.54460880221963,-0.29786522806135707,0.5855357469848438,0.18121091303172618,0.5683194867010343
hsa-miR-22-3p,11798.029577185702,-0.17954022505708117,0.35645226324474094,0.3426101634316214,0.7023599576120109
hsa-miR-302d-3p,8.36875580766803,0.14885088638041438,0.6398531085605218,0.48083425226350646,0.8085536867671254
hsa-miR-4798-5p,0,0,3.680973323502433,NA,NA
hsa-miR-3173-5p,15.172064994061927,-0.13127446945574436,0.4769930813173772,0.48415082620576055,0.8118629453366792
hsa-miR-6715a-3p,0,0,3.680973323502433,NA,NA
hsa-miR-548ag,7.728885517764488,0.05181480854682285,0.5590209299683375,0.7886174764372086,0.9308778839513717
hsa-miR-526b-5p,1.1964046014933243,-0.026762522252717413,0.8163211698144947,0.9034554959665215,NA
hsa-miR-590-3p,184.9410243672822,-0.12432155590740054,0.43318994014661705,0.4980343732688503,0.8236722327138678
hsa-miR-3187-3p,0,0,3.680973323502433,NA,NA
hsa-miR-3120-5p,0,0,3.680973323502433,NA,NA
hsa-miR-4791,0.6632146494909972,-0.13234265914980747,0.9505251432720989,0.5663782543067274,NA
hsa-miR-488-3p,550.2233756093194,-0.09523663145243436,0.4225201530561756,0.5965448296379405,0.8733600585747593
hsa-miR-363-3p,6410.097114418349,-0.3055370266887315,0.5418636853317162,0.16271822096394697,0.5448796499708032
hsa-miR-200b-3p,1285.5021334125174,1.6746987854021547,1.5004146094124446,NA,NA
hsa-miR-615-3p,0,0,3.680973323502433,NA,NA
hsa-miR-873-5p,1.1864873571376595,0.3448325334119449,1.1982858000678218,0.21344228453192135,NA
hsa-miR-6881-3p,5.771329722693872,0.0328365166095851,0.6438559264155651,0.8730723315535517,0.9661572492559525
hsa-miR-642b-5p,1.7025399896138405,-0.258878261487555,1.0602330896633259,0.31293966181637645,NA
hsa-let-7a-5p,250777.8859152377,0.09152239556992471,0.36478488786616897,0.6116286152814436,0.8733600585747593
hsa-miR-4536-5p,2.133881851677701,0.004833560070337883,0.6377806729894469,0.9811314611572979,NA
hsa-miR-133b,79.179618546337025,-0.1241743990041181,0.45458941147324294,0.5017823482127497,0.8253359935084025
hsa-miR-6715b-3p,0.13264292989819942,-0.01600585721473074,0.896970941872547,0.9420941166009759,NA
hsa-miR-744-5p,4501.092256509971,-0.3857374446138261,0.5251077560685483,0.09246599342292716,0.43951561189013066
hsa-miR-891b,0,0,3.680973323502433,NA,NA
hsa-miR-5680,8.299953280070458,-1.9078677176697596,2.159232322513403,0.007827032003264,0.13088536849902577
hsa-miR-5688,0.26528585979639885,-0.05087134128317289,0.9044320606581612,0.8186197725515911,NA
hsa-miR-493-5p,0,0,3.680973323502433,NA,NA
hsa-miR-5586-5p,2.7172922387954785,-0.49828192369262986,1.244141370366636,0.12379075388486914,NA
hsa-miR-3143,8.54865586293112,-0.3707181064934993,1.1226897448547066,0.19636808816367352,0.5851425259458883
hsa-miR-483-5p,0,0,3.680973323502433,NA,NA
hsa-miR-24-1-3p,25719.217848054795,0.22614622556795752,0.42008854266027573,0.24935021114288866,0.6280636011859431
hsa-miR-3910,1.7797310357064893,0.42295069057500506,1.3071728003702585,0.15618827157331577,NA
hsa-miR-656-3p,483.7307888407021,-0.14157516539119783,0.5064981392629916,0.4607234645255782,0.7932400292730707
hsa-miR-505-3p,495.8176492513091,0.27537364812424703,0.4682598084062075,0.18310701924474415,0.5683194867010343
hsa-miR-3148,0,0,3.680973323502433,NA,NA
hsa-miR-556-5p,0,0,3.680973323502433,NA,NA
hsa-miR-3937,0.8621790443382963,-0.15963884768941403,0.9750392397818868,0.497367805527767,NA
hsa-miR-4444,1.1085808479629955,-0.18388423441580387,0.9997179635838206,0.44291016229451496,NA
hsa-miR-1910-5p,1.042461060250844,0.06304452968399148,0.8930843320252487,0.7774584998828995,NA
hsa-miR-6721-5p,2.4158517828045043,0.054194264813101564,0.7908519414994878,0.8061191477192521,NA
hsa-miR-4684-3p,2.4233891147012177,-0.07857721585653948,0.8041833330215158,0.7247186553299778,NA
hsa-miR-181a-5p,161061.0720056251,-0.27232986818371846,0.539452789567607,0.20199001475038234,0.5851425259458883
hsa-miR-6762-3p,0,0,3.680973323502433,NA,NA
hsa-miR-146b-5p,22042.446033396674,0.10288115947905625,0.3936534207458066,0.5680413084857376,0.8549021692710351
hsa-miR-5683,16.556104504241677,-0.31639512618373783,0.7433576770564506,0.19949294166867088,0.5851425259458883
hsa-miR-4650-3p,0.25085672603581216,-0.02767151236252752,0.8986169819249176,0.9002118272730658,NA
hsa-miR-484,2184.4016911605895,0.024193554505805702,0.3962745083920826,0.8899280788384873,0.9722989173516685
hsa-miR-767-5p,0,0,3.680973323502433,NA,NA
hsa-miR-523-3p,6.702720756325318,-1.5371428772964142,1.9877416884116492,0.013347084075041395,0.18588124760609337
hsa-miR-4753-3p,0,0,3.680973323502433,NA,NA
hsa-miR-99a-5p,597495.6743778149,1.2746978827600135,1.1900329548729331,NA,NA
hsa-miR-1193,0.7595370701145124,0.2747954690195803,1.1060363300313312,0.2896222680755135,NA
hsa-miR-9903,1.1085808479629955,-0.18388423441580387,0.9997179635838206,0.44291016229451496,NA
hsa-miR-652-3p,3789.2303724732196,-0.13675816573204355,0.46421522716976366,0.46478077491812814,0.7932400292730707
hsa-miR-4479,0,0,3.680973323502433,NA,NA
hsa-miR-6877-5p,4.809482118393466,-0.45133402203551465,1.0290130550699828,0.13799432729456956,0.5086776121866667
hsa-miR-504-5p,1489.708550259851,-0.3661782197801455,0.7491278538044318,0.15159320561944464,0.5305762196680562
hsa-miR-499a-5p,838.5951884160629,-0.07673236408489102,0.4086534468801374,0.6661307720515244,0.8838987478027601
hsa-miR-378d,0,0,3.680973323502433,NA,NA
hsa-miR-3685,0.5932436785688298,0.23674514716867023,1.0598556511787,0.34488269630408247,NA
hsa-miR-10a-5p,19524.956571976018,6.414128505410512,1.386080234789104,7.604038974049795e-9,9.155262924755953e-7
hsa-miR-190a-5p,287.0719529657497,-0.213081696052232,0.4983670336324803,0.28740120977371686,0.652888785976519
hsa-miR-514b-3p,0.2771452119907489,-0.02767151236252752,0.8986169819249176,0.9002118272730658,NA
hsa-miR-1275,0,0,3.680973323502433,NA,NA
hsa-miR-6741-5p,0,0,3.680973323502433,NA,NA
hsa-miR-4639-5p,0,0,3.680973323502433,NA,NA
hsa-miR-3115,3.5475723187348045,0.11206523431001209,0.5398559188352314,0.5625668953435965,0.8532242507314562
hsa-miR-6780b-3p,3.766343271124552,-0.03281038875444929,0.5698359915830257,0.8660279681006093,0.9608038549203637
hsa-miR-585-3p,22.441739880880426,-0.015524708621402636,0.5885615598255912,0.9372380143255605,0.9777545814552231
hsa-miR-675-5p,15.783985080859079,3.0134032864951448,3.1831128284368013,0.0026140096334422323,0.049176056229131994
hsa-miR-2115-5p,2.047449899484933,0.12037514111413766,0.9102127114507274,0.6002446735103584,NA
hsa-miR-4687-3p,0.330390822754476,0.0423038146751863,0.9027889786226266,0.8484034765869624,NA
hsa-miR-132-5p,0,0,3.680973323502433,NA,NA
hsa-miR-1229-3p,17.65270681873173,-0.2875412079032486,0.5908058819853848,0.1948836134307947,0.5851425259458883
hsa-miR-155-5p,1857.446808562002,0.13121982706844068,0.4469868560106235,0.4784118739299583,0.8067337481956159
hsa-miR-1289,0.5932436785688298,0.23674514716867023,1.0598556511787,0.34488269630408247,NA
hsa-miR-6788-3p,2.260032247636659,0.1675716286581143,0.8653494282908468,0.4787835846708634,NA
hsa-let-7g-5p,262182.7518343546,-0.03211102189706633,0.33283694759742777,0.8588056046331889,0.9591854804994057
hsa-miR-561-5p,1.282610036430572,-0.13815919264840384,0.8746085520699988,0.5519924274997332,NA
hsa-miR-186-5p,10966.90807544672,-0.06376511206542064,0.39496759696984735,0.7183585542030138,0.8954571970499113
hsa-miR-574-3p,997.1598231974975,-0.010629359574822392,0.43195091160368226,0.9517677487255162,0.9777545814552231
hsa-miR-3152-5p,0,0,3.680973323502433,NA,NA
hsa-miR-4460,0,0,3.680973323502433,NA,NA
hsa-miR-199a-3p,8334.421493878326,0.4746727027349036,0.7759024535374667,0.08720618098448396,0.4382524043607242
hsa-miR-527,0.19774789285627659,0.10799269559879225,0.9390131180829302,0.6345685136949796,NA
hsa-miR-6809-5p,0,0,3.680973323502433,NA,NA
hsa-miR-27a-3p,16113.2381152565,0.26463321763585307,0.4529039894962475,0.19454796397125593,0.5851425259458883
hsa-miR-6737-3p,7.60571782749896,0.08854857938952518,0.5113892580442969,0.6374916555366419,0.8784976030420116
hsa-miR-3622b-3p,1.1864873571376595,0.3448325334119449,1.1982858000678218,0.21344228453192135,NA
hsa-miR-487a-3p,390.3443033442565,-0.014422682671598994,0.45308092763814617,0.9352825625553285,0.9777545814552231
hsa-miR-188-5p,0,0,3.680973323502433,NA,NA
hsa-miR-378e,5.695294075077671,0.3401557122365109,0.662114457709792,0.15518979055608953,0.540024589102693
hsa-miR-125a-5p,28066.133447060125,0.11147892715926148,0.44488144729216883,0.541938379506302,0.8532242507314562
hsa-miR-885-5p,0,0,3.680973323502433,NA,NA
hsa-miR-516b-5p,8.488677446792616,-0.09802970117371487,0.5535485208345822,0.6143629280721732,0.8733600585747593
hsa-miR-6861-5p,0,0,3.680973323502433,NA,NA
hsa-miR-5584-3p,0,0,3.680973323502433,NA,NA
hsa-miR-424-3p,206.51887138206564,-0.24796685637482158,0.5234744060831602,0.23320053123921036,0.6239409769155762
hsa-miR-5100,0,0,3.680973323502433,NA,NA
hsa-miR-6507-5p,6.602641251478469,0.10879150786630873,0.767808432804151,0.626194605778724,0.8752190976850399
hsa-miR-338-5p,0,0,3.680973323502433,NA,NA
hsa-miR-548ap-5p,11.152676356521658,-0.09059202383537279,0.8229415342571584,0.6872102978768289,0.892270394378269
hsa-miR-1284,4.380182756449503,-0.013660143271590666,0.6310026103591904,0.9464731430646015,0.9777545814552231
hsa-miR-331-3p,0,0,3.680973323502433,NA,NA
hsa-miR-4326,66.36871774093511,-0.004342179216500847,0.7607425847299076,0.9840758943167373,0.9923177359776815
hsa-miR-4762-3p,0.19896439484729914,-0.03471761474517703,0.9000273769070802,0.8751475847416957,NA
hsa-miR-4781-3p,0.911444484137415,0.30275993131502904,1.1419733000582684,0.2556964566312855,NA
hsa-miR-3688-3p,45.64714586260576,-0.575372932534283,1.0051993479279988,0.07898260969045129,0.4382524043607242
hsa-miR-6515-3p,0,0,3.680973323502433,NA,NA
hsa-miR-373-3p,3.154043533171336,-0.1427193852592146,0.7762577695659011,0.5304427526828903,NA
hsa-miR-3160-3p,0.2309611866939652,-0.02767151236252752,0.8986169819249176,0.9002118272730658,NA
hsa-miR-581,1.336414560433346,-0.18001820077415415,0.8335812967878797,0.4471702870807778,NA
hsa-miR-4504,4.906496686110344,-0.14236584358286059,0.7908702725796202,0.5336163838057195,0.8532242507314562
hsa-miR-6508-3p,2.207945281103454,-0.06846119108578085,0.7202336052034206,0.7513481234349104,NA
hsa-miR-6516-3p,0,0,3.680973323502433,NA,NA
hsa-miR-6871-3p,0.3863147735014298,0.030596744387348652,0.8992645363582289,0.8897798749246131,NA
hsa-miR-320c,448.8815915161035,0.9868516321541668,1.2418342450815707,0.025875734458260972,0.2734029374259119
hsa-miR-450a-5p,229.39300313789516,-0.325212279345165,0.5491646969499129,0.1443454409615975,0.5182487770691986
hsa-miR-96-5p,756.7218758667301,0.03599294712275958,0.5908681082690559,0.8556178814425235,0.9574014212423775
hsa-miR-6827-5p,0,0,3.680973323502433,NA,NA
hsa-miR-6770-5p,3.405738857784071,-0.9462346619069006,1.5606415771172948,0.0381683084720103,0.3330046623210174
hsa-miR-5001-3p,37.627141106719165,0.1503891825460731,0.4020393804232975,0.4178032954201718,0.7686424989719642
hsa-miR-24-3p,25617.6726923054,0.22632804335686427,0.4200708064010175,0.24902830675356538,0.6280636011859431
hsa-miR-34a-5p,3122.4113168954354,1.2899915368241905,1.2090362927332179,0.00988529602333942,0.15660390015921924
hsa-miR-154-5p,262.64287213315123,0.25428433724466715,0.6454082687177208,0.25632876997035164,0.6305534298453866
hsa-miR-4745-5p,0,0,3.680973323502433,NA,NA
hsa-miR-4717-3p,0.330390822754476,0.0423038146751863,0.9027889786226266,0.8484034765869624,NA
hsa-miR-26a-5p,562328.6053098569,0.05410140566897058,0.3685679897153129,0.760302075349658,0.9232504493999237
hsa-miR-1292-5p,31.639835409697405,0.013249640931490019,0.506341459633925,0.9427263140201266,0.9777545814552231
hsa-miR-361-3p,0,0,3.680973323502433,NA,NA
hsa-let-7e-5p,18716.862497017348,0.1071112298354667,0.39181627971381805,0.5532251763524743,0.8532242507314562
hsa-miR-4707-5p,0.19774789285627659,0.10799269559879225,0.9390131180829302,0.6345685136949796,NA
hsa-miR-7111-3p,2.282629334911222,-0.01615088751194986,0.7146631004594762,0.9397746370294009,NA
hsa-miR-181d-5p,6667.875356521271,0.09791879315662957,0.4438393111702411,0.5892788539897402,0.8733600585747593
hsa-miR-5004-3p,5.4558822928963915,-0.17986239402193394,0.6887362448564518,0.4158268427588012,0.7686424989719642
hsa-miR-1251-5p,73.9727215752038,2.4419861316306233,1.3475116279155648,0.0012333306347817583,0.026516608647807804
hsa-miR-1293,0,0,3.680973323502433,NA,NA
hsa-miR-223-3p,6582.965797292007,-2.3708208305125384,2.0161008440841783,NA,NA
hsa-miR-4679,10.246335281517759,0.5218330545950409,1.1189689783567551,0.11064744122772877,0.4796495290663482
hsa-miR-372-3p,20.05123183180903,-0.2608122933952944,0.7420693965075749,0.27361017827408096,0.6359587927451611
hsa-miR-328-3p,5674.19724642363,-0.33408722614382264,0.5976461792877077,0.146349322428179,0.5182487770691986
hsa-miR-545-3p,0,0,3.680973323502433,NA,NA
hsa-miR-4654,0.19774789285627659,0.10799269559879225,0.9390131180829302,0.6345685136949796,NA
hsa-miR-541-3p,0,0,3.680973323502433,NA,NA
hsa-miR-642a-5p,0,0,3.680973323502433,NA,NA
hsa-miR-548ba,107.72972786864808,0.2402690941050781,0.8032299758269524,0.3226747851746047,0.6768300371955123
hsa-miR-6770-3p,3.801234643496624,-0.3500486877360521,0.9193134034969516,0.2007975474331048,0.5851425259458883
hsa-miR-1294,9.873946347303479,-0.17019456353766363,0.8288411885798509,0.4690665564066841,0.7954311745262643
hsa-miR-496,33.01353063438477,0.021812610034239784,0.4433344923599548,0.9018229133278779,0.9777545814552231
hsa-miR-4688,0.1885668806451532,-0.02767151236252752,0.8986169819249176,0.9002118272730658,NA
hsa-miR-7854-3p,1.524298665949119,-0.22270961883604273,1.0437919098838833,0.3682901415593824,NA
hsa-miR-33b-5p,0,0,3.680973323502433,NA,NA
hsa-miR-6798-3p,10.007849376242177,0.02961934575185516,0.4260924792827408,0.8661787992731924,0.9608038549203637
hsa-miR-4662b,0.25085672603581216,-0.02767151236252752,0.8986169819249176,0.9002118272730658,NA
hsa-miR-3180,0,0,3.680973323502433,NA,NA
hsa-miR-206,23.233521351237147,0.3341336168383111,0.9669535395505165,NA,NA
hsa-miR-1911-5p,37.12985402427243,4.061727666344256,1.9953699211273057,3.220227165224125e-4,0.009231317873642493
hsa-miR-1305,1.0219527581190715,0.1713556678128707,0.9803380114396316,0.47062174541231183,NA
hsa-miR-32-5p,685.2812248141645,-0.009177663869133205,0.4172138651088442,0.958147045073534,0.9809600699562371
hsa-miR-499b-5p,0,0,3.680973323502433,NA,NA
hsa-miR-365a-3p,820.4176043533587,0.06834557319338487,0.35863370738665656,0.7026432659039961,0.8954571970499113
hsa-miR-217-5p,65.28233475059365,0.3918854803668819,0.66526886913421035,0.11429449966793528,0.4796495290663482
hsa-miR-552-3p,0,0,3.680973323502433,NA,NA
hsa-miR-4772-5p,0,0,3.680973323502433,NA,NA
hsa-miR-4662a-5p,5.638625147942089,-0.017555582829783194,0.4816504963098238,0.9227452850320084,0.9777545814552231
hsa-miR-769-5p,13706.411954829564,-0.6110018274986716,0.8064246604231374,0.04563929964012255,0.3539429158127895
hsa-miR-4787-3p,30.41049256320014,-0.2678028273124207,0.4938447537517781,0.19800666050695875,0.5851425259458883
hsa-miR-3180-3p,12.891721073135445,0.08078916998133426,0.41400180705950373,0.6504747142148755,0.8823164257813579
hsa-miR-6786-3p,0.7726295470028596,0.047832640439972395,0.8939316711332866,0.8293121273716298,NA
hsa-miR-345-5p,749.1263817856218,0.21086408739372947,0.398158683260145,0.27536864751484424,0.6375843300151395
hsa-miR-654-3p,1916.6104607488785,0.29821613369945404,0.695689449211798,0.20884679600792377,0.5860919829818215
hsa-miR-4742-3p,17.526317982258877,-0.029753222436841437,0.3886076866317595,0.8650974971374661,0.9608038549203637
hsa-miR-374a-5p,3231.1279526998187,-0.026327619585914723,0.3862263088312635,0.8804810000604205,0.967963679298564
hsa-miR-1301-3p,809.206862468312,-0.08889263282188538,0.3348844821023249,0.6266043273061825,0.8752190976850399
hsa-miR-3617-5p,0,0,3.680973323502433,NA,NA
hsa-miR-324-5p,688.7059195965358,-0.043754354308334346,0.3740833121962893,0.8041053503420575,0.9348932540141528
hsa-miR-130b-5p,0,0,3.680973323502433,NA,NA
hsa-miR-544b,0,0,3.680973323502433,NA,NA
hsa-miR-518d-5p,0.3762850890537182,-0.07183891649630376,0.912085181055793,0.7478417456639198,NA
hsa-miR-19b-2-3p,2776.925900190597,-0.07566381862827981,0.518938359774022,0.6876618157520754,0.892270394378269
hsa-miR-145-5p,4281.437401789275,-0.020716783529408426,0.3806951811937385,0.9058626345413884,0.9777545814552231
hsa-miR-4667-3p,0,0,3.680973323502433,NA,NA
hsa-miR-7-5p,413657.1913286875,-0.08804486862269764,0.579023177392973,0.6563082326836964,0.8823164257813579
hsa-miR-532-5p,5340.462165131403,0.3220531612765107,0.5283554634448966,0.1431167184711945,0.5182487770691986
hsa-miR-1908-5p,11.036716751775005,-0.33431835672597654,0.7197418335603346,0.17446336245964553,0.5683194867010343
hsa-miR-607,0,0,3.680973323502433,NA,NA
hsa-miR-302b-3p,12.370903883270692,0.2542198467288406,0.6383114879017436,0.2543766656067205,0.6301841674701472
hsa-miR-4794,0.7577434258147553,-0.055310172991754475,0.8509303903191449,0.8038386754807871,NA
hsa-miR-1185-5p,54.58376553874052,0.04124382779741211,0.46796935495346637,0.8186995130102075,0.9369906973995149
hsa-miR-550a-3-5p,30.746132869098226,-0.09281841256785078,0.4754854499794475,0.6135731682086419,0.8733600585747593
hsa-miR-2276-3p,0,0,3.680973323502433,NA,NA
hsa-miR-6861-3p,0.3464417800409478,-0.06530790788221667,0.9094862887398161,0.7695233761289266,NA
hsa-miR-3130-5p,0.6726409977033021,0.09641075935006203,0.9228234770394712,0.6697378279361038,NA
hsa-miR-1262,10.124796568134034,0.1679597844535276,0.6431690682276527,0.4311897595568499,0.7785059278711648
hsa-miR-425-5p,3834.6649273448725,-0.285339562509232,0.5079045446280371,0.17853643679143902,0.5683194867010343
hsa-miR-1303,5.734688892832021,0.7895139693091306,1.8051756427692371,0.051293172327309317,0.37656694806146596
hsa-miR-2115-3p,5.236040204765313,-0.014893894426759029,0.6366420976655192,0.9418772386797505,0.9777545814552231
hsa-miR-1270,40.35549652110413,0.9290273763165445,1.1573361104890192,NA,NA
hsa-miR-204-5p,4344.555311585474,0.4617828661007544,0.7010967931950569,0.08106122667806615,0.4382524043607242
hsa-miR-3085-3p,42.93504249568538,-0.3640034220733479,0.7636514597309165,0.15667261547593883,0.5420512328535355
hsa-miR-187-3p,116.20753251965395,-0.12023176575326476,0.5293661970976702,0.5327656405444043,0.8532242507314562
hsa-miR-4659a-3p,5.78341113935202,-0.0642639750041092,0.6777845286598825,0.7606847556517644,0.9232504493999237
hsa-miR-195-5p,2459.7501318069167,0.7368320930822487,0.7926595334904792,0.02323016333882545,0.2662667586513434
hsa-miR-101-2-3p,28620.807333447203,-0.1365392805857333,0.3971172444326877,0.4577758516222484,0.7932400292730707
hsa-miR-27b-3p,152346.1863170242,0.015632772696888692,0.3901343399936446,0.9287047043333091,0.9777545814552231
hsa-miR-1288-3p,2.641539341761034,-0.3147100838610949,0.8376615815666167,0.2235541519030021,NA
hsa-miR-494-3p,1717.839412517822,0.22593487828616074,0.6164861495012255,0.2960710681146679,0.656106291898521
hsa-miR-337-5p,91.0989665920181,0.37085150765372976,0.7192874242610552,NA,NA
hsa-miR-137-3p,1031.4051535298931,-2.8385145008814843,1.4067222080530974,7.435064998693856e-4,0.017903636516854803
hsa-miR-31-5p,771.5126125562332,0.7865509045989009,1.2232854642363162,NA,NA
hsa-miR-3140-3p,0,0,3.680973323502433,NA,NA
hsa-miR-3171,0,0,3.680973323502433,NA,NA
hsa-miR-378f,0,0,3.680973323502433,NA,NA
hsa-miR-29b-1-3p,3457.1841345183493,-0.204241147050714,0.4710345862467552,0.2987971193423678,0.656106291898521
hsa-miR-219a-5p,716.1959196137652,-0.4732314310390462,0.9192666587529235,0.11098694934162728,0.4796495290663482
hsa-miR-4636,2.7302584928075246,0.059354370117728726,0.7240651392130993,0.7834731049829003,NA
hsa-miR-1278,28.81026489219353,0.015180649741613402,0.43292848286333624,0.9312108688138673,0.9777545814552231
hsa-miR-539-3p,0,0,3.680973323502433,NA,NA
hsa-miR-490-3p,438.0138824127509,-0.6281606421345116,0.996010398770374,0.06213394322591522,0.41963710269819393
hsa-miR-101-3p,27877.202144743296,-0.1374323300818086,0.3974644944944345,0.4551025173077096,0.7932400292730707
hsa-miR-548s,0.3464417800409478,-0.06530790788221667,0.9094862887398161,0.7695233761289266,NA
hsa-miR-6849-3p,0,0,3.680973323502433,NA,NA
hsa-miR-320a-3p,10976.324762522505,0.0799593405200193,0.46319167302808906,0.6596057093191626,0.8824058600225242
hsa-miR-340-5p,23076.42732323159,-0.34916521107656945,0.5383487439417464,0.12114105790598764,0.47978234775924056
hsa-miR-4652-5p,0,0,3.680973323502433,NA,NA
hsa-miR-6748-3p,0,0,3.680973323502433,NA,NA
hsa-miR-449c-5p,204.34367072125076,6.283261728217084,2.8967508940590574,6.590872249929836e-5,0.002479815684036101
hsa-miR-134-5p,1535.516618095383,0.13936292203949016,0.49903906322722263,0.46521743419898737,0.7932400292730707
hsa-miR-4795-5p,0,0,3.680973323502433,NA,NA
hsa-miR-326,352.4028266090174,-0.39787214120198877,0.6558275231861443,0.10846014142179396,0.47659127836437926
hsa-miR-151b,2905.318911895823,-0.1436515472075595,0.4528302692393889,0.4424100100667375,0.7879610238466745
hsa-miR-3681-5p,2.772754094564519,-0.08519624657056386,0.8098954733998023,0.7036334864400309,NA
hsa-miR-3612,3.0469533929696673,-0.08720654398252406,0.661379893319796,0.6778624389550689,NA
hsa-miR-519b-5p,0,0,3.680973323502433,NA,NA
hsa-miR-92b-3p,42658.92611115934,3.1458019045434207,0.9759632583285095,6.309309315449814e-5,0.002479815684036101
hsa-miR-6774-5p,0.38069590575864065,0.18003012510451474,0.9995793160979896,0.4509012459474778,NA
hsa-miR-940,12.473962142048565,-0.24491322424044523,0.629948753918425,0.2669333468372092,0.631001332553341
hsa-miR-1256,0.3316073247454986,-0.06690486750990451,0.9101068516634606,0.7641892815960919,NA
hsa-miR-376a-2-3p,316.07044313991673,0.32138661856400397,0.7069943777011076,0.18489051692747321,0.5683194867010343
hsa-miR-653-3p,17.203541087057367,0.39467163764984287,0.7872764580778983,0.13693601467497052,0.5086776121866667
hsa-miR-15a-5p,1010.1765709790793,-0.21987661087119947,0.5732669095605285,0.2944502101834847,0.656106291898521
hsa-miR-95-3p,6915.951591531249,-0.1922211472914257,0.4809905127502921,0.3260202778897015,0.679114904116264
hsa-miR-4646-3p,8.681307816630259,-0.05700376777064586,0.6520790511050557,0.7833667039856178,0.9308778839513717
hsa-miR-148a-3p,56030.90276037787,0.4972740019062069,0.6825606835871557,0.0634335155241456,0.41963710269819393
hsa-miR-5687,0,0,3.680973323502433,NA,NA
hsa-miR-3913-5p,33.06488660962834,1.3071589114966387,1.6846307102384634,0.01872291938868523,0.22542394943977018
hsa-miR-377-3p,0,0,3.680973323502433,NA,NA
hsa-miR-196a-5p,13.104088021941308,0.498201008350234,1.081575475835027,0.11828341740045796,0.4796495290663482
hsa-miR-3605-3p,60.791452381138555,0.10879689157486676,0.5453934696803892,0.5751013490308419,0.8633691075226104
hsa-miR-4783-3p,1.7730881502036886,0.0352471409322032,0.7090963980206982,0.8689221115752255,NA
hsa-miR-3660,0.39549578571255317,0.18406111638920028,1.0034245111270934,0.4423146703862887,NA
hsa-miR-6885-5p,0,0,3.680973323502433,NA,NA
hsa-miR-3684,0,0,3.680973323502433,NA,NA
hsa-miR-518f-5p,0.44860461889208875,0.03059674438734867,0.899264536358229,0.8897798749246131,NA
hsa-miR-578,1.854278887363181,0.04474892092986375,0.877159852628537,0.8402181513578576,NA
hsa-miR-222-3p,6819.061175274848,-1.1259185851678255,1.1419769666615982,0.013586004808418784,0.18588124760609337
hsa-miR-3177-3p,25.98244068340196,-0.1605601096986724,0.4044368215438466,0.39038183967840306,0.7521882919217067
hsa-miR-770-5p,0,0,3.680973323502433,NA,NA
hsa-miR-26b-5p,69262.89592851637,0.13955324118044302,0.38700991292444087,0.4488422725701887,0.7932400292730707
hsa-miR-874-3p,1247.3370970116987,-0.5407893491010817,0.6555741592595936,0.045859713344514254,0.3539429158127895
hsa-miR-597-5p,9.840831478529138,-0.353651023390033,0.6076109423679389,0.13134124488815271,0.5004267684978982
hsa-miR-6774-3p,0.6928835600818956,-0.13338418419053635,0.9513891049133588,0.5635934299890247,NA
hsa-miR-3923,0.3771337612903064,-0.07545191714607255,0.9136557622782115,0.7360011087865965,NA
hsa-miR-4647,0,0,3.680973323502433,NA,NA
hsa-miR-219a-3p,59079.02379977247,-0.25274288974553705,0.6815213481121263,0.2692998412780114,0.6325364064113871
hsa-miR-4643,0.39549578571255317,0.18406111638920028,1.0034245111270934,0.4423146703862887,NA
hsa-miR-4645-3p,5.000654160174643,-0.37745409859948237,0.9419788330259247,0.17938756792251312,0.5683194867010343
hsa-miR-3943,36.890945838466955,-0.9465780307743271,1.201221812644651,0.027372354666966435,0.2734029374259119
hsa-miR-4536-3p,2.133881851677701,0.004833560070337883,0.6377806729894469,0.9811314611572979,NA
hsa-miR-6742-3p,2.445674487061239,-0.08531523847522096,0.7384926006759073,0.6966995608199623,NA
hsa-miR-4738-3p,3.2326007952121025,-0.10979638721413157,0.659909612845516,0.6029575079582394,0.8733600585747593
hsa-miR-183-5p,3743.110432850646,0.12132142061899817,0.6412942155067115,0.5619782447331094,0.8532242507314562
hsa-miR-5691,0,0,3.680973323502433,NA,NA
hsa-miR-6821-5p,0,0,3.680973323502433,NA,NA
hsa-miR-194-5p,1779.0381150703947,-0.1693300391963153,0.527341951542676,0.3913814232098644,0.7521882919217067
hsa-miR-7157-3p,2.7674810575693973,0.09303995249811432,0.8101901927687712,0.6787990806643496,NA
hsa-miR-671-3p,0,0,3.680973323502433,NA,NA
hsa-miR-6509-3p,0.8757969976427229,-0.08038768592463824,0.8487204900327197,0.7205384864922373,NA
hsa-miR-6132,0.5337070470035419,-0.1073628172184537,0.9317078946100993,0.636728543893521,NA
hsa-miR-421,1063.619109091039,-0.07164753318058598,0.5557801952278025,0.7111779101792,0.8954571970499113
hsa-miR-4433b-3p,0,0,3.680973323502433,NA,NA
hsa-miR-1298-5p,1035.1975099568583,2.641868916379078,1.7306524867022963,0.001923953414603697,0.03860733185304752
hsa-miR-624-5p,36.953514154156736,-0.15083674043380027,0.5705401747604428,0.4535118435076099,0.7932400292730707
hsa-miR-299-3p,0,0,3.680973323502433,NA,NA
hsa-miR-1538,0.7577434258147553,-0.055310172991754475,0.8509303903191449,0.8038386754807871,NA
hsa-miR-7848-3p,0.1885668806451532,-0.02767151236252752,0.8986169819249176,0.9002118272730658,NA
hsa-miR-23c,16.01451595994248,-0.007216084196588772,0.8594603882896191,NA,NA
hsa-miR-548b-5p,0,0,3.680973323502433,NA,NA
hsa-miR-128-1-3p,210429.23808895523,-3.426275633163587,1.5755102575194269,4.251249730071928e-4,0.011127184076101308
hsa-miR-4686,0.39549578571255317,0.18406111638920028,1.0034245111270934,0.4423146703862887,NA
hsa-miR-3938,4.425699432333769,0.09669788021713224,0.8159942016446492,0.6677806473436804,0.8838987478027601
hsa-miR-7110-3p,5.306441971006116,0.2088523912970905,0.8446218637713266,0.3882037388325694,0.7521882919217067
hsa-miR-6729-5p,0,0,3.680973323502433,NA,NA
hsa-miR-129-5p,15900.301732645457,-0.1278743284212351,0.5226143729676105,0.5065781412678544,0.8264499757269602
hsa-miR-34c-5p,11823.752852216243,1.9790734777090195,1.8054621096533792,NA,NA
hsa-miR-376a-5p,0,0,3.680973323502433,NA,NA
hsa-miR-1250-5p,518.5701066494219,-1.2750705302684813,1.3601873091359855,0.01417883273732495,0.1896812735082138
hsa-miR-221-3p,19983.153602247923,-0.8206424352920964,0.9400919453503214,0.02432371857534058,0.2662667586513434
hsa-miR-4741,0.19774789285627659,0.10799269559879225,0.9390131180829302,0.6345685136949796,NA
hsa-miR-25-3p,18455.066285763434,0.00810966909401931,0.4748142401403415,0.9640744398328595,0.9836827335243752
hsa-miR-892b,0.911444484137415,0.30275993131502904,1.1419733000582684,0.2556964566312855,NA
hsa-miR-219b-3p,0,0,3.680973323502433,NA,NA
hsa-miR-1306-5p,0,0,3.680973323502433,NA,NA
hsa-miR-503-5p,107.89316706429236,-0.2485077226004391,0.5102304126658207,0.22929071445606447,0.6211715195681338
hsa-miR-616-5p,1.8635302053856384,-0.023647079649975068,0.8747965907727893,0.9147880669871614,NA
hsa-miR-5010-3p,284.72747736276125,-0.36872423083941036,0.6078712612781925,0.11951400225905685,0.4796495290663482
hsa-miR-3126-3p,0,0,3.680973323502433,NA,NA
hsa-miR-643,1.816698958243523,-0.02619700880878524,0.7893207113275623,0.9050274143149223,NA
hsa-miR-516a-5p,17.219490301378034,-0.305003743344311,0.8791163573057894,0.2432889535281506,0.6280636011859431
hsa-miR-4665-5p,0.9820965787785823,-0.2211338326194957,0.9526010535270215,0.37389302261519153,NA
hsa-miR-3132,0.1154805933469826,0.011821578772241057,0.8969636225438603,0.9571984856109313,NA
hsa-miR-1306-3p,46.65569995092573,0.018111309829981888,0.3800066568344865,0.9176460307677986,0.9777545814552231
hsa-miR-224-5p,767.3956088106913,3.817565981418329,1.4379438425974247,NA,NA
hsa-miR-3127-3p,5.3958007595756925,0.013038187296367213,0.5563932659970369,0.9458912905339257,0.9777545814552231
hsa-miR-625-3p,537.3656275967255,-0.26584264096113264,0.5607139297337321,0.21600212600038987,0.5937592687316654
hsa-miR-589-5p,191.0310142339931,-0.10537716347822104,0.36888043747636867,0.5609198040359383,0.8532242507314562
hsa-miR-1323,0.9659637067153224,-0.17035785623127356,0.9856429926897519,0.47251219931160127,NA
hsa-let-7i-5p,265796.297669898,0.08356414131609624,0.3540584016523216,0.6433579543984291,0.8823164257813579
hsa-miR-125b-5p,67969.38610893452,0.227085209286378,0.4913599209250293,0.2601834540683145,0.6305534298453866
hsa-miR-3613-5p,323.0268230526197,-0.1580323795864629,0.44611868674461713,0.4015237141328358,0.7577344072350067
hsa-miR-105-5p,279.0502366215219,0.1228087414194825,0.5736287176460008,0.5376705072902633,0.8532242507314562
hsa-miR-592,283.2572553699289,-0.17213625236854616,0.5604947146606473,0.3943328975055647,0.7536139818995237
hsa-miR-3941,0,0,3.680973323502433,NA,NA
hsa-miR-875-5p,0,0,3.680973323502433,NA,NA
hsa-miR-577,301.1904767142528,-0.14192576018232442,0.561323462145456,0.47592315984374267,0.8047914107470031
hsa-miR-376c-3p,445.8235624829488,0.46147084869253535,0.8732789819060083,NA,NA
hsa-miR-3122,0.41571781798612334,-0.08003971179961732,0.915795478142464,0.7211307006418812,NA
hsa-miR-942-5p,0,0,3.680973323502433,NA,NA
hsa-miR-2681-3p,0,0,3.680973323502433,NA,NA
hsa-miR-301b-3p,21.947119122912014,0.46394664932716934,0.7401613694469155,0.08643998684807437,0.4382524043607242
hsa-miR-651-5p,154.32096902454882,0.07621127788773974,0.4026000176569366,0.6680630070602257,0.8838987478027601
hsa-miR-588,0,0,3.680973323502433,NA,NA
hsa-miR-6854-5p,0,0,3.680973323502433,NA,NA
hsa-miR-1197,215.00602734526285,-0.12570832180744593,0.47468752389507607,0.500985772250655,0.8253359935084025
hsa-miR-6720-3p,0,0,3.680973323502433,NA,NA
hsa-miR-5089-3p,0,0,3.680973323502433,NA,NA
hsa-miR-4632-3p,1.0633518981603174,0.32794146921225426,1.175408723912521,0.2292610508794242,NA
hsa-miR-7978,18.7550430082777,-0.9814394137186839,1.4168252173891718,0.03283379457399841,0.29948400505374306
hsa-miR-376b-3p,24.445006675956506,0.28840646443600704,0.6734224728860901,0.21534800135116403,0.5937592687316654
hsa-miR-6769b-3p,0.2771452119907489,-0.02767151236252752,0.8986169819249176,0.9002118272730658,NA
hsa-miR-6819-3p,0.5542904239814977,-0.10865715897666421,0.9325883605670449,0.6329180941944331,NA
hsa-miR-4488,0,0,3.680973323502433,NA,NA
hsa-miR-199b-3p,8334.421493878326,0.4746727027349036,0.7759024535374667,0.08720618098448396,0.4382524043607242
hsa-miR-7976,24.351135408498916,-0.1787532345409294,0.6025710504851226,NA,NA
hsa-miR-6758-3p,0,0,3.680973323502433,NA,NA
hsa-miR-3690,4.648187216893035,-0.1959737400245157,0.5956738649736232,0.34983849506382775,0.7091002492539539
hsa-miR-877-3p,58.72557914083656,-0.1477309810419329,0.5778599761058412,0.4645211638110989,0.7932400292730707
hsa-miR-329-3p,1935.8605012968728,-0.06429696351959313,0.4799404262673445,0.7244612487346636,0.895535260242849
hsa-miR-4515,0,0,3.680973323502433,NA,NA
hsa-miR-214-5p,132.44499357900247,0.640056947243913,0.8490438328079294,0.04374001889377073,0.3539429158127895
hsa-miR-6501-5p,3.315015101064405,-0.38996155765087626,1.0796216161772818,0.18188462222212334,0.5683194867010343
hsa-miR-3620-5p,11.2041206220929,0.11042233251214438,0.5994020510778458,0.5850829909447541,0.8733600585747593
hsa-miR-576-3p,0,0,3.680973323502433,NA,NA
hsa-miR-7850-5p,0.06632146494909971,0.011821578772241057,0.8969636225438603,0.9571984856109313,NA
hsa-miR-4750-5p,1.863570076467126,-0.06123061878382412,0.7376412707507055,0.7781846486321525,NA
hsa-miR-517a-3p,8.166862679873397,-0.0628369389712602,0.5265263528300546,0.739130925149007,0.9077744881681136
hsa-miR-6505-3p,8.454928813245793,-0.1905785297472079,0.7603389129739895,0.4102278351178368,0.7634810846209941
hsa-miR-3145-5p,0.8242048652627949,0.13888045174627228,0.951311587025127,0.5493300242506822,NA
hsa-miR-3677-3p,0.3464417800409478,-0.06530790788221667,0.9094862887398161,0.7695233761289266,NA
hsa-miR-4683,1.1893392998598113,-0.12846036628406535,0.8666176916437983,0.5776850456188236,NA
hsa-miR-6765-3p,0,0,3.680973323502433,NA,NA
hsa-miR-3934-5p,1.8879341451746066,0.02099740251644016,0.6570050462889924,0.919248470988328,NA
hsa-miR-4503,0.19896439484729914,-0.03471761474517703,0.9000273769070802,0.8751475847416957,NA
hsa-miR-7158-5p,0,0,3.680973323502433,NA,NA
hsa-miR-3151-5p,5.089718970712452,-0.026725735890396323,0.584864230565128,0.8919351876383598,0.9727264184027039
hsa-let-7b-5p,120905.99146828603,-0.01141245440199741,0.3947615816428772,0.9478736491224067,0.9777545814552231
hsa-miR-548z,0,0,3.680973323502433,NA,NA
hsa-miR-3912-3p,26.662587351353718,-0.02011095895334932,0.6620908553656705,0.9228885285638891,0.9777545814552231
hsa-miR-627-3p,0,0,3.680973323502433,NA,NA
hsa-miR-3065-5p,543.8242512038099,2.0039477719667116,1.4131244433389958,NA,NA
hsa-miR-944,1.1477065850187111,0.25477881629437404,0.9811305683818861,0.32062991501560995,NA
hsa-miR-4425,0.5932436785688298,0.23674514716867023,1.0598556511787,0.34488269630408247,NA
hsa-miR-500a-3p,675.3240379431055,0.17768558701023354,0.6552602795397617,0.4109100854106347,0.7634810846209941
hsa-miR-23b-3p,23760.16077617514,0.10787730023221069,0.3727291376503503,0.5517656816199654,0.8532242507314562
hsa-miR-7705,1.1475341025503276,0.05490394383169668,0.8881940923689945,0.8050840487751428,NA
hsa-let-7c-5p,107021.47397251311,0.6773609998824264,0.8003314960707031,0.03209422179597699,0.2981788070070819
hsa-miR-6756-3p,0.33519239668746525,-0.06291960173143135,0.9085645465040806,0.777538985442235,NA
hsa-miR-149-5p,9438.417760387356,0.21375370483522088,0.5743780770378394,0.3065247619702096,0.6590282382359507
hsa-miR-2114-5p,2.3875727381675897,-0.2861161499754721,1.1244281439466564,NA,NA
hsa-miR-6739-3p,9.491636273227106,0.23465029016439526,0.6448069466915368,0.28892368602520785,0.6538799210044177
hsa-miR-140-5p,0,0,3.680973323502433,NA,NA
hsa-miR-6793-5p,1.0165939274695477,-0.03136623339933469,0.8247928882996558,0.8871432411439752,NA
hsa-miR-520a-3p,0.3464417800409478,-0.06530790788221667,0.9094862887398161,0.7695233761289266,NA
hsa-miR-100-5p,189471.15332313345,0.15916286907366053,0.47109210483543856,0.4032195317067233,0.7585567440232732
hsa-miR-599,0.5710438586379609,0.23199485774048648,1.0543637810225728,0.3526094864981559,NA
hsa-miR-433-3p,2543.3950635104297,-0.018617921357544136,0.489085852367312,0.9185394634963013,0.9777545814552231
hsa-miR-570-3p,0,0,3.680973323502433,NA,NA
hsa-miR-6776-3p,0,0,3.680973323502433,NA,NA
hsa-miR-889-3p,1485.8686471612803,-0.04201189821123373,0.4508640000250631,0.813572692555863,0.9358613400901015
hsa-miR-670-3p,1.5397275877676635,-0.24275697774582708,1.0436287247095704,0.3367965620488696,NA
hsa-miR-7156-5p,3.8875154468280937,-0.22994346621849754,0.8275424067102037,0.3457978726871807,0.7056620995175688
hsa-miR-4660,1.0562774312215053,0.14338322989587332,0.9514640908520208,0.5378879776706865,NA
hsa-miR-3200-3p,861.6788862627822,-1.1882121681275282,0.7942560033836509,0.0027876492543970352,0.05085348033778834
hsa-miR-7703,0.3464417800409478,-0.06530790788221667,0.9094862887398161,0.7695233761289266,NA
hsa-miR-1226-3p,88.76672870631316,0.2581399858265245,0.4671518697906799,0.20616910102377034,0.5854424472467441
hsa-miR-511-5p,11.687095317803973,0.09603783567084798,0.6143272028844233,0.6372042779932645,0.8784976030420116
hsa-miR-362-5p,293.65095825429535,0.4236914439211305,0.5611035864846543,0.07684722223188975,0.4382524043607242
hsa-miR-2278,1.4494708850921394,-0.11477384405426884,0.7059797106359688,0.597658014842639,NA
hsa-miR-1914-5p,0,0,3.680973323502433,NA,NA
hsa-miR-4699-3p,0,0,3.680973323502433,NA,NA
hsa-miR-6855-3p,1.9885489205928168,-0.28294857737905815,1.0885569728263351,0.2808534631649657,NA
hsa-miR-2116-5p,5.832587077211365,-0.11936248191242024,0.7576071608131503,0.5931687927924838,0.8733600585747593
hsa-miR-2113,27.27776970456101,-1.131629724777158,1.1201034228118052,0.012605874919068474,0.1806842071733148
hsa-miR-1843,424.83909488400315,-0.14691332427192996,0.46648603796793825,0.4357278809430573,0.7789383535683109
hsa-miR-3940-3p,11.696140266726045,0.09783997839293865,0.451600802035213,0.5907801828217845,0.8733600585747593
hsa-miR-34b-3p,220.76502762937187,0.9728411793908639,1.3902328412236924,NA,NA
hsa-miR-548au-5p,20.40598536797711,-0.11164846101958384,0.6182002615518637,0.5862867416730613,0.8733600585747593
hsa-miR-320d,224.19458462078643,0.48718705672115753,1.1626136851149975,0.12803513248250473,0.4940842932978708
hsa-miR-29b-2-3p,3460.8834487960057,-0.20481412061773302,0.4714063597792146,0.2977207770076438,0.656106291898521
hsa-miR-144-3p,2659.5781835083467,-0.5642071613861046,1.0182153009586352,0.08434855858829943,0.4382524043607242
hsa-miR-126-3p,39039.65666070701,-0.09826303883252882,0.36569182587469723,0.5867220181044253,0.8733600585747593
hsa-miR-196b-5p,51.04158964813955,-0.22276043450268657,0.8053623558901742,0.3545881268736309,0.711540174593086
hsa-miR-4695-3p,0,0,3.680973323502433,NA,NA
hsa-miR-708-5p,3369.216140683014,0.22232835635361126,0.4851640100454875,0.26728461760980393,0.631001332553341
hsa-miR-659-5p,12.566916975148894,-0.012119800141291857,0.5774671359507516,0.9505453232313376,0.9777545814552231
hsa-miR-4768-5p,0.19774789285627659,0.10799269559879225,0.9390131180829302,0.6345685136949796,NA
hsa-miR-487b-3p,3624.8127516793984,0.07193787432736408,0.48673365102294575,0.6952981239290414,0.8936183672082578
hsa-miR-4440,5.693870200578882,0.2148575941312421,0.7509344004786318,0.35706390901139606,0.7141278180227921
hsa-miR-6879-3p,2.3741575025816384,-0.0652956611528551,0.6582744057393467,0.754141602225215,NA
hsa-miR-512-3p,1.5321054580846147,-0.0400448443268995,0.7275865903630674,0.8526251000790107,NA
hsa-miR-4757-3p,0,0,3.680973323502433,NA,NA
NovelmiRNA-3476,0.13264292989819942,-0.01600585721473074,0.896970941872547,0.9420941166009759,NA
NovelmiRNA-508,2.441729183206464,0.2107514769433826,0.9849898515652965,0.39194327031207155,NA
NovelmiRNA-369,0,0,3.680973323502433,NA,NA
NovelmiRNA-2775,0,0,3.680973323502433,NA,NA
NovelmiRNA-2216,0,0,3.680973323502433,NA,NA
NovelmiRNA-3021,0,0,3.680973323502433,NA,NA
NovelmiRNA-3351,1.384235249993936,0.3729697709178936,1.237019549265527,0.19006953685378977,NA
NovelmiRNA-903,33.68675274214658,0.14509901107610973,0.9314738861261961,NA,NA
NovelmiRNA-1471,0,0,3.680973323502433,NA,NA
NovelmiRNA-33,0,0,3.680973323502433,NA,NA
NovelmiRNA-1997,2.655699949820038,-0.3413796635852441,1.1552680145995382,0.21863360764549042,NA
NovelmiRNA-2238,0.4619223733879304,-0.09258172318761775,0.9224464437044405,0.6814720655989428,NA
NovelmiRNA-1598,0,0,3.680973323502433,NA,NA
NovelmiRNA-3646,0,0,3.680973323502433,NA,NA
NovelmiRNA-1153,4.9825997490767024,-0.48632868646522553,1.34378670440521,0.12573891431025647,0.4915248468491844
NovelmiRNA-14,0.3771337612903064,-0.07545191714607255,0.9136557622782115,0.7360011087865965,NA
NovelmiRNA-3023,22.976689298386805,-1.082392613973897,2.1106578797870457,0.027703619905283427,0.2734029374259119
NovelmiRNA-816,0,0,3.680973323502433,NA,NA
NovelmiRNA-2625,0.3464417800409478,-0.06530790788221667,0.9094862887398161,0.7695233761289266,NA
NovelmiRNA-924,0,0,3.680973323502433,NA,NA
NovelmiRNA-2288,0,0,3.680973323502433,NA,NA
NovelmiRNA-1425,0.7295361144400969,-0.1420697424592544,0.958823324388495,0.5408385927023089,NA
NovelmiRNA-1309,0.3316073247454986,-0.06690486750990451,0.9101068516634606,0.7641892815960919,NA
NovelmiRNA-2073,0,0,3.680973323502433,NA,NA
NovelmiRNA-2369,0,0,3.680973323502433,NA,NA
NovelmiRNA-3277,1.3511607071225102,-0.2207681360917786,1.02406186203573,0.3727454062340783,NA
NovelmiRNA-3680,1.3797119931969668,-0.2107651197920779,1.0297114887534393,0.3896812597090012,NA
NovelmiRNA-964,0,0,3.680973323502433,NA,NA
NovelmiRNA-3703,0,0,3.680973323502433,NA,NA
NovelmiRNA-1921,0.3979287896945983,-0.08332569248949293,0.9174261040299143,0.7105968663019573,NA
NovelmiRNA-1280,8.641884832673206,0.28549158660063245,1.0698198779940986,NA,NA
NovelmiRNA-204,0,0,3.680973323502433,NA,NA
NovelmiRNA-378,1.131401283870919,-0.18845383718376013,1.0046356925435522,0.43334498087285256,NA
NovelmiRNA-3706,35.91176626143648,-0.26708951760646715,1.013138296589506,0.3034646536861526,0.6571428831621002
NovelmiRNA-2955,0.9915914070035348,-0.1739166942367352,0.989273738577787,0.4645348997044574,NA
NovelmiRNA-1369,0,0,3.680973323502433,NA,NA
NovelmiRNA-607,0,0,3.680973323502433,NA,NA
NovelmiRNA-2759,0,0,3.680973323502433,NA,NA
NovelmiRNA-3143,0,0,3.680973323502433,NA,NA
NovelmiRNA-3682,0,0,3.680973323502433,NA,NA
NovelmiRNA-2190,0,0,3.680973323502433,NA,NA
NovelmiRNA-461,2.309611866939652,-0.2798213384223038,1.116060067311069,0.28289977145102396,NA
NovelmiRNA-216,1.5819831428502127,0.3988486446865051,1.2731727256923089,0.1714332429315819,NA
NovelmiRNA-2733,4.111385745841924,-0.44568644865014717,1.2846968985584548,0.14561144486595604,0.5182487770691986
NovelmiRNA-1440,62.13013233536712,24.064525238551877,3.3514767398503293,NA,NA
NovelmiRNA-194,0,0,3.680973323502433,NA,NA
NovelmiRNA-2555,0,0,3.680973323502433,NA,NA
NovelmiRNA-852,0,0,3.680973323502433,NA,NA
NovelmiRNA-2058,0,0,3.680973323502433,NA,NA
NovelmiRNA-58,0,0,3.680973323502433,NA,NA
NovelmiRNA-3622,0,0,3.680973323502433,NA,NA
NovelmiRNA-470,0,0,3.680973323502433,NA,NA
NovelmiRNA-1255,2.372974714275319,0.48755018693591223,1.3992030947376037,0.12337546830311848,NA
NovelmiRNA-950,13.580755878730569,-0.8454553732899125,1.8048224891359819,0.04534862587232643,0.3539429158127895
NovelmiRNA-3539,0,0,3.680973323502433,NA,NA
NovelmiRNA-548,0,0,3.680973323502433,NA,NA
NovelmiRNA-1366,0,0,3.680973323502433,NA,NA
NovelmiRNA-644,1.963170086898704,-0.2569555190172978,1.0862677681651842,0.31396630353535476,NA
NovelmiRNA-2289,3.1113535306450277,-0.3257981554665562,1.1785232918035178,NA,NA
NovelmiRNA-2496,12.353691098426763,0.2068339059116501,0.9177182668584847,0.39895243199466424,0.7570604854970537
NovelmiRNA-2735,0,0,3.680973323502433,NA,NA
NovelmiRNA-2327,0,0,3.680973323502433,NA,NA
NovelmiRNA-2639,0,0,3.680973323502433,NA,NA
NovelmiRNA-1359,0,0,3.680973323502433,NA,NA
NovelmiRNA-3665,0,0,3.680973323502433,NA,NA
NovelmiRNA-1469,1.1150284317444816,0.12161285925445135,0.8567800660100297,0.5962969987704516,NA
NovelmiRNA-52,0,0,3.680973323502433,NA,NA
NovelmiRNA-539,0.39549578571255317,0.18406111638920028,1.0034245111270934,0.4423146703862887,NA
NovelmiRNA-1532,0,0,3.680973323502433,NA,NA
NovelmiRNA-1497,0,0,3.680973323502433,NA,NA
NovelmiRNA-814,0,0,3.680973323502433,NA,NA
NovelmiRNA-323,0,0,3.680973323502433,NA,NA
NovelmiRNA-2948,1.3201416226505942,-0.043703691451986694,0.7372953668298026,0.8400738373859096,NA
NovelmiRNA-1917,0,0,3.680973323502433,NA,NA
NovelmiRNA-3132,3.3446266000606863,-0.3973433037978555,1.2212111427230936,0.17477744958173558,0.5683194867010343
NovelmiRNA-3626,0,0,3.680973323502433,NA,NA
NovelmiRNA-2719,1.2542836301790607,-0.19915545281860988,1.0164514484891183,0.41178224037645705,NA
NovelmiRNA-2877,0.19774789285627659,0.10799269559879225,0.9390131180829302,0.6345685136949796,NA
NovelmiRNA-1011,0,0,3.680973323502433,NA,NA
NovelmiRNA-1930,0,0,3.680973323502433,NA,NA
NovelmiRNA-2065,0.6928835600818956,-0.13338418419053635,0.9513891049133588,0.5635934299890247,NA
NovelmiRNA-1492,0,0,3.680973323502433,NA,NA
NovelmiRNA-3411,0,0,3.680973323502433,NA,NA
NovelmiRNA-2695,0,0,3.680973323502433,NA,NA
NovelmiRNA-2634,3.7801644948710607,0.080836830704443835,0.719387483021192,0.7090820927434225,0.8954571970499113
NovelmiRNA-207,0,0,3.680973323502433,NA,NA
NovelmiRNA-1694,3.8911173771103442,-0.5923197116520331,1.3708131035269993,0.09157748355413182,0.43951561189013066
NovelmiRNA-932,0,0,3.680973323502433,NA,NA
NovelmiRNA-3547,0,0,3.680973323502433,NA,NA
NovelmiRNA-2559,0,0,3.680973323502433,NA,NA
NovelmiRNA-819,0,0,3.680973323502433,NA,NA
NovelmiRNA-2141,1.7797310357064893,0.42295069057500506,1.3071728003702585,0.15618827157331577,NA
NovelmiRNA-1581,0,0,3.680973323502433,NA,NA
NovelmiRNA-1067,0,0,3.680973323502433,NA,NA
NovelmiRNA-94,0,0,3.680973323502433,NA,NA
NovelmiRNA-2374,0,0,3.680973323502433,NA,NA
NovelmiRNA-2525,0,0,3.680973323502433,NA,NA
NovelmiRNA-3311,3.732681533736184,-0.004487564302590332,0.6209994821471347,0.9822740016182353,0.9923177359776815
NovelmiRNA-3578,0,0,3.680973323502433,NA,NA
NovelmiRNA-730,0,0,3.680973323502433,NA,NA
NovelmiRNA-3303,6.493730532618441,-0.05576276313259739,0.7141406040500151,0.7951933281790612,0.9331508451535963
NovelmiRNA-3493,0,0,3.680973323502433,NA,NA
NovelmiRNA-2503,0,0,3.680973323502433,NA,NA
NovelmiRNA-1498,0,0,3.680973323502433,NA,NA
NovelmiRNA-1871,2.9100247259028635,-0.31401371899631414,1.1622414803021157,0.24310315088575155,NA
NovelmiRNA-3568,952.4139003637332,0.14314970598120563,0.9289413413398603,0.5392795363205625,0.8532242507314562
NovelmiRNA-1461,0,0,3.680973323502433,NA,NA
NovelmiRNA-1632,0,0,3.680973323502433,NA,NA
NovelmiRNA-250,0,0,3.680973323502433,NA,NA
NovelmiRNA-3289,9.654771332010409,-0.13698143724121795,0.7737699728123473,0.5456059006554506,0.8532242507314562
NovelmiRNA-2304,0,0,3.680973323502433,NA,NA
NovelmiRNA-2209,0,0,3.680973323502433,NA,NA
NovelmiRNA-3621,6.310201123719926,-0.5673532512368283,1.4428126087341286,0.09632659420168271,0.4497227206130386
NovelmiRNA-290,0,0,3.680973323502433,NA,NA
NovelmiRNA-731,0,0,3.680973323502433,NA,NA
NovelmiRNA-2455,0.41571781798612334,-0.08003971179961732,0.915795478142464,0.7211307006418812,NA
NovelmiRNA-2660,2.5105239663669066,-0.3342329524951826,1.1440575205436858,0.22537554634254503,NA
NovelmiRNA-2969,0.7909915714251063,0.2783978232021951,1.1105830791473705,0.28495686300299494,NA
NovelmiRNA-2886,0,0,3.680973323502433,NA,NA
NovelmiRNA-1136,0,0,3.680973323502433,NA,NA
NovelmiRNA-3265,0,0,3.680973323502433,NA,NA
NovelmiRNA-609,0,0,3.680973323502433,NA,NA
NovelmiRNA-2705,0,0,3.680973323502433,NA,NA
NovelmiRNA-995,1.0371178435483426,-0.1784739360333258,0.9939996009847903,0.45451740325810114,NA
NovelmiRNA-3422,32.783805903400406,0.0057009663861328,0.43123913223639737,0.9741061274596149,0.9888902002203848
NovelmiRNA-3779,0,0,3.680973323502433,NA,NA
NovelmiRNA-895,0,0,3.680973323502433,NA,NA
NovelmiRNA-1279,10.633518981603174,21.76480077427466,3.279884171522151,NA,NA
NovelmiRNA-1816,0,0,3.680973323502433,NA,NA
NovelmiRNA-151,8.6508571830611,-0.0025012832751091056,0.7872983537370114,0.9908917707451117,0.9941947433142622
NovelmiRNA-2357,0,0,3.680973323502433,NA,NA
NovelmiRNA-1984,1.4142516048386489,-0.21514040680663693,1.034819818194243,0.3816902452133671,NA
NovelmiRNA-11,0.3771337612903064,-0.07545191714607255,0.9136557622782115,0.7360011087865965,NA
NovelmiRNA-3712,0,0,3.680973323502433,NA,NA
NovelmiRNA-676,0,0,3.680973323502433,NA,NA
NovelmiRNA-1988,0.3316073247454986,-0.06690486750990451,0.9101068516634606,0.7641892815960919,NA
NovelmiRNA-1553,0,0,3.680973323502433,NA,NA
NovelmiRNA-3274,0,0,3.680973323502433,NA,NA
NovelmiRNA-1932,0,0,3.680973323502433,NA,NA
NovelmiRNA-3297,0.5932436785688298,0.23674514716867023,1.0598556511787,0.34488269630408247,NA
NovelmiRNA-2497,273.91996741904273,-23.229359485273196,3.479621256926435,NA,NA
NovelmiRNA-674,0,0,3.680973323502433,NA,NA
NovelmiRNA-2332,0,0,3.680973323502433,NA,NA
NovelmiRNA-1026,2.855219293189805,0.5342568114739139,1.4660386330316069,0.10527848129894288,NA
NovelmiRNA-3827,0,0,3.680973323502433,NA,NA
NovelmiRNA-2406,0,0,3.680973323502433,NA,NA
NovelmiRNA-1696,0,0,3.680973323502433,NA,NA
NovelmiRNA-1805,75.75206613380452,8.016205070502464,3.7584292469027263,5.755581532479848e-5,0.002479815684036101
NovelmiRNA-3058,0,0,3.680973323502433,NA,NA
NovelmiRNA-240,0,0,3.680973323502433,NA,NA
NovelmiRNA-652,0,0,3.680973323502433,NA,NA
NovelmiRNA-2381,0.8621790443382963,-0.15963884768941403,0.9750392397818868,0.497367805527767,NA
NovelmiRNA-3586,0,0,3.680973323502433,NA,NA
NovelmiRNA-3806,0.5305717195927977,-0.11033024941789832,0.9337424748589588,0.628018891549927,NA
NovelmiRNA-2569,52.981269620369105,0.4428381685015764,1.309506294075742,NA,NA
NovelmiRNA-362,0,0,3.680973323502433,NA,NA
NovelmiRNA-3022,0,0,3.680973323502433,NA,NA
NovelmiRNA-2290,14.068196065988396,-0.05492916660655648,0.8713235890871232,NA,NA
NovelmiRNA-2767,0,0,3.680973323502433,NA,NA
NovelmiRNA-606,0,0,3.680973323502433,NA,NA
NovelmiRNA-402,0,0,3.680973323502433,NA,NA
NovelmiRNA-1858,0,0,3.680973323502433,NA,NA
NovelmiRNA-2718,0,0,3.680973323502433,NA,NA
NovelmiRNA-1605,0.19774789285627659,0.10799269559879225,0.9390131180829302,0.6345685136949796,NA
NovelmiRNA-3157,0,0,3.680973323502433,NA,NA
NovelmiRNA-1168,0,0,3.680973323502433,NA,NA
NovelmiRNA-3423,48.91584566641922,0.11655893245604428,0.7279675234333888,0.5965025831495372,0.8733600585747593
NovelmiRNA-2502,0,0,3.680973323502433,NA,NA
NovelmiRNA-1833,0,0,3.680973323502433,NA,NA
NovelmiRNA-122,0,0,3.680973323502433,NA,NA
NovelmiRNA-3382,7.9352969813342895,-0.6521631034264247,1.5479919763446148,0.07477616620924533,0.4382524043607242
NovelmiRNA-1972,0.5866651490135348,0.04910143831626125,0.9006566378193676,0.8248037483976417,NA
NovelmiRNA-483,0.6546866369160066,0.10586147266963049,0.9267258001248361,0.6413272234759416,NA
NovelmiRNA-1484,0,0,3.680973323502433,NA,NA
NovelmiRNA-3365,0,0,3.680973323502433,NA,NA
NovelmiRNA-2710,0,0,3.680973323502433,NA,NA
NovelmiRNA-2429,0,0,3.680973323502433,NA,NA
NovelmiRNA-2026,3.1391037643940045,-0.380511345430161,1.2017797856862238,0.18661901792077115,NA
NovelmiRNA-789,1.6324525860025214,0.2236012579366015,1.0098618633010452,0.36870439746417205,NA
NovelmiRNA-823,0,0,3.680973323502433,NA,NA
NovelmiRNA-2825,2.182643646146306,0.07772214151955963,0.6511325925337206,0.7087305159996566,NA
NovelmiRNA-350,1.619056188113524,-0.24844302603143467,1.0512825950443871,0.32804133834670784,NA
NovelmiRNA-3304,0,0,3.680973323502433,NA,NA
NovelmiRNA-3717,35.91176626143648,-0.26708951760646715,1.013138296589506,0.3034646536861526,0.6571428831621002
NovelmiRNA-1538,0.3979287896945983,-0.08332569248949293,0.9174261040299143,0.7105968663019573,NA
NovelmiRNA-3633,0,0,3.680973323502433,NA,NA
NovelmiRNA-2431,0,0,3.680973323502433,NA,NA
NovelmiRNA-2954,0,0,3.680973323502433,NA,NA
NovelmiRNA-1720,0,0,3.680973323502433,NA,NA
NovelmiRNA-1688,0.39549578571255317,0.18406111638920028,1.0034245111270934,0.4423146703862887,NA
NovelmiRNA-1652,0,0,3.680973323502433,NA,NA
NovelmiRNA-2193,0.2309611866939652,-0.02767151236252752,0.8986169819249176,0.9002118272730658,NA
NovelmiRNA-225,0,0,3.680973323502433,NA,NA
NovelmiRNA-2743,3.1639662857004254,0.5617963237738748,1.5054089198313385,0.09629900094933792,NA
NovelmiRNA-2021,0,0,3.680973323502433,NA,NA
NovelmiRNA-1424,0.7295361144400969,-0.1420697424592544,0.958823324388495,0.5408385927023089,NA
NovelmiRNA-2306,0,0,3.680973323502433,NA,NA
NovelmiRNA-215,0,0,3.680973323502433,NA,NA
NovelmiRNA-353,0,0,3.680973323502433,NA,NA
NovelmiRNA-1558,0,0,3.680973323502433,NA,NA
NovelmiRNA-624,0.8314356359722467,-0.15135692714214197,0.9672068153477247,0.5174340929090799,NA
NovelmiRNA-322,0.8779985411253425,-0.1581364530938547,0.9735943698960634,0.5009518758083994,NA
NovelmiRNA-2716,1.6709815542519275,0.41151728603105525,1.2910109557908336,0.16318516024199456,NA
NovelmiRNA-3371,1.3199681645160724,-0.2067118581195951,1.025032292005245,0.39724776164836945,NA
NovelmiRNA-3615,0,0,3.680973323502433,NA,NA
NovelmiRNA-2975,661.3837581934187,-24.420912018253915,3.4792991008346776,NA,NA
NovelmiRNA-841,0.39549578571255317,0.18406111638920028,1.0034245111270934,0.4423146703862887,NA
NovelmiRNA-1764,0,0,3.680973323502433,NA,NA
NovelmiRNA-2598,0,0,3.680973323502433,NA,NA
NovelmiRNA-1826,0.19774789285627659,0.10799269559879225,0.9390131180829302,0.6345685136949796,NA
NovelmiRNA-2132,0,0,3.680973323502433,NA,NA
NovelmiRNA-1735,580.561256281927,27.013217963729314,3.4033990165814996,NA,NA
NovelmiRNA-3471,1269.152893954922,0.2122991517692118,0.9579127333449203,NA,NA
NovelmiRNA-896,0,0,3.680973323502433,NA,NA
NovelmiRNA-3474,0,0,3.680973323502433,NA,NA
NovelmiRNA-1797,20.640988935469252,-0.17741839680281993,0.8317366739946879,0.4527901963301129,0.7932400292730707
NovelmiRNA-498,0.41571781798612334,-0.08003971179961732,0.915795478142464,0.7211307006418812,NA
NovelmiRNA-3520,0,0,3.680973323502433,NA,NA
NovelmiRNA-854,0,0,3.680973323502433,NA,NA
NovelmiRNA-79,0,0,3.680973323502433,NA,NA
NovelmiRNA-1965,0,0,3.680973323502433,NA,NA
NovelmiRNA-1573,0,0,3.680973323502433,NA,NA
NovelmiRNA-2581,0,0,3.680973323502433,NA,NA
NovelmiRNA-393,5.404331633819603,-0.4242952068500659,1.3192056307681481,NA,NA
NovelmiRNA-859,0,0,3.680973323502433,NA,NA
NovelmiRNA-742,0,0,3.680973323502433,NA,NA
NovelmiRNA-494,19.602414317840243,-1.0042991035920594,2.011336454043833,0.032195386138638406,0.2981788070070819
NovelmiRNA-1579,0.7613918115172813,0.2730480237955605,1.1038404411385234,0.29191851263931756,NA
NovelmiRNA-280,0,0,3.680973323502433,NA,NA
NovelmiRNA-2786,5.46866690482449,0.7773956086498729,1.7853786739554747,NA,NA
NovelmiRNA-845,0,0,3.680973323502433,NA,NA
NovelmiRNA-1058,0,0,3.680973323502433,NA,NA
NovelmiRNA-217,0,0,3.680973323502433,NA,NA
NovelmiRNA-495,0,0,3.680973323502433,NA,NA
NovelmiRNA-3526,0,0,3.680973323502433,NA,NA
NovelmiRNA-3544,1.8843420479099229,-0.27769261913512094,1.079463401101368,0.2876574985086819,NA
NovelmiRNA-1022,0,0,3.680973323502433,NA,NA
NovelmiRNA-3537,47.07489057003012,-0.4241957992793677,1.1220097268924876,0.16023938660701278,0.5448796499708032
NovelmiRNA-853,27.000196266076742,-1.1752677259176205,2.2230015723928114,0.02347512242122778,0.2662667586513434
NovelmiRNA-625,5.546530522574852,-0.2650790093032628,0.9062971506995294,0.3008062069169299,0.656106291898521
NovelmiRNA-2180,0.19774789285627659,0.10799269559879225,0.9390131180829302,0.6345685136949796,NA
NovelmiRNA-2235,46.4789020219734,-0.08532317709541913,0.8852435792559654,NA,NA
NovelmiRNA-2166,0,0,3.680973323502433,NA,NA
NovelmiRNA-3017,0,0,3.680973323502433,NA,NA
NovelmiRNA-2963,0,0,3.680973323502433,NA,NA
NovelmiRNA-3130,2.217161695925991,-0.2732303890081193,1.107371569829419,0.2914616530015143,NA
NovelmiRNA-1069,0,0,3.680973323502433,NA,NA
NovelmiRNA-1638,158.4387109410667,0.04329736824914409,0.3502288544344577,0.8084537537148249,0.9355707748568584
NovelmiRNA-1973,0,0,3.680973323502433,NA,NA
NovelmiRNA-315,0,0,3.680973323502433,NA,NA
NovelmiRNA-3628,102.06712295803727,0.30999084121708814,1.0118174828696742,0.2514340994780935,0.6280636011859431
NovelmiRNA-3433,0,0,3.680973323502433,NA,NA
NovelmiRNA-1927,0,0,3.680973323502433,NA,NA
NovelmiRNA-392,53.74779428663857,0.006437339207168664,0.48316109649303945,0.9716478697423931,0.9888902002203848
NovelmiRNA-2234,0,0,3.680973323502433,NA,NA
NovelmiRNA-3557,3.48594127522557,-0.4034905629773301,1.2319640138865866,0.1705425023683248,0.5610195979548172
NovelmiRNA-102,2.262802567741838,-0.2775272036827579,1.1130271077490397,0.28584510296974747,NA
NovelmiRNA-1691,0,0,3.680973323502433,NA,NA
NovelmiRNA-1924,0.5710438586379609,0.23199485774048648,1.0543637810225728,0.3526094864981559,NA
NovelmiRNA-966,0,0,3.680973323502433,NA,NA
NovelmiRNA-1028,8.175906934357233,-0.642237006447526,1.5460481225589433,0.07672753593705631,0.4382524043607242
NovelmiRNA-2753,0,0,3.680973323502433,NA,NA
NovelmiRNA-2170,0,0,3.680973323502433,NA,NA
NovelmiRNA-880,22.992288270917985,-19.96825586067901,3.243625092472261,NA,NA
NovelmiRNA-2187,23.72372755107512,0.17646284042077756,0.6713159145445997,0.4187952486093094,0.7686424989719642
NovelmiRNA-863,4.7461667264615315,-0.27319164214282354,0.8394653387419984,0.27823300931187367,0.6417481670718312
NovelmiRNA-3629,198.8484437540799,-0.09177131672778517,0.8145246247440567,0.6830465876265468,0.892270394378269
NovelmiRNA-1767,0,0,3.680973323502433,NA,NA
NovelmiRNA-357,0,0,3.680973323502433,NA,NA
NovelmiRNA-1052,0,0,3.680973323502433,NA,NA
NovelmiRNA-330,0,0,3.680973323502433,NA,NA
NovelmiRNA-1881,0.7272082331843293,-0.13968627775929773,0.9567431248671749,0.5469995241252692,NA
NovelmiRNA-2495,0,0,3.680973323502433,NA,NA
NovelmiRNA-352,0,0,3.680973323502433,NA,NA
NovelmiRNA-3349,0.6271418150895304,-0.12232690581322922,0.9425309696691619,0.5937695177950835,NA
NovelmiRNA-2510,0.6800999170995232,0.030275803762403283,0.8932445788105812,0.8909953571059568,NA
NovelmiRNA-1734,0,0,3.680973323502433,NA,NA
NovelmiRNA-1894,0,0,3.680973323502433,NA,NA
NovelmiRNA-1161,128.10417228778257,25.004620664139555,3.4037362416262313,NA,NA
NovelmiRNA-1561,0,0,3.680973323502433,NA,NA
NovelmiRNA-1443,0,0,3.680973323502433,NA,NA
NovelmiRNA-1321,129.0501754786309,0.13338166389392436,0.5757551652234391,0.5057032235321297,0.8264499757269602
NovelmiRNA-3397,2.8088801976106432,0.17776382624287745,0.7919496906435397,0.4457878238826591,NA
NovelmiRNA-747,0,0,3.680973323502433,NA,NA
NovelmiRNA-54,0,0,3.680973323502433,NA,NA
NovelmiRNA-1191,0,0,3.680973323502433,NA,NA
NovelmiRNA-1192,0,0,3.680973323502433,NA,NA
NovelmiRNA-2501,18.0100738410189,-0.22060225535787673,0.8648573012125573,0.3686827227617962,0.7229543944710141
NovelmiRNA-3691,0,0,3.680973323502433,NA,NA
NovelmiRNA-1656,0,0,3.680973323502433,NA,NA
NovelmiRNA-1634,0,0,3.680973323502433,NA,NA
NovelmiRNA-3566,0,0,3.680973323502433,NA,NA
NovelmiRNA-2443,0.942834403225766,-0.16779126804326902,0.9830579518644155,0.478350010362996,NA
NovelmiRNA-746,0,0,3.680973323502433,NA,NA
NovelmiRNA-528,0,0,3.680973323502433,NA,NA
NovelmiRNA-3469,0,0,3.680973323502433,NA,NA
NovelmiRNA-1252,0,0,3.680973323502433,NA,NA
NovelmiRNA-1107,0.6146822128334225,-0.12111365800410975,0.941602271243358,0.5971623381152766,NA
NovelmiRNA-1560,0,0,3.680973323502433,NA,NA
NovelmiRNA-3794,0,0,3.680973323502433,NA,NA
NovelmiRNA-3030,0.3316073247454986,-0.06690486750990451,0.9101068516634606,0.7641892815960919,NA
NovelmiRNA-3540,0.3464417800409478,-0.06530790788221667,0.9094862887398161,0.7695233761289266,NA
NovelmiRNA-846,0,0,3.680973323502433,NA,NA
NovelmiRNA-449,5.18219452879536,-0.5054879912420591,1.3642426280946436,0.11787345486739922,0.4796495290663482
NovelmiRNA-1610,0,0,3.680973323502433,NA,NA
NovelmiRNA-3770,8.346307771499674,-0.08898604613152822,0.7378064051752049,0.6845920689351949,0.892270394378269
NovelmiRNA-1082,0,0,3.680973323502433,NA,NA
NovelmiRNA-2286,0,0,3.680973323502433,NA,NA
NovelmiRNA-679,0,0,3.680973323502433,NA,NA
NovelmiRNA-1770,0,0,3.680973323502433,NA,NA
NovelmiRNA-788,0,0,3.680973323502433,NA,NA
NovelmiRNA-69,0.26528585979639885,-0.05087134128317289,0.9044320606581612,0.8186197725515911,NA
NovelmiRNA-1885,0,0,3.680973323502433,NA,NA
NovelmiRNA-2529,0,0,3.680973323502433,NA,NA
NovelmiRNA-1410,0,0,3.680973323502433,NA,NA
NovelmiRNA-900,0,0,3.680973323502433,NA,NA
NovelmiRNA-3439,0,0,3.680973323502433,NA,NA
NovelmiRNA-2526,0,0,3.680973323502433,NA,NA
NovelmiRNA-2784,0,0,3.680973323502433,NA,NA
NovelmiRNA-3261,2.6399363290321447,-0.30019937986943745,1.1433779268495288,NA,NA
hsa-miR-106b-3p,3354.0935034705612,-25.158226387438408,3.4792141655571713,2.0634854910765346e-13,1.2422182656280737e-10
hsa-miR-5696,0,0,3.680973323502433,NA,NA
hsa-miR-4729,0,0,3.680973323502433,NA,NA
hsa-miR-3679-3p,6.795882770538435,-0.04026652087619181,0.5004381309637406,0.8268666500548698,0.9398150947755106
hsa-miR-873-3p,152.0668554437629,-3.8943397539361264,1.0946313180200073,2.1480019319514952e-5,0.0012930971630348003
hsa-miR-586,0.19896439484729914,-0.03471761474517703,0.9000273769070802,0.8751475847416957,NA
hsa-miR-3190-3p,2.0865679383878954,-0.39467141875253714,1.134182560645817,0.1791384860049885,NA
hsa-miR-4800-3p,0,0,3.680973323502433,NA,NA
hsa-miR-6872-5p,0.8094049853088825,0.16198797708268722,0.9085932956184362,0.49358586827006745,NA
hsa-miR-7108-5p,0.3316073247454986,-0.06690486750990451,0.9101068516634606,0.7641892815960919,NA
hsa-miR-518e-3p,0,0,3.680973323502433,NA,NA
hsa-miR-767-3p,129.07752699325664,0.1869923709726507,0.6661085908544649,0.3923374147232822,0.7521882919217067
hsa-miR-4433b-5p,99.69250582393583,-2.578128756503466,2.670872393913992,NA,NA
hsa-miR-548f-3p,0,0,3.680973323502433,NA,NA
hsa-miR-4467,1.273449793100436,-0.134707277575644,0.8765185077261777,0.5611570261337187,NA
hsa-miR-4793-3p,0,0,3.680973323502433,NA,NA
hsa-miR-4699-5p,0.19774789285627659,0.10799269559879225,0.9390131180829302,0.6345685136949796,NA
hsa-miR-483-3p,2070.543457656115,6.87209576605704,1.3047932503159367,1.1534017809011156e-10,3.145059414451523e-8
hsa-miR-3138,1.2873232105367245,-0.03312957677146279,0.8116266209065347,0.880680241840177,NA
hsa-miR-3121-3p,0.464250254643698,-0.0976173504830387,0.9254343017806748,0.6659788899419692,NA
hsa-miR-6866-3p,29.07106317890697,-0.22003115305011303,0.43169730104097487,0.26185773664675527,0.6305534298453866
hsa-miR-519b-3p,3.209034993722547,-0.23531755205104254,0.8681647680217688,0.343013002554703,0.7023599576120109
hsa-miR-4498,0.19774789285627659,0.10799269559879225,0.9390131180829302,0.6345685136949796,NA
hsa-miR-1245b-5p,0,0,3.680973323502433,NA,NA
hsa-miR-493-3p,1829.4964773903148,3.034188618092389,1.7608273942614274,NA,NA
hsa-miR-3120-3p,10.162889488910476,-0.6401867641660242,1.2266180809479348,0.07771735181190123,0.4382524043607242
hsa-miR-6516-5p,41.52429054866276,-0.22047935051815282,0.40756557375332886,0.25806432644917987,0.6305534298453866
hsa-miR-5579-3p,0.5784437986149172,0.2335875143449001,1.0561974251236148,0.3499970612038402,NA
hsa-miR-3691-5p,2.852559000814832,-0.11965886900621289,0.7470400393421406,0.5905987140786626,NA
hsa-miR-3160-5p,0.2309611866939652,-0.02767151236252752,0.8986169819249176,0.9002118272730658,NA
hsa-miR-199a-5p,8345.631011412257,0.4738677348626833,0.7752052214100958,0.08747097012116999,0.4382524043607242
hsa-miR-4476,0.19774789285627659,0.10799269559879225,0.9390131180829302,0.6345685136949796,NA
hsa-miR-6825-5p,0.19774789285627659,0.10799269559879225,0.9390131180829302,0.6345685136949796,NA
hsa-miR-9985,0,0,3.680973323502433,NA,NA
hsa-miR-32-3p,0,0,3.680973323502433,NA,NA
hsa-miR-2276-5p,9.343005203250998,-0.08617521877866616,0.5384217026011195,0.6528989099285636,0.8823164257813579
hsa-miR-627-5p,8.262626537431656,0.05122600571017978,0.4802361297365988,0.7781242040647566,0.9275856848455117
hsa-miR-3914,0,0,3.680973323502433,NA,NA
hsa-miR-3157-3p,11.710567442035154,-0.062376143581714144,0.4373457363271892,0.7261480885523874,0.8957332909304789
hsa-miR-6818-3p,0,0,3.680973323502433,NA,NA
hsa-miR-1913,0,0,3.680973323502433,NA,NA
hsa-miR-4658,0,0,3.680973323502433,NA,NA
hsa-miR-4733-5p,0,0,3.680973323502433,NA,NA
hsa-miR-509-5p,8.087591607317794,0.09554754105914988,0.5074370611442645,0.6110487422984938,0.8733600585747593
hsa-miR-4717-5p,0.19774789285627659,0.10799269559879225,0.9390131180829302,0.6345685136949796,NA
hsa-miR-3675-5p,1.922227455643717,-0.2756851933522796,1.0815836035947572,0.29000610451326797,NA
hsa-miR-3917,1.0393253401228433,-0.17761113550561156,0.9930983988007968,0.45639701383916104,NA
hsa-miR-4780,1.2370732329791199,-0.10805755648441533,0.928794507401353,0.6348177119963461,NA
hsa-miR-4790-3p,0,0,3.680973323502433,NA,NA
hsa-miR-142-5p,6175.903904001848,-27.444042936774103,3.4791803766090346,NA,NA
hsa-miR-4520-5p,0.5293552176017752,-0.007605356858676035,0.8935337004703626,0.9724596922908295,NA
hsa-miR-3161,0.19896439484729914,-0.03471761474517703,0.9000273769070802,0.8751475847416957,NA
hsa-miR-885-3p,1008.9103660623654,-0.6040758703140348,0.8364671133978049,0.05067247435646156,0.37656694806146596
hsa-miR-5191,0.3464417800409478,-0.06530790788221667,0.9094862887398161,0.7695233761289266,NA
hsa-miR-3919,0.2828503209677298,-0.05234564542634252,0.9048965493546356,0.813538325882324,NA
hsa-miR-6767-5p,0.8319535436565576,0.21272880693331808,0.9506912381535406,0.38881579772918706,NA
hsa-miR-615-5p,13.135645332763511,5.663755918689843,2.462613423222826,6.545737400683937e-5,0.002479815684036101
hsa-miR-376a-3p,316.07044313991673,0.32138661856400397,0.7069943777011076,0.18489051692747321,0.5683194867010343
hsa-miR-511-3p,12.024959013540022,0.04059987291638648,0.5791421542707588,0.8359789038444496,0.9406715889988012
hsa-miR-7973,0,0,3.680973323502433,NA,NA
hsa-miR-6864-5p,0,0,3.680973323502433,NA,NA
hsa-miR-548v,6.435092643560141,-0.1253091298618578,0.6977025811236262,0.5640917803839196,0.8532242507314562
hsa-miR-1295b-3p,0,0,3.680973323502433,NA,NA
hsa-miR-3682-3p,0,0,3.680973323502433,NA,NA
hsa-miR-4666b,0.06632146494909971,0.011821578772241057,0.8969636225438603,0.9571984856109313,NA
hsa-miR-3191-5p,0,0,3.680973323502433,NA,NA
hsa-miR-299-5p,96.95269575545224,0.011519111456330909,0.47501287446413765,0.94900335930644375,0.9777545814552231
hsa-miR-524-3p,0,0,3.680973323502433,NA,NA
hsa-miR-18b-3p,14.473554869353967,0.4594371459933173,1.229313619241349,NA,NA
hsa-miR-4523,1.3203813643684181,0.19199920114563088,0.906417268245912,0.4277383436154299,NA
hsa-miR-6718-5p,2.867123946923445,-0.5054188973024024,1.2577191776163335,0.1208092761465553,NA
hsa-miR-3925-3p,0.39549578571255317,0.18406111638920028,1.0034245111270934,0.4423146703862887,NA
hsa-miR-6805-3p,2.1993726676344663,-0.3006459691016271,1.1095199541136576,0.25982350354828226,NA
hsa-miR-4427,0,0,3.680973323502433,NA,NA
hsa-miR-4639-3p,3.4320761013514174,-0.14578562260692365,0.7639715304081941,0.5201389439831847,0.843999041180262
hsa-miR-3186-3p,0.2771452119907489,-0.02767151236252752,0.8986169819249176,0.9002118272730658,NA
hsa-miR-770-3p,49.7774967722961,-0.5106547068849765,0.8793643310367376,0.08717079088872154,0.4382524043607242
hsa-miR-642a-3p,16.43445222541689,-0.8713377895017559,1.2606738710010508,0.0380857876524435,0.3330046623210174
hsa-miR-7155-3p,0,0,3.680973323502433,NA,NA
hsa-miR-6800-3p,0,0,3.680973323502433,NA,NA
hsa-miR-4727-5p,0.9948219742364958,-0.1752664323946489,0.9906645683814626,0.4615449073580643,NA
hsa-miR-4786-5p,0,0,3.680973323502433,NA,NA
hsa-miR-510-5p,0,0,3.680973323502433,NA,NA
hsa-miR-6834-5p,0.2771452119907489,-0.02767151236252752,0.8986169819249176,0.9002118272730658,NA
hsa-miR-1228-5p,5.089616960276821,0.7741657287311468,1.2976542976618002,0.053389623327085196,0.38149356058743505
hsa-miR-556-3p,8.374441957384237,0.6021211010310895,1.052089277298515,0.07539608518467168,0.4382524043607242
hsa-miR-10399-5p,9.127530481759006,0.27386918179050046,0.9791580272592622,0.2940308320123599,0.656106291898521
hsa-miR-4667-5p,1.5482294064159818,-0.03212691725742321,0.6529598334598273,0.8765225637814412,NA
hsa-miR-302a-3p,25.234311453322665,0.10483952580753132,0.5771419632538659,0.5974398349637928,0.8733600585747593
hsa-miR-6845-5p,2.2913601996254327,-0.03383124222041831,0.5789177020487335,0.8629033516009055,NA
hsa-miR-409-5p,2837.939200734182,0.06951126846115775,0.5018710783194359,0.7078689211625155,0.8954571970499113
hsa-miR-5003-3p,0.303814828045805,0.15720734443743306,0.9793912403874873,0.5027901535284163,NA
hsa-miR-3617-3p,8.91464803019297,0.028127078112821134,0.5462298228065736,0.8827442856061655,0.967963679298564
hsa-miR-552-5p,18.177699708580636,-0.2677419312838598,0.7064669885939301,0.25321189805215183,0.6298907546586586
hsa-miR-6727-3p,0.13264292989819942,-0.01600585721473074,0.896970941872547,0.9420941166009759,NA
hsa-miR-3667-3p,1.7962193522197738,0.2833424237001603,1.0767262763811964,0.2809910507718657,NA
hsa-miR-548al,0,0,3.680973323502433,NA,NA
hsa-miR-4657,0,0,3.680973323502433,NA,NA
hsa-miR-548ae-3p,9.491898857101276,1.0789286009102996,2.1550915496221896,NA,NA
hsa-miR-147b-3p,1.0393253401228433,-0.17761113550561156,0.9930983988007968,0.45639701383916104,NA
hsa-miR-5695,0,0,3.680973323502433,NA,NA
hsa-miR-625-5p,537.3656275967255,-0.26584264096113264,0.5607139297337321,0.21600212600038987,0.5937592687316654
hsa-miR-548t-5p,0,0,3.680973323502433,NA,NA
hsa-miR-6895-3p,1.9738093261102392,-0.08757775859430783,0.7410414519030345,0.6896046716291473,NA
hsa-miR-6779-3p,0,0,3.680973323502433,NA,NA
hsa-miR-3678-5p,0.19774789285627659,0.10799269559879225,0.9390131180829302,0.6345685136949796,NA
hsa-miR-1247-3p,208.39778602756127,5.372400039682301,1.577535183296051,6.052449854669822e-6,4.554468515639041e-4
hsa-miR-3129-3p,0,0,3.680973323502433,NA,NA
hsa-miR-6733-3p,19.266460193790802,-0.1744887941538312,0.4644146354439793,0.3631591345015001,0.716792783507879
hsa-miR-513b-5p,0,0,3.680973323502433,NA,NA
hsa-miR-4728-3p,0.5710438586379609,0.23199485774048648,1.0543637810225728,0.3526094864981559,NA
hsa-miR-4725-3p,1.36325193205409,0.28492310621555617,1.0015968812770768,0.2804175657055217,NA
hsa-miR-1304-5p,16.079378930208126,-0.2308135858308673,0.8139832831771777,0.34159183105664453,0.7023599576120109
hsa-miR-6762-5p,5.26866055043378,0.01496624791885256,0.5624538847924793,0.9382156627510461,0.9777545814552231
hsa-miR-4761-3p,0.2771452119907489,-0.02767151236252752,0.8986169819249176,0.9002118272730658,NA
hsa-miR-335-5p,1465.7461917149114,-0.047191918959301575,0.3987630616758149,0.788299435993221,0.9308778839513717
hsa-miR-6716-3p,2.454874178984335,-0.3144516705588029,1.1320803045675336,0.24444538532917462,NA
hsa-miR-6820-5p,1.869214784257596,-0.03425498111462336,0.7179270553256047,0.8730941681968281,NA
hsa-miR-6785-5p,0.5796603006059398,0.08559692871289216,0.9160846438449988,0.7034582689200362,NA
hsa-miR-6840-5p,0,0,3.680973323502433,NA,NA
hsa-miR-4433a-5p,0.464250254643698,-0.0976173504830387,0.9254343017806748,0.6659788899419692,NA
hsa-miR-521,0,0,3.680973323502433,NA,NA
hsa-miR-1245a,0,0,3.680973323502433,NA,NA
hsa-miR-548ac,0.303814828045805,0.15720734443743306,0.9793912403874873,0.5027901535284163,NA
hsa-miR-3187-5p,2.3406958096107457,-0.621272895169888,1.2904512894453777,0.08453327812024333,NA
hsa-miR-4772-3p,6.127716701957079,-1.117877755646574,1.7863202757281202,0.027005089950336875,0.2734029374259119
hsa-miR-1273h-3p,0,0,3.680973323502433,NA,NA
hsa-miR-6789-3p,1.089575317680448,-0.10954770251385054,0.8621271521414068,0.6310882357879257,NA
hsa-miR-5587-3p,0.5189577033996292,-0.004308158624361124,0.8615101996127101,0.984429183846719,NA
hsa-miR-520b-5p,0.49624704649036405,-0.10196978109040285,0.9281575430204478,0.6527941606673553,NA
hsa-miR-548q,0,0,3.680973323502433,NA,NA
hsa-miR-181c-3p,1265.917809221037,0.2575697238207299,0.5279338949527512,0.2198434814327048,0.6015717082840376
hsa-miR-10398-5p,13.77210082635544,-0.3151956307857863,0.7704094655219729,0.20753948373872028,0.5860919829818215
hsa-miR-331-5p,504.59445143799644,0.012807350475227502,0.5342583476272192,0.9458729037626744,0.9777545814552231
hsa-miR-7704,5.542904239814978,-0.4294429340519629,1.3267029067645562,NA,NA
hsa-miR-4999-3p,4.705908674412789,0.26004312936336804,0.8129099105595531,0.29240326604809164,0.656106291898521
hsa-miR-6796-3p,0.7525701781074364,-0.14142763178868104,0.9582599810034751,0.5424921513479584,NA
hsa-miR-1291,2.3831388973402152,-0.2840784148272089,1.1217120197133728,0.27753099327330555,NA
hsa-miR-6758-5p,0.3979287896945983,-0.08332569248949293,0.9174261040299143,0.7105968663019573,NA
hsa-miR-449b-5p,25.707226071315958,22.902476850719268,3.3065829900684887,NA,NA
hsa-miR-4758-5p,0,0,3.680973323502433,NA,NA
hsa-miR-4701-3p,1.3768418108604936,-0.2844544748722549,1.0155597694032303,0.2811514586832765,NA
hsa-miR-4637,0,0,3.680973323502433,NA,NA
hsa-miR-5584-5p,17.695601047793772,-0.3079106885444198,0.8530779175544252,0.23484875830624172,0.6255705862847677
hsa-miR-4450,0,0,3.680973323502433,NA,NA
hsa-miR-3135a,0.464250254643698,-0.0976173504830387,0.9254343017806748,0.6659788899419692,NA
hsa-miR-4671-5p,1.4481099997657245,-0.057985914724964824,0.8148510055601638,0.7940119400810608,NA
hsa-miR-574-5p,24.305186243664398,22.83470170290269,3.287820686944415,NA,NA
hsa-miR-6748-5p,1.1219064556459666,-0.1871935208840709,1.0029953307558281,0.4359786359719195,NA
hsa-miR-188-3p,7.120654390692648,0.37579417147632427,0.6546980143763841,0.12368433849730122,0.4866534102965708
hsa-miR-4649-3p,0.627673474397541,-0.030804192943406195,0.8508147052313454,0.8893213278852589,NA
hsa-miR-4485-3p,0,0,3.680973323502433,NA,NA
hsa-miR-4724-5p,0.6042846986312765,-0.11859455089250001,0.9397021666015901,0.6042582169969173,NA
hsa-miR-519c-5p,1.5626352656414957,-0.007204334147978728,0.7897141997931648,0.9737869788054972,NA
hsa-miR-5188,1.758835205805941,-0.3448991085694313,1.0794865214338485,0.21792017385794357,NA
hsa-miR-520b-3p,2.7800120981584757,-0.1950907533572493,0.8379979246056872,0.4151296130936218,NA
hsa-miR-4521,0,0,3.680973323502433,NA,NA
hsa-miR-4731-5p,1.369695632772296,-0.17403484879353467,0.8382726920181988,0.4613060860001632,NA
hsa-miR-361-5p,3820.8326248660965,0.06777344262620841,0.7879253192626762,0.7596034557446757,0.9232504493999237
hsa-miR-4760-3p,0.2828503209677298,-0.05234564542634252,0.9048965493546356,0.813538325882324,NA
hsa-miR-10526-3p,0.5424310717871477,-0.10951910325389964,0.9331806936546345,0.6303904123886733,NA
hsa-miR-4755-3p,0.8255059598750716,-0.15131868528354767,0.967171411500984,0.5175285052482628,NA
hsa-miR-4638-3p,0.39549578571255317,0.18406111638920028,1.0034245111270934,0.4423146703862887,NA
hsa-miR-4516,0.4557222420687075,0.20518471541650704,1.0247722303743354,0.40004273891037756,NA
hsa-miR-4672,0.9700082419676211,-0.1685196813243528,0.9837887189644545,0.47668596670015706,NA
hsa-miR-515-5p,0,0,3.680973323502433,NA,NA
hsa-miR-4664-5p,0.7922080734161289,0.1307126604993153,0.9437632758626928,0.5710133271398026,NA
hsa-miR-6844,0,0,3.680973323502433,NA,NA
hsa-miR-4491,0.13264292989819942,-0.01600585721473074,0.896970941872547,0.9420941166009759,NA
hsa-miR-6751-3p,0.5017134520716243,-0.099785719708021,0.9267749205506761,0.6593860951820143,NA
hsa-miR-4431,1.5819831428502127,0.3988486446865051,1.2731727256923089,0.1714332429315819,NA
hsa-miR-7114-5p,4.275151138423306,0.07353063120900745,0.6423694822959014,0.7219570020775592,0.8954571970499113
hsa-miR-6515-5p,5.874418634002479,0.10342528645392611,0.5838215591990877,0.6040726524570521,0.8733600585747593
hsa-miR-3150a-5p,0.2828503209677298,-0.05234564542634252,0.9048965493546356,0.813538325882324,NA
hsa-miR-3150b-3p,2.217161695925991,-0.2732303890081193,1.107371569829419,0.2914616530015143,NA
hsa-miR-6823-3p,0,0,3.680973323502433,NA,NA
hsa-miR-4798-3p,3.7872865151353974,0.06671241819192247,0.5013362077544271,0.7188075360768853,0.8954571970499113
hsa-miR-4659b-3p,0.19774789285627659,0.10799269559879225,0.9390131180829302,0.6345685136949796,NA
hsa-miR-3663-3p,0.19774789285627659,0.10799269559879225,0.9390131180829302,0.6345685136949796,NA
hsa-miR-4716-3p,0,0,3.680973323502433,NA,NA
hsa-miR-526a-3p,0.6415709488501171,-0.12652392988928482,0.9458105801283223,0.582156982641989,NA
hsa-miR-4709-5p,1.4063687172355206,-0.15451063262398063,0.8872819837580557,0.5110183388402569,NA
hsa-miR-499b-3p,0.19774789285627659,0.10799269559879225,0.9390131180829302,0.6345685136949796,NA
hsa-miR-6754-5p,0,0,3.680973323502433,NA,NA
hsa-miR-6736-5p,0,0,3.680973323502433,NA,NA
hsa-miR-548aj-3p,10.521978296369966,0.4722893054452353,0.9677369560252291,0.11857194929002592,0.4796495290663482
hsa-miR-549a-5p,9.399337421378807,0.17001240309136179,0.5269989690807533,0.38957399043006996,0.7521882919217067
hsa-miR-6735-5p,2.7504120489332906,-0.029868933030260964,0.6453265355405977,0.8845398877739046,NA
hsa-miR-1909-3p,0.6271418150895304,-0.12232690581322922,0.9425309696691619,0.5937695177950835,NA
hsa-miR-6876-3p,0,0,3.680973323502433,NA,NA
hsa-miR-548ai,4.593377547645361,-0.10735999322775404,0.683337586858151,0.6160355494995469,0.8733600585747593
hsa-miR-4526,0.5784437986149172,0.2335875143449001,1.0561974251236148,0.3499970612038402,NA
hsa-miR-628-3p,296.33101091807316,-0.588763388828683,0.7745479122403172,0.047402727736076844,0.3612207860394716
hsa-miR-4678,0.6810036777825221,-0.13199915484495497,0.9502415218658012,0.5672993482719859,NA
hsa-miR-671-5p,120.15971027160157,-0.35379766742005947,0.6186440238045555,0.13353525149846182,0.5024263837629627
hsa-miR-1258,1.1007093026215606,-0.18494393716976795,1.000851344044391,0.44067263624388187,NA
hsa-miR-4799-5p,0.964078565870446,-0.16839418051527613,0.9836626488899233,0.476972260960722,NA
hsa-miR-520c-5p,0.3762850890537182,-0.07183891649630376,0.912085181055793,0.7478417456639198,NA
hsa-miR-6717-3p,0,0,3.680973323502433,NA,NA
hsa-miR-4638-5p,0,0,3.680973323502433,NA,NA
hsa-miR-4676-5p,1.8783645343280615,-0.043123616255341,0.7129595534745239,0.8404617130951922,NA
hsa-miR-4797-5p,2.9392263599278357,-0.10449603642856722,0.8183598602023779,0.6441111980382901,NA
hsa-miR-10394-5p,0,0,3.680973323502433,NA,NA
hsa-miR-4640-5p,0,0,3.680973323502433,NA,NA
hsa-miR-609,1.7797310357064893,0.42295069057500506,1.3071728003702585,0.15618827157331577,NA
hsa-miR-520d-3p,0.5657006419354595,-0.11432430917672402,0.936569587754508,0.6164439061026067,NA
hsa-miR-548at-5p,0.8020050453319261,0.1351175222850738,0.9483162029891675,0.5592038252472258,NA
hsa-miR-548j-3p,1.9633891470929001,-0.26474128645868195,0.9206019591770842,0.3028450226046607,NA
hsa-miR-3074-3p,16.78383068813127,0.16209189092636836,0.5851295521073469,0.427782151996286,0.7770174322423389
hsa-miR-6743-3p,0.9638539987502519,-0.21619003404582365,0.9483716326159545,0.38255875582436916,NA
hsa-miR-6746-5p,0.6134657108424,-0.019990770088477685,0.8934872044145332,0.9277758172461645,NA
hsa-miR-7855-5p,0.3771337612903064,-0.07545191714607255,0.9136557622782115,0.7360011087865965,NA
hsa-miR-1912-3p,13.59387203433983,0.487748285362709,0.9939146907513382,0.11399348466560502,0.4796495290663482
hsa-miR-6761-3p,0.46303375265267543,0.00777804828728852,0.8948720955856597,0.9718305440880068,NA
hsa-miR-6827-3p,4.615226997546635,-0.2410239214911179,0.7542919401655187,0.3094424241481097,0.6629335919471958
hsa-miR-7974,1.068715707689643,-0.2317558060087946,0.9663020928278734,0.35607270152066817,NA
hsa-miR-6865-3p,0.1885668806451532,-0.02767151236252752,0.8986169819249176,0.9002118272730658,NA
hsa-miR-4776-5p,0,0,3.680973323502433,NA,NA
hsa-miR-539-5p,480.435409846687,-0.128786744645022,0.4800054894444147,0.4925399624647154,0.8220598655697106
hsa-miR-942-3p,33.6919032514808,-0.3365864428349833,0.7500755438007776,0.17940498354764053,0.5683194867010343
hsa-miR-518e-5p,0.6599840822580362,-0.1298567224512432,0.9484874800305738,0.5730736584121515,NA
hsa-miR-6860,0.6271418150895304,-0.12232690581322922,0.9425309696691619,0.5937695177950835,NA
hsa-miR-485-5p,785.7709221677661,-0.010602849978335709,0.4937405594462284,0.9536944359848537,0.9780648219129163
hsa-miR-5088-5p,0.8896239247105583,0.02208094937201186,0.824661387667595,0.920311090419954,NA
hsa-miR-4680-3p,0,0,3.680973323502433,NA,NA
hsa-miR-33b-3p,3.472028135917089,-0.5762966185364209,1.3398944624284779,0.09636915441707969,0.4497227206130386
hsa-miR-3165,0.19774789285627659,0.10799269559879225,0.9390131180829302,0.6345685136949796,NA
hsa-miR-6831-5p,0.1885668806451532,-0.02767151236252752,0.8986169819249176,0.9002118272730658,NA
hsa-miR-939-5p,3.963361629364806,-0.10051686700458388,0.8398254819351912,0.65730584298956,0.8823164257813579
hsa-miR-132-3p,7621.5377402318745,-1.2105434495803347,1.2149992284687796,0.012568160867097203,0.1806842071733148
hsa-miR-6810-3p,1.0674140940070838,-0.18100954040914044,0.9966652616866071,0.44903916801437704,NA
hsa-miR-3183,0.1885668806451532,-0.02767151236252752,0.8986169819249176,0.9002118272730658,NA
hsa-miR-512-5p,1.5321054580846147,-0.0400448443268995,0.7275865903630674,0.8526251000790107,NA
hsa-miR-4802-3p,0.38069590575864065,0.18003012510451474,0.9995793160979896,0.4509012459474778,NA
hsa-miR-1915-5p,0,0,3.680973323502433,NA,NA
hsa-miR-548b-3p,16.054913045464254,0.12020500808836956,0.6115537674836857,0.5571135366112854,0.8532242507314562
hsa-miR-466,0.19034795287932033,0.10799269559879217,0.9390131180829301,0.6345685136949797,NA
hsa-miR-3163,0.5956766825508748,-0.023068919075260794,0.8936845924980108,0.9167267058000014,NA
hsa-miR-5699-3p,7.455397894024234,-0.7289852222008899,1.4537829690677546,0.06323906913126413,0.41963710269819393
hsa-miR-1277-5p,23.32655113985589,-0.6387654623324696,0.9873340407602589,0.05850133801086173,0.403246390890679
hsa-miR-541-5p,29.935279292336794,0.2590684414242522,0.698096162575093,0.2640574443346816,0.631001332553341
hsa-miR-6729-3p,0,0,3.680973323502433,NA,NA
hsa-miR-33a-3p,14.382773219445157,-0.0492092272605946,0.8060120716419448,0.8239781270450995,0.9394599100021779
hsa-miR-6792-5p,0,0,3.680973323502433,NA,NA
hsa-miR-4711-3p,0,0,3.680973323502433,NA,NA
hsa-miR-5583-3p,0.6869333538796971,-0.13188025088124578,0.9501434995138972,0.5676184890863689,NA
hsa-miR-6822-3p,0,0,3.680973323502433,NA,NA
hsa-miR-3936,1.1827009510905668,0.19737996053660384,1.0006861467888433,0.4160970546841852,NA
hsa-miR-140-3p,23380.847190891876,-0.1357173122154718,0.43449901315439826,0.46291781229950046,0.7932400292730707
hsa-miR-7152-5p,1.9379323938120177,0.2669432900676165,0.8927715842945086,0.2963706606877784,NA
hsa-miR-4712-5p,0,0,3.680973323502433,NA,NA
hsa-miR-525-5p,0.2828503209677298,-0.05234564542634252,0.9048965493546356,0.813538325882324,NA
hsa-miR-1914-3p,1.7187537520860103,-0.06354406538575236,0.7194320008512485,0.7683331492569268,NA
hsa-miR-3944-3p,0.3967122877035757,0.02360221313622949,0.8975654337767501,0.9147782211570988,NA
hsa-miR-5009-5p,2.2395424242128206,-0.12143159015843577,0.8419932062463439,0.5961049074374394,NA
hsa-miR-377-5p,143.33536257511633,0.08336568880303638,0.4795473408412753,0.6496891338739166,0.8823164257813579
hsa-miR-130b-3p,274.14470113270545,0.46064002008641375,0.6606562108446038,0.07510226060349394,0.4382524043607242
hsa-miR-12114,0.7390675853786792,-0.13959182403446727,0.9566613056551071,0.5472449739474383,NA
hsa-miR-4796-3p,1.5317001365497522,-0.03790947234723714,0.7983571180628382,0.8634244046973358,NA
hsa-miR-5000-5p,1.3248819405824128,0.09156090102932975,0.7601191165326483,0.6790131661827772,NA
hsa-miR-4670-5p,0,0,3.680973323502433,NA,NA
hsa-miR-3064-3p,5.979231725591873,0.207847942449958,0.8974916387927188,0.3958696740646845,0.7541567841358863
hsa-miR-6720-5p,4.996829569251037,-0.12759441166782712,0.7006433052230735,0.5580157009886537,0.8532242507314562
hsa-miR-6506-5p,0,0,3.680973323502433,NA,NA
hsa-miR-382-5p,1367.769166423488,0.08508569901230409,0.4886784050123194,0.6451248316322915,0.8823164257813579
hsa-miR-4703-3p,0.13264292989819942,-0.01600585721473074,0.896970941872547,0.9420941166009759,NA
hsa-miR-4706,0,0,3.680973323502433,NA,NA
hsa-miR-6848-5p,0,0,3.680973323502433,NA,NA
hsa-miR-3159,0,0,3.680973323502433,NA,NA
hsa-miR-1537-3p,0.5542904239814977,-0.10865715897666421,0.9325883605670449,0.6329180941944331,NA
hsa-miR-3197,0,0,3.680973323502433,NA,NA
hsa-miR-6878-5p,1.2168306706005265,0.050589842579568764,0.8164618925779804,0.8194878192211711,NA
hsa-miR-876-3p,71.58093645476661,-1.0828422886233107,1.5693351394512256,0.028327279236948343,0.27504874355875647
hsa-miR-3692-5p,0.47489310484702546,0.03059674438734867,0.899264536358229,0.8897798749246131,NA
hsa-miR-2681-5p,19.14831734446613,-0.27317157914895035,0.7277689816394318,0.25112144978021883,0.6280636011859431
hsa-miR-4435,0.7520383168377743,-0.04652648682012208,0.8978317777237417,0.8337751182279819,NA
hsa-miR-6728-5p,0.19774789285627659,0.10799269559879225,0.9390131180829302,0.6345685136949796,NA
hsa-miR-506-5p,1.926966335379095,-0.12125816327989522,0.7726146755136037,0.5898295673290337,NA
hsa-miR-3622a-3p,19.799718653527997,0.3932143754403577,0.9063827488063295,0.16082161746450982,0.5448796499708032
hsa-miR-4765,0.13264292989819942,-0.01600585721473074,0.896970941872547,0.9420941166009759,NA
hsa-miR-3615,122.38116242801013,0.056017845712757836,0.8614924172869146,0.8014675769948276,0.9348932540141528
hsa-miR-6852-5p,5.4071338356931635,-0.5527443209623026,1.2744648999097432,0.10404494125913817,0.469723397088129
hsa-miR-509-3-5p,36.56971152745567,0.04124935377482308,0.4819021025392116,0.8203434380880239,0.9370906066963764
hsa-miR-522-5p,1.023588198850201,-0.22447495680125384,0.9609070914820486,0.36821621656186754,NA
hsa-miR-3126-5p,0,0,3.680973323502433,NA,NA
hsa-miR-3942-5p,0,0,3.680973323502433,NA,NA
hsa-miR-548h-3p,0,0,3.680973323502433,NA,NA
hsa-miR-4776-3p,0,0,3.680973323502433,NA,NA
hsa-miR-6858-5p,0,0,3.680973323502433,NA,NA
hsa-miR-3188,4.888675830362417,0.8908962152800399,1.644462003905781,0.042654655976090666,0.3539429158127895
hsa-miR-4482-3p,2.6121769728345603,-0.4673700652443671,1.2175169882057895,0.1374393228682478,NA
hsa-miR-5571-3p,0.19774789285627659,0.10799269559879225,0.9390131180829302,0.6345685136949796,NA
hsa-miR-548as-5p,0,0,3.680973323502433,NA,NA
hsa-miR-4749-5p,1.7256628753914247,0.06988035712474248,0.650234493239991,0.7363884526056792,NA
hsa-miR-3192-3p,1.091923729041239,-0.1140107955949224,0.8640355848662581,0.6181641128004924,NA
hsa-miR-6867-5p,0,0,3.680973323502433,NA,NA
hsa-miR-7112-3p,0,0,3.680973323502433,NA,NA
hsa-miR-4529-3p,0.812205538569505,-0.07068936129004828,0.8460979964020477,0.7521114603416037,NA
hsa-miR-2682-3p,289.44061326120743,-1.2277461664402907,1.4583584298663406,0.01846387848416909,0.22542394943977018
hsa-miR-7843-5p,0.5138115076616949,-0.10404314338309609,0.9294997159066668,0.6465818569722657,NA
hsa-miR-6851-5p,1.22831195519105,-0.15366459138626398,0.8205588983171126,0.5082073262842929,NA
hsa-miR-4740-5p,0,0,3.680973323502433,NA,NA
hsa-miR-452-3p,357.4845637071723,2.0534935994188896,2.2894335615202084,NA,NA
hsa-miR-5690,3.058903404506775,0.15078206563999125,0.7037227056625089,0.49355001834740686,NA
hsa-miR-338-3p,16790.228756119235,-0.3362229433773171,0.7504109840188291,0.1798541175545279,0.5683194867010343
hsa-miR-371b-3p,1.1085808479629955,-0.18388423441580387,0.9997179635838206,0.44291016229451496,NA
hsa-miR-548aq-3p,5.93491010389964,0.11988484588037757,0.906142805735304,0.6016829465205203,0.8733600585747593
hsa-miR-4691-5p,0,0,3.680973323502433,NA,NA
hsa-miR-11399,0.19774789285627659,0.10799269559879225,0.9390131180829302,0.6345685136949796,NA
hsa-miR-513a-5p,0,0,3.680973323502433,NA,NA
hsa-miR-219b-5p,3.3070160462756033,0.07179195511073772,0.5725408276146182,0.7142710549975502,0.8954571970499113
hsa-miR-6817-3p,1.0434837381920476,-0.22754773674860165,0.9638267362942571,0.3630376613392797,NA
hsa-miR-519d-3p,1.272614408072576,-0.2087671847095064,1.016028431309463,0.3940940981727403,NA
hsa-miR-4766-3p,0.5542904239814977,-0.10865715897666421,0.9325883605670449,0.6329180941944331,NA
hsa-miR-4723-5p,0,0,3.680973323502433,NA,NA
hsa-miR-6502-5p,0,0,3.680973323502433,NA,NA
hsa-miR-2467-3p,5.072866990420338,0.12505332420874,0.6179109145413467,0.543865321642403,0.8532242507314562
hsa-miR-3920,0.41571781798612334,-0.08003971179961732,0.915795478142464,0.7211307006418812,NA
hsa-miR-4709-3p,1.208620824379244,-0.20031736374397635,1.011569813056289,0.40989629132099875,NA
hsa-miR-3136-3p,1.9742565644164216,-0.10023625656442914,0.8315858034422882,0.6577890976550977,NA
hsa-miR-378b,0,0,3.680973323502433,NA,NA
hsa-miR-3140-5p,1.7184652940690115,-0.22865255864281844,0.8851189796568177,0.3566745193913933,NA
hsa-miR-5706,0.577402966734913,-0.11467701818068832,0.936824061492313,0.6154299506932419,NA
hsa-miR-3116,0,0,3.680973323502433,NA,NA
hsa-miR-5008-5p,0,0,3.680973323502433,NA,NA
NovelmiRNA-717,0,0,3.680973323502433,NA,NA
NovelmiRNA-3730,0.9731306536845072,-0.17043976942551392,0.9857259597532034,0.472327055625162,NA
NovelmiRNA-448,0,0,3.680973323502433,NA,NA
NovelmiRNA-2709,0,0,3.680973323502433,NA,NA
NovelmiRNA-2993,0.13264292989819942,-0.01600585721473074,0.896970941872547,0.9420941166009759,NA
NovelmiRNA-1643,0,0,3.680973323502433,NA,NA
NovelmiRNA-1702,1.1937863690837949,-0.1960381407960046,1.01296770733992,0.4179435527751951,NA
NovelmiRNA-2638,2.6648713403104844,0.5164197194882526,1.4405133750729795,0.1117270061037062,NA
NovelmiRNA-766,0,0,3.680973323502433,NA,NA
NovelmiRNA-3166,1.6331147359425433,-0.24682887636489087,1.05304722406558,0.3302779097630544,NA
NovelmiRNA-3103,0,0,3.680973323502433,NA,NA
NovelmiRNA-3461,0,0,3.680973323502433,NA,NA
NovelmiRNA-123,0,0,3.680973323502433,NA,NA
NovelmiRNA-3636,0,0,3.680973323502433,NA,NA
NovelmiRNA-3122,3.591537800035299,-0.41852594824565703,1.2460840213621929,0.16124382986682642,0.5448796499708032
NovelmiRNA-2001,0,0,3.680973323502433,NA,NA
NovelmiRNA-2663,0,0,3.680973323502433,NA,NA
NovelmiRNA-3094,0,0,3.680973323502433,NA,NA
NovelmiRNA-3047,0,0,3.680973323502433,NA,NA
NovelmiRNA-2167,6.833755482213922,-0.5943218770718036,1.4768712933177421,0.08862005212863412,0.4382524043607242
NovelmiRNA-761,39.15408278554276,22.690908786110818,3.331534704234716,NA,NA
NovelmiRNA-129,0,0,3.680973323502433,NA,NA
NovelmiRNA-2841,0,0,3.680973323502433,NA,NA
NovelmiRNA-1190,0,0,3.680973323502433,NA,NA
NovelmiRNA-2030,0,0,3.680973323502433,NA,NA
NovelmiRNA-1282,17.83732815418913,-0.13319317669530964,0.7141957106630471,0.5448390938944903,0.8532242507314562
NovelmiRNA-2536,0,0,3.680973323502433,NA,NA
NovelmiRNA-820,0,0,3.680973323502433,NA,NA
NovelmiRNA-3206,0,0,3.680973323502433,NA,NA
NovelmiRNA-2382,0,0,3.680973323502433,NA,NA
NovelmiRNA-3219,0,0,3.680973323502433,NA,NA
NovelmiRNA-2444,0,0,3.680973323502433,NA,NA
NovelmiRNA-2047,1.9896439484729915,-0.2604420109251415,1.0907442853217955,NA,NA
NovelmiRNA-2910,0.3464417800409478,-0.06530790788221667,0.9094862887398161,0.7695233761289266,NA
NovelmiRNA-815,0.3316073247454986,-0.06690486750990451,0.9101068516634606,0.7641892815960919,NA
NovelmiRNA-3199,0,0,3.680973323502433,NA,NA
NovelmiRNA-3805,0,0,3.680973323502433,NA,NA
NovelmiRNA-1297,3.979287896945983,-0.3678941952543709,1.2378316985147542,NA,NA
NovelmiRNA-1933,0.7613918115172813,0.2730480237955605,1.1038404411385234,0.29191851263931756,NA
NovelmiRNA-2582,3.6994040132573134,0.10736187738357528,0.8940060685657735,0.6377133762946164,0.8784976030420116
NovelmiRNA-1119,0,0,3.680973323502433,NA,NA
NovelmiRNA-2800,0.5932436785688298,0.23674514716867023,1.0598556511787,0.34488269630408247,NA
NovelmiRNA-1898,1.6569151163320677,-0.2512976354703191,1.0551725033449153,0.32374351851955036,NA
NovelmiRNA-1685,0.38069590575864065,0.18003012510451474,0.9995793160979896,0.4509012459474778,NA
NovelmiRNA-3564,0.39549578571255317,0.18406111638920028,1.0034245111270934,0.4423146703862887,NA
NovelmiRNA-2912,0,0,3.680973323502433,NA,NA
NovelmiRNA-1294,0,0,3.680973323502433,NA,NA
NovelmiRNA-529,719.4068342111342,27.29486871442342,3.403381291504969,NA,NA
NovelmiRNA-3669,2.8870148336745647,-0.31338150158140965,1.1613727220550911,0.24377367867579416,NA
NovelmiRNA-1945,0,0,3.680973323502433,NA,NA
NovelmiRNA-1400,0,0,3.680973323502433,NA,NA
NovelmiRNA-3490,37.70896255280598,0.38159477587424995,1.148765041704409,NA,NA
NovelmiRNA-3674,0,0,3.680973323502433,NA,NA
NovelmiRNA-2534,0,0,3.680973323502433,NA,NA
NovelmiRNA-3587,5.731104310348101,-0.5416398584592719,1.406981031157181,0.10465858652317518,0.469723397088129
NovelmiRNA-2941,0.25085672603581216,-0.02767151236252752,0.8986169819249176,0.9002118272730658,NA
NovelmiRNA-1169,1.154805933469826,-0.18980968829488742,1.0061098837360811,0.4305484643403876,NA
NovelmiRNA-1756,23.28019780722291,-19.895192597457292,3.493260727162336,NA,NA
NovelmiRNA-2328,0.38069590575864065,0.18003012510451474,0.9995793160979896,0.4509012459474778,NA
NovelmiRNA-2986,0,0,3.680973323502433,NA,NA
NovelmiRNA-1378,0,0,3.680973323502433,NA,NA
NovelmiRNA-2648,0,0,3.680973323502433,NA,NA
NovelmiRNA-1533,17.234570759319848,-0.2977535582738634,0.7676128809195523,0.22807169133294403,0.6211715195681338
NovelmiRNA-1863,22.932047877328305,0.3309884725903893,1.149400728202674,NA,NA
NovelmiRNA-2854,0,0,3.680973323502433,NA,NA
NovelmiRNA-1095,0.7525701781074364,-0.14142763178868104,0.9582599810034751,0.5424921513479584,NA
NovelmiRNA-953,7.525701781074364,-0.49676427413941376,1.4252919912998474,NA,NA
NovelmiRNA-2422,0,0,3.680973323502433,NA,NA
NovelmiRNA-2547,0.48059821382400636,0.006350820014351326,0.8946907764938037,0.9769968445744743,NA
NovelmiRNA-3368,0,0,3.680973323502433,NA,NA
NovelmiRNA-2483,0,0,3.680973323502433,NA,NA
NovelmiRNA-3200,0,0,3.680973323502433,NA,NA
NovelmiRNA-3485,0.38069590575864065,0.18003012510451474,0.9995793160979896,0.4509012459474778,NA
NovelmiRNA-2840,0,0,3.680973323502433,NA,NA
NovelmiRNA-3054,4.1571781798612335,-0.37414377090957107,1.2467603410310155,NA,NA
NovelmiRNA-2432,7.398250423192946,0.038195041015382694,0.4672564419480299,0.8317182822351292,0.9398150947755106
NovelmiRNA-1056,0,0,3.680973323502433,NA,NA
NovelmiRNA-729,1.1026511718658205,-0.18370782136085018,0.9995297036852907,0.4432837909022417,NA
NovelmiRNA-1130,4.7410735776412185,-0.48402824625776714,1.3341140177751332,0.1269874906231306,0.4932030280975782
NovelmiRNA-1293,0.5968931845418974,-0.12182289495700947,0.9421441028804765,0.5951770203973328,NA
NovelmiRNA-1819,0,0,3.680973323502433,NA,NA
NovelmiRNA-435,0,0,3.680973323502433,NA,NA
NovelmiRNA-2404,0,0,3.680973323502433,NA,NA
NovelmiRNA-2373,0.06632146494909971,0.011821578772241057,0.8969636225438603,0.9571984856109313,NA
NovelmiRNA-3546,0,0,3.680973323502433,NA,NA
NovelmiRNA-698,0,0,3.680973323502433,NA,NA
NovelmiRNA-669,0,0,3.680973323502433,NA,NA
NovelmiRNA-3384,0,0,3.680973323502433,NA,NA
NovelmiRNA-1766,0,0,3.680973323502433,NA,NA
NovelmiRNA-490,0.3771337612903064,-0.07545191714607255,0.9136557622782115,0.7360011087865965,NA
NovelmiRNA-2629,1.0646608801817128,0.06639641491130131,0.8942822164695817,0.76624350810124775,NA
NovelmiRNA-2860,0,0,3.680973323502433,NA,NA
NovelmiRNA-2826,0,0,3.680973323502433,NA,NA
NovelmiRNA-3783,0.5968931845418974,-0.12182289495700947,0.9421441028804765,0.5951770203973328,NA
NovelmiRNA-1459,0,0,3.680973323502433,NA,NA
NovelmiRNA-2071,0,0,3.680973323502433,NA,NA
NovelmiRNA-1362,0,0,3.680973323502433,NA,NA
NovelmiRNA-1002,0,0,3.680973323502433,NA,NA
NovelmiRNA-3690,66.56302347430146,-0.1550103499148227,0.7645817942508946,0.49611229476727103,0.8236722327138678
NovelmiRNA-2305,0,0,3.680973323502433,NA,NA
NovelmiRNA-3361,0,0,3.680973323502433,NA,NA
NovelmiRNA-1057,1.1420877172759218,0.3384599468589662,1.1896175224959498,0.21924199549896983,NA
NovelmiRNA-1166,0.942834403225766,-0.16779126804326902,0.9830579518644155,0.478350010362996,NA
NovelmiRNA-2834,0.26528585979639885,-0.05087134128317289,0.9044320606581612,0.8186197725515911,NA
NovelmiRNA-3640,0,0,3.680973323502433,NA,NA
NovelmiRNA-2255,0.5281387156107527,0.10918051504232965,0.9323249008928794,0.6314084003159366,NA
NovelmiRNA-1073,2.0128678750432747,-0.28081559986702814,1.0899751978121273,0.2833115763847554,NA
NovelmiRNA-2322,0,0,3.680973323502433,NA,NA
NovelmiRNA-1695,0.6599840822580362,-0.1298567224512432,0.9484874800305738,0.5730736584121515,NA
NovelmiRNA-2608,1.7665160601337062,0.024722443841759686,0.7957964283100949,0.9104560418071491,NA
NovelmiRNA-864,1.591715158778393,-0.23106400246321349,1.0538822465078284,0.35410755773130104,NA
NovelmiRNA-1713,10.278789455483297,1.1347921710206244,2.2191957941179306,NA,NA
NovelmiRNA-3331,0,0,3.680973323502433,NA,NA
NovelmiRNA-1772,0,0,3.680973323502433,NA,NA
NovelmiRNA-2508,0,0,3.680973323502433,NA,NA
NovelmiRNA-1352,0,0,3.680973323502433,NA,NA
NovelmiRNA-3589,0.7542675225806128,-0.1437096460205767,0.96027178935361035,0.5366363082220422,NA
NovelmiRNA-834,0,0,3.680973323502433,NA,NA
NovelmiRNA-214,0.13264292989819942,-0.01600585721473074,0.896970941872547,0.9420941166009759,NA
NovelmiRNA-245,1.319130287035859,0.2488566976378344,1.0529782685018931,0.3273512539255332,NA
NovelmiRNA-3163,0,0,3.680973323502433,NA,NA
NovelmiRNA-2563,0.7542675225806128,-0.1437096460205767,0.96027178935361035,0.5366363082220422,NA
NovelmiRNA-3620,0.8314356359722467,-0.15135692714214197,0.9672068153477247,0.5174340929090799,NA
NovelmiRNA-1008,0,0,3.680973323502433,NA,NA
NovelmiRNA-2615,0.2309611866939652,-0.02767151236252752,0.8986169819249176,0.9002118272730658,NA
NovelmiRNA-3033,0,0,3.680973323502433,NA,NA
NovelmiRNA-3235,0,0,3.680973323502433,NA,NA
NovelmiRNA-860,288.93716385294186,0.01494363176572071,0.5216441274273976,0.9362139606068608,0.9777545814552231
NovelmiRNA-1508,0,0,3.680973323502433,NA,NA
NovelmiRNA-918,0,0,3.680973323502433,NA,NA
NovelmiRNA-2599,0,0,3.680973323502433,NA,NA
NovelmiRNA-1292,0,0,3.680973323502433,NA,NA
NovelmiRNA-1322,0.4557222420687075,0.20518471541650704,1.0247722303743354,0.40004273891037756,NA
NovelmiRNA-208,2.831211267608878,-0.5267234402843798,1.2701853425668053,0.11281511121939701,NA
NovelmiRNA-796,0,0,3.680973323502433,NA,NA
NovelmiRNA-1231,0,0,3.680973323502433,NA,NA
NovelmiRNA-2699,0,0,3.680973323502433,NA,NA
NovelmiRNA-2285,0.19896439484729914,-0.03471761474517703,0.9000273769070802,0.8751475847416957,NA
NovelmiRNA-2702,0,0,3.680973323502433,NA,NA
NovelmiRNA-504,0,0,3.680973323502433,NA,NA
NovelmiRNA-3614,1.396687143667318,-0.2227739590347066,1.029456888738162,0.36907896875762297,NA
NovelmiRNA-2819,0,0,3.680973323502433,NA,NA
NovelmiRNA-2564,0,0,3.680973323502433,NA,NA
NovelmiRNA-437,0,0,3.680973323502433,NA,NA
NovelmiRNA-3194,0,0,3.680973323502433,NA,NA
NovelmiRNA-2956,1.9460244272521718,0.6329186269279875,1.4652873848841033,0.08028872996139691,NA
NovelmiRNA-3134,0.19896439484729914,-0.03471761474517703,0.9000273769070802,0.8751475847416957,NA
NovelmiRNA-1068,6.461413378779263,0.20291809801179111,0.9783224939190986,0.4065677765133308,0.7624729017477418
NovelmiRNA-3409,0,0,3.680973323502433,NA,NA
NovelmiRNA-1213,0,0,3.680973323502433,NA,NA
NovelmiRNA-1360,0,0,3.680973323502433,NA,NA
NovelmiRNA-1234,0,0,3.680973323502433,NA,NA
NovelmiRNA-2464,0,0,3.680973323502433,NA,NA
NovelmiRNA-163,5.611415760524427,-0.5374785436116213,1.4005698024223896,0.10611691362788296,0.469723397088129
NovelmiRNA-3001,3.1101252088403837,-0.38477019939669727,1.2030319891058356,0.18369064295792314,NA
NovelmiRNA-1587,0.7542675225806128,-0.1437096460205767,0.96027178935361035,0.5366363082220422,NA
NovelmiRNA-1601,0,0,3.680973323502433,NA,NA
NovelmiRNA-982,0,0,3.680973323502433,NA,NA
NovelmiRNA-734,95.54976342040567,24.28446054478142,3.3908499897919935,NA,NA
NovelmiRNA-2507,0,0,3.680973323502433,NA,NA
NovelmiRNA-3440,0,0,3.680973323502433,NA,NA
NovelmiRNA-2967,0,0,3.680973323502433,NA,NA
NovelmiRNA-1343,0,0,3.680973323502433,NA,NA
NovelmiRNA-922,0.19774789285627659,0.10799269559879225,0.9390131180829302,0.6345685136949796,NA
NovelmiRNA-2979,859.5271468354078,-0.06725722656000827,0.8744677989022547,NA,NA
NovelmiRNA-1901,0,0,3.680973323502433,NA,NA
NovelmiRNA-1516,0,0,3.680973323502433,NA,NA
NovelmiRNA-121,0,0,3.680973323502433,NA,NA
NovelmiRNA-1967,0,0,3.680973323502433,NA,NA
NovelmiRNA-1941,0,0,3.680973323502433,NA,NA
NovelmiRNA-2033,0.2828503209677298,-0.05234564542634252,0.9048965493546356,0.813538325882324,NA
NovelmiRNA-580,4.126338006209812,-0.6660367141967731,1.4327536193487564,0.0743163378094758,0.4382524043607242
NovelmiRNA-3425,0,0,3.680973323502433,NA,NA
NovelmiRNA-2611,0,0,3.680973323502433,NA,NA
NovelmiRNA-3332,0,0,3.680973323502433,NA,NA
NovelmiRNA-3286,0.7909915714251063,0.2783978232021951,1.1105830791473705,0.28495686300299494,NA
NovelmiRNA-3473,520.9551071751782,-24.09734110202449,3.4793504871694334,NA,NA
NovelmiRNA-956,1.3199681645160724,-0.2067118581195951,1.025032292005245,0.39724776164836945,NA
NovelmiRNA-3828,0,0,3.680973323502433,NA,NA
NovelmiRNA-2089,0.3464417800409478,-0.06530790788221667,0.9094862887398161,0.7695233761289266,NA
NovelmiRNA-3266,2.700896218966446,-0.5150063457452959,1.254469090738625,0.11721893633041136,NA
NovelmiRNA-222,0,0,3.680973323502433,NA,NA
NovelmiRNA-1721,0.6599840822580362,-0.1298567224512432,0.9484874800305738,0.5730736584121515,NA
NovelmiRNA-725,0,0,3.680973323502433,NA,NA
NovelmiRNA-1712,0,0,3.680973323502433,NA,NA
NovelmiRNA-2620,0,0,3.680973323502433,NA,NA
NovelmiRNA-3576,0.25085672603581216,-0.02767151236252752,0.8986169819249176,0.9002118272730658,NA
NovelmiRNA-1873,0,0,3.680973323502433,NA,NA
NovelmiRNA-1687,0,0,3.680973323502433,NA,NA
NovelmiRNA-2953,0.6928630299768722,-0.13175904203828398,0.9500436582335217,0.5679439772847307,NA
NovelmiRNA-2191,0.26528585979639885,-0.05087134128317289,0.9044320606581612,0.8186197725515911,NA
NovelmiRNA-1736,0,0,3.680973323502433,NA,NA
NovelmiRNA-691,0.2309611866939652,-0.02767151236252752,0.8986169819249176,0.9002118272730658,NA
NovelmiRNA-3342,0,0,3.680973323502433,NA,NA
NovelmiRNA-2324,0,0,3.680973323502433,NA,NA
NovelmiRNA-3269,0,0,3.680973323502433,NA,NA
NovelmiRNA-1686,0,0,3.680973323502433,NA,NA
NovelmiRNA-277,0.38069590575864065,0.18003012510451474,0.9995793160979896,0.4509012459474778,NA
NovelmiRNA-3751,0,0,3.680973323502433,NA,NA
NovelmiRNA-704,1.0658773821727352,-0.005819132835845971,0.8098273281106038,0.9789022338366062,NA
NovelmiRNA-1204,0,0,3.680973323502433,NA,NA
NovelmiRNA-3495,20.22423056180212,7.09751993763923e-4,0.8090092581556605,0.9974259014683983,0.9974259014683983
NovelmiRNA-1583,0.7542675225806128,-0.1437096460205767,0.96027178935361035,0.5366363082220422,NA
NovelmiRNA-2245,0,0,3.680973323502433,NA,NA
NovelmiRNA-1053,11.793809854347208,0.1103526364138473,0.49268555445128626,0.5556005544250155,0.8532242507314562
NovelmiRNA-3702,0,0,3.680973323502433,NA,NA
NovelmiRNA-703,0.9611964276480127,0.011743066053056821,0.8825621984984506,0.9575443380517065,NA
NovelmiRNA-706,0,0,3.680973323502433,NA,NA
NovelmiRNA-74,0,0,3.680973323502433,NA,NA
NovelmiRNA-2665,0,0,3.680973323502433,NA,NA
NovelmiRNA-76,0,0,3.680973323502433,NA,NA
NovelmiRNA-2057,0,0,3.680973323502433,NA,NA
NovelmiRNA-2182,0,0,3.680973323502433,NA,NA
NovelmiRNA-2893,0,0,3.680973323502433,NA,NA
NovelmiRNA-3109,1.3471420032579275,-0.21268671812865753,1.023638457644929,0.3866746762139357,NA
NovelmiRNA-249,0,0,3.680973323502433,NA,NA
NovelmiRNA-482,0.6271418150895304,-0.12232690581322922,0.9425309696691619,0.5937695177950835,NA
NovelmiRNA-78,67.4314789027241,9.700742577836298,2.0260872306325193,5.8205755697817e-9,8.759966232521458e-7
NovelmiRNA-3607,0,0,3.680973323502433,NA,NA
NovelmiRNA-1393,0,0,3.680973323502433,NA,NA
NovelmiRNA-3070,0,0,3.680973323502433,NA,NA
NovelmiRNA-1303,1185.0729264724423,-24.826137719829816,3.479247194722157,NA,NA
NovelmiRNA-2586,5.011629593301523,-0.5089018222369078,1.3609086637784356,0.11677159373586657,0.4796495290663482
NovelmiRNA-3159,0,0,3.680973323502433,NA,NA
NovelmiRNA-3096,0.3979287896945983,-0.08332569248949293,0.9174261040299143,0.7105968663019573,NA
NovelmiRNA-3268,0,0,3.680973323502433,NA,NA
NovelmiRNA-848,0.25085672603581216,-0.02767151236252752,0.8986169819249176,0.9002118272730658,NA
NovelmiRNA-3567,0.2309611866939652,-0.02767151236252752,0.8986169819249176,0.9002118272730658,NA
NovelmiRNA-2543,0,0,3.680973323502433,NA,NA
NovelmiRNA-636,0,0,3.680973323502433,NA,NA
NovelmiRNA-988,0.41571781798612334,-0.08003971179961732,0.915795478142464,0.7211307006418812,NA
NovelmiRNA-2231,0.2771452119907489,-0.02767151236252752,0.8986169819249176,0.9002118272730658,NA
NovelmiRNA-3679,0,0,3.680973323502433,NA,NA
NovelmiRNA-205,2.897532732557978,-0.5374159878724236,1.2813976455020983,0.10902114827684081,NA
NovelmiRNA-300,0,0,3.680973323502433,NA,NA
NovelmiRNA-627,0.3771337612903064,-0.07545191714607255,0.9136557622782115,0.7360011087865965,NA
NovelmiRNA-2428,0.9517397643966016,0.3078224375140814,1.1486221994430952,0.2500878126694025,NA
NovelmiRNA-793,0,0,3.680973323502433,NA,NA
NovelmiRNA-2419,0.6632146494909972,-0.13234265914980747,0.9505251432720989,0.5663782543067274,NA
NovelmiRNA-3472,0,0,3.680973323502433,NA,NA
NovelmiRNA-3524,0.4923817086909582,0.07411214293801706,0.9132314122343315,0.7403736103155145,NA
NovelmiRNA-3329,0.9238447467758608,-0.16434380648761293,0.9796308100186181,0.48630375568933865,NA
NovelmiRNA-696,368.2039043299921,-0.03227464298620292,0.8616126330053887,NA,NA
NovelmiRNA-3296,0.3771337612903064,-0.07545191714607255,0.9136557622782115,0.7360011087865965,NA
NovelmiRNA-1078,1.0371178435483426,-0.1784739360333258,0.9939996009847903,0.45451740325810114,NA
NovelmiRNA-2188,0,0,3.680973323502433,NA,NA
NovelmiRNA-1837,0,0,3.680973323502433,NA,NA
NovelmiRNA-3697,0.8055282801174293,0.004329352537585584,0.8872930618493615,0.9843287684183393,NA
NovelmiRNA-2456,0,0,3.680973323502433,NA,NA
NovelmiRNA-53,0,0,3.680973323502433,NA,NA
NovelmiRNA-224,51.098993645758604,1.1017103427171493,1.8963969050573224,0.027327639427093854,0.2734029374259119
NovelmiRNA-104,0,0,3.680973323502433,NA,NA
NovelmiRNA-510,0.8426888265313118,-0.15519120821312293,0.9707925004417465,0.508050000659192,NA
NovelmiRNA-2511,0,0,3.680973323502433,NA,NA
NovelmiRNA-1253,0,0,3.680973323502433,NA,NA
NovelmiRNA-984,0.19774789285627659,0.10799269559879225,0.9390131180829302,0.6345685136949796,NA
NovelmiRNA-2159,0,0,3.680973323502433,NA,NA
NovelmiRNA-3071,0.303814828045805,0.15720734443743306,0.9793912403874873,0.5027901535284163,NA
NovelmiRNA-906,0,0,3.680973323502433,NA,NA
NovelmiRNA-125,0,0,3.680973323502433,NA,NA
NovelmiRNA-2952,1.643801169347546,0.13159573846034564,0.9293057245330373,0.5692179012183627,NA
NovelmiRNA-3455,2.551815968688719,0.07732371645404174,0.8029865702615079,0.7287515940918275,NA
NovelmiRNA-3052,0.2771452119907489,-0.02767151236252752,0.8986169819249176,0.9002118272730658,NA
NovelmiRNA-3515,4.2534075926412696,0.6610689721540108,1.6403522309451686,0.07163904219374065,0.4382524043607242
NovelmiRNA-88,0,0,3.680973323502433,NA,NA
NovelmiRNA-3263,0.25085672603581216,-0.02767151236252752,0.8986169819249176,0.9002118272730658,NA
NovelmiRNA-3006,0,0,3.680973323502433,NA,NA
NovelmiRNA-3475,0.7542675225806128,-0.1437096460205767,0.96027178935361035,0.5366363082220422,NA
NovelmiRNA-971,0,0,3.680973323502433,NA,NA
NovelmiRNA-1460,0,0,3.680973323502433,NA,NA
NovelmiRNA-1142,0,0,3.680973323502433,NA,NA
NovelmiRNA-2358,7.067124562987264,1.8949570635067041,2.489630366142434,0.00818089258430935,0.13310533339876293
NovelmiRNA-1862,0,0,3.680973323502433,NA,NA
NovelmiRNA-981,0,0,3.680973323502433,NA,NA
NovelmiRNA-2200,0,0,3.680973323502433,NA,NA
NovelmiRNA-507,2.2914014737274035,-0.3119616665829774,1.1201147107827314,0.24755748597832336,NA
NovelmiRNA-2524,0.911444484137415,0.30275993131502904,1.1419733000582684,0.2556964566312855,NA
NovelmiRNA-343,0,0,3.680973323502433,NA,NA
NovelmiRNA-1875,0,0,3.680973323502433,NA,NA
NovelmiRNA-973,0,0,3.680973323502433,NA,NA
NovelmiRNA-2242,0,0,3.680973323502433,NA,NA
NovelmiRNA-2169,0,0,3.680973323502433,NA,NA
NovelmiRNA-2713,0.41571781798612334,-0.08003971179961732,0.915795478142464,0.7211307006418812,NA
NovelmiRNA-1842,3.762850890537182,-0.35678595926161394,1.222031737733728,NA,NA
NovelmiRNA-2375,0.13264292989819942,-0.01600585721473074,0.896970941872547,0.9420941166009759,NA
NovelmiRNA-783,0,0,3.680973323502433,NA,NA
NovelmiRNA-2761,0,0,3.680973323502433,NA,NA
NovelmiRNA-640,0,0,3.680973323502433,NA,NA
NovelmiRNA-3020,0,0,3.680973323502433,NA,NA
NovelmiRNA-2022,46.68986520193257,-0.11100257036866697,0.539351831393377,0.5659728551816134,0.8539239569406799
NovelmiRNA-3002,0,0,3.680973323502433,NA,NA
NovelmiRNA-3719,0,0,3.680973323502433,NA,NA
NovelmiRNA-2396,0.39549578571255317,0.18406111638920028,1.0034245111270934,0.4423146703862887,NA
NovelmiRNA-1640,0.3464417800409478,-0.06530790788221667,0.9094862887398161,0.7695233761289266,NA
NovelmiRNA-442,0,0,3.680973323502433,NA,NA
NovelmiRNA-363,0,0,3.680973323502433,NA,NA
NovelmiRNA-1539,0,0,3.680973323502433,NA,NA
NovelmiRNA-1750,0.8621790443382963,-0.15963884768941403,0.9750392397818868,0.497367805527767,NA
NovelmiRNA-2612,0,0,3.680973323502433,NA,NA
NovelmiRNA-2643,0.7595370701145124,0.2747954690195803,1.1060363300313312,0.2896222680755135,NA
NovelmiRNA-2940,0.25085672603581216,-0.02767151236252752,0.8986169819249176,0.9002118272730658,NA
NovelmiRNA-559,0,0,3.680973323502433,NA,NA
NovelmiRNA-3328,2.7984868548325847,0.04563995335321411,0.8710703240913967,0.8371608754616244,NA
NovelmiRNA-2142,3.757209964269255,0.6116833109882923,1.5764729960309793,0.0825741343701321,0.4382524043607242
NovelmiRNA-436,0,0,3.680973323502433,NA,NA
NovelmiRNA-968,0,0,3.680973323502433,NA,NA
NovelmiRNA-1716,0.5968931845418974,-0.12182289495700947,0.9421441028804765,0.5951770203973328,NA
NovelmiRNA-2734,20.544717321983136,-0.11023508736738041,0.903733680617032,NA,NA
NovelmiRNA-2861,0,0,3.680973323502433,NA,NA
NovelmiRNA-344,0,0,3.680973323502433,NA,NA
NovelmiRNA-3662,0,0,3.680973323502433,NA,NA
NovelmiRNA-3663,0,0,3.680973323502433,NA,NA
NovelmiRNA-1803,0,0,3.680973323502433,NA,NA
NovelmiRNA-1625,0,0,3.680973323502433,NA,NA
NovelmiRNA-1580,1.1288552671611547,-0.18665927210942843,1.0026950093052112,0.4370755514260046,NA
NovelmiRNA-2925,0,0,3.680973323502433,NA,NA
NovelmiRNA-1313,0.41571781798612334,-0.08003971179961732,0.915795478142464,0.7211307006418812,NA
NovelmiRNA-313,1.5808298708781616,-0.2397925105013431,1.0468442345677096,0.34106450424671314,NA
NovelmiRNA-1035,0.5657006419354595,-0.11432430917672402,0.936569587754508,0.6164439061026067,NA
NovelmiRNA-3625,0,0,3.680973323502433,NA,NA
NovelmiRNA-274,0,0,3.680973323502433,NA,NA
NovelmiRNA-2261,0,0,3.680973323502433,NA,NA
NovelmiRNA-3569,0,0,3.680973323502433,NA,NA
NovelmiRNA-1608,0,0,3.680973323502433,NA,NA
NovelmiRNA-3496,6.380111388961905,0.856904465672154,1.8831796470088884,NA,NA
NovelmiRNA-1697,0,0,3.680973323502433,NA,NA
NovelmiRNA-285,0,0,3.680973323502433,NA,NA
NovelmiRNA-3565,1.7836548496483426,-0.2624728925109908,1.067390129054941,0.30771345774026065,NA
NovelmiRNA-700,0,0,3.680973323502433,NA,NA
NovelmiRNA-3554,0,0,3.680973323502433,NA,NA
NovelmiRNA-1624,0,0,3.680973323502433,NA,NA
NovelmiRNA-3044,0.5305717195927977,-0.11033024941789832,0.9337424748589588,0.628018891549927,NA
NovelmiRNA-1584,0,0,3.680973323502433,NA,NA
NovelmiRNA-3401,0.19896439484729914,-0.03471761474517703,0.9000273769070802,0.8751475847416957,NA
NovelmiRNA-28,0,0,3.680973323502433,NA,NA
NovelmiRNA-3525,0.8779985411253425,-0.1581364530938547,0.9735943698960634,0.5009518758083994,NA
NovelmiRNA-3137,0.3771337612903064,-0.07545191714607255,0.9136557622782115,0.7360011087865965,NA
NovelmiRNA-3795,0,0,3.680973323502433,NA,NA
NovelmiRNA-3484,0,0,3.680973323502433,NA,NA
NovelmiRNA-1828,0.7542675225806128,-0.1437096460205767,0.96027178935361035,0.5366363082220422,NA
NovelmiRNA-388,0,0,3.680973323502433,NA,NA
NovelmiRNA-298,0,0,3.680973323502433,NA,NA
NovelmiRNA-1852,1.24715345395837,-0.19786296622656893,1.0150029580550257,0.4143249865554029,NA
NovelmiRNA-634,4.353547159124139,0.29622520888986514,1.0073977509778522,0.26691054864349467,0.631001332553341
NovelmiRNA-3603,1.0031254418041633,0.344607056869378,1.1703129347644499,0.21515898123127544,NA
NovelmiRNA-2257,1.4590722288801938,-0.22015473927293594,1.040744902669909,0.3727537739155215,NA
NovelmiRNA-2932,0.41571781798612334,-0.08003971179961732,0.915795478142464,0.7211307006418812,NA
NovelmiRNA-2602,0.1885668806451532,-0.02767151236252752,0.8986169819249176,0.9002118272730658,NA
NovelmiRNA-3340,0,0,3.680973323502433,NA,NA
NovelmiRNA-581,0,0,3.680973323502433,NA,NA
NovelmiRNA-401,1.380560665433555,-0.21747656130551576,1.0271715392466707,0.37815408224051134,NA
NovelmiRNA-389,0.39549578571255317,0.18406111638920028,1.0034245111270934,0.4423146703862887,NA
NovelmiRNA-1491,3.481993030476823,0.054604666233366864,0.7853667506844612,0.804443032523806,0.9348932540141528
NovelmiRNA-563,0,0,3.680973323502433,NA,NA
NovelmiRNA-2274,0,0,3.680973323502433,NA,NA
NovelmiRNA-2706,0,0,3.680973323502433,NA,NA
NovelmiRNA-1291,0,0,3.680973323502433,NA,NA
NovelmiRNA-3398,0.3979287896945983,-0.08332569248949293,0.9174261040299143,0.7105968663019573,NA
NovelmiRNA-516,0,0,3.680973323502433,NA,NA
NovelmiRNA-866,0,0,3.680973323502433,NA,NA
NovelmiRNA-342,0,0,3.680973323502433,NA,NA
NovelmiRNA-3764,0,0,3.680973323502433,NA,NA
NovelmiRNA-1506,0,0,3.680973323502433,NA,NA
NovelmiRNA-9,0,0,3.680973323502433,NA,NA
NovelmiRNA-965,12.980707606477718,0.12457580045515507,0.6842899889652602,0.5631304997792136,0.8532242507314562
NovelmiRNA-3632,0.2828503209677298,-0.05234564542634252,0.9048965493546356,0.813538325882324,NA
NovelmiRNA-1137,6.999490328404736,-0.0027854849798145394,0.7795760414087227,0.9898383400913972,0.9941947433142622
NovelmiRNA-732,3.4262631518277655,0.5845374164213091,1.5378540790124633,0.08967252404645272,0.43888503638995563
NovelmiRNA-3506,0.19774789285627659,0.10799269559879225,0.9390131180829302,0.6345685136949796,NA
NovelmiRNA-1586,0,0,3.680973323502433,NA,NA
NovelmiRNA-659,5.520090633500289,0.7723440273361715,1.7831192105837315,0.05349332187927929,0.38149356058743505
NovelmiRNA-1524,0,0,3.680973323502433,NA,NA
NovelmiRNA-2372,0.6264569724065183,0.09641075935006208,0.9228234770394712,0.6697378279361037,NA
NovelmiRNA-3683,1.2256847241934958,-0.19783857909218508,1.014975682625329,0.41437312484640776,NA
NovelmiRNA-2162,0,0,3.680973323502433,NA,NA
NovelmiRNA-3390,0,0,3.680973323502433,NA,NA
NovelmiRNA-2029,0,0,3.680973323502433,NA,NA
NovelmiRNA-3778,0,0,3.680973323502433,NA,NA
NovelmiRNA-2722,24.305186243664398,22.83470170290269,3.287820686944415,NA,NA
NovelmiRNA-3366,0,0,3.680973323502433,NA,NA
NovelmiRNA-2727,0,0,3.680973323502433,NA,NA
NovelmiRNA-452,0,0,3.680973323502433,NA,NA
NovelmiRNA-945,0.8083641534288781,-0.14973449825842297,0.9657110941261963,0.5214538066567174,NA
NovelmiRNA-1515,5.295977777669167,-0.6957876770971114,1.5003852064397438,0.06798101762236515,0.4382524043607242
NovelmiRNA-2287,5.05005207903199,-0.1442850621453983,0.8551959167177212,0.5351734964780084,0.8532242507314562
NovelmiRNA-3074,0.39549578571255317,0.18406111638920028,1.0034245111270934,0.4423146703862887,NA
NovelmiRNA-561,0,0,3.680973323502433,NA,NA
NovelmiRNA-3786,0,0,3.680973323502433,NA,NA
NovelmiRNA-1025,8.662597319633747,-1.1686730807381513,1.900661299025128,0.02432669721897656,0.2662667586513434
NovelmiRNA-3123,3.591537800035299,-0.41852594824565703,1.2460840213621929,0.16124382986682642,0.5448796499708032
NovelmiRNA-867,0.41571781798612334,-0.08003971179961732,0.915795478142464,0.7211307006418812,NA
NovelmiRNA-3720,1.9034795287932031,0.43753025743513857,1.3278534999558127,0.1478359966184062,NA
NovelmiRNA-3823,0,0,3.680973323502433,NA,NA
NovelmiRNA-743,0.1885668806451532,-0.02767151236252752,0.8986169819249176,0.9002118272730658,NA
NovelmiRNA-2085,0,0,3.680973323502433,NA,NA
NovelmiRNA-1470,2.1267037963206348,0.4633520791063325,1.3646290784689135,0.13446021646554532,NA
NovelmiRNA-587,1.9774789285627659,0.445614653155428,1.3393497263947545,0.143462094387886,NA
NovelmiRNA-3055,7.007906144792347,-0.5940393493939484,1.4812525977409086,0.08858340068762209,0.4382524043607242
NovelmiRNA-2160,2.0938274816725233,0.45861302107140034,1.3578684333695035,0.1367886011800073,NA
NovelmiRNA-1574,0,0,3.680973323502433,NA,NA
NovelmiRNA-3412,0.49834919406385025,-0.006087485216648431,0.8936108692658334,0.9779528983038281,NA
NovelmiRNA-1806,0,0,3.680973323502433,NA,NA
NovelmiRNA-1254,0,0,3.680973323502433,NA,NA
NovelmiRNA-2360,2.6648713403104844,0.5164197194882526,1.4405133750729795,0.1117270061037062,NA
NovelmiRNA-3087,0.1885668806451532,-0.02767151236252752,0.8986169819249176,0.9002118272730658,NA
NovelmiRNA-760,0,0,3.680973323502433,NA,NA
NovelmiRNA-473,0,0,3.680973323502433,NA,NA
NovelmiRNA-2403,0,0,3.680973323502433,NA,NA
NovelmiRNA-1415,0,0,3.680973323502433,NA,NA
NovelmiRNA-3316,0,0,3.680973323502433,NA,NA
NovelmiRNA-1261,0,0,3.680973323502433,NA,NA
NovelmiRNA-840,0,0,3.680973323502433,NA,NA
NovelmiRNA-817,0.25085672603581216,-0.02767151236252752,0.8986169819249176,0.9002118272730658,NA
NovelmiRNA-2492,0,0,3.680973323502433,NA,NA
NovelmiRNA-82,0,0,3.680973323502433,NA,NA
NovelmiRNA-27,0.303814828045805,0.15720734443743306,0.9793912403874873,0.5027901535284163,NA
NovelmiRNA-2225,0,0,3.680973323502433,NA,NA
NovelmiRNA-3623,1.3671667262061225,0.3724473138269701,1.2362943177470866,0.19047246675150403,NA
NovelmiRNA-2220,0,0,3.680973323502433,NA,NA
NovelmiRNA-2646,0,0,3.680973323502433,NA,NA
NovelmiRNA-3445,0,0,3.680973323502433,NA,NA
NovelmiRNA-1070,4.29243191063711,0.14450865423863618,0.9229167696324799,0.535981675686291,0.8532242507314562
NovelmiRNA-521,0,0,3.680973323502433,NA,NA
NovelmiRNA-2960,0,0,3.680973323502433,NA,NA
NovelmiRNA-3147,4.375026630880232,-0.46418172284130677,1.3069795155875727,0.136255622153015,0.5086776121866667
NovelmiRNA-2509,0.19896439484729914,-0.03471761474517703,0.9000273769070802,0.8751475847416957,NA
NovelmiRNA-699,0,0,3.680973323502433,NA,NA
NovelmiRNA-3681,1.3797119931969668,-0.2107651197920779,1.0297114887534393,0.3896812597090012,NA
NovelmiRNA-1288,0,0,3.680973323502433,NA,NA
NovelmiRNA-321,1.272614408072576,-0.2087671847095064,1.016028431309463,0.3940940981727403,NA
NovelmiRNA-2152,0,0,3.680973323502433,NA,NA
NovelmiRNA-3643,0.2309611866939652,-0.02767151236252752,0.8986169819249176,0.9002118272730658,NA
NovelmiRNA-2707,0,0,3.680973323502433,NA,NA
NovelmiRNA-2516,0,0,3.680973323502433,NA,NA
NovelmiRNA-112,0,0,3.680973323502433,NA,NA
NovelmiRNA-460,0,0,3.680973323502433,NA,NA
NovelmiRNA-1825,0,0,3.680973323502433,NA,NA
NovelmiRNA-266,0.2828503209677298,-0.05234564542634252,0.9048965493546356,0.813538325882324,NA
NovelmiRNA-3192,0,0,3.680973323502433,NA,NA
NovelmiRNA-1473,0,0,3.680973323502433,NA,NA
NovelmiRNA-2711,0.5657006419354595,-0.11432430917672402,0.936569587754508,0.6164439061026067,NA
NovelmiRNA-3293,0,0,3.680973323502433,NA,NA
NovelmiRNA-3642,0,0,3.680973323502433,NA,NA
NovelmiRNA-2549,0.8083641534288781,-0.14973449825842297,0.9657110941261963,0.5214538066567174,NA
NovelmiRNA-157,9.700369841146538,-18.700449756683994,3.523035809971231,NA,NA
NovelmiRNA-1633,0,0,3.680973323502433,NA,NA
NovelmiRNA-1531,0,0,3.680973323502433,NA,NA
NovelmiRNA-77,0,0,3.680973323502433,NA,NA
NovelmiRNA-34,0.757829667048947,0.04472861171983676,0.8934033552822852,0.8400986103594101,NA
NovelmiRNA-763,0.471417201612883,-0.09651851067670769,0.9247672578223451,0.6693380384200494,NA
NovelmiRNA-1849,0,0,3.680973323502433,NA,NA
NovelmiRNA-446,0,0,3.680973323502433,NA,NA
NovelmiRNA-325,0,0,3.680973323502433,NA,NA
NovelmiRNA-3570,520.9551071751782,-24.09734110202449,3.4793504871694334,NA,NA
NovelmiRNA-3771,0,0,3.680973323502433,NA,NA
NovelmiRNA-2976,463.96880982739947,-23.941084497356634,3.4793825811664973,NA,NA
NovelmiRNA-526,1.7225784200750576,-0.2536173879521822,1.0607095277617442,0.32016440906849125,NA
NovelmiRNA-3196,2.5824260383893423,0.5095896308307735,1.4307378646388016,0.11434127567273591,NA
NovelmiRNA-3579,3.5067270913962263,-0.15227203293480743,0.6237893239809398,0.4664567613997791,0.7932400292730707
NovelmiRNA-57,0.25085672603581216,-0.02767151236252752,0.8986169819249176,0.9002118272730658,NA
NovelmiRNA-3285,0.7909915714251063,0.2783978232021951,1.1105830791473705,0.28495686300299494,NA
NovelmiRNA-1964,1.131401283870919,-0.18845383718376013,1.0046356925435522,0.43334498087285256,NA
NovelmiRNA-1209,0,0,3.680973323502433,NA,NA
NovelmiRNA-2833,0,0,3.680973323502433,NA,NA
NovelmiRNA-2609,0,0,3.680973323502433,NA,NA
NovelmiRNA-3713,3.5067270913962263,-0.15227203293480743,0.6237893239809398,0.4664567613997791,0.7932400292730707
NovelmiRNA-1403,5.085678689148629,-0.4984843881901047,1.3557094587453553,0.12070371271858489,0.47978234775924056
NovelmiRNA-1277,0.1885668806451532,-0.02767151236252752,0.8986169819249176,0.9002118272730658,NA
NovelmiRNA-1399,0,0,3.680973323502433,NA,NA
NovelmiRNA-2246,0,0,3.680973323502433,NA,NA
NovelmiRNA-283,0,0,3.680973323502433,NA,NA
NovelmiRNA-3807,0,0,3.680973323502433,NA,NA
NovelmiRNA-595,0,0,3.680973323502433,NA,NA
NovelmiRNA-1139,2.855219293189805,0.5342568114739139,1.4660386330316069,0.10527848129894288,NA
NovelmiRNA-773,1.9462613073690145,-0.2799526130778897,1.0848855468156895,0.2846273902618428,NA
NovelmiRNA-3088,0,0,3.680973323502433,NA,NA
NovelmiRNA-2587,5.011629593301523,-0.5089018222369078,1.3609086637784356,0.11677159373586657,0.4796495290663482
NovelmiRNA-2845,0,0,3.680973323502433,NA,NA
NovelmiRNA-1541,1.3738667077593942,-0.21647154297218754,1.026048912552792,0.37994664570740455,NA
NovelmiRNA-3548,0,0,3.680973323502433,NA,NA
NovelmiRNA-779,0.928500509287396,-0.16766220478929564,0.9829287114346574,0.4786454516435148,NA
NovelmiRNA-2872,0,0,3.680973323502433,NA,NA
NovelmiRNA-1931,0,0,3.680973323502433,NA,NA
NovelmiRNA-3767,0,0,3.680973323502433,NA,NA
NovelmiRNA-1904,0.19896439484729914,-0.03471761474517703,0.9000273769070802,0.8751475847416957,NA
NovelmiRNA-2760,0,0,3.680973323502433,NA,NA
NovelmiRNA-1564,58.109623289492546,0.44463210569956096,1.3118232174232756,NA,NA
NovelmiRNA-241,9.890330325554006,0.015255830646167036,0.5395128147266053,0.935830337011216,0.9777545814552231
NovelmiRNA-3739,2.5707226071315956,0.5071504681143828,1.4272469219687873,0.11529536003085758,NA
NovelmiRNA-3160,0,0,3.680973323502433,NA,NA
NovelmiRNA-2185,0.19774789285627659,0.10799269559879225,0.9390131180829302,0.6345685136949796,NA
NovelmiRNA-686,0,0,3.680973323502433,NA,NA
NovelmiRNA-3300,0,0,3.680973323502433,NA,NA
NovelmiRNA-370,0,0,3.680973323502433,NA,NA
NovelmiRNA-2451,0.6632146494909972,-0.13234265914980747,0.9505251432720989,0.5663782543067274,NA
NovelmiRNA-412,0.8485509629031894,-0.15626656989691348,0.9718107772510308,0.5054472766344121,NA
NovelmiRNA-1310,1.0371178435483426,-0.1784739360333258,0.9939996009847903,0.45451740325810114,NA
NovelmiRNA-48,0,0,3.680973323502433,NA,NA
NovelmiRNA-3723,1.1937863690837949,-0.1960381407960046,1.01296770733992,0.4179435527751951,NA
NovelmiRNA-946,0.8083641534288781,-0.14973449825842297,0.9657110941261963,0.5214538066567174,NA
NovelmiRNA-3661,0,0,3.680973323502433,NA,NA
NovelmiRNA-1323,0,0,3.680973323502433,NA,NA
NovelmiRNA-2776,6.444180874018679,-0.062332349114120875,0.7118560734059243,0.7717523145336775,0.9275856848455117
NovelmiRNA-1195,0,0,3.680973323502433,NA,NA
NovelmiRNA-130,0,0,3.680973323502433,NA,NA
NovelmiRNA-406,0,0,3.680973323502433,NA,NA
NovelmiRNA-2118,0.4557222420687075,0.20518471541650704,1.0247722303743354,0.40004273891037756,NA
NovelmiRNA-1985,0,0,3.680973323502433,NA,NA
NovelmiRNA-2535,0,0,3.680973323502433,NA,NA
NovelmiRNA-2874,0,0,3.680973323502433,NA,NA
NovelmiRNA-544,0,0,3.680973323502433,NA,NA
NovelmiRNA-832,0,0,3.680973323502433,NA,NA
NovelmiRNA-2538,0,0,3.680973323502433,NA,NA
NovelmiRNA-2192,1.2542836301790607,-0.19915545281860988,1.0164514484891183,0.41178224037645705,NA
NovelmiRNA-1434,0,0,3.680973323502433,NA,NA
NovelmiRNA-1975,0,0,3.680973323502433,NA,NA
NovelmiRNA-894,26.73312488963746,0.4778109863378515,1.238169514769649,0.13241927385762867,0.5013610242911475
NovelmiRNA-3497,0,0,3.680973323502433,NA,NA
NovelmiRNA-967,0,0,3.680973323502433,NA,NA
NovelmiRNA-1373,1.24715345395837,-0.19786296622656893,1.0150029580550257,0.4143249865554029,NA
NovelmiRNA-1534,0,0,3.680973323502433,NA,NA
NovelmiRNA-1639,0,0,3.680973323502433,NA,NA
NovelmiRNA-2521,0,0,3.680973323502433,NA,NA
NovelmiRNA-2383,3.782807291756187,-0.24211928922151565,0.9692797605289002,0.33953234758437983,0.7023599576120109
NovelmiRNA-3322,0,0,3.680973323502433,NA,NA
NovelmiRNA-555,28.102871594236962,23.039473937503477,3.295114421823656,NA,NA
NovelmiRNA-3051,0,0,3.680973323502433,NA,NA
NovelmiRNA-1900,1.3264292989819944,-0.20852641663933763,1.0271206347831974,0.3938407835026068,NA
NovelmiRNA-3709,0,0,3.680973323502433,NA,NA
NovelmiRNA-2839,0.26528585979639885,-0.05087134128317289,0.9044320606581612,0.8186197725515911,NA
NovelmiRNA-1286,0,0,3.680973323502433,NA,NA
NovelmiRNA-2237,0,0,3.680973323502433,NA,NA
NovelmiRNA-2686,2.0856343240129895,-0.2970912450779676,1.1012760285225522,0.26409846159084643,NA
NovelmiRNA-3046,0,0,3.680973323502433,NA,NA
NovelmiRNA-2624,0,0,3.680973323502433,NA,NA
NovelmiRNA-1578,0,0,3.680973323502433,NA,NA
NovelmiRNA-2420,0,0,3.680973323502433,NA,NA
NovelmiRNA-1300,0,0,3.680973323502433,NA,NA
NovelmiRNA-3457,0,0,3.680973323502433,NA,NA
NovelmiRNA-646,1.6322660637059552,-0.24775404030348405,1.052341612513903,0.32897699912300316,NA
NovelmiRNA-3521,0.19774789285627659,0.10799269559879225,0.9390131180829302,0.6345685136949796,NA
NovelmiRNA-366,0,0,3.680973323502433,NA,NA
NovelmiRNA-432,0.8621790443382963,-0.15963884768941403,0.9750392397818868,0.497367805527767,NA
NovelmiRNA-2453,0,0,3.680973323502433,NA,NA
NovelmiRNA-328,1.5914082675298404,-0.24187209013141164,1.0485166601099667,0.3378423164736205,NA
NovelmiRNA-786,0,0,3.680973323502433,NA,NA
NovelmiRNA-1950,0,0,3.680973323502433,NA,NA
NovelmiRNA-600,0,0,3.680973323502433,NA,NA
NovelmiRNA-3752,0.19896439484729914,-0.03471761474517703,0.9000273769070802,0.8751475847416957,NA
NovelmiRNA-3352,0,0,3.680973323502433,NA,NA
NovelmiRNA-1150,0,0,3.680973323502433,NA,NA
NovelmiRNA-1071,0,0,3.680973323502433,NA,NA
NovelmiRNA-2796,0,0,3.680973323502433,NA,NA
NovelmiRNA-748,0,0,3.680973323502433,NA,NA
NovelmiRNA-3092,0,0,3.680973323502433,NA,NA
NovelmiRNA-512,0,0,3.680973323502433,NA,NA
NovelmiRNA-3434,0.8770134996337455,-0.16036181184152698,0.9757382353692252,0.4956519508201441,NA
NovelmiRNA-1886,1.0247878867212308,0.0029847630248213946,0.8156104852028951,0.9891854974734987,NA
NovelmiRNA-3383,0,0,3.680973323502433,NA,NA
NovelmiRNA-159,0.464250254643698,-0.0976173504830387,0.9254343017806748,0.6659788899419692,NA
NovelmiRNA-326,1.5914082675298404,-0.24187209013141164,1.0485166601099667,0.3378423164736205,NA
NovelmiRNA-2408,1.24715345395837,-0.19786296622656893,1.0150029580550257,0.4143249865554029,NA
NovelmiRNA-931,0,0,3.680973323502433,NA,NA
NovelmiRNA-2177,0,0,3.680973323502433,NA,NA
NovelmiRNA-1857,0,0,3.680973323502433,NA,NA
NovelmiRNA-738,1.8476894935517216,-0.2487326957424454,1.0758130948212254,0.3261143212065988,NA
NovelmiRNA-3482,0,0,3.680973323502433,NA,NA
NovelmiRNA-3379,18.570010185747922,-19.588734716431276,3.4981436977890956,NA,NA
NovelmiRNA-447,0,0,3.680973323502433,NA,NA
NovelmiRNA-1768,0.464250254643698,-0.0976173504830387,0.9254343017806748,0.6659788899419692,NA
NovelmiRNA-165,5.611415760524427,-0.5374785436116213,1.4005698024223896,0.10611691362788296,0.469723397088129
NovelmiRNA-2556,8.416281816664156,0.0859238340994004,0.5819624362815093,0.6646174872950787,0.8838987478027601
NovelmiRNA-2091,0,0,3.680973323502433,NA,NA
NovelmiRNA-1718,0,0,3.680973323502433,NA,NA
NovelmiRNA-688,0,0,3.680973323502433,NA,NA
NovelmiRNA-3276,0,0,3.680973323502433,NA,NA
NovelmiRNA-3102,0.3762850890537182,-0.07183891649630376,0.912085181055793,0.7478417456639198,NA
NovelmiRNA-1336,0,0,3.680973323502433,NA,NA
NovelmiRNA-1151,0,0,3.680973323502433,NA,NA
NovelmiRNA-226,1.3199681645160724,-0.2067118581195951,1.025032292005245,0.39724776164836945,NA
NovelmiRNA-3050,0,0,3.680973323502433,NA,NA
NovelmiRNA-3781,0,0,3.680973323502433,NA,NA
NovelmiRNA-3128,1.524298665949119,-0.22270961883604273,1.0437919098838833,0.3682901415593824,NA
NovelmiRNA-3038,0.41571781798612334,-0.08003971179961732,0.915795478142464,0.7211307006418812,NA
NovelmiRNA-1559,8.763168902515595,0.02072510093439294,0.507803906452599,0.9106703503179414,0.9777545814552231
NovelmiRNA-1974,2.062581356674219,0.26393894646428195,1.0508798497267218,0.3065960085965812,NA
NovelmiRNA-1838,2.0085511527596736,-0.2852984352748631,1.0910629768120825,0.27795681644889203,NA
NovelmiRNA-445,0,0,3.680973323502433,NA,NA
NovelmiRNA-3692,0,0,3.680973323502433,NA,NA
NovelmiRNA-1298,3.1357090754476515,-0.32626483402675777,1.1791713794301115,0.23055466492881443,NA
NovelmiRNA-572,2.545652888709568,-0.2947383361771647,1.1359940569687226,NA,NA
NovelmiRNA-1024,4.152705749981808,0.6429317368717609,1.6207405434415592,0.07535055606223974,0.4382524043607242
NovelmiRNA-3131,0,0,3.680973323502433,NA,NA
NovelmiRNA-1372,1.24715345395837,-0.19786296622656893,1.0150029580550257,0.4143249865554029,NA
NovelmiRNA-933,0,0,3.680973323502433,NA,NA
NovelmiRNA-2766,0,0,3.680973323502433,NA,NA
NovelmiRNA-3776,0,0,3.680973323502433,NA,NA
NovelmiRNA-1674,0,0,3.680973323502433,NA,NA
NovelmiRNA-1566,0,0,3.680973323502433,NA,NA
NovelmiRNA-3142,4.613099197913548,-0.4751176760586886,1.3233263867508365,0.13098918467215703,0.5004267684978982
NovelmiRNA-2827,0.26528585979639885,-0.05087134128317289,0.9044320606581612,0.8186197725515911,NA
