miRNA,baseMean,log2FoldChange,lfcSE,pvalue,padj
hsa-miR-551a,20.92910259481203,0.6201526753813367,1.2059564486611525,NA,NA
hsa-miR-335-3p,0,0,4.798919838313277,NA,NA
hsa-miR-548an,0,0,4.798919838313277,NA,NA
hsa-miR-1-3p,3218.689076613613,-0.27741192857635066,0.5690698689003715,0.314174797701138,0.6293830501603821
hsa-miR-548av-3p,7.365840538027118,0.20013601779254767,0.7735414748629864,0.4298661604695764,0.743572179752087
hsa-miR-6806-3p,1.5180183824135134,-0.35265207905016566,1.0977241678585505,0.18575679974279347,NA
hsa-miR-320b,1365.0692284269555,0.3777162709853088,0.5810271215496314,0.19247862542397084,0.4938252516533551
hsa-miR-4796-5p,0,0,4.798919838313277,NA,NA
hsa-miR-190b-5p,22.003540675546038,0.13569271100766825,0.5218547258711299,0.5973157449021584,0.8574127274924654
hsa-miR-5000-3p,0,0,4.798919838313277,NA,NA
hsa-miR-10398-3p,0,0,4.798919838313277,NA,NA
hsa-miR-676-3p,14.307309978578706,-0.2792183275987905,0.5728848152008524,0.3120470062194006,0.6274136614411353
hsa-miR-296-5p,58.79039496402145,0.1864215922522176,0.5257059381360784,0.4759202169883257,0.7687941966734493
hsa-let-7d-5p,12059.10253144511,-0.34538592085112274,0.41386909440439695,0.17585689545252878,0.4637714405655061
hsa-miR-369-3p,1433.1569115700136,0.024863285738607323,0.3949011683488573,0.9160701550522572,0.983942613026806
hsa-miR-3180-5p,9.554363702431056,-0.21151372329615464,0.6677376211864348,0.4301440475461808,0.743572179752087
hsa-miR-128-2-3p,172268.69644966227,-0.6687414885324423,0.8057927368047837,0.06223873061384699,0.25206685898608033
hsa-miR-411-5p,4104.89888122718,0.1473335441003406,0.4471008635428277,0.5534402214237986,0.8171890769460776
hsa-miR-449a,105.45131215711268,1.8949966774303777,2.12571104184197,NA,NA
hsa-miR-489-3p,1.644939190537176,0.010941379707721745,0.7945602464591626,0.960515160629647,NA
hsa-miR-4803,0.5990620300232107,0.2108906037367378,0.928616304583282,0.37126994757257853,NA
hsa-miR-7843-3p,0.4854406003887648,-0.17931876322376789,0.900475090036747,0.4365908900295167,NA
hsa-miR-6883-3p,1.2772359519279253,-0.32310659654783125,1.0576760858080818,0.21288470262514644,NA
hsa-miR-6513-3p,6.9088341314103605,-1.4909738892546316,2.2598708025834053,0.010634323899878131,0.09816932744090179
hsa-miR-218-5p,34507.13419729337,-0.040180981398635525,0.46139142461754135,0.8703446112110484,0.9830386345750289
hsa-miR-133a-3p,341.3937842068725,-0.6094750680182149,0.6099590529614741,0.05998013799097166,0.24823896526190461
hsa-miR-548ah-3p,54.86289326214047,-0.1788833609971167,0.801339321607042,0.46353113912051463,0.7616167644949383
hsa-miR-5579-5p,0,0,4.798919838313277,NA,NA
hsa-miR-30d-5p,77189.49667760119,-0.027475992836070384,0.29815520005162693,0.8976287137588053,0.983942613026806
hsa-miR-758-3p,610.6335164044665,-0.10252716265375368,0.42315972030512194,0.6725895091325341,0.9021592190306226
hsa-miR-193b-3p,443.7700562130163,-0.5184792747073778,0.6169341129236137,0.09819813140495956,0.3274037664520827
hsa-miR-16-5p,27022.128992535847,-0.4427840919394019,0.6664549866038889,0.1509408074024594,0.4195266558686004
hsa-miR-548aw,0.9987431496519603,0.28359240601142754,1.007728273920457,0.2574089724730415,NA
hsa-miR-342-3p,7413.468589040637,-0.22052682649252567,0.26774697517311036,0.28148371164613156,0.6162210984685582
hsa-miR-1912-5p,0,0,4.798919838313277,NA,NA
hsa-miR-152-3p,4733.601711678452,-0.03984690607887905,0.41757590714017867,0.8681076231140501,0.9829987033132245
hsa-miR-3659,0.6198336127255835,0.21621215434003757,0.9337350760105032,0.36128726594341765,NA
hsa-miR-139-5p,31161.889164172168,-0.8125172004334822,0.8560455017307782,0.036713559984061714,0.2055362834508291
hsa-miR-6858-3p,0,0,4.798919838313277,NA,NA
hsa-miR-6794-3p,5.890031466957073,-0.17077038242631426,0.7975798776871384,0.4818614404659669,0.7761802180233046
hsa-miR-1236-3p,0.38874578387990133,-0.1519187338500145,0.8799502703038996,0.5020411970099496,NA
hsa-miR-655-3p,421.9496809534814,0.1145969095873256,0.36244763002973857,0.6203775065593858,0.8728388243651906
hsa-miR-6772-3p,0.42872674464264493,-0.1686502807811103,0.8920566928436559,0.4610810740524405,NA
hsa-miR-7158-3p,4.72001353838961,-1.1298082829882696,1.871678652367656,0.01873176033630087,NA
hsa-miR-200a-3p,241.33095335380227,-0.6095028200302783,0.7469568433499568,0.07591856143490223,0.2869721622239304
hsa-miR-4785,2.8204935161169407,-0.49529482481140774,1.3105516672685653,0.10395530917241065,NA
hsa-miR-6851-3p,0,0,4.798919838313277,NA,NA
hsa-miR-323b-3p,2180.9215843152238,-0.10114317040812368,0.5131727224079449,0.6902937424509974,0.9060105369669341
hsa-miR-548e-3p,48.57482412389839,-0.24800508964569631,0.5205612510815237,0.3529158318511571,0.6798211318128798
hsa-miR-641,174.1210196257226,0.19965250856258093,0.43822153530565117,0.4253018574619886,0.743572179752087
hsa-miR-551b-3p,74.6353015765143,0.02787121925850736,0.37716422526752763,0.9046420117276518,0.983942613026806
hsa-miR-6866-5p,0,0,4.798919838313277,NA,NA
hsa-miR-5581-3p,1.592156734015196,-0.06675295700048686,0.8181514701882556,0.7618887127922678,NA
hsa-miR-4473,60.431618128157666,1.034382853564555,0.7191515152250066,0.010057348517541774,0.09665282388891841
hsa-miR-6850-5p,0.3329958008646637,-0.13257710231966266,0.8675860388126726,0.553332101552302,NA
hsa-miR-629-5p,1246.5797950406907,0.04100424968516323,0.46338453893351983,0.8678507556085848,0.9829987033132245
hsa-miR-103a-2-3p,64330.699752986846,-0.37636194648658167,0.3109228900485639,0.09367095413703855,0.32308881012653934
hsa-miR-7151-5p,7.701528570326554,-1.2385576432970957,1.2236426176835202,0.011533302388878064,0.10060588391529018
hsa-miR-6727-5p,0,0,4.798919838313277,NA,NA
hsa-miR-6775-3p,2.546123920793767,-0.15303757850226377,0.6706515272674837,0.5537849557576554,NA
hsa-miR-1228-3p,0,0,4.798919838313277,NA,NA
hsa-miR-371a-3p,1.8894079429249244,-0.1703505658164421,0.846938400746894,0.4681971355364316,NA
hsa-miR-3679-5p,8.421337371422432,0.0027567344711511973,0.5486236826477752,0.9912909734053802,0.9947999680015054
hsa-miR-548l,12.60679483580207,-0.08658178065075615,0.6316669240485456,0.7332200317309763,0.926337030646857
hsa-miR-153-3p,372.66857019568835,-0.23914544862843382,0.4835993742555295,0.3594713578408016,0.6885819591072112
hsa-miR-4797-3p,0,0,4.798919838313277,NA,NA
hsa-miR-154-3p,0,0,4.798919838313277,NA,NA
hsa-miR-664a-3p,432.33481363479973,-0.1840442268222165,0.401677672829831,0.4479488215493534,0.7532856013771445
hsa-miR-3158-3p,127.77504584714237,-0.042198677160746025,0.48364746653175744,0.8652828436784568,0.9829987033132245
hsa-miR-4743-5p,0.23531772543357646,-0.08500384483059749,0.8430406333946374,0.697345392708236,NA
hsa-miR-6816-3p,1.0812427840410834,-0.03624104865889123,0.7917453981675069,0.8707141766461647,NA
hsa-miR-5682,1.3410828304769142,0.018566984937742212,0.6850696570510079,0.9392771651342148,NA
hsa-miR-5582-3p,4.451503803095846,0.0101237089901784,0.7491313248887134,0.9650319709787183,NA
hsa-miR-107,10501.649805480529,-0.41490191999742587,0.3965443583698297,0.10339047001377699,0.3349851228446375
hsa-miR-1267,2.0503480335791364,-0.10141425655667877,0.6938011759045924,0.6832501609662012,NA
hsa-miR-2110,226.10383434880558,-0.5840259932472796,0.558599197513228,0.059943195320654674,0.24823896526190461
hsa-miR-9983-3p,111.38530841733838,0.2795787271887601,0.5677045454565042,0.3106584180529018,0.6274136614411353
hsa-miR-3146,0,0,4.798919838313277,NA,NA
hsa-miR-1234-3p,0.7669816015358683,-0.23885809283317588,0.9565623591138153,0.3219209158461556,NA
hsa-miR-6503-5p,3.4957801405023052,-0.557669395096734,1.4085749771650864,NA,NA
hsa-miR-1976,73.0159616557101,-0.47127455944042845,0.6588654165965413,0.1310995749950203,0.3912287316956659
hsa-miR-122b-5p,0,0,4.798919838313277,NA,NA
hsa-miR-185-5p,9378.83645364815,-1.1630827007829707,0.882213151159573,0.009858141347297166,0.09637183006754299
hsa-miR-6746-3p,0.7475021799924214,-0.23649171840717018,0.9540610414966073,0.32581150329699815,NA
hsa-miR-4795-3p,1.4119871896510743,-0.0787944673640247,0.8003217265305655,0.7264371015018015,NA
hsa-miR-4528,2.1016343647736813,0.32889853045031947,0.996505937720004,0.21212223936735716,NA
hsa-miR-4774-5p,0.23531772543357646,-0.08500384483059749,0.8430406333946374,0.697345392708236,NA
hsa-miR-520g-3p,1.3383038511963334,-0.7360730634526602,1.1930919666560336,0.04722148169374562,NA
hsa-miR-106b-5p,6553.910377358224,-0.0784362488743766,0.5194217956404613,0.7566530976514363,0.9387796638257425
hsa-miR-579-3p,8.251371528742986,-0.12766806253443524,0.691243782594758,0.6129736411327826,0.872283984388285
hsa-miR-216a-5p,2355.8775795163324,9.252551028455695,1.2235886809466858,NA,NA
hsa-miR-4522,0.6887040141395372,0.23063635651900963,0.9481810763205648,0.33563106017908995,NA
hsa-miR-138-5p,3012.1436296429724,-0.433986575533572,0.6418257058330644,0.15432468089369297,0.4227154302740286
hsa-miR-3619-3p,0.9997062674051854,-0.0077483156522930125,0.7257276388068967,0.9737994907246799,NA
hsa-miR-548a-3p,15.73293257495802,-0.04360346974066441,0.4555324550928287,0.859033153393951,0.9800237383790146
hsa-miR-4735-5p,0,0,4.798919838313277,NA,NA
hsa-miR-10522-5p,0,0,4.798919838313277,NA,NA
hsa-miR-668-3p,161.9764241417654,-0.15622948566244677,0.6102568887861617,0.5511765875958636,0.8160304011267215
hsa-miR-12129,0,0,4.798919838313277,NA,NA
hsa-miR-549a-3p,11.892142374965452,0.2891627374039948,0.5712600953216767,0.297062170043125,0.627173909790112
hsa-miR-2467-5p,0,0,4.798919838313277,NA,NA
hsa-miR-509-3p,10.920105468023372,0.2956469626888771,0.5288670711875401,0.27899450974759543,0.6131390970034365
hsa-miR-891a-5p,20.74136219282651,1.5658014765161234,0.9515520174331581,0.002750382870957301,0.038035782630068043
hsa-miR-939-3p,0,0,4.798919838313277,NA,NA
hsa-miR-92a-3p,69133.8182782068,-0.0646757182467757,0.5195296415772342,0.797859519461199,0.9544015770770039
hsa-miR-6842-3p,134.7273239098606,0.1302878851265533,0.4914849947503033,0.6072981911091642,0.8675200699387651
hsa-miR-6734-3p,0.1667485833034589,-0.08359876647216843,0.8424737620384914,0.7019514607911306,NA
hsa-miR-30c-5p,28448.780505462175,-0.010386778283380789,0.30881205416475255,0.9617568739575368,0.983942613026806
hsa-miR-605-3p,0.5481083519389557,0.03154441081752236,0.8236589611534005,0.8839660676109719,NA
hsa-miR-429,35.614497266317834,-0.36450944653747547,0.6591927199252204,0.21627007473545207,0.5280843376033604
hsa-miR-320e,21.246783765581018,0.04375628137647838,0.8025684124217324,0.8430533475820566,0.9735463300998495
hsa-miR-500a-5p,168.58731852786397,0.8058959889340139,0.6591869274410315,0.024702451044313352,0.16563454668836464
hsa-miR-4424,0.3529765881503647,-0.13765555340785815,0.8707329474700787,0.539439537082959,NA
hsa-miR-6803-3p,4.814542557128268,0.2295872050930262,0.9030061886341725,0.34492251405524493,NA
hsa-miR-543,2647.5388170774336,-0.00963591507100303,0.49077092797638516,0.9691266232333222,0.983942613026806
hsa-miR-1264,91.17390495871545,0.18305095221645473,0.7115981802893343,NA,NA
hsa-miR-6812-3p,2.2473431105076687,-0.014202526635890635,0.5682608726015322,0.9552246291250608,NA
hsa-miR-582-5p,493.0193993120952,-0.4707633170872332,0.4450507346577683,0.08366234844178473,0.3096677070770362
hsa-miR-542-3p,188.58505368438293,-0.2980400084472953,0.47825404161182705,0.26125862374306763,0.5878319034219022
hsa-miR-1180-3p,2313.0584690190435,-0.6287754937421738,0.48788725607134115,0.0341872072090883,0.19751893986894545
hsa-miR-380-3p,109.92734797107325,0.21127540290325664,0.37405656443970287,0.3742616034922674,0.7045413665311644
hsa-miR-1243,4.358950349507215,-0.21809872822558882,0.578157294678184,0.41737690268627203,NA
hsa-miR-1972,1.125254382288312,0.23924844335788897,0.727915251913488,0.37285616537949134,NA
hsa-miR-1249-3p,270.72805976588467,-0.07575447836322699,0.4668187241847014,0.7598786918310033,0.9406718850824012
hsa-miR-17-5p,12643.557642336516,0.3348197910745719,0.5974553363850522,0.2414968297344008,0.5629295550316409
hsa-miR-3939,1.6589159491048737,0.20002505547147514,0.7814754253189717,0.4277680213204704,NA
hsa-miR-3928-3p,22.954005415833816,-0.18955217269379954,0.37508302573667995,0.42389064719315894,0.743572179752087
hsa-miR-6750-3p,0.4140050133855036,-0.15436002769248142,0.8816311341846661,0.4958691617596886,NA
hsa-miR-576-5p,168.91046107256426,-0.12814044269379618,0.49880348753134035,0.6141442644853812,0.872283984388285
hsa-miR-302c-3p,0,0,4.798919838313277,NA,NA
hsa-miR-4689,0,0,4.798919838313277,NA,NA
hsa-miR-3622a-5p,0,0,4.798919838313277,NA,NA
hsa-miR-5697,1.47121111195858,-0.0450158855652548,0.731969674058923,0.8487930716984412,NA
hsa-miR-431-5p,0,0,4.798919838313277,NA,NA
hsa-miR-19b-1-3p,3259.251346560163,-0.11988861552866314,0.5413662232034298,0.6409465327496927,0.8854821983717537
hsa-miR-455-5p,14714.896129432485,3.649839557626479,1.0627637577352638,1.7589790916115706e-6,4.7492435473512406e-5
hsa-miR-6733-5p,0,0,4.798919838313277,NA,NA
hsa-miR-4775,4.5421272491632445,0.12703381694631502,0.6264275686383981,0.6228401662249361,NA
hsa-miR-181c-5p,0,0,4.798919838313277,NA,NA
hsa-miR-660-5p,1874.9529851104053,0.523134382535688,0.5907429009752295,0.09126967573103915,0.3214279884440944
hsa-miR-4661-5p,6.711213811709692,0.6817870436408157,1.1576949004258856,0.0562405256298756,0.24823896526190461
hsa-miR-197-3p,2674.227542835086,-0.18349674032609978,0.2815223380345591,0.381471251366962,0.7045413665311644
hsa-miR-618,224.54806638772388,0.6242999036522,0.6142268027502619,0.05600996176152541,0.24823896526190461
hsa-miR-3661,1.0882012740003213,0.29906288247469887,1.0268356812671593,0.23872869068902086,NA
hsa-miR-184,212.311594356765,-0.030450662595002915,0.47047796929717334,0.9019154478015403,0.983942613026806
hsa-miR-887-3p,330.773469663486,-0.45656185680114514,0.7739973023680853,0.14679888741470304,0.4120543027927555
hsa-miR-19a-3p,931.9115557915377,0.19452799009738939,0.6435841046133605,0.4653931757147956,0.7616167644949383
hsa-miR-6833-3p,12.981240256571326,-0.11322816189423052,0.3949198236404689,0.6342649900248267,0.8854821983717537
hsa-miR-636,5.19124140138195,-0.12744074834489474,0.6235164645828686,0.6219671015889865,0.8729092737647409
hsa-miR-1299,407.72488000885295,-0.2472708106821354,0.7734259761640193,0.3503539405841548,0.6779886836560265
hsa-miR-382-3p,0,0,4.798919838313277,NA,NA
hsa-miR-4697-3p,0,0,4.798919838313277,NA,NA
hsa-miR-20b-5p,1358.2905883026729,-0.3030375450514579,0.5729737599409178,0.2778259870085893,0.6129468273691445
hsa-miR-191-5p,33202.996206067015,-0.24423547376910007,0.35846233835563013,0.29930573004819705,0.6274136614411353
hsa-miR-146a-5p,12857.262456097214,-1.0524100249064832,0.7473662895458096,0.010335237415259942,0.09766799357420644
hsa-miR-3616-5p,19.50259684143982,2.528524683805203,2.1148198786454615,0.0014358633181951643,0.024670742467171464
hsa-miR-4705,94.18137311099467,0.5788491591469037,0.6346811516953921,0.07442766414390628,0.28322473536640846
hsa-miR-6511b-3p,80.04758321111542,-0.2537804749182031,0.3513527118118797,0.2776400426118025,0.6129468273691445
hsa-miR-92a-1-3p,74943.44407021959,-0.05621795136698667,0.5181165641548794,0.8235425302437993,0.9667673181122862
hsa-miR-6764-5p,1.2670106227162097,0.0901132017634712,0.8067365696470976,0.6895566107104514,NA
hsa-miR-4422,5.923637126501801,0.33404889697421375,1.056419168812179,NA,NA
hsa-miR-3144-3p,3.3528917411138197,0.033560501188226205,0.701945268626277,0.8894001688378084,NA
hsa-miR-3199,3.653335752453131,-0.06803744301548842,0.751317024462349,0.7712891937882883,NA
hsa-miR-4492,0,0,4.798919838313277,NA,NA
hsa-miR-30e-5p,34697.95055687949,-0.06642736591529762,0.2972121364689667,0.7557159290281401,0.9387796638257425
hsa-miR-491-5p,152.0601354666515,-0.7367374540837961,0.6204293350571771,0.031109116027539775,0.18764754029377717
hsa-miR-15b-5p,2212.7046232099437,-0.32553552417097764,0.6170268396360469,0.2552187230259992,0.5826070226321968
hsa-miR-150-5p,1643.402432487071,-2.345242839671849,1.1366614162545563,NA,NA
hsa-miR-4773,0,0,4.798919838313277,NA,NA
hsa-miR-1252-5p,63.56228432924654,0.19186586379301573,0.7152264816707683,0.4608858619645036,0.7616167644949383
hsa-miR-4685-3p,9.623207160045482,-0.5153503793878116,0.8774211654844244,0.11297573838632892,0.3506111172514801
hsa-miR-28-3p,2175.829918240801,0.18178398602658893,0.38956489901068697,0.44858118613750964,0.7532856013771445
hsa-miR-514a-3p,112.66627762482044,0.36373794706048596,0.4845504914254019,0.18188470275894927,0.4768322032886291
hsa-miR-6813-5p,0,0,4.798919838313277,NA,NA
hsa-miR-3909,94.9195007383755,0.053912772228334446,0.36352901987642006,0.8148395099171188,0.9645386265616
hsa-miR-550a-3-3p,45.488490835839734,0.050863586711666735,0.47541514431136966,0.8375413960186007,0.971956379997906
hsa-miR-517-3p,6.490205186629985,0.07996619809892773,0.6093990516054213,0.7536188517419855,0.9387796638257425
hsa-miR-135a-5p,2161.9766019901685,0.8074658989928587,0.8094884456553938,0.035277385120757045,0.20002277363469245
hsa-miR-1307-3p,3024.1686338160575,0.05995989706375791,0.35375275195354866,0.7927371415342357,0.9544015770770039
hsa-miR-1343-3p,20.162298268955197,0.04611248419423842,0.634899915484623,0.8542868428004626,0.9785397455073505
hsa-miR-4254,2.9021158754693532,-0.5139280447908117,0.9231456991975067,0.11049332198927841,NA
hsa-miR-208a-3p,0,0,4.798919838313277,NA,NA
hsa-miR-3150a-3p,0,0,4.798919838313277,NA,NA
hsa-miR-330-5p,2021.4176583603921,-0.40964137722341304,0.8257232882114192,0.17361144164599854,0.4599891935200055
hsa-miR-6820-3p,0,0,4.798919838313277,NA,NA
hsa-miR-4446-3p,38.542252004351816,-0.3721889693984168,0.7266577331637404,0.21050887936649726,0.521216308300454
hsa-miR-4471,0.25012287495518837,-0.11053899570896643,0.855189035996116,0.6169875984115079,NA
hsa-miR-4790-5p,0,0,4.798919838313277,NA,NA
hsa-miR-375-3p,2814.4454459711596,6.642004875828544,1.5401844041123234,NA,NA
hsa-miR-4732-5p,50.94469454733527,-2.226589864034393,3.3322891260314966,0.006799222451151429,0.07413767557313193
hsa-miR-4767,0.5520066845140048,-0.19173381812097262,0.9109289965584434,0.409657715638502,NA
hsa-miR-135b-5p,5032.173763405151,7.4948424391501,1.0812596596700224,6.241806313112104e-13,2.211940112209102e-11
hsa-miR-1286,20.992205232283084,0.3672520042349401,0.7929479209214852,0.2096865667843528,0.521216308300454
hsa-miR-124-3p,20324.875245516567,-0.010176539549365093,0.4345671550425171,0.9664889098410386,0.983942613026806
hsa-miR-127-3p,37748.602983642166,0.17477556555317542,0.45887777939891666,0.48824269826704403,0.7837926249741487
hsa-miR-1265,0,0,4.798919838313277,NA,NA
hsa-miR-520f-3p,1.068598750241886,-0.2923368696025451,1.0182571294648464,0.2466561449942523,NA
hsa-miR-4749-3p,0,0,4.798919838313277,NA,NA
hsa-miR-92a-2-3p,69133.8182782068,-0.0646757182467757,0.5195296415772342,0.797859519461199,0.9544015770770039
hsa-miR-610,2.345241824925345,-0.447818362259849,1.237215254403774,0.12431387543643081,NA
hsa-miR-3149,5.919871275369383,0.009608410942674499,0.6471876255003747,0.9691921223311379,0.983942613026806
hsa-miR-675-3p,102.21757786726175,24.247679220690213,2.963556605751054,NA,NA
hsa-miR-450b-5p,198.6459629491299,-0.071581787522689,0.4513117432975843,0.7707984752001495,0.9418427199228945
hsa-miR-423-3p,15685.116456621448,0.04761126848735856,0.37563777215841426,0.8378032223190948,0.971956379997906
hsa-miR-193a-5p,156.23946829846352,0.1561291635043285,0.422968641083559,0.5241204874818617,0.812831057272578
hsa-miR-1260b,366.2615437736667,0.024337285683872206,0.5535880317495541,0.9233355869401094,0.983942613026806
hsa-miR-23a-3p,8523.709492612554,-0.2834015055208813,0.5310595086915041,0.29754811593216957,0.627173909790112
hsa-miR-4777-3p,0,0,4.798919838313277,NA,NA
hsa-miR-381-3p,40433.23433562496,0.5192640814715915,0.5683577428732867,0.0888506931811799,0.31684492474043396
hsa-miR-106a-5p,944.408731313342,0.028823525670149345,0.44585160781808725,0.9059558038155177,0.983942613026806
hsa-miR-485-3p,0,0,4.798919838313277,NA,NA
hsa-miR-379-5p,6173.892298890027,0.047169828847954336,0.44370112114594024,0.846708934865716,0.9757804188391482
hsa-miR-518c-3p,0.8406133169687942,-0.13918665134317418,0.8264465656141293,0.5468635560630899,NA
hsa-miR-378i,1573.6367065854838,0.11204673959369695,0.8266048028591428,0.6195725892171748,0.8728388243651906
hsa-miR-766-3p,175.71993368984116,-0.1601224605546821,0.4072471791204757,0.5088947035142637,0.797080930642507
hsa-miR-143-3p,110536.27648671117,-0.012509522827960385,0.43010206174478743,0.9587031853065465,0.983942613026806
hsa-miR-580-3p,4.325223310997497,0.043308278399897565,0.6485697665112213,0.8622583182061376,NA
hsa-miR-3074-5p,23.56776199724936,0.3871154067985148,0.5802902255916497,0.18333231096458755,0.4768322032886291
hsa-miR-497-5p,880.5269137301738,0.49596881586210845,0.5621168406654495,0.09974399896732074,0.3274037664520827
hsa-miR-2277-5p,115.77397863046913,-0.12360474357342364,0.3298960498528221,0.5805712040019206,0.844061211972023
hsa-miR-383-5p,1234.6979585054737,-0.5506391314773305,0.6352058422354856,0.08599737974350076,0.3102365139620494
hsa-miR-4525,2.7099852427695548,-0.7842544081755624,1.2981409375727744,0.04026838473266193,NA
hsa-miR-6853-3p,7.416676713562496,-0.18491889068048745,0.45848541506817897,0.4644895083087115,0.7616167644949383
hsa-miR-4677-3p,38.013231995130965,0.16717100123197598,0.44979410321840846,0.504119394149944,0.7917886329169481
hsa-miR-3157-5p,0,0,4.798919838313277,NA,NA
hsa-miR-409-3p,0,0,4.798919838313277,NA,NA
hsa-miR-509-3-3p,0,0,4.798919838313277,NA,NA
hsa-miR-24-2-3p,23334.30391934963,-0.010477668898752032,0.36048694923919844,0.9635339003907527,0.983942613026806
hsa-miR-4520-3p,1.1038282437438454,-0.0369641159120546,0.7906201030548909,0.8683239633676518,NA
hsa-miR-29a-3p,34748.39033679978,-0.5384801366674702,0.4865954226428422,0.06213249523928184,0.25206685898608033
hsa-miR-4726-5p,0.8960978232831797,0.023038355760044402,0.814765127115826,0.9155833604099753,NA
hsa-miR-203b-3p,16.261705636662445,-1.8123724785401931,1.3329472071968442,0.0027101123269591123,0.038035782630068043
hsa-miR-6781-3p,0.12249335561218429,-0.06980524766123042,0.8371469421296757,0.7481588900719816,NA
hsa-miR-890,0,0,4.798919838313277,NA,NA
hsa-miR-6749-3p,0.6971279349676252,-0.09243035162436242,0.819132609781547,0.6794291479344161,NA
hsa-miR-324-3p,180.61892022814374,-24.305414681816718,2.995346795643878,1.8299751750266763e-16,1.1528843602668061e-14
hsa-miR-182-5p,15090.416464710346,0.23917371942004242,0.7046282192532625,NA,NA
hsa-miR-1277-3p,0,0,4.798919838313277,NA,NA
hsa-miR-3170,0.2996229448955881,0.12848709087287538,0.8647815044032711,0.5648121055388106,NA
hsa-miR-508-3p,14.231521527550692,-0.2406943538203833,0.6467022833211624,0.37914429454777976,0.7045413665311644
hsa-let-7f-5p,289930.0418576424,-0.21043424499124677,0.31655020018607016,0.3432949260971359,0.6712007693002623
hsa-miR-6734-5p,2.8053385086280063,-0.2441620525496938,0.8394101062644508,0.33775040578579657,NA
hsa-miR-506-3p,0,0,4.798919838313277,NA,NA
hsa-miR-202-5p,6.146617220758626,0.10412107955104753,0.6744957712766033,0.6789069603938785,0.9033665530316637
hsa-miR-1468-5p,22.218176987356262,0.20624954430693587,0.49759145079724026,0.4277746621072712,0.743572179752087
hsa-miR-93-5p,21039.425750170292,0.20306238359864248,0.5240643989478271,0.43990273885035996,0.75127967749444
hsa-miR-4421,5.968398918715736,-0.42973232820855956,0.7301449811337769,0.16431268484636347,0.4426923076750809
hsa-miR-365b-3p,686.7080565819311,-0.39184730585682565,0.4822034544434757,0.15352201102768684,0.42255815656649726
hsa-miR-584-5p,1848.2583614548391,-0.5318431638311342,0.797355315329079,0.10806260608098367,0.34616665337806635
hsa-miR-454-3p,2687.7676194238766,0.5310444487665487,0.4690789207843348,0.06094679781800694,0.25041184320876764
hsa-miR-1276,2.282280361650579,-0.703917135523718,1.3487327858078513,0.05112098485392491,NA
hsa-miR-548y,0,0,4.798919838313277,NA,NA
hsa-miR-1253,0.4810262846835569,0.1800900509702961,0.9013603555307949,0.43481916985062746,NA
hsa-miR-892a,5.298686316712249,0.5011309305462976,0.9579658228534933,0.11283694061993607,0.3506111172514801
hsa-miR-203a-3p,389.49201358120706,-0.876632787506483,0.816025177378485,0.026769064445256504,0.17053999483663415
hsa-miR-212-5p,726.7845903427176,-1.0299071763860985,0.934262011258241,0.017863163290583878,0.13673593508439244
hsa-miR-216b-5p,3981.455338202161,10.661141675713305,1.247493293149679,1.0333464930313205e-17,8.370106593553695e-16
hsa-miR-141-3p,1.5766523978562734,0.04679742533396158,0.812159647387133,0.831079186997509,NA
hsa-miR-513c-5p,1.4086735895401192,-0.3433292428883923,1.0848777331740653,NA,NA
hsa-miR-3174,1.6844240222113165,0.03573616894516297,0.7923660456859926,0.8724075572423432,NA
hsa-miR-211-5p,118.15028267072225,0.1763942966834014,0.7093770683531098,0.49417878020165457,0.7837926249741487
hsa-miR-1255a,30.657622343748045,-0.22015784611809888,0.6330851293615218,0.4158487995181514,0.7368320916462245
hsa-miR-3918,0.4706354508671529,-0.1732100568755272,0.8955896202271874,0.4504600052730749,NA
hsa-miR-548ao-3p,0.3994972598607841,0.15745083740590363,0.88395279608828,0.48811893927024197,NA
hsa-miR-410-3p,1679.2064762210102,-0.14655778100910546,0.38484794124685373,0.5368485865314301,0.8157168082753613
hsa-miR-10b-5p,753.422662459038,1.1691797726581286,0.9957858403769494,0.011934386703026913,0.10120793410983779
hsa-miR-215-5p,146.2998311174706,0.28273204770791804,0.5203119553240032,0.2959793925825816,0.627173909790112
hsa-miR-3124-5p,11.399091122288649,-1.3314811530127173,1.2945296318221675,0.00925526841470445,0.09370959269888256
hsa-miR-3176,5.296762401065771,0.04981916567376009,0.8061850881087954,0.8214888297236373,0.9663571918118307
hsa-miR-432-5p,1314.3792995349881,-0.1710530784019289,0.3683793964767713,0.46610408691312805,0.7616167644949383
hsa-miR-1185-3p,145.11343365144435,0.4823550757789062,0.547120730055189,0.10422330049784438,0.33576483739930546
hsa-miR-943,6.011707097823493,-0.023777990441821193,0.4668976946257388,0.9231761216126808,0.983942613026806
hsa-miR-501-3p,585.4537081129185,0.035342406005106235,0.43409198777696845,0.884082932741774,0.983942613026806
hsa-miR-11401,4.298615104505272,-0.49833705101967457,1.0700108589895145,0.10648130910331102,NA
hsa-miR-1304-3p,0,0,4.798919838313277,NA,NA
hsa-miR-3139,7.4906163626566205,-0.10578399721047105,0.7291721992177417,0.6635402540043693,0.8979172410989914
hsa-miR-1909-5p,0.9253260810760825,-0.26702231278415867,0.9878747860070061,0.2794027839417175,NA
hsa-miR-18a-5p,161.36859629952687,-0.05049792764134539,0.6478277106073316,0.839962303701894,0.971956379997906
hsa-miR-1269a,94.35606513836028,3.8536874729593964,1.6954175201109491,5.0542800300750886e-5,0.0011892535137862207
hsa-miR-4760-5p,0,0,4.798919838313277,NA,NA
hsa-miR-1269b,44.50858935870747,23.114238207499415,2.995272093896748,NA,NA
hsa-miR-3664-5p,0.2996229448955881,0.12848709087287538,0.8647815044032711,0.5648121055388106,NA
hsa-miR-9-5p,733653.2603394482,0.20358657087654256,0.48254683817896377,0.4297180889533914,0.743572179752087
hsa-miR-6837-3p,0.9727263565020422,-0.3835063599949488,1.0025088903466306,0.16918191615504646,NA
hsa-miR-1271-5p,544.9317293782095,0.2737905411799245,0.41400026333084294,0.27439415256089444,0.6101234686354006
hsa-miR-21-5p,107707.56609847448,0.35920997717384867,0.6153372852545548,0.21700820222501405,0.5280843376033604
hsa-miR-122-5p,131.79588987690562,1.204682425208707,1.2278994512608286,NA,NA
hsa-miR-1296-5p,1399.5551104757337,0.1747358346249794,0.4146309746683966,0.4749617300431514,0.7687941966734493
hsa-miR-7114-3p,0,0,4.798919838313277,NA,NA
hsa-miR-1295a,2.6214410133181767,-1.382333240662626,1.6904223480946103,0.009635572716723521,NA
hsa-miR-3529-5p,1.639817974948703,-0.34889238746105294,0.8203208246399764,0.22168474573289584,NA
hsa-miR-3130-3p,0,0,4.798919838313277,NA,NA
hsa-miR-142-3p,0,0,4.798919838313277,NA,NA
hsa-miR-665,2.746523925790291,0.15364719773340263,0.7143588874198735,0.5440561551914842,NA
hsa-miR-4511,4.94283719573972,-0.24103409233848772,0.9136315617499643,0.32546852457597036,0.6429987924549658
hsa-miR-98-5p,16657.17095817451,-0.3572672440863839,0.41867939397096626,0.16474087640113239,0.4426923076750809
hsa-miR-374c-3p,24.84459456253373,-0.014785525807624062,0.5251274989886197,0.9531408254250038,0.983942613026806
hsa-miR-2355-3p,38.09837071213646,-0.21141160607382464,0.7550299458461045,0.4141832089989019,0.7368320916462245
hsa-miR-452-5p,0,0,4.798919838313277,NA,NA
hsa-miR-3164,2.4170658486313927,0.1767814642553452,0.7400656847760154,0.48597202889440694,NA
hsa-miR-1179,101.88397718237061,0.35294963855774947,0.6309396865418152,0.22558495974192896,0.5407813697943519
hsa-miR-448,69.34900382554532,0.2129659672792367,0.7272135135380389,0.4180352658409947,0.7383987405976449
hsa-miR-136-3p,1195.4956297404835,0.09676202190919922,0.7694042720710177,0.6791994632905712,0.9033665530316637
hsa-miR-103a-3p,25749.034873102606,0.11540718126977328,0.8283524834781043,NA,NA
hsa-miR-548ad-5p,55.5253291661397,0.03262466446931379,0.7985959028237708,0.8826586238861258,0.983942613026806
hsa-miR-6499-5p,57.71971747284335,8.673165825279309,2.7476089205227074,1.6850583641271603e-5,4.15403518460913e-4
hsa-miR-548x-3p,0,0,4.798919838313277,NA,NA
hsa-miR-302a-5p,0,0,4.798919838313277,NA,NA
hsa-miR-5193,2.7044957380091184,-1.2667922040245836,1.6655160163307363,0.012398794576078903,NA
hsa-miR-3193,0,0,4.798919838313277,NA,NA
hsa-miR-933,2.983271207680256,0.3664997389707327,1.0426688778295743,NA,NA
hsa-miR-181b-5p,35726.83325843362,-0.5827893404005294,0.594762938743538,0.06669567164005213,0.26605925730697216
hsa-miR-301a-5p,160.3403642227389,0.9982704815631259,0.5932541886570277,0.006245756907066136,0.07176939559311304
hsa-miR-18b-5p,0,0,4.798919838313277,NA,NA
hsa-miR-3155b,0.3443520070697686,0.14609704465317072,0.8759365666004987,0.5170574490557578,NA
hsa-miR-208b-3p,0.8777071859708243,0.048974442233561115,0.8202648721631076,0.8222967708645038,NA
hsa-miR-1287-5p,230.7635424501346,-0.0979892593776854,0.4456444400713294,0.690274539195971,0.9060105369669341
hsa-miR-518b,2.0264421467037237,-0.20024696915848533,0.785652516919827,0.4261225351674441,NA
hsa-miR-3059-5p,346.94378553044373,-0.471267165148046,0.8345753685861873,0.1360955335080625,0.39982470206772763
hsa-miR-6832-3p,0.5944748820249569,0.03014551471512839,0.8208273279145023,0.8892970062404062,NA
hsa-miR-486-5p,61602.88879893898,-3.203037378794944,1.9096968544469424,3.196587594062316e-4,0.006249879882183907
hsa-miR-3167,10.726340726685962,-0.2788766389935259,0.5482302048987763,0.30814139212539865,0.6274136614411353
hsa-miR-664b-3p,49.25627005545587,-0.14107453165159378,0.3745366118866859,0.5481271674654544,0.8157168082753613
hsa-miR-412-5p,166.6101465578196,-0.7205205729536139,0.7777048942264393,0.04863929672200641,0.2419165021173477
hsa-miR-3128,5.776965283069138,-0.020620467080715094,0.6605344505997348,0.9335674857531487,0.983942613026806
hsa-miR-6888-3p,2.2338859669581757,0.09399291457923999,0.6966868611521879,0.7037975173644387,NA
hsa-miR-10527-5p,24.247738313900857,-0.26816884509408606,0.7805077625293076,0.3188368204850558,0.6320995706819114
hsa-miR-4423-5p,1.450129452348623,0.040238732214049916,0.7425195249462504,0.863221516076216,NA
hsa-miR-30a-5p,83305.18650685254,0.02207437097096369,0.3620610714301529,0.9233931700256905,0.983942613026806
hsa-miR-548av-5p,162.06217190318512,0.22735291669416524,0.4745408233641688,0.3792401760784902,0.7045413665311644
hsa-miR-210-3p,975.3672595800671,1.0364410891434679,0.7014225855151319,0.009234057228218724,0.09370959269888256
hsa-miR-6885-3p,3.0727093026762278,0.01636508792722736,0.6844338554483481,0.9464787073626115,NA
hsa-miR-200c-3p,128.78959562801916,-0.1906238086774459,0.49857996516929826,0.46150964029642266,0.7616167644949383
hsa-miR-526a-5p,0.3329958008646637,-0.13257710231966266,0.8675860388126726,0.553332101552302,NA
hsa-miR-4470,6.197514810461815,-0.24198219951429387,0.5347186280717275,0.366598693439334,0.6951888266893056
hsa-miR-192-5p,7052.683344657324,0.27568725865871124,0.4502273030276561,0.285625687324836,0.6181288729510763
hsa-miR-12125,0,0,4.798919838313277,NA,NA
hsa-miR-495-3p,4401.1749060427,-0.17733117911459503,0.4005346568899202,0.4636105494068419,0.7616167644949383
hsa-miR-20a-5p,19898.007550544233,0.4501378674609612,0.6442985223444194,0.14308546692325155,0.4067316724290928
hsa-miR-628-5p,0,0,4.798919838313277,NA,NA
hsa-miR-4682,0,0,4.798919838313277,NA,NA
hsa-miR-378a-3p,13336.594303651622,0.5209465390558943,0.6274129741715804,0.09866164050563442,0.3274037664520827
hsa-miR-2682-5p,0,0,4.798919838313277,NA,NA
hsa-miR-3611,1.8002489256023988,0.39193687180755266,1.1538303775509418,0.15626787594580974,NA
hsa-miR-548au-3p,229.93017092501765,0.26293827030256045,0.4581227554716125,0.30939068442316914,0.6274136614411353
hsa-miR-130a-3p,1217.914016958479,1.9680598416594264,0.6828775949896316,1.0162963418412608e-4,0.002134222317866648
hsa-miR-4524a-5p,4.042280735202081,-0.6090385132710561,1.4897125096320059,NA,NA
hsa-miR-3179,5.743997853920813,-0.32211154952396903,0.7687706125103065,0.25609454041071006,0.5826070226321968
hsa-miR-9902,0,0,4.798919838313277,NA,NA
hsa-miR-1273c,3.701166971284766,-0.22086053521606372,0.8880568340185212,0.36210189524038855,NA
hsa-miR-934,0,0,4.798919838313277,NA,NA
hsa-miR-374b-5p,12571.669636901417,-0.006982358567357989,0.3879433334854376,0.9762528497484902,0.986694056697672
hsa-miR-148b-3p,23633.59425010281,0.06918338442118221,0.26710089318847463,0.7335543681841954,0.926337030646857
hsa-miR-6755-5p,0.6889764679406005,-0.03757873782129564,0.8202474559342069,0.8626085446269198,NA
hsa-miR-502-3p,643.3210462127646,0.07573806138651333,0.4401294725779718,0.756516016711708,0.9387796638257425
hsa-miR-4429,6.441913398804498,0.14907012920923238,0.7923716216563561,0.5328224215691815,0.8157168082753613
hsa-miR-548ae-5p,94.10439411707124,-0.17266336533193435,0.8660924893261449,0.4582391417302665,0.7616167644949383
hsa-miR-1247-5p,0,0,4.798919838313277,NA,NA
hsa-miR-3944-5p,0,0,4.798919838313277,NA,NA
hsa-miR-5006-3p,5.888090130562761,-0.11952970019381576,0.5078050350974836,0.6385836446249099,0.8854821983717537
hsa-miR-4755-5p,2.62727348725726,0.12188485777373917,0.7684475601996141,0.6089347669022074,NA
hsa-miR-103a-1-3p,64184.37521833212,-0.3766238388151314,0.3111870213899978,0.09360013283041653,0.32308881012653934
hsa-miR-3175,0.1667485833034589,-0.08359876647216843,0.8424737620384914,0.7019514607911306,NA
hsa-miR-1283,2.3146813541348585,-0.22793717478693457,0.8076986188580434,0.3714100284917197,NA
hsa-miR-4640-3p,5.165559749849489,-0.18065178991888112,0.637284172635703,0.4948814104775048,0.7837926249741487
hsa-miR-3922-3p,4.593187334704729,-0.24878095875648176,0.7810695829258518,0.3462085259245536,NA
hsa-miR-4474-3p,5.416054365000774,0.22287894369334965,0.6749804894408995,0.40851366156078395,0.7331444025800041
hsa-miR-664b-5p,0,0,4.798919838313277,NA,NA
hsa-miR-935,298.37178851546236,-0.33993071911095946,0.6554909328120727,0.24188489349506315,0.5629295550316409
hsa-miR-30b-5p,14270.001335027366,0.00507592557735171,0.3281655398180328,0.9817378227431447,0.9900719579179309
hsa-miR-7706,105.88956336585073,1.1692650105154387,1.108670866614633,0.013300937811231043,0.10773759627097144
hsa-miR-11400,10.841392033441121,-1.9486477570055265,2.7452460366944136,0.006578210856524005,0.07313422658135511
hsa-miR-892c-3p,0.4974788062322573,0.03530940865366471,0.8240354635900484,0.8703336318063385,NA
hsa-miR-5196-3p,4.590628395580266,-0.2878889069012062,0.7015424894583412,0.3050022876803755,NA
hsa-miR-4763-5p,0.44473534115476065,-0.026277816999482444,0.8239954211191121,0.903078913074011,NA
hsa-miR-5002-5p,9.643406428644834,-0.049902595000254395,0.7170820554897146,0.8349029020224231,0.971956379997906
hsa-miR-323a-3p,6725.9941479361005,-0.10461822428985507,0.45790065444234823,0.6730394173720518,0.9021592190306226
hsa-miR-888-5p,7.196408531590565,0.5502646132233384,0.8624774460506283,0.0999223298624887,0.3274037664520827
hsa-miR-760,388.6232191634362,-0.7291167237954114,0.6142972533504272,0.0317362063606131,0.18941504217334346
hsa-miR-6815-5p,1.507413909392421,-0.2328788202991176,0.8993369998667713,0.34054008639085775,NA
hsa-miR-370-3p,7145.1864498419145,-0.21540376636701625,0.49589632806317924,0.4085954695154873,0.7331444025800041
hsa-miR-339-5p,819.3427084665027,0.07367863131611688,0.3239562978203407,0.7390796523206442,0.9312403619240117
hsa-miR-4501,0.38874578387990133,-0.1519187338500145,0.8799502703038996,0.5020411970099496,NA
hsa-miR-205-5p,26.291144415288827,-0.676959697422666,1.1453756200096246,0.057325371391985194,0.24823896526190461
hsa-miR-1266-5p,3.4879339447079416,-0.045484318116243115,0.7608218622130203,NA,NA
hsa-miR-3117-3p,111.67087523573649,-0.18046871779799065,0.44528419624444454,0.4710349536453947,0.7652630908794809
hsa-miR-22-3p,11957.643499572578,-0.423991730908152,0.507517572548673,0.13389345452190687,0.39625141164822913
hsa-miR-302d-3p,7.712923323627943,0.06922488494714593,0.6129998860522972,0.7851138151122793,0.9511955836937229
hsa-miR-4798-5p,0,0,4.798919838313277,NA,NA
hsa-miR-3173-5p,21.573413470689253,-0.010105214936471681,0.43807199148589315,0.96679234088517,0.983942613026806
hsa-miR-6715a-3p,1.814033397879688,0.3937817735396669,1.1565220100357538,0.15504225640768426,NA
hsa-miR-548ag,5.926207948220741,-0.15964917981934154,0.6787958379937901,0.5371165366824457,0.8157168082753613
hsa-miR-526b-5p,1.9165809787011074,0.13119209827945108,0.6426990321801922,0.6108576508243503,NA
hsa-miR-590-3p,278.69383441722005,0.07035594681729014,0.4273122630453317,0.7714186473248541,0.9418427199228945
hsa-miR-3187-3p,0,0,4.798919838313277,NA,NA
hsa-miR-3120-5p,0,0,4.798919838313277,NA,NA
hsa-miR-4791,1.5113356127476856,0.03764002981599974,0.8105818241520507,0.8635206105381165,NA
hsa-miR-488-3p,531.9868011516343,-0.3757546516856068,0.5299155292451486,0.18273105400509723,0.4768322032886291
hsa-miR-363-3p,7219.100960134653,-0.37506465774131476,0.5537412567596081,0.18928035099887902,0.48782708643802
hsa-miR-200b-3p,225.64712810965324,-0.6727608324986822,0.7345750849202228,0.05641309635655596,0.24823896526190461
hsa-miR-615-3p,0,0,4.798919838313277,NA,NA
hsa-miR-873-5p,136.32572564654626,24.66838863211736,2.8519503459754802,NA,NA
hsa-miR-6881-3p,3.8944071890218184,-0.2261867023349952,0.7557538102068162,0.3882707112484927,NA
hsa-miR-642b-5p,1.6713965425120154,-0.37411504090282344,1.1279565995832304,0.16881147716972023,NA
hsa-let-7a-5p,302114.4952574439,0.13904584238192746,0.35910700026925585,0.5478586142619739,0.8157168082753613
hsa-miR-4536-5p,2.1889352456762876,-0.06212885469717951,0.6328093502857106,0.8053715020771365,NA
hsa-miR-133b,80.53143660836261,-0.39714637356739935,0.5064922381805899,0.15607056358543298,0.42447305886954984
hsa-miR-6715b-3p,0.12249335561218429,-0.06980524766123042,0.8371469421296757,0.7481588900719816,NA
hsa-miR-744-5p,4854.44079086055,-0.6252245861566529,0.4990140034622207,0.0369747811498846,0.2055362834508291
hsa-miR-891b,0,0,4.798919838313277,NA,NA
hsa-miR-5680,9.187643843386665,-0.41611459741872425,0.8388080881088317,0.16787651115206062,0.44688254377097825
hsa-miR-5688,0.24498671122436858,-0.11158386195355653,0.855759549650753,0.6138416064299741,NA
hsa-miR-493-5p,0,0,4.798919838313277,NA,NA
hsa-miR-5586-5p,4.261798261873752,-0.04767642812709576,0.6947015876212038,0.8446922984849493,NA
hsa-miR-3143,8.170469171573302,-0.7040340820005541,1.491175310497145,0.05215309915068594,0.24823896526190461
hsa-miR-483-5p,0,0,4.798919838313277,NA,NA
hsa-miR-24-1-3p,23436.63298336504,-0.010087644009495734,0.36084830288938097,0.9649018879453899,0.983942613026806
hsa-miR-3910,3.1027216799332833,0.5275543398526128,1.3612193359844313,0.09277460755841757,NA
hsa-miR-656-3p,746.1920103998592,0.11177545266080842,0.4392274494921563,0.6489704238643041,0.8873913655868704
hsa-miR-505-3p,871.0421105980575,0.8400564700771059,0.6784602517007383,0.022191426793305963,0.15286130103313547
hsa-miR-3148,2.338284690068323,0.45179464688075455,1.2434223526456412,0.12240049155532612,NA
hsa-miR-556-5p,0,0,4.798919838313277,NA,NA
hsa-miR-3937,1.1590134910551355,-0.08178847103520355,0.827808466983745,0.7107821572331171,NA
hsa-miR-4444,1.1040133690280096,-0.29530993732346644,1.0219525078956315,0.24311900286135116,NA
hsa-miR-1910-5p,0.779678137834585,-0.012817512900309497,0.8152451113220187,0.9528790897351508,NA
hsa-miR-6721-5p,2.3746118022293574,-3.379680757839272e-4,0.7932324979340561,0.9987807878444463,NA
hsa-miR-4684-3p,12.544044061777482,0.4665267232508909,0.8886765728408502,0.13418037219834214,0.39625141164822913
hsa-miR-181a-5p,169864.2857236966,-0.7137570660531267,0.6100675669783493,0.03402183120265413,0.19751893986894545
hsa-miR-6762-3p,1.2079575400066744,0.31586759205538745,1.048352183102385,0.22027665964020093,NA
hsa-miR-146b-5p,18091.215670851736,-0.26124027606687805,0.4522102730627603,0.31022167978302406,0.6274136614411353
hsa-miR-5683,99.78842100794378,1.7071555767905262,0.957655615597997,0.0017172681797837143,0.02781974451249617
hsa-miR-4650-3p,0.22199720057644243,-0.08500384483059753,0.8430406333946373,0.697345392708236,NA
hsa-miR-484,2802.5505310597305,0.10858098698371806,0.39773982863133667,0.6487425691846282,0.8873913655868704
hsa-miR-767-5p,0,0,4.798919838313277,NA,NA
hsa-miR-523-3p,6.583717338647774,-0.899001921832915,1.1548487637774734,0.029692647838235324,0.18500803653054318
hsa-miR-4753-3p,0,0,4.798919838313277,NA,NA
hsa-miR-99a-5p,432992.5919865611,0.5766110697799895,0.6180716107363069,0.07276530686643921,0.28066618362769413
hsa-miR-1193,0.2721050096819532,0.12046486401260911,0.8602320486552297,0.5877106720330765,NA
hsa-miR-9903,9.334637983743637,0.24544118845388746,0.9359124125768774,0.315246536588269,0.6293830501603821
hsa-miR-652-3p,3777.9299152587387,-0.5225599280562954,0.6090971668350544,0.09483055976439074,0.32308881012653934
hsa-miR-4479,0,0,4.798919838313277,NA,NA
hsa-miR-6877-5p,5.383632071029915,-0.3513748422728869,0.7748433071573511,0.22604089001986136,0.5407813697943519
hsa-miR-504-5p,1689.522237088287,-0.20910906802238363,0.6382333470540215,0.4366679565773885,0.7502749435738766
hsa-miR-499a-5p,766.2640811399385,-0.649670683130553,0.6039915717552178,0.04744692144725478,0.2419165021173477
hsa-miR-378d,73.2776087794059,23.789648297095383,2.9953480920910858,7.756086112047333e-16,3.997909841391671e-14
hsa-miR-3685,0.19974862993039205,0.08448784305098349,0.843186872131815,0.6989634750750067,NA
hsa-miR-10a-5p,610.2067651755709,0.33251119765287857,0.5773418287013986,0.2408512877558526,0.5629295550316409
hsa-miR-190a-5p,294.88738141583576,-0.5608631250723636,0.5674695054424018,0.07020796835755552,0.2745373659223033
hsa-miR-514b-3p,0.2760033422570024,-0.08500384483059753,0.8430406333946374,0.697345392708236,NA
hsa-miR-1275,0,0,4.798919838313277,NA,NA
hsa-miR-6741-5p,0,0,4.798919838313277,NA,NA
hsa-miR-4639-5p,0,0,4.798919838313277,NA,NA
hsa-miR-3115,8.683988604388622,0.5911440491278387,0.8359430844314539,0.08581920766809688,0.3102365139620494
hsa-miR-6780b-3p,5.146759654634944,0.0751282627453011,0.5611606816722623,0.768217429328493,0.9418427199228945
hsa-miR-585-3p,63.467812886355816,0.9471827669314271,0.7874452761867331,0.018660588927982422,0.13680178332366008
hsa-miR-675-5p,102.21757786726175,24.247679220690213,2.963556605751054,NA,NA
hsa-miR-2115-5p,1.2473784673188124,0.0015775500803776857,0.8086750748688459,0.9942268844265759,NA
hsa-miR-4687-3p,0.12249335561218429,-0.06980524766123042,0.8371469421296757,0.7481588900719816,NA
hsa-miR-132-5p,0,0,4.798919838313277,NA,NA
hsa-miR-1229-3p,22.09221190549443,-0.11310878416780393,0.587553763316189,0.6609295927436654,0.8965241126451154
hsa-miR-155-5p,1834.211178306998,0.005267684784393213,0.4860397040568621,0.9830873232941711,0.9900719579179309
hsa-miR-1289,0,0,4.798919838313277,NA,NA
hsa-miR-6788-3p,1.0724323856645477,-0.05051365505136258,0.7914469717841858,0.8214581847330558,NA
hsa-let-7g-5p,277082.03087444085,-0.23458973325438015,0.31191988126097653,0.28888772977870686,0.6228111892947787
hsa-miR-561-5p,1.7411003117191142,-0.04555797924123289,0.7935842692981118,0.8381046436465585,NA
hsa-miR-186-5p,15318.477664491078,0.06696397550010248,0.4144260039242466,0.7802399119422994,0.9473148395530702
hsa-miR-574-3p,914.4853720727252,-0.3324180313142914,0.570793580619747,0.23972847192814653,0.5629295550316409
hsa-miR-3152-5p,0,0,4.798919838313277,NA,NA
hsa-miR-4460,0,0,4.798919838313277,NA,NA
hsa-miR-199a-3p,15078.473638095418,0.7757102889047138,0.8911256946701868,0.04346854620006116,0.2336431239413037
hsa-miR-527,0,0,4.798919838313277,NA,NA
hsa-miR-6809-5p,0,0,4.798919838313277,NA,NA
hsa-miR-27a-3p,14473.84523173629,0.027825311134634496,0.3728360403356354,0.90445033540658,0.983942613026806
hsa-miR-6737-3p,7.204391024440288,-0.01302230694824998,0.5928375066285014,0.958888143025122,0.983942613026806
hsa-miR-3622b-3p,0,0,4.798919838313277,NA,NA
hsa-miR-487a-3p,430.08375281824976,-0.08855631385326408,0.35254985437841435,0.6983010777760902,0.9122965693526339
hsa-miR-188-5p,0,0,4.798919838313277,NA,NA
hsa-miR-378e,15.969320828664856,1.5328975398660918,1.0294369807959876,0.0037728914849135308,0.048618851635135726
hsa-miR-125a-5p,33813.67401091953,0.22262863313482006,0.4438815761562363,0.3789250056166185,0.7045413665311644
hsa-miR-885-5p,0,0,4.798919838313277,NA,NA
hsa-miR-516b-5p,10.363205068833416,-0.0651773425601055,0.49043668098696874,0.794390488225448,0.9544015770770039
hsa-miR-6861-5p,0.2721050096819532,0.12046486401260911,0.8602320486552297,0.5877106720330765,NA
hsa-miR-5584-3p,0,0,4.798919838313277,NA,NA
hsa-miR-424-3p,199.891941552326,-0.9930366110806476,0.734782653502249,0.012949715726199143,0.10641288140224513
hsa-miR-5100,0,0,4.798919838313277,NA,NA
hsa-miR-6507-5p,39.03300460039776,0.7161953290925361,1.189452400044036,0.0501666902252225,0.2473435944147927
hsa-miR-338-5p,0,0,4.798919838313277,NA,NA
hsa-miR-548ap-5p,8.599482219479324,-0.96949257007304,2.0325024455308873,0.03059839688276649,0.18655151647880214
hsa-miR-1284,4.686951470438553,-0.055317542507953336,0.7035009855219175,0.8194577198517924,NA
hsa-miR-331-3p,0,0,4.798919838313277,NA,NA
hsa-miR-4326,66.71738102689564,-0.05317494330032705,0.8042125773349053,0.8102766870219598,0.963159080799688
hsa-miR-4762-3p,0.6439028055154778,0.07836158239207693,0.8117928691924154,0.7252395626436233,NA
hsa-miR-4781-3p,0,0,4.798919838313277,NA,NA
hsa-miR-3688-3p,45.66577629559033,-0.9527490718072009,1.0475609144311295,0.025259569198369258,0.16563454668836464
hsa-miR-6515-3p,0,0,4.798919838313277,NA,NA
hsa-miR-373-3p,2.5403806630635644,-0.5153948049272506,1.047472143973537,0.10145542965470297,NA
hsa-miR-3160-3p,0.23531772543357646,-0.08500384483059749,0.8430406333946374,0.697345392708236,NA
hsa-miR-581,2.2950789439665367,0.029831507277685604,0.6810432940049038,0.9029788392193419,NA
hsa-miR-4504,4.192364767192903,-0.42404069717182724,1.1096321623230456,0.1383331153641071,NA
hsa-miR-6508-3p,1.6202517112885333,-0.3774590399872043,0.9075807207438532,0.18475117917010342,NA
hsa-miR-6516-3p,0,0,4.798919838313277,NA,NA
hsa-miR-6871-3p,0.1667485833034589,-0.08359876647216843,0.8424737620384914,0.7019514607911306,NA
hsa-miR-320c,521.9423260127969,1.2733932466019127,0.9155656166908402,0.00708144627457581,0.07575811391857518
hsa-miR-450a-5p,256.3212457124234,-0.35958590926657397,0.5245695041384126,0.1980480196749119,0.5058253475480857
hsa-miR-96-5p,3487.489589145897,0.6002094798726281,0.9647832359715918,NA,NA
hsa-miR-6827-5p,0,0,4.798919838313277,NA,NA
hsa-miR-6770-5p,5.530597995769752,-0.07911773758807746,0.5177596767834273,0.7545238992391174,0.9387796638257425
hsa-miR-5001-3p,30.502430145118858,-0.2516129608431318,0.41056301311997057,0.3109408635205028,0.6274136614411353
hsa-miR-24-3p,23334.30391934963,-0.010477668898752032,0.36048694923919844,0.9635339003907527,0.983942613026806
hsa-miR-34a-5p,1962.097524281882,0.3675235057608708,0.5743904168192413,0.20137650917695307,0.5096778752243739
hsa-miR-154-5p,199.73964582338698,0.08523670510336274,0.3660145668979386,0.7125531480506576,0.9182218976016429
hsa-miR-4745-5p,0.2721050096819532,0.12046486401260911,0.8602320486552297,0.5877106720330765,NA
hsa-miR-4717-3p,0.12249335561218429,-0.06980524766123042,0.8371469421296757,0.7481588900719816,NA
hsa-miR-26a-5p,687872.8626205918,0.13226197827355612,0.34284709631528015,0.5605542794587416,0.821277200137226
hsa-miR-1292-5p,26.04134781048233,-0.2178066240147313,0.692127174345824,0.41558032763003905,0.7368320916462245
hsa-miR-361-3p,0,0,4.798919838313277,NA,NA
hsa-let-7e-5p,21360.32315132768,0.1424324358343585,0.37461468424093486,0.5443993152511241,0.8157168082753613
hsa-miR-4707-5p,0,0,4.798919838313277,NA,NA
hsa-miR-7111-3p,2.5330114899829113,-0.03474034102468871,0.689625842861477,0.886567298409439,NA
hsa-miR-181d-5p,6403.0324259432155,-0.01083764566272586,0.4533754832204238,0.9646882174763204,0.983942613026806
hsa-miR-5004-3p,5.647986933528762,-0.18874670201328508,0.7001287362594777,0.47020965405192217,0.7652630908794809
hsa-miR-1251-5p,19.143291800015913,0.01694117756041256,0.6384477437238051,0.9459286802026075,0.983942613026806
hsa-miR-1293,0,0,4.798919838313277,NA,NA
hsa-miR-223-3p,6487.4861009623555,-5.5609766055891425,1.823449443946126,NA,NA
hsa-miR-4679,10.596146189853991,0.2392051453677346,0.8789349288141237,NA,NA
hsa-miR-372-3p,23.190436490825757,-0.23492430556810745,0.5787813151802871,NA,NA
hsa-miR-328-3p,5842.77222442752,-0.5851432944107138,0.6138922832823794,0.06892925188952918,0.27140892931502114
hsa-miR-545-3p,0,0,4.798919838313277,NA,NA
hsa-miR-4654,0,0,4.798919838313277,NA,NA
hsa-miR-541-3p,0,0,4.798919838313277,NA,NA
hsa-miR-642a-5p,0,0,4.798919838313277,NA,NA
hsa-miR-548ba,56.866902811982655,-0.022818760102012198,0.6055271198993178,0.9279312631849885,0.983942613026806
hsa-miR-6770-3p,5.530597995769752,-0.07911773758807746,0.5177596767834273,0.7545238992391174,0.9387796638257425
hsa-miR-1294,9.044839482192707,-0.3567284958559172,1.0600428579226417,0.18419696906843538,0.4768935226566341
hsa-miR-496,26.417649010751916,-0.26138670857709206,0.6541910324357602,0.34544152506465353,0.6728046814081738
hsa-miR-4688,0.1667485833034589,-0.08359876647216843,0.8424737620384914,0.7019514607911306,NA
hsa-miR-7854-3p,2.735751480369006,-0.024110858246540356,0.800674830115254,0.9127970609694867,NA
hsa-miR-33b-5p,0,0,4.798919838313277,NA,NA
hsa-miR-6798-3p,10.660846297279543,-0.017805932910045365,0.47822542259967804,0.9427102621200858,0.983942613026806
hsa-miR-4662b,0.22199720057644243,-0.08500384483059753,0.8430406333946373,0.697345392708236,NA
hsa-miR-3180,0.8419038482394828,0.2511467382551576,0.970088237332263,0.30250448312615846,NA
hsa-miR-206,171.79658676489345,2.245264415469386,1.9980262049145963,0.0021024416180880487,0.03137064203831378
hsa-miR-1911-5p,30.455762789916157,1.3406288567178746,1.7904355259168023,NA,NA
hsa-miR-1305,2.411720273434219,0.33735599374993003,0.9879079109593498,0.20557981235459116,NA
hsa-miR-32-5p,932.1296372318956,0.08047314268791939,0.4759716948952182,0.7466795250965874,0.9387301346557985
hsa-miR-499b-5p,0,0,4.798919838313277,NA,NA
hsa-miR-365a-3p,686.7080565819311,-0.39184730585682565,0.4822034544434757,0.15352201102768684,0.42255815656649726
hsa-miR-217-5p,10758.376654941407,8.930671346461068,0.8815812161987086,3.0713616753968204e-24,8.707310349749985e-22
hsa-miR-552-3p,0,0,4.798919838313277,NA,NA
hsa-miR-4772-5p,0,0,4.798919838313277,NA,NA
hsa-miR-4662a-5p,11.128102379247801,0.3583601096018798,0.6084169753746337,0.21690512905399043,0.5280843376033604
hsa-miR-769-5p,14039.63514002151,-0.9520918973879252,0.7010895129022549,0.013869208169041814,0.11075832439220716
hsa-miR-4787-3p,36.66500101594576,-0.20850757148345736,0.4387456441461474,0.4063491232307575,0.7331444025800041
hsa-miR-3180-3p,9.554363702431056,-0.21151372329615464,0.6677376211864348,0.4301440475461808,0.743572179752087
hsa-miR-6786-3p,0.7467195750906401,0.023007982892329713,0.8172418161830594,0.9155130040777165,NA
hsa-miR-345-5p,1595.19526987203,1.3261202171262976,0.6092506427442177,0.0011559151282989958,0.02048137117954783
hsa-miR-654-3p,1938.6679891591916,0.4902590114591739,0.5270513980470048,0.09499861512230556,0.32308881012653934
hsa-miR-4742-3p,17.728874762136087,-0.23738703849099582,0.4203969625089232,0.3413770552851256,0.6697605202306789
hsa-miR-374a-5p,4417.406126007909,0.10885448513168701,0.40394402548659014,0.6495016167875682,0.8873913655868704
hsa-miR-1301-3p,797.9056562257609,-0.45009332731532886,0.4044774793578107,0.0824814623611767,0.3076775602551789
hsa-miR-3617-5p,0,0,4.798919838313277,NA,NA
hsa-miR-324-5p,724.273635233481,-0.23127024805304336,0.3858741287823514,0.33838018006893433,0.6661859795107145
hsa-miR-130b-5p,0,0,4.798919838313277,NA,NA
hsa-miR-544b,3.261050205695598,0.5426226615612154,1.3849465327151518,NA,NA
hsa-miR-518d-5p,0.3329958008646637,-0.13257710231966266,0.8675860388126726,0.553332101552302,NA
hsa-miR-19b-2-3p,3268.874252698841,-0.12043174522639247,0.541580950201455,0.639504155294281,0.8854821983717537
hsa-miR-145-5p,4815.410807034419,-0.039894377297025545,0.424878186728492,0.8685755738270291,0.9829987033132245
hsa-miR-4667-3p,0,0,4.798919838313277,NA,NA
hsa-miR-7-5p,409671.49601740635,-0.2282159615293912,0.5955305085161523,0.39983628907177043,0.7266255637938905
hsa-miR-532-5p,8392.827591326677,0.7761171731503345,0.6555038655167642,0.02844503751281141,0.17920373633071188
hsa-miR-1908-5p,13.815435882406037,-0.23543792325932456,0.5424781568169204,0.37989948818542024,0.7045413665311644
hsa-miR-607,0,0,4.798919838313277,NA,NA
hsa-miR-302b-3p,13.084349871743079,0.20374255960322277,0.6153811396685508,0.4475032444112132,0.7532856013771445
hsa-miR-4794,0.5261262172121908,-0.18835153127817594,0.908012391558895,0.4168302796156915,NA
hsa-miR-1185-5p,77.05457590427737,0.22623494290323104,0.5077821171639278,0.39006340906588954,0.7180712757803875
hsa-miR-550a-3-5p,45.488490835839734,0.050863586711666735,0.47541514431136966,0.8375413960186007,0.971956379997906
hsa-miR-2276-3p,0,0,4.798919838313277,NA,NA
hsa-miR-6861-3p,1.1895549666462348,0.13773049660458953,0.7668750191758525,0.5683591713308545,NA
hsa-miR-3130-5p,0.2760033422570024,-0.08500384483059753,0.8430406333946374,0.697345392708236,NA
hsa-miR-1262,6.888805424497787,-0.06179630861037927,0.7136946490655315,0.7976404822583811,0.9544015770770039
hsa-miR-425-5p,4344.26040126137,-0.40422959677624964,0.5044382374308992,0.14925252285498017,0.41687773625011704
hsa-miR-1303,0,0,4.798919838313277,NA,NA
hsa-miR-2115-3p,4.202385648766065,-0.24750999148478753,0.7757438832426771,0.3494261470998331,NA
hsa-miR-1270,19.543849551444936,0.09597703388091686,0.5544368688552811,0.7077186444741541,0.9182218976016429
hsa-miR-204-5p,11226.287310224678,2.103280374720416,0.8288730741601713,2.0804967746231568e-4,0.004213005968611893
hsa-miR-3085-3p,57.62533585708211,-0.10516653314660354,0.5575773876439488,0.6820761900672148,0.9035915882432495
hsa-miR-187-3p,151.54651774755678,-0.020211793694918625,0.507490137795053,0.9356886085475189,0.983942613026806
hsa-miR-4659a-3p,13.390474278665423,0.22904973513777188,0.6616598660726025,0.398642049878489,0.7266255637938905
hsa-miR-195-5p,2697.1063108160297,0.7273470442895459,0.6002191996548116,0.030439494300822868,0.18655151647880214
hsa-miR-101-2-3p,44347.179613112996,0.14248286663305185,0.38129418556087646,0.5466933481430493,0.8157168082753613
hsa-miR-27b-3p,182192.42500615818,0.01687962147336671,0.4287143897211517,0.9442556512137719,0.983942613026806
hsa-miR-1288-3p,3.1970426547733024,-0.2362052324762454,0.6493366044967448,0.38675565749798413,NA
hsa-miR-494-3p,1647.8278714999844,0.2586799180539489,0.45741273373572605,0.3164120420027908,0.629493430931868
hsa-miR-337-5p,83.49825241370422,0.43979993779275955,0.4703159950396018,0.11117463847270893,0.3506111172514801
hsa-miR-137-3p,1203.5938154182945,-0.4939052697121805,0.6998623947471089,0.12215049546183057,0.372361994230419
hsa-miR-31-5p,178.9456203661427,-0.43898527773362195,0.5973957513796224,0.1434679620561174,0.4067316724290928
hsa-miR-3140-3p,0,0,4.798919838313277,NA,NA
hsa-miR-3171,0,0,4.798919838313277,NA,NA
hsa-miR-378f,0.8419038482394828,0.2511467382551576,0.970088237332263,0.30250448312615846,NA
hsa-miR-29b-1-3p,3484.5518992265997,-0.579816199947427,0.5907052780803177,0.06710136471763142,0.26605925730697216
hsa-miR-219a-5p,680.2319227208696,-1.7960720055733272,1.2613514879345786,0.0025758846344930437,0.03744939968609117
hsa-miR-4636,1.6908956197283804,-0.1570469030698707,0.8343183351005469,0.5014904918435219,NA
hsa-miR-1278,40.65920807950111,0.1305766759308304,0.497226032430046,0.6074170507331388,0.8675200699387651
hsa-miR-539-3p,0,0,4.798919838313277,NA,NA
hsa-miR-490-3p,453.98056730295764,-0.7120621143481534,0.7989660415789627,0.051731203812433436,0.24823896526190461
hsa-miR-101-3p,43073.670619931756,0.1387703494398128,0.3802766212336549,0.5565913127669511,0.8175836122768425
hsa-miR-548s,9.552153420318271,1.1922737100543233,1.6057745660374219,0.01444768373627039,0.11377550942312932
hsa-miR-6849-3p,0.5257553468577374,0.193769747938803,0.9129537381194517,0.40535504098068653,NA
hsa-miR-320a-3p,11804.2293147487,0.019314689171787143,0.4572398989740341,0.9372540272106678,0.983942613026806
hsa-miR-340-5p,31317.229391830973,-0.1289383449417819,0.3969663373826735,0.5895614512753576,0.8514092478319281
hsa-miR-4652-5p,0,0,4.798919838313277,NA,NA
hsa-miR-6748-3p,0,0,4.798919838313277,NA,NA
hsa-miR-449c-5p,171.31851675675156,7.229792848378288,2.1553315224049934,5.229468503083284e-6,1.3477766551128282e-4
hsa-miR-134-5p,1351.5175967622558,-0.031533301827175564,0.3276078791591391,0.8869007909253861,0.983942613026806
hsa-miR-4795-5p,0,0,4.798919838313277,NA,NA
hsa-miR-326,447.13318848928304,-0.304261959235582,0.4156451587606842,0.22888453627908573,0.5452837481942925
hsa-miR-151b,3062.126952691326,-0.42468581742362804,0.525251093002159,0.13815999148324867,0.4010370433921597
hsa-miR-3681-5p,2.3802022988694818,-0.17282050525833428,0.8487105195634425,0.46240325313994696,NA
hsa-miR-3612,2.329234527320634,-0.6956646640229575,1.0860280336110382,0.05542175782705313,NA
hsa-miR-519b-5p,0,0,4.798919838313277,NA,NA
hsa-miR-92b-3p,10671.519097890352,0.1278564805088376,0.3946644010280404,0.59192948777352306,0.8518376131157045
hsa-miR-6774-5p,0.6735230785915863,0.21786288982723057,0.9353463657373479,0.3582481513621587,NA
hsa-miR-940,15.456803508177208,-0.16598987898912013,0.5361842423834238,0.5240752030425997,0.812831057272578
hsa-miR-1256,0.3062333890304607,-0.13093600130064717,0.8665952645234334,0.5578836034781547,NA
hsa-miR-376a-2-3p,264.33763149135183,0.28175663509903603,0.4390477286902489,0.271852599550871,0.6068520627769443
hsa-miR-653-3p,7.556978270236567,-0.20269466786522267,0.5958316432639432,0.449048559551102,0.7532856013771445
hsa-miR-15a-5p,1305.4297321753,-0.14611874606951353,0.5160814667113642,0.5698845701766762,0.8306543734965949
hsa-miR-95-3p,6744.291065435054,-0.7661353632285345,0.5640388189776078,0.020757132154864005,0.14847836203532605
hsa-miR-4646-3p,10.542818272952356,-0.03651456444890402,0.5623913621741163,0.8853960130014986,0.983942613026806
hsa-miR-148a-3p,70553.75415959707,0.5618179916711172,0.6552368742729902,0.08410727846536786,0.3096677070770362
hsa-miR-5687,0,0,4.798919838313277,NA,NA
hsa-miR-3913-5p,28.212291492900896,1.2162828959209975,1.197303450122073,0.012137812203648977,0.10120793410983779
hsa-miR-377-3p,0,0,4.798919838313277,NA,NA
hsa-miR-196a-5p,2.2064535695376684,-0.4342938223379096,1.2166641962743576,0.13114936349338036,NA
hsa-miR-3605-3p,70.6752352341898,0.09529543190521571,0.6151706522252416,0.7093990355433377,0.9182218976016429
hsa-miR-4783-3p,1.1250207629890414,-0.26768783947830627,0.8257833284387058,0.30856249352177406,NA
hsa-miR-3660,0,0,4.798919838313277,NA,NA
hsa-miR-6885-5p,0,0,4.798919838313277,NA,NA
hsa-miR-3684,1.1019264226232595,0.3019585055061809,1.0304885011967542,0.23541726693228615,NA
hsa-miR-518f-5p,0.22199720057644243,-0.08500384483059753,0.8430406333946373,0.697345392708236,NA
hsa-miR-578,5.340608970691879,0.48948571648805006,0.8632123247583731,0.12523674702034263,0.37770869979007593
hsa-miR-222-3p,6682.44031713284,-1.3216083179515015,0.9145043344679515,0.005915997273766457,0.06988271779636628
hsa-miR-3177-3p,43.52036618573023,0.214367256465085,0.4025923731260843,0.380389404322536,0.7045413665311644
hsa-miR-770-5p,0,0,4.798919838313277,NA,NA
hsa-miR-26b-5p,75656.85932281209,0.08305353761067372,0.3583493000989174,0.7176036300605066,0.920545833131917
hsa-miR-874-3p,1561.4995131119988,-0.27011593115728527,0.4486840259750804,0.2941041203416698,0.627173909790112
hsa-miR-597-5p,9.888939162299627,-0.5710944359233924,0.6996755520622873,0.08567379872652862,0.3102365139620494
hsa-miR-6774-3p,1.8199620342221654,0.0499487245972971,0.8006877933241147,0.8219065882166104,NA
hsa-miR-3923,0.3334971666069178,-0.1362862190741062,0.8698765799512923,0.5431558858597807,NA
hsa-miR-4647,0.20661120424186116,0.0990841137659871,0.849715101729678,0.652139591536963,NA
hsa-miR-219a-3p,55528.56874052674,-0.7747462333944014,0.9562287098804882,0.04454213809252018,0.2341971275921063
hsa-miR-4643,0,0,4.798919838313277,NA,NA
hsa-miR-4645-3p,4.995985278339116,-0.4935211976366029,0.9401591574454511,0.11737081135632647,0.3597256758866871
hsa-miR-3943,35.7073099369128,-0.9847917554577131,1.0059013205454232,0.022376522020723537,0.15286130103313547
hsa-miR-4536-3p,2.1889352456762876,-0.06212885469717951,0.6328093502857106,0.8053715020771365,NA
hsa-miR-6742-3p,3.5896842182657434,0.03097627526276025,0.6533730665216366,0.900823760853262,NA
hsa-miR-4738-3p,2.9216918271291346,-0.31732712725214424,0.7985371113079023,0.2561765519282474,NA
hsa-miR-183-5p,9324.42481661249,0.4258980409089211,0.8249508270262589,NA,NA
hsa-miR-5691,0.27875943230923256,0.12245908729420636,0.8613312315272234,0.5819523643327349,NA
hsa-miR-6821-5p,0,0,4.798919838313277,NA,NA
hsa-miR-194-5p,2362.8325629014985,-0.10174260064995302,0.4804391982175161,0.684760848330924,0.9050335687730394
hsa-miR-7157-3p,2.755098245067572,0.036178158917641805,0.7996662753973602,0.8699883205264072,NA
hsa-miR-671-3p,0,0,4.798919838313277,NA,NA
hsa-miR-6509-3p,0.9379694094900579,-0.09393128644160746,0.8063444912597124,0.6780178608135197,NA
hsa-miR-6132,0.84409940017878,-0.031479214996848144,0.73838811591933,0.8929699398804719,NA
hsa-miR-421,716.8351783140524,-12.87851464413878,1.2199869194903603,3.6548379308516704e-26,2.072293106792897e-23
hsa-miR-4433b-3p,0,0,4.798919838313277,NA,NA
hsa-miR-1298-5p,645.6599165780921,0.9528508749044483,1.0839052094591184,0.025414824624140603,0.16563454668836464
hsa-miR-624-5p,34.15356691047978,-0.5709491449167273,0.8241291419031983,0.0927378309795214,0.32308881012653934
hsa-miR-299-3p,0,0,4.798919838313277,NA,NA
hsa-miR-1538,1.225246421968563,0.033249611273272264,0.7961634727968907,0.8807153606504544,NA
hsa-miR-7848-3p,0.1667485833034589,-0.08359876647216843,0.8424737620384914,0.7019514607911306,NA
hsa-miR-23c,9.493235059944281,-20.28867820517295,2.9964220906299275,NA,NA
hsa-miR-548b-5p,0,0,4.798919838313277,NA,NA
hsa-miR-128-1-3p,231461.91122427746,-0.6346297416490015,0.793234077573094,0.07094268443927569,0.27551028819910495
hsa-miR-4686,0,0,4.798919838313277,NA,NA
hsa-miR-3938,3.5943673728254795,0.02271832308966156,0.6894252620563444,0.9255498814984742,NA
hsa-miR-7110-3p,5.234479126325239,0.28411744855689364,0.6989827141624616,0.3102808089299104,0.6274136614411353
hsa-miR-6729-5p,0,0,4.798919838313277,NA,NA
hsa-miR-129-5p,20306.513157631365,-0.05043690446071077,0.4679305779365759,0.8383257839725341,0.971956379997906
hsa-miR-34c-5p,2200.2436069256064,0.1033418244938378,0.5865718807787118,0.687670715829992,0.9060105369669341
hsa-miR-376a-5p,0,0,4.798919838313277,NA,NA
hsa-miR-1250-5p,663.704435094458,-0.41290981281755246,0.6166703710995443,0.16713841099391563,0.44688254377097825
hsa-miR-221-3p,20256.301930822352,-0.8198898209703911,0.8016912981423202,0.033078948504300966,0.19537253960352757
hsa-miR-4741,0,0,4.798919838313277,NA,NA
hsa-miR-25-3p,31110.167032358277,0.22276142813220026,0.55873501864049,0.40616009430066713,0.7331444025800041
hsa-miR-892b,0.7575744155534909,0.2441256599171978,0.9624150951142333,0.3134172700154515,NA
hsa-miR-219b-3p,0,0,4.798919838313277,NA,NA
hsa-miR-1306-5p,0,0,4.798919838313277,NA,NA
hsa-miR-503-5p,120.52464500674475,-0.3553098687622801,0.5538577206436113,0.20991265481000654,0.521216308300454
hsa-miR-616-5p,2.558056054575611,-7.429080488676611e-4,0.7956581841975013,0.9973138119079993,NA
hsa-miR-5010-3p,311.26583644487886,-0.535800410053481,0.5311791743791956,0.07335436593849044,0.2810265235616492
hsa-miR-3126-3p,0,0,4.798919838313277,NA,NA
hsa-miR-643,2.5593944872849517,0.018983538133615915,0.7351289286813377,0.9353879179512207,NA
hsa-miR-516a-5p,18.62538775578842,-0.3632140536894944,0.7022237461447606,0.21920384082160474,0.5288875648759569
hsa-miR-4665-5p,0.9436174232010726,-0.36480212094111614,0.9920248130934034,0.1833228547268261,NA
hsa-miR-3132,0.11765886271678823,-0.03822901741899116,0.8284176057494365,0.8593529765549299,NA
hsa-miR-1306-3p,69.15507582172644,0.2917375701212302,0.42135033879620387,0.24948723472374706,0.5738181403864601
hsa-miR-224-5p,124.84685207733921,0.424139491702471,0.6068780485209241,0.1564636142923032,0.42447305886954984
hsa-miR-3127-3p,6.5501538772360774,0.01947842609421691,0.5021558661158362,0.9379099282586416,0.983942613026806
hsa-miR-625-3p,678.7392254661777,-0.22034487681422665,0.47918515633722336,0.3943541605315243,0.7212864807141106
hsa-miR-589-5p,208.47640296090478,-0.30618953698711654,0.36743667602648206,0.2031520278672108,0.5096778752243739
hsa-miR-1323,1.695690597468669,-0.009316028631596298,0.7284502247701382,0.9684276372878622,NA
hsa-let-7i-5p,333620.536990236,0.15119585489531387,0.38672922763606626,0.5250632167067846,0.812831057272578
hsa-miR-125b-5p,61326.87466087795,0.06960699432221557,0.4294934566798112,0.7740717945045306,0.9418427199228945
hsa-miR-3613-5p,560.6753213782558,0.17137376192865128,0.45247139666859115,0.4946554409445525,0.7837926249741487
hsa-miR-105-5p,213.04215610895406,-0.09055739275120324,0.5071800599264206,0.72012746385356,0.9216981309367235
hsa-miR-592,1041.3708409658868,0.7379775234293507,0.835244730116024,0.04825029466502713,0.2419165021173477
hsa-miR-3941,0.5051423089436897,0.17786854356239107,0.8995577410476399,0.43979566362112943,NA
hsa-miR-875-5p,0.5992458897911762,0.20848817881613596,0.9263436719489074,0.3758702956896537,NA
hsa-miR-577,333.0760024236688,-0.2936670081406796,0.5781498782686693,0.29173112791511957,0.6265588997267909
hsa-miR-376c-3p,571.9069369010333,1.10004950547558,0.7890131250013709,0.009715511698657342,0.09637183006754299
hsa-miR-3122,0.4140050133855036,-0.15436002769248142,0.8816311341846661,0.4958691617596886,NA
hsa-miR-942-5p,0,0,4.798919838313277,NA,NA
hsa-miR-2681-3p,0,0,4.798919838313277,NA,NA
hsa-miR-301b-3p,109.58452084963685,2.8792514801845432,1.0823868498264169,5.243622194824607e-5,0.0011892535137862207
hsa-miR-651-5p,191.0446659167492,0.12546712849431213,0.463271684506788,0.6153678902210123,0.872283984388285
hsa-miR-588,1.4512267183037504,0.34922549218161225,1.0931434894462624,0.1886601320181139,NA
hsa-miR-6854-5p,0,0,4.798919838313277,NA,NA
hsa-miR-1197,272.7335103970558,-0.05967465774460936,0.42984683876488966,0.8054418133520387,0.9594233364928696
hsa-miR-6720-3p,0,0,4.798919838313277,NA,NA
hsa-miR-5089-3p,0,0,4.798919838313277,NA,NA
hsa-miR-4632-3p,0,0,4.798919838313277,NA,NA
hsa-miR-7978,28.71000453753194,-0.10369282936698611,0.4789393849873334,0.6789615426653204,0.9033665530316637
hsa-miR-376b-3p,37.516269815706366,0.9030616396651026,0.7622961740041024,0.02121119457647515,0.14847836203532605
hsa-miR-6769b-3p,0.2760033422570024,-0.08500384483059753,0.8430406333946374,0.697345392708236,NA
hsa-miR-6819-3p,0.5520066845140048,-0.19173381812097262,0.9109289965584434,0.409657715638502,NA
hsa-miR-4488,0,0,4.798919838313277,NA,NA
hsa-miR-199b-3p,20208.277122283514,1.0442210328640356,1.039749688535286,0.018819292943995567,0.13680178332366008
hsa-miR-7976,29.84797047545759,-0.15464109939879958,0.6100075883202253,0.5549538140161541,0.8172956170056087
hsa-miR-6758-3p,0,0,4.798919838313277,NA,NA
hsa-miR-3690,4.363843045593814,-0.5683787775988199,0.8243868218476209,0.09367708632979262,NA
hsa-miR-877-3p,69.32667852741947,-0.1605572703292434,0.5465210540792025,0.538137976461394,0.8157168082753613
hsa-miR-329-3p,2264.3595571772644,-0.07302972688757453,0.4232571450994188,0.762453495010941,0.9406718850824012
hsa-miR-4515,0,0,4.798919838313277,NA,NA
hsa-miR-214-5p,545.4640285213686,1.919890346939216,1.32927835176902,0.002036787597493331,0.031212393723749152
hsa-miR-6501-5p,3.3434245667487876,-0.4429261398726859,1.0068398175287727,0.1345209943768349,NA
hsa-miR-3620-5p,5.7725192915036665,-0.5295902760690485,0.9835788662705501,0.10047311351439574,0.3274037664520827
hsa-miR-576-3p,0,0,4.798919838313277,NA,NA
hsa-miR-7850-5p,0.061246677806092144,-0.038229017418991165,0.8284176057494365,0.8593529765549299,NA
hsa-miR-4750-5p,1.9172293390109205,-0.09158688259117191,0.8058342507211432,0.6852703529782678,NA
hsa-miR-517a-3p,8.993178346537073,-0.094955000295909,0.5850302063335895,0.7111469452660525,0.9182218976016429
hsa-miR-6505-3p,6.489901277494598,-1.4723065178617603,2.216787864499571,0.01073456490535434,0.09816932744090179
hsa-miR-3145-5p,1.535166204894501,0.3102315540393957,0.8755639156186222,0.24801257935543758,NA
hsa-miR-3677-3p,0.6284581938061795,-0.012737553254000293,0.818495779368981,0.9530402613442,NA
hsa-miR-4683,2.4347274086572828,0.09456686205844927,0.6940069346245197,0.7026281541030689,NA
hsa-miR-6765-3p,0,0,4.798919838313277,NA,NA
hsa-miR-3934-5p,1.7956003356126802,-0.05588269638726484,0.6848994981140225,0.8199523362769321,NA
hsa-miR-4503,0.18374003341827644,-0.09246574323294067,0.8462303895557733,0.6731947543740562,NA
hsa-miR-7158-5p,0,0,4.798919838313277,NA,NA
hsa-miR-3151-5p,3.2713664322693456,-1.5794087977210107,1.8724462974797496,0.006953118393034776,NA
hsa-let-7b-5p,136411.9402309106,-0.08355810309807857,0.40756564272949797,0.7269690432840805,0.9241960707221383
hsa-miR-548z,0,0,4.798919838313277,NA,NA
hsa-miR-3912-3p,33.452749471372975,0.01186805227332612,0.6453567764630654,0.9619864421399017,0.983942613026806
hsa-miR-627-3p,0,0,4.798919838313277,NA,NA
hsa-miR-3065-5p,349.17760693758447,1.3145067098600929,0.6352261020856698,0.0015377799635670692,0.02564474233360377
hsa-miR-944,0.1667485833034589,-0.08359876647216843,0.8424737620384914,0.7019514607911306,NA
hsa-miR-4425,0,0,4.798919838313277,NA,NA
hsa-miR-500a-3p,920.9975565504355,0.2967503962128999,0.65922599644192,0.29459186831989476,0.627173909790112
hsa-miR-23b-3p,26600.896611126922,0.06828454731470952,0.3997166578047766,0.7737283190461117,0.9418427199228945
hsa-miR-7705,0.5520066845140048,-0.19173381812097262,0.9109289965584434,0.409657715638502,NA
hsa-let-7c-5p,84008.97206067438,0.2641229039731634,0.4487601009220132,0.3041059604955918,0.6274136614411353
hsa-miR-6756-3p,0.8673324783994443,0.10277162745378932,0.7197851332191848,0.6741697218535374,NA
hsa-miR-149-5p,6403.33406542045,-0.11421175511750761,0.43853710258988304,0.6418574665446045,0.8854821983717537
hsa-miR-2114-5p,2.204880401019317,-0.4361015069697423,1.219400334357262,NA,NA
hsa-miR-6739-3p,8.654998646713983,0.1794501745195635,0.5248662479940935,0.4913785183463213,0.7837926249741487
hsa-miR-140-5p,0,0,4.798919838313277,NA,NA
hsa-miR-6793-5p,1.9125811405335862,0.11384140360093786,0.6999561207068598,0.6478136658730603,NA
hsa-miR-520a-3p,0.6317360204595972,-0.01469222662294239,0.8187880481570443,0.9458434237228673,NA
hsa-miR-100-5p,146361.0412497973,-0.15869471814009795,0.5308521532023441,0.5407992302102306,0.8157168082753613
hsa-miR-599,0.2547100229534421,0.11487876949475961,0.8572662532237959,0.6040706046003717,NA
hsa-miR-433-3p,2421.699191192343,-0.20238691305050144,0.509470037365511,0.43847108587842043,0.751096996051554
hsa-miR-570-3p,0,0,4.798919838313277,NA,NA
hsa-miR-6776-3p,0,0,4.798919838313277,NA,NA
hsa-miR-889-3p,2086.5509396320026,0.13159975670501617,0.42419704014951576,0.589742183223676,0.8514092478319281
hsa-miR-670-3p,2.9622290573453363,0.01902248548361683,0.7323396556561006,0.9354189526965309,NA
hsa-miR-7156-5p,4.314019538195517,-0.14773510303489046,0.7381026942248275,0.5520830517146409,NA
hsa-miR-4660,0.5893387182941372,0.029176635953210947,0.8206405342547078,0.8928233639620969,NA
hsa-miR-3200-3p,952.8664080302408,-1.000386441875382,0.521146621797678,0.003473868429791224,0.045806590690502885
hsa-miR-7703,0.3529765881503647,-0.13765555340785815,0.8707329474700787,0.539439537082959,NA
hsa-miR-1226-3p,89.71128202652768,0.15441398009524865,0.4484410443061375,0.5355678276653765,0.8157168082753613
hsa-miR-511-5p,41.17888971100571,0.5406678331783873,0.9424189927455437,0.09937140452571082,0.3274037664520827
hsa-miR-362-5p,591.6153967469801,1.510677848775122,0.7089790954210655,0.0010568563363883689,0.019330243313942102
hsa-miR-2278,1.776724154227478,-0.07536577623949271,0.6916226315565561,0.7593876341193079,NA
hsa-miR-1914-5p,0,0,4.798919838313277,NA,NA
hsa-miR-4699-3p,0,0,4.798919838313277,NA,NA
hsa-miR-6855-3p,2.2210682776138713,-0.3156159580509438,0.8931586980832864,0.23922478473394465,NA
hsa-miR-2116-5p,5.328941358834982,-0.361692139437101,0.868345419089601,0.20282071120738135,0.5096778752243739
hsa-miR-2113,28.248235986182532,-0.5141213363858054,0.8025975983455349,0.11603980480697762,0.35757918111715387
hsa-miR-1843,375.5947743815009,-0.32417013635506475,0.7457628865585034,0.2568814032769827,0.5826070226321968
hsa-miR-3940-3p,12.246913358617608,0.027400245033927403,0.4425920606748098,0.910409375232378,0.983942613026806
hsa-miR-34b-3p,63.333252309004486,0.030586568766792298,0.6797653496015904,0.9006277452810008,0.983942613026806
hsa-miR-548au-5p,24.43182386419596,-0.08598065373336133,0.7041937594570382,0.7257280111119617,0.9241960707221383
hsa-miR-320d,233.08380580277966,0.5071148069631596,0.9431786321903782,0.11164288941722297,0.3506111172514801
hsa-miR-29b-2-3p,3488.9969426343846,-0.5803227371775571,0.5909079188846902,0.06694953383373095,0.26605925730697216
hsa-miR-144-3p,2525.323073632366,-1.5319487704260324,1.2752241932957398,0.005359307743202351,0.06475112738833558
hsa-miR-126-3p,44065.43733996354,-0.13633489852853092,0.3905610378659108,0.5668427309133106,0.8283500732676472
hsa-miR-196b-5p,83.264003114238207,-0.012994283050488518,0.695274732211809,0.9571564371117625,0.983942613026806
hsa-miR-4695-3p,0,0,4.798919838313277,NA,NA
hsa-miR-708-5p,3006.584493423002,0.05503237941409774,0.4000954414368217,0.8165952981294141,0.9646031959153704
hsa-miR-659-5p,13.34205819180104,-0.06589279412036084,0.49370128355710174,0.7924638746014705,0.9544015770770039
hsa-miR-4768-5p,0.3994972598607841,0.15745083740590363,0.88395279608828,0.48811893927024197,NA
hsa-miR-487b-3p,3585.348292186679,-0.008173341455305946,0.4049484560859727,0.9725552704795768,0.9847122113605714
hsa-miR-4440,3.2125923116329065,-0.04280378456780371,0.6854155267147457,0.8610991437661786,NA
hsa-miR-6879-3p,2.321866195223084,-0.18687078507652338,0.6720515930372185,0.4784915182146374,NA
hsa-miR-512-3p,1.050443732489356,-0.37375640995436005,1.0143965366200318,0.17482572035729171,NA
hsa-miR-4757-3p,0.19974862993039205,0.08448784305098349,0.843186872131815,0.6989634750750067,NA
NovelmiRNA-3476,0.12249335561218429,-0.06980524766123042,0.8371469421296757,0.7481588900719816,NA
NovelmiRNA-508,1.915443716958552,0.13131763895121562,0.8500366470081571,0.5607924317503505,NA
NovelmiRNA-369,0,0,4.798919838313277,NA,NA
NovelmiRNA-2775,0,0,4.798919838313277,NA,NA
NovelmiRNA-2216,0,0,4.798919838313277,NA,NA
NovelmiRNA-3021,0,0,4.798919838313277,NA,NA
NovelmiRNA-3351,0,0,4.798919838313277,NA,NA
NovelmiRNA-903,106.1855445992641,0.29892462305504874,0.9866502672090206,0.24238865731472445,0.5629295550316409
NovelmiRNA-1471,0,0,4.798919838313277,NA,NA
NovelmiRNA-33,0,0,4.798919838313277,NA,NA
NovelmiRNA-1997,4.5159961815381875,-0.024791902910101415,0.8021144374041622,0.9102380036790404,NA
NovelmiRNA-2238,0.4706354508671529,-0.1732100568755272,0.8955896202271874,0.4504600052730749,NA
NovelmiRNA-1598,0,0,4.798919838313277,NA,NA
NovelmiRNA-3646,5.716487975657421,0.7524824112969379,1.7133396488467372,0.04842899226711709,0.2419165021173477
NovelmiRNA-1153,5.806746421345293,-0.18208916779115336,0.8749507474935666,0.43639285614681295,0.7502749435738766
NovelmiRNA-14,0.7051764096858946,0.0112330605877963,0.8169223435132591,0.9586312293991581,NA
NovelmiRNA-3023,22.502701451129433,-21.461739912102427,2.9950443647473652,3.597824627667494e-13,1.3599777092583126e-11
NovelmiRNA-816,0,0,4.798919838313277,NA,NA
NovelmiRNA-2625,0.3529765881503647,-0.13765555340785815,0.8707329474700787,0.539439537082959,NA
NovelmiRNA-924,0,0,4.798919838313277,NA,NA
NovelmiRNA-2288,0.8163150290458597,0.25314451318211506,0.972303619534078,0.29947800658904933,NA
NovelmiRNA-1425,0.6737134558670135,-0.2266389118125121,0.943874456017422,0.3425717433470768,NA
NovelmiRNA-1309,0.3062333890304607,-0.13093600130064717,0.8665952645234334,0.5578836034781547,NA
NovelmiRNA-2073,0.6887040141395372,0.23063635651900963,0.9481810763205648,0.33563106017908995,NA
NovelmiRNA-2369,0,0,4.798919838313277,NA,NA
NovelmiRNA-3277,2.017208953190233,-0.05014160927291149,0.7923142233708105,0.8225856415743638,NA
NovelmiRNA-3680,1.2209846031704334,-0.3144520233322232,1.0463351112059123,0.2217714506335656,NA
NovelmiRNA-964,0,0,4.798919838313277,NA,NA
NovelmiRNA-3703,0,0,4.798919838313277,NA,NA
NovelmiRNA-1921,0.7118320739063214,-0.004974891311107548,0.8158383816436241,0.9816811611085756,NA
NovelmiRNA-1280,1.0411935227035662,-0.29129005398279,1.016962094216085,0.24791636265534744,NA
NovelmiRNA-204,0,0,4.798919838313277,NA,NA
NovelmiRNA-378,3.8930483592068095,0.11727501484414717,0.8350461171634082,NA,NA
NovelmiRNA-3706,68.43590491088506,0.011439018552426993,0.7099217374186931,0.9618487772724708,0.983942613026806
NovelmiRNA-2955,1.3030758390762893,-0.08886462170940446,0.798489658423741,0.6954281879368355,NA
NovelmiRNA-1369,0,0,4.798919838313277,NA,NA
NovelmiRNA-607,0,0,4.798919838313277,NA,NA
NovelmiRNA-2759,0,0,4.798919838313277,NA,NA
NovelmiRNA-3143,1.088420038727813,0.29832863878265403,1.0259131696480381,0.23957739076046838,NA
NovelmiRNA-3682,0,0,4.798919838313277,NA,NA
NovelmiRNA-2190,0,0,4.798919838313277,NA,NA
NovelmiRNA-461,2.3531772543357645,-0.44874688787234523,1.238632687782925,0.12386315399346945,NA
NovelmiRNA-216,0,0,4.798919838313277,NA,NA
NovelmiRNA-2733,3.6373349638438253,-0.5718461182395645,1.4309664111804408,0.08010845247213846,NA
NovelmiRNA-1440,24.469207166473026,22.33123856293156,2.995458565463378,NA,NA
NovelmiRNA-194,0,0,4.798919838313277,NA,NA
NovelmiRNA-2555,0,0,4.798919838313277,NA,NA
NovelmiRNA-852,1.721760035348843,0.38416147218777846,1.1425448693494442,NA,NA
NovelmiRNA-2058,1.8583962153948839,0.3987980741125154,1.1638664618331174,0.15177504836563063,NA
NovelmiRNA-58,0,0,4.798919838313277,NA,NA
NovelmiRNA-3622,1.2079575400066744,0.31586759205538745,1.048352183102385,0.22027665964020093,NA
NovelmiRNA-470,0.8264448169674447,0.2568362184197719,0.9764341562287552,0.29397529849492005,NA
NovelmiRNA-1255,0,0,4.798919838313277,NA,NA
NovelmiRNA-950,21.25477567033879,-0.04671287622009755,0.8032045811334724,0.8326861855796551,0.971956379997906
NovelmiRNA-3539,0,0,4.798919838313277,NA,NA
NovelmiRNA-548,1.9057598485918044,0.4040825774190387,1.1716432201406883,0.14843372109853692,NA
NovelmiRNA-1366,0,0,4.798919838313277,NA,NA
NovelmiRNA-644,2.0002006661853997,-0.41092741044586567,1.1816313786827386,0.14425458247560066,NA
NovelmiRNA-2289,8.193451818146137,0.0750677172185483,0.8126946525313213,NA,NA
NovelmiRNA-2496,3.9359571736921946,-0.12515168751501127,0.8269481469772048,0.583241502635977,NA
NovelmiRNA-2735,0,0,4.798919838313277,NA,NA
NovelmiRNA-2327,0,0,4.798919838313277,NA,NA
NovelmiRNA-2639,19.949759023400567,3.536863418875616,3.6362982126365018,0.0018443764194792135,0.029048928606797614
NovelmiRNA-1359,0,0,4.798919838313277,NA,NA
NovelmiRNA-3665,0,0,4.798919838313277,NA,NA
NovelmiRNA-1469,12.394145901407347,0.5456413014529252,1.3296067468743684,0.08645038660670865,0.3102365139620494
NovelmiRNA-52,0.3628066795759376,0.14865431957743816,0.8776867312724779,0.510412527768982,NA
NovelmiRNA-539,0,0,4.798919838313277,NA,NA
NovelmiRNA-1532,0,0,4.798919838313277,NA,NA
NovelmiRNA-1497,0,0,4.798919838313277,NA,NA
NovelmiRNA-814,0,0,4.798919838313277,NA,NA
NovelmiRNA-323,1.486716972315907,0.35367592521906255,1.0993066555321087,0.1848938621462281,NA
NovelmiRNA-2948,1.1415991795443048,-0.16933680706388315,0.7760142528204387,0.49160458573269383,NA
NovelmiRNA-1917,0,0,4.798919838313277,NA,NA
NovelmiRNA-3132,3.2492202607595857,-0.5361177162853338,1.3745834859374888,0.09010196877998987,NA
NovelmiRNA-3626,0,0,4.798919838313277,NA,NA
NovelmiRNA-2719,1.7986900170217495,-0.04803260328705382,0.8114542859628103,0.8268781767674682,NA
NovelmiRNA-2877,0.20661120424186116,0.0990841137659871,0.849715101729678,0.652139591536963,NA
NovelmiRNA-1011,0,0,4.798919838313277,NA,NA
NovelmiRNA-1930,0,0,4.798919838313277,NA,NA
NovelmiRNA-2065,1.6701387960960814,0.036047159978757085,0.8094194460422869,0.8693122839861628,NA
NovelmiRNA-1492,0,0,4.798919838313277,NA,NA
NovelmiRNA-3411,0,0,4.798919838313277,NA,NA
NovelmiRNA-2695,0,0,4.798919838313277,NA,NA
NovelmiRNA-2634,4.524415755316107,0.12101266581635275,0.6588731764638825,0.6354426847188714,NA
NovelmiRNA-207,0,0,4.798919838313277,NA,NA
NovelmiRNA-1694,4.953885957227378,-0.16776873244181595,0.7462053201294717,0.5037755136218307,0.7917886329169481
NovelmiRNA-932,0,0,4.798919838313277,NA,NA
NovelmiRNA-3547,0,0,4.798919838313277,NA,NA
NovelmiRNA-2559,0,0,4.798919838313277,NA,NA
NovelmiRNA-819,0,0,4.798919838313277,NA,NA
NovelmiRNA-2141,1.088420038727813,0.29832863878265403,1.0259131696480381,0.23957739076046838,NA
NovelmiRNA-1581,0,0,4.798919838313277,NA,NA
NovelmiRNA-1067,0,0,4.798919838313277,NA,NA
NovelmiRNA-94,0,0,4.798919838313277,NA,NA
NovelmiRNA-2374,0,0,4.798919838313277,NA,NA
NovelmiRNA-2525,0,0,4.798919838313277,NA,NA
NovelmiRNA-3311,3.9373383353858546,-0.04485411964320242,0.5760200122724748,0.8596517097596492,NA
NovelmiRNA-3578,0,0,4.798919838313277,NA,NA
NovelmiRNA-730,0,0,4.798919838313277,NA,NA
NovelmiRNA-3303,6.851634583567511,-0.11680554592137728,0.6678823158270439,0.6453745632402901,0.8873913655868704
NovelmiRNA-3493,0,0,4.798919838313277,NA,NA
NovelmiRNA-2503,0,0,4.798919838313277,NA,NA
NovelmiRNA-1498,0,0,4.798919838313277,NA,NA
NovelmiRNA-1871,6.730880891939423,0.031522866676136144,0.8019345204758799,0.8862142582852491,0.983942613026806
NovelmiRNA-3568,683.7004306711998,0.04105129310489188,0.8013063449017155,NA,NA
NovelmiRNA-1461,0,0,4.798919838313277,NA,NA
NovelmiRNA-1632,0,0,4.798919838313277,NA,NA
NovelmiRNA-250,0,0,4.798919838313277,NA,NA
NovelmiRNA-3289,11.928648055241576,-0.10542377568481408,0.6296644272220482,0.6803130831473023,0.9033665530316637
NovelmiRNA-2304,0,0,4.798919838313277,NA,NA
NovelmiRNA-2209,0,0,4.798919838313277,NA,NA
NovelmiRNA-3621,6.6704866534556535,-0.1925461780082457,0.8809728641940849,0.4142528615468892,0.7368320916462245
NovelmiRNA-290,0,0,4.798919838313277,NA,NA
NovelmiRNA-731,0,0,4.798919838313277,NA,NA
NovelmiRNA-2455,0.4140050133855036,-0.15436002769248142,0.8816311341846661,0.4958691617596886,NA
NovelmiRNA-2660,3.908801257602252,-0.041909872505853124,0.7423013538787894,0.8576933903840204,NA
NovelmiRNA-2969,0.8988688346867642,0.26698577221677217,0.9880301345439261,0.2794338002855044,NA
NovelmiRNA-2886,0,0,4.798919838313277,NA,NA
NovelmiRNA-1136,0,0,4.798919838313277,NA,NA
NovelmiRNA-3265,0,0,4.798919838313277,NA,NA
NovelmiRNA-609,0,0,4.798919838313277,NA,NA
NovelmiRNA-2705,0,0,4.798919838313277,NA,NA
NovelmiRNA-995,0.9171172081690239,-0.2695903575509982,0.9908648733589516,0.27585654864524445,NA
NovelmiRNA-3422,52.652128280579944,0.32498024407960835,0.5024033038267286,0.2322806774642064,0.5510591804276361
NovelmiRNA-3779,0,0,4.798919838313277,NA,NA
NovelmiRNA-895,0,0,4.798919838313277,NA,NA
NovelmiRNA-1279,18.292646440495254,1.7007450704396099,2.912823018914866,0.011418204428625423,0.10060588391529018
NovelmiRNA-1816,14.681330101619583,21.658401876615596,2.9960082569312445,NA,NA
NovelmiRNA-151,4.831196624120021,-0.6741056495363327,1.5919686663081245,0.05924397670948081,0.24823896526190461
NovelmiRNA-2357,0,0,4.798919838313277,NA,NA
NovelmiRNA-1984,1.2506143747759417,-0.3205161792042749,1.0542618590449302,0.21549704707972303,NA
NovelmiRNA-11,0.7051764096858946,0.0112330605877963,0.8169223435132591,0.9586312293991581,NA
NovelmiRNA-3712,0,0,4.798919838313277,NA,NA
NovelmiRNA-676,0,0,4.798919838313277,NA,NA
NovelmiRNA-1988,0.3062333890304607,-0.13093600130064717,0.8665952645234334,0.5578836034781547,NA
NovelmiRNA-1553,3.0568879949772363,0.5223983288476155,1.3531144886123507,0.09443947027194206,NA
NovelmiRNA-3274,0,0,4.798919838313277,NA,NA
NovelmiRNA-1932,0,0,4.798919838313277,NA,NA
NovelmiRNA-3297,0,0,4.798919838313277,NA,NA
NovelmiRNA-2497,279.0868223642217,-23.853006628629647,2.995029556001136,NA,NA
NovelmiRNA-674,0,0,4.798919838313277,NA,NA
NovelmiRNA-2332,0,0,4.798919838313277,NA,NA
NovelmiRNA-1026,6.097207609063696,0.7811379251903209,1.7569864402709974,0.04523314592031454,0.23514661089258726
NovelmiRNA-3827,0,0,4.798919838313277,NA,NA
NovelmiRNA-2406,0,0,4.798919838313277,NA,NA
NovelmiRNA-1696,0,0,4.798919838313277,NA,NA
NovelmiRNA-1805,77.38765779983979,23.855839042076003,2.995359883897955,6.456416497019664e-16,3.6607881538101497e-14
NovelmiRNA-3058,0,0,4.798919838313277,NA,NA
NovelmiRNA-240,0,0,4.798919838313277,NA,NA
NovelmiRNA-652,0,0,4.798919838313277,NA,NA
NovelmiRNA-2381,0.7962068114791978,-0.25024463817369413,0.968885663493105,0.30390678066842763,NA
NovelmiRNA-3586,0,0,4.798919838313277,NA,NA
NovelmiRNA-3806,0.48997342244873715,-0.18499873925198865,0.9051716130224224,0.42406174322140383,NA
NovelmiRNA-2569,11.544435274452605,0.1373768943190933,0.8432798165985843,0.5468304189264752,0.8157168082753613
NovelmiRNA-362,0.46459905384872097,0.17612038257953117,0.8981552514084292,0.44374986415779466,NA
NovelmiRNA-3022,0,0,4.798919838313277,NA,NA
NovelmiRNA-2290,78.19994989290237,0.22103155171364353,0.9080897269919086,NA,NA
NovelmiRNA-2767,0,0,4.798919838313277,NA,NA
NovelmiRNA-606,0,0,4.798919838313277,NA,NA
NovelmiRNA-402,0,0,4.798919838313277,NA,NA
NovelmiRNA-1858,0,0,4.798919838313277,NA,NA
NovelmiRNA-2718,0,0,4.798919838313277,NA,NA
NovelmiRNA-1605,0,0,4.798919838313277,NA,NA
NovelmiRNA-3157,0,0,4.798919838313277,NA,NA
NovelmiRNA-1168,0,0,4.798919838313277,NA,NA
NovelmiRNA-3423,63.72517260452836,0.15426734500359005,0.6898326182763624,0.5477223029998846,0.8157168082753613
NovelmiRNA-2502,0,0,4.798919838313277,NA,NA
NovelmiRNA-1833,0.19974862993039205,0.08448784305098349,0.843186872131815,0.6989634750750067,NA
NovelmiRNA-122,0,0,4.798919838313277,NA,NA
NovelmiRNA-3382,7.768688398976136,-0.9070710176374187,1.9434592962329083,0.034487433945371425,0.19751893986894545
NovelmiRNA-1972,0.25012287495518837,-0.11053899570896643,0.855189035996116,0.6169875984115079,NA
NovelmiRNA-483,0.18374003341827644,-0.09246574323294067,0.8462303895557733,0.6731947543740562,NA
NovelmiRNA-1484,0,0,4.798919838313277,NA,NA
NovelmiRNA-3365,0,0,4.798919838313277,NA,NA
NovelmiRNA-2710,0,0,4.798919838313277,NA,NA
NovelmiRNA-2429,0,0,4.798919838313277,NA,NA
NovelmiRNA-2026,4.34329840800564,-0.080672071806244,0.7559491213958603,0.7308770842919514,NA
NovelmiRNA-789,0.8954253866125779,0.09039443770726469,0.835609727449823,0.6819189171354428,NA
NovelmiRNA-823,0,0,4.798919838313277,NA,NA
NovelmiRNA-2825,1.7312297536415984,-0.07782333930204915,0.7469256078102113,0.7416412344944769,NA
NovelmiRNA-350,2.2251489845361108,-0.10957719615376109,0.8117668826726552,0.6305643533216985,NA
NovelmiRNA-3304,0,0,4.798919838313277,NA,NA
NovelmiRNA-3717,68.43590491088506,0.011439018552426993,0.7099217374186931,0.9618487772724708,0.983942613026806
NovelmiRNA-1538,0.3674800668365529,-0.15048166185812423,0.878974752278153,0.5057056974394143,NA
NovelmiRNA-3633,0,0,4.798919838313277,NA,NA
NovelmiRNA-2431,0,0,4.798919838313277,NA,NA
NovelmiRNA-2954,0,0,4.798919838313277,NA,NA
NovelmiRNA-1720,0,0,4.798919838313277,NA,NA
NovelmiRNA-1688,0.5992458897911762,0.20848817881613596,0.9263436719489074,0.3758702956896537,NA
NovelmiRNA-1652,0.3443520070697686,0.14609704465317072,0.8759365666004987,0.5170574490557578,NA
NovelmiRNA-2193,0.23531772543357646,-0.08500384483059749,0.8430406333946374,0.697345392708236,NA
NovelmiRNA-225,0,0,4.798919838313277,NA,NA
NovelmiRNA-2743,4.594218488399017,0.6589024962550942,1.5682674514161645,NA,NA
NovelmiRNA-2021,0,0,4.798919838313277,NA,NA
NovelmiRNA-1424,0.6737134558670135,-0.2266389118125121,0.943874456017422,0.3425717433470768,NA
NovelmiRNA-2306,0,0,4.798919838313277,NA,NA
NovelmiRNA-215,1.8245133260788404,0.395544715431518,1.1590988914497573,0.15388322904073778,NA
NovelmiRNA-353,0,0,4.798919838313277,NA,NA
NovelmiRNA-1558,0,0,4.798919838313277,NA,NA
NovelmiRNA-624,0.8280100267710072,-0.24945624603590028,0.9680173457419362,0.30511704911722143,NA
NovelmiRNA-322,0.7769902020175485,-0.2423323789898595,0.9602724155669718,0.3163013839088676,NA
NovelmiRNA-2716,0.7989945197215682,0.2491676221527683,0.9679074555954537,0.30553679023778874,NA
NovelmiRNA-3371,1.1672400831242125,-0.308614358852478,1.0387941621311676,0.22802789052611466,NA
NovelmiRNA-3615,0,0,4.798919838313277,NA,NA
NovelmiRNA-2975,585.2956193197905,-25.91372719477142,2.9960709557542886,NA,NA
NovelmiRNA-841,0.7817157547932642,0.2476344882012098,0.9662276907439394,0.30790930488373225,NA
NovelmiRNA-1764,0,0,4.798919838313277,NA,NA
NovelmiRNA-2598,0,0,4.798919838313277,NA,NA
NovelmiRNA-1826,0,0,4.798919838313277,NA,NA
NovelmiRNA-2132,0.9641856197953521,0.2803795259527195,1.003849627508689,0.2615055350076937,NA
NovelmiRNA-1735,0,0,4.798919838313277,NA,NA
NovelmiRNA-3471,683.7004306711998,0.04105129310489188,0.8013063449017155,NA,NA
NovelmiRNA-896,0,0,4.798919838313277,NA,NA
NovelmiRNA-3474,0.7575744155534909,0.2441256599171978,0.9624150951142333,0.3134172700154515,NA
NovelmiRNA-1797,69.54866556653948,0.19244568438907317,0.7733613176571611,0.4446829309994383,0.7532856013771445
NovelmiRNA-498,0.4140050133855036,-0.15436002769248142,0.8816311341846661,0.4958691617596886,NA
NovelmiRNA-3520,0,0,4.798919838313277,NA,NA
NovelmiRNA-854,0,0,4.798919838313277,NA,NA
NovelmiRNA-79,0,0,4.798919838313277,NA,NA
NovelmiRNA-1965,0,0,4.798919838313277,NA,NA
NovelmiRNA-1573,0,0,4.798919838313277,NA,NA
NovelmiRNA-2581,0,0,4.798919838313277,NA,NA
NovelmiRNA-393,5.382065174011547,-0.7177637523200086,1.6598462795743398,NA,NA
NovelmiRNA-859,0,0,4.798919838313277,NA,NA
NovelmiRNA-742,0,0,4.798919838313277,NA,NA
NovelmiRNA-494,21.672797486918164,-0.2481363294963485,0.9373869631673512,0.31117409591281164,0.6274136614411353
NovelmiRNA-1579,0,0,4.798919838313277,NA,NA
NovelmiRNA-280,30.436165105567618,22.624533124727634,2.995350854903429,1.813528401565793e-14,7.398973815030768e-13
NovelmiRNA-2786,63.37583987195899,9.171219421217332,2.178102723707389,1.5390120173463e-6,4.363099069176761e-5
NovelmiRNA-845,0,0,4.798919838313277,NA,NA
NovelmiRNA-1058,0,0,4.798919838313277,NA,NA
NovelmiRNA-217,0,0,4.798919838313277,NA,NA
NovelmiRNA-495,7.4380033527070015,20.75655294089934,2.997762992881165,NA,NA
NovelmiRNA-3526,0,0,4.798919838313277,NA,NA
NovelmiRNA-3544,1.8503020830348957,-0.39514360277063276,1.1583650779337233,0.15414769478421458,NA
NovelmiRNA-1022,0,0,4.798919838313277,NA,NA
NovelmiRNA-3537,78.31478033653674,-0.03884471232434274,0.6631087489283012,0.8753722416881144,0.983942613026806
NovelmiRNA-853,42.57340537393564,-0.02761468057582122,0.7954223105730083,0.9007453979794975,0.983942613026806
NovelmiRNA-625,6.080098578984203,-0.1942870275018105,0.7551711251493635,0.44626217600369705,0.7532856013771445
NovelmiRNA-2180,0,0,4.798919838313277,NA,NA
NovelmiRNA-2235,37.88615379480581,-22.046738295145488,2.9947726093532365,NA,NA
NovelmiRNA-2166,0,0,4.798919838313277,NA,NA
NovelmiRNA-3017,0,0,4.798919838313277,NA,NA
NovelmiRNA-2963,0,0,4.798919838313277,NA,NA
NovelmiRNA-3130,2.2080267380560192,-0.43245024955755157,1.2138773153905689,0.13212173657972748,NA
NovelmiRNA-1069,0,0,4.798919838313277,NA,NA
NovelmiRNA-1638,195.3423919071979,0.11273684095868088,0.3435284439309575,0.6192977921890515,0.8728388243651906
NovelmiRNA-1973,0,0,4.798919838313277,NA,NA
NovelmiRNA-315,0,0,4.798919838313277,NA,NA
NovelmiRNA-3628,154.7439236964737,0.6951611169018586,1.0465588518028188,0.056482250413063914,0.24823896526190461
NovelmiRNA-3433,0,0,4.798919838313277,NA,NA
NovelmiRNA-1927,0,0,4.798919838313277,NA,NA
NovelmiRNA-392,61.26957095796118,0.001395259127357421,0.4800880832111743,0.9955089872910149,0.9955089872910149
NovelmiRNA-2234,0,0,4.798919838313277,NA,NA
NovelmiRNA-3557,3.083344693887227,-0.5216590628102551,1.3518369218552537,0.09467997183456299,NA
NovelmiRNA-102,3.0340390208508126,-0.07062459153323657,0.8146886408119197,NA,NA
NovelmiRNA-1691,0,0,4.798919838313277,NA,NA
NovelmiRNA-1924,0,0,4.798919838313277,NA,NA
NovelmiRNA-966,0,0,4.798919838313277,NA,NA
NovelmiRNA-1028,12.448758584003533,-0.0850996319544487,0.7819703795772441,0.7110800467975935,0.9182218976016429
NovelmiRNA-2753,0,0,4.798919838313277,NA,NA
NovelmiRNA-2170,0,0,4.798919838313277,NA,NA
NovelmiRNA-880,22.767915983425173,-21.475764096950748,2.9950353095332347,NA,NA
NovelmiRNA-2187,9.783417296549505,-0.4313063335671682,1.0144536085972151,0.13984215791282462,0.4024898656678759
NovelmiRNA-863,5.0079430079494305,-0.4593062426371278,0.79087699619481,0.1447811399870796,0.4084124695157917
NovelmiRNA-3629,154.56019762258438,-9.623541175819602,3.6618987918698522,6.305568699689856e-5,0.0013750990202785185
NovelmiRNA-1767,0.8163150290458597,0.25314451318211506,0.972303619534078,0.29947800658904933,NA
NovelmiRNA-357,1.5840192325209355,0.3674260520122837,1.1185974695819132,NA,NA
NovelmiRNA-1052,0,0,4.798919838313277,NA,NA
NovelmiRNA-330,0,0,4.798919838313277,NA,NA
NovelmiRNA-1881,0.7156221620915215,-0.23163482229315108,0.9489932055271763,0.3339592164465584,NA
NovelmiRNA-2495,0,0,4.798919838313277,NA,NA
NovelmiRNA-352,0,0,4.798919838313277,NA,NA
NovelmiRNA-3349,0.5549930014411062,-0.19543237735120295,0.9141761049832972,0.4019542050805822,NA
NovelmiRNA-2510,0.3329958008646637,-0.13257710231966266,0.8675860388126726,0.553332101552302,NA
NovelmiRNA-1734,10131.789528932362,16.49503018362083,2.3991194175929764,3.957007402879106e-12,1.2464573319069185e-10
NovelmiRNA-1894,0,0,4.798919838313277,NA,NA
NovelmiRNA-1161,0,0,4.798919838313277,NA,NA
NovelmiRNA-1561,0,0,4.798919838313277,NA,NA
NovelmiRNA-1443,1.0986174646171563,0.2992149962389119,1.0270269884697592,0.23855332362906778,NA
NovelmiRNA-1321,178.67344366618542,0.259555368010973,0.6033266124183682,0.3464884779033276,0.6728046814081738
NovelmiRNA-3397,2.7788697994145,0.13506863450914686,0.7101567749120288,0.5901823763947359,NA
NovelmiRNA-747,0,0,4.798919838313277,NA,NA
NovelmiRNA-54,0,0,4.798919838313277,NA,NA
NovelmiRNA-1191,0,0,4.798919838313277,NA,NA
NovelmiRNA-1192,0,0,4.798919838313277,NA,NA
NovelmiRNA-2501,18.45391747753767,-0.17638942526200313,0.8309463640622112,0.4598399419935908,0.7616167644949383
NovelmiRNA-3691,0,0,4.798919838313277,NA,NA
NovelmiRNA-1656,0,0,4.798919838313277,NA,NA
NovelmiRNA-1634,0,0,4.798919838313277,NA,NA
NovelmiRNA-3566,0,0,4.798919838313277,NA,NA
NovelmiRNA-2443,3.4951453157034793,0.1359879805559189,0.8305699456145778,0.5538224667569878,NA
NovelmiRNA-746,0,0,4.798919838313277,NA,NA
NovelmiRNA-528,0,0,4.798919838313277,NA,NA
NovelmiRNA-3469,0,0,4.798919838313277,NA,NA
NovelmiRNA-1252,0.8163150290458597,0.25314451318211506,0.972303619534078,0.29947800658904933,NA
NovelmiRNA-1107,0.59774504680378,-0.20512676753069495,0.9229682990211565,0.38244560555540946,NA
NovelmiRNA-1560,0,0,4.798919838313277,NA,NA
NovelmiRNA-3794,0,0,4.798919838313277,NA,NA
NovelmiRNA-3030,1.8485863949099826,0.19834178455872717,0.8595232716902663,0.40848531146808414,NA
NovelmiRNA-3540,0.3529765881503647,-0.13765555340785815,0.8707329474700787,0.539439537082959,NA
NovelmiRNA-846,0,0,4.798919838313277,NA,NA
NovelmiRNA-449,4.583580577876104,-0.6538310954463761,1.5602202466614616,0.0626607544161593,NA
NovelmiRNA-1610,0,0,4.798919838313277,NA,NA
NovelmiRNA-3770,11.127921436380687,-0.019966918504717518,0.7189837374938571,0.933013315399156,0.983942613026806
NovelmiRNA-1082,0,0,4.798919838313277,NA,NA
NovelmiRNA-2286,0,0,4.798919838313277,NA,NA
NovelmiRNA-679,0,0,4.798919838313277,NA,NA
NovelmiRNA-1770,0,0,4.798919838313277,NA,NA
NovelmiRNA-788,2.1889500054226554,0.43153971809523994,1.212639036922701,0.13260567651833155,NA
NovelmiRNA-69,0.24498671122436858,-0.11158386195355653,0.855759549650753,0.6138416064299741,NA
NovelmiRNA-1885,0,0,4.798919838313277,NA,NA
NovelmiRNA-2529,0,0,4.798919838313277,NA,NA
NovelmiRNA-1410,0,0,4.798919838313277,NA,NA
NovelmiRNA-900,0,0,4.798919838313277,NA,NA
NovelmiRNA-3439,0,0,4.798919838313277,NA,NA
NovelmiRNA-2526,0,0,4.798919838313277,NA,NA
NovelmiRNA-2784,0.19974862993039205,0.08448784305098349,0.843186872131815,0.6989634750750067,NA
NovelmiRNA-3261,3.433097630865581,-0.0826175995389688,0.8186452513940601,NA,NA
hsa-miR-106b-3p,3292.4941809287434,-28.27967364680256,2.9971505506210034,1.039274669772129e-21,1.4731718444019928e-19
hsa-miR-5696,0,0,4.798919838313277,NA,NA
hsa-miR-4729,0,0,4.798919838313277,NA,NA
hsa-miR-3679-3p,7.78642568216454,-0.03687405136231485,0.6090217149155314,0.8838944766109483,0.983942613026806
hsa-miR-873-3p,144.62606582602004,-1.0778295022396231,1.3200370155804475,0.01808676390005191,0.13673593508439244
hsa-miR-586,0.18374003341827644,-0.09246574323294067,0.8462303895557733,0.6731947543740562,NA
hsa-miR-3190-3p,2.3101766384744504,-0.27527638728752923,0.8442481875008134,0.294381066017765,NA
hsa-miR-4800-3p,0,0,4.798919838313277,NA,NA
hsa-miR-6872-5p,0.23531772543357646,-0.08500384483059749,0.8430406333946374,0.697345392708236,NA
hsa-miR-7108-5p,0.3062333890304607,-0.13093600130064717,0.8665952645234334,0.5578836034781547,NA
hsa-miR-518e-3p,0,0,4.798919838313277,NA,NA
hsa-miR-767-3p,93.40265222085479,0.0016541970759168753,0.5070992364968477,0.9947276464641455,0.9955089872910149
hsa-miR-4433b-5p,98.46114916526186,-9.24395605581513,3.181368219859325,NA,NA
hsa-miR-548f-3p,16.528896339348893,21.788257126567377,2.9958194379780334,NA,NA
hsa-miR-4467,2.7882554917104065,0.06685708793493446,0.8058751086895928,0.763942520873029,NA
hsa-miR-4793-3p,0.7575744155534909,0.2441256599171978,0.9624150951142333,0.3134172700154515,NA
hsa-miR-4699-5p,1.3085376268651205,0.3315947545656601,1.0691467489819075,0.20459235058091688,NA
hsa-miR-483-3p,239.76877478588264,1.6042598800675183,1.3473252506500368,NA,NA
hsa-miR-3138,0.8737483890607824,-0.25905692798851626,0.9787395845056551,0.2907426422192474,NA
hsa-miR-3121-3p,0.42872674464264493,-0.1686502807811103,0.8920566928436559,0.4610810740524405,NA
hsa-miR-6866-3p,34.226439274014794,-0.2565088798916126,0.37499925352698055,0.2855635794559011,0.6181288729510763
hsa-miR-519b-3p,3.3532576156305813,-0.2276897465788367,0.7481636825574975,0.3875745981391496,NA
hsa-miR-4498,0,0,4.798919838313277,NA,NA
hsa-miR-1245b-5p,0,0,4.798919838313277,NA,NA
hsa-miR-493-3p,690.2397134311402,1.301756948451317,0.9684825361343408,0.007219651227743753,0.0758063378913094
hsa-miR-3120-3p,9.66557332644666,-1.6919780429146976,1.8301062044702339,0.005367377402560444,0.06475112738833558
hsa-miR-6516-5p,43.06554044937483,-0.2972646707301576,0.5691509153514456,0.285144265545868,0.6181288729510763
hsa-miR-5579-3p,1.0985498266493978,0.30106158139209865,1.0293545341988766,0.2364369485101172,NA
hsa-miR-3691-5p,2.5779709376305036,-0.26389654825509645,0.8288715139813295,0.3128099136033545,NA
hsa-miR-3160-5p,0.23531772543357646,-0.08500384483059749,0.8430406333946374,0.697345392708236,NA
hsa-miR-199a-5p,15085.852889307907,0.7742843418638916,0.8903379509315021,0.04367931417597565,0.2336431239413037
hsa-miR-4476,0,0,4.798919838313277,NA,NA
hsa-miR-6825-5p,0,0,4.798919838313277,NA,NA
hsa-miR-9985,0,0,4.798919838313277,NA,NA
hsa-miR-32-3p,0,0,4.798919838313277,NA,NA
hsa-miR-2276-5p,7.676527854696171,-0.47779614015747063,0.8859555901130682,0.12898271070054818,0.3869481321016445
hsa-miR-627-5p,9.016163320554618,0.01770916248763466,0.47425629721376283,0.942922214910046,0.983942613026806
hsa-miR-3914,0,0,4.798919838313277,NA,NA
hsa-miR-3157-3p,12.04457566461592,-0.30116554816535596,0.48936006153688594,0.26029045638476106,0.5878319034219022
hsa-miR-6818-3p,1.1984917795823524,0.31402213906561405,1.045952621636454,0.22221461513707458,NA
hsa-miR-1913,0.19974862993039205,0.08448784305098349,0.843186872131815,0.6989634750750067,NA
hsa-miR-4658,0,0,4.798919838313277,NA,NA
hsa-miR-4733-5p,0.37167924307897676,0.15084003324361592,0.8792082742897122,0.5047915871075008,NA
hsa-miR-509-5p,10.641346035714141,0.2732996429206882,0.5191710497292824,0.31034291292709304,0.6274136614411353
hsa-miR-4717-5p,0,0,4.798919838313277,NA,NA
hsa-miR-3675-5p,1.8854984492500662,-0.39773157327038566,1.1621555394753789,0.15246343026692688,NA
hsa-miR-3917,1.058929764451094,-0.28986700804403887,1.0152067646321095,0.24964198502570278,NA
hsa-miR-4780,1.058929764451094,-0.28986700804403887,1.0152067646321095,0.24964198502570278,NA
hsa-miR-4790-3p,0,0,4.798919838313277,NA,NA
hsa-miR-142-5p,6150.458478855042,-28.195308459187913,2.99710861019878,NA,NA
hsa-miR-4520-5p,0.8637522536489258,0.05606899593568116,0.8223920927744435,0.7973519303136942,NA
hsa-miR-3161,0.18374003341827644,-0.09246574323294067,0.8462303895557733,0.6731947543740562,NA
hsa-miR-885-3p,1411.015822482826,-0.1162529941854974,0.44369079741834266,0.6371240202770032,0.8854821983717537
hsa-miR-5191,0.3529765881503647,-0.13765555340785815,0.8707329474700787,0.539439537082959,NA
hsa-miR-3919,0.25012287495518837,-0.11053899570896643,0.855189035996116,0.6169875984115079,NA
hsa-miR-6767-5p,0.12249335561218429,-0.06980524766123042,0.8371469421296757,0.7481588900719816,NA
hsa-miR-615-5p,1.6900503499043504,0.37936630559447615,1.1356338812976599,0.16497707545634502,NA
hsa-miR-376a-3p,264.33763149135183,0.28175663509903603,0.4390477286902489,0.271852599550871,0.6068520627769443
hsa-miR-511-3p,42.456636545908935,0.7675090713956112,0.9476037439594218,0.04561927195447019,0.23514661089258726
hsa-miR-7973,0,0,4.798919838313277,NA,NA
hsa-miR-6864-5p,0,0,4.798919838313277,NA,NA
hsa-miR-548v,4.873741777605381,-1.1367106221190988,1.8904620342075282,0.018597210463998058,0.13680178332366008
hsa-miR-1295b-3p,0,0,4.798919838313277,NA,NA
hsa-miR-3682-3p,0,0,4.798919838313277,NA,NA
hsa-miR-4666b,0.061246677806092144,-0.038229017418991165,0.8284176057494365,0.8593529765549299,NA
hsa-miR-3191-5p,0,0,4.798919838313277,NA,NA
hsa-miR-299-5p,195.77934985596906,0.49882348151292727,0.6462056098098602,0.11316020186423431,0.3506111172514801
hsa-miR-524-3p,0,0,4.798919838313277,NA,NA
hsa-miR-18b-3p,7.210116375936552,0.22498019575789,0.8425417774607142,0.3665673416195387,0.6951888266893056
hsa-miR-4523,0.3529765881503647,-0.13765555340785815,0.8707329474700787,0.539439537082959,NA
hsa-miR-6718-5p,2.659497870289869,-0.7543731474622901,1.425085994330318,0.04412945169321773,NA
hsa-miR-3925-3p,0,0,4.798919838313277,NA,NA
hsa-miR-6805-3p,2.1615017915070687,-0.4281640011612376,1.20741223134282,0.13442175474356305,NA
hsa-miR-4427,0.48209280989767606,0.1836279831285058,0.9042778702373763,0.42700499678340625,NA
hsa-miR-4639-3p,3.896448858978488,-0.12304267424738144,0.7627501776318034,0.6074920331205035,NA
hsa-miR-3186-3p,0.2760033422570024,-0.08500384483059753,0.8430406333946374,0.697345392708236,NA
hsa-miR-770-3p,51.155246109037364,-0.3269856714823951,0.7754034395754555,0.24997015992143853,0.5738181403864601
hsa-miR-642a-3p,17.633557510404195,-0.5228358095459421,0.8901546802140434,0.10920248613901808,0.3478528631506924
hsa-miR-7155-3p,0,0,4.798919838313277,NA,NA
hsa-miR-6800-3p,0,0,4.798919838313277,NA,NA
hsa-miR-4727-5p,0.9187001670913821,-0.27161334271834836,0.9932354444107291,0.2730999036531101,NA
hsa-miR-4786-5p,0,0,4.798919838313277,NA,NA
hsa-miR-510-5p,0,0,4.798919838313277,NA,NA
hsa-miR-6834-5p,0.2760033422570024,-0.08500384483059753,0.8430406333946374,0.697345392708236,NA
hsa-miR-1228-5p,4.577779762355142,0.3790250985457123,0.8750673451103625,0.18850873999969783,NA
hsa-miR-556-3p,4.5669678286186635,0.14043548331139508,0.6036373742633212,0.5897074045959729,NA
hsa-miR-10399-5p,2.1114992686535623,-0.1100897967537856,0.8357276912307757,0.6228522036424682,NA
hsa-miR-4667-5p,1.8046581104465442,-0.014974734963778191,0.6736832863394377,0.9513476616742015,NA
hsa-miR-302a-3p,28.289280316151693,0.0897874003112111,0.6049131043273542,0.7254473977576841,0.9241960707221383
hsa-miR-6845-5p,1.4035805415132818,-0.8176931216702296,1.2445981683285865,0.03682276267422494,NA
hsa-miR-409-5p,2810.736074315458,-0.003641201263462662,0.42458204281538603,0.9879315723696457,0.9931865275418246
hsa-miR-5003-3p,0,0,4.798919838313277,NA,NA
hsa-miR-3617-3p,4.983234836859978,-2.2263319230092,2.3147929602261983,0.0029235431252302153,0.039467832190607906
hsa-miR-552-5p,26.500090072368824,-0.04772471670097993,0.5191204888032708,0.8497338135502867,0.977280065482784
hsa-miR-6727-3p,0.2131950255061687,-0.029795045502483505,0.8264097768082046,0.8900612064618053,NA
hsa-miR-3667-3p,0.4618429637964908,-0.0015402933547038003,0.8231570230140326,0.9942915788609832,NA
hsa-miR-548al,0,0,4.798919838313277,NA,NA
hsa-miR-4657,0,0,4.798919838313277,NA,NA
hsa-miR-548ae-3p,0,0,4.798919838313277,NA,NA
hsa-miR-147b-3p,3.0645639280080945,0.073276545036418,0.8062388748195126,0.7428434254207243,NA
hsa-miR-5695,0,0,4.798919838313277,NA,NA
hsa-miR-625-5p,678.7392254661777,-0.22034487681422665,0.47918515633722336,0.3943541605315243,0.7212864807141106
hsa-miR-548t-5p,1.8976119843387245,0.4029100385655164,1.169914270171436,0.14916636911897313,NA
hsa-miR-6895-3p,1.7367374480127264,-0.21141387589673108,0.7992315776135163,0.4018009811298672,NA
hsa-miR-6779-3p,0,0,4.798919838313277,NA,NA
hsa-miR-3678-5p,0,0,4.798919838313277,NA,NA
hsa-miR-1247-3p,4.305678538911291,-0.22831534789381225,0.6716055591798846,0.3991765757566056,NA
hsa-miR-3129-3p,0,0,4.798919838313277,NA,NA
hsa-miR-6733-3p,19.25981349582349,-0.5759129130601158,0.5325372224155771,0.05785944622287738,0.24823896526190461
hsa-miR-513b-5p,0,0,4.798919838313277,NA,NA
hsa-miR-4728-3p,0.3628066795759376,0.14865431957743816,0.8776867312724779,0.510412527768982,NA
hsa-miR-4725-3p,0.18374003341827644,-0.09246574323294067,0.8462303895557733,0.6731947543740562,NA
hsa-miR-1304-5p,26.72510148520976,-0.009281391831039328,0.659697037082616,0.9700598248359514,0.983942613026806
hsa-miR-6762-5p,6.1397427671211355,0.02583558090616605,0.5124916295208357,0.9179982406374168,0.983942613026806
hsa-miR-4761-3p,0.63881002183294,0.05655583210536772,0.8277089970354611,0.7948181346050389,NA
hsa-miR-335-5p,1317.1633300256885,-0.48874156708509664,0.5241955557532019,0.09516019628065621,0.32308881012653934
hsa-miR-6716-3p,4.520294564455141,-0.017827068073672996,0.7027654087891497,0.9409417923197442,NA
hsa-miR-6820-5p,2.151291036611397,-0.04590131347993813,0.7433209918923179,0.8443433190993694,NA
hsa-miR-6785-5p,0.18374003341827644,-0.09246574323294067,0.8462303895557733,0.6731947543740562,NA
hsa-miR-6840-5p,0,0,4.798919838313277,NA,NA
hsa-miR-4433a-5p,0.42872674464264493,-0.1686502807811103,0.8920566928436559,0.4610810740524405,NA
hsa-miR-521,0,0,4.798919838313277,NA,NA
hsa-miR-1245a,0,0,4.798919838313277,NA,NA
hsa-miR-548ac,0,0,4.798919838313277,NA,NA
hsa-miR-3187-5p,3.387359768722668,-0.18991760031511154,0.6265811176874971,0.47565565774715357,NA
hsa-miR-4772-3p,6.022333549180667,-2.0374768462237753,2.397452506337226,0.004307849986227793,0.05427890982647019
hsa-miR-1273h-3p,0,0,4.798919838313277,NA,NA
hsa-miR-6789-3p,0.8737483890607824,-0.25905692798851626,0.9787395845056551,0.2907426422192474,NA
hsa-miR-5587-3p,0.2892419389156432,-0.12382336790267584,0.8624637430766238,0.5779556322310399,NA
hsa-miR-520b-5p,1.0378233012764102,0.01637152470109084,0.7912315258682767,0.9411709514761127,NA
hsa-miR-548q,0,0,4.798919838313277,NA,NA
hsa-miR-181c-3p,933.4878561321829,-0.06942079001071506,0.40914388833273563,0.771632493193502,0.9418427199228945
hsa-miR-10398-5p,12.917943931827905,-0.4695475926228154,0.981508130007598,0.12412446653898074,0.3763560028214015
hsa-miR-331-5p,636.1952129362244,0.07668677015378036,0.5448970278492664,0.7631553212308722,0.9406718850824012
hsa-miR-7704,5.5200668451400485,-0.7289387654312098,1.6770968822627192,NA,NA
hsa-miR-4999-3p,4.000340529297162,0.06858329240531573,0.8126465199871837,NA,NA
hsa-miR-6796-3p,0.8657402316597194,-0.1197987812931779,0.8527507526518129,0.591275848991031,NA
hsa-miR-1291,2.1089734054762035,-0.4232196714797452,1.1999803116222774,0.13714479092925835,NA
hsa-miR-6758-5p,1.3467437631642123,0.113809883120893,0.8080676819422679,0.6196085928709475,NA
hsa-miR-449b-5p,14.047505889115381,21.592252401872077,2.9960763311149385,NA,NA
hsa-miR-4758-5p,0,0,4.798919838313277,NA,NA
hsa-miR-4701-3p,1.3647266483396483,-0.45637856810144206,1.0934458392025046,0.12284180811211402,NA
hsa-miR-4637,0.27548160565581487,0.12466470294097473,0.8625714794085896,0.5756343974694533,NA
hsa-miR-5584-5p,17.361894779009926,-0.5449731904453199,0.918964926616768,0.09929692177913803,0.3274037664520827
hsa-miR-4450,0,0,4.798919838313277,NA,NA
hsa-miR-3135a,0.42872674464264493,-0.1686502807811103,0.8920566928436559,0.4610810740524405,NA
hsa-miR-4671-5p,3.4645890158085955,0.2533483965593179,0.7014916760923177,0.3546805498445839,NA
hsa-miR-574-5p,0,0,4.798919838313277,NA,NA
hsa-miR-6748-5p,1.9884900450145655,-0.020980579525986365,0.6814238838765118,0.9315832177127964,NA
hsa-miR-188-3p,22.49050862514772,2.0685190913011624,0.9412375342646991,4.554467977223311e-4,0.008607944476952057
hsa-miR-4649-3p,0.718680703747441,-0.033302518946571845,0.796849098155907,0.8804530082448797,NA
hsa-miR-4485-3p,0,0,4.798919838313277,NA,NA
hsa-miR-4724-5p,0.5807535966889625,-0.20033683347301764,0.9185737650957351,0.3919619749318068,NA
hsa-miR-519c-5p,1.5611556185671318,-0.04554998897041009,0.7294708349414307,0.8473728868675037,NA
hsa-miR-5188,1.6952939995390521,-0.5347889462941363,1.1782632349791062,0.09037013302842112,NA
hsa-miR-520b-3p,2.3611710467411213,-0.4807098999622793,1.0179863263914632,0.11652742899521373,NA
hsa-miR-4521,7.091076362528918,0.8610898539853955,1.8764627615290028,NA,NA
hsa-miR-4731-5p,1.165478299405055,-0.40177116746417096,1.0411402546509925,0.15452325396698047,NA
hsa-miR-361-5p,3770.3995536128423,0.033742664585204855,0.7705783941757396,0.881868610009728,0.983942613026806
hsa-miR-4760-3p,0.6218021180341651,0.03423803686147776,0.8212609590639418,0.874482170919135,NA
hsa-miR-10526-3p,0.520990053481371,-0.18829383753258558,0.9079630825346137,0.416953691290135,NA
hsa-miR-4755-3p,2.62727348725726,0.12188485777373917,0.7684475601996141,0.6089347669022074,NA
hsa-miR-4638-3p,0,0,4.798919838313277,NA,NA
hsa-miR-4516,1.3085376268651205,0.3315947545656601,1.0691467489819075,0.20459235058091688,NA
hsa-miR-4672,0.9660116978995085,-0.2734251577021187,0.9953697620720495,0.2706583341254228,NA
hsa-miR-515-5p,0.18583962153948838,0.08448784305098354,0.843186872131815,0.6989634750750066,NA
hsa-miR-4664-5p,0.45584504310022966,0.02448338028487728,0.8222944118965051,0.9097595942074743,NA
hsa-miR-6844,0,0,4.798919838313277,NA,NA
hsa-miR-4491,0.12249335561218429,-0.06980524766123042,0.8371469421296757,0.7481588900719816,NA
hsa-miR-6751-3p,0.44399440115288485,-0.16666578066671026,0.890549875066324,0.4657756805344072,NA
hsa-miR-4431,0,0,4.798919838313277,NA,NA
hsa-miR-7114-5p,3.4122326977737263,-0.06003477757173114,0.6353899148501584,0.8115546044234951,NA
hsa-miR-6515-5p,5.279930834471432,-0.011403304956118293,0.6549282290841323,0.9633115859269391,0.983942613026806
hsa-miR-3150a-5p,0.25012287495518837,-0.11053899570896643,0.855189035996116,0.6169875984115079,NA
hsa-miR-3150b-3p,2.2080267380560192,-0.43245024955755157,1.2138773153905689,0.13212173657972748,NA
hsa-miR-6823-3p,0,0,4.798919838313277,NA,NA
hsa-miR-4798-3p,5.284108610059996,0.1399558100006153,0.6248992851067725,0.5901302193967332,0.8514092478319281
hsa-miR-4659b-3p,0,0,4.798919838313277,NA,NA
hsa-miR-3663-3p,0,0,4.798919838313277,NA,NA
hsa-miR-4716-3p,0,0,4.798919838313277,NA,NA
hsa-miR-526a-3p,1.1355013767074973,-0.0043021953557330845,0.7888861769734793,0.9845464257643489,NA
hsa-miR-4709-5p,1.1491833996295624,-0.3063308444810898,1.0358689704922712,0.2305345616782199,NA
hsa-miR-499b-3p,0,0,4.798919838313277,NA,NA
hsa-miR-6754-5p,0.27875943230923256,0.12245908729420636,0.8613312315272234,0.5819523643327349,NA
hsa-miR-6736-5p,0,0,4.798919838313277,NA,NA
hsa-miR-548aj-3p,20.916681786504395,0.449328403187004,0.9422686262785068,0.13731888358779443,0.4010370433921597
hsa-miR-549a-5p,10.061867362061822,0.11590484219815186,0.5746290141359283,0.6532593841346495,0.8903799778950631
hsa-miR-6735-5p,1.824771694850351,-0.5530967900839608,1.2061686125046653,0.08436658379566808,NA
hsa-miR-1909-3p,0.5549930014411062,-0.19543237735120295,0.9141761049832972,0.4019542050805822,NA
hsa-miR-6876-3p,0,0,4.798919838313277,NA,NA
hsa-miR-548ai,4.233558092234903,-0.27024674850915026,0.7937025256198589,0.3129949520384023,NA
hsa-miR-4526,0,0,4.798919838313277,NA,NA
hsa-miR-628-3p,359.01875133284966,-0.3426961810598387,0.4739070630891562,0.20174479728170408,0.5096778752243739
hsa-miR-4678,0.6589917246098722,-0.21902611254969637,0.9362622120034026,0.35615731746540635,NA
hsa-miR-671-5p,143.50475285507687,-0.26674006258757843,0.4797851124031567,0.31007217347912414,0.6274136614411353
hsa-miR-1258,1.0199709213642003,-0.28544415527292394,1.0097894778459688,0.2550981777406974,NA
hsa-miR-4799-5p,0.9505033823831914,-0.2716569582358518,0.9932866995669835,0.2730408259388284,NA
hsa-miR-520c-5p,0.3329958008646637,-0.13257710231966266,0.8675860388126726,0.553332101552302,NA
hsa-miR-6717-3p,0,0,4.798919838313277,NA,NA
hsa-miR-4638-5p,0,0,4.798919838313277,NA,NA
hsa-miR-4676-5p,2.4326204749374067,-0.014197606830140954,0.6843757436061148,0.9535524032468999,NA
hsa-miR-4797-5p,3.1150023893098417,-0.1494898013904053,0.7173239100683194,0.5531857744694837,NA
hsa-miR-10394-5p,0,0,4.798919838313277,NA,NA
hsa-miR-4640-5p,0,0,4.798919838313277,NA,NA
hsa-miR-609,0,0,4.798919838313277,NA,NA
hsa-miR-520d-3p,0.9648448037590976,-0.008329036178181993,0.8121456170951976,0.9694406629184621,NA
hsa-miR-548at-5p,0.23531772543357646,-0.08500384483059749,0.8430406333946374,0.697345392708236,NA
hsa-miR-548j-3p,1.6595830487544831,-0.5507848654607012,1.183020268010506,0.08539588638131425,NA
hsa-miR-3074-3p,23.4010134139459,0.3347585676654658,0.6090744250573635,0.24324116575441268,0.5629295550316409
hsa-miR-6743-3p,0.9091145995650605,-0.35388538790185914,0.9813893287011504,0.19273100880139535,NA
hsa-miR-6746-5p,0.4140050133855036,-0.15436002769248142,0.8816311341846661,0.4958691617596886,NA
hsa-miR-7855-5p,0.3334971666069178,-0.1362862190741062,0.8698765799512923,0.5431558858597807,NA
hsa-miR-1912-3p,15.109798161168328,0.35745466527640984,0.8078389357524803,0.21610002911792123,0.5280843376033604
hsa-miR-6761-3p,0.24498671122436858,-0.11158386195355653,0.855759549650753,0.6138416064299741,NA
hsa-miR-6827-3p,3.8125071173255254,-1.7184831241788403,2.0094787139409593,0.005745018011172639,NA
hsa-miR-7974,0.9918452469854544,-0.3677104969751521,1.0019158214877266,0.18024459420695557,NA
hsa-miR-6865-3p,0.1667485833034589,-0.08359876647216843,0.8424737620384914,0.7019514607911306,NA
hsa-miR-4776-5p,0.19974862993039205,0.08448784305098349,0.843186872131815,0.6989634750750067,NA
hsa-miR-539-5p,619.1702994305504,-0.052950418741282215,0.3812392128334374,0.8208036495086428,0.9663571918118307
hsa-miR-942-3p,47.89776907931603,-0.10943488689188814,0.5562926738381024,0.6702406656513547,0.9021592190306226
hsa-miR-518e-5p,0.9552992846410829,-0.04545405248666993,0.8177106981107034,0.835000682242389,NA
hsa-miR-6860,0.5549930014411062,-0.19543237735120295,0.9141761049832972,0.4019542050805822,NA
hsa-miR-485-5p,863.0351076097613,-0.04536845812189754,0.44221900415083365,0.8523480875517199,0.9783023595988363
hsa-miR-5088-5p,0.6621003607187091,-0.07091979824720225,0.8076054884587446,0.7502322039006131,NA
hsa-miR-4680-3p,0,0,4.798919838313277,NA,NA
hsa-miR-33b-3p,3.445730216483678,-0.8836490897808678,1.593820132001292,0.031573716449972755,NA
hsa-miR-3165,0.18583962153948838,0.08448784305098354,0.843186872131815,0.6989634750750066,NA
hsa-miR-6831-5p,0.1667485833034589,-0.08359876647216843,0.8424737620384914,0.7019514607911306,NA
hsa-miR-939-5p,3.174038435955528,-0.5280260006445737,1.361846205554807,NA,NA
hsa-miR-132-3p,7961.467004951827,-0.8823735246947064,0.7978915423671301,0.0252256673226251,0.16563454668836464
hsa-miR-6810-3p,1.3977485005331836,-0.08465307369480043,0.8024217584463691,0.7075010846361239,NA
hsa-miR-3183,0.5523368347733394,0.06827145517908192,0.8110605381135878,0.7582340147762856,NA
hsa-miR-512-5p,1.050443732489356,-0.37375640995436005,1.0143965366200318,0.17482572035729171,NA
hsa-miR-4802-3p,0.20661120424186116,0.0990841137659871,0.849715101729678,0.652139591536963,NA
hsa-miR-1915-5p,0,0,4.798919838313277,NA,NA
hsa-miR-548b-3p,16.347785437902004,0.05961131290436543,0.6210380802863155,0.8136187972848271,0.9645386265616
hsa-miR-466,0,0,4.798919838313277,NA,NA
hsa-miR-3163,0.5533196883760413,-0.06088133384311623,0.8293244957334189,0.7796997124663042,NA
hsa-miR-5699-3p,9.932754066051727,-0.15178119008215643,0.754949617745494,0.5377225791188985,0.8157168082753613
hsa-miR-1277-5p,38.80410948338919,-0.03606537801590477,0.411320698864965,0.8799919063564987,0.983942613026806
hsa-miR-541-5p,20.71153759068505,0.04569902265590959,0.5191066882922706,0.8560065498618092,0.9785397455073505
hsa-miR-6729-3p,0.453508349469922,0.17336924964904507,0.8959769155802291,0.45004085711585157,NA
hsa-miR-33a-3p,9.88172953211138,-1.0673310702269625,2.167354294178605,0.025774595356772418,0.16607040417374955
hsa-miR-6792-5p,0,0,4.798919838313277,NA,NA
hsa-miR-4711-3p,0,0,4.798919838313277,NA,NA
hsa-miR-5583-3p,0.6745000401261891,-0.2208268703056173,0.9380420877883069,0.3528927238750018,NA
hsa-miR-6822-3p,0.1814033397879688,0.08448784305098353,0.843186872131815,0.6989634750750066,NA
hsa-miR-3936,0.23531772543357646,-0.08500384483059749,0.8430406333946374,0.697345392708236,NA
hsa-miR-140-3p,22674.991014111332,-0.6633918799021241,0.6084453459387728,0.044608976684210724,0.2341971275921063
hsa-miR-7152-5p,3.830975408753451,0.32317180721402045,0.9082418685006353,0.22926050396763972,NA
hsa-miR-4712-5p,0.1814033397879688,0.08448784305098353,0.843186872131815,0.6989634750750066,NA
hsa-miR-525-5p,0.25012287495518837,-0.11053899570896643,0.855189035996116,0.6169875984115079,NA
hsa-miR-1914-3p,1.9493116557048742,-0.0631710794255944,0.7356959596886526,0.7896568194327401,NA
hsa-miR-3944-3p,0.3903512376601376,0.005140009583103575,0.8223614107261077,0.9809672160488166,NA
hsa-miR-5009-5p,1.7932351404113402,-0.38757063247639983,1.1473318122174834,0.15922344045726766,NA
hsa-miR-377-5p,158.86817812722384,0.11636705635127936,0.3943944710946854,0.6249201179245245,0.8748881650943343
hsa-miR-130b-3p,962.1770677133923,2.795235372747717,0.6111553036076303,1.0967648108867012e-7,3.2729770935408395e-6
hsa-miR-12114,0.7466387931241554,-0.23523545118922387,0.95274165945435485,0.32789791705103577,NA
hsa-miR-4796-3p,1.0266900440173783,-0.2876131561297481,1.0124388685301597,0.2524047334095736,NA
hsa-miR-5000-5p,1.097348818671063,0.0014870356534273464,0.7925917105163325,0.9946389096720827,NA
hsa-miR-4670-5p,0,0,4.798919838313277,NA,NA
hsa-miR-3064-3p,1.4086735895401192,-0.3433292428883923,1.0848777331740653,NA,NA
hsa-miR-6720-5p,12.707644600575156,0.14440112304359112,0.7690843129810082,0.5512163027011188,0.8160304011267215
hsa-miR-6506-5p,0,0,4.798919838313277,NA,NA
hsa-miR-382-5p,1245.422470329174,-0.08485790501718934,0.3715715134129076,0.7151350273994117,0.9194593209421008
hsa-miR-4703-3p,0.12249335561218429,-0.06980524766123042,0.8371469421296757,0.7481588900719816,NA
hsa-miR-4706,0,0,4.798919838313277,NA,NA
hsa-miR-6848-5p,0,0,4.798919838313277,NA,NA
hsa-miR-3159,0,0,4.798919838313277,NA,NA
hsa-miR-1537-3p,0.5520066845140048,-0.19173381812097262,0.9109289965584434,0.409657715638502,NA
hsa-miR-3197,0,0,4.798919838313277,NA,NA
hsa-miR-6878-5p,0.6289799304073671,-0.2107570271566985,0.928257378246758,0.3715617617147127,NA
hsa-miR-876-3p,75.11007498747497,-0.22640001645081867,0.8438794475975243,0.3639125831189335,0.6947422041361457
hsa-miR-3692-5p,0.2760033422570024,-0.08500384483059753,0.8430406333946374,0.697345392708236,NA
hsa-miR-2681-5p,35.51709570446298,0.11519517155015017,0.5632811852315129,0.6548363713796416,0.8903890229550522
hsa-miR-4435,0.5520066845140048,-0.19173381812097262,0.9109289965584434,0.409657715638502,NA
hsa-miR-6728-5p,0,0,4.798919838313277,NA,NA
hsa-miR-506-5p,2.708316844933586,-0.0123839072332878,0.6842404791219766,0.9594789501897389,NA
hsa-miR-3622a-3p,11.237099886479129,0.1015507925320941,0.5916379898851333,0.6926036243775788,0.9069428522450051
hsa-miR-4765,0.12249335561218429,-0.06980524766123042,0.8371469421296757,0.7481588900719816,NA
hsa-miR-3615,52.53091578363713,-22.61810407985882,2.994853731266416,1.826907114822412e-14,7.398973815030768e-13
hsa-miR-6852-5p,5.117030709555509,-1.0803726296781098,1.8770511630788278,0.02118409413997615,0.14847836203532605
hsa-miR-509-3-5p,37.13835131997363,-0.017137231062208474,0.47173626621394327,0.9446989183014152,0.983942613026806
hsa-miR-522-5p,1.3131103656868437,-0.14184757638013504,0.7627611489604676,0.5593583092028556,NA
hsa-miR-3126-5p,0,0,4.798919838313277,NA,NA
hsa-miR-3942-5p,1.532427596035286,0.3603619719692166,1.1086410649395495,0.17941802390280837,NA
hsa-miR-548h-3p,0,0,4.798919838313277,NA,NA
hsa-miR-4776-3p,0.19974862993039205,0.08448784305098349,0.843186872131815,0.6989634750750067,NA
hsa-miR-6858-5p,0,0,4.798919838313277,NA,NA
hsa-miR-3188,0.1667485833034589,-0.08359876647216843,0.8424737620384914,0.7019514607911306,NA
hsa-miR-4482-3p,2.607614698779972,-0.7216443164318198,1.400957705411372,0.04858885175262095,NA
hsa-miR-5571-3p,0,0,4.798919838313277,NA,NA
hsa-miR-548as-5p,1.4981147244779405,0.35470737243438427,1.1007408388525945,0.18403498932174278,NA
hsa-miR-4749-5p,2.4726762197542254,0.1795244428142124,0.6705170951861563,0.4941841650375449,NA
hsa-miR-3192-3p,1.1265439358037304,-0.1264488327235607,0.8210167535144313,0.5814152655340674,NA
hsa-miR-6867-5p,0,0,4.798919838313277,NA,NA
hsa-miR-7112-3p,0,0,4.798919838313277,NA,NA
hsa-miR-4529-3p,0.8284612736676022,-0.07810108725147091,0.800348703924993,0.7286358913913743,NA
hsa-miR-2682-3p,359.69265503977914,-0.2559746255835281,0.6267051302836308,0.35369882519365003,0.6798211318128798
hsa-miR-7843-5p,0.4854406003887648,-0.17931876322376789,0.900475090036747,0.4365908900295167,NA
hsa-miR-6851-5p,1.3097392710560412,-0.17694131370749877,0.7232518719086994,0.4898760619794722,NA
hsa-miR-4740-5p,0,0,4.798919838313277,NA,NA
hsa-miR-452-3p,56.978042733387944,0.4573542528217495,0.867051680897876,0.14086404948122078,0.4033834144234959
hsa-miR-5690,2.9103748371635425,0.05985407087505169,0.7455707701785655,0.7984976608031229,NA
hsa-miR-338-3p,16499.228004085413,-1.0762323118813395,0.9572198172834819,0.01561924734514921,0.12131661979040552
hsa-miR-371b-3p,1.1040133690280096,-0.29530993732346644,1.0219525078956315,0.24311900286135116,NA
hsa-miR-548aq-3p,1.7508601246863182,-0.3843519345598802,1.1426697331378686,NA,NA
hsa-miR-4691-5p,0,0,4.798919838313277,NA,NA
hsa-miR-11399,0,0,4.798919838313277,NA,NA
hsa-miR-513a-5p,0.7572674945488572,0.24175369785632203,0.959863136545094,0.31720287037012723,NA
hsa-miR-219b-5p,2.554070654419996,-0.13271914660530296,0.652261900359959,0.6059761124892022,NA
hsa-miR-6817-3p,1.427482172576713,-0.09494756327636956,0.7471174473771552,0.6901898958958641,NA
hsa-miR-519d-3p,1.6240180267391393,-0.14553315353359408,0.8275341846858624,0.5308083600168372,NA
hsa-miR-4766-3p,0.5520066845140048,-0.19173381812097262,0.9109289965584434,0.409657715638502,NA
hsa-miR-4723-5p,0.3628066795759376,0.14865431957743816,0.8776867312724779,0.510412527768982,NA
hsa-miR-6502-5p,0,0,4.798919838313277,NA,NA
hsa-miR-2467-3p,8.10219926937805,0.2902369038257005,0.6938661254998856,0.30241854314859357,0.6274136614411353
hsa-miR-3920,0.6137536433158957,-0.06424946509813738,0.8301466569262184,0.7681032141340016,NA
hsa-miR-4709-3p,1.1491833996295624,-0.3063308444810898,1.0358689704922712,0.2305345616782199,NA
hsa-miR-3136-3p,2.3058228447404625,-0.07888550715321202,0.8037726984013612,0.725362293290569,NA
hsa-miR-378b,20.3856388185303,22.0948412144494,2.9956031563011702,NA,NA
hsa-miR-3140-5p,1.4765461813309118,-0.493525208384206,1.1278426641115074,0.10598830744258124,NA
hsa-miR-5706,0.5882943135839411,-0.20252303291507018,0.9205673919025672,0.38758901888224456,NA
hsa-miR-3116,0.46459905384872097,0.17612038257953117,0.8981552514084292,0.44374986415779466,NA
hsa-miR-5008-5p,0.19974862993039205,0.08448784305098349,0.843186872131815,0.6989634750750067,NA
NovelmiRNA-717,0,0,4.798919838313277,NA,NA
NovelmiRNA-3730,0.8608658594115322,-0.25876755452625266,0.9784117422524575,0.2911644672282753,NA
NovelmiRNA-448,2.176840077455626,0.4343216027957507,1.2168422802379137,NA,NA
NovelmiRNA-2709,0,0,4.798919838313277,NA,NA
NovelmiRNA-2993,0.12249335561218429,-0.06980524766123042,0.8371469421296757,0.7481588900719816,NA
NovelmiRNA-1643,0.9977183688338285,0.28412921731000385,1.0083794000288226,0.2567319875751861,NA
NovelmiRNA-1702,1.1024402005096585,-0.3006113210484388,1.0286044996874582,0.23696339460793087,NA
NovelmiRNA-2638,3.438032998480535,0.5579368204512276,1.40910664458198,NA,NA
NovelmiRNA-766,0,0,4.798919838313277,NA,NA
NovelmiRNA-3166,1.4444859009736382,-0.3460712333664767,1.0886369714990274,0.19139591528375707,NA
NovelmiRNA-3103,0,0,4.798919838313277,NA,NA
NovelmiRNA-3461,0,0,4.798919838313277,NA,NA
NovelmiRNA-123,0,0,4.798919838313277,NA,NA
NovelmiRNA-3636,0,0,4.798919838313277,NA,NA
NovelmiRNA-3122,3.4378812130978953,-0.5547331442649687,1.4039396131495419,0.08467639800683191,NA
NovelmiRNA-2001,0,0,4.798919838313277,NA,NA
NovelmiRNA-2663,4.834897905898961,0.680013513933647,1.6012867397751918,0.05830455241763692,0.24823896526190461
NovelmiRNA-3094,1.1192051875515636,0.3035689111724477,1.0325300973217502,0.23359993839525195,NA
NovelmiRNA-3047,0,0,4.798919838313277,NA,NA
NovelmiRNA-2167,6.65195050816399,-0.8197740249992238,1.815084384428024,0.04142372574031264,0.22583896629574293
NovelmiRNA-761,0,0,4.798919838313277,NA,NA
NovelmiRNA-129,0,0,4.798919838313277,NA,NA
NovelmiRNA-2841,0,0,4.798919838313277,NA,NA
NovelmiRNA-1190,0,0,4.798919838313277,NA,NA
NovelmiRNA-2030,0.20661120424186116,0.0990841137659871,0.849715101729678,0.652139591536963,NA
NovelmiRNA-1282,19.188472503092928,-0.15436376556642872,0.7735323669847906,0.526118162291069,0.812831057272578
NovelmiRNA-2536,0,0,4.798919838313277,NA,NA
NovelmiRNA-820,0,0,4.798919838313277,NA,NA
NovelmiRNA-3206,0,0,4.798919838313277,NA,NA
NovelmiRNA-2382,0,0,4.798919838313277,NA,NA
NovelmiRNA-3219,0,0,4.798919838313277,NA,NA
NovelmiRNA-2444,0,0,4.798919838313277,NA,NA
NovelmiRNA-2047,1.8374003341827643,-0.39565557978354404,1.1591141529756348,NA,NA
NovelmiRNA-2910,0.3529765881503647,-0.13765555340785815,0.8707329474700787,0.539439537082959,NA
NovelmiRNA-815,0.3062333890304607,-0.13093600130064717,0.8665952645234334,0.5578836034781547,NA
NovelmiRNA-3199,0,0,4.798919838313277,NA,NA
NovelmiRNA-3805,0,0,4.798919838313277,NA,NA
NovelmiRNA-1297,3.6748006683655285,-0.5768827773188112,1.4389241532823542,NA,NA
NovelmiRNA-1933,0,0,4.798919838313277,NA,NA
NovelmiRNA-2582,2.2579895773311485,-0.018253600707133263,0.8045660647196451,0.933619448986105,NA
NovelmiRNA-1119,0,0,4.798919838313277,NA,NA
NovelmiRNA-2800,0,0,4.798919838313277,NA,NA
NovelmiRNA-1898,1.5739806638830827,-0.3619297202259628,1.1106847357299927,0.17816922380100153,NA
NovelmiRNA-1685,0,0,4.798919838313277,NA,NA
NovelmiRNA-3564,0,0,4.798919838313277,NA,NA
NovelmiRNA-2912,0,0,4.798919838313277,NA,NA
NovelmiRNA-1294,0,0,4.798919838313277,NA,NA
NovelmiRNA-529,3138.9039920295827,28.840604161731424,2.997394150861652,1.6411106033715439e-22,3.101699040372218e-20
NovelmiRNA-3669,2.9414715679197054,-0.507076182489123,1.3289644784373633,NA,NA
NovelmiRNA-1945,0,0,4.798919838313277,NA,NA
NovelmiRNA-1400,0,0,4.798919838313277,NA,NA
NovelmiRNA-3490,128.46931487272076,0.5599444664597637,1.3605963981287599,NA,NA
NovelmiRNA-3674,223.10046565815577,25.26370369157709,2.9958328308711013,NA,NA
NovelmiRNA-2534,0,0,4.798919838313277,NA,NA
NovelmiRNA-3587,5.563445454652297,-0.7334586204883881,1.6840584272621404,0.05075029464702212,0.24806394021432365
NovelmiRNA-2941,0.22199720057644243,-0.08500384483059753,0.8430406333946373,0.697345392708236,NA
NovelmiRNA-1169,1.1765886271678823,-0.30758232342164227,1.0374703856521987,0.22915659446840414,NA
NovelmiRNA-1756,115.51402504022471,0.15959236355972511,0.8562645876405032,0.48968395528194975,0.7837926249741487
NovelmiRNA-2328,0.453508349469922,0.17336924964904507,0.8959769155802291,0.45004085711585157,NA
NovelmiRNA-2986,0,0,4.798919838313277,NA,NA
NovelmiRNA-1378,0,0,4.798919838313277,NA,NA
NovelmiRNA-2648,11.065603727066097,21.275107383956843,2.9965523663901377,NA,NA
NovelmiRNA-1533,15.794770671850534,-0.6029500898886951,0.9732533242266885,0.07894357902611458,0.2964305252172647
NovelmiRNA-1863,1.9176087079897772,-0.4035536047777941,1.170718395365543,NA,NA
NovelmiRNA-2854,0,0,4.798919838313277,NA,NA
NovelmiRNA-1095,0.6659916017293274,-0.22025446132909934,0.9374749114359823,0.3539269908018537,NA
NovelmiRNA-953,6.6599160172932725,-0.8205648100148147,1.8162667320136234,NA,NA
NovelmiRNA-2422,0,0,4.798919838313277,NA,NA
NovelmiRNA-2547,0.25012287495518837,-0.11053899570896643,0.855189035996116,0.6169875984115079,NA
NovelmiRNA-3368,0,0,4.798919838313277,NA,NA
NovelmiRNA-2483,1.3893608797946433,0.34096132735502926,1.0818097372842563,0.19592170520238644,NA
NovelmiRNA-3200,0,0,4.798919838313277,NA,NA
NovelmiRNA-3485,0,0,4.798919838313277,NA,NA
NovelmiRNA-2840,0,0,4.798919838313277,NA,NA
NovelmiRNA-3054,4.140050133855036,-0.614201879186718,1.4978592159089321,NA,NA
NovelmiRNA-2432,14.914521164384992,0.459080153138496,0.6564157251506944,0.13863008907383298,0.4010370433921597
NovelmiRNA-1056,0,0,4.798919838313277,NA,NA
NovelmiRNA-729,1.0885050535116927,-0.29358964818649796,1.0198111576408158,0.2451581352343798,NA
NovelmiRNA-1130,4.193832062511693,-0.6206430503545894,1.5080165205164606,0.0689493520807034,NA
NovelmiRNA-1293,0.5512201002548293,-0.19993584004339437,0.9182103129639629,0.3927694736406942,NA
NovelmiRNA-1819,494.7538452246272,26.42638703165674,2.808100775738043,1.5537922390193112e-21,1.762000399047899e-19
NovelmiRNA-435,0,0,4.798919838313277,NA,NA
NovelmiRNA-2404,0,0,4.798919838313277,NA,NA
NovelmiRNA-2373,0.061246677806092144,-0.038229017418991165,0.8284176057494365,0.8593529765549299,NA
NovelmiRNA-3546,0,0,4.798919838313277,NA,NA
NovelmiRNA-698,0,0,4.798919838313277,NA,NA
NovelmiRNA-669,0,0,4.798919838313277,NA,NA
NovelmiRNA-3384,47.203263871030046,22.495784236550598,2.9948715633072287,NA,NA
NovelmiRNA-1766,3.3057792678697786,0.5468872626165001,1.3916707555902568,NA,NA
NovelmiRNA-490,0.3334971666069178,-0.1362862190741062,0.8698765799512923,0.5431558858597807,NA
NovelmiRNA-2629,0.4168714582586473,-0.16243641154745875,0.8874015235279588,0.47592734525476077,NA
NovelmiRNA-2860,0,0,4.798919838313277,NA,NA
NovelmiRNA-2826,0,0,4.798919838313277,NA,NA
NovelmiRNA-3783,0.5512201002548293,-0.19993584004339437,0.9182103129639629,0.3927694736406942,NA
NovelmiRNA-1459,0,0,4.798919838313277,NA,NA
NovelmiRNA-2071,0,0,4.798919838313277,NA,NA
NovelmiRNA-1362,0,0,4.798919838313277,NA,NA
NovelmiRNA-1002,0.6349116892578909,0.2172890388255994,0.9347849777697625,0.3593015843459278,NA
NovelmiRNA-3690,71.73642582510755,-0.16374366980222682,0.753721459370848,0.5105852405369277,0.7975257062932175
NovelmiRNA-2305,0,0,4.798919838313277,NA,NA
NovelmiRNA-3361,0,0,4.798919838313277,NA,NA
NovelmiRNA-1057,0,0,4.798919838313277,NA,NA
NovelmiRNA-1166,0.8337429165172946,-0.2551426142896224,0.9743292673412535,0.2965082886302058,NA
NovelmiRNA-2834,0.24498671122436858,-0.11158386195355653,0.855759549650753,0.6138416064299741,NA
NovelmiRNA-3640,0.19974862993039205,0.08448784305098349,0.843186872131815,0.6989634750750067,NA
NovelmiRNA-2255,0.12249335561218429,-0.06980524766123042,0.8371469421296757,0.7481588900719816,NA
NovelmiRNA-1073,1.935009712726118,-0.4029424252932532,1.1698172230379846,0.1491474081984608,NA
NovelmiRNA-2322,0.1814033397879688,0.08448784305098353,0.843186872131815,0.6989634750750066,NA
NovelmiRNA-1695,0.5836200415621062,-0.2050602892844926,0.9229066425750206,0.3825760552003179,NA
NovelmiRNA-2608,0.8889915337902781,-0.26425846923461366,0.9846809856308733,0.2832786808942978,NA
NovelmiRNA-864,1.4699202673462115,-0.35125001219784446,1.0957805634006963,NA,NA
NovelmiRNA-1713,0,0,4.798919838313277,NA,NA
NovelmiRNA-3331,0.1814033397879688,0.08448784305098353,0.843186872131815,0.6989634750750066,NA
NovelmiRNA-1772,0,0,4.798919838313277,NA,NA
NovelmiRNA-2508,4.444381824805236,0.6465619623049805,1.5489041703149131,NA,NA
NovelmiRNA-1352,0,0,4.798919838313277,NA,NA
NovelmiRNA-3589,0.6669943332138356,-0.22314053598337627,0.9403478798670889,0.34874487427226997,NA
NovelmiRNA-834,0,0,4.798919838313277,NA,NA
NovelmiRNA-214,0.12249335561218429,-0.06980524766123042,0.8371469421296757,0.7481588900719816,NA
NovelmiRNA-245,0.12249335561218429,-0.06980524766123042,0.8371469421296757,0.7481588900719816,NA
NovelmiRNA-3163,0,0,4.798919838313277,NA,NA
NovelmiRNA-2563,0.6669943332138356,-0.22314053598337627,0.9403478798670889,0.34874487427226997,NA
NovelmiRNA-3620,0.8280100267710072,-0.24945624603590028,0.9680173457419362,0.30511704911722143,NA
NovelmiRNA-1008,0,0,4.798919838313277,NA,NA
NovelmiRNA-2615,0.23531772543357646,-0.08500384483059749,0.8430406333946374,0.697345392708236,NA
NovelmiRNA-3033,18.250656374697733,21.943418161696883,2.9957131100738574,NA,NA
NovelmiRNA-3235,0,0,4.798919838313277,NA,NA
NovelmiRNA-860,364.84134484787813,0.1389295296688835,0.3199940946309251,0.5301946370796801,0.8157168082753613
NovelmiRNA-1508,3.639289002466852,0.5760150329382766,1.4376594636420397,0.07905384952032939,NA
NovelmiRNA-918,0,0,4.798919838313277,NA,NA
NovelmiRNA-2599,0.1814033397879688,0.08448784305098353,0.843186872131815,0.6989634750750066,NA
NovelmiRNA-1292,0,0,4.798919838313277,NA,NA
NovelmiRNA-1322,0,0,4.798919838313277,NA,NA
NovelmiRNA-208,5.070825852792405,-0.02179718323868061,0.7529600912522125,0.9246236566809377,0.983942613026806
NovelmiRNA-796,0,0,4.798919838313277,NA,NA
NovelmiRNA-1231,0,0,4.798919838313277,NA,NA
NovelmiRNA-2699,0,0,4.798919838313277,NA,NA
NovelmiRNA-2285,0.18374003341827644,-0.09246574323294067,0.8462303895557733,0.6731947543740562,NA
NovelmiRNA-2702,0,0,4.798919838313277,NA,NA
NovelmiRNA-504,0,0,4.798919838313277,NA,NA
NovelmiRNA-3614,1.245478211045122,-0.32009160837228423,1.0537038563088754,0.21592904523599785,NA
NovelmiRNA-2819,0,0,4.798919838313277,NA,NA
NovelmiRNA-2564,0,0,4.798919838313277,NA,NA
NovelmiRNA-437,0,0,4.798919838313277,NA,NA
NovelmiRNA-3194,0,0,4.798919838313277,NA,NA
NovelmiRNA-2956,0,0,4.798919838313277,NA,NA
NovelmiRNA-3134,0.18374003341827644,-0.09246574323294067,0.8462303895557733,0.6731947543740562,NA
NovelmiRNA-1068,21.738872086165102,0.5341821032249233,1.1642919339619846,0.09084088430617387,0.3214279884440944
NovelmiRNA-3409,0,0,4.798919838313277,NA,NA
NovelmiRNA-1213,0.09987431496519603,0.040565071923346886,0.8289157183177223,0.8509154456537535,NA
NovelmiRNA-1360,0,0,4.798919838313277,NA,NA
NovelmiRNA-1234,0,0,4.798919838313277,NA,NA
NovelmiRNA-2464,0,0,4.798919838313277,NA,NA
NovelmiRNA-163,5.362623937199352,-0.7178467221332172,1.6599745569929103,0.05279044598912211,0.24823896526190461
NovelmiRNA-3001,3.0043199755598544,-0.5144407129935541,1.340505317049357,0.09709492559501945,NA
NovelmiRNA-1587,0.6669943332138356,-0.22314053598337627,0.9403478798670889,0.34874487427226997,NA
NovelmiRNA-1601,0.4132224084837223,0.1647562243697695,0.8893880844535063,0.4702783852831403,NA
NovelmiRNA-982,0,0,4.798919838313277,NA,NA
NovelmiRNA-734,21.889500054226556,21.763819001520503,2.9952966584909104,NA,NA
NovelmiRNA-2507,0,0,4.798919838313277,NA,NA
NovelmiRNA-3440,0,0,4.798919838313277,NA,NA
NovelmiRNA-2967,0.8362782969276978,0.2565675410243912,0.9761319462631001,0.2943718724779179,NA
NovelmiRNA-1343,0,0,4.798919838313277,NA,NA
NovelmiRNA-922,0,0,4.798919838313277,NA,NA
NovelmiRNA-2979,585.2956193197905,-25.91372719477142,2.9960709557542886,NA,NA
NovelmiRNA-1901,0,0,4.798919838313277,NA,NA
NovelmiRNA-1516,0,0,4.798919838313277,NA,NA
NovelmiRNA-121,4.542382193614105,0.6549252580741245,1.562031435702783,0.062470709318482524,NA
NovelmiRNA-1967,1.5796367830856513,0.36543336375146107,1.1157793531338778,0.1754057865516131,NA
NovelmiRNA-1941,0,0,4.798919838313277,NA,NA
NovelmiRNA-2033,0.25012287495518837,-0.11053899570896643,0.855189035996116,0.6169875984115079,NA
NovelmiRNA-580,4.026962110941012,-1.021410419704896,1.7377386765621732,0.023057026895162865,NA
NovelmiRNA-3425,0,0,4.798919838313277,NA,NA
NovelmiRNA-2611,0,0,4.798919838313277,NA,NA
NovelmiRNA-3332,0,0,4.798919838313277,NA,NA
NovelmiRNA-3286,0.1814033397879688,0.08448784305098353,0.843186872131815,0.6989634750750066,NA
NovelmiRNA-3473,934.3222954789134,-0.006579899886121356,0.7974320770953314,NA,NA
NovelmiRNA-956,1.1672400831242125,-0.308614358852478,1.0387941621311676,0.22802789052611466,NA
NovelmiRNA-3828,0.45794463122144163,0.1744738081864647,0.8968472531553154,0.4475050415471505,NA
NovelmiRNA-2089,0.3529765881503647,-0.13765555340785815,0.8707329474700787,0.539439537082959,NA
NovelmiRNA-3266,2.549093015885161,-0.7909131587971353,1.4319352263116327,0.039650142890460455,NA
NovelmiRNA-222,428.79652502072446,26.161830519900544,2.9962222402087333,8.072762127740544e-19,7.628760210714814e-17
NovelmiRNA-1721,1.3999350706079658,0.03466622540436398,0.8108018861233496,0.8740721401313488,NA
NovelmiRNA-725,0,0,4.798919838313277,NA,NA
NovelmiRNA-1712,0,0,4.798919838313277,NA,NA
NovelmiRNA-2620,0.19974862993039205,0.08448784305098349,0.843186872131815,0.6989634750750067,NA
NovelmiRNA-3576,0.22199720057644243,-0.08500384483059753,0.8430406333946373,0.697345392708236,NA
NovelmiRNA-1873,0,0,4.798919838313277,NA,NA
NovelmiRNA-1687,0,0,4.798919838313277,NA,NA
NovelmiRNA-2953,2.5319843064176157,0.11815713207568074,0.8212268110570271,0.603871749208388,NA
NovelmiRNA-2191,1.9143073496009344,0.23486746902354083,0.8933324511350803,0.33873754837354014,NA
NovelmiRNA-1736,0,0,4.798919838313277,NA,NA
NovelmiRNA-691,0.23531772543357646,-0.08500384483059749,0.8430406333946374,0.697345392708236,NA
NovelmiRNA-3342,197.864663262289,25.12400500345148,2.9957786535732236,NA,NA
NovelmiRNA-2324,0,0,4.798919838313277,NA,NA
NovelmiRNA-3269,0,0,4.798919838313277,NA,NA
NovelmiRNA-1686,0,0,4.798919838313277,NA,NA
NovelmiRNA-277,0,0,4.798919838313277,NA,NA
NovelmiRNA-3751,0,0,4.798919838313277,NA,NA
NovelmiRNA-704,1.2355231809348146,0.005050047224758007,0.7880792221732172,0.9818751365231614,NA
NovelmiRNA-1204,0,0,4.798919838313277,NA,NA
NovelmiRNA-3495,18.947421776588058,-0.08712545961417067,0.7927996732286101,0.702181069468775,0.9152567043420584
NovelmiRNA-1583,0.6669943332138356,-0.22314053598337627,0.9403478798670889,0.34874487427226997,NA
NovelmiRNA-2245,0,0,4.798919838313277,NA,NA
NovelmiRNA-1053,10.53238074450436,-0.027772777110819075,0.5400837906296982,0.9124271156202816,0.983942613026806
NovelmiRNA-3702,2.2727232466604725,0.44566350626399454,1.2340620107767033,NA,NA
NovelmiRNA-703,1.199365954666749,0.033580939281403176,0.8123466055832873,0.8777802514743248,NA
NovelmiRNA-706,0,0,4.798919838313277,NA,NA
NovelmiRNA-74,0,0,4.798919838313277,NA,NA
NovelmiRNA-2665,4.834897905898961,0.680013513933647,1.6012867397751918,0.05830455241763692,0.24823896526190461
NovelmiRNA-76,0,0,4.798919838313277,NA,NA
NovelmiRNA-2057,0.9977183688338285,0.28412921731000385,1.0083794000288226,0.2567319875751861,NA
NovelmiRNA-2182,0,0,4.798919838313277,NA,NA
NovelmiRNA-2893,0,0,4.798919838313277,NA,NA
NovelmiRNA-3109,1.2995088645064263,-0.3246164412781435,1.059673720816489,0.21138045334819325,NA
NovelmiRNA-249,0,0,4.798919838313277,NA,NA
NovelmiRNA-482,0.8993450085108747,-0.04195358692408382,0.8176406739782455,0.8473589301909501,NA
NovelmiRNA-78,427.23591372002403,12.10144303476539,1.694988445845889,7.237646883670078e-13,2.4139681076711376e-11
NovelmiRNA-3607,0,0,4.798919838313277,NA,NA
NovelmiRNA-1393,0,0,4.798919838313277,NA,NA
NovelmiRNA-3070,0,0,4.798919838313277,NA,NA
NovelmiRNA-1303,3935.9682672740464,0.09506822982535054,0.8184638943736516,0.6715499498630768,0.9021592190306226
NovelmiRNA-2586,4.859456551490146,-0.6768835557883696,1.5963085136321626,0.05879839771841841,0.24823896526190461
NovelmiRNA-3159,0,0,4.798919838313277,NA,NA
NovelmiRNA-3096,3.72463598007133,0.2928591070867053,0.9534049697523932,0.25296146256309643,NA
NovelmiRNA-3268,0,0,4.798919838313277,NA,NA
NovelmiRNA-848,0.22199720057644243,-0.08500384483059753,0.8430406333946373,0.697345392708236,NA
NovelmiRNA-3567,0.23531772543357646,-0.08500384483059749,0.8430406333946374,0.697345392708236,NA
NovelmiRNA-2543,0,0,4.798919838313277,NA,NA
NovelmiRNA-636,0,0,4.798919838313277,NA,NA
NovelmiRNA-988,0.4140050133855036,-0.15436002769248142,0.8816311341846661,0.4958691617596886,NA
NovelmiRNA-2231,0.2760033422570024,-0.08500384483059753,0.8430406333946374,0.697345392708236,NA
NovelmiRNA-3679,0,0,4.798919838313277,NA,NA
NovelmiRNA-205,5.1320725305984976,-0.024865308332686048,0.7530823116247564,0.9140861564386348,0.983942613026806
NovelmiRNA-300,0,0,4.798919838313277,NA,NA
NovelmiRNA-627,0.3334971666069178,-0.1362862190741062,0.8698765799512923,0.5431558858597807,NA
NovelmiRNA-2428,3.9949725986078413,0.6073656383123132,1.4871737121831563,NA,NA
NovelmiRNA-793,0.0907016698939844,0.04056507192334693,0.8289157183177223,0.8509154456537533,NA
NovelmiRNA-2419,0.6124667780609214,-0.21374603788993488,0.9311186844563721,0.3659145667563127,NA
NovelmiRNA-3472,0,0,4.798919838313277,NA,NA
NovelmiRNA-3524,0.1667485833034589,-0.08359876647216843,0.8424737620384914,0.7019514607911306,NA
NovelmiRNA-3329,0.9412709017343058,-0.2709153460750383,0.9924160225473654,0.27404738510748544,NA
NovelmiRNA-696,435.174035960261,-0.010653394148176742,0.7976161359379231,NA,NA
NovelmiRNA-3296,0.3334971666069178,-0.1362862190741062,0.8698765799512923,0.5431558858597807,NA
NovelmiRNA-1078,0.9171172081690239,-0.2695903575509982,0.9908648733589516,0.27585654864524445,NA
NovelmiRNA-2188,0,0,4.798919838313277,NA,NA
NovelmiRNA-1837,0,0,4.798919838313277,NA,NA
NovelmiRNA-3697,0.6253977409408537,-0.0748656762972501,0.8331628076566854,0.7321301551688782,NA
NovelmiRNA-2456,0,0,4.798919838313277,NA,NA
NovelmiRNA-53,0,0,4.798919838313277,NA,NA
NovelmiRNA-224,43.74972940191142,0.5296328797121094,1.3207677395575872,NA,NA
NovelmiRNA-104,0,0,4.798919838313277,NA,NA
NovelmiRNA-510,0.8332810248083097,-0.2535964918459574,0.9726018304009884,0.2988214673761262,NA
NovelmiRNA-2511,0,0,4.798919838313277,NA,NA
NovelmiRNA-1253,0,0,4.798919838313277,NA,NA
NovelmiRNA-984,0,0,4.798919838313277,NA,NA
NovelmiRNA-2159,0,0,4.798919838313277,NA,NA
NovelmiRNA-3071,0,0,4.798919838313277,NA,NA
NovelmiRNA-906,0,0,4.798919838313277,NA,NA
NovelmiRNA-125,0,0,4.798919838313277,NA,NA
NovelmiRNA-2952,0.8068010807288225,-0.016333210774633414,0.815242507386692,0.9400030206458188,NA
NovelmiRNA-3455,1.3563564698125732,-0.21646221833559798,0.8803489470828963,0.3711800428179865,NA
NovelmiRNA-3052,0.2760033422570024,-0.08500384483059753,0.8430406333946374,0.697345392708236,NA
NovelmiRNA-3515,1.5979890394431364,0.36729625034595803,1.1184136757878638,0.17396169390799185,NA
NovelmiRNA-88,0,0,4.798919838313277,NA,NA
NovelmiRNA-3263,0.22199720057644243,-0.08500384483059753,0.8430406333946373,0.697345392708236,NA
NovelmiRNA-3006,0.6198336127255835,0.21621215434003757,0.9337350760105032,0.36128726594341765,NA
NovelmiRNA-3475,0.6669943332138356,-0.22314053598337627,0.9403478798670889,0.34874487427226997,NA
NovelmiRNA-971,0.9987431496519603,0.28359240601142754,1.007728273920457,0.2574089724730415,NA
NovelmiRNA-1460,0,0,4.798919838313277,NA,NA
NovelmiRNA-1142,0.46459905384872097,0.17612038257953117,0.8981552514084292,0.44374986415779466,NA
NovelmiRNA-2358,0,0,4.798919838313277,NA,NA
NovelmiRNA-1862,0,0,4.798919838313277,NA,NA
NovelmiRNA-981,0,0,4.798919838313277,NA,NA
NovelmiRNA-2200,0,0,4.798919838313277,NA,NA
NovelmiRNA-507,2.0271032110512364,-0.4149395396098668,1.1875995324270732,0.1418791443344728,NA
NovelmiRNA-2524,0.3994972598607841,0.15745083740590363,0.88395279608828,0.48811893927024197,NA
NovelmiRNA-343,0.6735230785915863,0.21786288982723057,0.9353463657373479,0.3582481513621587,NA
NovelmiRNA-1875,0,0,4.798919838313277,NA,NA
NovelmiRNA-973,0.9977183688338285,0.28412921731000385,1.0083794000288226,0.2567319875751861,NA
NovelmiRNA-2242,0,0,4.798919838313277,NA,NA
NovelmiRNA-2169,1.0986174646171563,0.2992149962389119,1.0270269884697592,0.23855332362906778,NA
NovelmiRNA-2713,0.4140050133855036,-0.15436002769248142,0.8816311341846661,0.4958691617596886,NA
NovelmiRNA-1842,9.223284946323016,0.062432986175754976,0.8083045841698778,NA,NA
NovelmiRNA-2375,0.3222419855425763,0.012987518680640039,0.8239829838999906,0.951898502742972,NA
NovelmiRNA-783,0,0,4.798919838313277,NA,NA
NovelmiRNA-2761,0,0,4.798919838313277,NA,NA
NovelmiRNA-640,0,0,4.798919838313277,NA,NA
NovelmiRNA-3020,0.1814033397879688,0.08448784305098353,0.843186872131815,0.6989634750750066,NA
NovelmiRNA-2022,99.57046688139715,0.17829337963837272,0.6566358416661219,0.49843709684794824,0.7872251641024697
NovelmiRNA-3002,0,0,4.798919838313277,NA,NA
NovelmiRNA-3719,0.37167924307897676,0.15084003324361592,0.8792082742897122,0.5047915871075008,NA
NovelmiRNA-2396,0.2996229448955881,0.12848709087287538,0.8647815044032711,0.5648121055388106,NA
NovelmiRNA-1640,0.3529765881503647,-0.13765555340785815,0.8707329474700787,0.539439537082959,NA
NovelmiRNA-442,6.060595324427927,20.485696269384892,2.998655341631686,NA,NA
NovelmiRNA-363,0,0,4.798919838313277,NA,NA
NovelmiRNA-1539,0,0,4.798919838313277,NA,NA
NovelmiRNA-1750,0.7962068114791978,-0.25024463817369413,0.968885663493105,0.30390678066842763,NA
NovelmiRNA-2612,0,0,4.798919838313277,NA,NA
NovelmiRNA-2643,0,0,4.798919838313277,NA,NA
NovelmiRNA-2940,0.22199720057644243,-0.08500384483059753,0.8430406333946373,0.697345392708236,NA
NovelmiRNA-559,0,0,4.798919838313277,NA,NA
NovelmiRNA-3328,2.7657632058829233,0.021097518763849,0.8037078004621813,NA,NA
NovelmiRNA-2142,0,0,4.798919838313277,NA,NA
NovelmiRNA-436,0.09291981076974419,0.040565071923346886,0.8289157183177223,0.8509154456537535,NA
NovelmiRNA-968,0,0,4.798919838313277,NA,NA
NovelmiRNA-1716,0.5512201002548293,-0.19993584004339437,0.9182103129639629,0.3927694736406942,NA
NovelmiRNA-2734,30.022710172792525,-0.030826221835276533,0.8000673096412596,0.8888820684509521,0.983942613026806
NovelmiRNA-2861,0,0,4.798919838313277,NA,NA
NovelmiRNA-344,0.7256133591518752,0.2359700631704496,0.9537277106204166,0.32664734820663255,NA
NovelmiRNA-3662,0,0,4.798919838313277,NA,NA
NovelmiRNA-3663,0.1814033397879688,0.08448784305098353,0.843186872131815,0.6989634750750066,NA
NovelmiRNA-1803,0,0,4.798919838313277,NA,NA
NovelmiRNA-1625,0.1814033397879688,0.08448784305098353,0.843186872131815,0.6989634750750066,NA
NovelmiRNA-1580,0.998987402593991,-0.28089403566615034,1.0042778644846901,0.2608608490168874,NA
NovelmiRNA-2925,0.27875943230923256,0.12245908729420636,0.8613312315272234,0.5819523643327349,NA
NovelmiRNA-1313,0.4140050133855036,-0.15436002769248142,0.8816311341846661,0.4958691617596886,NA
NovelmiRNA-313,1.4762831158897107,-0.3488167742470552,1.092417154768641,0.18901662057294985,NA
NovelmiRNA-1035,0.5002457499103767,-0.18505184665541682,0.9052162163384895,0.42394625166089833,NA
NovelmiRNA-3625,0,0,4.798919838313277,NA,NA
NovelmiRNA-274,0,0,4.798919838313277,NA,NA
NovelmiRNA-2261,0,0,4.798919838313277,NA,NA
NovelmiRNA-3569,0,0,4.798919838313277,NA,NA
NovelmiRNA-1608,0,0,4.798919838313277,NA,NA
NovelmiRNA-3496,0,0,4.798919838313277,NA,NA
NovelmiRNA-1697,0,0,4.798919838313277,NA,NA
NovelmiRNA-285,1.446278429693028,0.34995162361940924,1.0941462727376892,NA,NA
NovelmiRNA-3565,1.747496778121565,-0.3817653744581024,1.1389354917770942,0.16326813798631812,NA
NovelmiRNA-700,0,0,4.798919838313277,NA,NA
NovelmiRNA-3554,0,0,4.798919838313277,NA,NA
NovelmiRNA-1624,0,0,4.798919838313277,NA,NA
NovelmiRNA-3044,0.48997342244873715,-0.18499873925198865,0.9051716130224224,0.42406174322140383,NA
NovelmiRNA-1584,0,0,4.798919838313277,NA,NA
NovelmiRNA-3401,0.462499465727509,0.02626636952266164,0.8223951813808652,0.9032491181732026,NA
NovelmiRNA-28,0,0,4.798919838313277,NA,NA
NovelmiRNA-3525,1.2086672830074399,-0.06284374301507813,0.805637240514986,0.7773272857400123,NA
NovelmiRNA-3137,0.3334971666069178,-0.1362862190741062,0.8698765799512923,0.5431558858597807,NA
NovelmiRNA-3795,4.8315880540145315,0.6792367889737564,1.600074470506831,0.05842699324237169,0.24823896526190461
NovelmiRNA-3484,0.5509632113116297,0.2006400643592868,0.9190884586997999,0.39131101130480045,NA
NovelmiRNA-1828,0.6669943332138356,-0.22314053598337627,0.9403478798670889,0.34874487427226997,NA
NovelmiRNA-388,0.20661120424186116,0.0990841137659871,0.849715101729678,0.652139591536963,NA
NovelmiRNA-298,0,0,4.798919838313277,NA,NA
NovelmiRNA-1852,1.2420150401565109,-0.3156016230596481,1.047830606565365,0.22056463512733265,NA
NovelmiRNA-634,0.8734620857974056,-0.1250074348400561,0.8557033561390299,0.576280407366494,NA
NovelmiRNA-3603,0,0,4.798919838313277,NA,NA
NovelmiRNA-2257,1.347426911734027,-0.33522577200645703,1.0738645131808235,NA,NA
NovelmiRNA-2932,0.4140050133855036,-0.15436002769248142,0.8816311341846661,0.4958691617596886,NA
NovelmiRNA-2602,0.1667485833034589,-0.08359876647216843,0.8424737620384914,0.7019514607911306,NA
NovelmiRNA-3340,0,0,4.798919838313277,NA,NA
NovelmiRNA-581,0,0,4.798919838313277,NA,NA
NovelmiRNA-401,1.2214859689126876,-0.31504381467535686,1.0471045376724217,0.22114918072965817,NA
NovelmiRNA-389,0,0,4.798919838313277,NA,NA
NovelmiRNA-1491,3.2480701471491766,-0.017286876419803778,0.798611540534033,0.9374629534947285,NA
NovelmiRNA-563,0,0,4.798919838313277,NA,NA
NovelmiRNA-2274,0,0,4.798919838313277,NA,NA
NovelmiRNA-2706,0,0,4.798919838313277,NA,NA
NovelmiRNA-1291,0,0,4.798919838313277,NA,NA
NovelmiRNA-3398,0.3674800668365529,-0.15048166185812423,0.878974752278153,0.5057056974394143,NA
NovelmiRNA-516,0,0,4.798919838313277,NA,NA
NovelmiRNA-866,0,0,4.798919838313277,NA,NA
NovelmiRNA-342,0.7256133591518752,0.2359700631704496,0.9537277106204166,0.32664734820663255,NA
NovelmiRNA-3764,67.57274407101838,23.68734108890726,2.99533069232672,NA,NA
NovelmiRNA-1506,3.0400431126756753,0.5208214045030581,1.350637360964885,0.09495745950994981,NA
NovelmiRNA-9,0,0,4.798919838313277,NA,NA
NovelmiRNA-965,5.257612150749755,-1.3658244382626703,2.0516792349654036,0.012095000896873462,0.10120793410983779
NovelmiRNA-3632,0.7494944497811685,0.062474328869497574,0.8264424646102168,0.7747687903116853,NA
NovelmiRNA-1137,6.814532597327096,-0.05599679326943048,0.807095663498028,0.8001607895875598,0.9551393004129397
NovelmiRNA-732,0,0,4.798919838313277,NA,NA
NovelmiRNA-3506,0,0,4.798919838313277,NA,NA
NovelmiRNA-1586,0,0,4.798919838313277,NA,NA
NovelmiRNA-659,0,0,4.798919838313277,NA,NA
NovelmiRNA-1524,0,0,4.798919838313277,NA,NA
NovelmiRNA-2372,0.4167210652215453,-0.0015402933547037229,0.8231570230140326,0.9942915788609835,NA
NovelmiRNA-3683,1.083865791472483,-0.296214704923597,1.0230821376123602,0.24205479827847484,NA
NovelmiRNA-2162,0.8163150290458597,0.25314451318211506,0.972303619534078,0.29947800658904933,NA
NovelmiRNA-3390,0,0,4.798919838313277,NA,NA
NovelmiRNA-2029,0,0,4.798919838313277,NA,NA
NovelmiRNA-3778,0,0,4.798919838313277,NA,NA
NovelmiRNA-2722,0,0,4.798919838313277,NA,NA
NovelmiRNA-3366,0,0,4.798919838313277,NA,NA
NovelmiRNA-2727,0,0,4.798919838313277,NA,NA
NovelmiRNA-452,0,0,4.798919838313277,NA,NA
NovelmiRNA-945,0.8236120390175176,-0.2504008789793527,0.9690580055208458,0.3036675766565616,NA
NovelmiRNA-1515,4.700236709108383,-0.9974037713233932,1.7911151837567678,0.025090139295214597,NA
NovelmiRNA-2287,1610.606899571201,3.724480559033801,4.141293262132194,NA,NA
NovelmiRNA-3074,0,0,4.798919838313277,NA,NA
NovelmiRNA-561,0,0,4.798919838313277,NA,NA
NovelmiRNA-3786,0,0,4.798919838313277,NA,NA
NovelmiRNA-1025,7.753324646577557,-1.8611856247103244,2.5026094503100578,0.006328870863590216,0.07176939559311304
NovelmiRNA-3123,3.4378812130978953,-0.5547331442649687,1.4039396131495419,0.08467639800683191,NA
NovelmiRNA-867,0.4140050133855036,-0.15436002769248142,0.8816311341846661,0.4958691617596886,NA
NovelmiRNA-3720,0,0,4.798919838313277,NA,NA
NovelmiRNA-3823,0,0,4.798919838313277,NA,NA
NovelmiRNA-743,0.1667485833034589,-0.08359876647216843,0.8424737620384914,0.7019514607911306,NA
NovelmiRNA-2085,0,0,4.798919838313277,NA,NA
NovelmiRNA-1470,35.296447712100175,22.810166085635682,2.9953007494689765,1.1077828555428232e-14,5.23427399243984e-13
NovelmiRNA-587,0,0,4.798919838313277,NA,NA
NovelmiRNA-3055,6.883002072390393,-0.8374789111614589,1.8414728090285712,0.03984636834803657,0.2193484548867644
NovelmiRNA-2160,0,0,4.798919838313277,NA,NA
NovelmiRNA-1574,0,0,4.798919838313277,NA,NA
NovelmiRNA-3412,0.3529765881503647,-0.13765555340785815,0.8707329474700787,0.539439537082959,NA
NovelmiRNA-1806,0,0,4.798919838313277,NA,NA
NovelmiRNA-1254,0.1814033397879688,0.08448784305098353,0.843186872131815,0.6989634750750066,NA
NovelmiRNA-2360,0,0,4.798919838313277,NA,NA
NovelmiRNA-3087,0.34815192309142773,-2.15127323052838e-4,0.823210912594059,0.9992026740934525,NA
NovelmiRNA-760,0,0,4.798919838313277,NA,NA
NovelmiRNA-473,0,0,4.798919838313277,NA,NA
NovelmiRNA-2403,0,0,4.798919838313277,NA,NA
NovelmiRNA-1415,0,0,4.798919838313277,NA,NA
NovelmiRNA-3316,0,0,4.798919838313277,NA,NA
NovelmiRNA-1261,0,0,4.798919838313277,NA,NA
NovelmiRNA-840,0,0,4.798919838313277,NA,NA
NovelmiRNA-817,0.22199720057644243,-0.08500384483059753,0.8430406333946373,0.697345392708236,NA
NovelmiRNA-2492,0,0,4.798919838313277,NA,NA
NovelmiRNA-82,0,0,4.798919838313277,NA,NA
NovelmiRNA-27,0,0,4.798919838313277,NA,NA
NovelmiRNA-2225,0,0,4.798919838313277,NA,NA
NovelmiRNA-3623,0,0,4.798919838313277,NA,NA
NovelmiRNA-2220,0,0,4.798919838313277,NA,NA
NovelmiRNA-2646,0,0,4.798919838313277,NA,NA
NovelmiRNA-3445,0,0,4.798919838313277,NA,NA
NovelmiRNA-1070,3.6356975476006608,0.08914641086335691,0.8211698850311228,0.6890754647524968,NA
NovelmiRNA-521,0,0,4.798919838313277,NA,NA
NovelmiRNA-2960,0,0,4.798919838313277,NA,NA
NovelmiRNA-3147,4.26097032094887,-0.6255099480113717,1.515686683153678,0.06796798699432467,NA
NovelmiRNA-2509,0.18374003341827644,-0.09246574323294067,0.8462303895557733,0.6731947543740562,NA
NovelmiRNA-699,0,0,4.798919838313277,NA,NA
NovelmiRNA-3681,1.2209846031704334,-0.3144520233322232,1.0463351112059123,0.2217714506335656,NA
NovelmiRNA-1288,0,0,4.798919838313277,NA,NA
NovelmiRNA-321,2.0686538127060223,-0.0483954819620223,0.7942630942809852,0.8282473699805794,NA
NovelmiRNA-2152,0.9977183688338285,0.28412921731000385,1.0083794000288226,0.2567319875751861,NA
NovelmiRNA-3643,0.23531772543357646,-0.08500384483059749,0.8430406333946374,0.697345392708236,NA
NovelmiRNA-2707,18.64661374766879,1.7248602346352915,2.9373713921749967,0.011143268131052037,0.10028941317946834
NovelmiRNA-2516,0,0,4.798919838313277,NA,NA
NovelmiRNA-112,0,0,4.798919838313277,NA,NA
NovelmiRNA-460,0,0,4.798919838313277,NA,NA
NovelmiRNA-1825,0,0,4.798919838313277,NA,NA
NovelmiRNA-266,0.25012287495518837,-0.11053899570896643,0.855189035996116,0.6169875984115079,NA
NovelmiRNA-3192,0,0,4.798919838313277,NA,NA
NovelmiRNA-1473,0,0,4.798919838313277,NA,NA
NovelmiRNA-2711,0.5002457499103767,-0.18505184665541682,0.9052162163384895,0.42394625166089833,NA
NovelmiRNA-3293,0,0,4.798919838313277,NA,NA
NovelmiRNA-3642,0,0,4.798919838313277,NA,NA
NovelmiRNA-2549,0.8236120390175176,-0.2504008789793527,0.9690580055208458,0.3036675766565616,NA
NovelmiRNA-157,9.883344468210211,-20.340387247490455,2.996320758182965,NA,NA
NovelmiRNA-1633,1.5840192325209355,0.3674260520122837,1.1185974695819132,NA,NA
NovelmiRNA-1531,0,0,4.798919838313277,NA,NA
NovelmiRNA-77,11.618273105704864,1.2041318711418818,2.3464574864322154,NA,NA
NovelmiRNA-34,1.3437817844942974,0.11194972465765139,0.8427709001477,0.6157914229976907,NA
NovelmiRNA-763,0.4168714582586473,-0.16243641154745875,0.8874015235279588,0.47592734525476077,NA
NovelmiRNA-1849,0,0,4.798919838313277,NA,NA
NovelmiRNA-446,0.27875943230923256,0.12245908729420636,0.8613312315272234,0.5819523643327349,NA
NovelmiRNA-325,0.8988688346867642,0.26698577221677217,0.9880301345439261,0.2794338002855044,NA
NovelmiRNA-3570,934.3222954789134,-0.006579899886121356,0.7974320770953314,NA,NA
NovelmiRNA-3771,0,0,4.798919838313277,NA,NA
NovelmiRNA-2976,410.28488921816063,-25.428022745125457,2.995844265200899,NA,NA
NovelmiRNA-526,15.837074072430132,0.32699639315209356,0.9541758081847223,0.21871778014496412,0.5288875648759569
NovelmiRNA-3196,5.158662190034322,0.7067909295953768,1.6429444417695906,0.05431602869727409,0.24823896526190461
NovelmiRNA-3579,2.5654258595161177,-2.6264905595319954,1.7754349336998985,7.688230251452315e-4,NA
NovelmiRNA-57,0.22199720057644243,-0.08500384483059753,0.8430406333946373,0.697345392708236,NA
NovelmiRNA-3285,0.1814033397879688,0.08448784305098353,0.843186872131815,0.6989634750750066,NA
NovelmiRNA-1964,1.0004914998207535,-0.2832393039866408,1.007110833753936,0.25787144165141124,NA
NovelmiRNA-1209,0,0,4.798919838313277,NA,NA
NovelmiRNA-2833,0,0,4.798919838313277,NA,NA
NovelmiRNA-2609,0,0,4.798919838313277,NA,NA
NovelmiRNA-3713,2.5654258595161177,-2.6264905595319954,1.7754349336998985,7.688230251452315e-4,NA
NovelmiRNA-1403,4.997503623140326,-0.6868586770388578,1.6118704530615076,0.057240562890842325,0.24823896526190461
NovelmiRNA-1277,0.1667485833034589,-0.08359876647216843,0.8424737620384914,0.7019514607911306,NA
NovelmiRNA-1399,0,0,4.798919838313277,NA,NA
NovelmiRNA-2246,0,0,4.798919838313277,NA,NA
NovelmiRNA-283,0,0,4.798919838313277,NA,NA
NovelmiRNA-3807,0,0,4.798919838313277,NA,NA
NovelmiRNA-595,0,0,4.798919838313277,NA,NA
NovelmiRNA-1139,0,0,4.798919838313277,NA,NA
NovelmiRNA-773,2.1752400682929864,-0.16239225950847072,0.8398943459915326,0.48771771300302,NA
NovelmiRNA-3088,0,0,4.798919838313277,NA,NA
NovelmiRNA-2587,4.859456551490146,-0.6768835557883696,1.5963085136321626,0.05879839771841841,0.24823896526190461
NovelmiRNA-2845,2.448945087137579,0.46286823819943645,1.2604116396043843,NA,NA
NovelmiRNA-1541,1.3490000802523783,-0.331383957032681,1.0686951894447176,0.20480077241490618,NA
NovelmiRNA-3548,0,0,4.798919838313277,NA,NA
NovelmiRNA-779,0.8574534892852899,-0.26116993965929725,0.9811421336480324,0.2876836165075793,NA
NovelmiRNA-2872,201.17545195432763,25.139780604027994,2.9957841522502875,1.6779737819300397e-17,1.1892639179429156e-15
NovelmiRNA-1931,0,0,4.798919838313277,NA,NA
NovelmiRNA-3767,0,0,4.798919838313277,NA,NA
NovelmiRNA-1904,0.18374003341827644,-0.09246574323294067,0.8462303895557733,0.6731947543740562,NA
NovelmiRNA-2760,0.7256133591518752,0.2359700631704496,0.9537277106204166,0.32664734820663255,NA
NovelmiRNA-1564,2.7749650072055307,-0.4913624691390032,1.304421218296468,NA,NA
NovelmiRNA-241,10.53238074450436,-0.027772777110819075,0.5400837906296982,0.9124271156202816,0.983942613026806
NovelmiRNA-3739,0,0,4.798919838313277,NA,NA
NovelmiRNA-3160,0,0,4.798919838313277,NA,NA
NovelmiRNA-2185,0,0,4.798919838313277,NA,NA
NovelmiRNA-686,0,0,4.798919838313277,NA,NA
NovelmiRNA-3300,0,0,4.798919838313277,NA,NA
NovelmiRNA-370,0,0,4.798919838313277,NA,NA
NovelmiRNA-2451,0.7938701178488903,-0.1144563394228191,0.8498651982020141,0.6069590367619243,NA
NovelmiRNA-412,3.199313712003144,0.13004236378590078,0.8441632132646901,NA,NA
NovelmiRNA-1310,3.976816540943303,0.13655774083208322,0.840621993472159,NA,NA
NovelmiRNA-48,0,0,4.798919838313277,NA,NA
NovelmiRNA-3723,1.1024402005096585,-0.3006113210484388,1.0286044996874582,0.23696339460793087,NA
NovelmiRNA-946,0.8236120390175176,-0.2504008789793527,0.9690580055208458,0.3036675766565616,NA
NovelmiRNA-3661,0,0,4.798919838313277,NA,NA
NovelmiRNA-1323,1.2079575400066744,0.31586759205538745,1.048352183102385,0.22027665964020093,NA
NovelmiRNA-2776,7.82463194092744,-0.025709580320051093,0.6601740811140782,0.9172863472617003,0.983942613026806
NovelmiRNA-1195,0,0,4.798919838313277,NA,NA
NovelmiRNA-130,0,0,4.798919838313277,NA,NA
NovelmiRNA-406,0,0,4.798919838313277,NA,NA
NovelmiRNA-2118,0,0,4.798919838313277,NA,NA
NovelmiRNA-1985,0,0,4.798919838313277,NA,NA
NovelmiRNA-2535,0,0,4.798919838313277,NA,NA
NovelmiRNA-2874,0,0,4.798919838313277,NA,NA
NovelmiRNA-544,0.5051423089436897,0.17786854356239107,0.8995577410476399,0.43979566362112943,NA
NovelmiRNA-832,0,0,4.798919838313277,NA,NA
NovelmiRNA-2538,0,0,4.798919838313277,NA,NA
NovelmiRNA-2192,1.1099860028822124,-0.29817140454089924,1.025533110278649,0.23977259001486978,NA
NovelmiRNA-1434,0,0,4.798919838313277,NA,NA
NovelmiRNA-1975,0,0,4.798919838313277,NA,NA
NovelmiRNA-894,2.0843572912932364,-0.4220108963385992,1.1981677149942933,NA,NA
NovelmiRNA-3497,0,0,4.798919838313277,NA,NA
NovelmiRNA-967,0,0,4.798919838313277,NA,NA
NovelmiRNA-1373,1.2420150401565109,-0.3156016230596481,1.047830606565365,0.22056463512733265,NA
NovelmiRNA-1534,0.6887040141395372,0.23063635651900963,0.9481810763205648,0.33563106017908995,NA
NovelmiRNA-1639,0,0,4.798919838313277,NA,NA
NovelmiRNA-2521,0,0,4.798919838313277,NA,NA
NovelmiRNA-2383,3.138612783722495,-0.5269961040296904,1.3602263043082479,0.09295090219843616,NA
NovelmiRNA-3322,0,0,4.798919838313277,NA,NA
NovelmiRNA-555,0,0,4.798919838313277,NA,NA
NovelmiRNA-3051,0.19974862993039205,0.08448784305098349,0.843186872131815,0.6989634750750067,NA
NovelmiRNA-1900,1.2249335561218428,-0.31840156937728303,1.0514871628511853,0.21765945055512012,NA
NovelmiRNA-3709,4.834897905898961,0.680013513933647,1.6012867397751918,0.05830455241763692,0.24823896526190461
NovelmiRNA-2839,0.24498671122436858,-0.11158386195355653,0.855759549650753,0.6138416064299741,NA
NovelmiRNA-1286,0,0,4.798919838313277,NA,NA
NovelmiRNA-2237,0,0,4.798919838313277,NA,NA
NovelmiRNA-2686,1.9921334102286643,-0.4120122119858236,1.1832429929628636,0.1436069405967487,NA
NovelmiRNA-3046,0,0,4.798919838313277,NA,NA
NovelmiRNA-2624,0,0,4.798919838313277,NA,NA
NovelmiRNA-1578,0.4132224084837223,0.1647562243697695,0.8893880844535063,0.4702783852831403,NA
NovelmiRNA-2420,0,0,4.798919838313277,NA,NA
NovelmiRNA-1300,0,0,4.798919838313277,NA,NA
NovelmiRNA-3457,0,0,4.798919838313277,NA,NA
NovelmiRNA-646,1.7436074801269723,-0.19266772424158296,0.8589474171962609,0.4193950056809417,NA
NovelmiRNA-3521,0.20661120424186116,0.0990841137659871,0.849715101729678,0.652139591536963,NA
NovelmiRNA-366,0,0,4.798919838313277,NA,NA
NovelmiRNA-432,2.985156816901853,0.10671721951045728,0.8309162976147831,0.6338158209723807,NA
NovelmiRNA-2453,0,0,4.798919838313277,NA,NA
NovelmiRNA-328,1.8319305722589663,-0.1675241702680148,0.8444203694415917,0.4750483533113031,NA
NovelmiRNA-786,1.9047350677736727,0.4042321387201892,1.1718638918678561,NA,NA
NovelmiRNA-1950,0,0,4.798919838313277,NA,NA
NovelmiRNA-600,0.453508349469922,0.17336924964904507,0.8959769155802291,0.45004085711585157,NA
NovelmiRNA-3752,0.18374003341827644,-0.09246574323294067,0.8462303895557733,0.6731947543740562,NA
NovelmiRNA-3352,0,0,4.798919838313277,NA,NA
NovelmiRNA-1150,0,0,4.798919838313277,NA,NA
NovelmiRNA-1071,0,0,4.798919838313277,NA,NA
NovelmiRNA-2796,0,0,4.798919838313277,NA,NA
NovelmiRNA-748,1.3937971615461628,0.341532947978057,1.0825889153826223,0.1954079418221974,NA
NovelmiRNA-3092,1.1192051875515636,0.3035689111724477,1.0325300973217502,0.23359993839525195,NA
NovelmiRNA-512,0,0,4.798919838313277,NA,NA
NovelmiRNA-3434,0.8429500105991018,-0.256693008955546,0.976069809947028,0.29420914703409734,NA
NovelmiRNA-1886,1.2950813038985078,0.02558637275494745,0.7285368693461468,0.9135859938595066,NA
NovelmiRNA-3383,2.862473084014242,0.500318990789095,1.3185162995676454,0.10208974854021159,NA
NovelmiRNA-159,0.42872674464264493,-0.1686502807811103,0.8920566928436559,0.4610810740524405,NA
NovelmiRNA-326,1.8319305722589663,-0.1675241702680148,0.8444203694415917,0.4750483533113031,NA
NovelmiRNA-2408,1.2420150401565109,-0.3156016230596481,1.047830606565365,0.22056463512733265,NA
NovelmiRNA-931,9.092561560986415,1.013145820835425,2.093445273415418,NA,NA
NovelmiRNA-2177,0.19974862993039205,0.08448784305098349,0.843186872131815,0.6989634750750067,NA
NovelmiRNA-1857,1.5151488311069818,0.35878978948577894,1.106438182855922,NA,NA
NovelmiRNA-738,1.8825418034686117,-0.39767999890858063,1.162079904543696,0.15249675023712414,NA
NovelmiRNA-3482,0,0,4.798919838313277,NA,NA
NovelmiRNA-3379,17.149069785705798,-21.09387372369626,2.9952972325256617,NA,NA
NovelmiRNA-447,0,0,4.798919838313277,NA,NA
NovelmiRNA-1768,0.42872674464264493,-0.1686502807811103,0.8920566928436559,0.4610810740524405,NA
NovelmiRNA-165,5.362623937199352,-0.7178467221332172,1.6599745569929103,0.05279044598912211,0.24823896526190461
NovelmiRNA-2556,6.5671953070190385,-0.08374156165154266,0.7218555427512942,0.7289747070103572,0.9246726149326008
NovelmiRNA-2091,0,0,4.798919838313277,NA,NA
NovelmiRNA-1718,0,0,4.798919838313277,NA,NA
NovelmiRNA-688,0,0,4.798919838313277,NA,NA
NovelmiRNA-3276,0,0,4.798919838313277,NA,NA
NovelmiRNA-3102,0.3329958008646637,-0.13257710231966266,0.8675860388126726,0.553332101552302,NA
NovelmiRNA-1336,0,0,4.798919838313277,NA,NA
NovelmiRNA-1151,0,0,4.798919838313277,NA,NA
NovelmiRNA-226,16.042313945737654,0.3280801035571594,1.0343565807211514,NA,NA
NovelmiRNA-3050,0,0,4.798919838313277,NA,NA
NovelmiRNA-3781,3.0663537554015585,0.5234211231833313,1.3547215869099085,NA,NA
NovelmiRNA-3128,1.5180183824135134,-0.35265207905016566,1.0977241678585505,0.18575679974279347,NA
NovelmiRNA-3038,0.6206162176273647,-0.05019694259916835,0.8253427412614478,0.8172815866186303,NA
NovelmiRNA-1559,14.670767794865624,0.2415761727690442,0.5646526262120994,0.3724256507493583,0.7038844799162871
NovelmiRNA-1974,0.25012287495518837,-0.11053899570896643,0.855189035996116,0.6169875984115079,NA
NovelmiRNA-1838,3.3609995686169833,-0.011572832151888177,0.796078253190462,0.9581810113630571,NA
NovelmiRNA-445,0.18583962153948838,0.08448784305098354,0.843186872131815,0.6989634750750066,NA
NovelmiRNA-3692,0,0,4.798919838313277,NA,NA
NovelmiRNA-1298,2.7749650072055307,-0.4913624691390032,1.304421218296468,NA,NA
NovelmiRNA-572,2.2511058745966954,-0.4398392584727766,1.2250686065756997,NA,NA
NovelmiRNA-1024,0.8988688346867642,0.26698577221677217,0.9880301345439261,0.2794338002855044,NA
NovelmiRNA-3131,0,0,4.798919838313277,NA,NA
NovelmiRNA-1372,1.2420150401565109,-0.3156016230596481,1.047830606565365,0.22056463512733265,NA
NovelmiRNA-933,0,0,4.798919838313277,NA,NA
NovelmiRNA-2766,0.5509632113116297,0.2006400643592868,0.9190884586997999,0.39131101130480045,NA
NovelmiRNA-3776,6.198336127255834,20.515594175375988,2.998546766076844,NA,NA
NovelmiRNA-1674,0,0,4.798919838313277,NA,NA
NovelmiRNA-1566,43.6275032190065,23.106164605250903,2.995283175523895,NA,NA
NovelmiRNA-3142,4.08132936499671,-0.6106990651763794,1.4923329037665891,0.07102309012364601,NA
NovelmiRNA-2827,0.24498671122436858,-0.11158386195355653,0.855759549650753,0.6138416064299741,NA
