miRNA,baseMean,log2FoldChange,lfcSE,pvalue,padj
hsa-miR-551a,30.40049493078122,0.7599035195332394,1.0851387265591887,NA,NA
hsa-miR-335-3p,0,0,5.4845621082789,NA,NA
hsa-miR-548an,0,0,5.4845621082789,NA,NA
hsa-miR-1-3p,10306.57501279499,-1.855172967111354,0.7140728159513119,4.483609089749739e-4,0.014616565632584151
hsa-miR-548av-3p,9.898900940474125,0.3574100638652124,0.9033078334133267,0.35182141726447114,0.6791388138087859
hsa-miR-6806-3p,0,0,5.4845621082789,NA,NA
hsa-miR-320b,1406.864579902751,2.0082916785368012,0.6167691843508902,4.9007298989689385e-5,0.002489835048165489
hsa-miR-4796-5p,0,0,5.4845621082789,NA,NA
hsa-miR-190b-5p,21.799006806161344,0.7889217156967853,0.7611878020802999,0.09143100018953446,0.3311834006865359
hsa-miR-5000-3p,0,0,5.4845621082789,NA,NA
hsa-miR-10398-3p,0,0,5.4845621082789,NA,NA
hsa-miR-676-3p,35.038481258100184,-0.856355928296128,0.8469007389166799,NA,NA
hsa-miR-296-5p,75.68511643354523,0.7226923042094447,0.8370812445805246,0.11607067319330194,0.38029185387956216
hsa-let-7d-5p,11748.573010504775,0.14008866398246883,0.3779829240670255,0.6142499414781808,0.8433360723662016
hsa-miR-369-3p,1976.1675055803503,-0.20693156113181627,0.4573653012417402,0.5293750824726485,0.8036757041889702
hsa-miR-3180-5p,21.37360776939072,-0.279957057131095,0.7948138214732611,0.49716573469853204,0.7902562336127213
hsa-miR-128-2-3p,244181.0463923098,-1.3050065571872416,0.7204170159914424,NA,NA
hsa-miR-411-5p,7099.804377570753,-0.31333192095782214,0.46644712247031267,0.34768340065579334,0.6746713607963609
hsa-miR-449a,147.99226353686964,0.4339641630387873,0.973656507017897,NA,NA
hsa-miR-489-3p,1.1964436839183132,0.15298722225607253,0.9566680550405943,0.6335772597760745,NA
hsa-miR-4803,0.8105645711211897,0.37983440015532755,1.1103297550348075,0.24981010247456445,NA
hsa-miR-7843-3p,0.2902574916826856,-0.14633235361022054,0.9846109991031906,0.6328263382944914,NA
hsa-miR-6883-3p,0.354438453224761,-0.17422074459916348,0.992121042153335,0.5719707605786104,NA
hsa-miR-6513-3p,0.8976772522303514,-0.5121665287885548,0.9993747109928155,0.18303706243844559,NA
hsa-miR-218-5p,68252.13979624936,-0.7542457810032281,0.6181617335217482,0.07999049643077161,0.3141795401979704
hsa-miR-133a-3p,797.3213322131902,-1.7650233072400945,0.6801870444598345,6.070714700850831e-4,0.01649210827064476
hsa-miR-548ah-3p,75.64004126903872,-0.26275995770326005,0.9164851866327498,0.4662760210624529,0.7581345778870805
hsa-miR-5579-5p,0,0,5.4845621082789,NA,NA
hsa-miR-30d-5p,109516.4791449839,-0.2185232623320111,0.39437742028651507,0.44603469387032135,0.7514086219549966
hsa-miR-758-3p,764.4914328839471,-0.06202637654812093,0.4083138913810338,0.836551324344699,0.9430054410109021
hsa-miR-193b-3p,316.9799084670599,0.17529782807932742,0.48652444693534636,0.6127991998296931,0.8433360723662016
hsa-miR-16-5p,13313.209927710772,0.6112177084972537,0.6045040891759245,0.14119343121397196,0.43173488040117286
hsa-miR-548aw,2.2074386027740314,0.016400818176746396,0.9558616208018194,0.9575497428731741,NA
hsa-miR-342-3p,8270.494002860507,-0.08496047710614943,0.29845803214433436,0.7005137988275669,0.8896744700730859
hsa-miR-1912-5p,0,0,5.4845621082789,NA,NA
hsa-miR-152-3p,6231.196723137362,-0.06472299357927747,0.4598913619675434,0.8455728340778612,0.9430054410109021
hsa-miR-3659,1.125241695869611,0.31523132217925875,1.0596140935567229,0.3270884472109713,NA
hsa-miR-139-5p,57885.23355692417,-1.4830543884100098,0.8984578525603871,0.006209942293544941,0.06426797421256035
hsa-miR-6858-3p,0,0,5.4845621082789,NA,NA
hsa-miR-6794-3p,7.895884182465171,-0.3729185259803354,0.8835485285560508,0.3448182546847399,0.6711089613565684
hsa-miR-1236-3p,0,0,5.4845621082789,NA,NA
hsa-miR-655-3p,611.5362481846294,-0.18509219216411826,0.45947722559132453,0.5755962544273617,0.8339750175258663
hsa-miR-6772-3p,0.9696182333217285,-0.3264845434240134,1.0623763126964736,0.31361000819109036,NA
hsa-miR-7158-3p,2.8829695348581943,0.08169298090946162,0.9545491387054408,0.7939750022161968,0.9293409933510286
hsa-miR-200a-3p,215.63597507706734,-0.1007533133642562,0.7270345940938603,0.8066881648410964,0.9325544033269413
hsa-miR-4785,0.9236138964428191,-0.010073002343096254,0.944509944637672,0.9744879216715168,NA
hsa-miR-6851-3p,0,0,5.4845621082789,NA,NA
hsa-miR-323b-3p,2987.267169661429,-0.5521297591608881,0.5917523105638974,0.17457289866603037,0.4970372486037197
hsa-miR-548e-3p,37.88193566051765,0.3690292316829838,0.6956115481070414,0.385283825372371,0.7081356980261462
hsa-miR-641,184.03286973608792,1.0239754249924002,0.6123935309540955,0.022989753038434087,0.16117547291461318
hsa-miR-551b-3p,69.20286292431173,0.5681060215729973,0.7479690358519177,0.20215366633816528,0.5347671754074864
hsa-miR-6866-5p,0,0,5.4845621082789,NA,NA
hsa-miR-5581-3p,1.99173731376231,-0.12003372827991088,0.9015492701029248,0.7309015359093032,NA
hsa-miR-4473,90.9236637567486,0.2277931695623786,0.6039641069264463,0.5677593914987059,0.8262926858418667
hsa-miR-6850-5p,0,0,5.4845621082789,NA,NA
hsa-miR-629-5p,1304.421149385026,0.8283763594345604,0.6395943532239662,0.062136805363636936,0.2720720433134301
hsa-miR-103a-2-3p,67527.97183894496,-0.0646855990111689,0.33028434820610425,0.7926113532058281,0.9293409933510286
hsa-miR-7151-5p,3.9732325944767677,0.07246101785553688,0.8892688751992869,0.8373753759432419,0.9430054410109021
hsa-miR-6727-5p,0,0,5.4845621082789,NA,NA
hsa-miR-6775-3p,3.5243108643287595,0.09631032279404776,0.7554460810406711,0.8136046679399546,0.9372265786163434
hsa-miR-1228-3p,0,0,5.4845621082789,NA,NA
hsa-miR-371a-3p,1.4817144772838062,-0.1826018078499199,0.9592361713338575,0.5738002274411946,NA
hsa-miR-3679-5p,8.02662491555578,0.5254174251994084,0.7809196572439729,0.23324250947843292,0.566141475459091
hsa-miR-548l,8.022669785517518,0.4780495325362188,0.8774320536678909,0.2492047620765564,0.5842774154949462
hsa-miR-153-3p,777.5823878415206,-1.4817829608531812,0.5158226745378439,6.849807087444842e-4,0.017864296884056146
hsa-miR-4797-3p,0,0,5.4845621082789,NA,NA
hsa-miR-154-3p,0,0,5.4845621082789,NA,NA
hsa-miR-664a-3p,423.15999626168184,0.09326516392037659,0.38056903501589057,0.7402630970203534,0.9020674413540408
hsa-miR-3158-3p,122.94166367308921,0.3799917085210337,0.6654041130737235,0.3666160488877444,0.6908487395225704
hsa-miR-4743-5p,0.5054305947351,-0.20458989604011746,1.0021944499529578,0.5102279783512451,NA
hsa-miR-6816-3p,1.1022498284862872,0.1930991879993961,0.9180709162233469,0.5793630091192677,NA
hsa-miR-5682,1.3038143745001332,0.18561583653980115,0.8418667344584869,0.6318060965150512,NA
hsa-miR-5582-3p,3.7902548883493767,0.33921451372770456,0.9661084279535964,0.3384284133360199,0.66266266919847
hsa-miR-107,11667.994528369856,-0.32038113646969674,0.40568582540694964,0.27428659963307683,0.616671941244021
hsa-miR-1267,1.3143475786360104,0.23787840580587868,0.9909304773782595,0.46021113027959765,NA
hsa-miR-2110,168.2911733647979,0.10524824266582049,0.35396099568367606,0.6878641516772261,0.8828492655384871
hsa-miR-9983-3p,181.4505937934463,0.26387966938803664,0.6681795271119317,0.5252555359810369,0.8036757041889702
hsa-miR-3146,0,0,5.4845621082789,NA,NA
hsa-miR-1234-3p,2.495696630492999,-0.32213531071476414,0.899174588311507,0.3957796984285037,0.7143312445656518
hsa-miR-6503-5p,1.403189403999722,-0.4947626566278548,1.0875727743487829,0.17307966900288246,NA
hsa-miR-1976,41.91083943073674,0.2651856157402352,0.6901102043078697,0.5260541829537486,0.8036757041889702
hsa-miR-122b-5p,0,0,5.4845621082789,NA,NA
hsa-miR-185-5p,4672.407620071087,-0.04866750634328859,0.3715105765255464,0.8600715997354913,0.9487355064383476
hsa-miR-6746-3p,0.1772192266123805,-0.08912413333839661,0.9742226566580583,0.7685777420928457,NA
hsa-miR-4795-3p,2.061647960092912,-0.21894491958618512,0.9789531764003324,0.4975336696743628,NA
hsa-miR-4528,7.927163235949638,-0.17750160715410937,0.9447968480133684,NA,NA
hsa-miR-4774-5p,1.011681572162556,-0.2090820457950426,0.9198349419167331,0.5501065213365667,NA
hsa-miR-520g-3p,1.3668579201704747,-0.5008921935461582,1.0828792825388636,0.17046803649023784,NA
hsa-miR-106b-5p,4801.794524457787,1.5636611951919897,0.6023472539196181,0.0011009481691350816,0.024752351940554248
hsa-miR-579-3p,4.469928262861286,0.3398657559511243,0.9760461751381162,0.33273745470856897,0.66266266919847
hsa-miR-216a-5p,2994.101370695994,3.201476199438332,1.954506856172624,NA,NA
hsa-miR-4522,1.277461770689283,0.15468928261045464,0.9801106916097639,0.6175092540489738,NA
hsa-miR-138-5p,4976.6258051789355,-0.7953433900440335,0.7153632913054908,0.08480069409747978,0.3242562042394996
hsa-miR-3619-3p,0.8710927666487899,0.08803001002878873,0.9488444350712804,0.7810907109919232,NA
hsa-miR-548a-3p,16.95469081420074,0.15309962941448102,0.722162558001035,0.7114047603018043,0.892986252061636
hsa-miR-4735-5p,0.353632927336601,0.190086763348602,1.0052151879717866,0.5351894105864423,NA
hsa-miR-10522-5p,0.2159452788255371,-0.10711323534223852,0.9767732551878566,0.72447197697682,NA
hsa-miR-668-3p,150.58582991597476,-0.016895383019152003,0.7978998078099951,0.9660075569334331,0.9862959160600415
hsa-miR-12129,0,0,5.4845621082789,NA,NA
hsa-miR-549a-3p,24.165564044136612,-0.16577432258408148,0.7610107525381227,0.6863966631249097,0.8828492655384871
hsa-miR-2467-5p,0,0,5.4845621082789,NA,NA
hsa-miR-509-3p,65.50297476094991,-1.0757563479593049,0.9295559830464674,NA,NA
hsa-miR-891a-5p,41.51801648263398,0.19065365449931918,0.5456123515774958,0.6119767939922768,0.8433360723662016
hsa-miR-939-3p,0,0,5.4845621082789,NA,NA
hsa-miR-92a-3p,52942.276560649756,1.5352851159418268,0.704343930819264,0.0027326346329928594,0.036360771034925396
hsa-miR-6842-3p,334.5111239533392,-0.673534696788964,0.7744934408198377,0.14032599497386275,0.43173488040117286
hsa-miR-6734-3p,0.3121976157647936,-0.1620716243029115,0.9886480546835128,0.5980100909658246,NA
hsa-miR-30c-5p,49036.900337269115,-0.49098760746945225,0.5483798154475323,0.2008622040410168,0.5347671754074864
hsa-miR-605-3p,0.38825916226346624,0.10679466420637818,0.9786749238373689,0.7244156489599356,NA
hsa-miR-429,37.26105196717264,0.05842034882147796,0.7558909582441738,0.8859807880350984,0.9625684086197192
hsa-miR-320e,15.866774222747356,0.5419640835273981,1.2315133768383941,0.13411128627267577,0.4203873012008875
hsa-miR-500a-5p,195.81348524547204,0.9691432246028667,0.8397349113761132,0.04751992653966998,0.23648575802487265
hsa-miR-4424,0.6525106689031518,-0.24129387227827698,1.016874851991539,0.44237996334303875,NA
hsa-miR-6803-3p,6.632527043214547,0.1695642969123964,0.9327516925355401,0.6143936110029843,0.8433360723662016
hsa-miR-543,3784.546599573588,-0.20159171011262716,0.5268677411448656,0.5830652953846631,0.8344048777213845
hsa-miR-1264,143.02798757088365,0.007213433180564095,0.845903510393637,0.9847015243102363,0.9945515650045526
hsa-miR-6812-3p,2.2460033606422343,0.09083298033434753,0.8309480154292213,0.8137504096269841,NA
hsa-miR-582-5p,625.0902852989637,-0.7329110254954105,0.5963771024408662,0.08156193993264173,0.31843344213223
hsa-miR-542-3p,357.77722583152774,0.43530434663673595,0.6728810998584375,0.30651836424320916,0.6469074994747295
hsa-miR-1180-3p,2815.5907565900434,-0.583098594244368,0.5583649966768243,0.13852654565323708,0.43173488040117286
hsa-miR-380-3p,206.47477232724708,-0.5318446103537489,0.5649239135832996,0.1768120098945281,0.4990538114771962
hsa-miR-1243,4.8060476360858555,0.20882558173586788,0.7648321371030214,0.6127494252514127,0.8433360723662016
hsa-miR-1972,1.2348829559743892,0.7618469160199426,1.0456666645772297,0.07812037097423874,NA
hsa-miR-1249-3p,434.5470142309049,-0.445611523917592,0.6011365424605815,0.27135249148195234,0.6121862437585914
hsa-miR-17-5p,13363.917411281926,1.9869130658337202,0.7895730552622628,3.358727513936345e-4,0.011525738626771037
hsa-miR-3939,2.065889231884705,0.49378740376050656,0.9529477801153788,0.2094133608653066,NA
hsa-miR-3928-3p,21.09628722203689,0.513056635449979,0.7172148641549456,0.24166519249995716,0.5767236018212359
hsa-miR-6750-3p,0.3116511455300441,-0.1563317400970261,0.9871157572100298,0.6105682039603592,NA
hsa-miR-576-5p,123.66303680555647,0.773383613865843,0.8027751557335797,0.09817290443324427,0.3422926935319533
hsa-miR-302c-3p,0.5304493910049015,0.27960630037928913,1.0453131662375679,0.3759192389141796,NA
hsa-miR-4689,0,0,5.4845621082789,NA,NA
hsa-miR-3622a-5p,0,0,5.4845621082789,NA,NA
hsa-miR-5697,0.8584417937824508,0.39022714461930497,1.118508723665987,0.23945470468082994,NA
hsa-miR-431-5p,0,0,5.4845621082789,NA,NA
hsa-miR-19b-1-3p,2195.7633519330852,1.1469875337966025,0.7421940168345739,0.02063393101888691,0.15507057482908457
hsa-miR-455-5p,20952.772835939366,1.6759065932743111,0.8481355952591487,0.0023329772112475598,0.03306741612463933
hsa-miR-6733-5p,0,0,5.4845621082789,NA,NA
hsa-miR-4775,4.5624615981015575,0.406420377680167,0.8050001622698228,0.3376706796791488,0.66266266919847
hsa-miR-181c-5p,0,0,5.4845621082789,NA,NA
hsa-miR-660-5p,2152.3389179400806,1.0005110237638075,0.7141637544555764,0.03642810367068337,0.20808238013431504
hsa-miR-4661-5p,8.977561754110491,0.7358426144725122,1.1363168562444623,0.07724059872620834,0.3070784778627307
hsa-miR-197-3p,2989.928982520333,0.019840010948362727,0.2519094743678567,0.9155153138894179,0.971001856790807
hsa-miR-618,290.0715237834959,0.6878623057250334,0.7934583297092971,0.1333902830221556,0.4203873012008875
hsa-miR-3661,1.9383359126360815,0.2271493701439172,0.9221659914503085,0.5182453974132029,NA
hsa-miR-184,271.28266446278167,-0.14707763595764928,0.5383437586429908,0.6928554945869768,0.8875084134984457
hsa-miR-887-3p,163.37702269696354,0.1874168945368369,0.7825893600851358,0.6456624231765538,0.8582548771800068
hsa-miR-19a-3p,1021.1982570656294,0.5171690456261665,0.8831423435586889,0.21801045010487224,0.5597058873445571
hsa-miR-6833-3p,14.12378379706208,0.047613600248607744,0.6474407576958021,0.9066305398370978,0.970645504062049
hsa-miR-636,3.2627601333441927,0.3473204562999642,0.8587327547856707,0.385659298807867,0.7081356980261462
hsa-miR-1299,453.66314464429297,0.14010070524141738,0.8589730651795037,0.7088128054193548,0.8921736469757129
hsa-miR-382-3p,0,0,5.4845621082789,NA,NA
hsa-miR-4697-3p,0,0,5.4845621082789,NA,NA
hsa-miR-20b-5p,1017.7510796126328,0.33741251116473553,0.6054796664656352,0.4018195895458413,0.719742781274419
hsa-miR-191-5p,33865.297003009684,0.04047526908027275,0.341914457516228,0.8739781377746036,0.9544953866483108
hsa-miR-146a-5p,10164.048776469077,-0.4553708230943861,0.527350666863699,0.22044968210355467,0.5597058873445571
hsa-miR-3616-5p,29.198856071457644,1.414222649510343,1.2412549611058488,0.009386864274141538,0.08620050009493356
hsa-miR-4705,123.80965335127276,0.4749596346233725,0.5686902686683045,0.22657871153545087,0.56479490806937
hsa-miR-6511b-3p,106.95300905856891,-0.4816126220403774,0.5228378554905297,0.1933927809146984,0.5285976196920602
hsa-miR-92a-1-3p,57840.62935435478,1.5638317176622991,0.7011021497125148,0.002298120938626302,0.03306741612463933
hsa-miR-6764-5p,1.1832012096813282,0.23346583007454294,0.9731496311051031,0.47691008461864687,NA
hsa-miR-4422,8.203215381749311,0.6985320789642164,1.4492628756937296,NA,NA
hsa-miR-3144-3p,10.149568174752302,0.5159677700295336,0.9544119204924499,0.19457581092959272,0.5285976196920602
hsa-miR-3199,4.034460231466047,-0.033287533965278955,0.9179980618595563,0.9203047025805722,0.973779231984815
hsa-miR-4492,0,0,5.4845621082789,NA,NA
hsa-miR-30e-5p,44108.285439867446,-0.08946851937603097,0.3454002422636473,0.7270443223201482,0.8940089418986337
hsa-miR-491-5p,174.36765925200856,-0.7940594042528935,0.6291477493858515,0.06974081000025723,0.2914731442793057
hsa-miR-15b-5p,1238.1613761885837,0.8221423538517667,0.6173163860174482,0.05925250342353623,0.2646070700831892
hsa-miR-150-5p,533.2225807005964,-0.8819360387491711,0.566957059907059,0.03614972477473749,0.20808238013431504
hsa-miR-4773,0,0,5.4845621082789,NA,NA
hsa-miR-1252-5p,85.39622960684706,0.31640533324817444,0.7935618577411715,0.4471572780959182,0.7514086219549966
hsa-miR-4685-3p,3.4306588010842813,-0.006127998189608958,0.8383172547421553,0.9871323461284999,0.9947608804880709
hsa-miR-28-3p,2794.2168095668367,0.6461804756439657,0.5261150255429862,0.09094532711722518,0.3311834006865359
hsa-miR-514a-3p,238.37265420059052,-0.4460957145535171,0.5077262019299639,0.21604358717604413,0.5597058873445571
hsa-miR-6813-5p,0.353632927336601,0.190086763348602,1.0052151879717866,0.5351894105864423,NA
hsa-miR-3909,104.12170236315494,0.6254361761380088,0.7547439579730025,0.165737316562609,0.4781448247735446
hsa-miR-550a-3-3p,43.68332679160158,0.7554961352922548,0.7862199426580704,0.10463706488787576,0.3545304795230934
hsa-miR-517-3p,6.826899526880902,0.24194337861523058,0.7529691734412559,0.5612895979345399,0.8205399503437669
hsa-miR-135a-5p,3291.4962576813386,0.5847976568107204,0.6620458908865303,0.17674826502972643,0.4990538114771962
hsa-miR-1307-3p,3417.5324052062274,0.8580904552925958,0.5540219607897369,0.03788079493643145,0.2110963957141308
hsa-miR-1343-3p,19.797225323886835,0.8587521316627423,1.113490698673156,0.05402757554834857,0.2498296401242785
hsa-miR-4254,1.8330503014868085,-0.3818959871657608,0.9045688514633083,0.32483964228497647,NA
hsa-miR-208a-3p,0,0,5.4845621082789,NA,NA
hsa-miR-3150a-3p,0,0,5.4845621082789,NA,NA
hsa-miR-330-5p,2111.3349437022634,-0.13065022870201173,0.9030382221555618,0.7082650969520792,0.8921736469757129
hsa-miR-6820-3p,0,0,5.4845621082789,NA,NA
hsa-miR-4446-3p,22.715386984719085,0.08266874078440653,0.7863672774195151,0.8367877899586476,0.9430054410109021
hsa-miR-4471,0,0,5.4845621082789,NA,NA
hsa-miR-4790-5p,0,0,5.4845621082789,NA,NA
hsa-miR-375-3p,3470.802049786167,1.273315962155383,1.0236536691166458,NA,NA
hsa-miR-4732-5p,0.6882901466721784,0.03795890822926598,0.9696678682069618,0.8996454486669982,NA
hsa-miR-4767,0.4350071126021012,-0.05493495810638167,0.9710917560569774,0.8553236869524621,NA
hsa-miR-135b-5p,6710.915068592122,1.0193245328236373,0.8594969108682428,0.039285718379496765,0.21524612086917555
hsa-miR-1286,54.46638795397799,-0.16424428050069279,0.8290894283676425,0.6744124445904738,0.877678470804369
hsa-miR-124-3p,28900.752336753536,-0.3436931885028113,0.5946406209253866,0.3887723484374421,0.7100268100314068
hsa-miR-127-3p,63673.619725352415,-0.1846670057091218,0.4580744309523928,0.57550086805092,0.8339750175258663
hsa-miR-1265,0,0,5.4845621082789,NA,NA
hsa-miR-520f-3p,1.1684444170560135,-0.36163729116450827,1.0863960732849955,0.2714118089940265,NA
hsa-miR-4749-3p,0,0,5.4845621082789,NA,NA
hsa-miR-92a-2-3p,52942.276560649756,1.5352851159418268,0.704343930819264,0.0027326346329928594,0.036360771034925396
hsa-miR-610,0,0,5.4845621082789,NA,NA
hsa-miR-3149,7.567725884327342,0.1054882196836346,0.7669580491714884,0.7953562489108497,0.9293409933510286
hsa-miR-675-3p,157.09347889894516,0.9683160103991567,1.2874159913006853,NA,NA
hsa-miR-450b-5p,400.6942987289982,0.8648685694044749,0.9060883629943134,0.06677304436167104,0.2827014605442177
hsa-miR-423-3p,16832.331571948223,0.7671697355746745,0.45808009875367955,0.0322636811307181,0.19659738408624486
hsa-miR-193a-5p,166.777590613784,0.6473643813078102,0.4803858471069409,0.07090946999389554,0.29261376225329044
hsa-miR-1260b,346.99205552895125,0.7480806456900398,0.9053965487244169,0.0992549230018043,0.34422452019774685
hsa-miR-23a-3p,8995.651208528589,0.0016954087570023053,0.5515152927420792,0.9964170031936862,0.9965740238086428
hsa-miR-4777-3p,0,0,5.4845621082789,NA,NA
hsa-miR-381-3p,58450.974785473816,0.17215651274832208,0.5677808802290548,0.654656051831648,0.8640399712433897
hsa-miR-106a-5p,913.6030983933672,0.8602926609438384,0.6568030018959389,0.057050537682032165,0.25653069357713776
hsa-miR-485-3p,0,0,5.4845621082789,NA,NA
hsa-miR-379-5p,13419.16935267378,-0.7978055125717488,0.5784040645691721,0.05667384063185557,0.25653069357713776
hsa-miR-518c-3p,1.6023421930262591,-0.4256253419664536,0.9790175966079425,0.2498991147271037,NA
hsa-miR-378i,2496.0550072776955,0.10783456745293189,0.9448281206051858,0.7371372430312111,0.9000252480455986
hsa-miR-766-3p,179.2000460260143,0.027273707751800012,0.6903722744175844,0.947050797552638,0.9844098158124869
hsa-miR-143-3p,221867.31792872518,-0.8083636963218654,0.634034907677101,0.06658001520994163,0.2827014605442177
hsa-miR-580-3p,5.590491834013549,0.3670633550030739,0.8818468175320555,0.3520688942751068,0.6791388138087859
hsa-miR-3074-5p,28.78855817646501,1.1689940032178534,0.8228585169336323,0.02140984333890277,0.15591685288003745
hsa-miR-497-5p,1503.4895912431448,0.044275150540461564,0.4372874183511117,0.8896399385276808,0.9625684086197192
hsa-miR-2277-5p,132.98189716009722,0.07784523882822812,0.670282246226433,0.8492773535794107,0.9433199906878633
hsa-miR-383-5p,1395.598131002792,-0.16757209514180907,0.5682988666592736,0.6633984171142006,0.8702932956910638
hsa-miR-4525,1.1613409436785047,-0.3870544000155738,0.9114097524044552,0.3161204881973652,NA
hsa-miR-6853-3p,14.757056452838679,-0.5922240653403168,0.7160553601197926,NA,NA
hsa-miR-4677-3p,42.85760540107644,0.4370539560080456,0.7207832038296402,0.31206336075040464,0.6533221459606385
hsa-miR-3157-5p,0,0,5.4845621082789,NA,NA
hsa-miR-409-3p,0,0,5.4845621082789,NA,NA
hsa-miR-509-3-3p,0,0,5.4845621082789,NA,NA
hsa-miR-24-2-3p,26582.83783317876,0.34218153522198697,0.5056543881843272,0.33783548477397046,0.66266266919847
hsa-miR-4520-3p,1.611535463445055,-0.1908882579647392,0.9194824367705215,0.5824987326440669,NA
hsa-miR-29a-3p,58720.58316544056,-1.2250454727819609,0.5306518991519628,0.004547882924182967,0.05202139765907534
hsa-miR-4726-5p,1.3585292219009208,0.0015908405052048097,0.9593419639048912,0.9958504650737126,NA
hsa-miR-203b-3p,25.908996398118006,-1.9046429419932671,1.4118745857065644,0.0023018940568864657,0.03306741612463933
hsa-miR-6781-3p,0,0,5.4845621082789,NA,NA
hsa-miR-890,0.13291441995928535,-0.05673473776041685,0.9712195097532509,0.8506711759670653,NA
hsa-miR-6749-3p,0.3924807531374214,0.0417065851867588,0.9623917662002441,0.891324625307277,NA
hsa-miR-324-3p,40.01638851479325,-22.22986527139598,2.9851640786252727,NA,NA
hsa-miR-182-5p,17933.144056646102,1.8329326022161843,1.1081194008342454,NA,NA
hsa-miR-1277-3p,0,0,5.4845621082789,NA,NA
hsa-miR-3170,0.3799245511051159,0.25423689830606694,1.0323464999547594,0.41632347252991253,NA
hsa-miR-508-3p,69.84148709766018,-1.5212366024542119,1.0271787783742354,0.005983736319527173,0.06292574323115672
hsa-let-7f-5p,398050.2220068173,-0.23162359030603624,0.4276105887981815,0.45413803839934286,0.7553649598545235
hsa-miR-6734-5p,1.3325350908808269,-0.07862108981083446,0.8998928329426348,0.8206123070289264,NA
hsa-miR-506-3p,0,0,5.4845621082789,NA,NA
hsa-miR-202-5p,5.156088515302528,2.2410617736087164,2.3961904376877605,0.0031580052516804228,0.04037292988422815
hsa-miR-1468-5p,22.3197434950294,0.4470679451366982,0.7333548170332621,0.3027675521674787,0.6469074994747295
hsa-miR-93-5p,19727.552506786225,1.9514412742023377,0.7007956403614127,2.1246895024936875e-4,0.008148809150740495
hsa-miR-4421,5.218223675141281,0.30619278984894566,0.9115992109127549,0.40895108334622804,0.7225910740968582
hsa-miR-365b-3p,763.4861139548318,-0.30998608964148805,0.5327774235729393,0.4034013877895233,0.7205964516130663
hsa-miR-584-5p,1282.2091553729854,-0.021520260185884963,0.7222817235036663,0.958203275675768,0.9844098158124869
hsa-miR-454-3p,3078.872347321365,1.3273655896023582,0.5182778998318677,0.0020997515144110294,0.032165204885471387
hsa-miR-1276,0.734823057172015,-0.27957672914231124,1.0351399222742521,0.3796854593804798,NA
hsa-miR-548y,1.5913481730147045,0.5200831086997963,1.242882761673676,0.14352037663634118,NA
hsa-miR-1253,0.5796909170766332,0.315263747453988,1.0657971227474274,0.3252022312185618,NA
hsa-miR-892a,13.360695503386253,-0.0713253207020623,0.750035023611799,0.8614285579931009,0.9487355064383476
hsa-miR-203a-3p,539.7104182903574,-1.5394696487948145,0.6477059618253489,0.0018761568444505764,0.03158842801112504
hsa-miR-212-5p,464.468850770463,-0.7102889971103034,0.6576458618527432,0.10699505614003034,0.3595916319757721
hsa-miR-216b-5p,5012.411482098247,3.732843924640588,1.9148159674836636,4.964395034685791e-5,0.002489835048165489
hsa-miR-141-3p,2.7722119730967294,-0.01985837588369311,0.9548673244384239,0.9487238235249612,0.9844098158124869
hsa-miR-513c-5p,0.13291441995928535,-0.05673473776041685,0.9712195097532509,0.8506711759670653,NA
hsa-miR-3174,1.9001019522498028,0.3931136826470156,1.049007015693114,0.2529223754591337,NA
hsa-miR-211-5p,112.3511361430999,0.274127104541543,0.9470107644658923,0.4311081412383988,0.7377493650588871
hsa-miR-1255a,42.38876167443832,-0.5397673876783431,0.8051211460928036,0.2200863176825917,0.5597058873445571
hsa-miR-3918,0,0,5.4845621082789,NA,NA
hsa-miR-548ao-3p,0.5065660681401545,0.29167169813595123,1.052055522056146,0.35794354866999695,NA
hsa-miR-410-3p,2066.9912288238156,-0.22957910906112447,0.4889658563736457,0.5086906819792719,0.7915664072803945
hsa-miR-10b-5p,1965.466330525717,0.419760839990954,0.741465627441676,0.33076443506528785,0.66266266919847
hsa-miR-215-5p,171.6030811955928,0.5830694386480076,0.6724232110801199,0.18058826125619074,0.5053371087512291
hsa-miR-3124-5p,3.794252963123073,-0.33704108738114263,0.8593744230749671,0.39779972825229337,0.7145052970261577
hsa-miR-3176,4.4704139334465784,0.8674721485132174,1.7000044885903365,0.04883281302631899,0.23760443353104466
hsa-miR-432-5p,1655.2364203097154,-0.23717525834210007,0.4410306431222782,0.456017349270307,0.7553649598545235
hsa-miR-1185-3p,255.09617460047218,0.017954008951553566,0.4148916657877688,0.9531032862635352,0.9844098158124869
hsa-miR-943,18.296020459898045,-0.8382266312502332,0.8205581158219958,NA,NA
hsa-miR-501-3p,581.4635942428264,0.9475678572620228,0.4256359201182655,0.008228750052880743,0.07664492906397492
hsa-miR-11401,0.648788388940443,0.01844567272905072,0.9646854811668214,0.9514621746232614,NA
hsa-miR-1304-3p,0,0,5.4845621082789,NA,NA
hsa-miR-3139,6.42376864434256,0.27105375110691105,0.8323628333009006,0.49815231904114793,0.7902562336127213
hsa-miR-1909-5p,0.08860961330619024,-0.02363692575607462,0.9694620614619306,0.937306770383723,NA
hsa-miR-18a-5p,135.90895898397804,0.32151433087588877,0.8627566681110957,0.41565220463785385,0.7292098350086769
hsa-miR-1269a,426.9855278418804,2.6332130929530218,1.8357375092107358,5.811713314367869e-4,0.016474943830295002
hsa-miR-4760-5p,0,0,5.4845621082789,NA,NA
hsa-miR-1269b,49.68204470559551,1.054979329641216,1.9110100167170945,NA,NA
hsa-miR-3664-5p,0.5974281074061665,0.18103346065988155,0.9991277218761357,0.5552725620815768,NA
hsa-miR-9-5p,1259065.5511941186,0.14386875402748517,0.457246360055415,0.6627599370228432,0.8702932956910638
hsa-miR-6837-3p,1.3850107012286288,-0.3306565557956017,0.9445020753241703,0.3597468469883719,NA
hsa-miR-1271-5p,654.9558723392447,0.8431322891422248,0.5707911783911713,0.044308054328163135,0.2338810114953608
hsa-miR-21-5p,128355.62636742563,0.9008675585108388,0.6953029543591576,0.053124306507954785,0.2491873945552987
hsa-miR-122-5p,144.15882357100872,0.9334317697509092,0.9655159319566072,NA,NA
hsa-miR-1296-5p,2149.3759352613956,-0.14430071534220557,0.4302136004219628,0.64497670534517,0.8582548771800068
hsa-miR-7114-3p,0,0,5.4845621082789,NA,NA
hsa-miR-1295a,0.886628152972612,-0.37601952808643613,1.0262319804748892,0.27528398574921503,NA
hsa-miR-3529-5p,5.251185606512905,-0.2866994896915452,0.8630163203529644,0.4621440242668792,0.7558755895372089
hsa-miR-3130-3p,0,0,5.4845621082789,NA,NA
hsa-miR-142-3p,0,0,5.4845621082789,NA,NA
hsa-miR-665,4.384929995825983,-0.0017579079266155427,0.8350044470011817,0.9963237963803836,0.9965740238086428
hsa-miR-4511,1.0406525595278457,0.21877144050722577,1.0058900247906826,0.4839023818823336,NA
hsa-miR-98-5p,21745.673754801937,-0.1874781567383641,0.43372815851679836,0.5510643707712173,0.81300993797449
hsa-miR-374c-3p,25.424244914681868,0.2925378994871234,0.5928139453519945,0.46074174744653573,0.7558755895372089
hsa-miR-2355-3p,32.416568074828604,0.02109427821293222,0.8795566332589745,0.9529158759555358,0.9844098158124869
hsa-miR-452-5p,0,0,5.4845621082789,NA,NA
hsa-miR-3164,2.7835400078666823,0.3543781065313526,0.9730134634133241,0.3185778712445774,0.654161359534472
hsa-miR-1179,139.27824227935437,0.3078902783332418,0.7673361262967762,NA,NA
hsa-miR-448,85.54520226173716,0.3437247712185513,0.8206712148573123,0.4047408932220866,0.7209344053029977
hsa-miR-136-3p,3562.193336394317,-0.33584893985515735,0.8849412690930812,0.38665077990384666,0.7081356980261462
hsa-miR-103a-3p,42400.011570874754,-0.02755969643082835,0.9198156876942727,0.9337111916475891,0.9803215731952143
hsa-miR-548ad-5p,90.99685954148308,0.04956020627458753,0.8096562405097374,0.8996031975379308,0.966295362100051
hsa-miR-6499-5p,73.7565199547063,0.6808631261985544,1.107595147922266,0.09389809318189694,0.33476753710853635
hsa-miR-548x-3p,0,0,5.4845621082789,NA,NA
hsa-miR-302a-5p,0,0,5.4845621082789,NA,NA
hsa-miR-5193,0.2175035563010506,0.027301902738978905,0.9704333396840272,0.9275139088810908,NA
hsa-miR-3193,0,0,5.4845621082789,NA,NA
hsa-miR-933,4.515544776634616,1.1943208107018428,1.8680145899124618,0.021556080601049805,0.15591685288003745
hsa-miR-181b-5p,26565.727978441755,0.45059171950331356,0.5405184590955917,0.23357677438419555,0.566141475459091
hsa-miR-301a-5p,214.41726693437792,0.7038039375230248,0.7813497656606578,0.12605182082096128,0.40686033255082554
hsa-miR-18b-5p,0,0,5.4845621082789,NA,NA
hsa-miR-3155b,0.504298966426978,0.29431539465447504,1.053582927691637,0.3541100190905643,NA
hsa-miR-208b-3p,3.746176279913931,-0.006597798158938967,0.873939324449308,0.9853992499891732,0.9945515650045526
hsa-miR-1287-5p,225.64844343097369,0.7013621935576573,0.6343484753492256,0.10494537200606906,0.3545304795230934
hsa-miR-518b,3.329161348519139,-0.24526784822991277,0.8912271805953045,0.5080958089962125,0.7915664072803945
hsa-miR-3059-5p,316.0894838780251,-0.57450734140435,0.8080626123353901,0.19578205547282068,0.5296676355530253
hsa-miR-6832-3p,0.5929085797331682,0.16374252025299546,0.9910083007885968,0.5934395050679189,NA
hsa-miR-486-5p,3190.8313849684173,0.6280676811970406,0.5371439299673488,0.10406364672533733,0.3545304795230934
hsa-miR-3167,7.989881319756718,0.21132615461629184,0.7580311640484372,0.6095368099220773,0.8433360723662016
hsa-miR-664b-3p,58.29617462047312,0.012634662828290238,0.40975315714117816,0.9666305066907461,0.9862959160600415
hsa-miR-412-5p,275.51624642868563,-1.0758396521141884,0.780596936495668,0.029965770934426168,0.1918111385522209
hsa-miR-3128,5.144303589531897,0.25358553117980515,0.8751887759078533,0.5042641629094913,0.7915664072803945
hsa-miR-6888-3p,2.355448576006481,0.153687392111782,0.9141910271107433,0.6560818939514366,0.8641725148612862
hsa-miR-10527-5p,17.01288272106578,0.08731076747873173,0.7731790408458727,0.8292152644661412,0.9416964062210199
hsa-miR-4423-5p,0.8989486468718281,0.4003516577497246,1.1267428644357265,0.22980373987269986,NA
hsa-miR-30a-5p,148950.5347873887,-0.677932473861401,0.48462233723306153,0.062175973088498586,0.2720720433134301
hsa-miR-548av-5p,203.8697548614328,0.44256558725897627,0.7572015481100806,0.3071963135580097,0.6469074994747295
hsa-miR-210-3p,1175.423337668461,1.1031916252175185,0.6544258624886339,0.019037228826285463,0.15323794067577928
hsa-miR-6885-3p,4.244656210717927,-0.15350013537144339,0.7877445278805193,0.7041090106825592,0.8914156795437448
hsa-miR-200c-3p,96.98453135452831,0.9358662075598939,0.6142713124800705,0.03503406822014656,0.2039483257101389
hsa-miR-526a-5p,0.2215240332654756,-0.11569643019561833,0.9782206603290846,0.703859384299742,NA
hsa-miR-4470,3.8919971303976855,0.30710871591839856,0.8237943303895351,0.4507596850150129,0.7539429724641072
hsa-miR-192-5p,7553.543606445364,1.11951084721203,0.6296188309419606,0.015768436288936958,0.1285127557548362
hsa-miR-12125,0,0,5.4845621082789,NA,NA
hsa-miR-495-3p,5349.801927395859,-0.28004747972470895,0.45780932003168734,0.39374181517997664,0.7143312445656518
hsa-miR-20a-5p,21832.16874050244,1.7919282373810186,0.813892468221452,0.0011493433391208175,0.024979061903559103
hsa-miR-628-5p,0,0,5.4845621082789,NA,NA
hsa-miR-4682,0,0,5.4845621082789,NA,NA
hsa-miR-378a-3p,17904.05680443205,0.6919454622737244,0.7088490257767615,0.12550621724654373,0.40686033255082554
hsa-miR-2682-5p,0,0,5.4845621082789,NA,NA
hsa-miR-3611,4.238173621088168,-0.06353386648137954,0.834107648148316,0.8682579369067926,0.9527198730196905
hsa-miR-548au-3p,298.53700953935675,0.4267184971207285,0.6291209985051089,0.30262450912043565,0.6469074994747295
hsa-miR-130a-3p,1639.4484462394864,1.483158868380419,0.6933864477223478,0.003413461951855246,0.04279956139633886
hsa-miR-4524a-5p,2.9442683358517665,-0.7228659587158113,1.2991798623723563,0.07373877565967202,0.3004855108131635
hsa-miR-3179,2.7634021095176826,0.5557892632946597,1.082706478330735,0.1428034074604215,0.43305963564741773
hsa-miR-9902,0,0,5.4845621082789,NA,NA
hsa-miR-1273c,2.043308271662227,0.0016559476332948517,0.900159627560309,0.9961587155268238,NA
hsa-miR-934,0,0,5.4845621082789,NA,NA
hsa-miR-374b-5p,14324.919763872078,0.2015255706718076,0.45160922290161765,0.5358809903791877,0.8106598740771007
hsa-miR-148b-3p,31079.30321286337,0.15972787378318185,0.3259107602583543,0.5019907698050636,0.7905748355384095
hsa-miR-6755-5p,0.299649548957276,0.23076769634465455,1.0216295837749259,0.45696262419427863,NA
hsa-miR-502-3p,593.5489262848356,1.218176631046964,0.5572913094604547,0.0059709001264857545,0.06292574323115672
hsa-miR-4429,5.698954709131039,0.6649043605438235,1.305698235866618,0.08806470064692457,0.32623968648747054
hsa-miR-548ae-5p,52.513871645509546,0.07833960558613796,0.9548364525676708,0.8019522876061279,0.9314152763903891
hsa-miR-1247-5p,0,0,5.4845621082789,NA,NA
hsa-miR-3944-5p,0,0,5.4845621082789,NA,NA
hsa-miR-5006-3p,6.052848895704658,0.07273371397141973,0.7029550256688819,0.8597512260119117,0.9487355064383476
hsa-miR-4755-5p,2.598840003383819,0.6624041384299901,1.4167493861559526,0.08724502034903138,0.32505001867181976
hsa-miR-103a-1-3p,67346.18831603222,-0.06438891854590624,0.3303609506029807,0.7935956398763256,0.9293409933510286
hsa-miR-3175,0.353632927336601,0.190086763348602,1.0052151879717866,0.5351894105864423,NA
hsa-miR-1283,11.00498316414423,-2.004781567404887,1.4339617226045542,0.00173277694824336,0.03158842801112504
hsa-miR-4640-3p,5.41819495322554,0.05288162654656557,0.8492853604535361,0.8879291677691978,0.9625684086197192
hsa-miR-3922-3p,3.028842266447089,0.1673662008340541,0.8859213711898641,0.6448979835174796,0.8582548771800068
hsa-miR-4474-3p,6.47659422111283,0.27876017464038433,0.7874463449458855,0.5006039517183511,0.7905748355384095
hsa-miR-664b-5p,0,0,5.4845621082789,NA,NA
hsa-miR-935,449.2918269119525,-0.8826577708736392,0.7748988139508938,0.06453812110037759,0.27866791362547144
hsa-miR-30b-5p,18100.804642383093,-0.13415380813349193,0.39981999682768926,0.6474680411781015,0.8582548771800068
hsa-miR-7706,140.78113072860273,2.441412613960989,1.281146967005502,2.6878690620562353e-4,0.009736059047003696
hsa-miR-11400,0.9247694109742526,0.26320369758819256,1.0313547917516956,0.40372683478134413,NA
hsa-miR-892c-3p,0.8456817137843736,0.26048951442748863,0.9861033606918317,0.42846971641412374,NA
hsa-miR-5196-3p,5.516629014307781,-0.15207363666857307,0.8202746265133778,0.699195880684172,0.8896744700730859
hsa-miR-4763-5p,0.25328303407007724,0.190086763348602,1.0052151879717866,0.5351894105864423,NA
hsa-miR-5002-5p,7.591053660856457,0.1347974013857988,0.8589568402341524,0.7190591587496564,0.892986252061636
hsa-miR-323a-3p,8719.41803211358,-0.2851176838447113,0.5039332985227398,0.4227364496903113,0.736044044411121
hsa-miR-888-5p,10.33759650485903,0.42896639052928964,0.8066531017165082,0.3142849799974943,0.6533221459606385
hsa-miR-760,311.91385276990627,0.05235458479072372,0.7081035598340409,0.8987202714290279,0.966295362100051
hsa-miR-6815-5p,0.37698559258389785,0.004740838655170003,0.9671355314638351,0.987451798024889,NA
hsa-miR-370-3p,8759.272740636821,-0.0904588358169857,0.4839394799023879,0.7934867638159523,0.9293409933510286
hsa-miR-339-5p,890.3989305605334,0.42057928534658673,0.4591498051199133,0.20351589793769112,0.5350498607071557
hsa-miR-4501,0.47173624386854746,-0.12812307276721827,0.9805811876167473,0.6745514160730737,NA
hsa-miR-205-5p,4.6227743363407106,-0.07310343436278922,0.838812315306849,0.847910395983412,0.9433199906878633
hsa-miR-1266-5p,2.5926136034399536,0.2783421288182045,0.9429550019786568,0.427631880370768,0.736044044411121
hsa-miR-3117-3p,138.4796390299938,-0.2448220312324993,0.47575807664536995,0.4710273548664621,0.7610180438196549
hsa-miR-22-3p,12993.124924999907,-0.16403137058402054,0.5030999577464228,0.6443504558409494,0.8582548771800068
hsa-miR-302d-3p,8.752900577181519,0.25160616539263064,0.7318203032750076,0.5478907998391385,0.81300993797449
hsa-miR-4798-5p,0,0,5.4845621082789,NA,NA
hsa-miR-3173-5p,22.660825789591048,0.32483080528891833,0.700860193762759,0.4422093345325714,0.7469442645472449
hsa-miR-6715a-3p,2.924044122465746,0.09055547267543289,0.9601171250768765,NA,NA
hsa-miR-548ag,5.080576781347281,-0.026153629138553208,0.8449224584848358,0.9446738574227553,0.9844098158124869
hsa-miR-526b-5p,2.4444809218330703,0.08355975258064086,0.8189108109988149,0.8304837938298871,0.9416964062210199
hsa-miR-590-3p,341.72977092188205,0.13364757263461635,0.7149532086230975,0.7463913743910662,0.9061870656984292
hsa-miR-3187-3p,0,0,5.4845621082789,NA,NA
hsa-miR-3120-5p,0,0,5.4845621082789,NA,NA
hsa-miR-4791,1.272688073274633,0.25378314871364455,1.0204710293198076,0.4218873059478908,NA
hsa-miR-488-3p,742.3778284570246,-0.29288483101614887,0.7479231293484924,0.48633354457809397,0.7790896094961112
hsa-miR-363-3p,6656.970442048372,0.10248536384466797,0.5467649855230944,0.7850857276199033,0.9273114029133639
hsa-miR-200b-3p,151.21315280483478,0.18975185394650082,0.7300881402161776,0.647640183393502,0.8582548771800068
hsa-miR-615-3p,0,0,5.4845621082789,NA,NA
hsa-miR-873-5p,448.92719567264027,-0.14377374079737462,0.9656482439472995,NA,NA
hsa-miR-6881-3p,6.469896175718857,-0.2703586889246292,0.8651994547168717,0.4844429266079205,0.7779723846018822
hsa-miR-642b-5p,1.4115351486354675,-0.39721644024063346,1.113884776704206,NA,NA
hsa-let-7a-5p,366594.54089068307,0.5139688356670726,0.4184230601592093,0.09812600357383128,0.3422926935319533
hsa-miR-4536-5p,3.279581223898808,-0.3362918421876594,0.8101702277013841,0.41717065714453444,0.7292098350086769
hsa-miR-133b,175.72897253522405,-1.5020470969587079,0.6197638540629229,0.0018894918595611604,0.03158842801112504
hsa-miR-6715b-3p,0.2175035563010506,0.027301902738978905,0.9704333396840272,0.9275139088810908,NA
hsa-miR-744-5p,6604.905538669073,-0.5784054553335196,0.5366445400580064,0.13073570335623075,0.4178415617071689
hsa-miR-891b,0.30611316960724083,-0.08123067648152676,0.9733096472610078,0.7882876398019243,NA
hsa-miR-5680,39.30406763082291,-0.8709201456709762,1.2771567423948849,0.0475803876726654,0.23648575802487265
hsa-miR-5688,0.7078914274018533,-0.31637907072462296,1.0059438481803675,0.3455788936057685,NA
hsa-miR-493-5p,0,0,5.4845621082789,NA,NA
hsa-miR-5586-5p,4.609355807948715,-0.11852127483438442,0.8435285873085526,0.7559131743166934,0.9089362338340305
hsa-miR-3143,1.0427285998969393,-0.203296679285072,0.96901476157596,0.5302278235316724,NA
hsa-miR-483-5p,0,0,5.4845621082789,NA,NA
hsa-miR-24-1-3p,26684.059879907927,0.3437367025227638,0.5062531089450513,0.33612209917695907,0.66266266919847
hsa-miR-3910,4.367287038448007,0.8570929845940518,1.685354843860873,0.050110932739301714,0.24201724552610904
hsa-miR-656-3p,1505.4185004833253,-0.6329183140915885,0.5160937145547948,0.0924227697810094,0.3329262204266195
hsa-miR-505-3p,1136.3290436853897,1.5893990322438867,0.6731123809567069,0.0016749252063724652,0.03158842801112504
hsa-miR-3148,3.2085329665225455,0.7330893893480752,1.5120182478336286,0.07018601787093712,0.2914731442793057
hsa-miR-556-5p,0,0,5.4845621082789,NA,NA
hsa-miR-3937,1.1723170939571816,0.118666357826416,0.9117222587393946,0.7290718858583771,NA
hsa-miR-4444,0.33607979729415893,-0.16400772058662874,0.9891805533554816,0.5938108163257287,NA
hsa-miR-1910-5p,0.3995327319430347,0.2643658109495583,1.0373282896858194,0.3997643441438673,NA
hsa-miR-6721-5p,2.3077842908095496,0.013820055397120608,0.953203362305696,0.9644033302742719,NA
hsa-miR-4684-3p,38.40119729431914,-0.21386250293884196,0.8226531205890837,0.5907637502420289,0.8391676800823591
hsa-miR-181a-5p,137133.91979664282,0.0755911827587678,0.415389454771833,0.8042742340610263,0.9314152763903891
hsa-miR-6762-3p,1.335137774157305,0.4844473808123213,1.2048982726231638,0.16445763925225435,NA
hsa-miR-146b-5p,25948.30573019545,-0.4374865309911769,0.5923282229618639,0.2756705556591183,0.6176536161159627
hsa-miR-5683,132.68670995005837,0.5401608482063922,0.7222956195195317,0.22062026541035454,0.5597058873445571
hsa-miR-4650-3p,0.2175035563010506,0.027301902738978905,0.9704333396840272,0.9275139088810908,NA
hsa-miR-484,2902.625083892478,1.2756981946965218,0.5905371473994561,0.0055770001422171395,0.060603401545426254
hsa-miR-767-5p,0,0,5.4845621082789,NA,NA
hsa-miR-523-3p,11.933715737603006,-1.1788335414319815,1.13452527991857,0.019747210805800497,0.15507057482908457
hsa-miR-4753-3p,0.353632927336601,0.190086763348602,1.0052151879717866,0.5351894105864423,NA
hsa-miR-99a-5p,634514.7464000499,0.3902020708100957,0.5440453676089914,0.30211969455620336,0.6469074994747295
hsa-miR-1193,0.299649548957276,0.23076769634465455,1.0216295837749259,0.45696262419427863,NA
hsa-miR-9903,12.406714852544223,0.44567628580390256,0.9943492133311984,0.22861239861724789,0.56479490806937
hsa-miR-652-3p,2799.8987548762684,0.31418795276679184,0.49349762155231364,0.36919538567202065,0.691823855484166
hsa-miR-4479,0,0,5.4845621082789,NA,NA
hsa-miR-6877-5p,3.5022885249455014,0.18538273867652083,0.928188170190459,0.5872766143941689,0.8366301959499179
hsa-miR-504-5p,2374.8642146262887,-0.5242183098320915,0.7652236334022936,0.23489342215985556,0.5672241157341698
hsa-miR-499a-5p,1065.9988973303816,-0.9593530602361954,0.5772026034120479,0.026263139617868116,0.17776660921897575
hsa-miR-378d,143.77753696909295,0.05658789762706951,0.898467069620209,0.8702354671370732,0.9527198730196905
hsa-miR-3685,0.25328303407007724,0.190086763348602,1.0052151879717866,0.5351894105864423,NA
hsa-miR-10a-5p,2024.843647071919,0.2680214363340112,0.7025981329126042,0.5227569731928084,0.8036757041889702
hsa-miR-190a-5p,369.04779220147367,-0.9248952575036982,0.4719460290357316,0.015127813393736022,0.12621498577138385
hsa-miR-514b-3p,0.5276372028727164,-0.21654526239879748,1.0067186457780353,0.4872790083349572,NA
hsa-miR-1275,0,0,5.4845621082789,NA,NA
hsa-miR-6741-5p,0,0,5.4845621082789,NA,NA
hsa-miR-4639-5p,0,0,5.4845621082789,NA,NA
hsa-miR-3115,12.418458265731182,0.6546954041457694,0.8413152365190503,0.14598404687020797,0.4386248781538046
hsa-miR-6780b-3p,4.859795135488005,0.4264670572294248,0.8403189278223849,0.30757871907540824,0.6469074994747295
hsa-miR-585-3p,82.39187104672683,0.46613466375134543,0.7570196056517838,0.2846877418603115,0.6292081616709256
hsa-miR-675-5p,157.18208851225134,0.96787201404512,1.281656496032948,NA,NA
hsa-miR-2115-5p,0.6991822809003106,0.35195415118026663,1.08976903783744,0.2799475310647036,NA
hsa-miR-4687-3p,0.2159452788255371,-0.10711323534223852,0.9767732551878566,0.72447197697682,NA
hsa-miR-132-5p,0,0,5.4845621082789,NA,NA
hsa-miR-1229-3p,30.379147717585546,-0.14247712237939458,0.7902199620350339,0.7236059125804719,0.892986252061636
hsa-miR-155-5p,2069.2073380565366,0.33204511068356074,0.5974025894060165,0.40580203488681005,0.7209344053029977
hsa-miR-1289,0,0,5.4845621082789,NA,NA
hsa-miR-6788-3p,0.8068066380888689,0.11322483900655175,0.9743879596999272,0.7112715217013325,NA
hsa-let-7g-5p,333130.7947910887,-0.023073756217622327,0.2808377301888532,0.9123488578606261,0.971001856790807
hsa-miR-561-5p,1.4623446961133693,0.03610368167648235,0.9595099079242129,0.9062717635494775,NA
hsa-miR-186-5p,16644.695471351144,0.5797780134462649,0.5676176279283955,0.14492585520775642,0.4374613777567462
hsa-miR-574-3p,702.4212309944894,0.15949191753155748,0.4992727957815781,0.6517229423570585,0.8619135059164343
hsa-miR-3152-5p,0,0,5.4845621082789,NA,NA
hsa-miR-4460,0,0,5.4845621082789,NA,NA
hsa-miR-199a-3p,20686.797093815887,0.9685898247662581,0.8611745068707716,0.04749413083081546,0.23648575802487265
hsa-miR-527,0.2175035563010506,0.027301902738978905,0.9704333396840272,0.9275139088810908,NA
hsa-miR-6809-5p,0,0,5.4845621082789,NA,NA
hsa-miR-27a-3p,19310.2924099486,0.22664384705568555,0.48899051235536717,0.5141612521494417,0.7962782337326272
hsa-miR-6737-3p,7.254665609820311,0.41897788498196964,0.8436864551820668,0.31377727264094657,0.6533221459606385
hsa-miR-3622b-3p,0,0,5.4845621082789,NA,NA
hsa-miR-487a-3p,539.7510327720556,-0.1963872078957818,0.5065110807264747,0.5822770789774818,0.8344048777213845
hsa-miR-188-5p,0,0,5.4845621082789,NA,NA
hsa-miR-378e,21.04023436236174,1.7024209416583056,0.8597701137838947,0.002121324862078634,0.032165204885471387
hsa-miR-125a-5p,42339.62172666317,0.41959466794052036,0.4542573350038761,0.20029241642131856,0.5347671754074864
hsa-miR-885-5p,0,0,5.4845621082789,NA,NA
hsa-miR-516b-5p,15.018544093293896,-0.12911067874665563,0.628598198691407,0.7488391432217865,0.9061870656984292
hsa-miR-6861-5p,0.4325639689165614,0.07364616785186433,0.9725172236570061,0.8074243592886765,NA
hsa-miR-5584-3p,0,0,5.4845621082789,NA,NA
hsa-miR-424-3p,200.52779437030435,0.3711686498688738,0.7698094674554261,0.3830883223374145,0.7075738984815702
hsa-miR-5100,6.867245031229744,-19.87202161642908,2.9885411804313353,NA,NA
hsa-miR-6507-5p,82.07166086483345,0.11557700482719363,0.8401716868302574,0.7626381437388106,0.9106960983840742
hsa-miR-338-5p,0,0,5.4845621082789,NA,NA
hsa-miR-548ap-5p,0,0,5.4845621082789,NA,NA
hsa-miR-1284,5.008638869619306,0.3149297146549032,0.8798329015233243,0.4154960364710262,0.7292098350086769
hsa-miR-331-3p,0,0,5.4845621082789,NA,NA
hsa-miR-4326,43.70363966418539,0.25307919150834846,1.001321446307755,NA,NA
hsa-miR-4762-3p,0.7238203619102787,0.09123827854623776,0.9521256177034484,0.772215810463759,NA
hsa-miR-4781-3p,0,0,5.4845621082789,NA,NA
hsa-miR-3688-3p,12.205522742014736,0.2406055057265016,0.7339824607156518,0.5647873129951559,0.8238061030712341
hsa-miR-6515-3p,0,0,5.4845621082789,NA,NA
hsa-miR-373-3p,1.6953586310380404,-0.34754134273686027,1.0128367128305609,0.3082174309671051,NA
hsa-miR-3160-3p,0,0,5.4845621082789,NA,NA
hsa-miR-581,2.2652700085480237,0.20485826979748392,0.9310883833179734,0.550461219947673,NA
hsa-miR-4504,1.0934049477515801,-0.17715398065251473,0.9531324221919815,0.5877292140834287,NA
hsa-miR-6508-3p,41.45749663979489,-5.656488702349427,3.1358116884022915,NA,NA
hsa-miR-6516-3p,0,0,5.4845621082789,NA,NA
hsa-miR-6871-3p,0.4865473472958864,0.03619361607132897,0.9694968066507755,0.9042909470310997,NA
hsa-miR-320c,641.5007069265264,1.8683390654886614,0.8175264222518646,7.73681658767451e-4,0.019098024287512554
hsa-miR-450a-5p,485.5225055609852,0.960573143073979,0.7916832109235548,0.04824019297133138,0.23648575802487265
hsa-miR-96-5p,4777.243854437643,1.495948870174129,1.321265315926762,NA,NA
hsa-miR-6827-5p,0,0,5.4845621082789,NA,NA
hsa-miR-6770-5p,5.6651960810025,-0.009812791816176721,0.7361099679299913,0.9808830845534531,0.9930679675913842
hsa-miR-5001-3p,28.373976398847553,0.1449376351155972,0.6712736726219434,0.7245241216880451,0.892986252061636
hsa-miR-24-3p,26582.83783317876,0.34218153522198697,0.5056543881843272,0.33783548477397046,0.66266266919847
hsa-miR-34a-5p,6681.6078228018005,-0.6567298951210574,0.6920232478807893,0.14040790834158406,0.43173488040117286
hsa-miR-154-5p,310.44401695142295,-0.3380390565492336,0.5214600623416972,0.3551039950471965,0.6829728754300062
hsa-miR-4745-5p,0.722008506308989,-0.06213002781784113,0.9517849568912531,0.8425375430243308,NA
hsa-miR-4717-3p,0.4350071126021012,-0.05493495810638167,0.9710917560569774,0.8553236869524621,NA
hsa-miR-26a-5p,977290.6989534039,-0.012722603637055805,0.3287337330352876,0.9587426887130815,0.9844098158124869
hsa-miR-1292-5p,35.10900897792077,-0.41922747677503674,0.8824471475579807,0.29833955566438447,0.6469074994747295
hsa-miR-361-3p,0,0,5.4845621082789,NA,NA
hsa-let-7e-5p,29679.64565263423,0.0650425760284628,0.40169655121930087,0.8262286772109882,0.9416964062210199
hsa-miR-4707-5p,0,0,5.4845621082789,NA,NA
hsa-miR-7111-3p,2.6614066724564336,0.024356130004587924,0.8605559012880648,0.947301111486707,0.9844098158124869
hsa-miR-181d-5p,8709.228202621824,-0.1222593371749807,0.5030753086712135,0.7308806854893326,0.8957409904869265
hsa-miR-5004-3p,4.025569530787978,0.21180682141519344,0.8122540234642457,0.5974791206916239,0.8433360723662016
hsa-miR-1251-5p,24.8259258005881,0.15012378629271897,0.8438710730365088,0.6953731664230335,0.8889868715839565
hsa-miR-1293,0,0,5.4845621082789,NA,NA
hsa-miR-223-3p,321.2545599698925,-0.4681439320125878,0.5229060206733512,0.20549080801912947,0.5380723165802105
hsa-miR-4679,15.394586251760654,0.28897098552726674,0.9183807876635992,0.42785382336167926,0.736044044411121
hsa-miR-372-3p,46.036666369041484,-1.1513383250045484,0.7399977800940234,0.020138386230292085,0.15507057482908457
hsa-miR-328-3p,6989.269178134119,-0.8544051890288863,0.5214615372451422,0.03191234821635826,0.19629104751948664
hsa-miR-545-3p,0.5377276756706543,-0.22678062685735065,1.0108487264122117,0.46825458402932624,NA
hsa-miR-4654,1.0280458375585273,0.20947409771604614,1.002635442494325,0.5014209284441833,NA
hsa-miR-541-3p,0,0,5.4845621082789,NA,NA
hsa-miR-642a-5p,0,0,5.4845621082789,NA,NA
hsa-miR-548ba,232.84167183628747,-0.14293497742151018,0.6706805166088857,0.7280962394910652,0.8940089418986337
hsa-miR-6770-3p,5.6651960810025,-0.009812791816176721,0.7361099679299913,0.9808830845534531,0.9930679675913842
hsa-miR-1294,1.9127878299849634,0.13568130539400566,0.8678709085137261,0.7138831576898946,NA
hsa-miR-496,28.797995072285957,-0.30741197842515705,0.8219837356954127,0.45097815837576966,0.7539429724641072
hsa-miR-4688,0,0,5.4845621082789,NA,NA
hsa-miR-7854-3p,2.1774228058610317,0.04529696165294207,0.9527449129274651,0.8842335098462708,NA
hsa-miR-33b-5p,0,0,5.4845621082789,NA,NA
hsa-miR-6798-3p,14.888670984252336,-0.06522351046104861,0.6242555641681895,0.8708911722695329,0.9527198730196905
hsa-miR-4662b,0.2879270384340495,-0.14333565981798171,0.9839008353040976,0.6395890195622498,NA
hsa-miR-3180,5.65918137247196,0.981772515689915,1.8608616584346267,0.03752131055469095,0.21089564208326292
hsa-miR-206,320.327317419206,0.5081655892127606,0.8155475982894291,0.2423654400291697,0.5767236018212359
hsa-miR-1911-5p,37.52674631349415,0.5823165966787612,1.0058604337951353,NA,NA
hsa-miR-1305,3.030328001988221,0.7130188253381692,1.4845783489422582,0.0745108599717066,0.301745842866787
hsa-miR-32-5p,1052.1396183041031,0.5821236872320547,0.6775056089176792,0.1824459833333893,0.5083537655272214
hsa-miR-499b-5p,0,0,5.4845621082789,NA,NA
hsa-miR-365a-3p,743.9829452523488,-0.16909807332691704,0.7242559176789249,0.6832567379702246,0.8828492655384871
hsa-miR-217-5p,13618.431008565833,2.1589130585493446,1.3668139245809192,9.377710265556984e-4,0.021836668189796977
hsa-miR-552-3p,0,0,5.4845621082789,NA,NA
hsa-miR-4772-5p,0,0,5.4845621082789,NA,NA
hsa-miR-4662a-5p,13.128416531056239,0.6868620687732678,0.7837309166331373,0.13392699995107568,0.4203873012008875
hsa-miR-769-5p,23446.571484052176,-1.672149470948867,0.6417717149411494,7.908691039307345e-4,0.019098024287512554
hsa-miR-4787-3p,50.33568162529701,-0.34772150915292516,0.5527698828171824,0.361812918603676,0.6877609997947427
hsa-miR-3180-3p,21.37360776939072,-0.279957057131095,0.7948138214732611,0.49716573469853204,0.7902562336127213
hsa-miR-6786-3p,1.3603899916840785,-0.056799558420942316,0.9506084827796809,0.8560399864134303,NA
hsa-miR-345-5p,2010.601279270972,1.2622802754758957,0.7111628078485228,0.011158686005740881,0.09966388048963089
hsa-miR-654-3p,2701.8532119788392,0.4434099686865329,0.5145079443629057,0.22350040820856742,0.56479490806937
hsa-miR-4742-3p,15.02474948568698,0.32733069123427844,0.6758356727194161,0.4355753636670265,0.7416580806150292
hsa-miR-374a-5p,6064.606499529562,0.11974153155496789,0.4572213472610638,0.716882254235262,0.892986252061636
hsa-miR-1301-3p,983.3503069205022,-0.1822078832052725,0.4101655585434765,0.542203053890183,0.8117974911845821
hsa-miR-3617-5p,0,0,5.4845621082789,NA,NA
hsa-miR-324-5p,970.7700107366313,-0.3757892997892681,0.5036552786419023,0.2916913986463449,0.63606284922213
hsa-miR-130b-5p,0,0,5.4845621082789,NA,NA
hsa-miR-544b,4.7168956623771265,0.8928047806810353,1.7357657713795953,NA,NA
hsa-miR-518d-5p,0.2215240332654756,-0.11569643019561833,0.9782206603290846,0.703859384299742,NA
hsa-miR-19b-2-3p,2199.6361383306453,1.146203609491586,0.7419220262576643,0.02069193253087478,0.15507057482908457
hsa-miR-145-5p,7382.618909035085,-0.40732620812043197,0.6199188086329547,0.32059881649136573,0.654161359534472
hsa-miR-4667-3p,0,0,5.4845621082789,NA,NA
hsa-miR-7-5p,731094.797758458,-0.730693999669986,0.8322584889156998,0.1132246964533386,0.3728409196342261
hsa-miR-532-5p,10376.947117702419,1.2312478101747206,0.6409985235730583,0.009604340663477106,0.08697264045259824
hsa-miR-1908-5p,10.358186828506687,0.6090687617864006,0.8460494864273097,0.16932160244344258,0.4863334131855708
hsa-miR-607,1.646543628059727,-0.42826922013727703,1.1404581202849355,0.2067250414070247,NA
hsa-miR-302b-3p,14.615784253534544,0.4105503783127433,0.7754776130465818,0.3384458111090345,0.66266266919847
hsa-miR-4794,0.2175035563010506,0.027301902738978905,0.9704333396840272,0.9275139088810908,NA
hsa-miR-1185-5p,160.75998302487488,-0.494811951546685,0.6090366512664421,0.2279930885721564,0.56479490806937
hsa-miR-550a-3-5p,43.68332679160158,0.7554961352922548,0.7862199426580704,0.10463706488787576,0.3545304795230934
hsa-miR-2276-3p,0,0,5.4845621082789,NA,NA
hsa-miR-6861-3p,1.4918306706340512,0.096292265806137,0.8649358468269029,0.7940216201911661,NA
hsa-miR-3130-5p,0.2175035563010506,0.027301902738978905,0.9704333396840272,0.9275139088810908,NA
hsa-miR-1262,7.167859654721362,0.14149386931334676,0.811939510532122,0.7208252164758004,0.892986252061636
hsa-miR-425-5p,4956.685611234579,-0.40739111468663486,0.5799646666409302,0.302487539901975,0.6469074994747295
hsa-miR-1303,0,0,5.4845621082789,NA,NA
hsa-miR-2115-3p,2.573508552383996,0.1150480195048959,0.876284987449141,0.7517391966646801,0.9061870656984292
hsa-miR-1270,18.325098064481455,0.8436892364565515,0.904655553554007,0.07192168380529843,0.2949241373651231
hsa-miR-204-5p,14946.957998870372,1.0968070126378486,0.6633405871687564,0.020319357315521404,0.15507057482908457
hsa-miR-3085-3p,84.96841159481971,-0.156760717877898,0.7749798128874928,0.7004219896217142,0.8896744700730859
hsa-miR-187-3p,269.96007221401925,-0.4847207359155463,0.7034809392167022,0.26436841897054203,0.6048007339255909
hsa-miR-4659a-3p,13.806331827373933,1.291394203620726,0.9713532542077647,0.013952538911056292,0.11969809697379871
hsa-miR-195-5p,4187.16783984493,0.26239415808958444,0.47704787729634757,0.44065409644335873,0.7469442645472449
hsa-miR-101-2-3p,56271.06283525045,0.11068686970079174,0.46641960910250824,0.7415769149781685,0.9020674413540408
hsa-miR-27b-3p,202035.80611767244,0.4356049494170257,0.5453473938962287,0.25185277793055083,0.5864571828954256
hsa-miR-1288-3p,1.5557586323054235,0.21471813879189286,0.9698301698568211,0.5098700678078707,NA
hsa-miR-494-3p,2219.962060414039,0.30062101165561433,0.4730769550710796,0.37342651439379276,0.697633488208461
hsa-miR-337-5p,106.3623980052571,0.41604639549252265,0.7229017118121334,0.33415196505806355,0.66266266919847
hsa-miR-137-3p,1559.0175871178,-0.9807192966366253,0.793248971612232,0.04461303404836239,0.2338810114953608
hsa-miR-31-5p,304.9922723601508,-1.0065416427908687,0.6681465169775965,0.03117010912654331,0.19355153476672607
hsa-miR-3140-3p,0,0,5.4845621082789,NA,NA
hsa-miR-3171,0,0,5.4845621082789,NA,NA
hsa-miR-378f,1.355648569639669,0.05789433599539515,0.9618446240256776,0.8502302714051517,NA
hsa-miR-29b-1-3p,5862.360324526996,-1.4373466929976988,0.5577000241136817,0.0015844529050040742,0.03158842801112504
hsa-miR-219a-5p,530.8072459180628,-0.8081270748650524,0.8054304513242506,0.08649699543260361,0.32505001867181976
hsa-miR-4636,3.010382699372501,0.11571861720680049,0.8734611570889182,0.7514418400859876,0.9061870656984292
hsa-miR-1278,57.38958945744175,0.08939629953374317,0.6622332850536502,0.8269019021136943,0.9416964062210199
hsa-miR-539-3p,0,0,5.4845621082789,NA,NA
hsa-miR-490-3p,708.0577895288026,-0.6673554481546548,0.7352605476202639,0.14114571762970743,0.43173488040117286
hsa-miR-101-3p,54680.945931415736,0.10628014243613512,0.4673092342145441,0.7519128873356599,0.9061870656984292
hsa-miR-548s,14.17535414509415,0.5683791766394816,0.9867378855453169,0.15604712626210923,0.4542085996557822
hsa-miR-6849-3p,2.3508361896620364,-0.3209138694840426,0.8464922748016249,0.42377632864107323,0.736044044411121
hsa-miR-320a-3p,9518.678480176657,1.427673410719833,0.5615186131301061,0.0017560965082019802,0.03158842801112504
hsa-miR-340-5p,33608.28541120787,0.20298227949766207,0.48053135348953,0.5537479978143269,0.81300993797449
hsa-miR-4652-5p,0,0,5.4845621082789,NA,NA
hsa-miR-6748-3p,0,0,5.4845621082789,NA,NA
hsa-miR-449c-5p,223.90207215949076,1.487933349442364,1.2978763874855659,0.0076164367202139,0.07315797747192977
hsa-miR-134-5p,1826.0757592384366,-0.054741682712885625,0.3364136699305802,0.8272543004926622,0.9416964062210199
hsa-miR-4795-5p,0,0,5.4845621082789,NA,NA
hsa-miR-326,550.0747801962079,-0.19783157677019042,0.7161279578512438,0.6343639391419407,0.8563256486967812
hsa-miR-151b,2637.3306991161876,-0.0014706963100067083,0.29840927741031853,0.9947451220656516,0.9965740238086428
hsa-miR-3681-5p,2.7291923973946366,-0.3599270321304518,0.957488333429369,0.3204107111821088,0.654161359534472
hsa-miR-3612,1.0105240286114674,-0.30099211334513565,0.9278909449458337,0.40608354200065216,NA
hsa-miR-519b-5p,0,0,5.4845621082789,NA,NA
hsa-miR-92b-3p,19997.90360501427,0.4695605575537287,0.6063892625203119,0.2500205504955368,0.5842774154949462
hsa-miR-6774-5p,0.7081094827422771,0.34405653235970074,1.0843125018882591,0.28913595647063445,NA
hsa-miR-940,23.56656225831336,-0.2952239469256656,0.754700202468053,0.4824495929162083,0.7766842829169576
hsa-miR-1256,0.4705117162118225,-0.2085584050783568,1.0036606932769392,0.5025237976625376,NA
hsa-miR-376a-2-3p,327.2764488848632,0.16863579748513718,0.7164863444802061,0.6842023626305636,0.8828492655384871
hsa-miR-653-3p,8.58064561661206,-0.1150811858185872,0.7144632074468347,0.7803374879449629,0.925054622072938
hsa-miR-15a-5p,1002.775048099557,0.3525243626600131,0.5667918894825613,0.3632845045047511,0.6885508631892375
hsa-miR-95-3p,10705.527366121767,-0.931394879633566,0.5539252701120643,0.026446872843927372,0.17776660921897575
hsa-miR-4646-3p,12.953069330286208,-0.08073879217119621,0.6551837806830827,0.8429893518070758,0.9430054410109021
hsa-miR-148a-3p,103457.70979363371,0.712618395269367,0.6843664716986327,0.1117298029012821,0.3716726096512037
hsa-miR-5687,0,0,5.4845621082789,NA,NA
hsa-miR-3913-5p,47.95819601845737,0.6107197899756096,0.6446457956820549,0.1551347226812608,0.45357775420709434
hsa-miR-377-3p,0,0,5.4845621082789,NA,NA
hsa-miR-196a-5p,1.982103253264517,-0.08824216277204111,0.912320054243398,0.7949218361730709,NA
hsa-miR-3605-3p,89.70084613439492,0.21458938755673712,0.763355336865825,0.60352599314646,0.8433360723662016
hsa-miR-4783-3p,1.8087225214373979,-0.30192888297409093,0.882717028848877,0.43101940999596183,NA
hsa-miR-3660,0,0,5.4845621082789,NA,NA
hsa-miR-6885-5p,0,0,5.4845621082789,NA,NA
hsa-miR-3684,1.6137566925663294,0.5297102234906949,1.2535904983293265,0.13843538987397724,NA
hsa-miR-518f-5p,0.2215240332654756,-0.11569643019561833,0.9782206603290846,0.703859384299742,NA
hsa-miR-578,6.966905090823316,1.3382178015471629,1.0960966264856276,0.011788525593512482,0.1038664687428397
hsa-miR-222-3p,5243.007786869078,-0.9962624383061629,0.7096523883981726,0.03670164680283164,0.20808238013431504
hsa-miR-3177-3p,48.74406442772196,0.738847373317448,0.6570608178316798,0.09509034698022557,0.33695057734297323
hsa-miR-770-5p,0,0,5.4845621082789,NA,NA
hsa-miR-26b-5p,91559.4159657886,0.35010964331884453,0.43235288719541326,0.2612781951264641,0.6019554177471894
hsa-miR-874-3p,1677.9256640446529,-0.20001708109096106,0.4583672243110869,0.5441035332019362,0.8117974911845821
hsa-miR-597-5p,6.5058818757931,0.1452986209538713,0.7536193148979177,0.7234958453502054,0.892986252061636
hsa-miR-6774-3p,1.3287499216021472,0.30753690002262146,1.002761341612666,0.35756493968189085,NA
hsa-miR-3923,0.35037719774320064,-0.16899782979936817,0.9905895812724534,0.5830738870070153,NA
hsa-miR-4647,0.30257937985618677,0.23164552210317965,1.0220126824084992,0.4553839566782403,NA
hsa-miR-219a-3p,34014.870480134,0.025126117957999995,0.716642321408658,0.9512397550038418,0.9844098158124869
hsa-miR-4643,0,0,5.4845621082789,NA,NA
hsa-miR-4645-3p,3.8761343275775277,-0.34721254527727036,0.9601338671545149,0.33266079377222285,0.66266266919847
hsa-miR-3943,39.808480024304195,-1.0598528093699044,0.8422437944714869,0.03356169314867236,0.20075434800857228
hsa-miR-4536-3p,3.010717386063481,-0.23106409056596533,0.8433663095646964,0.5548917521451657,0.81300993797449
hsa-miR-6742-3p,4.570483922895246,0.054599697451070586,0.8021893307359476,0.8902281447817342,0.9625684086197192
hsa-miR-4738-3p,1.4879077572171715,-0.11243200411218891,0.8992980365960215,0.7478187820170743,NA
hsa-miR-183-5p,12340.40938811558,2.0073959450555643,1.2088656391442214,NA,NA
hsa-miR-5691,0.30810871711322424,0.23328490083917397,1.022733177610847,0.4524473760756988,NA
hsa-miR-6821-5p,0,0,5.4845621082789,NA,NA
hsa-miR-194-5p,1827.712050083059,0.8997512712585222,0.6214303158070645,0.04252772535218115,0.22885660884937728
hsa-miR-7157-3p,4.41892864058528,0.0029058640735345792,0.8504414614105459,0.9937977487551045,0.9965740238086428
hsa-miR-671-3p,0,0,5.4845621082789,NA,NA
hsa-miR-6509-3p,0.6585266933735602,0.015334048718819437,0.951012013026372,0.9606792304228128,NA
hsa-miR-6132,0.6999207039773224,0.04723908954066415,0.9096892419293647,0.8890764289382189,NA
hsa-miR-421,167.56938693086764,-23.696621891183078,2.9846306246437755,NA,NA
hsa-miR-4433b-3p,0,0,5.4845621082789,NA,NA
hsa-miR-1298-5p,822.8521987189065,0.8326037323068048,0.8397925145270346,0.07862611629306691,0.3106922898368462
hsa-miR-624-5p,13.130614674008308,0.2742989925712354,0.7897552823941589,0.5065457439897081,0.7915664072803945
hsa-miR-299-3p,0,0,5.4845621082789,NA,NA
hsa-miR-1538,0.8864906192452704,0.39452533696869657,1.1219724065340166,0.2353056602181397,NA
hsa-miR-7848-3p,0,0,5.4845621082789,NA,NA
hsa-miR-23c,22.919326122400996,-5.610859716520498,3.2513378234669683,1.5912347768862742e-4,0.007101049127102649
hsa-miR-548b-5p,0,0,5.4845621082789,NA,NA
hsa-miR-128-1-3p,331551.15604125464,-1.285216079023188,0.7234757082400987,NA,NA
hsa-miR-4686,0,0,5.4845621082789,NA,NA
hsa-miR-3938,3.4663488288518827,0.1413101979664161,0.8582240505320702,0.7067770785028277,0.8921736469757129
hsa-miR-7110-3p,13.110045707754432,-0.2347486031594175,0.7529034013115862,NA,NA
hsa-miR-6729-5p,0,0,5.4845621082789,NA,NA
hsa-miR-129-5p,42730.37509375851,-0.5792917840316449,0.6551771167807258,0.17856287755898217,0.5018232593467947
hsa-miR-34c-5p,2250.9383365204526,0.49453956037709873,0.6983877319752541,0.2548162020666202,0.5891495168348807
hsa-miR-376a-5p,0,0,5.4845621082789,NA,NA
hsa-miR-1250-5p,395.8621692593519,0.39512551388325123,0.7634193226197084,0.35643534838559177,0.6835171974923702
hsa-miR-221-3p,20091.67701545594,-0.928280727482761,0.7277404036217757,0.0506752430843252,0.24294307713955904
hsa-miR-4741,0.8840823183415025,0.38818489068309237,1.1168795658261552,0.24145327280544174,NA
hsa-miR-25-3p,29587.337187849855,2.023308900508551,0.7255983284707237,1.633676946419321e-4,0.007101049127102649
hsa-miR-892b,1.2423721460986368,0.2512660024562922,1.0193282942257837,0.42612188444039034,NA
hsa-miR-219b-3p,0,0,5.4845621082789,NA,NA
hsa-miR-1306-5p,0,0,5.4845621082789,NA,NA
hsa-miR-503-5p,194.99822373254142,0.8870785253989572,0.9009507984186799,0.062137695845218804,0.2720720433134301
hsa-miR-616-5p,2.226968769702755,0.36462591450218723,1.0577966701988548,0.2760196709449718,NA
hsa-miR-5010-3p,358.18410233016857,-0.5787166784841169,0.5746481463368703,NA,NA
hsa-miR-3126-3p,0,0,5.4845621082789,NA,NA
hsa-miR-643,3.2842441396935094,-0.040719881199694094,0.8277006018384804,0.9158343639536268,0.971001856790807
hsa-miR-516a-5p,65.98753582795563,-2.2314125882165925,0.9415640344621021,1.914934615448982e-4,0.0078033585579546025
hsa-miR-4665-5p,0,0,5.4845621082789,NA,NA
hsa-miR-3132,0.28948531590956295,-0.05493495164614565,0.9710917556098919,0.855323703665998,NA
hsa-miR-1306-3p,78.1479897456998,0.4709104359420676,0.7120871656919082,0.2781960183937117,0.6211774109339042
hsa-miR-224-5p,192.83528434195946,0.2510564783961299,0.6055364965928669,0.5300315227013147,0.8036757041889702
hsa-miR-3127-3p,7.269941674206192,0.42763115877660507,0.7253848121418405,0.32206410492418025,0.654161359534472
hsa-miR-625-3p,526.2177348497686,0.4340245804825783,0.7586093596865886,0.3156387668368115,0.6533221459606385
hsa-miR-589-5p,242.28000760612298,-0.15827322387864143,0.44831292622108687,0.6254745535592364,0.8512873480672136
hsa-miR-1323,2.178594149483709,0.06319863841779888,0.7862937633088718,0.874692813300747,NA
hsa-let-7i-5p,380673.9131587503,0.8039004613103999,0.5368056205546646,0.04488428865264808,0.2338810114953608
hsa-miR-125b-5p,76426.16476931442,0.20880417516425706,0.4822787709077784,0.5435480225822786,0.8117974911845821
hsa-miR-3613-5p,592.4870405042109,0.5014118081644285,0.770440340926082,0.2531453535436921,0.5873692900729084
hsa-miR-105-5p,299.331490540409,-0.04759530054536328,0.5772659860626377,0.9022012600963435,0.9674921407612105
hsa-miR-592,1743.1865358672208,0.08831446854967298,0.6292323791763286,0.8264265665819004,0.9416964062210199
hsa-miR-3941,0.5753869187098031,0.204589862911223,1.0070508650311456,0.5079006866360545,NA
hsa-miR-875-5p,0.7598491022102318,0.364243365294398,1.0985830360298332,0.26622955713555185,NA
hsa-miR-577,328.4965874324509,0.11277612940031642,0.7192300076949957,0.7845308631024689,0.9273114029133639
hsa-miR-376c-3p,834.2968640677962,0.355982292640353,0.6131599360857001,0.3802800743452061,0.7043824104348704
hsa-miR-3122,0,0,5.4845621082789,NA,NA
hsa-miR-942-5p,0,0,5.4845621082789,NA,NA
hsa-miR-2681-3p,0,0,5.4845621082789,NA,NA
hsa-miR-301b-3p,160.68243015874464,1.2786238244956851,0.9734616316171071,0.014631126878946,0.12388954188406225
hsa-miR-651-5p,275.89754980925454,0.09156847005360107,0.5899922650911655,NA,NA
hsa-miR-588,1.9097820733021829,0.22550195215769672,0.9800396026685019,0.48600387284109015,NA
hsa-miR-6854-5p,0.39472278291343105,-0.15203241502943654,0.986013267647872,0.6200796640248457,NA
hsa-miR-1197,378.48691341128415,-0.3543273460320135,0.5830404870913113,0.3692556774670088,0.691823855484166
hsa-miR-6720-3p,0,0,5.4845621082789,NA,NA
hsa-miR-5089-3p,0,0,5.4845621082789,NA,NA
hsa-miR-4632-3p,0,0,5.4845621082789,NA,NA
hsa-miR-7978,63.97134166898924,-0.6724125209254621,0.715688786739367,NA,NA
hsa-miR-376b-3p,56.41781846706495,0.2307311886824889,0.7149931529966206,0.580676223477113,0.8344048777213845
hsa-miR-6769b-3p,0.5362101767122761,-0.22704109548366513,1.0109544993420558,0.46777912849166575,NA
hsa-miR-6819-3p,0,0,5.4845621082789,NA,NA
hsa-miR-4488,0,0,5.4845621082789,NA,NA
hsa-miR-199b-3p,27947.60144271584,1.173289062286489,0.9291697713851348,0.0217614012455267,0.15591685288003745
hsa-miR-7976,19.20196388219777,0.6420964923256068,0.8413523544552712,0.15230987277246125,0.451452825468464
hsa-miR-6758-3p,0,0,5.4845621082789,NA,NA
hsa-miR-3690,9.596790543344488,-0.386694948491227,0.8846922989067121,NA,NA
hsa-miR-877-3p,70.36627898089228,-0.07060215539554036,0.6692824361638674,0.8630810589307341,0.9489525302240112
hsa-miR-329-3p,2818.26106303492,-0.1234376111189279,0.46517803861466517,0.712362722140023,0.892986252061636
hsa-miR-4515,0.5711364836376516,0.12040707400351344,0.9832194939393415,0.6908102705373333,NA
hsa-miR-214-5p,797.1319990957024,0.7596209595112703,0.9417688342998239,0.09082556312423033,0.3311834006865359
hsa-miR-6501-5p,1.2655088155083587,-0.007009596113562965,0.9039503179044933,0.9836234908290766,NA
hsa-miR-3620-5p,4.24013057131142,0.03111338764752065,0.8748882486804186,0.9311815380948865,0.9803215731952143
hsa-miR-576-3p,0,0,5.4845621082789,NA,NA
hsa-miR-7850-5p,0,0,5.4845621082789,NA,NA
hsa-miR-4750-5p,1.6894445160370695,0.07060601109605445,0.9489271505604643,0.8227175685148511,NA
hsa-miR-517a-3p,38.07724549996585,-1.1520577838036206,0.9665523390237383,0.023241919503582974,0.16120990974825636
hsa-miR-6505-3p,8.925178897746452,-20.230416556458657,2.9875976091164653,NA,NA
hsa-miR-3145-5p,2.384500609073561,0.31876787566749204,0.8227637867978163,0.4356672467416506,0.7416580806150292
hsa-miR-3677-3p,0.8384462857436835,0.10627058542192713,0.9768299551651675,0.7264303385283053,NA
hsa-miR-4683,2.0887908797391903,0.40082487588430055,0.9148443278436977,0.30084661764876836,NA
hsa-miR-6765-3p,0.26886383783532714,-0.1354341490865378,0.9821172402227941,0.6576189304158492,NA
hsa-miR-3934-5p,3.8968798107689087,-0.41657661189587647,0.8710000175058609,0.30573683586533734,0.6469074994747295
hsa-miR-4503,0,0,5.4845621082789,NA,NA
hsa-miR-7158-5p,0,0,5.4845621082789,NA,NA
hsa-miR-3151-5p,0.647730942824203,-0.2578708544993746,1.0243562424244224,0.41424592096898133,NA
hsa-let-7b-5p,132214.9656224056,0.5131995346613946,0.457139798413968,0.12477448965661359,0.40676483628056026
hsa-miR-548z,0,0,5.4845621082789,NA,NA
hsa-miR-3912-3p,65.83961382462223,-0.348208748121524,0.78976673513422,0.4073841622369282,0.7217784613545576
hsa-miR-627-3p,0,0,5.4845621082789,NA,NA
hsa-miR-3065-5p,465.8699918304384,1.3248233413521568,0.5839299593099868,0.004020970597144198,0.04766677871523668
hsa-miR-944,1.7458716282038218,-0.16491442588731975,0.8743905135235134,0.6551618368489078,NA
hsa-miR-4425,0.8512293738902268,0.17320802450387165,0.9911834864543533,0.5744321086726556,NA
hsa-miR-500a-3p,1059.3437479329948,1.3840390647935703,0.612153484694729,0.0035539813184982364,0.04372067584265755
hsa-miR-23b-3p,31943.67283630347,0.44894434031343294,0.555836381696093,0.24448373429919434,0.5796487082293627
hsa-miR-7705,0,0,5.4845621082789,NA,NA
hsa-let-7c-5p,108167.55748067761,0.44899977514235195,0.5125449425865541,0.2166021093788442,0.5597058873445571
hsa-miR-6756-3p,0.9131868034898458,0.12687316938636564,0.87095251836608,0.7300143003453288,NA
hsa-miR-149-5p,9183.622183270621,-0.4543940263755381,0.43900920531258597,0.15493674572741734,0.45357775420709434
hsa-miR-2114-5p,0,0,5.4845621082789,NA,NA
hsa-miR-6739-3p,11.617491284611987,0.528054022643784,0.7140943780071917,0.22909411930229434,0.56479490806937
hsa-miR-140-5p,0,0,5.4845621082789,NA,NA
hsa-miR-6793-5p,1.3956747172745991,0.7078847939144556,1.2253560973694242,0.0794550644602832,NA
hsa-miR-520a-3p,0.5097565954897196,0.03425798460305277,0.9670538899339154,0.909761033963991,NA
hsa-miR-100-5p,156246.86071567264,0.05109519072696409,0.5790446308613062,0.8952202476948725,0.9647662834662099
hsa-miR-599,0.3734815641530435,0.17067029857295743,0.983928318598587,0.5831537521099841,NA
hsa-miR-433-3p,3090.3503702764,-0.3684683546841669,0.5571985860250136,0.33710313629620564,0.66266266919847
hsa-miR-570-3p,0,0,5.4845621082789,NA,NA
hsa-miR-6776-3p,0,0,5.4845621082789,NA,NA
hsa-miR-889-3p,5186.864378146197,-0.8373530126188637,0.674925957761808,0.0660042083943382,0.2827014605442177
hsa-miR-670-3p,4.902172526481192,0.19522512045172521,0.8976117787370729,0.5876942174004025,0.8366301959499179
hsa-miR-7156-5p,3.593846536930341,-0.16384331156980073,0.838425441728361,0.6719976370588037,0.8762849187246801
hsa-miR-4660,0.504298966426978,0.29431539465447504,1.053582927691637,0.3541100190905643,NA
hsa-miR-3200-3p,737.2758313708035,-0.14201454260227755,0.4195266576094185,0.6429268871231029,0.8582548771800068
hsa-miR-7703,0,0,5.4845621082789,NA,NA
hsa-miR-1226-3p,103.0594750865319,0.5806086204318246,0.7717661287101951,0.1940337492605619,0.5285976196920602
hsa-miR-511-5p,54.24627019148532,0.48373121135410835,0.8739679042230151,0.2459260454374943,0.5809557305262546
hsa-miR-362-5p,731.1664804455269,1.5778353972836794,0.6953931201077389,0.0020582041811371917,0.032165204885471387
hsa-miR-2278,1.2261014891550066,0.33405872880669996,1.0715270307062852,0.3028301804307783,NA
hsa-miR-1914-5p,0,0,5.4845621082789,NA,NA
hsa-miR-4699-3p,0,0,5.4845621082789,NA,NA
hsa-miR-6855-3p,0.3024692716759254,0.23161055280726328,1.0219973852070854,0.45544676167842907,NA
hsa-miR-2116-5p,6.361520074620601,-0.11888897900281274,0.8268266737879136,0.7597703181588138,0.9089362338340305
hsa-miR-2113,39.02434333583824,-0.7562097006486332,0.8460400269368445,0.10268312894563865,0.3542296300135259
hsa-miR-1843,404.56137914798506,-0.3091628836951426,0.7901017757638394,0.4576214097278172,0.7553649598545235
hsa-miR-3940-3p,11.970925115787004,0.3452550626349999,0.7511935797165472,0.4163433886468366,0.7292098350086769
hsa-miR-34b-3p,58.48155288970422,0.34022940305278326,0.8537920618225129,0.39640022045455175,0.7143312445656518
hsa-miR-548au-5p,13.642278341208124,0.6708544298321515,1.3777334087937954,NA,NA
hsa-miR-320d,296.71507788484394,1.5678776849035314,1.427825738733103,0.006417903109890123,0.06538238793200563
hsa-miR-29b-2-3p,5869.797673750884,-1.4377366458862557,0.5577480501966717,0.0015812379254512559,0.03158842801112504
hsa-miR-144-3p,752.5927632743347,-0.5640440016239077,0.6595033919265906,0.19046014354039573,0.5261864982556695
hsa-miR-126-3p,60434.15714743647,-0.2764602404987622,0.49081639614938294,0.42731297963460396,0.736044044411121
hsa-miR-196b-5p,54.284716212819106,0.9116944379724745,0.9784416198115803,0.05255882147460313,0.24832138841624088
hsa-miR-4695-3p,0.707265854673202,0.34385435137818376,1.08417494928775,0.28937507571249177,NA
hsa-miR-708-5p,5242.054612234226,-0.2215555677738774,0.4584818384752256,0.5012963629082918,0.7905748355384095
hsa-miR-659-5p,18.468925821062587,-0.042799491062784537,0.6440191216027062,0.9158989906845802,0.971001856790807
hsa-miR-4768-5p,0.5065660681401545,0.29167169813595123,1.052055522056146,0.35794354866999695,NA
hsa-miR-487b-3p,4505.181680948175,-0.11448942403815507,0.47062393227192534,0.7348244928597587,0.8988847454869845
hsa-miR-4440,2.815624988621543,0.5726949205928886,0.9982162958127341,0.1511752547816825,0.451452825468464
hsa-miR-6879-3p,1.490903975115349,0.07488343758213915,0.8564384593898657,0.8405954840714253,NA
hsa-miR-512-3p,1.0343217082644882,-0.03636272446931554,0.9631948943765455,0.9049525687325162,NA
hsa-miR-4757-3p,0.25328303407007724,0.190086763348602,1.0052151879717866,0.5351894105864423,NA
NovelmiRNA-3476,0,0,5.4845621082789,NA,NA
NovelmiRNA-508,3.058583726505093,0.299240827018626,1.007675663195102,0.3656031673106652,0.6908487395225704
NovelmiRNA-369,0.7393755540471496,-0.2793779152119886,1.035035999366005,0.3799903768285321,NA
NovelmiRNA-2775,0,0,5.4845621082789,NA,NA
NovelmiRNA-2216,0,0,5.4845621082789,NA,NA
NovelmiRNA-3021,0,0,5.4845621082789,NA,NA
NovelmiRNA-3351,0,0,5.4845621082789,NA,NA
NovelmiRNA-903,146.34643735597567,0.38092337248180047,1.030030949716316,0.26950619322586833,0.6101320763307853
NovelmiRNA-1471,0,0,5.4845621082789,NA,NA
NovelmiRNA-33,0,0,5.4845621082789,NA,NA
NovelmiRNA-1997,3.241707247150295,0.16345844073483726,0.976300371662549,NA,NA
NovelmiRNA-2238,1.3291441995928537,-0.386916792879391,1.1055995749887881,NA,NA
NovelmiRNA-1598,0,0,5.4845621082789,NA,NA
NovelmiRNA-3646,7.979259178112135,1.2037712799419171,2.162956323566227,0.02459922344147086,0.16882835456672632
NovelmiRNA-1153,7.393417905521594,-0.3974917591347182,0.9991497395076664,0.26580344270763223,0.6057694985647252
NovelmiRNA-14,0.6796754606529594,0.02992536552693629,0.9647756320813349,0.9214162509961384,NA
NovelmiRNA-3023,0,0,5.4845621082789,NA,NA
NovelmiRNA-816,0,0,5.4845621082789,NA,NA
NovelmiRNA-2625,0.5377276756706543,-0.22678062685735065,1.0108487264122117,0.46825458402932624,NA
NovelmiRNA-924,0,0,5.4845621082789,NA,NA
NovelmiRNA-2288,3.025579366220394,-0.15746544828530165,0.9753436896704522,NA,NA
NovelmiRNA-1425,0,0,5.4845621082789,NA,NA
NovelmiRNA-1309,0.2159452788255371,-0.10711323534223852,0.9767732551878566,0.72447197697682,NA
NovelmiRNA-2073,1.008597932853956,0.42363507211280277,1.1466633551616654,0.20917036622517315,NA
NovelmiRNA-2369,0,0,5.4845621082789,NA,NA
NovelmiRNA-3277,2.462902095735359,-0.08856721612111386,0.9490207328409992,0.77975525911826,0.925054622072938
NovelmiRNA-3680,0,0,5.4845621082789,NA,NA
NovelmiRNA-964,0,0,5.4845621082789,NA,NA
NovelmiRNA-3703,0,0,5.4845621082789,NA,NA
NovelmiRNA-1921,0.504298966426978,0.29431539465447504,1.053582927691637,0.3541100190905643,NA
NovelmiRNA-1280,0,0,5.4845621082789,NA,NA
NovelmiRNA-204,0,0,5.4845621082789,NA,NA
NovelmiRNA-378,4.236111317986615,0.8439796861667558,1.6668558615180733,NA,NA
NovelmiRNA-3706,124.72502057172775,0.021887116244091606,0.776554869305896,0.956647266466925,0.9844098158124869
NovelmiRNA-2955,1.4789662326771866,-0.07874326234185616,0.9640091647053705,0.7976963402612851,NA
NovelmiRNA-1369,0,0,5.4845621082789,NA,NA
NovelmiRNA-607,0,0,5.4845621082789,NA,NA
NovelmiRNA-2759,0,0,5.4845621082789,NA,NA
NovelmiRNA-3143,10.428355501277503,-0.4722602619436955,1.0387629061158503,0.19697582735521077,0.5306952042793281
NovelmiRNA-3682,0,0,5.4845621082789,NA,NA
NovelmiRNA-2190,0,0,5.4845621082789,NA,NA
NovelmiRNA-461,0,0,5.4845621082789,NA,NA
NovelmiRNA-216,0,0,5.4845621082789,NA,NA
NovelmiRNA-2733,19.209007240556208,-0.6871355448693974,1.087517637533854,0.09396082713322416,0.33476753710853635
NovelmiRNA-1440,50.0895908008701,0.04702616761768545,0.9519097479488678,NA,NA
NovelmiRNA-194,0,0,5.4845621082789,NA,NA
NovelmiRNA-2555,0,0,5.4845621082789,NA,NA
NovelmiRNA-852,2.5214948321348896,0.6531748675030151,1.4046377100959553,NA,NA
NovelmiRNA-2058,3.2639453843471338,0.05288639521678883,0.9560856942910748,NA,NA
NovelmiRNA-58,0,0,5.4845621082789,NA,NA
NovelmiRNA-3622,1.8667954539944465,0.1077107928319444,0.9666081302361894,0.7275027887389556,NA
NovelmiRNA-470,1.210317519424747,0.46256653587655744,1.1829466681586887,0.17913548369734064,NA
NovelmiRNA-1255,1.7813628664226462,-0.4474502472161581,1.1580442351708926,NA,NA
NovelmiRNA-950,26.6108914090991,-0.05168541661846287,0.9524944116675584,NA,NA
NovelmiRNA-3539,0,0,5.4845621082789,NA,NA
NovelmiRNA-548,3.9546828296148253,0.022018101655777046,0.9113689795366976,0.9478747257493296,0.9844098158124869
NovelmiRNA-1366,0,0,5.4845621082789,NA,NA
NovelmiRNA-644,0,0,5.4845621082789,NA,NA
NovelmiRNA-2289,19.6267382328197,-0.15669922544938678,0.9696304286827707,0.6188769325020047,0.8477053781329981
NovelmiRNA-2496,8.013356951987568,0.22057860334483106,0.9528413212824653,0.510046637212299,0.7917866844343309
NovelmiRNA-2735,0,0,5.4845621082789,NA,NA
NovelmiRNA-2327,0,0,5.4845621082789,NA,NA
NovelmiRNA-2639,23.254304467540553,2.9519469559357465,3.227376168376426,0.0024363757302213467,0.03379823353413443
NovelmiRNA-1359,0,0,5.4845621082789,NA,NA
NovelmiRNA-3665,0,0,5.4845621082789,NA,NA
NovelmiRNA-1469,17.463335945395592,1.2411760706498924,2.1502533838169264,NA,NA
NovelmiRNA-52,0.9372604076136889,-0.05806455608807144,0.9652148574634655,0.8488816823602034,NA
NovelmiRNA-539,0,0,5.4845621082789,NA,NA
NovelmiRNA-1532,0,0,5.4845621082789,NA,NA
NovelmiRNA-1497,0,0,5.4845621082789,NA,NA
NovelmiRNA-814,0,0,5.4845621082789,NA,NA
NovelmiRNA-323,1.6432464912705291,0.5340670717299442,1.2584955794218493,0.1362081367771419,NA
NovelmiRNA-2948,0.9450500385328429,-0.17269460157889685,0.9096193887574043,0.6219707409832256,NA
NovelmiRNA-1917,0,0,5.4845621082789,NA,NA
NovelmiRNA-3132,1.3919771906734415,-0.3943123843817565,1.111521817874244,0.2373491255609315,NA
NovelmiRNA-3626,0,0,5.4845621082789,NA,NA
NovelmiRNA-2719,1.008597932853956,0.42363507211280277,1.1466633551616654,0.20917036622517315,NA
NovelmiRNA-2877,0.30257937985618677,0.23164552210317965,1.0220126824084992,0.4553839566782403,NA
NovelmiRNA-1011,0,0,5.4845621082789,NA,NA
NovelmiRNA-1930,7.760434442727494,-1.3535028018711022,1.9674176402029124,0.015292920055121662,0.12621498577138385
NovelmiRNA-2065,2.285844578960351,0.04525054709877445,0.9571086463313231,0.8833877634098767,NA
NovelmiRNA-1492,3.278555692329039,-0.5924922720316799,1.3165419957270157,NA,NA
NovelmiRNA-3411,0.354438453224761,-0.17422074459916348,0.992121042153335,0.5719707605786104,NA
NovelmiRNA-2695,0,0,5.4845621082789,NA,NA
NovelmiRNA-2634,3.9083779766085907,1.2014680763532775,1.7979664893118938,0.020495993048777042,0.15507057482908457
NovelmiRNA-207,0,0,5.4845621082789,NA,NA
NovelmiRNA-1694,27.73694608262229,-0.5389375630585284,1.2218095018822959,NA,NA
NovelmiRNA-932,0,0,5.4845621082789,NA,NA
NovelmiRNA-3547,0,0,5.4845621082789,NA,NA
NovelmiRNA-2559,17.33687826285445,-1.9009468249381323,2.727729914792843,NA,NA
NovelmiRNA-819,0,0,5.4845621082789,NA,NA
NovelmiRNA-2141,1.198598195829104,0.46051729679124637,1.1809468733036692,0.18058731829306782,NA
NovelmiRNA-1581,2.7164663537724025,-0.05800860728876247,0.9575039323415029,NA,NA
NovelmiRNA-1067,0,0,5.4845621082789,NA,NA
NovelmiRNA-94,0.13443191891766357,-0.05271118614743613,0.9709427438315544,0.8610825458737007,NA
NovelmiRNA-2374,0,0,5.4845621082789,NA,NA
NovelmiRNA-2525,0,0,5.4845621082789,NA,NA
NovelmiRNA-3311,3.9536961711340464,0.05799698669434899,0.7863512858389109,0.8848907548526218,0.9625684086197192
NovelmiRNA-3578,0,0,5.4845621082789,NA,NA
NovelmiRNA-730,74.11938689568865,-23.11641057638097,2.9848416814263206,NA,NA
NovelmiRNA-3303,4.316633060876311,0.16748422514137848,0.9245972803853076,0.6232077393235547,0.8512873480672136
NovelmiRNA-3493,0,0,5.4845621082789,NA,NA
NovelmiRNA-2503,1.3406132912252902,-0.3902287551392582,1.1082347723191546,NA,NA
NovelmiRNA-1498,0,0,5.4845621082789,NA,NA
NovelmiRNA-1871,7.939084621133181,0.53779663997411975,1.0763676216188351,0.15233070798015655,0.451452825468464
NovelmiRNA-3568,901.406335499191,0.07300688303428275,0.9539785524033975,NA,NA
NovelmiRNA-1461,0,0,5.4845621082789,NA,NA
NovelmiRNA-1632,0,0,5.4845621082789,NA,NA
NovelmiRNA-250,0,0,5.4845621082789,NA,NA
NovelmiRNA-3289,10.144832001483312,0.24506127523073198,0.8221895381917684,0.5410367243699952,0.8117974911845821
NovelmiRNA-2304,0,0,5.4845621082789,NA,NA
NovelmiRNA-2209,0,0,5.4845621082789,NA,NA
NovelmiRNA-3621,3.4127177872261867,-0.15772530819514702,0.9188646865126976,0.6455133835618476,0.8582548771800068
NovelmiRNA-290,0,0,5.4845621082789,NA,NA
NovelmiRNA-731,0,0,5.4845621082789,NA,NA
NovelmiRNA-2455,0,0,5.4845621082789,NA,NA
NovelmiRNA-2660,3.037029349617828,0.1668485341971786,0.9161683560751862,0.629325922957664,0.8512873480672136
NovelmiRNA-2969,1.1397736533153475,0.44695329626637087,1.1679586714565964,0.190547825194421,NA
NovelmiRNA-2886,1.006143596239753,-0.139325095083073,0.9806560923627747,0.6498325188327405,NA
NovelmiRNA-1136,0,0,5.4845621082789,NA,NA
NovelmiRNA-3265,0,0,5.4845621082789,NA,NA
NovelmiRNA-609,3.1036115920147127,-0.5786268319748371,1.2997072281834117,NA,NA
NovelmiRNA-2705,0,0,5.4845621082789,NA,NA
NovelmiRNA-995,0.941023432423645,-0.32130403417876857,1.0590997215644924,0.3203450404105614,NA
NovelmiRNA-3422,62.88791834973207,0.5138398115758357,0.7247466213645473,0.24181006965146068,0.5767236018212359
NovelmiRNA-3779,0,0,5.4845621082789,NA,NA
NovelmiRNA-895,0,0,5.4845621082789,NA,NA
NovelmiRNA-1279,23.39676519575694,3.7945442791732216,3.9368933707992206,0.0018840253058547973,0.03158842801112504
NovelmiRNA-1816,16.227059101296476,22.62272601996073,3.0093729063791788,NA,NA
NovelmiRNA-151,2.785407245460779,-0.5488870099619331,1.2646564509472598,0.12941770349003942,0.4156667126872202
NovelmiRNA-2357,0,0,5.4845621082789,NA,NA
NovelmiRNA-1984,0,0,5.4845621082789,NA,NA
NovelmiRNA-11,0.4108116228176323,0.2674892649809799,1.0389166951702749,0.39477298859904525,NA
NovelmiRNA-3712,0,0,5.4845621082789,NA,NA
NovelmiRNA-676,0,0,5.4845621082789,NA,NA
NovelmiRNA-1988,0,0,5.4845621082789,NA,NA
NovelmiRNA-1553,4.245915913096943,0.23945179783894435,0.9921786321366693,0.4570915696953682,0.7553649598545235
NovelmiRNA-3274,0,0,5.4845621082789,NA,NA
NovelmiRNA-1932,0,0,5.4845621082789,NA,NA
NovelmiRNA-3297,0,0,5.4845621082789,NA,NA
NovelmiRNA-2497,0,0,5.4845621082789,NA,NA
NovelmiRNA-674,0.14396351921702474,-0.05493495392150516,0.9710917557673598,0.855323697779324,NA
NovelmiRNA-2332,0.6525106689031518,-0.24129387227827698,1.016874851991539,0.44237996334303875,NA
NovelmiRNA-1026,14.590997207920346,-0.06361241751248263,0.9390153458992667,0.8427543099925525,0.9430054410109021
NovelmiRNA-3827,0,0,5.4845621082789,NA,NA
NovelmiRNA-2406,0,0,5.4845621082789,NA,NA
NovelmiRNA-1696,0.6478358364766114,-0.2566744060549436,1.0237945826472656,0.41622588501485575,NA
NovelmiRNA-1805,120.17867077376805,0.38785432700199224,1.077973133772774,0.24983361983534708,0.5842774154949462
NovelmiRNA-3058,0,0,5.4845621082789,NA,NA
NovelmiRNA-240,0,0,5.4845621082789,NA,NA
NovelmiRNA-652,0.48480911666086424,-0.21236692859178136,1.0051009700622384,0.49521082961688756,NA
NovelmiRNA-2381,0.8065915135059815,-0.2942732834207913,1.0430888251250525,0.3577349024284093,NA
NovelmiRNA-3586,0,0,5.4845621082789,NA,NA
NovelmiRNA-3806,0,0,5.4845621082789,NA,NA
NovelmiRNA-2569,18.313339726248834,0.19880073955366293,0.9615489307019435,0.5426089599413485,0.8117974911845821
NovelmiRNA-362,0.5135145285220404,0.29649214105535043,1.0548541109720964,0.35098176698723416,NA
NovelmiRNA-3022,0,0,5.4845621082789,NA,NA
NovelmiRNA-2290,100.3668563672452,0.8557574849094034,1.6175082748734657,NA,NA
NovelmiRNA-2767,0,0,5.4845621082789,NA,NA
NovelmiRNA-606,0,0,5.4845621082789,NA,NA
NovelmiRNA-402,0,0,5.4845621082789,NA,NA
NovelmiRNA-1858,0,0,5.4845621082789,NA,NA
NovelmiRNA-2718,0,0,5.4845621082789,NA,NA
NovelmiRNA-1605,0,0,5.4845621082789,NA,NA
NovelmiRNA-3157,0,0,5.4845621082789,NA,NA
NovelmiRNA-1168,0,0,5.4845621082789,NA,NA
NovelmiRNA-3423,92.07373326143266,0.2537573972510771,0.8255356855556245,0.5265076628429777,0.8036757041889702
NovelmiRNA-2502,0,0,5.4845621082789,NA,NA
NovelmiRNA-1833,0.25328303407007724,0.190086763348602,1.0052151879717866,0.5351894105864423,NA
NovelmiRNA-122,0,0,5.4845621082789,NA,NA
NovelmiRNA-3382,4.521789502466512,-0.15406382209119668,0.9697640361320516,0.6242226569513709,0.8512873480672136
NovelmiRNA-1972,0,0,5.4845621082789,NA,NA
NovelmiRNA-483,0,0,5.4845621082789,NA,NA
NovelmiRNA-1484,0.6427597971628104,-0.2612497309179717,1.0259607746543962,NA,NA
NovelmiRNA-3365,0,0,5.4845621082789,NA,NA
NovelmiRNA-2710,0.4350071126021012,-0.05493495810638167,0.9710917560569774,0.8553236869524621,NA
NovelmiRNA-2429,0,0,5.4845621082789,NA,NA
NovelmiRNA-2026,4.476804145590619,-0.11859867460324357,0.9232631413018375,0.7237051861789658,0.892986252061636
NovelmiRNA-789,2.501641545945367,0.014073641001270275,0.9494511363258988,0.964016988228022,0.9862959160600415
NovelmiRNA-823,0,0,5.4845621082789,NA,NA
NovelmiRNA-2825,0.7967190960484675,0.20669494629892432,1.0039460035774375,0.505658030629865,NA
NovelmiRNA-350,1.64711369361571,0.004570817394884618,0.9574474825785706,0.9881217355007411,NA
NovelmiRNA-3304,1.1905426155714922,-0.36469811742963576,1.0886353414506553,0.26801699322498995,NA
NovelmiRNA-3717,124.72502057172775,0.021887116244091606,0.776554869305896,0.956647266466925,0.9844098158124869
NovelmiRNA-1538,0.7679703549452331,-0.28558462578210686,1.0383256627361073,0.37057194445204406,NA
NovelmiRNA-3633,0,0,5.4845621082789,NA,NA
NovelmiRNA-2431,0,0,5.4845621082789,NA,NA
NovelmiRNA-2954,0,0,5.4845621082789,NA,NA
NovelmiRNA-1720,0,0,5.4845621082789,NA,NA
NovelmiRNA-1688,0.7598491022102318,0.364243365294398,1.0985830360298332,0.26622955713555185,NA
NovelmiRNA-1652,10.065635939323734,-0.10040566411403032,0.9417499617208902,NA,NA
NovelmiRNA-2193,0,0,5.4845621082789,NA,NA
NovelmiRNA-225,0,0,5.4845621082789,NA,NA
NovelmiRNA-2743,5.8255097836117775,1.0004577842603506,1.8869379853064796,NA,NA
NovelmiRNA-2021,0,0,5.4845621082789,NA,NA
NovelmiRNA-1424,0,0,5.4845621082789,NA,NA
NovelmiRNA-2306,0.40402044393090936,-0.1945460827277774,0.9986397791441568,NA,NA
NovelmiRNA-215,2.3382063697542237,0.6301643663049686,1.374851878614926,0.09698244027705086,0.3417975733007414
NovelmiRNA-353,0,0,5.4845621082789,NA,NA
NovelmiRNA-1558,0,0,5.4845621082789,NA,NA
NovelmiRNA-624,0,0,5.4845621082789,NA,NA
NovelmiRNA-322,1.768164636683005,0.5469670969933373,1.2732285012496265,0.12987289968272586,NA
NovelmiRNA-2716,1.013132136280309,0.4218629594874042,1.1450994922862723,0.21066699730239347,NA
NovelmiRNA-3371,13.838670000444637,-1.260243239597663,2.223587690565979,0.022246970731394235,0.15766331431379393
NovelmiRNA-3615,0,0,5.4845621082789,NA,NA
NovelmiRNA-2975,0,0,5.4845621082789,NA,NA
NovelmiRNA-841,1.085943104102885,0.4382211951714985,1.1598292064887532,0.19729310734369396,NA
NovelmiRNA-1764,0,0,5.4845621082789,NA,NA
NovelmiRNA-2598,0,0,5.4845621082789,NA,NA
NovelmiRNA-1826,0,0,5.4845621082789,NA,NA
NovelmiRNA-2132,1.4120371059955383,0.4975701775930624,1.218573860103174,0.15634128845277892,NA
NovelmiRNA-1735,3297.834835262792,0.05505401615040156,0.9522559923108699,NA,NA
NovelmiRNA-3471,1164.8256806183526,-0.022875420080406023,0.9504069923670428,0.9414728875505264,0.9844098158124869
NovelmiRNA-896,0,0,5.4845621082789,NA,NA
NovelmiRNA-3474,1.1094577261393515,0.44367994344726003,1.1648897244770273,0.19304515529096725,NA
NovelmiRNA-1797,92.52511437684215,0.41484369963967893,0.9604962064289263,0.26665007068723334,0.6057694985647252
NovelmiRNA-498,0,0,5.4845621082789,NA,NA
NovelmiRNA-3520,0,0,5.4845621082789,NA,NA
NovelmiRNA-854,0,0,5.4845621082789,NA,NA
NovelmiRNA-79,0,0,5.4845621082789,NA,NA
NovelmiRNA-1965,0,0,5.4845621082789,NA,NA
NovelmiRNA-1573,0,0,5.4845621082789,NA,NA
NovelmiRNA-2581,0,0,5.4845621082789,NA,NA
NovelmiRNA-393,0,0,5.4845621082789,NA,NA
NovelmiRNA-859,0,0,5.4845621082789,NA,NA
NovelmiRNA-742,0,0,5.4845621082789,NA,NA
NovelmiRNA-494,3.166037925875966,0.7274225470326657,1.5042445929857107,NA,NA
NovelmiRNA-1579,1.087517781505253,-0.33608260378699956,1.0686251467421701,0.30148878146861313,NA
NovelmiRNA-280,41.448145024326855,0.27553507885546485,1.0077210105092549,0.396607224743506,0.7143312445656518
NovelmiRNA-2786,124.67107596774932,0.06396659174355068,0.9354056843269306,0.8429979834742368,0.9430054410109021
NovelmiRNA-845,0,0,5.4845621082789,NA,NA
NovelmiRNA-1058,0,0,5.4845621082789,NA,NA
NovelmiRNA-217,0,0,5.4845621082789,NA,NA
NovelmiRNA-495,10.892857674822723,22.087811327875173,3.0106773935817204,NA,NA
NovelmiRNA-3526,1.2449935303438562,0.007000835465988656,0.9599996908593992,0.9817193984991505,NA
NovelmiRNA-3544,0,0,5.4845621082789,NA,NA
NovelmiRNA-1022,0,0,5.4845621082789,NA,NA
NovelmiRNA-3537,124.72502057172775,0.021887116244091606,0.776554869305896,0.956647266466925,0.9844098158124869
NovelmiRNA-853,66.09257113155724,0.23046068997861097,0.9919125076664879,0.4715510578269027,0.7610180438196549
NovelmiRNA-625,4.855873553405019,-0.18811590253156205,0.8870628887146218,0.6062582012763971,0.8433360723662016
NovelmiRNA-2180,0.2175035563010506,0.027301902738978905,0.9704333396840272,0.9275139088810908,NA
NovelmiRNA-2235,50.924940500927804,-22.60135345327437,2.985014009699696,NA,NA
NovelmiRNA-2166,0,0,5.4845621082789,NA,NA
NovelmiRNA-3017,3.3450163004026368,-0.5970340190755327,1.3221199288836691,0.10883735287512428,0.36390745679272324
NovelmiRNA-2963,0,0,5.4845621082789,NA,NA
NovelmiRNA-3130,0.7198175960851236,-0.27435277018313675,1.0324410783191165,0.38776849230591903,NA
NovelmiRNA-1069,0,0,5.4845621082789,NA,NA
NovelmiRNA-1638,232.02962532273108,0.4306340419191743,0.7049960990910705,0.3170773281678785,0.654161359534472
NovelmiRNA-1973,0,0,5.4845621082789,NA,NA
NovelmiRNA-315,0,0,5.4845621082789,NA,NA
NovelmiRNA-3628,241.39086201329573,0.5319434800084755,0.8471227777303968,0.21784900248125552,0.5597058873445571
NovelmiRNA-3433,0,0,5.4845621082789,NA,NA
NovelmiRNA-1927,0,0,5.4845621082789,NA,NA
NovelmiRNA-392,89.45249703073213,-0.10451375418298808,0.35110414765303444,0.687597481328055,0.8828492655384871
NovelmiRNA-2234,0,0,5.4845621082789,NA,NA
NovelmiRNA-3557,6.378003018207275,-0.2940855977126532,0.9077246626282331,0.42728459080478925,0.736044044411121
NovelmiRNA-102,2.1331641924242657,0.10431224345735451,0.9650263143510482,0.7361044893626487,NA
NovelmiRNA-1691,0.5552808057130963,-0.005429366223867472,0.9667880115517924,0.9856390621109239,NA
NovelmiRNA-1924,0,0,5.4845621082789,NA,NA
NovelmiRNA-966,0,0,5.4845621082789,NA,NA
NovelmiRNA-1028,10.59390830168411,2.297682118265746,2.9224735266196364,0.004865857397674935,0.05377184785227217
NovelmiRNA-2753,0,0,5.4845621082789,NA,NA
NovelmiRNA-2170,0,0,5.4845621082789,NA,NA
NovelmiRNA-880,0,0,5.4845621082789,NA,NA
NovelmiRNA-2187,7.838027961377592,-0.10881145343316305,0.8906306663899513,0.7590094627017826,0.9089362338340305
NovelmiRNA-863,2.492890818021294,-0.03574581535674339,0.8709020188393576,0.9215058069549553,0.973779231984815
NovelmiRNA-3629,35.64164429417713,-20.28551791377964,2.9852583478711208,6.689327836004688e-12,4.846046387861174e-10
NovelmiRNA-1767,2.9812745595672987,-0.15417776236918246,0.9745266016722464,NA,NA
NovelmiRNA-357,2.3197752455640988,0.6278673920573301,1.3719130484058282,NA,NA
NovelmiRNA-1052,0,0,5.4845621082789,NA,NA
NovelmiRNA-330,0,0,5.4845621082789,NA,NA
NovelmiRNA-1881,0,0,5.4845621082789,NA,NA
NovelmiRNA-2495,0,0,5.4845621082789,NA,NA
NovelmiRNA-352,0,0,5.4845621082789,NA,NA
NovelmiRNA-3349,0.1772192266123805,-0.08912413333839661,0.9742226566580583,0.7685777420928457,NA
NovelmiRNA-2510,0,0,5.4845621082789,NA,NA
NovelmiRNA-1734,10998.64212733419,29.498658653906876,2.7307059425669626,1.2313000316029287e-27,8.028076206051095e-25
NovelmiRNA-1894,0,0,5.4845621082789,NA,NA
NovelmiRNA-1161,0,0,5.4845621082789,NA,NA
NovelmiRNA-1561,0,0,5.4845621082789,NA,NA
NovelmiRNA-1443,1.3930566873854249,0.4921695072853731,1.212900483224875,0.1596218382831889,NA
NovelmiRNA-1321,209.3495431360074,1.309140325108282,0.5395998587933315,0.0029715214065802057,0.03874863914180588
NovelmiRNA-3397,23.140515792771954,-0.9041998931860552,1.021917439770724,NA,NA
NovelmiRNA-747,0,0,5.4845621082789,NA,NA
NovelmiRNA-54,0,0,5.4845621082789,NA,NA
NovelmiRNA-1191,0,0,5.4845621082789,NA,NA
NovelmiRNA-1192,0,0,5.4845621082789,NA,NA
NovelmiRNA-2501,6.153955438463565,0.0727446182897652,0.9561903986276078,NA,NA
NovelmiRNA-3691,2.0568313509209935,-0.47859872044113905,1.1884360591266774,NA,NA
NovelmiRNA-1656,0,0,5.4845621082789,NA,NA
NovelmiRNA-1634,0,0,5.4845621082789,NA,NA
NovelmiRNA-3566,0,0,5.4845621082789,NA,NA
NovelmiRNA-2443,3.511942501516192,0.23770435229833414,0.9869660280144177,0.4625680371554392,0.7558755895372089
NovelmiRNA-746,0.5552733773109984,-0.2720908651171183,0.9901740287622208,0.4098336138831861,NA
NovelmiRNA-528,0,0,5.4845621082789,NA,NA
NovelmiRNA-3469,1.0082393918824768,-0.3336941970366564,1.0670484986114628,0.3044620925214031,NA
NovelmiRNA-1252,0.8989486468718281,0.4003516577497246,1.1267428644357265,0.22980373987269986,NA
NovelmiRNA-1107,0,0,5.4845621082789,NA,NA
NovelmiRNA-1560,0,0,5.4845621082789,NA,NA
NovelmiRNA-3794,0,0,5.4845621082789,NA,NA
NovelmiRNA-3030,3.987521056706962,0.3322438884948194,0.8763649827717647,0.3954793402550667,0.7143312445656518
NovelmiRNA-3540,0.2159452788255371,-0.10711323534223852,0.9767732551878566,0.72447197697682,NA
NovelmiRNA-846,0,0,5.4845621082789,NA,NA
NovelmiRNA-449,1.7400284504084047,-0.4316825969137913,1.1435231247010311,0.20389560779710839,NA
NovelmiRNA-1610,0,0,5.4845621082789,NA,NA
NovelmiRNA-3770,11.321625074167905,0.12487086838687875,0.8978991736442932,0.7225514554029819,0.892986252061636
NovelmiRNA-1082,0,0,5.4845621082789,NA,NA
NovelmiRNA-2286,0,0,5.4845621082789,NA,NA
NovelmiRNA-679,7.830128026837821,-0.903010720413963,1.7380011823981674,NA,NA
NovelmiRNA-1770,0,0,5.4845621082789,NA,NA
NovelmiRNA-788,2.7887086920964475,0.20137733626912946,0.9897666033734083,0.5222274692150563,0.8036757041889702
NovelmiRNA-69,0,0,5.4845621082789,NA,NA
NovelmiRNA-1885,0,0,5.4845621082789,NA,NA
NovelmiRNA-2529,0,0,5.4845621082789,NA,NA
NovelmiRNA-1410,0.48735287318404635,-0.2159837783043851,1.0064989700169455,0.4883393196069342,NA
NovelmiRNA-900,0,0,5.4845621082789,NA,NA
NovelmiRNA-3439,0,0,5.4845621082789,NA,NA
NovelmiRNA-2526,0,0,5.4845621082789,NA,NA
NovelmiRNA-2784,0.25328303407007724,0.190086763348602,1.0052151879717866,0.5351894105864423,NA
NovelmiRNA-3261,3.0399220283418353,-0.05642696309449259,0.949237600421633,0.8573352430150959,0.9487355064383476
hsa-miR-106b-3p,196.07846726592362,-24.445294359344242,2.984606182544506,NA,NA
hsa-miR-5696,0,0,5.4845621082789,NA,NA
hsa-miR-4729,0.2175035563010506,0.027301902738978905,0.9704333396840272,0.9275139088810908,NA
hsa-miR-3679-3p,7.327442634655469,0.36803233883165803,0.805038356371279,0.3801677527547876,0.7043824104348704
hsa-miR-873-3p,404.5207265864706,-0.9849908956120144,1.4741402270887307,0.033553863628412145,0.20075434800857228
hsa-miR-586,0,0,5.4845621082789,NA,NA
hsa-miR-3190-3p,0.7468914201117912,0.0028309758128581644,0.9633529108969913,0.992559305311958,NA
hsa-miR-4800-3p,0.26886383783532714,-0.1354341490865378,0.9821172402227941,0.6576189304158492,NA
hsa-miR-6872-5p,0,0,5.4845621082789,NA,NA
hsa-miR-7108-5p,0.2159452788255371,-0.10711323534223852,0.9767732551878566,0.72447197697682,NA
hsa-miR-518e-3p,0,0,5.4845621082789,NA,NA
hsa-miR-767-3p,109.83549509724904,0.5283222948292374,0.7956479659444344,0.22970386559584294,0.56479490806937
hsa-miR-4433b-5p,2.9482112513131105,-0.7759773938905852,1.3064017593674977,0.06262656342975649,0.2722167957080082
hsa-miR-548f-3p,29.091324846932302,0.2240743311005757,0.9900579373572272,NA,NA
hsa-miR-4467,2.9759875527568864,0.7067463829373064,1.4760589079246442,0.07594056130555248,0.3040130766421347
hsa-miR-4793-3p,1.243889645057015,0.25569923797929084,1.02169575085142,0.41854033070057833,NA
hsa-miR-4699-5p,2.0492504923818013,0.34605526967620864,1.0729047690704236,NA,NA
hsa-miR-483-3p,374.0442057832931,0.822894350970243,0.8974885526485938,NA,NA
hsa-miR-3138,0,0,5.4845621082789,NA,NA
hsa-miR-3121-3p,0,0,5.4845621082789,NA,NA
hsa-miR-6866-3p,52.47074857795256,-0.5849839177730223,0.6306952107338017,NA,NA
hsa-miR-519b-3p,8.762660032883325,-0.8731059394479436,1.0368792452301223,0.055678839710763844,0.2556521372635072
hsa-miR-4498,0.26886383783532714,-0.1354341490865378,0.9821172402227941,0.6576189304158492,NA
hsa-miR-1245b-5p,0,0,5.4845621082789,NA,NA
hsa-miR-493-3p,1066.37039489126,0.7994535048339756,0.7498807315382948,NA,NA
hsa-miR-3120-3p,3.8244411542587224,0.09209449323565597,0.8834640660031009,0.7968717254163493,0.9294460911832912
hsa-miR-6516-5p,55.51339606732414,-0.24210722061411094,0.6400036932865165,0.5538958661126003,0.81300993797449
hsa-miR-5579-3p,2.217635685999305,0.4902267916219744,1.0068596416124391,0.19421002736421586,NA
hsa-miR-3691-5p,0.5666318743876252,0.21709105201870935,1.011775076582256,0.48398986188001264,NA
hsa-miR-3160-5p,0,0,5.4845621082789,NA,NA
hsa-miR-199a-5p,20692.06779341715,0.9680957278596717,0.8610323991152157,0.0475830183758325,0.23648575802487265
hsa-miR-4476,0,0,5.4845621082789,NA,NA
hsa-miR-6825-5p,0.2175035563010506,0.027301902738978905,0.9704333396840272,0.9275139088810908,NA
hsa-miR-9985,6.978534940624798,-19.893658545355898,2.988469501451798,NA,NA
hsa-miR-32-3p,22.918977910262495,-21.51160659688808,2.9856861381721043,NA,NA
hsa-miR-2276-5p,3.529626985802242,0.09850916145023665,0.8026822221292643,0.8039829239851433,0.9314152763903891
hsa-miR-627-5p,8.248129449608673,0.2964086284580758,0.8328842003219773,0.4619683965531976,0.7558755895372089
hsa-miR-3914,0,0,5.4845621082789,NA,NA
hsa-miR-3157-3p,8.592140407276409,0.6441607152794986,0.7322638006794889,0.15329901543595567,0.45226677857123576
hsa-miR-6818-3p,1.5196982044204637,0.5128911367003908,1.2350037791567328,0.14747094011737388,NA
hsa-miR-1913,0.25328303407007724,0.190086763348602,1.0052151879717866,0.5351894105864423,NA
hsa-miR-4658,0.08860961330619024,-0.02363692575607462,0.9694620614619306,0.937306770383723,NA
hsa-miR-4733-5p,0.4551164294707274,0.19336011618207247,1.0031156358307123,0.5301100837010189,NA
hsa-miR-509-5p,65.19486604383668,-1.0998904932499554,0.9358331919991414,NA,NA
hsa-miR-4717-5p,0.4350071126021012,-0.05493495810638167,0.9710917560569774,0.8553236869524621,NA
hsa-miR-3675-5p,0.8416977735908656,0.17551157706746723,0.9920140857639298,0.5694961539097567,NA
hsa-miR-3917,0,0,5.4845621082789,NA,NA
hsa-miR-4780,0,0,5.4845621082789,NA,NA
hsa-miR-4790-3p,0.07198175960851237,0.027301914393427128,0.9704333403664517,0.9275138780395056,NA
hsa-miR-142-5p,35.03959122818978,-22.0879308073032,2.985263529510801,NA,NA
hsa-miR-4520-5p,1.8028479824556531,-0.16824708778427386,0.9173168211184598,0.6259811274549654,NA
hsa-miR-3161,0,0,5.4845621082789,NA,NA
hsa-miR-885-3p,1740.8855921052723,-0.22936993290370136,0.5190677948567508,0.5280280058424607,0.8036757041889702
hsa-miR-5191,0.26886383783532714,-0.1354341490865378,0.9821172402227941,0.6576189304158492,NA
hsa-miR-3919,0.2278073323735344,-0.11615851648766413,0.9783028171140872,0.7027580511596581,NA
hsa-miR-6767-5p,0,0,5.4845621082789,NA,NA
hsa-miR-615-5p,25.955466359240962,-0.03783080165061949,0.9250943284028663,NA,NA
hsa-miR-376a-3p,374.08709123606815,0.03103271681725388,0.4578416779090773,0.9253731028781511,0.9762835972112531
hsa-miR-511-3p,56.93401878712855,0.6705368149772227,0.7690163796417457,0.14170439326050766,0.43173488040117286
hsa-miR-7973,0.6525106689031518,-0.24129387227827698,1.016874851991539,0.44237996334303875,NA
hsa-miR-6864-5p,0,0,5.4845621082789,NA,NA
hsa-miR-548v,2.150910702682617,-0.4863341713885742,1.196322700055698,NA,NA
hsa-miR-1295b-3p,0,0,5.4845621082789,NA,NA
hsa-miR-3682-3p,0,0,5.4845621082789,NA,NA
hsa-miR-4666b,0,0,5.4845621082789,NA,NA
hsa-miR-3191-5p,0,0,5.4845621082789,NA,NA
hsa-miR-299-5p,391.9360293073753,-0.23372252474113192,0.5310412880175599,0.5269561957612816,0.8036757041889702
hsa-miR-524-3p,0.14396351921702474,-0.05493495392150516,0.9710917557673598,0.855323697779324,NA
hsa-miR-18b-3p,8.687606077340728,2.983715944833019,2.997640040307634,0.0017903347050286682,0.03158842801112504
hsa-miR-4523,0.2673463388769489,-0.13672940018868185,0.9824008037092761,0.6546439237892042,NA
hsa-miR-6718-5p,22.07233708270585,-2.3985304968136756,3.119996625630585,NA,NA
hsa-miR-3925-3p,0.14396351921702474,-0.05493495392150516,0.9710917557673598,0.855323697779324,NA
hsa-miR-6805-3p,0,0,5.4845621082789,NA,NA
hsa-miR-4427,0.7060185529977692,0.35363884845651566,1.0909540596311749,0.2780255540955163,NA
hsa-miR-4639-3p,3.1135218245853156,0.16351333062917808,0.9294478151273127,0.628086249851894,0.8512873480672136
hsa-miR-3186-3p,0,0,5.4845621082789,NA,NA
hsa-miR-770-3p,49.172524642165754,-0.4472688705304072,0.8338357215300264,0.2899322270542164,0.63606284922213
hsa-miR-642a-3p,18.027348620648656,-0.3278774939159847,0.9187492198907325,0.3776150045527562,0.7034428084811344
hsa-miR-7155-3p,0,0,5.4845621082789,NA,NA
hsa-miR-6800-3p,0.13443191891766357,-0.05271118614743613,0.9709427438315544,0.8610825458737007,NA
hsa-miR-4727-5p,0.4318905576510742,-0.19643607266081511,0.9992916660823947,0.5263244916168035,NA
hsa-miR-4786-5p,0.1772192266123805,-0.08912413333839661,0.9742226566580583,0.7685777420928457,NA
hsa-miR-510-5p,0,0,5.4845621082789,NA,NA
hsa-miR-6834-5p,0.8848878442296625,0.0035990596654369355,0.9628247421867208,0.990550159458795,NA
hsa-miR-1228-5p,6.904457685029532,0.42648090541779404,0.8442062629243665,0.3062780043366971,0.6469074994747295
hsa-miR-556-3p,8.097566966378027,0.5250215239953038,0.8301147463741744,0.22667717014657457,0.56479490806937
hsa-miR-10399-5p,4.691826007822649,-0.35947412256445477,1.0364043804527983,0.28759216104506075,0.6334800304100662
hsa-miR-4667-5p,1.8244751111067798,0.12159306552183775,0.8758220928408978,0.7386625051357114,NA
hsa-miR-302a-3p,27.44859565558649,0.389608911829718,0.7713369144861271,0.36176544115830933,0.6877609997947427
hsa-miR-6845-5p,1.7976152484964092,-0.05547007434140142,0.8693646839103932,0.8789693399611177,NA
hsa-miR-409-5p,4102.054103076898,-0.1980421444118054,0.5583826909421631,0.6035836690514814,0.8433360723662016
hsa-miR-5003-3p,0,0,5.4845621082789,NA,NA
hsa-miR-3617-3p,2.146105534452189,-0.19517813164065115,0.9198636662126837,0.5745384539821867,NA
hsa-miR-552-5p,62.62479613075376,-0.9604552167191065,0.7633207174352525,0.04692367103655132,0.23648575802487265
hsa-miR-6727-3p,0.09988318298575867,0.14173774998300737,0.9894148200117868,0.6403990083682338,NA
hsa-miR-3667-3p,0.20540581140881614,0.190086763348602,1.0052151879717866,0.5351894105864423,NA
hsa-miR-548al,0.4350071126021012,-0.05493495810638167,0.9710917560569774,0.8553236869524621,NA
hsa-miR-4657,0,0,5.4845621082789,NA,NA
hsa-miR-548ae-3p,42.668263015403475,-0.1600161937408547,0.9699095064481227,0.6119659870652614,0.8433360723662016
hsa-miR-147b-3p,2.7020221638146777,0.30360639688958535,1.0045189290389507,0.36158863928316237,0.6877609997947427
hsa-miR-5695,1.9878112646710853,-0.008889428675476511,0.9101208577507992,0.9789826082175137,NA
hsa-miR-625-5p,526.2177348497686,0.4340245804825783,0.7586093596865886,0.3156387668368115,0.6533221459606385
hsa-miR-548t-5p,2.4061888236657336,0.6371021646696257,1.3837675184109293,NA,NA
hsa-miR-6895-3p,0.7451441295365547,-0.0028047361932743904,0.947935697073305,0.9928454260870093,NA
hsa-miR-6779-3p,0.04430480665309512,0.0273019011810667,0.9704333395928039,0.9275139130038499,NA
hsa-miR-3678-5p,0,0,5.4845621082789,NA,NA
hsa-miR-1247-3p,7.874253883141866,-0.4502411573420287,0.8518871561918392,0.28161202404407315,0.624527345839237
hsa-miR-3129-3p,0,0,5.4845621082789,NA,NA
hsa-miR-6733-3p,27.472829447898476,-0.8388806935660981,0.5834822380999308,0.047940775567762,0.23648575802487265
hsa-miR-513b-5p,0.2215240332654756,-0.11569643019561833,0.9782206603290846,0.703859384299742,NA
hsa-miR-4728-3p,0.3995327319430347,0.2643658109495583,1.0373282896858194,0.3997643441438673,NA
hsa-miR-4725-3p,0,0,5.4845621082789,NA,NA
hsa-miR-1304-5p,22.706865595168633,0.5844331566741406,0.9378226856735373,0.1608095668901701,0.465990389388404
hsa-miR-6762-5p,6.636128597426929,0.3913692436612561,0.8395654893639788,0.3435916815345303,0.6707238813189035
hsa-miR-4761-3p,0.3995327319430347,0.2643658109495583,1.0373282896858194,0.3997643441438673,NA
hsa-miR-335-5p,2189.4922895093046,-1.0742855376172804,0.5643023113503899,0.013680197134760158,0.11892651375818164
hsa-miR-6716-3p,2.66883457507323,1.0153258036635413,1.5379654910414393,0.031068035984387843,0.19355153476672607
hsa-miR-6820-5p,2.1109501641125896,-0.0015363806447469379,0.9113754019142764,0.9963577529443214,NA
hsa-miR-6785-5p,0.1772192266123805,-0.08912413333839661,0.9742226566580583,0.7685777420928457,NA
hsa-miR-6840-5p,0,0,5.4845621082789,NA,NA
hsa-miR-4433a-5p,0.5711364836376516,0.12040707400351344,0.9832194939393415,0.6908102705373333,NA
hsa-miR-521,0.5236167259082914,-0.18393947886330775,0.99512637026552,0.5516831883950162,NA
hsa-miR-1245a,0,0,5.4845621082789,NA,NA
hsa-miR-548ac,0.13291441995928535,-0.05673473776041685,0.9712195097532509,0.8506711759670653,NA
hsa-miR-3187-5p,1.7365720514725866,0.4020811571572926,0.9095877892620402,0.30219039552372584,NA
hsa-miR-4772-3p,0.4350071126021012,-0.05493495810638167,0.9710917560569774,0.8553236869524621,NA
hsa-miR-1273h-3p,0,0,5.4845621082789,NA,NA
hsa-miR-6789-3p,0.4865473472958864,0.03619361607132897,0.9694968066507755,0.9042909470310997,NA
hsa-miR-5587-3p,0.1772192266123805,-0.08912413333839661,0.9742226566580583,0.7685777420928457,NA
hsa-miR-520b-5p,2.394425991008032,-0.2580361762391765,0.9307682931425202,0.46444112760026374,0.7570390379884299
hsa-miR-548q,0,0,5.4845621082789,NA,NA
hsa-miR-181c-3p,1312.7864539421953,-0.36829652688301207,0.5314784018822164,0.3212386434346259,0.654161359534472
hsa-miR-10398-5p,5.935099718018084,-0.013411988571929169,0.8492569176429844,0.9714308478059931,0.9881790108975145
hsa-miR-331-5p,758.0437817136773,0.3340649855811001,0.3852441976076412,0.23042246249455892,0.56479490806937
hsa-miR-7704,37.15151627601044,-22.067220533017117,2.9852179608245772,NA,NA
hsa-miR-4999-3p,6.159810732123956,0.04871447022828307,0.921216330173213,0.883070433468007,0.9625684086197192
hsa-miR-6796-3p,1.2737026764275057,-0.36210476568196065,0.9442995746195845,0.3248810725557623,NA
hsa-miR-1291,1.7079046038897532,-0.4386305015882977,1.1498486185377539,NA,NA
hsa-miR-6758-5p,1.915393151693567,0.07238081739066081,0.899563790204783,0.8345521251095059,NA
hsa-miR-449b-5p,17.736760845287293,22.69019777791718,3.009148115268981,NA,NA
hsa-miR-4758-5p,0,0,5.4845621082789,NA,NA
hsa-miR-4701-3p,1.1770313168248412,-0.45774847982577904,1.0592877353790147,0.20150121137282653,NA
hsa-miR-4637,0.40343917314158234,0.26545514744926163,1.0378794603119994,0.39801741883621566,NA
hsa-miR-5584-5p,10.068870249116188,-0.2843172822826166,0.7527831854967163,0.498075266747054,0.7902562336127213
hsa-miR-4450,0,0,5.4845621082789,NA,NA
hsa-miR-3135a,0.353632927336601,0.190086763348602,1.0052151879717866,0.5351894105864423,NA
hsa-miR-4671-5p,4.288027364637855,0.8096479231517509,0.8516643071399401,0.0848103424643887,0.3242562042394996
hsa-miR-574-5p,0,0,5.4845621082789,NA,NA
hsa-miR-6748-5p,1.5516922350850089,0.661617896995127,0.9854870379734,0.11635020154878516,NA
hsa-miR-188-3p,29.042719280358963,2.141091039599823,1.0794130653647622,5.117367241437709e-4,0.015888206863892317
hsa-miR-4649-3p,0.3799245511051159,0.25423689830606694,1.0323464999547594,0.41632347252991253,NA
hsa-miR-4485-3p,0,0,5.4845621082789,NA,NA
hsa-miR-4724-5p,0,0,5.4845621082789,NA,NA
hsa-miR-519c-5p,4.449274199538757,-0.4677508358847173,0.9459933190581207,0.2303647629142725,0.56479490806937
hsa-miR-5188,1.2007146454037005,-0.6518823489057644,1.0490119014220256,0.10965621716959413,NA
hsa-miR-520b-3p,7.850550982731922,-1.5518398879272324,1.636289812686051,0.0076299731105693635,0.07315797747192977
hsa-miR-4521,8.991547709487742,1.295692105790918,2.2820304225121775,NA,NA
hsa-miR-4731-5p,0.2159452788255371,-0.10711323534223852,0.9767732551878566,0.72447197697682,NA
hsa-miR-361-5p,8494.710680983191,-0.3160779974339002,0.7463008354604654,0.4545604760708836,0.7553649598545235
hsa-miR-4760-3p,1.2529121593525778,0.17454180898616892,0.9114502383449573,0.6174395686121898,NA
hsa-miR-10526-3p,0,0,5.4845621082789,NA,NA
hsa-miR-4755-3p,2.598840003383819,0.6624041384299901,1.4167493861559526,0.08724502034903138,0.32505001867181976
hsa-miR-4638-3p,0,0,5.4845621082789,NA,NA
hsa-miR-4516,1.9163360724225162,0.5739988168033794,1.3050633897432096,NA,NA
hsa-miR-4672,0,0,5.4845621082789,NA,NA
hsa-miR-515-5p,1.024990529680007,-0.22485995999451483,0.9703960060224797,0.4924997491623518,NA
hsa-miR-4664-5p,0.299649548957276,0.23076769634465455,1.0216295837749259,0.45696262419427863,NA
hsa-miR-6844,0.2215240332654756,-0.11569643019561833,0.9782206603290846,0.703859384299742,NA
hsa-miR-4491,0,0,5.4845621082789,NA,NA
hsa-miR-6751-3p,0.4833323962196213,-0.19811826594338286,0.9998784947625619,0.5229743702310315,NA
hsa-miR-4431,0.6415599657706504,-0.04734166277685464,0.9674974320114913,0.8757297647169299,NA
hsa-miR-7114-5p,4.500483280654678,0.10371649220432713,0.7469015660653537,0.8002714484011059,0.9314152763903891
hsa-miR-6515-5p,3.951813045931408,0.23137161874906162,0.8461337314749614,0.5532124212777239,0.81300993797449
hsa-miR-3150a-5p,0.2879270384340495,-0.14333565981798171,0.9839008353040976,0.6395890195622498,NA
hsa-miR-3150b-3p,0.2175035563010506,0.027301902738978905,0.9704333396840272,0.9275139088810908,NA
hsa-miR-6823-3p,0,0,5.4845621082789,NA,NA
hsa-miR-4798-3p,7.0236363410226135,0.2745627249039263,0.7933274202328324,0.505322787593699,0.7915664072803945
hsa-miR-4659b-3p,0,0,5.4845621082789,NA,NA
hsa-miR-3663-3p,0,0,5.4845621082789,NA,NA
hsa-miR-4716-3p,0,0,5.4845621082789,NA,NA
hsa-miR-526a-3p,1.3416137847515106,-0.05475140277755819,0.9426555502899183,0.8632225616674012,NA
hsa-miR-4709-5p,0,0,5.4845621082789,NA,NA
hsa-miR-499b-3p,0.13291441995928535,-0.05673473776041685,0.9712195097532509,0.8506711759670653,NA
hsa-miR-6754-5p,0.4853279437256047,0.044418688655364386,0.9681179049436028,0.8831466139068148,NA
hsa-miR-6736-5p,0.13291441995928535,-0.05673473776041685,0.9712195097532509,0.8506711759670653,NA
hsa-miR-548aj-3p,42.005151789767716,0.077685196298861,0.9039057208179446,NA,NA
hsa-miR-549a-5p,20.899164354253553,-0.2112233013010788,0.8067238475859775,0.6000476258881475,0.8433360723662016
hsa-miR-6735-5p,0,0,5.4845621082789,NA,NA
hsa-miR-1909-3p,0.2159452788255371,-0.10711323534223852,0.9767732551878566,0.72447197697682,NA
hsa-miR-6876-3p,0,0,5.4845621082789,NA,NA
hsa-miR-548ai,2.444472486892777,-0.13440538879323582,0.8725896987980201,0.7144597946692617,0.892986252061636
hsa-miR-4526,0,0,5.4845621082789,NA,NA
hsa-miR-628-3p,451.9531847337733,-0.45612638979639414,0.5555606295170225,0.23719262909124395,0.570662709105133
hsa-miR-4678,0,0,5.4845621082789,NA,NA
hsa-miR-671-5p,283.9626253855579,-0.734038315883275,0.6997472142079293,NA,NA
hsa-miR-1258,5.39416872287764,-1.8361083670971976,1.921430474793388,0.00467996414245439,0.05260925208414245
hsa-miR-4799-5p,0,0,5.4845621082789,NA,NA
hsa-miR-520c-5p,0.2215240332654756,-0.11569643019561833,0.9782206603290846,0.703859384299742,NA
hsa-miR-6717-3p,0.4865473472958864,0.03619361607132897,0.9694968066507755,0.9042909470310997,NA
hsa-miR-4638-5p,0.2175035563010506,0.027301902738978905,0.9704333396840272,0.9275139088810908,NA
hsa-miR-4676-5p,1.8758032139912022,0.19641010694546762,0.9263562014811623,0.5683504233585068,NA
hsa-miR-4797-5p,2.629971387114548,-0.07631137129660363,0.8254937999144238,0.8438063599600066,0.9430054410109021
hsa-miR-10394-5p,0.13443191891766357,-0.05271118614743613,0.9709427438315544,0.8610825458737007,NA
hsa-miR-4640-5p,0.2175035563010506,0.027301902738978905,0.9704333396840272,0.9275139088810908,NA
hsa-miR-609,0.13291441995928535,-0.05673473776041685,0.9712195097532509,0.8506711759670653,NA
hsa-miR-520d-3p,0.9485216411241416,0.13333027346079818,0.9818451251553298,0.6623812479377478,NA
hsa-miR-548at-5p,0.354438453224761,-0.17422074459916348,0.992121042153335,0.5719707605786104,NA
hsa-miR-548j-3p,0,0,5.4845621082789,NA,NA
hsa-miR-3074-3p,28.78855817646501,1.1689940032178534,0.8228585169336323,0.02140984333890277,0.15591685288003745
hsa-miR-6743-3p,5.338770695161562,-1.589422126804467,1.8464044573306697,0.007987265968422027,0.07547387552769799
hsa-miR-6746-5p,0.1772192266123805,-0.08912413333839661,0.9742226566580583,0.7685777420928457,NA
hsa-miR-7855-5p,0,0,5.4845621082789,NA,NA
hsa-miR-1912-3p,24.46533304846677,0.21510765793573608,0.7802371114138237,0.5999146759999519,0.8433360723662016
hsa-miR-6761-3p,0,0,5.4845621082789,NA,NA
hsa-miR-6827-3p,2.079858638838112,-0.1009523094047784,0.9143278224986857,0.7660543127381031,NA
hsa-miR-7974,0,0,5.4845621082789,NA,NA
hsa-miR-6865-3p,0,0,5.4845621082789,NA,NA
hsa-miR-4776-5p,0.25328303407007724,0.190086763348602,1.0052151879717866,0.5351894105864423,NA
hsa-miR-539-5p,1076.6325296898929,-0.73868970794534,0.5216122176116023,0.056800955102251305,0.25653069357713776
hsa-miR-942-3p,30.590040265408188,1.4943824725647212,1.1153073593620773,0.006915632578910208,0.06831806729468871
hsa-miR-518e-5p,0.4108116228176323,0.2674892649809799,1.0389166951702749,0.39477298859904525,NA
hsa-miR-6860,0,0,5.4845621082789,NA,NA
hsa-miR-485-5p,1040.7751931824635,-0.08727923695929338,0.3830367598920705,0.7579447597034259,0.9089362338340305
hsa-miR-5088-5p,0.30257937985618677,0.23164552210317965,1.0220126824084992,0.4553839566782403,NA
hsa-miR-4680-3p,0,0,5.4845621082789,NA,NA
hsa-miR-33b-3p,1.2456191030725077,-0.46446062986400183,1.0726495144541537,0.19419518266197539,NA
hsa-miR-3165,0.5558237876691521,-0.02803848061706656,0.9524765443978431,0.9280428711095831,NA
hsa-miR-6831-5p,0.04430480665309512,0.0273019011810667,0.9704333395928039,0.9275139130038499,NA
hsa-miR-939-5p,0.8919164665229768,0.05375904262464716,0.9525342456725004,0.8630817726908564,NA
hsa-miR-132-3p,7771.710149220825,-0.9179065750521631,0.7387409358492487,0.05384104297117852,0.2498296401242785
hsa-miR-6810-3p,1.6304524013847506,-0.23631680399419186,0.8811559440266886,0.5279262242137095,NA
hsa-miR-3183,1.070915184693375,-0.06766541984248053,0.9058367239117124,0.843268882654525,NA
hsa-miR-512-5p,1.0343217082644882,-0.03636272446931554,0.9631948943765455,0.9049525687325162,NA
hsa-miR-4802-3p,0.30257937985618677,0.23164552210317965,1.0220126824084992,0.4553839566782403,NA
hsa-miR-1915-5p,0,0,5.4845621082789,NA,NA
hsa-miR-548b-3p,21.729863842040544,0.1671033164619252,0.7292650601006181,0.6865622444899698,0.8828492655384871
hsa-miR-466,0,0,5.4845621082789,NA,NA
hsa-miR-3163,0.20540581140881614,0.190086763348602,1.0052151879717866,0.5351894105864423,NA
hsa-miR-5699-3p,6.5887062675477255,-0.015660831512203596,0.920818578135696,0.9621972885330612,0.9862959160600415
hsa-miR-1277-5p,46.11357908081694,0.16853344308633664,0.6785166594055663,0.6830995474027999,0.8828492655384871
hsa-miR-541-5p,26.82026492876058,0.17249505012613559,0.6260905412082012,0.6690902193955438,0.8742421303524941
hsa-miR-6729-3p,1.3464642828808555,-0.14667309844141557,0.9060283251914307,0.6743909090959135,NA
hsa-miR-33a-3p,17.864803238572517,-2.431595487478589,2.9875907581420575,0.004155337313145622,0.04837999871733831
hsa-miR-6792-5p,0,0,5.4845621082789,NA,NA
hsa-miR-4711-3p,0,0,5.4845621082789,NA,NA
hsa-miR-5583-3p,0.4350071126021012,-0.05493495810638167,0.9710917560569774,0.8553236869524621,NA
hsa-miR-6822-3p,0.41726992227256793,0.12040707400351348,0.9832194939393415,0.6908102705373333,NA
hsa-miR-3936,0.08860961330619024,-0.02363692575607462,0.9694620614619306,0.937306770383723,NA
hsa-miR-140-3p,16583.589923256237,0.04596831349514524,0.3276096766034715,0.8509187760705661,0.9435357857108997
hsa-miR-7152-5p,5.498795843295061,0.17591684815683445,0.85978055288248,0.6416469058571481,0.8582548771800068
hsa-miR-4712-5p,0.19976636597151734,0.190086763348602,1.0052151879717866,0.5351894105864423,NA
hsa-miR-525-5p,1.087517781505253,-0.33608260378699956,1.0686251467421701,0.30148878146861313,NA
hsa-miR-1914-3p,2.988071249545048,0.07041291102518356,0.8730161809020018,0.8461015076554873,0.9430054410109021
hsa-miR-3944-3p,0.43549379981547215,0.07443737565392933,0.9725997644310368,0.8054181702062919,NA
hsa-miR-5009-5p,0.707265854673202,0.34385435137818376,1.08417494928775,0.28937507571249177,NA
hsa-miR-377-5p,234.3608161786372,-0.18761390832872205,0.4762822246772883,0.5816327929904221,0.8344048777213845
hsa-miR-130b-3p,1381.5363425946382,2.4286494056164596,0.5875657906162446,4.254299577833134e-7,2.521639386133821e-5
hsa-miR-12114,0,0,5.4845621082789,NA,NA
hsa-miR-4796-3p,0.353632927336601,0.190086763348602,1.0052151879717866,0.5351894105864423,NA
hsa-miR-5000-5p,1.245905935849691,0.08851355925208859,0.9516011356007509,0.7788539377339362,NA
hsa-miR-4670-5p,0,0,5.4845621082789,NA,NA
hsa-miR-3064-3p,8.09877344425141,-20.0991184242585,2.9879165986003637,NA,NA
hsa-miR-6720-5p,17.400321920236475,0.11980089856958133,0.8806910554551248,NA,NA
hsa-miR-6506-5p,0,0,5.4845621082789,NA,NA
hsa-miR-382-5p,2973.754671025542,-1.0962120025984046,0.6674692178914484,NA,NA
hsa-miR-4703-3p,0,0,5.4845621082789,NA,NA
hsa-miR-4706,0.13443191891766357,-0.05271118614743613,0.9709427438315544,0.8610825458737007,NA
hsa-miR-6848-5p,0,0,5.4845621082789,NA,NA
hsa-miR-3159,0,0,5.4845621082789,NA,NA
hsa-miR-1537-3p,0.9746121935501509,0.10083606123615386,0.9521754107554901,0.7498073035195262,NA
hsa-miR-3197,0,0,5.4845621082789,NA,NA
hsa-miR-6878-5p,0.5648049776103595,-0.23492955508786775,1.0141732314144118,0.45358334895740904,NA
hsa-miR-876-3p,105.06379161095751,-0.46679685183760106,0.9743769449026701,0.22034420130739688,0.5597058873445571
hsa-miR-3692-5p,0,0,5.4845621082789,NA,NA
hsa-miR-2681-5p,39.57647778479334,0.48364999181141755,0.6919564986649092,0.26341750936488695,0.6047472398095292
hsa-miR-4435,0,0,5.4845621082789,NA,NA
hsa-miR-6728-5p,0,0,5.4845621082789,NA,NA
hsa-miR-506-5p,4.37520907862587,0.05055969859168564,0.8398756205927869,0.8941248258222365,0.9647662834662099
hsa-miR-3622a-3p,19.471180822467005,-0.11759697008521981,0.6299879169618676,0.7706389392503258,0.9185678032746113
hsa-miR-4765,0,0,5.4845621082789,NA,NA
hsa-miR-3615,22.837873411610314,-21.504943494415137,2.9856953262098593,NA,NA
hsa-miR-6852-5p,0.2175035563010506,0.027301902738978905,0.9704333396840272,0.9275139088810908,NA
hsa-miR-509-3-5p,96.70357297476501,-0.9633252359559694,0.7161080159322938,0.042822862392061393,0.22885660884937728
hsa-miR-522-5p,1.3465744977282932,-0.13713548254545832,0.9764269180994932,0.6566652963660583,NA
hsa-miR-3126-5p,0,0,5.4845621082789,NA,NA
hsa-miR-3942-5p,2.499737411792728,0.9215788152387757,1.4765468887573774,0.040190996233418236,0.21837107953490575
hsa-miR-548h-3p,0,0,5.4845621082789,NA,NA
hsa-miR-4776-3p,0.25328303407007724,0.190086763348602,1.0052151879717866,0.5351894105864423,NA
hsa-miR-6858-5p,0.2159452788255371,-0.10711323534223852,0.9767732551878566,0.72447197697682,NA
hsa-miR-3188,0.6525106689031518,-0.24129387227827698,1.016874851991539,0.44237996334303875,NA
hsa-miR-4482-3p,0,0,5.4845621082789,NA,NA
hsa-miR-5571-3p,0,0,5.4845621082789,NA,NA
hsa-miR-548as-5p,1.9882323688317696,0.38552131793806427,1.1044973554819015,0.24605041776143718,NA
hsa-miR-4749-5p,2.712710561523417,0.23518191957585463,0.8439266785505889,0.5480883112067532,0.81300993797449
hsa-miR-3192-3p,0.4425406360308878,0.07988646391495281,0.9734428852480864,0.7915683161329332,NA
hsa-miR-6867-5p,0.868455947728689,-0.2970620855278752,1.044656945055011,0.35369997903761563,NA
hsa-miR-7112-3p,0.13291441995928535,-0.05673473776041685,0.9712195097532509,0.8506711759670653,NA
hsa-miR-4529-3p,0.9521602178604278,-0.10077236800405388,0.9717113817241926,0.7415743262273474,NA
hsa-miR-2682-3p,6316.312725224531,-3.551703247210882,2.2185689613344612,NA,NA
hsa-miR-7843-5p,0.2902574916826856,-0.14633235361022054,0.9846109991031906,0.6328263382944914,NA
hsa-miR-6851-5p,0.6377453099035485,0.06933101985571183,0.9044358006598707,0.8399243078663242,NA
hsa-miR-4740-5p,0,0,5.4845621082789,NA,NA
hsa-miR-452-3p,126.63695809060296,-0.21218870129814849,0.6788281635436775,0.608750439579248,0.8433360723662016
hsa-miR-5690,4.037809650713039,0.08894057533599911,0.8528449406521071,0.812470436611443,0.9372265786163434
hsa-miR-338-3p,8864.081397260657,-0.04432422841378477,0.6075448430224486,0.9110656772049777,0.971001856790807
hsa-miR-371b-3p,0,0,5.4845621082789,NA,NA
hsa-miR-548aq-3p,28.46515919355764,-21.81003466146297,2.9854482204499724,1.588586703132612e-13,1.479655043489233e-11
hsa-miR-4691-5p,0,0,5.4845621082789,NA,NA
hsa-miR-11399,2.626132885550911,-0.5357851707514334,1.2497089641519996,NA,NA
hsa-miR-513a-5p,1.002414888255811,0.24399355272476508,0.9813975913947189,0.455738984570131,NA
hsa-miR-219b-5p,2.5896512476324807,0.16712129376586948,0.8325529416398636,0.6680820322971658,0.8742421303524941
hsa-miR-6817-3p,0.9906810363167106,0.0510558758902826,0.9465786475076432,0.8713093070061102,NA
hsa-miR-519d-3p,1.3190059543950134,-0.15302495232540572,0.9544841805198827,0.6347138022253066,NA
hsa-miR-4766-3p,0,0,5.4845621082789,NA,NA
hsa-miR-4723-5p,0.7942555148564657,0.013589782407046015,0.9479518513201387,0.9653551398828035,NA
hsa-miR-6502-5p,0.26886383783532714,-0.1354341490865378,0.9821172402227941,0.6576189304158492,NA
hsa-miR-2467-3p,12.624851310033149,0.254934742696695,0.729688104517756,0.5428844961291811,0.8117974911845821
hsa-miR-3920,0.25328303407007724,0.190086763348602,1.0052151879717866,0.5351894105864423,NA
hsa-miR-4709-3p,0.40329575675299073,-0.18791719895782893,0.9964152475497203,0.5435217813611064,NA
hsa-miR-3136-3p,1.9691542493418017,0.027141703571729955,0.9089611074411208,0.9360918831608658,NA
hsa-miR-378b,30.368706650207347,0.7788270245357977,1.5303357122294676,NA,NA
hsa-miR-3140-5p,0.20164787837649537,-0.09965524260390847,0.9756365535689083,0.7426140849866534,NA
hsa-miR-5706,0.2879270384340495,-0.14333565981798171,0.9839008353040976,0.6395890195622498,NA
hsa-miR-3116,0.5135145285220404,0.29649214105535043,1.0548541109720964,0.35098176698723416,NA
hsa-miR-5008-5p,0.25328303407007724,0.190086763348602,1.0052151879717866,0.5351894105864423,NA
NovelmiRNA-717,0.04430480665309512,0.0273019011810667,0.9704333395928039,0.9275139130038499,NA
NovelmiRNA-3730,0.2159452788255371,-0.10711323534223852,0.9767732551878566,0.72447197697682,NA
NovelmiRNA-448,9.58930405375321,-0.19963909574366173,0.9833594821707284,NA,NA
NovelmiRNA-2709,46.33379909262202,-22.475379631910005,2.9850685573148708,NA,NA
NovelmiRNA-2993,0.5304493910049015,0.27960630037928913,1.0453131662375679,0.3759192389141796,NA
NovelmiRNA-1643,1.0987150128433454,0.44170086864795083,1.1630467168976482,0.19457313534092718,NA
NovelmiRNA-1702,0,0,5.4845621082789,NA,NA
NovelmiRNA-2638,3.800007511063099,0.7982098280738776,1.6024821741171338,NA,NA
NovelmiRNA-766,0.8840823183415025,0.38818489068309237,1.1168795658261552,0.24145327280544174,NA
NovelmiRNA-3166,0,0,5.4845621082789,NA,NA
NovelmiRNA-3103,0.9721351372570435,-0.39756484255622504,1.0333648158116842,0.25382314286569546,NA
NovelmiRNA-3461,0,0,5.4845621082789,NA,NA
NovelmiRNA-123,0,0,5.4845621082789,NA,NA
NovelmiRNA-3636,0.1768164636683005,0.1417377499830073,0.9894148200117868,0.640399008368234,NA
NovelmiRNA-3122,0,0,5.4845621082789,NA,NA
NovelmiRNA-2001,0,0,5.4845621082789,NA,NA
NovelmiRNA-2663,6.766674556974211,1.0909254979891723,2.011693639662232,0.030100571276000267,0.1918111385522209
NovelmiRNA-3094,1.5409457247437535,0.5175234223416538,1.2400666219021337,0.14491125825626694,NA
NovelmiRNA-3047,0.33607979729415893,-0.16400772058662874,0.9891805533554816,0.5938108163257287,NA
NovelmiRNA-2167,0,0,5.4845621082789,NA,NA
NovelmiRNA-761,1.083509372360166,-0.35045873189270144,1.078419289399897,NA,NA
NovelmiRNA-129,0,0,5.4845621082789,NA,NA
NovelmiRNA-2841,0,0,5.4845621082789,NA,NA
NovelmiRNA-1190,0,0,5.4845621082789,NA,NA
NovelmiRNA-2030,0.30257937985618677,0.23164552210317965,1.0220126824084992,0.4553839566782403,NA
NovelmiRNA-1282,19.242764122342084,-0.04148977850304716,0.8748092422479327,0.9083979298722012,0.9709433611093037
NovelmiRNA-2536,0,0,5.4845621082789,NA,NA
NovelmiRNA-820,0.31013364657166587,-0.15723283471488014,0.9873517311112006,0.6085860499536038,NA
NovelmiRNA-3206,0,0,5.4845621082789,NA,NA
NovelmiRNA-2382,0,0,5.4845621082789,NA,NA
NovelmiRNA-3219,0.5316576798371414,-0.2278649021347347,1.0112839494664745,0.4662806415829412,NA
NovelmiRNA-2444,0.5377276756706543,-0.22678062685735065,1.0108487264122117,0.46825458402932624,NA
NovelmiRNA-2047,0,0,5.4845621082789,NA,NA
NovelmiRNA-2910,0,0,5.4845621082789,NA,NA
NovelmiRNA-815,0,0,5.4845621082789,NA,NA
NovelmiRNA-3199,0,0,5.4845621082789,NA,NA
NovelmiRNA-3805,0,0,5.4845621082789,NA,NA
NovelmiRNA-1297,0,0,5.4845621082789,NA,NA
NovelmiRNA-1933,0,0,5.4845621082789,NA,NA
NovelmiRNA-2582,1.512896899280934,0.513948590266463,1.2361556869834014,0.14688174061032777,NA
NovelmiRNA-1119,0.6478358364766114,-0.2566744060549436,1.0237945826472656,0.41622588501485575,NA
NovelmiRNA-2800,0,0,5.4845621082789,NA,NA
NovelmiRNA-1898,0.2879270384340495,-0.14333565981798171,0.9839008353040976,0.6395890195622498,NA
NovelmiRNA-1685,0,0,5.4845621082789,NA,NA
NovelmiRNA-3564,0,0,5.4845621082789,NA,NA
NovelmiRNA-2912,0,0,5.4845621082789,NA,NA
NovelmiRNA-1294,0,0,5.4845621082789,NA,NA
NovelmiRNA-529,4014.529595868934,0.6738923448025571,1.3679998727830303,0.08454314510942348,0.3242562042394996
NovelmiRNA-3669,0,0,5.4845621082789,NA,NA
NovelmiRNA-1945,3.8313096891534117,-0.636340171586744,1.3715887113560765,NA,NA
NovelmiRNA-1400,0.6019086372127297,-0.24626569374981702,1.019050956929219,0.4337830802341743,NA
NovelmiRNA-3490,135.2266849684865,0.6363936844016203,1.3250889614928159,NA,NA
NovelmiRNA-3674,327.2834959839736,0.14669591541955293,0.9663181558729106,NA,NA
NovelmiRNA-2534,0.13291441995928535,-0.05673473776041685,0.9712195097532509,0.8506711759670653,NA
NovelmiRNA-3587,0.26886383783532714,-0.1354341490865378,0.9821172402227941,0.6576189304158492,NA
NovelmiRNA-2941,0,0,5.4845621082789,NA,NA
NovelmiRNA-1169,1.0082393918824768,-0.3336941970366564,1.0670484986114628,0.3044620925214031,NA
NovelmiRNA-1756,115.41781587753378,25.29875718780404,2.8310724842606794,1.9250373492794293e-19,3.13781087932547e-17
NovelmiRNA-2328,1.0298653059336949,0.424029725295307,1.1470126937641556,0.20883867229535943,NA
NovelmiRNA-2986,0,0,5.4845621082789,NA,NA
NovelmiRNA-1378,258.6843770872581,-10.999726192380205,2.0734710306305115,6.387439244184372e-8,4.164610387208211e-6
NovelmiRNA-2648,23.1003829280224,-0.011114527672319751,0.9506585123897399,0.9715072791185686,0.9881790108975145
NovelmiRNA-1533,10.089024115686682,0.18321945140512766,0.9409070190940302,0.5835715095720112,0.8344048777213845
NovelmiRNA-1863,0,0,5.4845621082789,NA,NA
NovelmiRNA-2854,0.2159452788255371,-0.10711323534223852,0.9767732551878566,0.72447197697682,NA
NovelmiRNA-1095,13.94198074537622,-1.7738725099835477,2.5278529461264934,NA,NA
NovelmiRNA-953,0,0,5.4845621082789,NA,NA
NovelmiRNA-2422,1.0797263941276856,-0.34583472354945666,1.0752120986604659,0.2896397748908132,NA
NovelmiRNA-2547,0,0,5.4845621082789,NA,NA
NovelmiRNA-3368,0,0,5.4845621082789,NA,NA
NovelmiRNA-2483,1.5349041401288224,0.5173159565065722,1.2398389454916454,0.14502471999706681,NA
NovelmiRNA-3200,0,0,5.4845621082789,NA,NA
NovelmiRNA-3485,0,0,5.4845621082789,NA,NA
NovelmiRNA-2840,0,0,5.4845621082789,NA,NA
NovelmiRNA-3054,0.707265854673202,0.34385435137818376,1.08417494928775,0.28937507571249177,NA
NovelmiRNA-2432,20.027786765101315,0.41012434015739124,0.827575846462338,0.32786695695513535,0.66266266919847
NovelmiRNA-1056,0,0,5.4845621082789,NA,NA
NovelmiRNA-729,0,0,5.4845621082789,NA,NA
NovelmiRNA-1130,2.477444306076607,0.05565402751588856,0.9576217470062677,NA,NA
NovelmiRNA-1293,9.935230007573727,-20.349848831775425,2.9872802633688953,NA,NA
NovelmiRNA-1819,757.7123832959186,0.46391730727615044,1.1339384575459146,0.1840483881846824,0.510636379133672
NovelmiRNA-435,0,0,5.4845621082789,NA,NA
NovelmiRNA-2404,0.1772192266123805,-0.08912413333839661,0.9742226566580583,0.7685777420928457,NA
NovelmiRNA-2373,0,0,5.4845621082789,NA,NA
NovelmiRNA-3546,20.219386762178694,-21.34342206796899,2.98584913377476,NA,NA
NovelmiRNA-698,0,0,5.4845621082789,NA,NA
NovelmiRNA-669,0,0,5.4845621082789,NA,NA
NovelmiRNA-3384,60.003204124677126,0.27751857147343595,1.0121829827167366,NA,NA
NovelmiRNA-1766,5.110133915534315,0.42883058630107573,1.1285848305725619,NA,NA
NovelmiRNA-490,0,0,5.4845621082789,NA,NA
NovelmiRNA-2629,0,0,5.4845621082789,NA,NA
NovelmiRNA-2860,0.2658288399185707,-0.13798199532793343,0.9826783101521167,0.6517740961923659,NA
NovelmiRNA-2826,0,0,5.4845621082789,NA,NA
NovelmiRNA-3783,0,0,5.4845621082789,NA,NA
NovelmiRNA-1459,0.3987432598778561,-0.18945535348691767,0.9969228709564942,0.5403881692056587,NA
NovelmiRNA-2071,0.48004331651118365,-0.2111064569644452,1.0046206904398167,0.4976223700410862,NA
NovelmiRNA-1362,20.788688296808612,-20.565204105188386,2.985815141444307,NA,NA
NovelmiRNA-1002,0.6991822809003106,0.35195415118026663,1.08976903783744,0.2799475310647036,NA
NovelmiRNA-3690,23.63237030360211,0.36896081436182315,1.031954010505181,0.27994852882178656,0.6229571358082076
NovelmiRNA-2305,6.794334397759405,-0.8396740916126069,1.6488074985206942,0.05222302095421872,0.24832138841624088
NovelmiRNA-3361,0,0,5.4845621082789,NA,NA
NovelmiRNA-1057,0,0,5.4845621082789,NA,NA
NovelmiRNA-1166,20.164293065279022,-21.340331996541035,2.9858529131580265,NA,NA
NovelmiRNA-2834,0,0,5.4845621082789,NA,NA
NovelmiRNA-3640,0.4305022606824577,0.0047408386551699615,0.9671355314638351,0.9874517980248891,NA
NovelmiRNA-2255,0,0,5.4845621082789,NA,NA
NovelmiRNA-1073,0,0,5.4845621082789,NA,NA
NovelmiRNA-2322,0.19976636597151734,0.190086763348602,1.0052151879717866,0.5351894105864423,NA
NovelmiRNA-1695,2.175035563010506,-0.48175351803947336,1.1916366258936242,0.16708017063852673,NA
NovelmiRNA-2608,0,0,5.4845621082789,NA,NA
NovelmiRNA-864,0.31013364657166587,-0.15723283471488014,0.9873517311112006,0.6085860499536038,NA
NovelmiRNA-1713,0,0,5.4845621082789,NA,NA
NovelmiRNA-3331,0.19976636597151734,0.190086763348602,1.0052151879717866,0.5351894105864423,NA
NovelmiRNA-1772,0,0,5.4845621082789,NA,NA
NovelmiRNA-2508,5.110221245127712,0.4697445720896779,1.1691052580953534,NA,NA
NovelmiRNA-1352,0,0,5.4845621082789,NA,NA
NovelmiRNA-3589,0,0,5.4845621082789,NA,NA
NovelmiRNA-834,0.9469203837905378,-0.32309923627020354,1.06022753849863,0.3179957247852023,NA
NovelmiRNA-214,0,0,5.4845621082789,NA,NA
NovelmiRNA-245,0,0,5.4845621082789,NA,NA
NovelmiRNA-3163,0.14396351921702474,-0.05493495392150516,0.9710917557673598,0.855323697779324,NA
NovelmiRNA-2563,17.33687826285445,-1.9009468249381323,2.727729914792843,NA,NA
NovelmiRNA-3620,1.0082393918824768,-0.3336941970366564,1.0670484986114628,0.3044620925214031,NA
NovelmiRNA-1008,2.1266307193485656,-0.48484330770212725,1.1947924841980513,NA,NA
NovelmiRNA-2615,1.4674205547478023,-0.40524939537366145,1.120530553493103,0.22697895056347311,NA
NovelmiRNA-3033,26.72784522062983,23.286587075293944,3.0083246502386816,NA,NA
NovelmiRNA-3235,0,0,5.4845621082789,NA,NA
NovelmiRNA-860,612.3079929652331,-0.3831156757816445,0.41514262377211314,0.2025881784135723,0.5347671754074864
NovelmiRNA-1508,4.579010001759184,0.48710000746327475,1.125353280485131,0.1715080743032104,0.4904529142354964
NovelmiRNA-918,0.2159452788255371,-0.10711323534223852,0.9767732551878566,0.72447197697682,NA
NovelmiRNA-2599,0.19976636597151734,0.190086763348602,1.0052151879717866,0.5351894105864423,NA
NovelmiRNA-1292,22.1293015880339,-21.026311182148067,2.9857309701961863,NA,NA
NovelmiRNA-1322,0,0,5.4845621082789,NA,NA
NovelmiRNA-208,3.78521237143107,0.06743977667554411,0.9561823076712946,0.8281062020210412,0.9416964062210199
NovelmiRNA-796,7.830128026837821,-0.903010720413963,1.7380011823981674,NA,NA
NovelmiRNA-1231,0,0,5.4845621082789,NA,NA
NovelmiRNA-2699,0.13291441995928535,-0.05673473776041685,0.9712195097532509,0.8506711759670653,NA
NovelmiRNA-2285,0.2175035563010506,0.027301902738978905,0.9704333396840272,0.9275139088810908,NA
NovelmiRNA-2702,0.5304493910049015,0.27960630037928913,1.0453131662375679,0.3759192389141796,NA
NovelmiRNA-504,0,0,5.4845621082789,NA,NA
NovelmiRNA-3614,0.5377276756706543,-0.22678062685735065,1.0108487264122117,0.46825458402932624,NA
NovelmiRNA-2819,0,0,5.4845621082789,NA,NA
NovelmiRNA-2564,0.23873935323190099,-0.1295426917919869,0.9808708870546996,0.6712451669944812,NA
NovelmiRNA-437,0,0,5.4845621082789,NA,NA
NovelmiRNA-3194,9.108824554078685,-20.25931639739469,2.9875345507957856,NA,NA
NovelmiRNA-2956,0.8700142252042024,-0.2938661877599962,1.0428615192317012,0.3583273594632878,NA
NovelmiRNA-3134,0,0,5.4845621082789,NA,NA
NovelmiRNA-1068,35.426619608039495,0.9375557163243187,1.3400037237733513,0.03857089464395401,0.21312053650727134
NovelmiRNA-3409,0,0,5.4845621082789,NA,NA
NovelmiRNA-1213,0.17094632368813376,0.07355098857094941,0.9747183821572633,0.8069485714896496,NA
NovelmiRNA-1360,0.20164787837649537,-0.09965524260390847,0.9756365535689083,0.7426140849866534,NA
NovelmiRNA-1234,4.940068155337029,-19.42648461635228,2.9901178345354142,NA,NA
NovelmiRNA-2464,19.507874882788354,-0.925513832771912,1.7657491947404498,NA,NA
NovelmiRNA-163,0,0,5.4845621082789,NA,NA
NovelmiRNA-3001,0,0,5.4845621082789,NA,NA
NovelmiRNA-1587,0,0,5.4845621082789,NA,NA
NovelmiRNA-1601,0.6051587597123735,0.32541661821538104,1.0720793072546002,0.3120155763669088,NA
NovelmiRNA-982,20.109199368379354,-21.336945621550093,2.985856713358667,NA,NA
NovelmiRNA-734,50.9081813645392,-0.05834079403266311,0.9527994554098491,NA,NA
NovelmiRNA-2507,0.2215240332654756,-0.11569643019561833,0.9782206603290846,0.703859384299742,NA
NovelmiRNA-3440,0,0,5.4845621082789,NA,NA
NovelmiRNA-2967,0.9243261513396728,0.40562009281928735,1.13113085682275,0.22494775126154354,NA
NovelmiRNA-1343,0,0,5.4845621082789,NA,NA
NovelmiRNA-922,0,0,5.4845621082789,NA,NA
NovelmiRNA-2979,0,0,5.4845621082789,NA,NA
NovelmiRNA-1901,0,0,5.4845621082789,NA,NA
NovelmiRNA-1516,11.551311783297363,-20.58223452519726,2.986886484887747,NA,NA
NovelmiRNA-121,6.043942687079505,1.0219017295390105,1.9167469966774837,0.03449033971392957,0.2039483257101389
NovelmiRNA-1967,2.5525409104809187,0.08915503561941533,0.9614688445212491,0.7734224175402545,0.9202033142997189
NovelmiRNA-1941,0.1652810906990084,-0.08695804057593956,0.9739595872475786,0.7739659080475684,NA
NovelmiRNA-2033,0,0,5.4845621082789,NA,NA
NovelmiRNA-580,0,0,5.4845621082789,NA,NA
NovelmiRNA-3425,0,0,5.4845621082789,NA,NA
NovelmiRNA-2611,1.1381188139250058,-0.3565225740076345,1.0827070893563655,0.2771820750349538,NA
NovelmiRNA-3332,0.2159452788255371,-0.10711323534223852,0.9767732551878566,0.72447197697682,NA
NovelmiRNA-3286,0.19976636597151734,0.190086763348602,1.0052151879717866,0.5351894105864423,NA
NovelmiRNA-3473,574.6992043050053,27.393951795795523,3.006777765690173,NA,NA
NovelmiRNA-956,0,0,5.4845621082789,NA,NA
NovelmiRNA-3828,0.5493601670191872,0.2589076553035387,0.988235735738039,0.4296645088220646,NA
NovelmiRNA-2089,0,0,5.4845621082789,NA,NA
NovelmiRNA-3266,0.8065915135059815,-0.2942732834207913,1.0430888251250525,0.3577349024284093,NA
NovelmiRNA-222,537.8814124911228,27.304261518261445,3.006782935856135,4.544927638327592e-20,9.8776427339653e-18
NovelmiRNA-1721,2.2432678360484637,-0.08602520254142351,0.9619380537446304,NA,NA
NovelmiRNA-725,1.4176454032769064,-0.39879364518585686,1.115176936765625,0.23303995996997645,NA
NovelmiRNA-1712,0.5316576798371414,-0.2278649021347347,1.0112839494664745,0.4662806415829412,NA
NovelmiRNA-2620,0.25328303407007724,0.190086763348602,1.0052151879717866,0.5351894105864423,NA
NovelmiRNA-3576,0,0,5.4845621082789,NA,NA
NovelmiRNA-1873,0.22037478759867787,-0.12007708958784602,0.9790169441217782,0.6934537846932038,NA
NovelmiRNA-1687,0.4485184113487521,-0.20220504297801406,1.0013301956373966,0.5148988381343155,NA
NovelmiRNA-2953,2.9219457876938915,1.0272464329509052,1.579717956389074,0.030301452869445942,0.1918111385522209
NovelmiRNA-2191,3.092313929757334,0.21731351088033335,0.8922071848856203,0.5527272073720833,0.81300993797449
NovelmiRNA-1736,0,0,5.4845621082789,NA,NA
NovelmiRNA-691,0.353632927336601,0.190086763348602,1.0052151879717866,0.5351894105864423,NA
NovelmiRNA-3342,289.7701861089415,26.434769527579405,3.006852017350498,NA,NA
NovelmiRNA-2324,0,0,5.4845621082789,NA,NA
NovelmiRNA-3269,0.14396351921702474,-0.05493495392150516,0.9710917557673598,0.855323697779324,NA
NovelmiRNA-1686,0.5371280246549424,-0.22715547480993897,1.0110001480336794,0.46757085211878124,NA
NovelmiRNA-277,0,0,5.4845621082789,NA,NA
NovelmiRNA-3751,0,0,5.4845621082789,NA,NA
NovelmiRNA-704,0.9207063141657863,0.11893881732699828,0.9741023875676263,0.6982953390826183,NA
NovelmiRNA-1204,0,0,5.4845621082789,NA,NA
NovelmiRNA-3495,52.19454730858784,-0.8324189175588691,0.982684898599731,0.0677341373009871,0.28492037109834567
NovelmiRNA-1583,2.1689108627305895,-0.6435581746478148,1.191505219067348,0.09885690243521297,NA
NovelmiRNA-2245,9.108824554078685,-20.25931639739469,2.9875345507957856,NA,NA
NovelmiRNA-1053,14.10629649695807,0.33377395403602855,0.7504723007545274,0.4310015097989044,0.7377493650588871
NovelmiRNA-3702,4.67269236759469,0.11100975481919136,0.9625329230786358,NA,NA
NovelmiRNA-703,2.083211640272413,-0.10531681148516217,0.903501885063885,0.7611460141850321,NA
NovelmiRNA-706,0,0,5.4845621082789,NA,NA
NovelmiRNA-74,0.4705117162118225,-0.2085584050783568,1.0036606932769392,0.5025237976625376,NA
NovelmiRNA-2665,6.766674556974211,1.0909254979891723,2.011693639662232,0.030100571276000267,0.1918111385522209
NovelmiRNA-76,0,0,5.4845621082789,NA,NA
NovelmiRNA-2057,1.0987150128433454,0.44170086864795083,1.1630467168976482,0.19457313534092718,NA
NovelmiRNA-2182,0,0,5.4845621082789,NA,NA
NovelmiRNA-2893,22.514957466331587,-21.489608273493374,2.9857080502764743,NA,NA
NovelmiRNA-3109,0,0,5.4845621082789,NA,NA
NovelmiRNA-249,0.604943635129486,-0.24590154630141547,1.0188896131934677,0.4344081139549294,NA
NovelmiRNA-482,0.504298966426978,0.29431539465447504,1.053582927691637,0.3541100190905643,NA
NovelmiRNA-78,536.9771522278569,2.95945648816578,2.2157936975099037,5.803338951889594e-4,0.016474943830295002
NovelmiRNA-3607,0,0,5.4845621082789,NA,NA
NovelmiRNA-1393,0,0,5.4845621082789,NA,NA
NovelmiRNA-3070,0,0,5.4845621082789,NA,NA
NovelmiRNA-1303,3312.155869253464,29.392189388528934,3.006715337936072,5.286421893470187e-23,1.7233735372712808e-20
NovelmiRNA-2586,1.8148309053884581,-0.4488343037867661,1.1593470570573572,NA,NA
NovelmiRNA-3159,0,0,5.4845621082789,NA,NA
NovelmiRNA-3096,6.013678887501692,0.2863460018470279,0.9138064024142243,NA,NA
NovelmiRNA-3268,0,0,5.4845621082789,NA,NA
NovelmiRNA-848,0,0,5.4845621082789,NA,NA
NovelmiRNA-3567,0.4705117162118225,-0.2085584050783568,1.0036606932769392,0.5025237976625376,NA
NovelmiRNA-2543,0.2215240332654756,-0.11569643019561833,0.9782206603290846,0.703859384299742,NA
NovelmiRNA-636,0,0,5.4845621082789,NA,NA
NovelmiRNA-988,0,0,5.4845621082789,NA,NA
NovelmiRNA-2231,0,0,5.4845621082789,NA,NA
NovelmiRNA-3679,0,0,5.4845621082789,NA,NA
NovelmiRNA-205,3.78521237143107,0.06743977667554411,0.9561823076712946,0.8281062020210412,0.9416964062210199
NovelmiRNA-300,1.277103229717804,-0.3777297205295591,1.0984341461334353,NA,NA
NovelmiRNA-627,0,0,5.4845621082789,NA,NA
NovelmiRNA-2428,5.065660681401545,0.9263115306670102,1.7830140029514587,NA,NA
NovelmiRNA-793,0.09988318298575867,0.14173774998300737,0.9894148200117868,0.6403990083682338,NA
NovelmiRNA-2419,3.2542841621124254,-0.5873290319342758,1.3102383670713762,0.11262254008018999,0.37274058950397904
NovelmiRNA-3472,170.21906716119145,-24.252710585546197,2.984627945492396,NA,NA
NovelmiRNA-3524,0.5038723172595866,-0.21732140387942822,1.0070234790790389,0.48581618610457095,NA
NovelmiRNA-3329,0.33607979729415893,-0.16400772058662874,0.9891805533554816,0.5938108163257287,NA
NovelmiRNA-696,638.5417852484521,-0.12034675350849534,0.9608897375363751,0.7013691374502549,0.8896744700730859
NovelmiRNA-3296,0.6645720997964268,-0.2639024892837092,1.0272395414900704,0.40438398578983,NA
NovelmiRNA-1078,0,0,5.4845621082789,NA,NA
NovelmiRNA-2188,0,0,5.4845621082789,NA,NA
NovelmiRNA-1837,0.08860961330619024,-0.02363692575607462,0.9694620614619306,0.937306770383723,NA
NovelmiRNA-3697,0.19976636597151734,0.190086763348602,1.0052151879717866,0.5351894105864423,NA
NovelmiRNA-2456,0,0,5.4845621082789,NA,NA
NovelmiRNA-53,0,0,5.4845621082789,NA,NA
NovelmiRNA-224,83.2446490735085,0.4694023732787701,1.0609977216707553,0.19354228253101577,0.5285976196920602
NovelmiRNA-104,297.1098579072351,-24.969534068237245,2.98455752172523,NA,NA
NovelmiRNA-510,0,0,5.4845621082789,NA,NA
NovelmiRNA-2511,2.8072886247319824,-0.5503036525427557,1.2662914122337336,NA,NA
NovelmiRNA-1253,1.2784023383108536,0.3364716179746721,1.0731193059959572,0.29984926492400304,NA
NovelmiRNA-984,0,0,5.4845621082789,NA,NA
NovelmiRNA-2159,1.1426713108001403,-0.35668560340978606,1.0828236529850934,0.27699625590781235,NA
NovelmiRNA-3071,0.5377276756706543,-0.22678062685735065,1.0108487264122117,0.46825458402932624,NA
NovelmiRNA-906,0.6525106689031518,-0.24129387227827698,1.016874851991539,0.44237996334303875,NA
NovelmiRNA-125,1.5913481730147045,0.5200831086997963,1.242882761673676,0.14352037663634118,NA
NovelmiRNA-2952,0.3995327319430347,0.2643658109495583,1.0373282896858194,0.3997643441438673,NA
NovelmiRNA-3455,0.8228612402322154,0.11024563951558371,0.955718110084592,0.726624774003034,NA
NovelmiRNA-3052,0,0,5.4845621082789,NA,NA
NovelmiRNA-3515,2.026264272560618,0.5873257124533383,1.3212046739053958,0.11234079927219903,NA
NovelmiRNA-88,0.36146707551807533,-0.12543865924001468,0.9800446345016135,0.6808271968270382,NA
NovelmiRNA-3263,0,0,5.4845621082789,NA,NA
NovelmiRNA-3006,1.042170058486224,0.22308210394003103,1.0078715987543807,0.4757461162150306,NA
NovelmiRNA-3475,0.7531817131026171,-0.28476080537984405,1.0378836246936722,0.3718101051483551,NA
NovelmiRNA-971,1.8422692472184854,0.08966644037526719,0.9636496197519773,0.7713398467362498,NA
NovelmiRNA-1460,20.586678074843157,-20.27988863857436,2.9858312189230083,NA,NA
NovelmiRNA-1142,0.6021241418282306,0.16566139692295415,0.9915397657008204,0.5892940790628071,NA
NovelmiRNA-2358,0,0,5.4845621082789,NA,NA
NovelmiRNA-1862,20.20102219654547,-21.3432771894788,2.98585039072727,NA,NA
NovelmiRNA-981,0,0,5.4845621082789,NA,NA
NovelmiRNA-2200,0.13291441995928535,-0.05673473776041685,0.9712195097532509,0.8506711759670653,NA
NovelmiRNA-507,6.363421084057581,-2.31892846286784,2.1782209970479944,0.00208568040393322,0.032165204885471387
NovelmiRNA-2524,0.5065660681401545,0.29167169813595123,1.052055522056146,0.35794354866999695,NA
NovelmiRNA-343,0.7081094827422771,0.34405653235970074,1.0843125018882591,0.28913595647063445,NA
NovelmiRNA-1875,0.20164787837649537,-0.09965524260390847,0.9756365535689083,0.7426140849866534,NA
NovelmiRNA-973,1.9725224858081587,0.008005650304097615,0.9563039460432089,0.9792449629713096,NA
NovelmiRNA-2242,0,0,5.4845621082789,NA,NA
NovelmiRNA-2169,2.36765402413138,0.026456343692397417,0.9462324627908343,0.9329075349887674,0.9803215731952143
NovelmiRNA-2713,0,0,5.4845621082789,NA,NA
NovelmiRNA-1842,6.1959579739949255,1.0333671381688505,1.9326288410969181,NA,NA
NovelmiRNA-2375,0.25328303407007724,0.190086763348602,1.0052151879717866,0.5351894105864423,NA
NovelmiRNA-783,0,0,5.4845621082789,NA,NA
NovelmiRNA-2761,0,0,5.4845621082789,NA,NA
NovelmiRNA-640,0,0,5.4845621082789,NA,NA
NovelmiRNA-3020,0.19976636597151734,0.190086763348602,1.0052151879717866,0.5351894105864423,NA
NovelmiRNA-2022,154.39915312117367,0.01251383364947851,0.7626121247641922,0.9753892355355932,0.9905822142822535
NovelmiRNA-3002,0,0,5.4845621082789,NA,NA
NovelmiRNA-3719,3.6733649673333915,-0.3389963642107486,1.0633999425729839,0.299908623137385,0.6469074994747295
NovelmiRNA-2396,0.3799245511051159,0.25423689830606694,1.0323464999547594,0.41632347252991253,NA
NovelmiRNA-1640,0,0,5.4845621082789,NA,NA
NovelmiRNA-442,8.875661809114812,21.82164832541262,3.011577832075838,NA,NA
NovelmiRNA-363,0.2175035563010506,0.027301902738978905,0.9704333396840272,0.9275139088810908,NA
NovelmiRNA-1539,0,0,5.4845621082789,NA,NA
NovelmiRNA-1750,0,0,5.4845621082789,NA,NA
NovelmiRNA-2612,0,0,5.4845621082789,NA,NA
NovelmiRNA-2643,0,0,5.4845621082789,NA,NA
NovelmiRNA-2940,0,0,5.4845621082789,NA,NA
NovelmiRNA-559,0.08860961330619024,-0.02363692575607462,0.9694620614619306,0.937306770383723,NA
NovelmiRNA-3328,3.45376287450329,0.06275749250382809,0.9528278455204489,0.8406809126297905,0.9430054410109021
NovelmiRNA-2142,0,0,5.4845621082789,NA,NA
NovelmiRNA-436,0.10270290570440807,0.1417377499830073,0.9894148200117868,0.640399008368234,NA
NovelmiRNA-968,0,0,5.4845621082789,NA,NA
NovelmiRNA-1716,0.2754684844983473,-0.14673899884833952,0.9847088009338675,0.631911893700382,NA
NovelmiRNA-2734,32.34735118631512,0.0013443066937018232,0.9474536046734725,0.9965740238086428,0.9965740238086428
NovelmiRNA-2861,0.575854076868099,-0.23727369159958583,1.0151573762154789,0.4494309132305355,NA
NovelmiRNA-344,0.7990654638860694,0.3772463158506464,1.1083362504923175,0.2524612922311167,NA
NovelmiRNA-3662,0,0,5.4845621082789,NA,NA
NovelmiRNA-3663,0.19976636597151734,0.190086763348602,1.0052151879717866,0.5351894105864423,NA
NovelmiRNA-1803,0.2658288399185707,-0.13798199532793343,0.9826783101521167,0.6517740961923659,NA
NovelmiRNA-1625,0.19976636597151734,0.190086763348602,1.0052151879717866,0.5351894105864423,NA
NovelmiRNA-1580,0,0,5.4845621082789,NA,NA
NovelmiRNA-2925,0.30810871711322424,0.23328490083917397,1.022733177610847,0.4524473760756988,NA
NovelmiRNA-1313,0.14396351921702474,-0.05493495392150516,0.9710917557673598,0.855323697779324,NA
NovelmiRNA-313,0,0,5.4845621082789,NA,NA
NovelmiRNA-1035,4.060134825123489,-1.8401575064539073,1.7386966306440754,0.003906417536147442,0.047166374695706156
NovelmiRNA-3625,0,0,5.4845621082789,NA,NA
NovelmiRNA-274,0,0,5.4845621082789,NA,NA
NovelmiRNA-2261,0,0,5.4845621082789,NA,NA
NovelmiRNA-3569,170.21906716119145,-24.252710585546197,2.984627945492396,NA,NA
NovelmiRNA-1608,0,0,5.4845621082789,NA,NA
NovelmiRNA-3496,0,0,5.4845621082789,NA,NA
NovelmiRNA-1697,0.2768779391763101,-0.14064520494303157,0.9832790698197988,0.6456961186450593,NA
NovelmiRNA-285,2.1180556589933075,0.6015475562559445,1.3387299735601954,NA,NA
NovelmiRNA-3565,0.13443191891766357,-0.05271118614743613,0.9709427438315544,0.8610825458737007,NA
NovelmiRNA-700,0,0,5.4845621082789,NA,NA
NovelmiRNA-3554,6.207223184029425,-19.738266636010945,2.988965922294451,NA,NA
NovelmiRNA-1624,0,0,5.4845621082789,NA,NA
NovelmiRNA-3044,0,0,5.4845621082789,NA,NA
NovelmiRNA-1584,0,0,5.4845621082789,NA,NA
NovelmiRNA-3401,0.30810871711322424,0.23328490083917397,1.022733177610847,0.4524473760756988,NA
NovelmiRNA-28,2.707846731412328,-0.5416782712181648,1.2563930755618857,0.13291771820225848,0.4203873012008875
NovelmiRNA-3525,1.9060849072341992,-0.2402948563252445,0.9338098847892935,0.4897897099883814,NA
NovelmiRNA-3137,0,0,5.4845621082789,NA,NA
NovelmiRNA-3795,8.262600377880036,0.07564113339100008,0.9256470605192625,0.8187058043477992,0.9414394787209259
NovelmiRNA-3484,0.8068783462831647,0.3790079525574791,1.1096912909532388,0.25065352858129025,NA
NovelmiRNA-1828,0.3987432598778561,-0.18945535348691767,0.9969228709564942,0.5403881692056587,NA
NovelmiRNA-388,0.30257937985618677,0.23164552210317965,1.0220126824084992,0.4553839566782403,NA
NovelmiRNA-298,0,0,5.4845621082789,NA,NA
NovelmiRNA-1852,0,0,5.4845621082789,NA,NA
NovelmiRNA-634,0.25328303407007724,0.190086763348602,1.0052151879717866,0.5351894105864423,NA
NovelmiRNA-3603,0.43344883512658766,-0.1705570989031792,0.9910407017192846,0.5797446048468082,NA
NovelmiRNA-2257,0,0,5.4845621082789,NA,NA
NovelmiRNA-2932,0,0,5.4845621082789,NA,NA
NovelmiRNA-2602,0,0,5.4845621082789,NA,NA
NovelmiRNA-3340,0.4705117162118225,-0.2085584050783568,1.0036606932769392,0.5025237976625376,NA
NovelmiRNA-581,0,0,5.4845621082789,NA,NA
NovelmiRNA-401,1.2457647752420513,-0.6571472963441106,1.0520655432923076,0.10745193611181086,NA
NovelmiRNA-389,0,0,5.4845621082789,NA,NA
NovelmiRNA-1491,1.5932463361701237,0.5203632700084668,1.2431917876434049,0.14336914826515895,NA
NovelmiRNA-563,0,0,5.4845621082789,NA,NA
NovelmiRNA-2274,0.2175035563010506,0.027301902738978905,0.9704333396840272,0.9275139088810908,NA
NovelmiRNA-2706,0.14396351921702474,-0.05493495392150516,0.9710917557673598,0.855323697779324,NA
NovelmiRNA-1291,0.1652810906990084,-0.08695804057593956,0.9739595872475786,0.7739659080475684,NA
NovelmiRNA-3398,0.4705117162118225,-0.2085584050783568,1.0036606932769392,0.5025237976625376,NA
NovelmiRNA-516,0.8738074729648132,-0.3082011244458794,1.0511119158293505,0.33799340110310294,NA
NovelmiRNA-866,0,0,5.4845621082789,NA,NA
NovelmiRNA-342,0.7990654638860694,0.3772463158506464,1.1083362504923175,0.2524612922311167,NA
NovelmiRNA-3764,118.097510684342,0.05434929401047902,0.9523088511200217,NA,NA
NovelmiRNA-1506,3.8191608995489523,0.4471759886224179,1.0894627125824283,0.20218498220832273,0.5347671754074864
NovelmiRNA-9,0,0,5.4845621082789,NA,NA
NovelmiRNA-965,0.708876906449522,-0.2745952921074225,1.0325649110135713,0.3873899595730501,NA
NovelmiRNA-3632,0.8507111414762437,0.25063346333682407,1.025535525050258,0.4244338060131905,NA
NovelmiRNA-1137,5.210563459653937,0.11416111505719781,0.9627706793365752,NA,NA
NovelmiRNA-732,0,0,5.4845621082789,NA,NA
NovelmiRNA-3506,0.2768779391763101,-0.14064520494303157,0.9832790698197988,0.6456961186450593,NA
NovelmiRNA-1586,2.1689108627305895,-0.6435581746478148,1.191505219067348,0.09885690243521297,NA
NovelmiRNA-659,11.092197642466784,-20.5273458149772,2.9869865505363116,NA,NA
NovelmiRNA-1524,2.7164663537724025,-0.05800860728876247,0.9575039323415029,NA,NA
NovelmiRNA-2372,0.19976636597151734,0.190086763348602,1.0052151879717866,0.5351894105864423,NA
NovelmiRNA-3683,0,0,5.4845621082789,NA,NA
NovelmiRNA-2162,2.050656800608026,-0.062407794091936336,0.959448584732688,0.8395891223833859,NA
NovelmiRNA-3390,0,0,5.4845621082789,NA,NA
NovelmiRNA-2029,0.2175035563010506,0.027301902738978905,0.9704333396840272,0.9275139088810908,NA
NovelmiRNA-3778,131.6295805663456,-23.89901124961392,2.9846762799242623,NA,NA
NovelmiRNA-2722,0,0,5.4845621082789,NA,NA
NovelmiRNA-3366,0,0,5.4845621082789,NA,NA
NovelmiRNA-2727,0,0,5.4845621082789,NA,NA
NovelmiRNA-452,0,0,5.4845621082789,NA,NA
NovelmiRNA-945,0,0,5.4845621082789,NA,NA
NovelmiRNA-1515,1.5893942850714857,-0.4221718405903181,1.1350533844943844,0.21188876753419747,NA
NovelmiRNA-2287,2395.4612398862014,0.9707649280116437,1.6130545836868264,NA,NA
NovelmiRNA-3074,0,0,5.4845621082789,NA,NA
NovelmiRNA-561,0,0,5.4845621082789,NA,NA
NovelmiRNA-3786,0.9171412508942797,-0.31815743547544306,1.0571423740030839,0.3245025543774096,NA
NovelmiRNA-1025,4.281273932676601,-0.6705452191651947,1.41615687305263,0.08504265479287489,0.3242562042394996
NovelmiRNA-3123,0.604943635129486,-0.24590154630141547,1.0188896131934677,0.4344081139549294,NA
NovelmiRNA-867,0,0,5.4845621082789,NA,NA
NovelmiRNA-3720,0,0,5.4845621082789,NA,NA
NovelmiRNA-3823,131.6295805663456,-23.89901124961392,2.9846762799242623,NA,NA
NovelmiRNA-743,2.354552727810257,0.08311718611239119,0.9535656665304283,0.7909280890149826,0.9293409933510286
NovelmiRNA-2085,0,0,5.4845621082789,NA,NA
NovelmiRNA-1470,52.11072795378417,0.7554035878454991,1.4868800561770292,NA,NA
NovelmiRNA-587,0,0,5.4845621082789,NA,NA
NovelmiRNA-3055,0,0,5.4845621082789,NA,NA
NovelmiRNA-2160,0.708876906449522,-0.2745952921074225,1.0325649110135713,0.3873899595730501,NA
NovelmiRNA-1574,1.9575320067094553,-0.45764456134598847,1.1677453621451037,0.1837523732351604,NA
NovelmiRNA-3412,0,0,5.4845621082789,NA,NA
NovelmiRNA-1806,0,0,5.4845621082789,NA,NA
NovelmiRNA-1254,1.12453577694577,0.35791970560186903,1.037452519733878,0.28876911363371144,NA
NovelmiRNA-2360,3.474472631865803,-0.8810435600683445,1.3933873736681108,0.04519786418468629,0.2338810114953608
NovelmiRNA-3087,0.19976636597151734,0.190086763348602,1.0052151879717866,0.5351894105864423,NA
NovelmiRNA-760,0,0,5.4845621082789,NA,NA
NovelmiRNA-473,0,0,5.4845621082789,NA,NA
NovelmiRNA-2403,0,0,5.4845621082789,NA,NA
NovelmiRNA-1415,0.08860961330619024,-0.02363692575607462,0.9694620614619306,0.937306770383723,NA
NovelmiRNA-3316,0,0,5.4845621082789,NA,NA
NovelmiRNA-1261,20.60504264047638,-20.32980479475542,2.985829465608779,NA,NA
NovelmiRNA-840,1.4115351486354675,-0.39721644024063346,1.113884776704206,NA,NA
NovelmiRNA-817,0,0,5.4845621082789,NA,NA
NovelmiRNA-2492,0,0,5.4845621082789,NA,NA
NovelmiRNA-82,0,0,5.4845621082789,NA,NA
NovelmiRNA-27,0,0,5.4845621082789,NA,NA
NovelmiRNA-2225,0,0,5.4845621082789,NA,NA
NovelmiRNA-3623,0,0,5.4845621082789,NA,NA
NovelmiRNA-2220,0.14396351921702474,-0.05493495392150516,0.9710917557673598,0.855323697779324,NA
NovelmiRNA-2646,0,0,5.4845621082789,NA,NA
NovelmiRNA-3445,0,0,5.4845621082789,NA,NA
NovelmiRNA-1070,3.4620020737895207,0.1516770541738112,0.9727662354175028,0.6275795751247226,0.8512873480672136
NovelmiRNA-521,0,0,5.4845621082789,NA,NA
NovelmiRNA-2960,0,0,5.4845621082789,NA,NA
NovelmiRNA-3147,0,0,5.4845621082789,NA,NA
NovelmiRNA-2509,0,0,5.4845621082789,NA,NA
NovelmiRNA-699,0,0,5.4845621082789,NA,NA
NovelmiRNA-3681,0.9623399486559757,-0.017116972883672216,0.9626574299011845,0.9551212070265819,NA
NovelmiRNA-1288,0,0,5.4845621082789,NA,NA
NovelmiRNA-321,0.8989486468718281,0.4003516577497246,1.1267428644357265,0.22980373987269986,NA
NovelmiRNA-2152,1.0987150128433454,0.44170086864795083,1.1630467168976482,0.19457313534092718,NA
NovelmiRNA-3643,0,0,5.4845621082789,NA,NA
NovelmiRNA-2707,21.58558263986015,0.6535987477440476,1.3650971057483798,0.09014405158959533,0.3311834006865359
NovelmiRNA-2516,0.1772192266123805,-0.08912413333839661,0.9742226566580583,0.7685777420928457,NA
NovelmiRNA-112,0,0,5.4845621082789,NA,NA
NovelmiRNA-460,0,0,5.4845621082789,NA,NA
NovelmiRNA-1825,0,0,5.4845621082789,NA,NA
NovelmiRNA-266,0.08860961330619024,-0.02363692575607462,0.9694620614619306,0.937306770383723,NA
NovelmiRNA-3192,9.108824554078685,-20.25931639739469,2.9875345507957856,NA,NA
NovelmiRNA-1473,0,0,5.4845621082789,NA,NA
NovelmiRNA-2711,0.8637811153021484,-0.30575786200460076,1.0496697549404248,0.34138271930942066,NA
NovelmiRNA-3293,0.4318905576510742,-0.19643607266081511,0.9992916660823947,0.5263244916168035,NA
NovelmiRNA-3642,0.08860961330619024,-0.02363692575607462,0.9694620614619306,0.937306770383723,NA
NovelmiRNA-2549,0,0,5.4845621082789,NA,NA
NovelmiRNA-157,0,0,5.4845621082789,NA,NA
NovelmiRNA-1633,2.3197752455640988,0.6278673920573301,1.3719130484058282,NA,NA
NovelmiRNA-1531,0,0,5.4845621082789,NA,NA
NovelmiRNA-77,12.214888577304281,1.5836383427539498,2.6294063391195883,NA,NA
NovelmiRNA-34,1.331028061948743,0.15691052738757277,0.980648439960373,0.6126415319413576,NA
NovelmiRNA-763,3.011788763848597,-0.5706692117159131,1.2901827831017634,NA,NA
NovelmiRNA-1849,0.08860961330619024,-0.02363692575607462,0.9694620614619306,0.937306770383723,NA
NovelmiRNA-446,0.4853279437256047,0.044418688655364386,0.9681179049436028,0.8831466139068148,NA
NovelmiRNA-325,1.1397736533153475,0.44695329626637087,1.1679586714565964,0.190547825194421,NA
NovelmiRNA-3570,574.6992043050053,27.393951795795523,3.006777765690173,NA,NA
NovelmiRNA-3771,0,0,5.4845621082789,NA,NA
NovelmiRNA-2976,370.2109643932629,-25.31304556962517,2.9845388274010265,NA,NA
NovelmiRNA-526,19.920099119817518,22.874604020559392,3.0088788837139586,1.5823890769787406e-14,1.7195294636502315e-12
NovelmiRNA-3196,7.123084486042861,1.1242227733178654,2.0568732980130826,0.028289337033404083,0.1882106912834639
NovelmiRNA-3579,4.800101373854743,-0.1728792620735315,0.9318163998502895,0.6085821517493797,0.8433360723662016
NovelmiRNA-57,0,0,5.4845621082789,NA,NA
NovelmiRNA-3285,0.19976636597151734,0.190086763348602,1.0052151879717866,0.5351894105864423,NA
NovelmiRNA-1964,0,0,5.4845621082789,NA,NA
NovelmiRNA-1209,0,0,5.4845621082789,NA,NA
NovelmiRNA-2833,0,0,5.4845621082789,NA,NA
NovelmiRNA-2609,0,0,5.4845621082789,NA,NA
NovelmiRNA-3713,4.800101373854743,-0.1728792620735315,0.9318163998502895,0.6085821517493797,0.8433360723662016
NovelmiRNA-1403,0,0,5.4845621082789,NA,NA
NovelmiRNA-1277,0,0,5.4845621082789,NA,NA
NovelmiRNA-1399,0.33607979729415893,-0.16400772058662874,0.9891805533554816,0.5938108163257287,NA
NovelmiRNA-2246,9.108824554078685,-20.25931639739469,2.9875345507957856,NA,NA
NovelmiRNA-283,0,0,5.4845621082789,NA,NA
NovelmiRNA-3807,0,0,5.4845621082789,NA,NA
NovelmiRNA-595,20.20102219654547,-21.3432771894788,2.98585039072727,NA,NA
NovelmiRNA-1139,0,0,5.4845621082789,NA,NA
NovelmiRNA-773,0.6323303348880788,0.12862767770152628,0.9807478820870945,0.6733451484462871,NA
NovelmiRNA-3088,0,0,5.4845621082789,NA,NA
NovelmiRNA-2587,1.8148309053884581,-0.4488343037867661,1.1593470570573572,NA,NA
NovelmiRNA-2845,2.696845940615484,0.6745451668722656,1.4328132534618456,NA,NA
NovelmiRNA-1541,0,0,5.4845621082789,NA,NA
NovelmiRNA-3548,20.219386762178694,-21.34342206796899,2.98584913377476,NA,NA
NovelmiRNA-779,0,0,5.4845621082789,NA,NA
NovelmiRNA-2872,281.05923158588587,26.433812821993317,3.0068566713547065,6.589388694907741e-19,8.592562858159694e-17
NovelmiRNA-1931,0,0,5.4845621082789,NA,NA
NovelmiRNA-3767,0,0,5.4845621082789,NA,NA
NovelmiRNA-1904,0,0,5.4845621082789,NA,NA
NovelmiRNA-2760,0.7990654638860694,0.3772463158506464,1.1083362504923175,0.2524612922311167,NA
NovelmiRNA-1564,0,0,5.4845621082789,NA,NA
NovelmiRNA-241,13.242515381655922,0.4584188792678981,0.7754708213837197,0.29075518272888173,0.63606284922213
NovelmiRNA-3739,0,0,5.4845621082789,NA,NA
NovelmiRNA-3160,0,0,5.4845621082789,NA,NA
NovelmiRNA-2185,0.4350071126021012,-0.05493495810638167,0.9710917560569774,0.8553236869524621,NA
NovelmiRNA-686,0,0,5.4845621082789,NA,NA
NovelmiRNA-3300,0.7393755540471496,-0.2793779152119886,1.035035999366005,0.3799903768285321,NA
NovelmiRNA-370,0,0,5.4845621082789,NA,NA
NovelmiRNA-2451,0.19976636597151734,0.190086763348602,1.0052151879717866,0.5351894105864423,NA
NovelmiRNA-412,3.3690055352038017,0.1846432335391788,0.9825881903936917,NA,NA
NovelmiRNA-1310,3.3807367200895184,0.7528313440055935,1.539242260613496,NA,NA
NovelmiRNA-48,0,0,5.4845621082789,NA,NA
NovelmiRNA-3723,0,0,5.4845621082789,NA,NA
NovelmiRNA-946,0,0,5.4845621082789,NA,NA
NovelmiRNA-3661,0,0,5.4845621082789,NA,NA
NovelmiRNA-1323,1.335137774157305,0.4844473808123213,1.2048982726231638,0.16445763925225435,NA
NovelmiRNA-2776,11.631775157506802,0.2967017836415151,0.8065395594045905,0.47043644966030657,0.7610180438196549
NovelmiRNA-1195,0,0,5.4845621082789,NA,NA
NovelmiRNA-130,4.517683145772896,-19.031870412500158,2.9906725811272774,NA,NA
NovelmiRNA-406,34.231550340327956,-21.07257374326362,2.9852840458830077,NA,NA
NovelmiRNA-2118,0,0,5.4845621082789,NA,NA
NovelmiRNA-1985,0,0,5.4845621082789,NA,NA
NovelmiRNA-2535,0,0,5.4845621082789,NA,NA
NovelmiRNA-2874,0,0,5.4845621082789,NA,NA
NovelmiRNA-544,0.531082112056708,0.2796063003792893,1.0453131662375679,0.37591923891417955,NA
NovelmiRNA-832,0,0,5.4845621082789,NA,NA
NovelmiRNA-2538,0,0,5.4845621082789,NA,NA
NovelmiRNA-2192,0.7198175960851236,-0.27435277018313675,1.0324410783191165,0.38776849230591903,NA
NovelmiRNA-1434,0.1772192266123805,-0.08912413333839661,0.9742226566580583,0.7685777420928457,NA
NovelmiRNA-1975,0,0,5.4845621082789,NA,NA
NovelmiRNA-894,39.28635460085417,-20.602957401769032,2.9851815421262375,3.130867130595918e-12,2.5516567114356733e-10
NovelmiRNA-3497,0,0,5.4845621082789,NA,NA
NovelmiRNA-967,0.13291441995928535,-0.05673473776041685,0.9712195097532509,0.8506711759670653,NA
NovelmiRNA-1373,0.8020390166308468,-0.29436509243301745,1.043140143903498,0.3576014122643609,NA
NovelmiRNA-1534,1.2965249712880054,0.1468265256287766,0.9778193056075989,0.6351605227611703,NA
NovelmiRNA-1639,27.62575933757986,-21.76542152997069,2.9854788366009535,NA,NA
NovelmiRNA-2521,0,0,5.4845621082789,NA,NA
NovelmiRNA-2383,10.455443989205142,-1.8704871087303685,2.3927050742660474,0.006606451790255508,0.06626779334225524
NovelmiRNA-3322,0,0,5.4845621082789,NA,NA
NovelmiRNA-555,0,0,5.4845621082789,NA,NA
NovelmiRNA-3051,0.25328303407007724,0.190086763348602,1.0052151879717866,0.5351894105864423,NA
NovelmiRNA-1900,0,0,5.4845621082789,NA,NA
NovelmiRNA-3709,6.766674556974211,1.0909254979891723,2.011693639662232,0.030100571276000267,0.1918111385522209
NovelmiRNA-2839,0,0,5.4845621082789,NA,NA
NovelmiRNA-1286,0,0,5.4845621082789,NA,NA
NovelmiRNA-2237,2.6522469550245074,0.664235441973649,1.4191630858013053,0.0867330502820064,0.32505001867181976
NovelmiRNA-2686,0,0,5.4845621082789,NA,NA
NovelmiRNA-3046,0.33607979729415893,-0.16400772058662874,0.9891805533554816,0.5938108163257287,NA
NovelmiRNA-2624,0.6525106689031518,-0.24129387227827698,1.016874851991539,0.44237996334303875,NA
NovelmiRNA-1578,2.85343798051821,-0.25303181355480686,0.9828148599117553,0.441225930242106,0.7469442645472449
NovelmiRNA-2420,0,0,5.4845621082789,NA,NA
NovelmiRNA-1300,2344.0898865558697,-27.84323267502034,2.984474939556577,NA,NA
NovelmiRNA-3457,0.6366549909785966,-0.24294584205230807,1.0175914966565236,0.439508400707857,NA
NovelmiRNA-646,0.3799245511051159,0.25423689830606694,1.0323464999547594,0.41632347252991253,NA
NovelmiRNA-3521,0.5185246586817239,0.025615669605354496,0.9664039660066417,0.9324655093754798,NA
NovelmiRNA-366,0.8814991503947115,-0.313954013992103,1.0545662469026433,NA,NA
NovelmiRNA-432,2.301355818912401,0.620320303217578,1.362303893452143,0.10024993968458892,NA
NovelmiRNA-2453,0.13291441995928535,-0.05673473776041685,0.9712195097532509,0.8506711759670653,NA
NovelmiRNA-328,0.3995327319430347,0.2643658109495583,1.0373282896858194,0.3997643441438673,NA
NovelmiRNA-786,2.097546842700932,0.5988760085200824,1.335415148592514,NA,NA
NovelmiRNA-1950,0.9304009397149976,-0.3211904488041413,1.0590286343574722,NA,NA
NovelmiRNA-600,0.49941591492879334,0.2931497670530717,1.0529072570853988,0.35579562120739544,NA
NovelmiRNA-3752,0,0,5.4845621082789,NA,NA
NovelmiRNA-3352,0,0,5.4845621082789,NA,NA
NovelmiRNA-1150,0.2175035563010506,0.027301902738978905,0.9704333396840272,0.9275139088810908,NA
NovelmiRNA-1071,0,0,5.4845621082789,NA,NA
NovelmiRNA-2796,1.1518165633583355,-0.35882659511204984,1.084360670441049,0.27456758089182315,NA
NovelmiRNA-748,1.5405435855661211,0.5181753654425407,1.2407826345210904,0.14455542846461,NA
NovelmiRNA-3092,1.5409457247437535,0.5175234223416538,1.2400666219021337,0.14491125825626694,NA
NovelmiRNA-512,20.164293065279022,-21.340331996541035,2.9858529131580265,NA,NA
NovelmiRNA-3434,0.2159452788255371,-0.10711323534223852,0.9767732551878566,0.72447197697682,NA
NovelmiRNA-1886,1.3950415955697055,0.09585485729655081,0.9000184127322461,0.7828924584753116,NA
NovelmiRNA-3383,3.009465301654678,0.7064751177759954,1.475691114750965,0.07600326916053368,0.3040130766421347
NovelmiRNA-159,5.523886737159489,-0.4660596092291349,0.944889405639108,0.23205505931797302,0.566141475459091
NovelmiRNA-326,0.3995327319430347,0.2643658109495583,1.0373282896858194,0.3997643441438673,NA
NovelmiRNA-2408,0.708876906449522,-0.2745952921074225,1.0325649110135713,0.3873899595730501,NA
NovelmiRNA-931,9.559478017020743,1.3448635080368705,2.344113890532917,NA,NA
NovelmiRNA-2177,0.3418926473762675,0.0690224948685653,0.973287802719358,0.8188050909794269,NA
NovelmiRNA-1857,2.218915452278703,0.6148454162749613,1.3553793497123332,NA,NA
NovelmiRNA-738,0.604943635129486,-0.24590154630141547,1.0188896131934677,0.4344081139549294,NA
NovelmiRNA-3482,2.1266307193485656,-0.48484330770212725,1.1947924841980513,NA,NA
NovelmiRNA-3379,0,0,5.4845621082789,NA,NA
NovelmiRNA-447,1.2848393929397586,-0.3804014579255934,1.1004960441407463,NA,NA
NovelmiRNA-1768,0.353632927336601,0.190086763348602,1.0052151879717866,0.5351894105864423,NA
NovelmiRNA-165,0,0,5.4845621082789,NA,NA
NovelmiRNA-2556,7.48562482468226,0.18322254550756534,0.9449771291651171,0.5811087014457721,0.8344048777213845
NovelmiRNA-2091,0,0,5.4845621082789,NA,NA
NovelmiRNA-1718,0.2754684844983473,-0.14673899884833952,0.9847088009338675,0.631911893700382,NA
NovelmiRNA-688,0,0,5.4845621082789,NA,NA
NovelmiRNA-3276,1.151708153736198,-0.35781537822845505,1.0836332729360663,0.27571198970947,NA
NovelmiRNA-3102,0,0,5.4845621082789,NA,NA
NovelmiRNA-1336,0.2658288399185707,-0.13798199532793343,0.9826783101521167,0.6517740961923659,NA
NovelmiRNA-1151,0,0,5.4845621082789,NA,NA
NovelmiRNA-226,16.38084200966442,22.639362495840206,3.0093476271936366,NA,NA
NovelmiRNA-3050,0,0,5.4845621082789,NA,NA
NovelmiRNA-3781,3.389195888245467,0.7537496049130531,1.5405134857388902,NA,NA
NovelmiRNA-3128,0,0,5.4845621082789,NA,NA
NovelmiRNA-3038,0.30257937985618677,0.23164552210317965,1.0220126824084992,0.4553839566782403,NA
NovelmiRNA-1559,15.983750606247312,1.03851915031228,0.7763952433098289,0.034747866589048056,0.2039483257101389
NovelmiRNA-1974,0,0,5.4845621082789,NA,NA
NovelmiRNA-1838,12.827754524768137,-0.2691589299173739,1.010790770173149,NA,NA
NovelmiRNA-445,0.20540581140881614,0.190086763348602,1.0052151879717866,0.5351894105864423,NA
NovelmiRNA-3692,0.2175035563010506,0.027301902738978905,0.9704333396840272,0.9275139088810908,NA
NovelmiRNA-1298,0,0,5.4845621082789,NA,NA
NovelmiRNA-572,0.30611316960724083,-0.08123067648152676,0.9733096472610078,0.7882876398019243,NA
NovelmiRNA-1024,1.1397736533153475,0.44695329626637087,1.1679586714565964,0.190547825194421,NA
NovelmiRNA-3131,0,0,5.4845621082789,NA,NA
NovelmiRNA-1372,0,0,5.4845621082789,NA,NA
NovelmiRNA-933,1.7278874594707099,-0.43965617263079815,1.150792205048203,NA,NA
NovelmiRNA-2766,0.8068783462831647,0.3790079525574791,1.1096912909532388,0.25065352858129025,NA
NovelmiRNA-3776,14.83700626058797,0.04189388715376987,0.9521915232299207,NA,NA
NovelmiRNA-1674,0,0,5.4845621082789,NA,NA
NovelmiRNA-1566,48.043811016149924,24.065291997757917,3.0076052280157666,NA,NA
NovelmiRNA-3142,0,0,5.4845621082789,NA,NA
NovelmiRNA-2827,0,0,5.4845621082789,NA,NA
