miRNA,baseMean,log2FoldChange,lfcSE,pvalue,padj
hsa-miR-551a,34.15192915881585,0.38147140019380793,0.7283603509322755,0.21699838885146108,0.5914808404980754
hsa-miR-335-3p,0,0,2.489576906684891,NA,NA
hsa-miR-548an,0,0,2.489576906684891,NA,NA
hsa-miR-1-3p,11476.904847392962,-1.4913030916391201,0.6229312222512691,7.013511410388818e-4,0.015530895233793614
hsa-miR-548av-3p,11.109109157881035,-0.20954528883891596,0.7575734605408039,0.40151999147241274,0.7719699836046984
hsa-miR-6806-3p,0,0,2.489576906684891,NA,NA
hsa-miR-320b,1186.9329321695104,1.4648032776334259,0.626768452478265,8.608715163226513e-4,0.016852212107407054
hsa-miR-4796-5p,0,0,2.489576906684891,NA,NA
hsa-miR-190b-5p,22.69305002323612,0.53574084824018,0.7284190956286335,0.11613415199244079,0.42147563026470086
hsa-miR-5000-3p,0,0,2.489576906684891,NA,NA
hsa-miR-10398-3p,0,0,2.489576906684891,NA,NA
hsa-miR-676-3p,38.06971155354555,-0.23953986316610829,0.6608601363351769,0.45404263683458057,0.7951291460010129
hsa-miR-296-5p,81.65401495505247,0.9194883382770443,0.8003022732756784,0.01767942665616834,0.14325021643550936
hsa-let-7d-5p,11516.556583954063,0.04741201803784808,0.4929665268290436,0.87916516167418,0.9861156866908838
hsa-miR-369-3p,1992.2421388304913,-0.23305496481474872,0.5469292816629431,0.4799925150117238,0.8015844303713058
hsa-miR-3180-5p,23.676165675026727,-0.5837905299567298,0.7902442272280231,0.07312259655301868,0.3374085526660719
hsa-miR-128-2-3p,254741.39486215267,-0.7039889047879764,0.6810502954821313,0.06476843409971775,0.3145895370557719
hsa-miR-411-5p,6733.564708911,-0.39409849326305463,0.5540488528391874,0.2494462175348568,0.6221293281679174
hsa-miR-449a,157.98262170794243,-0.29928343143535474,0.7998087329882881,0.2264299012316433,0.5989707821999403
hsa-miR-489-3p,1.3359901796276072,0.10915698814191202,0.7925891500389083,0.5846842902109688,NA
hsa-miR-4803,0.6807155992577937,0.12917320806765506,0.8015437135948934,0.5158704010888621,NA
hsa-miR-7843-3p,0.3216189693189567,-0.034785322336039606,0.7819855543748148,0.8591769855771937,NA
hsa-miR-6883-3p,0.39691341722494367,0.017066532794830943,0.7809334437806761,0.9305735204893697,NA
hsa-miR-6513-3p,1.0005625163298904,-0.1558531854747177,0.8077145498188243,0.44157211827655485,NA
hsa-miR-218-5p,67229.61271197646,-0.652866012227906,0.6311271584024785,0.08380822443924675,0.3695670422636819
hsa-miR-133a-3p,882.7860354046461,-0.9793211000295623,0.6988532746914927,0.016983995902758557,0.14325021643550936
hsa-miR-548ah-3p,84.68309637554142,-0.3125515682604585,0.7674948956891244,0.2443144553442907,0.6189299535388697
hsa-miR-5579-5p,0,0,2.489576906684891,NA,NA
hsa-miR-30d-5p,113944.54639898134,-0.09410984146652927,0.47769794870265814,0.7595026109259801,0.958278684879264
hsa-miR-758-3p,770.4017874265041,-0.08600616344180285,0.49483883886548535,0.7833749373594561,0.975067841106375
hsa-miR-193b-3p,327.4139564362081,0.107523068839003,0.5246641606271889,0.7374251406465637,0.9489574519077294
hsa-miR-16-5p,12758.220818314874,0.3083440443820712,0.6088087988330649,0.36366684524009985,0.7309291463965129
hsa-miR-548aw,2.4504155395655616,0.04661358751506285,0.7802519601761159,0.8146078730461475,NA
hsa-miR-342-3p,8301.542328787733,-0.09087035283836402,0.4648484714012332,0.7640096665207387,0.9603125679229398
hsa-miR-1912-5p,0,0,2.489576906684891,NA,NA
hsa-miR-152-3p,6704.845985183223,-0.024918466447973724,0.5141937528918221,0.937390580634812,0.9861156866908838
hsa-miR-3659,1.2628825511280248,0.11251856974690899,0.7946805815756177,0.5719063328207693,NA
hsa-miR-139-5p,64012.96031446205,-0.60250385890565,0.7170127596075739,0.09202942136595559,0.38031272287283796
hsa-miR-6858-3p,0,0,2.489576906684891,NA,NA
hsa-miR-6794-3p,7.125972646004664,-0.545245735810477,0.9117200437812447,0.05793335130848426,0.2932540142830318
hsa-miR-1236-3p,0,0,2.489576906684891,NA,NA
hsa-miR-655-3p,582.3745626905969,-0.3014162054605972,0.5561737775243374,0.3694441719913722,0.7343413387890044
hsa-miR-6772-3p,1.088430447845204,-0.07127191045204384,0.7848139561121,0.7191328769138048,NA
hsa-miR-7158-3p,3.1993455572794898,0.025986229521084092,0.7770405184203423,0.8966424780468087,NA
hsa-miR-200a-3p,233.46278920949283,0.16744682264015975,0.6489786904092222,0.5970992423409223,0.8668002484319905
hsa-miR-4785,1.035339779150398,0.012231505746629014,0.7786712452437264,0.9507042654814176,NA
hsa-miR-6851-3p,0,0,2.489576906684891,NA,NA
hsa-miR-323b-3p,3115.931578257439,-0.5715615133017894,0.6363331248679471,0.12077663942484267,0.4310591661240241
hsa-miR-548e-3p,40.27604285923694,0.4012115787671434,0.689823468651254,0.22760654908657357,0.5989707821999403
hsa-miR-641,195.54209331799416,0.7264400563099999,0.6094702874633788,0.0581060585576286,0.2932540142830318
hsa-miR-551b-3p,68.44172627026325,0.29183965213558133,0.6934959371218908,0.34948294910169675,0.7144493199990383
hsa-miR-6866-5p,0,0,2.489576906684891,NA,NA
hsa-miR-5581-3p,2.236269657774419,-0.07985972735330442,0.7775093981828392,0.6980766569493526,NA
hsa-miR-4473,95.6138867526943,0.45424557514607755,0.6231859392340416,0.2005639514411276,0.5657830245893818
hsa-miR-6850-5p,0,0,2.489576906684891,NA,NA
hsa-miR-629-5p,1407.8923255220584,0.6692218519411415,0.627737701610102,0.07760315184780438,0.3505708817739974
hsa-miR-103a-2-3p,70280.70753409536,-0.04688155640349815,0.47301922460340784,0.8779962156844839,0.9861156866908838
hsa-miR-7151-5p,3.94168874858399,0.16202864598448344,0.7984370160709341,0.43883532915655366,NA
hsa-miR-6727-5p,0,0,2.489576906684891,NA,NA
hsa-miR-6775-3p,3.5780698531042554,-0.060687466510784424,0.7134575007371315,0.820646518410629,NA
hsa-miR-1228-3p,0,0,2.489576906684891,NA,NA
hsa-miR-371a-3p,1.1878296444204643,-0.073744943923628,0.7845308577568222,0.710715337929634,NA
hsa-miR-3679-5p,8.401215408018729,0.21674890548722772,0.6984830912933515,0.46538638115725334,0.7993969333340841
hsa-miR-548l,7.58980145933067,0.17931613732029564,0.7504827025476303,0.471497293000106,0.8015453981001802
hsa-miR-153-3p,822.5461038696903,-1.1047940077210667,0.6230412293598248,0.008300564252501917,0.09088414418841081
hsa-miR-4797-3p,0,0,2.489576906684891,NA,NA
hsa-miR-154-3p,0,0,2.489576906684891,NA,NA
hsa-miR-664a-3p,434.9143477437493,0.03751300852261011,0.4796807208492995,0.9029461728504409,0.9861156866908838
hsa-miR-3158-3p,133.18311624498767,0.30762624148837253,0.6123016054699626,0.3643331039313888,0.7309291463965129
hsa-miR-4743-5p,0.5720683574488554,-0.02888634528332493,0.7822477879053816,0.8824498546075797,NA
hsa-miR-6816-3p,1.2195530862599975,0.08734104571618338,0.7884627817986687,0.6593551541144724,NA
hsa-miR-5682,0.882560532561264,0.0064962567320087355,0.7728553784747464,0.9745267738070383,NA
hsa-miR-5582-3p,4.25026981447254,0.1097330926574703,0.7795871020624178,0.6007192527470848,NA
hsa-miR-107,12041.659959779803,-0.2447417166402006,0.5169204800125293,0.4496540690688972,0.793651717536906
hsa-miR-1267,1.4531352372586497,0.16491629559681467,0.8101282483815841,0.41849797364742725,NA
hsa-miR-2110,165.3401677220708,0.04374470575995049,0.47537975771526597,0.8864003906585074,0.9861156866908838
hsa-miR-9983-3p,199.74821907986666,0.46530846386989555,0.6524437550137437,0.18791093653359642,0.5568369954160701
hsa-miR-3146,0,0,2.489576906684891,NA,NA
hsa-miR-1234-3p,2.8023996519574457,-0.25544681512585926,0.7927246223768039,0.2841227794485635,NA
hsa-miR-6503-5p,1.5620246133518787,-0.14750507815508312,0.8045668574723485,0.4650717174688103,NA
hsa-miR-1976,37.86157363022535,0.2934079891007044,0.6753251578850261,0.36102426024402023,0.7309291463965129
hsa-miR-122b-5p,0,0,2.489576906684891,NA,NA
hsa-miR-185-5p,4997.848594279254,0.014469030469610528,0.4750284720506755,0.9622848473003477,0.9861156866908838
hsa-miR-6746-3p,0.19845670861247183,0.018992697205325912,0.7814964668482578,0.9225896629462677,NA
hsa-miR-4795-3p,2.306901343907452,0.003378677834304445,0.7767104198554378,0.9864931335642382,NA
hsa-miR-4528,8.767496623439571,0.004055160320672916,0.7396410589858959,0.9864830260574062,0.9972895693788488
hsa-miR-4774-5p,1.1238995132189082,-0.03133566279575625,0.780404475745305,0.8737643286283345,NA
hsa-miR-520g-3p,1.5351648804583478,-0.15230585828310456,0.8069516017083531,0.4507361787238037,NA
hsa-miR-106b-5p,4717.805511913169,0.9391482029154692,0.6546904639371309,0.02119824112427505,0.1611066325444904
hsa-miR-579-3p,4.672463652496733,0.14885226881382269,0.8056616898958441,0.460496351351921,NA
hsa-miR-216a-5p,3248.5421739248022,1.2153310647303361,1.0399006959488795,0.0037854554456059186,0.05316096125785703
hsa-miR-4522,1.4310468187799505,0.08842900836473405,0.7894466052886044,0.6545076472720804,NA
hsa-miR-138-5p,5432.479964039837,-1.0405335327593284,0.6742377494028434,0.01252222937564475,0.12073671905472402
hsa-miR-3619-3p,0.9643220988003312,0.11386732399735013,0.7941414010138468,0.5686212963017548,NA
hsa-miR-548a-3p,16.54653197311014,0.019170878419248544,0.6869870324064583,0.9468533642939008,0.9861156866908838
hsa-miR-4735-5p,0.3927924444215235,0.1151623419151242,0.798493914848487,0.559229362525907,NA
hsa-miR-10522-5p,0.24769440390564093,0.018462416304661868,0.781861837609572,0.92460528118809715,NA
hsa-miR-668-3p,146.68914361004636,-0.17872107687567113,0.7018241759977258,0.536546523903133,0.8174741850033582
hsa-miR-12129,0,0,2.489576906684891,NA,NA
hsa-miR-549a-3p,27.130724783216248,0.13680037286863736,0.6724648393686403,0.6518860547685525,0.8940942492154669
hsa-miR-2467-5p,0,0,2.489576906684891,NA,NA
hsa-miR-509-3p,70.42973625285929,-0.19186781834321662,0.6768081541024228,0.5314762468143779,0.8174741850033582
hsa-miR-891a-5p,42.86140902066229,0.13632706880046289,0.5777427607447788,0.6770359366743879,0.903565405340379
hsa-miR-939-3p,0,0,2.489576906684891,NA,NA
hsa-miR-92a-3p,54346.13699068803,0.9675067521975259,0.7106135859401143,0.01773996488365441,0.14325021643550936
hsa-miR-6842-3p,335.4002373179255,-0.429337600791594,0.680293557975079,0.2078518204467947,0.5787598103820232
hsa-miR-6734-3p,0.344032462606575,-0.007174724038169964,0.7808611071245058,0.970748233131663,NA
hsa-miR-30c-5p,50583.67443284643,-0.21237729005688877,0.5110210250196038,0.5078901362088264,0.8141365458831311
hsa-miR-605-3p,0.426671833460709,0.07830233538535511,0.7878403987929982,0.6909306509791631,NA
hsa-miR-429,41.02652596561491,0.18721936752213916,0.5914644459353712,0.5704384139055697,0.845190860970179
hsa-miR-320e,6.171152250786352,0.1146796394161453,0.7932148678366344,0.5674506118959167,0.8426967707695683
hsa-miR-500a-5p,190.33495075485374,0.41874615873157683,0.7244539210815978,0.18940154742784449,0.5586913225497148
hsa-miR-4424,0.7254274567240026,0.03915087738666322,0.7826047558734569,0.8415953613980556,NA
hsa-miR-6803-3p,4.990714118928624,-0.07070047258258869,0.7813990321044207,0.7250170448706281,NA
hsa-miR-543,3717.0670063268294,-0.04309788926625215,0.5028201080744398,0.8910298010988428,0.9861156866908838
hsa-miR-1264,158.02411048079696,-0.1703409089957573,0.6921564739415821,0.5633667974724681,0.8423623775654562
hsa-miR-6812-3p,2.4926665888177655,0.15381627832469769,0.7337666486252653,0.5529771169196132,NA
hsa-miR-582-5p,660.6454406158916,-0.526984505753643,0.6270743617496567,0.1468922907166243,0.47684633066803667
hsa-miR-542-3p,393.7076515690482,0.20211099612792807,0.5785852403318849,0.5415916786671569,0.8214890185931251
hsa-miR-1180-3p,2970.618166653079,-0.24692040627673614,0.5472203286560494,0.45541452634732943,0.7951291460010129
hsa-miR-380-3p,203.796762260109,-0.5149389019169979,0.6075539612043902,0.1540848106293433,0.49276627557700875
hsa-miR-1243,4.900781470358274,0.006375270284699043,0.7148149459960641,0.9807794961822204,NA
hsa-miR-1972,1.3900985683360814,0.30920071832746604,0.8350289486983873,0.19184804941700434,NA
hsa-miR-1249-3p,464.00071494749625,-0.4712335356867741,0.6194330307413952,0.1867412131468612,0.5559208465109324
hsa-miR-17-5p,13728.649701231541,1.0650088833307982,0.7430920114660456,0.01024702718869568,0.10343093068589701
hsa-miR-3939,2.3036235080934575,0.3110657559128569,0.82007190167777,0.19957572803913412,NA
hsa-miR-3928-3p,21.945679970089998,0.4313165309915344,0.7031642944501886,0.19404858472799105,0.5621761574067861
hsa-miR-6750-3p,0.3467171186209524,-0.04564510944896084,0.7830182738344452,0.8160380287606062,NA
hsa-miR-576-5p,129.99112056389282,0.41572574333068324,0.719222812414242,0.19561049942985895,0.5621761574067861
hsa-miR-302c-3p,0.5891886666322852,0.12462651101919206,0.8013459497863262,0.5286039975098624,NA
hsa-miR-4689,0,0,2.489576906684891,NA,NA
hsa-miR-3622a-5p,0,0,2.489576906684891,NA,NA
hsa-miR-5697,0.9632341331590333,0.1849000329931635,0.8244397398833178,0.3631367997713675,NA
hsa-miR-431-5p,0,0,2.489576906684891,NA,NA
hsa-miR-19b-1-3p,2221.406045774473,0.4909595064403562,0.6670501038856611,0.16565992770711735,0.5183196284370142
hsa-miR-455-5p,18862.219223316533,0.7025952860023684,0.6601899833831287,0.06658441968265635,0.31985544159992996
hsa-miR-6733-5p,0,0,2.489576906684891,NA,NA
hsa-miR-4775,5.128289276773713,0.307179357957517,0.7088281013478555,0.3150068992775305,NA
hsa-miR-181c-5p,0,0,2.489576906684891,NA,NA
hsa-miR-660-5p,2189.173571057919,0.42337366944262217,0.6534068003871947,0.2229352069290746,0.5951113833477979
hsa-miR-4661-5p,9.862366387520664,0.4246992702497005,0.8905882094300117,0.0994786298817827,0.3988472271308867
hsa-miR-197-3p,3070.194516447348,0.02689239939829959,0.4491400851473017,0.9276539551463635,0.9861156866908838
hsa-miR-618,290.2740414894315,0.428918563629744,0.7310654547400726,0.17697600724368873,0.5399002014947538
hsa-miR-3661,2.1700245673437792,0.07872129360399208,0.7829094642851822,0.6953486533772574,NA
hsa-miR-184,287.88859610036957,-0.24768517823092362,0.5733707771941071,0.4583980911552744,0.7960353948556647
hsa-miR-887-3p,175.78181135246604,0.2459169472213617,0.6002811179806958,0.46164289410921816,0.7993969333340841
hsa-miR-19a-3p,1015.0735400225066,0.15451643906319565,0.7352812297433617,0.5492299207120352,0.8296591696118657
hsa-miR-6833-3p,14.070502548707376,0.10368030746216783,0.6467066144615564,0.7403524531140071,0.9490877115559627
hsa-miR-636,3.1946520600794996,0.10325813652355739,0.7432088617598046,0.6705550039407715,NA
hsa-miR-1299,489.35363654057346,0.20443141951303861,0.7313022589499877,0.4493178991374658,0.793651717536906
hsa-miR-382-3p,0,0,2.489576906684891,NA,NA
hsa-miR-4697-3p,0,0,2.489576906684891,NA,NA
hsa-miR-20b-5p,1109.1287039213423,0.281385387051355,0.5750466179445283,0.4033006510168422,0.773092642602018
hsa-miR-191-5p,34044.454986324185,0.019404066800614416,0.4428786749274149,0.9472954492202096,0.9861156866908838
hsa-miR-146a-5p,11073.799636355398,-0.35393534696633644,0.5393669865051205,0.2918767490703724,0.6792676643435935
hsa-miR-3616-5p,32.10425238714568,0.6585691350661398,0.8509441498991301,0.04356831691751204,0.25129582793493555
hsa-miR-4705,97.22944742431967,0.057939769672567296,0.5095418817667913,0.8547170177175277,0.9861156866908838
hsa-miR-6511b-3p,108.96465592217311,-0.2834131735564791,0.5391692737824012,0.392372405587963,0.758899922185102
hsa-miR-92a-1-3p,59463.86213182963,0.984126789618651,0.7097718964093973,0.016339161426676553,0.14325021643550936
hsa-miR-6764-5p,1.3092329083390728,0.10480837812077842,0.7908214642963023,0.6002468369337712,NA
hsa-miR-4422,9.224468400112396,0.12776540193366623,0.7998562949540965,0.521819268370273,0.8174741850033582
hsa-miR-3144-3p,10.875296874508095,0.23443752655057273,0.7796504212963465,0.3292422685177051,0.6996048560343888
hsa-miR-3199,4.543912967465303,-0.14239770487261239,0.7973927371765587,0.48667395426244797,NA
hsa-miR-4492,0,0,2.489576906684891,NA,NA
hsa-miR-30e-5p,45534.16116748323,-0.09697462717517784,0.47858399371509835,0.7526825069524353,0.9537181338122516
hsa-miR-491-5p,183.64703735446054,-0.6594901813341596,0.6151266972677055,0.08039394146362741,0.36065615406599516
hsa-miR-15b-5p,1280.667475721692,0.4596761217536278,0.627673084466493,0.19580438918967008,0.5621761574067861
hsa-miR-150-5p,560.2287333701765,-0.6288094931894519,0.638813418091178,0.0936063822550793,0.38031272287283796
hsa-miR-4773,0,0,2.489576906684891,NA,NA
hsa-miR-1252-5p,86.40156967678995,0.001248340528031086,0.7090541105619887,0.9963089694495648,0.9983253425513429
hsa-miR-4685-3p,3.703809141043018,0.015505501903315642,0.7502650751707824,0.9457489734248071,NA
hsa-miR-28-3p,2936.971738095963,0.4326357518230423,0.5714315262354843,0.21486809145385963,0.5881558774542089
hsa-miR-514a-3p,236.47280002276983,-0.32053593680036013,0.5607794112856784,0.3429037851962264,0.7116685771729684
hsa-miR-6813-5p,0.3927924444215235,0.1151623419151242,0.798493914848487,0.559229362525907,NA
hsa-miR-3909,109.49415704969809,0.48587506151068155,0.7275028137470669,0.14263569874145093,0.4653669767019056
hsa-miR-550a-3-3p,44.853995736974866,0.5280930437119917,0.7367118148944655,0.11581375793542846,0.42147563026470086
hsa-miR-517-3p,3.9486342229262306,-0.2196000074052617,0.7066800257728076,0.4516605131127288,NA
hsa-miR-135a-5p,3442.4863959009554,0.3663103980550464,0.6222749993885986,0.28793896260396623,0.6788633935845335
hsa-miR-1307-3p,3527.671525816395,0.6288008090636176,0.6286317638456094,0.09344978413399106,0.38031272287283796
hsa-miR-1343-3p,21.971697765056668,5.842290618136912,3.1421278730146653,4.230502443948083e-5,0.0013013831327573628
hsa-miR-4254,1.5961382817582304,-0.21000936601377507,0.8326271919930509,0.31222633216954715,NA
hsa-miR-208a-3p,0,0,2.489576906684891,NA,NA
hsa-miR-3150a-3p,0,0,2.489576906684891,NA,NA
hsa-miR-330-5p,2145.166051970618,-0.19896824554680181,0.7724887463808275,0.3990472611040796,0.7695060617111505
hsa-miR-6820-3p,0,0,2.489576906684891,NA,NA
hsa-miR-4446-3p,20.73943919533195,-0.04595860829492786,0.6563627516056264,0.8806696107620666,0.9861156866908838
hsa-miR-4471,0,0,2.489576906684891,NA,NA
hsa-miR-4790-5p,0,0,2.489576906684891,NA,NA
hsa-miR-375-3p,760.19244475641,0.33804944605427856,0.6088459535734768,0.3236284959486124,0.6996048560343888
hsa-miR-4732-5p,0.7661368383839078,0.0654737249063762,0.7843288739726177,0.7404877353859349,NA
hsa-miR-4767,0.4836183044826683,0.03985987248901825,0.7830529410932374,0.838496355826956,NA
hsa-miR-135b-5p,5694.733844384733,1.1838802363804897,0.8193184522369182,0.005023107559405428,0.06240245160338282
hsa-miR-1286,55.52918954348883,-0.880975364176114,1.0370194418532086,0.013488831719047661,0.12814390133095277
hsa-miR-124-3p,25774.6213995935,-0.5721231225288841,0.6510835981184819,0.11968603034649469,0.4295398644657532
hsa-miR-127-3p,63224.5661274164,-0.15098757013865433,0.5092864656552715,0.6352070520164864,0.8805659991473181
hsa-miR-1265,0,0,2.489576906684891,NA,NA
hsa-miR-520f-3p,1.3221662664099316,-0.08768271164841412,0.7875599109924404,0.6593357311179169,NA
hsa-miR-4749-3p,0,0,2.489576906684891,NA,NA
hsa-miR-92a-2-3p,54346.13699068803,0.9675067521975259,0.7106135859401143,0.01773996488365441,0.14325021643550936
hsa-miR-610,0,0,2.489576906684891,NA,NA
hsa-miR-3149,8.465283932857764,0.1504980635100914,0.6871097693531383,0.6109294149559951,0.86881258446764
hsa-miR-675-3p,176.5709592226063,0.5152962517933446,0.761890778947885,0.10900878407801012,0.42147563026470086
hsa-miR-450b-5p,444.47721063414605,0.6412163967258085,0.7766109999321299,0.06173991506048949,0.3044579017486734
hsa-miR-423-3p,17043.235569642653,0.503045124713002,0.5538326647564307,0.15168434662247102,0.48994043959058137
hsa-miR-193a-5p,161.87724708433797,0.3491696174850548,0.5392745395387334,0.29793921239401433,0.6792676643435935
hsa-miR-1260b,386.8158931705425,0.8206919157435719,0.8386419242671584,0.0238868577828599,0.17200541516097323
hsa-miR-23a-3p,9819.22693282697,0.08317418332576884,0.5547182572687639,0.797646112913371,0.9861156866908838
hsa-miR-4777-3p,0,0,2.489576906684891,NA,NA
hsa-miR-381-3p,52618.13424301752,-0.09103093110682027,0.5648563521204312,0.7795744209053075,0.9722105712448429
hsa-miR-106a-5p,951.783076794733,0.5475260555533089,0.6398029352628019,0.13399720531825307,0.45422286920588834
hsa-miR-485-3p,0,0,2.489576906684891,NA,NA
hsa-miR-379-5p,13581.33538098196,-0.6412402863102257,0.6127569610308855,0.0873162296920249,0.37355155219237146
hsa-miR-518c-3p,1.79893462442527,-0.09430864046936244,0.7819783960538783,0.6448973516309459,NA
hsa-miR-378i,2644.8173883066893,-0.8074747852351961,1.728442927875723,0.017212630619678333,0.14325021643550936
hsa-miR-766-3p,186.3655000587846,0.04839034913713978,0.6729090412219306,0.8707680534364854,0.9861156866908838
hsa-miR-143-3p,246209.33899892485,-0.5470803647970053,0.601970916774832,0.13299265579539915,0.45422286920588834
hsa-miR-580-3p,6.260370791822395,0.6262513476845547,0.9691607936204492,0.038064128741507705,0.22767988117605537
hsa-miR-3074-5p,27.91710774710423,1.0219006686817373,0.8214030815921606,0.010633561860500833,0.104080014573993
hsa-miR-497-5p,1372.6178248670435,-0.14651613834330127,0.495737373777579,0.6410165749282719,0.8867167182091299
hsa-miR-2277-5p,137.07813390224163,0.1549242021131646,0.6669699806551076,0.6147149401874483,0.86881258446764
hsa-miR-383-5p,1293.7486382592724,-0.5798575089619192,0.6460404916293082,0.1160820279856523,0.42147563026470086
hsa-miR-4525,1.1775402013120388,-0.07963883736269763,0.7851690675410008,0.6894818546576769,NA
hsa-miR-6853-3p,15.901513047952454,-0.03534086246104973,0.5880919771692059,0.9130394646333201,0.9861156866908838
hsa-miR-4677-3p,45.31084329238808,0.48018668459467184,0.7040568859210815,0.15871586754264838,0.5026002472183865
hsa-miR-3157-5p,0,0,2.489576906684891,NA,NA
hsa-miR-409-3p,0,0,2.489576906684891,NA,NA
hsa-miR-509-3-3p,0,0,2.489576906684891,NA,NA
hsa-miR-24-2-3p,26740.67863444724,0.17928380088710485,0.5542398326422937,0.5847714080480266,0.8585507490886937
hsa-miR-4520-3p,1.2337162134437445,-0.11033496938927523,0.7929131282675531,0.5807194764996066,NA
hsa-miR-29a-3p,62570.26360957607,-0.9085861400987514,0.589969506386405,0.022227300415760473,0.16696321009978216
hsa-miR-4726-5p,1.5195956558580952,0.11034696768465282,0.792763147181229,0.5808797761920121,NA
hsa-miR-203b-3p,28.84397940818769,-1.77327703046895,1.5153911610655941,7.139620260407836e-4,0.015530895233793614
hsa-miR-6781-3p,0,0,2.489576906684891,NA,NA
hsa-miR-890,0.14884253145935386,0.020133049060081686,0.7818474753163475,0.9178456805497252,NA
hsa-miR-6749-3p,0.43921354020736014,0.01189625562633668,0.7807450246499985,0.9515719708561671,NA
hsa-miR-324-3p,44.09686682468982,-0.011536695730983,0.7802274991383533,0.9531474170722158,0.9861156866908838
hsa-miR-182-5p,19988.38701033126,0.9817963381833896,0.7205821079411723,0.016239264266430752,0.14325021643550936
hsa-miR-1277-3p,0,0,2.489576906684891,NA,NA
hsa-miR-3170,0.42377780085185934,0.09664568459544909,0.7918934091098618,0.6245475308111089,NA
hsa-miR-508-3p,77.4976645230225,-1.2287459849132154,0.8173499032101109,0.0040442719010124655,0.05442915933445944
hsa-let-7f-5p,415769.1592290112,-0.10114707153594289,0.47397228996058777,0.7411254334178774,0.9490877115559627
hsa-miR-6734-5p,1.2514285679411026,0.0027306732321657284,0.7790973330736197,0.9889557039562458,NA
hsa-miR-506-3p,0,0,2.489576906684891,NA,NA
hsa-miR-202-5p,4.976774142503714,0.3648151824723517,0.9908453151166645,0.11027325448891186,NA
hsa-miR-1468-5p,22.58986469159618,0.24588920466607234,0.6718996780021641,0.4364809428129925,0.7883317615358277
hsa-miR-93-5p,20155.897025272527,1.115896086398341,0.7238335900450195,0.008099366829446161,0.09021018916934861
hsa-miR-4421,4.911370102499119,0.16618176741228047,0.8055937792392934,0.4209600522494942,NA
hsa-miR-365b-3p,800.6198461244946,-0.2136004247558469,0.5338868430775586,0.5129615961235523,0.814954003840766
hsa-miR-584-5p,1395.4656446909798,0.3891579390158243,0.673273129324427,0.24798058972939238,0.6221293281679174
hsa-miR-454-3p,2955.5579350090484,0.873194753937342,0.6453025074732075,0.029449367772555825,0.19612671733062953
hsa-miR-1276,0.8171786193992631,-0.06873391692603896,0.7842983741145927,0.7287638692318779,NA
hsa-miR-548y,1.7675659998968556,0.14235129164896967,0.8066372203809277,0.47530414188310116,NA
hsa-miR-1253,0.6420734536215081,0.16007843464538019,0.8127139186940189,0.42630658343770245,NA
hsa-miR-892a,14.307946842588217,0.3300682705630846,0.7272813295375781,0.2690860426522856,0.648617849079763
hsa-miR-203a-3p,579.017685778003,-1.4387961725700706,0.6200864073565446,0.0010051807343834152,0.01909843395328489
hsa-miR-212-5p,487.0811435101143,-0.3261723452557185,0.5859135636924107,0.33903961741577415,0.7088012713611329
hsa-miR-216b-5p,5405.10442191944,4.775172286003506,1.5632448898602627,3.8404194156249927e-7,1.7720792446383896e-5
hsa-miR-141-3p,3.090359035581604,0.03824784738515813,0.7813320401114373,0.8460277156712889,NA
hsa-miR-513c-5p,0.14884253145935386,0.020133049060081686,0.7818474753163475,0.9178456805497252,NA
hsa-miR-3174,2.1293892526981892,0.15664924074192133,0.8099390067019604,0.43718229437283435,NA
hsa-miR-211-5p,115.57118300867246,0.24948025426951406,0.7598246648445425,0.3327902149779685,0.6996048560343888
hsa-miR-1255a,45.347558220945245,-0.49297901329495086,0.7478293323101304,0.12708989518187933,0.4413982381048067
hsa-miR-3918,0,0,2.489576906684891,NA,NA
hsa-miR-548ao-3p,0.5650370678024791,0.0972288662548368,0.7918104700821564,0.6227807890364162,NA
hsa-miR-410-3p,1999.6367135228247,-0.22106803445208034,0.5361662130989271,0.4994314327256259,0.8098744126290339
hsa-miR-10b-5p,2006.8023326729133,0.40998142360673945,0.6822568290925304,0.22377336980171245,0.5951113833477979
hsa-miR-215-5p,166.7018793166149,0.41176229330428904,0.5932541518696063,0.23897451309993362,0.6150499420819009
hsa-miR-3124-5p,4.233204125799244,-0.2403627242618727,0.7291183992465392,0.3886917276932333,NA
hsa-miR-3176,5.013043266894428,0.2085537791129378,0.833336771176772,0.3139939229780101,NA
hsa-miR-432-5p,1669.2518349662432,-0.20303319653800686,0.5128283590746789,0.5269525713103006,0.8174741850033582
hsa-miR-1185-3p,256.3859260240214,-0.07372595973197169,0.4815928456729278,0.8111370873255822,0.9861156866908838
hsa-miR-943,19.25894855766996,-0.41157722843385586,0.6857599896091928,0.2205160842284907,0.5941326898849402
hsa-miR-501-3p,583.5888422176345,0.6194610717784288,0.5728788843827873,0.09071660432569414,0.38031272287283796
hsa-miR-11401,0.7202986208688205,0.04756385716184693,0.781318213873875,0.8100940108984167,NA
hsa-miR-1304-3p,0,0,2.489576906684891,NA,NA
hsa-miR-3139,7.20836018444873,0.19630958801650447,0.6802047438609891,0.5202050646483536,0.8174741850033582
hsa-miR-1909-5p,0.09922835430623592,0.022145558386637242,0.7825007590838032,0.9094402224832518,NA
hsa-miR-18a-5p,127.42002867797802,-0.11659605822441013,0.7428207055866595,0.6341231516841292,0.8805659991473181
hsa-miR-1269a,391.59644006672863,1.0181625235126053,0.8811236113711658,0.009617957986114974,0.09962064741847067
hsa-miR-4760-5p,0,0,2.489576906684891,NA,NA
hsa-miR-1269b,0.5457559486842976,0.016487322589455736,0.7807712207176828,0.9329674284349359,NA
hsa-miR-3664-5p,0.6655869530931935,0.06859862834910457,0.7854677405897724,0.7279646463733247,NA
hsa-miR-9-5p,1247928.2824771283,0.04686202837925813,0.5156359374548115,0.8827439646197132,0.9861156866908838
hsa-miR-6837-3p,1.5390672247707187,-0.06894378626867394,0.7828280844013905,0.7296409160549739,NA
hsa-miR-1271-5p,697.2724575107982,0.7169361512226193,0.6321887224353162,0.06227420190512034,0.3047661699296041
hsa-miR-21-5p,141645.0500693561,0.6868535344873579,0.6319084481234953,0.07166883269213888,0.3354932312979835
hsa-miR-122-5p,162.3141470428892,0.440512942387401,0.6912857997632503,0.19344762503265284,0.5621761574067861
hsa-miR-1296-5p,1993.88878266783,-0.2675271871233145,0.5263001359590289,0.4138025294693191,0.7742229373820142
hsa-miR-7114-3p,0,0,2.489576906684891,NA,NA
hsa-miR-1295a,0.9842754451854836,-0.12477527201675905,0.7975397769248864,0.5330106248866995,NA
hsa-miR-3529-5p,5.855167173488857,-0.20477158603803877,0.7343370447127968,0.44444272243233707,0.7931215433461043
hsa-miR-3130-3p,0,0,2.489576906684891,NA,NA
hsa-miR-142-3p,0,0,2.489576906684891,NA,NA
hsa-miR-665,4.091193939615286,0.030706212190085992,0.7488974889782605,0.8937597485379599,NA
hsa-miR-4511,1.1699159303460445,0.08332604524175972,0.786650196736296,0.6751025548232248,NA
hsa-miR-98-5p,23136.720850912097,-0.13096648516551357,0.4634708246971495,0.6650440171880674,0.903565405340379
hsa-miR-374c-3p,26.582615970861575,0.17514733712151176,0.5469325891735289,0.5921764609249092,0.8644800933354116
hsa-miR-2355-3p,36.16504581434006,-0.8334128372124401,1.4775334036028351,0.014607357262965253,0.13480503988393647
hsa-miR-452-5p,0,0,2.489576906684891,NA,NA
hsa-miR-3164,3.1222681572181403,0.09602598454363236,0.7855549342614232,0.6346973088207617,NA
hsa-miR-1179,148.92622374237098,-0.09229636962598073,0.6833369488779074,0.7528993478603264,0.9537181338122516
hsa-miR-448,94.36237943360668,-0.04643607778355302,0.6559664480269563,0.8795173099003579,0.9861156866908838
hsa-miR-136-3p,3514.769435474712,-11.947730885233225,2.224570520505784,4.281511210020965e-8,2.127581724364264e-6
hsa-miR-103a-3p,42278.85496743684,-0.050423257256187244,0.6433858813234996,0.8715287033531486,0.9861156866908838
hsa-miR-548ad-5p,93.58965728859862,-0.13479971637786783,0.7401301113473918,0.5902439027402855,0.8644800933354116
hsa-miR-6499-5p,26.978336929469076,0.7480708884890821,1.152163766661565,0.020333826977877174,0.15851881687838784
hsa-miR-548x-3p,0,0,2.489576906684891,NA,NA
hsa-miR-302a-5p,0,0,2.489576906684891,NA,NA
hsa-miR-5193,0.24180915224133415,0.04198001957211669,0.7843030769806983,0.8292698284063935,NA
hsa-miR-3193,0,0,2.489576906684891,NA,NA
hsa-miR-933,5.069453395956586,0.2810376936589441,0.8950138189403326,0.19001784913135059,NA
hsa-miR-181b-5p,25512.81053153607,0.2346737750854548,0.5197744726224534,0.46899603364337134,0.7993969333340841
hsa-miR-301a-5p,225.28637731073889,0.5345649648382487,0.7407390092610883,0.1109192968201553,0.42147563026470086
hsa-miR-18b-5p,0,0,2.489576906684891,NA,NA
hsa-miR-3155b,0.5672629993814947,0.12816197700169318,0.8014319613043829,0.5187584033367237,NA
hsa-miR-208b-3p,4.174422104822739,0.03115185426630887,0.7291503955917329,0.9012507906165153,NA
hsa-miR-1287-5p,240.80226871395033,0.8329512922257272,0.6389949193130093,0.035797591947307986,0.22159306433992437
hsa-miR-518b,3.1474660667333434,-0.12280116024313917,0.7733997177902299,0.5723647096368897,NA
hsa-miR-3059-5p,343.9843372957425,-1.1186908072131454,0.969758353063056,0.0057395600812730485,0.06866214467597018
hsa-miR-6832-3p,0.6664913536877306,0.08262578241663814,0.7873931048499418,0.6765801172639057,NA
hsa-miR-486-5p,3004.074889245816,0.3677477178322847,0.5701399278737447,0.283794931001257,0.6715440491824617
hsa-miR-3167,8.009801633593181,0.19623876050317055,0.7241327711784994,0.4748671613495709,0.8015844303713058
hsa-miR-664b-3p,60.75232186355341,0.014704650951176793,0.515915312704562,0.9630678792528792,0.9861156866908838
hsa-miR-412-5p,302.9832358705853,-0.29503084720157624,0.6000505822713085,0.3834680402477082,0.7529494042553785
hsa-miR-3128,5.754518141250316,0.14076546435924256,0.7271305734519532,0.5928935739644905,NA
hsa-miR-6888-3p,2.605525461354352,0.1739791784711227,0.8067777848963122,0.4030859374447837,NA
hsa-miR-10527-5p,17.32857771695838,-0.08967009290118519,0.7187980470223465,0.7350494189496517,0.9477882727374751
hsa-miR-4423-5p,0.9823304374634194,0.12364258353862143,0.7990859396265464,0.5341893966069221,NA
hsa-miR-30a-5p,155019.16379279352,-0.44847895333290455,0.5713703022398414,0.20030719286007606,0.5657830245893818
hsa-miR-548av-5p,219.26915628102913,0.37307564604399623,0.7025229295148523,0.24600386678452055,0.6207753825890636
hsa-miR-210-3p,1208.364742204246,0.5609957141874451,0.6602894171533583,0.12449872053157443,0.4381843497881278
hsa-miR-6885-3p,4.046335342760511,-0.28053258481925347,0.779007426126843,0.26765568947709933,NA
hsa-miR-200c-3p,103.04832592670816,0.5979627879469875,0.6077584100102594,0.10609155247390237,0.41789721279354225
hsa-miR-526a-5p,0.24807088576558978,0.018256349626096322,0.7812768880459892,0.9256460258131716,NA
hsa-miR-4470,3.787589912791021,0.1964436403869386,0.7553338644357461,0.42944336769863867,NA
hsa-miR-192-5p,7509.914239723464,0.643511281807233,0.6163701127196222,0.08669357958455991,0.3735287362906222
hsa-miR-12125,0,0,2.489576906684891,NA,NA
hsa-miR-495-3p,5280.441921904739,-0.22182805206447592,0.5266371355738474,0.49522690494115246,0.8098744126290339
hsa-miR-20a-5p,22310.489913112746,0.9002053719979749,0.7478977426061209,0.02256677977554268,0.16756482454023644
hsa-miR-628-5p,0,0,2.489576906684891,NA,NA
hsa-miR-4682,0,0,2.489576906684891,NA,NA
hsa-miR-378a-3p,18759.448881920445,0.12532289994748652,0.5722882529933225,0.7013203530170915,0.9189714970568785
hsa-miR-2682-5p,0,0,2.489576906684891,NA,NA
hsa-miR-3611,3.128474330628997,-0.3332483138332824,0.856722425362571,0.1616297581668942,NA
hsa-miR-548au-3p,313.0928657963797,0.5645268405191417,0.6070519594394401,0.1234494741068427,0.4381778036979142
hsa-miR-130a-3p,1749.4054588601202,0.8477536621930356,0.7106541047281759,0.03171805260335025,0.20696830284610362
hsa-miR-4524a-5p,3.2744941227920656,-0.14606294878904905,0.8028313275911586,0.470709044369831,NA
hsa-miR-3179,2.6306343918413027,0.1500665485429826,0.8056457808395401,0.4576012900503995,NA
hsa-miR-9902,0,0,2.489576906684891,NA,NA
hsa-miR-1273c,2.259128831502093,0.08851890788725592,0.7809097822516697,0.6650215742193112,NA
hsa-miR-934,0,0,2.489576906684891,NA,NA
hsa-miR-374b-5p,15019.34686908532,0.20101810447506627,0.4733310819955253,0.5131885807468236,0.814954003840766
hsa-miR-148b-3p,32156.015460487528,0.12906162397738752,0.465720430186972,0.6705176500561028,0.903565405340379
hsa-miR-6755-5p,0.32744347915447314,0.11893679936082382,0.7987546001837863,0.5479450008580565,NA
hsa-miR-502-3p,598.8654956743131,0.7249738625085101,0.6407539644472698,0.06019955575657903,0.30146444200581435
hsa-miR-4429,2.6915093365705096,0.040461836925170115,0.780533332454722,0.8379972029672794,NA
hsa-miR-548ae-5p,58.84474716636906,0.039762562122284094,0.7743911174837002,0.8451915101018699,0.9861156866908838
hsa-miR-1247-5p,0,0,2.489576906684891,NA,NA
hsa-miR-3944-5p,0,0,2.489576906684891,NA,NA
hsa-miR-5006-3p,5.621312450045582,-0.023482636324633214,0.6820973716887658,0.9356890871116079,NA
hsa-miR-4755-5p,2.9197349981304366,0.19968692430842935,0.8299691042679096,0.33153096907149304,NA
hsa-miR-103a-1-3p,70089.6969095178,-0.04684103079306141,0.4731281640318412,0.8781159761390207,0.9861156866908838
hsa-miR-3175,0.3927924444215235,0.1151623419151242,0.798493914848487,0.559229362525907,NA
hsa-miR-1283,11.749056729864467,-2.2282399728784688,2.427951968722248,8.031035823597952e-4,0.016735642393691217
hsa-miR-4640-3p,6.013533176871841,0.44290105487221104,0.8092499828264913,0.1183041016829749,0.42695223288939543
hsa-miR-3922-3p,3.382712760147838,0.11092529400796221,0.7427607001218711,0.6497015044168237,NA
hsa-miR-4474-3p,7.247930970157668,0.19048013013939596,0.6995970233061115,0.5147077918994312,0.814954003840766
hsa-miR-664b-5p,0,0,2.489576906684891,NA,NA
hsa-miR-935,492.50362231535945,-1.241694381116267,0.7709202615135926,0.003950977487655092,0.054304924617557225
hsa-miR-30b-5p,17032.999464047505,-0.24794767869789464,0.5056466224309105,0.4390855177103985,0.7883317615358277
hsa-miR-7706,154.6351079788096,1.8243621647736947,1.1330448394231365,3.056723603751968e-4,0.00822768103343238
hsa-miR-11400,1.0273940410843811,0.09559779937956364,0.7918580415036836,0.6279691442115732,NA
hsa-miR-892c-3p,0.9458311982329553,0.15290689438592267,0.8077026263738066,0.4484416599686036,NA
hsa-miR-5196-3p,5.913438902596171,0.10187662654812919,0.729466998452667,0.6908140979172346,0.9107467494990481
hsa-miR-4763-5p,0.28251853390123954,0.09550687742111705,0.7920575151189136,0.6280123199361543,NA
hsa-miR-5002-5p,8.440792321837428,0.017774749739297508,0.7026140059599765,0.948565242147734,0.9861156866908838
hsa-miR-323a-3p,8691.620975533619,-0.26225131246116506,0.5423463317037666,0.4278903013426123,0.7825454404195777
hsa-miR-888-5p,10.924103564756349,0.42398483444315016,0.7115994673813738,0.19443133092468548,0.5621761574067861
hsa-miR-760,329.8935785041368,0.19042260791410598,0.6656830956675539,0.5417249565335469,0.8214890185931251
hsa-miR-6815-5p,0.4167523613821206,0.055998044683613364,0.78419622001868206,0.7755965330311116,NA
hsa-miR-370-3p,9177.025886814212,-0.14124229533610255,0.5483035133548496,0.6645121969417067,0.903565405340379
hsa-miR-339-5p,820.3851544162932,0.2098459382630718,0.5110024918863769,0.5128312536713517,0.814954003840766
hsa-miR-4501,0.5240927118481478,-0.012829634071430143,0.7808219202215433,0.9477660884253021,NA
hsa-miR-205-5p,4.594300598836009,-0.1448899518369213,0.7676135301365282,0.5234335567128883,NA
hsa-miR-1266-5p,2.913107131744395,0.25056857150390943,0.8595241244677179,0.23803113229893968,NA
hsa-miR-3117-3p,142.9603381984849,-0.21073668469609294,0.5557617485721886,0.5230547328650577,0.8174741850033582
hsa-miR-22-3p,13892.297434359623,-0.11334263673052959,0.5285382295364957,0.7245328989895774,0.9436456708614255
hsa-miR-302d-3p,6.443191555477672,0.07289506063352708,0.6830466640891026,0.8029839370351899,0.9861156866908838
hsa-miR-4798-5p,0,0,2.489576906684891,NA,NA
hsa-miR-3173-5p,23.728654735518095,0.4081689594353936,0.6908382256290624,0.22073041110276415,0.5941326898849402
hsa-miR-6715a-3p,3.2185925143877094,0.050043135139423954,0.7824151192579201,0.7997149340044969,NA
hsa-miR-548ag,5.690644827617906,0.11449166839794704,0.6899002276661842,0.6934601730216526,NA
hsa-miR-526b-5p,2.392956141892118,0.08488800691136228,0.7621000114347974,0.7011471315380635,NA
hsa-miR-590-3p,341.774131532218,0.13856480970654944,0.6725776008886378,0.6478020669746405,0.8922817383062213
hsa-miR-3187-3p,0,0,2.489576906684891,NA,NA
hsa-miR-3120-5p,0,0,2.489576906684891,NA,NA
hsa-miR-4791,1.4201759340149318,0.040235608440172536,0.7806212828013837,0.8388083732432238,NA
hsa-miR-488-3p,767.7586567954964,-0.12430863397823579,0.6815592031719677,0.6753398471728921,0.903565405340379
hsa-miR-363-3p,7307.881869085386,0.13026233048174277,0.4940836896696745,0.6776379734942406,0.903565405340379
hsa-miR-200b-3p,165.38239312257178,0.4298081143046693,0.6805054776638154,0.20735923891743344,0.5787598103820232
hsa-miR-615-3p,0,0,2.489576906684891,NA,NA
hsa-miR-873-5p,499.0310920772041,0.1557214584092043,0.7946279077455252,0.45812978345119365,0.7960353948556647
hsa-miR-6881-3p,6.2852152042720615,-0.2990809265157261,0.8424998220781817,0.19668298957328145,0.5622000498422115
hsa-miR-642b-5p,1.5567343050890459,0.023672131086331056,0.7808637940056883,0.9040087206281705,NA
hsa-let-7a-5p,371488.11897878064,0.32278393741637335,0.5212896566180442,0.3262905910747354,0.6996048560343888
hsa-miR-4536-5p,3.096280872281757,-0.2977126757680369,0.7849943133408394,0.24188637757903084,NA
hsa-miR-133b,186.29622304220902,-0.946651465917613,0.6806702892591517,0.020366968732052928,0.15851881687838784
hsa-miR-6715b-3p,0.24180915224133415,0.04198001957211669,0.7843030769806983,0.8292698284063935,NA
hsa-miR-744-5p,7022.729804736016,-0.39379674192489933,0.5790188442997717,0.25582477030302136,0.6285792124512108
hsa-miR-891b,0.34103750654757004,-0.015991996843063,0.7822405428232828,0.9345167975573282,NA
hsa-miR-5680,43.52980906727545,-0.40556487110569334,0.8695037945931878,0.11362970310895036,0.42147563026470086
hsa-miR-5688,0.786400858023885,-0.10851362100906223,0.7934855573892691,0.5854613368446048,NA
hsa-miR-493-5p,0,0,2.489576906684891,NA,NA
hsa-miR-5586-5p,3.562463221697875,-0.24566788220736616,0.7796397617083788,0.31263451760470873,NA
hsa-miR-3143,1.1630502556088516,-0.032666179960981756,0.7791522301649979,0.8692855675483964,NA
hsa-miR-483-5p,0,0,2.489576906684891,NA,NA
hsa-miR-24-1-3p,26842.311422752948,0.17975120833818495,0.5544450734887976,0.5838468254574214,0.8585507490886937
hsa-miR-3910,4.9018165985971445,0.20800422982966327,0.8331602015734016,0.315024466130156,NA
hsa-miR-656-3p,1539.2856585404204,-0.5456183043759864,0.5924171525637968,0.13257424136375637,0.45422286920588834
hsa-miR-505-3p,1209.0135555220297,1.182013067489541,0.6649374140405843,0.005684607571540235,0.06866214467597018
hsa-miR-3148,3.5959987342301987,0.20559197216222588,0.8320491650801123,0.3198681907587079,NA
hsa-miR-556-5p,0,0,2.489576906684891,NA,NA
hsa-miR-3937,1.293583517214876,0.10121341168805005,0.7891124028958179,0.6136410685523319,NA
hsa-miR-4444,0.3706510250212014,0.025332027722373827,0.7814522643109705,0.8970828938227974,NA
hsa-miR-1910-5p,0.43659130553929754,0.1205798536181614,0.7988588390537551,0.5431163318710792,NA
hsa-miR-6721-5p,2.5689437095647345,0.01584112176818676,0.7780715398692045,0.9364077766506472,NA
hsa-miR-4684-3p,42.60672546405551,0.5964445744685334,0.7469705462057278,0.08409652509715362,0.3695670422636819
hsa-miR-181a-5p,133855.20374791394,-0.018467622361285185,0.4754928533488452,0.9518996080890062,0.9861156866908838
hsa-miR-6762-3p,0,0,2.489576906684891,NA,NA
hsa-miR-146b-5p,28470.306359696548,-0.13560853763018252,0.5581658467638964,0.6778626359650406,0.903565405340379
hsa-miR-5683,131.54883401351557,0.44113161984004196,0.5979110317544643,0.21135063173380492,0.5810737210540754
hsa-miR-4650-3p,0.24180915224133415,0.04198001957211669,0.7843030769806983,0.8292698284063935,NA
hsa-miR-484,2763.467738171469,0.7490444826378949,0.6659097600327334,0.05357582800654078,0.28719447023068095
hsa-miR-767-5p,0,0,2.489576906684891,NA,NA
hsa-miR-523-3p,12.904364904338665,-0.7403358704760793,0.8962023617591742,0.028178069375679536,0.18961492517384354
hsa-miR-4753-3p,0.3927924444215235,0.1151623419151242,0.798493914848487,0.559229362525907,NA
hsa-miR-99a-5p,655433.4199426654,0.236163613646735,0.5582148128002075,0.47661200148366084,0.8015844303713058
hsa-miR-1193,0.32744347915447314,0.11893679936082382,0.7987546001837863,0.5479450008580565,NA
hsa-miR-9903,13.873906394081082,0.05405853622909835,0.7508681664497713,0.8136496839735428,0.9861156866908838
hsa-miR-652-3p,2978.8867685245136,0.34470453376082333,0.5420092496573987,0.30472221285914625,0.6792676643435935
hsa-miR-4479,0,0,2.489576906684891,NA,NA
hsa-miR-6877-5p,2.8893908724631308,0.18988165836581666,0.8238308907609782,0.35440403460106,NA
hsa-miR-504-5p,2614.20074653758,-0.6699121573655201,0.714919451776086,0.06968885388910406,0.32860583658657827
hsa-miR-499a-5p,1136.0832402008853,-0.4931577469186659,0.6040052718232983,0.1692339867694768,0.5234842175544185
hsa-miR-378d,120.09510685311741,-1.840564810150127,2.70915912239851,0.0024288770594543614,0.03737812849366733
hsa-miR-3685,0.28251853390123954,0.09550687742111705,0.7920575151189136,0.6280123199361543,NA
hsa-miR-10a-5p,2222.8474034210426,0.13208242009827412,0.6145982811501508,0.6832587531716734,0.903565405340379
hsa-miR-190a-5p,379.57529556977636,-0.7045030686140876,0.5850404178171796,0.06171117063784244,0.3044579017486734
hsa-miR-514b-3p,0.5891083923131598,-0.03020045034042344,0.7816682663112464,0.877532226553589,NA
hsa-miR-1275,0,0,2.489576906684891,NA,NA
hsa-miR-6741-5p,0,0,2.489576906684891,NA,NA
hsa-miR-4639-5p,0,0,2.489576906684891,NA,NA
hsa-miR-3115,13.209883665651704,0.16711181478201792,0.6966871973658054,0.5661946170922978,0.8426967707695683
hsa-miR-6780b-3p,5.090481309881478,0.1954651383725571,0.7330205844929059,0.46433006795989645,NA
hsa-miR-585-3p,64.78596377358065,0.23252028805287292,0.6864669351743926,0.44822943039296825,0.793651717536906
hsa-miR-675-5p,176.67018757691253,0.4674969255124913,0.7499574466608472,0.13944658408467614,0.46142510101610373
hsa-miR-2115-5p,0.7640347846937707,0.1229018252750468,0.7990270885871692,0.536339728981861,NA
hsa-miR-4687-3p,0.24769440390564093,0.018462416304661868,0.781861837609572,0.92460528118809715,NA
hsa-miR-132-5p,0,0,2.489576906684891,NA,NA
hsa-miR-1229-3p,29.613946242618983,-0.21820007560858715,0.7380754821516885,0.4144237317830999,0.7742229373820142
hsa-miR-155-5p,2274.4103376014805,0.21996130806414496,0.5493044315354704,0.504551000984973,0.8128178220356422
hsa-miR-1289,0,0,2.489576906684891,NA,NA
hsa-miR-6788-3p,0.9031062142705145,0.0836159287770831,0.788593429695229,0.6717565885210277,NA
hsa-let-7g-5p,345277.8187919646,-0.008642026305859085,0.4524301528190877,0.9768265961618795,0.9917146558136982
hsa-miR-561-5p,1.6493332790693809,0.033923663828525685,0.7795104643737252,0.8641424044417295,NA
hsa-miR-186-5p,17532.43134436168,0.379545587850875,0.5641766346439884,0.26861524160166744,0.648617849079763
hsa-miR-574-3p,758.9530305315025,0.22149088145146478,0.5564610533553479,0.5029930215552565,0.8123337298117392
hsa-miR-3152-5p,0,0,2.489576906684891,NA,NA
hsa-miR-4460,0,0,2.489576906684891,NA,NA
hsa-miR-199a-3p,23155.977908252473,0.36432343083506213,0.6526026427284801,0.28298825862805455,0.6715440491824617
hsa-miR-527,0.24180915224133415,0.04198001957211669,0.7843030769806983,0.8292698284063935,NA
hsa-miR-6809-5p,0,0,2.489576906684891,NA,NA
hsa-miR-27a-3p,20487.757756671097,0.19585973625132078,0.5433163848968114,0.5496813074208646,0.8296591696118657
hsa-miR-6737-3p,6.601568080390111,0.24743749816271657,0.7256887103665002,0.38163868895898956,0.7529494042553785
hsa-miR-3622b-3p,0,0,2.489576906684891,NA,NA
hsa-miR-487a-3p,520.886479433749,-0.1423243473850106,0.5438132645305448,0.6615587786521099,0.9035242516052071
hsa-miR-188-5p,0,0,2.489576906684891,NA,NA
hsa-miR-378e,19.899824161250983,0.6161897151784482,0.7033274237790648,0.09058976273470805,0.38031272287283796
hsa-miR-125a-5p,38741.66754158025,0.21631623861397017,0.5067369271426121,0.49854523548835256,0.8098744126290339
hsa-miR-885-5p,0,0,2.489576906684891,NA,NA
hsa-miR-516b-5p,15.42050665744657,0.1639589023521227,0.607598309871753,0.6159824958596579,0.86881258446764
hsa-miR-6861-5p,0.476286010613827,0.07008895744890097,0.7862689586382402,0.7217305742839042,NA
hsa-miR-5584-3p,0,0,2.489576906684891,NA,NA
hsa-miR-424-3p,220.4967259258204,0.22153637110943802,0.6857672791601883,0.4682830036074493,0.7993969333340841
hsa-miR-5100,7.690197458733283,0.0149273200206747,0.7803506717463135,0.9393996348599342,0.9861156866908838
hsa-miR-6507-5p,91.11156804999557,0.40020613693539053,0.766438476075174,0.1698003195701683,0.5234842175544185
hsa-miR-338-5p,0,0,2.489576906684891,NA,NA
hsa-miR-548ap-5p,0,0,2.489576906684891,NA,NA
hsa-miR-1284,5.619043193375781,0.3402331455752524,0.7296185978233484,0.25570299441904815,NA
hsa-miR-331-3p,0,0,2.489576906684891,NA,NA
hsa-miR-4326,49.01983142963344,0.0978540028131373,0.7912839764298801,0.6214504755878899,0.86881258446764
hsa-miR-4762-3p,0.4659900566752897,0.06528641110027747,0.784748558336142,0.7407211092000654,NA
hsa-miR-4781-3p,0,0,2.489576906684891,NA,NA
hsa-miR-3688-3p,13.1800975427727,0.1276099482421639,0.69539222623201,0.6574810720685879,0.8998575689752283
hsa-miR-6515-3p,0,0,2.489576906684891,NA,NA
hsa-miR-373-3p,1.8760046765175507,-0.019504896147188297,0.7784153808423031,0.9216746983541076,NA
hsa-miR-3160-3p,0,0,2.489576906684891,NA,NA
hsa-miR-581,2.528240054685194,0.14962294751103822,0.7883165230582064,0.4811344424247667,NA
hsa-miR-4504,1.2157819995594175,-0.05987241954955457,0.7815095567503422,0.7638637838411206,NA
hsa-miR-6508-3p,45.715638772752236,-0.7446737500333466,1.0020718200055003,0.02321405261344689,0.1704122498668942
hsa-miR-6516-3p,0,0,2.489576906684891,NA,NA
hsa-miR-6871-3p,0.5416349758808774,0.07841191749462453,0.7874977571331748,0.6909522231535037,NA
hsa-miR-320c,561.9253527831775,1.3841481604788586,0.8043562023424681,0.0018275336342282818,0.03279407576976305
hsa-miR-450a-5p,537.5251239598231,0.4665685662685253,0.6160850395803612,0.1904810102434704,0.5593215118967358
hsa-miR-96-5p,5333.1601238918865,0.7966912466687448,0.872544537126647,0.023963602731404937,0.17200541516097323
hsa-miR-6827-5p,0,0,2.489576906684891,NA,NA
hsa-miR-6770-5p,5.29791440803542,-0.1149343586266827,0.7123791695226929,0.6738908223899036,NA
hsa-miR-5001-3p,30.39129882664941,0.31038056160789435,0.6665573290710837,0.3429937390831915,0.7116685771729684
hsa-miR-24-3p,26740.67863444724,0.17928380088710485,0.5542398326422937,0.5847714080480266,0.8585507490886937
hsa-miR-34a-5p,7187.62788044104,-0.2305436512100533,0.5974475256656622,0.48863376556475085,0.807307960498284
hsa-miR-154-5p,298.92101558600064,-0.4725598443635223,0.5969645270735774,0.1844156847514924,0.5519685473607635
hsa-miR-4745-5p,0.805963094370475,-0.006650784248757433,0.7786693164715464,0.97316665753842,NA
hsa-miR-4717-3p,0.4836183044826683,0.03985987248901825,0.7830529410932374,0.838496355826956,NA
hsa-miR-26a-5p,982768.268770506,-0.014979978973994232,0.45547991994360126,0.9600074208944865,0.9861156866908838
hsa-miR-1292-5p,36.64308856605341,-0.479408996080665,0.7829909473786026,0.11419544105593328,0.42147563026470086
hsa-miR-361-3p,0,0,2.489576906684891,NA,NA
hsa-let-7e-5p,29480.6194822257,0.0721932887961685,0.5029287763411102,0.8186819293830315,0.9861156866908838
hsa-miR-4707-5p,0,0,2.489576906684891,NA,NA
hsa-miR-7111-3p,2.971833542496211,0.017589762721717927,0.7316990323230378,0.943460638264619,NA
hsa-miR-181d-5p,8917.559479664806,-0.161384412906331,0.5558378217431689,0.6220640791680221,0.86881258446764
hsa-miR-5004-3p,4.49445572492265,0.17213546238783786,0.6933775158867389,0.5584708138569277,NA
hsa-miR-1251-5p,27.719746919218753,0.14877485717276018,0.6910734359290854,0.6116449057608173,0.86881258446764
hsa-miR-1293,0,0,2.489576906684891,NA,NA
hsa-miR-223-3p,340.7897678920418,-0.26931266727688735,0.5458852291862657,0.4171195661724611,0.7742229373820142
hsa-miR-4679,17.280447127972057,0.2644155458199778,0.7699750484166126,0.29863363315008856,0.6792676643435935
hsa-miR-372-3p,45.96411804953921,-0.895878613277047,0.7046730482891547,0.02549280216267456,0.18097088128667874
hsa-miR-328-3p,7423.780923949646,-0.5750008527330855,0.591451758931372,0.11570202608533998,0.42147563026470086
hsa-miR-545-3p,0.5930416400339222,0.0245409310019618,0.7811678677153573,0.9003877676170433,NA
hsa-miR-4654,1.1471107136575693,0.09442870136343162,0.7904264379626664,0.6335588355661438,NA
hsa-miR-541-3p,0,0,2.489576906684891,NA,NA
hsa-miR-642a-5p,0,0,2.489576906684891,NA,NA
hsa-miR-548ba,255.47718325334742,-0.1556514612364494,0.6049407129920732,0.633761089184162,0.8805659991473181
hsa-miR-6770-3p,5.29791440803542,-0.1149343586266827,0.7123791695226929,0.6738908223899036,NA
hsa-miR-1294,2.1382366200155998,-0.09538902801551567,0.7717337602724356,0.655329703088194,NA
hsa-miR-496,32.075115833404745,-0.2105536680219693,0.7094141964499772,0.46529291892242053,0.7993969333340841
hsa-miR-4688,0,0,2.489576906684891,NA,NA
hsa-miR-7854-3p,2.424408648833752,0.20520909944467672,0.8314232759122782,0.3210154548111077,NA
hsa-miR-33b-5p,0,0,2.489576906684891,NA,NA
hsa-miR-6798-3p,16.203250948422333,-0.03344126219174454,0.5969881193872855,0.9174761040859517,0.9861156866908838
hsa-miR-4662b,0.3302592052075212,0.017217837444655517,0.7814949948125636,0.9297755907212708,NA
hsa-miR-3180,6.305554351639903,0.23997756580207563,0.8608041622093325,0.2503926088601525,0.6221293281679174
hsa-miR-206,259.756927324853,0.40588377019416977,0.708536400504657,0.21138130719459397,0.5810737210540754
hsa-miR-1911-5p,41.19762443956298,1.0177988256044361,0.8932543350846511,0.009443361193347528,0.09962064741847067
hsa-miR-1305,3.3991261331309373,0.2051783546527492,0.8319350747254712,0.3206441219029562,NA
hsa-miR-32-5p,1140.8928042782945,0.4709270236890626,0.5884115195734583,0.1845591427707816,0.5519685473607635
hsa-miR-499b-5p,0,0,2.489576906684891,NA,NA
hsa-miR-365a-3p,779.127935813425,-0.018226079457508967,0.6733540115352286,0.9509808935604431,0.9861156866908838
hsa-miR-217-5p,14316.688130266086,1.618807660728647,1.089222538753376,7.212490046653381e-4,0.015530895233793614
hsa-miR-552-3p,0,0,2.489576906684891,NA,NA
hsa-miR-4772-5p,0,0,2.489576906684891,NA,NA
hsa-miR-4662a-5p,13.46707192127937,0.6860177468357402,0.76048702420155,0.05508360208333989,0.2888065050505383
hsa-miR-769-5p,25157.7329504449,-1.1233216154777825,0.6611525667253174,0.007917691861690368,0.08973384109915751
hsa-miR-4787-3p,51.77901542610448,-0.2332227379779577,0.5634184780567376,0.482651956485487,0.8035906285815068
hsa-miR-3180-3p,23.676165675026727,-0.5837905299567298,0.7902442272280231,0.07312259655301868,0.3374085526660719
hsa-miR-6786-3p,1.5155663915330502,0.03591960569339459,0.781277319146196,0.8551774956105745,NA
hsa-miR-345-5p,2077.880142017714,0.8138990100265985,0.7230810277609446,0.036017448538223,0.22159306433992437
hsa-miR-654-3p,2601.669732501674,0.16927997418354093,0.5261953487815523,0.6001877112571609,0.8673853724208633
hsa-miR-4742-3p,15.442570355288206,0.3410869356037064,0.6706777975761884,0.30181373579106335,0.6792676643435935
hsa-miR-374a-5p,6355.42088923382,0.06604117108518462,0.48015316838431077,0.8302089053542898,0.9861156866908838
hsa-miR-1301-3p,1033.4265865574978,-0.16699644090898363,0.48838203021886495,0.5928245841293922,0.8644800933354116
hsa-miR-3617-5p,0,0,2.489576906684891,NA,NA
hsa-miR-324-5p,990.256231230348,-0.20463184562832712,0.5420034218905658,0.5322141786938048,0.8174741850033582
hsa-miR-130b-5p,0,0,2.489576906684891,NA,NA
hsa-miR-544b,5.302239595532715,0.20233388990181309,0.8310985208806916,0.32608104006383953,NA
hsa-miR-518d-5p,0.24807088576558978,0.018256349626096322,0.7812768880459892,0.9256460258131716,NA
hsa-miR-19b-2-3p,2225.411240118808,0.49037170740054076,0.6669634790693434,0.16608693976232497,0.5183196284370142
hsa-miR-145-5p,8178.761600586727,-0.1727940867766894,0.566306224996339,0.5992541931636066,0.8673853724208633
hsa-miR-4667-3p,0,0,2.489576906684891,NA,NA
hsa-miR-7-5p,796849.6242837171,-0.36013330043723213,0.6439642915920035,0.29056849247331873,0.6792676643435935
hsa-miR-532-5p,10745.843326026305,0.9603979715767957,0.6056408337387614,0.017632517520178536,0.14325021643550936
hsa-miR-1908-5p,11.06302127820732,0.49291780489270914,0.8015107603260307,0.09982469327753092,0.3988472271308867
hsa-miR-607,1.838167094185247,-0.07662189680200539,0.7851169447894294,0.6999729478932499,NA
hsa-miR-302b-3p,11.719777346690728,0.2790588677872844,0.7148145219361435,0.3467752036295872,0.7116685771729684
hsa-miR-4794,0.24180915224133415,0.04198001957211669,0.7843030769806983,0.8292698284063935,NA
hsa-miR-1185-5p,151.0344301799102,-0.8192839789881454,0.6539721856851611,0.03851850026611469,0.22828395570559717
hsa-miR-550a-3-5p,44.853995736974866,0.5280930437119917,0.7367118148944655,0.11581375793542846,0.42147563026470086
hsa-miR-2276-3p,0,0,2.489576906684891,NA,NA
hsa-miR-6861-3p,1.0870481750319352,0.006380575750190861,0.7769940607808472,0.974464729464297,NA
hsa-miR-3130-5p,0.24180915224133415,0.04198001957211669,0.7843030769806983,0.8292698284063935,NA
hsa-miR-1262,8.019983299810184,0.12149218346844894,0.6784416788484692,0.6839682402653953,0.903565405340379
hsa-miR-425-5p,5244.792652228373,-0.09695814438927924,0.5599257919466935,0.7655742608054397,0.9603125679229398
hsa-miR-1303,0,0,2.489576906684891,NA,NA
hsa-miR-2115-3p,2.8627205127627757,0.24656756923830267,0.7960360086835984,0.29252177271093144,NA
hsa-miR-1270,19.550129537481997,0.23199749607626766,0.7194416496589441,0.41497241735001755,0.7742229373820142
hsa-miR-204-5p,15112.739059061654,0.8857018681546608,0.6482089261098275,0.027709673844922345,0.18842578214547193
hsa-miR-3085-3p,88.80559568190984,-0.21448883458940526,0.7288057887842428,0.43393815895510995,0.7874271086657333
hsa-miR-187-3p,288.24846087425584,-0.2637549634100304,0.639047085613968,0.42404546434588,0.7782198010438592
hsa-miR-4659a-3p,14.993693348094265,0.9810581060529795,0.9857316030186002,0.009715326296228562,0.09962064741847067
hsa-miR-195-5p,3676.1022293821356,0.054741629108436246,0.5023849488063731,0.8618502522258531,0.9861156866908838
hsa-miR-101-2-3p,51883.490968325576,-0.07318148834763336,0.521710217943684,0.8187648368739191,0.9861156866908838
hsa-miR-27b-3p,211830.9549943386,0.23092413667778328,0.5532069740897684,0.48514442883095327,0.8035982077558868
hsa-miR-1288-3p,1.740310331078242,0.13566230896189727,0.797768094026985,0.5034140447853881,NA
hsa-miR-494-3p,2194.4834346957573,0.11485920349076995,0.5246392273386381,0.7203934285855043,0.9401498078105772
hsa-miR-337-5p,102.35334609496678,0.19974667725192385,0.6798763808768503,0.5137690063853618,0.814954003840766
hsa-miR-137-3p,1732.1957792583996,-0.8504508271276963,0.6968873019546757,0.03212021650623429,0.2074965986302735
hsa-miR-31-5p,309.21954929580585,-1.1240201593626518,0.6378456582460382,0.007661762448814945,0.08838390253454384
hsa-miR-3140-3p,0,0,2.489576906684891,NA,NA
hsa-miR-3171,0,0,2.489576906684891,NA,NA
hsa-miR-378f,1.5217677869790185,0.07754340705012852,0.7851050896007011,0.6967874502921247,NA
hsa-miR-29b-1-3p,6208.861036398699,-1.2807138509713878,0.5794572073730893,0.002430156960888588,0.03737812849366733
hsa-miR-219a-5p,575.6623751320913,-0.3072192778409142,0.6222000370237335,0.363439224542322,0.7309291463965129
hsa-miR-4636,3.342578412294424,0.016757307753276638,0.7471959168717814,0.9422406574109281,NA
hsa-miR-1278,62.70313050544151,0.26444631322859335,0.5628661779256169,0.4288252103847222,0.7825454404195777
hsa-miR-539-3p,0,0,2.489576906684891,NA,NA
hsa-miR-490-3p,752.5708755569781,-0.9073460150715188,0.7607370662273958,0.021029135256845806,0.1611066325444904
hsa-miR-101-3p,50468.67382143377,-0.07258331734828201,0.5231297542081449,0.8203739749781855,0.9861156866908838
hsa-miR-548s,15.915437712281337,0.6343354783296293,0.8620321234660818,0.04629649105728846,0.26222396102115925
hsa-miR-6849-3p,2.633531423770859,-0.1273506756249508,0.7264678906381405,0.6269976880059853,NA
hsa-miR-320a-3p,7899.371177296389,0.8807976887435331,0.592726900247353,0.02590512231238804,0.18189901101959427
hsa-miR-340-5p,35367.41797620018,0.23407890052433916,0.4863896763341858,0.4549279052157511,0.7951291460010129
hsa-miR-4652-5p,0,0,2.489576906684891,NA,NA
hsa-miR-6748-3p,0,0,2.489576906684891,NA,NA
hsa-miR-449c-5p,241.4411827287444,0.34362750723617563,0.7617972967441178,0.21948575667646125,0.5941326898849402
hsa-miR-134-5p,1803.4111862661487,-0.08966664678360528,0.45718754734179884,0.7647638101207763,0.9603125679229398
hsa-miR-4795-5p,0,0,2.489576906684891,NA,NA
hsa-miR-326,571.7564668583826,-0.007319232332664946,0.6689627291858146,0.9804667117524853,0.992760965191388
hsa-miR-151b,2638.907171784676,0.002739930859957698,0.45921750295832614,0.9927176607511121,0.9973493139116928
hsa-miR-3681-5p,2.4878595839877398,-0.19641493583761083,0.8266010088384687,0.3401418049473177,NA
hsa-miR-3612,1.1345317842061233,-0.08062653877569895,0.7854452746015967,0.685762834272347,NA
hsa-miR-519b-5p,0,0,2.489576906684891,NA,NA
hsa-miR-92b-3p,21626.96334752208,0.2372746708977968,0.563153619539509,0.4753913467977013,0.8015844303713058
hsa-miR-6774-5p,0.8022850815594692,0.11876772666658852,0.7982060099535412,0.5491267392551085,NA
hsa-miR-940,25.14761576069014,-0.21108764191805623,0.6056167718165346,0.5232707548546153,0.8174741850033582
hsa-miR-1256,0.518911435029682,0.02473361051399557,0.7812364693871494,0.8995835222963318,NA
hsa-miR-376a-2-3p,311.54745004563006,0.08401308463475235,0.6826562424044316,0.7743768367547488,0.967596589059125
hsa-miR-653-3p,8.783468800275102,0.008288352729058097,0.6865102736048392,0.9770261991987886,0.9917146558136982
hsa-miR-15a-5p,835.9177688352922,-0.014868650134495174,0.5450267208032102,0.963218263625306,0.9861156866908838
hsa-miR-95-3p,11552.787657511686,-0.690876422786812,0.5928122756911064,0.06702795141129103,0.31985544159992996
hsa-miR-4646-3p,12.767668194512158,0.06134776566324027,0.6248805467261037,0.8470709928125508,0.9861156866908838
hsa-miR-148a-3p,113857.03998660823,0.765560097443059,0.6604529309611138,0.04973372452269499,0.27227106814966917
hsa-miR-5687,0,0,2.489576906684891,NA,NA
hsa-miR-3913-5p,48.41536297788404,0.5306252261190986,0.6731724403574205,0.1389937844220934,0.46142510101610373
hsa-miR-377-3p,0,0,2.489576906684891,NA,NA
hsa-miR-196a-5p,2.2156973244975533,-0.02525015343989846,0.7753216816344868,0.9003601085734338,NA
hsa-miR-3605-3p,90.3695148310919,0.12686769948829446,0.7106094477726297,0.6456450127085323,0.8912108508754526
hsa-miR-4783-3p,2.022883878707953,-0.09356260517519199,0.7560871140417421,0.6821264004186505,NA
hsa-miR-3660,0,0,2.489576906684891,NA,NA
hsa-miR-6885-5p,0,0,2.489576906684891,NA,NA
hsa-miR-3684,1.8152415980207834,0.13271495059477434,0.8019725271669025,0.505836728021515,NA
hsa-miR-518f-5p,0.24807088576558978,0.018256349626096322,0.7812768880459892,0.9256460258131716,NA
hsa-miR-578,6.994586032896281,1.3963136696357734,1.6950880668962107,0.0027815402787864166,0.04083806863854603
hsa-miR-222-3p,5799.175386445693,-0.5922391992187156,0.6658578198453243,0.10812848576654838,0.42147563026470086
hsa-miR-3177-3p,48.06791626614095,0.5407343431983775,0.6489346224909316,0.13724613119808743,0.45938342359567086
hsa-miR-770-5p,0,0,2.489576906684891,NA,NA
hsa-miR-26b-5p,93596.29775959747,0.22479686078375555,0.49659549240846584,0.4777429899745729,0.8015844303713058
hsa-miR-874-3p,1532.5560721390352,-0.36784261380421174,0.5333139866814584,0.2722693447636394,0.6514296174715224
hsa-miR-597-5p,6.217593064372781,0.07773338527220901,0.6655597221682843,0.7974075556130928,0.9861156866908838
hsa-miR-6774-3p,1.4954294337075704,0.14387910128308787,0.804431484849299,0.47414150576512215,NA
hsa-miR-3923,0.39595481391412146,-0.04065589766712809,0.7828347186188909,0.8355431251420103,NA
hsa-miR-4647,0.34035779962889684,0.12456665332649977,0.8010734047199002,0.5291102018392639,NA
hsa-miR-219a-3p,37049.27573212808,0.07105018441953846,0.625900647746232,0.8232873286182206,0.9861156866908838
hsa-miR-4643,0,0,2.489576906684891,NA,NA
hsa-miR-4645-3p,4.3090983910448335,-0.2612915128089062,0.867673684361706,0.22152691299415436,NA
hsa-miR-3943,41.10888992958093,-1.2700575875358033,0.9557285985441533,0.003077166869392412,0.04417443994727774
hsa-miR-4536-3p,2.799760052264796,-0.1023592860649719,0.7616515008729803,0.6481896985899238,NA
hsa-miR-6742-3p,4.888350895653012,-0.115429088476891,0.7158774739851937,0.6691820158792596,NA
hsa-miR-4738-3p,0.982513861593948,-0.14474907254322011,0.804011111284141,0.47249780696689925,NA
hsa-miR-183-5p,13773.695786160706,1.2221426144176684,0.7229061459535806,0.004547403023997207,0.059951476602085635
hsa-miR-5691,0,0,2.489576906684891,NA,NA
hsa-miR-6821-5p,0,0,2.489576906684891,NA,NA
hsa-miR-194-5p,1706.7228106313094,0.3881409407566064,0.6127154648106163,0.26431886553500833,0.6443395740966618
hsa-miR-7157-3p,4.929032362916399,-0.25644250839115307,0.7682277824781842,0.3117226630207548,NA
hsa-miR-671-3p,0,0,2.489576906684891,NA,NA
hsa-miR-6509-3p,0.39065168370068803,-0.025150649299433513,0.7823305670608064,0.8973906816466022,NA
hsa-miR-6132,0.7736581624196941,0.049902198956649664,0.7810510444165916,0.8014490043328025,NA
hsa-miR-421,184.80660107557102,0.023110511853844155,0.7806723832389973,0.9063444920047481,0.9861156866908838
hsa-miR-4433b-3p,0,0,2.489576906684891,NA,NA
hsa-miR-1298-5p,901.9494702849066,0.4456669286986297,0.6707815656431999,0.1982718500452131,0.5642450005691968
hsa-miR-624-5p,13.647054514288175,0.19852731158092107,0.7379474805273194,0.4513066119179387,0.7943980144386605
hsa-miR-299-3p,0,0,2.489576906684891,NA,NA
hsa-miR-1538,0.9888148686543383,0.09799354810106976,0.7917032009848765,0.6204714681684753,NA
hsa-miR-7848-3p,0,0,2.489576906684891,NA,NA
hsa-miR-23c,25.676275093279116,-1.3186911776492751,2.0817550941928844,0.004658685121777459,0.06019021177336477
hsa-miR-548b-5p,0,0,2.489576906684891,NA,NA
hsa-miR-128-1-3p,345586.07210362697,-0.6709931693102436,0.6754423465892563,0.07564228903839941,0.34411914590708464
hsa-miR-4686,0,0,2.489576906684891,NA,NA
hsa-miR-3938,2.9391582045634626,0.02599812685815833,0.7730433533336063,0.8985737984115946,NA
hsa-miR-7110-3p,14.211597751556845,0.012874193750602975,0.6441214482260179,0.9669616010371134,0.9883816365031253
hsa-miR-6729-5p,0,0,2.489576906684891,NA,NA
hsa-miR-129-5p,41869.22068444084,-0.49248086917057887,0.632572374596619,0.1701728880594859,0.5234842175544185
hsa-miR-34c-5p,2455.176802708791,0.3318859592275326,0.6147969970760541,0.33110973903528673,0.6996048560343888
hsa-miR-376a-5p,0,0,2.489576906684891,NA,NA
hsa-miR-1250-5p,408.81041625803573,0.3546220503617036,0.6948895275657004,0.2708472872055311,0.6504362361887475
hsa-miR-221-3p,22206.29764948308,-0.5870493331653642,0.6714620822295957,0.10972905669250965,0.42147563026470086
hsa-miR-4741,0.9819811110538087,0.13703300341965266,0.8055882795358128,0.49009903653104225,NA
hsa-miR-25-3p,30769.082718202175,1.3222556137887664,0.683348296365312,0.0025117728233303846,0.03773500567142857
hsa-miR-892b,1.3968211300986424,0.08383108187429131,0.786658234231635,0.6733818588610081,NA
hsa-miR-219b-3p,0,0,2.489576906684891,NA,NA
hsa-miR-1306-5p,0,0,2.489576906684891,NA,NA
hsa-miR-503-5p,216.2983689952888,0.6071643870518373,0.7618179231435974,0.07551108933134078,0.34411914590708464
hsa-miR-616-5p,2.495732503602713,0.18669549299359775,0.8198314290293474,0.3641433595530949,NA
hsa-miR-5010-3p,383.73897971655026,-0.16536126640284224,0.5307688494147257,0.6095435233916728,0.86881258446764
hsa-miR-3126-3p,0,0,2.489576906684891,NA,NA
hsa-miR-643,3.0945845067332467,-0.29028037385435007,0.8270615149651103,0.21456095176439433,NA
hsa-miR-516a-5p,72.13138919810878,-1.6681899520096142,1.0516477452125168,5.47420586744654e-4,0.013601296116809481
hsa-miR-4665-5p,0,0,2.489576906684891,NA,NA
hsa-miR-3132,0.32437395354321447,0.004051013445104571,0.782221605718438,0.9833701347810256,NA
hsa-miR-1306-3p,76.72256827178406,0.3960551209263108,0.6965536170485308,0.22819749256394736,0.5989707821999403
hsa-miR-224-5p,213.9102724101964,0.34493113494322064,0.5761647344334958,0.3131407476079524,0.6855334354801929
hsa-miR-3127-3p,7.657904623083838,0.36171925549319467,0.6971427565195639,0.2616014705474149,0.6401308711122349
hsa-miR-625-3p,538.0274800197875,0.31936976085531404,0.7082207956288953,0.30036310680817124,0.6792676643435935
hsa-miR-589-5p,247.57070767502594,-0.02458123454465434,0.5178440856079722,0.9383903868138487,0.9861156866908838
hsa-miR-1323,2.073922189813229,-0.03764708923905103,0.7226194599092323,0.8839291188645999,NA
hsa-let-7i-5p,385166.5938001251,0.5027981646560773,0.5577840798322955,0.15305486254370146,0.49190766767776684
hsa-miR-125b-5p,77868.94013423071,0.06885183145316236,0.5051959988091064,0.8272365361136218,0.9861156866908838
hsa-miR-3613-5p,587.9026752390904,0.2306148312283716,0.6975431750204698,0.4415013292918733,0.7900550103117733
hsa-miR-105-5p,290.31208104994573,-0.10618815443952681,0.6015587395280352,0.7434030681847015,0.9490877115559627
hsa-miR-592,1722.5075781799887,0.003387262222503827,0.5936367806135807,0.9916296554210525,0.9973493139116928
hsa-miR-3941,0.6513279883227199,0.07316788476440125,0.787283703653453,0.7096123463612336,NA
hsa-miR-875-5p,0.8475556017037187,0.09782226252035844,0.7917271266209952,0.6209879758335255,NA
hsa-miR-577,358.75257586262495,0.2784448334763589,0.6929870602343423,0.36906705950034,0.7343413387890044
hsa-miR-376c-3p,634.2188064735784,-0.1353894358192725,0.5521706943426727,0.677815296558365,0.903565405340379
hsa-miR-3122,0,0,2.489576906684891,NA,NA
hsa-miR-942-5p,0,0,2.489576906684891,NA,NA
hsa-miR-2681-3p,0,0,2.489576906684891,NA,NA
hsa-miR-301b-3p,174.39415586695677,0.5638724458928852,0.7614867984389033,0.08995725284816439,0.38031272287283796
hsa-miR-651-5p,296.72466378750204,-0.13475825568934588,0.5668240853878417,0.6802529517303026,0.903565405340379
hsa-miR-588,2.0930823407781425,0.05995832240477561,0.7829147139439596,0.7621286202252298,NA
hsa-miR-6854-5p,0.440265860853806,-0.02716028801125646,0.7820482479434145,0.889461708119927,NA
hsa-miR-1197,385.9392532892575,-0.44413855576659694,0.6112099066674044,0.20942729927776851,0.5806439284696929
hsa-miR-6720-3p,0,0,2.489576906684891,NA,NA
hsa-miR-5089-3p,0,0,2.489576906684891,NA,NA
hsa-miR-4632-3p,0,0,2.489576906684891,NA,NA
hsa-miR-7978,64.54127757256491,-0.19029270714881355,0.5824838057585263,0.5646175069440287,0.8423623775654562
hsa-miR-376b-3p,46.72964202008999,-0.02713474519250969,0.6711820104204144,0.9274246051159757,0.9861156866908838
hsa-miR-6769b-3p,0.5936237614847956,-0.052186615634297495,0.7828042756479415,0.7912454848251567,NA
hsa-miR-6819-3p,0,0,2.489576906684891,NA,NA
hsa-miR-4488,0,0,2.489576906684891,NA,NA
hsa-miR-199b-3p,31308.00997098236,0.3838515196555972,0.6677429290366148,0.25590763602889854,0.6285792124512108
hsa-miR-7976,20.908327616336308,0.27681243190532306,0.7190299690914754,0.3452924447965981,0.7116685771729684
hsa-miR-6758-3p,0,0,2.489576906684891,NA,NA
hsa-miR-3690,10.157171021867407,-0.20256932016383494,0.7554956711741145,0.4175049980214338,0.7742229373820142
hsa-miR-877-3p,75.32397149777724,-0.004438667031722107,0.6519939132186766,0.9884829774645391,0.9973493139116928
hsa-miR-329-3p,2834.5197088048435,-0.09876790252635792,0.5067882600911154,0.7548966428638396,0.9543311766928384
hsa-miR-4515,0.6346015966628576,0.08137907537412857,0.7891076481813732,0.6787918029911818,NA
hsa-miR-214-5p,891.6700209328919,0.09683543549767369,0.6977649457419042,0.7324813117383333,0.9477882727374751
hsa-miR-6501-5p,1.4023109366711368,0.06543781339846666,0.7817573529092637,0.7433745000767327,NA
hsa-miR-3620-5p,4.7387162225199,0.015066302973538783,0.7490265792343599,0.9475946589125706,NA
hsa-miR-576-3p,0,0,2.489576906684891,NA,NA
hsa-miR-7850-5p,0,0,2.489576906684891,NA,NA
hsa-miR-4750-5p,1.8853323491157756,0.1157260557654664,0.7923650163345601,0.5655194418639453,NA
hsa-miR-517a-3p,38.54631449726911,-1.8229947642175215,1.3057025924867163,0.00042759660124257643,0.011049096176108174
hsa-miR-6505-3p,9.835280989811498,-0.011394924087667069,0.7802461285871712,0.9537174519989103,0.9861156866908838
hsa-miR-3145-5p,2.435362928544978,0.14303474963732182,0.7386444314198928,0.5718882118632697,NA
hsa-miR-3677-3p,0.9374287039878642,0.1073284693396227,0.7929356831214079,0.58977389816742265,NA
hsa-miR-4683,2.3408704736338937,0.17031052641616504,0.7643185979660331,0.4694064108265708,NA
hsa-miR-6765-3p,0.2965208200169611,0.02583433059712085,0.7816366286821567,0.8949805495098936,NA
hsa-miR-3934-5p,4.325435701001672,-0.23487681395493068,0.7337296639027692,0.39164787821208513,NA
hsa-miR-4503,0,0,2.489576906684891,NA,NA
hsa-miR-7158-5p,0,0,2.489576906684891,NA,NA
hsa-miR-3151-5p,0.7173681436421538,-0.062818485822042,0.7839807626422759,0.7505319505068916,NA
hsa-let-7b-5p,130313.77407190266,0.26762124454516106,0.5270832799883602,0.41393583631826325,0.7742229373820142
hsa-miR-548z,0,0,2.489576906684891,NA,NA
hsa-miR-3912-3p,70.02819098672242,-0.3380660855888217,0.7456429615996152,0.24139340497074813,0.616364188186179
hsa-miR-627-3p,0,0,2.489576906684891,NA,NA
hsa-miR-3065-5p,492.2752910376806,0.8396307697122085,0.6450250455239269,0.03477608508814068,0.22024853889155763
hsa-miR-944,1.9524412506784445,-0.14974837451037332,0.7665078985948384,0.513270001889065,NA
hsa-miR-4425,0.9507144914468075,0.0925748619666245,0.7903247187468284,0.6397247364615548,NA
hsa-miR-500a-3p,1051.924788037124,0.8198041013154822,0.6871504886623595,0.03767289759343417,0.22744571818092027
hsa-miR-23b-3p,33164.889936997075,0.22628002929638968,0.5720648960161673,0.49610463948694283,0.8098744126290339
hsa-miR-7705,0,0,2.489576906684891,NA,NA
hsa-let-7c-5p,112455.55091245413,0.26635001000724917,0.5370877293424541,0.4194706317085216,0.7742229373820142
hsa-miR-6756-3p,0.4476359882990612,-0.025722059862166864,0.7808529370235001,0.8958129953106657,NA
hsa-miR-149-5p,9638.015852814251,-0.2770084415965029,0.5076894701491864,0.390074630595804,0.7567213554501183
hsa-miR-2114-5p,0,0,2.489576906684891,NA,NA
hsa-miR-6739-3p,12.501731291079583,0.5082069247336735,0.7035964964664957,0.14177446972407678,0.464905113917531
hsa-miR-140-5p,0,0,2.489576906684891,NA,NA
hsa-miR-6793-5p,0.8603691063911569,0.17390022105081224,0.818030285727372,0.3910641995055527,NA
hsa-miR-520a-3p,0.22239061501272084,0.026631177351518064,0.7819352516534557,0.8916390136611234,NA
hsa-miR-100-5p,169071.11211076714,-0.07084731746608773,0.5768860107554583,0.8273534779622118,0.9861156866908838
hsa-miR-599,0.18758280488053924,0.06872391564554219,0.7871022970370443,0.7257283917967505,NA
hsa-miR-433-3p,3216.474696014667,-0.3845225895008555,0.5975303303020708,0.2681312573643638,0.648617849079763
hsa-miR-570-3p,0,0,2.489576906684891,NA,NA
hsa-miR-6776-3p,0,0,2.489576906684891,NA,NA
hsa-miR-889-3p,5299.847481031915,-0.6127794530582309,0.6384387673476206,0.1005848099456796,0.3988472271308867
hsa-miR-670-3p,5.4671507005537165,0.313386124662193,0.8108057412505012,0.20402228144368464,NA
hsa-miR-7156-5p,3.987988394005605,-0.2493668238622974,0.7651719134186258,0.32581050500255104,NA
hsa-miR-4660,0.5672629993814947,0.12816197700169318,0.8014319613043829,0.5187584033367237,NA
hsa-miR-3200-3p,769.1148636870535,-0.05581492034164698,0.46567813042688094,0.8537433027505866,0.9861156866908838
hsa-miR-7703,0,0,2.489576906684891,NA,NA
hsa-miR-1226-3p,110.71633592687405,0.7046137628552788,0.7366847659985356,0.055883611658385894,0.2888065050505383
hsa-miR-511-5p,60.89707335427525,1.3688458097403353,1.1823425091996402,0.002149485314188788,0.03654125034120939
hsa-miR-362-5p,730.9413488131055,0.8332799168171621,0.6865531465200866,0.035365330787463754,0.22159306433992437
hsa-miR-2278,1.3763351510043236,0.11289913527989923,0.79471909691072,0.57072839581208,NA
hsa-miR-1914-5p,0,0,2.489576906684891,NA,NA
hsa-miR-4699-3p,0,0,2.489576906684891,NA,NA
hsa-miR-6855-3p,0.21829565276964877,0.11599515008224735,0.7985990507679168,0.5566596157641471,NA
hsa-miR-2116-5p,6.84366342760107,-0.260257670818227,0.7814916047999683,0.29032050493633926,0.6792676643435935
hsa-miR-2113,43.41194391427471,-0.7108692183103953,0.7398494217613163,0.05379339148283652,0.28719447023068095
hsa-miR-1843,438.78773329295655,-0.34075619808538227,0.7468409896246613,0.23745367136108042,0.6150499420819009
hsa-miR-3940-3p,10.839997408646152,0.35580696814431523,0.7310418167543448,0.2384626013599298,0.6150499420819009
hsa-miR-34b-3p,63.695303315538524,0.2808430613581471,0.7270912564527633,0.33030915680482503,0.6996048560343888
hsa-miR-548au-5p,14.298702247391347,0.0492690347571799,0.7806023201714312,0.8042362813392172,0.9861156866908838
hsa-miR-320d,255.97468531150187,0.5639023714804114,0.9664192650198593,0.04876726102232498,0.2692619711147174
hsa-miR-29b-2-3p,6217.093536984184,-1.2807058733330552,0.5794465212256799,0.002430150925384952,0.03737812849366733
hsa-miR-144-3p,831.6173115015956,-0.5061663864495098,0.576400607942739,0.1554485001434987,0.49467847828916334
hsa-miR-126-3p,65706.35972977131,-0.1457782804820797,0.5251831175196818,0.6506747020171328,0.8940942492154669
hsa-miR-196b-5p,60.87177801792997,1.9378669543359093,1.2274131758618825,2.254384519364909e-4,0.006331879997868396
hsa-miR-4695-3p,0.785584888843047,0.1315517681469465,0.8036427181103363,0.5068759466773493,NA
hsa-miR-708-5p,5699.627759597951,-0.11641270319754558,0.46626218776124534,0.7012471678814998,0.9189714970568785
hsa-miR-659-5p,19.639564001490097,0.1090523638196933,0.6478778562242914,0.7273103594273449,0.9453571271429876
hsa-miR-4768-5p,0.5650370678024791,0.0972288662548368,0.7918104700821564,0.6227807890364162,NA
hsa-miR-487b-3p,4236.710700068958,-0.2283217132670215,0.532870870894625,0.48501093030947234,0.8035982077558868
hsa-miR-4440,2.697916419621864,0.12507208162609845,0.7880062369473608,0.5449633448938417,NA
hsa-miR-6879-3p,1.4464535444261348,0.04947150419041403,0.7793427703118988,0.8045744309415268,NA
hsa-miR-512-3p,1.1671422757454475,0.08701569024109679,0.7883980452155819,0.6605234313744704,NA
hsa-miR-4757-3p,0.28251853390123954,0.09550687742111705,0.7920575151189136,0.6280123199361543,NA
NovelmiRNA-3476,0,0,2.489576906684891,NA,NA
NovelmiRNA-508,1.5752907504895142,0.09557991021242916,0.7892294107992744,0.6313635849564416,NA
NovelmiRNA-369,0.8154322550466431,0.024165146015270172,0.7810352947557844,0.9019550338428785,NA
NovelmiRNA-2775,0,0,2.489576906684891,NA,NA
NovelmiRNA-2216,0,0,2.489576906684891,NA,NA
NovelmiRNA-3021,0,0,2.489576906684891,NA,NA
NovelmiRNA-3351,0,0,2.489576906684891,NA,NA
NovelmiRNA-903,163.7275290527564,1.0921601631776672,2.0642540656387056,0.008533003163793653,0.09187200073017834
NovelmiRNA-1471,0,0,2.489576906684891,NA,NA
NovelmiRNA-33,0,0,2.489576906684891,NA,NA
NovelmiRNA-1997,3.619012173462283,0.035842495270635405,0.779220665557321,0.8568459182561968,NA
NovelmiRNA-2238,1.4884253145935387,0.015445937512716548,0.7804876261326807,0.9372637851702299,NA
NovelmiRNA-1598,0,0,2.489576906684891,NA,NA
NovelmiRNA-3646,8.95162573233254,0.21188481677639787,0.8348012407867685,0.3075176263758326,0.6792676643435935
NovelmiRNA-1153,8.211773616715092,-0.1342476758117439,0.766241367886428,0.5525492869364602,0.8302381173438176
NovelmiRNA-14,0.2965208200169611,0.02583433059712085,0.7816366286821567,0.8949805495098936,NA
NovelmiRNA-3023,0,0,2.489576906684891,NA,NA
NovelmiRNA-816,0,0,2.489576906684891,NA,NA
NovelmiRNA-2625,0.5930416400339222,0.0245409310019618,0.7811678677153573,0.9003877676170433,NA
NovelmiRNA-924,0,0,2.489576906684891,NA,NA
NovelmiRNA-2288,3.363810940813081,0.0383617306516057,0.7817944733928343,0.8452577957873223,NA
NovelmiRNA-1425,0,0,2.489576906684891,NA,NA
NovelmiRNA-1309,0.24769440390564093,0.018462416304661868,0.781861837609572,0.92460528118809715,NA
NovelmiRNA-2073,1.1345259987629894,0.13136559191618535,0.8018023253784066,0.5096445225464006,NA
NovelmiRNA-2369,0,0,2.489576906684891,NA,NA
NovelmiRNA-3277,2.7387511036506154,-0.07020996181768444,0.7814858540007138,0.7266503190257019,NA
NovelmiRNA-3680,0,0,2.489576906684891,NA,NA
NovelmiRNA-964,0,0,2.489576906684891,NA,NA
NovelmiRNA-3703,0,0,2.489576906684891,NA,NA
NovelmiRNA-1921,0.5672629993814947,0.12816197700169318,0.8014319613043829,0.5187584033367237,NA
NovelmiRNA-1280,0,0,2.489576906684891,NA,NA
NovelmiRNA-204,0,0,2.489576906684891,NA,NA
NovelmiRNA-378,4.7650091948045565,0.13421156667397757,0.8021711192699523,0.5016347681543711,NA
NovelmiRNA-3706,130.95484134900843,0.007993444185660765,0.6854875237964752,0.9778981977605662,0.9917146558136982
NovelmiRNA-2955,1.6444082643129174,0.05418595482400104,0.783572698006407,0.7829957087288082,NA
NovelmiRNA-1369,0,0,2.489576906684891,NA,NA
NovelmiRNA-607,0,0,2.489576906684891,NA,NA
NovelmiRNA-2759,0,0,2.489576906684891,NA,NA
NovelmiRNA-3143,11.668527489273895,-0.19933739814722581,0.7789189235477711,0.38923692629052975,0.7567213554501183
NovelmiRNA-3682,0,0,2.489576906684891,NA,NA
NovelmiRNA-2190,0,0,2.489576906684891,NA,NA
NovelmiRNA-461,0,0,2.489576906684891,NA,NA
NovelmiRNA-216,0,0,2.489576906684891,NA,NA
NovelmiRNA-2733,21.23975549017666,-0.6634375398594908,1.0522207291731167,0.02988647139014322,0.19700673997992368
NovelmiRNA-1440,55.61473782558566,0.04388639846326143,0.7822502365104514,0.8234418079816044,0.9861156866908838
NovelmiRNA-194,0,0,2.489576906684891,NA,NA
NovelmiRNA-2555,0,0,2.489576906684891,NA,NA
NovelmiRNA-852,2.836314996907474,0.13357131662603636,0.8020848931473961,0.5034296189092017,NA
NovelmiRNA-2058,1.334343690076325,0.023763691755329303,0.7808954966935863,0.9036275047290251,NA
NovelmiRNA-58,0,0,2.489576906684891,NA,NA
NovelmiRNA-3622,0.5953701258374154,0.016355015226279534,0.7807346148499927,0.93351382699006,NA
NovelmiRNA-470,1.3614311985155874,0.1319539194050966,0.8018754991673233,0.5079820557556456,NA
NovelmiRNA-1255,1.9630087572257515,-0.010689736677394049,0.7803410923942506,0.9565547648533044,NA
NovelmiRNA-950,29.605998853762706,0.04661953578725685,0.7798813638033805,0.8148944282144295,0.9861156866908838
NovelmiRNA-3539,0,0,2.489576906684891,NA,NA
NovelmiRNA-548,4.418149394218449,-0.006516393013040835,0.7738976847408019,0.9743155624986964,NA
NovelmiRNA-1366,0,0,2.489576906684891,NA,NA
NovelmiRNA-644,0,0,2.489576906684891,NA,NA
NovelmiRNA-2289,21.969090149350478,-0.016073892510015682,0.7753366704899108,0.9363295339252135,0.9861156866908838
NovelmiRNA-2496,8.872801919559434,0.15766131954362247,0.7849911944513805,0.4668533819852133,0.7993969333340841
NovelmiRNA-2735,0,0,2.489576906684891,NA,NA
NovelmiRNA-2327,0,0,2.489576906684891,NA,NA
NovelmiRNA-2639,25.949479552357563,1.1107514017921536,1.8996524844092104,0.007302707680882231,0.08577362112454402
NovelmiRNA-1359,0,0,2.489576906684891,NA,NA
NovelmiRNA-3665,0,0,2.489576906684891,NA,NA
NovelmiRNA-1469,19.627623126920533,0.2046024970739014,0.8261886788087449,0.3264798619480032,0.6996048560343888
NovelmiRNA-52,1.0296329455732198,0.07930192368775701,0.785568897913982,0.6901615819029945,NA
NovelmiRNA-539,0,0,2.489576906684891,NA,NA
NovelmiRNA-1532,0,0,2.489576906684891,NA,NA
NovelmiRNA-1497,0,0,2.489576906684891,NA,NA
NovelmiRNA-814,0,0,2.489576906684891,NA,NA
NovelmiRNA-323,0,0,2.489576906684891,NA,NA
NovelmiRNA-2948,1.0534518586851913,-0.05230028506831026,0.7809885223071735,0.7924715004115177,NA
NovelmiRNA-1917,0,0,2.489576906684891,NA,NA
NovelmiRNA-3132,1.5669500630612059,-0.07752126579460096,0.7851852338111924,0.696769412493754,NA
NovelmiRNA-3626,0,0,2.489576906684891,NA,NA
NovelmiRNA-2719,1.1345259987629894,0.13136559191618535,0.8018023253784066,0.5096445225464006,NA
NovelmiRNA-2877,0.34035779962889684,0.12456665332649977,0.8010734047199002,0.5291102018392639,NA
NovelmiRNA-1011,0,0,2.489576906684891,NA,NA
NovelmiRNA-1930,8.58728758419008,-0.2175029298103194,0.838810799634134,0.29578073195306614,0.6792676643435935
NovelmiRNA-2065,2.552029063323309,0.0708054841126812,0.7859452354633151,0.7195266251769261,NA
NovelmiRNA-1492,3.671449109330729,0.015066291226415356,0.780386965197345,0.9388275815195287,NA
NovelmiRNA-3411,0.39691341722494367,0.017066532794830943,0.7809334437806761,0.9305735204893697,NA
NovelmiRNA-2695,0,0,2.489576906684891,NA,NA
NovelmiRNA-2634,4.375173770977408,0.3997427113799973,1.041033094668308,0.08924417771687648,NA
NovelmiRNA-207,0,0,2.489576906684891,NA,NA
NovelmiRNA-1694,29.990205122800546,0.033770876630636916,0.7789933869628797,0.8650659487622936,0.9861156866908838
NovelmiRNA-932,0,0,2.489576906684891,NA,NA
NovelmiRNA-3547,0,0,2.489576906684891,NA,NA
NovelmiRNA-2559,19.139280053946695,-0.16898703992057618,0.8125249617462229,0.40710065566053083,0.7742229373820142
NovelmiRNA-819,0,0,2.489576906684891,NA,NA
NovelmiRNA-2141,1.3097739166178926,0.1243131934565543,0.7991413966433742,0.5322474620972074,NA
NovelmiRNA-1581,3.0056380655686183,0.10666102185647075,0.7915220261284218,0.5936515282142408,NA
NovelmiRNA-1067,0,0,2.489576906684891,NA,NA
NovelmiRNA-94,0.14826041000848056,0.02809256058871273,0.7825030340452525,0.8854897486451808,NA
NovelmiRNA-2374,0,0,2.489576906684891,NA,NA
NovelmiRNA-2525,0,0,2.489576906684891,NA,NA
NovelmiRNA-3311,3.7275431148213416,-0.22874128082076586,0.7661299913093708,0.3562473362810546,NA
NovelmiRNA-3578,0,0,2.489576906684891,NA,NA
NovelmiRNA-730,81.67735406353745,-0.011555737887274785,0.7802250376260261,0.9530708555785536,0.9861156866908838
NovelmiRNA-3303,4.789662590804691,0.20410802595956196,0.8041222193140309,0.3491313831670135,NA
NovelmiRNA-3493,0,0,2.489576906684891,NA,NA
NovelmiRNA-2503,1.4773158688399985,-0.010409692084408643,0.780379469844459,0.9576824887664567,NA
NovelmiRNA-1498,0,0,2.489576906684891,NA,NA
NovelmiRNA-1871,8.868234440888866,0.36335083997256107,0.8600068905706018,0.13999894705751753,0.46142510101610373
NovelmiRNA-3568,1009.9030204559508,0.07718820313686192,0.7839928562661633,0.6993347279599189,0.9189714970568785
NovelmiRNA-1461,0,0,2.489576906684891,NA,NA
NovelmiRNA-1632,0,0,2.489576906684891,NA,NA
NovelmiRNA-250,0,0,2.489576906684891,NA,NA
NovelmiRNA-3289,11.372048789252075,0.8631024202032307,1.0451791391718988,0.014308931113853625,0.13396477535578902
NovelmiRNA-2304,0,0,2.489576906684891,NA,NA
NovelmiRNA-2209,0,0,2.489576906684891,NA,NA
NovelmiRNA-3621,3.803518752269939,-0.07951516199128027,0.7661444780255593,0.7133315036010046,NA
NovelmiRNA-290,0,0,2.489576906684891,NA,NA
NovelmiRNA-731,0,0,2.489576906684891,NA,NA
NovelmiRNA-2455,0,0,2.489576906684891,NA,NA
NovelmiRNA-2660,3.3816486350928807,0.1158606711479833,0.7619987147662802,0.6087166130519922,NA
NovelmiRNA-2969,1.271333402555578,0.0982232147009937,0.7916712376662458,0.61977957925177,NA
NovelmiRNA-2886,1.118219901145526,0.06186507300646537,0.785052833055278,0.7529290538793183,NA
NovelmiRNA-1136,0,0,2.489576906684891,NA,NA
NovelmiRNA-3265,0,0,2.489576906684891,NA,NA
NovelmiRNA-609,3.4200874223830104,-0.011060229245316154,0.7802908060212587,0.9550636785965014,NA
NovelmiRNA-2705,0,0,2.489576906684891,NA,NA
NovelmiRNA-995,1.037822870059364,0.023944863308167207,0.7809585294539785,0.9028728933015554,NA
NovelmiRNA-3422,63.02584287269105,0.3081227592418636,0.6891630414518353,0.33095983680536767,0.6996048560343888
NovelmiRNA-3779,0,0,2.489576906684891,NA,NA
NovelmiRNA-895,0,0,2.489576906684891,NA,NA
NovelmiRNA-1279,11.538607018319425,0.21165235103723373,0.8377548973342899,0.30560235557747034,0.6792676643435935
NovelmiRNA-1816,0,0,2.489576906684891,NA,NA
NovelmiRNA-151,3.1563848936355003,-0.10028237616155282,0.7889816916848296,0.6167309207496543,NA
NovelmiRNA-2357,0,0,2.489576906684891,NA,NA
NovelmiRNA-1984,0,0,2.489576906684891,NA,NA
NovelmiRNA-11,0,0,2.489576906684891,NA,NA
NovelmiRNA-3712,0,0,2.489576906684891,NA,NA
NovelmiRNA-676,0,0,2.489576906684891,NA,NA
NovelmiRNA-1988,0,0,2.489576906684891,NA,NA
NovelmiRNA-1553,2.43641325344984,0.04704186792789873,0.7803474380658166,0.8128991201662079,NA
NovelmiRNA-3274,0,0,2.489576906684891,NA,NA
NovelmiRNA-1932,0,0,2.489576906684891,NA,NA
NovelmiRNA-3297,0,0,2.489576906684891,NA,NA
NovelmiRNA-2497,0,0,2.489576906684891,NA,NA
NovelmiRNA-674,0.1651296026037606,0.020633854533377134,0.7825403085218192,0.9155471633281658,NA
NovelmiRNA-2332,0.7254274567240026,0.03915087738666322,0.7826047558734569,0.8415953613980556,NA
NovelmiRNA-1026,12.545657414980319,-4.895980718178704e-4,0.7753860030800991,0.9980552092049548,0.9983253425513429
NovelmiRNA-3827,0,0,2.489576906684891,NA,NA
NovelmiRNA-2406,0,0,2.489576906684891,NA,NA
NovelmiRNA-1696,0.7430832117169228,0.014829915626745434,0.7808333162953125,0.9396547190645217,NA
NovelmiRNA-1805,134.8428223957884,0.15597548763223046,0.8038159609995176,0.4459188624616429,0.7935635954551552
NovelmiRNA-3058,0,0,2.489576906684891,NA,NA
NovelmiRNA-240,0,0,2.489576906684891,NA,NA
NovelmiRNA-652,0.544215223922602,-0.049153698535445704,0.7828589707889441,0.8027137689673883,NA
NovelmiRNA-2381,0.8895624600508834,0.024080177457127986,0.7810055411822304,0.9023091779714149,NA
NovelmiRNA-3586,0,0,2.489576906684891,NA,NA
NovelmiRNA-3806,0,0,2.489576906684891,NA,NA
NovelmiRNA-2569,20.45102441476779,4.276252524384413,4.647878448420439,7.156923176371967e-4,0.015530895233793614
NovelmiRNA-362,0,0,2.489576906684891,NA,NA
NovelmiRNA-3022,0,0,2.489576906684891,NA,NA
NovelmiRNA-2290,112.86323578444036,0.2169340519449477,0.8379910130588565,0.2972541785122238,0.6792676643435935
NovelmiRNA-2767,0,0,2.489576906684891,NA,NA
NovelmiRNA-606,0,0,2.489576906684891,NA,NA
NovelmiRNA-402,0,0,2.489576906684891,NA,NA
NovelmiRNA-1858,0,0,2.489576906684891,NA,NA
NovelmiRNA-2718,0,0,2.489576906684891,NA,NA
NovelmiRNA-1605,0,0,2.489576906684891,NA,NA
NovelmiRNA-3157,0,0,2.489576906684891,NA,NA
NovelmiRNA-1168,0,0,2.489576906684891,NA,NA
NovelmiRNA-3423,94.93758820089771,0.15830248705876143,0.7430368153847363,0.5292158749285745,0.8174741850033582
NovelmiRNA-2502,0,0,2.489576906684891,NA,NA
NovelmiRNA-1833,0.28251853390123954,0.09550687742111705,0.7920575151189136,0.6280123199361543,NA
NovelmiRNA-122,0,0,2.489576906684891,NA,NA
NovelmiRNA-3382,5.008585842986636,0.020144012753859693,0.7763100351030485,0.91994567034594,NA
NovelmiRNA-1972,0,0,2.489576906684891,NA,NA
NovelmiRNA-483,0,0,2.489576906684891,NA,NA
NovelmiRNA-1484,0.7083021288958897,-0.009253288841371592,0.7805441238642298,0.9623447219602862,NA
NovelmiRNA-3365,0,0,2.489576906684891,NA,NA
NovelmiRNA-2710,0.4836183044826683,0.03985987248901825,0.7830529410932374,0.838496355826956,NA
NovelmiRNA-2429,0,0,2.489576906684891,NA,NA
NovelmiRNA-2026,3.7452673944659436,0.002679840732592802,0.7760993966759435,0.9893184323647553,NA
NovelmiRNA-789,1.9716681689108915,0.1019933169206592,0.7911390619019394,0.6085640884562307,NA
NovelmiRNA-823,0,0,2.489576906684891,NA,NA
NovelmiRNA-2825,0.9015134358657051,0.07025307044792682,0.7852006706857569,0.7223292350865127,NA
NovelmiRNA-350,1.8365056539333335,0.06512809306276768,0.7850826023797691,0.7409426142365376,NA
NovelmiRNA-3304,1.3547404086987451,-0.0883167882511078,0.7876134727733328,0.6571597088483808,NA
NovelmiRNA-3717,130.95484134900843,0.007993444185660765,0.6854875237964752,0.9778981977605662,0.9917146558136982
NovelmiRNA-1538,0.8660398328324832,-0.06776960708055818,0.7846702930868732,0.7318200678194545,NA
NovelmiRNA-3633,0,0,2.489576906684891,NA,NA
NovelmiRNA-2431,0,0,2.489576906684891,NA,NA
NovelmiRNA-2954,0,0,2.489576906684891,NA,NA
NovelmiRNA-1720,0,0,2.489576906684891,NA,NA
NovelmiRNA-1688,0.8475556017037187,0.09782226252035844,0.7917271266209952,0.6209879758335255,NA
NovelmiRNA-1652,11.142971987578106,0.045327544572404184,0.7605338141470916,0.8354943766658056,0.9861156866908838
NovelmiRNA-2193,0,0,2.489576906684891,NA,NA
NovelmiRNA-225,0,0,2.489576906684891,NA,NA
NovelmiRNA-2743,6.4979262797285084,0.09887837861081716,0.7915810190258211,0.61780973533224,0.86881258446764
NovelmiRNA-2021,0,0,2.489576906684891,NA,NA
NovelmiRNA-1424,0,0,2.489576906684891,NA,NA
NovelmiRNA-2306,0.4452184810202735,-0.008052624910133584,0.780723798173554,0.9671952302801372,NA
NovelmiRNA-215,1.4748837983918865,0.13218499779979384,0.8019046855858107,0.5073300270431549,NA
NovelmiRNA-353,0,0,2.489576906684891,NA,NA
NovelmiRNA-1558,0,0,2.489576906684891,NA,NA
NovelmiRNA-624,0,0,2.489576906684891,NA,NA
NovelmiRNA-322,1.9639622221076174,0.14303287430189604,0.8067542111690891,0.47346129963107847,NA
NovelmiRNA-2716,1.1300741356049582,0.09812255344933782,0.7916852302450673,0.6200827357899569,NA
NovelmiRNA-3371,15.308176538745064,-0.11308412634570046,0.7928260239587285,0.5726547584202536,0.8465331211429835
NovelmiRNA-3615,0,0,2.489576906684891,NA,NA
NovelmiRNA-2975,0,0,2.489576906684891,NA,NA
NovelmiRNA-841,1.217945999985952,0.19040836495406274,0.8262456528832287,0.35122474046531105,NA
NovelmiRNA-1764,0,0,2.489576906684891,NA,NA
NovelmiRNA-2598,0,0,2.489576906684891,NA,NA
NovelmiRNA-1826,0,0,2.489576906684891,NA,NA
NovelmiRNA-2132,1.5883363982681853,0.13238520821913877,0.801930163778829,0.5067655424821123,NA
NovelmiRNA-1735,3655.0304471640634,-0.35918383895366707,0.9815840955041026,0.11444678732344309,0.42147563026470086
NovelmiRNA-3471,1300.4192938675685,-0.5430647129196088,1.2923235198226333,0.042788212025571426,0.24901968440107336
NovelmiRNA-896,0,0,2.489576906684891,NA,NA
NovelmiRNA-3474,1.2479785986392886,0.1316843220015501,0.8018417699093354,0.5087434378664667,NA
NovelmiRNA-1797,102.89100837929222,0.6414104624882226,0.9574332459088902,0.03656803141155042,0.22285800275341106
NovelmiRNA-498,0,0,2.489576906684891,NA,NA
NovelmiRNA-3520,0,0,2.489576906684891,NA,NA
NovelmiRNA-854,0,0,2.489576906684891,NA,NA
NovelmiRNA-79,0,0,2.489576906684891,NA,NA
NovelmiRNA-1965,0,0,2.489576906684891,NA,NA
NovelmiRNA-1573,0,0,2.489576906684891,NA,NA
NovelmiRNA-2581,0,0,2.489576906684891,NA,NA
NovelmiRNA-393,0,0,2.489576906684891,NA,NA
NovelmiRNA-859,0,0,2.489576906684891,NA,NA
NovelmiRNA-742,0,0,2.489576906684891,NA,NA
NovelmiRNA-494,3.5314816737654944,0.09874340939146767,0.7915994659484151,0.6182150981390577,NA
NovelmiRNA-1579,1.2090457612066707,0.03855818849627165,0.7822362547910494,0.8441778359755825,NA
NovelmiRNA-280,26.04862218984545,-0.6707298259325116,1.536984566890582,0.026316917061704265,0.18280353141785974
NovelmiRNA-2786,131.25433879407643,0.18548822256075184,0.7987926574917114,0.3894695834003453,0.7567213554501183
NovelmiRNA-845,0,0,2.489576906684891,NA,NA
NovelmiRNA-1058,0,0,2.489576906684891,NA,NA
NovelmiRNA-217,0,0,2.489576906684891,NA,NA
NovelmiRNA-495,12.252880786640286,0.13480553970441952,0.8022528325579962,0.4999732787215517,0.8098744126290339
NovelmiRNA-3526,1.3786265288769692,0.10225069030905695,0.7913907855477642,0.6074345733916819,NA
NovelmiRNA-3544,0,0,2.489576906684891,NA,NA
NovelmiRNA-1022,0,0,2.489576906684891,NA,NA
NovelmiRNA-3537,130.95484134900843,0.007993444185660765,0.6854875237964752,0.9778981977605662,0.9917146558136982
NovelmiRNA-853,73.84322523383351,0.4371964192194237,0.9324230539783515,0.08673267870525284,0.3735287362906222
NovelmiRNA-625,4.695908463408901,-0.07764389844447654,0.7645825999776309,0.7213589668822287,NA
NovelmiRNA-2180,0.24180915224133415,0.04198001957211669,0.7843030769806983,0.8292698284063935,NA
NovelmiRNA-2235,56.1177658122372,-0.01154553364124849,0.7802263527141421,0.953111883625658,0.9861156866908838
NovelmiRNA-2166,0,0,2.489576906684891,NA,NA
NovelmiRNA-3017,3.8130688908072545,-0.08317725080696979,0.7856521767971842,0.6768276891791947,NA
NovelmiRNA-2963,0,0,2.489576906684891,NA,NA
NovelmiRNA-3130,0.8256480130188031,0.01461836014353314,0.7807772631517926,0.9405274623873191,NA
NovelmiRNA-1069,0,0,2.489576906684891,NA,NA
NovelmiRNA-1638,232.55854765306762,0.38475121593168377,0.6942211282977099,0.240383613149227,0.6162214845015899
NovelmiRNA-1973,0,0,2.489576906684891,NA,NA
NovelmiRNA-315,0,0,2.489576906684891,NA,NA
NovelmiRNA-3628,210.14268689434232,1.6247955834560273,1.6720624079098507,0.0013849185329338658,0.025561639207865063
NovelmiRNA-3433,0,0,2.489576906684891,NA,NA
NovelmiRNA-1927,0,0,2.489576906684891,NA,NA
NovelmiRNA-392,90.51982767406938,-0.07581824308215954,0.46762907033619455,0.8028091595519109,0.9861156866908838
NovelmiRNA-2234,0,0,2.489576906684891,NA,NA
NovelmiRNA-3557,7.132678146807869,-0.4266537407349776,0.8504283494581013,0.10962693286837703,0.42147563026470086
NovelmiRNA-102,2.3963874782881356,0.08189586863528935,0.785357276197997,0.6815376576790495,NA
NovelmiRNA-1691,0.6151830594342443,0.08542478583729925,0.788684023352427,0.6655184716909963,NA
NovelmiRNA-1924,0,0,2.489576906684891,NA,NA
NovelmiRNA-966,0,0,2.489576906684891,NA,NA
NovelmiRNA-1028,11.736612730497674,0.5362689360379985,1.2264611667528507,0.044609129381391534,0.2550221024812295
NovelmiRNA-2753,0,0,2.489576906684891,NA,NA
NovelmiRNA-2170,0,0,2.489576906684891,NA,NA
NovelmiRNA-880,0,0,2.489576906684891,NA,NA
NovelmiRNA-2187,8.711556806655684,0.029941912997282355,0.7495607894920872,0.8960462270276276,0.9861156866908838
NovelmiRNA-863,2.766696915298634,0.15202288844420664,0.7755566430713801,0.49393799385250264,NA
NovelmiRNA-3629,39.805517749045954,-0.06290302282418307,0.7813828999605814,0.752935368799146,0.9537181338122516
NovelmiRNA-1767,3.3141967636599636,0.038686704022905145,0.7818239062936445,0.8439667110437604,NA
NovelmiRNA-357,2.6094097971548758,0.13343647469368713,0.8020669779627266,0.5038081478698935,NA
NovelmiRNA-1052,0,0,2.489576906684891,NA,NA
NovelmiRNA-330,0,0,2.489576906684891,NA,NA
NovelmiRNA-1881,0,0,2.489576906684891,NA,NA
NovelmiRNA-2495,0,0,2.489576906684891,NA,NA
NovelmiRNA-352,0,0,2.489576906684891,NA,NA
NovelmiRNA-3349,0.19845670861247183,0.018992697205325912,0.7814964668482578,0.9225896629462677,NA
NovelmiRNA-2510,0,0,2.489576906684891,NA,NA
NovelmiRNA-1734,11995.764027661397,15.441858667203602,2.4868572582579045,2.9851342238192796e-10,1.6069972571560457e-8
NovelmiRNA-1894,0,0,2.489576906684891,NA,NA
NovelmiRNA-1161,0,0,2.489576906684891,NA,NA
NovelmiRNA-1561,0,0,2.489576906684891,NA,NA
NovelmiRNA-1443,1.5538519364568175,0.09837023988918064,0.7916508854055374,0.6193370038334366,NA
NovelmiRNA-1321,181.70408677916504,0.7439955180029425,0.6368752344083148,0.05494748626737973,0.2888065050505383
NovelmiRNA-3397,24.74040964182745,-0.2664480014519449,0.7117222530939562,0.3685750163269672,0.7343413387890044
NovelmiRNA-747,0,0,2.489576906684891,NA,NA
NovelmiRNA-54,0,0,2.489576906684891,NA,NA
NovelmiRNA-1191,0,0,2.489576906684891,NA,NA
NovelmiRNA-1192,0,0,2.489576906684891,NA,NA
NovelmiRNA-2501,6.945005545163491,0.06771656697072789,0.7826760600755581,0.734193381759646,0.9477882727374751
NovelmiRNA-3691,2.266566812466847,-0.010805103644600593,0.78032534859843,0.9560903579769087,NA
NovelmiRNA-1656,0,0,2.489576906684891,NA,NA
NovelmiRNA-1634,0,0,2.489576906684891,NA,NA
NovelmiRNA-3566,0,0,2.489576906684891,NA,NA
NovelmiRNA-2443,2.2977358061874082,0.06890565784459655,0.7833058022063969,0.729246797613939,NA
NovelmiRNA-746,0.6273621466753556,-0.10661752572667185,0.7926058611378747,0.592371048346558,NA
NovelmiRNA-528,0,0,2.489576906684891,NA,NA
NovelmiRNA-3469,1.1119530750636044,0.023891213047212406,0.7809396942426335,0.9030964554025435,NA
NovelmiRNA-1252,0.9823304374634194,0.12364258353862143,0.7990859396265464,0.5341893966069221,NA
NovelmiRNA-1107,0,0,2.489576906684891,NA,NA
NovelmiRNA-1560,0,0,2.489576906684891,NA,NA
NovelmiRNA-3794,0,0,2.489576906684891,NA,NA
NovelmiRNA-3030,3.5242466231879206,0.012905420660495546,0.7533422124494287,0.9541408740675542,NA
NovelmiRNA-3540,0.24769440390564093,0.018462416304661868,0.781861837609572,0.92460528118809715,NA
NovelmiRNA-846,0,0,2.489576906684891,NA,NA
NovelmiRNA-449,1.9344732179306732,0.038214115961346405,0.7820249116684442,0.8456736291131346,NA
NovelmiRNA-1610,0,0,2.489576906684891,NA,NA
NovelmiRNA-3770,10.969432791414924,0.11204589405392797,0.7657288565428833,0.6140507051083933,0.86881258446764
NovelmiRNA-1082,0,0,2.489576906684891,NA,NA
NovelmiRNA-2286,0,0,2.489576906684891,NA,NA
NovelmiRNA-679,8.70512948068803,0.03775536442401097,0.7817463808808693,0.8476638769012503,0.9861156866908838
NovelmiRNA-1770,0,0,2.489576906684891,NA,NA
NovelmiRNA-788,3.1531824637525725,0.06821396564925652,0.7830877451912212,0.731960161757702,NA
NovelmiRNA-69,0,0,2.489576906684891,NA,NA
NovelmiRNA-1885,0,0,2.489576906684891,NA,NA
NovelmiRNA-2529,0,0,2.489576906684891,NA,NA
NovelmiRNA-1410,0.5457559486842976,0.016487322589455736,0.7807712207176828,0.9329674284349359,NA
NovelmiRNA-900,0,0,2.489576906684891,NA,NA
NovelmiRNA-3439,0,0,2.489576906684891,NA,NA
NovelmiRNA-2526,0,0,2.489576906684891,NA,NA
NovelmiRNA-2784,0.28251853390123954,0.09550687742111705,0.7920575151189136,0.6280123199361543,NA
NovelmiRNA-3261,3.3866658838678156,-0.07156254127341045,0.7815259264350676,0.721836982507363,NA
hsa-miR-106b-3p,216.07262372061183,-23.981339716086865,3.0827768633238137,1.6834769818246655e-15,1.3594076628234175e-13
hsa-miR-5696,0,0,2.489576906684891,NA,NA
hsa-miR-4729,0.24180915224133415,0.04198001957211669,0.7843030769806983,0.8292698284063935,NA
hsa-miR-3679-3p,7.637180623324959,0.028355968907659644,0.7147840725512272,0.9147989741881272,0.9861156866908838
hsa-miR-873-3p,446.74425255035226,-0.4647933532238891,0.7617580105671121,0.13351406172609684,0.45422286920588834
hsa-miR-586,0,0,2.489576906684891,NA,NA
hsa-miR-3190-3p,0.3706510250212014,0.025332027722373827,0.7814522643109705,0.8970828938227974,NA
hsa-miR-4800-3p,0.2965208200169611,0.02583433059712085,0.7816366286821567,0.8949805495098936,NA
hsa-miR-6872-5p,0,0,2.489576906684891,NA,NA
hsa-miR-7108-5p,0.24769440390564093,0.018462416304661868,0.781861837609572,0.92460528118809715,NA
hsa-miR-518e-3p,0,0,2.489576906684891,NA,NA
hsa-miR-767-3p,96.96729162476707,0.4844111146334308,0.681601174002259,0.1655753872205115,0.5183196284370142
hsa-miR-4433b-5p,3.308375309062134,-0.21749868713899398,0.8384203435302974,0.2960770044623708,NA
hsa-miR-548f-3p,32.61172014992051,0.04628262085978417,0.7798549615676517,0.8161969165727756,0.9861156866908838
hsa-miR-4467,3.3425600412052963,0.19394146346534213,0.8285541428977481,0.34279546661238874,NA
hsa-miR-4793-3p,1.3962390086477692,0.10351210178452476,0.7930705689167987,0.6013418413513529,NA
hsa-miR-4699-5p,2.304441929109034,0.08482217677938918,0.78667707104265,0.6700124603404372,NA
hsa-miR-483-3p,418.6174843527789,0.032227672394160474,0.6040757332391842,0.9202207796336768,0.9861156866908838
hsa-miR-3138,0,0,2.489576906684891,NA,NA
hsa-miR-3121-3p,0,0,2.489576906684891,NA,NA
hsa-miR-6866-3p,56.944954028888475,-0.137424198473913,0.532146278265054,0.6705328920598561,0.903565405340379
hsa-miR-519b-3p,9.37642613660449,-0.5844075041273064,0.93134231802406,0.04774065254785,0.26586604780957845
hsa-miR-4498,0.2965208200169611,0.02583433059712085,0.7816366286821567,0.8949805495098936,NA
hsa-miR-1245b-5p,0,0,2.489576906684891,NA,NA
hsa-miR-493-3p,1163.829815461559,0.4227834487282715,0.6068422009881359,0.22901824025291834,0.5989707821999403
hsa-miR-3120-3p,3.9248701711362513,-0.040729511930128616,0.7626120047439089,0.8502405122422675,NA
hsa-miR-6516-5p,59.98695887476618,-0.31070287042518957,0.6578888232301594,0.3470210554326394,0.7116685771729684
hsa-miR-5579-3p,2.4765200529148177,0.22794815585965347,0.8212365894005846,0.29441153142486065,NA
hsa-miR-3691-5p,0.6198693369283622,0.0853693972217521,0.788800896116265,0.6655626671655223,NA
hsa-miR-3160-5p,0,0,2.489576906684891,NA,NA
hsa-miR-199a-5p,23161.78023733592,0.3641790582465127,0.6525644131193717,0.2831643633218558,0.6715440491824617
hsa-miR-4476,0,0,2.489576906684891,NA,NA
hsa-miR-6825-5p,0.24180915224133415,0.04198001957211669,0.7843030769806983,0.8292698284063935,NA
hsa-miR-9985,7.690137399441089,-0.01134454706990119,0.7802528009916055,0.9539200348800692,0.9861156866908838
hsa-miR-32-3p,25.25603019605915,-0.011506057453319408,0.7802314916422155,0.953270601191776,0.9861156866908838
hsa-miR-2276-5p,3.908145422179533,0.09384037345215714,0.7168936218949853,0.7253236541239665,NA
hsa-miR-627-5p,8.664715179105325,0.02527883400036636,0.7413998996153877,0.9153713492759673,0.9861156866908838
hsa-miR-3914,0,0,2.489576906684891,NA,NA
hsa-miR-3157-3p,8.929896335369996,0.5055218695337201,0.7212443256985893,0.13496218086603318,0.45422286920588834
hsa-miR-6818-3p,1.6951112034074374,0.09842550717880028,0.7916432404102689,0.6191707298334398,NA
hsa-miR-1913,0.28251853390123954,0.09550687742111705,0.7920575151189136,0.6280123199361543,NA
hsa-miR-4658,0.09922835430623592,0.022145558386637242,0.7825007590838032,0.9094402224832518,NA
hsa-miR-4733-5p,0.04961417715311796,0.03452538181243721,0.7840113463981243,0.8589097081687832,NA
hsa-miR-509-5p,70.42973625285929,-0.19186781834321662,0.6768081541024228,0.5314762468143779,0.8174741850033582
hsa-miR-4717-5p,0.4836183044826683,0.03985987248901825,0.7830529410932374,0.838496355826956,NA
hsa-miR-3675-5p,0.9338452988515276,0.10366419929878314,0.7928351262827069,0.6011717056494279,NA
hsa-miR-3917,0,0,2.489576906684891,NA,NA
hsa-miR-4780,0,0,2.489576906684891,NA,NA
hsa-miR-4790-3p,0.0825648013018803,0.034947063464089614,0.7840096572544915,0.8572327554363433,NA
hsa-miR-142-5p,38.612584626667356,-0.011530831455773117,0.780228258923711,0.9531709953546773,0.9861156866908838
hsa-miR-4520-5p,1.3329445677499803,-0.11100532092526437,0.7929808054416495,0.5786252763837759,NA
hsa-miR-3161,0,0,2.489576906684891,NA,NA
hsa-miR-885-3p,1596.1283166280168,-0.352142793565357,0.5773051173358915,0.30417533312074996,0.6792676643435935
hsa-miR-5191,0.2965208200169611,0.02583433059712085,0.7816366286821567,0.8949805495098936,NA
hsa-miR-3919,0.2559233606123565,-0.04654816458078149,0.7832962675557351,0.8123302895438924,NA
hsa-miR-6767-5p,0,0,2.489576906684891,NA,NA
hsa-miR-615-5p,27.25482587911941,0.05070004192330264,0.7612581932120354,0.8160813661641662,0.9861156866908838
hsa-miR-376a-3p,363.1552183365226,-0.09428066644318803,0.5316135279850155,0.7694636246361161,0.9633207393700213
hsa-miR-511-3p,63.55983342097932,0.6422560344237682,0.696664940962202,0.08244486482233389,0.36730608741536336
hsa-miR-7973,0.7254274567240026,0.03915087738666322,0.7826047558734569,0.8415953613980556,NA
hsa-miR-6864-5p,0,0,2.489576906684891,NA,NA
hsa-miR-548v,2.372166560135689,0.023480799367908773,0.7807979877048354,0.9048049622945726,NA
hsa-miR-1295b-3p,0,0,2.489576906684891,NA,NA
hsa-miR-3682-3p,0,0,2.489576906684891,NA,NA
hsa-miR-4666b,0,0,2.489576906684891,NA,NA
hsa-miR-3191-5p,0,0,2.489576906684891,NA,NA
hsa-miR-299-5p,359.68570297345406,-0.48078353422012776,0.6070751415418424,0.17885238873046025,0.5399002014947538
hsa-miR-524-3p,0.1651296026037606,0.020633854533377134,0.7825403085218192,0.9155471633281658,NA
hsa-miR-18b-3p,9.293256705763453,0.29231174589586667,0.90011217977072,0.17805807250690314,0.5399002014947538
hsa-miR-4523,0.29710294146783445,-0.041264915220918685,0.7828982041310218,0.8331193793449756,NA
hsa-miR-6718-5p,24.345605306760625,-0.2030315686874421,0.8258421372613544,0.3294209584385444,0.6996048560343888
hsa-miR-3925-3p,0.1651296026037606,0.020633854533377134,0.7825403085218192,0.9155471633281658,NA
hsa-miR-6805-3p,0,0,2.489576906684891,NA,NA
hsa-miR-4427,0.7941681991340926,0.12992854454528263,0.8016302877932183,0.5137199539218005,NA
hsa-miR-4639-3p,3.491004725159011,0.08981878074527823,0.7763708389518729,0.666733260007143,NA
hsa-miR-3186-3p,0,0,2.489576906684891,NA,NA
hsa-miR-770-3p,54.8292296284027,-0.8534278459599425,0.8517960148588006,0.020175038025893453,0.15851881687838784
hsa-miR-642a-3p,19.993154947324737,0.1691025293803562,0.7419555656179811,0.5064485559955789,0.813845191972995
hsa-miR-7155-3p,0,0,2.489576906684891,NA,NA
hsa-miR-6800-3p,0.14826041000848056,0.02809256058871273,0.7825030340452525,0.8854897486451808,NA
hsa-miR-4727-5p,0.49538880781128186,0.015838764161997625,0.7811062869099312,0.9354873638726365,NA
hsa-miR-4786-5p,0.19845670861247183,0.018992697205325912,0.7814964668482578,0.9225896629462677,NA
hsa-miR-510-5p,0,0,2.489576906684891,NA,NA
hsa-miR-6834-5p,0.9861020838572289,0.08911808125109082,0.7887624539307979,0.6530662111842926,NA
hsa-miR-1228-5p,7.027455735229059,0.27194899170552994,0.7416758784277496,0.32460242989084515,0.6996048560343888
hsa-miR-556-3p,8.105160278260078,0.3475263244503156,0.742881215807685,0.2348485280830478,0.6117425368614874
hsa-miR-10399-5p,4.626640727784888,-0.10393588547771462,0.7894807800638226,0.604697164761951,NA
hsa-miR-4667-5p,1.5806274841031565,0.0353437433147176,0.7791391926291694,0.8588407288866066,NA
hsa-miR-302a-3p,25.06053567928944,0.32767431246736584,0.6323652334382152,0.3335577332176343,0.6996048560343888
hsa-miR-6845-5p,2.0019621646123125,-0.12066007704695816,0.7557295264538432,0.6047139825616812,NA
hsa-miR-409-5p,4138.077244315642,-0.015199880784697096,0.5356041680654147,0.9622554343418436,0.9861156866908838
hsa-miR-5003-3p,0,0,2.489576906684891,NA,NA
hsa-miR-3617-3p,2.403314570603275,-0.07706512818373855,0.7747950683951668,0.710828368881552,NA
hsa-miR-552-5p,68.32714278627954,-0.2707077676689881,0.6016699763071673,0.4207007059439113,0.7742810713383667
hsa-miR-6727-3p,0.10914782638482438,0.10282807894860581,0.795791243939471,0.600025562492553,NA
hsa-miR-3667-3p,0,0,2.489576906684891,NA,NA
hsa-miR-548al,0.4836183044826683,0.03985987248901825,0.7830529410932374,0.838496355826956,NA
hsa-miR-4657,0,0,2.489576906684891,NA,NA
hsa-miR-548ae-3p,47.55388168215386,-2.441031590493848,3.7879184593436785,0.0023585568910137055,0.03737812849366733
hsa-miR-147b-3p,2.992629440376887,0.10981871345440608,0.7914653374714392,0.584170401634636,NA
hsa-miR-5695,2.2060052220789164,-0.010705477469024461,0.7714614349046895,0.9583398481254868,NA
hsa-miR-625-5p,538.0274800197875,0.31936976085531404,0.7082207956288953,0.30036310680817124,0.6792676643435935
hsa-miR-548t-5p,2.6839260720617757,0.0986504308038883,0.7916122345364361,0.6184944564932402,NA
hsa-miR-6895-3p,0.824111523155779,0.002590040051721752,0.7786191080235629,0.9895486402369535,NA
hsa-miR-6779-3p,0.04961417715311796,0.03452538181243721,0.7840113463981243,0.8589097081687832,NA
hsa-miR-3678-5p,0,0,2.489576906684891,NA,NA
hsa-miR-1247-3p,8.456083891635174,-0.3309625789729073,0.7446362377472696,0.2497593034347994,0.6221293281679174
hsa-miR-3129-3p,0,0,2.489576906684891,NA,NA
hsa-miR-6733-3p,29.772540982144506,-0.42642818109501895,0.5877647745604672,0.22385768754414068,0.5951113833477979
hsa-miR-513b-5p,0.24807088576558978,0.018256349626096322,0.7812768880459892,0.9256460258131716,NA
hsa-miR-4728-3p,0.43659130553929754,0.1205798536181614,0.7988588390537551,0.5431163318710792,NA
hsa-miR-4725-3p,0,0,2.489576906684891,NA,NA
hsa-miR-1304-5p,25.46760149571856,0.4833267614279641,0.8088847161475922,0.10063792263519278,0.3988472271308867
hsa-miR-6762-5p,5.879024031362543,0.5402271583928808,0.942849797660052,0.05567976036274345,0.2888065050505383
hsa-miR-4761-3p,0.43659130553929754,0.1205798536181614,0.7988588390537551,0.5431163318710792,NA
hsa-miR-335-5p,2348.372463196659,-0.7664143838684189,0.5965161656221186,0.046680736095098006,0.26222396102115925
hsa-miR-6716-3p,1.8408223335160883,0.19757929490225076,0.8288599746792201,0.3361235736384394,NA
hsa-miR-6820-5p,2.3538785987364754,-0.09673418590440881,0.7877627271219548,0.629555904881683,NA
hsa-miR-6785-5p,0.19845670861247183,0.018992697205325912,0.7814964668482578,0.9225896629462677,NA
hsa-miR-6840-5p,0,0,2.489576906684891,NA,NA
hsa-miR-4433a-5p,0.6346015966628576,0.08137907537412857,0.7891076481813732,0.6787918029911818,NA
hsa-miR-521,0.5828466587889042,-0.020555962288810917,0.781196265782504,0.9163919416138374,NA
hsa-miR-1245a,0,0,2.489576906684891,NA,NA
hsa-miR-548ac,0.14884253145935386,0.020133049060081686,0.7818474753163475,0.9178456805497252,NA
hsa-miR-3187-5p,1.9407027725140433,0.19501328880703855,0.7835564055847785,0.39091767900307844,NA
hsa-miR-4772-3p,0.4836183044826683,0.03985987248901825,0.7830529410932374,0.838496355826956,NA
hsa-miR-1273h-3p,0,0,2.489576906684891,NA,NA
hsa-miR-6789-3p,0.5416349758808774,0.07841191749462453,0.7874977571331748,0.6909522231535037,NA
hsa-miR-5587-3p,0.19845670861247183,0.018992697205325912,0.7814964668482578,0.9225896629462677,NA
hsa-miR-520b-5p,1.9920942943165092,-0.1702634621971515,0.8139244152321932,0.40289559763484734,NA
hsa-miR-548q,0,0,2.489576906684891,NA,NA
hsa-miR-181c-3p,1323.1499164258548,-0.38930146478033967,0.5263642194382095,0.24425886993975676,0.6189299535388697
hsa-miR-10398-5p,6.627480946625187,-0.022034881770429046,0.7196049552161263,0.9325400920029466,0.9861156866908838
hsa-miR-331-5p,762.6510631013181,0.2203340634930323,0.4814355985326016,0.4786819352505471,0.8015844303713058
hsa-miR-7704,40.939863050182424,-0.011533488551367613,0.7802279110628211,0.953160312838561,0.9861156866908838
hsa-miR-4999-3p,3.658236070067812,0.01812536520392542,0.7765310531471505,0.9278350656188707,NA
hsa-miR-6796-3p,1.4385965943965882,-0.14656061838994103,0.8032654757544931,0.46895755552337837,NA
hsa-miR-1291,1.8820599424947926,-0.010652925222562117,0.7803461368300852,0.9567029666362503,NA
hsa-miR-6758-5p,2.123960375623406,0.0813071501024444,0.7693216960098892,0.7035074174778049,NA
hsa-miR-449b-5p,19.21126030528429,0.09898541501396758,0.7915665549236793,0.6174882821269039,0.86881258446764
hsa-miR-4758-5p,0,0,2.489576906684891,NA,NA
hsa-miR-4701-3p,1.3263063523657759,-0.1419346110853376,0.8032416112404221,0.48045129606653963,NA
hsa-miR-4637,0.45381039950519586,0.1267359355198643,0.8012824762568657,0.5228486510030557,NA
hsa-miR-5584-5p,11.19659122395542,-0.029981321058677932,0.6604324399748507,0.921381032369134,0.9861156866908838
hsa-miR-4450,0,0,2.489576906684891,NA,NA
hsa-miR-3135a,0.3927924444215235,0.1151623419151242,0.798493914848487,0.559229362525907,NA
hsa-miR-4671-5p,3.7526123470858237,0.2911278642295646,0.7415445847941541,0.2992921467577772,NA
hsa-miR-574-5p,0,0,2.489576906684891,NA,NA
hsa-miR-6748-5p,1.260162693870541,0.22981961345896548,0.8487213264727685,0.2711068322613424,NA
hsa-miR-188-3p,27.66971515100359,0.8923593023289457,0.8739893064298486,0.01634124030731441,0.14325021643550936
hsa-miR-4649-3p,0.42377780085185934,0.09664568459544909,0.7918934091098618,0.6245475308111089,NA
hsa-miR-4485-3p,0,0,2.489576906684891,NA,NA
hsa-miR-4724-5p,0,0,2.489576906684891,NA,NA
hsa-miR-519c-5p,4.535628800124083,-0.26207175173754516,0.8575355802492217,0.22584239081409793,NA
hsa-miR-5188,1.3480673959926404,-0.19336725207368624,0.824992432300487,0.3470035627848172,NA
hsa-miR-520b-3p,8.826592042437296,-0.6174726692739975,0.9584188869519872,0.040041929374461466,0.23515533069001918
hsa-miR-4521,10.029407953494005,0.09893520742082675,0.7915733043369939,0.6176390862359337,0.86881258446764
hsa-miR-4731-5p,0.24769440390564093,0.018462416304661868,0.781861837609572,0.92460528118809715,NA
hsa-miR-361-5p,9458.64573746945,-0.18879530944479994,0.52053528737348,0.5581493561832613,0.8365765292213151
hsa-miR-4760-3p,0.9359057852532376,0.028556567438012697,0.7794642361135381,0.8852679049681349,NA
hsa-miR-10526-3p,0,0,2.489576906684891,NA,NA
hsa-miR-4755-3p,2.9197349981304366,0.19968692430842935,0.8299691042679096,0.33153096907149304,NA
hsa-miR-4638-3p,0,0,2.489576906684891,NA,NA
hsa-miR-4516,2.15559939764968,0.13308598440612793,0.8020208017480576,0.5047929010217357,NA
hsa-miR-4672,0,0,2.489576906684891,NA,NA
hsa-miR-515-5p,0.9256293310449367,-0.07203629943095341,0.7851853438800017,0.7160005489758774,NA
hsa-miR-4664-5p,0.32744347915447314,0.11893679936082382,0.7987546001837863,0.5479450008580565,NA
hsa-miR-6844,0.24807088576558978,0.018256349626096322,0.7812768880459892,0.9256460258131716,NA
hsa-miR-4491,0,0,2.489576906684891,NA,NA
hsa-miR-6751-3p,0.5394942151600419,-0.029471585706479987,0.7817543483404928,0.8803851836540365,NA
hsa-miR-4431,0.7230516496290447,0.0760058741959922,0.7868479739994694,0.7001034605704923,NA
hsa-miR-7114-5p,5.0114626859636004,0.13629775185621024,0.6888807326235691,0.6420213539816408,NA
hsa-miR-6515-5p,4.401941171491624,0.1518676638221137,0.731037068822369,0.5612714530246176,NA
hsa-miR-3150a-5p,0.3302592052075212,0.017217837444655517,0.7814949948125636,0.9297755907212708,NA
hsa-miR-3150b-3p,0.24180915224133415,0.04198001957211669,0.7843030769806983,0.8292698284063935,NA
hsa-miR-6823-3p,0,0,2.489576906684891,NA,NA
hsa-miR-4798-3p,7.871199281904572,0.2561926854671685,0.71088113678432,0.38524084749821136,0.754138143890438
hsa-miR-4659b-3p,0,0,2.489576906684891,NA,NA
hsa-miR-3663-3p,0,0,2.489576906684891,NA,NA
hsa-miR-4716-3p,0,0,2.489576906684891,NA,NA
hsa-miR-526a-3p,0.826024494878752,-0.07814341425151924,0.7867824935902754,0.6927262915811709,NA
hsa-miR-4709-5p,0,0,2.489576906684891,NA,NA
hsa-miR-499b-3p,0.14884253145935386,0.020133049060081686,0.7818474753163475,0.9178456805497252,NA
hsa-miR-6754-5p,0.19845670861247183,0.018992697205325912,0.7814964668482578,0.9225896629462677,NA
hsa-miR-6736-5p,0.14884253145935386,0.020133049060081686,0.7818474753163475,0.9178456805497252,NA
hsa-miR-548aj-3p,46.912679913633745,-0.003343377701510261,0.7169637508874658,0.9898412879937838,0.9973493139116928
hsa-miR-549a-5p,23.4402677214095,-0.032217387733732325,0.7009403304217338,0.9074891568243877,0.9861156866908838
hsa-miR-6735-5p,0,0,2.489576906684891,NA,NA
hsa-miR-1909-3p,0.24769440390564093,0.018462416304661868,0.781861837609572,0.92460528118809715,NA
hsa-miR-6876-3p,0,0,2.489576906684891,NA,NA
hsa-miR-548ai,2.0636798054208008,-0.14849593339198502,0.8036793950957047,0.46374929715271884,NA
hsa-miR-4526,0,0,2.489576906684891,NA,NA
hsa-miR-628-3p,461.2434326192376,-0.28923811602580046,0.5375951464161478,0.38269310062406964,0.7529494042553785
hsa-miR-4678,0,0,2.489576906684891,NA,NA
hsa-miR-671-5p,293.0660960361864,-0.27412791720604346,0.5989198715299463,0.4154490444347517,0.7742229373820142
hsa-miR-1258,6.046857597263193,-0.5131722814009178,0.9994163561161808,0.05716817266516503,0.293100313822989
hsa-miR-4799-5p,0,0,2.489576906684891,NA,NA
hsa-miR-520c-5p,0.24807088576558978,0.018256349626096322,0.7812768880459892,0.9256460258131716,NA
hsa-miR-6717-3p,0.5416349758808774,0.07841191749462453,0.7874977571331748,0.6909522231535037,NA
hsa-miR-4638-5p,0.24180915224133415,0.04198001957211669,0.7843030769806983,0.8292698284063935,NA
hsa-miR-4676-5p,2.1084493235891264,0.1104499083266939,0.7866052119073043,0.5888168007346002,NA
hsa-miR-4797-5p,2.942213118143579,0.01974781211109288,0.7408506520530834,0.9339564854618708,NA
hsa-miR-10394-5p,0.14826041000848056,0.02809256058871273,0.7825030340452525,0.8854897486451808,NA
hsa-miR-4640-5p,0.24180915224133415,0.04198001957211669,0.7843030769806983,0.8292698284063935,NA
hsa-miR-609,0.14884253145935386,0.020133049060081686,0.7818474753163475,0.9178456805497252,NA
hsa-miR-520d-3p,0.4836183044826683,0.03985987248901825,0.7830529410932374,0.838496355826956,NA
hsa-miR-548at-5p,0.39691341722494367,0.017066532794830943,0.7809334437806761,0.9305735204893697,NA
hsa-miR-548j-3p,0,0,2.489576906684891,NA,NA
hsa-miR-3074-3p,27.91710774710423,1.0219006686817373,0.8214030815921606,0.010633561860500833,0.104080014573993
hsa-miR-6743-3p,5.891738878352051,-0.37701982223242664,0.8818147906973768,0.12480792625544199,0.4381843497881278
hsa-miR-6746-5p,0.19845670861247183,0.018992697205325912,0.7814964668482578,0.9225896629462677,NA
hsa-miR-7855-5p,0,0,2.489576906684891,NA,NA
hsa-miR-1912-3p,26.66877516614998,0.015219795290435843,0.6809075428588418,0.9583874175853923,0.9861156866908838
hsa-miR-6761-3p,0,0,2.489576906684891,NA,NA
hsa-miR-6827-3p,2.3061298198851157,-0.01710548677948874,0.7718500383363285,0.9334169047617398,NA
hsa-miR-7974,0,0,2.489576906684891,NA,NA
hsa-miR-6865-3p,0,0,2.489576906684891,NA,NA
hsa-miR-4776-5p,0.28251853390123954,0.09550687742111705,0.7920575151189136,0.6280123199361543,NA
hsa-miR-539-5p,1089.9864691590478,-0.6277691845139076,0.6083966255224751,0.09252947970489457,0.38031272287283796
hsa-miR-942-3p,33.87329270688592,1.142597564227644,1.1746096241589412,0.004922754035929886,0.06235488445511189
hsa-miR-518e-5p,0,0,2.489576906684891,NA,NA
hsa-miR-6860,0,0,2.489576906684891,NA,NA
hsa-miR-485-5p,1030.0311258021761,-0.15639796752424143,0.5013404360751343,0.6208316006374903,0.86881258446764
hsa-miR-5088-5p,0.34035779962889684,0.12456665332649977,0.8010734047199002,0.5291102018392639,NA
hsa-miR-4680-3p,0,0,2.489576906684891,NA,NA
hsa-miR-33b-3p,1.3794424980578073,-0.12318214848568906,0.7961539506654647,0.5392465679134981,NA
hsa-miR-3165,0.39065168370068803,-0.025150649299433513,0.7823305670608064,0.8973906816466022,NA
hsa-miR-6831-5p,0.04961417715311796,0.03452538181243721,0.7840113463981243,0.8589097081687832,NA
hsa-miR-939-5p,0.99612742147738,0.04569211780694623,0.7823986489494593,0.8163619185823858,NA
hsa-miR-132-3p,7644.089551691707,-0.7605554189600929,0.6495599775733351,0.050998964364600725,0.27685152083640396
hsa-miR-6810-3p,1.8075293377239599,-0.12920414660684137,0.7645770891845733,0.5683593459502871,NA
hsa-miR-3183,0.9645935469963797,-0.027118315250690563,0.7793569933737693,0.8910116016511651,NA
hsa-miR-512-5p,1.1671422757454475,0.08701569024109679,0.7883980452155819,0.6605234313744704,NA
hsa-miR-4802-3p,0.34035779962889684,0.12456665332649977,0.8010734047199002,0.5291102018392639,NA
hsa-miR-1915-5p,0,0,2.489576906684891,NA,NA
hsa-miR-548b-3p,22.830981511620067,0.14533623311124835,0.6870978451679021,0.6225859936274749,0.86881258446764
hsa-miR-466,0,0,2.489576906684891,NA,NA
hsa-miR-3163,0,0,2.489576906684891,NA,NA
hsa-miR-5699-3p,7.301559310193275,0.033312172731093416,0.7730170681774399,0.8705831554247683,0.9861156866908838
hsa-miR-1277-5p,45.15474076075064,0.24911890003714493,0.6583062443478714,0.43931800952460986,0.7883317615358277
hsa-miR-541-5p,27.3574615433222,0.02180394136360765,0.6250404678467137,0.9451993815628057,0.9861156866908838
hsa-miR-6729-3p,1.494138126467561,-0.04545332545553531,0.7794849295526366,0.819656132582737,NA
hsa-miR-33a-3p,20.092611027323624,-0.4502086942768581,1.118308886390361,0.06733798770524842,0.31985544159992996
hsa-miR-6792-5p,0,0,2.489576906684891,NA,NA
hsa-miR-4711-3p,0,0,2.489576906684891,NA,NA
hsa-miR-5583-3p,0.4836183044826683,0.03985987248901825,0.7830529410932374,0.838496355826956,NA
hsa-miR-6822-3p,0.46010480501098294,0.09529623115257226,0.791694027558543,0.6291504794583256,NA
hsa-miR-3936,0.09922835430623592,0.022145558386637242,0.7825007590838032,0.9094402224832518,NA
hsa-miR-140-3p,16958.2140996922,0.041468996772759864,0.4830684203235549,0.8931608513418272,0.9861156866908838
hsa-miR-7152-5p,6.101994590879785,0.1914505885848384,0.7272997130478257,0.4802061525598999,0.8015844303713058
hsa-miR-4712-5p,0.21829565276964877,0.11599515008224735,0.7985990507679168,0.5566596157641471,NA
hsa-miR-525-5p,1.2090457612066707,0.03855818849627165,0.7822362547910494,0.8441778359755825,NA
hsa-miR-1914-3p,3.3337782899133934,0.07200464290825989,0.736954428686389,0.7693876341059879,NA
hsa-miR-3944-3p,0.48920033108825073,0.07844771874552056,0.7866287123833864,0.6918524622041589,NA
hsa-miR-5009-5p,0.785584888843047,0.1315517681469465,0.8036427181103363,0.5068759466773493,NA
hsa-miR-377-5p,222.0245556079329,-0.26970236036726836,0.5570173944683728,0.4191126422533296,0.7742229373820142
hsa-miR-130b-3p,1454.6777107630185,2.059086011490505,0.7175353684411228,1.1234395941315844e-5,4.031899876716686e-4
hsa-miR-12114,0,0,2.489576906684891,NA,NA
hsa-miR-4796-3p,0.3927924444215235,0.1151623419151242,0.798493914848487,0.559229362525907,NA
hsa-miR-5000-5p,1.3975008370173156,0.03581064668099387,0.7795388635824259,0.8567583785840502,NA
hsa-miR-4670-5p,0,0,2.489576906684891,NA,NA
hsa-miR-3064-3p,8.924606824088212,-0.011376484057577631,0.7802485708932309,0.9537916031919927,0.9861156866908838
hsa-miR-6720-5p,18.80366416507753,-0.36627492384490257,0.7879934486696877,0.17753963989406088,0.5399002014947538
hsa-miR-6506-5p,0,0,2.489576906684891,NA,NA
hsa-miR-382-5p,3110.3054539034956,-0.5607670012172585,0.6157162215553283,0.12626104369011035,0.44088991472330424
hsa-miR-4703-3p,0,0,2.489576906684891,NA,NA
hsa-miR-4706,0.14826041000848056,0.02809256058871273,0.7825030340452525,0.8854897486451808,NA
hsa-miR-6848-5p,0,0,2.489576906684891,NA,NA
hsa-miR-3159,0,0,2.489576906684891,NA,NA
hsa-miR-1537-3p,1.0826878303108813,0.03243978436793543,0.7796878852054544,0.8698466267582609,NA
hsa-miR-3197,0,0,2.489576906684891,NA,NA
hsa-miR-6878-5p,0.6442313392706357,-0.06096366584237217,0.7843097583748575,0.7570101904560452,NA
hsa-miR-876-3p,117.25777501575118,-0.720167926012169,0.9655495081776911,0.0267479151332754,0.1838207784691054
hsa-miR-3692-5p,0,0,2.489576906684891,NA,NA
hsa-miR-2681-5p,28.042794979858527,0.2640174870735626,0.6056795302149856,0.43108605735740324,0.7844551916982605
hsa-miR-4435,0,0,2.489576906684891,NA,NA
hsa-miR-6728-5p,0,0,2.489576906684891,NA,NA
hsa-miR-506-5p,3.959178734298997,0.03653253339697596,0.7303566386805885,0.8838357321755093,NA
hsa-miR-3622a-3p,21.123920561760755,-0.1701114958693583,0.6379521318067315,0.5958712084199391,0.8668002484319905
hsa-miR-4765,0,0,2.489576906684891,NA,NA
hsa-miR-3615,25.38996098534009,0.037667222303390584,0.7816934666582926,0.8480456171679236,0.9861156866908838
hsa-miR-6852-5p,0.24180915224133415,0.04198001957211669,0.7843030769806983,0.8292698284063935,NA
hsa-miR-509-3-5p,98.94028148083095,-0.39715155802439517,0.6102159929476314,0.2547892727733969,0.6285792124512108
hsa-miR-522-5p,1.073342416924444,0.014167772455655358,0.7806591984791275,0.9423850018204266,NA
hsa-miR-3126-5p,0,0,2.489576906684891,NA,NA
hsa-miR-3942-5p,2.8008777773191067,0.2751418809589553,0.88750203794138,0.19847521066368745,NA
hsa-miR-548h-3p,0,0,2.489576906684891,NA,NA
hsa-miR-4776-3p,0.28251853390123954,0.09550687742111705,0.7920575151189136,0.6280123199361543,NA
hsa-miR-6858-5p,0.24769440390564093,0.018462416304661868,0.781861837609572,0.92460528118809715,NA
hsa-miR-3188,0.7254274567240026,0.03915087738666322,0.7826047558734569,0.8415953613980556,NA
hsa-miR-4482-3p,0,0,2.489576906684891,NA,NA
hsa-miR-5571-3p,0,0,2.489576906684891,NA,NA
hsa-miR-548as-5p,2.2181173585655327,0.0427171493325877,0.7812613946646478,0.8287293864579575,NA
hsa-miR-4749-5p,2.542144543980844,0.01705327333494356,0.7557782294939209,0.9387251981512008,NA
hsa-miR-3192-3p,0.14826041000848056,0.02809256058871273,0.7825030340452525,0.8854897486451808,NA
hsa-miR-6867-5p,0.9731218606296435,-0.03522489357987363,0.7814481144314799,0.8577939942881859,NA
hsa-miR-7112-3p,0.14884253145935386,0.020133049060081686,0.7818474753163475,0.9178456805497252,NA
hsa-miR-4529-3p,1.0528709358784756,0.09672601834280728,0.7899486395609121,0.6267631324779614,NA
hsa-miR-2682-3p,6964.6870826994655,-0.15252108489469982,0.6619674357695642,0.6226938492391909,0.86881258446764
hsa-miR-7843-5p,0.3216189693189567,-0.034785322336039606,0.7819855543748148,0.8591769855771937,NA
hsa-miR-6851-5p,0.4826536096796453,0.022498107436776445,0.7806973696066263,0.9087886067094337,NA
hsa-miR-4740-5p,0,0,2.489576906684891,NA,NA
hsa-miR-452-3p,138.77464236008512,-0.23602151251725836,0.645205691335758,0.4677929775591795,0.7993969333340841
hsa-miR-5690,4.523836576366233,-0.11173357362232887,0.7330159670239871,0.6598640745831422,NA
hsa-miR-338-3p,9237.045874888558,6.776351166564803e-4,0.54952973693039,0.9983253425513429,0.9983253425513429
hsa-miR-371b-3p,0,0,2.489576906684891,NA,NA
hsa-miR-548aq-3p,31.37076768451719,-0.10395421286823771,0.7897463687559155,0.6042909420743456,0.86881258446764
hsa-miR-4691-5p,0,0,2.489576906684891,NA,NA
hsa-miR-11399,2.893920126631778,-0.010968517521368664,0.7803031788398476,0.9554326951430185,NA
hsa-miR-513a-5p,0.4313610653605934,0.03868276551262375,0.7812293916804334,0.8444035578364953,NA
hsa-miR-219b-5p,2.894539135514528,0.20602911789501965,0.734395175331306,0.4419787700227014,NA
hsa-miR-6817-3p,1.102045509076296,-0.029393445533251877,0.7792092702675817,0.8821058925552051,NA
hsa-miR-519d-3p,1.0248576853511726,-0.07269936024460359,0.7851896024691264,0.7136477569235351,NA
hsa-miR-4766-3p,0,0,2.489576906684891,NA,NA
hsa-miR-4723-5p,0.8768571663931035,0.04424886292340266,0.7821430740408806,0.8221273912716949,NA
hsa-miR-6502-5p,0.2965208200169611,0.02583433059712085,0.7816366286821567,0.8949805495098936,NA
hsa-miR-2467-3p,12.73809446846987,0.03712942393534605,0.6885797872752111,0.8970151718820011,0.9861156866908838
hsa-miR-3920,0.28251853390123954,0.09550687742111705,0.7920575151189136,0.6280123199361543,NA
hsa-miR-4709-3p,0.4447812300254417,0.024986241751806002,0.7813270641224234,0.8985283676420378,NA
hsa-miR-3136-3p,2.201476282449394,-8.804906771039099e-4,0.7718332254617144,0.9965635659073543,NA
hsa-miR-378b,34.1486112665012,0.04817556439419621,0.7802984137635572,0.8086380072554037,0.9861156866908838
hsa-miR-3140-5p,0.22239061501272084,0.026631177351518064,0.7819352516534557,0.8916390136611234,NA
hsa-miR-5706,0.3302592052075212,0.017217837444655517,0.7814949948125636,0.9297755907212708,NA
hsa-miR-3116,0,0,2.489576906684891,NA,NA
hsa-miR-5008-5p,0.28251853390123954,0.09550687742111705,0.7920575151189136,0.6280123199361543,NA
NovelmiRNA-717,0.04961417715311796,0.03452538181243721,0.7840113463981243,0.8589097081687832,NA
NovelmiRNA-3730,0.24769440390564093,0.018462416304661868,0.781861837609572,0.92460528118809715,NA
NovelmiRNA-448,10.551479768689495,0.08224002674993974,0.7850679986220864,0.6807207035272316,0.903565405340379
NovelmiRNA-2709,51.058464891552276,-0.011542284802192469,0.7802267685400445,0.9531249469981584,0.9861156866908838
NovelmiRNA-2993,0.5891886666322852,0.12462651101919206,0.8013459497863262,0.5286039975098624,NA
NovelmiRNA-1643,1.2006260902330683,0.1241281311252871,0.7991258845492929,0.5327829106424797,NA
NovelmiRNA-1702,0,0,2.489576906684891,NA,NA
NovelmiRNA-2638,0,0,2.489576906684891,NA,NA
NovelmiRNA-766,0.9819811110538087,0.13703300341965266,0.8055882795358128,0.49009903653104225,NA
NovelmiRNA-3166,0,0,2.489576906684891,NA,NA
NovelmiRNA-3103,1.0948990196045416,-0.12260698425782408,0.7970208204636566,0.5397360353964311,NA
NovelmiRNA-3461,0,0,2.489576906684891,NA,NA
NovelmiRNA-123,0,0,2.489576906684891,NA,NA
NovelmiRNA-3636,0.19639622221076175,0.09995412912135485,0.7945950217788639,0.6105814293622929,NA
NovelmiRNA-3122,0,0,2.489576906684891,NA,NA
NovelmiRNA-2001,0,0,2.489576906684891,NA,NA
NovelmiRNA-2663,7.592420465395967,0.21103943571981756,0.8344379491286196,0.3091403921316045,0.6792676643435935
NovelmiRNA-3094,1.7273697336397895,0.19652454331551708,0.8284318960815865,0.3383374419310773,NA
NovelmiRNA-3047,0.3706510250212014,0.025332027722373827,0.7814522643109705,0.8970828938227974,NA
NovelmiRNA-2167,0,0,2.489576906684891,NA,NA
NovelmiRNA-761,1.1939950172816425,-0.010148922760068856,0.7804160150802681,0.9587329956909145,NA
NovelmiRNA-129,0,0,2.489576906684891,NA,NA
NovelmiRNA-2841,0,0,2.489576906684891,NA,NA
NovelmiRNA-1190,0,0,2.489576906684891,NA,NA
NovelmiRNA-2030,0.34035779962889684,0.12456665332649977,0.8010734047199002,0.5291102018392639,NA
NovelmiRNA-1282,20.92130347967265,0.04589857821473132,0.751318023376482,0.8405996595883954,0.9861156866908838
NovelmiRNA-2536,0,0,2.489576906684891,NA,NA
NovelmiRNA-820,0.34729924007182567,0.017359903137679194,0.7810168419197295,0.9293598097876965,NA
NovelmiRNA-3206,0,0,2.489576906684891,NA,NA
NovelmiRNA-2382,0,0,2.489576906684891,NA,NA
NovelmiRNA-3219,0.5953701258374154,0.016355015226279534,0.7807346148499927,0.93351382699006,NA
NovelmiRNA-2444,0.5930416400339222,0.0245409310019618,0.7811678677153573,0.9003877676170433,NA
NovelmiRNA-2047,0,0,2.489576906684891,NA,NA
NovelmiRNA-2910,0,0,2.489576906684891,NA,NA
NovelmiRNA-815,0,0,2.489576906684891,NA,NA
NovelmiRNA-3199,0,0,2.489576906684891,NA,NA
NovelmiRNA-3805,0,0,2.489576906684891,NA,NA
NovelmiRNA-1297,0,0,2.489576906684891,NA,NA
NovelmiRNA-1933,0,0,2.489576906684891,NA,NA
NovelmiRNA-2582,1.7017889981444843,0.13256038399828646,0.8019526071898978,0.5062719730873616,NA
NovelmiRNA-1119,0.7430832117169228,0.014829915626745434,0.7808333162953125,0.9396547190645217,NA
NovelmiRNA-2800,0,0,2.489576906684891,NA,NA
NovelmiRNA-1898,0.3302592052075212,0.017217837444655517,0.7814949948125636,0.9297755907212708,NA
NovelmiRNA-1685,0,0,2.489576906684891,NA,NA
NovelmiRNA-3564,0,0,2.489576906684891,NA,NA
NovelmiRNA-2912,0,0,2.489576906684891,NA,NA
NovelmiRNA-1294,0,0,2.489576906684891,NA,NA
NovelmiRNA-529,4516.0091885677175,12.749193068819789,2.8145072071266855,1.0209237949800006e-6,4.121979822231752e-5
NovelmiRNA-3669,0,0,2.489576906684891,NA,NA
NovelmiRNA-1945,4.225421685241696,0.023318299342132483,0.7807424632085416,0.90548086946338,NA
NovelmiRNA-1400,0.6683360879399092,-0.06529137453236049,0.7841584944814949,0.7413311955078861,NA
NovelmiRNA-3490,144.66670850807526,0.06823017886500404,0.7825919062508545,0.7324492378629472,0.9477882727374751
NovelmiRNA-3674,89.71119548153499,0.03763361391751176,0.7816735814382003,0.8481909525385438,0.9861156866908838
NovelmiRNA-2534,0.14884253145935386,0.020133049060081686,0.7818474753163475,0.9178456805497252,NA
NovelmiRNA-3587,0.2965208200169611,0.02583433059712085,0.7816366286821567,0.8949805495098936,NA
NovelmiRNA-2941,0,0,2.489576906684891,NA,NA
NovelmiRNA-1169,1.1119530750636044,0.023891213047212406,0.7809396942426335,0.9030964554025435,NA
NovelmiRNA-1756,129.80947559969619,4.240635211753627,4.819088271225615,8.427006568760976e-4,0.016852212107407054
NovelmiRNA-2328,1.1349277985564072,0.18991784848664997,0.8279864747858378,0.35056090263921885,NA
NovelmiRNA-2986,0,0,2.489576906684891,NA,NA
NovelmiRNA-1378,286.68153630342164,-9.691337922713112,3.420426979501397,1.749961102965058e-5,5.949867750081197e-4
NovelmiRNA-2648,25.677592918440528,0.013989878330591326,0.7756151532067804,0.944474625999837,0.9861156866908838
NovelmiRNA-1533,8.918133816216114,-0.0458068322176512,0.77786861911878,0.8196435004469541,0.9861156866908838
NovelmiRNA-1863,0,0,2.489576906684891,NA,NA
NovelmiRNA-2854,0.24769440390564093,0.018462416304661868,0.781861837609572,0.92460528118809715,NA
NovelmiRNA-1095,15.366563824387367,-0.20071787042285297,0.8280209111561284,0.33144083290080417,0.6996048560343888
NovelmiRNA-953,0,0,2.489576906684891,NA,NA
NovelmiRNA-2422,1.2384720195282046,0.013962319544253528,0.7806059851907288,0.9432313883812626,NA
NovelmiRNA-2547,0,0,2.489576906684891,NA,NA
NovelmiRNA-3368,0,0,2.489576906684891,NA,NA
NovelmiRNA-2483,0.21829565276964877,0.11599515008224735,0.7985990507679168,0.5566596157641471,NA
NovelmiRNA-3200,0,0,2.489576906684891,NA,NA
NovelmiRNA-3485,0,0,2.489576906684891,NA,NA
NovelmiRNA-2840,0,0,2.489576906684891,NA,NA
NovelmiRNA-3054,0.785584888843047,0.1315517681469465,0.8036427181103363,0.5068759466773493,NA
NovelmiRNA-2432,18.88579544613878,0.26842330382796714,0.7131047657100114,0.3641123894652724,0.7309291463965129
NovelmiRNA-1056,0,0,2.489576906684891,NA,NA
NovelmiRNA-729,0,0,2.489576906684891,NA,NA
NovelmiRNA-1130,2.7598495429592145,0.09751626358718372,0.7890383257972298,0.625409570141324,NA
NovelmiRNA-1293,10.948327192362182,-0.011413323219569447,0.7802436939469876,0.9536434674915168,0.9861156866908838
NovelmiRNA-1819,851.0461142430102,8.407724803692119,3.445128394416065,2.638919948842075e-5,8.523711434759902e-4
NovelmiRNA-435,0,0,2.489576906684891,NA,NA
NovelmiRNA-2404,0.19845670861247183,0.018992697205325912,0.7814964668482578,0.9225896629462677,NA
NovelmiRNA-2373,0,0,2.489576906684891,NA,NA
NovelmiRNA-3546,22.281161254696418,-0.011496551557275862,0.7802327398843979,0.9533088199510092,0.9861156866908838
NovelmiRNA-698,0,0,2.489576906684891,NA,NA
NovelmiRNA-669,0,0,2.489576906684891,NA,NA
NovelmiRNA-3384,8.70512948068803,0.03775536442401097,0.7817463808808693,0.8476638769012503,0.9861156866908838
NovelmiRNA-1766,5.7422456140793106,0.11629107428409023,0.7963029868783937,0.5587243103460543,NA
NovelmiRNA-490,0,0,2.489576906684891,NA,NA
NovelmiRNA-2629,0,0,2.489576906684891,NA,NA
NovelmiRNA-2860,0.2976850629187077,0.017741003518627226,0.7811264288318599,0.9277819335606615,NA
NovelmiRNA-2826,0,0,2.489576906684891,NA,NA
NovelmiRNA-3783,0,0,2.489576906684891,NA,NA
NovelmiRNA-1459,0.44652759437806167,0.016833674132005746,0.7808678388231224,0.9315363127383793,NA
NovelmiRNA-2071,0.535780627624962,-0.03708543637555918,0.781581463696422,0.8504013070939944,NA
NovelmiRNA-1362,22.908514568861346,-0.011498761176419733,0.7802324497122698,0.9532999360467347,0.9861156866908838
NovelmiRNA-1002,0.7640347846937707,0.1229018252750468,0.7990270885871692,0.536339728981861,NA
NovelmiRNA-3690,26.320414659768627,0.14706920766063805,0.7804628689894245,0.49860470335911755,0.8098744126290339
NovelmiRNA-2305,7.655156792419227,-0.06344554066158233,0.7818262605964853,0.7505009586700113,0.9537181338122516
NovelmiRNA-3361,0,0,2.489576906684891,NA,NA
NovelmiRNA-1057,0,0,2.489576906684891,NA,NA
NovelmiRNA-1166,22.220449643648198,-0.011496331122337524,0.7802327688340285,0.953309706224484,0.9861156866908838
NovelmiRNA-2834,0,0,2.489576906684891,NA,NA
NovelmiRNA-3640,0.4809752425137114,0.0374117745345765,0.7808478291806541,0.8496283588186213,NA
NovelmiRNA-2255,0,0,2.489576906684891,NA,NA
NovelmiRNA-1073,0,0,2.489576906684891,NA,NA
NovelmiRNA-2322,0.21829565276964877,0.11599515008224735,0.7985990507679168,0.5566596157641471,NA
NovelmiRNA-1695,2.4180915224133415,0.0380976084629289,0.7819537930167088,0.8461795479133289,NA
NovelmiRNA-2608,0,0,2.489576906684891,NA,NA
NovelmiRNA-864,0.34729924007182567,0.017359903137679194,0.7810168419197295,0.9293598097876965,NA
NovelmiRNA-1713,0,0,2.489576906684891,NA,NA
NovelmiRNA-3331,0.21829565276964877,0.11599515008224735,0.7985990507679168,0.5566596157641471,NA
NovelmiRNA-1772,0,0,2.489576906684891,NA,NA
NovelmiRNA-2508,5.5959378967620355,0.07226378482282247,0.7843632298590636,0.7161279973137769,NA
NovelmiRNA-1352,0,0,2.489576906684891,NA,NA
NovelmiRNA-3589,0,0,2.489576906684891,NA,NA
NovelmiRNA-834,1.0740953806443416,-0.08487704943387894,0.7872979712209999,0.669063949934223,NA
NovelmiRNA-214,0,0,2.489576906684891,NA,NA
NovelmiRNA-245,0,0,2.489576906684891,NA,NA
NovelmiRNA-3163,0.1651296026037606,0.020633854533377134,0.7825403085218192,0.9155471633281658,NA
NovelmiRNA-2563,19.139280053946695,-0.16898703992057618,0.8125249617462229,0.40710065566053083,0.7742229373820142
NovelmiRNA-3620,1.1119530750636044,0.023891213047212406,0.7809396942426335,0.9030964554025435,NA
NovelmiRNA-1008,2.3814805033496618,0.01520799356908305,0.7804243359876757,0.9382440591910413,NA
NovelmiRNA-2615,1.6687125427618594,-0.09205167852352232,0.7879954754636347,0.6443759531622021,NA
NovelmiRNA-3033,30.064938967219224,0.13503453417474917,0.8022848300856633,0.499333591560675,0.8098744126290339
NovelmiRNA-3235,0,0,2.489576906684891,NA,NA
NovelmiRNA-860,623.8614331866158,-0.25978471499072947,0.49909807560946035,0.4149954841571876,0.7742229373820142
NovelmiRNA-1508,5.07002854027062,0.13370325838416308,0.7983670234897097,0.5077801687220304,NA
NovelmiRNA-918,0.24769440390564093,0.018462416304661868,0.781861837609572,0.92460528118809715,NA
NovelmiRNA-2599,0.21829565276964877,0.11599515008224735,0.7985990507679168,0.5566596157641471,NA
NovelmiRNA-1292,24.385830437701348,-0.011503516433735298,0.7802318253047699,0.9532808173724464,0.9861156866908838
NovelmiRNA-1322,0,0,2.489576906684891,NA,NA
NovelmiRNA-208,4.2949171726118855,0.023136262207120874,0.778605118585006,0.9071557416578374,NA
NovelmiRNA-796,8.70512948068803,0.03775536442401097,0.7817463808808693,0.8476638769012503,0.9861156866908838
NovelmiRNA-1231,0,0,2.489576906684891,NA,NA
NovelmiRNA-2699,0.14884253145935386,0.020133049060081686,0.7818474753163475,0.9178456805497252,NA
NovelmiRNA-2285,0.24180915224133415,0.04198001957211669,0.7843030769806983,0.8292698284063935,NA
NovelmiRNA-2702,0.5891886666322852,0.12462651101919206,0.8013459497863262,0.5286039975098624,NA
NovelmiRNA-504,0,0,2.489576906684891,NA,NA
NovelmiRNA-3614,0.5930416400339222,0.0245409310019618,0.7811678677153573,0.9003877676170433,NA
NovelmiRNA-2819,0,0,2.489576906684891,NA,NA
NovelmiRNA-2564,0.26308364787561617,-0.00607377719800251,0.781040609722406,0.9752117207358328,NA
NovelmiRNA-437,0,0,2.489576906684891,NA,NA
NovelmiRNA-3194,10.037653026638894,-0.011398570764246715,0.7802456458737498,0.9537027882175797,0.9861156866908838
NovelmiRNA-2956,0.9672366089653366,0.03878319042329806,0.7823755063177812,0.8431983140016519,NA
NovelmiRNA-3134,0,0,2.489576906684891,NA,NA
NovelmiRNA-1068,39.61018781464219,1.8087934275102195,2.4876109072483894,0.0020848080231562556,0.03639962116105246
NovelmiRNA-3409,0,0,2.489576906684891,NA,NA
NovelmiRNA-1213,0.19087344410373772,0.04998862207761759,0.784738341452615,0.7978891022564931,NA
NovelmiRNA-1360,0.22239061501272084,0.026631177351518064,0.7819352516534557,0.8916390136611234,NA
NovelmiRNA-1234,5.443807790656981,-0.01124984907072171,0.7802653981801564,0.9543008904910688,NA
NovelmiRNA-2464,21.500195885519037,0.051305002341738314,0.7824265262919856,0.7949204167069976,0.9861156866908838
NovelmiRNA-163,0,0,2.489576906684891,NA,NA
NovelmiRNA-3001,0,0,2.489576906684891,NA,NA
NovelmiRNA-1587,0,0,2.489576906684891,NA,NA
NovelmiRNA-1601,0.6807155992577937,0.12917320806765506,0.8015437135948934,0.5158704010888621,NA
NovelmiRNA-982,22.15973803259998,-0.01149605960274443,0.7802327966472584,0.9533107996401736,0.9861156866908838
NovelmiRNA-734,56.83830022744247,0.009497184542665573,0.777646582169723,0.9618902478451126,0.9861156866908838
NovelmiRNA-2507,0.24807088576558978,0.018256349626096322,0.7812768880459892,0.9256460258131716,NA
NovelmiRNA-3440,0,0,2.489576906684891,NA,NA
NovelmiRNA-2967,0,0,2.489576906684891,NA,NA
NovelmiRNA-1343,0,0,2.489576906684891,NA,NA
NovelmiRNA-922,0,0,2.489576906684891,NA,NA
NovelmiRNA-2979,0,0,2.489576906684891,NA,NA
NovelmiRNA-1901,0,0,2.489576906684891,NA,NA
NovelmiRNA-1516,12.729201116443274,-0.011436154193353648,0.7802406834745728,0.9535516635898564,0.9861156866908838
NovelmiRNA-121,6.761541872871491,0.2085303385842702,0.8332339916678957,0.3141143914893763,0.6855334354801929
NovelmiRNA-1967,0.8895624600508834,0.024080177457127986,0.7810055411822304,0.9023091779714149,NA
NovelmiRNA-1941,0.18213483314465734,-0.0042212351039309474,0.781361745399485,0.9827423297258329,NA
NovelmiRNA-2033,0,0,2.489576906684891,NA,NA
NovelmiRNA-580,0,0,2.489576906684891,NA,NA
NovelmiRNA-3425,0,0,2.489576906684891,NA,NA
NovelmiRNA-2611,1.2619598494247046,-0.07426210385135333,0.7845598431385036,0.7088659145584109,NA
NovelmiRNA-3332,0.24769440390564093,0.018462416304661868,0.781861837609572,0.92460528118809715,NA
NovelmiRNA-3286,0.21829565276964877,0.11599515008224735,0.7985990507679168,0.5566596157641471,NA
NovelmiRNA-3473,641.0345534219125,21.61647170979609,3.079212248812203,6.855755096129103e-13,4.4288177920994e-11
NovelmiRNA-956,0,0,2.489576906684891,NA,NA
NovelmiRNA-3828,0.3770576563075911,0.09118855736782541,0.7907107511468271,0.6437946781556807,NA
NovelmiRNA-2089,0,0,2.489576906684891,NA,NA
NovelmiRNA-3266,0.8895624600508834,0.024080177457127986,0.7810055411822304,0.9023091779714149,NA
NovelmiRNA-222,606.904750776353,0.272587812073604,0.8795737302801273,0.2042122923398766,0.5735701776154795
NovelmiRNA-1721,2.464934537548225,0.0811852584663291,0.7852337594599454,0.6841093123346604,NA
NovelmiRNA-725,1.6031877763242837,-0.0904770186206346,0.7878373165115586,0.6497376423448895,NA
NovelmiRNA-1712,0.5953701258374154,0.016355015226279534,0.7807346148499927,0.93351382699006,NA
NovelmiRNA-2620,0.28251853390123954,0.09550687742111705,0.7920575151189136,0.6280123199361543,NA
NovelmiRNA-3576,0,0,2.489576906684891,NA,NA
NovelmiRNA-1873,0.24284644419287646,-0.0057053726552343375,0.7811025350027423,0.9767072755251467,NA
NovelmiRNA-1687,0.5120523608156374,-0.04651317029820752,0.7828439827162632,0.8128388603452238,NA
NovelmiRNA-2953,2.3394368252998645,0.17855328770268816,0.8198163958594774,0.3798948824431119,NA
NovelmiRNA-2191,3.416044980472274,0.18366034102127335,0.7588893304658815,0.44951209997369695,NA
NovelmiRNA-1736,0,0,2.489576906684891,NA,NA
NovelmiRNA-691,0.3927924444215235,0.1151623419151242,0.798493914848487,0.559229362525907,NA
NovelmiRNA-3342,325.9493194446069,20.247199764407306,3.0774166282679354,1.700786359109659e-11,9.988254436225816e-10
NovelmiRNA-2324,0,0,2.489576906684891,NA,NA
NovelmiRNA-3269,0.1651296026037606,0.020633854533377134,0.7825403085218192,0.9155471633281658,NA
NovelmiRNA-1686,0.6112807151218733,-0.06902887806507582,0.7857493046083814,0.7261086229794114,NA
NovelmiRNA-277,0,0,2.489576906684891,NA,NA
NovelmiRNA-3751,0,0,2.489576906684891,NA,NA
NovelmiRNA-704,1.0121056704593605,0.07736785918158932,0.7872584106099594,0.694865738051592,NA
NovelmiRNA-1204,0,0,2.489576906684891,NA,NA
NovelmiRNA-3495,54.77590813798313,-5.110911142651096,3.2359604328275995,7.53879422594283e-5,0.002213664122708667
NovelmiRNA-1583,2.42609842164606,-0.1807682564002086,0.8185935307969746,0.3767497725984468,NA
NovelmiRNA-2245,10.037653026638894,-0.011398570764246715,0.7802456458737498,0.9537027882175797,0.9861156866908838
NovelmiRNA-1053,14.089609567459142,0.24801121747973623,0.695626741414955,0.4139008841245656,0.7742229373820142
NovelmiRNA-3702,5.226539896002671,0.07991200403380158,0.7875057449795362,0.6857503536109997,NA
NovelmiRNA-703,2.325692684125081,-0.1697949551931729,0.8116162366853388,0.40638648598242477,NA
NovelmiRNA-706,0,0,2.489576906684891,NA,NA
NovelmiRNA-74,0.518911435029682,0.02473361051399557,0.7812364693871494,0.8995835222963318,NA
NovelmiRNA-2665,7.592420465395967,0.21103943571981756,0.8344379491286196,0.3091403921316045,0.6792676643435935
NovelmiRNA-76,0,0,2.489576906684891,NA,NA
NovelmiRNA-2057,1.2006260902330683,0.1241281311252871,0.7991258845492929,0.5327829106424797,NA
NovelmiRNA-2182,0,0,2.489576906684891,NA,NA
NovelmiRNA-2893,24.81081171503888,-0.011504779654819362,0.7802316594338184,0.9532757385791967,0.9861156866908838
NovelmiRNA-3109,0,0,2.489576906684891,NA,NA
NovelmiRNA-249,0.6671718450381625,0.02438911295294046,0.7811141140877401,0.9010211471638842,NA
NovelmiRNA-482,0.5672629993814947,0.12816197700169318,0.8014319613043829,0.5187584033367237,NA
NovelmiRNA-78,600.4430019522493,8.449517148272665,2.3053001509544617,2.7456897146965863e-6,1.0433620915847029e-4
NovelmiRNA-3607,0,0,2.489576906684891,NA,NA
NovelmiRNA-1393,0,0,2.489576906684891,NA,NA
NovelmiRNA-3070,0,0,2.489576906684891,NA,NA
NovelmiRNA-1303,3729.022722495255,14.274687004052572,3.073230336437492,7.782923561803724e-7,3.3518457472834706e-5
NovelmiRNA-2586,2.0015155351144878,0.02354876508029182,0.7808213142623455,0.9045221670507584,NA
NovelmiRNA-3159,0,0,2.489576906684891,NA,NA
NovelmiRNA-3096,6.170670920311858,-0.164306792420578,0.7954333514573292,0.4376256334882201,0.7883317615358277
NovelmiRNA-3268,0,0,2.489576906684891,NA,NA
NovelmiRNA-848,0,0,2.489576906684891,NA,NA
NovelmiRNA-3567,0.518911435029682,0.02473361051399557,0.7812364693871494,0.8995835222963318,NA
NovelmiRNA-2543,0.24807088576558978,0.018256349626096322,0.7812768880459892,0.9256460258131716,NA
NovelmiRNA-636,0,0,2.489576906684891,NA,NA
NovelmiRNA-988,0,0,2.489576906684891,NA,NA
NovelmiRNA-2231,0,0,2.489576906684891,NA,NA
NovelmiRNA-3679,0,0,2.489576906684891,NA,NA
NovelmiRNA-205,4.2949171726118855,0.023136262207120874,0.778605118585006,0.9071557416578374,NA
NovelmiRNA-300,1.4084738950805655,0.023730116861484695,0.7808838355771767,0.9037673174666373,NA
NovelmiRNA-627,0,0,2.489576906684891,NA,NA
NovelmiRNA-2428,5.650370678024791,0.0988542330357033,0.791584313115901,0.6178822376100416,NA
NovelmiRNA-793,0.10914782638482438,0.10282807894860581,0.795791243939471,0.600025562492553,NA
NovelmiRNA-2419,3.600630858570973,-0.041742948715082565,0.7798081089764525,0.8335975070609988,NA
NovelmiRNA-3472,190.61766862227918,-24.5634633558303,3.0837428947309804,3.506690288340331e-16,5.663304815669634e-14
NovelmiRNA-3524,0.5779536091131622,0.0154160027036072,0.7809907468208843,0.9372348224698753,NA
NovelmiRNA-3329,0.3706510250212014,0.025332027722373827,0.7814522643109705,0.8970828938227974,NA
NovelmiRNA-696,708.364344071525,-0.123245252160515,0.7861373749456803,0.5526352793465039,0.8302381173438176
NovelmiRNA-3296,0.7442126572967693,0.016059085267967274,0.7806533428409679,0.9347353682333548,NA
NovelmiRNA-1078,0,0,2.489576906684891,NA,NA
NovelmiRNA-2188,0,0,2.489576906684891,NA,NA
NovelmiRNA-1837,0.09922835430623592,0.022145558386637242,0.7825007590838032,0.9094402224832518,NA
NovelmiRNA-3697,0.21829565276964877,0.11599515008224735,0.7985990507679168,0.5566596157641471,NA
NovelmiRNA-2456,0,0,2.489576906684891,NA,NA
NovelmiRNA-53,0,0,2.489576906684891,NA,NA
NovelmiRNA-224,89.28991633686366,0.086528930948803,0.7802629653040306,0.6723894892040441,0.903565405340379
NovelmiRNA-104,330.3113019616625,-24.43528064527602,3.0835338981628913,4.969295913560814e-16,6.420330320320571e-14
NovelmiRNA-510,0,0,2.489576906684891,NA,NA
NovelmiRNA-2511,3.2200272507733323,0.01310659210901847,0.7803883401057279,0.9467527803272998,NA
NovelmiRNA-1253,1.4201864855059045,0.10403218109300531,0.7937600590545211,0.598844224753712,NA
NovelmiRNA-984,0,0,2.489576906684891,NA,NA
NovelmiRNA-2159,1.2602134850720847,0.023801470897787738,0.7809085286382882,0.9034702164149855,NA
NovelmiRNA-3071,0.5930416400339222,0.0245409310019618,0.7811678677153573,0.9003877676170433,NA
NovelmiRNA-906,0.7254274567240026,0.03915087738666322,0.7826047558734569,0.8415953613980556,NA
NovelmiRNA-125,1.7675659998968556,0.14235129164896967,0.8066372203809277,0.47530414188310116,NA
NovelmiRNA-2952,0.43659130553929754,0.1205798536181614,0.7988588390537551,0.5431163318710792,NA
NovelmiRNA-3455,0.9230053822284039,0.11142191217091418,0.792989546647479,0.5773709926981343,NA
NovelmiRNA-3052,0,0,2.489576906684891,NA,NA
NovelmiRNA-3515,2.2601482712099163,0.09857795141004484,0.7916222007624643,0.6187123134509094,NA
NovelmiRNA-88,0.4069387548450948,-0.015305109436122772,0.7821976455286785,0.9373274075635994,NA
NovelmiRNA-3263,0,0,2.489576906684891,NA,NA
NovelmiRNA-3006,1.1693338088951712,0.09978868617201099,0.7921859557590645,0.6141515211163033,NA
NovelmiRNA-3475,0.8434410116030053,0.01591744072413843,0.7806147379386874,0.9353197666966064,NA
NovelmiRNA-971,2.07311107992124,0.03408599512711792,0.7794425613118783,0.863550807679266,NA
NovelmiRNA-1460,22.68590532835121,-0.011497991065295194,0.7802325508418528,0.9533030323202506,0.9861156866908838
NovelmiRNA-1142,0.09922835430623592,0.022145558386637242,0.7825007590838032,0.9094402224832518,NA
NovelmiRNA-2358,0,0,2.489576906684891,NA,NA
NovelmiRNA-1862,22.260924051013678,-0.01149647821212669,0.780232749516751,0.9533091148400722,0.9861156866908838
NovelmiRNA-981,0,0,2.489576906684891,NA,NA
NovelmiRNA-2200,0.14884253145935386,0.020133049060081686,0.7818474753163475,0.9178456805497252,NA
NovelmiRNA-507,7.093171627576727,-0.6167146503697406,1.118849743744328,0.03396220867734194,0.2172236317382465
NovelmiRNA-2524,0.5650370678024791,0.0972288662548368,0.7918104700821564,0.6227807890364162,NA
NovelmiRNA-343,0.8022850815594692,0.11876772666658852,0.7982060099535412,0.5491267392551085,NA
NovelmiRNA-1875,0.22239061501272084,0.026631177351518064,0.7819352516534557,0.8916390136611234,NA
NovelmiRNA-973,2.1643187552881917,0.08174062353384381,0.7853428224036806,0.6820837055511799,NA
NovelmiRNA-2242,0,0,2.489576906684891,NA,NA
NovelmiRNA-2169,2.660897941249922,-0.079467329171231,0.7839860061724563,0.6914936146309394,NA
NovelmiRNA-2713,0,0,2.489576906684891,NA,NA
NovelmiRNA-1842,7.0199944636453555,0.12340106820794353,0.7985111340370226,0.535596435309883,0.8174741850033582
NovelmiRNA-2375,0.28251853390123954,0.09550687742111705,0.7920575151189136,0.6280123199361543,NA
NovelmiRNA-783,0,0,2.489576906684891,NA,NA
NovelmiRNA-2761,0,0,2.489576906684891,NA,NA
NovelmiRNA-640,0,0,2.489576906684891,NA,NA
NovelmiRNA-3020,0.21829565276964877,0.11599515008224735,0.7985990507679168,0.5566596157641471,NA
NovelmiRNA-2022,118.20249721882388,-0.1470861023374077,0.7056283322698118,0.6023002655279,0.8684954721674629
NovelmiRNA-3002,0,0,2.489576906684891,NA,NA
NovelmiRNA-3719,3.627137283620012,0.03794070636509231,0.7818584284636103,0.8468603757583846,NA
NovelmiRNA-2396,0.42377780085185934,0.09664568459544909,0.7918934091098618,0.6245475308111089,NA
NovelmiRNA-1640,0,0,2.489576906684891,NA,NA
NovelmiRNA-442,9.983828789114309,0.134718494498436,0.8022407528929497,0.5002165489767563,0.8098744126290339
NovelmiRNA-363,0.24180915224133415,0.04198001957211669,0.7843030769806983,0.8292698284063935,NA
NovelmiRNA-1539,0,0,2.489576906684891,NA,NA
NovelmiRNA-1750,0,0,2.489576906684891,NA,NA
NovelmiRNA-2612,0,0,2.489576906684891,NA,NA
NovelmiRNA-2643,0,0,2.489576906684891,NA,NA
NovelmiRNA-2940,0,0,2.489576906684891,NA,NA
NovelmiRNA-559,0.09922835430623592,0.022145558386637242,0.7825007590838032,0.9094402224832518,NA
NovelmiRNA-3328,3.90031178313044,-0.02812124741651037,0.776879064480618,0.8883655398165554,NA
NovelmiRNA-2142,0,0,2.489576906684891,NA,NA
NovelmiRNA-436,0,0,2.489576906684891,NA,NA
NovelmiRNA-968,0,0,2.489576906684891,NA,NA
NovelmiRNA-1716,0.3035580552410956,-0.0066860791107217175,0.7809397602962874,0.9727282333343882,NA
NovelmiRNA-2734,36.01867707085386,0.046550780277832014,0.7663955462426983,0.8264122789017756,0.9861156866908838
NovelmiRNA-2861,0.6605184104150424,0.015089572598707624,0.7809026790262567,0.9385829968988438,NA
NovelmiRNA-344,0.8731826110785951,0.12331524785200496,0.7990596233946741,0.5351389289571281,NA
NovelmiRNA-3662,0,0,2.489576906684891,NA,NA
NovelmiRNA-3663,0.21829565276964877,0.11599515008224735,0.7985990507679168,0.5566596157641471,NA
NovelmiRNA-1803,0.2976850629187077,0.017741003518627226,0.7811264288318599,0.9277819335606615,NA
NovelmiRNA-1625,0.21829565276964877,0.11599515008224735,0.7985990507679168,0.5566596157641471,NA
NovelmiRNA-1580,0,0,2.489576906684891,NA,NA
NovelmiRNA-2925,0,0,2.489576906684891,NA,NA
NovelmiRNA-1313,0.1651296026037606,0.020633854533377134,0.7825403085218192,0.9155471633281658,NA
NovelmiRNA-313,0,0,2.489576906684891,NA,NA
NovelmiRNA-1035,4.535743544857137,-0.49625798551286787,0.9905922631065129,0.06197661348186063,NA
NovelmiRNA-3625,0,0,2.489576906684891,NA,NA
NovelmiRNA-274,0,0,2.489576906684891,NA,NA
NovelmiRNA-2261,0,0,2.489576906684891,NA,NA
NovelmiRNA-3569,190.61766862227918,-24.5634633558303,3.0837428947309804,3.506690288340331e-16,5.663304815669634e-14
NovelmiRNA-1608,0,0,2.489576906684891,NA,NA
NovelmiRNA-3496,0,0,2.489576906684891,NA,NA
NovelmiRNA-1697,0.31397213406311447,-0.038803811013013834,0.7826116211204309,0.8429501184544966,NA
NovelmiRNA-285,2.3825045974022783,0.13327714529205156,0.8020459168208621,0.5042556537800955,NA
NovelmiRNA-3565,0.14826041000848056,0.02809256058871273,0.7825030340452525,0.8854897486451808,NA
NovelmiRNA-700,0,0,2.489576906684891,NA,NA
NovelmiRNA-3554,6.840174844766021,-0.011315965709278869,0.7802565985852353,0.9540349765336532,0.9861156866908838
NovelmiRNA-1624,0,0,2.489576906684891,NA,NA
NovelmiRNA-3044,0,0,2.489576906684891,NA,NA
NovelmiRNA-1584,0,0,2.489576906684891,NA,NA
NovelmiRNA-3401,0,0,2.489576906684891,NA,NA
NovelmiRNA-28,3.0734436104736713,-0.1002071331316358,0.7889712535210356,0.6169810212689663,NA
NovelmiRNA-3525,2.1189123737426043,0.05327883405405972,0.7749512385543386,0.7944339872110254,NA
NovelmiRNA-3137,0,0,2.489576906684891,NA,NA
NovelmiRNA-3795,7.85350530721055,0.02843782115294932,0.7785985931349385,0.8862027894741528,0.9861156866908838
NovelmiRNA-3484,0.9076207990103917,0.13051471577880697,0.8016993203808159,0.5120550575798535,NA
NovelmiRNA-1828,0.44652759437806167,0.016833674132005746,0.7808678388231224,0.9315363127383793,NA
NovelmiRNA-388,0.34035779962889684,0.12456665332649977,0.8010734047199002,0.5291102018392639,NA
NovelmiRNA-298,0,0,2.489576906684891,NA,NA
NovelmiRNA-1852,0,0,2.489576906684891,NA,NA
NovelmiRNA-634,0.28251853390123954,0.09550687742111705,0.7920575151189136,0.6280123199361543,NA
NovelmiRNA-3603,0.48950355614697505,-0.026201435483224587,0.7824751917221244,0.8930940795199109,NA
NovelmiRNA-2257,0,0,2.489576906684891,NA,NA
NovelmiRNA-2932,0,0,2.489576906684891,NA,NA
NovelmiRNA-2602,0,0,2.489576906684891,NA,NA
NovelmiRNA-3340,0.518911435029682,0.02473361051399557,0.7812364693871494,0.8995835222963318,NA
NovelmiRNA-581,0,0,2.489576906684891,NA,NA
NovelmiRNA-401,1.3998544359191427,-0.1892348024224425,0.8225852197328218,0.3567625053192985,NA
NovelmiRNA-389,0,0,2.489576906684891,NA,NA
NovelmiRNA-1491,1.8051414335088058,0.12155420395884647,0.7983779466997896,0.5409633070173858,NA
NovelmiRNA-563,0,0,2.489576906684891,NA,NA
NovelmiRNA-2274,0.24180915224133415,0.04198001957211669,0.7843030769806983,0.8292698284063935,NA
NovelmiRNA-2706,0.1651296026037606,0.020633854533377134,0.7825403085218192,0.9155471633281658,NA
NovelmiRNA-1291,0.18213483314465734,-0.0042212351039309474,0.781361745399485,0.9827423297258329,NA
NovelmiRNA-3398,0.518911435029682,0.02473361051399557,0.7812364693871494,0.8995835222963318,NA
NovelmiRNA-516,0.9636926650551236,0.024007854819837516,0.7809802802822052,0.9026105482161105,NA
NovelmiRNA-866,0,0,2.489576906684891,NA,NA
NovelmiRNA-342,0.8731826110785951,0.12331524785200496,0.7990596233946741,0.5351389289571281,NA
NovelmiRNA-3764,130.23470932966848,0.06456062975358204,0.7848288890546953,0.7432788887757467,0.9490877115559627
NovelmiRNA-1506,4.222472938566901,0.13350279619282154,0.7983666941042802,0.5083096913351713,NA
NovelmiRNA-9,0,0,2.489576906684891,NA,NA
NovelmiRNA-965,0.7938268344498873,0.0159840307342474,0.7806328630267033,0.9350450517142462,NA
NovelmiRNA-3632,0.948105486994433,0.06938758875729853,0.7852969961673031,0.7253191617478956,NA
NovelmiRNA-1137,5.828610705516347,0.08032727872484378,0.7875776533061057,0.6842332761131086,NA
NovelmiRNA-732,0,0,2.489576906684891,NA,NA
NovelmiRNA-3506,0.31397213406311447,-0.038803811013013834,0.7826116211204309,0.8429501184544966,NA
NovelmiRNA-1586,2.42609842164606,-0.1807682564002086,0.8185935307969746,0.3767497725984468,NA
NovelmiRNA-659,12.223271024374782,-0.011430303548288457,0.7802414487490477,0.953575190151647,0.9861156866908838
NovelmiRNA-1524,3.0056380655686183,0.10666102185647075,0.7915220261284218,0.5936515282142408,NA
NovelmiRNA-2372,0.21829565276964877,0.11599515008224735,0.7985990507679168,0.5566596157641471,NA
NovelmiRNA-3683,0,0,2.489576906684891,NA,NA
NovelmiRNA-2162,2.3033672582935045,0.06692938796820697,0.7829279565546785,0.7367414203992605,NA
NovelmiRNA-3390,0,0,2.489576906684891,NA,NA
NovelmiRNA-2029,0.24180915224133415,0.04198001957211669,0.7843030769806983,0.8292698284063935,NA
NovelmiRNA-3778,147.40372032191345,-24.170903205218305,3.0830913028908298,1.014046757566837e-15,9.35820293411681e-14
NovelmiRNA-2722,0,0,2.489576906684891,NA,NA
NovelmiRNA-3366,0,0,2.489576906684891,NA,NA
NovelmiRNA-2727,0,0,2.489576906684891,NA,NA
NovelmiRNA-452,0,0,2.489576906684891,NA,NA
NovelmiRNA-945,0,0,2.489576906684891,NA,NA
NovelmiRNA-1515,1.7857338956522977,-0.06489637627600876,0.7837113046918888,0.7432409016556649,NA
NovelmiRNA-2287,2693.6678374874728,0.8061388078849261,1.0457259402181545,0.01764518427861639,0.14325021643550936
NovelmiRNA-3074,0,0,2.489576906684891,NA,NA
NovelmiRNA-561,0,0,2.489576906684891,NA,NA
NovelmiRNA-3786,1.0112043076447375,-0.08519068669313291,0.7879993110050652,0.6671459524788379,NA
NovelmiRNA-1025,4.8424571645689785,-0.08876507714708544,0.7861413873237388,0.6575237054790966,NA
NovelmiRNA-3123,0.6671718450381625,0.02438911295294046,0.7811141140877401,0.9010211471638842,NA
NovelmiRNA-867,0,0,2.489576906684891,NA,NA
NovelmiRNA-3720,0,0,2.489576906684891,NA,NA
NovelmiRNA-3823,147.40372032191345,-24.170903205218305,3.0830913028908298,1.014046757566837e-15,9.35820293411681e-14
NovelmiRNA-743,2.6251712364316986,0.02413587030802283,0.7773903940553287,0.9037515476355023,NA
NovelmiRNA-2085,0,0,2.489576906684891,NA,NA
NovelmiRNA-1470,58.55900042556641,0.19877872682422837,0.8176754921106807,0.34430483479418855,0.7116685771729684
NovelmiRNA-587,0,0,2.489576906684891,NA,NA
NovelmiRNA-3055,0,0,2.489576906684891,NA,NA
NovelmiRNA-2160,0.7938268344498873,0.0159840307342474,0.7806328630267033,0.9350450517142462,NA
NovelmiRNA-1574,2.1762823701720073,0.038150714747218324,0.7819855472811004,0.8459494211040299,NA
NovelmiRNA-3412,0,0,2.489576906684891,NA,NA
NovelmiRNA-1806,0,0,2.489576906684891,NA,NA
NovelmiRNA-1254,1.2456896938540298,0.14670999546972177,0.8073358114766472,0.463702877902424,NA
NovelmiRNA-2360,3.901464568368557,-0.2433235519530289,0.857186664865913,0.2481953721085847,NA
NovelmiRNA-3087,0.21829565276964877,0.11599515008224735,0.7985990507679168,0.5566596157641471,NA
NovelmiRNA-760,0,0,2.489576906684891,NA,NA
NovelmiRNA-473,0,0,2.489576906684891,NA,NA
NovelmiRNA-2403,0,0,2.489576906684891,NA,NA
NovelmiRNA-1415,0.09922835430623592,0.022145558386637242,0.7825007590838032,0.9094402224832518,NA
NovelmiRNA-3316,0,0,2.489576906684891,NA,NA
NovelmiRNA-1261,22.70614253203395,-0.011498061697595669,0.7802325415664185,0.9533027483390892,0.9861156866908838
NovelmiRNA-840,1.5567343050890459,0.023672131086331056,0.7808637940056883,0.9040087206281705,NA
NovelmiRNA-817,0,0,2.489576906684891,NA,NA
NovelmiRNA-2492,0,0,2.489576906684891,NA,NA
NovelmiRNA-82,0,0,2.489576906684891,NA,NA
NovelmiRNA-27,0,0,2.489576906684891,NA,NA
NovelmiRNA-2225,0,0,2.489576906684891,NA,NA
NovelmiRNA-3623,0,0,2.489576906684891,NA,NA
NovelmiRNA-2220,0.1651296026037606,0.020633854533377134,0.7825403085218192,0.9155471633281658,NA
NovelmiRNA-2646,0,0,2.489576906684891,NA,NA
NovelmiRNA-3445,0,0,2.489576906684891,NA,NA
NovelmiRNA-1070,3.8981315158988927,0.07871798519835427,0.7847155588596886,0.6931925905853458,NA
NovelmiRNA-521,0,0,2.489576906684891,NA,NA
NovelmiRNA-2960,0,0,2.489576906684891,NA,NA
NovelmiRNA-3147,0,0,2.489576906684891,NA,NA
NovelmiRNA-2509,0,0,2.489576906684891,NA,NA
NovelmiRNA-699,0,0,2.489576906684891,NA,NA
NovelmiRNA-3681,1.084577474443567,0.0872272172479096,0.7885269200987457,0.6596564738220556,NA
NovelmiRNA-1288,0,0,2.489576906684891,NA,NA
NovelmiRNA-321,0.9823304374634194,0.12364258353862143,0.7990859396265464,0.5341893966069221,NA
NovelmiRNA-2152,1.2006260902330683,0.1241281311252871,0.7991258845492929,0.5327829106424797,NA
NovelmiRNA-3643,0,0,2.489576906684891,NA,NA
NovelmiRNA-2707,24.30030120920952,0.12910067876749154,0.7933824087962472,0.5266193310932501,0.8174741850033582
NovelmiRNA-2516,0.19845670861247183,0.018992697205325912,0.7814964668482578,0.9225896629462677,NA
NovelmiRNA-112,0,0,2.489576906684891,NA,NA
NovelmiRNA-460,0,0,2.489576906684891,NA,NA
NovelmiRNA-1825,0,0,2.489576906684891,NA,NA
NovelmiRNA-266,0.09922835430623592,0.022145558386637242,0.7825007590838032,0.9094402224832518,NA
NovelmiRNA-3192,10.037653026638894,-0.011398570764246715,0.7802456458737498,0.9537027882175797,0.9861156866908838
NovelmiRNA-1473,0,0,2.489576906684891,NA,NA
NovelmiRNA-2711,0.9907776156225637,0.014294513826911175,0.7806922222262158,0.9418626918419699,NA
NovelmiRNA-3293,0.49538880781128186,0.015838764161997625,0.7811062869099312,0.9354873638726365,NA
NovelmiRNA-3642,0.09922835430623592,0.022145558386637242,0.7825007590838032,0.9094402224832518,NA
NovelmiRNA-2549,0,0,2.489576906684891,NA,NA
NovelmiRNA-157,0,0,2.489576906684891,NA,NA
NovelmiRNA-1633,2.6094097971548758,0.13343647469368713,0.8020669779627266,0.5038081478698935,NA
NovelmiRNA-1531,0,0,2.489576906684891,NA,NA
NovelmiRNA-77,13.839417656900844,0.12373295625034834,0.7985367393852063,0.5346356037830372,0.8174741850033582
NovelmiRNA-34,1.4999484423561649,0.0787140369387833,0.7855058352706497,0.6922634440413029,NA
NovelmiRNA-763,3.318901403969312,-0.011044805683801619,0.780292883233117,0.9551257337561456,NA
NovelmiRNA-1849,0.09922835430623592,0.022145558386637242,0.7825007590838032,0.9094402224832518,NA
NovelmiRNA-446,0.19845670861247183,0.018992697205325912,0.7814964668482578,0.9225896629462677,NA
NovelmiRNA-325,1.271333402555578,0.0982232147009937,0.7916712376662458,0.61977957925177,NA
NovelmiRNA-3570,641.0345534219125,21.61647170979609,3.079212248812203,6.855755096129103e-13,4.4288177920994e-11
NovelmiRNA-3771,0,0,2.489576906684891,NA,NA
NovelmiRNA-2976,414.57606429145363,-25.546286088106363,3.085439934059728,2.2899042817058103e-17,7.396390829909767e-15
NovelmiRNA-526,22.353483595336044,0.2146540138027104,0.8360373261475282,0.30223292670442564,0.6792676643435935
NovelmiRNA-3196,7.9861656675944905,0.21136256045185856,0.8345499554867953,0.3085401521494749,0.6792676643435935
NovelmiRNA-3579,5.359988678488255,-0.09582313064244888,0.7628768885204963,0.6661384465595233,NA
NovelmiRNA-57,0,0,2.489576906684891,NA,NA
NovelmiRNA-3285,0.21829565276964877,0.11599515008224735,0.7985990507679168,0.5566596157641471,NA
NovelmiRNA-1964,0,0,2.489576906684891,NA,NA
NovelmiRNA-1209,0,0,2.489576906684891,NA,NA
NovelmiRNA-2833,0,0,2.489576906684891,NA,NA
NovelmiRNA-2609,0,0,2.489576906684891,NA,NA
NovelmiRNA-3713,5.359988678488255,-0.09582313064244888,0.7628768885204963,0.6661384465595233,NA
NovelmiRNA-1403,0,0,2.489576906684891,NA,NA
NovelmiRNA-1277,0,0,2.489576906684891,NA,NA
NovelmiRNA-1399,0.3706510250212014,0.025332027722373827,0.7814522643109705,0.8970828938227974,NA
NovelmiRNA-2246,10.037653026638894,-0.011398570764246715,0.7802456458737498,0.9537027882175797,0.9861156866908838
NovelmiRNA-283,0,0,2.489576906684891,NA,NA
NovelmiRNA-3807,0,0,2.489576906684891,NA,NA
NovelmiRNA-595,22.260924051013678,-0.01149647821212669,0.780232749516751,0.9533091148400722,0.9861156866908838
NovelmiRNA-1139,0,0,2.489576906684891,NA,NA
NovelmiRNA-773,0.6945816633834758,0.08076616242246866,0.7880511208494585,0.6821582214479665,NA
NovelmiRNA-3088,0,0,2.489576906684891,NA,NA
NovelmiRNA-2587,2.0015155351144878,0.02354876508029182,0.7808213142623455,0.9045221670507584,NA
NovelmiRNA-2845,2.9469913123902587,0.12548227739298318,0.7992431955628407,0.5288726356509748,NA
NovelmiRNA-1541,0,0,2.489576906684891,NA,NA
NovelmiRNA-3548,22.281161254696418,-0.011496551557275862,0.7802327398843979,0.9533088199510092,0.9861156866908838
NovelmiRNA-779,0,0,2.489576906684891,NA,NA
NovelmiRNA-2872,315.32569262549595,0.2165361064708862,0.8368890093656642,0.298690557095037,0.6792676643435935
NovelmiRNA-1931,0,0,2.489576906684891,NA,NA
NovelmiRNA-3767,0,0,2.489576906684891,NA,NA
NovelmiRNA-1904,0,0,2.489576906684891,NA,NA
NovelmiRNA-2760,0.8731826110785951,0.12331524785200496,0.7990596233946741,0.5351389289571281,NA
NovelmiRNA-1564,0,0,2.489576906684891,NA,NA
NovelmiRNA-241,13.098831951836578,0.28400365941843253,0.6912178751627573,0.3625031312249439,0.7309291463965129
NovelmiRNA-3739,0,0,2.489576906684891,NA,NA
NovelmiRNA-3160,0,0,2.489576906684891,NA,NA
NovelmiRNA-2185,0.4836183044826683,0.03985987248901825,0.7830529410932374,0.838496355826956,NA
NovelmiRNA-686,0,0,2.489576906684891,NA,NA
NovelmiRNA-3300,0.8154322550466431,0.024165146015270172,0.7810352947557844,0.9019550338428785,NA
NovelmiRNA-370,0,0,2.489576906684891,NA,NA
NovelmiRNA-2451,0.21829565276964877,0.11599515008224735,0.7985990507679168,0.5566596157641471,NA
NovelmiRNA-412,3.6882933624326615,0.08290057208054355,0.7854319684688011,0.6780347500044918,NA
NovelmiRNA-1310,0.32744347915447314,0.11893679936082382,0.7987546001837863,0.5479450008580565,NA
NovelmiRNA-48,0,0,2.489576906684891,NA,NA
NovelmiRNA-3723,0,0,2.489576906684891,NA,NA
NovelmiRNA-946,0,0,2.489576906684891,NA,NA
NovelmiRNA-3661,0,0,2.489576906684891,NA,NA
NovelmiRNA-1323,0,0,2.489576906684891,NA,NA
NovelmiRNA-2776,12.899348960749892,0.2730735723442003,0.6871020698410697,0.38199127475547856,0.7529494042553785
NovelmiRNA-1195,0,0,2.489576906684891,NA,NA
NovelmiRNA-130,4.978352105953968,-0.011219705188441833,0.7802694229534145,0.9544221347690279,NA
NovelmiRNA-406,37.72214766462681,-0.011529727519819774,0.7802284033435268,0.9531754336294255,0.9861156866908838
NovelmiRNA-2118,0,0,2.489576906684891,NA,NA
NovelmiRNA-1985,0,0,2.489576906684891,NA,NA
NovelmiRNA-2535,0,0,2.489576906684891,NA,NA
NovelmiRNA-2874,0,0,2.489576906684891,NA,NA
NovelmiRNA-544,0.6017138111696019,0.11725506182928243,0.798127261299738,0.5535920072433844,NA
NovelmiRNA-832,0,0,2.489576906684891,NA,NA
NovelmiRNA-2538,0,0,2.489576906684891,NA,NA
NovelmiRNA-2192,0.8256480130188031,0.01461836014353314,0.7807772631517926,0.9405274623873191,NA
NovelmiRNA-1434,0.19845670861247183,0.018992697205325912,0.7814964668482578,0.9225896629462677,NA
NovelmiRNA-1975,0,0,2.489576906684891,NA,NA
NovelmiRNA-894,43.34343248527417,-0.08380655746256598,0.7854139753532207,0.674993146053072,0.903565405340379
NovelmiRNA-3497,0,0,2.489576906684891,NA,NA
NovelmiRNA-967,0.14884253145935386,0.020133049060081686,0.7818474753163475,0.9178456805497252,NA
NovelmiRNA-1373,0.8913088244035033,-0.0702819814693801,0.7843607785842072,0.7231632965292658,NA
NovelmiRNA-1534,1.4647852039705107,0.0801532356326526,0.7857891092601468,0.6869710816665185,NA
NovelmiRNA-1639,30.467514256742753,0.023136074048948286,0.7806807618245801,0.9062383704442514,0.9861156866908838
NovelmiRNA-2521,0,0,2.489576906684891,NA,NA
NovelmiRNA-2383,11.657922519563703,-0.3935582151143146,1.0282150146355462,0.09287540830164404,0.38031272287283796
NovelmiRNA-3322,0,0,2.489576906684891,NA,NA
NovelmiRNA-555,0,0,2.489576906684891,NA,NA
NovelmiRNA-3051,0.28251853390123954,0.09550687742111705,0.7920575151189136,0.6280123199361543,NA
NovelmiRNA-1900,0,0,2.489576906684891,NA,NA
NovelmiRNA-3709,7.592420465395967,0.21103943571981756,0.8344379491286196,0.3091403921316045,0.6792676643435935
NovelmiRNA-2839,0,0,2.489576906684891,NA,NA
NovelmiRNA-1286,0,0,2.489576906684891,NA,NA
NovelmiRNA-2237,2.945943333161426,0.1452385806053877,0.8071479079232954,0.46752964534385727,NA
NovelmiRNA-2686,0,0,2.489576906684891,NA,NA
NovelmiRNA-3046,0.3706510250212014,0.025332027722373827,0.7814522643109705,0.8970828938227974,NA
NovelmiRNA-2624,0.7254274567240026,0.03915087738666322,0.7826047558734569,0.8415953613980556,NA
NovelmiRNA-1578,3.2258197777714206,-0.037398133315997915,0.7772722829848351,0.852152007379283,NA
NovelmiRNA-2420,0,0,2.489576906684891,NA,NA
NovelmiRNA-1300,2583.1171524722618,-27.632275069598087,3.0893356669130405,5.02055396865181e-20,3.243277863749069e-17
NovelmiRNA-3457,0.7060089194953891,-0.02537051035262092,0.780853549911208,0.8972171783070276,NA
NovelmiRNA-646,0.42377780085185934,0.09664568459544909,0.7918934091098618,0.6245475308111089,NA
NovelmiRNA-3521,0.5880522035345378,0.07600177011669311,0.786230183482132,0.7008350595214796,NA
NovelmiRNA-366,0.9713857767715058,-0.00984281185648737,0.7804592526175173,0.9599667936529358,NA
NovelmiRNA-432,2.607426515068275,0.12229977527599992,0.7984298577450155,0.5387925573833854,NA
NovelmiRNA-2453,0.14884253145935386,0.020133049060081686,0.7818474753163475,0.9178456805497252,NA
NovelmiRNA-328,0.43659130553929754,0.1205798536181614,0.7988588390537551,0.5431163318710792,NA
NovelmiRNA-786,2.292104354081312,0.12520900937148524,0.7992187996972885,0.5296603077761823,NA
NovelmiRNA-1950,1.041897720215477,0.01571223385888872,0.7805591755767817,0.9361660800427374,NA
NovelmiRNA-600,0.5457391319241219,0.1216314296892538,0.7989319978477007,0.5400405064948561,NA
NovelmiRNA-3752,0,0,2.489576906684891,NA,NA
NovelmiRNA-3352,0,0,2.489576906684891,NA,NA
NovelmiRNA-1150,0.24180915224133415,0.04198001957211669,0.7843030769806983,0.8292698284063935,NA
NovelmiRNA-1071,0,0,2.489576906684891,NA,NA
NovelmiRNA-2796,1.3055027134055759,-0.0883004596817442,0.7876230380525685,0.657201998551812,NA
NovelmiRNA-748,0,0,2.489576906684891,NA,NA
NovelmiRNA-3092,1.7273697336397895,0.19652454331551708,0.8284318960815865,0.3383374419310773,NA
NovelmiRNA-512,22.220449643648198,-0.011496331122337524,0.7802327688340285,0.953309706224484,0.9861156866908838
NovelmiRNA-3434,0.24769440390564093,0.018462416304661868,0.781861837609572,0.92460528118809715,NA
NovelmiRNA-1886,1.2260950660821424,-0.010275485030285332,0.7778619681314066,0.9587305118371031,NA
NovelmiRNA-3383,3.4097115966277443,0.12270534025083088,0.7984591478025777,0.5376141200924899,NA
NovelmiRNA-159,6.113868949261189,-0.4093452028285839,0.8702065467004239,0.11160383627854556,0.42147563026470086
NovelmiRNA-326,0.43659130553929754,0.1205798536181614,0.7988588390537551,0.5431163318710792,NA
NovelmiRNA-2408,0.7938268344498873,0.0159840307342474,0.7806328630267033,0.9350450517142462,NA
NovelmiRNA-931,10.830848601052834,0.12363748805229767,0.7985293150682272,0.5349118848473968,0.8174741850033582
NovelmiRNA-2177,0.38174688820747543,0.040951686777776185,0.7819442901188658,0.8350505485441477,NA
NovelmiRNA-1857,2.4959571972785772,0.13336027001386508,0.8020568902262718,0.5040221508839409,NA
NovelmiRNA-738,0.6671718450381625,0.02438911295294046,0.7811141140877401,0.9010211471638842,NA
NovelmiRNA-3482,2.3814805033496618,0.01520799356908305,0.7804243359876757,0.9382440591910413,NA
NovelmiRNA-3379,0,0,2.489576906684891,NA,NA
NovelmiRNA-447,1.4388111374404207,0.015467583471550361,0.780493413556428,0.9371745827579351,NA
NovelmiRNA-1768,0.3927924444215235,0.1151623419151242,0.798493914848487,0.559229362525907,NA
NovelmiRNA-165,0,0,2.489576906684891,NA,NA
NovelmiRNA-2556,8.308476015339782,0.34097523896042187,0.9250330603775144,0.13500122428410302,0.45422286920588834
NovelmiRNA-2091,0,0,2.489576906684891,NA,NA
NovelmiRNA-1718,0.3035580552410956,-0.0066860791107217175,0.7809397602962874,0.9727282333343882,NA
NovelmiRNA-688,0,0,2.489576906684891,NA,NA
NovelmiRNA-3276,1.321036820830085,0.013878024440215457,0.7805842372346022,0.9435785528674832,NA
NovelmiRNA-3102,0,0,2.489576906684891,NA,NA
NovelmiRNA-1336,0.2976850629187077,0.017741003518627226,0.7811264288318599,0.9277819335606615,NA
NovelmiRNA-1151,0,0,2.489576906684891,NA,NA
NovelmiRNA-226,17.9002435271112,0.1263061419460571,0.7993196292532876,0.526501408858848,0.8174741850033582
NovelmiRNA-3050,0,0,2.489576906684891,NA,NA
NovelmiRNA-3781,0,0,2.489576906684891,NA,NA
NovelmiRNA-3128,0,0,2.489576906684891,NA,NA
NovelmiRNA-3038,0.34035779962889684,0.12456665332649977,0.8010734047199002,0.5291102018392639,NA
NovelmiRNA-1559,14.56000273910683,0.6023633550671227,0.7352830317812037,0.08612473319635795,0.3735287362906222
NovelmiRNA-1974,0,0,2.489576906684891,NA,NA
NovelmiRNA-1838,14.200763628400127,-0.0761068701731249,0.7817734670550671,0.7057070596201389,0.9228476933494124
NovelmiRNA-445,0,0,2.489576906684891,NA,NA
NovelmiRNA-3692,0.24180915224133415,0.04198001957211669,0.7843030769806983,0.8292698284063935,NA
NovelmiRNA-1298,0,0,2.489576906684891,NA,NA
NovelmiRNA-572,0.34103750654757004,-0.015991996843063,0.7822405428232828,0.9345167975573282,NA
NovelmiRNA-1024,1.271333402555578,0.0982232147009937,0.7916712376662458,0.61977957925177,NA
NovelmiRNA-3131,0,0,2.489576906684891,NA,NA
NovelmiRNA-1372,0,0,2.489576906684891,NA,NA
NovelmiRNA-933,1.9349529089716004,0.01530007709825823,0.780448755462366,0.9378647592045004,NA
NovelmiRNA-2766,0.9076207990103917,0.13051471577880697,0.8016993203808159,0.5120550575798535,NA
NovelmiRNA-3776,16.66057701877224,0.08204232203843718,0.7849295277106935,0.6815613761039307,0.903565405340379
NovelmiRNA-1674,0,0,2.489576906684891,NA,NA
NovelmiRNA-1566,52.50010449110054,0.12641859525409582,0.7993309937464751,0.5261773982672628,0.8174741850033582
NovelmiRNA-3142,0,0,2.489576906684891,NA,NA
NovelmiRNA-2827,0,0,2.489576906684891,NA,NA
