miRNA,baseMean,log2FoldChange,lfcSE,pvalue,padj
hsa-miR-551a,0.4642452936203017,-0.011989774220853464,0.30197461314099733,0.5331473496528716,0.9951049837869399
hsa-miR-335-3p,0,0,3.551268491405612,NA,NA
hsa-miR-548an,2.7346660427208924,0.06658918733428966,0.6888354392072387,0.1367115103539584,0.9951049837869399
hsa-miR-1-3p,3158.256625666861,-7.373504323272745e-4,0.055389198499782084,0.7741409123158551,0.9951049837869399
hsa-miR-548av-3p,12.343171329424791,0.012664982697614617,0.24638218629252304,0.33370846674793075,0.9951049837869399
hsa-miR-6806-3p,0,0,3.551268491405612,NA,NA
hsa-miR-320b,1399.4114696071354,1.142304122524787e-4,0.04322276247948121,0.9558348417947939,0.9951049837869399
hsa-miR-4796-5p,0,0,3.551268491405612,NA,NA
hsa-miR-190b-5p,26.762071420629404,4.151577019057279e-4,0.05037444436119335,0.8600975536680355,0.9951049837869399
hsa-miR-5000-3p,0,0,3.551268491405612,NA,NA
hsa-miR-10398-3p,0,0,3.551268491405612,NA,NA
hsa-miR-676-3p,11.662769627482602,2.5010180315770798e-5,0.03805376280916679,0.9895499149781218,0.9965742267082238
hsa-miR-296-5p,72.7536197066167,9.386396400107382e-4,0.053605702484200796,0.7031263856359968,0.9951049837869399
hsa-let-7d-5p,12147.750905464189,-0.002995535127360228,0.0417036850464293,0.21761311869579755,0.9951049837869399
hsa-miR-369-3p,1215.6268643192386,-7.462511604320243e-4,0.04248336316276081,0.7139233469289799,0.9951049837869399
hsa-miR-3180-5p,8.962926456130273,-0.0023732944164624003,0.09136749265059688,0.5808898398843529,0.9951049837869399
hsa-miR-128-2-3p,200316.42108328853,-3.6725013985971757e-4,0.05823303536877253,0.8936244041353875,0.9951049837869399
hsa-miR-411-5p,5452.273952512258,-0.0019187501571979403,0.051202142770556285,0.4098309607480982,0.9951049837869399
hsa-miR-449a,21.909213529794137,-7.361130662648436e-4,0.06834849322357643,0.8216064273753656,0.9951049837869399
hsa-miR-489-3p,2.9909391817006923,0.0035833647524678752,0.14393323831222327,0.6450678183228962,0.9951049837869399
hsa-miR-4803,2.7346660427208924,0.06658918733428966,0.6888354392072387,0.1367115103539584,0.9951049837869399
hsa-miR-7843-3p,0,0,3.551268491405612,NA,NA
hsa-miR-6883-3p,0,0,3.551268491405612,NA,NA
hsa-miR-6513-3p,3.549856822992917,0.002753228769999861,0.11576411271607387,0.6400806695655479,0.9951049837869399
hsa-miR-218-5p,41957.554757016514,-0.004515996732176588,0.08729394888505841,0.21486994609064883,0.9951049837869399
hsa-miR-133a-3p,339.98323577905074,-0.001457234272108128,0.06457721938097118,0.6192059488388102,0.9951049837869399
hsa-miR-548ah-3p,302.1873628120683,0.004235848723165776,0.11289598205513819,0.4092418828750904,0.9951049837869399
hsa-miR-5579-5p,0,0,3.551268491405612,NA,NA
hsa-miR-30d-5p,84565.29666203345,-0.0015364297483260712,0.035105680357047704,0.4673034583028395,0.9951049837869399
hsa-miR-758-3p,599.1558966905178,-2.2403331287358192e-4,0.03900612118781457,0.9076816759056292,0.9951049837869399
hsa-miR-193b-3p,409.2903030488077,0.0038718493917878558,0.08605049484210583,0.2846394977512359,0.9951049837869399
hsa-miR-16-5p,10918.281669065362,4.7453868991215013e-4,0.03740703839299484,0.8039583683885239,0.9951049837869399
hsa-miR-548aw,0,0,3.551268491405612,NA,NA
hsa-miR-342-3p,6490.8576396253475,-0.0012121617034400267,0.035651146516630886,0.5484216218075263,0.9951049837869399
hsa-miR-1912-5p,0,0,3.551268491405612,NA,NA
hsa-miR-152-3p,5228.434860018859,2.3861030029093485e-4,0.034898529447638056,0.8997235441863735,0.9951049837869399
hsa-miR-3659,0.9115553475736308,0.025680247850016,0.41567750274683174,0.3157310012002862,0.9951049837869399
hsa-miR-139-5p,29280.083484409646,9.607197933728769e-4,0.07268438366414666,0.7826804263441746,0.9951049837869399
hsa-miR-6858-3p,0,0,3.551268491405612,NA,NA
hsa-miR-6794-3p,2.969404804093111,-0.002079320833667154,0.22175118203318323,0.8873705354912456,0.9951049837869399
hsa-miR-1236-3p,0.2694996472056818,-0.0062457753308267075,0.2628341109064205,0.7215628833124744,0.9951049837869399
hsa-miR-655-3p,343.2532407933359,-0.0019509086888651718,0.04989127448668731,0.3953025179184107,0.9951049837869399
hsa-miR-6772-3p,0.8226758047006788,-0.0023040734238354158,0.2336972510072696,0.8834021998280857,0.9951049837869399
hsa-miR-7158-3p,1.3849529066781154,-0.030521362758089088,0.4494440444837652,0.2667327632627964,0.9951049837869399
hsa-miR-200a-3p,416.4343165027258,2.2240286643378064e-4,0.040560221673297044,0.9102651843162659,0.9951049837869399
hsa-miR-4785,0,0,3.551268491405612,NA,NA
hsa-miR-6851-3p,0,0,3.551268491405612,NA,NA
hsa-miR-323b-3p,1445.0590618817178,-7.642930714098461e-5,0.0499333581018252,0.9740098323696882,0.9951049837869399
hsa-miR-548e-3p,34.38403864701004,5.505037470015603e-4,0.04061854356306164,0.7808982964326239,0.9951049837869399
hsa-miR-641,145.5649892867674,5.851807536658767e-4,0.040139577958217564,0.7662009372683909,0.9951049837869399
hsa-miR-551b-3p,119.2911785442744,8.412937694012488e-4,0.04349008277681106,0.6840424560804047,0.9951049837869399
hsa-miR-6866-5p,0,0,3.551268491405612,NA,NA
hsa-miR-5581-3p,0.4797818507209958,0.013773064182377686,0.3192026201545617,0.4967258659596773,0.9951049837869399
hsa-miR-4473,38.589449076770705,-0.0032766273034621,0.05139515351702065,0.19763695944763945,0.9951049837869399
hsa-miR-6850-5p,0,0,3.551268491405612,NA,NA
hsa-miR-629-5p,890.2637147871865,0.004229547209575012,0.07867881931564398,0.20209274026749094,0.9951049837869399
hsa-miR-103a-2-3p,54606.312133352665,-0.0018496014328800471,0.03785407577514502,0.3881141100883561,0.9951049837869399
hsa-miR-7151-5p,7.9306197389671045,0.003347244433524933,0.12573066183533668,0.6026364128981846,0.9951049837869399
hsa-miR-6727-5p,0,0,3.551268491405612,NA,NA
hsa-miR-6775-3p,2.7434276668392594,6.209338441259199e-4,0.08835379083547351,0.8902068917568557,0.9951049837869399
hsa-miR-1228-3p,0,0,3.551268491405612,NA,NA
hsa-miR-371a-3p,0,0,3.551268491405612,NA,NA
hsa-miR-3679-5p,9.116010832216729,2.1193171542956698e-5,0.05645522204748634,0.9936572479697974,0.9972556219360104
hsa-miR-548l,7.2966147793702,0.014711589603269093,0.25882277723443536,0.27450203487318287,0.9951049837869399
hsa-miR-153-3p,813.5529995999239,0.0017594146074363108,0.04593300129663869,0.42069230400968555,0.9951049837869399
hsa-miR-4797-3p,0,0,3.551268491405612,NA,NA
hsa-miR-154-3p,0,0,3.551268491405612,NA,NA
hsa-miR-664a-3p,441.7582560774788,5.493444562209074e-4,0.03455708302676634,0.7754272724849378,0.9951049837869399
hsa-miR-3158-3p,66.32286747486377,0.008086058868272369,0.11257750503627945,0.09293012150662468,0.9951049837869399
hsa-miR-4743-5p,0.6164539781221052,0.001076568184452589,0.23509161868275102,0.9461990845353436,0.9951049837869399
hsa-miR-6816-3p,1.1296396749884072,-0.005664312873529883,0.24768383453519127,0.727500663139265,0.9951049837869399
hsa-miR-5682,0.2595621843933751,-0.0013634055496248498,0.2430505774278041,0.934718427340982,0.9951049837869399
hsa-miR-5582-3p,2.5994249977453627,-3.282412722315877e-4,0.13064637551821467,0.9648269169311221,0.9951049837869399
hsa-miR-107,9067.469860308676,-0.0016459679700254778,0.037722694226467075,0.4317419513099522,0.9951049837869399
hsa-miR-1267,1.6524912140819903,0.0016446365990354236,0.22435271263012446,0.9124563559194523,0.9951049837869399
hsa-miR-2110,170.7080376059728,-2.0223214605029038e-4,0.03245183574698093,0.9191474121697488,0.9951049837869399
hsa-miR-9983-3p,96.23265575836302,0.012626154357977135,0.17074406010051735,0.09364036298510253,0.9951049837869399
hsa-miR-3146,0.4149045216399647,-0.010901257673876893,0.2934938046279753,0.5627175192490413,0.9951049837869399
hsa-miR-1234-3p,1.7023832699403854,-0.0013888330022263657,0.1266487627107014,0.8436272976338086,0.9951049837869399
hsa-miR-6503-5p,4.7518751092474725,0.007940838010466215,0.1553447296660945,0.2567598540179097,0.9951049837869399
hsa-miR-1976,51.587544202030706,-0.005332516534369586,0.07787072776252295,0.1198878003577431,0.9951049837869399
hsa-miR-122b-5p,4.802630053475879,0.012331561967447648,0.2636885369865802,0.4113847856981837,0.9951049837869399
hsa-miR-185-5p,3880.1687444241097,-0.0012607616867037694,0.03344577378930213,0.5507868408374965,0.9951049837869399
hsa-miR-6746-3p,1.087847650297148,0.031247058168097912,0.4555989392134684,0.2628437706099778,0.9951049837869399
hsa-miR-4795-3p,0.4606818573813674,0.015712010510380056,0.3352016405869999,0.4564140597663571,0.9951049837869399
hsa-miR-4528,0.10311091328928676,-0.0017215318693915638,0.24445469512273085,0.9180976252541888,0.9951049837869399
hsa-miR-4774-5p,0,0,3.551268491405612,NA,NA
hsa-miR-520g-3p,1.228941080939886,-0.016537881192698254,0.3376366176214518,0.4301188917319373,0.9951049837869399
hsa-miR-106b-5p,2965.9343384499766,0.00594453142319701,0.09304286905743069,0.13049142395589494,0.9951049837869399
hsa-miR-579-3p,4.721577248437678,0.011104041885023643,0.21770741230798174,0.3146906754315969,0.9951049837869399
hsa-miR-216a-5p,92.33837283220971,1.7831914556667496,2.4460118613934254,NA,NA
hsa-miR-4522,0.4642452936203017,-0.011989774220853464,0.30197461314099733,0.5331473496528716,0.9951049837869399
hsa-miR-138-5p,3264.2324708187753,2.7550793705543696e-4,0.04532365149978522,0.897649301005772,0.9951049837869399
hsa-miR-3619-3p,0.23212264681015085,-0.005892445899656313,0.26101072160623967,0.7357088704604036,0.9951049837869399
hsa-miR-548a-3p,27.706684803697403,4.768699626453364e-4,0.036880915070022786,0.8025116388640012,0.9951049837869399
hsa-miR-4735-5p,1.7780037330836675,0.01907234424116447,0.3594024085643662,0.3899462785355023,0.9951049837869399
hsa-miR-10522-5p,0,0,3.551268491405612,NA,NA
hsa-miR-668-3p,145.9964445037988,4.589081189907239e-4,0.05022356080372641,0.8449282879269409,0.9951049837869399
hsa-miR-12129,0,0,3.551268491405612,NA,NA
hsa-miR-549a-3p,5.48231480400425,-0.002139027030271466,0.07612712839921512,0.5317074271100116,0.9951049837869399
hsa-miR-2467-5p,0,0,3.551268491405612,NA,NA
hsa-miR-509-3p,11.582945267980431,0.010110879177967887,0.12610222664603765,0.06753539339516212,0.9951049837869399
hsa-miR-891a-5p,171.91493353792407,0.04222494534512414,0.40898925198739106,NA,NA
hsa-miR-939-3p,0,0,3.551268491405612,NA,NA
hsa-miR-92a-3p,34833.082737855584,0.007850477529416887,0.11752284389301809,0.11353881939967808,0.9951049837869399
hsa-miR-6842-3p,219.5898438800672,-0.0016729522591219753,0.06050096419569914,0.5344698584227091,0.9951049837869399
hsa-miR-6734-3p,0,0,3.551268491405612,NA,NA
hsa-miR-30c-5p,36998.911361585626,-5.638461122817576e-4,0.031475985310887536,0.7936794233859648,0.9951049837869399
hsa-miR-605-3p,0.2303409286906837,0.010285389518123186,0.29115269219401846,0.5854879254187484,0.9951049837869399
hsa-miR-429,55.587459412109816,4.1092757802090767e-4,0.03931309229396232,0.8325034673614327,0.9951049837869399
hsa-miR-320e,10.63829815528255,-0.26636037319240335,1.4294462524506504,0.02967141518103911,0.9951049837869399
hsa-miR-500a-5p,103.41668828681607,-0.0010471809170328932,0.044494694956361124,0.6181696505919595,0.9951049837869399
hsa-miR-4424,0.40424947080852275,-0.010372820180534583,0.2894971948162583,0.5780456288024138,0.9951049837869399
hsa-miR-6803-3p,9.798141621024907,-0.003339557988453699,0.11710402368166212,0.5632309616964606,0.9951049837869399
hsa-miR-543,2637.183104224002,2.915947144980874e-4,0.04706581958682764,0.8951987577057217,0.9951049837869399
hsa-miR-1264,50.86186200729246,-6.682698166620036e-4,0.07883971876434145,0.8638019083544716,0.9951049837869399
hsa-miR-6812-3p,4.078859045035722,0.005375398223770182,0.11406776158670698,0.2716573732486254,0.9951049837869399
hsa-miR-582-5p,404.3043910407991,-6.41725050503817e-5,0.04853904925070314,0.9775700942047911,0.9951049837869399
hsa-miR-542-3p,276.7970610807988,0.007008244363806053,0.11639210568801343,0.1503687621514814,0.9951049837869399
hsa-miR-1180-3p,2370.6147961676934,5.745669522031504e-4,0.0415900701245509,0.7746421486015593,0.9951049837869399
hsa-miR-380-3p,101.23581906316821,-9.56348653644472e-4,0.040254705043742095,0.631137218366814,0.9951049837869399
hsa-miR-1243,5.2831462172908275,-0.005076376530375116,0.1355912295789774,0.4351106849461405,0.9951049837869399
hsa-miR-1972,0.9882224319448644,0.03265317597017848,0.4190302241806261,0.16782688824485698,0.9951049837869399
hsa-miR-1249-3p,461.6341757670468,-0.001684685538558451,0.0562509321274141,0.5014011442443578,0.9951049837869399
hsa-miR-17-5p,5365.246745892098,0.009264799483855972,0.13174536241794027,0.09952280134911529,0.9951049837869399
hsa-miR-3939,0,0,3.551268491405612,NA,NA
hsa-miR-3928-3p,20.68975682432799,0.0015167518655359031,0.0881361133513201,0.7260083645502267,0.9951049837869399
hsa-miR-6750-3p,0.5666834226476201,0.005110056719220505,0.25318377026733074,0.7628045511954331,0.9951049837869399
hsa-miR-576-5p,133.08875627462632,0.0057123504675751875,0.10424541128282691,0.18842791920617885,0.9951049837869399
hsa-miR-302c-3p,0,0,3.551268491405612,NA,NA
hsa-miR-4689,0,0,3.551268491405612,NA,NA
hsa-miR-3622a-5p,0,0,3.551268491405612,NA,NA
hsa-miR-5697,0.40424947080852275,-0.010372820180534583,0.2894971948162583,0.5780456288024138,0.9951049837869399
hsa-miR-431-5p,4.318036656488962,0.10150659758697093,0.8707306380302611,0.09175119300277107,0.9951049837869399
hsa-miR-19b-1-3p,2362.466699716761,0.023005790843948,0.25053126759923033,NA,NA
hsa-miR-455-5p,12227.397931073736,-0.03996819060852412,0.3466620184350316,0.035190201383716084,0.9951049837869399
hsa-miR-6733-5p,0,0,3.551268491405612,NA,NA
hsa-miR-4775,3.8017625198725886,0.006029598380484663,0.1741774615707733,0.5187062320158763,0.9951049837869399
hsa-miR-181c-5p,0,0,3.551268491405612,NA,NA
hsa-miR-660-5p,1322.4606333490174,-7.38922076901115e-4,0.042111647732296247,0.7151459407702663,0.9951049837869399
hsa-miR-4661-5p,5.777183393954562,0.0019212684286795797,0.08859734889260322,0.6514041745075458,0.9951049837869399
hsa-miR-197-3p,2902.3074735117852,1.7070162401009662e-4,0.033291846316846875,0.9297078215787675,0.9951049837869399
hsa-miR-618,211.68315848369005,-0.004386343534808632,0.08851266644533615,0.2351014781123122,0.9951049837869399
hsa-miR-3661,0,0,3.551268491405612,NA,NA
hsa-miR-184,168.9546673503023,-0.003000799093397248,0.06710097916103952,0.29627763148859604,0.9951049837869399
hsa-miR-887-3p,143.65857243121016,-0.0016009706345808772,0.0564799591812402,0.525606140382249,0.9951049837869399
hsa-miR-19a-3p,1658.4014884701837,0.04223086359937887,0.36914488087139535,NA,NA
hsa-miR-6833-3p,16.89693501877751,-2.2015235519207073e-4,0.04942924419427422,0.9243997748978657,0.9951049837869399
hsa-miR-636,0,0,3.551268491405612,NA,NA
hsa-miR-1299,64.46665740431717,-0.007617217904764559,0.20724901482367447,0.513562686589391,0.9951049837869399
hsa-miR-382-3p,0,0,3.551268491405612,NA,NA
hsa-miR-4697-3p,0.3093327398678603,-0.008168379764210984,0.27407203457873214,0.6494284543168234,0.9951049837869399
hsa-miR-20b-5p,980.009043062502,0.004887813627830392,0.08934637849277317,0.18960906131171154,0.9951049837869399
hsa-miR-191-5p,36162.77767677927,-0.0015980555380963471,0.033571139452603246,0.46789668520021976,0.9951049837869399
hsa-miR-146a-5p,12947.602582189304,-5.826552720726546e-5,0.03991565045884353,0.9762139179227556,0.9951049837869399
hsa-miR-3616-5p,2.9935730711915545,0.015340932841460393,0.22844384026215403,0.15510130535505245,0.9951049837869399
hsa-miR-4705,121.08745074120496,-0.007897939805217835,0.14995966458523494,0.23419944563322231,0.9951049837869399
hsa-miR-6511b-3p,82.57592612180558,-8.572492445318936e-4,0.05768738997661882,0.7482057215704966,0.9951049837869399
hsa-miR-92a-1-3p,39199.65636343996,0.008771317699611774,0.12712146941343824,0.10451147150249525,0.9951049837869399
hsa-miR-6764-5p,0.3788841390309265,0.013729279322647251,0.3188397460376473,0.49769636179578075,0.9951049837869399
hsa-miR-4422,0,0,3.551268491405612,NA,NA
hsa-miR-3144-3p,5.333870079497438,-0.004906476386765141,0.2013400741925241,0.6881282160182923,0.9951049837869399
hsa-miR-3199,0.6142424765084898,0.019751098851664473,0.36808472337917386,0.3874002067435624,0.9951049837869399
hsa-miR-4492,1.1994546268024895,0.03230450285965755,0.46638308136140366,0.26103312651123217,0.9951049837869399
hsa-miR-30e-5p,33248.383331306824,-9.946883349009014e-4,0.03167227797082125,0.6537296775256134,0.9951049837869399
hsa-miR-491-5p,163.06123741969017,-6.405578060769469e-4,0.04354606700251695,0.7568597107251751,0.9951049837869399
hsa-miR-15b-5p,992.4002121524843,2.4133554964253712e-4,0.03965139908067039,0.9014119584332063,0.9951049837869399
hsa-miR-150-5p,546.7379502911452,-0.0017909768722319886,0.05099766705527485,0.43941093370570317,0.9951049837869399
hsa-miR-4773,0.09139093741490692,-0.0017215318693915693,0.24445469512273085,0.9180976252541886,0.9951049837869399
hsa-miR-1252-5p,64.15510914185495,6.468446554223643e-4,0.05038692778614254,0.7823710049619005,0.9951049837869399
hsa-miR-4685-3p,1.9853854060825202,-0.001775961616132616,0.125805808202737,0.7970104300592602,0.9951049837869399
hsa-miR-28-3p,3021.233972924399,2.931010873406866e-4,0.04150420457965385,0.8836362437199399,0.9951049837869399
hsa-miR-514a-3p,196.37354288169215,0.008114356645123163,0.10197170084170894,0.07193331459687839,0.9951049837869399
hsa-miR-6813-5p,0,0,3.551268491405612,NA,NA
hsa-miR-3909,116.32677389094847,-0.001204939413976497,0.03797756110603399,0.5469747538948602,0.9951049837869399
hsa-miR-550a-3-3p,38.77402819513243,0.0037822592720748683,0.07487790777954788,0.2319677339956934,0.9951049837869399
hsa-miR-517-3p,10.660866090641273,0.002469794824832567,0.06311336502831671,0.36614146914066414,0.9951049837869399
hsa-miR-135a-5p,3351.050871738798,0.005563770526253768,0.10226997221780378,0.1914207960703925,0.9951049837869399
hsa-miR-1307-3p,2903.445532139456,0.001152176337524628,0.032621091054106065,0.5913304229366185,0.9951049837869399
hsa-miR-1343-3p,16.091816584328285,0.001444914033915163,0.11963448563853502,0.8245642750070168,0.9951049837869399
hsa-miR-4254,2.919358380489165,9.902120937526214e-4,0.08787346208998474,0.8226434297163311,0.9951049837869399
hsa-miR-208a-3p,0,0,3.551268491405612,NA,NA
hsa-miR-3150a-3p,0,0,3.551268491405612,NA,NA
hsa-miR-330-5p,1667.0966181353244,-9.724784368837141e-4,0.15620560340857545,0.9170989914990759,0.9951049837869399
hsa-miR-6820-3p,0,0,3.551268491405612,NA,NA
hsa-miR-4446-3p,23.763252055419052,-0.001176571313018689,0.06931316839935804,0.717170438519471,0.9951049837869399
hsa-miR-4471,0,0,3.551268491405612,NA,NA
hsa-miR-4790-5p,0,0,3.551268491405612,NA,NA
hsa-miR-375-3p,148.86567743409452,-0.0011377584602752391,0.051556597625355687,NA,NA
hsa-miR-4732-5p,0,0,3.551268491405612,NA,NA
hsa-miR-4767,0,0,3.551268491405612,NA,NA
hsa-miR-135b-5p,3996.927632464851,-0.005904647461999441,0.13076172968766,0.31190499997989773,0.9951049837869399
hsa-miR-1286,9.173701173155493,-0.012642548319976243,0.2055536573150217,0.18672352622014893,0.9951049837869399
hsa-miR-124-3p,29745.66381741981,-0.004633422620145779,0.0998284562357953,0.2717764001068206,0.9951049837869399
hsa-miR-127-3p,38790.3225312404,-0.0011868320674329287,0.04725849357869915,0.5878202981804651,0.9951049837869399
hsa-miR-1265,0,0,3.551268491405612,NA,NA
hsa-miR-520f-3p,2.4323625830467,0.006724440504390622,0.2075024957685859,0.5779003965728515,0.9951049837869399
hsa-miR-4749-3p,0,0,3.551268491405612,NA,NA
hsa-miR-92a-2-3p,34833.082737855584,0.007850477529416887,0.11752284389301809,0.11353881939967808,0.9951049837869399
hsa-miR-610,0,0,3.551268491405612,NA,NA
hsa-miR-3149,6.797367524320411,2.5314133063054385e-4,0.07809920875820175,0.9480469211683187,0.9951049837869399
hsa-miR-675-3p,4.913939812067919,0.11628825010465403,0.9392097363181607,NA,NA
hsa-miR-450b-5p,264.680520242011,0.009902782244222585,0.15050357948757967,NA,NA
hsa-miR-423-3p,14282.929155784765,-2.9702137585748e-4,0.0349628945537454,0.8755194161300529,0.9951049837869399
hsa-miR-193a-5p,259.9305056818982,-0.0011996783344153299,0.05068301429605106,0.6042754328535538,0.9951049837869399
hsa-miR-1260b,347.8029357231227,1.234904061461552e-4,0.10969456728262711,0.983447547684691,0.9951534694793382
hsa-miR-23a-3p,7692.043594655305,0.003948791718994779,0.06944583963645067,0.1899319683114224,0.9951049837869399
hsa-miR-4777-3p,1.0779985888227273,-0.024463309447334367,0.4045034098821244,0.32477128224829743,0.9951049837869399
hsa-miR-381-3p,35051.759024924955,-0.0058169441045791545,0.10376751992474598,0.1782309826849154,0.9951049837869399
hsa-miR-106a-5p,706.5698093139872,0.006640092200686771,0.1056769033153167,0.13361367936761137,0.9951049837869399
hsa-miR-485-3p,0,0,3.551268491405612,NA,NA
hsa-miR-379-5p,8200.722934940966,-0.001848961472236206,0.05090766863066375,0.42467861860390627,0.9951049837869399
hsa-miR-518c-3p,0.9024546509113074,0.009101051090026159,0.27782646766973457,0.6127724152714644,0.9951049837869399
hsa-miR-378i,325.8379682190554,-0.0032094688798550665,0.22050573763722967,NA,NA
hsa-miR-766-3p,98.97798365591734,-6.091529317718901e-4,0.041791919287765544,0.7622120533684281,0.9951049837869399
hsa-miR-143-3p,62041.30154054436,-3.5319376900764214e-4,0.033558208085605404,0.8552145412311545,0.9951049837869399
hsa-miR-580-3p,4.061295024287175,-0.002260877001480709,0.10583614969278342,0.671291839778366,0.9951049837869399
hsa-miR-3074-5p,43.72234753006481,0.0026768329648392134,0.06900874289376425,0.36587528118564094,0.9951049837869399
hsa-miR-497-5p,1458.7631917876722,-2.1936641429997508e-4,0.03819583260528224,0.9087731045446273,0.9951049837869399
hsa-miR-2277-5p,112.04306300477354,9.48064297187241e-5,0.034534745233569954,0.9600702885510785,0.9951049837869399
hsa-miR-383-5p,1463.1312963870382,-1.9302116919137362e-4,0.039722063281146205,0.921132321063965,0.9951049837869399
hsa-miR-4525,0.8463978338487809,-0.005728082987800445,0.17468638735468037,0.5474718741244372,0.9951049837869399
hsa-miR-6853-3p,7.06452723802261,-0.0010674439337082882,0.053915461189006725,0.664820369679584,0.9951049837869399
hsa-miR-4677-3p,72.6798563726918,-0.001696798909002761,0.06155779515056006,0.5356678300024275,0.9951049837869399
hsa-miR-3157-5p,0,0,3.551268491405612,NA,NA
hsa-miR-409-3p,0,0,3.551268491405612,NA,NA
hsa-miR-509-3-3p,0,0,3.551268491405612,NA,NA
hsa-miR-24-2-3p,18722.274830067174,-0.0015118793638915298,0.03089012088885942,0.550286888654433,0.9951049837869399
hsa-miR-4520-3p,1.9558852820294022,-0.0026449391464432896,0.22656884195633928,0.8602721186032545,0.9951049837869399
hsa-miR-29a-3p,59660.47122887458,-6.412078091215455e-4,0.033963970535197,0.7429415342091437,0.9951049837869399
hsa-miR-4726-5p,0.6186654797357206,-0.015548331374296263,0.3310444124835098,0.4528093322768584,0.9951049837869399
hsa-miR-203b-3p,44.360330886352834,-0.00213520975264391,0.12822286809772143,0.7603902317359241,0.9951049837869399
hsa-miR-6781-3p,0.4797818507209958,0.013773064182377686,0.3192026201545617,0.4967258659596773,0.9951049837869399
hsa-miR-890,2.159018328244481,0.05380197563551582,0.6124949465165531,0.16639293061032828,0.9951049837869399
hsa-miR-6749-3p,1.0767379675968585,-0.016511654951861365,0.24559666855266168,0.16398572060411049,0.9951049837869399
hsa-miR-324-3p,103.01114382191213,-0.005838594706809203,0.23603424447733112,0.699035677963433,0.9951049837869399
hsa-miR-182-5p,6278.314008444221,0.002496331920695616,0.09158143056164336,0.5591707737769269,0.9951049837869399
hsa-miR-1277-3p,0,0,3.551268491405612,NA,NA
hsa-miR-3170,0,0,3.551268491405612,NA,NA
hsa-miR-508-3p,40.26824269439449,0.008639097794746683,0.14133463205119148,0.15244662867909284,0.9951049837869399
hsa-let-7f-5p,369678.7451646493,-0.0017417968191272416,0.036744930647598255,0.41349162683124796,0.9951049837869399
hsa-miR-6734-5p,3.50236722380849,-0.003250639916638985,0.14392571518737537,0.6804792346701675,0.9951049837869399
hsa-miR-506-3p,0,0,3.551268491405612,NA,NA
hsa-miR-202-5p,1.5461742046615115,-0.033190194171007416,0.47183786173255376,0.25303018737791094,0.9951049837869399
hsa-miR-1468-5p,27.28072843286256,0.0031894588526452557,0.06624979064177133,0.26320199235846237,0.9951049837869399
hsa-miR-93-5p,9850.357527644672,0.004063431435830872,0.07453825183693379,0.19995136056125973,0.9951049837869399
hsa-miR-4421,24.596215905121483,0.0015485785602924636,0.10101169450173189,0.765044765129332,0.9951049837869399
hsa-miR-365b-3p,728.3056653436859,-7.816440110286959e-4,0.037092421925570246,0.6864383627859796,0.9951049837869399
hsa-miR-584-5p,1328.1329135989074,-0.007825805006381172,0.1265977368844581,0.1424443277716243,0.9951049837869399
hsa-miR-454-3p,1799.0715414422432,-5.815908515738275e-4,0.03612224454979103,0.7610920475217796,0.9951049837869399
hsa-miR-1276,0,0,3.551268491405612,NA,NA
hsa-miR-548y,0.6737491180142046,-0.016464406426088506,0.3386759978886719,0.43553598256420173,0.9951049837869399
hsa-miR-1253,0.4642452936203017,-0.011989774220853464,0.30197461314099733,0.5331473496528716,0.9951049837869399
hsa-miR-892a,20.562198425407068,0.0033243300243175184,0.09696501540314628,0.44582661323880934,0.9951049837869399
hsa-miR-203a-3p,634.5031313844827,-0.0014949442454281485,0.07242207946035158,0.65646164786662,0.9951049837869399
hsa-miR-212-5p,334.6511744551084,4.713427500835745e-4,0.04030697388524119,0.8108234740955815,0.9951049837869399
hsa-miR-216b-5p,110.57054857745652,0.3173740163444125,1.1625849821485188,0.006218324313639165,0.5429075458446502
hsa-miR-141-3p,10.945812764369133,8.88328999219668e-4,0.08489374127258464,0.8341805922860024,0.9951049837869399
hsa-miR-513c-5p,1.2363908606373908,0.0349942675446643,0.4798543277958305,0.23255249117038132,0.9951049837869399
hsa-miR-3174,1.0902548480936942,0.0035876444664652957,0.18858833844801007,0.7552061000818442,0.9951049837869399
hsa-miR-211-5p,38.47894805696693,-0.0021050116651922476,0.09388645834677574,0.6435577442030256,0.9951049837869399
hsa-miR-1255a,27.466031992739616,-0.0026810322345503525,0.0903885140012162,0.5170406918139232,0.9951049837869399
hsa-miR-3918,0,0,3.551268491405612,NA,NA
hsa-miR-548ao-3p,0,0,3.551268491405612,NA,NA
hsa-miR-410-3p,1312.675651226142,-8.334524759089456e-4,0.04661856418563265,0.7015638798725542,0.9951049837869399
hsa-miR-10b-5p,29250.935643139714,2.0596012173267355,2.892106790974033,8.600260916078351e-4,0.13444034331135302
hsa-miR-215-5p,141.47187856147062,-0.0017392490432829961,0.05054553317450015,0.449722264446004,0.9951049837869399
hsa-miR-3124-5p,19.08175089309801,0.0014914456494291638,0.07302502745223516,0.6606151998405301,0.9951049837869399
hsa-miR-3176,5.123685851231871,0.0020755473437210807,0.14975169545290293,0.8108434017463135,0.9951049837869399
hsa-miR-432-5p,951.7495919279067,-5.041275067012795e-4,0.04153557581687077,0.8014218752709104,0.9951049837869399
hsa-miR-1185-3p,99.75082269829784,9.312346280808466e-5,0.03305483705162481,0.9618100428125083,0.9951049837869399
hsa-miR-943,7.483831262886841,-7.639097352326151e-6,0.047007788577526056,0.9972486689599,0.9986677037230525
hsa-miR-501-3p,469.3648009434378,-0.0018327141236267699,0.05213330045535548,0.43596864830559073,0.9951049837869399
hsa-miR-11401,0,0,3.551268491405612,NA,NA
hsa-miR-1304-3p,0,0,3.551268491405612,NA,NA
hsa-miR-3139,2.762408358601278,-0.004816064997757254,0.1334786421874908,0.4549326665420284,0.9951049837869399
hsa-miR-1909-5p,0.34818397021522624,-0.009102371146618831,0.28031917252424593,0.6176742152794183,0.9951049837869399
hsa-miR-18a-5p,50.79749934097652,0.008144838882898377,0.21161755849845845,0.49111092705161125,0.9951049837869399
hsa-miR-1269a,352.81104218555134,-0.008277970602645188,0.24941418680261623,NA,NA
hsa-miR-4760-5p,0,0,3.551268491405612,NA,NA
hsa-miR-1269b,11.643246043316772,0.01394637168613369,0.23346814400237983,0.2232583471148629,0.9951049837869399
hsa-miR-3664-5p,2.0509995320406693,0.05151705010461181,0.5981265798822892,0.17309275711246921,0.9951049837869399
hsa-miR-9-5p,1721919.1463943184,0.001156143453264635,0.0431710349719773,0.5763719235444382,0.9951049837869399
hsa-miR-6837-3p,2.901142164535538,0.003937072033688799,0.11818748272017607,0.4841868976915627,0.9951049837869399
hsa-miR-1271-5p,563.5407935212074,0.0015784564268278766,0.037635262363691295,0.4475470712971885,0.9951049837869399
hsa-miR-21-5p,157710.35053494512,0.0036124838420200827,0.09331365488826379,NA,NA
hsa-miR-122-5p,28.085561102279183,0.0016771726693401102,0.051842271695164574,0.47383229204844945,0.9951049837869399
hsa-miR-1296-5p,1851.223749555686,-0.003012770284073801,0.06343482548891592,0.27377498657383853,0.9951049837869399
hsa-miR-7114-3p,0,0,3.551268491405612,NA,NA
hsa-miR-1295a,84.30941313162559,0.2390349152097383,1.2211216523665458,NA,NA
hsa-miR-3529-5p,4.470744029898237,-0.0015264656534516752,0.09358319354221596,0.7445212377544821,0.9951049837869399
hsa-miR-3130-3p,0.6836665106802231,0.02011277592562408,0.3710296226446064,0.38216035988282443,0.9951049837869399
hsa-miR-142-3p,0,0,3.551268491405612,NA,NA
hsa-miR-665,3.778648343904234,-7.291812002705714e-4,0.09481639021470248,0.881865983363015,0.9951049837869399
hsa-miR-4511,2.712649416745483,0.001111596583596619,0.12956264818266755,0.878926345724024,0.9951049837869399
hsa-miR-98-5p,19557.361355087138,-0.00253009194781426,0.03887062716568029,0.27541219156327695,0.9951049837869399
hsa-miR-374c-3p,28.68792378362906,2.397848749367879e-4,0.04209766589527379,0.9056105747334915,0.9951049837869399
hsa-miR-2355-3p,35.139277416994226,-0.0013874922054012801,0.08625521301232808,0.7432820445268624,0.9951049837869399
hsa-miR-452-5p,0,0,3.551268491405612,NA,NA
hsa-miR-3164,2.175528475279231,0.007025418353920456,0.251884706014128,0.6646123499023022,0.9951049837869399
hsa-miR-1179,58.41207607333661,-9.522434682907813e-4,0.04547374202682715,0.6550534952189859,0.9951049837869399
hsa-miR-448,8.173352320128155,-0.003618100328299788,0.15317516725965663,0.6710511959181007,0.9951049837869399
hsa-miR-136-3p,1425.9308340439957,-0.0021132395802061135,0.12469520229969829,0.753968180587228,0.9951049837869399
hsa-miR-103a-3p,20347.209427504735,-0.009273578478973147,0.2627151689375757,0.571066289768384,0.9951049837869399
hsa-miR-548ad-5p,96.203500989784,0.001703233918292514,0.08255158444638355,0.6642596113452253,0.9951049837869399
hsa-miR-6499-5p,70.92140739417013,-0.5420498210385581,1.9365515025535198,NA,NA
hsa-miR-548x-3p,0,0,3.551268491405612,NA,NA
hsa-miR-302a-5p,0,0,3.551268491405612,NA,NA
hsa-miR-5193,0.7217811692411775,-0.01754949628322601,0.34772915406688637,0.41657704585212946,0.9951049837869399
hsa-miR-3193,0.3071212382542449,0.012232452811145133,0.30655840199732104,0.5329517483476774,0.9951049837869399
hsa-miR-933,1.3520198505699148,0.006735484150330347,0.21459151162556064,0.5971992849426002,0.9951049837869399
hsa-miR-181b-5p,34976.53488694664,-0.0025125914243575883,0.04826715488670759,0.2835615478795904,0.9951049837869399
hsa-miR-301a-5p,131.31307416798924,-6.600404518772214e-4,0.03597584413667521,0.7312460090601507,0.9951049837869399
hsa-miR-18b-5p,0,0,3.551268491405612,NA,NA
hsa-miR-3155b,0.2398909253604979,0.0055394467831844044,0.2597200619180109,0.7506903302193851,0.9951049837869399
hsa-miR-208b-3p,6.79709668374245,-0.010312444886909222,0.2151736566110614,0.35494021064949893,0.9951049837869399
hsa-miR-1287-5p,201.6520691886412,-0.0018051741956683664,0.04316130240102208,0.40027479525098036,0.9951049837869399
hsa-miR-518b,2.515603346927543,0.008375953059383727,0.2206101900824991,0.5058247112247831,0.9951049837869399
hsa-miR-3059-5p,184.40781366873054,-3.072570118361576e-4,0.07925786809872402,0.9380435359588889,0.9951049837869399
hsa-miR-6832-3p,0,0,3.551268491405612,NA,NA
hsa-miR-486-5p,2361.581409336482,-0.004883502534540214,0.09568990401214195,0.22086054890534454,0.9951049837869399
hsa-miR-3167,42.7905922840804,0.014205418365669744,0.2500077050636081,NA,NA
hsa-miR-664b-3p,58.713990594096465,-0.0019239380855244745,0.046024157246480644,0.3836228947171529,0.9951049837869399
hsa-miR-412-5p,117.28512440567982,3.223846834317343e-4,0.054551961526593445,0.8998257465789248,0.9951049837869399
hsa-miR-3128,4.132335346223694,0.004271246944031695,0.15557073901165297,0.6144190882795202,0.9951049837869399
hsa-miR-6888-3p,2.4552490028491922,0.013398980393361582,0.30604186814286,0.4807827750623004,0.9951049837869399
hsa-miR-10527-5p,16.425181804002577,0.002084657859797923,0.11250209122000764,0.7218245279050034,0.9951049837869399
hsa-miR-4423-5p,0.38390154781780617,0.013967480756867266,0.3208157850769859,0.4924562074335687,0.9951049837869399
hsa-miR-30a-5p,120317.80773877453,-0.0011438473920018781,0.03554748631201896,0.5687252393435347,0.9951049837869399
hsa-miR-548av-5p,143.23701904890962,5.02776014249006e-4,0.03775067772444824,0.7931900901154065,0.9951049837869399
hsa-miR-210-3p,789.0698649375809,0.004631314739360713,0.08999821913984454,NA,NA
hsa-miR-6885-3p,4.676537051323603,9.268376530089616e-4,0.06767812428286171,0.7720030710287152,0.9951049837869399
hsa-miR-200c-3p,153.17589632959513,-4.038477205608504e-4,0.043557260075928486,0.845468199336049,0.9951049837869399
hsa-miR-526a-5p,0,0,3.551268491405612,NA,NA
hsa-miR-4470,4.669387231899109,0.0036618415735154603,0.14600339503297555,0.643767439441059,0.9951049837869399
hsa-miR-192-5p,5936.05860454773,-0.004706603082585569,0.08417258785657782,NA,NA
hsa-miR-12125,0,0,3.551268491405612,NA,NA
hsa-miR-495-3p,3726.9058477113995,-1.4579340824888003e-4,0.04467508262528795,0.9451183495389089,0.9951049837869399
hsa-miR-20a-5p,10057.130639174738,0.008265331306903219,0.1258378992780347,0.12005299985178708,0.9951049837869399
hsa-miR-628-5p,0,0,3.551268491405612,NA,NA
hsa-miR-4682,0,0,3.551268491405612,NA,NA
hsa-miR-378a-3p,6085.216288233433,-8.24039620013058e-4,0.0448724027239241,0.6964552542900537,0.9951049837869399
hsa-miR-2682-5p,0,0,3.551268491405612,NA,NA
hsa-miR-3611,4.199898071653024,-0.019935855201383326,0.23835490841209944,0.07781320262378748,0.9951049837869399
hsa-miR-548au-3p,318.93231170765324,0.0037602621573948045,0.08041601535347791,0.2653264934667945,0.9951049837869399
hsa-miR-130a-3p,1073.7343432043797,0.009187710106828097,0.12443341732637658,0.08579805260563483,0.9951049837869399
hsa-miR-4524a-5p,0.7698132204681505,-0.018604127203437168,0.35651822408585565,0.3995612705051081,0.9951049837869399
hsa-miR-3179,3.7539604131043047,0.008726141577187518,0.19829365406718433,0.3965553172913461,0.9951049837869399
hsa-miR-9902,0,0,3.551268491405612,NA,NA
hsa-miR-1273c,5.51764838032712,8.404914779295968e-4,0.07607089637980576,0.8205050741094047,0.9951049837869399
hsa-miR-934,0.9432487652198864,-0.02188100755852351,0.38358304526588427,0.35415232385418755,0.9951049837869399
hsa-miR-374b-5p,12894.942386606586,-1.6662468734864158e-4,0.03601791856427335,0.9296226922003359,0.9951049837869399
hsa-miR-148b-3p,24475.84538516483,-0.0017462022364976276,0.03361919011928007,0.4363637732262777,0.9951049837869399
hsa-miR-6755-5p,1.5208936404875686,0.04001141820203565,0.5202566055589118,0.21453660381862086,0.9951049837869399
hsa-miR-502-3p,487.509891179653,-6.194615700958162e-4,0.0415553342935699,0.7575273220837091,0.9951049837869399
hsa-miR-4429,3.7777296642673117,-0.08469969476430521,0.7581091020519526,0.0915416501426063,0.9951049837869399
hsa-miR-548ae-5p,51.56334011218951,2.1065936465510435,4.123420858981194,0.0032084386310763124,0.33671887558321417
hsa-miR-1247-5p,0,0,3.551268491405612,NA,NA
hsa-miR-3944-5p,0,0,3.551268491405612,NA,NA
hsa-miR-5006-3p,5.874006764616251,1.8679937836852743e-4,0.052880694942094165,0.940055307975277,0.9951049837869399
hsa-miR-4755-5p,0,0,3.551268491405612,NA,NA
hsa-miR-103a-1-3p,54473.072635285396,-0.0018514841820333238,0.037860547013372964,0.38772412179169274,0.9951049837869399
hsa-miR-3175,0,0,3.551268491405612,NA,NA
hsa-miR-1283,13.848253646821826,0.0013625780612302363,0.060781246358111794,0.6206605611197088,0.9951049837869399
hsa-miR-4640-3p,3.339141803607124,-0.010087382304727872,0.24073954697608194,0.4635412433858353,0.9951049837869399
hsa-miR-3922-3p,4.861191534144852,0.00210165217990427,0.11453002826979142,0.7260238752697927,0.9951049837869399
hsa-miR-4474-3p,4.424994415656792,0.0033774579495628463,0.09691542215453045,0.43649683488320706,0.9951049837869399
hsa-miR-664b-5p,0,0,3.551268491405612,NA,NA
hsa-miR-935,389.4418004856753,0.001338004780588413,0.052585096368699506,0.5743175576552773,0.9951049837869399
hsa-miR-30b-5p,15571.330079227724,-9.804837870693837e-4,0.03309272409719904,0.6350147724970778,0.9951049837869399
hsa-miR-7706,47.259049401800496,0.0034861874931182836,0.07154355738814328,0.25126080149345126,0.9951049837869399
hsa-miR-11400,0,0,3.551268491405612,NA,NA
hsa-miR-892c-3p,4.617145025539827,0.018991792206021763,0.35229082657397387,0.3750827459896307,0.9951049837869399
hsa-miR-5196-3p,5.695266420741271,-0.006988135609752858,0.1434681618467564,0.2761727994837248,0.9951049837869399
hsa-miR-4763-5p,1.1394441844670384,0.03102563379345311,0.45681946091596054,0.27010036324123965,0.9951049837869399
hsa-miR-5002-5p,6.409185228310064,-1.3339563050537314e-4,0.06809449941947114,0.9677393734057966,0.9951049837869399
hsa-miR-323a-3p,5719.513975020087,-9.421836233787316e-5,0.045349328243465895,0.9649710333495075,0.9951049837869399
hsa-miR-888-5p,36.29424787053893,0.028240142658387115,0.3143861522323913,0.07761215170830059,0.9951049837869399
hsa-miR-760,326.80754468178446,-1.9536015191414942e-4,0.036258740966370856,0.9176073727173719,0.9951049837869399
hsa-miR-6815-5p,0.3071212382542449,0.012232452811145133,0.30655840199732104,0.5329517483476774,0.9951049837869399
hsa-miR-370-3p,6829.932867101183,1.217306978419614e-4,0.04369845424435683,0.9533385827439986,0.9951049837869399
hsa-miR-339-5p,1183.1359351309393,-5.44312381118498e-4,0.0378398556841866,0.7769677950152013,0.9951049837869399
hsa-miR-4501,0,0,3.551268491405612,NA,NA
hsa-miR-205-5p,4.055531225148034,-8.972678850008185e-4,0.0656534268713644,0.7714887280428561,0.9951049837869399
hsa-miR-1266-5p,10.169005710547925,0.0028558171880597055,0.09852767716245489,0.5365537446722299,0.9951049837869399
hsa-miR-3117-3p,102.45111099024636,-0.007128810521590789,0.06856912601389366,0.052819904469993066,0.9951049837869399
hsa-miR-22-3p,11303.653650824088,3.2578495204500357e-4,0.03402627895806606,0.8650291651871715,0.9951049837869399
hsa-miR-302d-3p,9.16933119086185,-0.008357188504202197,0.15645956000837452,0.23110272557131062,0.9951049837869399
hsa-miR-4798-5p,0,0,3.551268491405612,NA,NA
hsa-miR-3173-5p,27.731906006818225,-7.378140029233409e-4,0.042828014251805775,0.7183764098673642,0.9951049837869399
hsa-miR-6715a-3p,9.042266618626357,-6.952223663937523e-4,0.14387879567651507,0.9341448692429337,0.9951049837869399
hsa-miR-548ag,4.78088863058301,0.0011679744172610061,0.1006009799653064,0.8232900416362428,0.9951049837869399
hsa-miR-526b-5p,3.9606672407546144,0.006011706040654991,0.16283230853573857,0.47184305605104415,0.9951049837869399
hsa-miR-590-3p,333.287689518106,-5.372197997332404e-4,0.04225207608034837,0.7909612759422024,0.9951049837869399
hsa-miR-3187-3p,0,0,3.551268491405612,NA,NA
hsa-miR-3120-5p,0,0,3.551268491405612,NA,NA
hsa-miR-4791,0,0,3.551268491405612,NA,NA
hsa-miR-488-3p,780.5202074608374,0.0013116718379531838,0.04212580299378957,0.5243926235440719,0.9951049837869399
hsa-miR-363-3p,8060.704690552828,0.0022978160588559135,0.052872029793969405,0.33866211226403714,0.9951049837869399
hsa-miR-200b-3p,318.41404718050705,0.0015408966390697285,0.04557966885314416,0.47461066649072764,0.9951049837869399
hsa-miR-615-3p,0,0,3.551268491405612,NA,NA
hsa-miR-873-5p,122.25219169556917,23.082494093423364,3.150434815620318,1.2664823583815405e-13,3.593643691907621e-11
hsa-miR-6881-3p,4.834102227487339,-0.00560815020766908,0.16399586850401096,0.5161381111198897,0.9951049837869399
hsa-miR-642b-5p,0.41244365315714704,-0.01085820401954536,0.2931648880269135,0.563941894344989,0.9951049837869399
hsa-let-7a-5p,362168.94104197546,-0.0014930375528984686,0.03713731881433252,0.46918393467831715,0.9951049837869399
hsa-miR-4536-5p,2.569934609710182,-0.008367703752444496,0.21911817824049176,0.5014368009297949,0.9951049837869399
hsa-miR-133b,80.42919869557888,-0.0023315461874188603,0.07090531558035243,0.4512945878893457,0.9951049837869399
hsa-miR-6715b-3p,0.9595637014419915,0.026714392511362872,0.4237817518121954,0.30577324196262406,0.9951049837869399
hsa-miR-744-5p,6556.459739864341,-2.7684849744787115e-4,0.03688109925498741,0.8839199863360562,0.9951049837869399
hsa-miR-891b,1.9018091276638218,0.01734543386261511,0.3065862018234488,0.3122357432012424,0.9951049837869399
hsa-miR-5680,11.511109943759847,0.004912681171814185,0.17083870526105427,0.6060967776249766,0.9951049837869399
hsa-miR-5688,0.38390154781780617,0.013967480756867266,0.3208157850769859,0.4924562074335687,0.9951049837869399
hsa-miR-493-5p,0,0,3.551268491405612,NA,NA
hsa-miR-5586-5p,5.643968084288096,-0.010807863384293537,0.18727795891105548,0.20974456436682984,0.9951049837869399
hsa-miR-3143,0,0,3.551268491405612,NA,NA
hsa-miR-483-5p,0,0,3.551268491405612,NA,NA
hsa-miR-24-1-3p,18792.136052281738,-0.0015155286571793677,0.03089757519623058,0.5491887355903229,0.9951049837869399
hsa-miR-3910,0,0,3.551268491405612,NA,NA
hsa-miR-656-3p,818.0170153914357,-5.778421720946902e-4,0.045992104491961554,0.7890588256331179,0.9951049837869399
hsa-miR-505-3p,819.2401927742296,0.0026892494880419826,0.06028032040773071,0.30795630842517363,0.9951049837869399
hsa-miR-3148,4.456097956139453,3.470062880403679e-4,0.1398759316471647,0.965954467192813,0.9951049837869399
hsa-miR-556-5p,0,0,3.551268491405612,NA,NA
hsa-miR-3937,0.4557776737868154,0.013773064182377686,0.3192026201545617,0.4967258659596773,0.9951049837869399
hsa-miR-4444,0.6963679404304525,-0.017082740910235216,0.3438347971061333,0.4245427078600956,0.9951049837869399
hsa-miR-1910-5p,0,0,3.551268491405612,NA,NA
hsa-miR-6721-5p,4.094501865530798,-7.356258000617326e-4,0.1300635678214271,0.9205481715553073,0.9951049837869399
hsa-miR-4684-3p,8.994793312138324,0.006705519321954564,0.14482606133763992,0.3097065512635431,0.9951049837869399
hsa-miR-181a-5p,219838.1887534039,-0.0010024446226645546,0.0429143938828743,0.625671929004894,0.9951049837869399
hsa-miR-6762-3p,1.3820455721441023,0.037884648660409775,0.5068697951962724,0.22758814240531602,0.9951049837869399
hsa-miR-146b-5p,26557.69602015041,0.001805659378555246,0.0491248317259235,0.42515157787663094,0.9951049837869399
hsa-miR-5683,17.698812953500102,-0.001786410407509288,0.07839228329357723,0.6240903581352277,0.9951049837869399
hsa-miR-4650-3p,0,0,3.551268491405612,NA,NA
hsa-miR-484,2380.635298636339,-4.4362123558940454e-4,0.03536848652016718,0.8156773274685098,0.9951049837869399
hsa-miR-767-5p,0,0,3.551268491405612,NA,NA
hsa-miR-523-3p,14.038030188757494,0.0032925482750774055,0.10277235457314836,0.48917500284183024,0.9951049837869399
hsa-miR-4753-3p,0,0,3.551268491405612,NA,NA
hsa-miR-99a-5p,497095.7671102571,-9.83823811904906e-4,0.03402537559690874,0.6256038180057328,0.9951049837869399
hsa-miR-1193,0.7606276233723732,-0.018455568544151965,0.35528153542010277,0.401879385376258,0.9951049837869399
hsa-miR-9903,5.609460292108231,-0.0017794667743762692,0.18807520398847816,0.8804498774800528,0.9951049837869399
hsa-miR-652-3p,2435.6012439498227,6.971496259399775e-4,0.03657374781192571,0.7172586423000062,0.9951049837869399
hsa-miR-4479,0,0,3.551268491405612,NA,NA
hsa-miR-6877-5p,5.6813278769394095,-0.0014916834633245024,0.06346135497292936,0.6029409410974638,0.9951049837869399
hsa-miR-504-5p,2224.081600910873,0.0011584932804917995,0.06191889030737335,0.6838495564032503,0.9951049837869399
hsa-miR-499a-5p,1068.0400998746675,-0.005320090154800963,0.06888641176869552,0.10146973875579689,0.9951049837869399
hsa-miR-378d,85.8968504371072,-0.004420676041066303,0.2269604832254434,NA,NA
hsa-miR-3685,0.15356061912712246,0.00799103242270191,0.2745148814401977,0.6585131869419422,0.9951049837869399
hsa-miR-10a-5p,64319.90153293478,0.3238854544436487,1.3061630386847969,NA,NA
hsa-miR-190a-5p,321.34997257210904,-0.0028022409323079454,0.05107867153104217,0.2507351494568093,0.9951049837869399
hsa-miR-514b-3p,0.38390154781780617,0.013967480756867266,0.3208157850769859,0.4924562074335687,0.9951049837869399
hsa-miR-1275,0.20622182657857352,-0.005333634501582669,0.258190528135451,0.7584665909172101,0.9951049837869399
hsa-miR-6741-5p,0,0,3.551268491405612,NA,NA
hsa-miR-4639-5p,0,0,3.551268491405612,NA,NA
hsa-miR-3115,3.478733561549147,0.001536792064574318,0.09861152220398825,0.7595179029023192,0.9951049837869399
hsa-miR-6780b-3p,3.8577878172222033,1.7597665761574232e-4,0.07005194931770943,0.9588393521850124,0.9951049837869399
hsa-miR-585-3p,70.53750080934577,-0.008138889818280709,0.16955525098648852,0.31058163908323794,0.9951049837869399
hsa-miR-675-5p,4.913939812067919,0.11628825010465403,0.9392097363181607,NA,NA
hsa-miR-2115-5p,0,0,3.551268491405612,NA,NA
hsa-miR-4687-3p,0,0,3.551268491405612,NA,NA
hsa-miR-132-5p,0,0,3.551268491405612,NA,NA
hsa-miR-1229-3p,20.49310401710409,-0.002678717045537525,0.09191728902460707,0.5273240889639579,0.9951049837869399
hsa-miR-155-5p,1862.1591527481671,-5.356665873214582e-4,0.05411882450849374,0.8320333797995545,0.9951049837869399
hsa-miR-1289,0.11606132340507543,-0.0017215318693915695,0.24445469512273085,0.9180976252541886,0.9951049837869399
hsa-miR-6788-3p,0.5155545664464338,-0.013282738001790681,0.31236624418058656,0.5012675292105546,0.9951049837869399
hsa-let-7g-5p,364674.85536680446,-0.0026868540409598404,0.04163820834122976,0.25158824507024546,0.9951049837869399
hsa-miR-561-5p,4.509904788833325,0.2870983758959105,1.3594366524104566,0.0180159276502006,0.9951049837869399
hsa-miR-186-5p,12994.782999912148,7.566012758991817e-5,0.03296963167007637,0.9690408836772393,0.9951049837869399
hsa-miR-574-3p,718.9535045090466,-4.879296912221124e-4,0.04542226805836963,0.8196791309047171,0.9951049837869399
hsa-miR-3152-5p,0.8124292638355279,-0.01944530697270143,0.36350848471345293,0.38689346588501355,0.9951049837869399
hsa-miR-4460,0,0,3.551268491405612,NA,NA
hsa-miR-199a-3p,3480.6050424077257,0.0739399953511553,0.33308970372188806,0.003545252152498646,0.33671887558321417
hsa-miR-527,0.15356061912712246,0.00799103242270191,0.2745148814401977,0.6585131869419422,0.9951049837869399
hsa-miR-6809-5p,0,0,3.551268491405612,NA,NA
hsa-miR-27a-3p,16805.412044819223,4.720582932063416e-4,0.03515820490414708,0.8045466307427793,0.9951049837869399
hsa-miR-6737-3p,7.222133069452552,0.0011463261979144524,0.07041560726875835,0.7296634568510227,0.9951049837869399
hsa-miR-3622b-3p,0,0,3.551268491405612,NA,NA
hsa-miR-487a-3p,347.7867902996249,-2.907730865851546e-4,0.040655379874034454,0.8830431291290113,0.9951049837869399
hsa-miR-188-5p,0,0,3.551268491405612,NA,NA
hsa-miR-378e,7.019634762209025,0.0024570159048856554,0.0583934133235421,0.33878229636930174,0.9951049837869399
hsa-miR-125a-5p,48751.757256356424,-0.0017346288213862019,0.05277569636338271,0.46480015281671844,0.9951049837869399
hsa-miR-885-5p,0,0,3.551268491405612,NA,NA
hsa-miR-516b-5p,18.082101931299956,0.01799650896971164,0.18827719811698845,0.04274393257867458,0.9951049837869399
hsa-miR-6861-5p,0.11606132340507543,-0.0017215318693915695,0.24445469512273085,0.9180976252541886,0.9951049837869399
hsa-miR-5584-3p,0,0,3.551268491405612,NA,NA
hsa-miR-424-3p,225.6959545830093,0.011901906883233792,0.1682252653463065,0.10677983169355311,0.9951049837869399
hsa-miR-5100,7.680739945361932,-0.14019504536083366,1.0417079769833173,NA,NA
hsa-miR-6507-5p,22.53415562493027,-0.0019500378394015645,0.06604601485996135,0.5039468295807665,0.9951049837869399
hsa-miR-338-5p,0,0,3.551268491405612,NA,NA
hsa-miR-548ap-5p,2.0212473540426137,-0.041521460979285316,0.531323550629268,0.20862667826010312,0.9951049837869399
hsa-miR-1284,3.0291718608659517,6.365559134959217e-4,0.0889711010958785,0.888399813684342,0.9951049837869399
hsa-miR-331-3p,0,0,3.551268491405612,NA,NA
hsa-miR-4326,16.839258005466704,0.007016716443580003,0.2249027955932539,0.6061093796066057,0.9951049837869399
hsa-miR-4762-3p,0.9892292528729387,-0.02408288027455139,0.36175139064795747,0.23547599389457538,0.9951049837869399
hsa-miR-4781-3p,0.8204643030870633,0.00785538733245363,0.26834957620506006,0.6538213503694283,0.9951049837869399
hsa-miR-3688-3p,8.297158077469273,0.001966796072110932,0.05678589328966732,0.4335900856881665,0.9951049837869399
hsa-miR-6515-3p,0,0,3.551268491405612,NA,NA
hsa-miR-373-3p,0.3655637496596277,-0.009786157670224251,0.2851752276237087,0.5958468628368517,0.9951049837869399
hsa-miR-3160-3p,0,0,3.551268491405612,NA,NA
hsa-miR-581,5.916800882437535,-2.558122534942225e-4,0.10089081938069397,0.9618478903821075,0.9951049837869399
hsa-miR-4504,1.3103658262859104,-0.006235250238657498,0.2089345825937799,0.615707230340075,0.9951049837869399
hsa-miR-6508-3p,1.4212042906591005,0.012696453188440343,0.30439578249836075,0.5076808336964692,0.9951049837869399
hsa-miR-6516-3p,0,0,3.551268491405612,NA,NA
hsa-miR-6871-3p,0,0,3.551268491405612,NA,NA
hsa-miR-320c,669.1435053865132,0.0012560512995796352,0.05141401973062031,0.5914894561522428,0.9951049837869399
hsa-miR-450a-5p,318.629833539553,0.007039278868901586,0.12361048810615931,0.17661676347649466,0.9951049837869399
hsa-miR-96-5p,1903.553098021358,0.0017322691609349854,0.08896049608058633,0.6889539788259078,0.9951049837869399
hsa-miR-6827-5p,0,0,3.551268491405612,NA,NA
hsa-miR-6770-5p,4.725846635260581,-0.0025732081919694694,0.10303792940151318,0.6089400834502787,0.9951049837869399
hsa-miR-5001-3p,27.12760291672653,0.0010504649577427465,0.03561718878354561,0.5969789059673174,0.9951049837869399
hsa-miR-24-3p,18722.274830067174,-0.0015118793638915298,0.03089012088885942,0.550286888654433,0.9951049837869399
hsa-miR-34a-5p,4211.275772611253,-0.0019126389558074889,0.05810150577488423,0.4558336248531471,0.9951049837869399
hsa-miR-154-5p,199.15577537701918,-0.0012837671129018922,0.04540689433185087,0.5475379717710119,0.9951049837869399
hsa-miR-4745-5p,0.4642452936203017,-0.011989774220853464,0.30197461314099733,0.5331473496528716,0.9951049837869399
hsa-miR-4717-3p,0.3093327398678603,-0.008168379764210984,0.27407203457873214,0.6494284543168234,0.9951049837869399
hsa-miR-26a-5p,1622775.0566410758,0.0021639538812885674,0.06328345263836667,NA,NA
hsa-miR-1292-5p,26.058007897150247,0.001159833373165349,0.03488432767019167,0.5670122489538867,0.9951049837869399
hsa-miR-361-3p,0,0,3.551268491405612,NA,NA
hsa-let-7e-5p,23854.106886646936,-5.893431341905904e-4,0.03567177177751315,0.7582991364643263,0.9951049837869399
hsa-miR-4707-5p,1.3828492897346016,6.595586349457771e-5,0.18351014463965984,0.9954537772458179,0.9980919056307449
hsa-miR-7111-3p,2.157644140751621,0.004158750900597643,0.1864277259068194,0.7092152660947297,0.9951049837869399
hsa-miR-181d-5p,8280.906982814276,-4.508442402167989e-6,0.032742428499610836,0.9981679411630604,0.9986677037230525
hsa-miR-5004-3p,3.8163099887229044,7.005099714143575e-4,0.06639895660497253,0.824485120710386,0.9951049837869399
hsa-miR-1251-5p,22.21983361681267,9.531640897350154e-4,0.05589728467665548,0.7107211381712976,0.9951049837869399
hsa-miR-1293,0,0,3.551268491405612,NA,NA
hsa-miR-223-3p,275.5809376462284,-0.0020111710464502434,0.05140510814605798,0.3899602609831798,0.9951049837869399
hsa-miR-4679,13.595826512463747,0.002700984628310551,0.1314707014792264,0.7032788284500189,0.9951049837869399
hsa-miR-372-3p,21.424306170777466,2.1066128686647717e-4,0.040441993262107144,0.9148324818504313,0.9951049837869399
hsa-miR-328-3p,7234.928717031502,-1.1586525326353089e-4,0.04028710868776629,0.9529781500225161,0.9951049837869399
hsa-miR-545-3p,0.20622182657857352,-0.005333634501582669,0.258190528135451,0.7584665909172101,0.9951049837869399
hsa-miR-4654,0,0,3.551268491405612,NA,NA
hsa-miR-541-3p,0,0,3.551268491405612,NA,NA
hsa-miR-642a-5p,0,0,3.551268491405612,NA,NA
hsa-miR-548ba,135.4465959872776,-0.002521732262923985,0.06862029012348168,0.3940058484383987,0.9951049837869399
hsa-miR-6770-3p,4.725846635260581,-0.0025732081919694694,0.10303792940151318,0.6089400834502787,0.9951049837869399
hsa-miR-1294,5.694688598750812,-0.0016863273367686811,0.10667993870936503,0.7609557705451684,0.9951049837869399
hsa-miR-496,17.970007501246926,-0.0014922988460237122,0.1418242008174171,0.8549694953811331,0.9951049837869399
hsa-miR-4688,0,0,3.551268491405612,NA,NA
hsa-miR-7854-3p,1.0419313823350478,0.029930594079501053,0.4485443460146788,0.2783681474275493,0.9951049837869399
hsa-miR-33b-5p,0,0,3.551268491405612,NA,NA
hsa-miR-6798-3p,8.137219757912627,0.0012566030774622792,0.050020889806672006,0.582605349390912,0.9951049837869399
hsa-miR-4662b,2.25905358360204,-0.0026957557968250337,0.22590774042615233,0.8569859234729054,0.9951049837869399
hsa-miR-3180,4.232139790794478,-0.008223777644677193,0.25851375329162657,0.6159190138849773,0.9951049837869399
hsa-miR-206,224.58711766005788,-0.46265358559964675,1.4750828501368358,NA,NA
hsa-miR-1911-5p,2.589236635852019,0.0013126120545802272,0.09116633035292039,0.7740241658586369,0.9951049837869399
hsa-miR-1305,0.4557776737868154,0.013773064182377686,0.3192026201545617,0.4967258659596773,0.9951049837869399
hsa-miR-32-5p,676.5366149048609,8.196563841138901e-4,0.05134064708785125,0.7295729758296178,0.9951049837869399
hsa-miR-499b-5p,0,0,3.551268491405612,NA,NA
hsa-miR-365a-3p,728.2288850341223,-7.827399436090978e-4,0.03709462113984223,0.6860432473162261,0.9951049837869399
hsa-miR-217-5p,513.3429310508143,1.2404653766157678,2.0670662246447273,NA,NA
hsa-miR-552-3p,0,0,3.551268491405612,NA,NA
hsa-miR-4772-5p,0,0,3.551268491405612,NA,NA
hsa-miR-4662a-5p,27.56624242524876,-2.556501982872773e-4,0.06893553478711227,0.9390252249141839,0.9951049837869399
hsa-miR-769-5p,14687.90005782582,-5.270844273070487e-4,0.04561382774382161,0.8060483742673608,0.9951049837869399
hsa-miR-4787-3p,34.121676719624226,-0.0015034630094582068,0.04649885865319499,0.4894515930385419,0.9951049837869399
hsa-miR-3180-3p,8.723035530769776,-0.0029542847928640714,0.11042080240151028,0.5861197379153479,0.9951049837869399
hsa-miR-6786-3p,0,0,3.551268491405612,NA,NA
hsa-miR-345-5p,1070.2971767237739,1.5151553618890967e-4,0.03369279331423226,0.9370125205268747,0.9951049837869399
hsa-miR-654-3p,1711.5283439284538,-0.0011113168490845863,0.049405525072502704,0.6243827009390732,0.9951049837869399
hsa-miR-4742-3p,14.19585181784586,-2.9524968416820454e-4,0.06840005276738548,0.928907739166886,0.9951049837869399
hsa-miR-374a-5p,5129.72334807453,6.096848974709206e-4,0.041127308304796835,0.7598201654464046,0.9951049837869399
hsa-miR-1301-3p,803.5480921741621,-3.029295477502516e-4,0.03616122403074096,0.8728143938214321,0.9951049837869399
hsa-miR-3617-5p,0,0,3.551268491405612,NA,NA
hsa-miR-324-5p,569.8553718861305,-1.6943460718434582e-4,0.034611319061708945,0.9287382352101254,0.9951049837869399
hsa-miR-130b-5p,0,0,3.551268491405612,NA,NA
hsa-miR-544b,0,0,3.551268491405612,NA,NA
hsa-miR-518d-5p,0,0,3.551268491405612,NA,NA
hsa-miR-19b-2-3p,2370.9765200138613,0.023074681760589195,0.25114887886632914,NA,NA
hsa-miR-145-5p,2761.6497701371604,1.2501625704266434e-4,0.03768877571910904,0.9476379311496376,0.9951049837869399
hsa-miR-4667-3p,0,0,3.551268491405612,NA,NA
hsa-miR-7-5p,194211.40017575616,8.717982014676698e-4,0.051680933263683775,0.7143478798332313,0.9951049837869399
hsa-miR-532-5p,6243.866654271531,-8.637862519425934e-4,0.04521621625229826,0.6841939737669271,0.9951049837869399
hsa-miR-1908-5p,7.6199266814463416,-4.45982360979213e-4,0.0965636640451388,0.9296102479581035,0.9951049837869399
hsa-miR-607,0.2303409286906837,0.010285389518123186,0.29115269219401846,0.5854879254187484,0.9951049837869399
hsa-miR-302b-3p,22.911119812606916,-0.0020915293616367574,0.0625283222578927,0.444367670067941,0.9951049837869399
hsa-miR-4794,1.4393455521629872,0.03776841770820496,0.5060465369285101,0.22819846496778473,0.9951049837869399
hsa-miR-1185-5p,84.0259697182179,-0.001552455329104722,0.04126578863177423,0.45577096401103423,0.9951049837869399
hsa-miR-550a-3-5p,38.77402819513243,0.0037822592720748683,0.07487790777954788,0.2319677339956934,0.9951049837869399
hsa-miR-2276-3p,0,0,3.551268491405612,NA,NA
hsa-miR-6861-3p,0,0,3.551268491405612,NA,NA
hsa-miR-3130-5p,1.1857281598183516,0.008460551893379865,0.2695476267015955,0.6268476806091454,0.9951049837869399
hsa-miR-1262,11.259291993522906,8.148626865414516e-4,0.09289300142003133,0.8643495022125997,0.9951049837869399
hsa-miR-425-5p,2919.200751478561,-0.0017978610200080915,0.04027797786937827,0.3969382295607452,0.9951049837869399
hsa-miR-1303,0,0,3.551268491405612,NA,NA
hsa-miR-2115-3p,3.2409685325705992,-0.005186125451059409,0.16806832051546297,0.5718634628570014,0.9951049837869399
hsa-miR-1270,15.9002627670509,-7.624066441675762e-4,0.053446921565632674,0.7578753818507307,0.9951049837869399
hsa-miR-204-5p,7186.593962119297,-0.005149352283121678,0.09859780618326784,NA,NA
hsa-miR-3085-3p,52.12272642343125,-9.499787324091678e-4,0.043562187726882896,0.6464869659751754,0.9951049837869399
hsa-miR-187-3p,130.33013970542447,2.4850662485742634e-4,0.05053253417657427,0.9164913283649051,0.9951049837869399
hsa-miR-4659a-3p,13.005695488564404,-6.266903710877013e-4,0.06889467755914568,0.8498066412687661,0.9951049837869399
hsa-miR-195-5p,4940.37661679989,-2.4897507507032015e-4,0.040204449591890644,0.8990847256885216,0.9951049837869399
hsa-miR-101-2-3p,44964.709502345126,-0.0018966839414967162,0.040065321326158414,0.376403389478729,0.9951049837869399
hsa-miR-27b-3p,134752.36935710066,-0.004303952708819066,0.04505039085147325,0.12358833583334736,0.9951049837869399
hsa-miR-1288-3p,0.5870313456383366,-0.014721753857147836,0.3241855149728488,0.4694878628536679,0.9951049837869399
hsa-miR-494-3p,1424.8357632680527,-1.5056322484225277e-4,0.040828267640927486,0.9394214350374985,0.9951049837869399
hsa-miR-337-5p,59.61093737608009,-1.5917268231357257e-4,0.040749821937223464,0.9358878771336498,0.9951049837869399
hsa-miR-137-3p,1695.7484525547063,0.0013955760587358343,0.08112076591656801,0.7211089875506986,0.9951049837869399
hsa-miR-31-5p,342.82436528317737,3.9920396296820235e-4,0.04637772868731116,0.8548016024689838,0.9951049837869399
hsa-miR-3140-3p,0,0,3.551268491405612,NA,NA
hsa-miR-3171,0.6737491180142046,-0.016464406426088506,0.3386759978886719,0.43553598256420173,0.9951049837869399
hsa-miR-378f,0.2303409286906837,0.010285389518123186,0.29115269219401846,0.5854879254187484,0.9951049837869399
hsa-miR-29b-1-3p,4918.366634190351,-0.0013846572898534861,0.03769609063250294,0.49627095593061876,0.9951049837869399
hsa-miR-219a-5p,467.1743840226691,-0.0010505220475501944,0.058615493130495244,0.6963156174297892,0.9951049837869399
hsa-miR-4636,8.590533373703973,-8.33860648051092e-4,0.06810185412859375,0.796712275054279,0.9951049837869399
hsa-miR-1278,51.950549975172535,0.004335188158441013,0.09427766648726453,0.2746915941779163,0.9951049837869399
hsa-miR-539-3p,0,0,3.551268491405612,NA,NA
hsa-miR-490-3p,572.2490175236261,-1.6274715974281276e-4,0.05431469366445808,0.9492192191612053,0.9951049837869399
hsa-miR-101-3p,43683.45782420772,-0.0018768034096954258,0.03978982338973168,0.38041064806696906,0.9951049837869399
hsa-miR-548s,5.9025112956555335,-7.95084257241485e-4,0.1399874357923219,0.9219075285713643,0.9951049837869399
hsa-miR-6849-3p,0.18278187482981384,-0.004811257664800471,0.25574430251778607,0.7803023469492884,0.9951049837869399
hsa-miR-320a-3p,8985.830520686213,-6.044840057816594e-4,0.042850066020434105,0.7676561482763263,0.9951049837869399
hsa-miR-340-5p,21244.08915337496,-0.0015222727160936912,0.038424072068858284,0.4603624559227768,0.9951049837869399
hsa-miR-4652-5p,0.5389992944113636,-0.013548082809586632,0.31452970631164245,0.49512838343387966,0.9951049837869399
hsa-miR-6748-3p,0,0,3.551268491405612,NA,NA
hsa-miR-449c-5p,24.091586934785056,0.002201240772841428,0.07204472730301943,0.48873522493707366,0.9951049837869399
hsa-miR-134-5p,1199.7570255156272,-3.4636613001730337e-4,0.03751297103187715,0.8558479464332971,0.9951049837869399
hsa-miR-4795-5p,0,0,3.551268491405612,NA,NA
hsa-miR-326,370.18322105295493,-0.0012742037561091757,0.0388945631360214,0.5272726312965,0.9951049837869399
hsa-miR-151b,2979.9758271136025,-0.001962490779150207,0.048276410504302245,0.38477927424010305,0.9951049837869399
hsa-miR-3681-5p,9.69404587814454,0.002204343136755529,0.09109393398859474,0.6109418674139748,0.9951049837869399
hsa-miR-3612,2.5357720111455206,0.02947264779934903,0.3987217402490245,0.1889534904644141,0.9951049837869399
hsa-miR-519b-5p,0,0,3.551268491405612,NA,NA
hsa-miR-92b-3p,27560.859560383582,0.001629920149713373,0.051543368480685504,0.48452707090579583,0.9951049837869399
hsa-miR-6774-5p,0,0,3.551268491405612,NA,NA
hsa-miR-940,13.310893808299324,-3.977119884588875e-4,0.052556823586638844,0.8715214717959021,0.9951049837869399
hsa-miR-1256,1.771582492168969,0.009040034965930182,0.2700303681530767,0.5994762276255781,0.9951049837869399
hsa-miR-376a-2-3p,145.80348439713111,-4.7684913572731264e-4,0.04348044406998751,0.8176673001804071,0.9951049837869399
hsa-miR-653-3p,14.332025527516143,0.0016263926953658104,0.07232544218318607,0.6247720887129504,0.9951049837869399
hsa-miR-15a-5p,706.6543989769012,-3.384038961366929e-5,0.0378911932155174,0.9858380629652153,0.9951534694793382
hsa-miR-95-3p,10191.473660831718,-1.8581469500301528e-4,0.038643143063531275,0.9230275470914199,0.9951049837869399
hsa-miR-4646-3p,13.911152914724418,-3.1536837606767805e-6,0.036653995572795924,0.9986677037230525,0.9986677037230525
hsa-miR-148a-3p,70873.29204428039,0.013782984205286142,0.16620502592807684,0.06425024301102411,0.9951049837869399
hsa-miR-5687,0.23212264681015085,-0.005892445899656313,0.26101072160623967,0.7357088704604036,0.9951049837869399
hsa-miR-3913-5p,118.64185872167685,0.046107952621946356,0.4197477552946151,0.050707456296720695,0.9951049837869399
hsa-miR-377-3p,0,0,3.551268491405612,NA,NA
hsa-miR-196a-5p,2091.2732894773885,0.7382175209512356,2.154237117010529,NA,NA
hsa-miR-3605-3p,84.4825201723423,-4.3867107569993267e-4,0.03293266239963976,0.8244771236446862,0.9951049837869399
hsa-miR-4783-3p,1.72455691986513,-0.012009651646597161,0.25538138960649365,0.4014025110600585,0.9951049837869399
hsa-miR-3660,0.18278187482981384,-0.004811257664800471,0.25574430251778607,0.7803023469492884,0.9951049837869399
hsa-miR-6885-5p,0,0,3.551268491405612,NA,NA
hsa-miR-3684,0.8248873063142941,-0.019791938948105416,0.36638185443065235,0.38189023566972924,0.9951049837869399
hsa-miR-518f-5p,1.1994546268024895,0.03230450285965755,0.46638308136140366,0.26103312651123217,0.9951049837869399
hsa-miR-578,4.415999850678804,-0.002289190585408954,0.08788534823429409,0.5764067676107101,0.9951049837869399
hsa-miR-222-3p,6708.54591018754,0.003123422238119222,0.07763602782044643,0.34456444684221726,0.9951049837869399
hsa-miR-3177-3p,22.85131945547954,-2.0659099883320054e-4,0.04077392790448917,0.9168861467449338,0.9951049837869399
hsa-miR-770-5p,0,0,3.551268491405612,NA,NA
hsa-miR-26b-5p,110919.22541596615,0.0011159753348059563,0.043153947247043155,0.5891926840888662,0.9951049837869399
hsa-miR-874-3p,1895.092443525224,-0.003940708769763761,0.08123411526794826,0.2469852740080625,0.9951049837869399
hsa-miR-597-5p,11.818622576241077,-4.2002846702776395e-5,0.04589269780928242,0.9845430659372187,0.9951534694793382
hsa-miR-6774-3p,1.7794318350731884,-0.007710036520879652,0.22113315164364913,0.5514893000659533,0.9951049837869399
hsa-miR-3923,1.1039954056149286,-0.0012667369827427854,0.1900119945714338,0.9162948202978541,0.9951049837869399
hsa-miR-4647,0,0,3.551268491405612,NA,NA
hsa-miR-219a-3p,36442.16766036585,-0.00418535012004054,0.08927161095721148,0.263218749486292,0.9951049837869399
hsa-miR-4643,2.0509995320406693,0.05151705010461181,0.5981265798822892,0.17309275711246921,0.9951049837869399
hsa-miR-4645-3p,4.055327637482285,-0.022776941184300653,0.3501782945539208,0.24427114363294158,0.9951049837869399
hsa-miR-3943,28.071581641038502,5.55992167890767e-4,0.05948528491927109,0.8424440102924557,0.9951049837869399
hsa-miR-4536-3p,2.3019720899709353,-0.07691780628838246,0.6575918109676999,0.06615700219893138,0.9951049837869399
hsa-miR-6742-3p,4.5604455428630875,-0.0012969797059607636,0.07691470029611804,0.7239430225586779,0.9951049837869399
hsa-miR-4738-3p,2.493645393282398,-0.0014812668405329756,0.1308021279539503,0.8399195604020371,0.9951049837869399
hsa-miR-183-5p,3690.150121659193,0.0054475404500713255,0.12125417287492923,0.3062063905733339,0.9951049837869399
hsa-miR-5691,0,0,3.551268491405612,NA,NA
hsa-miR-6821-5p,0,0,3.551268491405612,NA,NA
hsa-miR-194-5p,1533.0625477229535,-0.004989982303478925,0.08423890610816707,0.1604919726117363,0.9951049837869399
hsa-miR-7157-3p,3.5768047829917986,5.550216003040399e-5,0.12284250408560797,0.9935650954533666,0.9972556219360104
hsa-miR-671-3p,0,0,3.551268491405612,NA,NA
hsa-miR-6509-3p,0.09139093741490692,-0.0017215318693915693,0.24445469512273085,0.9180976252541886,0.9951049837869399
hsa-miR-6132,0.41891292787603573,0.006852097583441222,0.2650668186657074,0.6961864949213789,0.9951049837869399
hsa-miR-421,0,0,3.551268491405612,NA,NA
hsa-miR-4433b-3p,0,0,3.551268491405612,NA,NA
hsa-miR-1298-5p,140.08161562798182,0.0019939315762960196,0.05183153454823069,0.39619239699947395,0.9951049837869399
hsa-miR-624-5p,18.167665619673947,0.00344104660307581,0.09609155422713896,0.42015086948677643,0.9951049837869399
hsa-miR-299-3p,0,0,3.551268491405612,NA,NA
hsa-miR-1538,0.40424947080852275,-0.010372820180534583,0.2894971948162583,0.5780456288024138,0.9951049837869399
hsa-miR-7848-3p,0,0,3.551268491405612,NA,NA
hsa-miR-23c,5.469332085441785,0.1274733174907362,0.9884554443681284,0.0736187481981635,0.9951049837869399
hsa-miR-548b-5p,0,0,3.551268491405612,NA,NA
hsa-miR-128-1-3p,269083.486507278,-4.754661902014595e-4,0.05837924788941301,0.8625464243262407,0.9951049837869399
hsa-miR-4686,0,0,3.551268491405612,NA,NA
hsa-miR-3938,3.5873374664011353,-3.6829362764509736e-4,0.06717638590935464,0.9093577568761972,0.9951049837869399
hsa-miR-7110-3p,3.2694414319673357,-1.8316268939813128e-4,0.08474275858229292,0.966014139582294,0.9951049837869399
hsa-miR-6729-5p,0,0,3.551268491405612,NA,NA
hsa-miR-129-5p,22001.139936416585,-0.0024982941317594656,0.07278168198143421,0.4292960286424877,0.9951049837869399
hsa-miR-34c-5p,1327.3191218284828,-1.1105260360702636e-4,0.041585755038075024,0.9558362392055028,0.9951049837869399
hsa-miR-376a-5p,0,0,3.551268491405612,NA,NA
hsa-miR-1250-5p,331.7656415219817,-0.004478593268822665,0.08729101724880711,0.21869996998407273,0.9951049837869399
hsa-miR-221-3p,25814.973130543927,0.002569283542241416,0.06902270859004069,0.38721305151935836,0.9951049837869399
hsa-miR-4741,0,0,3.551268491405612,NA,NA
hsa-miR-25-3p,23417.898228006667,0.005675248526165426,0.10130830065799672,0.17832568737779628,0.9951049837869399
hsa-miR-892b,7.2700173692497945,0.011812009666502305,0.26532379534145883,0.44417918970641995,0.9951049837869399
hsa-miR-219b-3p,0,0,3.551268491405612,NA,NA
hsa-miR-1306-5p,0,0,3.551268491405612,NA,NA
hsa-miR-503-5p,134.29940450154152,0.02510013224839107,0.2704525771250449,NA,NA
hsa-miR-616-5p,6.853827824215077,0.01685581520482638,0.2802695121999528,0.25220629084109414,0.9951049837869399
hsa-miR-5010-3p,247.90144024427966,9.363530942253719e-4,0.04193344410454631,0.6440865876771922,0.9951049837869399
hsa-miR-3126-3p,0,0,3.551268491405612,NA,NA
hsa-miR-643,2.6389659121561353,0.005006520419542018,0.1953639430537092,0.6674758937307439,0.9951049837869399
hsa-miR-516a-5p,79.83067261403086,1.3851770588852914e-4,0.054646221378536405,0.9570595118729641,0.9951049837869399
hsa-miR-4665-5p,0.5870313456383366,-0.014721753857147836,0.3241855149728488,0.4694878628536679,0.9951049837869399
hsa-miR-3132,0,0,3.551268491405612,NA,NA
hsa-miR-1306-3p,66.29256418414158,-7.678706661619615e-4,0.03179618515490693,0.7204055150928292,0.9951049837869399
hsa-miR-224-5p,73.08011940884488,0.005192557842073724,0.07863225348759341,0.1293834856410888,0.9951049837869399
hsa-miR-3127-3p,6.017165423847252,9.78278286771407e-4,0.05660746305532158,0.7068820849598741,0.9951049837869399
hsa-miR-625-3p,478.1844757970073,-8.471032666754846e-4,0.04466707484830039,0.6873942257350398,0.9951049837869399
hsa-miR-589-5p,235.9159014381186,-2.1245235465374216e-4,0.034860315770330205,0.9106313014277937,0.9951049837869399
hsa-miR-1323,4.407457625267414,0.0020283685578385896,0.0871701180592482,0.6232576063926603,0.9951049837869399
hsa-let-7i-5p,317864.83942628716,-9.552147962879468e-4,0.03741621614482456,0.6259846343837898,0.9951049837869399
hsa-miR-125b-5p,122969.37527934644,0.0022816233582794903,0.044863378075432954,0.3118354506482637,0.9951049837869399
hsa-miR-3613-5p,427.0382512226275,4.551632079490675e-4,0.04293386424114235,0.824250307293339,0.9951049837869399
hsa-miR-105-5p,302.74798967302985,0.0021563052519070146,0.05182147086338759,0.3612552825322111,0.9951049837869399
hsa-miR-592,303.4250848577526,4.6083190792810085e-4,0.040854994762353124,0.8163255931610555,0.9951049837869399
hsa-miR-3941,0.2694996472056818,-0.0062457753308267075,0.2628341109064205,0.7215628833124744,0.9951049837869399
hsa-miR-875-5p,0.40424947080852275,-0.010372820180534583,0.2894971948162583,0.5780456288024138,0.9951049837869399
hsa-miR-577,360.15533896891793,-0.007496245981835159,0.13565016766358515,0.1974755328787869,0.9951049837869399
hsa-miR-376c-3p,407.9727193552863,-0.003847201335672905,0.08514755819942176,0.2823740293286072,0.9951049837869399
hsa-miR-3122,0,0,3.551268491405612,NA,NA
hsa-miR-942-5p,0,0,3.551268491405612,NA,NA
hsa-miR-2681-3p,0,0,3.551268491405612,NA,NA
hsa-miR-301b-3p,50.57699373325316,0.0019790697894178787,0.05633907074480535,0.4276580866035134,0.9951049837869399
hsa-miR-651-5p,205.25704627046622,-1.824860919601287e-4,0.03949163677986757,0.9251891125330803,0.9951049837869399
hsa-miR-588,0.23212264681015085,-0.005892445899656313,0.26101072160623967,0.7357088704604036,0.9951049837869399
hsa-miR-6854-5p,1.2127484124255683,-0.02699058642760842,0.42455208764964275,0.30024243889309454,0.9951049837869399
hsa-miR-1197,192.18866930189253,-8.564183282560046e-4,0.041590906754901534,0.670744273389112,0.9951049837869399
hsa-miR-6720-3p,0,0,3.551268491405612,NA,NA
hsa-miR-5089-3p,0,0,3.551268491405612,NA,NA
hsa-miR-4632-3p,0.2694996472056818,-0.0062457753308267075,0.2628341109064205,0.7215628833124744,0.9951049837869399
hsa-miR-7978,52.23605982261648,-0.002798143604106295,0.07047639527707118,0.353121878606515,0.9951049837869399
hsa-miR-376b-3p,33.080704874219,-4.8158889407305645e-4,0.05993758654455405,0.8647687472972673,0.9951049837869399
hsa-miR-6769b-3p,0.40424947080852275,-0.010372820180534583,0.2894971948162583,0.5780456288024138,0.9951049837869399
hsa-miR-6819-3p,0.38390154781780617,0.013967480756867266,0.3208157850769859,0.4924562074335687,0.9951049837869399
hsa-miR-4488,0,0,3.551268491405612,NA,NA
hsa-miR-199b-3p,3480.6050424077257,0.0739399953511553,0.33308970372188806,0.003545252152498646,0.33671887558321417
hsa-miR-7976,7.650349949371256,-0.003511632845096054,0.09599598904392916,0.4077405381480378,0.9951049837869399
hsa-miR-6758-3p,0,0,3.551268491405612,NA,NA
hsa-miR-3690,4.333129111141273,-0.0010101804994599602,0.13129231313971548,0.8919680348781117,0.9951049837869399
hsa-miR-877-3p,47.50646489237008,9.573330268358492e-4,0.03530709260668892,0.6277288669682708,0.9951049837869399
hsa-miR-329-3p,2183.1864784706777,-3.323164612455888e-5,0.04372093512738671,0.9872623846993258,0.9951534694793382
hsa-miR-4515,0.6333424698481183,0.019119187711420887,0.36293318507297073,0.396885525592141,0.9951049837869399
hsa-miR-214-5p,87.92427237032342,0.028208093656453583,0.23059324443473056,0.020830263033129015,0.9951049837869399
hsa-miR-6501-5p,2.4858021322757806,0.006318584614759909,0.20640357980402776,0.6031219516785864,0.9951049837869399
hsa-miR-3620-5p,5.4473816041950105,0.002018196999604659,0.10977139017064681,0.7222380698958303,0.9951049837869399
hsa-miR-576-3p,0,0,3.551268491405612,NA,NA
hsa-miR-7850-5p,0,0,3.551268491405612,NA,NA
hsa-miR-4750-5p,0.9185578075894705,0.004338474503974061,0.19523039916634538,0.7146389904646718,0.9951049837869399
hsa-miR-517a-3p,13.135528009584155,3.0587803559495536e-4,0.044438351364656195,0.8845458543481524,0.9951049837869399
hsa-miR-6505-3p,1.7409198510761312,-0.03669651319683301,0.4974132542759739,0.23226292060090672,0.9951049837869399
hsa-miR-3145-5p,2.008137367970291,8.652255600089511e-4,0.12745845984415755,0.903968625928399,0.9951049837869399
hsa-miR-3677-3p,1.06785674629672,0.004709214110344279,0.24342206389409882,0.7702341175987929,0.9951049837869399
hsa-miR-4683,12.567440328333843,0.013772520754946126,0.1841600701751002,0.09419351393227662,0.9951049837869399
hsa-miR-6765-3p,0,0,3.551268491405612,NA,NA
hsa-miR-3934-5p,0,0,3.551268491405612,NA,NA
hsa-miR-4503,0,0,3.551268491405612,NA,NA
hsa-miR-7158-5p,0,0,3.551268491405612,NA,NA
hsa-miR-3151-5p,3.7090567232285014,-0.0037095401246170214,0.15456040502092638,0.6662706674043332,0.9951049837869399
hsa-let-7b-5p,127274.04700958185,-0.0026407412859263714,0.042136104487648506,0.2570690357132029,0.9951049837869399
hsa-miR-548z,0,0,3.551268491405612,NA,NA
hsa-miR-3912-3p,50.17620070243593,-0.0010976996102828906,0.06099384581559423,0.695686072148995,0.9951049837869399
hsa-miR-627-3p,0,0,3.551268491405612,NA,NA
hsa-miR-3065-5p,259.3827511963642,0.00146464071253532,0.040639481792627614,0.47722583411975217,0.9951049837869399
hsa-miR-944,6.175056257581596,-0.005104701503746348,0.20881635588111794,0.6907458057909979,0.9951049837869399
hsa-miR-4425,1.1535309687352004,-0.003079163927409276,0.2345936096324639,0.8442291198199067,0.9951049837869399
hsa-miR-500a-3p,874.5010763196339,-4.3934365134248063e-4,0.04398350227003582,0.8332678590877476,0.9951049837869399
hsa-miR-23b-3p,18957.917336098002,-0.0017099417420778928,0.03261970341678362,0.4594428427975201,0.9951049837869399
hsa-miR-7705,0,0,3.551268491405612,NA,NA
hsa-let-7c-5p,84965.31126186358,-7.45691634761165e-4,0.03331458418458659,0.7095904686172201,0.9951049837869399
hsa-miR-6756-3p,1.925972628070989,0.0019740104668223447,0.18618030194732185,0.8653950443676877,0.9951049837869399
hsa-miR-149-5p,10855.023293647024,3.7659840759182543e-4,0.03607192353987979,0.8425696742810628,0.9951049837869399
hsa-miR-2114-5p,1.0290055159493539,0.005508824915261105,0.24904585938088486,0.7374148468082714,0.9951049837869399
hsa-miR-6739-3p,10.294904614735412,0.001323053140616928,0.05301234338287445,0.5815411109980266,0.9951049837869399
hsa-miR-140-5p,0,0,3.551268491405612,NA,NA
hsa-miR-6793-5p,1.5810560588768303,-0.014889556516334187,0.2828326056140609,0.3454741915883801,0.9951049837869399
hsa-miR-520a-3p,1.1262752307027324,-0.00395119053610208,0.150985440571501,0.6307273418674225,0.9951049837869399
hsa-miR-100-5p,333086.44415099657,0.003463011888825201,0.07656447252377295,0.28342406227616984,0.9951049837869399
hsa-miR-599,0.2398909253604979,0.0055394467831844044,0.2597200619180109,0.7506903302193851,0.9951049837869399
hsa-miR-433-3p,2188.84190044522,4.1167951128796084e-4,0.0529274450408313,0.8679577673745735,0.9951049837869399
hsa-miR-570-3p,0,0,3.551268491405612,NA,NA
hsa-miR-6776-3p,0.2303409286906837,0.010285389518123186,0.29115269219401846,0.5854879254187484,0.9951049837869399
hsa-miR-889-3p,1885.8419098168547,-0.0011120972196701807,0.045698188032875446,0.6030911517162367,0.9951049837869399
hsa-miR-670-3p,5.467114570618967,-0.014792998481677892,0.280598005761135,0.3428406754155142,0.9951049837869399
hsa-miR-7156-5p,4.502471668301297,0.002497081804853047,0.10413641914310028,0.6265938060440397,0.9951049837869399
hsa-miR-4660,2.159018328244481,0.05380197563551582,0.6124949465165531,0.16639293061032828,0.9951049837869399
hsa-miR-3200-3p,541.1639722706286,-8.974895603499973e-4,0.042773960991546775,0.6611250454713453,0.9951049837869399
hsa-miR-7703,0,0,3.551268491405612,NA,NA
hsa-miR-1226-3p,59.26152083674865,-9.99964870878651e-4,0.03966455564363175,0.6146481359347479,0.9951049837869399
hsa-miR-511-5p,16.252374682466655,0.024228176159465594,0.2512058953338704,0.04972361240931178,0.9951049837869399
hsa-miR-362-5p,370.13929397238445,-0.0013027151979385625,0.046418835189081124,0.5472203503776685,0.9951049837869399
hsa-miR-2278,0.6350633968653094,-0.015846963306937162,0.3335297903981081,0.44704362836685313,0.9951049837869399
hsa-miR-1914-5p,0,0,3.551268491405612,NA,NA
hsa-miR-4699-3p,0,0,3.551268491405612,NA,NA
hsa-miR-6855-3p,0.9725092535209684,-0.022721183492956883,0.39043490473771114,0.34405061233819395,0.9951049837869399
hsa-miR-2116-5p,6.819800835655165,-0.0015955726130659565,0.1841863262906014,0.8899539362060844,0.9951049837869399
hsa-miR-2113,47.26973619863217,-8.718075288981564e-4,0.049179942571732256,0.7014685460004679,0.9951049837869399
hsa-miR-1843,306.1346846799959,-2.6649141670748285e-5,0.06589890855617152,0.9933039579656253,0.9972556219360104
hsa-miR-3940-3p,18.39329591065834,-9.606434901354576e-4,0.04516630325518074,0.650638216248262,0.9951049837869399
hsa-miR-34b-3p,30.02281931335581,-9.967937672032489e-5,0.04514673421440329,0.9627991545878795,0.9951049837869399
hsa-miR-548au-5p,8.592725661394176,0.02411190888658747,0.36972095228052626,0.25350255947956113,0.9951049837869399
hsa-miR-320d,380.9657839290413,0.0032568167935657613,0.12946462409049941,0.6295152728178859,0.9951049837869399
hsa-miR-29b-2-3p,4924.946214755398,-0.0013836164419058308,0.037699813185799264,0.49654620529245574,0.9951049837869399
hsa-miR-144-3p,264.09702902721955,-2.6840792541440783e-4,0.03722522192669777,0.8876517918308306,0.9951049837869399
hsa-miR-126-3p,48940.9806974236,-2.86874788488032e-4,0.035102162465793244,0.8796108718894015,0.9951049837869399
hsa-miR-196b-5p,487.46753620071775,0.03156467841364629,0.41353076819419554,0.17697139141229012,0.9951049837869399
hsa-miR-4695-3p,0,0,3.551268491405612,NA,NA
hsa-miR-708-5p,4394.629043191486,-6.966648840568547e-4,0.04554382151388109,0.7446502912100377,0.9951049837869399
hsa-miR-659-5p,20.576847676711818,3.039400630991349e-4,0.03403374174492256,0.8738787086202005,0.9951049837869399
hsa-miR-4768-5p,0.15356061912712246,0.00799103242270191,0.2745148814401977,0.6585131869419422,0.9951049837869399
hsa-miR-487b-3p,3295.183935187557,-0.0010704535715061684,0.050977339816230066,0.6466780950961271,0.9951049837869399
hsa-miR-4440,6.757337025880771,0.030922479782062383,0.31750381007635287,0.05891027400680375,0.9951049837869399
hsa-miR-6879-3p,2.1368496578785554,-0.007948205997224966,0.21689619802574772,0.5225084097445144,0.9951049837869399
hsa-miR-512-3p,6.204244989113388,0.005890037814161971,0.209364315187136,0.6401106339359655,0.9951049837869399
hsa-miR-4757-3p,0,0,3.551268491405612,NA,NA
NovelmiRNA-3476,0,0,3.551268491405612,NA,NA
NovelmiRNA-508,0,0,3.551268491405612,NA,NA
NovelmiRNA-369,0,0,3.551268491405612,NA,NA
NovelmiRNA-2775,0,0,3.551268491405612,NA,NA
NovelmiRNA-2216,0,0,3.551268491405612,NA,NA
NovelmiRNA-3021,1.6497746126285882,-0.03516145509058054,0.4863166836872154,0.24092731596188832,0.9951049837869399
NovelmiRNA-3351,0,0,3.551268491405612,NA,NA
NovelmiRNA-903,22.89062275022166,-21.13837302037159,3.3422578343082057,NA,NA
NovelmiRNA-1471,0,0,3.551268491405612,NA,NA
NovelmiRNA-33,0,0,3.551268491405612,NA,NA
NovelmiRNA-1997,1.978803451381328,-0.0016990611703324202,0.22334366743959083,0.9090011190051257,0.9951049837869399
NovelmiRNA-2238,0,0,3.551268491405612,NA,NA
NovelmiRNA-1598,0,0,3.551268491405612,NA,NA
NovelmiRNA-3646,28.03742628828856,22.3191256890682,3.3424808432798523,NA,NA
NovelmiRNA-1153,8.209518111953983,-1.31836464747426e-4,0.12966575017465248,0.9857412800736945,0.9951534694793382
NovelmiRNA-14,1.5685712998377963,-0.0040367438987214625,0.23532563769553175,0.7950766331718806,0.9951049837869399
NovelmiRNA-3023,0,0,3.551268491405612,NA,NA
NovelmiRNA-816,0,0,3.551268491405612,NA,NA
NovelmiRNA-2625,1.0530167333913625,5.74853829319637e-4,0.22786799329406116,0.970106061843854,0.9951049837869399
NovelmiRNA-924,0,0,3.551268491405612,NA,NA
NovelmiRNA-2288,1.005300311563976,-0.023396093876926073,0.3959080904500609,0.3363269708199515,0.9951049837869399
NovelmiRNA-1425,0.41244365315714704,-0.01085820401954536,0.2931648880269135,0.563941894344989,0.9951049837869399
NovelmiRNA-1309,0,0,3.551268491405612,NA,NA
NovelmiRNA-2073,0,0,3.551268491405612,NA,NA
NovelmiRNA-2369,0,0,3.551268491405612,NA,NA
NovelmiRNA-3277,6.9813612816567545,-0.0023628970903375375,0.10040517811958834,0.6306651893264608,0.9951049837869399
NovelmiRNA-3680,0,0,3.551268491405612,NA,NA
NovelmiRNA-964,0,0,3.551268491405612,NA,NA
NovelmiRNA-3703,0,0,3.551268491405612,NA,NA
NovelmiRNA-1921,0.28416310427319486,0.01154460279307512,0.30102320055726645,0.5505977072526775,0.9951049837869399
NovelmiRNA-1280,18.434902948854646,-6.953982885894729e-4,0.15937984531867447,NA,NA
NovelmiRNA-204,0,0,3.551268491405612,NA,NA
NovelmiRNA-378,1.9725501302492598,-0.04237776195620779,0.5260496972427622,0.1884774732690528,0.9951049837869399
NovelmiRNA-3706,112.26746190689607,-0.0021824090568488743,0.07340009695396572,0.5027860417394052,0.9951049837869399
NovelmiRNA-2955,0.15356061912712246,0.00799103242270191,0.2745148814401977,0.6585131869419422,0.9951049837869399
NovelmiRNA-1369,0,0,3.551268491405612,NA,NA
NovelmiRNA-607,0,0,3.551268491405612,NA,NA
NovelmiRNA-2759,0,0,3.551268491405612,NA,NA
NovelmiRNA-3143,2.159018328244481,0.05380197563551582,0.6124949465165531,0.16639293061032828,0.9951049837869399
NovelmiRNA-3682,0,0,3.551268491405612,NA,NA
NovelmiRNA-2190,0,0,3.551268491405612,NA,NA
NovelmiRNA-461,0,0,3.551268491405612,NA,NA
NovelmiRNA-216,0,0,3.551268491405612,NA,NA
NovelmiRNA-2733,8.68497427343959,0.02169074628909386,0.3058648592131259,0.16809833281156192,0.9951049837869399
NovelmiRNA-1440,115.75300679121406,0.0025556579788294214,0.21788493622638733,NA,NA
NovelmiRNA-194,0,0,3.551268491405612,NA,NA
NovelmiRNA-2555,0,0,3.551268491405612,NA,NA
NovelmiRNA-852,0,0,3.551268491405612,NA,NA
NovelmiRNA-2058,0,0,3.551268491405612,NA,NA
NovelmiRNA-58,0.2694996472056818,-0.0062457753308267075,0.2628341109064205,0.7215628833124744,0.9951049837869399
NovelmiRNA-3622,2.9625548796143,0.07160676640177051,0.7171256911134245,0.12774824454320322,0.9951049837869399
NovelmiRNA-470,0,0,3.551268491405612,NA,NA
NovelmiRNA-1255,3.4986644430953544,-0.07838587807708736,0.7260733654629847,0.09858152654180836,0.9951049837869399
NovelmiRNA-950,0,0,3.551268491405612,NA,NA
NovelmiRNA-3539,0,0,3.551268491405612,NA,NA
NovelmiRNA-548,2.094835273305179,-4.55611010058953e-4,0.22071006066110052,0.975303443145684,0.9951049837869399
NovelmiRNA-1366,0.2694996472056818,-0.0062457753308267075,0.2628341109064205,0.7215628833124744,0.9951049837869399
NovelmiRNA-644,0,0,3.551268491405612,NA,NA
NovelmiRNA-2289,7.370909718101879,20.559187369013834,3.347251883821506,NA,NA
NovelmiRNA-2496,2.751029550244171,-0.0035123332048255162,0.22806770545168528,0.8148657951673145,0.9951049837869399
NovelmiRNA-2735,0,0,3.551268491405612,NA,NA
NovelmiRNA-2327,0,0,3.551268491405612,NA,NA
NovelmiRNA-2639,6.715835468620444,-0.16356265712841692,1.0877784679027853,0.0471245996714639,0.9951049837869399
NovelmiRNA-1359,0,0,3.551268491405612,NA,NA
NovelmiRNA-3665,0,0,3.551268491405612,NA,NA
NovelmiRNA-1469,4.693416174405158,-0.0019601056729857368,0.14164095233225169,0.8079587254668428,0.9951049837869399
NovelmiRNA-52,0,0,3.551268491405612,NA,NA
NovelmiRNA-539,0.4557776737868154,0.013773064182377686,0.3192026201545617,0.4967258659596773,0.9951049837869399
NovelmiRNA-1532,0,0,3.551268491405612,NA,NA
NovelmiRNA-1497,0,0,3.551268491405612,NA,NA
NovelmiRNA-814,0,0,3.551268491405612,NA,NA
NovelmiRNA-323,1.763707775360055,0.002517387742561604,0.22644767973524835,0.8670249328098341,0.9951049837869399
NovelmiRNA-2948,0.57852489890591,-8.604336655088002e-4,0.2345457512264305,0.9568899809232424,0.9951049837869399
NovelmiRNA-1917,0,0,3.551268491405612,NA,NA
NovelmiRNA-3132,0.7311274993192554,-0.017990203380967084,0.3514043341846003,0.40930574628979327,0.9951049837869399
NovelmiRNA-3626,0,0,3.551268491405612,NA,NA
NovelmiRNA-2719,0,0,3.551268491405612,NA,NA
NovelmiRNA-2877,0,0,3.551268491405612,NA,NA
NovelmiRNA-1011,0,0,3.551268491405612,NA,NA
NovelmiRNA-1930,1.4667317893280745,0.04147351354398439,0.519005782347618,0.19077120015707089,0.9951049837869399
NovelmiRNA-2065,0.8524893128195846,0.025456580508206615,0.41391593726020964,0.3179676964534927,0.9951049837869399
NovelmiRNA-1492,7.534205909493036,-0.00501370083274104,0.19726167148625362,0.6714612866295206,0.9951049837869399
NovelmiRNA-3411,0,0,3.551268491405612,NA,NA
NovelmiRNA-2695,0,0,3.551268491405612,NA,NA
NovelmiRNA-2634,3.8626796009165574,0.01406246016969203,0.27368992610777276,0.3554561420866906,0.9951049837869399
NovelmiRNA-207,0,0,3.551268491405612,NA,NA
NovelmiRNA-1694,4.912833592608888,0.004662310276758941,0.19010121141192587,0.6800919653280808,0.9951049837869399
NovelmiRNA-932,0,0,3.551268491405612,NA,NA
NovelmiRNA-3547,0,0,3.551268491405612,NA,NA
NovelmiRNA-2559,0.41244365315714704,-0.01085820401954536,0.2931648880269135,0.563941894344989,0.9951049837869399
NovelmiRNA-819,0,0,3.551268491405612,NA,NA
NovelmiRNA-2141,1.5926904019499064,-2.4119207889283887e-4,0.22292728094473802,0.9870979792349356,0.9951534694793382
NovelmiRNA-1581,2.5574679384587538,0.06383279256822132,0.6729192515599411,0.14218648106054782,0.9951049837869399
NovelmiRNA-1067,0,0,3.551268491405612,NA,NA
NovelmiRNA-94,0,0,3.551268491405612,NA,NA
NovelmiRNA-2374,0,0,3.551268491405612,NA,NA
NovelmiRNA-2525,1.3474982360284091,-0.029475862489185645,0.44383207209832104,0.279396645442578,0.9951049837869399
NovelmiRNA-3311,2.7378390579826606,-0.00783129694032323,0.18193849691280756,0.3953282321327932,0.9951049837869399
NovelmiRNA-3578,0,0,3.551268491405612,NA,NA
NovelmiRNA-730,0,0,3.551268491405612,NA,NA
NovelmiRNA-3303,3.1867626413278827,0.10093847765806838,0.8242663805039027,0.07232891416068789,0.9951049837869399
NovelmiRNA-3493,24.9509023237193,0.002805133195571842,0.21935661607641357,NA,NA
NovelmiRNA-2503,0,0,3.551268491405612,NA,NA
NovelmiRNA-1498,0,0,3.551268491405612,NA,NA
NovelmiRNA-1871,0,0,3.551268491405612,NA,NA
NovelmiRNA-3568,369.21938715622395,-24.7231254010062,3.34087829595851,NA,NA
NovelmiRNA-1461,0,0,3.551268491405612,NA,NA
NovelmiRNA-1632,0,0,3.551268491405612,NA,NA
NovelmiRNA-250,0,0,3.551268491405612,NA,NA
NovelmiRNA-3289,7.547763828865067,-0.002105896665442241,0.1371270075772975,NA,NA
NovelmiRNA-2304,0,0,3.551268491405612,NA,NA
NovelmiRNA-2209,0,0,3.551268491405612,NA,NA
NovelmiRNA-3621,5.885683294714125,-7.203567068102039e-4,0.0886577873128076,0.8730009302889069,0.9951049837869399
NovelmiRNA-290,1.2280037726496584,-2.6541689239299764e-4,0.1854650428448305,0.9819535137998862,0.9951534694793382
NovelmiRNA-731,0,0,3.551268491405612,NA,NA
NovelmiRNA-2455,0,0,3.551268491405612,NA,NA
NovelmiRNA-2660,2.0171172726802937,0.05810142701135683,0.6157166818500692,0.1318048604885191,0.9951049837869399
NovelmiRNA-2969,0,0,3.551268491405612,NA,NA
NovelmiRNA-2886,0.4797818507209958,0.013773064182377686,0.3192026201545617,0.4967258659596773,0.9951049837869399
NovelmiRNA-1136,0,0,3.551268491405612,NA,NA
NovelmiRNA-3265,0,0,3.551268491405612,NA,NA
NovelmiRNA-609,0,0,3.551268491405612,NA,NA
NovelmiRNA-2705,0,0,3.551268491405612,NA,NA
NovelmiRNA-995,0,0,3.551268491405612,NA,NA
NovelmiRNA-3422,53.80341645234719,8.102389401701011e-4,0.03926184866683106,0.6797041046064296,0.9951049837869399
NovelmiRNA-3779,0,0,3.551268491405612,NA,NA
NovelmiRNA-895,0,0,3.551268491405612,NA,NA
NovelmiRNA-1279,5.013554411654969,0.117186542368771,0.9432416400273855,0.07988418705207774,0.9951049837869399
NovelmiRNA-1816,0,0,3.551268491405612,NA,NA
NovelmiRNA-151,12.542657595962336,0.006673286884857193,0.15558967441666585,0.37070882089166163,0.9951049837869399
NovelmiRNA-2357,0,0,3.551268491405612,NA,NA
NovelmiRNA-1984,0,0,3.551268491405612,NA,NA
NovelmiRNA-11,1.0311091328928677,-0.023803105929725534,0.39919487740288667,0.3318279368409283,0.9951049837869399
NovelmiRNA-3712,0,0,3.551268491405612,NA,NA
NovelmiRNA-676,0,0,3.551268491405612,NA,NA
NovelmiRNA-1988,0,0,3.551268491405612,NA,NA
NovelmiRNA-1553,0,0,3.551268491405612,NA,NA
NovelmiRNA-3274,0,0,3.551268491405612,NA,NA
NovelmiRNA-1932,0,0,3.551268491405612,NA,NA
NovelmiRNA-3297,1.5952218582538538,0.04137858104515136,0.531237580859108,0.21063443075813504,0.9951049837869399
NovelmiRNA-2497,0,0,3.551268491405612,NA,NA
NovelmiRNA-674,0,0,3.551268491405612,NA,NA
NovelmiRNA-2332,0,0,3.551268491405612,NA,NA
NovelmiRNA-1026,8.09013387089009,0.001332470212076348,0.2162067453362646,NA,NA
NovelmiRNA-3827,0,0,3.551268491405612,NA,NA
NovelmiRNA-2406,0,0,3.551268491405612,NA,NA
NovelmiRNA-1696,0,0,3.551268491405612,NA,NA
NovelmiRNA-1805,187.74523154846327,0.011234062936605125,0.22651231515361916,0.34158441241581067,0.9951049837869399
NovelmiRNA-3058,0,0,3.551268491405612,NA,NA
NovelmiRNA-240,0,0,3.551268491405612,NA,NA
NovelmiRNA-652,0,0,3.551268491405612,NA,NA
NovelmiRNA-2381,0,0,3.551268491405612,NA,NA
NovelmiRNA-3586,0,0,3.551268491405612,NA,NA
NovelmiRNA-3806,0.8860488269458051,0.001163904141672939,0.2312800682069044,0.9405645135369235,0.9951049837869399
NovelmiRNA-2569,12.47432811874589,0.29412501081320996,1.567451620463064,NA,NA
NovelmiRNA-362,0.6397365619043484,-0.016089959490227315,0.33555410699441907,0.44244945229196647,0.9951049837869399
NovelmiRNA-3022,0,0,3.551268491405612,NA,NA
NovelmiRNA-2290,17.061014540546086,-20.280637523745458,3.3428530381873305,NA,NA
NovelmiRNA-2767,0,0,3.551268491405612,NA,NA
NovelmiRNA-606,0,0,3.551268491405612,NA,NA
NovelmiRNA-402,0,0,3.551268491405612,NA,NA
NovelmiRNA-1858,0,0,3.551268491405612,NA,NA
NovelmiRNA-2718,0,0,3.551268491405612,NA,NA
NovelmiRNA-1605,0,0,3.551268491405612,NA,NA
NovelmiRNA-3157,0.18278187482981384,-0.004811257664800471,0.25574430251778607,0.7803023469492884,0.9951049837869399
NovelmiRNA-1168,0,0,3.551268491405612,NA,NA
NovelmiRNA-3423,48.99437722016105,0.01150240583240266,0.24336422907594668,0.38850417009570737,0.9951049837869399
NovelmiRNA-2502,0,0,3.551268491405612,NA,NA
NovelmiRNA-1833,1.308339517513411,-0.009425327187013258,0.2752628987177347,0.5919564065476333,0.9951049837869399
NovelmiRNA-122,0,0,3.551268491405612,NA,NA
NovelmiRNA-3382,13.98940215607212,6.759519674792479e-5,0.1462185113081046,0.993741064678086,0.9972556219360104
NovelmiRNA-1972,0,0,3.551268491405612,NA,NA
NovelmiRNA-483,0,0,3.551268491405612,NA,NA
NovelmiRNA-1484,0,0,3.551268491405612,NA,NA
NovelmiRNA-3365,0,0,3.551268491405612,NA,NA
NovelmiRNA-2710,0,0,3.551268491405612,NA,NA
NovelmiRNA-2429,0,0,3.551268491405612,NA,NA
NovelmiRNA-2026,0.9115553475736308,0.025680247850016,0.41567750274683174,0.3157310012002862,0.9951049837869399
NovelmiRNA-789,0.6397365619043484,-0.016089959490227315,0.33555410699441907,0.44244945229196647,0.9951049837869399
NovelmiRNA-823,0,0,3.551268491405612,NA,NA
NovelmiRNA-2825,1.6216710482731298,-0.034656405810118994,0.48035499627851513,0.23981627694526514,0.9951049837869399
NovelmiRNA-350,0,0,3.551268491405612,NA,NA
NovelmiRNA-3304,1.340441872760728,-0.02957092387374678,0.44456086426562635,0.27865517959248964,0.9951049837869399
NovelmiRNA-3717,112.26746190689607,-0.0021824090568488743,0.07340009695396572,0.5027860417394052,0.9951049837869399
NovelmiRNA-1538,0.5683262085463897,0.018403691580475782,0.3570946957614925,0.4081617715215185,0.9951049837869399
NovelmiRNA-3633,0,0,3.551268491405612,NA,NA
NovelmiRNA-2431,0,0,3.551268491405612,NA,NA
NovelmiRNA-2954,0,0,3.551268491405612,NA,NA
NovelmiRNA-1720,0,0,3.551268491405612,NA,NA
NovelmiRNA-1688,0,0,3.551268491405612,NA,NA
NovelmiRNA-1652,3.15924176567712,-0.06648016426320526,0.6714025127525257,0.12254094808257507,0.9951049837869399
NovelmiRNA-2193,0,0,3.551268491405612,NA,NA
NovelmiRNA-225,0,0,3.551268491405612,NA,NA
NovelmiRNA-2743,8.186008398860936,-0.020852336197998457,0.3343312791025274,0.2630096474223218,0.9951049837869399
NovelmiRNA-2021,0,0,3.551268491405612,NA,NA
NovelmiRNA-1424,0.41244365315714704,-0.01085820401954536,0.2931648880269135,0.563941894344989,0.9951049837869399
NovelmiRNA-2306,0,0,3.551268491405612,NA,NA
NovelmiRNA-215,0,0,3.551268491405612,NA,NA
NovelmiRNA-353,0,0,3.551268491405612,NA,NA
NovelmiRNA-1558,0,0,3.551268491405612,NA,NA
NovelmiRNA-624,0,0,3.551268491405612,NA,NA
NovelmiRNA-322,3.1706089311756704,0.0018905893893258452,0.2206766305251108,0.8970381802902418,0.9951049837869399
NovelmiRNA-2716,0,0,3.551268491405612,NA,NA
NovelmiRNA-3371,2.3830780953039294,0.07086615618496894,0.6823606672234218,0.10558502332002384,0.9951049837869399
NovelmiRNA-3615,0,0,3.551268491405612,NA,NA
NovelmiRNA-2975,0,0,3.551268491405612,NA,NA
NovelmiRNA-841,0,0,3.551268491405612,NA,NA
NovelmiRNA-1764,0,0,3.551268491405612,NA,NA
NovelmiRNA-2598,0,0,3.551268491405612,NA,NA
NovelmiRNA-1826,0,0,3.551268491405612,NA,NA
NovelmiRNA-2132,0,0,3.551268491405612,NA,NA
NovelmiRNA-1735,3055.844249935029,-0.0035529357934624864,0.22208448981243223,NA,NA
NovelmiRNA-3471,867.2329482046175,0.0018948009216464997,0.21559257783547817,NA,NA
NovelmiRNA-896,0,0,3.551268491405612,NA,NA
NovelmiRNA-3474,0,0,3.551268491405612,NA,NA
NovelmiRNA-1797,9.426777463184806,-0.004045857338474951,0.19373230522332197,0.7322026024937557,0.9951049837869399
NovelmiRNA-498,0.15356061912712246,0.00799103242270191,0.2745148814401977,0.6585131869419422,0.9951049837869399
NovelmiRNA-3520,0,0,3.551268491405612,NA,NA
NovelmiRNA-854,0,0,3.551268491405612,NA,NA
NovelmiRNA-79,0,0,3.551268491405612,NA,NA
NovelmiRNA-1965,0,0,3.551268491405612,NA,NA
NovelmiRNA-1573,0,0,3.551268491405612,NA,NA
NovelmiRNA-2581,3.7096082255870346,-2.8053586272861044e-4,0.21739627591652502,0.9844931453366191,0.9951534694793382
NovelmiRNA-393,0,0,3.551268491405612,NA,NA
NovelmiRNA-859,0,0,3.551268491405612,NA,NA
NovelmiRNA-742,0,0,3.551268491405612,NA,NA
NovelmiRNA-494,2.159018328244481,0.05380197563551582,0.6124949465165531,0.16639293061032828,0.9951049837869399
NovelmiRNA-1579,4.611224783403698,-0.0046008537621085276,0.1497009767080657,0.5580836584947874,0.9951049837869399
NovelmiRNA-280,0,0,3.551268491405612,NA,NA
NovelmiRNA-2786,205.20829688287495,-2.908905006202493e-4,0.07832306021146615,0.9404929223461932,0.9951049837869399
NovelmiRNA-845,0,0,3.551268491405612,NA,NA
NovelmiRNA-1058,0,0,3.551268491405612,NA,NA
NovelmiRNA-217,0,0,3.551268491405612,NA,NA
NovelmiRNA-495,0,0,3.551268491405612,NA,NA
NovelmiRNA-3526,2.4677643124879016,0.07091926353739067,0.68782154840848575,0.1092496765507438,0.9951049837869399
NovelmiRNA-3544,1.1366524170927794,0.032126579027968755,0.4650590104881601,0.26225873903916047,0.9951049837869399
NovelmiRNA-1022,0,0,3.551268491405612,NA,NA
NovelmiRNA-3537,112.26746190689607,-0.0021824090568488743,0.07340009695396572,0.5027860417394052,0.9951049837869399
NovelmiRNA-853,50.12055102972475,-3.985221724744961e-4,0.21329950206266368,NA,NA
NovelmiRNA-625,3.9844926261761575,-0.0012214108046420707,0.12795995994386694,0.8646170022703925,0.9951049837869399
NovelmiRNA-2180,0,0,3.551268491405612,NA,NA
NovelmiRNA-2235,0,0,3.551268491405612,NA,NA
NovelmiRNA-2166,0,0,3.551268491405612,NA,NA
NovelmiRNA-3017,0,0,3.551268491405612,NA,NA
NovelmiRNA-2963,1.231373451850511,0.034302069814566495,0.48110603538645974,0.24800657139111096,0.9951049837869399
NovelmiRNA-3130,0,0,3.551268491405612,NA,NA
NovelmiRNA-1069,0,0,3.551268491405612,NA,NA
NovelmiRNA-1638,319.50808197031785,-3.1901893736429704e-4,0.03730939028689809,0.8668527156324715,0.9951049837869399
NovelmiRNA-1973,0,0,3.551268491405612,NA,NA
NovelmiRNA-315,0,0,3.551268491405612,NA,NA
NovelmiRNA-3628,219.01272913332596,-0.0020445970629320593,0.07772098254280288,0.563278863438496,0.9951049837869399
NovelmiRNA-3433,0,0,3.551268491405612,NA,NA
NovelmiRNA-1927,0,0,3.551268491405612,NA,NA
NovelmiRNA-392,111.76936317263196,-5.430275811208689e-4,0.03905849895202767,0.7797881756365408,0.9951049837869399
NovelmiRNA-2234,0,0,3.551268491405612,NA,NA
NovelmiRNA-3557,6.812941584996703,-6.471798776284292e-4,0.12566283817971757,0.9269639261795557,0.9951049837869399
NovelmiRNA-102,0,0,3.551268491405612,NA,NA
NovelmiRNA-1691,0,0,3.551268491405612,NA,NA
NovelmiRNA-1924,0,0,3.551268491405612,NA,NA
NovelmiRNA-966,0,0,3.551268491405612,NA,NA
NovelmiRNA-1028,8.402226266632404,-0.0012796986116238968,0.21609379711472723,NA,NA
NovelmiRNA-2753,0,0,3.551268491405612,NA,NA
NovelmiRNA-2170,0,0,3.551268491405612,NA,NA
NovelmiRNA-880,0,0,3.551268491405612,NA,NA
NovelmiRNA-2187,20.747565202419523,-0.003039154791932163,0.1004986469342627,0.5172151627530277,0.9951049837869399
NovelmiRNA-863,5.314793288032143,-0.005381930857382431,0.1370152601351357,0.40706972745098946,0.9951049837869399
NovelmiRNA-3629,106.6519756661148,24.0893534428103,3.341236270645707,NA,NA
NovelmiRNA-1767,1.005300311563976,-0.023396093876926073,0.3959080904500609,0.3363269708199515,0.9951049837869399
NovelmiRNA-357,5.013554411654969,0.117186542368771,0.9432416400273855,0.07988418705207774,0.9951049837869399
NovelmiRNA-1052,0,0,3.551268491405612,NA,NA
NovelmiRNA-330,0,0,3.551268491405612,NA,NA
NovelmiRNA-1881,1.3474982360284091,-0.029475862489185645,0.44383207209832104,0.279396645442578,0.9951049837869399
NovelmiRNA-2495,0,0,3.551268491405612,NA,NA
NovelmiRNA-352,0,0,3.551268491405612,NA,NA
NovelmiRNA-3349,0,0,3.551268491405612,NA,NA
NovelmiRNA-2510,0.2694996472056818,-0.0062457753308267075,0.2628341109064205,0.7215628833124744,0.9951049837869399
NovelmiRNA-1734,15010.911645939763,29.500059767626986,2.7269201318287766,1.0397480333960136e-27,1.1801140179044754e-24
NovelmiRNA-1894,0,0,3.551268491405612,NA,NA
NovelmiRNA-1161,0,0,3.551268491405612,NA,NA
NovelmiRNA-1561,0,0,3.551268491405612,NA,NA
NovelmiRNA-1443,0,0,3.551268491405612,NA,NA
NovelmiRNA-1321,264.0147789861874,-4.1826093630969487e-4,0.042185765770800375,0.8363310631621422,0.9951049837869399
NovelmiRNA-3397,4.651302155222063,5.512639323152928e-4,0.04842374683211468,0.8073982562353025,0.9951049837869399
NovelmiRNA-747,0,0,3.551268491405612,NA,NA
NovelmiRNA-54,0,0,3.551268491405612,NA,NA
NovelmiRNA-1191,0,0,3.551268491405612,NA,NA
NovelmiRNA-1192,0,0,3.551268491405612,NA,NA
NovelmiRNA-2501,3.9409918197614955,-0.0039255718631463436,0.22837106966882528,NA,NA
NovelmiRNA-3691,0,0,3.551268491405612,NA,NA
NovelmiRNA-1656,0,0,3.551268491405612,NA,NA
NovelmiRNA-1634,0,0,3.551268491405612,NA,NA
NovelmiRNA-3566,0,0,3.551268491405612,NA,NA
NovelmiRNA-2443,2.630066840332346,-0.057009805785408464,0.612870632603861,0.13771258561430652,0.9951049837869399
NovelmiRNA-746,0.34818397021522624,-0.009102371146618831,0.28031917252424593,0.6176742152794183,0.9951049837869399
NovelmiRNA-528,0,0,3.551268491405612,NA,NA
NovelmiRNA-3469,5.086243263223568,-0.005354328151417014,0.19735938723995286,0.6473637588152792,0.9951049837869399
NovelmiRNA-1252,0,0,3.551268491405612,NA,NA
NovelmiRNA-1107,0,0,3.551268491405612,NA,NA
NovelmiRNA-1560,0,0,3.551268491405612,NA,NA
NovelmiRNA-3794,0,0,3.551268491405612,NA,NA
NovelmiRNA-3030,1.3673330213604462,0.03624206609062475,0.49515779671145943,0.23652305419958364,0.9951049837869399
NovelmiRNA-3540,0,0,3.551268491405612,NA,NA
NovelmiRNA-846,0,0,3.551268491405612,NA,NA
NovelmiRNA-449,1.096691248978883,-0.02513125254586411,0.40984468455549306,0.3179202697684204,0.9951049837869399
NovelmiRNA-1610,0.9284905872406034,-0.02173289993725018,0.3823709606879291,0.3559919693844722,0.9951049837869399
NovelmiRNA-3770,9.32164928220511,0.0014998392326675037,0.1319787157440838,0.8397658279722815,0.9951049837869399
NovelmiRNA-1082,0,0,3.551268491405612,NA,NA
NovelmiRNA-2286,0,0,3.551268491405612,NA,NA
NovelmiRNA-679,0,0,3.551268491405612,NA,NA
NovelmiRNA-1770,0.2694996472056818,-0.0062457753308267075,0.2628341109064205,0.7215628833124744,0.9951049837869399
NovelmiRNA-788,1.096691248978883,-0.02513125254586411,0.40984468455549306,0.3179202697684204,0.9951049837869399
NovelmiRNA-69,0,0,3.551268491405612,NA,NA
NovelmiRNA-1885,0,0,3.551268491405612,NA,NA
NovelmiRNA-2529,0,0,3.551268491405612,NA,NA
NovelmiRNA-1410,1.096691248978883,-0.02513125254586411,0.40984468455549306,0.3179202697684204,0.9951049837869399
NovelmiRNA-900,0,0,3.551268491405612,NA,NA
NovelmiRNA-3439,0,0,3.551268491405612,NA,NA
NovelmiRNA-2526,0.57852489890591,-8.604336655088002e-4,0.2345457512264305,0.9568899809232424,0.9951049837869399
NovelmiRNA-2784,0,0,3.551268491405612,NA,NA
NovelmiRNA-3261,2.3251762019958626,8.430646954791586e-4,0.22023943860073852,0.9541429787127427,0.9951049837869399
hsa-miR-106b-3p,208.18093393106997,-23.71766554368592,3.340947531757127,NA,NA
hsa-miR-5696,0,0,3.551268491405612,NA,NA
hsa-miR-4729,0,0,3.551268491405612,NA,NA
hsa-miR-3679-3p,7.76851259618832,0.001246402220385474,0.06396287442986542,0.6714136113519912,0.9951049837869399
hsa-miR-873-3p,52.420391137410675,0.009871455985227305,0.23893199105575647,NA,NA
hsa-miR-586,0,0,3.551268491405612,NA,NA
hsa-miR-3190-3p,0.3093327398678603,-0.008168379764210984,0.27407203457873214,0.6494284543168234,0.9951049837869399
hsa-miR-4800-3p,0.6910227860720511,0.021681591116261265,0.38375721542426167,0.36090098613348415,0.9951049837869399
hsa-miR-6872-5p,0,0,3.551268491405612,NA,NA
hsa-miR-7108-5p,0,0,3.551268491405612,NA,NA
hsa-miR-518e-3p,0,0,3.551268491405612,NA,NA
hsa-miR-767-3p,160.68976893025976,0.0017731731794603223,0.0553042863639915,0.4716566318178722,0.9951049837869399
hsa-miR-4433b-5p,2.4559927022946235,-0.014409095369209982,0.27666369464911006,0.348341347244296,0.9951049837869399
hsa-miR-548f-3p,2.4254968248511366,-0.04858289215940254,0.5785265258798796,0.18150519445438398,0.9951049837869399
hsa-miR-4467,0,0,3.551268491405612,NA,NA
hsa-miR-4793-3p,0,0,3.551268491405612,NA,NA
hsa-miR-4699-5p,3.3893039163607153,-0.004526634572986119,0.199581729391799,0.7104128233022458,0.9951049837869399
hsa-miR-483-3p,23.45160360580287,0.01393275183162212,0.19470173290626658,0.11245311301919797,0.9951049837869399
hsa-miR-3138,0,0,3.551268491405612,NA,NA
hsa-miR-3121-3p,0.4557776737868154,0.013773064182377686,0.3192026201545617,0.4967258659596773,0.9951049837869399
hsa-miR-6866-3p,25.519273485046,-9.584138164931569e-4,0.0414021961802014,0.6344093156101819,0.9951049837869399
hsa-miR-519b-3p,13.769263286035843,1.8857584394074228e-4,0.05045131843213743,0.9365274436180672,0.9951049837869399
hsa-miR-4498,0,0,3.551268491405612,NA,NA
hsa-miR-1245b-5p,0.18278187482981384,-0.004811257664800471,0.25574430251778607,0.7803023469492884,0.9951049837869399
hsa-miR-493-3p,232.77882978815973,0.002085780034575232,0.04519014942454848,0.3478065745719688,0.9951049837869399
hsa-miR-3120-3p,4.388865517963009,-2.404384324065215,2.866263982009369,5.509236795931796e-4,0.10421639605637648
hsa-miR-6516-5p,48.615242507674,-6.996966956756567e-5,0.03543348182908843,0.9703825238895669,0.9951049837869399
hsa-miR-5579-3p,0,0,3.551268491405612,NA,NA
hsa-miR-3691-5p,0.4606818573813674,0.015712010510380056,0.3352016405869999,0.4564140597663571,0.9951049837869399
hsa-miR-3160-5p,0,0,3.551268491405612,NA,NA
hsa-miR-199a-5p,3484.117835906029,0.0736663282093664,0.3324172393611236,0.0035600233541837624,0.33671887558321417
hsa-miR-4476,0.4797818507209958,0.013773064182377686,0.3192026201545617,0.4967258659596773,0.9951049837869399
hsa-miR-6825-5p,0,0,3.551268491405612,NA,NA
hsa-miR-9985,0,0,3.551268491405612,NA,NA
hsa-miR-32-3p,0,0,3.551268491405612,NA,NA
hsa-miR-2276-5p,4.467523072796147,-9.608378076424696e-5,0.07566775557708603,0.9795206654478904,0.9951534694793382
hsa-miR-627-5p,6.788461522582568,-4.471802315222591,2.9410761074200025,1.3960213461480353e-4,0.0316896845575604
hsa-miR-3914,0.3788841390309265,0.013729279322647251,0.3188397460376473,0.49769636179578075,0.9951049837869399
hsa-miR-3157-3p,12.603015423907117,0.0025693909710665626,0.058086133232995524,0.31650523505728895,0.9951049837869399
hsa-miR-6818-3p,0.8225184367341623,-0.01983339232561622,0.3667251609543324,0.38130004671730616,0.9951049837869399
hsa-miR-1913,0.1347498236028409,-0.0017215318693915701,0.24445469512273085,0.9180976252541886,0.9951049837869399
hsa-miR-4658,0,0,3.551268491405612,NA,NA
hsa-miR-4733-5p,0,0,3.551268491405612,NA,NA
hsa-miR-509-5p,11.582945267980431,0.010110879177967887,0.12610222664603765,0.06753539339516212,0.9951049837869399
hsa-miR-4717-5p,0.5414553866780112,-0.013818638089329514,0.3167440736234795,0.48900236809920467,0.9951049837869399
hsa-miR-3675-5p,0,0,3.551268491405612,NA,NA
hsa-miR-3917,0.2694996472056818,-0.0062457753308267075,0.2628341109064205,0.7215628833124744,0.9951049837869399
hsa-miR-4780,0.5389992944113636,-0.013548082809586632,0.31452970631164245,0.49512838343387966,0.9951049837869399
hsa-miR-4790-3p,0.09472103475773162,0.0055394467831844044,0.2597200619180109,0.7506903302193851,0.9951049837869399
hsa-miR-142-5p,67.17233899995658,-22.42518358540172,3.3412823356794656,NA,NA
hsa-miR-4520-5p,4.121769412884321,-0.008858778801399958,0.22380119348756344,0.48446275261037836,0.9951049837869399
hsa-miR-3161,0.18278187482981384,-0.004811257664800471,0.25574430251778607,0.7803023469492884,0.9951049837869399
hsa-miR-885-3p,1232.834988625697,-0.001919786292947325,0.06113770962272647,0.47570908306042875,0.9951049837869399
hsa-miR-5191,0.6186654797357206,-0.015548331374296263,0.3310444124835098,0.4528093322768584,0.9951049837869399
hsa-miR-3919,0.8021265049288849,-0.0038872328235710464,0.20153721697989296,0.7567965178226461,0.9951049837869399
hsa-miR-6767-5p,0,0,3.551268491405612,NA,NA
hsa-miR-615-5p,93.89525927447004,0.013306601267301744,0.21903583161640144,0.202866102080025,0.9951049837869399
hsa-miR-376a-3p,149.96536437585053,-1.4929409546970637e-4,0.03694040682602255,0.9371465690524585,0.9951049837869399
hsa-miR-511-3p,17.64511056332756,0.014801947089049921,0.16389898165322223,0.04872251553982147,0.9951049837869399
hsa-miR-7973,0,0,3.551268491405612,NA,NA
hsa-miR-6864-5p,0.674896489527488,-0.016786856548581156,0.3413659248844751,0.42973893031891297,0.9951049837869399
hsa-miR-548v,2.7776111172848452,-0.05960491672304082,0.6292427700730958,0.13313097095502666,0.9951049837869399
hsa-miR-1295b-3p,0.5578100899356452,-0.0034640538138198135,0.24174626586769965,0.831180342399443,0.9951049837869399
hsa-miR-3682-3p,0,0,3.551268491405612,NA,NA
hsa-miR-4666b,0,0,3.551268491405612,NA,NA
hsa-miR-3191-5p,0,0,3.551268491405612,NA,NA
hsa-miR-299-5p,237.5513999664207,-0.0022074634922644347,0.0573320852431286,0.3825746173218123,0.9951049837869399
hsa-miR-524-3p,0.2303409286906837,0.010285389518123186,0.29115269219401846,0.5854879254187484,0.9951049837869399
hsa-miR-18b-3p,3.7344698194808976,0.03875975202927505,0.4664981306047792,0.15154167363795473,0.9951049837869399
hsa-miR-4523,0,0,3.551268491405612,NA,NA
hsa-miR-6718-5p,2.1787575953220992,0.0014416257388023181,0.12418937817544326,0.8333306830365538,0.9951049837869399
hsa-miR-3925-3p,0.15356061912712246,0.00799103242270191,0.2745148814401977,0.6585131869419422,0.9951049837869399
hsa-miR-6805-3p,0.3093327398678603,-0.008168379764210984,0.27407203457873214,0.6494284543168234,0.9951049837869399
hsa-miR-4427,1.1606132340507542,-0.0261530004303871,0.41795641387364846,0.3079643250506755,0.9951049837869399
hsa-miR-4639-3p,2.547351549396212,0.0027422827710174426,0.13867496222153114,0.7195484148093035,0.9951049837869399
hsa-miR-3186-3p,0.4797818507209958,0.013773064182377686,0.3192026201545617,0.4967258659596773,0.9951049837869399
hsa-miR-770-3p,38.81670903026445,3.6520606655871077e-4,0.054109151167324995,0.8855261639017329,0.9951049837869399
hsa-miR-642a-3p,10.614500346341087,-0.0017973615411431081,0.06156770627769595,0.5096749464384858,0.9951049837869399
hsa-miR-7155-3p,0,0,3.551268491405612,NA,NA
hsa-miR-6800-3p,0.4797818507209958,0.013773064182377686,0.3192026201545617,0.4967258659596773,0.9951049837869399
hsa-miR-4727-5p,0,0,3.551268491405612,NA,NA
hsa-miR-4786-5p,1.5050511917146858,0.009168838159718045,0.2336865110351927,0.4969769333854311,0.9951049837869399
hsa-miR-510-5p,0,0,3.551268491405612,NA,NA
hsa-miR-6834-5p,0,0,3.551268491405612,NA,NA
hsa-miR-1228-5p,3.797554737951815,-0.004701945047891767,0.1277498632339482,0.43686118081703673,0.9951049837869399
hsa-miR-556-3p,29.075359127082553,4.265125277508968e-4,0.06634192975234499,0.8934189967257209,0.9951049837869399
hsa-miR-10399-5p,2.908176654268657,-0.06322947131975869,0.6484236377749392,0.12444927932679806,0.9951049837869399
hsa-miR-4667-5p,3.504589478496502,-0.0028258327234446734,0.08707905050358296,0.46717387865654053,0.9951049837869399
hsa-miR-302a-3p,31.982902991296992,-0.0025290125109529576,0.08585910571090868,0.5163920120532,0.9951049837869399
hsa-miR-6845-5p,1.0710661932484355,0.03687211050422752,0.44348255714464674,0.14361577909089418,0.9951049837869399
hsa-miR-409-5p,2233.872508335476,-2.2544613470348938e-4,0.042537281203001334,0.9118898700162222,0.9951049837869399
hsa-miR-5003-3p,0.4797818507209958,0.013773064182377686,0.3192026201545617,0.4967258659596773,0.9951049837869399
hsa-miR-3617-3p,3.8112661797128307,-0.003288112192309277,0.14320290235078878,0.674267228160006,0.9951049837869399
hsa-miR-552-5p,48.90559518076751,0.004384847428998386,0.05728161578856077,0.12663137565126575,0.9951049837869399
hsa-miR-6727-3p,0,0,3.551268491405612,NA,NA
hsa-miR-3667-3p,0.4557776737868154,0.013773064182377686,0.3192026201545617,0.4967258659596773,0.9951049837869399
hsa-miR-548al,1.919127402883983,0.04849322960785206,0.5787311813734936,0.18282569328788909,0.9951049837869399
hsa-miR-4657,0,0,3.551268491405612,NA,NA
hsa-miR-548ae-3p,60.31939123429727,0.0028116589228064193,0.2190080327844807,0.8444279538707765,0.9951049837869399
hsa-miR-147b-3p,8.13748528623543,0.005561292338526874,0.172076678122042,0.5525896432655957,0.9951049837869399
hsa-miR-5695,0,0,3.551268491405612,NA,NA
hsa-miR-625-5p,478.1844757970073,-8.471032666754846e-4,0.04466707484830039,0.6873942257350398,0.9951049837869399
hsa-miR-548t-5p,5.241443248548377,0.12232201846809326,0.9660290158106776,0.07663026864185284,0.9951049837869399
hsa-miR-6895-3p,0.5155545664464338,-0.013282738001790681,0.31236624418058656,0.5012675292105546,0.9951049837869399
hsa-miR-6779-3p,0,0,3.551268491405612,NA,NA
hsa-miR-3678-5p,0,0,3.551268491405612,NA,NA
hsa-miR-1247-3p,16.565194210611622,8.506201023457464e-4,0.05958095313780739,0.7586570092081177,0.9951049837869399
hsa-miR-3129-3p,0,0,3.551268491405612,NA,NA
hsa-miR-6733-3p,19.558153387062788,-0.002159364697583639,0.049102416233377855,0.34773654246354546,0.9951049837869399
hsa-miR-513b-5p,0,0,3.551268491405612,NA,NA
hsa-miR-4728-3p,0,0,3.551268491405612,NA,NA
hsa-miR-4725-3p,0,0,3.551268491405612,NA,NA
hsa-miR-1304-5p,4.650573838870183,0.0034967158927515056,0.1427604187088747,0.6504151675749706,0.9951049837869399
hsa-miR-6762-5p,5.460822529005499,-1.5615552706409372,2.4284684582334055,9.475971334720918e-4,0.13444034331135302
hsa-miR-4761-3p,0.2694996472056818,-0.0062457753308267075,0.2628341109064205,0.7215628833124744,0.9951049837869399
hsa-miR-335-5p,4524.894002087196,0.03764897504803985,0.3102252254573251,0.026554042054384462,0.9951049837869399
hsa-miR-6716-3p,3.908269132796347,0.11755365748320064,0.9058969757900093,0.0652688681363282,0.9951049837869399
hsa-miR-6820-5p,2.463117004699314,-0.3503001644914076,1.297868969488091,0.007312340230982057,0.5928218687260454
hsa-miR-6785-5p,0.20622182657857352,-0.005333634501582669,0.258190528135451,0.7584665909172101,0.9951049837869399
hsa-miR-6840-5p,0,0,3.551268491405612,NA,NA
hsa-miR-4433a-5p,1.1321164292386405,0.0033895732905894764,0.23540809776046426,0.8289312769881789,0.9951049837869399
hsa-miR-521,0,0,3.551268491405612,NA,NA
hsa-miR-1245a,0,0,3.551268491405612,NA,NA
hsa-miR-548ac,0,0,3.551268491405612,NA,NA
hsa-miR-3187-5p,1.3941747426233766,-4.809802482558211e-4,0.2244833136491777,0.9744977326281027,0.9951049837869399
hsa-miR-4772-3p,0.28416310427319486,0.01154460279307512,0.30102320055726645,0.5505977072526775,0.9951049837869399
hsa-miR-1273h-3p,0,0,3.551268491405612,NA,NA
hsa-miR-6789-3p,0.4383444733887244,-0.011427087252522164,0.29755337554930805,0.5481051165155504,0.9951049837869399
hsa-miR-5587-3p,0,0,3.551268491405612,NA,NA
hsa-miR-520b-5p,1.8493124510699008,0.0010916501953059914,0.17803882796258716,0.9215148643946741,0.9951049837869399
hsa-miR-548q,0,0,3.551268491405612,NA,NA
hsa-miR-181c-3p,1311.7316500122117,8.369310942716373e-5,0.0342899232486905,0.9648316954981346,0.9951049837869399
hsa-miR-10398-5p,6.179934383185009,-0.0010067836726144284,0.10518419353646578,0.8565497511822725,0.9951049837869399
hsa-miR-331-5p,561.711905387758,-3.021910155675967e-4,0.031722472692655226,0.8845958145826437,0.9951049837869399
hsa-miR-7704,0,0,3.551268491405612,NA,NA
hsa-miR-4999-3p,9.939639359817148,-0.01248664083267507,0.26388351921628117,0.40378580502739314,0.9951049837869399
hsa-miR-6796-3p,2.083907290215381,0.016383926655482495,0.28766297185117606,0.29435664109056187,0.9951049837869399
hsa-miR-1291,9.488565632667331,-0.25034513387399693,1.3709431273828645,0.030434420108848746,0.9951049837869399
hsa-miR-6758-5p,3.2680280502186094,-0.005280080577283459,0.15288447360162738,0.5001540193785046,0.9951049837869399
hsa-miR-449b-5p,0,0,3.551268491405612,NA,NA
hsa-miR-4758-5p,0.3655637496596277,-0.009786157670224251,0.2851752276237087,0.5958468628368517,0.9951049837869399
hsa-miR-4701-3p,0.41244365315714704,-0.01085820401954536,0.2931648880269135,0.563941894344989,0.9951049837869399
hsa-miR-4637,0.18278187482981384,-0.004811257664800471,0.25574430251778607,0.7803023469492884,0.9951049837869399
hsa-miR-5584-5p,6.462106008985993,-0.006158022714854589,0.12002215611003224,0.22749910219699487,0.9951049837869399
hsa-miR-4450,0,0,3.551268491405612,NA,NA
hsa-miR-3135a,0,0,3.551268491405612,NA,NA
hsa-miR-4671-5p,3.8492504522737754,-0.06772242636946532,0.5724682451598333,0.05434433788197703,0.9951049837869399
hsa-miR-574-5p,0,0,3.551268491405612,NA,NA
hsa-miR-6748-5p,0.6669036839599409,0.005623307593699625,0.2551419300785253,0.7404411635098249,0.9951049837869399
hsa-miR-188-3p,11.63413874095632,9.472404307907358e-4,0.0729845472592902,0.7868474698039265,0.9951049837869399
hsa-miR-4649-3p,0.5389992944113636,-0.013548082809586632,0.31452970631164245,0.49512838343387966,0.9951049837869399
hsa-miR-4485-3p,1.392735880860905,-0.030434465157029054,0.4511520742990888,0.272091532829632,0.9951049837869399
hsa-miR-4724-5p,0.3788841390309265,0.013729279322647251,0.3188397460376473,0.49769636179578075,0.9951049837869399
hsa-miR-519c-5p,3.5083966475836874,-0.002374407915053296,0.13556537733193447,0.751514106768617,0.9951049837869399
hsa-miR-5188,1.697387227736359,-0.007116222741180032,0.21113187986073367,0.561469595562827,0.9951049837869399
hsa-miR-520b-3p,8.080166047650598,0.0016333775884099086,0.10356154405815039,0.7596078241600391,0.9951049837869399
hsa-miR-4521,0,0,3.551268491405612,NA,NA
hsa-miR-4731-5p,1.2208880874414911,0.007516714466402464,0.26146115034946965,0.6576317061088122,0.9951049837869399
hsa-miR-361-5p,5034.3854943788065,3.2113363721416493e-4,0.12124113719966749,0.9621130579938906,0.9951049837869399
hsa-miR-4760-3p,0.27417281224472073,-0.007273102227121207,0.2686020379871164,0.6820115214410392,0.9951049837869399
hsa-miR-10526-3p,0,0,3.551268491405612,NA,NA
hsa-miR-4755-3p,0.3788841390309265,0.013729279322647251,0.3188397460376473,0.49769636179578075,0.9951049837869399
hsa-miR-4638-3p,0,0,3.551268491405612,NA,NA
hsa-miR-4516,0,0,3.551268491405612,NA,NA
hsa-miR-4672,0,0,3.551268491405612,NA,NA
hsa-miR-515-5p,0.9674070999303872,-0.001804853566583872,0.18478097650666583,0.8758616078700975,0.9951049837869399
hsa-miR-4664-5p,1.1893036844606384,-0.026653302108147894,0.42190199697219766,0.30330634160455067,0.9951049837869399
hsa-miR-6844,0.35978244570569595,5.17640974317299e-4,0.23984298055972136,0.9748230280571153,0.9951049837869399
hsa-miR-4491,0,0,3.551268491405612,NA,NA
hsa-miR-6751-3p,0,0,3.551268491405612,NA,NA
hsa-miR-4431,0,0,3.551268491405612,NA,NA
hsa-miR-7114-5p,5.329268261912437,0.0014151883384267393,0.07718897119208043,0.6992217930942742,0.9951049837869399
hsa-miR-6515-5p,4.011313926102916,-0.016422474397136937,0.20954142847805446,0.08789954313137419,0.9951049837869399
hsa-miR-3150a-5p,0.8732333952086161,0.024927813461326432,0.40973936738327876,0.32337902847979433,0.9951049837869399
hsa-miR-3150b-3p,0,0,3.551268491405612,NA,NA
hsa-miR-6823-3p,0,0,3.551268491405612,NA,NA
hsa-miR-4798-3p,2.900989275664541,-0.008862957404677008,0.16591744233631717,0.238803442942625,0.9951049837869399
hsa-miR-4659b-3p,0,0,3.551268491405612,NA,NA
hsa-miR-3663-3p,0.4797818507209958,0.013773064182377686,0.3192026201545617,0.4967258659596773,0.9951049837869399
hsa-miR-4716-3p,0.07678030956356123,0.005177856393800437,0.25780522357864893,0.7653756540732272,0.9951049837869399
hsa-miR-526a-3p,1.2387971448682438,0.005011883728140185,0.20262075643339977,0.6837268233679719,0.9951049837869399
hsa-miR-4709-5p,0,0,3.551268491405612,NA,NA
hsa-miR-499b-3p,0.4557776737868154,0.013773064182377686,0.3192026201545617,0.4967258659596773,0.9951049837869399
hsa-miR-6754-5p,0,0,3.551268491405612,NA,NA
hsa-miR-6736-5p,0,0,3.551268491405612,NA,NA
hsa-miR-548aj-3p,5.08556694245751,0.14790243017269164,1.0372715925030094,0.0541026814043995,0.9951049837869399
hsa-miR-549a-5p,4.877789153560073,-0.005278534903274283,0.13272904637265584,0.3946514860109594,0.9951049837869399
hsa-miR-6735-5p,1.0779985888227273,-0.024463309447334367,0.4045034098821244,0.32477128224829743,0.9951049837869399
hsa-miR-1909-3p,0.18278187482981384,-0.004811257664800471,0.25574430251778607,0.7803023469492884,0.9951049837869399
hsa-miR-6876-3p,0,0,3.551268491405612,NA,NA
hsa-miR-548ai,2.422105812370404,0.007310776578112411,0.2246958084626453,0.5871547362717737,0.9951049837869399
hsa-miR-4526,0,0,3.551268491405612,NA,NA
hsa-miR-628-3p,538.227733015177,-0.001434707630409589,0.047594912432637464,0.5148734192094047,0.9951049837869399
hsa-miR-4678,0,0,3.551268491405612,NA,NA
hsa-miR-671-5p,205.54300302719534,6.709264053894896e-4,0.03221643859074413,0.7463564120480874,0.9951049837869399
hsa-miR-1258,7.403038863210032,-0.0250522504687897,0.32952205482335906,0.14395603530114578,0.9951049837869399
hsa-miR-4799-5p,0,0,3.551268491405612,NA,NA
hsa-miR-520c-5p,0,0,3.551268491405612,NA,NA
hsa-miR-6717-3p,0,0,3.551268491405612,NA,NA
hsa-miR-4638-5p,0,0,3.551268491405612,NA,NA
hsa-miR-4676-5p,0.773578033488162,-0.018703745150035332,0.3573471795659664,0.3980207582373003,0.9951049837869399
hsa-miR-4797-5p,5.314793288032143,-0.005381930857382431,0.1370152601351357,0.40706972745098946,0.9951049837869399
hsa-miR-10394-5p,0,0,3.551268491405612,NA,NA
hsa-miR-4640-5p,0,0,3.551268491405612,NA,NA
hsa-miR-609,0.4557776737868154,0.013773064182377686,0.3192026201545617,0.4967258659596773,0.9951049837869399
hsa-miR-520d-3p,0.5976863964697785,-0.015115174438164902,0.32744570606317724,0.4614144451112815,0.9951049837869399
hsa-miR-548at-5p,1.384214840073729,-0.03739410603704226,0.4460724753761422,0.1405408626855231,0.9951049837869399
hsa-miR-548j-3p,0.6737491180142046,-0.016464406426088506,0.3386759978886719,0.43553598256420173,0.9951049837869399
hsa-miR-3074-3p,43.72234753006481,0.0026768329648392134,0.06900874289376425,0.36587528118564094,0.9951049837869399
hsa-miR-6743-3p,1.3815643917767808,0.0011296602891178384,0.18117600668813316,0.9206026006727211,0.9951049837869399
hsa-miR-6746-5p,0.7829379136565184,0.003120057805963093,0.2392583113664809,0.8462015348111258,0.9951049837869399
hsa-miR-7855-5p,0.18278187482981384,-0.004811257664800471,0.25574430251778607,0.7803023469492884,0.9951049837869399
hsa-miR-1912-3p,2.220706987979875,-0.0033450181445011315,0.1787132650390819,0.7552383233080996,0.9951049837869399
hsa-miR-6761-3p,0.3093327398678603,-0.008168379764210984,0.27407203457873214,0.6494284543168234,0.9951049837869399
hsa-miR-6827-3p,2.188773907039952,-0.04642815028567272,0.5537289069147602,0.17472972011494783,0.9951049837869399
hsa-miR-7974,0,0,3.551268491405612,NA,NA
hsa-miR-6865-3p,0,0,3.551268491405612,NA,NA
hsa-miR-4776-5p,0,0,3.551268491405612,NA,NA
hsa-miR-539-5p,601.883408519616,-0.001289334463158133,0.04667014141620945,0.5526777189577096,0.9951049837869399
hsa-miR-942-3p,17.126655415394335,0.003394478063993044,0.07714936913827579,0.2972690331384866,0.9951049837869399
hsa-miR-518e-5p,0,0,3.551268491405612,NA,NA
hsa-miR-6860,0.6963679404304525,-0.017082740910235216,0.3438347971061333,0.4245427078600956,0.9951049837869399
hsa-miR-485-5p,907.7835246411787,2.1598098799357717e-4,0.03923255074961484,0.9112294633008587,0.9951049837869399
hsa-miR-5088-5p,0.2303409286906837,0.010285389518123186,0.29115269219401846,0.5854879254187484,0.9951049837869399
hsa-miR-4680-3p,0,0,3.551268491405612,NA,NA
hsa-miR-33b-3p,1.7844510077562856,7.410223238132178e-4,0.22245580313645896,0.9602255756352531,0.9951049837869399
hsa-miR-3165,0,0,3.551268491405612,NA,NA
hsa-miR-6831-5p,0,0,3.551268491405612,NA,NA
hsa-miR-939-5p,0.9944168540194632,0.0013059855816472724,0.2295538493964412,0.9326238348807473,0.9951049837869399
hsa-miR-132-3p,4516.354580557349,4.699457662525991e-5,0.040237306652779616,0.9809033922844319,0.9951534694793382
hsa-miR-6810-3p,0.3093327398678603,-0.008168379764210984,0.27407203457873214,0.6494284543168234,0.9951049837869399
hsa-miR-3183,0.45695468707453457,-0.012030128360013697,0.3022943949000547,0.5321007927892597,0.9951049837869399
hsa-miR-512-5p,6.204244989113388,0.005890037814161971,0.209364315187136,0.6401106339359655,0.9951049837869399
hsa-miR-4802-3p,0.5578100899356452,-0.0034640538138198135,0.24174626586769965,0.831180342399443,0.9951049837869399
hsa-miR-1915-5p,0.7196727760814936,0.02090395432173006,0.37745903221711835,0.37115134445948084,0.9951049837869399
hsa-miR-548b-3p,20.5718298062009,0.0031103908863827413,0.10461049678429889,0.5300610434390354,0.9951049837869399
hsa-miR-466,0,0,3.551268491405612,NA,NA
hsa-miR-3163,0,0,3.551268491405612,NA,NA
hsa-miR-5699-3p,5.549712791949201,-0.0027397372666418405,0.18686467179262262,0.8127209013025292,0.9951049837869399
hsa-miR-1277-5p,44.572416532311564,2.220571453960754e-4,0.04535579527280496,0.9175137311066651,0.9951049837869399
hsa-miR-541-5p,8.648142231314813,2.8575302845785394e-4,0.06802571177204778,0.9307523791419319,0.9951049837869399
hsa-miR-6729-3p,0.5045137409354045,5.376953251799133e-4,0.23643517399450256,0.973354234489821,0.9951049837869399
hsa-miR-33a-3p,0,0,3.551268491405612,NA,NA
hsa-miR-6792-5p,0,0,3.551268491405612,NA,NA
hsa-miR-4711-3p,0,0,3.551268491405612,NA,NA
hsa-miR-5583-3p,0,0,3.551268491405612,NA,NA
hsa-miR-6822-3p,0,0,3.551268491405612,NA,NA
hsa-miR-3936,0.3093327398678603,-0.008168379764210984,0.27407203457873214,0.6494284543168234,0.9951049837869399
hsa-miR-140-3p,14684.766094130891,-0.0011224862643056772,0.032418818374495194,0.6028561924556208,0.9951049837869399
hsa-miR-7152-5p,0,0,3.551268491405612,NA,NA
hsa-miR-4712-5p,0.4797818507209958,0.013773064182377686,0.3192026201545617,0.4967258659596773,0.9951049837869399
hsa-miR-525-5p,0.2303409286906837,0.010285389518123186,0.29115269219401846,0.5854879254187484,0.9951049837869399
hsa-miR-1914-3p,1.315033420166173,-0.02906120862952969,0.44051070700429823,0.2823987047126488,0.9951049837869399
hsa-miR-3944-3p,0.41244365315714704,-0.01085820401954536,0.2931648880269135,0.563941894344989,0.9951049837869399
hsa-miR-5009-5p,0,0,3.551268491405612,NA,NA
hsa-miR-377-5p,134.04378541412407,-8.070555556890087e-4,0.04187227514434995,0.6894852493275526,0.9951049837869399
hsa-miR-130b-3p,966.4800380811481,0.004933464602499118,0.09405139491946111,0.20768684214478042,0.9951049837869399
hsa-miR-12114,0,0,3.551268491405612,NA,NA
hsa-miR-4796-3p,2.4955899602835947,0.001631741588430752,0.09809865305204615,0.7423251051831976,0.9951049837869399
hsa-miR-5000-5p,2.5121306894295277,0.03559563759297576,0.4080052938218412,0.11180063582003247,0.9951049837869399
hsa-miR-4670-5p,0,0,3.551268491405612,NA,NA
hsa-miR-3064-3p,0,0,3.551268491405612,NA,NA
hsa-miR-6720-5p,9.262046586223384,0.0026687278765245787,0.080203995981167,0.4487497327919552,0.9951049837869399
hsa-miR-6506-5p,1.8797572380871195,0.016855477996125773,0.33945974678977536,0.42237888558800846,0.9951049837869399
hsa-miR-382-5p,1324.5500158689495,-0.002329597503120111,0.05813123929955577,0.3621522352926997,0.9951049837869399
hsa-miR-4703-3p,0.6737491180142046,-0.016464406426088506,0.3386759978886719,0.43553598256420173,0.9951049837869399
hsa-miR-4706,0.40424947080852275,-0.010372820180534583,0.2894971948162583,0.5780456288024138,0.9951049837869399
hsa-miR-6848-5p,0.27417281224472073,-0.007273102227121207,0.2686020379871164,0.6820115214410392,0.9951049837869399
hsa-miR-3159,0,0,3.551268491405612,NA,NA
hsa-miR-1537-3p,0.6844041688456465,-0.016359380864952897,0.30414829958401096,0.3457538849082376,0.9951049837869399
hsa-miR-3197,0,0,3.551268491405612,NA,NA
hsa-miR-6878-5p,0.18278187482981384,-0.004811257664800471,0.25574430251778607,0.7803023469492884,0.9951049837869399
hsa-miR-876-3p,86.9450975680261,5.499468595754419e-4,0.16489567768032898,0.9563969492801359,0.9951049837869399
hsa-miR-3692-5p,0,0,3.551268491405612,NA,NA
hsa-miR-2681-5p,44.39368575074797,-0.006735098056713826,0.1489239036730139,0.3290861096294121,0.9951049837869399
hsa-miR-4435,0,0,3.551268491405612,NA,NA
hsa-miR-6728-5p,0.4557776737868154,0.013773064182377686,0.3192026201545617,0.4967258659596773,0.9951049837869399
hsa-miR-506-5p,3.4193834028237795,0.009662196507397216,0.17697037032161125,0.23465816651009763,0.9951049837869399
hsa-miR-3622a-3p,27.953974827429498,-3.473678925004195e-4,0.04652687645876866,0.8739304488233213,0.9951049837869399
hsa-miR-4765,0,0,3.551268491405612,NA,NA
hsa-miR-3615,0,0,3.551268491405612,NA,NA
hsa-miR-6852-5p,0.887427855279622,-0.0030501058759937897,0.23564734109256527,0.8466478300016366,0.9951049837869399
hsa-miR-509-3-5p,75.64024549848918,0.01206565448615288,0.15189114516337215,0.0713261930956693,0.9951049837869399
hsa-miR-522-5p,0,0,3.551268491405612,NA,NA
hsa-miR-3126-5p,0,0,3.551268491405612,NA,NA
hsa-miR-3942-5p,2.082692949686925,0.0011269812233493332,0.221685220031664,0.9391766787849016,0.9951049837869399
hsa-miR-548h-3p,0,0,3.551268491405612,NA,NA
hsa-miR-4776-3p,0,0,3.551268491405612,NA,NA
hsa-miR-6858-5p,0.3071212382542449,0.012232452811145133,0.30655840199732104,0.5329517483476774,0.9951049837869399
hsa-miR-3188,0.27417281224472073,-0.007273102227121207,0.2686020379871164,0.6820115214410392,0.9951049837869399
hsa-miR-4482-3p,4.15768320615785,-0.0039083528188142876,0.1485439780559448,0.6266707197504846,0.9951049837869399
hsa-miR-5571-3p,0,0,3.551268491405612,NA,NA
hsa-miR-548as-5p,0.6142424765084898,0.019751098851664473,0.36808472337917386,0.3874002067435624,0.9951049837869399
hsa-miR-4749-5p,0.8609757511699865,0.0034833584985562616,0.20118370726316515,0.7826147677879736,0.9951049837869399
hsa-miR-3192-3p,0.6625637255508097,0.004988468954996387,0.2525531141927676,0.7679199007660598,0.9951049837869399
hsa-miR-6867-5p,0,0,3.551268491405612,NA,NA
hsa-miR-7112-3p,0.40424947080852275,-0.010372820180534583,0.2894971948162583,0.5780456288024138,0.9951049837869399
hsa-miR-4529-3p,4.663087855092475,0.005114910430755097,0.1134021548072447,0.2971240648918555,0.9951049837869399
hsa-miR-2682-3p,410.92918846231817,1.651839185345871e-4,0.06834030311482865,0.9602161500435342,0.9951049837869399
hsa-miR-7843-5p,0,0,3.551268491405612,NA,NA
hsa-miR-6851-5p,0.6836665106802231,0.02011277592562408,0.3710296226446064,0.38216035988282443,0.9951049837869399
hsa-miR-4740-5p,0.2694996472056818,-0.0062457753308267075,0.2628341109064205,0.7215628833124744,0.9951049837869399
hsa-miR-452-3p,45.71217485651144,0.005083497338907866,0.1315234365915834,0.41113838881492487,0.9951049837869399
hsa-miR-5690,2.7028738008257305,0.003147119321365486,0.11828659636060941,0.5960760755240566,0.9951049837869399
hsa-miR-338-3p,10544.415291120866,-0.0035651520741993284,0.07048159923505234,0.23577595851961172,0.9951049837869399
hsa-miR-371b-3p,0,0,3.551268491405612,NA,NA
hsa-miR-548aq-3p,14.31619345717441,-0.38006706555955455,1.7320260218144707,0.020610347904614145,0.9951049837869399
hsa-miR-4691-5p,0,0,3.551268491405612,NA,NA
hsa-miR-11399,1.8231106951472615,0.046464142405141726,0.5654609448374852,0.18998734880633075,0.9951049837869399
hsa-miR-513a-5p,0.3071212382542449,0.012232452811145133,0.30655840199732104,0.5329517483476774,0.9951049837869399
hsa-miR-219b-5p,2.0858538528177943,0.0013897028023366021,0.09931018773181782,0.785243377995303,0.9951049837869399
hsa-miR-6817-3p,0.15356061912712246,0.00799103242270191,0.2745148814401977,0.6585131869419422,0.9951049837869399
hsa-miR-519d-3p,1.9814927265772164,-0.010470694113030334,0.20673694920637128,0.30968164218006766,0.9951049837869399
hsa-miR-4766-3p,0.40424947080852275,-0.010372820180534583,0.2894971948162583,0.5780456288024138,0.9951049837869399
hsa-miR-4723-5p,0,0,3.551268491405612,NA,NA
hsa-miR-6502-5p,0.9595637014419915,0.026714392511362872,0.4237817518121954,0.30577324196262406,0.9951049837869399
hsa-miR-2467-3p,7.864738914820767,-2.591386988433054e-4,0.07140817849317714,0.9407302023960512,0.9951049837869399
hsa-miR-3920,0,0,3.551268491405612,NA,NA
hsa-miR-4709-3p,0.3093327398678603,-0.008168379764210984,0.27407203457873214,0.6494284543168234,0.9951049837869399
hsa-miR-3136-3p,1.4089438316727203,0.012014987837419264,0.2987680156989851,0.5245904193798896,0.9951049837869399
hsa-miR-378b,0,0,3.551268491405612,NA,NA
hsa-miR-3140-5p,0.27417281224472073,-0.007273102227121207,0.2686020379871164,0.6820115214410392,0.9951049837869399
hsa-miR-5706,0.3093327398678603,-0.008168379764210984,0.27407203457873214,0.6494284543168234,0.9951049837869399
hsa-miR-3116,0,0,3.551268491405612,NA,NA
hsa-miR-5008-5p,0,0,3.551268491405612,NA,NA
NovelmiRNA-717,0.3352335600994376,-0.008793811004423191,0.27820169935795314,0.6279140831189889,0.9951049837869399
NovelmiRNA-3730,0.5683262085463897,0.018403691580475782,0.3570946957614925,0.4081617715215185,0.9951049837869399
NovelmiRNA-448,3.5936223231267386,0.11605548051283388,0.8901368823160034,0.0629026241735132,0.9951049837869399
NovelmiRNA-2709,0,0,3.551268491405612,NA,NA
NovelmiRNA-2993,0.9115553475736308,0.025680247850016,0.41567750274683174,0.3157310012002862,0.9951049837869399
NovelmiRNA-1643,0,0,3.551268491405612,NA,NA
NovelmiRNA-1702,1.3673330213604462,0.03624206609062475,0.49515779671145943,0.23652305419958364,0.9951049837869399
NovelmiRNA-2638,1.919507739089031,0.049902242221989336,0.5878242295225362,0.1781590681944881,0.9951049837869399
NovelmiRNA-766,0,0,3.551268491405612,NA,NA
NovelmiRNA-3166,1.0445519106456789,-0.02396450795982529,0.40049530767222696,0.33007569106816104,0.9951049837869399
NovelmiRNA-3103,0,0,3.551268491405612,NA,NA
NovelmiRNA-3461,0,0,3.551268491405612,NA,NA
NovelmiRNA-123,1.752885525917875,-0.03699902904817198,0.4995820392315941,0.23062722981813538,0.9951049837869399
NovelmiRNA-3636,0.2694996472056818,-0.0062457753308267075,0.2628341109064205,0.7215628833124744,0.9951049837869399
NovelmiRNA-3122,0,0,3.551268491405612,NA,NA
NovelmiRNA-2001,0.34818397021522624,-0.009102371146618831,0.28031917252424593,0.6176742152794183,0.9951049837869399
NovelmiRNA-2663,0,0,3.551268491405612,NA,NA
NovelmiRNA-3094,0,0,3.551268491405612,NA,NA
NovelmiRNA-3047,0,0,3.551268491405612,NA,NA
NovelmiRNA-2167,0,0,3.551268491405612,NA,NA
NovelmiRNA-761,0,0,3.551268491405612,NA,NA
NovelmiRNA-129,0.15356061912712246,0.00799103242270191,0.2745148814401977,0.6585131869419422,0.9951049837869399
NovelmiRNA-2841,0,0,3.551268491405612,NA,NA
NovelmiRNA-1190,0.8225184367341623,-0.01983339232561622,0.3667251609543324,0.38130004671730616,0.9951049837869399
NovelmiRNA-2030,0,0,3.551268491405612,NA,NA
NovelmiRNA-1282,13.772226974820757,-0.39407486903173344,1.7521701448634437,0.01915498451638447,0.9951049837869399
NovelmiRNA-2536,0,0,3.551268491405612,NA,NA
NovelmiRNA-820,0,0,3.551268491405612,NA,NA
NovelmiRNA-3206,0,0,3.551268491405612,NA,NA
NovelmiRNA-2382,1.3647719040862558,5.215852859797166e-4,0.22468623491723727,0.972375940982899,0.9951049837869399
NovelmiRNA-3219,0,0,3.551268491405612,NA,NA
NovelmiRNA-2444,0,0,3.551268491405612,NA,NA
NovelmiRNA-2047,5.524742767716478,-0.10218628909025622,0.8734792674795089,NA,NA
NovelmiRNA-2910,0.41244365315714704,-0.01085820401954536,0.2931648880269135,0.563941894344989,0.9951049837869399
NovelmiRNA-815,0,0,3.551268491405612,NA,NA
NovelmiRNA-3199,0,0,3.551268491405612,NA,NA
NovelmiRNA-3805,0.18278187482981384,-0.004811257664800471,0.25574430251778607,0.7803023469492884,0.9951049837869399
NovelmiRNA-1297,0,0,3.551268491405612,NA,NA
NovelmiRNA-1933,0.757768278061853,0.023163599876108398,0.39568714073858513,0.34278877179661693,0.9951049837869399
NovelmiRNA-2582,2.0838627646700956,0.0533866949818324,0.6099013435333464,0.1675721427847057,0.9951049837869399
NovelmiRNA-1119,4.299751829602166,0.0051757513017259525,0.19194404121456246,0.6465144332015395,0.9951049837869399
NovelmiRNA-2800,0.4557776737868154,0.013773064182377686,0.3192026201545617,0.4967258659596773,0.9951049837869399
NovelmiRNA-1898,0.9213637147627348,0.027257435004292126,0.4280102127597841,0.30078432049988724,0.9951049837869399
NovelmiRNA-1685,0,0,3.551268491405612,NA,NA
NovelmiRNA-3564,0,0,3.551268491405612,NA,NA
NovelmiRNA-2912,0.7196727760814936,0.02090395432173006,0.37745903221711835,0.37115134445948084,0.9951049837869399
NovelmiRNA-1294,0,0,3.551268491405612,NA,NA
NovelmiRNA-529,4553.665302643693,0.009849614119479978,0.236775938131237,0.46492940141213696,0.9951049837869399
NovelmiRNA-3669,1.8559964392071617,-0.03882679236857569,0.5125620493056847,0.22120770686778587,0.9951049837869399
NovelmiRNA-1945,1.7517477068369318,-0.03675950362040162,0.4978653275380302,0.23192045532215225,0.9951049837869399
NovelmiRNA-1400,0.6186654797357206,-0.015548331374296263,0.3310444124835098,0.4528093322768584,0.9951049837869399
NovelmiRNA-3490,184.60804656011726,24.875675389699907,3.1914959511653707,3.1485304491798306e-15,1.4197208923069784e-12
NovelmiRNA-3674,0,0,3.551268491405612,NA,NA
NovelmiRNA-2534,0,0,3.551268491405612,NA,NA
NovelmiRNA-3587,1.0492302603398507,0.003836262021834384,0.23859505999674763,0.8091734413898031,0.9951049837869399
NovelmiRNA-2941,0,0,3.551268491405612,NA,NA
NovelmiRNA-1169,3.9936640125071676,0.0073476678136453364,0.2510332013949543,0.646096003482146,0.9951049837869399
NovelmiRNA-1756,0,0,3.551268491405612,NA,NA
NovelmiRNA-2328,1.0779985888227273,-0.024463309447334367,0.4045034098821244,0.32477128224829743,0.9951049837869399
NovelmiRNA-2986,0,0,3.551268491405612,NA,NA
NovelmiRNA-1378,148.87736780018415,-0.0013494221326734806,0.21435341690130116,NA,NA
NovelmiRNA-2648,0,0,3.551268491405612,NA,NA
NovelmiRNA-1533,17.712102997043907,-0.003372855775272444,0.08569279794589678,0.3585549078905126,0.9951049837869399
NovelmiRNA-1863,2.2376864854113525,-0.005197962983934287,0.2393266589527076,0.7391225607584992,0.9951049837869399
NovelmiRNA-2854,0,0,3.551268491405612,NA,NA
NovelmiRNA-1095,0,0,3.551268491405612,NA,NA
NovelmiRNA-953,0,0,3.551268491405612,NA,NA
NovelmiRNA-2422,1.096691248978883,-0.02513125254586411,0.40984468455549306,0.3179202697684204,0.9951049837869399
NovelmiRNA-2547,0,0,3.551268491405612,NA,NA
NovelmiRNA-3368,0,0,3.551268491405612,NA,NA
NovelmiRNA-2483,2.27838201802106,-0.008118944747687032,0.2613365027273204,0.6272001738644183,0.9951049837869399
NovelmiRNA-3200,0,0,3.551268491405612,NA,NA
NovelmiRNA-3485,0,0,3.551268491405612,NA,NA
NovelmiRNA-2840,0,0,3.551268491405612,NA,NA
NovelmiRNA-3054,0.20622182657857352,-0.005333634501582669,0.258190528135451,0.7584665909172101,0.9951049837869399
NovelmiRNA-2432,24.811824950194758,0.0020659051899405228,0.07852591373926417,0.5638708395774683,0.9951049837869399
NovelmiRNA-1056,0,0,3.551268491405612,NA,NA
NovelmiRNA-729,0,0,3.551268491405612,NA,NA
NovelmiRNA-1130,1.7996996603969007,0.04708771487075667,0.5695615811998622,0.18772808084825937,0.9951049837869399
NovelmiRNA-1293,0.757768278061853,0.023163599876108398,0.39568714073858513,0.34278877179661693,0.9951049837869399
NovelmiRNA-1819,223.43531535692523,25.111919082317232,3.2317562746802824,3.7525662351726304e-15,1.4197208923069784e-12
NovelmiRNA-435,0,0,3.551268491405612,NA,NA
NovelmiRNA-2404,0.7076706876144034,0.02064040978943372,0.3753195378662258,0.3747513306002548,0.9951049837869399
NovelmiRNA-2373,0.6836665106802231,0.02011277592562408,0.3710296226446064,0.38216035988282443,0.9951049837869399
NovelmiRNA-3546,0,0,3.551268491405612,NA,NA
NovelmiRNA-698,0,0,3.551268491405612,NA,NA
NovelmiRNA-669,0,0,3.551268491405612,NA,NA
NovelmiRNA-3384,0,0,3.551268491405612,NA,NA
NovelmiRNA-1766,0,0,3.551268491405612,NA,NA
NovelmiRNA-490,0,0,3.551268491405612,NA,NA
NovelmiRNA-2629,1.4862096419886797,0.004048331529051946,0.23506102458620765,0.7941541687386806,0.9951049837869399
NovelmiRNA-2860,0,0,3.551268491405612,NA,NA
NovelmiRNA-2826,0,0,3.551268491405612,NA,NA
NovelmiRNA-3783,0.41244365315714704,-0.01085820401954536,0.2931648880269135,0.563941894344989,0.9951049837869399
NovelmiRNA-1459,0,0,3.551268491405612,NA,NA
NovelmiRNA-2071,0,0,3.551268491405612,NA,NA
NovelmiRNA-1362,0,0,3.551268491405612,NA,NA
NovelmiRNA-1002,0,0,3.551268491405612,NA,NA
NovelmiRNA-3690,0,0,3.551268491405612,NA,NA
NovelmiRNA-2305,1.752885525917875,-0.03699902904817198,0.4995820392315941,0.23062722981813538,0.9951049837869399
NovelmiRNA-3361,0.6142424765084898,0.019751098851664473,0.36808472337917386,0.3874002067435624,0.9951049837869399
NovelmiRNA-1057,0,0,3.551268491405612,NA,NA
NovelmiRNA-1166,3.6409972520096385,0.0052511584749635526,0.23623722105038117,0.7315264951753369,0.9951049837869399
NovelmiRNA-2834,0.40424947080852275,-0.010372820180534583,0.2894971948162583,0.5780456288024138,0.9951049837869399
NovelmiRNA-3640,0.8084989416170455,-0.019224810380770254,0.3616783738686635,0.3901406273920352,0.9951049837869399
NovelmiRNA-2255,0.9595637014419915,0.026714392511362872,0.4237817518121954,0.30577324196262406,0.9951049837869399
NovelmiRNA-1073,0,0,3.551268491405612,NA,NA
NovelmiRNA-2322,0,0,3.551268491405612,NA,NA
NovelmiRNA-1695,1.87173935246049,-0.03990280631077896,0.5119383595253266,0.20314859581739,0.9951049837869399
NovelmiRNA-2608,0.3071212382542449,0.012232452811145133,0.30655840199732104,0.5329517483476774,0.9951049837869399
NovelmiRNA-864,0,0,3.551268491405612,NA,NA
NovelmiRNA-1713,0,0,3.551268491405612,NA,NA
NovelmiRNA-3331,0,0,3.551268491405612,NA,NA
NovelmiRNA-1772,0.6093382929139378,0.018599209121497363,0.35869039137103836,0.4050217160368546,0.9951049837869399
NovelmiRNA-2508,0.8248873063142941,-0.019791938948105416,0.36638185443065235,0.38189023566972924,0.9951049837869399
NovelmiRNA-1352,0,0,3.551268491405612,NA,NA
NovelmiRNA-3589,0,0,3.551268491405612,NA,NA
NovelmiRNA-834,0,0,3.551268491405612,NA,NA
NovelmiRNA-214,0.18278187482981384,-0.004811257664800471,0.25574430251778607,0.7803023469492884,0.9951049837869399
NovelmiRNA-245,0,0,3.551268491405612,NA,NA
NovelmiRNA-3163,0,0,3.551268491405612,NA,NA
NovelmiRNA-2563,0.41244365315714704,-0.01085820401954536,0.2931648880269135,0.563941894344989,0.9951049837869399
NovelmiRNA-3620,0,0,3.551268491405612,NA,NA
NovelmiRNA-1008,1.005300311563976,-0.023396093876926073,0.3959080904500609,0.3363269708199515,0.9951049837869399
NovelmiRNA-2615,1.7109337254873727,-0.0035854465566759076,0.23202370046067516,0.8152125009065447,0.9951049837869399
NovelmiRNA-3033,0,0,3.551268491405612,NA,NA
NovelmiRNA-3235,0,0,3.551268491405612,NA,NA
NovelmiRNA-860,695.5783119934642,-2.6792043532425326e-4,0.03355389533181239,0.8895350777796526,0.9951049837869399
NovelmiRNA-1508,0,0,3.551268491405612,NA,NA
NovelmiRNA-918,0,0,3.551268491405612,NA,NA
NovelmiRNA-2599,0,0,3.551268491405612,NA,NA
NovelmiRNA-1292,0,0,3.551268491405612,NA,NA
NovelmiRNA-1322,0,0,3.551268491405612,NA,NA
NovelmiRNA-208,2.808330069303701,0.004926049968279692,0.23533526608679103,0.7477294795573445,0.9951049837869399
NovelmiRNA-796,376.4983656828056,0.010816809243501514,0.27598783655387926,NA,NA
NovelmiRNA-1231,0.2303409286906837,0.010285389518123186,0.29115269219401846,0.5854879254187484,0.9951049837869399
NovelmiRNA-2699,0,0,3.551268491405612,NA,NA
NovelmiRNA-2285,0,0,3.551268491405612,NA,NA
NovelmiRNA-2702,0,0,3.551268491405612,NA,NA
NovelmiRNA-504,7.064553943695638,0.16401755745342939,1.136944436059112,NA,NA
NovelmiRNA-3614,3.1248018109009337,-0.0041518683449701214,0.18531443066560607,0.7073082006115792,0.9951049837869399
NovelmiRNA-2819,0,0,3.551268491405612,NA,NA
NovelmiRNA-2564,0,0,3.551268491405612,NA,NA
NovelmiRNA-437,0.20622182657857352,-0.005333634501582669,0.258190528135451,0.7584665909172101,0.9951049837869399
NovelmiRNA-3194,0,0,3.551268491405612,NA,NA
NovelmiRNA-2956,2.6654801160982524,-0.05677801847105348,0.6143235621052823,0.14109192945380342,0.9951049837869399
NovelmiRNA-3134,0,0,3.551268491405612,NA,NA
NovelmiRNA-1068,10.482886497096754,0.2452097026976343,1.4191369616450262,NA,NA
NovelmiRNA-3409,0.3093327398678603,-0.008168379764210984,0.27407203457873214,0.6494284543168234,0.9951049837869399
NovelmiRNA-1213,0.6625637255508097,0.004988468954996387,0.2525531141927676,0.7679199007660598,0.9951049837869399
NovelmiRNA-1360,0,0,3.551268491405612,NA,NA
NovelmiRNA-1234,5.392065307479508,-0.10017413437894343,0.8638470593166657,NA,NA
NovelmiRNA-2464,0,0,3.551268491405612,NA,NA
NovelmiRNA-163,0,0,3.551268491405612,NA,NA
NovelmiRNA-3001,1.9591073524964484,-0.04064611677429189,0.5252768402160644,0.21255585876117278,0.9951049837869399
NovelmiRNA-1587,0,0,3.551268491405612,NA,NA
NovelmiRNA-1601,0,0,3.551268491405612,NA,NA
NovelmiRNA-982,0,0,3.551268491405612,NA,NA
NovelmiRNA-734,423.88726511199974,25.927931858723635,3.3409040470966174,NA,NA
NovelmiRNA-2507,0,0,3.551268491405612,NA,NA
NovelmiRNA-3440,0,0,3.551268491405612,NA,NA
NovelmiRNA-2967,0,0,3.551268491405612,NA,NA
NovelmiRNA-1343,0,0,3.551268491405612,NA,NA
NovelmiRNA-922,0,0,3.551268491405612,NA,NA
NovelmiRNA-2979,0,0,3.551268491405612,NA,NA
NovelmiRNA-1901,0,0,3.551268491405612,NA,NA
NovelmiRNA-1516,0,0,3.551268491405612,NA,NA
NovelmiRNA-121,0,0,3.551268491405612,NA,NA
NovelmiRNA-1967,0,0,3.551268491405612,NA,NA
NovelmiRNA-1941,0,0,3.551268491405612,NA,NA
NovelmiRNA-2033,0.2303409286906837,0.010285389518123186,0.29115269219401846,0.5854879254187484,0.9951049837869399
NovelmiRNA-580,1.4435527860500146,-0.031449660102896265,0.4588339077017318,0.2647514457005838,0.9951049837869399
NovelmiRNA-3425,0.7678030956356123,0.023570909917401343,0.39894675692661324,0.3381118034759189,0.9951049837869399
NovelmiRNA-2611,0,0,3.551268491405612,NA,NA
NovelmiRNA-3332,0,0,3.551268491405612,NA,NA
NovelmiRNA-3286,0,0,3.551268491405612,NA,NA
NovelmiRNA-3473,0,0,3.551268491405612,NA,NA
NovelmiRNA-956,0,0,3.551268491405612,NA,NA
NovelmiRNA-3828,1.1177771741522042,0.010852700265103363,0.2905007706325978,0.5583091967124283,0.9951049837869399
NovelmiRNA-2089,0.4131228035204976,0.0026788404605156773,0.24340007941884925,0.87127104776187,0.9951049837869399
NovelmiRNA-3266,0.9279982196035809,-0.02181941607188923,0.38307914184762626,0.3549151475114965,0.9951049837869399
NovelmiRNA-222,0,0,3.551268491405612,NA,NA
NovelmiRNA-1721,0,0,3.551268491405612,NA,NA
NovelmiRNA-725,2.571905002462611,2.4956754452903565e-4,0.1706507687027854,0.98108900198007,0.9951534694793382
NovelmiRNA-1712,0,0,3.551268491405612,NA,NA
NovelmiRNA-2620,0,0,3.551268491405612,NA,NA
NovelmiRNA-3576,0,0,3.551268491405612,NA,NA
NovelmiRNA-1873,0.9115553475736308,0.025680247850016,0.41567750274683174,0.3157310012002862,0.9951049837869399
NovelmiRNA-1687,0,0,3.551268491405612,NA,NA
NovelmiRNA-2953,0.9279982196035809,-0.02181941607188923,0.38307914184762626,0.3549151475114965,0.9951049837869399
NovelmiRNA-2191,2.373882087921334,0.003930820101281218,0.18228537372890735,0.7175181801058821,0.9951049837869399
NovelmiRNA-1736,0,0,3.551268491405612,NA,NA
NovelmiRNA-691,0,0,3.551268491405612,NA,NA
NovelmiRNA-3342,186.706465632472,-5.2662197691124645e-5,0.2129355449424409,NA,NA
NovelmiRNA-2324,0,0,3.551268491405612,NA,NA
NovelmiRNA-3269,0,0,3.551268491405612,NA,NA
NovelmiRNA-1686,0,0,3.551268491405612,NA,NA
NovelmiRNA-277,0,0,3.551268491405612,NA,NA
NovelmiRNA-3751,0,0,3.551268491405612,NA,NA
NovelmiRNA-704,0,0,3.551268491405612,NA,NA
NovelmiRNA-1204,0.2694996472056818,-0.0062457753308267075,0.2628341109064205,0.7215628833124744,0.9951049837869399
NovelmiRNA-3495,4.1782076425827155,-0.07896763924146558,0.7565979473457884,NA,NA
NovelmiRNA-1583,1.2232421140169294,-0.02747474261657211,0.4283422079535637,0.29594789352117207,0.9951049837869399
NovelmiRNA-2245,0,0,3.551268491405612,NA,NA
NovelmiRNA-1053,30.476322181376904,0.0055746753080724645,0.11186704667174303,NA,NA
NovelmiRNA-3702,0,0,3.551268491405612,NA,NA
NovelmiRNA-703,1.1297970429549236,0.0014135455710474717,0.22805339244250009,0.9264196218035857,0.9951049837869399
NovelmiRNA-706,0,0,3.551268491405612,NA,NA
NovelmiRNA-74,0,0,3.551268491405612,NA,NA
NovelmiRNA-2665,0,0,3.551268491405612,NA,NA
NovelmiRNA-76,18.82820290804219,0.05045868033501883,0.5461194079233452,0.12471975298021001,0.9951049837869399
NovelmiRNA-2057,1.8944206951546323,0.04919169712669517,0.5832509962864815,0.1804825265137092,0.9951049837869399
NovelmiRNA-2182,0,0,3.551268491405612,NA,NA
NovelmiRNA-2893,0,0,3.551268491405612,NA,NA
NovelmiRNA-3109,0,0,3.551268491405612,NA,NA
NovelmiRNA-249,0,0,3.551268491405612,NA,NA
NovelmiRNA-482,0,0,3.551268491405612,NA,NA
NovelmiRNA-78,244.0980612352552,0.021279793769366194,0.3178055682345905,0.20729528757414667,0.9951049837869399
NovelmiRNA-3607,2.5067772058274844,0.06157210347537507,0.6596546979140628,0.1470119225867378,0.9951049837869399
NovelmiRNA-1393,0.40424947080852275,-0.010372820180534583,0.2894971948162583,0.5780456288024138,0.9951049837869399
NovelmiRNA-3070,0,0,3.551268491405612,NA,NA
NovelmiRNA-1303,0,0,3.551268491405612,NA,NA
NovelmiRNA-2586,2.887105572100029,-0.056793591924518015,0.6302528677555712,NA,NA
NovelmiRNA-3159,0.18278187482981384,-0.004811257664800471,0.25574430251778607,0.7803023469492884,0.9951049837869399
NovelmiRNA-3096,0.45695468707453457,-0.012030128360013697,0.3022943949000547,0.5321007927892597,0.9951049837869399
NovelmiRNA-3268,0,0,3.551268491405612,NA,NA
NovelmiRNA-848,0,0,3.551268491405612,NA,NA
NovelmiRNA-3567,0.7458954951371175,-0.00359987799284482,0.23930668590354875,0.8219828114306469,0.9951049837869399
NovelmiRNA-2543,0.38390154781780617,0.013967480756867266,0.3208157850769859,0.4924562074335687,0.9951049837869399
NovelmiRNA-636,0,0,3.551268491405612,NA,NA
NovelmiRNA-988,0,0,3.551268491405612,NA,NA
NovelmiRNA-2231,0,0,3.551268491405612,NA,NA
NovelmiRNA-3679,0.18278187482981384,-0.004811257664800471,0.25574430251778607,0.7803023469492884,0.9951049837869399
NovelmiRNA-205,2.808330069303701,0.004926049968279692,0.23533526608679103,0.7477294795573445,0.9951049837869399
NovelmiRNA-300,0,0,3.551268491405612,NA,NA
NovelmiRNA-627,0,0,3.551268491405612,NA,NA
NovelmiRNA-2428,0,0,3.551268491405612,NA,NA
NovelmiRNA-793,0,0,3.551268491405612,NA,NA
NovelmiRNA-2419,5.924136191968371,-0.005510948318333789,0.2366426012456453,NA,NA
NovelmiRNA-3472,228.80039224098132,25.103048857456095,3.340999224647069,NA,NA
NovelmiRNA-3524,0.6397365619043484,-0.016089959490227315,0.33555410699441907,0.44244945229196647,0.9951049837869399
NovelmiRNA-3329,0,0,3.551268491405612,NA,NA
NovelmiRNA-696,87.145651354642,23.81829009745721,3.341335308326159,NA,NA
NovelmiRNA-3296,0.827965820936222,0.0012688315897452904,0.23388822228600492,0.9361310013662093,0.9951049837869399
NovelmiRNA-1078,0,0,3.551268491405612,NA,NA
NovelmiRNA-2188,0,0,3.551268491405612,NA,NA
NovelmiRNA-1837,0.2303409286906837,0.010285389518123186,0.29115269219401846,0.5854879254187484,0.9951049837869399
NovelmiRNA-3697,0,0,3.551268491405612,NA,NA
NovelmiRNA-2456,0.6737491180142046,-0.016464406426088506,0.3386759978886719,0.43553598256420173,0.9951049837869399
NovelmiRNA-53,2.2774532156252167,5.703902968665691e-4,0.22034974684903252,0.9690109276543777,0.9951049837869399
NovelmiRNA-224,126.2554470831959,0.01557675000677828,0.26452493586304,0.2550436154261264,0.9951049837869399
NovelmiRNA-104,0,0,3.551268491405612,NA,NA
NovelmiRNA-510,0,0,3.551268491405612,NA,NA
NovelmiRNA-2511,0,0,3.551268491405612,NA,NA
NovelmiRNA-1253,0,0,3.551268491405612,NA,NA
NovelmiRNA-984,0,0,3.551268491405612,NA,NA
NovelmiRNA-2159,1.6450368734683245,-0.03515837128826747,0.48629423611476114,0.24094536120895546,0.9951049837869399
NovelmiRNA-3071,0,0,3.551268491405612,NA,NA
NovelmiRNA-906,0,0,3.551268491405612,NA,NA
NovelmiRNA-125,0,0,3.551268491405612,NA,NA
NovelmiRNA-2952,2.503985438453226,0.06964770558173315,0.6838818799656161,0.11336475138476383,0.9951049837869399
NovelmiRNA-3455,1.2614500615835513,-0.00911392199039789,0.2728379422826314,0.6018545619002601,0.9951049837869399
NovelmiRNA-3052,0,0,3.551268491405612,NA,NA
NovelmiRNA-3515,0,0,3.551268491405612,NA,NA
NovelmiRNA-88,0.3071212382542449,0.012232452811145133,0.30655840199732104,0.5329517483476774,0.9951049837869399
NovelmiRNA-3263,0,0,3.551268491405612,NA,NA
NovelmiRNA-3006,0,0,3.551268491405612,NA,NA
NovelmiRNA-3475,0.3071212382542449,0.012232452811145133,0.30655840199732104,0.5329517483476774,0.9951049837869399
NovelmiRNA-971,0,0,3.551268491405612,NA,NA
NovelmiRNA-1460,0,0,3.551268491405612,NA,NA
NovelmiRNA-1142,0.23212264681015085,-0.005892445899656313,0.26101072160623967,0.7357088704604036,0.9951049837869399
NovelmiRNA-2358,0,0,3.551268491405612,NA,NA
NovelmiRNA-1862,94.8017561476576,23.458622687864057,3.3412920572601927,NA,NA
NovelmiRNA-981,0.20622182657857352,-0.005333634501582669,0.258190528135451,0.7584665909172101,0.9951049837869399
NovelmiRNA-2200,0,0,3.551268491405612,NA,NA
NovelmiRNA-507,3.099724237120826,0.0016052177183804857,0.12815363754999465,0.8214648998765833,0.9951049837869399
NovelmiRNA-2524,0,0,3.551268491405612,NA,NA
NovelmiRNA-343,0.40424947080852275,-0.010372820180534583,0.2894971948162583,0.5780456288024138,0.9951049837869399
NovelmiRNA-1875,0,0,3.551268491405612,NA,NA
NovelmiRNA-973,0,0,3.551268491405612,NA,NA
NovelmiRNA-2242,1.6450368734683245,-0.03515837128826747,0.48629423611476114,0.24094536120895546,0.9951049837869399
NovelmiRNA-2169,0,0,3.551268491405612,NA,NA
NovelmiRNA-2713,0.8445834051991736,0.02542763124962081,0.41368771393828796,0.3182594308155434,0.9951049837869399
NovelmiRNA-1842,5.997273134012447,0.1393650009375989,1.0387017285297053,0.06748435740924816,0.9951049837869399
NovelmiRNA-2375,0,0,3.551268491405612,NA,NA
NovelmiRNA-783,0.9279982196035809,-0.02181941607188923,0.38307914184762626,0.3549151475114965,0.9951049837869399
NovelmiRNA-2761,0,0,3.551268491405612,NA,NA
NovelmiRNA-640,1.0311091328928677,-0.023803105929725534,0.39919487740288667,0.3318279368409283,0.9951049837869399
NovelmiRNA-3020,0,0,3.551268491405612,NA,NA
NovelmiRNA-2022,156.35979737874254,-0.003567073634446642,0.07040643995954413,0.23516709555814722,0.9951049837869399
NovelmiRNA-3002,0,0,3.551268491405612,NA,NA
NovelmiRNA-3719,3.838254805767966,0.09084242204076662,0.8185374200292619,0.10202817992506927,0.9951049837869399
NovelmiRNA-2396,0.4797818507209958,0.013773064182377686,0.3192026201545617,0.4967258659596773,0.9951049837869399
NovelmiRNA-1640,0,0,3.551268491405612,NA,NA
NovelmiRNA-442,0,0,3.551268491405612,NA,NA
NovelmiRNA-363,0,0,3.551268491405612,NA,NA
NovelmiRNA-1539,0,0,3.551268491405612,NA,NA
NovelmiRNA-1750,0,0,3.551268491405612,NA,NA
NovelmiRNA-2612,0,0,3.551268491405612,NA,NA
NovelmiRNA-2643,0.34818397021522624,-0.009102371146618831,0.28031917252424593,0.6176742152794183,0.9951049837869399
NovelmiRNA-2940,0,0,3.551268491405612,NA,NA
NovelmiRNA-559,0.6836665106802231,0.02011277592562408,0.3710296226446064,0.38216035988282443,0.9951049837869399
NovelmiRNA-3328,8.279523434898813,5.010341436520575e-4,0.09883815657556876,0.9231817462543993,0.9951049837869399
NovelmiRNA-2142,0,0,3.551268491405612,NA,NA
NovelmiRNA-436,0.34818397021522624,-0.009102371146618831,0.28031917252424593,0.6176742152794183,0.9951049837869399
NovelmiRNA-968,0,0,3.551268491405612,NA,NA
NovelmiRNA-1716,0,0,3.551268491405612,NA,NA
NovelmiRNA-2734,21.888547075512204,0.023133575872589934,0.3834961788692731,NA,NA
NovelmiRNA-2861,0.9213637147627348,0.027257435004292126,0.4280102127597841,0.30078432049988724,0.9951049837869399
NovelmiRNA-344,0,0,3.551268491405612,NA,NA
NovelmiRNA-3662,0.2303409286906837,0.010285389518123186,0.29115269219401846,0.5854879254187484,0.9951049837869399
NovelmiRNA-3663,0,0,3.551268491405612,NA,NA
NovelmiRNA-1803,0.2694996472056818,-0.0062457753308267075,0.2628341109064205,0.7215628833124744,0.9951049837869399
NovelmiRNA-1625,0,0,3.551268491405612,NA,NA
NovelmiRNA-1580,5.013554411654969,0.117186542368771,0.9432416400273855,0.07988418705207774,0.9951049837869399
NovelmiRNA-2925,0,0,3.551268491405612,NA,NA
NovelmiRNA-1313,0,0,3.551268491405612,NA,NA
NovelmiRNA-313,0,0,3.551268491405612,NA,NA
NovelmiRNA-1035,3.5201582473066377,0.0022892384823420724,0.10229658474964251,0.6515843360191289,0.9951049837869399
NovelmiRNA-3625,1.7642246867271725,-0.0027157897096335634,0.22810698840538862,0.8577450329033387,0.9951049837869399
NovelmiRNA-274,0,0,3.551268491405612,NA,NA
NovelmiRNA-2261,0.57852489890591,-8.604336655088002e-4,0.2345457512264305,0.9568899809232424,0.9951049837869399
NovelmiRNA-3569,228.80039224098132,25.103048857456095,3.340999224647069,NA,NA
NovelmiRNA-1608,0,0,3.551268491405612,NA,NA
NovelmiRNA-3496,0,0,3.551268491405612,NA,NA
NovelmiRNA-1697,0,0,3.551268491405612,NA,NA
NovelmiRNA-285,0,0,3.551268491405612,NA,NA
NovelmiRNA-3565,0.45894171672114503,4.747428689742266e-4,0.23828166567916242,0.9767130373576464,0.9951049837869399
NovelmiRNA-700,0.20622182657857352,-0.005333634501582669,0.258190528135451,0.7584665909172101,0.9951049837869399
NovelmiRNA-3554,0,0,3.551268491405612,NA,NA
NovelmiRNA-1624,41.384586854759505,22.83287066733487,3.341935686090489,NA,NA
NovelmiRNA-3044,0,0,3.551268491405612,NA,NA
NovelmiRNA-1584,2.159018328244481,0.05380197563551582,0.6124949465165531,0.16639293061032828,0.9951049837869399
NovelmiRNA-3401,0,0,3.551268491405612,NA,NA
NovelmiRNA-28,2.6501936398989927,0.0047328614421292894,0.18611981081995368,0.6650435009974983,0.9951049837869399
NovelmiRNA-3525,3.9224654470162967,0.002817547846745598,0.14768623350321858,0.7350782965106697,0.9951049837869399
NovelmiRNA-3137,0,0,3.551268491405612,NA,NA
NovelmiRNA-3795,6.2253500709384415,-0.14721247202515064,1.029060300043405,0.052988766881297285,0.9951049837869399
NovelmiRNA-3484,0.9284905872406034,-0.02173289993725018,0.3823709606879291,0.3559919693844722,0.9951049837869399
NovelmiRNA-1828,0,0,3.551268491405612,NA,NA
NovelmiRNA-388,0,0,3.551268491405612,NA,NA
NovelmiRNA-298,0,0,3.551268491405612,NA,NA
NovelmiRNA-1852,0,0,3.551268491405612,NA,NA
NovelmiRNA-634,0,0,3.551268491405612,NA,NA
NovelmiRNA-3603,0,0,3.551268491405612,NA,NA
NovelmiRNA-2257,0,0,3.551268491405612,NA,NA
NovelmiRNA-2932,0,0,3.551268491405612,NA,NA
NovelmiRNA-2602,0,0,3.551268491405612,NA,NA
NovelmiRNA-3340,0.9405501528916669,0.010297068510023634,0.28679666927877384,0.5757220594712067,0.9951049837869399
NovelmiRNA-581,0.3071212382542449,0.012232452811145133,0.30655840199732104,0.5329517483476774,0.9951049837869399
NovelmiRNA-401,1.3620204625418686,0.009610228883420172,0.2299210857198242,0.45670139613614574,0.9951049837869399
NovelmiRNA-389,0,0,3.551268491405612,NA,NA
NovelmiRNA-1491,0,0,3.551268491405612,NA,NA
NovelmiRNA-563,0,0,3.551268491405612,NA,NA
NovelmiRNA-2274,0,0,3.551268491405612,NA,NA
NovelmiRNA-2706,1.5952218582538538,0.04137858104515136,0.531237580859108,0.21063443075813504,0.9951049837869399
NovelmiRNA-1291,0,0,3.551268491405612,NA,NA
NovelmiRNA-3398,0,0,3.551268491405612,NA,NA
NovelmiRNA-516,0.4797818507209958,0.013773064182377686,0.3192026201545617,0.4967258659596773,0.9951049837869399
NovelmiRNA-866,0,0,3.551268491405612,NA,NA
NovelmiRNA-342,0.40424947080852275,-0.010372820180534583,0.2894971948162583,0.5780456288024138,0.9951049837869399
NovelmiRNA-3764,44.22545830861127,22.909807516597702,3.3418622886217917,NA,NA
NovelmiRNA-1506,0,0,3.551268491405612,NA,NA
NovelmiRNA-9,0,0,3.551268491405612,NA,NA
NovelmiRNA-965,1.231373451850511,0.034302069814566495,0.48110603538645974,0.24800657139111096,0.9951049837869399
NovelmiRNA-3632,0.38390154781780617,0.013967480756867266,0.3208157850769859,0.4924562074335687,0.9951049837869399
NovelmiRNA-1137,7.412120387727724,-0.016005202651372726,0.2582618595415612,0.21790279252203368,0.9951049837869399
NovelmiRNA-732,224.7577889686573,-0.0032489980174249845,0.22071008765072184,0.8214472681252489,0.9951049837869399
NovelmiRNA-3506,0.38390154781780617,0.013967480756867266,0.3208157850769859,0.4924562074335687,0.9951049837869399
NovelmiRNA-1586,3.3822604422614106,0.0031851053166252223,0.18954810240430942,0.7853014855817833,0.9951049837869399
NovelmiRNA-659,0,0,3.551268491405612,NA,NA
NovelmiRNA-1524,0,0,3.551268491405612,NA,NA
NovelmiRNA-2372,0,0,3.551268491405612,NA,NA
NovelmiRNA-3683,0.757768278061853,0.023163599876108398,0.39568714073858513,0.34278877179661693,0.9951049837869399
NovelmiRNA-2162,2.7671653992210743,0.00310435526168938,0.2256569914396832,0.8345759884910561,0.9951049837869399
NovelmiRNA-3390,0.20622182657857352,-0.005333634501582669,0.258190528135451,0.7584665909172101,0.9951049837869399
NovelmiRNA-2029,0,0,3.551268491405612,NA,NA
NovelmiRNA-3778,0,0,3.551268491405612,NA,NA
NovelmiRNA-2722,0,0,3.551268491405612,NA,NA
NovelmiRNA-3366,0.8248873063142941,-0.019791938948105416,0.36638185443065235,0.38189023566972924,0.9951049837869399
NovelmiRNA-2727,0.2303409286906837,0.010285389518123186,0.29115269219401846,0.5854879254187484,0.9951049837869399
NovelmiRNA-452,0.2694996472056818,-0.0062457753308267075,0.2628341109064205,0.7215628833124744,0.9951049837869399
NovelmiRNA-945,0.20622182657857352,-0.005333634501582669,0.258190528135451,0.7584665909172101,0.9951049837869399
NovelmiRNA-1515,4.394050101551087,-0.0023019038625856727,0.12959141350055353,0.7444445113537306,0.9951049837869399
NovelmiRNA-2287,51.41407782959791,0.017805567988767135,0.3326129339816608,NA,NA
NovelmiRNA-3074,0.3093327398678603,-0.008168379764210984,0.27407203457873214,0.6494284543168234,0.9951049837869399
NovelmiRNA-561,0.15356061912712246,0.00799103242270191,0.2745148814401977,0.6585131869419422,0.9951049837869399
NovelmiRNA-3786,0,0,3.551268491405612,NA,NA
NovelmiRNA-1025,0,0,3.551268491405612,NA,NA
NovelmiRNA-3123,1.2373309594714412,-0.027673036945518897,0.42988975108452304,0.2942232369824884,0.9951049837869399
NovelmiRNA-867,0,0,3.551268491405612,NA,NA
NovelmiRNA-3720,2.0212473540426137,-0.041521460979285316,0.531323550629268,0.20862667826010312,0.9951049837869399
NovelmiRNA-3823,0,0,3.551268491405612,NA,NA
NovelmiRNA-743,0.5683262085463897,0.018403691580475782,0.3570946957614925,0.4081617715215185,0.9951049837869399
NovelmiRNA-2085,0,0,3.551268491405612,NA,NA
NovelmiRNA-1470,10.396803168829138,-0.0012808733990107778,0.18636712732621646,0.9131779693575081,0.9951049837869399
NovelmiRNA-587,0,0,3.551268491405612,NA,NA
NovelmiRNA-3055,0,0,3.551268491405612,NA,NA
NovelmiRNA-2160,0,0,3.551268491405612,NA,NA
NovelmiRNA-1574,0,0,3.551268491405612,NA,NA
NovelmiRNA-3412,0,0,3.551268491405612,NA,NA
NovelmiRNA-1806,0,0,3.551268491405612,NA,NA
NovelmiRNA-1254,0,0,3.551268491405612,NA,NA
NovelmiRNA-2360,6.737491180142046,-0.12345813729879211,0.9705603406354707,NA,NA
NovelmiRNA-3087,0,0,3.551268491405612,NA,NA
NovelmiRNA-760,12.785753247871558,-20.349746162103582,3.343483782732679,NA,NA
NovelmiRNA-473,0.9432487652198864,-0.02188100755852351,0.38358304526588427,0.35415232385418755,0.9951049837869399
NovelmiRNA-2403,4.699666013405911,0.00243556303701255,0.1907610585836408,0.8385426335329869,0.9951049837869399
NovelmiRNA-1415,0,0,3.551268491405612,NA,NA
NovelmiRNA-3316,2.165329179075022,-0.04426414912947627,0.5499822012527595,0.19719393745356284,0.9951049837869399
NovelmiRNA-1261,29.506583819341238,22.38441023331528,3.342399831485468,NA,NA
NovelmiRNA-840,2.7839946588107427,-0.055011747748582876,0.6192902696291999,0.1622482939703734,0.9951049837869399
NovelmiRNA-817,0.6142424765084898,0.019751098851664473,0.36808472337917386,0.3874002067435624,0.9951049837869399
NovelmiRNA-2492,0.15356061912712246,0.00799103242270191,0.2745148814401977,0.6585131869419422,0.9951049837869399
NovelmiRNA-82,0,0,3.551268491405612,NA,NA
NovelmiRNA-27,0,0,3.551268491405612,NA,NA
NovelmiRNA-2225,0.09139093741490692,-0.0017215318693915693,0.24445469512273085,0.9180976252541886,0.9951049837869399
NovelmiRNA-3623,0,0,3.551268491405612,NA,NA
NovelmiRNA-2220,0,0,3.551268491405612,NA,NA
NovelmiRNA-2646,1.5087972042659805,-0.03253917333222382,0.46699834449377176,0.2572933352024441,0.9951049837869399
NovelmiRNA-3445,0,0,3.551268491405612,NA,NA
NovelmiRNA-1070,6.9613462927791545,-0.001453496000266746,0.18004602837895933,0.8968084617284855,0.9951049837869399
NovelmiRNA-521,0.45695468707453457,-0.012030128360013697,0.3022943949000547,0.5321007927892597,0.9951049837869399
NovelmiRNA-2960,2.437287791506584,-0.04891540044254718,0.5806839220792342,0.1803990574369299,0.9951049837869399
NovelmiRNA-3147,0,0,3.551268491405612,NA,NA
NovelmiRNA-2509,1.7955423818565401,8.484051650428869e-4,0.1771510237384046,0.9386706243962287,0.9951049837869399
NovelmiRNA-699,0,0,3.551268491405612,NA,NA
NovelmiRNA-3681,0.8731255105385145,0.0010750456037626616,0.23126855875496424,0.9451114554536011,0.9951049837869399
NovelmiRNA-1288,0,0,3.551268491405612,NA,NA
NovelmiRNA-321,4.133581474382799,-0.011138539863342652,0.2837646743004613,NA,NA
NovelmiRNA-2152,0,0,3.551268491405612,NA,NA
NovelmiRNA-3643,0.9981440243262961,0.02906568698446353,0.44195204719226705,0.2852558723192562,0.9951049837869399
NovelmiRNA-2707,0,0,3.551268491405612,NA,NA
NovelmiRNA-2516,0,0,3.551268491405612,NA,NA
NovelmiRNA-112,0.5374621669449287,0.017767061520283775,0.35189978137896094,0.41870581062806883,0.9951049837869399
NovelmiRNA-460,0.5155545664464338,-0.013282738001790681,0.31236624418058656,0.5012675292105546,0.9951049837869399
NovelmiRNA-1825,0,0,3.551268491405612,NA,NA
NovelmiRNA-266,0,0,3.551268491405612,NA,NA
NovelmiRNA-3192,0,0,3.551268491405612,NA,NA
NovelmiRNA-1473,0,0,3.551268491405612,NA,NA
NovelmiRNA-2711,0,0,3.551268491405612,NA,NA
NovelmiRNA-3293,0,0,3.551268491405612,NA,NA
NovelmiRNA-3642,0.5389992944113636,-0.013548082809586632,0.31452970631164245,0.49512838343387966,0.9951049837869399
NovelmiRNA-2549,0.8084989416170455,-0.019224810380770254,0.3616783738686635,0.3901406273920352,0.9951049837869399
NovelmiRNA-157,0,0,3.551268491405612,NA,NA
NovelmiRNA-1633,1.3474982360284091,-0.029475862489185645,0.44383207209832104,0.279396645442578,0.9951049837869399
NovelmiRNA-1531,0,0,3.551268491405612,NA,NA
NovelmiRNA-77,0,0,3.551268491405612,NA,NA
NovelmiRNA-34,4.178427404050275,0.01378550165093474,0.30639389433539227,NA,NA
NovelmiRNA-763,0,0,3.551268491405612,NA,NA
NovelmiRNA-1849,0,0,3.551268491405612,NA,NA
NovelmiRNA-446,0,0,3.551268491405612,NA,NA
NovelmiRNA-325,0,0,3.551268491405612,NA,NA
NovelmiRNA-3570,0,0,3.551268491405612,NA,NA
NovelmiRNA-3771,0,0,3.551268491405612,NA,NA
NovelmiRNA-2976,0,0,3.551268491405612,NA,NA
NovelmiRNA-526,6.477054984733443,0.15034994296335463,1.0833951114954454,0.06264924998580174,0.9951049837869399
NovelmiRNA-3196,0,0,3.551268491405612,NA,NA
NovelmiRNA-3579,2.617165030001928,0.004065464056491411,0.23067788678290452,0.7879172259860237,0.9951049837869399
NovelmiRNA-57,0,0,3.551268491405612,NA,NA
NovelmiRNA-3285,0,0,3.551268491405612,NA,NA
NovelmiRNA-1964,2.437287791506584,-0.04891540044254718,0.5806839220792342,0.1803990574369299,0.9951049837869399
NovelmiRNA-1209,0.2694996472056818,-0.0062457753308267075,0.2628341109064205,0.7215628833124744,0.9951049837869399
NovelmiRNA-2833,0,0,3.551268491405612,NA,NA
NovelmiRNA-2609,0,0,3.551268491405612,NA,NA
NovelmiRNA-3713,2.617165030001928,0.004065464056491411,0.23067788678290452,0.7879172259860237,0.9951049837869399
NovelmiRNA-1403,0,0,3.551268491405612,NA,NA
NovelmiRNA-1277,0.15356061912712246,0.00799103242270191,0.2745148814401977,0.6585131869419422,0.9951049837869399
NovelmiRNA-1399,0.6186654797357206,-0.015548331374296263,0.3310444124835098,0.4528093322768584,0.9951049837869399
NovelmiRNA-2246,0,0,3.551268491405612,NA,NA
NovelmiRNA-283,0,0,3.551268491405612,NA,NA
NovelmiRNA-3807,0.7217763930250073,-0.017707960802659996,0.349050924684293,0.41393514704967105,0.9951049837869399
NovelmiRNA-595,86.59775801949492,23.80955074946001,3.3413391283239093,NA,NA
NovelmiRNA-1139,3.838254805767966,0.09084242204076662,0.8185374200292619,0.10202817992506927,0.9951049837869399
NovelmiRNA-773,3.434339455004583,0.002585314720750914,0.17552441485999226,0.8081488772729039,0.9951049837869399
NovelmiRNA-3088,0,0,3.551268491405612,NA,NA
NovelmiRNA-2587,2.887105572100029,-0.056793591924518015,0.6302528677555712,NA,NA
NovelmiRNA-2845,0,0,3.551268491405612,NA,NA
NovelmiRNA-1541,0,0,3.551268491405612,NA,NA
NovelmiRNA-3548,0,0,3.551268491405612,NA,NA
NovelmiRNA-779,0,0,3.551268491405612,NA,NA
NovelmiRNA-2872,247.32754404667332,25.18937054162133,3.3409837671444382,NA,NA
NovelmiRNA-1931,0,0,3.551268491405612,NA,NA
NovelmiRNA-3767,0,0,3.551268491405612,NA,NA
NovelmiRNA-1904,0,0,3.551268491405612,NA,NA
NovelmiRNA-2760,0,0,3.551268491405612,NA,NA
NovelmiRNA-1564,0,0,3.551268491405612,NA,NA
NovelmiRNA-241,30.476322181376904,0.0055746753080724645,0.11186704667174303,NA,NA
NovelmiRNA-3739,0,0,3.551268491405612,NA,NA
NovelmiRNA-3160,0.2694996472056818,-0.0062457753308267075,0.2628341109064205,0.7215628833124744,0.9951049837869399
NovelmiRNA-2185,0,0,3.551268491405612,NA,NA
NovelmiRNA-686,0.5374621669449287,0.017767061520283775,0.35189978137896094,0.41870581062806883,0.9951049837869399
NovelmiRNA-3300,0,0,3.551268491405612,NA,NA
NovelmiRNA-370,0,0,3.551268491405612,NA,NA
NovelmiRNA-2451,0,0,3.551268491405612,NA,NA
NovelmiRNA-412,0,0,3.551268491405612,NA,NA
NovelmiRNA-1310,6.5341936695730265,-0.1518480041089395,1.0501730875202966,0.05216350304650275,0.9951049837869399
NovelmiRNA-48,1.6497746126285882,-0.03516145509058054,0.4863166836872154,0.24092731596188832,0.9951049837869399
NovelmiRNA-3723,0,0,3.551268491405612,NA,NA
NovelmiRNA-946,0.20622182657857352,-0.005333634501582669,0.258190528135451,0.7584665909172101,0.9951049837869399
NovelmiRNA-3661,0,0,3.551268491405612,NA,NA
NovelmiRNA-1323,2.0891038212913577,-0.04284076805933024,0.5403524255374221,0.2029683032218124,0.9951049837869399
NovelmiRNA-2776,27.91039835797886,0.005515604993855202,0.1104827663807787,NA,NA
NovelmiRNA-1195,0,0,3.551268491405612,NA,NA
NovelmiRNA-130,0,0,3.551268491405612,NA,NA
NovelmiRNA-406,12.790617989692809,-0.011959783087236055,0.28763925464367257,NA,NA
NovelmiRNA-2118,0,0,3.551268491405612,NA,NA
NovelmiRNA-1985,1.774855710559244,-0.003922315594684053,0.23351832805629388,0.7990077827326969,0.9951049837869399
NovelmiRNA-2535,0,0,3.551268491405612,NA,NA
NovelmiRNA-2874,0,0,3.551268491405612,NA,NA
NovelmiRNA-544,0,0,3.551268491405612,NA,NA
NovelmiRNA-832,0,0,3.551268491405612,NA,NA
NovelmiRNA-2538,0,0,3.551268491405612,NA,NA
NovelmiRNA-2192,0,0,3.551268491405612,NA,NA
NovelmiRNA-1434,0,0,3.551268491405612,NA,NA
NovelmiRNA-1975,0.4797818507209958,0.013773064182377686,0.3192026201545617,0.4967258659596773,0.9951049837869399
NovelmiRNA-894,57.80985617776188,0.010474742596985154,0.27326887165241703,NA,NA
NovelmiRNA-3497,0,0,3.551268491405612,NA,NA
NovelmiRNA-967,1.3781546677693708,-0.03035169772041753,0.44901751041390114,0.2696996866985753,0.9951049837869399
NovelmiRNA-1373,0,0,3.551268491405612,NA,NA
NovelmiRNA-1534,7.748220454375861,0.1799433597877114,1.196779258890876,NA,NA
NovelmiRNA-1639,0,0,3.551268491405612,NA,NA
NovelmiRNA-2521,0,0,3.551268491405612,NA,NA
NovelmiRNA-2383,7.88924775631463,0.0062568738759866014,0.1775646878446979,0.5120500628612404,0.9951049837869399
NovelmiRNA-3322,0.3093327398678603,-0.008168379764210984,0.27407203457873214,0.6494284543168234,0.9951049837869399
NovelmiRNA-555,0,0,3.551268491405612,NA,NA
NovelmiRNA-3051,0,0,3.551268491405612,NA,NA
NovelmiRNA-1900,2.5448870881722687,0.006272044825887451,0.24516628200997193,0.6917992122677996,0.9951049837869399
NovelmiRNA-3709,0,0,3.551268491405612,NA,NA
NovelmiRNA-2839,0.40424947080852275,-0.010372820180534583,0.2894971948162583,0.5780456288024138,0.9951049837869399
NovelmiRNA-1286,0,0,3.551268491405612,NA,NA
NovelmiRNA-2237,0,0,3.551268491405612,NA,NA
NovelmiRNA-2686,0,0,3.551268491405612,NA,NA
NovelmiRNA-3046,0,0,3.551268491405612,NA,NA
NovelmiRNA-2624,0.2694996472056818,-0.0062457753308267075,0.2628341109064205,0.7215628833124744,0.9951049837869399
NovelmiRNA-1578,0,0,3.551268491405612,NA,NA
NovelmiRNA-2420,19.370551135939653,21.81330131539961,3.3432450588761453,NA,NA
NovelmiRNA-1300,0,0,3.551268491405612,NA,NA
NovelmiRNA-3457,0.3071212382542449,0.012232452811145133,0.30655840199732104,0.5329517483476774,0.9951049837869399
NovelmiRNA-646,1.1297970429549236,0.0014135455710474717,0.22805339244250009,0.9264196218035857,0.9951049837869399
NovelmiRNA-3521,0.6110067858410774,0.0039061646940392867,0.24614917230085132,0.8135657200460427,0.9951049837869399
NovelmiRNA-366,0.41244365315714704,-0.01085820401954536,0.2931648880269135,0.563941894344989,0.9951049837869399
NovelmiRNA-432,0,0,3.551268491405612,NA,NA
NovelmiRNA-2453,0,0,3.551268491405612,NA,NA
NovelmiRNA-328,0.3071212382542449,0.012232452811145133,0.30655840199732104,0.5329517483476774,0.9951049837869399
NovelmiRNA-786,0.8445834051991736,0.02542763124962081,0.41368771393828796,0.3182594308155434,0.9951049837869399
NovelmiRNA-1950,0,0,3.551268491405612,NA,NA
NovelmiRNA-600,0,0,3.551268491405612,NA,NA
NovelmiRNA-3752,0,0,3.551268491405612,NA,NA
NovelmiRNA-3352,0.5374621669449287,0.017767061520283775,0.35189978137896094,0.41870581062806883,0.9951049837869399
NovelmiRNA-1150,0,0,3.551268491405612,NA,NA
NovelmiRNA-1071,5.153123169352165,-0.0034898270075855425,0.22516334798970467,0.8128943376007561,0.9951049837869399
NovelmiRNA-2796,0,0,3.551268491405612,NA,NA
NovelmiRNA-748,4.460763674010867,-0.09951299624699607,0.8312132778414583,0.07921105004920673,0.9951049837869399
NovelmiRNA-3092,0,0,3.551268491405612,NA,NA
NovelmiRNA-512,0,0,3.551268491405612,NA,NA
NovelmiRNA-3434,0.8084989416170455,-0.019224810380770254,0.3616783738686635,0.3901406273920352,0.9951049837869399
NovelmiRNA-1886,4.5563269650356215,0.007219931685371057,0.22141628356980428,0.5840927919880715,0.9951049837869399
NovelmiRNA-3383,1.1606132340507542,-0.0261530004303871,0.41795641387364846,0.3079643250506755,0.9951049837869399
NovelmiRNA-159,2.051967025286561,0.0015609076265624188,0.12056911550269381,0.8120330361216392,0.9951049837869399
NovelmiRNA-326,0.5133430648328184,0.0034986532747169423,0.24529448826220676,0.8327405372725036,0.9951049837869399
NovelmiRNA-2408,0,0,3.551268491405612,NA,NA
NovelmiRNA-931,0,0,3.551268491405612,NA,NA
NovelmiRNA-2177,0,0,3.551268491405612,NA,NA
NovelmiRNA-1857,0,0,3.551268491405612,NA,NA
NovelmiRNA-738,3.090958529098471,-0.06800095469183011,0.6731181736169517,0.1146088453684572,0.9951049837869399
NovelmiRNA-3482,1.005300311563976,-0.023396093876926073,0.3959080904500609,0.3363269708199515,0.9951049837869399
NovelmiRNA-3379,0,0,3.551268491405612,NA,NA
NovelmiRNA-447,0,0,3.551268491405612,NA,NA
NovelmiRNA-1768,0,0,3.551268491405612,NA,NA
NovelmiRNA-165,0,0,3.551268491405612,NA,NA
NovelmiRNA-2556,30.75449760588064,-0.005966713278251829,0.16742180756613742,NA,NA
NovelmiRNA-2091,0.15356061912712246,0.00799103242270191,0.2745148814401977,0.6585131869419422,0.9951049837869399
NovelmiRNA-1718,0,0,3.551268491405612,NA,NA
NovelmiRNA-688,7.311863374519752,-0.13376077403927633,1.0148416647479244,NA,NA
NovelmiRNA-3276,0,0,3.551268491405612,NA,NA
NovelmiRNA-3102,0,0,3.551268491405612,NA,NA
NovelmiRNA-1336,0.6186654797357206,-0.015548331374296263,0.3310444124835098,0.4528093322768584,0.9951049837869399
NovelmiRNA-1151,0,0,3.551268491405612,NA,NA
NovelmiRNA-226,15.865125253407223,0.009291607943074104,0.2638983737749929,NA,NA
NovelmiRNA-3050,0,0,3.551268491405612,NA,NA
NovelmiRNA-3781,3.6854548590509393,0.0888777844844231,0.8086346889387032,NA,NA
NovelmiRNA-3128,0,0,3.551268491405612,NA,NA
NovelmiRNA-3038,0,0,3.551268491405612,NA,NA
NovelmiRNA-1559,15.701763518634156,0.0019941742454140615,0.06575798575758822,0.49114963712541254,0.9951049837869399
NovelmiRNA-1974,0.41244365315714704,-0.01085820401954536,0.2931648880269135,0.563941894344989,0.9951049837869399
NovelmiRNA-1838,0,0,3.551268491405612,NA,NA
NovelmiRNA-445,0,0,3.551268491405612,NA,NA
NovelmiRNA-3692,0,0,3.551268491405612,NA,NA
NovelmiRNA-1298,4.648477021869078,0.16350250713723669,1.069776465752978,0.04359735990817822,0.9951049837869399
NovelmiRNA-572,0,0,3.551268491405612,NA,NA
NovelmiRNA-1024,0,0,3.551268491405612,NA,NA
NovelmiRNA-3131,0,0,3.551268491405612,NA,NA
NovelmiRNA-1372,0,0,3.551268491405612,NA,NA
NovelmiRNA-933,0,0,3.551268491405612,NA,NA
NovelmiRNA-2766,4.045515858684254,7.959715677155213e-4,0.21739665591562132,0.9559681876229758,0.9951049837869399
NovelmiRNA-3776,0,0,3.551268491405612,NA,NA
NovelmiRNA-1674,0,0,3.551268491405612,NA,NA
NovelmiRNA-1566,45.87825058228327,-21.930818053622392,3.3415142277019636,NA,NA
NovelmiRNA-3142,1.6497746126285882,-0.03516145509058054,0.4863166836872154,0.24092731596188832,0.9951049837869399
NovelmiRNA-2827,0.40424947080852275,-0.010372820180534583,0.2894971948162583,0.5780456288024138,0.9951049837869399
