miRNA,baseMean,log2FoldChange,lfcSE,pvalue,padj
hsa-miR-551a,10.274116657438142,0.5371507924821609,0.8415322094235119,0.08898902960132328,0.40231567274849744
hsa-miR-335-3p,269.05193513705996,0.0637349468023737,0.7325293980505928,0.7539710282561488,0.9481501989553814
hsa-miR-548an,1.4671195290237253,0.12721104828919202,0.8300349449869628,NA,NA
hsa-miR-1-3p,3056.7108509377103,-0.23825667043620488,0.49116348372929386,0.3313169487464165,0.733560986227403
hsa-miR-548av-3p,3.3586051940682715,0.05802408853775494,0.6391626613858516,0.7981358477698085,0.9481501989553814
hsa-miR-6806-3p,1.2219249007764472,-0.1775276345762388,0.8633051166480074,0.35597398419645926,NA
hsa-miR-320b,2108.349764525072,0.8147620359953701,0.6871421392729778,0.022343395394839195,0.16220445695291916
hsa-miR-4796-5p,0.811312599958751,0.05062667979983966,0.7649043466424658,0.7895548331841995,NA
hsa-miR-190b-5p,47.799869914237966,1.0186907343903733,0.8753271311635072,0.014550234870344677,0.11325182811453846
hsa-miR-5000-3p,1.123512181712329,0.052433505632651846,0.7600573048398932,0.7845331063620944,NA
hsa-miR-10398-3p,0.9438039172125874,0.05162326656854074,0.7622117608568827,0.7867793075219653,NA
hsa-miR-676-3p,18.927685423289862,0.10787838901242906,0.3852107645200871,0.6172821505498743,0.9283825172612652
hsa-miR-296-5p,100.85764084215683,0.47644077338721363,0.5251948698503243,0.08824767236069062,0.4013674254959121
hsa-let-7d-5p,9877.587680375325,-0.4018259948390377,0.3511124519486154,0.07415607011689432,0.39045609467622494
hsa-miR-369-3p,1977.1710651985288,-0.0625603397786791,0.451635853958888,0.782400833052493,0.9481501989553814
hsa-miR-3180-5p,12.397030917144917,0.0033960647217752393,0.3774141994753136,0.9872148656468315,0.99284972458702
hsa-miR-128-2-3p,125606.08160052999,-1.101392798963018,0.9399710465535918,0.011917845279843896,0.09780405637263198
hsa-miR-411-5p,4586.88690575615,0.09967319969760895,0.481337910090082,0.6673446987788927,0.9481501989553814
hsa-miR-449a,7.05508300281611,0.21027195426998516,0.6450144603089882,0.39823578144430216,0.776919935375835
hsa-miR-489-3p,5.235965091979347,0.3485535792598787,0.773170256716887,0.19584800303562117,0.5823627455973127
hsa-miR-4803,0.7506027642197921,0.063122785915232,0.7915521335118384,0.7281228051784161,NA
hsa-miR-7843-3p,0.2943725806592814,-0.08986227080834494,0.8050473499742887,0.6220515050979114,NA
hsa-miR-6883-3p,0.8447379976521916,-0.18272329395004744,0.8680171152295877,0.3439216970179537,NA
hsa-miR-6513-3p,6.212910369586361,-0.43815964604860996,0.7586037922205691,0.13702225431602308,0.47894352781758065
hsa-miR-218-5p,31142.833458239777,-0.018484217669641742,0.43912895256516143,0.9341586863942963,0.9753788618624712
hsa-miR-133a-3p,361.87468448412716,-0.32573433676482816,0.4435035436263497,0.1837935420266926,0.5617980738062871
hsa-miR-548ah-3p,41.543387991709125,-0.2518684777106183,0.7063256461572732,0.31749246972106754,0.7241897723244894
hsa-miR-5579-5p,0.4499469548898375,0.04163536120380311,0.7919784294355253,0.815384244953227,NA
hsa-miR-30d-5p,81241.68875564847,0.03899235722805645,0.2685966537272055,0.8227781887361365,0.9481501989553814
hsa-miR-758-3p,656.0088565711111,-0.02705218443565789,0.44856958224035576,0.9043798441217994,0.9671484168724624
hsa-miR-193b-3p,980.2576628592543,0.22632669186204668,0.5236258556354977,0.36160026964163766,0.7555490755163835
hsa-miR-16-5p,18168.612552057868,-0.5638594168145651,0.6110085066607936,0.0660172336748122,0.3713003481281838
hsa-miR-548aw,1.3786321436952251,0.23206321264582094,0.9272816447180169,0.24524523630550357,NA
hsa-miR-342-3p,4697.8283075198515,-0.7760887829792913,0.34407386451271416,0.0027707004148241087,0.035406095384323356
hsa-miR-1912-5p,0.3945173624321526,0.04163531460152178,0.7919784188193696,0.8153844462463959,NA
hsa-miR-152-3p,4669.822354625556,0.01653620577776892,0.34652597344955344,0.9353301933621578,0.9753788618624712
hsa-miR-3659,1.4201259976499006,0.1579160897584911,0.7686850828028657,0.45639006045344954,NA
hsa-miR-139-5p,19126.659635355893,-2.591677625677468,0.7976108110322931,1.864428327256085e-5,6.398379032174292e-4
hsa-miR-6858-3p,0.04455415713634422,0.04163456471298124,0.7919782479942595,0.815387685305567,NA
hsa-miR-6794-3p,4.820782886116628,-0.17827023965441258,0.6687602550714795,0.457972524463332,0.8232474068311867
hsa-miR-1236-3p,0.48737501894255864,-0.0589127881994345,0.7933684718709035,0.7437676545173908,NA
hsa-miR-655-3p,392.6311047143557,0.053232355523202476,0.4373416874404822,0.8122751635685663,0.9481501989553814
hsa-miR-6772-3p,0.8013084005953994,-0.009442682391396383,0.7525424272967484,0.9606455051841032,NA
hsa-miR-7158-3p,3.7702328531054046,-0.2552619621815434,0.7168907326414423,0.3098663716815118,0.7160259734877874
hsa-miR-200a-3p,300.70156851994807,-0.06362242286610081,0.37650116545525203,0.7645651627691478,0.9481501989553814
hsa-miR-4785,2.501808680415168,-0.14127318125673774,0.7646226651201803,0.49839883585370925,0.8513373779854083
hsa-miR-6851-3p,0.34250525417646116,0.041635265627322365,0.7919784076628973,0.8153846577848092,NA
hsa-miR-323b-3p,1354.0413629067045,-0.5195154434307158,0.6623236675773667,0.09044707520566167,0.4040012452173312
hsa-miR-548e-3p,37.74027342690876,-0.21920206629966943,0.4750467850730577,0.3627941186103603,0.7555490755163835
hsa-miR-641,145.18903188215288,0.061638848063784085,0.2821474229180427,0.7324306411922397,0.9481501989553814
hsa-miR-551b-3p,91.92106298212117,0.23276977599712514,0.3832063786848383,0.2942013641803928,0.7027941044198233
hsa-miR-6866-5p,4.199637546201685,0.06361049805300766,0.732808841776512,0.7543025368574806,0.9481501989553814
hsa-miR-5581-3p,4.0410046470661936,0.2628726477269224,0.7141013474965419,0.30017904159117353,0.70347329632444
hsa-miR-4473,29.50064184119619,0.0327952910767857,0.3812205620550611,0.8776460669324176,0.9628600406232922
hsa-miR-6850-5p,0.38355766437604233,-0.06348545577004978,0.7958182360856754,0.7244955518231064,NA
hsa-miR-629-5p,1220.433716641956,0.03884414410047274,0.3881071937271488,0.8564054971545324,0.9582455323136619
hsa-miR-103a-2-3p,46723.664862932215,-0.70284811260481,0.35989860613096075,0.006690873727557657,0.066103091113145
hsa-miR-7151-5p,11.272365770922326,0.037363506600398444,0.39494868303683117,0.8627443022143018,0.9583062575592063
hsa-miR-6727-5p,0.30677073148362044,0.06049224453100921,0.7972357260881735,0.7355660717845176,NA
hsa-miR-6775-3p,2.0760910072812147,-0.35364247648694874,0.8094227438743935,0.18271910285640283,NA
hsa-miR-1228-3p,1.2559953050509507,0.041635718404084913,0.7919785108073658,0.8153827020684616,NA
hsa-miR-371a-3p,1.8139703366064968,-0.14429104132144724,0.7652814842475639,0.4905296521286391,NA
hsa-miR-3679-5p,8.025442873441342,0.06794679499219015,0.4838241212316982,0.7681497954951082,0.9481501989553814
hsa-miR-548l,7.916451538143529,-0.17808321371289992,0.6540221180252456,0.4617468581839581,0.8232474068311867
hsa-miR-153-3p,399.96911361727774,-0.15402055038533596,0.40846356257966276,0.49060584160511067,0.8488603861201988
hsa-miR-4797-3p,0.16777062635965745,0.041635015102584015,0.7919783505928306,0.815385739897853,NA
hsa-miR-154-3p,52.23115031433678,0.0626827912208102,0.7349292855567534,0.756767135123679,0.9481501989553814
hsa-miR-664a-3p,286.115044947236,-0.21840206699404655,0.5427709253514154,0.3802924631963482,0.7636191747692629
hsa-miR-3158-3p,84.45331065446548,-0.29603403234386483,0.4989702385233177,0.2416553971545976,0.6389476653611565
hsa-miR-4743-5p,1.0494718907241705,0.08311631610558101,0.7222526348020648,0.691806619358414,NA
hsa-miR-6816-3p,0.7600852049914928,-0.06063463896915639,0.7679290775788956,0.749550092637274,NA
hsa-miR-5682,0.9562217895515277,-0.08386768403819762,0.6360260880963807,0.7151170201599946,NA
hsa-miR-5582-3p,2.5656529455548607,-0.06072784876219043,0.6288866796882112,0.7905161286688616,0.9481501989553814
hsa-miR-107,8108.805787800194,-0.5172105354776052,0.4094763574876195,0.043273835781471266,0.2792195322819002
hsa-miR-1267,2.0104879707822403,-0.28019790599622885,0.6904578765034791,0.28203276273718947,NA
hsa-miR-2110,198.9212137141661,-0.33941153045498434,0.448949652923107,NA,NA
hsa-miR-9983-3p,376.5816017966285,1.7121269204393816,0.8569689983408569,9.955422907970744e-4,0.015032688591035823
hsa-miR-3146,0.5025031289032208,0.060493373287651905,0.7972360907463053,0.7355614062206897,NA
hsa-miR-1234-3p,1.0344232822612487,-0.0673634941303301,0.7220302122167406,0.7453407798283849,NA
hsa-miR-6503-5p,8.842582511582046,0.128339743623757,0.6463988515681551,0.5837699621710017,0.905955706781347
hsa-miR-1976,49.08455333835909,-0.4178621384538003,0.5942850240918555,0.1393598014180019,0.4848693551640158
hsa-miR-122b-5p,1.1160445918704618,0.11698429144291574,0.8235502398179071,0.5237884952242075,NA
hsa-miR-185-5p,6481.88013908681,-1.4243761709835518,0.7166688441286111,0.0014563624579054183,0.019991884649428922
hsa-miR-6746-3p,0.8144349967061459,-0.16784221884931402,0.7984365363821851,0.41519975430657063,NA
hsa-miR-4795-3p,1.0148781562053364,-0.06481402144959429,0.74404551332648,0.7451767954026789,NA
hsa-miR-4528,0.8513515596985665,0.04967371110794333,0.7183773279072786,0.8099193653821576,NA
hsa-miR-4774-5p,0.2356022104254062,-0.02399047932209741,0.7882161080067568,0.8928298183598777,NA
hsa-miR-520g-3p,2.9520761500671195,0.10111151841866224,0.6236108443590812,0.664704021674442,0.9481501989553814
hsa-miR-106b-5p,4035.963064305842,-0.35949544432277314,0.522767922737115,0.17383280127832107,0.5468490206880517
hsa-miR-579-3p,6.940542688082857,-0.293308743420119,0.6885435965621137,0.2658690480620702,0.6735944002914865
hsa-miR-216a-5p,72.86272389488944,2.0936169055822758,1.0942546474867154,6.447007800708136e-4,0.011062479294396917
hsa-miR-4522,1.0831697931740243,0.26069191371693323,0.8867795208940453,0.22865529687112013,NA
hsa-miR-138-5p,4215.9459678906605,-0.22175918044118917,0.3832153200713831,0.3161017092466789,0.7241897723244894
hsa-miR-3619-3p,0.6320065316785184,-0.02993649854776085,0.7365783553604486,0.880074215876363,NA
hsa-miR-548a-3p,25.680803861490894,0.11540497545521142,0.37802679049291027,0.590371136074732,0.905955706781347
hsa-miR-4735-5p,0.21352899244076162,0.041635101559047843,0.7919783702877511,0.8153853664589599,NA
hsa-miR-10522-5p,0,0,3.3964499132696706,NA,NA
hsa-miR-668-3p,109.96045765556028,-0.536241012357253,0.7482714819909647,0.09018269364696219,0.4040012452173312
hsa-miR-12129,0.2796177105994291,0.041635193885085915,0.7919783913198231,0.8153849676671703,NA
hsa-miR-549a-3p,4.893379979769366,-0.2287525630525051,0.6032374498127729,0.366451074881611,0.7555490755163835
hsa-miR-2467-5p,3.5839613653989386,0.06301921792732235,0.7341564807823411,0.7558731671911089,0.9481501989553814
hsa-miR-509-3p,7.921290505697311,0.06888928112344907,0.6067738704459338,0.7662906288888747,0.9481501989553814
hsa-miR-891a-5p,131.5935240668953,4.059817371684181,1.0999040416650947,2.1576049400726136e-7,1.1635655212534452e-5
hsa-miR-939-3p,0.9743227131507337,0.0526554113529042,0.7594722563047777,0.7839195564559593,NA
hsa-miR-92a-3p,44984.392316686215,-0.2729693572448685,0.484349829230457,0.27076847836202284,0.6797921575022808
hsa-miR-6842-3p,75.23713226463721,-0.20083800228772847,0.44150096252844356,0.38954372417002503,0.7639104201256335
hsa-miR-6734-3p,0.11374496964909787,-0.023991266510559113,0.7882162109021386,0.8928263323278548,NA
hsa-miR-30c-5p,22489.768074679472,-0.26293716366562475,0.30707528139264084,0.1791572161966397,0.5552781046471771
hsa-miR-605-3p,0.8012626292892523,0.01961761578886307,0.7542769586411266,0.9182185790710375,NA
hsa-miR-429,50.724289229789825,-0.019009699814477702,0.36020458410554634,0.9270583137347144,0.9734756980107222
hsa-miR-320e,22.924495935459202,0.05194604646778066,0.7237596151033123,0.7999100205092421,0.9481501989553814
hsa-miR-500a-5p,96.32396942088558,0.2779211223281386,0.48249509115460043,0.262577832965549,0.6728457816493363
hsa-miR-4424,2.6665115713423626,0.004672743386241501,0.7410978332325077,0.9809510245223886,0.99284972458702
hsa-miR-6803-3p,1.1910061870205824,0.014636223737206806,0.7805799354330635,0.9353700064519009,NA
hsa-miR-543,3209.567569073117,-0.07674851610272417,0.5166420503590075,0.7423520476107851,0.9481501989553814
hsa-miR-1264,70.08736372657626,0.20328609194995337,0.5732608501400905,0.41378187125320054,0.7889023050408243
hsa-miR-6812-3p,1.7203040161132686,-0.11751973602473806,0.5881538897840033,0.6209917611268433,NA
hsa-miR-582-5p,308.5862690317794,-1.1883305865063734,0.5431523960714153,0.0012199097294953302,0.01737795935413159
hsa-miR-542-3p,936.4499527073408,1.5165207240948868,0.6939044138569888,8.16471750887614e-4,0.013115663232343585
hsa-miR-1180-3p,2022.3223154673763,-0.7150480969949828,0.47768997245202105,0.016044994768941244,0.12236334394495595
hsa-miR-380-3p,96.4521516397393,0.10000532834765381,0.41193301493745677,0.6514935726741657,0.9481501989553814
hsa-miR-1243,6.689984432735667,0.14953632532900157,0.46589149533449814,0.5217816805369795,0.8687053375389365
hsa-miR-1972,0.6796301612938314,-0.014763084026477863,0.6304329256811159,0.9479332011023731,NA
hsa-miR-1249-3p,202.34461018855114,-0.25970674605178057,0.41123793642863005,0.2617453313497309,0.6728457816493363
hsa-miR-17-5p,7017.583588427099,-0.004981499449339411,0.3744993542316122,0.981185413332888,0.99284972458702
hsa-miR-3939,0.7961535096944206,0.033264575020199874,0.7499087991523544,0.8636067517262462,NA
hsa-miR-3928-3p,19.956624566692604,-0.1101884621490527,0.556920575044863,0.6424112633320916,0.9481501989553814
hsa-miR-6750-3p,0.7222087362935407,-0.030450984786705163,0.7497471778380342,0.8749441435630435,NA
hsa-miR-576-5p,130.48315794090286,-0.28047834253961346,0.43276201177272694,0.23929262414881278,0.6361476451843439
hsa-miR-302c-3p,0.3355412527193149,0.04163525758940197,0.7919784058318358,0.8153846925036823,NA
hsa-miR-4689,0.0742569285605737,0.04163473930513035,0.7919782877660847,0.8153869311740586,NA
hsa-miR-3622a-5p,11.266052065314081,0.06467911008002733,0.7303953678522547,0.7514701969617762,0.9481501989553814
hsa-miR-5697,0.8854573449130648,-0.10428361640489597,0.7268473569939007,0.6228049914557716,NA
hsa-miR-431-5p,8.454725553487648,0.041636381873532094,0.7919786619506135,0.8153798362926423,0.9481501989553814
hsa-miR-19b-1-3p,2943.9707639035473,-0.30120090935754956,0.5068301763516676,0.23696165654645446,0.6344186194772097
hsa-miR-455-5p,6353.707136621199,2.4783575877579103,0.6690784259437682,5.651791604789917e-6,2.1335513308081937e-4
hsa-miR-6733-5p,3.4777635292825524,0.06135372220271331,0.7380008606823952,0.7603116332144827,0.9481501989553814
hsa-miR-4775,1.913545936517551,-0.2174458501596797,0.754926499105901,0.3514299637127932,NA
hsa-miR-181c-5p,593.1964017225837,0.06758569546735274,0.7239633589771431,0.7438047390568869,0.9481501989553814
hsa-miR-660-5p,1297.191606996797,0.40822576666201854,0.425930459106506,0.10101883537708412,0.43415125384171793
hsa-miR-4661-5p,8.825156162917004,1.2396698897816358,1.265997678692861,0.008578476581931366,0.07444540022250784
hsa-miR-197-3p,2794.28596337738,0.030435404151335735,0.3167087428117048,0.8754307546972029,0.9620818337647572
hsa-miR-618,180.9851616802901,0.41359176075527854,0.4742728869711356,0.11350022507767425,0.45719424693193444
hsa-miR-3661,0.6467008825107918,0.08238450867314567,0.8048860296629521,0.6484300160875213,NA
hsa-miR-184,161.92074019108136,-0.14659705805637532,0.39633801462485607,0.5057127904011548,0.8531863882046965
hsa-miR-887-3p,248.45408560929715,-0.48147402102411746,0.6679049769720352,0.10957256054391357,0.44960480005790626
hsa-miR-19a-3p,1011.9708453804814,0.3894283015790184,0.4441124419500391,0.12175213945580925,0.46661352938647704
hsa-miR-6833-3p,11.10808616567219,-0.0687894017647513,0.40681986430900235,0.7537177978005254,0.9481501989553814
hsa-miR-636,2.592811769066147,-0.5975837141370682,0.9301395659834691,0.06639145297656267,0.3713003481281838
hsa-miR-1299,431.53322080265235,-0.22160082910431986,0.6893301523623299,0.36941423400240697,0.7555490755163835
hsa-miR-382-3p,379.04155672151614,0.06554621259358152,0.7284586596164193,0.749176992523563,0.9481501989553814
hsa-miR-4697-3p,2.2973773130626047,0.1194841629005994,0.821205867508933,0.5180647373625706,NA
hsa-miR-20b-5p,1084.7767986536337,-0.3152062338783632,0.4604744836324039,0.2032736903410167,0.5894350899552753
hsa-miR-191-5p,28029.397368697668,-0.40983216390092136,0.2843697796047405,0.03997364996736453,0.267872519516652
hsa-miR-146a-5p,15108.081536269128,-0.09673296596564519,0.35761565275897866,0.6422921346265065,0.9481501989553814
hsa-miR-3616-5p,4.705951871096472,0.4300169882372605,0.8318315564519119,0.13290097580069302,0.4755461456375508
hsa-miR-4705,68.6954343482617,0.2831547940676738,0.49315447266586965,0.2582024430054043,0.6676124810584939
hsa-miR-6511b-3p,49.296631306142615,-0.22666060576518932,0.6103457129424255,0.37026908336564496,0.7555490755163835
hsa-miR-92a-1-3p,48421.37856653988,-0.2708003788719085,0.4830399399963196,0.2737176369280707,0.6797921575022808
hsa-miR-6764-5p,1.3477784946669535,0.11097905613159273,0.7497158443315176,0.5901500133596146,NA
hsa-miR-4422,0.42273073527120764,-0.06451351453798668,0.7961013817461677,0.7203368301472917,NA
hsa-miR-3144-3p,25.698610480284806,0.7955513447082396,1.1089143755761424,0.029917400544308977,0.2073394720347011
hsa-miR-3199,2.3689077441455892,-0.12113660520366767,0.648667237257344,0.6028593393318498,NA
hsa-miR-4492,0.835940057701755,0.06360400655529726,0.7905456695146985,0.7267750506254218,NA
hsa-miR-30e-5p,31350.60632532047,-0.053400086075790866,0.19937178916139214,0.6918875215103221,0.9481501989553814
hsa-miR-491-5p,119.16915252406375,-0.831004169994168,0.588116570927536,0.014107267604392694,0.11325182811453846
hsa-miR-15b-5p,1334.6303059846302,-0.2656023082340171,0.6935165430845069,0.30095612544740946,0.70347329632444
hsa-miR-150-5p,1043.6938730441586,-2.179479390861123,0.7942678988658215,NA,NA
hsa-miR-4773,0.14736857752045962,0.0604927694568807,0.7972358956708999,0.7355639020721727,NA
hsa-miR-1252-5p,34.1179843600309,-0.08586980144898447,0.5333179153021247,0.7145856598690553,0.9481501989553814
hsa-miR-4685-3p,6.928572658368481,-0.33226568664567635,0.7636435334771008,0.2116811452753105,0.5963405398614158
hsa-miR-28-3p,3385.256550389297,0.698644290660216,0.55568524214821,0.026204489882021315,0.1849008398217392
hsa-miR-514a-3p,143.39128162044582,0.6074618893156155,0.6679016725446741,0.059121406451553754,0.3487239208665866
hsa-miR-6813-5p,0.2436024283371686,0.09863508754382495,0.8132438649557995,0.5873794597045456,NA
hsa-miR-3909,87.45058578967203,-0.024218170344877422,0.27362547291354605,0.8908627382091938,0.9661852566289374
hsa-miR-550a-3-3p,34.856409604190425,0.0566898404878588,0.35873922135154096,0.7848843220400302,0.9481501989553814
hsa-miR-517-3p,5.1146032757086815,0.016953257485664158,0.44053375647430554,0.9396525429260433,0.9758427371515305
hsa-miR-135a-5p,6175.124374120714,0.6483134166032631,0.6884891978021186,0.050301988359514556,0.31129509189699583
hsa-miR-1307-3p,2337.3644119429523,-0.1509723729281631,0.33945499271444163,0.45956135259808895,0.8232474068311867
hsa-miR-1343-3p,14.40093386246459,-0.0521368057276395,0.5534661362092242,0.8230591908420858,0.9481501989553814
hsa-miR-4254,3.107854617772014,-0.11560962881280373,0.6914549803668877,0.6054683447126454,0.9179289161808178
hsa-miR-208a-3p,0.0742569285605737,0.04163473930513035,0.7919782877660847,0.8153869311740586,NA
hsa-miR-3150a-3p,0.4840551098404623,0.041635386055972314,0.7919784350969379,0.815384137607161,NA
hsa-miR-330-5p,1417.0744042128829,-0.25975717499687656,0.7543882669453434,0.29129712520687323,0.6981883477180613
hsa-miR-6820-3p,0.21861158046015244,0.041635108756533,0.7919783719273518,0.8153853353702414,NA
hsa-miR-4446-3p,21.65666202004722,-1.2931108457182339,0.9160661244827489,0.005717779956819402,0.059471577748926016
hsa-miR-4471,0.2346761522058753,-0.04795694853334684,0.7921987962503979,0.7888085314284606,NA
hsa-miR-4790-5p,0.05940554284845896,0.04163466287362313,0.7919782703550695,0.8153872613114888,NA
hsa-miR-375-3p,76.42966674697743,0.44988985490085265,0.5461534122063305,0.10805562521062315,0.44832360089479517
hsa-miR-4732-5p,27.84593730811229,-0.37651666706756626,1.1080416041651728,0.10445213277442564,0.44056625835023105
hsa-miR-4767,0.5651227760804176,-0.03059948190395637,0.7855801321033682,0.8647068892792489,NA
hsa-miR-135b-5p,806.8827178009097,3.3702890480336753,1.1262063552338866,8.438254483936131e-6,3.033753397796085e-4
hsa-miR-1286,5.313956850042811,-0.06365415700564732,0.6372660585032278,0.7797560497928459,0.9481501989553814
hsa-miR-124-3p,12284.81099309563,-0.1637512612238314,0.579899786755302,0.5012586046521242,0.8529387899585781
hsa-miR-127-3p,35946.97418332697,0.05048135494711335,0.44069389544191656,0.8221447741766293,0.9481501989553814
hsa-miR-1265,0,0,3.3964499132696706,NA,NA
hsa-miR-520f-3p,2.1331731203803015,0.05672838537415065,0.6973244997607744,0.7907229972243294,NA
hsa-miR-4749-3p,0.5413975774729187,0.04571674146984741,0.7789730801997964,0.8034627273631573,NA
hsa-miR-92a-2-3p,44984.392316686215,-0.2729693572448685,0.484349829230457,0.27076847836202284,0.6797921575022808
hsa-miR-610,1.6778627384342766,-0.13734375410685057,0.7760920695384355,0.5006516347767827,NA
hsa-miR-3149,5.201922235097444,0.04694221863136657,0.5618104648627119,0.8402160967353756,0.9553661943301333
hsa-miR-675-3p,16.16413298232136,3.8087933001810748,2.8845782942982425,2.3441184174759574e-4,0.005648055036181124
hsa-miR-450b-5p,855.6508229233248,1.6202937545822345,0.7271377821397114,6.608599233981413e-4,0.01108776093701326
hsa-miR-423-3p,14282.879070765272,-0.04683232251303123,0.2586585704707494,0.781906302480225,0.9481501989553814
hsa-miR-193a-5p,247.12934936677027,0.5370425815451837,0.543674725706245,0.06486971377108813,0.3710351052816026
hsa-miR-1260b,216.13742921039102,-0.19353800963492124,0.6529610884320909,0.42964030993365965,0.8049092655084691
hsa-miR-23a-3p,12052.228465363634,0.06443212488185977,0.37185605907454206,0.7604150445203715,0.9481501989553814
hsa-miR-4777-3p,2.305346942694942,0.604801980281194,1.0874259422080994,0.05044120204161331,NA
hsa-miR-381-3p,24068.31763856629,0.07746571317526421,0.4296342645501588,0.7291384808133802,0.9481501989553814
hsa-miR-106a-5p,679.4355367304307,-0.13029120015377704,0.3643410809787772,0.5373929009249083,0.8746095546336428
hsa-miR-485-3p,137.6761601202127,0.06427440888086859,0.7313083281742051,0.7525410255001206,0.9481501989553814
hsa-miR-379-5p,6386.105437204383,0.04222346370565763,0.44058938944124915,0.8507178908553196,0.9572161067000988
hsa-miR-518c-3p,1.2959344664658552,0.05282681638426915,0.6847839152281934,0.8075163737397082,NA
hsa-miR-378i,646.6110100099921,-0.04971225756758834,0.7662136686036105,0.7926100389692512,0.9481501989553814
hsa-miR-766-3p,94.06105026363578,-1.1487816382423248,0.6414771359275734,0.0033878856408995598,0.03935159475198719
hsa-miR-143-3p,70524.33442432729,-0.6606898469667715,0.45696073062005915,0.02052876784795423,0.1504778614097616
hsa-miR-580-3p,4.639441816314222,0.003814996589872505,0.4923827248415311,0.9867474425866712,0.99284972458702
hsa-miR-3074-5p,30.882130253078635,0.6670222943933011,0.6120901515236896,0.03810003479010568,0.25914888528405217
hsa-miR-497-5p,1448.935032437775,0.9142633783387608,0.555121282038873,0.007268301640847292,0.06746568916241635
hsa-miR-2277-5p,96.98050932115422,-0.1968115946958052,0.3366375529738555,0.3364913532235793,0.7342513632479838
hsa-miR-383-5p,1055.117877035167,-0.347380995065159,0.5038811404821085,0.18092505131550404,0.5552781046471771
hsa-miR-4525,2.2431398966662646,-0.3262440218830146,0.7743862344420437,0.21420556381534891,NA
hsa-miR-6853-3p,5.3350414632326215,-0.358728083659697,0.5706499459619531,0.18569262672336234,0.5633602537246593
hsa-miR-4677-3p,35.48892491961266,0.3016189177671591,0.37083856096301177,0.17609188554888897,0.5508240879117962
hsa-miR-3157-5p,1.9166648630934247,0.05881752794554398,0.7440017667203611,0.7671155026186374,NA
hsa-miR-409-3p,1100.589838086826,0.0629097241079102,0.7344113749610698,0.7561625152066757,0.9481501989553814
hsa-miR-509-3-3p,0.7913125166481183,0.04876686117490682,0.770065852001609,0.7947746741816631,NA
hsa-miR-24-2-3p,27293.32256974845,0.018812646822262805,0.22248806184143047,0.9000712214060589,0.9661852566289374
hsa-miR-4520-3p,0.8807515131618233,-0.02882483763380076,0.7575336169508132,0.8796370540482555,NA
hsa-miR-29a-3p,38173.134545230314,-0.06629390877076918,0.30992960388181756,0.7296824453655382,0.9481501989553814
hsa-miR-4726-5p,1.1475961712928546,-0.010865804463259496,0.6953110717605224,0.9590228257550006,NA
hsa-miR-203b-3p,11.65476755495089,-0.6310011047811387,0.9784355033056553,0.05616877366200028,0.3339167253134662
hsa-miR-6781-3p,0.06162658092977978,-0.007978009129552526,0.7870500235561683,0.9642049607722485,NA
hsa-miR-890,2.592977439887041,0.4478623462947092,1.0340931483083566,0.08729035782947644,0.4013674254959121
hsa-miR-6749-3p,1.026738758357872,0.019324661704633872,0.6791199870101651,0.9287819737355508,NA
hsa-miR-324-3p,176.82909964899665,-0.20359705980175,0.8209542744802873,0.33550839062068527,0.7342513632479838
hsa-miR-182-5p,4265.255374229275,-0.20360527382986215,0.5705803829977382,0.4129424068320952,0.7889023050408243
hsa-miR-1277-3p,8.905000168529504,0.06648288694410015,0.726380066482109,0.7467075845822249,0.9481501989553814
hsa-miR-3170,0.9538856704527471,0.18825606776461626,0.8204421001024906,0.3616519738528588,NA
hsa-miR-508-3p,25.53545002451057,0.2539483130006991,0.5392893427810493,0.31575795770801257,0.7241897723244894
hsa-let-7f-5p,239788.14299374356,-0.115926912350516,0.2991097921878728,0.5371718271305003,0.8746095546336428
hsa-miR-6734-5p,2.0394235099454576,-0.2628688681484744,0.7945212774167925,0.27008605888573034,NA
hsa-miR-506-3p,0,0,3.3964499132696706,NA,NA
hsa-miR-202-5p,78.89109097257898,-0.04676420153605557,0.6415997704908871,0.8358197194317345,0.9546806175052338
hsa-miR-1468-5p,16.083782405620514,0.003963071854419364,0.34557605634170147,0.9844612718017982,0.99284972458702
hsa-miR-93-5p,11066.753237659215,-0.14799587098592298,0.3862576494075569,0.4969938102693879,0.8508624189419226
hsa-miR-4421,14.73909616314531,0.006125847449851083,0.6156373419709571,NA,NA
hsa-miR-365b-3p,705.7978444670259,-0.17463554268220324,0.3312958720470867,0.3872189559694432,0.7639104201256335
hsa-miR-584-5p,1415.228378303599,-0.3120654953790617,0.5511438175051274,0.23392539291776623,0.6344186194772097
hsa-miR-454-3p,1799.6341870729373,0.2001235315662435,0.3852717687311861,0.36400028450888416,0.7555490755163835
hsa-miR-1276,2.90237917305871,-0.29233938128617026,0.8141873128894288,0.23063797713405082,0.6286341976036404
hsa-miR-548y,4.410204359898559,1.840749650201059,1.6706303452522042,0.002097836613310608,0.027308045569819122
hsa-miR-1253,0.08910831427268844,0.04163480191482541,0.7919783020285421,0.8153866607384458,NA
hsa-miR-892a,29.537642559077984,2.9398753745437283,1.451663230026428,1.2771628679292027e-4,0.0034437784474519576
hsa-miR-203a-3p,253.1882981649146,-1.8948174180818949,0.8163573573032616,3.989244845873962e-4,0.007529699646587103
hsa-miR-212-5p,511.35951676624495,-2.0748091638563007,0.9017019995017823,3.333185014226241e-4,0.006801499150650844
hsa-miR-216b-5p,122.14063418241476,4.133342826863556,1.3736513836298245,2.1628352722719547e-6,9.071892392029587e-5
hsa-miR-141-3p,4.733985126023665,0.3885541604906876,0.8252506313485874,0.15625218913171496,0.5145671873398173
hsa-miR-513c-5p,2.4971584722867965,0.033988938277329225,0.7049079535390012,0.8711502259787888,0.9587732078921072
hsa-miR-3174,2.513815325445181,0.16908019454955042,0.7062796274064762,0.4653618965923019,0.8247611078103003
hsa-miR-211-5p,64.10613772936826,0.09322291571630449,0.49549372819638066,0.6889661133296034,0.9481501989553814
hsa-miR-1255a,27.53282857201144,-0.13441712467784767,0.5199171113866212,0.5721953204650392,0.8934640297530263
hsa-miR-3918,0.5189185038640137,-0.1021205554168124,0.7624904901193503,0.6091442179920654,NA
hsa-miR-548ao-3p,0.08910831427268844,0.04163480191482541,0.7919783020285421,0.8153866607384458,NA
hsa-miR-410-3p,1213.2448532728672,-0.4122744411050438,0.529761205501991,0.12987450913988316,0.46916389665364494
hsa-miR-10b-5p,2506.8855267440244,2.9509322735871772,0.8129020314075415,3.423255332375399e-6,1.3602935662860137e-4
hsa-miR-215-5p,128.7147741837081,0.31898245928795693,0.4731065440228812,0.20325543545961663,0.5894350899552753
hsa-miR-3124-5p,16.312582062838498,-0.0636388337761351,0.4229920244234818,0.774473212236823,0.9481501989553814
hsa-miR-3176,3.3018867619249486,-0.13038196750499642,0.7217821996811241,0.5514921140228142,0.8876384721148971
hsa-miR-432-5p,1182.7675389714586,-0.10841103515486279,0.38914973555972565,0.6171042791085501,0.9283825172612652
hsa-miR-1185-3p,301.87783131197403,0.37368547602296953,0.6241428139771391,0.17994187885288243,0.5552781046471771
hsa-miR-943,5.089227630040752,-0.10095832373486419,0.43555363804249636,0.6546883383553079,0.9481501989553814
hsa-miR-501-3p,557.3831580408441,0.1385940271276119,0.37417672100851357,0.5178262573644408,0.8656887014744813
hsa-miR-11401,2.9830518893529256,-0.32617496798014906,0.8057640915811604,0.20454568684540678,0.5894350899552753
hsa-miR-1304-3p,2.4073288447497534,0.06058646103991727,0.7397966475624262,0.762364066678237,0.9481501989553814
hsa-miR-3139,5.850598891497017,-0.1805636330614762,0.5576396569051781,0.461336261015843,0.8232474068311867
hsa-miR-1909-5p,0.8572531214565264,-0.17752644527008862,0.805482644300886,0.3911490000983581,NA
hsa-miR-18a-5p,160.1130587634673,-0.0228622044498545,0.394894103805275,0.9156784621331009,0.9687116523159012
hsa-miR-1269a,545.6013461872733,6.89611988934809,2.2137222221445176,1.5885254351847383e-6,7.054921785673397e-5
hsa-miR-4760-5p,2.536222609075897,0.0592320162370843,0.7430082745116585,0.7659995289890852,0.9481501989553814
hsa-miR-1269b,3.5947804656805102,0.22966023227967858,0.9244653954306721,NA,NA
hsa-miR-3664-5p,3.042945464124367,0.5716828157450811,1.080333461618714,0.055856218405563304,0.3339167253134662
hsa-miR-9-5p,1118922.4223125249,0.4198909339700186,0.5284607056281458,0.12395104978607016,0.46679898322820157
hsa-miR-6837-3p,0.913773475883952,-0.08780287296554411,0.7506159606526389,0.6621363635800817,NA
hsa-miR-1271-5p,505.0022140785675,0.3340388595051892,0.32708160348918314,0.11091929443382739,0.45023692095451445
hsa-miR-21-5p,210497.55959297606,1.1582796922043912,0.8464240284333796,0.007917704192006691,0.07116507934482204
hsa-miR-122-5p,15.541622253985935,-0.2448145132890915,0.5328714209193665,0.3299749237227341,0.733560986227403
hsa-miR-1296-5p,1004.975673693377,0.021510749079001683,0.3591642935472043,0.9173891806700255,0.9687116523159012
hsa-miR-7114-3p,0.9972018961912857,0.05283353235273647,0.7590043419994456,0.7834274893507713,NA
hsa-miR-1295a,5.779573225322366,0.116888180051812,0.5154041681491242,0.6206419601190771,0.9315798804968255
hsa-miR-3529-5p,3.901313967269673,0.03930645504084415,0.6481679877031914,0.8607208895614551,0.9583062575592063
hsa-miR-3130-3p,0.5946015716475757,0.09264745684431837,0.8102875144610926,0.6092474930886336,NA
hsa-miR-142-3p,130.63739439205327,0.30147516427586635,1.0307468162058238,NA,NA
hsa-miR-665,10.499339387161552,0.2737879969344277,0.7545304148259789,NA,NA
hsa-miR-4511,3.061371430392741,-0.24143580822188168,0.7668581755433159,0.31011985871590264,0.7160259734877874
hsa-miR-98-5p,14478.058685693133,-0.2482977075739414,0.3068004555303563,0.20239344417523927,0.5894350899552753
hsa-miR-374c-3p,16.75685072059054,-0.09255151406789307,0.4522370789215955,0.6846322720765217,0.9481501989553814
hsa-miR-2355-3p,57.45604736623448,-0.029794417396032974,0.4520769196542649,0.8949793663170331,0.9661852566289374
hsa-miR-452-5p,13.785171423806991,0.041636552024551604,0.7919787007126659,0.8153791013465204,0.9481501989553814
hsa-miR-3164,0.9897875072779075,-0.20893809647319345,0.731547242799914,0.37654454508415,NA
hsa-miR-1179,47.772923378248834,-0.05354374631102896,0.33739315307057755,0.790267449987927,0.9481501989553814
hsa-miR-448,44.30149707200882,0.10383109069959584,0.625907696013456,0.6563630182351845,0.9481501989553814
hsa-miR-136-3p,1995.017759267512,0.3352491242959897,0.6895269483266465,0.21942098681702077,0.6090577624180755
hsa-miR-103a-3p,18004.042817328893,0.035195229776210854,0.76969325435801,0.8500286367468335,0.9572161067000988
hsa-miR-548ad-5p,75.48435380111766,0.15133425049723828,0.6460830825346362,0.5249400161428209,0.8691441056750654
hsa-miR-6499-5p,12.52339386841234,21.542232518163527,3.373109361831707,9.789563564409482e-11,6.7192004464810536e-09
hsa-miR-548x-3p,6.259815439372764,0.05722824600886811,0.7478632147283795,0.7714091759392833,0.9481501989553814
hsa-miR-302a-5p,1.4645242068818778,0.05583857812309313,0.7513069853460119,0.7751857897057353,NA
hsa-miR-5193,1.9340415865363971,-0.7101065718984978,1.0387639638280683,0.0412478012431226,NA
hsa-miR-3193,0.8101159109684299,0.13946648486412563,0.8384462579897253,0.4533513556921238,NA
hsa-miR-933,0.2635639814853491,-0.023990401236992948,0.78821609780025,0.8928301641567411,NA
hsa-miR-181b-5p,30892.343253717398,-0.2742646653788984,0.405312673847351,0.2351769337858818,0.6344186194772097
hsa-miR-301a-5p,130.33817516023385,0.2570344173089772,0.4555704271502877,0.2862616789522572,0.6905034108912274
hsa-miR-18b-5p,0.47535010801902944,0.041635379183449964,0.7919784335313524,0.8153841672922248,NA
hsa-miR-3155b,0.12669846995188638,0.04163491736394712,0.7919783283278746,0.8153861620688819,NA
hsa-miR-208b-3p,15.209068862960997,1.580110473184973,1.3839398711622435,0.003646604217420707,0.04171494218413082
hsa-miR-1287-5p,245.4585678700483,0.0957410364976837,0.33586793341158133,0.6346891275985688,0.9451485036231153
hsa-miR-518b,2.796705931912353,-0.006546353931058967,0.629314407499196,0.9769040053509981,0.99284972458702
hsa-miR-3059-5p,232.13928629389434,-1.712444884496404,1.0021738337447994,0.001697192372819431,0.02288179002640483
hsa-miR-6832-3p,0.3567214672739921,-0.04795657308894101,0.7921986986219739,0.7888101287131375,NA
hsa-miR-486-5p,34396.38494319405,-2.495718398352298,1.37942960814292,3.6013490093265196e-4,0.007155311847477691
hsa-miR-3167,8.122208977494536,-0.2252547672088848,0.48938448650446037,0.3552042388876985,0.7539662954921763
hsa-miR-664b-3p,36.452093756766345,-0.2136245762087833,0.4111941630526624,0.3486276039220882,0.745648274677554
hsa-miR-412-5p,180.48815799940567,-0.36618006146746696,0.6212344397617156,0.18648636696744703,0.5633602537246593
hsa-miR-3128,2.586720009236907,-0.2928613485395951,0.6937815200159321,0.26576595478005743,0.6735944002914865
hsa-miR-6888-3p,2.381892382463525,0.10673451076143534,0.6013455300893897,0.6508391942223533,0.9481501989553814
hsa-miR-10527-5p,29.139127163212123,-0.15585626964337604,0.6872693242534427,0.5027255119623407,0.8529387899585781
hsa-miR-4423-5p,1.6589759699506763,-0.05080093421653926,0.6705419945322287,0.8175158777238174,NA
hsa-miR-30a-5p,69695.62466699886,0.0764435103749985,0.3005230064700029,0.6845990152134787,0.9481501989553814
hsa-miR-548av-5p,120.39106472830312,0.160761844686707,0.46912324535731,0.49349777251382204,0.8488603861201988
hsa-miR-210-3p,1946.2892475024248,1.3513318643529806,0.9018536560455558,0.0044551622751756665,0.04805210739653755
hsa-miR-6885-3p,2.709850534819902,-0.08813805460316952,0.6229559980792206,0.7038943940261838,0.9481501989553814
hsa-miR-200c-3p,87.84982179607957,-0.45714350687336164,0.47084332056332884,0.08507127021167833,0.39907853217449785
hsa-miR-526a-5p,0.6611738766797963,0.02045888730149556,0.7591324351602672,0.9138901068774234,NA
hsa-miR-4470,11.258529059815036,0.09899536700857058,0.47947198195890467,0.6691440936615267,0.9481501989553814
hsa-miR-192-5p,4730.912901307497,0.014395748832812544,0.3454397642624678,0.9435952029286476,0.9772488041304924
hsa-miR-12125,0.16336524283326215,0.04163501088400317,0.7919783496318326,0.8153857581195361,NA
hsa-miR-495-3p,4375.26766561812,-0.1797871097578193,0.4592933169539566,0.44391128705259586,0.8122012159368269
hsa-miR-20a-5p,10126.869230521752,0.049279700951081036,0.3749835105191125,0.8159991710325032,0.9481501989553814
hsa-miR-628-5p,46.62452865965495,0.06776401799006156,0.7235726880351377,0.7433369503657923,0.9481501989553814
hsa-miR-4682,0.446579586783335,0.06049323830424977,0.7972360471379276,0.7355619641556996,NA
hsa-miR-378a-3p,7117.708211856724,0.044396909179809985,0.3027718874982472,0.8142434478937772,0.9481501989553814
hsa-miR-2682-5p,27.041062228562506,0.06609392183355385,0.7272405413087764,0.7477324862914224,0.9481501989553814
hsa-miR-3611,10.166163900019155,1.014762601000619,1.287959478608153,0.01438342806030377,0.11325182811453846
hsa-miR-548au-3p,161.0267005385982,0.17882435918391934,0.3002851956486847,0.34473959304418783,0.7450454829828761
hsa-miR-130a-3p,942.6898378966222,1.519565157027731,0.6237814541754279,4.2823482603980724e-4,0.007885787650245231
hsa-miR-4524a-5p,3.2223153609879938,-0.12336042559454004,0.7632359511187539,0.5463154553762873,0.8832294835312569
hsa-miR-3179,3.792210246880084,-2.0739476261337013,1.4348029814996486,0.0011238719333703157,0.016637711954795853
hsa-miR-9902,0.4219851838298946,0.04163533897293074,0.7919784243712565,0.815384340976909,NA
hsa-miR-1273c,4.314404849101763,-0.03635049012983074,0.6524220550771238,0.8705405646702534,0.9587732078921072
hsa-miR-934,0.6047218285237375,0.06112893113629871,0.7958324713561505,0.7337514218666633,NA
hsa-miR-374b-5p,9706.43466102839,-0.042993521231678045,0.26361382883040474,0.8022365180567131,0.9481501989553814
hsa-miR-148b-3p,22347.127013130532,0.14347923928465692,0.2206360379254927,0.32240028989630193,0.7287790984182873
hsa-miR-6755-5p,0.5891510711660903,-0.04582272598160653,0.7890954611446067,0.7989488047853638,NA
hsa-miR-502-3p,594.645444342944,0.1271140634547492,0.40133590939116914,0.5641699287750599,0.8917457999653998
hsa-miR-4429,10.654485251490888,0.3291618613073302,0.7780524648837377,0.21065752064879212,0.5963405398614158
hsa-miR-548ae-5p,81.32263643982058,-0.20545196118290113,0.7656429571660667,0.3654918048017858,0.7555490755163835
hsa-miR-1247-5p,18.440844920139238,0.06751065489938435,0.7241247270125739,0.7440029283878584,0.9481501989553814
hsa-miR-3944-5p,0.06405869773222848,0.04163468248990137,0.7919782748236317,0.8153871765811436,NA
hsa-miR-5006-3p,4.265597107961279,-0.35984898706513174,0.5346650831868757,0.17655553546311878,0.5508240879117962
hsa-miR-4755-5p,0.8147071967103902,-0.07135195080920045,0.7262557729149361,0.7297801173856229,NA
hsa-miR-103a-1-3p,46628.0370044997,-0.7022337636092479,0.3599771997581097,0.00673287965069805,0.066103091113145
hsa-miR-3175,0.22235782451767058,-0.02399048422181231,0.7882161086472,0.8928297966616809,NA
hsa-miR-1283,5.547173402821276,0.1272574970438446,0.6454439175178976,0.5868833553160189,0.905955706781347
hsa-miR-4640-3p,3.858904977807332,-0.09740345902958544,0.6400881893625837,0.6729755678795555,0.9481501989553814
hsa-miR-3922-3p,8.293964699513317,0.01774304786904455,0.49351846790493836,0.9384749260672175,0.9758427371515305
hsa-miR-4474-3p,4.962813820030994,0.24507267153919093,0.5575296473365541,0.33389707580757966,0.7342513632479838
hsa-miR-664b-5p,3.455572930755306,0.04163607045686551,0.7919785910072897,0.8153811814187263,0.9481501989553814
hsa-miR-935,275.87784295795234,-0.7517250163503665,0.6316497285232542,0.025811767133386013,0.1838479640160985
hsa-miR-30b-5p,14330.54223159934,0.11355495738781259,0.2117508233490043,0.41751936342651924,0.7900429057318847
hsa-miR-7706,55.02428837196818,0.40919093222813563,0.5482680650361782,0.13662141811100398,0.47894352781758065
hsa-miR-11400,7.869480201816605,-0.3123638998980514,0.7964845508826844,0.21942213427512122,0.6090577624180755
hsa-miR-892c-3p,6.191525421486424,1.104095471064884,1.3290718425514707,0.011319184671911937,0.09495538252548348
hsa-miR-5196-3p,4.20669380587294,-0.042616859831128506,0.5629912877181766,0.8546375512876958,0.9582455323136619
hsa-miR-4763-5p,0.34602394754128063,-0.03367749790653004,0.7896017510014803,0.8502283198228512,NA
hsa-miR-5002-5p,5.630925575423044,-0.3521791431199475,0.776892377953369,0.1921559432224195,0.5757053060830425
hsa-miR-323a-3p,4296.363933495046,-0.5222872852682222,0.6188993186637232,0.08349931708693581,0.39907853217449785
hsa-miR-888-5p,44.826241141442765,2.4255094576139684,1.438140811069158,4.711428292441504e-4,0.008469353239984132
hsa-miR-760,276.8175184488036,-1.3615752346989165,0.5174062933620652,2.8575997209209135e-4,0.0063455523214567345
hsa-miR-6815-5p,0.8556105734467525,-0.16821405410374585,0.855199119487482,0.37858228215423906,NA
hsa-miR-370-3p,6818.422141631232,-0.2600290141997112,0.5072543488668959,0.2982261835442588,0.7027941044198233
hsa-miR-339-5p,852.3377913282113,0.10826036523357889,0.2839430052110737,0.5498562535918154,0.8870544262004715
hsa-miR-4501,0.48737501894255864,-0.0589127881994345,0.7933684718709035,0.7437676545173908,NA
hsa-miR-205-5p,15.250083865493577,-0.6570006892346558,1.0918826432574373,0.04363960901889301,0.2792195322819002
hsa-miR-1266-5p,4.568951403820082,0.13062330837140895,0.5810588671309768,0.5852615844390276,0.905955706781347
hsa-miR-3117-3p,158.64713163783674,0.43067905886039237,0.41443145528667935,0.08255692627851298,0.39907853217449785
hsa-miR-22-3p,21882.02428763977,-0.06808455365025043,0.3749417188959389,0.7482692836176985,0.9481501989553814
hsa-miR-302d-3p,5.401323639021205,0.021026019477429513,0.6108508843373723,0.9267757148936318,0.9734756980107222
hsa-miR-4798-5p,0.10395969998480319,0.04163485495228666,0.7919783141104737,0.815386431649054,NA
hsa-miR-3173-5p,17.97899306343037,0.008850169079930609,0.36195541011371857,0.9660728635879915,0.99284972458702
hsa-miR-6715a-3p,1.5778450175546115,0.4201734348212738,0.9777209662082137,0.10513274079289261,NA
hsa-miR-548ag,6.456400085036125,0.03883848966165777,0.50865487663373,0.8666808542225677,0.9587732078921072
hsa-miR-526b-5p,2.5249420622620766,0.21203020139090997,0.6884678599870658,0.38639451116768253,0.7639104201256335
hsa-miR-590-3p,232.24345087468186,0.04039613636339674,0.35297179771299697,0.8444175806312902,0.9563391759963381
hsa-miR-3187-3p,0.46479834060195224,0.0416353725200265,0.7919784320134007,0.8153841960741104,NA
hsa-miR-3120-5p,2.5002081798131677,0.0604196219703994,0.7401894080231004,0.7628109903185999,0.9481501989553814
hsa-miR-4791,1.034375187771801,-0.02507866470135169,0.7528446452348854,0.8960356292354398,NA
hsa-miR-488-3p,742.2245797141547,-0.1243449699975826,0.3478875545080858,0.5463052921977979,0.8832294835312569
hsa-miR-363-3p,6843.837322333063,-0.35723549603551824,0.3864676440274228,0.12460714961550827,0.46679898322820157
hsa-miR-200b-3p,220.2570942043212,-0.2706214442218074,0.40197782939091964,0.23904650702187483,0.6361476451843439
hsa-miR-615-3p,1.0878364942604501,0.053321188490803466,0.7577303409700306,0.7820824359645475,NA
hsa-miR-873-5p,56.13270416123352,23.205986248462416,3.370924520758811,3.0818345100915766e-12,3.323978650170201e-10
hsa-miR-6881-3p,3.7509613794765477,-0.09279599705128522,0.5901577398091259,0.6929756618369982,0.9481501989553814
hsa-miR-642b-5p,0.9077367709724067,-0.18857563243958636,0.8699100883977722,0.3326145369613002,NA
hsa-let-7a-5p,241479.37383233086,0.013189112395642444,0.29481428667282633,0.9433835596141159,0.9772488041304924
hsa-miR-4536-5p,2.9942373204889803,0.16336106687052598,0.5807483127686408,0.502192626986051,0.8529387899585781
hsa-miR-133b,89.46067235767771,-0.1096281578813127,0.3526179817101264,0.5966333353926292,0.9118586401243624
hsa-miR-6715b-3p,0.20143543622949434,-0.007977163706573876,0.7870499865093269,0.9642087503011131,NA
hsa-miR-744-5p,3737.9868634938207,-1.034171100367439,0.3539099465165654,2.0929635971687633e-4,0.005427492350389598
hsa-miR-891b,4.478117964497713,1.6126073179123346,1.5966387324799973,0.003354475569702611,0.03935159475198719
hsa-miR-5680,7.5918662134373065,-0.5361774169620823,0.7932712509325436,0.09096716779727987,0.4040012452173312
hsa-miR-5688,2.7035234042189287,0.3024076687696151,0.8379792652895627,0.21163139028622455,0.5963405398614158
hsa-miR-493-5p,220.8260945601303,0.06212840860726011,0.7362068448695237,0.7582430894749729,0.9481501989553814
hsa-miR-5586-5p,3.807023943336083,-0.04079740654636197,0.6376072928070116,0.8567095818698303,0.9582455323136619
hsa-miR-3143,5.782584134387378,-0.3630453608115684,0.8514086119961201,0.1639138167680145,0.5288672293156024
hsa-miR-483-5p,297.35519554578804,0.059355061145639376,0.7427181231899725,0.765666984180136,0.9481501989553814
hsa-miR-24-1-3p,27390.017269397606,0.01865663065372173,0.22254830427352887,0.9009197624725456,0.9661852566289374
hsa-miR-3910,1.4420221280102643,0.28279644021375433,0.8137265272705962,0.23999811970763663,NA
hsa-miR-656-3p,606.315691383763,-0.10157972721794593,0.46706407436313324,0.6592272875946861,0.9481501989553814
hsa-miR-505-3p,767.9250022264597,0.9158753178638318,0.47962688218341787,0.004094500101315201,0.04571537655589519
hsa-miR-3148,7.10260851449316,0.3892246468809257,1.1121240199330982,NA,NA
hsa-miR-556-5p,10.325751594946844,0.06704607718697421,0.7251412430068709,0.7452247758785566,0.9481501989553814
hsa-miR-3937,0.6303447999927728,-0.09672011236291465,0.8072066511543284,0.5975501064670673,NA
hsa-miR-4444,1.1273955136841651,-0.044057744491437734,0.7851531761117643,0.8078481710066029,NA
hsa-miR-1910-5p,0.709944241303283,-0.0674559168153252,0.7957815036504552,0.7091339261915479,NA
hsa-miR-6721-5p,1.3522168769581848,-0.16995100141787112,0.7725214426965484,0.4279050096745769,NA
hsa-miR-4684-3p,3.1398398816880193,-0.11163366894619801,0.5936896507738362,0.6373298817135928,0.9472127179011075
hsa-miR-181a-5p,160039.37331894657,-0.23281960061509838,0.37419774401223577,0.2882691811885774,0.6931313114566112
hsa-miR-6762-3p,0.6714017421630469,0.16206534588908456,0.8561054472505306,0.39078734613168903,NA
hsa-miR-146b-5p,25203.74644421743,0.11075897945919673,0.36627777036864145,0.5998251012040703,0.9130402246150667
hsa-miR-5683,29.916867381010917,0.09875678707225594,0.4804212445705053,0.6700144670582828,0.9481501989553814
hsa-miR-4650-3p,0.2557051095840282,-0.02399047932209741,0.7882161080067568,0.8928298183598777,NA
hsa-miR-484,2353.48546117338,-0.12839169798698996,0.3545097932867981,0.5376202803623827,0.8746095546336428
hsa-miR-767-5p,24.970697744479324,0.06700748490232177,0.7252265563261397,0.7453260671367827,0.9481501989553814
hsa-miR-523-3p,6.218310968445374,-0.2376179791368248,0.691954137695874,0.34248091430586514,0.7450454829828761
hsa-miR-4753-3p,0.41247384520208064,0.10640986387074151,0.8173821031116654,0.5597948724016792,NA
hsa-miR-99a-5p,642254.6509369619,0.8850678485723873,0.5427896447366493,0.008030762302484373,0.0713320651573612
hsa-miR-1193,0.43279942279383987,0.11698394518952156,0.8235500277080772,0.5237896452448594,NA
hsa-miR-9903,4.233317963523149,0.19742079138118981,0.688996065049486,0.4133847779002458,0.7889023050408243
hsa-miR-652-3p,3472.3232803513883,-0.2551563408734666,0.4193561591158314,0.2735636372600263,0.6797921575022808
hsa-miR-4479,0.5637294812970706,0.10641025150084378,0.8173823178391924,0.5597935203327198,NA
hsa-miR-6877-5p,5.450575020386244,-0.16231573967842133,0.5665364255436429,0.504399923317383,0.8531863882046965
hsa-miR-504-5p,1320.878602559525,-0.520272002897704,0.617761063796733,0.08421544167480513,0.39907853217449785
hsa-miR-499a-5p,824.9858506058131,-0.2621287980237508,0.3912768763439837,0.24662344581053253,0.6465302138435836
hsa-miR-378d,76.28938724368828,23.20623857680794,3.370950146992864,3.0813041406938802e-12,3.323978650170201e-10
hsa-miR-3685,1.0242718944356646,0.11698385045055477,0.8235499696724788,0.5237899599042489,NA
hsa-miR-10a-5p,924.8448969532976,1.1716337571044126,0.7712303903272918,0.0058353398191136946,0.059536237343659995
hsa-miR-190a-5p,243.63029409930576,-0.4340168448582659,0.4548162446679308,0.09385892434189534,0.41199702254727316
hsa-miR-514b-3p,0.5947852225750476,0.04389900510347202,0.791067199831759,0.8061930516316935,NA
hsa-miR-1275,0,0,3.3964499132696706,NA,NA
hsa-miR-6741-5p,0,0,3.3964499132696706,NA,NA
hsa-miR-4639-5p,0.44383203273617167,0.041635355661480966,0.791978428172965,0.8153842688926461,NA
hsa-miR-3115,5.609832043516965,0.3082909862379864,0.5683527108480881,0.24203845336859703,0.6389476653611565
hsa-miR-6780b-3p,1.960128412499058,-0.4997886168537056,0.8607021568429496,0.09991919828924287,NA
hsa-miR-585-3p,29.468448426777805,0.07893393523390448,0.65190098465848,0.7277127664466434,0.9481501989553814
hsa-miR-675-5p,16.297205540031605,3.8849515745180243,2.892264824092,2.1566194769759991e-4,0.005427492350389598
hsa-miR-2115-5p,4.865144992046511,0.024450428397702662,0.6675553274193432,0.9112033220539171,0.9687116523159012
hsa-miR-4687-3p,0.06162658092977978,-0.007978009129552526,0.7870500235561683,0.9642049607722485,NA
hsa-miR-132-5p,314.62315406192687,0.0688438881465127,0.7212330274316291,0.7405031991360378,0.9481501989553814
hsa-miR-1229-3p,13.55157700390708,-0.3333921157475671,0.6653083920810031,0.22186491970625477,0.6135824702498988
hsa-miR-155-5p,2604.6526484640244,0.31548251617099643,0.47693349610871044,0.2089290039510854,0.5952505584266773
hsa-miR-1289,0,0,3.3964499132696706,NA,NA
hsa-miR-6788-3p,1.5294767370403743,0.09907480306326769,0.5754958491152768,0.6748346838513974,NA
hsa-let-7g-5p,258970.8570762669,-0.029911120331921403,0.2192907047082846,0.8396099240129884,0.9553661943301333
hsa-miR-561-5p,3.105349540652241,0.0025469152957781883,0.6675068997030462,0.9907113135819401,0.99284972458702
hsa-miR-186-5p,14764.549194598327,0.052247851070969395,0.3066385548229234,0.783880283202125,0.9481501989553814
hsa-miR-574-3p,1219.6576924336093,0.09915904653366453,0.4376779568560562,0.660818922952463,0.9481501989553814
hsa-miR-3152-5p,0.34010101093873035,0.0820069738777154,0.8054642676253508,0.6494401566861611,NA
hsa-miR-4460,0,0,3.3964499132696706,NA,NA
hsa-miR-199a-3p,3319.437633583525,-0.3435606166006001,0.4526610910747858,0.1675624745934224,0.5328298511864447
hsa-miR-527,1.33002857929693,0.24856761887725143,0.9261378851946965,0.2266286869632971,NA
hsa-miR-6809-5p,0.29843387233730306,0.08200662235518968,0.8054641123300504,0.6494415148019522,NA
hsa-miR-27a-3p,23932.395931422132,0.3222592157444419,0.346117857140478,0.13557484899019842,0.47894352781758065
hsa-miR-6737-3p,4.189592986371131,-0.2558120764095613,0.630501997282622,0.321431436250104,0.7287709740805661
hsa-miR-3622b-3p,0.4092950207373142,0.08200708948116298,0.8054643186967122,0.6494397100497975,NA
hsa-miR-487a-3p,411.30500882174493,-0.033131126957626114,0.4314651362696267,0.8817725757867232,0.9634418158017019
hsa-miR-188-5p,3.635725702297256,0.06314063025381483,0.7338790354489372,0.7555504494723456,0.9481501989553814
hsa-miR-378e,7.476476296234077,0.5695749293320529,0.634213084102819,0.06719236236121394,0.3730164234023274
hsa-miR-125a-5p,28876.900885627107,-0.002745170518314899,0.36138461403440636,0.9894653028867383,0.99284972458702
hsa-miR-885-5p,117.6987691492869,0.06897221383025195,0.720955701321678,0.7401672204142545,0.9481501989553814
hsa-miR-516b-5p,15.934677910867183,0.16649592180307415,0.5300674550226794,0.49123844018809093,0.8488603861201988
hsa-miR-6861-5p,0,0,3.3964499132696706,NA,NA
hsa-miR-5584-3p,0.65939104560337225,0.04163549345970205,0.7919784595639315,0.8153836736892488,NA
hsa-miR-424-3p,440.10936665343957,0.16444337317102914,0.37179205528848525,0.4439475631383738,0.8122012159368269
hsa-miR-5100,0,0,3.3964499132696706,NA,NA
hsa-miR-6507-5p,3.8351359522579713,-0.035586824678699884,0.6867713015745941,0.8685129263074733,0.9587732078921072
hsa-miR-338-5p,515.2381355335949,0.06802221286167255,0.723012508016348,0.7426582538876648,0.9481501989553814
hsa-miR-548ap-5p,7.298341066279746,-0.13665017823988973,0.7895935349816255,0.49316612366070073,0.8488603861201988
hsa-miR-1284,3.4548203663500665,-0.24589524576538585,0.6649445339646152,0.33439493046775165,0.7342513632479838
hsa-miR-331-3p,104.4490486124923,0.06945287943777213,0.7199222912808457,0.738908573094911,0.9481501989553814
hsa-miR-4326,41.10838870222333,-0.12347745344996088,0.780820890377679,0.5342564845923276,0.8746095546336428
hsa-miR-4762-3p,0.7025162466940228,-0.022328308202060186,0.7880282343039093,0.9001925375293804,NA
hsa-miR-4781-3p,0.3875421866099915,0.08200690278600876,0.8054642362184551,0.6494404313505611,NA
hsa-miR-3688-3p,29.498661269578005,-0.9949774096191342,0.9233345174708837,0.017055487249050448,0.12749398884191177
hsa-miR-6515-3p,1.7801645406592508,0.05799809472806656,0.7459819896723728,0.7693264297278546,NA
hsa-miR-373-3p,3.3607577453249684,-0.07393246962136173,0.6532225980061415,0.7434911987920196,0.9481501989553814
hsa-miR-3160-3p,0.20764043936546328,-0.02399058025273799,0.7882161211994707,0.8928293713924813,NA
hsa-miR-581,2.7360057302728857,0.04421805138666616,0.6230757685603898,0.8464011498904,0.9563391759963381
hsa-miR-4504,2.7144802149342393,-0.18653954188337488,0.835322536249408,0.3555125843645229,0.7539662954921763
hsa-miR-6508-3p,2.0754126145153626,-0.18715549300051645,0.7023147393034657,0.4290670726935919,NA
hsa-miR-6516-3p,6.402952909254725,0.06314784813130456,0.7338629816459257,0.7555310926268393,0.9481501989553814
hsa-miR-6871-3p,0.6772487175323094,0.015428439612801981,0.7871438081417951,0.9309250251127522,NA
hsa-miR-320c,840.6629894720617,2.075279453188211,0.8444445523469901,2.3938776312290856e-4,0.005648055036181124
hsa-miR-450a-5p,1872.7596764991263,1.0442527879314778,0.6724007682324489,0.006824923304565946,0.066103091113145
hsa-miR-96-5p,686.1099827193717,0.0244664937983719,0.5183127413219789,0.9158324262055381,0.9687116523159012
hsa-miR-6827-5p,0.9081694784654866,0.0497107967180958,0.7674231222358862,0.7921185397225863,NA
hsa-miR-6770-5p,3.2153170715225503,-0.25634464062990403,0.6785480960377668,0.31662515467381236,0.7241897723244894
hsa-miR-5001-3p,26.38093806678504,-0.26046977819171174,0.3430186394407273,0.21565522645681667,0.6052776802040765
hsa-miR-24-3p,27293.32256974845,0.018812646822262805,0.22248806184143047,0.9000712214060589,0.9661852566289374
hsa-miR-34a-5p,2992.5912276802546,1.1949643405076624,0.7481961627254429,0.0047904414967818824,0.05094061028268058
hsa-miR-154-5p,163.96376301681534,0.07459428697499396,0.4950077153055612,0.7476206241230087,0.9481501989553814
hsa-miR-4745-5p,0.16336524283326215,0.04163501088400317,0.7919783496318326,0.8153857581195361,NA
hsa-miR-4717-3p,0.9162190076065465,0.014331852334741955,0.7372180441522249,0.9421173256370198,NA
hsa-miR-26a-5p,585869.3451704957,0.046660130866393534,0.2953638592004352,0.8018987462980268,0.9481501989553814
hsa-miR-1292-5p,30.78779930898208,-0.21763120408302017,0.5058998024474153,0.37447571871606505,0.7577802148177092
hsa-miR-361-3p,259.36042657419176,0.0416375733735558,0.7919789333892094,0.8153746897617166,0.9481501989553814
hsa-let-7e-5p,15699.239754188107,-0.07073005618597687,0.3514606912983081,0.7311756225673975,0.9481501989553814
hsa-miR-4707-5p,0.3661762743320794,0.060492908520838926,0.7972359405970739,0.7355633272700943,NA
hsa-miR-7111-3p,1.7139061800856257,-0.14822035058687574,0.6806936856480659,0.5233358909729704,NA
hsa-miR-181d-5p,7101.2150576006725,6.36183901304088e-4,0.31899340593128134,0.9973954743216329,0.9973954743216329
hsa-miR-5004-3p,3.1373172571011416,-1.6922014968611798,1.4732965966654799,0.0028137294345157633,0.035406095384323356
hsa-miR-1251-5p,39.887676867374495,0.22945116799583568,0.48778243346710853,0.3467032094866925,0.7450454829828761
hsa-miR-1293,0.4194265658991436,0.04163533550330673,0.7919784235808645,0.8153843559635491,NA
hsa-miR-223-3p,3601.4568254664455,-3.796410782162438,1.242008488891609,NA,NA
hsa-miR-4679,48.074028343228306,1.280241741074648,1.541426219809639,0.006850379871245518,0.066103091113145
hsa-miR-372-3p,21.241471633688928,-0.22678212490561234,0.5562971830061277,0.36635018209633075,0.7555490755163835
hsa-miR-328-3p,4609.864222211579,-0.9656546703600348,0.6151464324564963,0.007671419404954002,0.0697821885631358
hsa-miR-545-3p,0.2227707856817211,0.041635118171778056,0.7919783740721628,0.8153852947021619,NA
hsa-miR-4654,0.9175979408095352,0.1617194324938911,0.855814418709102,0.39168404043083355,NA
hsa-miR-541-3p,5.145946090138208,0.44654717660593807,0.9390437595073549,0.1040160214491869,0.44056625835023105
hsa-miR-642a-5p,0.490160245026366,0.04163539102268525,0.7919784362283733,0.8153841161540205,NA
hsa-miR-548ba,189.55970796655384,0.36569170637165027,0.7496018307826025,0.18654313037240372,0.5633602537246593
hsa-miR-6770-3p,3.1314317583427216,-0.262615899062678,0.6764628401309359,0.3078602385900199,0.7151830158014308
hsa-miR-1294,10.342356240980216,-0.15046799620189152,0.5867279687929445,0.5336145487978965,0.8746095546336428
hsa-miR-496,15.789302416242723,-0.46050412607625735,0.8592489560805661,0.11475403948327294,0.4572192469303453
hsa-miR-4688,0.2255920538888695,-0.02399047932209741,0.7882161080067568,0.8928298183598777,NA
hsa-miR-7854-3p,2.7597111537177206,-0.06225961377131692,0.7125456774851583,0.7666590275577535,0.9481501989553814
hsa-miR-33b-5p,1.4854558669055473,0.04163577637584035,0.7919785240136631,0.8153824516663527,NA
hsa-miR-6798-3p,7.016224208732795,-0.3312012008908344,0.49593128058660285,0.19635076979510904,0.5823627455973127
hsa-miR-4662b,0.8558756303486155,0.015428784059005942,0.7871438349828049,0.9309234888406921,NA
hsa-miR-3180,1.7713092521161182,0.279244548923206,0.970824721414572,0.18457029838403896,NA
hsa-miR-206,232.7728004258465,3.2108187134975177,1.583843529626677,8.598094142840778e-5,0.0024042818806832545
hsa-miR-1911-5p,26.19842302293398,2.4002970010563307,1.5987836116614773,5.998734667736629e-4,0.010532662032886407
hsa-miR-1305,5.436408093028451,1.3200629590087634,1.2754576320094053,0.0070043010451014565,0.066103091113145
hsa-miR-32-5p,920.7597109656954,0.0063379084243946355,0.3135310068022839,0.9737946990596331,0.99284972458702
hsa-miR-499b-5p,0.20791939996960637,0.0416350942900379,0.7919783686318568,0.8153853978566221,NA
hsa-miR-365a-3p,705.812695852738,-0.1746360208620772,0.33129525018696593,0.3872171467674407,0.7639104201256335
hsa-miR-217-5p,398.2334087545938,2.8190321891737855,0.9738249717909399,3.0543211495697083e-5,9.608385283021374e-4
hsa-miR-552-3p,3.090456346612373,0.05944164281578782,0.7425078454699483,0.7654357193401059,0.9481501989553814
hsa-miR-4772-5p,0.34044217896045864,0.041635263454492685,0.7919784071679205,0.8153846671700973,NA
hsa-miR-4662a-5p,10.53020086875766,0.1489815159085,0.46844304466768194,0.5238912639683435,0.8691441056750654
hsa-miR-769-5p,9937.306158418145,-1.5111500807757716,0.6081893435563354,3.782177953122275e-4,0.007321908601557224
hsa-miR-4787-3p,40.508675652990114,-0.12008005822969242,0.3534295170846237,0.5631572628889099,0.8917457999653998
hsa-miR-3180-3p,11.406809538342026,-0.03026498363337055,0.4949090281842004,0.8953986084021803,0.9661852566289374
hsa-miR-6786-3p,0.3314496392829989,-0.06926641992044703,0.7974923958485922,0.7012758007726259,NA
hsa-miR-345-5p,949.5469364101574,0.39944692922883845,0.32200553248716235,0.061808329978456616,0.3589637625671903
hsa-miR-654-3p,2737.0853802632164,0.34048801992200284,0.5885435921203286,0.20775571986951608,0.5941498806874418
hsa-miR-4742-3p,13.149108713090996,-0.43704749695688294,0.4418290541920922,0.08794839455673255,0.4013674254959121
hsa-miR-374a-5p,4243.104057204898,0.12215989375062652,0.3063394570393481,0.52237380561944,0.8687053375389365
hsa-miR-1301-3p,695.8505607512201,-0.5775026259407101,0.3096863114637522,0.011491566748687907,0.09534211972812495
hsa-miR-3617-5p,0.4936834944597173,0.041635392647625113,0.7919784365985403,0.8153841091352813,NA
hsa-miR-324-5p,531.2309876166455,-0.34827593802316537,0.3943038600735793,0.13697228158368957,0.47894352781758065
hsa-miR-130b-5p,179.1225989045567,0.06697446811082397,0.7253004408160975,0.7454123844101458,0.9481501989553814
hsa-miR-544b,0.41865111612922923,0.139465149772571,0.8384452966619959,0.45335529310255696,NA
hsa-miR-518d-5p,0.8569062740993967,0.029878754020333683,0.716292279750501,0.8844517555288338,NA
hsa-miR-19b-2-3p,2950.9258104905402,-0.30152131841900764,0.5070931099917468,0.2366084884644852,0.6344186194772097
hsa-miR-145-5p,2579.880554035807,-1.0241335125313196,0.530356864328569,0.00307240349158137,0.03802728911711368
hsa-miR-4667-3p,0.4143439778797528,0.04163533151458706,0.7919784226722212,0.8153843731923629,NA
hsa-miR-7-5p,197030.60791840567,-3.1602936968352147,0.8121777828593468,9.304827371561132e-7,4.390715415955409e-5
hsa-miR-532-5p,6647.555688395242,0.6212494521915405,0.47757652529940264,0.02993377808183102,0.2073394720347011
hsa-miR-1908-5p,11.300452558654456,-1.0197367486869184,0.8758304746528631,0.014505297890966731,0.11325182811453846
hsa-miR-607,0.6582320525445609,0.1667433905748905,0.8601038357770083,0.3788437212222764,NA
hsa-miR-302b-3p,6.768424631084269,-0.029109704167866606,0.4828945017286271,0.8989140141653257,0.9661852566289374
hsa-miR-4794,1.363957129291152,0.02900657998222083,0.7478984318077896,0.8811991666381954,NA
hsa-miR-1185-5p,107.78744553427879,0.38417499447928904,0.5873481729197527,0.16514027714081228,0.5305570606013331
hsa-miR-550a-3-5p,36.66085202344085,0.03605745388024676,0.36084628601700225,0.8623530321312076,0.9583062575592063
hsa-miR-2276-3p,1.568021418941496,0.05616092529857484,0.7505018894444607,0.7743079986063299,NA
hsa-miR-6861-3p,0.2710442862547565,-0.05270011481130589,0.79323298790574,0.7688526233676567,NA
hsa-miR-3130-5p,0.7684721308670283,0.032872066782476346,0.7544601781032738,0.8639595081688617,NA
hsa-miR-1262,22.667141536997804,0.5085310420220369,0.7877439533458671,0.1017811548741511,0.43415125384171793
hsa-miR-425-5p,3161.632752186222,-0.7099857137016701,0.4378235767273953,0.012776710293142297,0.10372490614325199
hsa-miR-1303,0,0,3.3964499132696706,1,NA
hsa-miR-2115-3p,10.321898489406532,0.20284582928078385,0.5828511780421282,0.4152022142025905,0.7890234689400968
hsa-miR-1270,17.54702843189612,0.04636557932560202,0.4019749190942525,0.8313648796852491,0.9524741793055586
hsa-miR-204-5p,4929.173021693384,0.5730350121758945,0.5534122223275459,0.054110889755089375,0.3294654981055845
hsa-miR-3085-3p,35.12817640636537,-0.5227162370467421,0.6291960723125288,0.08479216416711442,0.39907853217449785
hsa-miR-187-3p,125.55343664529087,-0.3325493134258385,0.5196780713515411,0.20173029782463897,0.5894350899552753
hsa-miR-4659a-3p,8.900062111386074,0.05190584369146649,0.5528531913658098,0.8238232192248083,0.9481501989553814
hsa-miR-195-5p,3152.9083689719187,1.0540790467796182,0.5929674384788699,0.004117411398411752,0.04571537655589519
hsa-miR-101-2-3p,42310.69327361066,0.08526908844468964,0.3352094216615345,0.6715354644069378,0.9481501989553814
hsa-miR-27b-3p,142009.31336247953,-0.05772911617617765,0.29299291015638157,0.7550144100653269,0.9481501989553814
hsa-miR-1288-3p,2.3397637704168757,-0.3052874513914855,0.6415968951537947,0.25332407239532867,NA
hsa-miR-494-3p,2029.849084593254,0.24564702239944639,0.5436772603703285,0.33061830420378585,0.733560986227403
hsa-miR-337-5p,169.36736674188742,0.5447246122428223,0.6983617521378509,0.08357438623501683,0.39907853217449785
hsa-miR-137-3p,752.3880555923197,-1.6316143152255298,0.9383480291808162,0.0018408658865005118,0.024383399022945375
hsa-miR-31-5p,211.09577912340959,-0.025119041804121518,0.48012898064208254,0.9125855524131726,0.9687116523159012
hsa-miR-3140-3p,0.38989726233794664,0.04163531148485,0.791978418109382,0.8153844597085002,NA
hsa-miR-3171,0,0,3.3964499132696706,NA,NA
hsa-miR-378f,0,0,3.3964499132696706,NA,NA
hsa-miR-29b-1-3p,3059.9099241736826,-0.24513169945520435,0.40146442404392907,0.28185439996569084,0.684244604418317
hsa-miR-219a-5p,711.4047461099216,-0.30115806968056436,0.5739571741694186,0.25218385554140427,0.656547623909518
hsa-miR-4636,5.941595604561658,0.3753163837290492,0.7327191933099598,0.18088300428818055,0.5552781046471771
hsa-miR-1278,33.36130708306598,0.02477917764318241,0.3079820929346303,0.8967289995931396,0.9661852566289374
hsa-miR-539-3p,152.94334338385457,0.06185215940420123,0.7368456164043575,0.7589798059461492,0.9481501989553814
hsa-miR-490-3p,393.38813958951414,-0.5730301473296684,0.5987884706091234,0.06111837278126291,0.3577083058128178
hsa-miR-101-3p,41141.85628380978,0.08446757925105682,0.3346975259554607,0.6741646099330056,0.9481501989553814
hsa-miR-548s,2.7919882179613293,0.3906367217019507,0.81418161384669,0.15757762056382596,0.5145671873398173
hsa-miR-6849-3p,0.1485138571211474,0.041634977957571706,0.791978342131153,0.8153859003415397,NA
hsa-miR-320a-3p,15172.100866948334,0.12376113212043051,0.3976022110429662,0.5727636958946553,0.8934640297530263
hsa-miR-340-5p,22232.39420931809,-0.520402296581017,0.402980695354092,0.04074361087803386,0.267872519516652
hsa-miR-4652-5p,0,0,3.3964499132696706,NA,NA
hsa-miR-6748-3p,0.16617003906883976,0.04163501517805454,0.7919783506100229,0.8153857395718666,NA
hsa-miR-449c-5p,5.635857376306437,0.3795300255095658,0.8374700295031613,0.1583394285630858,0.5145671873398173
hsa-miR-134-5p,1698.3404453735018,0.15934306487851166,0.3922167494233001,0.46879357674309324,0.826960631871578
hsa-miR-4795-5p,0.19587281049306926,0.0416350724883165,0.7919783636653865,0.8153854920266815,NA
hsa-miR-326,329.51674304180904,-0.39367741829657443,0.44162544953380223,0.1174841508668702,0.4572192469303453
hsa-miR-151b,2639.134092077134,-0.2525723017639861,0.37381757599590715,0.2517885989886023,0.656547623909518
hsa-miR-3681-5p,3.968419077073556,0.0021912872876985057,0.7107337777212601,0.9915346918392226,0.99284972458702
hsa-miR-3612,3.8084211268531813,-0.1246775233943688,0.5753517146228402,0.6015528069197986,0.9138277046769577
hsa-miR-519b-5p,1.0616239174800084,0.04163565949425575,0.7919784973873898,0.8153829565224963,NA
hsa-miR-92b-3p,28810.864824226013,1.777610313046473,0.5719029811682227,5.292047443282323e-5,0.0015367291614146747
hsa-miR-6774-5p,0.22977202394920418,0.06049224453100921,0.7972357260881735,0.7355660717845176,NA
hsa-miR-940,11.521673586395506,-0.2719693846014963,0.5060357867900356,0.2788875813839548,0.6814243493362002
hsa-miR-1256,0.3025803094455969,-0.04477125743504491,0.7915397540288179,0.8023503693962322,NA
hsa-miR-376a-2-3p,249.52186464432538,0.13217378356113577,0.4379098318305622,0.561860714746729,0.8917457999653998
hsa-miR-653-3p,16.311718743076902,0.3095060796427638,0.5431979781443168,0.235430870003185,0.6344186194772097
hsa-miR-15a-5p,931.0331986270685,-0.2043492926186276,0.41375251037558486,0.36982048056469485,0.7555490755163835
hsa-miR-95-3p,7462.138099931323,-0.1482305468254103,0.36835772327880917,0.48669662650840423,0.8466727027968783
hsa-miR-4646-3p,6.734195935637634,-0.21799856016330466,0.5880738570459202,0.38573110333486343,0.7639104201256335
hsa-miR-148a-3p,53230.41566631761,0.40453380183139254,0.4398396594940615,0.10866651518377154,0.44832360089479517
hsa-miR-5687,0,0,3.3964499132696706,NA,NA
hsa-miR-3913-5p,29.906944015301704,0.5837782726901899,0.8676112445649342,0.07389281477934768,0.39045609467622494
hsa-miR-377-3p,103.36665417004858,0.061796189336695874,0.7369750362277415,0.7591292457709405,0.9481501989553814
hsa-miR-196a-5p,3.289969244345799,-0.033861463173068734,0.6454667648561637,0.8799648053378433,0.9628600406232922
hsa-miR-3605-3p,78.89057866066734,0.24854640607439885,0.5649171930720367,0.3290675448799647,0.733560986227403
hsa-miR-4783-3p,1.1919529261858637,-0.23392388786256943,0.7402371503945817,0.3326148521131551,NA
hsa-miR-3660,0.09209844274435483,0.07468675636702142,0.8023779477216789,0.6780841366750558,NA
hsa-miR-6885-5p,0.01485138571211474,0.041634314440744065,0.7919781909828398,0.815388766329318,NA
hsa-miR-3684,0.05940554284845896,0.04163466287362313,0.7919782703550695,0.8153872613114888,NA
hsa-miR-518f-5p,0.7784463635635852,0.1192356540621098,0.7388483466849786,0.5727347312538099,NA
hsa-miR-578,4.4344823810785785,0.19868954699106414,0.7453104810384494,0.38812187246080637,0.7639104201256335
hsa-miR-222-3p,4569.54376075893,-1.7738256012060352,0.8978227370019416,9.579648109003106e-4,0.014915850528311094
hsa-miR-3177-3p,21.898497894494984,-0.37369509406741264,0.4217019254212778,0.12612846699146107,0.46679898322820157
hsa-miR-770-5p,0.7810828240827571,0.0416355530009987,0.7919784731277029,0.8153834165075862,NA
hsa-miR-26b-5p,67198.6134378612,0.1464520934703224,0.285123837115236,0.4202603638108637,0.7932414366930052
hsa-miR-874-3p,1196.184213998613,-0.28974852468924606,0.44323829789388774,0.23033102682027387,0.6286341976036404
hsa-miR-597-5p,12.487404289803113,-0.24088444517937205,0.36368907983266746,0.2656925809445116,0.6735944002914865
hsa-miR-6774-3p,0.6562858120985756,-0.0480415712077708,0.788277632773407,0.7901124389359895,NA
hsa-miR-3923,0.7034289115564336,0.012784666051273921,0.7569103543444274,0.9462812638972332,NA
hsa-miR-4647,0.20634513415483696,0.060493238304249776,0.7972360471379276,0.7355619641556996,NA
hsa-miR-219a-3p,48254.627227882105,-0.28193915395689256,0.5405296923122408,0.27244221398168333,0.6797921575022808
hsa-miR-4643,0.20539445701415904,0.08200577832459942,0.8054637394579035,0.6494447757414428,NA
hsa-miR-4645-3p,5.122576157987565,-0.19406995404854555,0.6259784974225658,0.4321510791682366,0.8067013994230845
hsa-miR-3943,27.562641490712142,-0.6867591483400227,0.7829978225869115,0.04850866951544637,0.30267806185257856
hsa-miR-4536-3p,2.57413318588114,0.06315954886373211,0.6290259137610806,0.7824985486958154,0.9481501989553814
hsa-miR-6742-3p,1.8145471964765567,-0.27841864020313467,0.7487000075269322,0.27055280468265885,NA
hsa-miR-4738-3p,2.5131480045307817,-0.17978437237721823,0.6556262168913776,0.45775363014620346,0.8232474068311867
hsa-miR-183-5p,1995.681437926917,-0.11578954015404097,0.5383461310019204,0.6256513694221201,0.9372356823684537
hsa-miR-5691,0.3958790457563089,0.060493067576638714,0.7972359919820343,0.735562669834672,NA
hsa-miR-6821-5p,0.12811739546445697,0.04163492376812235,0.7919783297867499,0.8153861344067663,NA
hsa-miR-194-5p,1601.4825786005708,-0.24803933186362753,0.44668120600142075,0.29824150589374937,0.7027941044198233
hsa-miR-7157-3p,4.1439275068589465,0.13322999791756776,0.6462027520506962,0.5708231722528965,0.8934640297530263
hsa-miR-671-3p,44.25601964464125,0.06579352232816209,0.7279071086649622,0.7485247882419872,0.9481501989553814
hsa-miR-6509-3p,0.4317975843472561,-0.06773596755851007,0.7950657071412107,0.7084479381399079,NA
hsa-miR-6132,0.6242161840968098,-0.08509145585757326,0.7268224561633232,0.6832355536447186,NA
hsa-miR-421,631.7177738491678,-0.15860312739867916,0.7819706100868157,0.44608799151761636,0.8122012159368269
hsa-miR-4433b-3p,0.5347491422823478,0.14945995518362798,0.8459145628266959,0.42468120781337937,NA
hsa-miR-1298-5p,467.1623921144454,0.7246375236284829,0.8963073568398024,0.0443527665543852,0.28139780460975483
hsa-miR-624-5p,26.690955295394705,-0.40016788686251925,0.6211060456573771,0.15711023230492657,0.5145671873398173
hsa-miR-299-3p,64.95454443451744,0.06188004603211584,0.7367803519683747,0.758905692452152,0.9481501989553814
hsa-miR-1538,0.8181084021079257,-0.0477031481705426,0.7139009823154375,0.8184268025075467,NA
hsa-miR-7848-3p,0.2535538249488124,-0.023990401236992958,0.78821609780025,0.892830164156741,NA
hsa-miR-23c,10.76615131020069,-20.155918042393786,2.7822053894087455,2.7004112590248966e-13,6.796035001879323e-11
hsa-miR-548b-5p,3.709189874165714,0.06304087634144448,0.7341069851378298,0.7558155804171183,0.9481501989553814
hsa-miR-128-1-3p,170585.37296491358,-0.9932253209891205,0.9152386830283253,0.016999050228381458,0.12749398884191177
hsa-miR-4686,0.3160900542849954,0.08200669085523692,0.805464142591872,0.6494412501502353,NA
hsa-miR-3938,4.232039621477594,0.005690670606130792,0.6096786434542197,0.9801452537659716,0.99284972458702
hsa-miR-7110-3p,3.5209400911354742,0.04300550731341714,0.653279895535865,0.8472632889910033,0.9563391759963381
hsa-miR-6729-5p,0.4623801357446702,0.04378801013992406,0.7849425712271912,0.8090499045113526,NA
hsa-miR-129-5p,11359.488816921314,-0.5726433162961181,0.6287273750153035,0.06541845440893004,0.3713003481281838
hsa-miR-34c-5p,2046.797367980719,0.20009865829810058,0.5195695516432264,0.4134136383540743,0.7889023050408243
hsa-miR-376a-5p,56.39638249161048,0.06313830448303116,0.7338864251756754,0.755555781482556,0.9481501989553814
hsa-miR-1250-5p,380.34243040976327,-1.078284719460267,0.7125624224724225,0.006960592498642962,0.066103091113145
hsa-miR-221-3p,14304.154278090326,-1.1423843376040874,0.8348413970948958,0.008161265382509237,0.07164831818365668
hsa-miR-4741,0.5338009764589821,0.08200654890655995,0.8054640798820918,0.6494417985727124,NA
hsa-miR-25-3p,14036.87464451985,-0.19178687366768202,0.4220957994289117,0.401932418000182,0.7801001943191193
hsa-miR-892b,8.610768810038694,2.2343749324623405,2.05473990806567,0.0011550703628903664,0.016770733153504358
hsa-miR-219b-3p,0.7684663883971298,0.04958578886670041,0.7677701476014928,0.7924695386899167,NA
hsa-miR-1306-5p,7.842566548269541,0.06410930350528987,0.7316790058955168,0.752979396725025,0.9481501989553814
hsa-miR-503-5p,289.2312191493358,0.4873253639066195,0.5387975222914944,0.08563009564538894,0.39907853217449785
hsa-miR-616-5p,1.3374832028517174,-0.14010679991178776,0.8327906900377928,0.4553000793018093,NA
hsa-miR-5010-3p,199.7147398855782,-1.7160195630531576,0.5344985743618635,3.867703228190944e-5,0.001168046374913665
hsa-miR-3126-3p,0.25979109515182885,0.041635168579458995,0.7919783855551408,0.8153850769719323,NA
hsa-miR-643,1.287541720908938,-0.16998115484035603,0.808020167051911,0.40441719427652906,NA
hsa-miR-516a-5p,23.52193469413435,-0.044484314873582814,0.4717523788729808,0.8455763446362242,0.9563391759963381
hsa-miR-4665-5p,1.062675453057838,-0.09081005226341636,0.6416802735463197,0.6926461369239396,NA
hsa-miR-3132,0.2510010886965509,0.012037906571410822,0.7876258139766656,0.9459814842222449,NA
hsa-miR-1306-3p,53.890537867003225,0.09429672692161134,0.32262210955466913,0.6319730433964849,0.9429637307595773
hsa-miR-224-5p,169.65018137120927,0.5504537331138473,0.6462323166646963,0.07570602190165442,0.3911588627142644
hsa-miR-3127-3p,7.328999737964575,0.1656975470458748,0.457061155140405,0.4776449668790996,0.8347730323928707
hsa-miR-625-3p,471.4239377697645,-0.28839598747075695,0.42693191960563887,0.22498736591182283,0.619946938917614
hsa-miR-589-5p,215.29485077990466,0.004829505506315492,0.28008182966954626,0.9785281799614332,0.99284972458702
hsa-miR-1323,2.155379841068969,0.07800026199803665,0.7026633337599992,0.7165494919498203,NA
hsa-let-7i-5p,263858.7043774564,0.08449490244684844,0.23064885870018964,0.5809995398676286,0.9044425826805353
hsa-miR-125b-5p,90936.30935591573,-0.01630244008186547,0.2875030156008922,0.9288850055773735,0.9740391377929404
hsa-miR-3613-5p,596.0285982592272,0.11154716092619282,0.3507112828382168,0.5892793766970448,0.905955706781347
hsa-miR-105-5p,266.20237562101073,0.08660934674819482,0.4093004924215235,0.6942747321239651,0.9481501989553814
hsa-miR-592,337.19606132491583,-0.24579736033878063,0.4495176143281163,0.30336764172145375,0.7069215108015358
hsa-miR-3941,0.046049221372177415,0.06020663888401866,0.7971436840608287,0.7367470412027444,NA
hsa-miR-875-5p,0.22369416847954326,0.04163511584640084,0.7919783735424375,0.8153853047463641,NA
hsa-miR-577,338.87460743933076,0.015002676296601099,0.4062807427104055,0.9451705401178316,0.977539394231456
hsa-miR-376c-3p,488.94333279028257,0.5315440964010116,0.602788562407621,0.0771216089903354,0.3934244242412381
hsa-miR-3122,0.21886318223926463,-0.0645145490964817,0.796101740873353,0.7203326141743941,NA
hsa-miR-942-5p,3.980928394425389,0.06358841259761619,0.7328589875153053,0.7543611709281781,0.9481501989553814
hsa-miR-2681-3p,1.60983688942139,0.057510353764959256,0.7471708276393513,0.770645577148888,NA
hsa-miR-301b-3p,59.146722288948986,1.6271338117611995,0.7556324629736569,7.832766347620505e-4,0.012855953461855396
hsa-miR-651-5p,125.54159990170713,-0.17249708825398355,0.334069899049212,0.39529048635009617,0.7731718062029084
hsa-miR-588,0.4018416432212265,0.12374057414517013,0.8278028645969895,0.5017219036157019,NA
hsa-miR-6854-5p,0.4609814976041008,0.0820070389855284,0.8054642963887098,0.6494399051407274,NA
hsa-miR-1197,196.52068900639551,-0.39356214675268025,0.5319330019020432,0.145207075704617,0.49606942152482275
hsa-miR-6720-3p,0.16777062635965745,0.041635015102584015,0.7919783505928306,0.815385739897853,NA
hsa-miR-5089-3p,0.4186178157233921,0.060493148613774306,0.7972360181621653,0.73556233487884,NA
hsa-miR-4632-3p,0.4433010163899658,0.060493410459415434,0.7972361027552123,0.7355612525764392,NA
hsa-miR-7978,32.983659532600505,0.04821710517123924,0.47029553609793456,0.8327654426468396,0.9526331957550969
hsa-miR-376b-3p,51.231921574884396,0.552821125197096,0.6537176740891915,0.07572944631687115,0.3911588627142644
hsa-miR-6769b-3p,0.4470684006969454,0.038161513316629564,0.7625387358560838,0.8401520187015112,NA
hsa-miR-6819-3p,0.35122311916747845,-0.08798870237282368,0.8042590629588504,0.6290194130794589,NA
hsa-miR-4488,12.96800962269147,0.04163653072142752,0.7919786958595989,0.8153791933626968,0.9481501989553814
hsa-miR-199b-3p,3319.141283073776,-0.3435459909261351,0.4526670075110779,0.16758029308818942,0.5328298511864447
hsa-miR-7976,18.80028022057397,-0.2966533281406236,0.6145782896541977,0.26290000739940955,0.6728457816493363
hsa-miR-6758-3p,0.26732494281806535,0.041635181319744696,0.7919783884574079,0.8153850219417242,NA
hsa-miR-3690,5.334227016798905,-0.24049731510833314,0.6130639660838473,0.34621892073601923,0.7450454829828761
hsa-miR-877-3p,39.18631990968394,-0.46287724801685126,0.6451644907787685,0.11733589194198675,0.4572192469303453
hsa-miR-329-3p,1741.170087058198,-0.25617663754885883,0.4873096915098835,0.2988038510182295,0.7027941044198233
hsa-miR-4515,0.5904856251402236,0.1477973273710304,0.8446343747124345,0.4293400931020267,NA
hsa-miR-214-5p,64.20330179095663,-0.01845298001384235,0.4098284462855016,0.9328030173452442,0.9753788618624712
hsa-miR-6501-5p,4.035706274730135,-0.09010569048014608,0.5751878961380821,0.7018436802593366,0.9481501989553814
hsa-miR-3620-5p,5.883393411912139,-0.13610205003042203,0.5995906682104416,0.5698039825538718,0.8934640297530263
hsa-miR-576-3p,84.62651334339027,0.06435720791328789,0.7311212451283,0.7523218414350503,0.9481501989553814
hsa-miR-7850-5p,0.19858391682454735,0.01214397048502101,0.7876349303520231,0.945506350700247,NA
hsa-miR-4750-5p,2.1841868184018427,-0.04644213722420064,0.6499757468715701,0.8358496546647274,NA
hsa-miR-517a-3p,11.729511177487348,0.2234865994572071,0.4640315069500738,0.35065395904669533,0.7478636697182344
hsa-miR-6505-3p,4.709854179210377,-0.536935362952659,1.2134707585258522,0.0531662412712437,0.32634562731535766
hsa-miR-3145-5p,0.6698914427967478,0.049507050271987214,0.7563813134594516,0.7973535782208818,NA
hsa-miR-3677-3p,1.6691602617408634,0.13812502169166588,0.6772665524424734,0.5497786760719585,NA
hsa-miR-4683,0.9090422841858029,-0.13261105386310615,0.7435480576824407,0.5336656455311666,NA
hsa-miR-6765-3p,0,0,3.3964499132696706,NA,NA
hsa-miR-3934-5p,2.4972833110417354,0.060282982179402415,0.6824431644256116,0.7822914337078232,0.9481501989553814
hsa-miR-4503,0.1369940285310139,-0.0223292330643797,0.78802834647156494,0.9001884345574636,NA
hsa-miR-7158-5p,0.13980885529971454,0.04163495115263545,0.7919783360249629,0.8153860161224419,NA
hsa-miR-3151-5p,9.020054444442458,0.0060749818301244355,0.5931421459758205,0.978947623891151,0.99284972458702
hsa-let-7b-5p,106343.64483745178,-0.16698818720962952,0.2936253696475691,0.3692244001813702,0.7555490755163835
hsa-miR-548z,2.8964948360540115,0.18614076165624957,0.877913726090092,NA,NA
hsa-miR-3912-3p,29.1516655715978,-0.06258456795677175,0.5126419632744493,0.7877851280006404,0.9481501989553814
hsa-miR-627-3p,3.2992248258854597,0.06028538750218636,0.740506183880014,0.763170668458284,0.9481501989553814
hsa-miR-3065-5p,339.46788153628586,1.080843877510315,0.6264998517721808,0.004408671856209228,0.04805210739653755
hsa-miR-944,4.0163253261879985,0.5539114931775087,0.9638606825136831,0.07188768806377739,0.39045609467622494
hsa-miR-4425,3.597222286418055,2.0317943044917985,1.5720459529911872,0.0013458868817662977,0.018817492513584347
hsa-miR-500a-3p,782.150376987188,0.30633809759801717,0.5716328121005778,0.24509614829133633,0.6447651287803446
hsa-miR-23b-3p,20275.88952980054,-0.02175790289901382,0.5607336854752051,0.9252844987403096,0.9734756980107222
hsa-miR-7705,1.5343487363661992,0.09034160966761766,0.7672803406124339,0.6440431730342662,NA
hsa-let-7c-5p,85750.36322249907,0.1831478020064825,0.3022182307325611,0.33568421092979694,0.7342513632479838
hsa-miR-6756-3p,1.5793335349837183,0.345022643493952,0.7568332340629174,0.20217122911463076,NA
hsa-miR-149-5p,8521.667744377975,-0.002827761058223595,0.3732596174788364,0.9893037831064085,0.99284972458702
hsa-miR-2114-5p,1.7868786174355054,-0.16010777635607554,0.8472321617100496,NA,NA
hsa-miR-6739-3p,7.483799063298425,0.109782818170987,0.4346511578581764,0.6271720889306659,0.9376533210745599
hsa-miR-140-5p,3553.0325886035776,0.06744420802098706,0.7242736446754474,0.7441760935085124,0.9481501989553814
hsa-miR-6793-5p,1.0049097406827665,-0.07041113048836813,0.7955780140418252,0.6979862909711793,NA
hsa-miR-520a-3p,1.786363716658797,0.1545522804351756,0.7763805674108146,0.4589494369051252,NA
hsa-miR-100-5p,169070.1714129821,0.02079302539663055,0.3272024498445197,0.9162567742116222,0.9687116523159012
hsa-miR-599,0.027961771059942908,0.04163431444074407,0.7919781909828398,0.8153887663293179,NA
hsa-miR-433-3p,1590.4642527582187,-1.0260508830509922,0.7363094800478415,0.00972784446789902,0.08346048378708817
hsa-miR-570-3p,0.6266687613757544,0.04551044558819154,0.779598214375183,0.8040565770935542,NA
hsa-miR-6776-3p,0.04455415713634422,0.04163456471298124,0.7919782479942595,0.815387685305567,NA
hsa-miR-889-3p,1514.5768005363707,-0.12019590952190778,0.4484788004233005,0.5994270896236952,0.9130402246150667
hsa-miR-670-3p,7.574690533645427,0.18512759487277483,0.6711359512780672,0.44291689508518,0.8122012159368269
hsa-miR-7156-5p,2.1980494152019894,-0.4082925695111918,0.9457631465998564,0.1161497214554179,NA
hsa-miR-4660,0.8486750094724093,0.07835136373207367,0.8011000595287727,0.6652910203972409,NA
hsa-miR-3200-3p,599.3599185459675,-1.6406804717034587,0.48760202894004534,2.3078588650087186e-5,7.575797578615577e-4
hsa-miR-7703,0.24969138701068033,-0.052700216723736634,0.7932330169761753,0.7688521945711051,NA
hsa-miR-1226-3p,56.573814869336765,-0.1395495163152866,0.4897135438762427,0.5537453249882338,0.8876384721148971
hsa-miR-511-5p,12.688133053013047,-0.2574253427430712,0.7104632834267861,NA,NA
hsa-miR-362-5p,346.48009992482764,0.6061460027164572,0.3599883223012271,0.015227195349626625,0.1173115560098786
hsa-miR-2278,2.4685913024003177,-0.08588978198489232,0.5765854904407646,0.7147107801916295,0.9481501989553814
hsa-miR-1914-5p,0.46099426502166313,0.04404879077253933,0.7841181801307504,0.8082898417073798,NA
hsa-miR-4699-3p,0.16777062635965745,0.041635015102584015,0.7919783505928306,0.815385739897853,NA
hsa-miR-6855-3p,1.5996400486380309,-0.1990112573398053,0.7868099102201772,0.3640480991198165,NA
hsa-miR-2116-5p,5.355478001574941,-0.07370690559493355,0.5884135238551709,0.7522430618762029,0.9481501989553814
hsa-miR-2113,24.66857847087554,-0.5987458874029863,0.6099655441800926,0.05466021522154575,0.33014769993813636
hsa-miR-1843,250.1223126555878,-0.5390575761220042,0.8628842412184731,0.0868776936501828,0.4013674254959121
hsa-miR-3940-3p,14.073285910599122,0.16729546727581396,0.45971748605047985,0.4744382244802735,0.8312644237037332
hsa-miR-34b-3p,57.56832498173295,0.14756834153999931,0.531575548955604,0.5386668117942304,0.8746095546336428
hsa-miR-548au-5p,13.0375814690814,-0.20059097168011625,0.7363421326323761,0.3891012579401188,0.7639104201256335
hsa-miR-320d,372.6050205704223,1.1607573097876325,1.153346196496205,0.01102763496239603,0.09354903816414609
hsa-miR-29b-2-3p,3062.5541053946986,-0.24598033283262818,0.40159638090024186,0.2803967389680237,0.6829017352285739
hsa-miR-144-3p,1997.2759092399206,-1.2856151422896194,1.0445158085371555,0.00732739935273926,0.06746568916241635
hsa-miR-126-3p,40310.719057190465,-0.21514584284547386,0.3381485051350467,0.2966015869770401,0.7027941044198233
hsa-miR-196b-5p,27.555820532494888,-0.4422416107612142,0.8998907186265166,0.11384439526252144,0.45719424693193444
hsa-miR-4695-3p,0.22977202394920418,0.06049224453100921,0.7972357260881735,0.7355660717845176,NA
hsa-miR-708-5p,4887.765249117621,0.16576286851527353,0.49133313080695185,0.48630989381435585,0.8466727027968783
hsa-miR-659-5p,14.67171286127586,-0.06196871148893583,0.4448755857870533,0.7835010020414501,0.9481501989553814
hsa-miR-4768-5p,0,0,3.3964499132696706,NA,NA
hsa-miR-487b-3p,2358.3869310390305,-0.30442852109627044,0.4938954511117626,0.22875896154325748,0.6280473307823978
hsa-miR-4440,3.992953891809151,0.03902116379761527,0.6346339505596202,0.8631102717089539,0.9583062575592063
hsa-miR-6879-3p,1.6742182580576495,-0.1955501422962815,0.7383153492725086,0.3973470837391997,NA
hsa-miR-512-3p,3.440719045812303,0.08962945283832248,0.6584485092920659,0.6926996902851448,0.9481501989553814
hsa-miR-4757-3p,0.08388531317982872,0.041634771422708265,0.7919782950824491,0.8153867924457501,NA
NovelmiRNA-3476,0.25735897834938015,-0.007977046821252406,0.787049981421184,0.9642092742260583,NA
NovelmiRNA-508,0.6149107063849638,0.024907688308801842,0.7849157208534322,0.8895740507170604,NA
NovelmiRNA-369,0.20791939996960637,0.0416350942900379,0.7919783686318568,0.8153853978566221,NA
NovelmiRNA-2775,7.456863418123979,0.06558741700792688,0.7283640591906254,0.7490693514661872,0.9481501989553814
NovelmiRNA-2216,0.3882452656574956,0.11698361230517729,0.8235498237886156,0.523790750864295,NA
NovelmiRNA-3021,0.5049471142119012,0.041635401938634665,0.7919784387150667,NA,NA
NovelmiRNA-3351,0,0,3.3964499132696706,NA,NA
NovelmiRNA-903,77.00468829052319,0.1852844039353907,0.7895906774501553,0.3867753489654842,0.7639104201256335
NovelmiRNA-1471,0.17821662854537687,0.04163504096369776,0.7919783564840284,0.8153856281936984,NA
NovelmiRNA-33,0.3355412527193149,0.04163525758940197,0.7919784058318358,0.8153846925036823,NA
NovelmiRNA-1997,1.8414014098626446,-0.24093845416262627,0.9297539291311314,0.23393247691380817,NA
NovelmiRNA-2238,0.2475102523712691,-0.07552372768696797,0.7995272972876364,0.6766110166217001,NA
NovelmiRNA-1598,0,0,3.3964499132696706,NA,NA
NovelmiRNA-3646,0,0,3.3964499132696706,NA,NA
NovelmiRNA-1153,6.10574218310277,-0.1322557481846144,0.7078168940193216,0.5532147114980543,0.8876384721148971
NovelmiRNA-14,0.31659825357088417,-0.06926647359839065,0.7974924159051276,0.7012755850945033,NA
NovelmiRNA-3023,13.869545218430643,-0.6082823829522443,1.5479778547505778,0.03743000132973876,0.2569059182177524
NovelmiRNA-816,0.10676449622038081,0.04163486030878326,0.7919783153306847,0.8153864085122662,NA
NovelmiRNA-2625,0.3534033156381093,-0.05269975774265696,0.7932328955126394,0.7688541214375741,NA
NovelmiRNA-924,0.595968303659361,0.04163545913970768,0.791978451745694,0.8153838219304608,NA
NovelmiRNA-2288,0.2775876901729901,0.04163519287170336,0.791978391088972,0.8153849720443601,NA
NovelmiRNA-1425,1.1547283030502946,-0.011922602662451915,0.7819825985283457,0.94714375918603,NA
NovelmiRNA-1309,1.7315243463615053,0.12323734877132371,0.7457546024008646,0.5575611753031143,NA
NovelmiRNA-2073,0.2796177105994291,0.041635193885085915,0.7919783913198231,0.8153849676671703,NA
NovelmiRNA-2369,0.421448392410368,0.041635338689305586,0.7919784243066457,0.8153843422019952,NA
NovelmiRNA-3277,0.9996244355984658,-0.169842231284667,0.8565844609310463,0.3745358762668215,NA
NovelmiRNA-3680,1.1547221631726687,-0.17620997748706352,0.8621316735340171,0.3590937794737773,NA
NovelmiRNA-964,0.28217632853018004,0.04163520005718277,0.791978392725842,0.8153849410075041,NA
NovelmiRNA-3703,0.6619398765663611,0.04163549532615001,0.7919784599891162,NA,NA
NovelmiRNA-1921,0.5534241058832098,-0.056050676751265203,0.7939602017355326,0.7549344931702509,NA
NovelmiRNA-1280,23.079009822767592,0.5012381056087774,1.0286916475465533,0.07447109620314754,0.39045609467622494
NovelmiRNA-204,0.22369416847954326,0.04163511584640084,0.7919783735424375,0.8153853047463641,NA
NovelmiRNA-378,2.047905382348337,-0.16318709970313897,0.8506422131674936,0.39154130745030885,NA
NovelmiRNA-3706,62.26532308977591,0.057615807349485446,0.6823144255211517,0.7914792332893466,0.9481501989553814
NovelmiRNA-2955,1.2621494884523503,-0.056766192039009435,0.7635808776985484,0.7663307931690396,NA
NovelmiRNA-1369,0.35643325709075374,0.04163528105881646,0.7919784111782374,NA,NA
NovelmiRNA-607,0.19306801425749162,0.04163506864751291,0.7919783627904451,0.8153855086165969,NA
NovelmiRNA-2759,0.42705798488152324,0.04163534279881658,0.79197842524280615,0.8153843244514375,NA
NovelmiRNA-3143,0.307579481659372,0.04163522719199109,0.7919783989072217,0.8153848238018089,NA
NovelmiRNA-3682,0.408057180915602,0.04163532613952362,0.7919784214477639,0.8153843964093288,NA
NovelmiRNA-2190,0.20791939996960637,0.0416350942900379,0.7919783686318568,0.8153853978566221,NA
NovelmiRNA-461,1.2375512618563456,-0.2213428576233415,0.9071888554420316,NA,NA
NovelmiRNA-216,0.22369416847954326,0.04163511584640084,0.7919783735424375,0.8153853047463641,NA
NovelmiRNA-2733,15.47474020673779,0.08020150666418749,0.7173847137573257,0.7035380397753401,0.9481501989553814
NovelmiRNA-1440,101.29815401389732,0.15971918726247417,0.8569870191751042,NA,NA
NovelmiRNA-194,1.2384681561564175,0.041635713353758944,0.7919785096568738,NA,NA
NovelmiRNA-2555,2.184065702458379,0.05915682655402981,0.7431880293193369,0.7662018841856166,NA
NovelmiRNA-852,0.5617940391296091,0.04163543823385476,0.791978446983257,0.8153839122308583,NA
NovelmiRNA-2058,9.938759012959249,0.6226949501330701,1.2347421760253798,0.04011114498352412,0.267872519516652
NovelmiRNA-58,0,0,3.3964499132696706,NA,NA
NovelmiRNA-3622,0.19217609319668547,0.041635064889363194,0.7919783619343324,0.8153855248494981,NA
NovelmiRNA-470,0.2970277142422948,0.04163521783621221,0.7919783967759504,0.815384864213023,NA
NovelmiRNA-1255,0,0,3.3964499132696706,NA,NA
NovelmiRNA-950,18.56429694012246,-0.040711307780458963,0.7742136011037333,NA,NA
NovelmiRNA-3539,0.9507002160380589,0.04163562087058126,0.7919784885887197,NA,NA
NovelmiRNA-548,0.944553832147377,0.04163561873832062,0.79197848810298,0.8153831325629504,NA
NovelmiRNA-1366,0,0,3.3964499132696706,NA,NA
NovelmiRNA-644,1.0519185725778937,-0.20455083319819603,0.8892719777306931,0.2974975381622895,NA
NovelmiRNA-2289,19.86846346336398,0.14474277165727442,0.8164806822728057,0.4546252706438039,0.8211532998470621
NovelmiRNA-2496,3.3157343655488734,-0.0412798420994,0.7322961770897332,0.8371921803392813,0.9548037706286365
NovelmiRNA-2735,20.328207560578495,0.19742444959761216,0.8936079012645678,NA,NA
NovelmiRNA-2327,0.6623047931754028,0.04753270752773299,0.7735986166652343,0.7982698740446171,NA
NovelmiRNA-2639,2.7018653735974008,0.31948196126381256,1.0467725552992109,0.1411859794981959,0.48896979138136654
NovelmiRNA-1359,0.28775286621177176,0.04163520423881658,0.7919783936784288,0.8153849229454156,NA
NovelmiRNA-3665,0.11184708423977163,0.04163487275485165,0.791978318165902,0.8153863547528669,NA
NovelmiRNA-1469,3.040972811929525,0.32473200423321097,0.8308753230413085,0.19669205314876123,0.5823627455973127
NovelmiRNA-52,0.8170799124255762,0.13946649107961578,0.8384462624651917,0.453351337361659,NA
NovelmiRNA-539,0.08541159697630465,0.04163478263687752,0.7919782976370318,0.8153867440073941,NA
NovelmiRNA-1532,1.224731601988134,0.04163570925559585,0.7919785087232896,0.8153827415842755,NA
NovelmiRNA-1497,0.20791939996960637,0.0416350942900379,0.7919783686318568,0.8153853978566221,NA
NovelmiRNA-814,0.31063204925232385,0.041635231400060535,0.7919783998658311,0.8153848056255356,NA
NovelmiRNA-323,0,0,3.3964499132696706,NA,NA
NovelmiRNA-2948,0.6329294010661283,-0.17500935503109272,0.7479870321531451,0.4322772081331741,NA
NovelmiRNA-1917,0.25623479092891394,0.04163516501383218,0.7919783847428828,0.8153850923732502,NA
NovelmiRNA-3132,3.158112958412708,-0.3722227287264525,0.9821530145719607,0.12345146438518197,0.46679898322820157
NovelmiRNA-3626,0.17821662854537687,0.04163504096369776,0.7919783564840284,0.8153856281936984,NA
NovelmiRNA-2719,0.9968778168942729,-0.16718013867001488,0.854326405492704,0.38117269387310304,NA
NovelmiRNA-2877,0.9110566927462421,0.17853746578152307,0.8706981057526825,0.3502240674508865,NA
NovelmiRNA-1011,0.43069018565132744,0.041635346721076036,0.7919784261363103,NA,NA
NovelmiRNA-1930,0,0,3.3964499132696706,NA,NA
NovelmiRNA-2065,0.6385903213749691,-0.10894496189875864,0.8142005342167946,0.5539988684257073,NA
NovelmiRNA-1492,3.62760451142153,0.3244268240468648,1.054411533977686,NA,NA
NovelmiRNA-3411,0.13366247140903267,0.04163494158484554,0.7919783338454126,0.8153860574494336,NA
NovelmiRNA-2695,0.11881108569691792,0.04163490095921814,0.7919783245908681,0.8153862329272672,NA
NovelmiRNA-2634,2.5342589299111666,-0.13045651581738593,0.6817588533624234,0.5682835263794082,0.8934640297530263
NovelmiRNA-207,0.6543843541308707,0.041635491531994195,0.7919784591247915,0.8153836820157576,NA
NovelmiRNA-1694,2.532683493067914,-0.636441749320109,1.1567779672075142,0.04196007542070349,0.2731022150226822
NovelmiRNA-932,0,0,3.3964499132696706,NA,NA
NovelmiRNA-3547,0.23488189168483778,0.04163513473064013,0.7919783778443056,0.8153852231780434,NA
NovelmiRNA-2559,0.12811739546445697,0.04163492376812235,0.7919783297867499,0.8153861344067663,NA
NovelmiRNA-819,0.5197984999240159,0.04163541200350505,0.7919784410078821,NA,NA
NovelmiRNA-2141,1.1667878445497586,0.23482667681250463,0.8453560028870442,0.27734829908269293,NA
NovelmiRNA-1581,0.19306801425749162,0.04163506864751291,0.7919783627904451,0.8153855086165969,NA
NovelmiRNA-1067,1.4092913501090267,0.04163575832381943,0.7919785199013075,NA,NA
NovelmiRNA-94,0,0,3.3964499132696706,NA,NA
NovelmiRNA-2374,0.31518362092550883,0.06049304552202961,0.797235984857006,0.7355627609943709,NA
NovelmiRNA-2525,0,0,3.3964499132696706,NA,NA
NovelmiRNA-3311,2.722563327025573,-0.44178379859435524,0.7603928816065776,0.13487941108547177,0.47894352781758065
NovelmiRNA-3578,0,0,3.3964499132696706,NA,NA
NovelmiRNA-730,1.0889978614478844,0.04163566859057019,0.7919784994595779,NA,NA
NovelmiRNA-3303,4.012049424245031,-0.34569006520099094,0.8596697165672021,0.17183669788915026,0.5428314096498261
NovelmiRNA-3493,13.756111462416172,20.138332206892905,3.158806746751798,1.1286569458288838e-10,7.101133284173394e-9
NovelmiRNA-2503,0,0,3.3964499132696706,NA,NA
NovelmiRNA-1498,0.21232478349600167,0.04163509843307771,0.7919783695756489,0.8153853799612326,NA
NovelmiRNA-1871,3.092104713644969,-0.1770891930531907,0.8299223173005797,0.37625309582953936,0.7577802148177092
NovelmiRNA-3568,977.2838529284534,0.07020992906590816,0.78719156049146,0.7033951178352407,0.9481501989553814
NovelmiRNA-1461,0,0,3.3964499132696706,NA,NA
NovelmiRNA-1632,0.8865590208962741,0.0416355971558099,0.7919784831863778,0.815383225786065,NA
NovelmiRNA-250,0.6237581999088191,0.04163547532396444,0.7919784554325342,NA,NA
NovelmiRNA-3289,6.568580301043946,-0.19656987869553635,0.7733601800592766,0.37638090139952446,0.7577802148177092
NovelmiRNA-2304,0.6832927758104372,0.04163550637581533,0.7919784625062776,NA,NA
NovelmiRNA-2209,0.613128942892305,0.041635468284672045,0.7919784538289542,0.8153837824298531,NA
NovelmiRNA-3621,5.273810458812294,-0.15759653287462153,0.784082769496586,0.446909949780912,0.8122012159368269
NovelmiRNA-290,0,0,3.3964499132696706,NA,NA
NovelmiRNA-731,7.549678186184585,0.35364489561166196,1.11581197517673,NA,NA
NovelmiRNA-2455,0.3963732219599241,-0.03126378141089094,0.7874205308924168,0.8613093949710195,NA
NovelmiRNA-2660,1.648747905004253,-0.23791990545801583,0.9261645536756026,0.23860594047680525,NA
NovelmiRNA-2969,0.2970277142422948,0.04163521783621221,0.7919783967759504,0.815384864213023,NA
NovelmiRNA-2886,0.9324218011891335,0.11698374123659146,0.8235499027697935,0.5237903226400549,NA
NovelmiRNA-1136,0.6815285076243492,0.04163550517398312,0.791978462232495,0.8153836230907805,NA
NovelmiRNA-3265,0.9913759940997722,0.04163563561049928,0.7919784919465472,0.8153830596855633,NA
NovelmiRNA-609,0,0,3.3964499132696706,NA,NA
NovelmiRNA-2705,0.16336524283326215,0.04163501088400317,0.7919783496318326,0.8153857581195361,NA
NovelmiRNA-995,0.9611385857893532,-0.15490396181485377,0.8443833587094707,0.4131831355753504,NA
NovelmiRNA-3422,33.30638242158808,-0.05775190404198159,0.42749305153834544,0.7953792765286827,0.9481501989553814
NovelmiRNA-3779,0.25623479092891394,0.04163516501383218,0.7919783847428828,0.8153850923732502,NA
NovelmiRNA-895,0.5704231444041526,0.04163544309855828,0.7919784480914558,0.8153838912183374,NA
NovelmiRNA-1279,0,0,3.3964499132696706,1,NA
NovelmiRNA-1816,0,0,3.3964499132696706,NA,NA
NovelmiRNA-151,4.410393265199882,-0.3372258201435157,1.0635505721473288,0.12843252159670035,0.46916389665364494
NovelmiRNA-2357,1.218834582507374,0.04163570799932151,0.7919785084371033,0.8153827470106036,NA
NovelmiRNA-1984,1.0452633655649195,-0.1839846308643626,0.8691813636877471,0.3410553496075696,NA
NovelmiRNA-11,0.31659825357088417,-0.06926647359839065,0.7974924159051276,0.7012755850945033,NA
NovelmiRNA-3712,0,0,3.3964499132696706,NA,NA
NovelmiRNA-676,0.42705798488152324,0.04163534279881658,0.79197842524280615,0.8153843244514375,NA
NovelmiRNA-1988,0.3025803094455969,-0.04477125743504491,0.7915397540288179,0.8023503693962322,NA
NovelmiRNA-1553,0.21352899244076162,0.041635101559047843,0.7919783702877511,0.8153853664589599,NA
NovelmiRNA-3274,0,0,3.3964499132696706,NA,NA
NovelmiRNA-1932,0.4721158786478305,0.04253775437968168,0.7889767005384242,0.8127153584036341,NA
NovelmiRNA-3297,0.6182115309116958,0.04163547103848996,0.7919784544562856,0.8153837705350577,NA
NovelmiRNA-2497,417.69916526500094,-24.521263343465694,3.3258972277354353,NA,NA
NovelmiRNA-674,0,0,3.3964499132696706,NA,NA
NovelmiRNA-2332,0,0,3.3964499132696706,NA,NA
NovelmiRNA-1026,7.046373401037464,0.24969372215034608,0.9487686976089967,0.21851517184198135,0.6090577624180755
NovelmiRNA-3827,0.12346424058068745,0.04163491249767024,0.7919783272193338,0.8153861830882184,NA
NovelmiRNA-2406,0.3416191081889758,0.06049314861377429,0.7972360181621653,0.73556233487884,NA
NovelmiRNA-1696,1.2558534471701763,0.11698467957876289,0.8235504775851543,0.52378720610049,NA
NovelmiRNA-1805,70.64786254001909,23.51340673082501,3.370670113743569,1.5850567918084212e-12,2.393435755630716e-10
NovelmiRNA-3058,0.3241718677357733,0.041635245909881095,0.791978403171208,0.815384742952031,NA
NovelmiRNA-240,7.575674503820897,0.0655989369514103,0.7283384325059405,0.7490389310862691,0.9481501989553814
NovelmiRNA-652,0,0,3.3964499132696706,NA,NA
NovelmiRNA-2381,0.9993992857396705,0.003343934106310607,0.7804531284172237,0.98519908756975,NA
NovelmiRNA-3586,0.5144996022842668,0.041635407176888684,0.7919784399083607,0.8153840463778134,NA
NovelmiRNA-3806,0.24650632371911912,-0.07810785778961919,0.8004344890041477,0.6665725971128211,NA
NovelmiRNA-2569,54.598966221994196,0.48433398640848524,1.0704563902420026,0.0735044814896818,0.39045609467622494
NovelmiRNA-362,0.12811739546445697,0.04163492376812235,0.7919783297867499,0.8153861344067663,NA
NovelmiRNA-3022,0.6832927758104372,0.04163550637581533,0.7919784625062776,NA,NA
NovelmiRNA-2290,7.420411589282718,-20.249775171453532,3.329649884688319,NA,NA
NovelmiRNA-2767,0.7785242061520061,0.041635551465038785,0.7919784727778043,0.815383423141985,NA
NovelmiRNA-606,0.19306801425749162,0.04163506864751291,0.7919783627904451,0.8153855086165969,NA
NovelmiRNA-402,0.3914647948392007,0.04163531141976176,0.7919784180945547,0.8153844599896413,NA
NovelmiRNA-1858,0.6777574868336237,0.048486685522514325,0.7708598059679724,0.795565913904804,NA
NovelmiRNA-2718,0.46039295707555694,0.04163536986962757,0.7919784314096305,NA,NA
NovelmiRNA-1605,0.0742569285605737,0.04163473930513035,0.7919782877660847,0.8153869311740586,NA
NovelmiRNA-3157,0.6729470058156999,0.0820064592461242,0.8054640402721776,0.6494421449783128,NA
NovelmiRNA-1168,0.4372231609203049,0.04163535048617799,0.7919784269940133,0.8153842912467688,NA
NovelmiRNA-3423,51.46619753808318,0.029459761620010867,0.6267754680704029,0.8967635173786224,0.9661852566289374
NovelmiRNA-2502,0.3914647948392007,0.04163531141976176,0.7919784180945547,0.8153844599896413,NA
NovelmiRNA-1833,0,0,3.3964499132696706,NA,NA
NovelmiRNA-122,0,0,3.3964499132696706,NA,NA
NovelmiRNA-3382,7.758436907969791,-0.24042352478606455,0.7985664478780554,0.29547189828495907,0.7027941044198233
NovelmiRNA-1972,0.17061745447364682,-0.04795757156465588,0.7921989575866767,0.7888058811015164,NA
NovelmiRNA-483,0.22610234280370234,-0.022328830523753673,0.7880282978564487,0.9001902203065935,NA
NovelmiRNA-1484,3.173284201938216,0.2923434247583599,0.8835768976117536,0.20109335887525023,0.5894350899552753
NovelmiRNA-3365,0,0,3.3964499132696706,NA,NA
NovelmiRNA-2710,0.3808094029122371,0.13569434724709084,0.8357691520657489,0.4645905715530051,NA
NovelmiRNA-2429,2.376750540095147,0.04163594004181544,0.7919785612978083,NA,NA
NovelmiRNA-2026,2.5441897290696884,-0.10726853408574977,0.8075586672673059,0.5635502151116569,0.8917457999653998
NovelmiRNA-789,1.00843367974456,0.06722134025769372,0.7970213140212561,0.70936605860352,NA
NovelmiRNA-823,1.0510721500629312,0.0416356562465401,0.7919784966475435,0.8153829705506204,NA
NovelmiRNA-2825,0.8714400534032678,-0.1773529310285761,0.7521513563602082,0.4251305463800543,NA
NovelmiRNA-350,1.6898645895382511,-0.1132252269249241,0.7390394084689241,0.5898005058453635,NA
NovelmiRNA-3304,0,0,3.3964499132696706,NA,NA
NovelmiRNA-3717,62.26532308977591,0.057615807349485446,0.6823144255211517,0.7914792332893466,0.9481501989553814
NovelmiRNA-1538,0.40857391126888265,-0.05605032126580647,0.7939601345119472,0.7549359569500549,NA
NovelmiRNA-3633,0.432603060826099,0.04163534758942036,0.791978426334122,0.8153843037589782,NA
NovelmiRNA-2431,2.8211939468738922,0.041635999934284525,0.7919785749417294,0.8153814860324714,0.9481501989553814
NovelmiRNA-2954,0.25979109515182885,0.041635168579458995,0.7919783855551408,0.8153850769719323,NA
NovelmiRNA-1720,0,0,3.3964499132696706,NA,NA
NovelmiRNA-1688,1.4449040894745022,0.22938402279535994,0.924143441270834,0.24961343182996917,NA
NovelmiRNA-1652,0.5108980228209891,0.12669816933739927,0.829701041259523,0.4923202873833599,NA
NovelmiRNA-2193,0.12375512618563456,-0.02399126651055912,0.7882162109021386,0.8928263323278548,NA
NovelmiRNA-225,0.8910831427268844,0.04163559925727714,0.7919784836651022,NA,NA
NovelmiRNA-2743,3.5857322344476934,0.06176596755469897,0.7370425130521128,0.7592109516934962,0.9481501989553814
NovelmiRNA-2021,7.037719779205503,0.041636318049344714,0.7919786474108859,0.8153801119733253,0.9481501989553814
NovelmiRNA-1424,1.1547283030502946,-0.011922602662451915,0.7819825985283457,0.94714375918603,NA
NovelmiRNA-2306,0.16336524283326215,0.04163501088400317,0.7919783496318326,0.8153857581195361,NA
NovelmiRNA-215,0.1485138571211474,0.041634977957571706,0.791978342131153,0.8153859003415397,NA
NovelmiRNA-353,0.2796177105994291,0.041635193885085915,0.7919783913198231,0.8153849676671703,NA
NovelmiRNA-1558,2.1864839073156612,0.05837907626734409,0.7450588227427546,0.7682976268853436,NA
NovelmiRNA-624,0.5017850622107577,-0.1223491115965708,0.8218332250639379,0.509500606635928,NA
NovelmiRNA-322,3.254933654802224,0.0071309648174071845,0.7612496224262048,0.9697252522788128,0.99284972458702
NovelmiRNA-2716,1.577436680045488,0.057099277132338803,0.7481789629312212,0.7717592359229551,NA
NovelmiRNA-3371,1.6758283841351609,-0.05140181490163177,0.7859680486697551,0.7773920937295988,NA
NovelmiRNA-3615,0.13366247140903267,0.04163494158484554,0.7919783338454126,0.8153860574494336,NA
NovelmiRNA-2975,472.4741291636524,-25.864694763547853,3.3258231018382647,NA,NA
NovelmiRNA-841,0.8169234328013865,0.19174169611870748,0.8147048423720907,0.35913536137983376,NA
NovelmiRNA-1764,0.22870245300459235,0.04163512525134695,0.7919783756849029,0.8153852641227702,NA
NovelmiRNA-2598,0.19306801425749162,0.04163506864751291,0.7919783627904451,0.8153855086165969,NA
NovelmiRNA-1826,0.43909758201381877,0.1169822596261224,0.8235489951659613,0.5237952435787969,NA
NovelmiRNA-2132,0.1485138571211474,0.041634977957571706,0.791978342131153,0.8153859003415397,NA
NovelmiRNA-1735,330.39877793741664,0.29185221177477183,1.016087908425576,NA,NA
NovelmiRNA-3471,1108.0354527379116,0.070210395998617,0.7871917248075739,0.7033932782715586,0.9481501989553814
NovelmiRNA-896,0.5983849154640956,0.041635459760654525,0.7919784518871483,0.8153838192483532,NA
NovelmiRNA-3474,0.04455415713634422,0.04163456471298124,0.7919782479942595,0.815387685305567,NA
NovelmiRNA-1797,36.53259518626796,0.027108164712553545,0.7250920763876967,0.8934517519158196,0.9661852566289374
NovelmiRNA-498,0.2782687250877236,-0.06451394954232648,0.7961015327489133,0.7203350574412781,NA
NovelmiRNA-3520,0.08388531317982872,0.041634771422708265,0.7919782950824491,0.8153867924457501,NA
NovelmiRNA-854,0.1996088365653673,0.10090057959921238,0.8144148452563348,0.579246017387915,NA
NovelmiRNA-79,45.52124249919059,0.04163696777864299,0.791978795426148,0.8153773055495256,0.9481501989553814
NovelmiRNA-1965,0.32583856460571814,0.04163524917760689,0.7919784039156053,0.8153847288374647,NA
NovelmiRNA-1573,0.19217609319668547,0.041635064889363194,0.7919783619343324,0.8153855248494981,NA
NovelmiRNA-2581,0.6925345690513967,0.04163551124757369,0.7919784636160854,0.8153835968566161,NA
NovelmiRNA-393,15.333984853430206,-0.4763976078582605,1.1162830675343183,0.07123684544822864,0.39045609467622494
NovelmiRNA-859,40.206790094186076,0.06813411950141507,0.7227676007770731,0.742365217260147,0.9481501989553814
NovelmiRNA-742,1.0485135321321801,0.04163565518023635,0.7919784964046338,0.8153829751563935,NA
NovelmiRNA-494,18.843171077858894,-0.07062186420523434,0.7779821515829803,0.7069339409971235,0.9481501989553814
NovelmiRNA-1579,0,0,3.3964499132696706,NA,NA
NovelmiRNA-280,38.076650400169115,22.839180149295693,3.371201772872225,6.734480427263806e-12,6.355665903230217e-10
NovelmiRNA-2786,22.749498006704478,21.499553735384964,3.2832646218512336,3.3725416495199926e-11,2.829187717097327e-9
NovelmiRNA-845,0.6990442764985727,0.04163551369424266,0.7919784641734473,NA,NA
NovelmiRNA-1058,0.35132488861996464,0.060492796236810024,0.7972359043224434,0.7355637913809397,NA
NovelmiRNA-217,0.1485138571211474,0.041634977957571706,0.791978342131153,0.8153859003415397,NA
NovelmiRNA-495,2.450901703424363,0.041635950817660194,0.7919785637526194,0.8153816981858036,0.9481501989553814
NovelmiRNA-3526,0.2970277142422948,0.04163521783621221,0.7919783967759504,0.815384864213023,NA
NovelmiRNA-3544,1.2093777655814477,-0.19549604449204822,0.8801713009905725,0.31594884684257557,NA
NovelmiRNA-1022,0.3683937709774193,0.13465376691759573,0.8350444061433598,0.46773136178066876,NA
NovelmiRNA-3537,73.78400932156488,0.01389114678411678,0.6158460318395793,0.9514285558117174,0.9826656082597082
NovelmiRNA-853,69.0811376916439,-0.04600919808159013,0.7301971317982606,0.8199047329480442,0.9481501989553814
NovelmiRNA-625,3.135200672301914,-0.5208254756331798,1.1004647276212858,0.06293715675409177,0.36272941488045257
NovelmiRNA-2180,0.04455415713634422,0.04163456471298124,0.7919782479942595,0.815387685305567,NA
NovelmiRNA-2235,33.00864612826025,-21.89269218675287,3.326724108089417,NA,NA
NovelmiRNA-2166,1.202356155577545,0.04163570269732949,0.7919785072292806,NA,NA
NovelmiRNA-3017,0,0,3.3964499132696706,NA,NA
NovelmiRNA-2963,0,0,3.3964499132696706,NA,NA
NovelmiRNA-3130,2.6342870205095794,-0.21491901335430402,0.900177037534971,0.2777131219490513,0.6807578151673173
NovelmiRNA-1069,7.9178468806155164,0.04163635907728286,0.7919786567574189,0.8153799347582176,0.9481501989553814
NovelmiRNA-1638,286.98992892756206,0.3704850689421176,0.3215067778459682,0.078706782357597,0.3946050952138785
NovelmiRNA-1973,0.08910831427268844,0.04163480191482541,0.7919783020285421,0.8153866607384458,NA
NovelmiRNA-315,0.2989405894170663,0.0416352186637575,0.7919783969644673,0.8153848606385361,NA
NovelmiRNA-3628,97.32990634017828,0.1581797908279654,0.7859101184729443,0.44437831353335566,0.8122012159368269
NovelmiRNA-3433,0.32591286810005987,0.04163524801513511,0.7919784036507906,0.8153847338586282,NA
NovelmiRNA-1927,0.47535010801902944,0.041635379183449964,0.7919784335313524,0.8153841672922248,NA
NovelmiRNA-392,49.48812544400036,0.03610686700940676,0.4291081435172443,0.8710563086579663,0.9587732078921072
NovelmiRNA-2234,0.17821662854537687,0.04163504096369776,0.7919783564840284,0.8153856281936984,NA
NovelmiRNA-3557,3.6806107113750857,-0.6485349351186495,1.1533549385213986,0.04080177449591388,0.267872519516652
NovelmiRNA-102,1.578468628229936,-0.2319240751071348,0.9191563212481819,NA,NA
NovelmiRNA-1691,0.16336524283326215,0.04163501088400317,0.7919783496318326,0.8153857581195361,NA
NovelmiRNA-1924,0,0,3.3964499132696706,NA,NA
NovelmiRNA-966,0.2175477845888614,0.041635108484361805,0.7919783718653506,0.8153853365458539,NA
NovelmiRNA-1028,11.269981338436988,-0.014537375572979478,0.7594147865246288,0.9386319181901744,0.9758427371515305
NovelmiRNA-2753,0.08388531317982872,0.041634771422708265,0.7919782950824491,0.8153867924457501,NA
NovelmiRNA-2170,0.2551379402680593,0.041635162630447024,0.7919783841999424,0.8153851026680101,NA
NovelmiRNA-880,12.329522389473837,-21.38132246983368,3.3273843212332683,7.62858419816201e-11,5.759581069612318e-9
NovelmiRNA-2187,14.224432433071629,-0.029590661261670335,0.598468781135132,0.8977468102763471,0.9661852566289374
NovelmiRNA-863,4.171186473084311,-0.22395423094609734,0.6289170848640406,0.3745889811127884,0.7577802148177092
NovelmiRNA-3629,213.23945427444724,-0.04589814082107852,0.7021603452801818,0.8280480726607958,0.9504737529262522
NovelmiRNA-1767,0.44738833695908653,0.04163535802815097,0.7919784287121008,0.8153842586700889,NA
NovelmiRNA-357,0.25623479092891394,0.04163516501383218,0.7919783847428828,0.8153850923732502,NA
NovelmiRNA-1052,7.575674503820897,0.0655989369514103,0.7283384325059405,0.7490389310862691,0.9481501989553814
NovelmiRNA-330,0.6683123570451633,0.041635499290797975,0.7919784608922802,NA,NA
NovelmiRNA-1881,1.4618988026342994,-0.03974519017014701,0.7639441970887498,0.8332774865404218,NA
NovelmiRNA-2495,0.2775876901729901,0.04163519287170336,0.791978391088972,0.8153849720443601,NA
NovelmiRNA-352,0.1485138571211474,0.041634977957571706,0.791978342131153,0.8153859003415397,NA
NovelmiRNA-3349,0.41905060620910034,-0.10556406511912857,0.812430968997798,0.5656596037268946,NA
NovelmiRNA-2510,0.2798457357486133,-0.06348563464299849,0.7958183086184805,0.7244948147813439,NA
NovelmiRNA-1734,2938.137764996118,28.678060242032153,3.3700936137358286,6.668492724963843e-18,5.034712007347702e-15
NovelmiRNA-1894,1.0729933024635498,0.04163566316934889,0.7919784982245953,0.8153829406483655,NA
NovelmiRNA-1161,1661.3370790780175,23.96785682039984,3.3704672369150392,NA,NA
NovelmiRNA-1561,0.16951162672394401,0.04163501959865647,0.791978351617042,0.8153857204775764,NA
NovelmiRNA-1443,0.17821662854537687,0.04163504096369776,0.7919783564840284,0.8153856281936984,NA
NovelmiRNA-1321,139.8559573082788,0.22972516930334774,0.564631663241719,0.36198245548055247,0.7555490755163835
NovelmiRNA-3397,2.207459388779819,0.14723152935028036,0.558425505906176,0.5415249823250468,NA
NovelmiRNA-747,1.2811739546445697,0.041635725152645416,0.7919785123447255,NA,NA
NovelmiRNA-54,0.19217609319668547,0.041635064889363194,0.7919783619343324,0.8153855248494981,NA
NovelmiRNA-1191,0,0,3.3964499132696706,NA,NA
NovelmiRNA-1192,0,0,3.3964499132696706,NA,NA
NovelmiRNA-2501,15.2287176225009,-0.10697571156574333,0.722847335877745,0.6167537246791838,0.9283825172612652
NovelmiRNA-3691,0.801974828454196,0.04163556264049559,0.791978475323625,NA,NA
NovelmiRNA-1656,0.0742569285605737,0.04163473930513035,0.7919782877660847,0.8153869311740586,NA
NovelmiRNA-1634,0.5871971922588011,0.04163545289661584,0.7919784503234926,0.8153838488967686,NA
NovelmiRNA-3566,0.7813120893268983,0.08200687244338264,0.8054642228136993,0.6494405485799966,NA
NovelmiRNA-2443,0.9926920791940362,-0.07114401450847774,0.7941276578584046,0.696030154958599,NA
NovelmiRNA-746,0.6509381676461947,0.18648705123949566,0.8156142872522589,0.3678696879670149,NA
NovelmiRNA-528,843.6480520495975,0.3088887560403917,1.0422768813384062,0.14880908556394748,0.5060849531566682
NovelmiRNA-3469,0.6785751044000881,0.04163550433184508,0.7919784620406526,0.8153836267282972,NA
NovelmiRNA-1252,0,0,3.3964499132696706,NA,NA
NovelmiRNA-1107,0.3113030536339343,-0.09437127734106696,0.8070259837678746,0.6054878382631648,NA
NovelmiRNA-1560,0.44124195306840464,0.041635353785797566,0.7919784277456778,0.8153842769944437,NA
NovelmiRNA-3794,0.4752443427876717,0.041635380890963254,0.7919784339203301,NA,NA
NovelmiRNA-3030,0.25802615230925263,-0.04477138162575574,0.7915397842069466,0.8023498374070691,NA
NovelmiRNA-3540,2.952871962304058,0.16214064803377976,0.8368923390994379,NA,NA
NovelmiRNA-846,0.9059345284389991,0.04163560500229712,0.7919784849738459,NA,NA
NovelmiRNA-449,3.2148375316319804,-0.3378880805813545,1.058119524248895,0.12871323421929726,0.46916389665364494
NovelmiRNA-1610,0,0,3.3964499132696706,NA,NA
NovelmiRNA-3770,4.799234855974751,-0.8372015281239034,1.3851120227595526,0.020204715277545495,0.14955451014261617
NovelmiRNA-1082,1.361210249653054,0.041635746296170215,0.7919785171613399,0.8153825815919101,NA
NovelmiRNA-2286,1.0169639951123064,0.04163564488894872,0.7919784940602254,0.8153830196083955,NA
NovelmiRNA-679,3.260277663900999,0.34561438563444435,1.0880319379077388,0.12118445417142312,0.46661352938647704
NovelmiRNA-1770,0.08388531317982872,0.041634771422708265,0.7919782950824491,0.8153867924457501,NA
NovelmiRNA-788,0.23488189168483778,0.04163513473064013,0.7919783778443056,0.8153852231780434,NA
NovelmiRNA-69,0.44354665052070197,-0.03367737330546643,0.7896017281596062,0.8502288645454388,NA
NovelmiRNA-1885,1.1623396011258504,0.05265100203597241,0.7594840190350407,0.7839316751935345,NA
NovelmiRNA-2529,0.8955942914846375,0.04163560033042743,0.7919784839095713,0.8153832120736781,NA
NovelmiRNA-1410,0.8700444588732094,0.1559911905888399,0.8510881301997848,0.40680612895541624,NA
NovelmiRNA-900,0.6832695079886358,0.04163550611606166,0.7919784624471046,0.8153836190215824,NA
NovelmiRNA-3439,0.6908678721814518,0.04860215679303146,0.7705319919606354,0.7952396725344435,NA
NovelmiRNA-2526,0.2227707856817211,0.041635118171778056,0.7919783740721628,0.8153852947021619,NA
NovelmiRNA-2784,0.08541159697630465,0.04163478263687752,0.7919782976370318,0.8153867440073941,NA
NovelmiRNA-3261,1.5924295750873703,-0.24894606629225527,0.9394714237352557,NA,NA
hsa-miR-106b-3p,2171.2114988565263,-0.1530644023224991,0.833269601587484,0.4241835499667494,0.7986498259972464
hsa-miR-5696,0.09209844274435483,0.07468675636702142,0.8023779477216789,0.6780841366750558,NA
hsa-miR-4729,0,0,3.3964499132696706,NA,NA
hsa-miR-3679-3p,6.458763224654373,-0.004155283895085617,0.5109575883900751,0.985642788343446,0.99284972458702
hsa-miR-873-3p,162.2682128574547,-0.19222266557692083,0.533573974266722,0.43273386326668767,0.8067013994230845
hsa-miR-586,0.21955856360180387,0.01708203093690162,0.7873119119812199,0.9235491715552895,NA
hsa-miR-3190-3p,1.955263578355205,-0.12929686901745455,0.6830038524899702,0.5709363737113952,NA
hsa-miR-4800-3p,0.30677073148362044,0.06049224453100921,0.7972357260881735,0.7355660717845176,NA
hsa-miR-6872-5p,0.8595945023171074,0.09289567421670046,0.8078387849275238,0.6099455911656013,NA
hsa-miR-7108-5p,0.15406645232444946,-0.044772133907802825,0.7915399682706955,0.8023466143972914,NA
hsa-miR-518e-3p,0.13814766411653226,0.08647613506239493,0.8074452990616783,0.6323420154030415,NA
hsa-miR-767-3p,121.38655121696618,0.22329780413937814,0.5745274994753358,0.3748592774382229,0.7577802148177092
hsa-miR-4433b-5p,55.502272467889554,-0.5281432561687883,1.1169747555824519,NA,NA
hsa-miR-548f-3p,2.0679482155428377,0.2800070107245208,0.9889416593607693,0.17993237675331913,NA
hsa-miR-4467,0.8076486143218085,-0.09058319780863706,0.8025053618347079,0.6211755243477097,NA
hsa-miR-4793-3p,0,0,3.3964499132696706,NA,NA
hsa-miR-4699-5p,0,0,3.3964499132696706,NA,NA
hsa-miR-483-3p,18.72926204983909,-0.24378099763490815,0.5165240181176848,0.3281574119022383,0.733560986227403
hsa-miR-3138,0.7639825732770645,-0.10762484465354913,0.8096640381032427,0.5610546164141829,NA
hsa-miR-3121-3p,0.21569303325422923,-0.06776477514094888,0.797038462604333,0.7072681719374344,NA
hsa-miR-6866-3p,23.09105283041028,-0.37394853043894005,0.3829383546058229,0.10859790067850729,0.44832360089479517
hsa-miR-519b-3p,5.599415509966863,0.10404718966491625,0.6078068495553983,0.6580456698565751,0.9481501989553814
hsa-miR-4498,0,0,3.3964499132696706,NA,NA
hsa-miR-1245b-5p,0,0,3.3964499132696706,NA,NA
hsa-miR-493-3p,298.29819617397453,0.4639738838941301,0.6018697663258724,0.11036000364467483,0.45023692095451445
hsa-miR-3120-3p,6.7725446560769305,-0.5054978847376395,0.8214273337176073,0.10149843158819324,0.43415125384171793
hsa-miR-6516-5p,26.018161308315513,-0.5654629310972707,0.6766519745671109,0.0736746398389923,0.39045609467622494
hsa-miR-5579-3p,1.2319632827068012,0.23790917575415213,0.9179799439395923,0.24142644249236464,NA
hsa-miR-3691-5p,1.4093060734185956,-0.33113098190214685,0.8881133287333215,0.17118667329893336,NA
hsa-miR-3160-5p,0.12375512618563456,-0.02399126651055912,0.7882162109021386,0.8928263323278548,NA
hsa-miR-199a-5p,2683.2382995480125,-0.3149554889417879,0.465715547898796,0.2055572549707168,0.5900978232049094
hsa-miR-4476,0,0,3.3964499132696706,NA,NA
hsa-miR-6825-5p,0,0,3.3964499132696706,NA,NA
hsa-miR-9985,0,0,3.3964499132696706,NA,NA
hsa-miR-32-3p,0,0,3.3964499132696706,NA,NA
hsa-miR-2276-5p,6.405069140564083,-0.19726283443747827,0.5796944775424493,0.42653287109198823,0.8010754171006247
hsa-miR-627-5p,6.216445841796066,-0.016672768244568585,0.3448906869024347,0.9346427819173047,0.9753788618624712
hsa-miR-3914,0,0,3.3964499132696706,NA,NA
hsa-miR-3157-3p,9.731959097025065,-0.08868664727403384,0.37042267935000966,0.6750375490681972,0.9481501989553814
hsa-miR-6818-3p,0.4351664809633632,0.11698225962612245,0.8235489951659614,0.5237952435787967,NA
hsa-miR-1913,0.13307255771024487,0.08200577832459942,0.8054637394579035,0.6494447757414428,NA
hsa-miR-4658,0.30677073148362044,0.06049224453100921,0.7972357260881735,0.7355660717845176,NA
hsa-miR-4733-5p,0,0,3.3964499132696706,NA,NA
hsa-miR-509-5p,7.187732519757451,0.05442442879254829,0.6201910305185213,0.8123630361368126,0.9481501989553814
hsa-miR-4717-5p,0.22977202394920418,0.06049224453100921,0.7972357260881735,0.7355660717845176,NA
hsa-miR-3675-5p,1.5107375102529563,-0.09713888831416737,0.7587565913413848,0.6271050286283255,NA
hsa-miR-3917,0.5568980678353554,-0.14416962470047903,0.8363292406181887,0.44309482601925143,NA
hsa-miR-4780,0.5568980678353554,-0.14416962470047903,0.8363292406181887,0.44309482601925143,NA
hsa-miR-4790-3p,0,0,3.3964499132696706,NA,NA
hsa-miR-142-5p,3251.431435346515,-29.253199180122422,3.325782185593639,NA,NA
hsa-miR-4520-5p,0.4202115677449392,0.025348470428023614,0.7869852001099128,0.8871585455027269,NA
hsa-miR-3161,0.09243987139466968,-0.022329713116267354,0.7880284048834729,0.9001863048619506,NA
hsa-miR-885-3p,901.7498581312017,-0.38610621592787886,0.49733148320863474,0.14206414598580364,0.48976452154923167
hsa-miR-5191,0.18563268927845183,-0.05270082737436511,0.7932331911647242,0.7688496252608252,NA
hsa-miR-3919,0.17061745447364682,-0.04795757156465588,0.7921989575866767,0.7888058811015164,NA
hsa-miR-6767-5p,0.06162658092977978,-0.007978009129552526,0.7870500235561683,0.9642049607722485,NA
hsa-miR-615-5p,2.2207533705358733,0.48652520492515744,1.0970898957429995,0.07045160949654321,NA
hsa-miR-376a-3p,198.59158591762167,0.1566849472992892,0.4346612379669126,0.4935757741811487,0.8488603861201988
hsa-miR-511-3p,7.969367855307302,-0.12875128044397866,0.5602654797864386,0.590370823316188,0.905955706781347
hsa-miR-7973,0,0,3.3964499132696706,NA,NA
hsa-miR-6864-5p,0.13814766411653226,0.08647613506239493,0.8074452990616783,0.6323420154030415,NA
hsa-miR-548v,3.68486584554443,-0.15567587218746498,0.7476554674576215,0.4745363796242503,0.8312644237037332
hsa-miR-1295b-3p,0,0,3.3964499132696706,NA,NA
hsa-miR-3682-3p,0.30677073148362044,0.06049224453100921,0.7972357260881735,0.7355660717845176,NA
hsa-miR-4666b,0.03081329046488989,0.012143047961304613,0.7876348690684164,0.9455104810779233,NA
hsa-miR-3191-5p,0.7663147793820289,0.11698225962612233,0.8235489951659615,0.5237952435787971,NA
hsa-miR-299-5p,173.3725602871694,0.40423416414762414,0.6288051756794999,0.15492259669305355,0.5145671873398173
hsa-miR-524-3p,0.20539445701415904,0.08200577832459942,0.8054637394579035,0.6494447757414428,NA
hsa-miR-18b-3p,3.935026944052406,0.22346267970361186,0.705839461439616,0.36157377293293386,0.7555490755163835
hsa-miR-4523,0.518314083554064,0.02859662101930732,0.7868058943316055,0.8730400134207241,NA
hsa-miR-6718-5p,1.932520765376888,-0.3719757765138867,0.9419679838849405,0.13259575850529498,NA
hsa-miR-3925-3p,0,0,3.3964499132696706,NA,NA
hsa-miR-6805-3p,1.1332868658261528,-0.21205100804274263,0.8971093379975882,0.2830458998350298,NA
hsa-miR-4427,0,0,3.3964499132696706,NA,NA
hsa-miR-4639-3p,1.873493200286815,-0.3537408919471383,0.8552696423783531,0.16830066424755366,NA
hsa-miR-3186-3p,0.14590878815950975,-0.023991266510559137,0.7882162109021386,0.8928263323278547,NA
hsa-miR-770-3p,30.062359386347453,-1.513261817546969,1.0019562669030064,0.0032675051378528194,0.03935159475198719
hsa-miR-642a-3p,11.933460912684367,-0.5463891112683388,0.7040589205285576,0.08341693939911321,0.39907853217449785
hsa-miR-7155-3p,0.22977202394920418,0.06049224453100921,0.7972357260881735,0.7355660717845176,NA
hsa-miR-6800-3p,0,0,3.3964499132696706,NA,NA
hsa-miR-4727-5p,0.6618081935387157,-0.06697072102190814,0.7933325201772774,0.7123162632801499,NA
hsa-miR-4786-5p,0.20539445701415904,0.08200577832459942,0.8054637394579035,0.6494447757414428,NA
hsa-miR-510-5p,0,0,3.3964499132696706,NA,NA
hsa-miR-6834-5p,0.14590878815950975,-0.023991266510559137,0.7882162109021386,0.8928263323278547,NA
hsa-miR-1228-5p,2.6212908160303106,0.1879962025548025,0.7363620081086062,0.41258704942049396,0.7889023050408243
hsa-miR-556-3p,11.267819315141951,1.7995090483359408,0.9221677992147089,9.680485773340975e-4,0.014915850528311094
hsa-miR-10399-5p,14.047788106478151,0.18634694067366342,0.8523969313478068,0.3458830097297496,0.7450454829828761
hsa-miR-4667-5p,0.9629194111209868,-0.21181734396231625,0.7525421637600819,0.3617802110423055,NA
hsa-miR-302a-3p,13.658722869580044,-0.09500236569769435,0.5274342725963751,0.6862739749769831,0.9481501989553814
hsa-miR-6845-5p,0.9889989343706428,-0.2770275399053731,0.7895825620781721,0.2565755409778355,NA
hsa-miR-409-5p,2316.4296560390267,0.005425485205748967,0.45518534933585775,0.980834952515969,0.99284972458702
hsa-miR-5003-3p,0,0,3.3964499132696706,NA,NA
hsa-miR-3617-3p,4.183012626658572,-0.20382248002808656,0.6814551971339804,0.4033348278773642,0.780814859095923
hsa-miR-552-5p,21.621768484218133,-0.027421680144129334,0.4732711330351503,0.9043394612128467,0.9671484168724624
hsa-miR-6727-3p,0.06162658092977978,-0.007978009129552526,0.7870500235561683,0.9642049607722485,NA
hsa-miR-3667-3p,0.14590878815950975,-0.023991266510559137,0.7882162109021386,0.8928263323278547,NA
hsa-miR-548al,0.9203121944508614,0.11698227312806603,0.8235490034369227,0.5237951987340292,NA
hsa-miR-4657,0.30677073148362044,0.06049224453100921,0.7972357260881735,0.7355660717845176,NA
hsa-miR-548ae-3p,0,0,3.3964499132696706,1,NA
hsa-miR-147b-3p,1.7839809937698372,-0.00429218244889495,0.779432838246306,0.9810456896529598,NA
hsa-miR-5695,2.4686010630955666,0.3022641384927835,1.0208354387835192,0.1566814076067364,0.5145671873398173
hsa-miR-625-5p,436.8403313278603,-0.26201890483907075,0.442977774442425,0.2728324354923735,0.6797921575022808
hsa-miR-548t-5p,0,0,3.3964499132696706,NA,NA
hsa-miR-6895-3p,1.2174051598807019,-0.1766002839631616,0.7413886557725506,0.4326481468772722,NA
hsa-miR-6779-3p,0,0,3.3964499132696706,NA,NA
hsa-miR-3678-5p,0,0,3.3964499132696706,NA,NA
hsa-miR-1247-3p,20.002408113080055,0.5489579224760018,0.8744003509357625,0.08300639597397351,0.39907853217449785
hsa-miR-3129-3p,0.9203121944508614,0.11698227312806603,0.8235490034369227,0.5237951987340292,NA
hsa-miR-6733-3p,14.174202761585013,-0.49585615520122994,0.5209688143787216,0.07770497661777698,0.3937399821907491
hsa-miR-513b-5p,0.18985802774695315,0.09883771457297005,0.8133474284138689,0.5866488291391552,NA
hsa-miR-4728-3p,0,0,3.3964499132696706,NA,NA
hsa-miR-4725-3p,0.40375544909051353,0.05581012894899639,0.7940894013291624,0.755842551692986,NA
hsa-miR-1304-5p,16.26766479500826,-0.07919340907595866,0.5303591164131433,0.7353193839427423,0.9481501989553814
hsa-miR-6762-5p,4.044890221829736,-0.04289816538901399,0.5220658096883365,0.8534047164774189,0.9582455323136619
hsa-miR-4761-3p,0.14590878815950975,-0.023991266510559137,0.7882162109021386,0.8928263323278547,NA
hsa-miR-335-5p,1345.2470869436966,-0.0489618148506041,0.35858615545494166,0.8134827655800971,0.9481501989553814
hsa-miR-6716-3p,1.9994190210603207,-0.13610272235323576,0.8275947854573262,0.46875276106226565,NA
hsa-miR-6820-5p,0.8015656806840774,-0.21825965709189574,0.8108899521348725,0.31910818071406694,NA
hsa-miR-6785-5p,0.09243987139466968,-0.022329713116267354,0.7880284048834729,0.9001863048619506,NA
hsa-miR-6840-5p,0,0,3.3964499132696706,NA,NA
hsa-miR-4433a-5p,0.21569303325422923,-0.06776477514094888,0.797038462604333,0.7072681719374344,NA
hsa-miR-521,0.09209844274435483,0.07468675636702142,0.8023779477216789,0.6780841366750558,NA
hsa-miR-1245a,0.30677073148362044,0.06049224453100921,0.7972357260881735,0.7355660717845176,NA
hsa-miR-548ac,0.13814766411653226,0.08647613506239493,0.8074452990616783,0.6323420154030415,NA
hsa-miR-3187-5p,1.668376012917987,-0.4313229885759426,0.846335689507267,0.12957263370597463,NA
hsa-miR-4772-3p,4.111286774431856,-0.2746650228889123,0.7938261757401953,0.2572711131328462,0.6674903450697556
hsa-miR-1273h-3p,0,0,3.3964499132696706,1,NA
hsa-miR-6789-3p,0.4572118417934441,-0.12664412052440877,0.8244853257085402,0.4958356293440911,NA
hsa-miR-5587-3p,0.17537155057887766,-0.05035806037150273,0.7927346685933515,0.7786655274470615,NA
hsa-miR-520b-5p,1.805925325849036,0.3891965048557848,0.7549149525017902,0.16841249291887608,NA
hsa-miR-548q,2.1473951203853434,0.2825424977855426,0.9924767701888144,0.17708318849471874,NA
hsa-miR-181c-3p,829.7583205172731,0.044977404456147764,0.31585261354779937,0.8165814620813521,0.9481501989553814
hsa-miR-10398-5p,8.223018593252217,-0.38689746656026924,0.7708567277625379,0.16796490673162098,0.5328298511864447
hsa-miR-331-5p,338.92752434483253,-0.18406931443101118,0.5137751601067192,0.447517491165192,0.8122012159368269
hsa-miR-7704,6.9061952724772615,-0.014248233816086805,0.7763319486901168,NA,NA
hsa-miR-4999-3p,4.921649104834591,0.18800918403853914,0.7439929362913162,0.40864822673352574,0.7889023050408243
hsa-miR-6796-3p,0.4315740760327697,-0.12118282633135224,0.8211302925174866,0.5132612505399381,NA
hsa-miR-1291,3.2734316238774497,-0.009425143275552345,0.7771275715644002,0.9586229577734896,0.9887436244794872
hsa-miR-6758-5p,0.18487974278933936,-0.056051912683306275,0.7939605760426967,0.7549293371002045,NA
hsa-miR-449b-5p,0,0,3.3964499132696706,NA,NA
hsa-miR-4758-5p,0.12657201849796876,0.08200577832459942,0.8054637394579035,0.6494447757414428,NA
hsa-miR-4701-3p,1.559934993882538,-0.05979553415113587,0.6593898351914944,0.788920464888453,NA
hsa-miR-4637,0,0,3.3964499132696706,NA,NA
hsa-miR-5584-5p,10.042869943005401,-0.4433659699813681,0.8176807227324596,0.12867948313732103,0.46916389665364494
hsa-miR-4450,0,0,3.3964499132696706,NA,NA
hsa-miR-3135a,0.3998899187429389,-0.01146927943028051,0.7845289552842843,0.9488662078490929,NA
hsa-miR-4671-5p,1.518781805085746,-0.005018274862322135,0.7790624661658427,0.9778589663287198,NA
hsa-miR-574-5p,0,0,3.3964499132696706,NA,NA
hsa-miR-6748-5p,0.6456176461431117,-0.1577003081215458,0.8465799951531331,0.4056868035298051,NA
hsa-miR-188-3p,9.091006804273075,0.8343347734371986,0.729178408028004,0.022887708635805897,0.1645735240003186
hsa-miR-4649-3p,0.21619499758030425,-0.06613462419892623,0.7965607811246715,0.7138046773922855,NA
hsa-miR-4485-3p,0.20932555806461461,0.08200577832459942,0.8054637394579035,0.6494447757414428,NA
hsa-miR-4724-5p,0.3326081518883625,-0.09931343660939611,0.8093262718872057,0.5876724455309033,NA
hsa-miR-519c-5p,2.63844840748334,0.17614183998161348,0.6592944336032246,0.46483587033014395,0.8247611078103003
hsa-miR-5188,1.8388352909957233,-0.10038460769935124,0.6754113225094646,0.6553535579545544,NA
hsa-miR-520b-3p,2.143365626065241,-0.10842347052119371,0.7189917814693361,0.614354515774844,NA
hsa-miR-4521,3.0705429336785874,0.33438800629704146,1.0700432880588147,0.12929987862057524,0.46916389665364494
hsa-miR-4731-5p,0.612031240607006,-0.1569309279224063,0.8404193521000702,0.4110896035254009,NA
hsa-miR-361-5p,2476.6687929983605,-0.022413868633708735,0.7444795287324161,0.9084851293660685,0.9687116523159012
hsa-miR-4760-3p,1.2016318717217893,0.14174261483973027,0.7803512330833027,0.48672372207356274,NA
hsa-miR-10526-3p,0.2691619500190693,-0.08307526086181452,0.8022870700344839,0.6475262918625673,NA
hsa-miR-4755-3p,0.6456156862800432,-0.07082010622762175,0.7512854446881885,0.7201973876002128,NA
hsa-miR-4638-3p,0.22977202394920418,0.06049224453100921,0.7972357260881735,0.7355660717845176,NA
hsa-miR-4516,0,0,3.3964499132696706,NA,NA
hsa-miR-4672,0.6377994507654183,-0.09168271794914774,0.8039269770539523,0.6165310371509358,NA
hsa-miR-515-5p,0,0,3.3964499132696706,NA,NA
hsa-miR-4664-5p,0.3226859782555568,0.04234344655624515,0.7907969524917371,0.8128393479989624,NA
hsa-miR-6844,0.13307255771024487,0.08200577832459942,0.8054637394579035,0.6494447757414428,NA
hsa-miR-4491,0.06162658092977978,-0.007978009129552526,0.7870500235561683,0.9642049607722485,NA
hsa-miR-6751-3p,0.28771605068851314,-0.08690466333104878,0.8038121447203793,0.6330735968478274,NA
hsa-miR-4431,0.45954404789840836,0.08200577832459942,0.8054637394579035,0.6494447757414428,NA
hsa-miR-7114-5p,3.5276791374440557,0.0068139370661238225,0.64952666257856,0.9755857680612521,0.99284972458702
hsa-miR-6515-5p,4.488586881139683,0.0384699121162135,0.6107556823941919,0.8668418906030757,0.9587732078921072
hsa-miR-3150a-5p,0.4773881859572673,-0.029088555815492956,0.7882464976180509,0.8705123086835556,NA
hsa-miR-3150b-3p,1.3054179693926102,-0.15861908521181106,0.8458436148269354,0.4041204450904038,NA
hsa-miR-6823-3p,0,0,3.3964499132696706,NA,NA
hsa-miR-4798-3p,3.3524832982306,0.0672904695643128,0.5194183871365243,0.7728241540057472,0.9481501989553814
hsa-miR-4659b-3p,0.12657201849796876,0.08200577832459942,0.8054637394579035,0.6494447757414428,NA
hsa-miR-3663-3p,0.09209844274435483,0.07468675636702142,0.8023779477216789,0.6780841366750558,NA
hsa-miR-4716-3p,0.30677073148362044,0.06049224453100921,0.7972357260881735,0.7355660717845176,NA
hsa-miR-526a-3p,1.8979572376797862,0.2871271582532448,0.6929850674450115,0.2729027467491267,NA
hsa-miR-4709-5p,1.287280630575052,-0.01972833080423569,0.7380352309756921,0.9203477983579149,NA
hsa-miR-499b-3p,0.12711869220713418,0.08200577832459942,0.8054637394579035,0.6494447757414428,NA
hsa-miR-6754-5p,0,0,3.3964499132696706,NA,NA
hsa-miR-6736-5p,0.09209844274435483,0.07468675636702142,0.8023779477216789,0.6780841366750558,NA
hsa-miR-548aj-3p,6.109268788793019,0.1842406896726223,0.6672278138247908,0.4457296532832763,0.8122012159368269
hsa-miR-549a-5p,4.546802719975104,-0.17715591279644674,0.53894100695092,0.46721622980377275,0.8261083220183804
hsa-miR-6735-5p,1.6153043224501957,-0.2090874292297112,0.8215120875068056,0.32657503911281327,NA
hsa-miR-1909-3p,0.5894170873098455,-0.08529721110004826,0.8021737712259225,0.6397211895664761,NA
hsa-miR-6876-3p,0.13307255771024487,0.08200577832459942,0.8054637394579035,0.6494447757414428,NA
hsa-miR-548ai,4.004514746132261,-0.05053257124258471,0.5543674539755588,0.8283599065238065,0.9504737529262522
hsa-miR-4526,0.13307255771024487,0.08200577832459942,0.8054637394579035,0.6494447757414428,NA
hsa-miR-628-3p,245.8523680396778,-0.4358365077995376,0.5472417619832763,0.11731132815141157,0.4572192469303453
hsa-miR-4678,0.3421163440988242,-0.10239886558905313,0.8108316588916683,0.5767332862461978,NA
hsa-miR-671-5p,100.83063245502056,-0.434212723504085,0.4970987545690622,0.10600064401418814,0.44461381239284475
hsa-miR-1258,1.9755332654638353,0.028824774817541494,0.7465452412556899,0.8822422534396958,NA
hsa-miR-4799-5p,0.49935294540830905,-0.13418248903326382,0.8293795922744226,0.47255482417929123,NA
hsa-miR-520c-5p,0.5330564812153393,0.01639734675115429,0.7846358494101281,0.9270111803553751,NA
hsa-miR-6717-3p,0.09209844274435483,0.07468675636702142,0.8023779477216789,0.6780841366750558,NA
hsa-miR-4638-5p,0,0,3.3964499132696706,NA,NA
hsa-miR-4676-5p,1.3242323005439764,-0.12451174866865106,0.6640239207211487,0.5897649358803321,NA
hsa-miR-4797-5p,2.2219530448765226,-0.1054935799142352,0.6817244998003115,0.6381581926180074,NA
hsa-miR-10394-5p,0,0,3.3964499132696706,NA,NA
hsa-miR-4640-5p,0.45954404789840836,0.08200577832459942,0.8054637394579035,0.6494447757414428,NA
hsa-miR-609,0.5365427554328246,0.08200577832459942,0.8054637394579035,0.6494447757414428,NA
hsa-miR-520d-3p,0.34123490894729364,-0.10222312728422292,0.8107444910568644,0.5773525354936471,NA
hsa-miR-548at-5p,0.12375512618563456,-0.02399126651055912,0.7882162109021386,0.8928263323278548,NA
hsa-miR-548j-3p,2.5047703176372167,0.0033737120143821236,0.6744024759963332,0.9876017063227284,0.99284972458702
hsa-miR-3074-3p,20.404982710163193,0.49149737268011995,0.6441739206011788,0.10157983588627413,0.43415125384171793
hsa-miR-6743-3p,1.0248989870702505,-0.11530518254061478,0.7111101643563622,0.5981216260047377,NA
hsa-miR-6746-5p,0.678407230137673,-0.024128320958909724,0.7863123322385098,0.8926579131542118,NA
hsa-miR-7855-5p,0.22748993929819575,-0.0692672214317178,0.7974926940175686,0.7012725810235145,NA
hsa-miR-1912-3p,8.64454115426353,0.28832789743880716,0.6423795829823972,0.27483836305435283,0.6803375872329062
hsa-miR-6761-3p,0.12325316185955956,-0.033678556948591905,0.7896019444527461,0.8502236901944418,NA
hsa-miR-6827-3p,4.219152087607896,-0.1525501638006591,0.4845799711651323,0.5182666133330669,0.8656887014744813
hsa-miR-7974,0.6138531387454531,-0.15738017968802628,0.8407546159036468,0.40989666548468306,NA
hsa-miR-6865-3p,0.11374496964909787,-0.023991266510559113,0.7882162109021386,0.8928263323278548,NA
hsa-miR-4776-5p,0.30677073148362044,0.06049224453100921,0.7972357260881735,0.7355660717845176,NA
hsa-miR-539-5p,423.11802111423947,-0.14621339199945535,0.4213242553491237,0.5170037613367215,0.8656887014744813
hsa-miR-942-3p,27.757900074831007,-0.24967407934021874,0.5270502420807182,0.3203832524519933,0.728582396389322
hsa-miR-518e-5p,1.0116488567390833,-0.07230465835650142,0.7962194819122004,0.6904962300100271,NA
hsa-miR-6860,0.568970621425256,-0.06323166797336284,0.7933288819002224,0.7267783811283828,NA
hsa-miR-485-5p,565.8511127757928,-0.19678786927968647,0.4981608569110527,0.41593555051411724,0.7890234689400968
hsa-miR-5088-5p,0.46727164669311777,-0.027325506063926128,0.7852299016067774,0.8789737480551709,NA
hsa-miR-4680-3p,0.22977202394920418,0.06049224453100921,0.7972357260881735,0.7355660717845176,NA
hsa-miR-33b-3p,1.9947184936117288,-0.28348960862142963,0.8650866880052035,0.21628157970103618,NA
hsa-miR-3165,0,0,3.3964499132696706,NA,NA
hsa-miR-6831-5p,0.24681752735934276,0.01542757162185188,0.7871437405065951,0.9309288964598722,NA
hsa-miR-939-5p,2.122869459434515,-0.17002210011021107,0.8542826052127426,NA,NA
hsa-miR-132-3p,5086.462572251778,-1.8764857412065559,0.7697588651196761,3.111416646272947e-4,0.006525332133155763
hsa-miR-6810-3p,0.6289509596358067,-0.15509029902610486,0.844528511898891,0.41267980389821085,NA
hsa-miR-3183,0.24681752735934276,0.01542757162185188,0.7871437405065951,0.9309288964598722,NA
hsa-miR-512-5p,2.0426304928151575,0.10804997087368655,0.6288101210081452,0.6436361387025868,NA
hsa-miR-4802-3p,0,0,3.3964499132696706,NA,NA
hsa-miR-1915-5p,0,0,3.3964499132696706,NA,NA
hsa-miR-548b-3p,12.8624476146401,0.09880337061120618,0.5086214377086594,0.6732901405712248,0.9481501989553814
hsa-miR-466,0.20539445701415904,0.08200577832459942,0.8054637394579035,0.6494447757414428,NA
hsa-miR-3163,0.6444237906877477,-0.01599562947687971,0.78600880983525,0.9285768495755325,NA
hsa-miR-5699-3p,5.565838666876301,-0.14133346127408802,0.751997796218559,0.5062615919413298,0.8531863882046965
hsa-miR-1277-5p,27.093923348102727,-0.031996661292847395,0.3725311314218746,0.8794291249693308,0.9628600406232922
hsa-miR-541-5p,14.720718382474796,-0.03936210835029855,0.45001029438488344,0.8615020094641049,0.9583062575592063
hsa-miR-6729-3p,0.12657201849796876,0.08200577832459942,0.8054637394579035,0.6494447757414428,NA
hsa-miR-33a-3p,5.073753312942321,-0.41191243874083594,1.187400810933583,0.08543603993954957,0.39907853217449785
hsa-miR-6792-5p,0,0,3.3964499132696706,NA,NA
hsa-miR-4711-3p,1.0730855108656492,0.18613280418452033,0.8779060176959215,0.33289834639442256,NA
hsa-miR-5583-3p,0.3534441572487993,-0.10455665596438686,0.8119159350358298,0.5691676989996312,NA
hsa-miR-6822-3p,0,0,3.3964499132696706,NA,NA
hsa-miR-3936,0.6616188356560773,0.07105490250829623,0.7987626411031863,0.6937782250831785,NA
hsa-miR-140-3p,17007.415403704043,-0.3643377299106106,0.41761187651793774,0.13267701570771434,0.4755461456375508
hsa-miR-7152-5p,0.554030001691852,-0.05680626181715878,0.7926086336642014,0.7525454380294776,NA
hsa-miR-4712-5p,0.3568907161563384,0.10250529782048064,0.8152616508351066,0.5735321783532245,NA
hsa-miR-525-5p,0.3898345894251358,0.014238239052921065,0.7858337254573234,0.9364028369045445,NA
hsa-miR-1914-3p,1.529157115559485,-0.03816687075456017,0.6658704699060173,0.8624709927254309,NA
hsa-miR-3944-3p,0.22551242910491454,0.01708203093690164,0.7873119119812199,0.9235491715552894,NA
hsa-miR-5009-5p,1.9463197980970193,-0.08968098120641999,0.7630812964321633,0.6487512797056647,NA
hsa-miR-377-5p,116.1349643153929,0.028142000541906437,0.41841522988368673,0.8984492823076176,0.9661852566289374
hsa-miR-130b-3p,562.122520674376,2.218406479195256,0.5188413808354086,8.513311695314899e-7,4.285033553308499e-5
hsa-miR-12114,0.39341904053077886,-0.11359549253825169,0.816737534163357,0.5382448842134404,NA
hsa-miR-4796-3p,2.4686761463446776,0.16159687208883855,0.662518241894826,0.4967618812312951,0.8508624189419226
hsa-miR-5000-5p,0.6516255095827093,0.004854104371148717,0.7396689997961998,0.9802667142766517,NA
hsa-miR-4670-5p,0.6135414629672409,0.08200577832459942,0.8054637394579035,0.6494447757414428,NA
hsa-miR-3064-3p,1.4406047480988142,-0.027927380058414518,0.7810073833570805,NA,NA
hsa-miR-6720-5p,3.8079697591596386,-0.19048207616731147,0.6626501494023964,0.4339236597336243,0.8069270027066165
hsa-miR-6506-5p,0,0,3.3964499132696706,NA,NA
hsa-miR-382-5p,1093.202709406697,0.02158050388549099,0.38130913128224103,0.9192708395406656,0.9693428545435789
hsa-miR-4703-3p,0.9819387753806412,0.0644856948074281,0.7972665491201177,0.7198336977658741,NA
hsa-miR-4706,0,0,3.3964499132696706,NA,NA
hsa-miR-6848-5p,0,0,3.3964499132696706,NA,NA
hsa-miR-3159,0.13814766411653226,0.08647613506239493,0.8074452990616783,0.6323420154030415,NA
hsa-miR-1537-3p,1.4617860012104835,0.11544621783318712,0.7228415466187046,0.5920775613977425,NA
hsa-miR-3197,0,0,3.3964499132696706,NA,NA
hsa-miR-6878-5p,0.3315414774379616,-0.09909533804361388,0.8092218719505965,0.5884510571153971,NA
hsa-miR-876-3p,43.81843097392858,-0.6221565141188095,1.0897532527281117,0.04797561358669893,0.3018465688163141
hsa-miR-3692-5p,0.2730274803666439,0.015427571621851885,0.7871437405065951,0.9309288964598721,NA
hsa-miR-2681-5p,25.70714980144441,0.026317145412708194,0.5009917993625147,0.9091217597371148,0.9687116523159012
hsa-miR-4435,0.2918175763190195,-0.08798932172981849,0.8042593532906068,0.6290170809578339,NA
hsa-miR-6728-5p,0,0,3.3964499132696706,NA,NA
hsa-miR-506-5p,2.080612868545331,-0.05476039496522424,0.6289538867436345,0.8103154697605852,NA
hsa-miR-3622a-3p,31.210285010873964,1.3505551726672498,1.0185796693287357,0.005750232020757085,0.059471577748926016
hsa-miR-4765,0.06162658092977978,-0.007978009129552526,0.7870500235561683,0.9642049607722485,NA
hsa-miR-3615,34.6894883669799,-23.872610323037648,3.3262849040575877,3.6477768031214173e-13,6.885178715891675e-11
hsa-miR-6852-5p,3.1457794668676664,-0.5030919644272084,1.0127176034053111,0.07615940770728062,0.3911588627142644
hsa-miR-509-3-5p,41.96075146447724,0.128262077365281,0.5323232798543294,0.5902446542507855,0.905955706781347
hsa-miR-522-5p,0.9979320932368536,-0.05931337123947465,0.746528094784158,0.764220263362005,NA
hsa-miR-3126-5p,0.843313486916445,0.11698225962612245,0.8235489951659614,0.5237952435787967,NA
hsa-miR-3942-5p,0.20932555806461461,0.08200577832459942,0.8054637394579035,0.6494447757414428,NA
hsa-miR-548h-3p,0.6893160718476126,0.1169822731280661,0.8235490034369228,0.523795198734029,NA
hsa-miR-4776-3p,0.30677073148362044,0.06049224453100921,0.7972357260881735,0.7355660717845176,NA
hsa-miR-6858-5p,0,0,3.3964499132696706,NA,NA
hsa-miR-3188,1.1420064476951124,0.15166872148716334,0.7879532572484886,0.45776430046075695,NA
hsa-miR-4482-3p,2.456872002908613,-0.0802170387604249,0.7172008101921847,0.7035634092289,0.9481501989553814
hsa-miR-5571-3p,0,0,3.3964499132696706,NA,NA
hsa-miR-548as-5p,0,0,3.3964499132696706,NA,NA
hsa-miR-4749-5p,1.2052382227381602,-0.014602877672461068,0.5982892749778883,0.9493519791861933,NA
hsa-miR-3192-3p,0.7537584975280924,-0.09914856394896047,0.7505492242529871,0.6256229022147454,NA
hsa-miR-6867-5p,0,0,3.3964499132696706,NA,NA
hsa-miR-7112-3p,0,0,3.3964499132696706,NA,NA
hsa-miR-4529-3p,1.301069951424786,0.026892087110598085,0.7031215193189887,0.8979526015135542,NA
hsa-miR-2682-3p,235.78172165620342,-0.5617223455311261,0.719687139799952,0.0789210190427757,0.3946050952138785
hsa-miR-7843-5p,0.2943725806592814,-0.08986227080834494,0.8050473499742887,0.6220515050979114,NA
hsa-miR-6851-5p,0.6812842082184452,-0.15951826820224949,0.7810630961785836,0.4446684632259987,NA
hsa-miR-4740-5p,0.30677073148362044,0.06049224453100921,0.7972357260881735,0.7355660717845176,NA
hsa-miR-452-3p,26.549662518584732,0.13100018343246966,0.7479652307056992,0.5352656752375433,0.8746095546336428
hsa-miR-5690,1.2134919439351592,-0.10604870302445428,0.8109648100100367,0.565100410783803,NA
hsa-miR-338-3p,12433.277424789594,-0.34470843076185487,0.5944503289022055,0.2041823419560096,0.5894350899552753
hsa-miR-371b-3p,0.8904058841216594,-0.12613596564278898,0.8234533738807582,0.497903120072719,NA
hsa-miR-548aq-3p,14.554584617354164,0.16947231835375262,0.840184361232069,0.38484017053797465,0.7639104201256335
hsa-miR-4691-5p,0,0,3.3964499132696706,NA,NA
hsa-miR-11399,0.30809168552123856,0.1169822731280661,0.8235490034369228,0.523795198734029,NA
hsa-miR-513a-5p,0.3177967305178354,0.12397814775030004,0.8279546517336778,0.5009608048131997,NA
hsa-miR-219b-5p,2.1516973149205847,-0.06539898221554792,0.5394644340192692,0.7796131795964117,NA
hsa-miR-6817-3p,0.6035920000458789,-0.15516572293776906,0.8400982686940999,0.4152001495050317,NA
hsa-miR-519d-3p,1.1401520907790397,-0.059242160466345645,0.7447295947104089,0.7652433042659318,NA
hsa-miR-4766-3p,0.2918175763190195,-0.08798932172981849,0.8042593532906068,0.6290170809578339,NA
hsa-miR-4723-5p,0,0,3.3964499132696706,NA,NA
hsa-miR-6502-5p,0.31726944319895456,0.12450930857967152,0.8282924478117779,0.4992641692643273,NA
hsa-miR-2467-3p,4.7315791225549635,0.10408175397743324,0.5970187526306238,0.6589236899881552,0.9481501989553814
hsa-miR-3920,0.21886318223926463,-0.0645145490964817,0.796101740873353,0.7203326141743941,NA
hsa-miR-4709-3p,1.287280630575052,-0.01972833080423569,0.7380352309756921,0.9203477983579149,NA
hsa-miR-3136-3p,0.9488036631587756,-0.12636701182844845,0.82260909937451,0.4978223586931249,NA
hsa-miR-378b,0,0,3.3964499132696706,NA,NA
hsa-miR-3140-5p,1.5124607314459038,-0.14575515186429974,0.7310968448988904,0.507434399389298,NA
hsa-miR-5706,0.3093878154640864,-0.09372103886234051,0.8067335572232562,0.6078583805730067,NA
hsa-miR-3116,0,0,3.3964499132696706,NA,NA
hsa-miR-5008-5p,0.20539445701415904,0.08200577832459942,0.8054637394579035,0.6494447757414428,NA
NovelmiRNA-717,0,0,3.3964499132696706,NA,NA
NovelmiRNA-3730,0.5720784748112578,-0.14646174943726778,0.8379984706730993,0.43655573377470724,NA
NovelmiRNA-448,0,0,3.3964499132696706,NA,NA
NovelmiRNA-2709,0,0,3.3964499132696706,NA,NA
NovelmiRNA-2993,0.06162658092977978,-0.007978009129552526,0.7870500235561683,0.9642049607722485,NA
NovelmiRNA-1643,0,0,3.3964499132696706,NA,NA
NovelmiRNA-1702,0.554639228368018,-0.14531168378939674,0.8371574924165686,0.4398263526627547,NA
NovelmiRNA-2638,0,0,3.3964499132696706,NA,NA
NovelmiRNA-766,0,0,3.3964499132696706,NA,NA
NovelmiRNA-3166,0.9701858685831004,-0.19644840985327527,0.8811097525293653,0.3139552942039865,NA
NovelmiRNA-3103,0,0,3.3964499132696706,NA,NA
NovelmiRNA-3461,0,0,3.3964499132696706,NA,NA
NovelmiRNA-123,0,0,3.3964499132696706,NA,NA
NovelmiRNA-3636,0,0,3.3964499132696706,NA,NA
NovelmiRNA-3122,2.4244811488433604,-0.10695199145406815,0.807492215992592,0.5645754866006107,0.8917457999653998
NovelmiRNA-2001,0,0,3.3964499132696706,NA,NA
NovelmiRNA-2663,0,0,3.3964499132696706,NA,NA
NovelmiRNA-3094,0,0,3.3964499132696706,NA,NA
NovelmiRNA-3047,0,0,3.3964499132696706,NA,NA
NovelmiRNA-2167,3.4664746935881423,-0.3493716455843585,1.0827222738316027,0.11974316520740297,0.46362097298250893
NovelmiRNA-761,0,0,3.3964499132696706,NA,NA
NovelmiRNA-129,0,0,3.3964499132696706,NA,NA
NovelmiRNA-2841,0,0,3.3964499132696706,NA,NA
NovelmiRNA-1190,0,0,3.3964499132696706,NA,NA
NovelmiRNA-2030,0,0,3.3964499132696706,NA,NA
NovelmiRNA-1282,11.195487767613125,-0.12088981508977803,0.7587139654827486,0.5560949200325477,0.8895162386113845
NovelmiRNA-2536,0,0,3.3964499132696706,NA,NA
NovelmiRNA-820,0,0,3.3964499132696706,NA,NA
NovelmiRNA-3206,0,0,3.3964499132696706,NA,NA
NovelmiRNA-2382,0,0,3.3964499132696706,NA,NA
NovelmiRNA-3219,0,0,3.3964499132696706,NA,NA
NovelmiRNA-2444,0,0,3.3964499132696706,NA,NA
NovelmiRNA-2047,0.9243987139466967,-0.19265698259426903,0.8774001889274929,NA,NA
NovelmiRNA-2910,0.18563268927845183,-0.05270082737436511,0.7932331911647242,0.7688496252608252,NA
NovelmiRNA-815,0.15406645232444946,-0.044772133907802825,0.7915399682706955,0.8023466143972914,NA
NovelmiRNA-3199,0,0,3.3964499132696706,NA,NA
NovelmiRNA-3805,0,0,3.3964499132696706,NA,NA
NovelmiRNA-1297,1.8487974278933934,-0.26669366087082363,0.9619945465872273,NA,NA
NovelmiRNA-1933,0.4922885710099482,0.15206887341848177,0.8479535426550555,0.4174596199890277,NA
NovelmiRNA-2582,0.6162658092977978,-0.15469841024227887,0.8442235318661658,0.41373894540675,NA
NovelmiRNA-1119,0,0,3.3964499132696706,NA,NA
NovelmiRNA-2800,0,0,3.3964499132696706,NA,NA
NovelmiRNA-1898,0.9449953050706614,-0.19390854755763387,0.8786169405338708,0.31929989013831755,NA
NovelmiRNA-1685,0,0,3.3964499132696706,NA,NA
NovelmiRNA-3564,0,0,3.3964499132696706,NA,NA
NovelmiRNA-2912,0,0,3.3964499132696706,NA,NA
NovelmiRNA-1294,0,0,3.3964499132696706,NA,NA
NovelmiRNA-529,1703.707059636594,28.17810954029191,3.3701010283938717,2.4505447895234708e-17,9.250806580451102e-15
NovelmiRNA-3669,1.546939077320432,-0.2455768908520111,0.9353484520334086,NA,NA
NovelmiRNA-1945,0,0,3.3964499132696706,NA,NA
NovelmiRNA-1400,0.3992176731307346,0.13862691223029128,0.8378436542580547,0.45583306295703485,NA
NovelmiRNA-3490,2.256250910429958,-0.2904529324169009,0.9941675511181717,0.17034669995815108,NA
NovelmiRNA-3674,0,0,3.3964499132696706,1,NA
NovelmiRNA-2534,0,0,3.3964499132696706,NA,NA
NovelmiRNA-3587,3.3546595678218525,-0.17524324465897798,0.8568061061556401,0.36385038550440485,0.7555490755163835
NovelmiRNA-2941,0.14385802534425657,-0.023991266510559137,0.7882162109021386,0.8928263323278547,NA
NovelmiRNA-1169,4.0450750028319815,0.09812624689772242,0.8020028612702315,0.5962908529984761,0.9118586401243624
NovelmiRNA-1756,12.25633820539882,-21.491774535139236,3.327330582477019,NA,NA
NovelmiRNA-2328,0.41865111612922923,0.139465149772571,0.8384452966619959,0.45335529310255696,NA
NovelmiRNA-2986,0,0,3.3964499132696706,1,NA
NovelmiRNA-1378,0,0,3.3964499132696706,1,NA
NovelmiRNA-2648,0,0,3.3964499132696706,1,NA
NovelmiRNA-1533,14.118259240173984,-0.1529772916328923,0.6594902826953911,0.5179246299059908,0.8656887014744813
NovelmiRNA-1863,1.3080671509646256,-0.2273523928598187,0.9139224923190751,NA,NA
NovelmiRNA-2854,0,0,3.3964499132696706,NA,NA
NovelmiRNA-1095,0.4315740760327697,-0.12118282633135224,0.8211302925174866,0.5132612505399381,NA
NovelmiRNA-953,4.315740760327697,-0.3837274305620144,1.1391147713780738,NA,NA
NovelmiRNA-2422,0,0,3.3964499132696706,NA,NA
NovelmiRNA-2547,0.17061745447364682,-0.04795757156465588,0.7921989575866767,0.7888058811015164,NA
NovelmiRNA-3368,0,0,3.3964499132696706,NA,NA
NovelmiRNA-2483,1.3405818398472356,0.23547728253670897,0.931329816684707,0.23979920678790131,NA
NovelmiRNA-3200,0,0,3.3964499132696706,NA,NA
NovelmiRNA-3485,0,0,3.3964499132696706,NA,NA
NovelmiRNA-2840,0,0,3.3964499132696706,NA,NA
NovelmiRNA-3054,2.464927150625711,-0.18254809676621864,0.8649248436425027,NA,NA
NovelmiRNA-2432,6.406860832950173,0.02905505272877204,0.4850593670175492,0.8991886974430157,0.9661852566289374
NovelmiRNA-1056,0,0,3.3964499132696706,NA,NA
NovelmiRNA-729,0.5723073394880639,-0.14631140288153316,0.8378881365017109,0.43698211394179837,NA
NovelmiRNA-1130,2.8001662626659716,-0.3187919143234149,1.0353191510505397,0.14322196754351368,0.49151175225160376
NovelmiRNA-1293,0.277319614184009,-0.08738429835859853,0.8040090724655248,0.6312777711312509,NA
NovelmiRNA-1819,14.275258625374999,21.015624924389797,3.3729475114377077,2.742719144687527e-10,1.5928868878762177e-8
NovelmiRNA-435,0.19067803831070124,0.09901414722488168,0.8134377910756062,0.5860131559897925,NA
NovelmiRNA-2404,0,0,3.3964499132696706,NA,NA
NovelmiRNA-2373,0.03081329046488989,0.012143047961304613,0.7876348690684164,0.9455104810779233,NA
NovelmiRNA-3546,3.1133642007538826,0.3389645189123565,1.0773302791053025,0.1259091900754792,0.46679898322820157
NovelmiRNA-698,0.32234454960524195,0.12610657969685385,0.829317709010621,0.494189441794259,NA
NovelmiRNA-669,0,0,3.3964499132696706,1,NA
NovelmiRNA-3384,0,0,3.3964499132696706,NA,NA
NovelmiRNA-1766,0,0,3.3964499132696706,NA,NA
NovelmiRNA-490,0.22748993929819575,-0.0692672214317178,0.7974926940175686,0.7012725810235145,NA
NovelmiRNA-2629,0.2843624241227447,-0.08721047430346777,0.8039375524223902,0.6319282217806301,NA
NovelmiRNA-2860,0,0,3.3964499132696706,NA,NA
NovelmiRNA-2826,0,0,3.3964499132696706,NA,NA
NovelmiRNA-3783,0.9680579347666702,0.04038269015028644,0.7857096469278979,0.8229856547238226,NA
NovelmiRNA-1459,0,0,3.3964499132696706,NA,NA
NovelmiRNA-2071,0,0,3.3964499132696706,NA,NA
NovelmiRNA-1362,0,0,3.3964499132696706,NA,NA
NovelmiRNA-1002,0.13814766411653226,0.08647613506239493,0.8074452990616783,0.6323420154030415,NA
NovelmiRNA-3690,27.35662020451786,-4.475512449288752,3.6630873882096626,2.741510882041025e-4,0.006272244593760527
NovelmiRNA-2305,2.4541658518689635,0.3000742850587835,1.0176132882292517,0.1588002048346721,0.5145671873398173
NovelmiRNA-3361,0,0,3.3964499132696706,NA,NA
NovelmiRNA-1057,0.33268139427561216,0.12669712707140726,0.8297003641931778,0.4923235755240346,NA
NovelmiRNA-1166,0.5687248482454894,-0.146293180008014,0.8378747714140259,0.4370338178689808,NA
NovelmiRNA-2834,0.12325316185955956,-0.033678556948591905,0.7896019444527461,0.8502236901944418,NA
NovelmiRNA-3640,0,0,3.3964499132696706,NA,NA
NovelmiRNA-2255,0.06162658092977978,-0.007978009129552526,0.7870500235561683,0.9642049607722485,NA
NovelmiRNA-1073,2.2660034942895066,-0.03473075765372356,0.7493883171443818,0.8578901404865603,NA
NovelmiRNA-2322,0.13307255771024487,0.08200577832459942,0.8054637394579035,0.6494447757414428,NA
NovelmiRNA-1695,1.1757042107724243,0.021444733326148366,0.7813891349609845,0.9054413011999638,NA
NovelmiRNA-2608,0.5988379039406481,-0.15077323419089345,0.8412128576168142,0.42447965644659674,NA
NovelmiRNA-864,1.0573157016751928,-0.0821004870989335,0.797729988318146,NA,NA
NovelmiRNA-1713,0,0,3.3964499132696706,NA,NA
NovelmiRNA-3331,0,0,3.3964499132696706,NA,NA
NovelmiRNA-1772,0,0,3.3964499132696706,NA,NA
NovelmiRNA-2508,0,0,3.3964499132696706,NA,NA
NovelmiRNA-1352,0.45954404789840836,0.08200577832459942,0.8054637394579035,0.6494447757414428,NA
NovelmiRNA-3589,0.4549798785963915,-0.1266406544827923,0.8244831454379368,0.49584653983495636,NA
NovelmiRNA-834,0,0,3.3964499132696706,NA,NA
NovelmiRNA-214,0.06162658092977978,-0.007978009129552526,0.7870500235561683,0.9642049607722485,NA
NovelmiRNA-245,0.9819387753806412,0.0644856948074281,0.7972665491201177,0.7198336977658741,NA
NovelmiRNA-3163,0.18985802774695315,0.09883771457297005,0.8133474284138689,0.5866488291391552,NA
NovelmiRNA-2563,0.4549798785963915,-0.1266406544827923,0.8244831454379368,0.49584653983495636,NA
NovelmiRNA-3620,0.43772636447852925,-0.1223497883631168,0.8218336609505263,0.5094984136754058,NA
NovelmiRNA-1008,0.9203121944508614,0.11698227312806603,0.8235490034369227,0.5237951987340292,NA
NovelmiRNA-2615,0.12375512618563456,-0.02399126651055912,0.7882162109021386,0.8928263323278548,NA
NovelmiRNA-3033,2.5274922634412462,0.30605282753633445,1.026451848739322,0.15309721157390419,0.5145671873398173
NovelmiRNA-3235,0.3344348029815115,0.08200577832459942,0.8054637394579035,0.6494447757414428,NA
NovelmiRNA-860,310.232639316646,0.2028206525939581,0.36869265554945513,0.34735895365559255,0.7450454829828761
NovelmiRNA-1508,0.19067803831070124,0.09901414722488168,0.8134377910756062,0.5860131559897925,NA
NovelmiRNA-918,0,0,3.3964499132696706,NA,NA
NovelmiRNA-2599,0.1996088365653673,0.10090057959921238,0.8144148452563348,0.579246017387915,NA
NovelmiRNA-1292,0.5695740832408595,0.16331337197530255,0.8571607589233204,0.3875676820518837,NA
NovelmiRNA-1322,0.3813560766214025,0.13578304633886237,0.835831205004535,0.46432365762810274,NA
NovelmiRNA-208,2.558675019789552,-0.08455095500244676,0.7594747132529517,0.6680487748768926,0.9481501989553814
NovelmiRNA-796,0,0,3.3964499132696706,1,NA
NovelmiRNA-1231,0,0,3.3964499132696706,NA,NA
NovelmiRNA-2699,0.18985802774695315,0.09883771457297005,0.8133474284138689,0.5866488291391552,NA
NovelmiRNA-2285,0.09243987139466968,-0.022329713116267354,0.7880284048834729,0.9001863048619506,NA
NovelmiRNA-2702,0,0,3.3964499132696706,NA,NA
NovelmiRNA-504,0.6135414629672409,0.08200577832459942,0.8054637394579035,0.6494447757414428,NA
NovelmiRNA-3614,0.8057229797541469,-0.1786433391045935,0.86430557756812,0.3533524214038008,NA
NovelmiRNA-2819,0,0,3.3964499132696706,NA,NA
NovelmiRNA-2564,0,0,3.3964499132696706,NA,NA
NovelmiRNA-437,0,0,3.3964499132696706,NA,NA
NovelmiRNA-3194,0,0,3.3964499132696706,NA,NA
NovelmiRNA-2956,0,0,3.3964499132696706,NA,NA
NovelmiRNA-3134,0.09243987139466968,-0.022329713116267354,0.7880284048834729,0.9001863048619506,NA
NovelmiRNA-1068,7.90779204861996,0.21694061772594112,0.8039802447925755,0.3251081907285158,0.732706519403073
NovelmiRNA-3409,0,0,3.3964499132696706,NA,NA
NovelmiRNA-1213,0,0,3.3964499132696706,NA,NA
NovelmiRNA-1360,0.9203121944508614,0.11698227312806603,0.8235490034369227,0.5237951987340292,NA
NovelmiRNA-1234,0,0,3.3964499132696706,NA,NA
NovelmiRNA-2464,0,0,3.3964499132696706,NA,NA
NovelmiRNA-163,3.4060928444958964,-0.14738742122238538,0.833398646461855,0.4372464904636913,0.8091203438727621
NovelmiRNA-3001,2.275575376607291,-0.08973733263874872,0.7988051409693192,0.6263995135047946,NA
NovelmiRNA-1587,0.4549798785963915,-0.1266406544827923,0.8244831454379368,0.49584653983495636,NA
NovelmiRNA-1601,0,0,3.3964499132696706,NA,NA
NovelmiRNA-982,0,0,3.3964499132696706,NA,NA
NovelmiRNA-734,0,0,3.3964499132696706,NA,NA
NovelmiRNA-2507,0,0,3.3964499132696706,NA,NA
NovelmiRNA-3440,0,0,3.3964499132696706,NA,NA
NovelmiRNA-2967,0.9190880957968167,0.1861328223643687,0.8779060353063511,0.33289830593904035,NA
NovelmiRNA-1343,0,0,3.3964499132696706,NA,NA
NovelmiRNA-922,0,0,3.3964499132696706,NA,NA
NovelmiRNA-2979,379.2816838201324,-26.846021163546077,3.32582301251377,NA,NA
NovelmiRNA-1901,0,0,3.3964499132696706,NA,NA
NovelmiRNA-1516,0,0,3.3964499132696706,NA,NA
NovelmiRNA-121,0,0,3.3964499132696706,NA,NA
NovelmiRNA-1967,0,0,3.3964499132696706,NA,NA
NovelmiRNA-1941,0,0,3.3964499132696706,NA,NA
NovelmiRNA-2033,0.17061745447364682,-0.04795757156465588,0.7921989575866767,0.7888058811015164,NA
NovelmiRNA-580,2.2101228300983675,-0.37574955009753,0.9398828230494533,0.13134824749030813,NA
NovelmiRNA-3425,0,0,3.3964499132696706,NA,NA
NovelmiRNA-2611,0,0,3.3964499132696706,NA,NA
NovelmiRNA-3332,0,0,3.3964499132696706,NA,NA
NovelmiRNA-3286,0,0,3.3964499132696706,NA,NA
NovelmiRNA-3473,403.3488190684476,-0.0708093705407255,0.7874121635892578,NA,NA
NovelmiRNA-956,0.7962147875436851,-0.17736524329919173,0.8631600640537339,0.3563570650589471,NA
NovelmiRNA-3828,0,0,3.3964499132696706,NA,NA
NovelmiRNA-2089,0.18563268927845183,-0.05270082737436511,0.7932331911647242,0.7688496252608252,NA
NovelmiRNA-3266,1.8987511483937114,-0.15707652374563164,0.7795455216856204,0.45112010209400066,NA
NovelmiRNA-222,5.759026841657579,0.44150496274752093,1.2541968099824963,0.07335311266730107,0.39045609467622494
NovelmiRNA-1721,0.39810739377184257,-0.11518819594116464,0.8176336302739569,0.5329261849867309,NA
NovelmiRNA-725,0,0,3.3964499132696706,NA,NA
NovelmiRNA-1712,0,0,3.3964499132696706,NA,NA
NovelmiRNA-2620,0,0,3.3964499132696706,NA,NA
NovelmiRNA-3576,0.14385802534425657,-0.023991266510559137,0.7882162109021386,0.8928263323278547,NA
NovelmiRNA-1873,0,0,3.3964499132696706,NA,NA
NovelmiRNA-1687,0,0,3.3964499132696706,NA,NA
NovelmiRNA-2953,0.3647719703987744,-0.10669365233300773,0.8130152084988269,0.5617442874252797,NA
NovelmiRNA-2191,0.12325316185955956,-0.033678556948591905,0.7896019444527461,0.8502236901944418,NA
NovelmiRNA-1736,0,0,3.3964499132696706,1,NA
NovelmiRNA-691,0.12375512618563456,-0.02399126651055912,0.7882162109021386,0.8928263323278548,NA
NovelmiRNA-3342,0,0,3.3964499132696706,NA,NA
NovelmiRNA-2324,0,0,3.3964499132696706,NA,NA
NovelmiRNA-3269,0,0,3.3964499132696706,NA,NA
NovelmiRNA-1686,0,0,3.3964499132696706,NA,NA
NovelmiRNA-277,0,0,3.3964499132696706,NA,NA
NovelmiRNA-3751,0.32234454960524195,0.12610657969685385,0.829317709010621,0.494189441794259,NA
NovelmiRNA-704,0.3768022955174144,-0.1109640959901766,0.8152874719372434,0.5471180572488785,NA
NovelmiRNA-1204,0.22977202394920418,0.06049224453100921,0.7972357260881735,0.7355660717845176,NA
NovelmiRNA-3495,8.851179063224329,-0.13606417371308782,0.8228785789418483,0.47193599960352683,0.8305633559456008
NovelmiRNA-1583,0.4549798785963915,-0.1266406544827923,0.8244831454379368,0.49584653983495636,NA
NovelmiRNA-2245,0,0,3.3964499132696706,NA,NA
NovelmiRNA-1053,8.50314022163604,-0.008468404947480922,0.6106827501496153,0.9704462309720435,0.99284972458702
NovelmiRNA-3702,0,0,3.3964499132696706,1,NA
NovelmiRNA-703,0.34123490894729364,-0.10222312728422292,0.8107444910568644,0.5773525354936471,NA
NovelmiRNA-706,1.0474308866579956,0.16862002480889368,0.8617404864216864,0.37414773063225165,NA
NovelmiRNA-74,0.2762953282330645,0.11773587637399698,0.8240122105296197,0.5212967460999083,NA
NovelmiRNA-2665,0,0,3.3964499132696706,NA,NA
NovelmiRNA-76,0,0,3.3964499132696706,NA,NA
NovelmiRNA-2057,0,0,3.3964499132696706,NA,NA
NovelmiRNA-2182,0.3139883370969219,0.11698227312806603,0.8235490034369227,0.5237951987340292,NA
NovelmiRNA-2893,0,0,3.3964499132696706,NA,NA
NovelmiRNA-3109,0.7381706978564798,-0.1697742720792382,0.856526402004016,0.3747039492442907,NA
NovelmiRNA-249,0.4449154227249696,0.1460984398449262,0.843341762350568,0.43414625649319005,NA
NovelmiRNA-482,0.3596450633606414,-0.10556470150598571,0.8124313246280255,0.5656573738909352,NA
NovelmiRNA-78,42.53313297655495,4.958120087160824,4.169322361702039,3.027313188099935e-4,0.006525332133155763
NovelmiRNA-3607,0,0,3.3964499132696706,NA,NA
NovelmiRNA-1393,0,0,3.3964499132696706,NA,NA
NovelmiRNA-3070,0,0,3.3964499132696706,NA,NA
NovelmiRNA-1303,623.9059781700637,-28.220803406128997,3.325804882265425,NA,NA
NovelmiRNA-2586,3.3760823591512397,-0.11764542353126521,0.8129864219484256,0.5288133224437437,0.8717337520633766
NovelmiRNA-3159,0,0,3.3964499132696706,NA,NA
NovelmiRNA-3096,0.5013097890342613,0.022758526049711063,0.7858374926408296,0.8987683947600476,NA
NovelmiRNA-3268,0,0,3.3964499132696706,NA,NA
NovelmiRNA-848,0.27043004384222535,0.015427571621851875,0.7871437405065951,0.9309288964598722,NA
NovelmiRNA-3567,0.4460996757908765,0.05653045087637959,0.7942067869654045,0.752885957539367,NA
NovelmiRNA-2543,0,0,3.3964499132696706,NA,NA
NovelmiRNA-636,3.216808335288859,0.34000281000418736,1.07899245635375,0.125155946218725,0.46679898322820157
NovelmiRNA-988,0.21886318223926463,-0.0645145490964817,0.796101740873353,0.7203326141743941,NA
NovelmiRNA-2231,2.737419270465801,0.29659312478572036,0.9088706840101253,0.18836739590179052,0.5666031231308839
NovelmiRNA-3679,0,0,3.3964499132696706,NA,NA
NovelmiRNA-205,2.589488310254442,-0.08671008313187062,0.7600729461772088,0.6604246474399766,0.9481501989553814
NovelmiRNA-300,0.8951348125004285,0.19553112031952816,0.8872281389837099,0.3126240874886087,NA
NovelmiRNA-627,0.43681549736281033,-0.028685565241065615,0.7866615235498162,0.8726923373554034,NA
NovelmiRNA-2428,4.054494420436015,0.39617068550696677,1.1511138619398786,0.09323003780290542,0.4116296990713076
NovelmiRNA-793,0,0,3.3964499132696706,NA,NA
NovelmiRNA-2419,0.3081329046488989,-0.09581219436482548,0.8076824819499605,0.6002566713544012,NA
NovelmiRNA-3472,0,0,3.3964499132696706,NA,NA
NovelmiRNA-3524,0.3133538062144652,0.03323641615487745,0.7890808144687498,0.8522927687511026,NA
NovelmiRNA-3329,0.4950205047425382,-0.13372214546628083,0.8290720106477044,0.47395076405439995,NA
NovelmiRNA-696,147.81412104122361,-25.55390327409995,3.3258955233216483,NA,NA
NovelmiRNA-3296,0.779132429940959,0.004465329272526486,0.7837510703346161,0.9800961218783969,NA
NovelmiRNA-1078,0.6255973330700383,-0.15490537141900046,0.8443844962388521,0.4131793018191431,NA
NovelmiRNA-2188,0,0,3.3964499132696706,NA,NA
NovelmiRNA-1837,0,0,3.3964499132696706,NA,NA
NovelmiRNA-3697,0.28771605068851314,-0.08690466333104878,0.8038121447203793,0.6330735968478274,NA
NovelmiRNA-2456,0,0,3.3964499132696706,NA,NA
NovelmiRNA-53,0,0,3.3964499132696706,NA,NA
NovelmiRNA-224,9.014323619285157,0.16134645445345872,0.8424526650045969,0.40028405579874476,0.7789032529073513
NovelmiRNA-104,0,0,3.3964499132696706,1,NA
NovelmiRNA-510,0.5247394200680008,-0.08675205302039757,0.8020806920885838,0.6346765267291616,NA
NovelmiRNA-2511,0,0,3.3964499132696706,NA,NA
NovelmiRNA-1253,0,0,3.3964499132696706,NA,NA
NovelmiRNA-984,0,0,3.3964499132696706,NA,NA
NovelmiRNA-2159,0,0,3.3964499132696706,NA,NA
NovelmiRNA-3071,0,0,3.3964499132696706,NA,NA
NovelmiRNA-906,0,0,3.3964499132696706,NA,NA
NovelmiRNA-125,0,0,3.3964499132696706,NA,NA
NovelmiRNA-2952,1.6296763785799073,0.11350808835602455,0.7687306064437379,0.5707690040139765,NA
NovelmiRNA-3455,0.7820025373763506,-0.11206691977665031,0.8142430048780221,0.5444707381802236,NA
NovelmiRNA-3052,0.7594502511267507,0.01542757162185188,0.7871437405065951,0.9309288964598722,NA
NovelmiRNA-3515,0,0,3.3964499132696706,NA,NA
NovelmiRNA-88,0,0,3.3964499132696706,NA,NA
NovelmiRNA-3263,0.14385802534425657,-0.023991266510559137,0.7882162109021386,0.8928263323278547,NA
NovelmiRNA-3006,0,0,3.3964499132696706,NA,NA
NovelmiRNA-3475,0.4549798785963915,-0.1266406544827923,0.8244831454379368,0.49584653983495636,NA
NovelmiRNA-971,0,0,3.3964499132696706,NA,NA
NovelmiRNA-1460,0,0,3.3964499132696706,NA,NA
NovelmiRNA-1142,0.12657201849796876,0.08200577832459942,0.8054637394579035,0.6494447757414428,NA
NovelmiRNA-2358,0,0,3.3964499132696706,NA,NA
NovelmiRNA-1862,0,0,3.3964499132696706,NA,NA
NovelmiRNA-981,0,0,3.3964499132696706,NA,NA
NovelmiRNA-2200,0,0,3.3964499132696706,NA,NA
NovelmiRNA-507,1.344887459791321,-0.23013084923493024,0.9170919955416267,0.2511431951865444,NA
NovelmiRNA-2524,0.3683937709774193,0.13465376691759573,0.8350444061433598,0.46773136178066876,NA
NovelmiRNA-343,0,0,3.3964499132696706,NA,NA
NovelmiRNA-1875,0,0,3.3964499132696706,NA,NA
NovelmiRNA-973,0,0,3.3964499132696706,NA,NA
NovelmiRNA-2242,0,0,3.3964499132696706,NA,NA
NovelmiRNA-2169,0,0,3.3964499132696706,NA,NA
NovelmiRNA-2713,0.21886318223926463,-0.0645145490964817,0.796101740873353,0.7203326141743941,NA
NovelmiRNA-1842,2.1578703801638484,-0.28464209865983386,0.986093882659002,NA,NA
NovelmiRNA-2375,0.06162658092977978,-0.007978009129552526,0.7870500235561683,0.9642049607722485,NA
NovelmiRNA-783,0,0,3.3964499132696706,NA,NA
NovelmiRNA-2761,0.7376846878551385,0.18168584105101396,0.87364951852055,0.34293890011242906,NA
NovelmiRNA-640,0,0,3.3964499132696706,NA,NA
NovelmiRNA-3020,0,0,3.3964499132696706,NA,NA
NovelmiRNA-2022,83.70219751083422,0.2525434011097444,0.6086165088181721,0.3263396386967138,0.7332929381429133
NovelmiRNA-3002,0.5986398778383064,0.1677503282689582,0.8609796864825261,0.37631726079116096,NA
NovelmiRNA-3719,0,0,3.3964499132696706,NA,NA
NovelmiRNA-2396,0,0,3.3964499132696706,NA,NA
NovelmiRNA-1640,0.18563268927845183,-0.05270082737436511,0.7932331911647242,0.7688496252608252,NA
NovelmiRNA-442,0,0,3.3964499132696706,NA,NA
NovelmiRNA-363,0,0,3.3964499132696706,NA,NA
NovelmiRNA-1539,0,0,3.3964499132696706,NA,NA
NovelmiRNA-1750,0.4005727760435686,-0.11735409455213919,0.8188744408626341,0.5257564975060728,NA
NovelmiRNA-2612,1.064580461681959,0.2126621101507431,0.905229201232991,0.278877705015665,NA
NovelmiRNA-2643,0.6279766741938438,0.16831289469712396,0.8614713553114864,0.3749125616514748,NA
NovelmiRNA-2940,0.14385802534425657,-0.023991266510559137,0.7882162109021386,0.8928263323278547,NA
NovelmiRNA-559,0,0,3.3964499132696706,NA,NA
NovelmiRNA-3328,1.4886807334039047,-0.05034767649990526,0.785449907385002,0.7818955051852416,NA
NovelmiRNA-2142,0,0,3.3964499132696706,NA,NA
NovelmiRNA-436,0,0,3.3964499132696706,NA,NA
NovelmiRNA-968,0.1996088365653673,0.10090057959921238,0.8144148452563348,0.579246017387915,NA
NovelmiRNA-1716,0.277319614184009,-0.08738429835859853,0.8040090724655248,0.6312777711312509,NA
NovelmiRNA-2734,9.046344865889605,-22.555376690463852,3.3277379323549123,NA,NA
NovelmiRNA-2861,0,0,3.3964499132696706,NA,NA
NovelmiRNA-344,0,0,3.3964499132696706,NA,NA
NovelmiRNA-3662,0,0,3.3964499132696706,NA,NA
NovelmiRNA-3663,0,0,3.3964499132696706,NA,NA
NovelmiRNA-1803,0,0,3.3964499132696706,NA,NA
NovelmiRNA-1625,0.20932555806461461,0.08200577832459942,0.8054637394579035,0.6494447757414428,NA
NovelmiRNA-1580,2.4689953224872703,0.04345387087899537,0.7828052853215232,0.8112628252733162,0.9481501989553814
NovelmiRNA-2925,0,0,3.3964499132696706,NA,NA
NovelmiRNA-1313,0.21886318223926463,-0.0645145490964817,0.796101740873353,0.7203326141743941,NA
NovelmiRNA-313,0.8848199168411126,-0.18713981315828532,0.8721284619079825,0.33398603424695034,NA
NovelmiRNA-1035,0.43333335169164844,-0.06745226155881101,0.7949764313292194,0.709583219129419,NA
NovelmiRNA-3625,0,0,3.3964499132696706,NA,NA
NovelmiRNA-274,0,0,3.3964499132696706,NA,NA
NovelmiRNA-2261,0.13307255771024487,0.08200577832459942,0.8054637394579035,0.6494447757414428,NA
NovelmiRNA-3569,0,0,3.3964499132696706,NA,NA
NovelmiRNA-1608,0.8421856505544584,0.19198263459848006,0.8836607233010509,0.32012820373995365,NA
NovelmiRNA-3496,1.6431556561132723,0.2564623087912763,0.9573937966313304,0.2091333133613925,NA
NovelmiRNA-1697,0,0,3.3964499132696706,NA,NA
NovelmiRNA-285,0,0,3.3964499132696706,NA,NA
NovelmiRNA-3565,1.040995702084857,-0.14574582458067148,0.8309974467254719,0.4426788880138753,NA
NovelmiRNA-700,0,0,3.3964499132696706,NA,NA
NovelmiRNA-3554,0,0,3.3964499132696706,NA,NA
NovelmiRNA-1624,0,0,3.3964499132696706,NA,NA
NovelmiRNA-3044,0.24650632371911912,-0.07810785778961919,0.8004344890041477,0.6665725971128211,NA
NovelmiRNA-1584,0,0,3.3964499132696706,NA,NA
NovelmiRNA-3401,0.7059813343619106,0.017082030936901648,0.7873119119812199,0.9235491715552893,NA
NovelmiRNA-28,0,0,3.3964499132696706,NA,NA
NovelmiRNA-3525,1.6757352214976522,0.028047051106894476,0.7811918881315018,0.8768971622344807,NA
NovelmiRNA-3137,0.365637603414728,-0.024380118469430966,0.7859791968912404,0.8916318110577777,NA
NovelmiRNA-3795,2.5274922634412462,0.30605282753633445,1.026451848739322,0.15309721157390419,0.5145671873398173
NovelmiRNA-3484,0,0,3.3964499132696706,NA,NA
NovelmiRNA-1828,0.4549798785963915,-0.1266406544827923,0.8244831454379368,0.49584653983495636,NA
NovelmiRNA-388,0.12711869220713418,0.08200577832459942,0.8054637394579035,0.6494447757414428,NA
NovelmiRNA-298,0,0,3.3964499132696706,NA,NA
NovelmiRNA-1852,0.6565895467177939,-0.15864285013121365,0.847329496865864,0.40318744745268403,NA
NovelmiRNA-634,0.4770938592303211,-0.05690000355568155,0.7913200981332315,0.752789675056513,NA
NovelmiRNA-3603,0.30677073148362044,0.06049224453100921,0.7972357260881735,0.7355660717845176,NA
NovelmiRNA-2257,0.6778923902275776,-0.1633471510848577,0.8511387590308007,NA,NA
NovelmiRNA-2932,0.4486352061884688,-0.045310842467825935,0.7904155902992012,0.8005459017928689,NA
NovelmiRNA-2602,0.25189263376563015,0.01968209838017882,0.7874823492532737,0.9119929184076216,NA
NovelmiRNA-3340,0,0,3.3964499132696706,NA,NA
NovelmiRNA-581,0,0,3.3964499132696706,NA,NA
NovelmiRNA-401,0.802922040675222,-0.17777341003979588,0.8635249974554549,0.3553948917650617,NA
NovelmiRNA-389,0,0,3.3964499132696706,NA,NA
NovelmiRNA-1491,1.4484349194152732,-0.06234461353512341,0.7890442775577642,0.7324433274450926,NA
NovelmiRNA-563,0,0,3.3964499132696706,NA,NA
NovelmiRNA-2274,0,0,3.3964499132696706,NA,NA
NovelmiRNA-2706,0.2302461068608871,0.10888193736244388,0.8187685076725896,0.5512197940871583,NA
NovelmiRNA-1291,0.8860041294857813,0.19654612447838352,0.8882534253534459,0.3105133224557619,NA
NovelmiRNA-3398,0.394205300853954,-0.01599562947687969,0.78600880983525,0.9285768495755327,NA
NovelmiRNA-516,0,0,3.3964499132696706,NA,NA
NovelmiRNA-866,0,0,3.3964499132696706,NA,NA
NovelmiRNA-342,0,0,3.3964499132696706,NA,NA
NovelmiRNA-3764,0,0,3.3964499132696706,NA,NA
NovelmiRNA-1506,0.19067803831070124,0.09901414722488168,0.8134377910756062,0.5860131559897925,NA
NovelmiRNA-9,0.22977202394920418,0.06049224453100921,0.7972357260881735,0.7355660717845176,NA
NovelmiRNA-965,3.011065972921325,-0.43347003952314234,1.1026557224355809,0.0840649151605683,0.39907853217449785
NovelmiRNA-3632,0.17061745447364682,-0.04795757156465588,0.7921989575866767,0.7888058811015164,NA
NovelmiRNA-1137,7.607555691603386,0.035878766354340196,0.7690526351038087,0.8474051771411261,0.9563391759963381
NovelmiRNA-732,0,0,3.3964499132696706,NA,NA
NovelmiRNA-3506,0,0,3.3964499132696706,NA,NA
NovelmiRNA-1586,0,0,3.3964499132696706,NA,NA
NovelmiRNA-659,0,0,3.3964499132696706,NA,NA
NovelmiRNA-1524,0,0,3.3964499132696706,NA,NA
NovelmiRNA-2372,0.12375512618563456,-0.02399126651055912,0.7882162109021386,0.8928263323278548,NA
NovelmiRNA-3683,0.7393423027191361,-0.17035455712268818,0.857023201946975,0.3732709018357124,NA
NovelmiRNA-2162,0,0,3.3964499132696706,NA,NA
NovelmiRNA-3390,0,0,3.3964499132696706,NA,NA
NovelmiRNA-2029,0.30677073148362044,0.06049224453100921,0.7972357260881735,0.7355660717845176,NA
NovelmiRNA-3778,0,0,3.3964499132696706,1,NA
NovelmiRNA-2722,0,0,3.3964499132696706,NA,NA
NovelmiRNA-3366,0,0,3.3964499132696706,NA,NA
NovelmiRNA-2727,0,0,3.3964499132696706,NA,NA
NovelmiRNA-452,0.30677073148362044,0.06049224453100921,0.7972357260881735,0.7355660717845176,NA
NovelmiRNA-945,0.5597149601476897,-0.07879549381696083,0.7985701365730659,0.6651645002479232,NA
NovelmiRNA-1515,3.1196468207521435,-0.38934003452308086,1.0846726520476488,0.1012704882109307,0.43415125384171793
NovelmiRNA-2287,7.100440362481554,0.02079359621032653,0.7378508220891768,0.9161128260053671,0.9687116523159012
NovelmiRNA-3074,0,0,3.3964499132696706,NA,NA
NovelmiRNA-561,0,0,3.3964499132696706,NA,NA
NovelmiRNA-3786,0,0,3.3964499132696706,NA,NA
NovelmiRNA-1025,7.112936105819777,-0.1108873556787511,0.7855583391923403,0.5673204412362849,0.8934640297530263
NovelmiRNA-3123,2.4244811488433604,-0.10695199145406815,0.807492215992592,0.5645754866006107,0.8917457999653998
NovelmiRNA-867,0.21886318223926463,-0.0645145490964817,0.796101740873353,0.7203326141743941,NA
NovelmiRNA-3720,0.6328600924898438,0.1709155047551915,0.8637677580907556,0.368477288846033,NA
NovelmiRNA-3823,0,0,3.3964499132696706,NA,NA
NovelmiRNA-743,2.7268940420202985,0.21013555069100912,0.89915603449463,0.28496403131537784,0.6895764219330457
NovelmiRNA-2085,0,0,3.3964499132696706,NA,NA
NovelmiRNA-1470,0,0,3.3964499132696706,NA,NA
NovelmiRNA-587,0,0,3.3964499132696706,NA,NA
NovelmiRNA-3055,3.607395966567748,-0.3553255917577896,1.0922748274765002,0.11576150719122064,0.4572192469303453
NovelmiRNA-2160,0,0,3.3964499132696706,NA,NA
NovelmiRNA-1574,0,0,3.3964499132696706,NA,NA
NovelmiRNA-3412,0.4924034207620723,-0.03375044913500365,0.7887882089692473,0.8501672608634676,NA
NovelmiRNA-1806,0,0,3.3964499132696706,NA,NA
NovelmiRNA-1254,0,0,3.3964499132696706,NA,NA
NovelmiRNA-2360,8.991178707720561,1.6859498258463839,2.2631207868637837,0.003361035712201399,0.03935159475198719
NovelmiRNA-3087,0.11374496964909787,-0.023991266510559113,0.7882162109021386,0.8928263323278548,NA
NovelmiRNA-760,0,0,3.3964499132696706,1,NA
NovelmiRNA-473,0,0,3.3964499132696706,NA,NA
NovelmiRNA-2403,0,0,3.3964499132696706,NA,NA
NovelmiRNA-1415,0,0,3.3964499132696706,NA,NA
NovelmiRNA-3316,0,0,3.3964499132696706,NA,NA
NovelmiRNA-1261,0,0,3.3964499132696706,NA,NA
NovelmiRNA-840,0.8288859846991935,0.1918960949947099,0.8835743107381148,0.3203135394925201,NA
NovelmiRNA-817,0.5430756984749912,0.06786630320233052,0.7976603628468625,0.7065412938636336,NA
NovelmiRNA-2492,0,0,3.3964499132696706,NA,NA
NovelmiRNA-82,0,0,3.3964499132696706,NA,NA
NovelmiRNA-27,0,0,3.3964499132696706,NA,NA
NovelmiRNA-2225,0,0,3.3964499132696706,NA,NA
NovelmiRNA-3623,0,0,3.3964499132696706,NA,NA
NovelmiRNA-2220,0,0,3.3964499132696706,NA,NA
NovelmiRNA-2646,0,0,3.3964499132696706,NA,NA
NovelmiRNA-3445,0,0,3.3964499132696706,NA,NA
NovelmiRNA-1070,3.1063762434196374,0.05911064578678476,0.7863745526415109,0.746435156244575,0.9481501989553814
NovelmiRNA-521,0,0,3.3964499132696706,NA,NA
NovelmiRNA-2960,0,0,3.3964499132696706,NA,NA
NovelmiRNA-3147,2.221262479052405,-0.2884535768566036,0.9913750313502547,0.1724870052220495,NA
NovelmiRNA-2509,0.09243987139466968,-0.022329713116267354,0.7880284048834729,0.9001863048619506,NA
NovelmiRNA-699,0.18419688548870966,0.09863451518343685,0.813243572746293,0.5873815243952418,NA
NovelmiRNA-3681,0.791219139393411,-0.17621148714839902,0.8621330494326928,0.35909017070255944,NA
NovelmiRNA-1288,0,0,3.3964499132696706,NA,NA
NovelmiRNA-321,2.323440439420867,0.03762381104719058,0.7816544440687112,0.8360097658982217,NA
NovelmiRNA-2152,0,0,3.3964499132696706,NA,NA
NovelmiRNA-3643,0.12375512618563456,-0.02399126651055912,0.7882162109021386,0.8928263323278548,NA
NovelmiRNA-2707,0,0,3.3964499132696706,NA,NA
NovelmiRNA-2516,0,0,3.3964499132696706,NA,NA
NovelmiRNA-112,0,0,3.3964499132696706,NA,NA
NovelmiRNA-460,0,0,3.3964499132696706,NA,NA
NovelmiRNA-1825,0.20539445701415904,0.08200577832459942,0.8054637394579035,0.6494447757414428,NA
NovelmiRNA-266,0.17061745447364682,-0.04795757156465588,0.7921989575866767,0.7888058811015164,NA
NovelmiRNA-3192,0,0,3.3964499132696706,NA,NA
NovelmiRNA-1473,0,0,3.3964499132696706,NA,NA
NovelmiRNA-2711,0.34123490894729364,-0.10222312728422292,0.8107444910568644,0.5773525354936471,NA
NovelmiRNA-3293,0.30677073148362044,0.06049224453100921,0.7972357260881735,0.7355660717845176,NA
NovelmiRNA-3642,0,0,3.3964499132696706,NA,NA
NovelmiRNA-2549,0.43314294164972095,-0.12209883065273745,0.8216817781252749,0.510305817870321,NA
NovelmiRNA-157,5.197715299796651,-20.914325293373924,3.329441111095073,NA,NA
NovelmiRNA-1633,2.3895539630160183,0.3019418189385243,1.0203600617106383,0.15699107887041758,0.5145671873398173
NovelmiRNA-1531,0,0,3.3964499132696706,NA,NA
NovelmiRNA-77,0,0,3.3964499132696706,NA,NA
NovelmiRNA-34,0.6665875213120145,0.004094795762299486,0.783750040120231,0.9817470212016481,NA
NovelmiRNA-763,0.2843624241227447,-0.08721047430346777,0.8039375524223902,0.6319282217806301,NA
NovelmiRNA-1849,0,0,3.3964499132696706,NA,NA
NovelmiRNA-446,0,0,3.3964499132696706,NA,NA
NovelmiRNA-325,0.5988265096961018,0.16674279073442963,0.860103315628975,0.37884523092119066,NA
NovelmiRNA-3570,242.0383966017101,-26.23052447734801,3.325849248705232,NA,NA
NovelmiRNA-3771,0,0,3.3964499132696706,1,NA
NovelmiRNA-2976,279.8694978216053,-27.455628855023882,3.325839408458214,NA,NA
NovelmiRNA-526,0.9422548345910537,-0.1931930736372406,0.87792042652031,0.3208216923697932,NA
NovelmiRNA-3196,0,0,3.3964499132696706,NA,NA
NovelmiRNA-3579,2.4591688470326254,-0.2826588650334649,0.5741092974003521,0.27750345559170975,0.6807578151673173
NovelmiRNA-57,0.14385802534425657,-0.023991266510559137,0.7882162109021386,0.8928263323278547,NA
NovelmiRNA-3285,0,0,3.3964499132696706,NA,NA
NovelmiRNA-1964,0.6824698178945873,-0.16289332333531656,0.8507663178778616,0.39208697732585795,NA
NovelmiRNA-1209,0.22977202394920418,0.06049224453100921,0.7972357260881735,0.7355660717845176,NA
NovelmiRNA-2833,0,0,3.3964499132696706,NA,NA
NovelmiRNA-2609,0,0,3.3964499132696706,NA,NA
NovelmiRNA-3713,2.4591688470326254,-0.2826588650334649,0.5741092974003521,0.27750345559170975,0.6807578151673173
NovelmiRNA-1403,3.264706988111589,-0.1425044137713936,0.8298396942763996,0.4512659744212535,0.8170403134005909
NovelmiRNA-1277,0.11374496964909787,-0.023991266510559113,0.7882162109021386,0.8928263323278548,NA
NovelmiRNA-1399,0.3992176731307346,0.13862691223029128,0.8378436542580547,0.45583306295703485,NA
NovelmiRNA-2246,0,0,3.3964499132696706,NA,NA
NovelmiRNA-283,0,0,3.3964499132696706,NA,NA
NovelmiRNA-3807,0,0,3.3964499132696706,1,NA
NovelmiRNA-595,0,0,3.3964499132696706,NA,NA
NovelmiRNA-1139,2.260786254114956,0.29536097310328285,1.0107390488862151,0.16348089572292385,NA
NovelmiRNA-773,1.1441569496225157,-0.21308144902806073,0.8982070583321131,0.28111774000012557,NA
NovelmiRNA-3088,0.12657201849796876,0.08200577832459942,0.8054637394579035,0.6494447757414428,NA
NovelmiRNA-2587,3.3760823591512397,-0.11764542353126521,0.8129864219484256,0.5288133224437437,0.8717337520633766
NovelmiRNA-2845,0,0,3.3964499132696706,NA,NA
NovelmiRNA-1541,0.7068883144975986,-0.16581014364362018,0.8531784627311434,0.38463016926092536,NA
NovelmiRNA-3548,3.1133642007538826,0.3389645189123565,1.0773302791053025,0.1259091900754792,0.46679898322820157
NovelmiRNA-779,0.7537306161137004,-0.03785578735223,0.7849304508685895,0.8339123506177646,NA
NovelmiRNA-2872,0,0,3.3964499132696706,NA,NA
NovelmiRNA-1931,0,0,3.3964499132696706,1,NA
NovelmiRNA-3767,0,0,3.3964499132696706,1,NA
NovelmiRNA-1904,0.09243987139466968,-0.022329713116267354,0.7880284048834729,0.9001863048619506,NA
NovelmiRNA-2760,0.5777193290420339,0.1641517366235513,0.8578743275703862,0.38541849802895456,NA
NovelmiRNA-1564,1.798225316803207,-0.2626134933571377,0.9566987369218247,NA,NA
NovelmiRNA-241,8.50314022163604,-0.008468404947480922,0.6106827501496153,0.9704462309720435,0.99284972458702
NovelmiRNA-3739,0,0,3.3964499132696706,NA,NA
NovelmiRNA-3160,0.20932555806461461,0.08200577832459942,0.8054637394579035,0.6494447757414428,NA
NovelmiRNA-2185,0,0,3.3964499132696706,NA,NA
NovelmiRNA-686,0,0,3.3964499132696706,NA,NA
NovelmiRNA-3300,0,0,3.3964499132696706,NA,NA
NovelmiRNA-370,0.1996088365653673,0.10090057959921238,0.8144148452563348,0.579246017387915,NA
NovelmiRNA-2451,0.3081329046488989,-0.09581219436482548,0.8076824819499605,0.6002566713544012,NA
NovelmiRNA-412,0.5118523634209404,-0.13692902154133407,0.8312381333938437,0.46429592441696554,NA
NovelmiRNA-1310,2.593750367443956,0.05434215032204386,0.7854480863355743,0.7657910360302793,0.9481501989553814
NovelmiRNA-48,0,0,3.3964499132696706,NA,NA
NovelmiRNA-3723,0.554639228368018,-0.14531168378939674,0.8371574924165686,0.4398263526627547,NA
NovelmiRNA-946,0.7439118456363993,-0.03899464851564928,0.785286841897415,0.8289799362064284,NA
NovelmiRNA-3661,0,0,3.3964499132696706,NA,NA
NovelmiRNA-1323,0,0,3.3964499132696706,NA,NA
NovelmiRNA-2776,8.099237417779184,0.05303487438736142,0.6121432315771929,0.8177134772933008,0.9481501989553814
NovelmiRNA-1195,0,0,3.3964499132696706,1,NA
NovelmiRNA-130,0,0,3.3964499132696706,NA,NA
NovelmiRNA-406,0.8860041294857813,0.19654612447838352,0.8882534253534459,0.3105133224557619,NA
NovelmiRNA-2118,0,0,3.3964499132696706,NA,NA
NovelmiRNA-1985,0,0,3.3964499132696706,NA,NA
NovelmiRNA-2535,0.9203121944508614,0.11698227312806603,0.8235490034369227,0.5237951987340292,NA
NovelmiRNA-2874,0,0,3.3964499132696706,NA,NA
NovelmiRNA-544,0.9419650112907658,0.2001006991437514,0.8918853067981404,0.30323393579705615,NA
NovelmiRNA-832,0,0,3.3964499132696706,NA,NA
NovelmiRNA-2538,0.6893160718476126,0.1169822731280661,0.8235490034369228,0.523795198734029,NA
NovelmiRNA-2192,0.7192901267212828,-0.16718150507746016,0.8543275907122914,0.3811692396179041,NA
NovelmiRNA-1434,0,0,3.3964499132696706,NA,NA
NovelmiRNA-1975,0,0,3.3964499132696706,NA,NA
NovelmiRNA-894,1.4218121206137235,-0.23636164266092174,0.924327601897552,NA,NA
NovelmiRNA-3497,1.8839300225815316,0.27236187831915953,0.9784414236509056,0.1888583639859812,NA
NovelmiRNA-967,0,0,3.3964499132696706,NA,NA
NovelmiRNA-1373,0.6565895467177939,-0.15864285013121365,0.847329496865864,0.40318744745268403,NA
NovelmiRNA-1534,0,0,3.3964499132696706,1,NA
NovelmiRNA-1639,0,0,3.3964499132696706,NA,NA
NovelmiRNA-2521,0,0,3.3964499132696706,NA,NA
NovelmiRNA-2383,2.194001785254804,-0.2308674452428891,0.9047154094570528,0.25484700370003355,NA
NovelmiRNA-3322,0.1996088365653673,0.10090057959921238,0.8144148452563348,0.579246017387915,NA
NovelmiRNA-555,0,0,3.3964499132696706,1,NA
NovelmiRNA-3051,0,0,3.3964499132696706,NA,NA
NovelmiRNA-1900,0.6162658092977978,-0.15469841024227887,0.8442235318661658,0.41373894540675,NA
NovelmiRNA-3709,0,0,3.3964499132696706,NA,NA
NovelmiRNA-2839,0.12325316185955956,-0.033678556948591905,0.7896019444527461,0.8502236901944418,NA
NovelmiRNA-1286,0,0,3.3964499132696706,NA,NA
NovelmiRNA-2237,0,0,3.3964499132696706,NA,NA
NovelmiRNA-2686,1.3406890279248334,-0.10600979287082199,0.8088427064255239,0.566616951722628,NA
NovelmiRNA-3046,0,0,3.3964499132696706,NA,NA
NovelmiRNA-2624,0,0,3.3964499132696706,NA,NA
NovelmiRNA-1578,0,0,3.3964499132696706,NA,NA
NovelmiRNA-2420,0,0,3.3964499132696706,NA,NA
NovelmiRNA-1300,0,0,3.3964499132696706,NA,NA
NovelmiRNA-3457,0.2531440369959375,0.11236504406862882,0.8207795440021144,0.539300204562444,NA
NovelmiRNA-646,0.9584829673012896,-0.19513390805349468,0.8798156597223353,0.3167101788076787,NA
NovelmiRNA-3521,0.3568907161563384,0.10250529782048064,0.8152616508351066,0.5735321783532245,NA
NovelmiRNA-366,0,0,3.3964499132696706,NA,NA
NovelmiRNA-432,0.9071142111375201,-0.005821458550439313,0.7807159753497912,0.9742260231653644,NA
NovelmiRNA-2453,0,0,3.3964499132696706,NA,NA
NovelmiRNA-328,0.9174149093890578,-0.19089854311162022,0.8757036719505082,0.32575063264251347,NA
NovelmiRNA-786,0,0,3.3964499132696706,NA,NA
NovelmiRNA-1950,0,0,3.3964499132696706,NA,NA
NovelmiRNA-600,0,0,3.3964499132696706,NA,NA
NovelmiRNA-3752,0.41478442099991164,0.058224346927590945,0.7947555360727605,0.7458302141823407,NA
NovelmiRNA-3352,0,0,3.3964499132696706,NA,NA
NovelmiRNA-1150,0,0,3.3964499132696706,NA,NA
NovelmiRNA-1071,0,0,3.3964499132696706,NA,NA
NovelmiRNA-2796,0,0,3.3964499132696706,NA,NA
NovelmiRNA-748,2.9195221969457936,0.3585026636909379,1.0751451799035499,0.1159392862492046,0.4572192469303453
NovelmiRNA-3092,0,0,3.3964499132696706,NA,NA
NovelmiRNA-512,0,0,3.3964499132696706,NA,NA
NovelmiRNA-3434,1.0327859547728422,-0.0039002275839221047,0.7389951766287857,0.9841636873812992,NA
NovelmiRNA-1886,0.6702384808490206,-0.029852352386915044,0.7843189064098235,0.8682828810023333,NA
NovelmiRNA-3383,2.4071838826921232,0.3036182469607431,1.022836748906201,0.15538862142501306,0.5145671873398173
NovelmiRNA-159,0.21569303325422923,-0.06776477514094888,0.797038462604333,0.7072681719374344,NA
NovelmiRNA-326,0.9174149093890578,-0.19089854311162022,0.8757036719505082,0.32575063264251347,NA
NovelmiRNA-2408,0.6565895467177939,-0.15864285013121365,0.847329496865864,0.40318744745268403,NA
NovelmiRNA-931,0,0,3.3964499132696706,1,NA
NovelmiRNA-2177,0,0,3.3964499132696706,NA,NA
NovelmiRNA-1857,0,0,3.3964499132696706,NA,NA
NovelmiRNA-738,1.6347301086955603,-0.060503816218977165,0.7881280183577712,0.7400962431116652,NA
NovelmiRNA-3482,0.9203121944508614,0.11698227312806603,0.8235490034369227,0.5237951987340292,NA
NovelmiRNA-3379,8.62772133016917,-21.6582930849415,3.327902250022883,NA,NA
NovelmiRNA-447,0,0,3.3964499132696706,NA,NA
NovelmiRNA-1768,0.21569303325422923,-0.06776477514094888,0.797038462604333,0.7072681719374344,NA
NovelmiRNA-165,3.4060928444958964,-0.14738742122238538,0.833398646461855,0.4372464904636913,0.8091203438727621
NovelmiRNA-2556,7.214335916974669,0.11895052647230396,0.519464198491005,0.6151582777416889,0.9283825172612652
NovelmiRNA-2091,0,0,3.3964499132696706,NA,NA
NovelmiRNA-1718,0,0,3.3964499132696706,NA,NA
NovelmiRNA-688,0,0,3.3964499132696706,NA,NA
NovelmiRNA-3276,0,0,3.3964499132696706,NA,NA
NovelmiRNA-3102,0.21578703801638485,-0.06348625363323092,0.7958185201678489,0.7244922847438242,NA
NovelmiRNA-1336,0,0,3.3964499132696706,NA,NA
NovelmiRNA-1151,0,0,3.3964499132696706,NA,NA
NovelmiRNA-226,0.7962147875436851,-0.17736524329919173,0.8631600640537339,0.3563570650589471,NA
NovelmiRNA-3050,0.13307255771024487,0.08200577832459942,0.8054637394579035,0.6494447757414428,NA
NovelmiRNA-3781,0,0,3.3964499132696706,NA,NA
NovelmiRNA-3128,1.631384319576497,-0.0278383275521048,0.7806838629424027,0.8779263208457596,NA
NovelmiRNA-3038,0.21886318223926463,-0.0645145490964817,0.796101740873353,0.7203326141743941,NA
NovelmiRNA-1559,9.828203342925203,0.1748568192795573,0.4831249939063677,0.46232702052506375,0.8232474068311867
NovelmiRNA-1974,0.17061745447364682,-0.04795757156465588,0.7921989575866767,0.7888058811015164,NA
NovelmiRNA-1838,1.1742700053176742,-0.21573178079912622,0.9010535217941423,0.27622094906701566,NA
NovelmiRNA-445,0.12657201849796876,0.08200577832459942,0.8054637394579035,0.6494447757414428,NA
NovelmiRNA-3692,0,0,3.3964499132696706,NA,NA
NovelmiRNA-1298,1.798225316803207,-0.2626134933571377,0.9566987369218247,NA,NA
NovelmiRNA-572,1.5355570902628213,-0.24486314278842045,0.9344814034241523,NA,NA
NovelmiRNA-1024,0,0,3.3964499132696706,NA,NA
NovelmiRNA-3131,0,0,3.3964499132696706,NA,NA
NovelmiRNA-1372,0.6565895467177939,-0.15864285013121365,0.847329496865864,0.40318744745268403,NA
NovelmiRNA-933,0,0,3.3964499132696706,NA,NA
NovelmiRNA-2766,0,0,3.3964499132696706,NA,NA
NovelmiRNA-3776,0,0,3.3964499132696706,NA,NA
NovelmiRNA-1674,0,0,3.3964499132696706,NA,NA
NovelmiRNA-1566,0,0,3.3964499132696706,NA,NA
NovelmiRNA-3142,3.1075715384980076,-0.17574203211504186,0.8575583589944533,0.3624797414784121,0.7555490755163835
NovelmiRNA-2827,0.12325316185955956,-0.033678556948591905,0.7896019444527461,0.8502236901944418,NA
