miRNA,baseMean,log2FoldChange,lfcSE,pvalue,padj
hsa-miR-551a,1.443397068162155,-0.48568734796852614,1.7431654854872058,0.4875158694660713,NA
hsa-miR-335-3p,0,0,3.6006360444986494,NA,NA
hsa-miR-548an,0,0,3.6006360444986494,NA,NA
hsa-miR-1-3p,16579.33712721379,2.2267536486117225,1.3202528792759418,0.012680246537096958,0.06566558199143828
hsa-miR-548av-3p,2.153379149256636,-0.8842448798259046,1.6646793035321805,0.26205084056304834,NA
hsa-miR-6806-3p,3.513044334369327,0.20701423663509208,1.6374447400492307,0.7675357052703708,NA
hsa-miR-320b,653.5607214918659,-0.4200141385984261,0.987414429390445,0.5547479683420096,0.700801705965541
hsa-miR-4796-5p,0,0,3.6006360444986494,NA,NA
hsa-miR-190b-5p,27.149363114317072,0.90141927107573006,1.1705878669236038,0.24465212613486065,0.4208324308043043
hsa-miR-5000-3p,0,0,3.6006360444986494,NA,NA
hsa-miR-10398-3p,0,0,3.6006360444986494,NA,NA
hsa-miR-676-3p,28.721657596978567,1.2182171099888026,0.9069945780564915,0.07946900909379863,0.20312872885190583
hsa-miR-296-5p,38.964785016483084,-0.018657114085319674,0.898879020409169,0.9780567753458124,0.9852616134699067
hsa-let-7d-5p,12853.181184687643,-0.14418405502160864,0.6759892966241421,0.8012558681849323,0.8758463047543289
hsa-miR-369-3p,1184.1453949089944,-0.45663154514961185,0.8551143514106883,0.4909166048190083,0.6483517269063992
hsa-miR-3180-5p,9.340754770682569,-1.6149141052220637,1.311683647139755,0.05754412147940177,0.16636970449324096
hsa-miR-128-2-3p,198032.90816232882,-3.5481013313472674,1.5993138588269593,9.798483774900019e-4,0.01025184232088577
hsa-miR-411-5p,2873.935865705851,-0.5647805645285849,0.9153710286485685,0.4118169644208908,0.5866246862974669
hsa-miR-449a,4.096997191115489,-0.10268240806598529,1.2532651598768454,0.8917724483814895,NA
hsa-miR-489-3p,6.530457512672877,1.1204959704618853,1.6453593931637325,0.17652344140704765,0.3384209034067785
hsa-miR-4803,0,0,3.6006360444986494,NA,NA
hsa-miR-7843-3p,0.630349115521179,-0.2774277736940274,1.6985728900102122,0.6854297034182015,NA
hsa-miR-6883-3p,1.8344659321744763,-0.5830275747439009,1.7456401934172774,0.4156482093724003,NA
hsa-miR-6513-3p,10.369265466075456,-0.304479192937329,1.2907989682433008,0.689236870475769,0.8099455874582104
hsa-miR-218-5p,40381.85549746673,0.32968918418990306,0.9522139757742867,0.6369736322115285,0.7657683007026507
hsa-miR-133a-3p,1096.499033772533,1.581909686939489,1.1331390576138596,0.046674553749594845,0.14757792428340105
hsa-miR-548ah-3p,54.67402430301566,-4.654978044871564,2.6569873765121943,7.169924052768932e-4,0.008829828051044918
hsa-miR-5579-5p,0,0,3.6006360444986494,NA,NA
hsa-miR-30d-5p,77361.43542803668,0.1817317711910509,0.7145788019346019,0.7598260270266761,0.8569584263579213
hsa-miR-758-3p,557.0666422181788,-0.5873480575252593,0.9250156920152567,0.39608739964352613,0.5746944498806599
hsa-miR-193b-3p,484.28534464118616,-0.4766801416060831,0.8395112940079569,0.46763300741637037,0.6342104629188782
hsa-miR-16-5p,27598.977113293353,-0.8628370306496541,1.1260636614415958,0.2576744852104336,0.43103346608595466
hsa-miR-548aw,0,0,3.6006360444986494,NA,NA
hsa-miR-342-3p,6099.359562839954,-1.410793203370624,0.6922971813145468,0.015588510161093833,0.07613317016177076
hsa-miR-1912-5p,0,0,3.6006360444986494,NA,NA
hsa-miR-152-3p,30204.763686253867,3.9016609783907197,0.9050229024194035,7.979022480580928e-7,1.745810118751107e-5
hsa-miR-3659,0,0,3.6006360444986494,NA,NA
hsa-miR-139-5p,37658.018336456145,-1.5719601023498904,1.0859127333150653,0.043265388408290195,0.14003649384221736
hsa-miR-6858-3p,0,0,3.6006360444986494,NA,NA
hsa-miR-6794-3p,6.190328326433669,-1.4467317740058163,1.8607393426608372,0.09539676026281367,0.2298767747302162
hsa-miR-1236-3p,0.5588420655909808,-0.24465282015854994,1.6942750540406863,0.7202189234157412,NA
hsa-miR-655-3p,339.55762486103106,-0.16222373578994043,0.6949655309641832,0.7810426185089424,0.8648386889157722
hsa-miR-6772-3p,1.00104067214682,0.179023573059417,1.666151288493687,0.7947088823269346,NA
hsa-miR-7158-3p,5.72893582065659,-1.4021214841949057,1.8438293965477357,0.10327052627720427,0.23904852646444838
hsa-miR-200a-3p,277.44321063182844,-0.3717990861010192,0.9762001678208735,0.5989109204138365,0.734538729745221
hsa-miR-4785,3.974727025296022,-0.37959303666361227,1.546372282532584,0.6086971192036202,NA
hsa-miR-6851-3p,0,0,3.6006360444986494,NA,NA
hsa-miR-323b-3p,1816.3433714664845,-2.023930062276916,1.3226742050806588,0.021540180642873063,0.09187280132927235
hsa-miR-548e-3p,46.81511941705405,-0.48325607999638787,0.9819461416270912,0.49632604371673256,0.6506129624780419
hsa-miR-641,113.40858992231391,-0.30166786754862895,0.7436300970621739,0.6208920702915248,0.7519206900979417
hsa-miR-551b-3p,56.53553288941489,-0.6932085395925827,0.8504972361006662,0.29556141161634164,0.476908826413389
hsa-miR-6866-5p,0,0,3.6006360444986494,NA,NA
hsa-miR-5581-3p,1.3024047269981558,-0.466619333391666,1.7379001147458353,0.5038050081866285,NA
hsa-miR-4473,27.90975660996722,0.2325726033508015,0.8797725967872707,0.7291280832721132,0.8324864825181757
hsa-miR-6850-5p,0.47381920620460133,-0.20017099273248457,1.6897161853972413,0.7687331198424523,NA
hsa-miR-629-5p,888.7325229155733,-0.624634684327378,0.9394426328712236,0.3708526705185986,0.5467827783656967
hsa-miR-103a-2-3p,59709.28181670086,-0.8719221554724098,0.6777692278348633,0.1284577274746922,0.2766392792466797
hsa-miR-7151-5p,9.554915333754904,-0.8821681772827482,1.2271501760409815,0.2613795483832736,0.43589821026113007
hsa-miR-6727-5p,0,0,3.6006360444986494,NA,NA
hsa-miR-6775-3p,2.3304526099410445,-0.8917031527812276,1.685008438929912,0.2568142441121439,NA
hsa-miR-1228-3p,0,0,3.6006360444986494,NA,NA
hsa-miR-371a-3p,2.1735368865970988,-0.6431293812880032,1.758744908740876,0.37442401239445294,NA
hsa-miR-3679-5p,6.320370678666245,-0.5838158054052243,1.2529901046422565,0.4496650650842662,0.6229657024306052
hsa-miR-548l,14.532800537054706,0.20257583804527252,1.245137034596026,0.7887337695634112,0.8667485901064969
hsa-miR-153-3p,337.1376778038004,-1.6873426801742906,1.218345255673118,0.04170349895729511,0.13578460672405016
hsa-miR-4797-3p,0,0,3.6006360444986494,NA,NA
hsa-miR-154-3p,0,0,3.6006360444986494,NA,NA
hsa-miR-664a-3p,390.762088159681,-0.4573876081514285,1.1601768635552465,0.54394374304573,0.6963200081260686
hsa-miR-3158-3p,127.0583999935184,0.15280573969697864,0.9426105661237031,0.8257380289778813,0.8944132709918834
hsa-miR-4743-5p,0.2659052233393091,-0.0788899061380134,1.682114464431965,0.9071928258150854,NA
hsa-miR-6816-3p,0.8615950698999274,-0.3543909710908889,1.7116626884037989,0.6073585735534981,NA
hsa-miR-5682,0.9232859577728508,-0.37223247102177254,1.7152784837497275,0.5900462017334468,NA
hsa-miR-5582-3p,2.689050564282605,-0.7252550466353059,1.7734794325995007,0.3248225157016092,NA
hsa-miR-107,10266.529786818632,-0.7410732858406059,0.731078960229523,0.21975870254682897,0.38776777513908206
hsa-miR-1267,1.7595045609788387,-0.7665900648227756,1.6500144094274445,0.32030380959141425,NA
hsa-miR-2110,258.5785653270414,-0.3393386412149808,0.8069314377267052,0.5965330276214914,0.7344133299690286
hsa-miR-9983-3p,56.307841990852346,-1.078409010498085,1.0073891144657632,0.14094332532721662,0.2899405817840607
hsa-miR-3146,0,0,3.6006360444986494,NA,NA
hsa-miR-1234-3p,0.913329752169353,-0.3667638696426995,1.7141474298573465,0.5953197086401281,NA
hsa-miR-6503-5p,11.991779451481898,0.6703141336006117,1.4598970979555903,0.3924227021458619,0.572410918483645
hsa-miR-1976,69.58393779578647,-1.5288333263126839,1.2521777645394778,0.06529407480593351,0.1810693421122907
hsa-miR-122b-5p,0,0,3.6006360444986494,NA,NA
hsa-miR-185-5p,10604.139872130487,-1.2325978051962072,1.0827179679289796,0.10658412247530341,0.24393939328029693
hsa-miR-6746-3p,1.000397106736216,-0.39118219009534044,1.719352318827311,0.5720011218439567,NA
hsa-miR-4795-3p,1.2203028290865625,-0.45061194013247047,1.7306509352402257,0.5183594930454463,NA
hsa-miR-4528,0.1532240855291948,-0.04157636548614952,1.6810274928995954,0.9509714260071028,NA
hsa-miR-4774-5p,0.2659052233393091,-0.0788899061380134,1.682114464431965,0.9071928258150854,NA
hsa-miR-520g-3p,11.980775225843109,2.453220788939355,1.4053198528352269,0.008703694411677003,0.05289912047985912
hsa-miR-106b-5p,5093.6034886766265,-0.8693315632886628,1.1441606923240506,0.2570871047059081,0.43103346608595466
hsa-miR-579-3p,7.20043275934243,-0.6078890942125454,1.4307767016962123,0.43539797956253046,0.607557894950776
hsa-miR-216a-5p,8.155293897117657,0.2893629107609813,1.0715882244155286,0.6925074938398805,0.8111383279023868
hsa-miR-4522,0,0,3.6006360444986494,NA,NA
hsa-miR-138-5p,2989.25669236811,-3.2413394349184275,1.374755497673616,9.737265111966367e-4,0.01025184232088577
hsa-miR-3619-3p,0.6494294491653159,-0.28502029454208516,1.6996793001473451,0.6774954822916859,NA
hsa-miR-548a-3p,10.579013385116562,-3.558509811148504,1.775023842465583,0.0014819187954959849,0.014221220721689538
hsa-miR-4735-5p,0,0,3.6006360444986494,NA,NA
hsa-miR-10522-5p,0,0,3.6006360444986494,NA,NA
hsa-miR-668-3p,146.30356423315922,-2.7467626455215153,1.649666123840227,0.007061422141108809,0.04439767714007493
hsa-miR-12129,0,0,3.6006360444986494,NA,NA
hsa-miR-549a-3p,89.35208970844198,4.7875073474525855,0.9455891138844603,1.3598529227929648e-8,5.31313963405537e-7
hsa-miR-2467-5p,0,0,3.6006360444986494,NA,NA
hsa-miR-509-3p,8.86357197485833,0.39090679452897764,1.0555412167024854,0.5921880807916369,0.7312119191716149
hsa-miR-891a-5p,9.452839992056433,0.7375998771125832,1.2994131221885643,0.34836505990121347,0.5294470066744543
hsa-miR-939-3p,0,0,3.6006360444986494,NA,NA
hsa-miR-92a-3p,49293.81004418972,-1.7144465983166957,1.2877645286610582,0.043834376964885714,0.14021873801048237
hsa-miR-6842-3p,98.63645293419496,-0.3136072632747294,0.8911681649399065,0.6429570079951807,0.7712664109064996
hsa-miR-6734-3p,0.2429625947879133,-0.07888990613801343,1.682114464431965,0.9071928258150854,NA
hsa-miR-30c-5p,24734.30282403976,-0.2899051817220813,0.7214520045502821,0.62794757904223375,0.7582501671878628
hsa-miR-605-3p,0.34298127810692625,-0.07888990613801343,1.682114464431965,0.9071928258150854,NA
hsa-miR-429,38.42243629244356,-0.4751870737948095,0.9268911066671913,0.4918939061538494,0.6483517269063992
hsa-miR-320e,10.632419621314712,-1.0878367921602188,2.0167845928019363,NA,NA
hsa-miR-500a-5p,87.84511070517318,0.4322454792274124,0.787180248076435,0.49400000249923043,0.6495625032862478
hsa-miR-4424,0.39885783500896366,-0.16656901310612607,1.6871147001160611,0.8062802635134205,NA
hsa-miR-6803-3p,0.9476384124092027,-0.3758235474430754,1.716032115148195,0.5865992110907429,NA
hsa-miR-543,2030.0408851766344,-1.282921853193963,1.216870990076962,0.11142478855090131,0.24979245630058614
hsa-miR-1264,42.63808615155329,-0.6081360430137062,1.2046245995563833,0.42791579008222286,0.6012993587970873
hsa-miR-6812-3p,2.382198945962949,0.13932264885629964,1.2381206481254297,0.8534564385705191,NA
hsa-miR-582-5p,468.5698555035634,-1.5497079691451252,0.801256779091868,0.01663984437064914,0.07984206026969368
hsa-miR-542-3p,298.10383984899187,0.7074180217719505,0.8646422018504014,0.2903639262636683,0.4713028714131352
hsa-miR-1180-3p,2373.177032014503,-1.2483846376554633,0.8087457193959057,0.05391746739647598,0.1585974523046395
hsa-miR-380-3p,69.68679699090315,-1.0525392316068733,0.7827746034204762,0.09615741232005798,0.2301202622290069
hsa-miR-1243,3.5639209729998464,-1.908694495607975,1.6308435193229265,0.040677583941977735,NA
hsa-miR-1972,0.3695839792120172,-0.14154258673990844,1.6853624076322167,0.8347091053252791,NA
hsa-miR-1249-3p,203.57712476747307,-2.3602462815583047,1.3926365415440896,0.010684857736700732,0.06025378538118867
hsa-miR-17-5p,5423.44905454977,-1.1027659413193807,1.0554412558334374,0.14152492748874626,0.2899405817840607
hsa-miR-3939,0.4596722565875844,-0.211316478441577,1.6907178253814477,0.7564459253670213,NA
hsa-miR-3928-3p,20.947913548769435,-0.44718702745582867,0.7888234266940038,0.4797753040484898,0.6431564237743296
hsa-miR-6750-3p,0.5144719171603894,-0.21778522890861987,1.6913426816765122,0.7493536429106022,NA
hsa-miR-576-5p,154.82633434095527,-0.31702528487095033,0.9824184897894116,0.6543776940636246,0.7781404318539187
hsa-miR-302c-3p,0,0,3.6006360444986494,NA,NA
hsa-miR-4689,0,0,3.6006360444986494,NA,NA
hsa-miR-3622a-5p,0,0,3.6006360444986494,NA,NA
hsa-miR-5697,1.0690227700368395,-0.4095228187271733,1.7235215722283412,0.5548794924186108,NA
hsa-miR-431-5p,7.796371070692388,1.961225588414584,2.3971925086998493,0.03827078226536989,0.1261091439708273
hsa-miR-19b-1-3p,2693.7111635254955,-0.7811509930592074,1.1224849227111184,0.30282736210924494,0.48464098385748505
hsa-miR-455-5p,3020.1225801255737,1.9051414361623935,1.0173454065430476,0.012417366878377342,0.06531057386992699
hsa-miR-6733-5p,0,0,3.6006360444986494,NA,NA
hsa-miR-4775,7.772724881007734,1.109846886079205,1.3419975184117872,0.17564860566989338,0.3383091102163087
hsa-miR-181c-5p,0,0,3.6006360444986494,NA,NA
hsa-miR-660-5p,1358.8091553410293,0.8764526441405776,0.8253640932287706,0.17931066730725234,0.3384209034067785
hsa-miR-4661-5p,0.5318104466786182,-0.23419140434586289,1.693069160882008,0.7314997832783359,NA
hsa-miR-197-3p,2172.8735954441368,-1.3803797585453057,0.7313720772380178,0.02281475733897311,0.09313188257028575
hsa-miR-618,96.70773889779868,-0.8028379253131656,0.9448248235750174,0.25343714749332363,0.42856365352951514
hsa-miR-3661,0,0,3.6006360444986494,NA,NA
hsa-miR-184,151.8614330002116,-1.5048738503143546,1.0807828068507177,0.051642379378532416,0.15352381260900672
hsa-miR-887-3p,354.6084651543954,-1.1218242444311934,1.1263728166358091,0.14680503633020375,0.29741612915785726
hsa-miR-19a-3p,543.2438653580034,0.07174564897421745,0.8713773503391645,0.914447230468852,0.9513837193850481
hsa-miR-6833-3p,10.564404844135666,-0.8544427774996466,1.0821060478699072,0.2546310555705529,0.42856365352951514
hsa-miR-636,4.208136131852782,-1.5395781491302782,1.737178968995773,0.08344602218367819,NA
hsa-miR-1299,591.54459928827,-0.01007386374485952,1.208457351885046,0.9892943534260237,0.9925842447094722
hsa-miR-382-3p,0,0,3.6006360444986494,NA,NA
hsa-miR-4697-3p,0,0,3.6006360444986494,NA,NA
hsa-miR-20b-5p,1202.4452003269785,-1.9737889675081581,1.1843553223255103,0.01772035019651635,0.08266164985968126
hsa-miR-191-5p,34874.439634993774,-0.02387281539995305,0.6790678895002863,0.9668589214979997,0.9812093322066898
hsa-miR-146a-5p,30314.336224226914,1.2979535261531967,0.8051441095951092,0.04461159510849319,0.14187524723456846
hsa-miR-3616-5p,9.217670593826988,2.8075225931528003,1.7345215649829235,0.007012397254247266,0.04439767714007493
hsa-miR-4705,39.80539362252658,-0.7125103444835286,1.159759223249387,0.3508554470849053,0.5309616689803982
hsa-miR-6511b-3p,64.92896526918037,-1.8964376382602102,1.2256346647610432,0.024381387676612378,0.09725843384654893
hsa-miR-92a-1-3p,53030.764740694896,-1.643285987019169,1.2729267302606342,0.05098774344766912,0.15257299734772145
hsa-miR-6764-5p,0.5144719171603894,-0.21778522890861987,1.6913426816765122,0.7493536429106022,NA
hsa-miR-4422,0.5144719171603894,-0.21778522890861987,1.6913426816765122,0.7493536429106022,NA
hsa-miR-3144-3p,1.828332446633026,-0.5788544311849176,1.7472041464813994,0.4182049974775106,NA
hsa-miR-3199,2.8870572525336744,-1.0190238414799717,1.7084688956726424,0.20570609382237054,NA
hsa-miR-4492,0,0,3.6006360444986494,NA,NA
hsa-miR-30e-5p,32882.25038252248,0.04943228062101957,0.602121519005979,0.9253190007006636,0.9568043353180776
hsa-miR-491-5p,150.4716687028085,-3.1212321397824008,0.8802980552066356,2.528196492665524e-5,4.4610434886711023e-4
hsa-miR-15b-5p,2032.7140095917414,-1.029952811008628,1.423124241591875,0.2094579616224148,0.3793824669121222
hsa-miR-150-5p,2204.860197241463,-0.6741807690227987,1.052284750076594,NA,NA
hsa-miR-4773,0,0,3.6006360444986494,NA,NA
hsa-miR-1252-5p,26.849478402576622,-1.2051098373570353,1.6841107667573871,0.15110069330634288,0.30386793837709397
hsa-miR-4685-3p,12.17415267811889,-0.4289749001780041,1.3008590216844844,0.5762016361878088,0.7228951720062649
hsa-miR-28-3p,2424.7435152212984,1.0746573821728,0.7172936800987041,0.07178667398809746,0.193435027938371
hsa-miR-514a-3p,178.80844230283265,1.8278977898539328,1.0066104288036273,0.015414477369367878,0.07596143352292098
hsa-miR-6813-5p,0,0,3.6006360444986494,NA,NA
hsa-miR-3909,74.63072914611566,-0.46722904274086563,0.8721728257144492,0.4856361084788863,0.6479096374096361
hsa-miR-550a-3-3p,29.28027374771737,-1.1356625376842946,1.120482789431965,0.14128557156028496,0.2899405817840607
hsa-miR-517-3p,32.3887797734545,2.8218757088660333,1.3976109199730362,0.00328740944368639,0.02606105747386167
hsa-miR-135a-5p,647.5403237214114,-1.1494045813118112,1.1212631695375084,0.13694366333599442,0.2881083994030344
hsa-miR-1307-3p,2163.6248946981073,-1.117484715953595,0.9103189833100482,0.10753377021727674,0.24407042451805136
hsa-miR-1343-3p,14.023279525484718,-0.4986746015067271,1.4248212601123853,0.5173042279789262,0.6721268710320015
hsa-miR-4254,3.2471179588402026,-1.5160585573970333,1.6606590041067528,0.0871398046876217,NA
hsa-miR-208a-3p,0,0,3.6006360444986494,NA,NA
hsa-miR-3150a-3p,0,0,3.6006360444986494,NA,NA
hsa-miR-330-5p,2226.6542855634793,-2.55373374496548,0.8546569200780803,2.7676166330543905e-4,0.00432538942365929
hsa-miR-6820-3p,0,0,3.6006360444986494,NA,NA
hsa-miR-4446-3p,40.37892115749497,-1.4577147963981028,1.2664574472027934,0.07862751481655855,0.20312872885190583
hsa-miR-4471,0.3644438921818699,-0.15209878017804818,1.6860662946508025,0.8226752375164204,NA
hsa-miR-4790-5p,0,0,3.6006360444986494,NA,NA
hsa-miR-375-3p,36.497425018848844,-0.5688915422716468,0.9601551905384638,0.4193863583274,0.5958554233898384
hsa-miR-4732-5p,63.11102617996866,-19.079728328979076,3.8463867047746487,1.2259835644253654e-7,4.191331310879218e-6
hsa-miR-4767,0.6859625562138525,-0.29085134878860963,1.700556955061943,0.6714350808464145,NA
hsa-miR-135b-5p,61.417841396363244,0.3902405675713629,0.9836009545163888,0.58228516885623,0.7271917519734197
hsa-miR-1286,5.384206653680192,-1.8422517719171712,1.7884711186197255,0.04857643575475353,NA
hsa-miR-124-3p,14139.63610597946,-4.693639118934723,1.4259510228758,1.7394420516497322e-5,3.2809475939738056e-4
hsa-miR-127-3p,25826.54425817997,-0.5150499940186322,0.9371948050733946,0.45904662808549973,0.6293195628139557
hsa-miR-1265,0,0,3.6006360444986494,NA,NA
hsa-miR-520f-3p,2.1666291983352473,0.21376842161190318,1.5110121414073032,0.7717743500219483,NA
hsa-miR-4749-3p,0,0,3.6006360444986494,NA,NA
hsa-miR-92a-2-3p,49293.81004418972,-1.7144465983166957,1.2877645286610582,0.043834376964885714,0.14021873801048237
hsa-miR-610,3.616021251768354,-0.1775112882588129,1.5127751951493522,0.8091051379715164,NA
hsa-miR-3149,3.5167138682794916,-1.1609907090265685,1.7382006726843156,0.16027663958193308,NA
hsa-miR-675-3p,11.704169932919857,4.825636663680188,2.5334500757899634,4.5372806134311866e-4,0.006707817555532051
hsa-miR-450b-5p,371.13541781398646,1.453218375424713,0.8346840128814206,0.028507940356030343,0.10608056717516053
hsa-miR-423-3p,11912.724338441085,-0.48361267509651423,0.8036125147080939,0.4498564030348977,0.6229657024306052
hsa-miR-193a-5p,245.35418532841706,1.6562994883958337,0.9270443173067443,0.02018376200339689,0.08832414252686481
hsa-miR-1260b,386.23747684205875,0.4243239939005193,0.9786957009849394,0.5491877569538577,0.6987996250750238
hsa-miR-23a-3p,12836.787361721741,0.6543042090681354,0.8754136603680578,0.3310405804891921,0.5100822465565861
hsa-miR-4777-3p,0,0,3.6006360444986494,NA,NA
hsa-miR-381-3p,21768.697042013497,-0.22267602686104396,0.8229973188293827,0.7310812107624798,0.8324864825181757
hsa-miR-106a-5p,617.0520182165693,-1.6494646507677988,1.043956896413587,0.030906689613885777,0.11049646548232367
hsa-miR-485-3p,0,0,3.6006360444986494,NA,NA
hsa-miR-379-5p,5162.166603041926,-0.29701690327633645,0.9264461894862492,0.6666013401164934,0.7892444438175799
hsa-miR-518c-3p,2.408565353613184,0.6157191970172275,1.548375146055295,0.42245339042115315,NA
hsa-miR-378i,1913.0659798486747,0.84744441582538,1.503206418140229,0.29011205962482267,0.4713028714131352
hsa-miR-766-3p,137.2246011178929,-2.034907249853164,1.3559540492815034,0.02235315442496345,0.09193365015379705
hsa-miR-143-3p,209424.32351548277,1.492784586309311,0.9389589706577478,0.03671430278682491,0.12368650375005383
hsa-miR-580-3p,2.3462181584988717,-0.9216081595527802,1.6802547032035233,0.24476584907736706,NA
hsa-miR-3074-5p,9.09856980095753,-2.801765518598607,1.8782211585657274,0.008316024601442555,0.05111084783133795
hsa-miR-497-5p,939.767403693377,1.4620209724524227,0.8928859113445647,0.034759810498265306,0.11968573976014056
hsa-miR-2277-5p,91.27730684652319,-1.6360406237958816,0.932783246656661,0.022170401783297898,0.09187280132927235
hsa-miR-383-5p,1213.0810279333962,-5.139968835295571,1.5647505730087468,1.0048601900880734e-5,2.035772311030282e-4
hsa-miR-4525,3.1245903786632985,-1.0922153777960788,1.7163468551436005,0.18136895420512703,NA
hsa-miR-6853-3p,7.163758308708843,-0.47694768727963655,0.9901908390630175,0.5034706788511298,0.6572755640371551
hsa-miR-4677-3p,40.62051168973138,0.948520229059042,0.8795429890414995,0.16201510298014646,0.3189787513558798
hsa-miR-3157-5p,0,0,3.6006360444986494,NA,NA
hsa-miR-409-3p,0,0,3.6006360444986494,NA,NA
hsa-miR-509-3-3p,0,0,3.6006360444986494,NA,NA
hsa-miR-24-2-3p,23978.807784051485,0.45843978991025053,0.6464504710602843,0.4087922904164346,0.5848389607264268
hsa-miR-4520-3p,1.3216357928222264,0.09205474936174968,1.5373198603955858,0.8990545914130347,NA
hsa-miR-29a-3p,48120.438390303556,0.424510376644608,0.6908324323961795,0.4651925725417326,0.6329859133838998
hsa-miR-4726-5p,0.5144719171603894,-0.21778522890861987,1.6913426816765122,0.7493536429106022,NA
hsa-miR-203b-3p,20.265794130094793,-4.206132018254382,1.9932227993228715,5.722957332683919e-4,0.008026814515328471
hsa-miR-6781-3p,0.1532240855291948,-0.04157636548614952,1.6810274928995954,0.9509714260071028,NA
hsa-miR-890,0,0,3.6006360444986494,NA,NA
hsa-miR-6749-3p,0.6359532145543461,-0.27331460233741284,1.6979907673902475,0.6897480667733528,NA
hsa-miR-324-3p,219.75629805789507,-20.81078585607173,3.954074799330159,3.1480655771242333e-8,1.1479945804579705e-6
hsa-miR-182-5p,6262.3707551755415,-0.34658219321413664,1.2477931162114997,0.6486487128053178,0.776391347712273
hsa-miR-1277-3p,0,0,3.6006360444986494,NA,NA
hsa-miR-3170,0.5997208515917222,0.6601280420172608,1.7878685952005429,0.3591005308375264,NA
hsa-miR-508-3p,22.93690422584369,0.4233121149504743,0.9742563815445838,0.5493306010644612,0.6987996250750238
hsa-let-7f-5p,418828.52687893854,1.019440660215232,0.6378539167049676,0.06329721287993477,0.17755679715550932
hsa-miR-6734-5p,2.783987852052487,-0.7366516734042154,1.7782707407897258,0.31803993650332174,NA
hsa-miR-506-3p,0,0,3.6006360444986494,NA,NA
hsa-miR-202-5p,8.94348690903026,0.8105218225471489,1.4442477424530786,0.31034709280162864,0.490635432839569
hsa-miR-1468-5p,16.15722056301248,0.07916245244159871,0.8574859004759032,0.9048523438826845,0.9463752047874349
hsa-miR-93-5p,10703.576016029298,-1.370189030486383,1.1163483366818168,0.07914743278342554,0.20312872885190583
hsa-miR-4421,14.94275178664243,1.3160977682334407,0.9241408326494377,0.06160509896862184,0.1746009799784256
hsa-miR-365b-3p,821.3059285576369,0.06465359685921057,0.6061544423212057,0.9029033160090322,0.9461458119864762
hsa-miR-584-5p,1831.7711230976254,-2.367816003445083,1.3934287294354852,0.010501706533473749,0.059837848685522305
hsa-miR-454-3p,1397.6212526531906,-0.4616905852066806,0.7787745760818565,0.46220977534022173,0.6304956287059882
hsa-miR-1276,2.915927990183401,-1.0552851262045253,1.7059647044785067,0.19373025671078656,NA
hsa-miR-548y,0,0,3.6006360444986494,NA,NA
hsa-miR-1253,0,0,3.6006360444986494,NA,NA
hsa-miR-892a,1.5475036409496536,0.17907972349881213,1.6571093990418946,0.7956128105521424,NA
hsa-miR-203a-3p,496.00288143049045,-0.7186372623763406,0.9793696583547328,0.3141269483556191,0.4951799445260047
hsa-miR-212-5p,928.5486622861741,-1.334641709424589,1.2279712332683534,0.10012953017925974,0.2371032597751302
hsa-miR-216b-5p,4.087537303857088,-0.011214577476124256,1.3632465628572636,0.9881225319103679,NA
hsa-miR-141-3p,0.766120427645974,-0.3334683731686649,1.7076975200337952,0.6280490661933271,NA
hsa-miR-513c-5p,1.7620769835857402,-0.5456965461502459,1.7612150478687285,0.4388094392629433,NA
hsa-miR-3174,1.6971599331056726,0.2770540320877713,1.5234538261193658,0.7074127664252639,NA
hsa-miR-211-5p,48.99302767056463,-0.5285780757050788,1.248433128769567,0.4917849298490893,0.6483517269063992
hsa-miR-1255a,28.964478967263997,-0.7889980983025126,1.3462570115863222,0.3205192078053879,0.49949859450013445
hsa-miR-3918,0.5318104466786182,-0.23419140434586289,1.693069160882008,0.7314997832783359,NA
hsa-miR-548ao-3p,0,0,3.6006360444986494,NA,NA
hsa-miR-410-3p,1301.5506785837838,-3.3865748515062486,0.9230885739769018,1.3729101173341518e-5,2.6820779792206465e-4
hsa-miR-10b-5p,19397.836759651917,7.783719978140638,1.3875974966461877,4.74040931009428e-12,3.7042912751736725e-10
hsa-miR-215-5p,125.1635998219562,0.7261768858474298,0.922873710017006,0.29488708384899265,0.476908826413389
hsa-miR-3124-5p,14.366011446962403,-0.9389469412086868,1.1107782298086084,0.21742342434303885,0.38776777513908206
hsa-miR-3176,2.572359585801947,-0.6435019167983177,1.7953086734758528,0.36777063747513006,NA
hsa-miR-432-5p,1223.1183684005248,-0.4997827845553543,0.7158187326839215,0.40113660444224164,0.5800604240548445
hsa-miR-1185-3p,92.25735482372995,0.15059483961021955,0.8691351099674477,0.8214016190412801,0.893140233164315
hsa-miR-943,4.687923464384168,-0.8704965642660867,1.2301256866891532,0.26766154177984003,NA
hsa-miR-501-3p,476.5511505160132,-0.10143816481128078,0.9109667403140927,0.8819086421170881,0.931281905864956
hsa-miR-11401,5.011713209903868,-1.265530736522155,1.8168189857647354,0.1307626651729954,NA
hsa-miR-1304-3p,0,0,3.6006360444986494,NA,NA
hsa-miR-3139,5.794131225735769,-1.3998403773460184,1.8465211638750638,0.1035731275540663,0.23904852646444838
hsa-miR-1909-5p,1.1233584186066246,-0.4195404760535024,1.7258919435271278,0.5456726316959623,NA
hsa-miR-18a-5p,116.28932506573359,-1.595862537144867,1.405836888488474,0.06642577641069912,0.1816744984832621
hsa-miR-1269a,3.420732242764572,-1.4499198647355729,1.684485298059994,0.09824554325543247,NA
hsa-miR-4760-5p,0,0,3.6006360444986494,NA,NA
hsa-miR-1269b,0,0,3.6006360444986494,NA,NA
hsa-miR-3664-5p,0,0,3.6006360444986494,NA,NA
hsa-miR-9-5p,414278.5684098524,-1.4101746826235153,1.2988575101719744,0.09067714066664542,0.22443618074504545
hsa-miR-6837-3p,1.342804609603415,-0.657462801417488,1.6242516573266361,0.38649920113241787,NA
hsa-miR-1271-5p,330.042378746084,-0.5591399571240946,0.7243822268495477,0.35138596740567485,0.5309616689803982
hsa-miR-21-5p,250442.10793532696,2.79077850829854,1.154702066853188,0.0012650230266790965,0.012581229010790286
hsa-miR-122-5p,25.273116126483714,0.4219271976978337,0.9255342199695883,0.5410437140984907,0.6963200081260686
hsa-miR-1296-5p,847.624127171528,-1.8055677982019698,0.9439753804425358,0.01276442419864843,0.06566558199143828
hsa-miR-7114-3p,0,0,3.6006360444986494,NA,NA
hsa-miR-1295a,5.957276045137049,0.513414926700837,1.0940087443243114,0.4890249308252096,0.6483517269063992
hsa-miR-3529-5p,4.549912155185179,0.7886574097855126,1.3242365127329654,0.31966885642722404,NA
hsa-miR-3130-3p,0,0,3.6006360444986494,NA,NA
hsa-miR-142-3p,0,0,3.6006360444986494,NA,NA
hsa-miR-665,2.359223465601898,0.34053962352123,1.5275182512100085,0.646336096656728,NA
hsa-miR-4511,5.37810112856521,-0.999765329503592,1.8664649273372378,0.19763761780196823,NA
hsa-miR-98-5p,26743.46879333832,0.9280528338354471,0.765827619136021,0.1363613189792115,0.28799089375146214
hsa-miR-374c-3p,25.305603537748123,0.2724119938233666,1.0771139020744032,0.710045601264472,0.8159557644782903
hsa-miR-2355-3p,35.970895283530425,-5.535975068663775,1.971096838015155,2.475380836768286e-5,4.4610434886711023e-4
hsa-miR-452-5p,0,0,3.6006360444986494,NA,NA
hsa-miR-3164,0.9153742473498364,-0.4457680834272123,1.6389067793285255,0.5387282966506708,NA
hsa-miR-1179,45.723267015379996,-1.016452745373943,0.9185239377741016,0.14426764362065966,0.2943354026358783
hsa-miR-448,29.405661204122534,-0.7724137066159819,1.2565882926365746,0.3243339218336413,0.5040075433039823
hsa-miR-136-3p,961.8737795555887,0.41379212629837686,1.405294248416778,0.5886121368532878,0.7312119191716149
hsa-miR-103a-3p,16774.02757404102,0.28643008272520104,1.652545834871182,NA,NA
hsa-miR-548ad-5p,29.648860549899194,-18.400879572626096,4.189119425038155,NA,NA
hsa-miR-6499-5p,0,0,3.6006360444986494,NA,NA
hsa-miR-548x-3p,0,0,3.6006360444986494,NA,NA
hsa-miR-302a-5p,0,0,3.6006360444986494,NA,NA
hsa-miR-5193,5.0240172957228335,0.09615164159088899,1.250233024573584,0.8985849725539773,NA
hsa-miR-3193,1.9990695053057406,1.0611542080875278,1.965640758247664,0.1705623099585571,NA
hsa-miR-933,0.2659052233393091,-0.0788899061380134,1.682114464431965,0.9071928258150854,NA
hsa-miR-181b-5p,32719.956252499447,-2.2424038514072175,1.003129837463351,0.003523964561310581,0.02677234187551233
hsa-miR-301a-5p,60.365987119823444,-1.1207420580219876,0.8455907427039817,0.09178568041175432,0.2245369122209237
hsa-miR-18b-5p,0,0,3.6006360444986494,NA,NA
hsa-miR-3155b,0,0,3.6006360444986494,NA,NA
hsa-miR-208b-3p,6.063001663111483,1.2225397654443166,1.851432351031096,0.1384306649375953,0.2899405817840607
hsa-miR-1287-5p,311.8814888375677,0.8122354702445161,0.9034740270120853,0.23690716148753513,0.41008929535975225
hsa-miR-518b,2.6495192475339673,-0.28388904108366647,1.3918597281808758,0.7081264440153512,NA
hsa-miR-3059-5p,401.80680379655246,-9.767042422302502,2.812958948353967,7.288248942496454e-7,1.66111340481065e-5
hsa-miR-6832-3p,0.3644438921818699,-0.15209878017804818,1.6860662946508025,0.8226752375164204,NA
hsa-miR-486-5p,75569.48759683398,-2.21523501840188,1.7812860184296495,0.02418683608576741,0.09725843384654893
hsa-miR-3167,9.179121537609545,-3.128629788643003,1.8198792407320814,0.004025522189766896,0.02938177943005285
hsa-miR-664b-3p,48.388981558309226,-0.08360220890829893,0.6991701611633118,0.886548951818704,0.9329184836365708
hsa-miR-412-5p,191.81540307294551,-1.9241520978209328,1.3043160624361667,0.026756358438213612,0.10163700045626976
hsa-miR-3128,6.506681507694404,0.284134021964847,1.365746933651747,0.7084891861344427,0.8159557644782903
hsa-miR-6888-3p,1.007744336455199,-0.39319023932472397,1.7197979874457154,0.5701099427923237,NA
hsa-miR-10527-5p,30.15921155434698,-0.2132980313767106,1.414946715947861,0.7769479049237562,0.8620497038403542
hsa-miR-4423-5p,0.7621105869754301,-0.39098867774711416,1.6301252309338614,0.5875044753086958,NA
hsa-miR-30a-5p,104608.98413384777,0.9417840411283951,0.7191023437598042,0.11503821115209299,0.2557963475617678
hsa-miR-548av-5p,102.59275277479159,-0.20039630340474412,0.7571488127633454,0.7452347373021626,0.8439821973173559
hsa-miR-210-3p,493.0235749285577,0.6329923484751453,0.7860805904072499,0.3166768886478307,0.4977651094550673
hsa-miR-6885-3p,2.113886964969967,-0.6366897466849704,1.7534130283965028,0.3793388249888864,NA
hsa-miR-200c-3p,118.89946610900728,-0.5507715468531779,0.9367595385363501,0.4287143508790934,0.6012993587970873
hsa-miR-526a-5p,2.1004665109858345,0.6280303336315837,1.7108482331870023,0.3921138727313514,NA
hsa-miR-4470,9.46553752947733,0.694132678995506,0.8762755105985996,0.3030113646787201,0.48464098385748505
hsa-miR-192-5p,4894.675840814612,0.1297938098281474,0.7359175022082804,0.8303534451743151,0.8944736900685227
hsa-miR-12125,0,0,3.6006360444986494,NA,NA
hsa-miR-495-3p,3926.8757877950884,-1.043817512504591,0.903847764556633,0.13052363776314588,0.27780712006397196
hsa-miR-20a-5p,7649.249716407401,-1.0656666250526206,1.019709297669911,0.1479582056969042,0.29864626758747825
hsa-miR-628-5p,0,0,3.6006360444986494,NA,NA
hsa-miR-4682,0,0,3.6006360444986494,NA,NA
hsa-miR-378a-3p,9618.642464321762,0.9962766275917642,0.6871450764942939,0.08539943697178255,0.21409995811108753
hsa-miR-2682-5p,0,0,3.6006360444986494,NA,NA
hsa-miR-3611,0,0,3.6006360444986494,NA,NA
hsa-miR-548au-3p,280.5086161046819,1.4481323313789254,0.8414306919462025,0.02989356451048367,0.1082969477332842
hsa-miR-130a-3p,766.3287517038881,1.915884604033935,0.8462143061507283,0.0047295164886946815,0.03274741163691127
hsa-miR-4524a-5p,5.056394822463429,-0.8455879856048607,1.8831479898474277,NA,NA
hsa-miR-3179,5.537972441820964,-1.8069249551037572,1.8019082866987437,0.05181707113059897,NA
hsa-miR-9902,0.9295127455892759,0.795634093770285,1.8379924040338314,0.28007716193613524,NA
hsa-miR-1273c,3.9331098020404314,-0.8906064370506034,1.8147871596395673,0.2424380863661207,NA
hsa-miR-934,0,0,3.6006360444986494,NA,NA
hsa-miR-374b-5p,13301.443756767883,0.5067253221010084,0.7868688637285844,0.42273101173876765,0.5990514596401707
hsa-miR-148b-3p,22947.230764350512,0.3853288250484835,0.6469435570494961,0.48779671150877224,0.6483517269063992
hsa-miR-6755-5p,0.6074064869697832,-0.2691395740487049,1.697412352500137,0.6941456260968835,NA
hsa-miR-502-3p,666.2975550136522,0.5948894033390565,0.9208030812019462,0.3890280728358243,0.5689795610727163
hsa-miR-4429,2.07970005083335,-0.6334503272327535,1.7507589456399186,0.38182561491012695,NA
hsa-miR-548ae-5p,93.62006940223502,-3.562413614976842,3.1019868314148074,0.004967015931745886,0.0339619714333125
hsa-miR-1247-5p,0,0,3.6006360444986494,NA,NA
hsa-miR-3944-5p,0,0,3.6006360444986494,NA,NA
hsa-miR-5006-3p,4.464632326172773,-2.0926573438223417,1.685191030249378,0.029101275100330337,NA
hsa-miR-4755-5p,1.0106772807965103,-0.3926625546353557,1.719680614222046,0.5706065228507494,NA
hsa-miR-103a-1-3p,59564.084156298864,-0.8739309988000029,0.6776858988640165,0.12754702039548999,0.2757637160329368
hsa-miR-3175,0.9400971539798703,0.46477017695146927,1.720245630593697,0.5086997110498287,NA
hsa-miR-1283,3.486250333903263,-0.04531654383828182,1.3662364650926393,0.952029913496691,NA
hsa-miR-4640-3p,4.2399318042596645,-1.6577088884899325,1.7270813133597764,0.06752731317891963,NA
hsa-miR-3922-3p,4.664187890731882,-1.6158955927196819,1.761746543366984,0.07278078931030886,NA
hsa-miR-4474-3p,5.759708925226478,1.201321619326439,1.1655660968367416,0.12736738149890403,0.2757637160329368
hsa-miR-664b-5p,0,0,3.6006360444986494,NA,NA
hsa-miR-935,300.77285476881104,-2.6649719652615165,1.5541207013565856,0.007184904446815858,0.044660712868275845
hsa-miR-30b-5p,12013.361879584865,-0.3353977240644151,0.6635384883505105,0.5530517756248832,0.7002762066361368
hsa-miR-7706,30.690882585318736,0.7102959840528835,1.1013750735280028,0.3437438446307074,0.5252175503156339
hsa-miR-11400,13.574720498270954,-1.8238473451276624,2.0869827151907323,0.04900999470949097,0.14929272321186512
hsa-miR-892c-3p,0.31587947080306755,-0.0788899061380134,1.682114464431965,0.9071928258150854,NA
hsa-miR-5196-3p,4.030625785385313,-1.5678807183123322,1.7232667490314793,0.07939808673295685,NA
hsa-miR-4763-5p,0.3064481710583896,-0.13150940448336634,1.684768109241228,0.8461980036106107,NA
hsa-miR-5002-5p,7.819559440018864,-1.5530366515780907,1.921954710432609,0.07865320087340424,0.20312872885190583
hsa-miR-323a-3p,5480.297165423295,-1.9429796433489044,1.1554612406218523,0.017831946404830695,0.08266164985968126
hsa-miR-888-5p,3.2572837638019205,0.4144230333799248,1.3805438024359045,0.5887410464541771,NA
hsa-miR-760,394.15084525210375,-2.1330086928952503,0.8455811309100861,0.0018027687063590545,0.01643524137297338
hsa-miR-6815-5p,1.6878045832307724,-0.5355872931921313,1.7502279626308028,0.4482319998187834,NA
hsa-miR-370-3p,6602.537420678973,-1.3790291793645235,1.061055815697304,0.07012429407856885,0.1898910339652335
hsa-miR-339-5p,772.2563024643081,0.28594680350502844,0.7254322402149743,0.6338595066765347,0.7637029739032256
hsa-miR-4501,0.5588420655909808,-0.24465282015854994,1.6942750540406863,0.7202189234157412,NA
hsa-miR-205-5p,31.814410282116263,-2.3365662965205947,2.425522758860703,0.022060664737311452,0.09187280132927235
hsa-miR-1266-5p,2.532913061104053,-0.6819933671342238,1.7797254809889187,0.34775306373352205,NA
hsa-miR-3117-3p,84.54642192267255,-2.8836732854926796,1.349027362681056,0.0023546598499350857,0.019815368275607568
hsa-miR-22-3p,16743.750014373814,0.4687165763683501,0.7030027389298091,0.42548488091162406,0.6004462571501691
hsa-miR-302d-3p,7.4549497103290525,0.292359541569816,1.3734658177299515,0.7004475018373131,0.8128653531424961
hsa-miR-4798-5p,0,0,3.6006360444986494,NA,NA
hsa-miR-3173-5p,14.515657584459118,-1.0888701533529423,1.186370167602521,0.16696202483643255,0.3250114860694968
hsa-miR-6715a-3p,0.697134559191957,0.7038021732569263,1.8027963310360224,0.33170393255132047,NA
hsa-miR-548ag,5.154889158277122,-1.8988494841339945,1.7717172821251312,0.043697103896219225,NA
hsa-miR-526b-5p,5.155605690543939,1.3203325949305718,1.527773059437925,0.12360535870035076,NA
hsa-miR-590-3p,247.77356844643055,0.32023623399506845,0.8231822786153445,0.621331173536142,0.7519206900979417
hsa-miR-3187-3p,0,0,3.6006360444986494,NA,NA
hsa-miR-3120-5p,0,0,3.6006360444986494,NA,NA
hsa-miR-4791,0.766120427645974,-0.3334683731686649,1.7076975200337952,0.6280490661933271,NA
hsa-miR-488-3p,503.6265888859211,-1.4030526186871837,1.3559759854438271,0.09672903654946911,0.2301202622290069
hsa-miR-363-3p,7016.44385943334,-1.1207589761422818,0.8854460676495092,0.10098244578250794,0.23800281596887615
hsa-miR-200b-3p,292.1493367595788,-0.06927974509122452,0.8238613237788313,0.9148589330832455,0.9513837193850481
hsa-miR-615-3p,0,0,3.6006360444986494,NA,NA
hsa-miR-873-5p,50.77726797109406,8.590428371070706,2.689904586566201,1.403533253421631e-6,2.9528180370062777e-5
hsa-miR-6881-3p,4.05646145019604,-1.2530277698747054,1.7629154762473227,0.1360953370889574,NA
hsa-miR-642b-5p,1.962693932672865,-0.62330510945056,1.7439123343217087,0.38943903886881476,NA
hsa-let-7a-5p,333056.98799538345,0.94317804726428,0.7075650444442022,0.11052813764343095,0.24880202177348448
hsa-miR-4536-5p,2.316588578197995,0.029715664325232292,1.3737302201809902,0.9685063937747045,NA
hsa-miR-133b,165.5116047116709,1.0285311858706623,1.038037695015299,0.16562897192935516,0.3235680273048474
hsa-miR-6715b-3p,0.1532240855291948,-0.04157636548614952,1.6810274928995954,0.9509714260071028,NA
hsa-miR-744-5p,5337.456711661035,-0.689945586364736,0.6881714496523158,0.23397099725392112,0.40629249364411063
hsa-miR-891b,0,0,3.6006360444986494,NA,NA
hsa-miR-5680,10.316557113697874,-2.383577499448895,1.9827810392776168,0.0192123190892269,0.08575144729390544
hsa-miR-5688,0.3064481710583896,-0.13150940448336634,1.684768109241228,0.8461980036106107,NA
hsa-miR-493-5p,0,0,3.6006360444986494,NA,NA
hsa-miR-5586-5p,3.4202331365658045,-1.1265360169878578,1.734495290060239,0.17006996025119372,NA
hsa-miR-3143,9.920561444054897,-1.2576981007811177,1.9926674717085375,0.1231839547923456,0.2714896058939926
hsa-miR-483-5p,0,0,3.6006360444986494,NA,NA
hsa-miR-24-1-3p,24086.305812938765,0.4596467046709233,0.6469229670259394,0.4078029783728227,0.5848389607264268
hsa-miR-3910,0,0,3.6006360444986494,NA,NA
hsa-miR-656-3p,551.9947297316262,-0.5171596174617401,0.9312244397953785,0.455824314605408,0.6264721107767793
hsa-miR-505-3p,405.5070809813839,0.22392850195068978,0.7375801214672046,0.7120712483122806,0.8165680772050681
hsa-miR-3148,0.5997208515917222,0.6601280420172608,1.7878685952005429,0.3591005308375264,NA
hsa-miR-556-5p,0,0,3.6006360444986494,NA,NA
hsa-miR-3937,0.9959565559397662,-0.3984587312098265,1.720979944111787,0.5651674047582442,NA
hsa-miR-4444,1.371925112427705,-0.4713794155776101,1.7391930519145549,0.49970222091547045,NA
hsa-miR-1910-5p,0.6074064869697832,-0.2691395740487049,1.697412352500137,0.6941456260968835,NA
hsa-miR-6721-5p,1.4886160909083632,-0.5108065253863208,1.7359415291915008,0.46944175376123803,NA
hsa-miR-4684-3p,7.286060363999467,0.9247099597937911,1.4424838440513998,0.2540757485261101,0.42856365352951514
hsa-miR-181a-5p,164367.41008662427,-1.5771022068831269,0.9549865471039761,0.029368887947399634,0.10781732689414496
hsa-miR-6762-3p,0,0,3.6006360444986494,NA,NA
hsa-miR-146b-5p,49482.99885810745,2.051022331961405,0.811224876750012,0.00194710561771191,0.017387650908225222
hsa-miR-5683,19.257610992141423,-0.9579945014876752,1.1814814362406707,0.21941307275684854,0.38776777513908206
hsa-miR-4650-3p,0.31587947080306755,-0.0788899061380134,1.682114464431965,0.9071928258150854,NA
hsa-miR-484,1953.6242582661966,-0.6102349568950102,0.887033703596847,0.36773822898322006,0.54366783763335
hsa-miR-767-5p,0,0,3.6006360444986494,NA,NA
hsa-miR-523-3p,12.037343428347532,0.05693781185324538,1.253217562534948,0.9398233415762606,0.9681419356727204
hsa-miR-4753-3p,0,0,3.6006360444986494,NA,NA
hsa-miR-99a-5p,473422.8608904115,1.6125464872699165,0.9490800532626307,0.025556071334682625,0.09914305687993898
hsa-miR-1193,0,0,3.6006360444986494,NA,NA
hsa-miR-9903,2.9711807166722974,0.293165942145142,1.646026999827324,0.6775027242475071,NA
hsa-miR-652-3p,3640.786405757643,-1.5204590422669992,1.0655877978938242,0.04777442740760629,0.14790607522114627
hsa-miR-4479,0.23237818639731897,0.376943949366544,1.7237885510603814,0.5841250056484093,NA
hsa-miR-6877-5p,5.355684732432542,-1.896562112098067,1.782027703664921,0.043966289803101376,NA
hsa-miR-504-5p,1664.4615255196913,-2.1235495719541353,1.3490827287312916,0.01766622290266223,0.08266164985968126
hsa-miR-499a-5p,1025.6817765532883,0.17995736557796657,0.8750380998762984,0.7881019484152679,0.8667485901064969
hsa-miR-378d,0,0,3.6006360444986494,NA,NA
hsa-miR-3685,0,0,3.6006360444986494,NA,NA
hsa-miR-10a-5p,25362.35585737071,6.8668039924782525,1.5751720276116181,1.23106057221466e-8,5.179924100010916e-7
hsa-miR-190a-5p,346.6471111766087,-0.2511353843125094,0.8860645276245368,0.7095101580427043,0.8159557644782903
hsa-miR-514b-3p,0.34298127810692625,-0.07888990613801343,1.682114464431965,0.9071928258150854,NA
hsa-miR-1275,0,0,3.6006360444986494,NA,NA
hsa-miR-6741-5p,0,0,3.6006360444986494,NA,NA
hsa-miR-4639-5p,0,0,3.6006360444986494,NA,NA
hsa-miR-3115,3.0599715370198766,0.041032191496163356,1.2368706475903286,0.956552819097702,NA
hsa-miR-6780b-3p,3.751614926675674,-0.3809036634479518,1.2824398482386141,0.6182252943630759,NA
hsa-miR-585-3p,50.90832070760143,1.3238094583930733,1.0619960434741584,0.08147458844109261,0.20728651105710535
hsa-miR-675-5p,11.704169932919857,4.825636663680188,2.5334500757899634,4.5372806134311866e-4,0.006707817555532051
hsa-miR-2115-5p,0.766120427645974,-0.3334683731686649,1.7076975200337952,0.6280490661933271,NA
hsa-miR-4687-3p,0.1532240855291948,-0.04157636548614952,1.6810274928995954,0.9509714260071028,NA
hsa-miR-132-5p,0,0,3.6006360444986494,NA,NA
hsa-miR-1229-3p,17.81614463312055,-4.031878739883733,1.9582711574487013,7.703406108727629e-4,0.0089654534924979
hsa-miR-155-5p,3570.254792974929,1.6438959605411478,1.008448728569695,0.028240495588282316,0.10580514443007143
hsa-miR-1289,0,0,3.6006360444986494,NA,NA
hsa-miR-6788-3p,2.408565353613184,0.6157191970172275,1.548375146055295,0.42245339042115315,NA
hsa-let-7g-5p,375324.2134005048,0.8389228619446085,0.6309511292473432,0.12358484802121421,0.2714896058939926
hsa-miR-561-5p,2.2283716439199077,0.19876296999457638,1.5082536668224649,0.7873462849636859,NA
hsa-miR-186-5p,14852.9926186593,0.47235160586476105,0.8031079998099263,0.460279635904197,0.6294324020989894
hsa-miR-574-3p,2074.8955432736584,1.3262673366473183,1.0503776860691036,0.07925861089307176,0.20312872885190583
hsa-miR-3152-5p,0,0,3.6006360444986494,NA,NA
hsa-miR-4460,0,0,3.6006360444986494,NA,NA
hsa-miR-199a-3p,103599.3596641946,5.577767752993253,1.0152488930143064,4.4180123052547896e-10,2.2237709518115797e-8
hsa-miR-527,1.8590254911785518,1.0333984280756103,1.9506549820872965,0.1796191036596989,NA
hsa-miR-6809-5p,0,0,3.6006360444986494,NA,NA
hsa-miR-27a-3p,20003.5040192869,1.27458963340871,0.6992813781375375,0.029895501111016295,0.1082969477332842
hsa-miR-6737-3p,4.8170532884536685,-1.7749723927833647,1.7602954159533075,0.05471386576100352,NA
hsa-miR-3622b-3p,0,0,3.6006360444986494,NA,NA
hsa-miR-487a-3p,353.23136241588924,-0.9627751790984088,0.7874466791508937,0.12916614418191324,0.2770740426176727
hsa-miR-188-5p,0,0,3.6006360444986494,NA,NA
hsa-miR-378e,4.2712884441235275,0.4358337242763663,1.0211442679173244,0.5457458375540031,NA
hsa-miR-125a-5p,22720.06232266508,-0.4284928515576189,0.910369170398982,0.531472690947221,0.6856499102550233
hsa-miR-885-5p,0,0,3.6006360444986494,NA,NA
hsa-miR-516b-5p,50.2358361021774,2.061942737371876,1.461729923495799,0.02489246935743483,0.09725843384654893
hsa-miR-6861-5p,0,0,3.6006360444986494,NA,NA
hsa-miR-5584-3p,0,0,3.6006360444986494,NA,NA
hsa-miR-424-3p,329.1345557337829,0.5044077051449944,0.7898595638524073,0.42591069062937037,0.6004462571501691
hsa-miR-5100,0,0,3.6006360444986494,NA,NA
hsa-miR-6507-5p,5.314837070522939,0.10297684368008529,1.499098586720283,0.8886033781780155,NA
hsa-miR-338-5p,0,0,3.6006360444986494,NA,NA
hsa-miR-548ap-5p,12.500565151332781,-0.29424170511402375,1.5308308113255789,0.6900084894982195,0.8099455874582104
hsa-miR-1284,9.977594863008912,0.9636664485897897,1.3152584955618927,0.23106594625439925,0.4025257089208802
hsa-miR-331-3p,0,0,3.6006360444986494,NA,NA
hsa-miR-4326,52.218784632920595,-1.0040525051870741,1.5926868406838546,0.21840042583792926,0.38776777513908206
hsa-miR-4762-3p,0.2298361282937922,-0.08968414666760086,1.6826015712419808,0.8945936493285743,NA
hsa-miR-4781-3p,1.394269118383914,0.9314701599570686,1.8987890105700764,0.21734927406141685,NA
hsa-miR-3688-3p,51.54578984654568,-1.8100946878620696,1.5585750290239626,0.04751384750363973,0.14790607522114627
hsa-miR-6515-3p,0,0,3.6006360444986494,NA,NA
hsa-miR-373-3p,3.255686123128059,-1.0786705608146052,1.7303520505385197,0.18458237198219812,NA
hsa-miR-3160-3p,1.2654399759921793,0.5937350343266125,1.7347366114346099,0.410402825720037,NA
hsa-miR-581,5.390257466180037,1.3983484351051998,1.3308490501961003,0.0957799015678798,NA
hsa-miR-4504,4.958507807693686,-0.9670268724243972,1.8527894406973282,0.20989420640776557,NA
hsa-miR-6508-3p,2.0194328058389095,-0.8480873278877725,1.6590583431318033,0.27890663419417894,NA
hsa-miR-6516-3p,0,0,3.6006360444986494,NA,NA
hsa-miR-6871-3p,0.2429625947879133,-0.07888990613801343,1.682114464431965,0.9071928258150854,NA
hsa-miR-320c,175.8638184221047,0.417275569966271,1.0146384662488248,0.5617854771006029,0.7080568110000686
hsa-miR-450a-5p,469.33945403421495,0.9251632798806125,0.8667039977898963,0.168791417269639,0.32683027579011803
hsa-miR-96-5p,625.7528872214236,-0.43872737107054616,1.2538532216147853,0.5663155404745932,0.7121255187117298
hsa-miR-6827-5p,0,0,3.6006360444986494,NA,NA
hsa-miR-6770-5p,5.788280323148227,-0.023618257323227015,1.2002349738708,0.9748776359787342,0.9838709721039993
hsa-miR-5001-3p,29.1560613847452,-0.5509784073587816,0.7610727387271754,0.37366639489873105,0.5479772600793724
hsa-miR-24-3p,23978.807784051485,0.45843978991025053,0.6464504710602843,0.4087922904164346,0.5848389607264268
hsa-miR-34a-5p,2558.132378361159,1.6180989137084458,1.0443094383558689,0.03401526358168371,0.11968573976014056
hsa-miR-154-5p,142.61588388861617,-0.8900249215126139,0.7113302452789033,0.13345552196199115,0.28294639733802
hsa-miR-4745-5p,0,0,3.6006360444986494,NA,NA
hsa-miR-4717-3p,0.1532240855291948,-0.04157636548614952,1.6810274928995954,0.9509714260071028,NA
hsa-miR-26a-5p,726574.2227249322,0.7146150814347422,0.7538155069956046,0.24601576713214837,0.4218514878410193
hsa-miR-1292-5p,26.91572897797681,-0.6269556769162042,1.1600161817078065,0.4094941900515932,0.5848389607264268
hsa-miR-361-3p,0,0,3.6006360444986494,NA,NA
hsa-let-7e-5p,16797.1231726894,-0.15222940191096,0.7677166776593336,0.806642159262481,0.8789507193557312
hsa-miR-4707-5p,0,0,3.6006360444986494,NA,NA
hsa-miR-7111-3p,1.8224301371947471,-0.7627437722972198,1.659378575723332,0.32120881750400276,NA
hsa-miR-181d-5p,4874.788113498076,-1.328758363471211,0.9663223399609724,0.06596055493428793,0.18130866105053015
hsa-miR-5004-3p,5.626143951458976,-1.7248920390698639,1.8143909639480855,0.05991463666957577,0.1706943034284268
hsa-miR-1251-5p,17.15761501865453,0.037100783032462115,1.0469262223001432,0.95910549857718,0.9787840476258136
hsa-miR-1293,0,0,3.6006360444986494,NA,NA
hsa-miR-223-3p,8162.100027315227,-1.7966381982391568,1.6045658651830503,NA,NA
hsa-miR-4679,21.620389421147408,2.1134833001078683,1.7334318962436548,0.02871908311083769,0.10614417879478524
hsa-miR-372-3p,21.55740437890583,-3.43413714915711,2.2163003613215637,NA,NA
hsa-miR-328-3p,6317.588133188793,-1.318694267997827,1.0024706513583785,0.0736358272930627,0.19471418956497435
hsa-miR-545-3p,0,0,3.6006360444986494,NA,NA
hsa-miR-4654,0,0,3.6006360444986494,NA,NA
hsa-miR-541-3p,0.697134559191957,0.7038021732569263,1.8027963310360224,0.33170393255132047,NA
hsa-miR-642a-5p,0,0,3.6006360444986494,NA,NA
hsa-miR-548ba,82.46607882470344,0.42256269202522906,1.3657416566428104,0.5819506875738549,0.7271917519734197
hsa-miR-6770-3p,5.788280323148227,-0.023618257323227015,1.2002349738708,0.9748776359787342,0.9838709721039993
hsa-miR-1294,21.012756031129754,0.41052450472110374,1.4304560319936093,0.5904347561366641,0.7312119191716149
hsa-miR-496,30.1865844025669,-0.5430273687349586,0.8198571146488112,0.40190658266322865,0.5800604240548445
hsa-miR-4688,0.2429625947879133,-0.07888990613801343,1.682114464431965,0.9071928258150854,NA
hsa-miR-7854-3p,1.8863970295880943,-0.5573138680001968,1.7649647729921163,0.4298311347499394,NA
hsa-miR-33b-5p,0,0,3.6006360444986494,NA,NA
hsa-miR-6798-3p,7.865728206556575,-1.4080842448923039,1.2886618396358114,0.0902023289467664,0.224275790608551
hsa-miR-4662b,0.31587947080306755,-0.0788899061380134,1.682114464431965,0.9071928258150854,NA
hsa-miR-3180,0,0,3.6006360444986494,NA,NA
hsa-miR-206,1943.0145699702293,7.253997348901222,3.0743168167943047,3.241718925121739e-5,5.541313287629973e-4
hsa-miR-1911-5p,1.127964305242256,-0.5462866249063831,1.6312325183077754,0.4610625656212305,NA
hsa-miR-1305,0.2659052233393091,-0.0788899061380134,1.682114464431965,0.9071928258150854,NA
hsa-miR-32-5p,669.5535436009451,-0.2784040640389098,0.8379239731800388,0.670615586747428,0.7922823454661838
hsa-miR-499b-5p,0,0,3.6006360444986494,NA,NA
hsa-miR-365a-3p,821.3059285576369,0.06465359685921057,0.6061544423212057,0.9029033160090322,0.9461458119864762
hsa-miR-217-5p,58.07491550133894,0.8444033977530211,0.8799488339478414,0.21243393592455476,0.3809880752482998
hsa-miR-552-3p,0,0,3.6006360444986494,NA,NA
hsa-miR-4772-5p,0,0,3.6006360444986494,NA,NA
hsa-miR-4662a-5p,10.003839833151325,0.8219332532873199,1.118042934633782,0.2785918114751534,0.45883943558269136
hsa-miR-769-5p,15268.108219054946,-2.3220016400950816,1.0372851394261962,0.0032133836332878607,0.025848835991300882
hsa-miR-4787-3p,29.229908631441546,-5.090733009457077,1.9632633593814068,7.259297881251352e-5,0.0011678929238366146
hsa-miR-3180-3p,9.340754770682569,-1.6149141052220637,1.311683647139755,0.05754412147940177,0.16636970449324096
hsa-miR-6786-3p,0.4859251895758266,-0.2145816248588887,1.6910292507331435,0.752862397943399,NA
hsa-miR-345-5p,733.2665888679531,0.4451015927846863,0.7696971609704667,0.4752539735543609,0.6387319988556153
hsa-miR-654-3p,1770.3494551878152,0.963685346143225,0.8766351788218902,0.15474007209221793,0.3100469576353231
hsa-miR-4742-3p,14.000572738838486,-3.8967606679141524,1.8407377937751277,8.07931072791464e-4,0.009207047850352725
hsa-miR-374a-5p,5896.344873269386,1.2768011420519685,0.8212664056009537,0.051043617028579576,0.15257299734772145
hsa-miR-1301-3p,770.8465646946605,-1.045300994864477,0.6428427642250354,0.058305701636106044,0.1669802031149215
hsa-miR-3617-5p,0,0,3.6006360444986494,NA,NA
hsa-miR-324-5p,611.1776286696798,-1.2757344285861707,0.8574424983063701,0.05778837998851149,0.16636970449324096
hsa-miR-130b-5p,0,0,3.6006360444986494,NA,NA
hsa-miR-544b,0,0,3.6006360444986494,NA,NA
hsa-miR-518d-5p,2.1004665109858345,0.6280303336315837,1.7108482331870023,0.3921138727313514,NA
hsa-miR-19b-2-3p,2705.8891891954295,-0.7749864646160122,1.1217341799651679,0.3063867229853518,0.4871905159098472
hsa-miR-145-5p,8085.020836845258,1.2068822510038777,0.9086236859557284,0.08253983852173374,0.20902449847864982
hsa-miR-4667-3p,0,0,3.6006360444986494,NA,NA
hsa-miR-7-5p,389584.5571281084,-2.9479224045191113,1.518271484765696,0.0033769511640984484,0.026161099875752946
hsa-miR-532-5p,5046.531054627814,0.7762859788654263,0.7567172654099863,0.20885634423727942,0.3793824669121222
hsa-miR-1908-5p,11.440988858090671,-3.306992928493139,1.8898273274400557,0.0030774098131330966,0.025124524892295576
hsa-miR-607,1.1618909319865949,0.8693646920975533,1.8697587894945313,0.24413254248612942,NA
hsa-miR-302b-3p,11.947023095404672,0.730045293474749,1.1283777098223504,0.33518138413375664,0.5150118458459687
hsa-miR-4794,0.7074251702887961,-0.30302166359208615,1.702466405334462,0.658880398154829,NA
hsa-miR-1185-5p,55.63766872732728,0.028720470502216,0.8306744603337103,0.9648080841775278,0.9809479963663712
hsa-miR-550a-3-5p,28.68055289612565,-1.3754855210594812,1.1793049305583176,0.08571826476476814,0.21409995811108753
hsa-miR-2276-3p,0,0,3.6006360444986494,NA,NA
hsa-miR-6861-3p,0.39885783500896366,-0.16656901310612607,1.6871147001160611,0.8062802635134205,NA
hsa-miR-3130-5p,0.34298127810692625,-0.07888990613801343,1.682114464431965,0.9071928258150854,NA
hsa-miR-1262,14.58063772251551,1.0079125256215302,1.3075490850620708,0.2115917914903063,0.38072601955657087
hsa-miR-425-5p,4983.484085290492,-0.1162439686670308,0.7896147778613234,0.8541752631346173,0.9158272798234405
hsa-miR-1303,0,0,3.6006360444986494,NA,NA
hsa-miR-2115-3p,4.167386481130674,-1.2077942876723968,1.7743322403738295,0.14625186743267707,NA
hsa-miR-1270,15.358901212933876,0.14149302965922556,0.7891805399699482,0.8229299406120929,0.893140233164315
hsa-miR-204-5p,2498.63679304162,-0.1946809679553253,0.8602406732287956,0.7692579325398328,0.8578086400709634
hsa-miR-3085-3p,45.84329981540949,-5.596741052779702,2.202022289367259,4.877758440253179e-5,8.085254141874208e-4
hsa-miR-187-3p,116.08430063363076,-1.5915821441388909,1.2265161559978228,0.05392893259353372,0.1585974523046395
hsa-miR-4659a-3p,5.159943017550143,-1.228096425913948,1.827474227688578,0.13853072776451586,NA
hsa-miR-195-5p,3105.451597540623,1.8905938419852502,0.8690985808939392,0.006129015298121875,0.03944201609497254
hsa-miR-101-2-3p,33643.16551789148,-0.0791398969513532,0.6481312720542389,0.8868694908428095,0.9329184836365708
hsa-miR-27b-3p,161045.32261862326,0.11319647422579664,0.7987894500720826,0.8589020010044331,0.9158272798234405
hsa-miR-1288-3p,3.5166550276207653,-0.3214287640545394,1.139609022380099,0.6666211756498879,NA
hsa-miR-494-3p,1375.27441794692,0.35603195290905326,0.8846009884045508,0.5974660545451878,0.7344133299690286
hsa-miR-337-5p,95.70878829970998,1.3963245048857222,0.8323473080110518,0.03478982197781051,0.11968573976014056
hsa-miR-137-3p,1254.5070912542321,-3.017387166696268,1.6725841376631638,0.0040285803606105374,0.02938177943005285
hsa-miR-31-5p,164.63688371724544,-3.2273770091740097,1.5033592625251004,0.0016180534688500492,0.015259918059672016
hsa-miR-3140-3p,0,0,3.6006360444986494,NA,NA
hsa-miR-3171,0,0,3.6006360444986494,NA,NA
hsa-miR-378f,0,0,3.6006360444986494,NA,NA
hsa-miR-29b-1-3p,4441.465958335932,0.037952354156016464,0.7714792875382335,0.9514808001133654,0.9763438018039196
hsa-miR-219a-5p,752.9920017019152,-2.258412595951154,1.713880462624739,0.02130433001570751,0.09175959463458275
hsa-miR-4636,1.6043790453829818,-0.5462087790331438,1.7368083463216082,0.44305803828768114,NA
hsa-miR-1278,35.969808768238764,0.4856246946477184,0.8742256502336145,0.46928168970236916,0.6342104629188782
hsa-miR-539-3p,0,0,3.6006360444986494,NA,NA
hsa-miR-490-3p,493.88128928146574,-3.5386779173012433,1.5497048480571647,8.585421631022976e-4,0.0095841339432032
hsa-miR-101-3p,32621.067649181572,-0.0995177514633318,0.6487365848109052,0.8581084742100413,0.9158272798234405
hsa-miR-548s,0.39885783500896366,-0.16656901310612607,1.6871147001160611,0.8062802635134205,NA
hsa-miR-6849-3p,0,0,3.6006360444986494,NA,NA
hsa-miR-320a-3p,8519.846308713893,-0.6332220687480073,0.9728381956178045,0.3724721979457507,0.5476943340761442
hsa-miR-340-5p,27474.041627132385,-0.4620850557061538,0.7543081779708888,0.4529347414369066,0.6240687747254103
hsa-miR-4652-5p,0,0,3.6006360444986494,NA,NA
hsa-miR-6748-3p,0,0,3.6006360444986494,NA,NA
hsa-miR-449c-5p,2.09286642919848,0.21452297484432675,1.6498516992009293,0.7580992147802428,NA
hsa-miR-134-5p,1445.6785351222384,0.3570541936137817,0.7280250544186937,0.5529607806354562,0.7002762066361368
hsa-miR-4795-5p,0,0,3.6006360444986494,NA,NA
hsa-miR-326,388.6737332581526,-1.0692421971572907,1.2444672090536888,0.18131183770627815,0.33988863808345054
hsa-miR-151b,3311.826209372359,-0.2087301819209904,0.8506046555264434,0.751707835027195,0.8495541028096605
hsa-miR-3681-5p,7.53325364864967,0.7146105165274834,1.4248214585367105,0.36549021562949785,0.54366783763335
hsa-miR-3612,3.7290437860265913,-0.009968696656980807,1.1238121569696378,0.9892435211862225,NA
hsa-miR-519b-5p,0,0,3.6006360444986494,NA,NA
hsa-miR-92b-3p,6959.485502611712,-1.209181303684887,0.6810900041708206,0.03574206293165863,0.12219317764760795
hsa-miR-6774-5p,0,0,3.6006360444986494,NA,NA
hsa-miR-940,12.565854153659481,-3.4883424386066784,1.8948463241483264,0.0021380001853820415,0.01856327145085677
hsa-miR-1256,0.383060213822987,-0.17084376673102333,1.687422221195113,0.801462723974778,NA
hsa-miR-376a-2-3p,242.72164998236502,0.6478937002305795,0.849079476267339,0.3275240757002145,0.5060894616045688
hsa-miR-653-3p,28.924100222832166,1.8069723567702434,1.2814982799056354,0.03447777813921203,0.11968573976014056
hsa-miR-15a-5p,1123.915970239057,-0.6623047964640557,1.014039953649846,0.36038371116739926,0.5400818904344312
hsa-miR-95-3p,7023.288724642963,-1.6986453110420947,0.9375089543763723,0.018159954088527826,0.08347474694474555
hsa-miR-4646-3p,7.7075049617201215,-1.5725667782833217,1.9172278628866875,0.07627085391662866,0.19961797651864055
hsa-miR-148a-3p,409881.2422908485,4.546307476820105,1.0355553424963813,3.7599169347959945e-7,9.793688396825757e-6
hsa-miR-5687,0,0,3.6006360444986494,NA,NA
hsa-miR-3913-5p,12.080604012620809,0.7211891937045956,1.5855879049176629,0.352506493781664,0.5311874713459235
hsa-miR-377-3p,0,0,3.6006360444986494,NA,NA
hsa-miR-196a-5p,196.3219711511572,2.7029409169567686,2.4927162974630117,0.012965050923355271,0.06566558199143828
hsa-miR-3605-3p,45.758375072370555,-0.2203361799107467,1.2864823511347925,0.7714163082410797,0.8578086400709634
hsa-miR-4783-3p,1.1578332552895185,-0.5882083961701376,1.6204078924602399,0.43273656962050544,NA
hsa-miR-3660,0,0,3.6006360444986494,NA,NA
hsa-miR-6885-5p,0,0,3.6006360444986494,NA,NA
hsa-miR-3684,0,0,3.6006360444986494,NA,NA
hsa-miR-518f-5p,1.9425267755843005,0.8211876305654123,1.7613149264161363,0.2790106413816911,NA
hsa-miR-578,1.2148129739395663,-0.4442387296463449,1.7320141935703248,0.5234177797186359,NA
hsa-miR-222-3p,8139.077666075854,-2.0199238350979276,1.0835534452131401,0.011079803454993138,0.060701362281056215
hsa-miR-3177-3p,26.42801168205224,-0.9009229873481301,0.7892969034843645,0.15601316348192334,0.31145693585624845
hsa-miR-770-5p,0,0,3.6006360444986494,NA,NA
hsa-miR-26b-5p,114100.98550264224,1.5207753700050384,0.7896436892160379,0.017574653715498722,0.08266164985968126
hsa-miR-874-3p,1357.4575707736806,-1.7631048797997826,0.9137745427340773,0.012930518627987594,0.06566558199143828
hsa-miR-597-5p,11.41366238543584,-0.6928023498896793,1.0147794203883107,0.3393302850722134,0.5199262351106464
hsa-miR-6774-3p,1.2624720428125653,0.09212574336540831,1.6564859872025794,0.8933299945789411,NA
hsa-miR-3923,0.4859251895758266,-0.2145816248588887,1.6910292507331435,0.752862397943399,NA
hsa-miR-4647,0,0,3.6006360444986494,NA,NA
hsa-miR-219a-3p,58198.13824861231,-2.5258765338130864,1.6273306670524783,0.011097141184836602,0.060701362281056215
hsa-miR-4643,0,0,3.6006360444986494,NA,NA
hsa-miR-4645-3p,13.595621209918916,1.0040417714499608,1.123989171160912,0.19084313170067485,0.35148549845208465
hsa-miR-3943,43.02574906456355,-2.7449617037361373,1.4222677373200627,0.004325434849778767,0.03072743977699981
hsa-miR-4536-3p,2.316588578197995,0.029715664325232292,1.3737302201809902,0.9685063937747045,NA
hsa-miR-6742-3p,2.3062406431985942,-0.8869300650355638,1.681999050880388,0.2591695612497882,NA
hsa-miR-4738-3p,2.9628852881208254,-1.401885090705298,1.645515978830843,0.10728097668200663,NA
hsa-miR-183-5p,2712.1376749858564,-0.13712907019831863,1.229735518910824,0.8556151311959039,0.9158272798234405
hsa-miR-5691,0.697134559191957,0.7038021732569263,1.8027963310360224,0.33170393255132047,NA
hsa-miR-6821-5p,0,0,3.6006360444986494,NA,NA
hsa-miR-194-5p,1857.3730729372483,-0.9891465415436155,1.0416920465980926,0.18245467494322154,0.3400837345961181
hsa-miR-7157-3p,1.4165934712634083,-0.49109850897346063,1.737463654492411,0.4843638960327107,NA
hsa-miR-671-3p,0,0,3.6006360444986494,NA,NA
hsa-miR-6509-3p,1.7114307944212266,0.3719993406180425,1.5294426508099166,0.6172950797965429,NA
hsa-miR-6132,0.6803233629849375,-0.2943808790557791,1.7010999348866738,0.6677808633954733,NA
hsa-miR-421,908.4795254629955,-11.891756685078935,1.8235979640561186,3.4115991199134467e-12,3.110241197654426e-10
hsa-miR-4433b-3p,0,0,3.6006360444986494,NA,NA
hsa-miR-1298-5p,130.20239907791506,-0.1186575834816786,1.2082910761893302,0.8745397746354746,0.927250835546773
hsa-miR-624-5p,44.68575115986951,-0.19740689672480538,1.1083429659003603,0.7891056633876334,0.8667485901064969
hsa-miR-299-3p,0,0,3.6006360444986494,NA,NA
hsa-miR-1538,0.7074251702887961,-0.30302166359208615,1.702466405334462,0.658880398154829,NA
hsa-miR-7848-3p,0.2429625947879133,-0.07888990613801343,1.682114464431965,0.9071928258150854,NA
hsa-miR-23c,11.874866628512597,-16.973786566136415,4.5092389534801836,NA,NA
hsa-miR-548b-5p,0,0,3.6006360444986494,NA,NA
hsa-miR-128-1-3p,265087.91896612564,-3.409789003746469,1.6072817965834052,0.0014005179671933415,0.013680059429549245
hsa-miR-4686,0,0,3.6006360444986494,NA,NA
hsa-miR-3938,2.34255859331227,-0.6678984371578335,1.7652299902762913,0.35839358332628,NA
hsa-miR-7110-3p,2.8719441657015277,0.075816656485707,1.381048053288506,0.9197459638060931,NA
hsa-miR-6729-5p,0,0,3.6006360444986494,NA,NA
hsa-miR-129-5p,15313.399060923197,-2.4069370749171197,1.4019391511806059,0.009704418910938283,0.057078678970787534
hsa-miR-34c-5p,1644.6672179192556,0.18339349149562068,1.0800096570592197,0.8021919537146596,0.8758463047543289
hsa-miR-376a-5p,0,0,3.6006360444986494,NA,NA
hsa-miR-1250-5p,588.8209680383023,-2.508034693554792,1.139524313188876,0.0029284496658206816,0.02427063586672595
hsa-miR-221-3p,25561.465303504083,-0.7925527405800361,0.872785821390094,0.23928243708465607,0.4128942999536494
hsa-miR-4741,0,0,3.6006360444986494,NA,NA
hsa-miR-25-3p,16850.269059725,-0.4387471137625134,1.0320407131905325,0.5447966474164256,0.6963200081260686
hsa-miR-892b,0,0,3.6006360444986494,NA,NA
hsa-miR-219b-3p,0,0,3.6006360444986494,NA,NA
hsa-miR-1306-5p,0,0,3.6006360444986494,NA,NA
hsa-miR-503-5p,128.86539120536122,-0.43076160691413456,0.8406949016702681,0.5117466940604847,0.666489146788298
hsa-miR-616-5p,2.3919914739554757,0.11833902723694692,1.6436053445996917,0.8643835661263284,NA
hsa-miR-5010-3p,309.37901131682423,-1.8279183869908135,1.0203391851052896,0.016248392855590814,0.07865372470803696
hsa-miR-3126-3p,0,0,3.6006360444986494,NA,NA
hsa-miR-643,1.4106120121347065,-0.5002725199748983,1.7320033772686017,0.47827179093707284,NA
hsa-miR-516a-5p,25.95460029771718,-0.036760714817372905,1.0927655520410688,0.9600386605146741,0.9787840476258136
hsa-miR-4665-5p,1.1578332552895185,-0.5882083961701376,1.6204078924602399,0.43273656962050544,NA
hsa-miR-3132,0.13295261166965455,0.02940194448384855,1.681279638900127,0.9653026006296931,NA
hsa-miR-1306-3p,43.67258878349668,-0.46849788432277784,0.8322414164379233,0.47310751862460554,0.6374133317430031
hsa-miR-224-5p,898.9715029007039,4.741430195742213,1.0371353960926826,1.4194459495334866e-7,4.567276084675396e-6
hsa-miR-3127-3p,5.045920742933468,-0.164773524984691,1.2285658806577515,0.8270146050995475,NA
hsa-miR-625-3p,521.1988482917567,-2.972459313483143,1.1650532605831594,7.425449549324793e-4,0.008829828051044918
hsa-miR-589-5p,196.91794273114374,-0.5648678766953465,0.6685523250408859,0.32018034833404696,0.49949859450013445
hsa-miR-1323,5.583228782507378,0.9252552472265737,1.6086829480581841,0.24899891081993353,NA
hsa-let-7i-5p,411490.0659462947,1.2449853579673305,0.7181969350643764,0.037345130119732166,0.12380476469996057
hsa-miR-125b-5p,48448.99332142528,-0.33120095813452166,0.7988597891459477,0.603231797796365,0.7365352531129724
hsa-miR-3613-5p,465.6361439116926,0.42020350208535745,0.847195503265407,0.523884019205409,0.6774575851190513
hsa-miR-105-5p,170.83101613895246,-2.489940206875968,1.3057287819113452,0.005991586151371531,0.0390166383904789
hsa-miR-592,288.8569417314393,-1.5519497807244662,1.434549083444057,0.07468189200387979,0.19639901406789542
hsa-miR-3941,0,0,3.6006360444986494,NA,NA
hsa-miR-875-5p,0,0,3.6006360444986494,NA,NA
hsa-miR-577,275.44049649588135,-2.262142740035215,1.5911869001422483,0.018814976913118626,0.08575144729390544
hsa-miR-376c-3p,257.610068425578,0.587054402786201,0.7055944809421528,0.31942929914337537,0.49949859450013445
hsa-miR-3122,0.5144719171603894,-0.21778522890861987,1.6913426816765122,0.7493536429106022,NA
hsa-miR-942-5p,0,0,3.6006360444986494,NA,NA
hsa-miR-2681-3p,0,0,3.6006360444986494,NA,NA
hsa-miR-301b-3p,11.247572958832961,-0.34331529325867394,0.8936699364429688,0.6124319056580521,0.744445005322121
hsa-miR-651-5p,271.31460333717797,1.6126956785114552,0.6836163288172477,0.005371260801469961,0.03583023973663498
hsa-miR-588,0,0,3.6006360444986494,NA,NA
hsa-miR-6854-5p,0,0,3.6006360444986494,NA,NA
hsa-miR-1197,217.54114339536582,-1.2930381504315211,0.8732586406387487,0.05732718539300039,0.16636970449324096
hsa-miR-6720-3p,0,0,3.6006360444986494,NA,NA
hsa-miR-5089-3p,0,0,3.6006360444986494,NA,NA
hsa-miR-4632-3p,0,0,3.6006360444986494,NA,NA
hsa-miR-7978,22.82082502792523,-2.256481211625733,1.6013378944216308,0.01926960397529596,0.08575144729390544
hsa-miR-376b-3p,26.7393931938836,1.2424774462404058,0.9061631197889681,0.07368526003647109,0.19471418956497435
hsa-miR-6769b-3p,0.34298127810692625,-0.07888990613801343,1.682114464431965,0.9071928258150854,NA
hsa-miR-6819-3p,0.6859625562138525,-0.29085134878860963,1.700556955061943,0.6714350808464145,NA
hsa-miR-4488,0,0,3.6006360444986494,NA,NA
hsa-miR-199b-3p,103599.3596641946,5.577767752993253,1.0152488930143064,4.4180123052547896e-10,2.2237709518115797e-8
hsa-miR-7976,27.17519779645744,-0.6830117513285989,1.147301469012487,NA,NA
hsa-miR-6758-3p,0,0,3.6006360444986494,NA,NA
hsa-miR-3690,9.622027432831405,0.7136198626354999,1.1471963639790226,0.34844775576380904,0.5294470066744543
hsa-miR-877-3p,60.83164849114697,-1.4934329432618108,0.9427120373760268,0.037083339332740085,0.12368650375005383
hsa-miR-329-3p,1768.6889948084097,-2.025080482342968,1.0828645151697476,0.010869680419732223,0.06067056315911761
hsa-miR-4515,0,0,3.6006360444986494,NA,NA
hsa-miR-214-5p,1212.7163637056462,5.434244384589592,0.8237013838345708,7.882923413187512e-13,8.623918214027139e-11
hsa-miR-6501-5p,7.852144376379828,0.5449348010018765,1.2862556255808175,0.4808975819446084,0.6431564237743296
hsa-miR-3620-5p,6.449341815105766,-2.0028918637862816,1.8370044587606715,0.03659463047006147,0.12368650375005383
hsa-miR-576-3p,0,0,3.6006360444986494,NA,NA
hsa-miR-7850-5p,0.0766120427645974,0.029401944483848554,1.681279638900127,0.9653026006296931,NA
hsa-miR-4750-5p,2.24156102802928,-0.027601785117612382,1.507893837068539,0.9699176023388976,NA
hsa-miR-517a-3p,35.55865102043458,2.3813696589253195,1.155364612125814,0.004716335792873279,0.03274741163691127
hsa-miR-6505-3p,10.866441662456133,-0.2239267266072645,1.3893725749398818,0.7670206827302604,0.8578086400709634
hsa-miR-3145-5p,0.2659052233393091,-0.0788899061380134,1.682114464431965,0.9071928258150854,NA
hsa-miR-3677-3p,0.39885783500896366,-0.16656901310612607,1.6871147001160611,0.8062802635134205,NA
hsa-miR-4683,6.188472752318082,1.3621417641617841,1.4976045431851397,0.11324878020019158,0.2528452357938971
hsa-miR-6765-3p,0,0,3.6006360444986494,NA,NA
hsa-miR-3934-5p,10.723269489749649,2.2228574757465034,1.5457695707582138,0.019390236387216334,0.08575144729390544
hsa-miR-4503,0.2298361282937922,-0.08968414666760086,1.6826015712419808,0.8945936493285743,NA
hsa-miR-7158-5p,0,0,3.6006360444986494,NA,NA
hsa-miR-3151-5p,4.310118617386131,-1.0300605357717596,1.4864539863773882,0.21063905534159263,NA
hsa-let-7b-5p,170847.14012288174,0.7414403656735303,0.8192484159165675,0.25310205022091975,0.42856365352951514
hsa-miR-548z,0,0,3.6006360444986494,NA,NA
hsa-miR-3912-3p,43.71684511053661,0.4923380629272638,1.3068456617955517,0.5232334438644461,0.6774575851190513
hsa-miR-627-3p,0,0,3.6006360444986494,NA,NA
hsa-miR-3065-5p,103.54138083513799,-2.061798408059411,0.9195282672016838,0.00422436072261349,0.030404280464073407
hsa-miR-944,13.43881535369192,4.257641739413788,2.107016761838614,6.401314926619675e-4,0.008336950630621339
hsa-miR-4425,0.9295127455892759,0.795634093770285,1.8379924040338314,0.28007716193613524,NA
hsa-miR-500a-3p,683.6674236652519,0.5570752343758371,1.2481785012727855,0.4695708180660798,0.6342104629188782
hsa-miR-23b-3p,22990.19897361598,0.1329615000737623,0.7645308168806305,0.8302913629869274,0.8944736900685227
hsa-miR-7705,0.6859625562138525,-0.29085134878860963,1.700556955061943,0.6714350808464145,NA
hsa-let-7c-5p,102836.1945417242,1.2774918907701789,0.8946614557886143,0.06412305851486992,0.17895567861037678
hsa-miR-6756-3p,0.41237364446514496,-0.17219593676893596,1.687522351071334,0.79994107554669,NA
hsa-miR-149-5p,5088.834541942344,-3.088833182433914,1.2661417878570147,9.097055780273932e-4,0.009952179023619681
hsa-miR-2114-5p,2.7580335395255067,-0.6680134578573963,1.8047363092595428,NA,NA
hsa-miR-6739-3p,4.555864666701471,-1.6449495055036214,1.7527986115895788,0.06913411936218689,NA
hsa-miR-140-5p,0,0,3.6006360444986494,NA,NA
hsa-miR-6793-5p,0.8476899174816858,-0.3493326809970556,1.7106767064523871,0.6123227455067712,NA
hsa-miR-520a-3p,0.8636142078036017,0.2606571189909517,1.6802383755675905,0.7055218913945265,NA
hsa-miR-100-5p,202742.92063314738,0.6911745643246222,0.8923717045437457,0.3098481949131901,0.490635432839569
hsa-miR-599,0,0,3.6006360444986494,NA,NA
hsa-miR-433-3p,2124.5719733991828,-2.757619680515427,1.200206029240865,0.0017911990117245877,0.01643524137297338
hsa-miR-570-3p,0,0,3.6006360444986494,NA,NA
hsa-miR-6776-3p,0,0,3.6006360444986494,NA,NA
hsa-miR-889-3p,1438.0614503329755,-0.8134719677341525,0.8468801752725184,0.2192610398511556,0.38776777513908206
hsa-miR-670-3p,1.9043213588209431,-0.6133813073811257,1.7418288140070917,0.3961884824414565,NA
hsa-miR-7156-5p,4.315546141993821,-1.186742078372714,1.7869923837020403,0.1507517031741375,NA
hsa-miR-4660,0.3064481710583896,-0.13150940448336634,1.684768109241228,0.8461980036106107,NA
hsa-miR-3200-3p,907.4304509907946,-4.677486847424802,0.8846150196275476,4.84211862633204e-9,2.207199073836355e-7
hsa-miR-7703,0.39885783500896366,-0.16656901310612607,1.6871147001160611,0.8062802635134205,NA
hsa-miR-1226-3p,50.8032322864791,-2.6491599513657995,1.2948231448186263,0.003703216827442562,0.027748761707001118
hsa-miR-511-5p,182.69721366941846,3.282530168640481,1.926820781948994,0.0033956820679679326,0.026161099875752946
hsa-miR-362-5p,188.01933663649012,-0.2246160218341669,0.7044413114645769,0.7028981938508239,0.8128653531424961
hsa-miR-2278,1.3949286348349008,-0.8395120398732645,1.549194127724151,0.29197288455154924,NA
hsa-miR-1914-5p,0,0,3.6006360444986494,NA,NA
hsa-miR-4699-3p,0,0,3.6006360444986494,NA,NA
hsa-miR-6855-3p,3.119815888132233,-0.11252610300274153,1.5104680979858458,0.87797231664202,NA
hsa-miR-2116-5p,9.08465488042438,0.2893503611802364,1.2419055159949954,0.7027333185953029,0.8128653531424961
hsa-miR-2113,33.67613341256295,-0.870492642356601,1.1183015006289263,0.2524149600013652,0.42856365352951514
hsa-miR-1843,444.2645905728407,-0.7058658335908089,1.2319054507109404,0.3631887592615273,0.5427985008635394
hsa-miR-3940-3p,10.00023537879896,-0.20668958845458515,0.9449115553071137,0.7662002645498781,0.8578086400709634
hsa-miR-34b-3p,49.278412221568026,0.00417265550861106,1.1381321142203682,0.9955119275382798,0.9955119275382798
hsa-miR-548au-5p,19.343403968028806,-1.4712862593345013,1.5136534183235941,0.09194930226231611,0.2245369122209237
hsa-miR-320d,57.820864664860004,0.2042173269337381,1.4401598304389431,0.7852164361786638,0.8667485901064969
hsa-miR-29b-2-3p,4446.424994443966,0.037072437864002245,0.7715436022925828,0.9526067307632455,0.9763438018039196
hsa-miR-144-3p,3219.374152929114,-0.8162791181550766,1.2521694711945164,0.2988696028869049,0.48082844935040286
hsa-miR-126-3p,62313.81344223141,0.8177578979468734,0.7491651647819592,0.18278723577926642,0.3400837345961181
hsa-miR-196b-5p,145.47902067174581,0.6306887031952175,1.4700252530882882,NA,NA
hsa-miR-4695-3p,0,0,3.6006360444986494,NA,NA
hsa-miR-708-5p,2107.123632137011,-0.7024958474523573,1.26024431080265,0.36774606933151643,0.54366783763335
hsa-miR-659-5p,20.471473955673325,0.6445395383972917,1.1332216422105947,0.39346710301618015,0.572410918483645
hsa-miR-4768-5p,0,0,3.6006360444986494,NA,NA
hsa-miR-487b-3p,2624.8718455199014,-1.8221975434161495,0.9404071020372927,0.011819629438987097,0.0632757504401056
hsa-miR-4440,2.41045712840051,-0.948530547999825,1.6782761050724602,0.23415321453008295,NA
hsa-miR-6879-3p,2.076789377217399,-0.8586778345239077,1.6629269820796049,0.27364011535228566,NA
hsa-miR-512-3p,3.3582229039260607,0.6544461460232498,1.4361542316849476,0.4035542598115421,NA
hsa-miR-4757-3p,2.6261820574341033,1.8775795923815755,2.0241930463855256,0.04537842340034533,NA
NovelmiRNA-3476,0.1532240855291948,-0.04157636548614952,1.6810274928995954,0.9509714260071028,NA
NovelmiRNA-508,0.5362842993521818,-0.24758459436166746,1.6946275341288222,0.7170724147925303,NA
NovelmiRNA-369,0,0,3.6006360444986494,NA,NA
NovelmiRNA-2775,0,0,3.6006360444986494,NA,NA
NovelmiRNA-2216,0,0,3.6006360444986494,NA,NA
NovelmiRNA-3021,0,0,3.6006360444986494,NA,NA
NovelmiRNA-3351,0,0,3.6006360444986494,NA,NA
NovelmiRNA-903,11.832854094688955,-1.1261221454029138,2.0404776997284397,NA,NA
NovelmiRNA-1471,0,0,3.6006360444986494,NA,NA
NovelmiRNA-33,0,0,3.6006360444986494,NA,NA
NovelmiRNA-1997,3.344172598315574,-0.8132520537708371,1.7962248276036508,0.2778767899467087,NA
NovelmiRNA-2238,0.5318104466786182,-0.23419140434586289,1.693069160882008,0.7314997832783359,NA
NovelmiRNA-1598,0,0,3.6006360444986494,NA,NA
NovelmiRNA-3646,13.245556624647183,2.443723772424283,2.6811374474165564,0.019439084944139443,0.08575144729390544
NovelmiRNA-1153,6.196093704806913,-1.0443059471980498,1.893294906488525,0.18143963861127524,0.33988863808345054
NovelmiRNA-14,0.4859251895758266,-0.2145816248588887,1.6910292507331435,0.752862397943399,NA
NovelmiRNA-3023,30.002222682552215,-0.5759507239770952,1.6097298949354402,0.44278904009953207,0.6162992491970587
NovelmiRNA-816,0,0,3.6006360444986494,NA,NA
NovelmiRNA-2625,0.39885783500896366,-0.16656901310612607,1.6871147001160611,0.8062802635134205,NA
NovelmiRNA-924,0,0,3.6006360444986494,NA,NA
NovelmiRNA-2288,0,0,3.6006360444986494,NA,NA
NovelmiRNA-1425,0.8427324704105715,-0.3568958819813285,1.7121573792264682,0.6049093478685899,NA
NovelmiRNA-1309,0.8478165866176249,0.25628700033564117,1.6793935593414955,0.7101828174298715,NA
NovelmiRNA-2073,0,0,3.6006360444986494,NA,NA
NovelmiRNA-2369,0,0,3.6006360444986494,NA,NA
NovelmiRNA-3277,1.6613587640330298,-0.5626988218111,1.735342699619283,0.431592655986394,NA
NovelmiRNA-3680,1.7373370894168718,-0.5358935962170486,1.7581148943429938,0.44649945033445704,NA
NovelmiRNA-964,0,0,3.6006360444986494,NA,NA
NovelmiRNA-3703,0,0,3.6006360444986494,NA,NA
NovelmiRNA-1921,0.4596722565875844,-0.211316478441577,1.6907178253814477,0.7564459253670213,NA
NovelmiRNA-1280,1.3024047269981558,-0.466619333391666,1.7379001147458353,0.5038050081866285,NA
NovelmiRNA-204,0,0,3.6006360444986494,NA,NA
NovelmiRNA-378,1.4577755687274796,-0.4919435913012235,1.7449428843413708,0.48225632762759796,NA
NovelmiRNA-3706,38.591491658274315,-18.21008844772373,3.7711021312586928,1.9550942454278717e-7,5.4459164636542355e-6
NovelmiRNA-2955,1.2334292955806836,-0.451384697187762,1.732012891657678,0.5174547742299656,NA
NovelmiRNA-1369,0,0,3.6006360444986494,NA,NA
NovelmiRNA-607,0,0,3.6006360444986494,NA,NA
NovelmiRNA-2759,0,0,3.6006360444986494,NA,NA
NovelmiRNA-3143,0,0,3.6006360444986494,NA,NA
NovelmiRNA-3682,0,0,3.6006360444986494,NA,NA
NovelmiRNA-2190,0,0,3.6006360444986494,NA,NA
NovelmiRNA-461,2.659052233393091,-0.6548800594071548,1.7996416261154202,0.36017013638321416,NA
NovelmiRNA-216,0,0,3.6006360444986494,NA,NA
NovelmiRNA-2733,8.422487972217123,0.149060865585471,1.5028231218494454,0.8394664890765208,0.9021378576126854
NovelmiRNA-1440,0,0,3.6006360444986494,NA,NA
NovelmiRNA-194,0,0,3.6006360444986494,NA,NA
NovelmiRNA-2555,0,0,3.6006360444986494,NA,NA
NovelmiRNA-852,0,0,3.6006360444986494,NA,NA
NovelmiRNA-2058,0,0,3.6006360444986494,NA,NA
NovelmiRNA-58,0,0,3.6006360444986494,NA,NA
NovelmiRNA-3622,0,0,3.6006360444986494,NA,NA
NovelmiRNA-470,0,0,3.6006360444986494,NA,NA
NovelmiRNA-1255,8.830371083098122,2.0559930932161934,2.4555020397339526,0.033249398667084824,0.1181001368239961
NovelmiRNA-950,16.04189579770099,-1.4678785330145192,2.1229680454751167,0.08454793421276155,0.21312313370682287
NovelmiRNA-3539,0,0,3.6006360444986494,NA,NA
NovelmiRNA-548,0,0,3.6006360444986494,NA,NA
NovelmiRNA-1366,0,0,3.6006360444986494,NA,NA
NovelmiRNA-644,2.2601943983841273,-0.609515177578891,1.7828168042720804,0.39129076307837113,NA
NovelmiRNA-2289,4.008882814000569,-0.7740682931784334,1.849471101543311,0.2885224716438773,NA
NovelmiRNA-2496,3.4904609352912495,-0.852862278938072,1.7973463141976873,0.2602046547354628,NA
NovelmiRNA-2735,0,0,3.6006360444986494,NA,NA
NovelmiRNA-2327,0,0,3.6006360444986494,NA,NA
NovelmiRNA-2639,0,0,3.6006360444986494,NA,NA
NovelmiRNA-1359,0,0,3.6006360444986494,NA,NA
NovelmiRNA-3665,0,0,3.6006360444986494,NA,NA
NovelmiRNA-1469,0.5144719171603894,-0.21778522890861987,1.6913426816765122,0.7493536429106022,NA
NovelmiRNA-52,0,0,3.6006360444986494,NA,NA
NovelmiRNA-539,0,0,3.6006360444986494,NA,NA
NovelmiRNA-1532,0,0,3.6006360444986494,NA,NA
NovelmiRNA-1497,0,0,3.6006360444986494,NA,NA
NovelmiRNA-814,0,0,3.6006360444986494,NA,NA
NovelmiRNA-323,0,0,3.6006360444986494,NA,NA
NovelmiRNA-2948,1.1415152088941856,-0.5538278798273,1.629484623692962,0.45582143627052374,NA
NovelmiRNA-1917,0,0,3.6006360444986494,NA,NA
NovelmiRNA-3132,4.046254951853566,-0.8992595764566841,1.8192118633132157,0.23849067552803632,NA
NovelmiRNA-3626,0,0,3.6006360444986494,NA,NA
NovelmiRNA-2719,1.5793973540153379,-0.5102048963946948,1.7502706712019702,0.46714553748858584,NA
NovelmiRNA-2877,0,0,3.6006360444986494,NA,NA
NovelmiRNA-1011,0,0,3.6006360444986494,NA,NA
NovelmiRNA-1930,0,0,3.6006360444986494,NA,NA
NovelmiRNA-2065,0.7977156700179273,-0.3352415200170428,1.7080219473941936,0.6262796253570244,NA
NovelmiRNA-1492,4.397952911672629,1.4838238225078706,2.1656314033302158,0.08144477217153545,NA
NovelmiRNA-3411,0,0,3.6006360444986494,NA,NA
NovelmiRNA-2695,0,0,3.6006360444986494,NA,NA
NovelmiRNA-2634,2.206295677205769,-0.909299000628819,1.6667675373273287,0.2511122736424132,NA
NovelmiRNA-207,0,0,3.6006360444986494,NA,NA
NovelmiRNA-1694,4.825399793395869,-1.2388806628728322,1.8092086307587865,0.13706430031891867,NA
NovelmiRNA-932,0,0,3.6006360444986494,NA,NA
NovelmiRNA-3547,0,0,3.6006360444986494,NA,NA
NovelmiRNA-2559,0,0,3.6006360444986494,NA,NA
NovelmiRNA-819,0,0,3.6006360444986494,NA,NA
NovelmiRNA-2141,0,0,3.6006360444986494,NA,NA
NovelmiRNA-1581,0,0,3.6006360444986494,NA,NA
NovelmiRNA-1067,0,0,3.6006360444986494,NA,NA
NovelmiRNA-94,0,0,3.6006360444986494,NA,NA
NovelmiRNA-2374,0,0,3.6006360444986494,NA,NA
NovelmiRNA-2525,0,0,3.6006360444986494,NA,NA
NovelmiRNA-3311,2.9385022199381887,-1.367186151005277,1.6486101730082072,0.11420476800933399,NA
NovelmiRNA-3578,0,0,3.6006360444986494,NA,NA
NovelmiRNA-730,0,0,3.6006360444986494,NA,NA
NovelmiRNA-3303,5.8754026376883255,-1.4125338446138267,1.8475668909445522,0.10137962727741891,0.23800281596887615
NovelmiRNA-3493,0,0,3.6006360444986494,NA,NA
NovelmiRNA-2503,0,0,3.6006360444986494,NA,NA
NovelmiRNA-1498,0,0,3.6006360444986494,NA,NA
NovelmiRNA-1871,3.6013034201227256,-0.7404593830377159,1.8346109997631601,0.3072892557693204,NA
NovelmiRNA-3568,315.36359488042064,-20.632438044494492,3.9753600344527076,NA,NA
NovelmiRNA-1461,0,0,3.6006360444986494,NA,NA
NovelmiRNA-1632,0,0,3.6006360444986494,NA,NA
NovelmiRNA-250,0,0,3.6006360444986494,NA,NA
NovelmiRNA-3289,13.928141371706253,0.026840619884544507,1.243805387128201,0.9715861081684879,0.9838709721039993
NovelmiRNA-2304,0,0,3.6006360444986494,NA,NA
NovelmiRNA-2209,0,0,3.6006360444986494,NA,NA
NovelmiRNA-3621,8.042399058425293,-1.1695368284056935,1.9447549147219965,0.14474629489771712,0.2943354026358783
NovelmiRNA-290,0,0,3.6006360444986494,NA,NA
NovelmiRNA-731,0,0,3.6006360444986494,NA,NA
NovelmiRNA-2455,1.6763628491469844,0.4722612479211478,1.6957596821527066,0.5071863118033644,NA
NovelmiRNA-2660,3.164003587389869,-0.8022512942348364,1.7881273068374193,0.2840960336520658,NA
NovelmiRNA-2969,0,0,3.6006360444986494,NA,NA
NovelmiRNA-2886,0,0,3.6006360444986494,NA,NA
NovelmiRNA-1136,0,0,3.6006360444986494,NA,NA
NovelmiRNA-3265,0,0,3.6006360444986494,NA,NA
NovelmiRNA-609,0,0,3.6006360444986494,NA,NA
NovelmiRNA-2705,0,0,3.6006360444986494,NA,NA
NovelmiRNA-995,1.336294271333523,-0.46908004922026225,1.7385667053900464,0.5016810619715213,NA
NovelmiRNA-3422,27.92372722600998,-1.0116484590698294,1.2121803105158886,0.2002086885656101,0.36749715652815007
NovelmiRNA-3779,0,0,3.6006360444986494,NA,NA
NovelmiRNA-895,0,0,3.6006360444986494,NA,NA
NovelmiRNA-1279,0,0,3.6006360444986494,NA,NA
NovelmiRNA-1816,0,0,3.6006360444986494,NA,NA
NovelmiRNA-151,6.936961398508458,-1.1074086859759136,1.9138097837178547,0.1622440033408006,0.3189787513558798
NovelmiRNA-2357,0,0,3.6006360444986494,NA,NA
NovelmiRNA-1984,1.8222194609093498,-0.5514487613749887,1.763061442488724,0.4343456090566408,NA
NovelmiRNA-11,0.4859251895758266,-0.2145816248588887,1.6910292507331435,0.752862397943399,NA
NovelmiRNA-3712,0,0,3.6006360444986494,NA,NA
NovelmiRNA-676,0,0,3.6006360444986494,NA,NA
NovelmiRNA-1988,0.383060213822987,-0.17084376673102333,1.687422221195113,0.801462723974778,NA
NovelmiRNA-1553,0,0,3.6006360444986494,NA,NA
NovelmiRNA-3274,0,0,3.6006360444986494,NA,NA
NovelmiRNA-1932,0,0,3.6006360444986494,NA,NA
NovelmiRNA-3297,0,0,3.6006360444986494,NA,NA
NovelmiRNA-2497,315.36359488042064,-20.632438044494492,3.9753600344527076,NA,NA
NovelmiRNA-674,0,0,3.6006360444986494,NA,NA
NovelmiRNA-2332,0,0,3.6006360444986494,NA,NA
NovelmiRNA-1026,0,0,3.6006360444986494,NA,NA
NovelmiRNA-3827,0,0,3.6006360444986494,NA,NA
NovelmiRNA-2406,0,0,3.6006360444986494,NA,NA
NovelmiRNA-1696,0,0,3.6006360444986494,NA,NA
NovelmiRNA-1805,0,0,3.6006360444986494,NA,NA
NovelmiRNA-3058,0,0,3.6006360444986494,NA,NA
NovelmiRNA-240,0,0,3.6006360444986494,NA,NA
NovelmiRNA-652,0,0,3.6006360444986494,NA,NA
NovelmiRNA-2381,0.9959565559397662,-0.3984587312098265,1.720979944111787,0.5651674047582442,NA
NovelmiRNA-3586,0,0,3.6006360444986494,NA,NA
NovelmiRNA-3806,0.6128963421167792,-0.2794161204644986,1.6988586504558576,0.6833472025338555,NA
NovelmiRNA-2569,3.2943178388776886,-0.7184739380852383,1.8252307628143327,NA,NA
NovelmiRNA-362,0,0,3.6006360444986494,NA,NA
NovelmiRNA-3022,0,0,3.6006360444986494,NA,NA
NovelmiRNA-2290,20.74946993582653,0.18947314700585366,1.5391497046155773,NA,NA
NovelmiRNA-2767,0,0,3.6006360444986494,NA,NA
NovelmiRNA-606,0,0,3.6006360444986494,NA,NA
NovelmiRNA-402,0,0,3.6006360444986494,NA,NA
NovelmiRNA-1858,0,0,3.6006360444986494,NA,NA
NovelmiRNA-2718,0,0,3.6006360444986494,NA,NA
NovelmiRNA-1605,0,0,3.6006360444986494,NA,NA
NovelmiRNA-3157,0,0,3.6006360444986494,NA,NA
NovelmiRNA-1168,0,0,3.6006360444986494,NA,NA
NovelmiRNA-3423,24.401370092181217,-2.3307850716974126,2.3184062485190506,0.022070502744900602,0.09187280132927235
NovelmiRNA-2502,0,0,3.6006360444986494,NA,NA
NovelmiRNA-1833,0,0,3.6006360444986494,NA,NA
NovelmiRNA-122,0,0,3.6006360444986494,NA,NA
NovelmiRNA-3382,9.148706605016052,-1.2467694295283156,1.9732847838047696,0.12636599877547144,0.2757251105079775
NovelmiRNA-1972,0.3644438921818699,-0.15209878017804818,1.6860662946508025,0.8226752375164204,NA
NovelmiRNA-483,0.2298361282937922,-0.08968414666760086,1.6826015712419808,0.8945936493285743,NA
NovelmiRNA-1484,0,0,3.6006360444986494,NA,NA
NovelmiRNA-3365,0,0,3.6006360444986494,NA,NA
NovelmiRNA-2710,0,0,3.6006360444986494,NA,NA
NovelmiRNA-2429,0,0,3.6006360444986494,NA,NA
NovelmiRNA-2026,3.996917318523246,-0.8871292568026572,1.8190987239947325,0.2432987868298657,NA
NovelmiRNA-789,0.3064481710583896,-0.13150940448336634,1.684768109241228,0.8461980036106107,NA
NovelmiRNA-823,0,0,3.6006360444986494,NA,NA
NovelmiRNA-2825,2.2076361580573476,0.2548302402313092,1.3790468230152961,0.7366852514710978,NA
NovelmiRNA-350,1.8658104160487274,-0.6004371705649424,1.7425578672193862,0.404535517297313,NA
NovelmiRNA-3304,0,0,3.6006360444986494,NA,NA
NovelmiRNA-3717,38.591491658274315,-18.21008844772373,3.7711021312586928,1.9550942454278717e-7,5.4459164636542355e-6
NovelmiRNA-1538,0.4596722565875844,-0.211316478441577,1.6907178253814477,0.7564459253670213,NA
NovelmiRNA-3633,0,0,3.6006360444986494,NA,NA
NovelmiRNA-2431,0,0,3.6006360444986494,NA,NA
NovelmiRNA-2954,0,0,3.6006360444986494,NA,NA
NovelmiRNA-1720,0,0,3.6006360444986494,NA,NA
NovelmiRNA-1688,0,0,3.6006360444986494,NA,NA
NovelmiRNA-1652,0,0,3.6006360444986494,NA,NA
NovelmiRNA-2193,0.2659052233393091,-0.0788899061380134,1.682114464431965,0.9071928258150854,NA
NovelmiRNA-225,0,0,3.6006360444986494,NA,NA
NovelmiRNA-2743,0,0,3.6006360444986494,NA,NA
NovelmiRNA-2021,0,0,3.6006360444986494,NA,NA
NovelmiRNA-1424,0.8427324704105715,-0.3568958819813285,1.7121573792264682,0.6049093478685899,NA
NovelmiRNA-2306,0,0,3.6006360444986494,NA,NA
NovelmiRNA-215,0,0,3.6006360444986494,NA,NA
NovelmiRNA-353,0,0,3.6006360444986494,NA,NA
NovelmiRNA-1558,0,0,3.6006360444986494,NA,NA
NovelmiRNA-624,1.0289438343207788,-0.3955344351553317,1.7203216325431872,0.5679073183518724,NA
NovelmiRNA-322,1.1055781478107365,-0.4158478696048751,1.7250105827489695,0.5490543594909228,NA
NovelmiRNA-2716,0,0,3.6006360444986494,NA,NA
NovelmiRNA-3371,1.700738163515393,-0.5329108983165564,1.7571832836800076,0.44885994342993957,NA
NovelmiRNA-3615,0,0,3.6006360444986494,NA,NA
NovelmiRNA-2975,832.8162247722877,-22.85894241143721,3.932233689593317,NA,NA
NovelmiRNA-841,0,0,3.6006360444986494,NA,NA
NovelmiRNA-1764,0,0,3.6006360444986494,NA,NA
NovelmiRNA-2598,0,0,3.6006360444986494,NA,NA
NovelmiRNA-1826,0,0,3.6006360444986494,NA,NA
NovelmiRNA-2132,0,0,3.6006360444986494,NA,NA
NovelmiRNA-1735,0,0,3.6006360444986494,NA,NA
NovelmiRNA-3471,602.3506550811096,0.21721192045202048,1.6427368108673708,NA,NA
NovelmiRNA-896,0,0,3.6006360444986494,NA,NA
NovelmiRNA-3474,0,0,3.6006360444986494,NA,NA
NovelmiRNA-1797,21.993252851956413,-2.221470660226798,2.2715975815147744,0.02602894882137138,0.10026644369922637
NovelmiRNA-498,0.5144719171603894,-0.21778522890861987,1.6913426816765122,0.7493536429106022,NA
NovelmiRNA-3520,0,0,3.6006360444986494,NA,NA
NovelmiRNA-854,0,0,3.6006360444986494,NA,NA
NovelmiRNA-79,0,0,3.6006360444986494,NA,NA
NovelmiRNA-1965,0,0,3.6006360444986494,NA,NA
NovelmiRNA-1573,0,0,3.6006360444986494,NA,NA
NovelmiRNA-2581,3.485672795959785,1.299534173988853,2.09414101266844,0.11082713844117562,NA
NovelmiRNA-393,6.6881349230850615,-0.9311424836166329,1.9269936530757803,NA,NA
NovelmiRNA-859,0,0,3.6006360444986494,NA,NA
NovelmiRNA-742,0,0,3.6006360444986494,NA,NA
NovelmiRNA-494,30.662401775811084,-0.1090312135694627,1.5382943631602561,0.8806041158375044,0.931281905864956
NovelmiRNA-1579,0,0,3.6006360444986494,NA,NA
NovelmiRNA-280,0,0,3.6006360444986494,NA,NA
NovelmiRNA-2786,0,0,3.6006360444986494,NA,NA
NovelmiRNA-845,0,0,3.6006360444986494,NA,NA
NovelmiRNA-1058,0,0,3.6006360444986494,NA,NA
NovelmiRNA-217,0,0,3.6006360444986494,NA,NA
NovelmiRNA-495,5.577076473535656,1.6602792816542846,2.250085798396,0.061021466390233585,NA
NovelmiRNA-3526,0,0,3.6006360444986494,NA,NA
NovelmiRNA-3544,2.172258587107117,-0.662553638652922,1.7503380550037806,0.3640904368165296,NA
NovelmiRNA-1022,0,0,3.6006360444986494,NA,NA
NovelmiRNA-3537,52.64812810901082,-3.0114812561385733,2.720530726708871,0.00887857832293883,0.05336903673239055
NovelmiRNA-853,34.42917646280755,-1.7961543411185215,2.3890891611937786,0.04875034469342271,0.14929272321186512
NovelmiRNA-625,6.250998731183697,-1.4375206230661224,1.8642081073399144,0.09675989088239778,0.2301202622290069
NovelmiRNA-2180,0,0,3.6006360444986494,NA,NA
NovelmiRNA-2235,42.81074095762877,-18.928488733307592,4.110875601016402,NA,NA
NovelmiRNA-2166,0,0,3.6006360444986494,NA,NA
NovelmiRNA-3017,0,0,3.6006360444986494,NA,NA
NovelmiRNA-2963,0,0,3.6006360444986494,NA,NA
NovelmiRNA-3130,2.74385022485541,-0.6617979756686679,1.8023127820434177,0.35561552412287445,NA
NovelmiRNA-1069,0,0,3.6006360444986494,NA,NA
NovelmiRNA-1638,247.6595796875906,1.1332821025812974,0.7398047945109347,0.0631139394121345,0.17755679715550932
NovelmiRNA-1973,0,0,3.6006360444986494,NA,NA
NovelmiRNA-315,0,0,3.6006360444986494,NA,NA
NovelmiRNA-3628,132.84169635019057,0.8330156659892682,1.7166583136262645,0.2793300403090242,0.45883943558269136
NovelmiRNA-3433,0,0,3.6006360444986494,NA,NA
NovelmiRNA-1927,0,0,3.6006360444986494,NA,NA
NovelmiRNA-392,99.77453550026956,0.944176893169107,1.1596979323541141,0.22265867238693282,0.391589236565442
NovelmiRNA-2234,0,0,3.6006360444986494,NA,NA
NovelmiRNA-3557,4.458490053462721,-0.9266588387176579,1.8362447324605145,0.22607802760524495,NA
NovelmiRNA-102,2.915551137454959,-0.6815235043429414,1.8100808491253466,0.34290268888280423,NA
NovelmiRNA-1691,0,0,3.6006360444986494,NA,NA
NovelmiRNA-1924,1.394269118383914,0.9314701599570686,1.8987890105700764,0.21734927406141685,NA
NovelmiRNA-966,0,0,3.6006360444986494,NA,NA
NovelmiRNA-1028,9.759522552657995,-1.2418278018294577,1.9889584647157943,0.12652102877057103,0.2757251105079775
NovelmiRNA-2753,0,0,3.6006360444986494,NA,NA
NovelmiRNA-2170,0,0,3.6006360444986494,NA,NA
NovelmiRNA-880,28.306592929823985,-18.617643681853608,3.797699786496858,NA,NA
NovelmiRNA-2187,10.971603442544648,-1.8279572450580999,2.0209446190227625,0.049207096508292796,0.14929272321186512
NovelmiRNA-863,5.0121492614804195,-1.7251457795870913,1.7759379784349518,0.059911076347909376,NA
NovelmiRNA-3629,225.27931862460542,-0.21988119372134285,1.485232084678864,0.7671593167325086,0.8578086400709634
NovelmiRNA-1767,0,0,3.6006360444986494,NA,NA
NovelmiRNA-357,0,0,3.6006360444986494,NA,NA
NovelmiRNA-1052,0,0,3.6006360444986494,NA,NA
NovelmiRNA-330,0,0,3.6006360444986494,NA,NA
NovelmiRNA-1881,0.8382586177370078,-0.3507105619947324,1.7109435666130934,0.6109680798668217,NA
NovelmiRNA-2495,0,0,3.6006360444986494,NA,NA
NovelmiRNA-352,0,0,3.6006360444986494,NA,NA
NovelmiRNA-3349,0.7896986770076689,-0.3289861326510065,1.7068870640746219,0.6325349435101005,NA
NovelmiRNA-2510,0.47381920620460133,-0.20017099273248457,1.6897161853972413,0.7687331198424523,NA
NovelmiRNA-1734,0,0,3.6006360444986494,NA,NA
NovelmiRNA-1894,0,0,3.6006360444986494,NA,NA
NovelmiRNA-1161,0,0,3.6006360444986494,NA,NA
NovelmiRNA-1561,0,0,3.6006360444986494,NA,NA
NovelmiRNA-1443,0,0,3.6006360444986494,NA,NA
NovelmiRNA-1321,112.95437169482281,0.25265144361251846,1.1259894940373676,0.7335621290196722,0.8324864825181757
NovelmiRNA-3397,1.8478228071160563,0.13618617745697853,1.519998164397541,0.8522897969836504,NA
NovelmiRNA-747,0,0,3.6006360444986494,NA,NA
NovelmiRNA-54,0,0,3.6006360444986494,NA,NA
NovelmiRNA-1191,0,0,3.6006360444986494,NA,NA
NovelmiRNA-1192,0,0,3.6006360444986494,NA,NA
NovelmiRNA-2501,19.175264753117546,-2.2156029869157163,2.2205325143300287,0.02622994796355312,0.10033413661582906
NovelmiRNA-3691,0,0,3.6006360444986494,NA,NA
NovelmiRNA-1656,0,0,3.6006360444986494,NA,NA
NovelmiRNA-1634,0,0,3.6006360444986494,NA,NA
NovelmiRNA-3566,0,0,3.6006360444986494,NA,NA
NovelmiRNA-2443,1.2148129739395663,-0.4442387296463449,1.7320141935703248,0.5234177797186359,NA
NovelmiRNA-746,0,0,3.6006360444986494,NA,NA
NovelmiRNA-528,0,0,3.6006360444986494,NA,NA
NovelmiRNA-3469,0,0,3.6006360444986494,NA,NA
NovelmiRNA-1252,0,0,3.6006360444986494,NA,NA
NovelmiRNA-1107,0.7443080454541816,-0.31653643814742594,1.704708821938259,0.645091484711467,NA
NovelmiRNA-1560,0,0,3.6006360444986494,NA,NA
NovelmiRNA-3794,0,0,3.6006360444986494,NA,NA
NovelmiRNA-3030,0.383060213822987,-0.17084376673102333,1.687422221195113,0.801462723974778,NA
NovelmiRNA-3540,0.39885783500896366,-0.16656901310612607,1.6871147001160611,0.8062802635134205,NA
NovelmiRNA-846,0,0,3.6006360444986494,NA,NA
NovelmiRNA-449,6.633047423182714,-1.0841781849414036,1.9056957944410478,0.16909134926618538,0.32683027579011803
NovelmiRNA-1610,0,0,3.6006360444986494,NA,NA
NovelmiRNA-3770,8.020585682910362,-1.5962566884359095,1.9273965437541731,0.07316911923237558,0.19471418956497435
NovelmiRNA-1082,0,0,3.6006360444986494,NA,NA
NovelmiRNA-2286,0,0,3.6006360444986494,NA,NA
NovelmiRNA-679,0,0,3.6006360444986494,NA,NA
NovelmiRNA-1770,0,0,3.6006360444986494,NA,NA
NovelmiRNA-788,0,0,3.6006360444986494,NA,NA
NovelmiRNA-69,1.2359609166476655,0.4936651229113535,1.7168849711665404,0.48627041519904046,NA
NovelmiRNA-1885,0,0,3.6006360444986494,NA,NA
NovelmiRNA-2529,0,0,3.6006360444986494,NA,NA
NovelmiRNA-1410,0,0,3.6006360444986494,NA,NA
NovelmiRNA-900,0,0,3.6006360444986494,NA,NA
NovelmiRNA-3439,0,0,3.6006360444986494,NA,NA
NovelmiRNA-2526,0,0,3.6006360444986494,NA,NA
NovelmiRNA-2784,0,0,3.6006360444986494,NA,NA
NovelmiRNA-3261,3.401476327030786,-0.7258224419042424,1.8283358629808202,0.31580792812785036,NA
hsa-miR-106b-3p,4510.585370187961,-0.3671985972429591,1.6674004643999636,0.6031285367893193,0.7365352531129724
hsa-miR-5696,0,0,3.6006360444986494,NA,NA
hsa-miR-4729,0,0,3.6006360444986494,NA,NA
hsa-miR-3679-3p,5.920556777605096,-0.9897441163121947,1.3694883141142575,0.22335620074665063,0.391589236565442
hsa-miR-873-3p,236.28991287327796,-0.3096652875168953,0.9187428536551717,0.6520624709590213,0.7781404318539187
hsa-miR-586,0.2298361282937922,-0.08968414666760086,1.6826015712419808,0.8945936493285743,NA
hsa-miR-3190-3p,4.944229035680531,0.3576555532996084,1.3898092957030992,0.6390233701651702,NA
hsa-miR-4800-3p,0,0,3.6006360444986494,NA,NA
hsa-miR-6872-5p,0.2659052233393091,-0.0788899061380134,1.682114464431965,0.9071928258150854,NA
hsa-miR-7108-5p,0.383060213822987,-0.17084376673102333,1.687422221195113,0.801462723974778,NA
hsa-miR-518e-3p,0,0,3.6006360444986494,NA,NA
hsa-miR-767-3p,65.50707644749032,-2.0960847035075654,1.3983012072971897,0.020778717658333935,0.0902060203103862
hsa-miR-4433b-5p,122.70752681734054,-4.29627612432408,3.3297735529769925,NA,NA
hsa-miR-548f-3p,0,0,3.6006360444986494,NA,NA
hsa-miR-4467,1.3648409989180859,-0.47419120102588486,1.7386704807800213,0.4975409134344646,NA
hsa-miR-4793-3p,0,0,3.6006360444986494,NA,NA
hsa-miR-4699-5p,0.46475637279463794,0.5795770758334978,1.7636245982989265,0.41466902268751255,NA
hsa-miR-483-3p,79.49428955292215,1.6868318318334716,1.1242585152843296,0.03423379609109849,0.11968573976014056
hsa-miR-3138,1.0872893235611079,-0.4123059332557416,1.7241735384131414,0.5523112905291485,NA
hsa-miR-3121-3p,0.5362842993521818,-0.24758459436166746,1.6946275341288222,0.7170724147925303,NA
hsa-miR-6866-3p,40.11187404288348,0.23226021915298112,0.7079632911706564,0.6942506007137148,0.8114424756205172
hsa-miR-519b-3p,3.511766334222076,-1.1570606567675814,1.736756163641679,0.16142328658444696,NA
hsa-miR-4498,0.697134559191957,0.7038021732569263,1.8027963310360224,0.33170393255132047,NA
hsa-miR-1245b-5p,1.394269118383914,0.9314701599570686,1.8987890105700764,0.21734927406141685,NA
hsa-miR-493-3p,2783.549290223604,4.766450591810582,1.1144469016243757,4.82482430594643e-7,1.1996267706148624e-5
hsa-miR-3120-3p,11.576385046786243,-2.516098298866539,2.0171224259960914,0.015390443116248768,0.07596143352292098
hsa-miR-6516-5p,52.96848959988867,-0.0066997574926148905,0.6869996705883529,0.9907696482840435,0.9925842447094722
hsa-miR-5579-3p,0,0,3.6006360444986494,NA,NA
hsa-miR-3691-5p,2.753788174624285,-1.0298297130460004,1.6955738673389762,0.20297308016369842,NA
hsa-miR-3160-5p,0.8656260749310313,0.4255685999972517,1.7118927834346056,0.5431150345999163,NA
hsa-miR-199a-5p,103662.53909152634,5.575621019976044,1.0151263621586082,4.471934272381605e-10,2.2237709518115797e-8
hsa-miR-4476,0,0,3.6006360444986494,NA,NA
hsa-miR-6825-5p,0,0,3.6006360444986494,NA,NA
hsa-miR-9985,0,0,3.6006360444986494,NA,NA
hsa-miR-32-3p,0,0,3.6006360444986494,NA,NA
hsa-miR-2276-5p,8.595156969448983,-0.8635088847766068,1.356305423436037,0.2810372621648689,0.46026162396462067
hsa-miR-627-5p,10.03487536112478,0.6014422599127198,0.8604953006317573,0.36670586709086667,0.54366783763335
hsa-miR-3914,0,0,3.6006360444986494,NA,NA
hsa-miR-3157-3p,10.958739593770815,-0.7854243517064353,0.9617896153117098,0.2679498577923677,0.4454971799769761
hsa-miR-6818-3p,1.5992556042445922,0.9808249515937776,1.923267680777671,0.19816521281662466,NA
hsa-miR-1913,0,0,3.6006360444986494,NA,NA
hsa-miR-4658,0,0,3.6006360444986494,NA,NA
hsa-miR-4733-5p,0,0,3.6006360444986494,NA,NA
hsa-miR-509-5p,8.86357197485833,0.39090679452897764,1.0555412167024854,0.5921880807916369,0.7312119191716149
hsa-miR-4717-5p,0,0,3.6006360444986494,NA,NA
hsa-miR-3675-5p,3.972716590956912,0.19406759212931032,1.5028154533297347,0.7925138144640433,NA
hsa-miR-3917,1.1965735050268909,-0.43913498399819123,1.7307168064537781,0.5279643782147871,NA
hsa-miR-4780,1.1965735050268909,-0.43913498399819123,1.7307168064537781,0.5279643782147871,NA
hsa-miR-4790-3p,0,0,3.6006360444986494,NA,NA
hsa-miR-142-5p,8760.966256092246,-0.2666328363625626,1.6494627897246232,NA,NA
hsa-miR-4520-5p,0.383060213822987,-0.17084376673102333,1.687422221195113,0.801462723974778,NA
hsa-miR-3161,0.2298361282937922,-0.08968414666760086,1.6826015712419808,0.8945936493285743,NA
hsa-miR-885-3p,1098.2556840040768,-5.293782270116798,1.308606119207305,5.89119705770246e-7,1.4010803437231504e-5
hsa-miR-5191,0.39885783500896366,-0.16656901310612607,1.6871147001160611,0.8062802635134205,NA
hsa-miR-3919,0.3644438921818699,-0.15209878017804818,1.6860662946508025,0.8226752375164204,NA
hsa-miR-6767-5p,0.1532240855291948,-0.04157636548614952,1.6810274928995954,0.9509714260071028,NA
hsa-miR-615-5p,10.894383060137352,4.2561996517022544,2.590080171758568,0.001253446050647593,0.012581229010790286
hsa-miR-376a-3p,242.72164998236502,0.6478937002305795,0.849079476267339,0.3275240757002145,0.5060894616045688
hsa-miR-511-3p,184.11867128803226,3.86070357097917,1.6380500894642978,5.132699894236263e-4,0.007388386426703252
hsa-miR-7973,1.2643841749169342,1.0694836729313817,1.8562228283023436,0.17730921899372307,NA
hsa-miR-6864-5p,0.46475637279463794,0.5795770758334978,1.7636245982989265,0.41466902268751255,NA
hsa-miR-548v,5.879690973847493,-1.404889178779697,1.8507074912507893,0.10257109079237699,0.23876804502812696
hsa-miR-1295b-3p,0,0,3.6006360444986494,NA,NA
hsa-miR-3682-3p,0,0,3.6006360444986494,NA,NA
hsa-miR-4666b,0.0766120427645974,0.029401944483848554,1.681279638900127,0.9653026006296931,NA
hsa-miR-3191-5p,0,0,3.6006360444986494,NA,NA
hsa-miR-299-5p,105.59369924802462,0.04087005540189462,0.9481007748246914,0.9531400185800605,0.9763438018039196
hsa-miR-524-3p,0.46475637279463794,0.5795770758334978,1.7636245982989265,0.41466902268751255,NA
hsa-miR-18b-3p,3.78626059233939,0.38493279715672346,1.6498332393852075,0.5898406499628457,NA
hsa-miR-4523,0.39885783500896366,-0.16656901310612607,1.6871147001160611,0.8062802635134205,NA
hsa-miR-6718-5p,3.6193993581628536,-1.1350065356583507,1.7471381441945946,0.16688612487618162,NA
hsa-miR-3925-3p,0,0,3.6006360444986494,NA,NA
hsa-miR-6805-3p,2.689050564282605,-0.7252550466353059,1.7734794325995007,0.3248225157016092,NA
hsa-miR-4427,0,0,3.6006360444986494,NA,NA
hsa-miR-4639-3p,5.343942966414921,0.18389946060527865,1.3454368697902848,0.8080705098857117,NA
hsa-miR-3186-3p,0.34298127810692625,-0.07888990613801343,1.682114464431965,0.9071928258150854,NA
hsa-miR-770-3p,54.84679669242256,-3.5160368144237184,1.4668912644270844,6.754775462920107e-4,0.00859270274004023
hsa-miR-642a-3p,17.964739788877747,-3.602791020316675,2.0796183671749495,0.0022011182498709193,0.01881268254186551
hsa-miR-7155-3p,0,0,3.6006360444986494,NA,NA
hsa-miR-6800-3p,0,0,3.6006360444986494,NA,NA
hsa-miR-4727-5p,1.1491806414689612,-0.434592698837152,1.729576238535742,0.5320337761490637,NA
hsa-miR-4786-5p,0,0,3.6006360444986494,NA,NA
hsa-miR-510-5p,0,0,3.6006360444986494,NA,NA
hsa-miR-6834-5p,0.34298127810692625,-0.07888990613801343,1.682114464431965,0.9071928258150854,NA
hsa-miR-1228-5p,0.8733117103090923,-0.3592540583568183,1.7126269714542885,0.6026091152612103,NA
hsa-miR-556-3p,2.5816024150027372,-0.26948576016992826,1.3903086533810338,0.7221019189561042,NA
hsa-miR-10399-5p,7.091098209965171,0.491358065696366,1.6662309517593747,0.49717773001064264,0.6506129624780419
hsa-miR-4667-5p,1.3110618214681768,-0.637655252822559,1.6266677361727424,0.3987860073245112,NA
hsa-miR-302a-3p,38.36591040943481,0.7260237717410676,1.3878798330629407,0.3585502146575699,0.5388103500486009
hsa-miR-6845-5p,1.8715545586281175,-1.0512467664607263,1.5749215438874007,0.20180134756905796,NA
hsa-miR-409-5p,2543.2229017438062,-0.20192042068474256,0.9118772567011149,0.7676980593880265,0.8578086400709634
hsa-miR-5003-3p,0,0,3.6006360444986494,NA,NA
hsa-miR-3617-3p,8.301126699116484,-0.07486595491715556,1.1169696653291985,0.9192447456755111,0.9541306942779971
hsa-miR-552-5p,19.871297878286477,-1.084941121496911,1.4141690028941285,0.1886532697980602,0.34862614384979373
hsa-miR-6727-3p,0.1532240855291948,-0.04157636548614952,1.6810274928995954,0.9509714260071028,NA
hsa-miR-3667-3p,0.34298127810692625,-0.07888990613801343,1.682114464431965,0.9071928258150854,NA
hsa-miR-548al,0,0,3.6006360444986494,NA,NA
hsa-miR-4657,0,0,3.6006360444986494,NA,NA
hsa-miR-548ae-3p,21.843549521347988,2.984901568082463,3.018088986958972,0.010145055923957846,0.0584141641095257
hsa-miR-147b-3p,2.595922158740909,0.288935284038935,1.6473833534113822,0.6815253309265996,NA
hsa-miR-5695,0,0,3.6006360444986494,NA,NA
hsa-miR-625-5p,521.1988482917567,-2.972459313483143,1.1650532605831594,7.425449549324793e-4,0.008829828051044918
hsa-miR-548t-5p,0,0,3.6006360444986494,NA,NA
hsa-miR-6895-3p,1.9059729821046747,-0.7955200597167218,1.6611368100298094,0.30408408074582555,NA
hsa-miR-6779-3p,0,0,3.6006360444986494,NA,NA
hsa-miR-3678-5p,0,0,3.6006360444986494,NA,NA
hsa-miR-1247-3p,9.677126536142671,0.9430027025550256,1.0694392252754572,0.20821680074637347,0.3793824669121222
hsa-miR-3129-3p,0.9295127455892759,0.795634093770285,1.8379924040338314,0.28007716193613524,NA
hsa-miR-6733-3p,27.986403440222738,0.34249313259424263,0.8011051415826472,0.591566251533387,0.7312119191716149
hsa-miR-513b-5p,0,0,3.6006360444986494,NA,NA
hsa-miR-4728-3p,0.46475637279463794,0.5795770758334978,1.7636245982989265,0.41466902268751255,NA
hsa-miR-4725-3p,0.2298361282937922,-0.08968414666760086,1.6826015712419808,0.8945936493285743,NA
hsa-miR-1304-5p,16.928999459464762,-2.6969216917686505,2.1662639828720693,0.01191481224009301,0.0632757504401056
hsa-miR-6762-5p,3.821126505456325,-1.6608374391048553,1.6954086159760562,0.06695629813258502,NA
hsa-miR-4761-3p,0.34298127810692625,-0.07888990613801343,1.682114464431965,0.9071928258150854,NA
hsa-miR-335-5p,2892.776953650123,1.1825315046382618,0.9288256776475976,0.09280097884031369,0.22560949078067372
hsa-miR-6716-3p,3.975691537595824,-0.08869948288251671,1.520723746426228,0.903263664416846,NA
hsa-miR-6820-5p,1.543678867690532,-0.698105059710145,1.641478433869006,0.3595615779722511,NA
hsa-miR-6785-5p,0.2298361282937922,-0.08968414666760086,1.6826015712419808,0.8945936493285743,NA
hsa-miR-6840-5p,0,0,3.6006360444986494,NA,NA
hsa-miR-4433a-5p,0.5362842993521818,-0.24758459436166746,1.6946275341288222,0.7170724147925303,NA
hsa-miR-521,0,0,3.6006360444986494,NA,NA
hsa-miR-1245a,0,0,3.6006360444986494,NA,NA
hsa-miR-548ac,0,0,3.6006360444986494,NA,NA
hsa-miR-3187-5p,3.5401363372161407,-0.2673580335398372,1.252225897861224,0.7243845404032898,NA
hsa-miR-4772-3p,10.296919346286687,-0.03674426395569833,1.1935809426805892,0.9608903721664751,0.9787840476258136
hsa-miR-1273h-3p,0,0,3.6006360444986494,NA,NA
hsa-miR-6789-3p,1.0872893235611079,-0.4123059332557416,1.7241735384131414,0.5523112905291485,NA
hsa-miR-5587-3p,0.3961866803171081,-0.1716523724763683,1.6874819346951462,0.8005526403161896,NA
hsa-miR-520b-5p,0.5723533943976987,-0.25822306766551867,1.6959596173371323,0.7057107998365575,NA
hsa-miR-548q,0,0,3.6006360444986494,NA,NA
hsa-miR-181c-3p,735.8230804867047,-1.4996701881259216,0.8663575544952155,0.027486405961314707,0.10369009697130445
hsa-miR-10398-5p,13.876582294371975,-2.6182414927754785,2.0865006716707524,0.013221929884807495,0.06635225364210734
hsa-miR-331-5p,508.87887741660836,-0.07241977188157439,1.3566959766484754,0.9234997714297801,0.9567317707804729
hsa-miR-7704,6.8596255621385245,-0.9393528114784198,1.9313994758987842,NA,NA
hsa-miR-4999-3p,1.6454055874996132,-0.5327867284418256,1.7478596449303676,0.4507356869729617,NA
hsa-miR-6796-3p,0.9476384124092027,-0.3758235474430754,1.716032115148195,0.5865992110907429,NA
hsa-miR-1291,11.598847869329946,0.5693677665620224,1.688889311702439,0.4351878259891439,0.607557894950776
hsa-miR-6758-5p,0.4596722565875844,-0.211316478441577,1.6907178253814477,0.7564459253670213,NA
hsa-miR-449b-5p,0,0,3.6006360444986494,NA,NA
hsa-miR-4758-5p,0,0,3.6006360444986494,NA,NA
hsa-miR-4701-3p,1.6576377976235346,-0.7312672178492003,1.6461720182822903,0.33996079545686136,NA
hsa-miR-4637,0,0,3.6006360444986494,NA,NA
hsa-miR-5584-5p,18.919738459652184,-1.3807725150741443,1.5276833884576726,0.11014828292022702,0.24880202177348448
hsa-miR-4450,0.46475637279463794,0.5795770758334978,1.7636245982989265,0.41466902268751255,NA
hsa-miR-3135a,0.5362842993521818,-0.24758459436166746,1.6946275341288222,0.7170724147925303,NA
hsa-miR-4671-5p,1.360646725969875,-0.47496677677134047,1.73746035224957,0.4971528437832904,NA
hsa-miR-574-5p,371.227207135276,25.91068693005339,3.4679208675703923,1.3732446457255106e-14,3.755824106059272e-12
hsa-miR-6748-5p,1.3821795284363148,-0.48331787110070784,1.7367650534141634,0.49062878292962864,NA
hsa-miR-188-3p,4.770660282988455,0.16358017339515685,1.0860653478995508,0.8234416944233436,NA
hsa-miR-4649-3p,0.49574135163310135,-0.22275017002926542,1.6918437907347927,0.7439301054233031,NA
hsa-miR-4485-3p,0,0,3.6006360444986494,NA,NA
hsa-miR-4724-5p,0.7574345119483027,-0.31877726896941294,1.705092951628277,0.6428210128557041,NA
hsa-miR-519c-5p,3.3248329731565547,0.539443552014235,1.528840590701656,0.47880792595208777,NA
hsa-miR-5188,2.140424291569794,-0.8544981632478421,1.6706951711472051,0.2747417527383368,NA
hsa-miR-520b-3p,2.9273024758036885,-1.015007994348767,1.7143070820808175,0.2066284018016295,NA
hsa-miR-4521,7.996278021222962,1.983894238371197,2.4093195424025624,0.03699496494604655,0.12368650375005383
hsa-miR-4731-5p,1.409535115805474,-0.6485515361412224,1.6384165923703675,0.39021659814222304,NA
hsa-miR-361-5p,4948.472629028333,0.31354590956466016,1.5841276998541207,0.6657597087061491,0.7892444438175799
hsa-miR-4760-3p,0.3644438921818699,-0.15209878017804818,1.6860662946508025,0.8226752375164204,NA
hsa-miR-10526-3p,0.6494294491653159,-0.28502029454208516,1.6996793001473451,0.6774954822916859,NA
hsa-miR-4755-3p,1.0106772807965103,-0.3926625546353557,1.719680614222046,0.5706065228507494,NA
hsa-miR-4638-3p,0,0,3.6006360444986494,NA,NA
hsa-miR-4516,0,0,3.6006360444986494,NA,NA
hsa-miR-4672,1.2004344733742418,-0.43598814746949843,1.7299252209784957,0.5307813070411425,NA
hsa-miR-515-5p,0.697134559191957,0.7038021732569263,1.8027963310360224,0.33170393255132047,NA
hsa-miR-4664-5p,0.2298361282937922,-0.08968414666760086,1.6826015712419808,0.8945936493285743,NA
hsa-miR-6844,0,0,3.6006360444986494,NA,NA
hsa-miR-4491,0.1532240855291948,-0.04157636548614952,1.6810274928995954,0.9509714260071028,NA
hsa-miR-6751-3p,0.6317589416061351,-0.27231183431350603,1.6978506950941745,0.6908029778676665,NA
hsa-miR-4431,0,0,3.6006360444986494,NA,NA
hsa-miR-7114-5p,2.7567314068244313,-0.9924806629275177,1.7037034697639377,0.2154540003774714,NA
hsa-miR-6515-5p,4.858297634817443,2.8989781340709884e-4,1.3567035901087754,0.9996931158164778,NA
hsa-miR-3150a-5p,0.3644438921818699,-0.15209878017804818,1.6860662946508025,0.8226752375164204,NA
hsa-miR-3150b-3p,2.74385022485541,-0.6617979756686679,1.8023127820434177,0.35561552412287445,NA
hsa-miR-6823-3p,0,0,3.6006360444986494,NA,NA
hsa-miR-4798-3p,2.4668505815772117,-1.2662248037630577,1.6138990967471059,0.1372150060085272,NA
hsa-miR-4659b-3p,0,0,3.6006360444986494,NA,NA
hsa-miR-3663-3p,0,0,3.6006360444986494,NA,NA
hsa-miR-4716-3p,0,0,3.6006360444986494,NA,NA
hsa-miR-526a-3p,2.406914682044224,0.6201925997020517,1.5536483926266662,0.4189110536156051,NA
hsa-miR-4709-5p,1.8595707637433678,-0.07057847687923054,1.5237511412618117,0.9228369724875187,NA
hsa-miR-499b-3p,0,0,3.6006360444986494,NA,NA
hsa-miR-6754-5p,0.46475637279463794,0.5795770758334978,1.7636245982989265,0.41466902268751255,NA
hsa-miR-6736-5p,0,0,3.6006360444986494,NA,NA
hsa-miR-548aj-3p,8.361229998110764,1.0057375359411818,1.290868273698004,0.21105472977313197,0.38072601955657087
hsa-miR-549a-5p,80.19385539889882,4.507802248789184,0.9918945381123243,1.991194319434821e-7,5.4459164636542355e-6
hsa-miR-6735-5p,2.732935824082831,-0.28010930606140433,1.4166409971012792,0.7109504512189094,NA
hsa-miR-1909-3p,0.7896986770076689,-0.3289861326510065,1.7068870640746219,0.6325349435101005,NA
hsa-miR-6876-3p,0,0,3.6006360444986494,NA,NA
hsa-miR-548ai,4.10629022174934,-1.2120647990277944,1.772793861253234,0.14529227198293815,NA
hsa-miR-4526,0,0,3.6006360444986494,NA,NA
hsa-miR-628-3p,371.49479029832173,-0.7072042497171266,0.8597838760188685,0.28897937499975995,0.4713028714131352
hsa-miR-4678,1.285676461013417,0.10888453044911522,1.5416035147665959,0.8806196608454778,NA
hsa-miR-671-5p,164.27316493959873,-0.1439222488035338,0.8845968637166213,0.8306995147254287,0.8944736900685227
hsa-miR-1258,2.0678427733525737,0.07675162931812693,1.518116466481324,0.9162845857383005,NA
hsa-miR-4799-5p,1.1821679198499735,-0.43328486729613136,1.7292503081941926,0.5332094527035689,NA
hsa-miR-520c-5p,2.1004665109858345,0.6280303336315837,1.7108482331870023,0.3921138727313514,NA
hsa-miR-6717-3p,0,0,3.6006360444986494,NA,NA
hsa-miR-4638-5p,0,0,3.6006360444986494,NA,NA
hsa-miR-4676-5p,1.6049573012721725,-0.7324751712424715,1.6380412584049573,0.3402850160719518,NA
hsa-miR-4797-5p,2.810539405501991,-0.7655028160203896,1.7730318895034451,0.3040646440281749,NA
hsa-miR-10394-5p,0,0,3.6006360444986494,NA,NA
hsa-miR-4640-5p,0,0,3.6006360444986494,NA,NA
hsa-miR-609,0,0,3.6006360444986494,NA,NA
hsa-miR-520d-3p,0.7288877843637398,-0.3143327712169555,1.7043344720258389,0.6473287187666061,NA
hsa-miR-548at-5p,0.2659052233393091,-0.0788899061380134,1.682114464431965,0.9071928258150854,NA
hsa-miR-548j-3p,3.284865979086681,0.13190859956501186,1.361919794193835,0.8612856263760205,NA
hsa-miR-3074-3p,8.855607206169617,-2.263251112384828,1.9319573752153372,0.023433620708703567,0.09494955946415447
hsa-miR-6743-3p,1.1853639804006488,-0.5914836093585505,1.6216805891478545,0.43029344560095567,NA
hsa-miR-6746-5p,0.5144719171603894,-0.21778522890861987,1.6913426816765122,0.7493536429106022,NA
hsa-miR-7855-5p,0.4859251895758266,-0.2145816248588887,1.6910292507331435,0.752862397943399,NA
hsa-miR-1912-3p,3.7575845159795116,-1.5290624602613656,1.7026645667792533,0.0851695420211182,NA
hsa-miR-6761-3p,0.3064481710583896,-0.13150940448336634,1.684768109241228,0.8461980036106107,NA
hsa-miR-6827-3p,7.072769580696592,0.19308892308252346,1.1174409085381647,0.7940636097572427,0.8704464820385005
hsa-miR-7974,1.3221437927818145,-0.6264763143321688,1.6340760444877804,0.4050337295132568,NA
hsa-miR-6865-3p,0.2429625947879133,-0.07888990613801343,1.682114464431965,0.9071928258150854,NA
hsa-miR-4776-5p,0,0,3.6006360444986494,NA,NA
hsa-miR-539-5p,518.8692619556081,-0.7417660746155709,0.802086682105737,0.24684659143787305,0.42195339223911427
hsa-miR-942-3p,38.644427416302115,-0.9310024494758415,1.1397299266703207,0.22581728996820036,0.3946391617016153
hsa-miR-518e-5p,0.8503690817576965,-0.3530001753861189,1.711389857985928,0.6087210518154778,NA
hsa-miR-6860,0.7896986770076689,-0.3289861326510065,1.7068870640746219,0.6325349435101005,NA
hsa-miR-485-5p,695.5100924388342,-1.1343247223231334,1.0525823323111736,0.13051072759167243,0.27780712006397196
hsa-miR-5088-5p,0.6270432917337961,-0.274178640860867,1.6981120420814872,0.6888397633539448,NA
hsa-miR-4680-3p,0,0,3.6006360444986494,NA,NA
hsa-miR-33b-3p,5.036062847476462,-0.2085284859761225,1.3760592853995222,0.7827405181807244,NA
hsa-miR-3165,0,0,3.6006360444986494,NA,NA
hsa-miR-6831-5p,0.2429625947879133,-0.07888990613801343,1.682114464431965,0.9071928258150854,NA
hsa-miR-939-5p,3.9442846982296516,-0.7673953212844271,1.84647094736479,0.2921617739093135,NA
hsa-miR-132-3p,9154.711601487048,-2.090652645548369,1.161980774269138,0.011776287028023287,0.0632757504401056
hsa-miR-6810-3p,1.360646725969875,-0.47496677677134047,1.73746035224957,0.4971528437832904,NA
hsa-miR-3183,0.2429625947879133,-0.07888990613801343,1.682114464431965,0.9071928258150854,NA
hsa-miR-512-5p,3.3582229039260607,0.6544461460232498,1.4361542316849476,0.4035542598115421,NA
hsa-miR-4802-3p,0,0,3.6006360444986494,NA,NA
hsa-miR-1915-5p,0,0,3.6006360444986494,NA,NA
hsa-miR-548b-3p,14.576231804852737,0.2196111122189773,1.3794784447955448,0.7715573142868628,0.8578086400709634
hsa-miR-466,0.19990695053057403,0.357185910159615,1.7205337436035804,0.6031065960698335,NA
hsa-miR-3163,0.4596722565875844,-0.211316478441577,1.6907178253814477,0.7564459253670213,NA
hsa-miR-5699-3p,8.404512803448041,-1.5938413140349366,1.9424271673004854,0.07317480511268962,0.19471418956497435
hsa-miR-1277-5p,38.01011400371701,0.25596406791519105,0.8499759587518065,0.6979880956746024,0.8123393368808671
hsa-miR-541-5p,14.020708167386786,-1.5495109523172912,1.3305134073131413,0.0684052226937499,0.18615749658448358
hsa-miR-6729-3p,0,0,3.6006360444986494,NA,NA
hsa-miR-33a-3p,12.327984637951781,-1.3599250796127484,2.0483706367807195,0.10257859338502712,0.23876804502812696
hsa-miR-6792-5p,0,0,3.6006360444986494,NA,NA
hsa-miR-4711-3p,0,0,3.6006360444986494,NA,NA
hsa-miR-5583-3p,0.8391866417430472,-0.345185648091754,1.709881328525898,0.6164108022693389,NA
hsa-miR-6822-3p,0,0,3.6006360444986494,NA,NA
hsa-miR-3936,1.195417968928585,0.5575605988041414,1.7347215027344287,0.43533368951314644,NA
hsa-miR-140-3p,27921.3840655968,-0.07289130332586584,0.8315744243186731,0.9108989732399149,0.9508811800805982
hsa-miR-7152-5p,1.7139728525247535,0.5964790559637667,1.5678170987941404,0.4336119731774337,NA
hsa-miR-4712-5p,0,0,3.6006360444986494,NA,NA
hsa-miR-525-5p,0.3644438921818699,-0.15209878017804818,1.6860662946508025,0.8226752375164204,NA
hsa-miR-1914-3p,1.554947959612666,-0.7234853358869677,1.6336124761402984,0.3458860194965036,NA
hsa-miR-3944-3p,0.2298361282937922,-0.08968414666760086,1.6826015712419808,0.8945936493285743,NA
hsa-miR-5009-5p,2.930058695554502,-0.08608284359137688,1.5061480949345636,0.9065358293016863,NA
hsa-miR-377-5p,114.36195147006977,-0.6562516179896956,0.8010721491930176,0.3048644114736196,0.4861831868106995
hsa-miR-130b-3p,155.46314873915048,-0.38570423461607256,0.7979958076522177,0.5448353994112567,0.6963200081260686
hsa-miR-12114,0.8747917247855445,-0.35658299631092444,1.712095355767728,0.6052149482150804,NA
hsa-miR-4796-3p,1.7063466782141732,-0.032348660151059326,1.5248187666461566,0.9645504876919229,NA
hsa-miR-5000-5p,1.6687716636747068,0.4433811145242697,1.551962126893919,0.5526621954042316,NA
hsa-miR-4670-5p,0,0,3.6006360444986494,NA,NA
hsa-miR-3064-3p,1.7620769835857402,-0.5456965461502459,1.7612150478687285,0.4388094392629433,NA
hsa-miR-6720-5p,7.314082364114529,0.06391458739224999,1.3806857614736414,0.9323006895730495,0.9622046739555813
hsa-miR-6506-5p,0,0,3.6006360444986494,NA,NA
hsa-miR-382-5p,1510.2867082637358,0.4834683508592544,0.8068863213033156,0.45107670095066127,0.6230781702525549
hsa-miR-4703-3p,0.1532240855291948,-0.04157636548614952,1.6810274928995954,0.9509714260071028,NA
hsa-miR-4706,0,0,3.6006360444986494,NA,NA
hsa-miR-6848-5p,0.697134559191957,0.7038021732569263,1.8027963310360224,0.33170393255132047,NA
hsa-miR-3159,0,0,3.6006360444986494,NA,NA
hsa-miR-1537-3p,1.3830971154058094,0.24150400068296124,1.6665329999377103,0.7274330532806523,NA
hsa-miR-3197,0,0,3.6006360444986494,NA,NA
hsa-miR-6878-5p,0.7418391131158899,-0.31420269930337086,1.7043124817189066,0.6474609085212066,NA
hsa-miR-876-3p,91.17554428706026,-1.2584703651732438,1.5386130731392018,0.13902362544986435,0.2899405817840607
hsa-miR-3692-5p,0.34298127810692625,-0.07888990613801343,1.682114464431965,0.9071928258150854,NA
hsa-miR-2681-5p,21.97882968352442,-0.8870580685993537,1.3871998242845371,0.27055344975503143,0.44846283944243087
hsa-miR-4435,0.6859625562138525,-0.29085134878860963,1.700556955061943,0.6714350808464145,NA
hsa-miR-6728-5p,0,0,3.6006360444986494,NA,NA
hsa-miR-506-5p,3.456903863830897,0.3568634461224618,1.256386890985335,0.6394178465865177,NA
hsa-miR-3622a-3p,9.948497019369238,0.2659944474985731,1.2448821928705545,0.7255429867956635,0.8302761794502677
hsa-miR-4765,0.1532240855291948,-0.04157636548614952,1.6810274928995954,0.9509714260071028,NA
hsa-miR-3615,160.7070024442255,0.38808907618236693,1.4997892254679674,0.6055975194137415,0.7377769334505937
hsa-miR-6852-5p,6.43329789587423,-1.3795605984512878,1.8742453821833551,0.10609916152208818,0.24384975358227826
hsa-miR-509-3-5p,57.724414517871345,0.8106041225570377,1.0730918101639924,0.2772081965261871,0.458105388216992
hsa-miR-522-5p,1.2694983906262005,-0.6103585993421483,1.6337955149796393,0.41574741506717633,NA
hsa-miR-3126-5p,0,0,3.6006360444986494,NA,NA
hsa-miR-3942-5p,0,0,3.6006360444986494,NA,NA
hsa-miR-548h-3p,0,0,3.6006360444986494,NA,NA
hsa-miR-4776-3p,0,0,3.6006360444986494,NA,NA
hsa-miR-6858-5p,0,0,3.6006360444986494,NA,NA
hsa-miR-3188,0.2429625947879133,-0.07888990613801343,1.682114464431965,0.9071928258150854,NA
hsa-miR-4482-3p,3.0450453915573896,-1.0456597525216558,1.7187536252732862,0.19595111918259012,NA
hsa-miR-5571-3p,0.7996278021222961,0.7496160377899507,1.8197278835675883,0.3049593042824574,NA
hsa-miR-548as-5p,0,0,3.6006360444986494,NA,NA
hsa-miR-4749-5p,1.1045576646878406,-0.5523357650782587,1.6242438954756189,0.4576782630661008,NA
hsa-miR-3192-3p,1.0320256509852832,-0.4057566413751052,1.7226473894806047,0.5583674633269264,NA
hsa-miR-6867-5p,0,0,3.6006360444986494,NA,NA
hsa-miR-7112-3p,0,0,3.6006360444986494,NA,NA
hsa-miR-4529-3p,0.747504106004857,-0.3241925128312428,1.706035644061984,0.6373529499732813,NA
hsa-miR-2682-3p,421.9455801637742,-0.307474090547083,1.2575191940033386,0.6857579613856173,0.8084258725817515
hsa-miR-7843-5p,0.630349115521179,-0.2774277736940274,1.6985728900102122,0.6854297034182015,NA
hsa-miR-6851-5p,1.3027256738873543,-0.6123317944550006,1.6351172392368607,0.4142388019571834,NA
hsa-miR-4740-5p,0,0,3.6006360444986494,NA,NA
hsa-miR-452-3p,385.7652458390452,1.8095000340829361,2.17081105129902,0.04940033437175062,0.14929272321186512
hsa-miR-5690,4.050873340757289,0.5697072023915556,1.5330362853908968,0.4561344415122625,NA
hsa-miR-338-3p,17060.727230351287,-3.0389203272884604,1.4158367694536413,0.0019708123515721457,0.017387650908225222
hsa-miR-371b-3p,1.371925112427705,-0.4713794155776101,1.7391930519145549,0.49970222091547045,NA
hsa-miR-548aq-3p,2.55110724527309,-0.6438445902529135,1.7954380682790316,0.3675397412903011,NA
hsa-miR-4691-5p,0,0,3.6006360444986494,NA,NA
hsa-miR-11399,0,0,3.6006360444986494,NA,NA
hsa-miR-513a-5p,0,0,3.6006360444986494,NA,NA
hsa-miR-219b-5p,2.1639664950209694,-1.116500108931595,1.5989930149475138,0.17933120267927233,NA
hsa-miR-6817-3p,1.3194726380899588,-0.6240383835999769,1.6364064590689515,0.40630367761734765,NA
hsa-miR-519d-3p,5.022647384063143,0.9453032967943673,1.434754556032224,0.24477310701821464,NA
hsa-miR-4766-3p,0.6859625562138525,-0.29085134878860963,1.700556955061943,0.6714350808464145,NA
hsa-miR-4723-5p,0,0,3.6006360444986494,NA,NA
hsa-miR-6502-5p,0.46475637279463794,0.5795770758334978,1.7636245982989265,0.41466902268751255,NA
hsa-miR-2467-3p,2.8075731592835655,-0.9944957280465299,1.7086817066304079,0.21431374702204317,NA
hsa-miR-3920,0.5144719171603894,-0.21778522890861987,1.6913426816765122,0.7493536429106022,NA
hsa-miR-4709-3p,1.3948143909487298,-0.4935055822648073,1.7351140096315447,0.4829334881006071,NA
hsa-miR-3136-3p,1.9264759653041552,-0.6002299998140721,1.7480430182577802,0.40368346894254925,NA
hsa-miR-378b,0,0,3.6006360444986494,NA,NA
hsa-miR-3140-5p,2.5100013626799584,-0.022406391746811173,1.376666129316267,0.9762419510332471,NA
hsa-miR-5706,0.6647630583482728,-0.2894816456593326,1.7003486220954755,0.672856051751225,NA
hsa-miR-3116,0,0,3.6006360444986494,NA,NA
hsa-miR-5008-5p,0,0,3.6006360444986494,NA,NA
NovelmiRNA-717,0,0,3.6006360444986494,NA,NA
NovelmiRNA-3730,1.2391654285759184,-0.4475505461352388,1.7328650108728556,0.5204821485776918,NA
NovelmiRNA-448,0,0,3.6006360444986494,NA,NA
NovelmiRNA-2709,0,0,3.6006360444986494,NA,NA
NovelmiRNA-2993,0.1532240855291948,-0.04157636548614952,1.6810274928995954,0.9509714260071028,NA
NovelmiRNA-1643,0,0,3.6006360444986494,NA,NA
NovelmiRNA-1702,1.3790167697627533,-0.48137711603603883,1.7419552341708495,0.4911638912096191,NA
NovelmiRNA-2638,0,0,3.6006360444986494,NA,NA
NovelmiRNA-766,0,0,3.6006360444986494,NA,NA
NovelmiRNA-3166,2.089534510333615,-0.6297611949053551,1.7545452428112134,0.38347627694551795,NA
NovelmiRNA-3103,0,0,3.6006360444986494,NA,NA
NovelmiRNA-3461,0,0,3.6006360444986494,NA,NA
NovelmiRNA-123,0,0,3.6006360444986494,NA,NA
NovelmiRNA-3636,0,0,3.6006360444986494,NA,NA
NovelmiRNA-3122,6.4676820891002995,0.11625955460039993,1.4910110613106748,0.8747009710093873,0.927250835546773
NovelmiRNA-2001,0,0,3.6006360444986494,NA,NA
NovelmiRNA-2663,0,0,3.6006360444986494,NA,NA
NovelmiRNA-3094,0,0,3.6006360444986494,NA,NA
NovelmiRNA-3047,0,0,3.6006360444986494,NA,NA
NovelmiRNA-2167,8.282267096284862,-1.1889641719666693,1.9506736931091273,0.1399428365828761,0.2899405817840607
NovelmiRNA-761,0,0,3.6006360444986494,NA,NA
NovelmiRNA-129,0,0,3.6006360444986494,NA,NA
NovelmiRNA-2841,0,0,3.6006360444986494,NA,NA
NovelmiRNA-1190,0,0,3.6006360444986494,NA,NA
NovelmiRNA-2030,0,0,3.6006360444986494,NA,NA
NovelmiRNA-1282,16.866862258751123,-2.1241467306440174,2.1698276225879773,0.030269276542530484,0.10892956755765905
NovelmiRNA-2536,0,0,3.6006360444986494,NA,NA
NovelmiRNA-820,0,0,3.6006360444986494,NA,NA
NovelmiRNA-3206,0,0,3.6006360444986494,NA,NA
NovelmiRNA-2382,0,0,3.6006360444986494,NA,NA
NovelmiRNA-3219,0,0,3.6006360444986494,NA,NA
NovelmiRNA-2444,0,0,3.6006360444986494,NA,NA
NovelmiRNA-2047,2.2983612829379223,-0.6174357812800542,1.7856673387179443,0.38569933263886436,NA
NovelmiRNA-2910,0.39885783500896366,-0.16656901310612607,1.6871147001160611,0.8062802635134205,NA
NovelmiRNA-815,0.383060213822987,-0.17084376673102333,1.687422221195113,0.801462723974778,NA
NovelmiRNA-3199,0,0,3.6006360444986494,NA,NA
NovelmiRNA-3805,0,0,3.6006360444986494,NA,NA
NovelmiRNA-1297,4.596722565875845,-0.8165861381467975,1.8691587786638528,NA,NA
NovelmiRNA-1933,0,0,3.6006360444986494,NA,NA
NovelmiRNA-2582,1.532240855291948,-0.5088181712274833,1.74985881455179,0.46828038367638186,NA
NovelmiRNA-1119,0,0,3.6006360444986494,NA,NA
NovelmiRNA-2800,0.697134559191957,0.7038021732569263,1.8027963310360224,0.33170393255132047,NA
NovelmiRNA-1898,2.023999958233192,-0.625300136688158,1.7493343758007656,0.38721451811874524,NA
NovelmiRNA-1685,0,0,3.6006360444986494,NA,NA
NovelmiRNA-3564,0,0,3.6006360444986494,NA,NA
NovelmiRNA-2912,0.9295127455892759,0.795634093770285,1.8379924040338314,0.28007716193613524,NA
NovelmiRNA-1294,0,0,3.6006360444986494,NA,NA
NovelmiRNA-529,0,0,3.6006360444986494,NA,NA
NovelmiRNA-3669,3.3238152917413637,-0.7186376520688679,1.8252996087290922,0.3200674967675591,NA
NovelmiRNA-1945,0,0,3.6006360444986494,NA,NA
NovelmiRNA-1400,0,0,3.6006360444986494,NA,NA
NovelmiRNA-3490,32.82121734648898,1.029766522765449,1.7057372519115006,0.2022398822905878,0.3699839987055235
NovelmiRNA-3674,0,0,3.6006360444986494,NA,NA
NovelmiRNA-2534,0,0,3.6006360444986494,NA,NA
NovelmiRNA-3587,6.928608537381427,-1.1181439653437961,1.9126054049068266,0.1595497570825543,0.3173589713605717
NovelmiRNA-2941,0.31587947080306755,-0.0788899061380134,1.682114464431965,0.9071928258150854,NA
NovelmiRNA-1169,16.709116725446552,1.672949903516137,1.8243987765223302,0.06554246752876336,0.1810693421122907
NovelmiRNA-1756,28.810427360981805,-16.512698484508732,4.637779371484868,NA,NA
NovelmiRNA-2328,0,0,3.6006360444986494,NA,NA
NovelmiRNA-2986,0,0,3.6006360444986494,NA,NA
NovelmiRNA-1378,0,0,3.6006360444986494,NA,NA
NovelmiRNA-2648,0,0,3.6006360444986494,NA,NA
NovelmiRNA-1533,18.262452953945427,-4.138363985918762,1.9406586792795015,5.9249279035394e-4,0.00810233890809013
NovelmiRNA-1863,2.794069840061003,-0.66944697464641445,1.8052984257621045,0.3506378269628826,NA
NovelmiRNA-2854,0,0,3.6006360444986494,NA,NA
NovelmiRNA-1095,0.9476384124092027,-0.3758235474430754,1.716032115148195,0.5865992110907429,NA
NovelmiRNA-953,9.476384124092027,-1.0478384939471557,1.9927466183429325,NA,NA
NovelmiRNA-2422,0,0,3.6006360444986494,NA,NA
NovelmiRNA-2547,0.3644438921818699,-0.15209878017804818,1.6860662946508025,0.8226752375164204,NA
NovelmiRNA-3368,2.3988834063668887,1.1294303240771966,2.0039899267253913,0.15027359341018312,NA
NovelmiRNA-2483,0,0,3.6006360444986494,NA,NA
NovelmiRNA-3200,0,0,3.6006360444986494,NA,NA
NovelmiRNA-3485,0,0,3.6006360444986494,NA,NA
NovelmiRNA-2840,0,0,3.6006360444986494,NA,NA
NovelmiRNA-3054,5.144719171603894,-0.8480954493469673,1.8843785576690701,0.25092671906641345,NA
NovelmiRNA-2432,8.035101409594345,0.25180163998344496,0.8197497579611247,0.6969357372846096,0.8123393368808671
NovelmiRNA-1056,0,0,3.6006360444986494,NA,NA
NovelmiRNA-729,1.3536585589034364,-0.4688458789277355,1.738503105199356,0.501882906116774,NA
NovelmiRNA-1130,6.049993390849283,-1.0530040721560445,1.887319767058978,0.17941876048988256,0.3384209034067785
NovelmiRNA-1293,0.6895083848813767,-0.3078120041842395,1.7032466065203187,0.6539742992446769,NA
NovelmiRNA-1819,0,0,3.6006360444986494,NA,NA
NovelmiRNA-435,0,0,3.6006360444986494,NA,NA
NovelmiRNA-2404,0,0,3.6006360444986494,NA,NA
NovelmiRNA-2373,0.0766120427645974,0.029401944483848554,1.681279638900127,0.9653026006296931,NA
NovelmiRNA-3546,0,0,3.6006360444986494,NA,NA
NovelmiRNA-698,0,0,3.6006360444986494,NA,NA
NovelmiRNA-669,0,0,3.6006360444986494,NA,NA
NovelmiRNA-3384,0,0,3.6006360444986494,NA,NA
NovelmiRNA-1766,0,0,3.6006360444986494,NA,NA
NovelmiRNA-490,0.4859251895758266,-0.2145816248588887,1.6910292507331435,0.752862397943399,NA
NovelmiRNA-2629,0.6074064869697832,-0.2691395740487049,1.697412352500137,0.6941456260968835,NA
NovelmiRNA-2860,0,0,3.6006360444986494,NA,NA
NovelmiRNA-2826,0,0,3.6006360444986494,NA,NA
NovelmiRNA-3783,0.6895083848813767,-0.3078120041842395,1.7032466065203187,0.6539742992446769,NA
NovelmiRNA-1459,0,0,3.6006360444986494,NA,NA
NovelmiRNA-2071,0,0,3.6006360444986494,NA,NA
NovelmiRNA-1362,0,0,3.6006360444986494,NA,NA
NovelmiRNA-1002,0,0,3.6006360444986494,NA,NA
NovelmiRNA-3690,64.48868460585051,-4.562131325500658,2.8101379742006896,9.933229305428626e-4,0.01025184232088577
NovelmiRNA-2305,0,0,3.6006360444986494,NA,NA
NovelmiRNA-3361,0,0,3.6006360444986494,NA,NA
NovelmiRNA-1057,0,0,3.6006360444986494,NA,NA
NovelmiRNA-1166,1.2148129739395663,-0.4442387296463449,1.7320141935703248,0.5234177797186359,NA
NovelmiRNA-2834,0.3064481710583896,-0.13150940448336634,1.684768109241228,0.8461980036106107,NA
NovelmiRNA-3640,0,0,3.6006360444986494,NA,NA
NovelmiRNA-2255,0.1532240855291948,-0.04157636548614952,1.6810274928995954,0.9509714260071028,NA
NovelmiRNA-1073,2.5046050675423,-0.6900033554437932,1.7695747650519138,0.34487849533516746,NA
NovelmiRNA-2322,0,0,3.6006360444986494,NA,NA
NovelmiRNA-1695,0.8503690817576965,-0.3530001753861189,1.711389857985928,0.6087210518154778,NA
NovelmiRNA-2608,1.7524862227493587,-0.03618456414778178,1.5380909175975095,0.9601637431398042,NA
NovelmiRNA-864,1.8386890263503377,-0.5570400472343309,1.7648754490525185,0.4300410689935287,NA
NovelmiRNA-1713,0,0,3.6006360444986494,NA,NA
NovelmiRNA-3331,0,0,3.6006360444986494,NA,NA
NovelmiRNA-1772,0,0,3.6006360444986494,NA,NA
NovelmiRNA-2508,0,0,3.6006360444986494,NA,NA
NovelmiRNA-1352,0,0,3.6006360444986494,NA,NA
NovelmiRNA-3589,0.9718503791516532,-0.38685630045748526,1.7184012975666747,0.5760889943987311,NA
NovelmiRNA-834,0,0,3.6006360444986494,NA,NA
NovelmiRNA-214,0.1532240855291948,-0.04157636548614952,1.6810274928995954,0.9509714260071028,NA
NovelmiRNA-245,1.0827368311184706,0.5904878982626862,1.7559589838749643,0.4087223320282944,NA
NovelmiRNA-3163,0,0,3.6006360444986494,NA,NA
NovelmiRNA-2563,0.9718503791516532,-0.38685630045748526,1.7184012975666747,0.5760889943987311,NA
NovelmiRNA-3620,1.0289438343207788,-0.3955344351553317,1.7203216325431872,0.5679073183518724,NA
NovelmiRNA-1008,0,0,3.6006360444986494,NA,NA
NovelmiRNA-2615,0.2659052233393091,-0.0788899061380134,1.682114464431965,0.9071928258150854,NA
NovelmiRNA-3033,0,0,3.6006360444986494,NA,NA
NovelmiRNA-3235,0,0,3.6006360444986494,NA,NA
NovelmiRNA-860,508.8768491621328,1.398036378959214,0.7380526880678409,0.021985267170327633,0.09187280132927235
NovelmiRNA-1508,0,0,3.6006360444986494,NA,NA
NovelmiRNA-918,0,0,3.6006360444986494,NA,NA
NovelmiRNA-2599,0,0,3.6006360444986494,NA,NA
NovelmiRNA-1292,0,0,3.6006360444986494,NA,NA
NovelmiRNA-1322,0,0,3.6006360444986494,NA,NA
NovelmiRNA-208,3.378271401462841,-1.1522771825750187,1.72814365941486,0.163218514421634,NA
NovelmiRNA-796,0,0,3.6006360444986494,NA,NA
NovelmiRNA-1231,0,0,3.6006360444986494,NA,NA
NovelmiRNA-2699,0,0,3.6006360444986494,NA,NA
NovelmiRNA-2285,0.2298361282937922,-0.08968414666760086,1.6826015712419808,0.8945936493285743,NA
NovelmiRNA-2702,0,0,3.6006360444986494,NA,NA
NovelmiRNA-504,0,0,3.6006360444986494,NA,NA
NovelmiRNA-3614,1.7642237397858693,-0.573898562024493,1.743118196426307,0.42236073093455784,NA
NovelmiRNA-2819,0,0,3.6006360444986494,NA,NA
NovelmiRNA-2564,3.5983251095503332,1.332304717684609,2.1037102765886497,0.10495535974561984,NA
NovelmiRNA-437,0,0,3.6006360444986494,NA,NA
NovelmiRNA-3194,0,0,3.6006360444986494,NA,NA
NovelmiRNA-2956,0,0,3.6006360444986494,NA,NA
NovelmiRNA-3134,0.2298361282937922,-0.08968414666760086,1.6826015712419808,0.8945936493285743,NA
NovelmiRNA-1068,1.700738163515393,-0.5329108983165564,1.7571832836800076,0.44885994342993957,NA
NovelmiRNA-3409,0,0,3.6006360444986494,NA,NA
NovelmiRNA-1213,0,0,3.6006360444986494,NA,NA
NovelmiRNA-1360,0,0,3.6006360444986494,NA,NA
NovelmiRNA-1234,0,0,3.6006360444986494,NA,NA
NovelmiRNA-2464,0,0,3.6006360444986494,NA,NA
NovelmiRNA-163,6.687597512898415,-1.108105698148959,1.9054982453302005,0.16269665745574124,0.3189787513558798
NovelmiRNA-3001,3.587344451915387,-0.8636748675402998,1.8010856922162362,0.2551446004820185,NA
NovelmiRNA-1587,0.9718503791516532,-0.38685630045748526,1.7184012975666747,0.5760889943987311,NA
NovelmiRNA-1601,0,0,3.6006360444986494,NA,NA
NovelmiRNA-982,21.843549521347988,2.984901568082463,3.018088986958972,0.010145055923957846,0.0584141641095257
NovelmiRNA-734,0,0,3.6006360444986494,NA,NA
NovelmiRNA-2507,0,0,3.6006360444986494,NA,NA
NovelmiRNA-3440,1.1618909319865949,0.8693646920975533,1.8697587894945313,0.24413254248612942,NA
NovelmiRNA-2967,0,0,3.6006360444986494,NA,NA
NovelmiRNA-1343,0,0,3.6006360444986494,NA,NA
NovelmiRNA-922,0,0,3.6006360444986494,NA,NA
NovelmiRNA-2979,832.8162247722877,-22.85894241143721,3.932233689593317,NA,NA
NovelmiRNA-1901,0,0,3.6006360444986494,NA,NA
NovelmiRNA-1516,0,0,3.6006360444986494,NA,NA
NovelmiRNA-121,0,0,3.6006360444986494,NA,NA
NovelmiRNA-1967,0,0,3.6006360444986494,NA,NA
NovelmiRNA-1941,0,0,3.6006360444986494,NA,NA
NovelmiRNA-2033,0.3644438921818699,-0.15209878017804818,1.6860662946508025,0.8226752375164204,NA
NovelmiRNA-580,4.805117454807858,-1.3186999641077752,1.802243023822147,0.12030276437962224,NA
NovelmiRNA-3425,0,0,3.6006360444986494,NA,NA
NovelmiRNA-2611,2.556160050370509,1.1528575040231233,2.0176186462748613,0.14392058681303302,NA
NovelmiRNA-3332,0,0,3.6006360444986494,NA,NA
NovelmiRNA-3286,0,0,3.6006360444986494,NA,NA
NovelmiRNA-3473,601.7875959159127,-22.43947995897249,3.935531652041004,NA,NA
NovelmiRNA-956,1.700738163515393,-0.5329108983165564,1.7571832836800076,0.44885994342993957,NA
NovelmiRNA-3828,0,0,3.6006360444986494,NA,NA
NovelmiRNA-2089,0.39885783500896366,-0.16656901310612607,1.6871147001160611,0.8062802635134205,NA
NovelmiRNA-3266,3.22952116860721,-1.1382132784217938,1.7189405521715335,0.1676691647923071,NA
NovelmiRNA-222,35.38353024391161,3.630699631332008,3.4071504815870015,0.005291444976402074,0.03573358521101153
NovelmiRNA-1721,4.048880290246881,0.6884284646351612,1.6979118456297693,0.35724932418445243,NA
NovelmiRNA-725,0,0,3.6006360444986494,NA,NA
NovelmiRNA-1712,0,0,3.6006360444986494,NA,NA
NovelmiRNA-2620,0,0,3.6006360444986494,NA,NA
NovelmiRNA-3576,1.2453922163923434,0.5613100314434633,1.7325743561145148,0.43308041122777235,NA
NovelmiRNA-1873,1.1994417031834443,0.8818324323507208,1.8754238762050877,0.23850862268573392,NA
NovelmiRNA-1687,0,0,3.6006360444986494,NA,NA
NovelmiRNA-2953,0.8574531952673156,-0.34818114215846663,1.7104546733357915,0.613456269709229,NA
NovelmiRNA-2191,0.3064481710583896,-0.13150940448336634,1.684768109241228,0.8461980036106107,NA
NovelmiRNA-1736,0,0,3.6006360444986494,NA,NA
NovelmiRNA-691,0.2659052233393091,-0.0788899061380134,1.682114464431965,0.9071928258150854,NA
NovelmiRNA-3342,1092.4098542537965,27.215305093491278,3.5604985758001946,3.037237944540303e-15,1.6613691556635458e-12
NovelmiRNA-2324,0,0,3.6006360444986494,NA,NA
NovelmiRNA-3269,0,0,3.6006360444986494,NA,NA
NovelmiRNA-1686,0,0,3.6006360444986494,NA,NA
NovelmiRNA-277,0,0,3.6006360444986494,NA,NA
NovelmiRNA-3751,0,0,3.6006360444986494,NA,NA
NovelmiRNA-704,0.8372426152635755,-0.35082430143944837,1.710965652673912,0.6108563376751133,NA
NovelmiRNA-1204,0,0,3.6006360444986494,NA,NA
NovelmiRNA-3495,15.00827290137126,-1.420384686541056,2.1021369360303077,0.09160441523170751,0.2245369122209237
NovelmiRNA-1583,0.9718503791516532,-0.38685630045748526,1.7184012975666747,0.5760889943987311,NA
NovelmiRNA-2245,0,0,3.6006360444986494,NA,NA
NovelmiRNA-1053,7.353651436870184,-2.2224015016385636,1.8664567051310101,0.024735481545764385,0.09725843384654893
NovelmiRNA-3702,5.522293072462374,3.146882898498794,2.2922832833605264,0.0059715282311362345,NA
NovelmiRNA-703,0.7288877843637398,-0.3143327712169555,1.7043344720258389,0.6473287187666061,NA
NovelmiRNA-706,0,0,3.6006360444986494,NA,NA
NovelmiRNA-74,0,0,3.6006360444986494,NA,NA
NovelmiRNA-2665,0,0,3.6006360444986494,NA,NA
NovelmiRNA-76,0,0,3.6006360444986494,NA,NA
NovelmiRNA-2057,6.738967405522251,1.8180143511585949,2.3282980778928346,0.04758308344079148,0.14790607522114627
NovelmiRNA-2182,0,0,3.6006360444986494,NA,NA
NovelmiRNA-2893,0,0,3.6006360444986494,NA,NA
NovelmiRNA-3109,1.6863596629500683,-0.5465359472828113,1.7442691928162803,0.4414218325829102,NA
NovelmiRNA-249,0,0,3.6006360444986494,NA,NA
NovelmiRNA-482,0.7896986770076689,-0.3289861326510065,1.7068870640746219,0.6325349435101005,NA
NovelmiRNA-78,392.27056200081284,12.671465314837715,2.1356003624189808,1.9876942062546316e-10,1.3590859135266044e-8
NovelmiRNA-3607,0,0,3.6006360444986494,NA,NA
NovelmiRNA-1393,0.5997208515917222,0.6601280420172608,1.7878685952005429,0.3591005308375264,NA
NovelmiRNA-3070,0,0,3.6006360444986494,NA,NA
NovelmiRNA-1303,1466.5879451852165,-23.593299327462653,3.9287748311696116,NA,NA
NovelmiRNA-2586,5.779874512882044,-1.0580798435438994,1.8767394102913808,0.17885954177586078,0.3384209034067785
NovelmiRNA-3159,0,0,3.6006360444986494,NA,NA
NovelmiRNA-3096,1.3891850021768604,0.40827674704388184,1.6892053212654057,0.5623242145825471,NA
NovelmiRNA-3268,0,0,3.6006360444986494,NA,NA
NovelmiRNA-848,0.31587947080306755,-0.0788899061380134,1.682114464431965,0.9071928258150854,NA
NovelmiRNA-3567,0.2659052233393091,-0.0788899061380134,1.682114464431965,0.9071928258150854,NA
NovelmiRNA-2543,0,0,3.6006360444986494,NA,NA
NovelmiRNA-636,0,0,3.6006360444986494,NA,NA
NovelmiRNA-988,0.5144719171603894,-0.21778522890861987,1.6913426816765122,0.7493536429106022,NA
NovelmiRNA-2231,0.34298127810692625,-0.07888990613801343,1.682114464431965,0.9071928258150854,NA
NovelmiRNA-3679,0,0,3.6006360444986494,NA,NA
NovelmiRNA-205,3.4548834442274385,-1.167630369344209,1.7318328704301427,0.158840345069932,NA
NovelmiRNA-300,0,0,3.6006360444986494,NA,NA
NovelmiRNA-627,0.4859251895758266,-0.2145816248588887,1.6910292507331435,0.752862397943399,NA
NovelmiRNA-2428,0,0,3.6006360444986494,NA,NA
NovelmiRNA-793,0.46475637279463794,0.5795770758334978,1.7636245982989265,0.41466902268751255,NA
NovelmiRNA-2419,0.766120427645974,-0.3334683731686649,1.7076975200337952,0.6280490661933271,NA
NovelmiRNA-3472,0,0,3.6006360444986494,NA,NA
NovelmiRNA-3524,1.4048535267745084,0.6541230698761402,1.7409600703808492,0.37075906080750554,NA
NovelmiRNA-3329,1.0636208933572364,-0.4086276532761035,1.7233129499046782,0.555707218984644,NA
NovelmiRNA-696,324.5661562501519,-20.79948741969527,3.968843910805016,NA,NA
NovelmiRNA-3296,0.4859251895758266,-0.2145816248588887,1.6910292507331435,0.752862397943399,NA
NovelmiRNA-1078,1.336294271333523,-0.46908004922026225,1.7385667053900464,0.5016810619715213,NA
NovelmiRNA-2188,0,0,3.6006360444986494,NA,NA
NovelmiRNA-1837,0,0,3.6006360444986494,NA,NA
NovelmiRNA-3697,0.6317589416061351,-0.27231183431350603,1.6978506950941745,0.6908029778676665,NA
NovelmiRNA-2456,1.394269118383914,0.9314701599570686,1.8987890105700764,0.21734927406141685,NA
NovelmiRNA-53,0,0,3.6006360444986494,NA,NA
NovelmiRNA-224,28.55130096212486,1.304800705990201,1.9482339626969316,0.11639700006314536,0.25776987463376727
NovelmiRNA-104,0,0,3.6006360444986494,NA,NA
NovelmiRNA-510,0.9712112294066624,-0.38750373543236744,1.7185428429200111,0.5754759893544341,NA
NovelmiRNA-2511,0,0,3.6006360444986494,NA,NA
NovelmiRNA-1253,0,0,3.6006360444986494,NA,NA
NovelmiRNA-984,0,0,3.6006360444986494,NA,NA
NovelmiRNA-2159,0,0,3.6006360444986494,NA,NA
NovelmiRNA-3071,0,0,3.6006360444986494,NA,NA
NovelmiRNA-906,0,0,3.6006360444986494,NA,NA
NovelmiRNA-125,0,0,3.6006360444986494,NA,NA
NovelmiRNA-2952,2.0311075953201536,0.4782963370319463,1.6823955782774793,0.5047384261143824,NA
NovelmiRNA-3455,1.4044874878921831,-0.4827090254882691,1.7399923832385353,0.4904874054751717,NA
NovelmiRNA-3052,0.34298127810692625,-0.07888990613801343,1.682114464431965,0.9071928258150854,NA
NovelmiRNA-3515,0,0,3.6006360444986494,NA,NA
NovelmiRNA-88,0,0,3.6006360444986494,NA,NA
NovelmiRNA-3263,0.31587947080306755,-0.0788899061380134,1.682114464431965,0.9071928258150854,NA
NovelmiRNA-3006,0,0,3.6006360444986494,NA,NA
NovelmiRNA-3475,0.9718503791516532,-0.38685630045748526,1.7184012975666747,0.5760889943987311,NA
NovelmiRNA-971,0,0,3.6006360444986494,NA,NA
NovelmiRNA-1460,0,0,3.6006360444986494,NA,NA
NovelmiRNA-1142,0,0,3.6006360444986494,NA,NA
NovelmiRNA-2358,0,0,3.6006360444986494,NA,NA
NovelmiRNA-1862,0,0,3.6006360444986494,NA,NA
NovelmiRNA-981,0,0,3.6006360444986494,NA,NA
NovelmiRNA-2200,0,0,3.6006360444986494,NA,NA
NovelmiRNA-507,2.915691625348861,-0.7621347134733478,1.7803224640446078,0.30466426599389346,NA
NovelmiRNA-2524,0,0,3.6006360444986494,NA,NA
NovelmiRNA-343,0,0,3.6006360444986494,NA,NA
NovelmiRNA-1875,0,0,3.6006360444986494,NA,NA
NovelmiRNA-973,0,0,3.6006360444986494,NA,NA
NovelmiRNA-2242,0,0,3.6006360444986494,NA,NA
NovelmiRNA-2169,2.788538236767828,1.186896456362688,2.0378328789169013,0.13520364324333378,NA
NovelmiRNA-2713,0.5144719171603894,-0.21778522890861987,1.6913426816765122,0.7493536429106022,NA
NovelmiRNA-1842,4.738192062046013,-0.8231844685570971,1.8723019228793463,0.26302124096352025,NA
NovelmiRNA-2375,0.1532240855291948,-0.04157636548614952,1.6810274928995954,0.9509714260071028,NA
NovelmiRNA-783,0.46475637279463794,0.5795770758334978,1.7636245982989265,0.41466902268751255,NA
NovelmiRNA-2761,0,0,3.6006360444986494,NA,NA
NovelmiRNA-640,0,0,3.6006360444986494,NA,NA
NovelmiRNA-3020,0,0,3.6006360444986494,NA,NA
NovelmiRNA-2022,52.592696583138256,-0.2523787837156185,1.1043823463307771,0.7324143339311493,0.8324864825181757
NovelmiRNA-3002,0,0,3.6006360444986494,NA,NA
NovelmiRNA-3719,0.697134559191957,0.7038021732569263,1.8027963310360224,0.33170393255132047,NA
NovelmiRNA-2396,0,0,3.6006360444986494,NA,NA
NovelmiRNA-1640,0.39885783500896366,-0.16656901310612607,1.6871147001160611,0.8062802635134205,NA
NovelmiRNA-442,0,0,3.6006360444986494,NA,NA
NovelmiRNA-363,0,0,3.6006360444986494,NA,NA
NovelmiRNA-1539,0,0,3.6006360444986494,NA,NA
NovelmiRNA-1750,3.552116606310275,0.5392406780825296,1.6665561618810047,0.4606400566100105,NA
NovelmiRNA-2612,0,0,3.6006360444986494,NA,NA
NovelmiRNA-2643,0,0,3.6006360444986494,NA,NA
NovelmiRNA-2940,0.31587947080306755,-0.0788899061380134,1.682114464431965,0.9071928258150854,NA
NovelmiRNA-559,0,0,3.6006360444986494,NA,NA
NovelmiRNA-3328,3.82128896621509,0.27602133603805307,1.6357910287238528,0.6960943557099175,NA
NovelmiRNA-2142,0,0,3.6006360444986494,NA,NA
NovelmiRNA-436,0,0,3.6006360444986494,NA,NA
NovelmiRNA-968,0,0,3.6006360444986494,NA,NA
NovelmiRNA-1716,2.31615568966261,0.4922432372377006,1.6711947936971858,0.49563061462971636,NA
NovelmiRNA-2734,21.264839242629424,-17.903538363374924,4.282801177708016,NA,NA
NovelmiRNA-2861,0,0,3.6006360444986494,NA,NA
NovelmiRNA-344,0,0,3.6006360444986494,NA,NA
NovelmiRNA-3662,0,0,3.6006360444986494,NA,NA
NovelmiRNA-3663,0,0,3.6006360444986494,NA,NA
NovelmiRNA-1803,0,0,3.6006360444986494,NA,NA
NovelmiRNA-1625,0,0,3.6006360444986494,NA,NA
NovelmiRNA-1580,1.4214576186138042,-0.4820529636164742,1.7421442307103119,0.490590560742734,NA
NovelmiRNA-2925,0,0,3.6006360444986494,NA,NA
NovelmiRNA-1313,0.5144719171603894,-0.21778522890861987,1.6913426816765122,0.7493536429106022,NA
NovelmiRNA-313,1.928280941560543,-0.5984136614230869,1.749415087823508,0.40463686388065023,NA
NovelmiRNA-1035,0.7288877843637398,-0.3143327712169555,1.7043344720258389,0.6473287187666061,NA
NovelmiRNA-3625,0,0,3.6006360444986494,NA,NA
NovelmiRNA-274,13.48609985781859,4.763275453848308,2.671756582109148,6.14929119391922e-4,0.00820405434896052
NovelmiRNA-2261,0,0,3.6006360444986494,NA,NA
NovelmiRNA-3569,0,0,3.6006360444986494,NA,NA
NovelmiRNA-1608,0,0,3.6006360444986494,NA,NA
NovelmiRNA-3496,0,0,3.6006360444986494,NA,NA
NovelmiRNA-1697,0,0,3.6006360444986494,NA,NA
NovelmiRNA-285,0,0,3.6006360444986494,NA,NA
NovelmiRNA-3565,2.1745786471222157,-0.6471393426831525,1.7549618661893782,0.3726209235723554,NA
NovelmiRNA-700,0,0,3.6006360444986494,NA,NA
NovelmiRNA-3554,0,0,3.6006360444986494,NA,NA
NovelmiRNA-1624,0,0,3.6006360444986494,NA,NA
NovelmiRNA-3044,0.6128963421167792,-0.2794161204644986,1.6988586504558576,0.6833472025338555,NA
NovelmiRNA-1584,0,0,3.6006360444986494,NA,NA
NovelmiRNA-3401,0.2298361282937922,-0.08968414666760086,1.6826015712419808,0.8945936493285743,NA
NovelmiRNA-28,0,0,3.6006360444986494,NA,NA
NovelmiRNA-3525,1.1055781478107365,-0.4158478696048751,1.7250105827489695,0.5490543594909228,NA
NovelmiRNA-3137,0.4859251895758266,-0.2145816248588887,1.6910292507331435,0.752862397943399,NA
NovelmiRNA-3795,4.6475637279463795,1.5150603536737066,2.183116937932081,0.07726645395027126,NA
NovelmiRNA-3484,0,0,3.6006360444986494,NA,NA
NovelmiRNA-1828,0.9718503791516532,-0.38685630045748526,1.7184012975666747,0.5760889943987311,NA
NovelmiRNA-388,0,0,3.6006360444986494,NA,NA
NovelmiRNA-298,0,0,3.6006360444986494,NA,NA
NovelmiRNA-1852,1.5434157514811682,-0.5028960977217694,1.7481133948921406,0.47315018886346955,NA
NovelmiRNA-634,1.5398670296025285,0.17519919903687586,1.6566131172984413,0.7999240750102428,NA
NovelmiRNA-3603,0,0,3.6006360444986494,NA,NA
NovelmiRNA-2257,1.685464940821143,-0.5339061395825334,1.7574935297622092,0.44807124123191033,NA
NovelmiRNA-2932,0.5144719171603894,-0.21778522890861987,1.6913426816765122,0.7493536429106022,NA
NovelmiRNA-2602,0.2429625947879133,-0.07888990613801343,1.682114464431965,0.9071928258150854,NA
NovelmiRNA-3340,0,0,3.6006360444986494,NA,NA
NovelmiRNA-581,2.9986042579586107,1.2166735067828602,2.055905691904197,0.12805113623166106,NA
NovelmiRNA-401,1.749443072788097,-0.5616438305783579,1.7453822901662004,0.43047141640843345,NA
NovelmiRNA-389,0,0,3.6006360444986494,NA,NA
NovelmiRNA-1491,2.0393059754374625,-0.6385863586033621,1.746027852100126,0.37944407994987267,NA
NovelmiRNA-563,0,0,3.6006360444986494,NA,NA
NovelmiRNA-2274,0,0,3.6006360444986494,NA,NA
NovelmiRNA-2706,0,0,3.6006360444986494,NA,NA
NovelmiRNA-1291,0,0,3.6006360444986494,NA,NA
NovelmiRNA-3398,0.4596722565875844,-0.211316478441577,1.6907178253814477,0.7564459253670213,NA
NovelmiRNA-516,0,0,3.6006360444986494,NA,NA
NovelmiRNA-866,0,0,3.6006360444986494,NA,NA
NovelmiRNA-342,0,0,3.6006360444986494,NA,NA
NovelmiRNA-3764,0,0,3.6006360444986494,NA,NA
NovelmiRNA-1506,0,0,3.6006360444986494,NA,NA
NovelmiRNA-9,0,0,3.6006360444986494,NA,NA
NovelmiRNA-965,9.544212582983363,0.01096780550091407,1.351670706688352,0.9883944140119383,0.9925842447094722
NovelmiRNA-3632,0.3644438921818699,-0.15209878017804818,1.6860662946508025,0.8226752375164204,NA
NovelmiRNA-1137,5.094839980674231,-1.0059982185619731,1.8543616603539126,0.19681125516936157,NA
NovelmiRNA-732,0,0,3.6006360444986494,NA,NA
NovelmiRNA-3506,0,0,3.6006360444986494,NA,NA
NovelmiRNA-1586,0,0,3.6006360444986494,NA,NA
NovelmiRNA-659,0,0,3.6006360444986494,NA,NA
NovelmiRNA-1524,0,0,3.6006360444986494,NA,NA
NovelmiRNA-2372,0.2659052233393091,-0.0788899061380134,1.682114464431965,0.9071928258150854,NA
NovelmiRNA-3683,1.5792568661214363,-0.5131395783391206,1.7511461994059558,0.46475075782749187,NA
NovelmiRNA-2162,0,0,3.6006360444986494,NA,NA
NovelmiRNA-3390,0,0,3.6006360444986494,NA,NA
NovelmiRNA-2029,0,0,3.6006360444986494,NA,NA
NovelmiRNA-3778,0,0,3.6006360444986494,NA,NA
NovelmiRNA-2722,0,0,3.6006360444986494,NA,NA
NovelmiRNA-3366,0,0,3.6006360444986494,NA,NA
NovelmiRNA-2727,0,0,3.6006360444986494,NA,NA
NovelmiRNA-452,0,0,3.6006360444986494,NA,NA
NovelmiRNA-945,1.530389133279304,0.12148451319500038,1.6533311522843235,0.8601292290783662,NA
NovelmiRNA-1515,6.741788068109919,-1.3710734012776233,1.8882436961605038,0.10704495873061763,0.24397330177353269
NovelmiRNA-2287,5.27801950173489,-0.9864820806187825,1.8642387662648676,0.20218332888848803,NA
NovelmiRNA-3074,0,0,3.6006360444986494,NA,NA
NovelmiRNA-561,0,0,3.6006360444986494,NA,NA
NovelmiRNA-3786,0,0,3.6006360444986494,NA,NA
NovelmiRNA-1025,10.76027899319378,-1.84562597768833,2.014430680977852,0.047859918307391024,0.14790607522114627
NovelmiRNA-3123,6.4676820891002995,0.11625955460039993,1.4910110613106748,0.8747009710093873,0.927250835546773
NovelmiRNA-867,0.5144719171603894,-0.21778522890861987,1.6913426816765122,0.7493536429106022,NA
NovelmiRNA-3720,0,0,3.6006360444986494,NA,NA
NovelmiRNA-3823,0,0,3.6006360444986494,NA,NA
NovelmiRNA-743,0.2429625947879133,-0.07888990613801343,1.682114464431965,0.9071928258150854,NA
NovelmiRNA-2085,0,0,3.6006360444986494,NA,NA
NovelmiRNA-1470,0,0,3.6006360444986494,NA,NA
NovelmiRNA-587,0.46475637279463794,0.5795770758334978,1.7636245982989265,0.41466902268751255,NA
NovelmiRNA-3055,8.563357056483936,-1.1891352959200967,1.9586839785536396,0.13940812666036637,0.2899405817840607
NovelmiRNA-2160,0,0,3.6006360444986494,NA,NA
NovelmiRNA-1574,23.702575012526534,3.081091820223378,3.0791149627522967,0.009140918714272823,0.05434872322507864
NovelmiRNA-3412,0.39885783500896366,-0.16656901310612607,1.6871147001160611,0.8062802635134205,NA
NovelmiRNA-1806,0,0,3.6006360444986494,NA,NA
NovelmiRNA-1254,0,0,3.6006360444986494,NA,NA
NovelmiRNA-2360,0,0,3.6006360444986494,NA,NA
NovelmiRNA-3087,0.2429625947879133,-0.07888990613801343,1.682114464431965,0.9071928258150854,NA
NovelmiRNA-760,0,0,3.6006360444986494,NA,NA
NovelmiRNA-473,4.879941914343698,1.5532732901591957,2.20023342309556,0.07256956501822516,NA
NovelmiRNA-2403,0,0,3.6006360444986494,NA,NA
NovelmiRNA-1415,0,0,3.6006360444986494,NA,NA
NovelmiRNA-3316,0,0,3.6006360444986494,NA,NA
NovelmiRNA-1261,0,0,3.6006360444986494,NA,NA
NovelmiRNA-840,0,0,3.6006360444986494,NA,NA
NovelmiRNA-817,0.31587947080306755,-0.0788899061380134,1.682114464431965,0.9071928258150854,NA
NovelmiRNA-2492,0,0,3.6006360444986494,NA,NA
NovelmiRNA-82,0,0,3.6006360444986494,NA,NA
NovelmiRNA-27,0,0,3.6006360444986494,NA,NA
NovelmiRNA-2225,0,0,3.6006360444986494,NA,NA
NovelmiRNA-3623,0,0,3.6006360444986494,NA,NA
NovelmiRNA-2220,0,0,3.6006360444986494,NA,NA
NovelmiRNA-2646,0,0,3.6006360444986494,NA,NA
NovelmiRNA-3445,5.197580713794926,1.616250196697521,2.2247901018743703,0.06557166218833708,NA
NovelmiRNA-1070,1.5793973540153379,-0.5102048963946948,1.7502706712019702,0.46714553748858584,NA
NovelmiRNA-521,0,0,3.6006360444986494,NA,NA
NovelmiRNA-2960,0,0,3.6006360444986494,NA,NA
NovelmiRNA-3147,5.305034914468137,-1.006679603182458,1.8625120401694575,0.19580613633330415,NA
NovelmiRNA-2509,0.2298361282937922,-0.08968414666760086,1.6826015712419808,0.8945936493285743,NA
NovelmiRNA-699,0,0,3.6006360444986494,NA,NA
NovelmiRNA-3681,1.7373370894168718,-0.5358935962170486,1.7581148943429938,0.44649945033445704,NA
NovelmiRNA-1288,2.788538236767828,1.186896456362688,2.0378328789169013,0.13520364324333378,NA
NovelmiRNA-321,2.866301234753782,0.31279524601787484,1.500981732993815,0.6747441560871824,NA
NovelmiRNA-2152,0,0,3.6006360444986494,NA,NA
NovelmiRNA-3643,0.2659052233393091,-0.0788899061380134,1.682114464431965,0.9071928258150854,NA
NovelmiRNA-2707,0,0,3.6006360444986494,NA,NA
NovelmiRNA-2516,0,0,3.6006360444986494,NA,NA
NovelmiRNA-112,0,0,3.6006360444986494,NA,NA
NovelmiRNA-460,0,0,3.6006360444986494,NA,NA
NovelmiRNA-1825,0,0,3.6006360444986494,NA,NA
NovelmiRNA-266,0.3644438921818699,-0.15209878017804818,1.6860662946508025,0.8226752375164204,NA
NovelmiRNA-3192,0,0,3.6006360444986494,NA,NA
NovelmiRNA-1473,0,0,3.6006360444986494,NA,NA
NovelmiRNA-2711,0.7288877843637398,-0.3143327712169555,1.7043344720258389,0.6473287187666061,NA
NovelmiRNA-3293,0.46475637279463794,0.5795770758334978,1.7636245982989265,0.41466902268751255,NA
NovelmiRNA-3642,0,0,3.6006360444986494,NA,NA
NovelmiRNA-2549,0.9306682816875818,-0.3743744603484704,1.7157269682261829,0.5879886272967108,NA
NovelmiRNA-157,11.168019380250982,-16.864516214757508,4.539760626868095,NA,NA
NovelmiRNA-1633,0.5997208515917222,0.6601280420172608,1.7878685952005429,0.3591005308375264,NA
NovelmiRNA-1531,0,0,3.6006360444986494,NA,NA
NovelmiRNA-77,0,0,3.6006360444986494,NA,NA
NovelmiRNA-34,0.4859251895758266,-0.2145816248588887,1.6910292507331435,0.752862397943399,NA
NovelmiRNA-763,0.6074064869697832,-0.2691395740487049,1.697412352500137,0.6941456260968835,NA
NovelmiRNA-1849,0,0,3.6006360444986494,NA,NA
NovelmiRNA-446,0,0,3.6006360444986494,NA,NA
NovelmiRNA-325,0,0,3.6006360444986494,NA,NA
NovelmiRNA-3570,601.7875959159127,-22.43947995897249,3.935531652041004,NA,NA
NovelmiRNA-3771,0,0,3.6006360444986494,NA,NA
NovelmiRNA-2976,597.8094644756605,-22.406749120147666,3.9358435159418956,NA,NA
NovelmiRNA-526,2.1480728857834444,-0.6347542523277259,1.7568347853931507,0.3799453570424787,NA
NovelmiRNA-3196,0,0,3.6006360444986494,NA,NA
NovelmiRNA-3579,3.358223094122317,-1.8499913758922788,1.6136929670587166,0.04531301365787765,NA
NovelmiRNA-57,0.31587947080306755,-0.0788899061380134,1.682114464431965,0.9071928258150854,NA
NovelmiRNA-3285,0,0,3.6006360444986494,NA,NA
NovelmiRNA-1964,1.4577755687274796,-0.4919435913012235,1.7449428843413708,0.48225632762759796,NA
NovelmiRNA-1209,0,0,3.6006360444986494,NA,NA
NovelmiRNA-2833,0,0,3.6006360444986494,NA,NA
NovelmiRNA-2609,0,0,3.6006360444986494,NA,NA
NovelmiRNA-3713,3.358223094122317,-1.8499913758922788,1.6136929670587166,0.04531301365787765,NA
NovelmiRNA-1403,6.217287770308258,-1.058387624094756,1.8926806043492075,0.17739980440646158,0.3384209034067785
NovelmiRNA-1277,0.2429625947879133,-0.07888990613801343,1.682114464431965,0.9071928258150854,NA
NovelmiRNA-1399,0,0,3.6006360444986494,NA,NA
NovelmiRNA-2246,0,0,3.6006360444986494,NA,NA
NovelmiRNA-283,0,0,3.6006360444986494,NA,NA
NovelmiRNA-3807,0,0,3.6006360444986494,NA,NA
NovelmiRNA-595,0,0,3.6006360444986494,NA,NA
NovelmiRNA-1139,2.3988834063668887,1.1294303240771966,2.0039899267253913,0.15027359341018312,NA
NovelmiRNA-773,2.4783308571518368,-0.698597918960622,1.7650942542215444,0.34076665446312654,NA
NovelmiRNA-3088,0.46475637279463794,0.5795770758334978,1.7636245982989265,0.41466902268751255,NA
NovelmiRNA-2587,5.779874512882044,-1.0580798435438994,1.8767394102913808,0.17885954177586078,0.3384209034067785
NovelmiRNA-2845,0,0,3.6006360444986494,NA,NA
NovelmiRNA-1541,1.6783732834860945,-0.5474738078279449,1.7427479911054087,0.4410337714355775,NA
NovelmiRNA-3548,0,0,3.6006360444986494,NA,NA
NovelmiRNA-779,1.0725685987043636,-0.4171102948464993,1.7253109023684516,0.547896635954219,NA
NovelmiRNA-2872,0,0,3.6006360444986494,NA,NA
NovelmiRNA-1931,0,0,3.6006360444986494,NA,NA
NovelmiRNA-3767,0,0,3.6006360444986494,NA,NA
NovelmiRNA-1904,0.2298361282937922,-0.08968414666760086,1.6826015712419808,0.8945936493285743,NA
NovelmiRNA-2760,0,0,3.6006360444986494,NA,NA
NovelmiRNA-1564,3.9484933850383443,-0.7682161224482013,1.8468386548704812,0.29171182749601604,NA
NovelmiRNA-241,7.353651436870184,-2.2224015016385636,1.8664567051310101,0.024735481545764385,0.09725843384654893
NovelmiRNA-3739,0,0,3.6006360444986494,NA,NA
NovelmiRNA-3160,0,0,3.6006360444986494,NA,NA
NovelmiRNA-2185,0,0,3.6006360444986494,NA,NA
NovelmiRNA-686,0,0,3.6006360444986494,NA,NA
NovelmiRNA-3300,0,0,3.6006360444986494,NA,NA
NovelmiRNA-370,0,0,3.6006360444986494,NA,NA
NovelmiRNA-2451,0.766120427645974,-0.3334683731686649,1.7076975200337952,0.6280490661933271,NA
NovelmiRNA-412,1.0933316765456098,-0.41701405463919433,1.7252879711135296,0.5479848364876606,NA
NovelmiRNA-1310,1.336294271333523,-0.46908004922026225,1.7385667053900464,0.5016810619715213,NA
NovelmiRNA-48,0,0,3.6006360444986494,NA,NA
NovelmiRNA-3723,1.3790167697627533,-0.48137711603603883,1.7419552341708495,0.4911638912096191,NA
NovelmiRNA-946,1.530389133279304,0.12148451319500038,1.6533311522843235,0.8601292290783662,NA
NovelmiRNA-3661,0,0,3.6006360444986494,NA,NA
NovelmiRNA-1323,0,0,3.6006360444986494,NA,NA
NovelmiRNA-2776,5.834832139598927,-1.4566993356785776,1.8440589420198088,0.09428877918357048,0.2282122221832436
NovelmiRNA-1195,0,0,3.6006360444986494,NA,NA
NovelmiRNA-130,0,0,3.6006360444986494,NA,NA
NovelmiRNA-406,33.23008065481662,3.5100291093080025,3.3485909835143497,0.005955563138243107,0.0390166383904789
NovelmiRNA-2118,0,0,3.6006360444986494,NA,NA
NovelmiRNA-1985,0,0,3.6006360444986494,NA,NA
NovelmiRNA-2535,0,0,3.6006360444986494,NA,NA
NovelmiRNA-2874,0.46475637279463794,0.5795770758334978,1.7636245982989265,0.41466902268751255,NA
NovelmiRNA-544,0,0,3.6006360444986494,NA,NA
NovelmiRNA-832,176.3179303679663,24.99908332883237,3.4148035609324765,4.827999058857215e-14,8.803051617316322e-12
NovelmiRNA-2538,0,0,3.6006360444986494,NA,NA
NovelmiRNA-2192,1.5793973540153379,-0.5102048963946948,1.7502706712019702,0.46714553748858584,NA
NovelmiRNA-1434,0,0,3.6006360444986494,NA,NA
NovelmiRNA-1975,0,0,3.6006360444986494,NA,NA
NovelmiRNA-894,3.0370324348489164,-0.6931683843500072,1.814771489680176,0.33558663705634434,NA
NovelmiRNA-3497,0,0,3.6006360444986494,NA,NA
NovelmiRNA-967,0,0,3.6006360444986494,NA,NA
NovelmiRNA-1373,1.5434157514811682,-0.5028960977217694,1.7481133948921406,0.47315018886346955,NA
NovelmiRNA-1534,0,0,3.6006360444986494,NA,NA
NovelmiRNA-1639,0,0,3.6006360444986494,NA,NA
NovelmiRNA-2521,0,0,3.6006360444986494,NA,NA
NovelmiRNA-2383,4.419211963285231,-0.9066145571671254,1.8385949358825047,0.23334530807298787,NA
NovelmiRNA-3322,0,0,3.6006360444986494,NA,NA
NovelmiRNA-555,0,0,3.6006360444986494,NA,NA
NovelmiRNA-3051,0,0,3.6006360444986494,NA,NA
NovelmiRNA-1900,1.532240855291948,-0.5088181712274833,1.74985881455179,0.46828038367638186,NA
NovelmiRNA-3709,0,0,3.6006360444986494,NA,NA
NovelmiRNA-2839,0.3064481710583896,-0.13150940448336634,1.684768109241228,0.8461980036106107,NA
NovelmiRNA-1286,2.788538236767828,1.186896456362688,2.0378328789169013,0.13520364324333378,NA
NovelmiRNA-2237,0,0,3.6006360444986494,NA,NA
NovelmiRNA-2686,2.406568568074473,-0.701235120797604,1.759618798766539,0.3401798141165012,NA
NovelmiRNA-3046,0,0,3.6006360444986494,NA,NA
NovelmiRNA-2624,0,0,3.6006360444986494,NA,NA
NovelmiRNA-1578,5.112320100741018,1.5901498836402508,2.217100967323515,0.06833513841966277,NA
NovelmiRNA-2420,0,0,3.6006360444986494,NA,NA
NovelmiRNA-1300,132.68794443286916,24.628588207009958,3.4100118370004755,1.0483853642967418e-13,1.4336669856757944e-11
NovelmiRNA-3457,0,0,3.6006360444986494,NA,NA
NovelmiRNA-646,2.0774285269623896,-0.6309164452354097,1.7520640310182591,0.38318646283016683,NA
NovelmiRNA-3521,0,0,3.6006360444986494,NA,NA
NovelmiRNA-366,0,0,3.6006360444986494,NA,NA
NovelmiRNA-432,0.9959565559397662,-0.3984587312098265,1.720979944111787,0.5651674047582442,NA
NovelmiRNA-2453,0,0,3.6006360444986494,NA,NA
NovelmiRNA-328,2.0222568275473756,-0.616680809481231,1.7525616315735117,0.3921481149793883,NA
NovelmiRNA-786,0,0,3.6006360444986494,NA,NA
NovelmiRNA-1950,0,0,3.6006360444986494,NA,NA
NovelmiRNA-600,0,0,3.6006360444986494,NA,NA
NovelmiRNA-3752,0.2298361282937922,-0.08968414666760086,1.6826015712419808,0.8945936493285743,NA
NovelmiRNA-3352,0.7996278021222961,0.7496160377899507,1.8197278835675883,0.3049593042824574,NA
NovelmiRNA-1150,0,0,3.6006360444986494,NA,NA
NovelmiRNA-1071,0,0,3.6006360444986494,NA,NA
NovelmiRNA-2796,0,0,3.6006360444986494,NA,NA
NovelmiRNA-748,0,0,3.6006360444986494,NA,NA
NovelmiRNA-3092,0,0,3.6006360444986494,NA,NA
NovelmiRNA-512,0,0,3.6006360444986494,NA,NA
NovelmiRNA-3434,1.0117541771257428,-0.39984628808435285,1.7212942797178004,0.5638703632296919,NA
NovelmiRNA-1886,0.7633017271908336,-0.324956384742871,1.7061702553796512,0.636583779893144,NA
NovelmiRNA-3383,0,0,3.6006360444986494,NA,NA
NovelmiRNA-159,0.5362842993521818,-0.24758459436166746,1.6946275341288222,0.7170724147925303,NA
NovelmiRNA-326,2.0222568275473756,-0.616680809481231,1.7525616315735117,0.3921481149793883,NA
NovelmiRNA-2408,1.5434157514811682,-0.5028960977217694,1.7481133948921406,0.47315018886346955,NA
NovelmiRNA-931,7.900858337508845,1.9562096756597114,2.400935890830117,0.038541962481179505,0.12624223639045024
NovelmiRNA-2177,0,0,3.6006360444986494,NA,NA
NovelmiRNA-1857,0,0,3.6006360444986494,NA,NA
NovelmiRNA-738,2.127241786714473,-0.5928046118890845,1.7769247798601466,0.40330820260730776,NA
NovelmiRNA-3482,0,0,3.6006360444986494,NA,NA
NovelmiRNA-3379,21.451371974087273,-17.92027699909218,4.279326242862188,NA,NA
NovelmiRNA-447,0,0,3.6006360444986494,NA,NA
NovelmiRNA-1768,0.5362842993521818,-0.24758459436166746,1.6946275341288222,0.7170724147925303,NA
NovelmiRNA-165,6.687597512898415,-1.108105698148959,1.9054982453302005,0.16269665745574124,0.3189787513558798
NovelmiRNA-2556,4.960478494634392,-1.3372778971230839,1.809281910865921,0.11635105533581672,NA
NovelmiRNA-2091,0,0,3.6006360444986494,NA,NA
NovelmiRNA-1718,0,0,3.6006360444986494,NA,NA
NovelmiRNA-688,0,0,3.6006360444986494,NA,NA
NovelmiRNA-3276,0,0,3.6006360444986494,NA,NA
NovelmiRNA-3102,0.47381920620460133,-0.20017099273248457,1.6897161853972413,0.7687331198424523,NA
NovelmiRNA-1336,0,0,3.6006360444986494,NA,NA
NovelmiRNA-1151,0,0,3.6006360444986494,NA,NA
NovelmiRNA-226,1.700738163515393,-0.5329108983165564,1.7571832836800076,0.44885994342993957,NA
NovelmiRNA-3050,0,0,3.6006360444986494,NA,NA
NovelmiRNA-3781,0,0,3.6006360444986494,NA,NA
NovelmiRNA-3128,1.8863970295880943,-0.5573138680001968,1.7649647729921163,0.4298311347499394,NA
NovelmiRNA-3038,0.5144719171603894,-0.21778522890861987,1.6913426816765122,0.7493536429106022,NA
NovelmiRNA-1559,8.048110823561485,-0.33471289016981254,1.128965857503429,0.6530353301356997,0.7781404318539187
NovelmiRNA-1974,0.3644438921818699,-0.15209878017804818,1.6860662946508025,0.8226752375164204,NA
NovelmiRNA-1838,2.551247733166991,-0.7082653349912011,1.7679876897679325,0.3349233182867136,NA
NovelmiRNA-445,0,0,3.6006360444986494,NA,NA
NovelmiRNA-3692,0,0,3.6006360444986494,NA,NA
NovelmiRNA-1298,3.9484933850383443,-0.7682161224482013,1.8468386548704812,0.29171182749601604,NA
NovelmiRNA-572,3.2799950296368294,-0.7152900809378745,1.823894875278994,0.3220698104799474,NA
NovelmiRNA-1024,2.091403677575871,1.076699822482511,1.9741889248625004,0.1657001368516822,NA
NovelmiRNA-3131,0,0,3.6006360444986494,NA,NA
NovelmiRNA-1372,1.5434157514811682,-0.5028960977217694,1.7481133948921406,0.47315018886346955,NA
NovelmiRNA-933,0,0,3.6006360444986494,NA,NA
NovelmiRNA-2766,0,0,3.6006360444986494,NA,NA
NovelmiRNA-3776,0,0,3.6006360444986494,NA,NA
NovelmiRNA-1674,0,0,3.6006360444986494,NA,NA
NovelmiRNA-1566,0,0,3.6006360444986494,NA,NA
NovelmiRNA-3142,5.855735705334074,-1.0375405561506963,1.881371782631046,0.1845091619511054,0.34212376809238865
NovelmiRNA-2827,0.3064481710583896,-0.13150940448336634,1.684768109241228,0.8461980036106107,NA
