gene_symbol,baseMean,log2FoldChange,lfcSE,pvalue,padj
MT-CO1,966049.780528222,-1.9882447125938991,0.7720083219044781,1.59360104417997e-4,0.00695370288045473
MT-ND4,489490.1627169475,-1.952507670878836,0.878205179880442,4.043022979606548e-4,0.01355976000386974
MT-ND5,338316.08114624355,-2.4958515710098186,0.7706460546675238,2.796862264535866e-5,0.00204512422680625
MT-ND2,310113.3288346454,-2.3706494256305986,0.8040792390281442,6.05083973650582e-5,0.00351507673746114
MT-ND1,244817.0387765379,-2.2532579829280817,0.8005501674408462,8.567248841373592e-5,0.00453360765283884
MT-CO2,202538.83606311237,-1.8460351105272912,0.8101058307295234,3.5778575618712605e-4,0.01236228421858649
MT-CYB,197023.545985364,-1.9129114712638795,0.8531185258945456,3.889722341034368e-4,0.01311741273106036
MT-CO3,193041.60188031173,-1.9902077727793452,0.8579199860683786,3.133777741056874e-4,0.01130677392949528
MT-ATP6,121657.46170207232,-2.2910156669842996,0.7717083412392346,5.709718238691591e-5,0.00342773872496535
MT-ND6,64572.93959442787,-2.1635342305882705,0.8272404427340648,1.438005449319171e-4,0.00651740343642782
HSPA1B,32330.695362974053,1.7776867293035534,1.2649941007596914,0.00276828933337784,0.04658836383644815
HSPA1A,33158.214290548254,1.750309880644124,1.265116437402768,0.00296806341430575,0.04876464214464206
MT-ND3,49446.43087054398,-2.3201333717133976,0.8043124105609426,7.144266865379918e-5,0.00399219170190588
SPTBN1,19253.554269334956,-0.9590493538233824,0.3684504480424851,3.474757975016895e-4,0.01213945306994097
MT-ND4L,30298.13544422872,-2.1384040367065724,0.8476752368676987,1.8264377705166685e-4,0.00765703594659604
MTURN,23026.29663418741,-2.3525466220577353,0.6005979930963291,3.3397870175487846e-6,3.981469319403892e-4
HIPK2,20548.246343717983,-1.6562914504904689,0.7998588790848651,6.608257447793178e-4,0.01913879095732892
NORAD,10980.139451278605,-0.8803602535279362,0.2908481421524042,1.2902728305913785e-4,0.00603262505217389
KIF5A,6705.402962475384,-1.2804798625833331,0.6276668935584974,9.16812153247945e-4,0.02392271048008175
HBA2,43463.969484846566,-3.5546275633181184,1.3170494183397286,3.9490973651140286e-5,0.0025875781784252
GAS7,5672.4529862152685,-1.9527218444889016,0.5302654464652569,4.8935325414151715e-6,5.364040304615088e-4
NFIA,8480.955747163775,1.2977531782443772,0.5980466656231734,6.10990622002129e-4,0.01816649894307512
MT-ATP8,8610.941081347142,-2.289946940923488,0.7965333800024921,7.324480783865868e-5,0.0040550722328253
CNP,10463.243396121254,-1.6216418320318349,1.0055344712217191,0.0021713852665615,0.04063900684357186
NRGN,3816.664199923558,-3.059235806062766,1.2674888992061246,1.2231294132204415e-4,0.00581331941410375
SORL1,5748.401011949183,-1.217399590501954,0.4688362366409825,1.747541510032848e-4,0.00745045070226546
TPPP,4991.232326895163,-1.8334733647717243,0.7388361414595677,2.0435649539325896e-4,0.00830205137492248
SCRN1,4467.138444924996,-0.587271938634191,0.2299767147220396,0.0025896199644218,0.04483090198559263
CAMK2N1,3750.947359937381,-2.4341671713255493,0.5111846749887973,1.3959937102094173e-7,3.104294403719521e-5
RELN,11143.70953247251,2.6811407836815007,1.1126700621742152,1.817716554670501e-4,0.00765703594659604
MEF2C,3358.281347805457,-3.1420144293084835,0.7991862350525467,3.0708179453358846e-6,3.749677407620332e-4
ARHGAP32,2340.9173266343946,-1.2892572731905358,0.7601673759228298,0.00238360665313417,0.04270458814311748
SLC24A2,3983.7374585169982,-1.3075986212695003,0.7588767559418601,0.00217299293172474,0.04063900684357186
PRKCB,3442.4582002147517,-2.370007621274334,0.9486569778628158,1.8245054146319344e-4,0.00765703594659604
ATRNL1,2527.805177333337,-1.4616199495628373,0.8564255104604569,0.0019672032794739,0.03835499392142567
NFIB,5660.455603007776,1.572325679200364,0.608469985960902,1.4663222390796593e-4,0.00662187964125848
ARNT2,3357.922115486901,-1.0897620778412385,0.593725708641919,0.00218841975901411,0.04075342719762333
FCGBP,4102.880106572794,2.059378935354603,1.1610726421014104,0.00105595972993164,0.02654877053624012
NUDT3,4350.43231960578,-1.088432890510639,0.27780218927701766,1.5634028408431733e-6,2.2093165763241115e-4
SEPTIN7,4498.619568160423,-1.1494367550439757,0.3722012985947014,3.58244650446635e-5,0.00242238869283189
RACK1,5818.950071852234,1.3871165520136512,0.7961524397414026,0.00190921456154939,0.03778472311661161
HBB,25622.647027380743,-3.7924623983658408,1.2882255045048288,1.817942747868884e-5,0.00147511393160948
XPO1,3148.2956324801607,0.8623120482460361,0.3907794767409932,0.00159666652364596,0.03380686004696185
APLP1,4923.478647751294,-1.293527366569445,0.7072501113754199,0.00165153262292791,0.0344366590727426
HSPD1,4848.779267130479,1.610202835185074,0.947411773635888,0.00178239879332873,0.03630754314300048
CSRP1,3560.59390974936,-1.3137094390065014,0.7057628478916262,0.00147692292706585,0.03221535224153731
RAB11FIP4,3231.870949090111,-1.2596128507047486,0.5915076395899557,7.207175637200034e-4,0.02042674956841706
MAST3,2622.920139085598,-1.4889995923802275,0.8412952892831137,0.00163179141956932,0.03417658731710804
SLC5A3,1707.608237170236,1.5480676417206896,0.6108228465648389,1.717557657083022e-4,0.00733505013688732
FKBP8,2965.2916013339686,-0.910638525114404,0.28254280678938354,5.601225082381481e-5,0.00337873418998138
CDK6,6078.459736363447,2.750802345059496,0.883073934633268,3.651082282654826e-5,0.00244904863301065
SECISBP2L,3607.4607103115386,-1.162947101613853,0.5996994232980745,0.00144064498132176,0.03179739043212654
PKP4,4454.468826116306,-1.7733689127735988,0.6505196733535621,9.808910064708728e-5,0.00499460169570209
CDKL5,2289.2134564302105,-1.4210192927106988,0.8507158171727824,0.00223792487311676,0.04125991216352012
RAPGEF4,2298.2227432816867,-1.6804324793439886,0.9575060627021408,0.00147945569033952,0.03221535224153731
DDN,1811.115042701428,-1.7868266450864978,1.3492574383005826,0.00304110081081877,0.04938402181751809
PIK3R1,2221.5997134686736,-1.2152003771751312,0.5433516457652646,5.533427660004429e-4,0.01695345180995754
SH3PXD2A,3295.0166801137643,-1.5958849840750269,0.5234417297665875,3.138050550349217e-5,0.00221314831474494
SLC6A1,2123.590119943283,-1.142355753930068,0.6569223697653241,0.00258570436103208,0.04480859884077974
RGS5,926.4611192740036,-1.2688297877871308,0.577250616764642,5.794909084056739e-4,0.0175620654337787
PPP1R16B,1803.727634977206,-2.035594117091947,0.5348699506755308,3.528359457570472e-6,4.1473062521368056e-4
FKBP4,2708.839177696972,1.4175457531038138,0.9114274777886652,0.00300165347130683,0.04893298212394825
SEPTIN9,2791.45256286843,0.9644335643255476,0.518684867159144,0.00275527545132438,0.04658361489243703
ITPK1,2462.4311683687542,-1.0625568869297206,0.302309280085809,9.222862785579432e-6,8.820264081674742e-4
BCAS1,5092.626876891627,-1.642748489091076,1.1431664464189109,0.00309427223965249,0.04978471093815326
CHD7,4053.447394154136,1.483051761094652,0.9076477719209296,0.00232444523684461,0.04215507965940126
SEC62,2627.063182224735,-0.5974397601056917,0.24075355191554432,0.00297107305481701,0.04878222690657133
MSI2,2362.4330751370594,0.7804966020351242,0.3603944449751104,0.00254717159896638,0.04438800461631256
OGT,2374.8633762488707,0.8809125624308565,0.33229288081551,4.225228034069066e-4,0.01399722110616593
SETD5,2191.3015093391864,0.8296229454100106,0.3175971996914613,6.096087578586544e-4,0.01815708198922848
TTLL7,2635.223855486304,-1.107673678483694,0.6142435007552225,0.0023079029058779,0.04200650484403245
SYNE2,3249.1935722898656,2.3452025767420484,0.7179586675133512,2.5322986173092385e-5,0.00190710896466456
QSER1,2857.8893896562863,1.012137665797881,0.453069438648924,8.673024064366726e-4,0.02320864333139155
ENSG00000225339,2133.8268450627306,-1.0137616589056946,0.33153887863953246,6.209695938085209e-5,0.0035743407694873
DDAH1,1882.462738964155,-0.7061846905467621,0.28332017916722285,0.00162683595388717,0.03413891095246433
TNPO1,2443.8766081155345,0.9160550871165682,0.411692754294135,0.00122788388055285,0.02902837512352113
ZIC1,3219.18982716985,4.569608706851529,0.6501498587122974,3.1928194628319285e-14,6.177860059082639e-11
PTP4A2,2960.598465360866,-1.3885091126228033,0.6160729867985568,4.3759756392232666e-4,0.01429133805514293
PEX5L,2037.1200810210976,-1.5943886963956817,0.8427849426055976,0.00110254095808824,0.02708474136211111
FHL1,1491.5317583935994,0.8019055103693047,0.3140071050245808,8.293826263008624e-4,0.02252947147081198
ANKRD40,2748.9720212326315,-1.2907404079320013,0.69959320832931,0.00158424325674715,0.03362856566494467
ALDH6A1,1662.0315015965543,-1.152820458471268,0.4403681067130033,1.836412058844498e-4,0.00767327390833463
YBX1,3306.6163095524876,1.2406777152490596,0.7023901297580029,0.00208703005597253,0.0395664734655126
PAIP2B,3450.818055640284,-2.7744598750796934,0.7942830494512576,1.3421794666274993e-5,0.00116417870012234
ZNF462,2457.9958322308416,0.8647748277719054,0.4152242999406128,0.00217520722154496,0.0406501949856924
AATK,2703.2459275784704,-1.3184979463571207,0.7489285890715989,0.00194145317142938,0.03824221853886826
NONO,2306.94208856305,1.2413171175616682,0.48347507699624825,1.8571749764373737e-4,0.00772644159200894
SOX2-OT,3245.9956388791256,-1.63209860992264,1.1260018603281352,0.00305678029228423,0.04947171131603598
TUG1,2058.9614587350147,0.7207014382039831,0.2687933849581898,8.979465843779048e-4,0.02367604652352392
COBL,1773.6410689186666,-1.5073687906771582,0.7580347484943355,8.890308412787589e-4,0.0235984917129209
NREP,3464.5090567102234,1.692314658864184,0.8485698360550509,7.999201561632508e-4,0.02206271009663422
ZNF207,2052.5486287413573,0.8960971691704138,0.3626957070913038,6.697416988364068e-4,0.01931959024372818
VEGFA,1002.060749014676,2.3771406611745753,0.5371822118506003,5.300006406216105e-7,9.746331873519294e-5
SEPTIN8,2293.647289333319,-1.1596121543595024,0.6094795651980498,0.00160561761641372,0.03391075190870769
PIP4K2A,2870.7172416809663,-1.4502091948518974,0.9154729916212104,0.00270965151663699,0.04626498159101406
COL6A1,1012.8547351342372,1.8165919578056364,0.5333175984373372,1.0913889724557296e-5,0.0010055970041447401
CHORDC1,1343.576502227379,1.7606077673591574,0.8255215992988171,5.3975864804294e-4,0.01667947055635402
PINK1,1856.4258797043829,-0.9750541579099024,0.43347149282048103,9.318304491369952e-4,0.02428939183170153
SHTN1,2815.7351294571954,-1.814438704748074,0.9157186270240304,7.824919000965811e-4,0.02174895166301591
PREX2,1587.5984560946088,-0.9906895024820134,0.4219874302108204,6.66609629718461e-4,0.01925131874390145
ARHGAP23,2303.906329901846,-1.0062756169360048,0.5078173299632136,0.00178261174292778,0.03630754314300048
ZBTB16,1186.0673314090675,-1.2587482471816147,0.582694629832542,6.578459052544536e-4,0.01910791674453871
HIF1A,1698.718888856563,0.8384857702288386,0.38495949908947014,0.00190164145186884,0.03769416003176437
PPP2R2B,1385.1834173764532,-1.1883332457391524,0.6723233465009734,0.00223179401193362,0.04124801364891876
MTATP6P1,4155.75094996098,-3.3019349585161626,0.7515669930211637,5.34864267557936e-7,9.749257816052408e-5
HBA1,7899.030892029579,-2.6656791633190244,1.409686245764332,4.359486894384e-4,0.01427845486215325
TEAD1,1318.7552113789504,1.0788722596878713,0.3105588591017095,1.0195950768600854e-5,9.498849838273552e-4
SOX4,3251.20357524704,3.488171028605521,0.5836858555643998,1.6207685489309655e-10,1.1018597859407977e-7
TMEM161B-DT,1679.2432077299109,1.0216834141705793,0.5594468415829262,0.00259453194194778,0.04488504571372392
KDM5B,1782.1658721559195,1.2781776450936244,0.5110840565675546,2.2051905991838687e-4,0.00872159816538852
RORB,899.7302075195828,-2.2664057210548516,0.8054031806091574,8.583562650317966e-5,0.00453360765283884
NNAT,4195.219999658616,2.3374498587086547,1.2042450471636583,5.956474295448707e-4,0.01787859719479699
MFN2,1732.0733295713178,-0.682458110784401,0.21525776724088647,2.4963779039334326e-4,0.00963096469256772
RGS4,1157.5052477657707,-3.229514654234389,1.097232269449748,3.774174869959321e-5,0.00250489695722841
FBXW11,1610.1452068226893,-0.5143819840752569,0.1844160399863874,0.00188216383301538,0.03745565589847229
PAQR6,2982.9716568183835,-2.0127145448774533,1.0318602820772544,7.555152500293163e-4,0.02121007879379176
HEPACAM,1488.5564379509792,-1.4123281409000503,0.7866459705273178,0.00161909851442679,0.03408100755806824
FGFR1,1382.2536304893597,1.598628034993424,0.5491006271487942,5.03819579478567e-5,0.00313879817512714
REV3L,1516.8256078565098,1.0741809602294712,0.4009745504356012,1.8309328110308913e-4,0.00766310880676722
DLG1,1670.687302498064,-0.9322494823314572,0.46452397598621054,0.00207366139301157,0.03942621215405369
FAM102A,1441.0412796109388,-1.4925173353934538,0.5980566546079352,1.9588691461138792e-4,0.00805120825185433
SELENOW,1497.5451902801467,-0.6246495534668938,0.2425901681259827,0.00202267512788396,0.03883845050900252
FEZ1,1946.4263889297793,-1.1225532579951467,0.5981301807343518,0.00183837594043474,0.03696443517641527
MAN2A1,2674.088762142674,-1.4213985002772798,0.8956900921599783,0.00276537573090598,0.04658836383644815
ARRDC3,1626.5204862135497,1.0509179133597335,0.5829995099921013,0.0025865502710031,0.04480859884077974
AGTPBP1,2032.2666150330856,-1.346829800251003,0.4721171125963354,6.26705498043331e-5,0.00359912102689085
PPP1CC,1692.0844446129488,1.0021069570670784,0.5284419922948804,0.00226304050811166,0.04149017561300355
LRRC8B,1249.6877847254166,-1.1182329665656738,0.6460423638007697,0.00275019106783765,0.04655336885625056
GSE1,2186.1334484943136,1.552514851267748,0.8277888310201581,0.00118038544466294,0.02833150331588894
SOX11,2525.5429078434463,3.482639927071417,0.6281982947020569,1.959156852003389e-9,9.126042862091344e-7
BIN1,1974.5863379867692,-1.1662847831647778,0.6051283963727971,0.00148179862222543,0.03221535224153731
RABEP1,1619.1695820802288,-0.6611829641781671,0.27682095109698224,0.00270144615838575,0.04622203308136901
OSBPL1A,1262.688341356945,-1.7275724526726928,0.4062936420885166,3.508358604356968e-7,6.841027312712804e-5
H2BC21,1460.3109777121567,1.0641146175352596,0.5142244151363629,0.00120975461713568,0.02875140385179429
POU2F1,1587.6502634174617,1.254490754942838,0.4581778840118004,1.0257112389567336e-4,0.00512937186972518
HNRNPH1,1656.937699357616,0.8511522692128805,0.33353964808552644,6.519140103504246e-4,0.01902348609785914
SCARNA10,2150.0323785749865,1.5482845590807872,0.7373163289037584,6.354909809852799e-4,0.01867422913049501
H1-2,1553.0062280152383,1.4464190958199183,0.5296970002891234,9.153763955815844e-5,0.00471831513411048
REPS2,1022.1249172284656,-1.6356039709051813,0.6266449167700983,1.3575231246380816e-4,0.00627704718329895
RHOBTB2,1007.0538153188572,-1.633523805764379,0.8735980203269036,0.00114191960856285,0.02772571991678588
MIR99AHG,1348.4527703726922,1.3021354080493377,0.6288163703194158,8.182183240589153e-4,0.02238403518187159
USP46,1345.4442618996625,-0.8527519489858063,0.29236470622762234,2.140047036568321e-4,0.00855814676595223
NUAK1,1192.414489842455,-1.2322141091909244,0.6511559781216858,0.00148698047985361,0.03227222346008447
NECAB1,835.1002739684039,-1.487119979551777,0.864415436974697,0.00185965606617249,0.03721383348329583
SEMA4D,1929.5562142014128,-1.593340457593898,0.6457533323134678,2.110888069584139e-4,0.00849556456037111
SEC61A1,1332.8162398290174,0.7589308739782948,0.342248997757378,0.00248812929997119,0.04370558967281799
BCL2L2,1202.7327643786775,-1.174361380976963,0.3725281400564976,2.66211562687192e-5,0.00197530550083587
H3-3A,2037.7910783100203,1.1291458504555785,0.6093175583860407,0.00193921817308632,0.03822813003590385
DCX,2206.935186835086,2.4551820662844333,0.7895602578949559,3.9564436953426616e-5,0.0025875781784252
SFXN5,1176.5158547250455,-1.560400685027327,0.7139180741155577,4.939087047179847e-4,0.01554916089921926
FUBP1,1443.4305708120785,1.7895715841158049,0.39367838018922785,1.1135748048844814e-7,2.5935982075985413e-5
DOCK1,1405.0734927003807,-0.9936287283449312,0.557088936598711,0.0031000311222646,0.04978471093815326
METTL7A,905.9421693147544,-0.7300203833337944,0.2978861256660954,0.00159846198440018,0.03381641106442578
ADCY5,840.3697114230844,-1.1431068357347414,0.6410675280387348,0.00229272038120182,0.04182094885333622
JCAD,1189.5640705267344,-2.2106363613100237,0.5860473591364306,4.845136734625181e-6,5.345375851875517e-4
ZBTB47,1337.275024556377,-1.258277358508999,0.7124659533409201,0.00204420564798918,0.03906948939182608
NGEF,733.9283617134843,-2.3703114200177344,0.9914821477922898,2.3268127772766635e-4,0.00911661193140454
RFX7,1391.846567990021,1.2091873027835278,0.5016906721965358,3.2471966580469556e-4,0.01150422320232579
GABRG1,875.3989798023509,-1.2708749129225292,0.5635661439652685,4.8542923365827914e-4,0.01535910307350988
ZBTB10,1230.7720504961046,0.9329302603381626,0.5001720808775679,0.00297369352204506,0.04879340303556535
ABHD17A,1060.5176703288923,-0.6180114142729896,0.2502672555593736,0.00275971996249112,0.04658836383644815
IPCEF1,745.7819916075582,-1.4695787567231469,0.9197077101992226,0.00257269429447256,0.04464525453749601
RPS6KA2,988.2736342650802,-1.0110181849094784,0.4682759493892918,0.00107749434488722,0.02676825763217933
VTI1B,1131.6133977882994,-0.6258211106249761,0.17712371433783425,9.640223492206209e-5,0.00492866223014136
RBMX,1572.1544068302364,1.030099967246339,0.4982445211175341,0.00132275467553116,0.02997060336537843
KLHL5,1151.571095863423,-0.9472982421446996,0.4818757775748589,0.00220011409272113,0.04081244092058077
MIDN,1276.4777790396267,0.8345315792074648,0.33426664122541166,8.264800042065272e-4,0.02247959023469547
ALDH2,983.2794551258492,-0.9627734783277424,0.48993313272162137,0.00210400151133822,0.03980490380544809
GRIK2,1373.2672755564745,1.3554816143534818,0.8185099061111005,0.0024712268785444,0.04346939923280141
CENPF,1360.3254730088986,3.936607369878458,0.7659839446306101,8.790332393114002e-9,3.1587431573769946e-6
INF2,1262.5839963163176,-1.1616455699754935,0.6211306090715231,0.00175188461202459,0.03591434843591413
DBNDD2,1901.8996670550423,-1.8443504062819285,0.9759913011835876,9.632446513714918e-4,0.0249788205779366
ATG13,1004.2093845626816,-0.90486593163762,0.25562830164959605,1.7977714328568645e-5,0.00146346739877286
RNF141,1331.125638800744,-1.1342001082121262,0.6231661369900364,0.00210465620025626,0.03980490380544809
MACROH2A1,1203.9133378988838,0.7358093893477266,0.2126512314986348,6.69411151277197e-5,0.00380098602691345
GCC2,804.7484349934039,-0.6277192559143508,0.26069142125926936,0.00306719245543436,0.04955100225469185
FMN1,559.9329764594934,-2.1494563381125773,0.7930455346487326,1.1220497994446491e-4,0.00545694865200266
FBLN1,1116.2471577191732,2.7420150850747893,0.7499848697551618,8.456048093157032e-6,8.27639819981603e-4
MTND2P28,196.79496608139817,-2.5186860569041474,0.8357016440650172,5.041243789263595e-5,0.00313879817512714
KDM1A,1391.296187758626,1.1753684946979857,0.49459061585800235,3.826475489964453e-4,0.01297185505048057
LAMA5,886.5547618876542,1.7194277156182238,0.6996638648545422,2.1758940379773336e-4,0.00863287675572268
AMOTL1,1091.1294101492506,0.9414615700861144,0.4224586080181883,0.00110842270366848,0.02716484371524152
CUX2,652.0450734566351,-2.1865933365606764,1.1076548838052225,6.365611731667634e-4,0.01868385034986787
MKI67,1133.3584601213447,4.20999773192983,0.8736223261800301,2.7234100215403082e-8,7.784619963843738e-6
TNS2,881.986990463377,-1.2816341945163636,0.6166838006869051,8.181533862363979e-4,0.02238403518187159
THRB,630.3034086722324,-2.2141221769645356,0.8552004047164521,1.5301640050826318e-4,0.00682442294039867
LAMC1,839.7653358986015,1.4360720742872992,0.5963871040782173,2.6365287194379155e-4,0.00998783786276224
CCNY,913.46792160481,-0.9317773250500322,0.346966211979793,3.015708626152431e-4,0.01099378764959974
COL4A1,737.7105754910727,2.843653148991735,0.7570223135772841,6.119017064382332e-6,6.386628848027933e-4
HMGA1,1251.853041723524,1.2573402339940836,0.6451956955506968,0.00122727923718039,0.02902837512352113
DIO2,1557.874863566556,-3.2299929965776526,0.7898870402466343,1.712237494974341e-6,2.3424853536741476e-4
TRMT9B,1064.834590622342,1.7528452952054503,0.9425490416671772,0.00109334638551172,0.02691001465867119
PHLDA1,916.34291460935,0.9801699285762258,0.37291637998450367,2.957188949943339e-4,0.01087501912966005
SMAP2,1122.7693453522954,-1.229649608589746,0.4786717855650798,1.88021231195217e-4,0.00777875994981001
COL4A2,617.1387667442414,1.8175751748930769,0.6933425794162849,1.3603778903353568e-4,0.00627778033299085
SLCO1A2,1853.7103677341545,-3.069540625124145,0.981691837449392,2.9174736895448025e-5,0.00210275453257335
BRWD3,1169.4859544983565,0.9765534914272684,0.42138632832497014,7.630665809207105e-4,0.02139819038626482
JADE2,682.9026742370069,-1.4373888810364606,0.4106275213908003,5.399546162097752e-6,5.755092549212154e-4
LGI3,924.7485657205692,-1.5602883266140732,0.9766610823571916,0.00237366167065388,0.04267732060187521
GTDC1,828.9058752756509,-0.8772802585886226,0.34789489443804433,6.288189514704098e-4,0.01857272428546464
TMPO,1210.0046397668964,1.7758495783139017,0.4825803723894417,3.834636350668316e-6,4.465576053921798e-4
ZNF423,1136.018980132961,1.455180460776586,0.6691881944536977,5.341228982585987e-4,0.01652561793701942
PHACTR3,1024.524463431882,-1.1645230163833489,0.6273944699491456,0.0018134415687638,0.03666825500055042
FNBP1L,1216.3933186915394,1.5802744350234346,0.5924605654330781,1.1237574150184387e-4,0.00545694865200266
PHC1,855.7720170149618,1.1473751432252082,0.25417042793743105,8.088928972170474e-8,1.9947933271174128e-5
NAB1,1168.5334697022995,1.1318150497516486,0.4962740394283368,5.598884824474447e-4,0.01711231456559298
LAMB1,1583.5949044895656,1.623908198977425,0.9390892581679045,0.00164052130692739,0.03424537174643287
SH3GLB2,885.9558546096682,-0.8595781671347409,0.3738722776188818,0.00126444745270346,0.02941961372187795
SLC39A14,419.4865974840232,1.180446779854292,0.6373697094806566,0.00178959279308441,0.03634058046208519
SHISAL1,652.3547497160489,-2.22845899469306,1.058560342677341,4.69989491511326e-4,0.015040859630376451
C1orf115,588.270189460328,-2.470746378925204,1.012308144436146,1.975710744737982e-4,0.00808081757286816
EFHD1,1055.8931081163887,-1.7673810212208534,0.9757695428595512,0.00121827931546466,0.02885555357928254
KCNH3,429.4046298332775,-2.050296542932034,1.1514007221962046,0.0010502042215244,0.02649632596612314
SRSF10,870.2102437129853,0.8440452239863077,0.35272192511036204,0.00105199234171988,0.02651354326720434
RCC2,1087.0649470327917,0.9844693284613082,0.5471764994219692,0.00304798438809132,0.04941052374309445
DACT3,714.3137714749166,-1.8664982548791151,0.6119987467542178,3.749761333169171e-5,0.00250189646086305
CRACD,1088.735898519209,1.81523230315955,0.6194386170027869,5.296422166981055e-5,0.00326534811735885
ARL5B,911.9000938947812,1.1394471060561373,0.45858394831452576,2.914494690107374e-4,0.01077144242417845
SOWAHA,465.2837528390186,-1.5273558837775774,0.9557150121892504,0.00244074807901671,0.0433151669384281
CD24,1608.7625678287277,2.7483460641237776,0.9408269759371086,5.8129293738376035e-5,0.00344267167592099
ATXN1L,778.7583640888449,-0.9715884755120738,0.1968941864321334,2.2443037661551462e-8,6.801592401670668e-6
GOLGA8A,852.3763694630981,1.214780621177499,0.631871739386932,0.00139750676676798,0.03121925862458436
VANGL2,620.8594484307097,1.945913192618196,0.4286857235596078,1.6661982180631597e-7,3.644482606709628e-5
PTPRJ,855.5930191196738,-0.9427440106133462,0.4032295588874281,8.112760676324317e-4,0.02232695646086016
RBM14,781.8360657077635,1.0075541357049729,0.4122872706803906,4.735676242632274e-4,0.01510095379731215
PPP1R12C,689.4714594362075,-0.8162296262313862,0.3673245564941068,0.00187589461704288,0.03739005800086905
CLMN,1094.273398887614,-1.7390322194626997,0.8368968910153476,6.290832905786703e-4,0.01857272428546464
TECPR2,834.4658152104391,-1.5543626156245824,0.4066273293212864,1.5933020354667496e-6,2.2389899106218223e-4
QDPR,913.3536930537744,-1.2468973951573366,0.6828526488194323,0.00175739189382431,0.03596862139727985
MPPED1,559.2874729650633,-3.3712669738543477,0.8955501973216228,4.26301258347977e-6,4.836997917635927e-4
PPP1R3C,679.7320826140738,-1.6462419886222697,0.749833112390493,4.681153649097677e-4,0.01503787987452622
SPOCK3,1246.4843843489857,-1.838169709908352,0.803696815008992,3.502013490329826e-4,0.01218478327423078
PIK3R3,905.843370737936,1.412058268403885,0.6007213356400221,3.1955600762318857e-4,0.01141777246555921
SERPINI1,669.0891925406719,-1.461458319724834,0.9061230646819428,0.00249732405689918,0.04380208758862763
VAT1L,906.5305477295306,1.6352347984210498,0.7124193880808217,3.5198325477845153e-4,0.01222898727996846
NRSN1,590.1559420610066,-1.6277484122531645,0.9202777473032634,0.00148320149113503,0.03221800544733229
TCERG1,725.0830135419286,0.7552847184681911,0.34605387770832996,0.0027575336954297,0.04658361489243703
HDAC2,1218.0110147413432,1.449854908906122,0.5223206003265066,7.84687831062234e-5,0.00424101627968942
PHF6,736.2564283913289,0.6872975124791574,0.28579370670390586,0.00225714599815696,0.04144251856762061
TAF1D,891.110922807874,1.2389681288639955,0.6963571394646448,0.00201929465264321,0.03883282698210057
SNAPC3,715.4462266132803,0.7602588679417427,0.28058201318875586,6.653754877810778e-4,0.01923776439039681
SMARCA1,692.306388360868,0.6677112500106569,0.2504881770404907,0.00125565711649055,0.02929944258645958
RSBN1,740.181913841729,0.835935257390626,0.3805460867074887,0.00183361519975504,0.03692774758577941
MYADM,699.8155778123158,-0.793016963427311,0.2587611160042224,1.853623338435607e-4,0.00772644159200894
CBX3,984.4663787947186,0.9232922884718808,0.43470440245433,0.00157048115507296,0.03344951987697318
ETS2,545.7237760338444,-1.0880473272498536,0.5368654191252396,0.00129389048639771,0.02975446322040642
SCARNA13,994.931484710148,1.2386525461928366,0.6470723130021006,0.00138611455758842,0.03110287741443282
ELP1,754.5195499713697,0.48573802684643247,0.174192946783219,0.00211586452485778,0.03995679899269729
PLXNA3,1088.3090070275812,2.08022806366572,0.5061120801576514,1.2272465509808453e-6,1.8596481773115777e-4
COL3A1,1221.0698416300572,2.7133375559610196,1.3798255473752408,3.7061037378621726e-4,0.01264902760138196
DCC,1751.3324793704492,2.1803825097991214,1.1110132966625033,6.548619068493521e-4,0.01906527361676921
ZIC2,1015.089677430035,3.35837156903119,0.8278487996115012,1.7135139742229593e-6,2.3424853536741476e-4
ZFPM2,890.2997819047816,1.6920254458791173,0.8702277280304118,9.120160107134852e-4,0.02389899587861615
MTCO1P12,1239.0439694555837,-2.3072842273146996,0.8105752397927536,7.888600785016121e-5,0.00424903349349669
SNHG16,1220.9790103429054,1.8501971981053489,0.9790371923505428,9.596883313137992e-4,0.02491228099676708
CNOT6,858.0413124448637,0.8004511925980416,0.3346291447779162,0.00129897652111829,0.02981245931770951
TOP2A,1315.741284227941,6.305112232360553,0.8014689561301852,1.6811354022692588e-18,1.0571819977170234e-14
TBRG1,623.2649944628523,-0.8867259342697197,0.3913690711395333,0.00123380745018894,0.02907550911180176
PAX6,958.0779110342276,1.6501054390031114,0.8561172231159994,9.736269909995968e-4,0.02514436687022983
CYP46A1,518.5608087144851,-1.689873950674572,1.048057630441135,0.00204713314059102,0.03906948939182608
VPS35L,797.6320747047127,-0.7972834202744998,0.33004063733945976,0.0012388428140964,0.02907550911180176
SETD3,734.3747343771092,-0.606941969124857,0.2222062348738106,0.00144108392671639,0.03179739043212654
ZNF141,813.2665339312344,1.0408419120265842,0.499592139007575,0.00123068539176197,0.02906728670833858
PLEKHG3,996.3495084547712,-1.8978273241246035,0.8099991110108203,2.990690855773681e-4,0.01096117931409141
GPR26,663.3755071988691,-3.0933196570508605,1.2423311403957922,1.0336063299791022e-4,0.00514840221701984
DUSP7,593.9949391786932,-1.8212786117655295,0.5838846221471197,2.897475832353426e-5,0.00210228446360803
GRM3,907.8660266093268,-3.178624305585968,0.5237187178903304,1.3542046056228674e-10,9.46212851384378e-8
MMP14,567.7105478463862,1.6420497569972237,0.8698057701842216,0.00108458534215233,0.02679068379779755
MCC,947.4506550221816,1.0826496646612862,0.5192652837301571,0.00110909972551296,0.02716484371524152
PSME3IP1,762.5369824666599,-0.6978709473627256,0.23401521314486048,4.180991014298106e-4,0.01389282007577999
ENSG00000259001,555.4721040500158,1.1475781515000874,0.5496380805495936,9.648279201718044e-4,0.0249941107147287
SYTL2,488.87113902814536,-1.41940347635473,0.8064957795352612,0.00177052541085712,0.03614918521485395
Telomerase-vert,1101.8492227888996,3.1824167261255565,0.7493213331625497,1.0183052617228933e-6,1.6109717329168338e-4
OPALIN,1478.2061497269506,-5.217821013820919,0.987440768033782,4.562303286175172e-10,2.732385163344054e-7
NUP155,812.9980938375602,0.8305536510587251,0.4132942708117493,0.00298890498842883,0.04879745224321154
ODC1,1128.1368496762852,1.86463272216148,0.7529204704004798,2.0766452325497208e-4,0.00838458012512932
IGIP,580.6082677185907,-0.9569127502510956,0.4690141040039587,0.0017555183955685,0.0359595356043406
DACH1,1778.2885244849738,4.323940765029744,0.7602554921848665,2.529871529058702e-10,1.674641801103752e-7
ADAP1,621.7541397784559,-1.316548875816454,0.6212483036861473,6.983612121101205e-4,0.01998473029512852
NET1,771.9622953614241,-0.8619290270627813,0.374260189994752,0.00123855551970294,0.02907550911180176
ZNF121,642.2543007072579,0.8008385026877461,0.3730065105187323,0.00242817530196444,0.04317580077743495
CABP1,283.11441256825043,-1.6540466468742443,1.011968024457408,0.00200856323978165,0.03873857311270178
TGFBI,547.6898220271814,2.1289066275096102,0.9993126196091396,4.713690835693321e-4,0.01506584234828841
TIMP1,646.4944634023153,2.4030533911972043,0.8884511233607182,1.109400055136696e-4,0.00541861145376863
PLAAT3,945.4385859074432,-1.622030837452445,0.9902080830129194,0.00204612373867595,0.03906948939182608
MLIP,347.7789512711286,-4.313954128936229,0.7974937480589698,1.2004167015786695e-9,6.039056342301971e-7
EVI5L,659.9719106394151,-1.0475784969498043,0.5838902103400869,0.00266402002332041,0.04570993155975556
FUT8,799.0640374705306,-0.9337907091057132,0.3787546780602042,5.810262514380376e-4,0.01758740593101371
FAM163B,419.6894014750743,-2.5076670543712636,1.033433184417676,1.992300971498612e-4,0.00813544458394092
GRM4,968.476373304339,2.4775396789447046,1.248118606898717,4.7878552280574766e-4,0.01524477346918452
SH3KBP1,587.5637167196661,-0.9118360727238652,0.456816266104108,0.0022823924147879,0.04172332761742368
ASB1,643.8945337242528,-0.7223110613512205,0.30935913051077535,0.0022389989704701,0.04125991216352012
TCF3,613.367844011479,1.251982649435568,0.6187936058612893,9.959365554357356e-4,0.02551098586092718
CEBPG,611.2665699008513,0.9413589729519156,0.48603134909512874,0.00241544812913335,0.04306981682004086
MSI1,879.7959294331035,2.7778858471354995,0.4716613659169572,5.332636799408918e-10,2.988877234833756e-7
H2BC5,1038.1901825182931,2.9309008695676235,0.5967306712312342,7.806725744412788e-8,1.9442611819302897e-5
PYGO1,562.5458602542349,1.1848408660013263,0.45215806081652354,1.7079921440792592e-4,0.00730660448846423
TRIM41,728.216193432924,-0.9412017264390504,0.4313713248414804,0.00126138024570981,0.0293784802783192
ESRRG,808.6193552753477,2.1244669365422952,0.924587599314296,3.194479050667649e-4,0.01141777246555921
SMC4,843.0892926199393,2.6416218867263663,0.6145050790762777,9.929288179974265e-7,1.5807678156903328e-4
ITGA7,634.8640231962285,1.1007914521692306,0.6053319663422938,0.00224350723238187,0.04131272395558839
LARP6,700.908416827537,-1.8054621900274217,0.4391949498334953,7.453331462120485e-7,1.275381629919583e-4
GRAMD1A,662.0720868623833,0.7001042712846853,0.29438895859242903,0.00225630853830234,0.04144251856762061
CDON,484.7181169240162,1.600089676289841,0.7902033778844505,7.668913468859952e-4,0.02145760282488356
LDB2,382.6581751939044,-1.7366451968239285,1.0416753149420803,0.0017405668544948,0.03575629814186063
NEUROD1,1238.7481135591454,3.383356140049862,1.1494412719002025,3.179430970268909e-5,0.00223389848848575
MEX3A,921.732473139358,4.209804875272177,0.5780381276161117,8.746918176990119e-15,2.2001997982400942e-11
CPNE5,313.0169739225068,-2.093658868522955,1.069279609017075,7.044453153872574e-4,0.02010793075886535
VSIR,648.7440574394311,-1.593852587664362,0.7278005802600783,4.825783243494105e-4,0.01532366593778025
SH3TC2,920.6029458871982,-1.7642584220567976,1.1674255341537965,0.0023449045372003,0.04229844020031512
AKAP5,451.2389420054225,-1.5718196231081627,0.9005587746891826,0.00163617162717153,0.03423114946895989
TSR2,584.2061697438919,-0.7996567126054039,0.271286983601419,2.598844160702315e-4,0.00988976187871498
H2BC18,891.1539122862977,2.2741433154565174,0.5449151954997811,1.2491318497547416e-6,1.8814767993251955e-4
ENSG00000230551,504.4819103453727,1.731928696746192,0.6095383996099631,6.725917753889872e-5,0.00380188168946844
NFKBIA,687.1663270849525,-1.226554974635172,0.6379723770091014,0.00137514764186889,0.03091194261266321
MCM4,619.2964622853988,0.99045953200116,0.4658396443345394,0.00125444441280237,0.02929832382509847
BORCS5,540.9866367261283,-0.7611384390916114,0.26779224855035494,4.473714177765488e-4,0.01455780160769897
KNTC1,253.94669360964235,1.92739475836732,0.3591383936316627,3.1114782152480182e-9,1.326544458073706e-6
NUDT16,636.9156178794402,-1.4551000988046698,0.6709296200900811,5.433821694227174e-4,0.01676113911678204
MEX3C,680.4584898221073,0.9467004817597552,0.4106936737776415,8.777950215610592e-4,0.02338988980121491
PEX5,564.1685722168069,-0.6616577520555247,0.2206609942767443,4.8697857713503686e-4,0.01536945938425937
DNAJC15,542.7699422663605,-0.7886311341424569,0.3033396466200533,7.809301261977957e-4,0.02172955353360547
DCP1A,500.89013114571213,0.8314870133726312,0.3859939119385498,0.00208287089655412,0.0395664734655126
FOXO4,608.5452878404545,-1.5776101884681324,0.6256030806280874,1.784625270034771e-4,0.00755731717886441
FAXDC2,652.8785498095749,-1.813527809438781,0.6624041548097734,9.599458762724626e-5,0.00491781640972658
TESPA1,269.2691622122017,-6.901749571964591,1.4332478312316514,1.8520451348083637e-11,1.6637979757489137e-8
DPF3,861.8111647054579,1.218377493998311,0.7282935661651265,0.00276183834494889,0.04658836383644815
ARHGEF18,483.80662400856306,-0.7549184846078159,0.25253132967851716,2.9431316931371077e-4,0.01085506372568487
ENSG00000261069,355.5473590030724,1.557062893230878,0.8017039816869116,9.830661501059068e-4,0.02528430055190591
PXDN,442.9908683783779,2.7443628997020526,0.87129789167327365,3.358110773688836e-5,0.00232060215388376
XPO5,602.2091738519551,0.8588615172233679,0.3613935313954902,0.00102839942736078,0.02615666127954928
NADK2,448.2046533270885,-0.904960141307478,0.3599348788371658,5.679627741819453e-4,0.01731701287487594
ASPM,612.6687672326817,4.574431711268722,0.7766226987810909,5.2210280858114266e-11,4.162963470464449e-8
MIR124-1HG,503.207060926571,2.8441079570266252,0.806443602800864,1.1947914755749998e-5,0.00106832504187683
H2BC20P,521.4066749774053,1.9956352649474975,0.4681406133323213,5.850661784463558e-7,1.0437414647262152e-4
RBM15,609.2889332610182,1.4065892852263082,0.5214744790148643,1.0376791392451552e-4,0.0051584547566349
SHMT2,590.3238071689196,2.367410925616617,0.43076222335173625,3.9922166251971794e-9,1.593971698257299e-6
RAB40B,576.3564460112985,-1.5240984551045278,0.6356744518386218,2.643621088235896e-4,0.00999964584262943
RALB,464.5566368548877,-0.9372866323411656,0.31033512795530915,9.903408592979152e-5,0.0050106123537531
H3C2,900.8851348190292,4.116605033680615,0.9404252111590746,2.0759388308689126e-7,4.425268250142087e-5
ANKRD10,420.8211410151643,0.9240077863614548,0.43079827518662583,0.00148131322473926,0.03221535224153731
CBLB,628.6930016592299,1.5766645339154726,0.6346361189820356,2.0052023790734564e-4,0.00817485585789525
FRMPD3,574.8711513731837,1.4491443835775122,0.8130001619033013,0.00162727813596265,0.03413891095246433
DRAXIN,984.2103736505936,3.798422581692698,0.7302905067855159,7.843842136480066e-9,2.989454622742721e-6
MLLT10,464.01910213949714,0.8976104315861783,0.35511658076209063,5.639665090885489e-4,0.0172160358854531
LINC02210,422.14877257574864,0.9326038382883696,0.2978749794157441,6.921531265437763e-5,0.00389494848883269
H3C15,843.7389480241939,3.5758557705417005,1.0394573929333282,8.333191886600882e-6,8.220121910414062e-4
IGFBPL1,1405.3339398232663,3.579111206148985,1.007285762447954,6.201115576160412e-6,6.445572776972686e-4
STARD13,358.0575223095692,-1.2144828980135969,0.5128376779089234,3.679646773635176e-4,0.01261005925667836
LRRC8C,411.5145570857416,-1.650127075632417,0.5179057574165327,2.007862181576293e-5,0.00158823161369088
ABCC1,418.3156024832888,0.839539524196246,0.4180019955945289,0.0028906918742617,0.0479633663622553
ZNF431,446.12504055014585,0.7509417376396428,0.292802211410629,0.00105299474135076,0.02651354326720434
KHDC4,444.2325695509259,1.171945908608921,0.6315124138329561,0.00179429968876863,0.03639823739619857
CKAP2,560.6706303618014,1.5829139185696943,0.6129963412946606,1.475153299966844e-4,0.00663792595838389
RASA3,481.8490549115999,-0.9633817237378818,0.4243831036784777,9.1398437379469e-4,0.02389899587861615
H4C14,611.0417177704189,3.0607771757570936,0.5460334697227068,2.2137779175877523e-9,9.769363112105671e-7
PLLP,884.6751483231074,-2.397588962521659,0.8825094896029831,1.0791051479862878e-4,0.00529762687312966
CCDC85A,267.65969575062184,-2.12784481637804,0.7241302242607223,5.992343905183438e-5,0.00350428785906652
HTR2A,329.03713329591875,-3.989116288811887,1.076404166997818,2.3908085743109e-6,3.0526721297719433e-4
NDUFS7,493.33265477882986,-0.7009525859414872,0.23927544254368996,4.833723687693937e-4,0.01532366593778025
ZNF710,390.7832643604978,-1.0725714751799382,0.3706201576594879,8.909683761883881e-5,0.00461518006819605
H1-5,710.3747327779281,6.321474020346335,0.5765868293669328,4.285703863684779e-31,1.0780259498712692e-26
STUB1,426.6008733627528,-0.7533210289868701,0.3447774030597294,0.00276800645995191,0.04658836383644815
EBF1,940.6967851431616,3.895373913921149,0.697312493232141,8.677508172483367e-10,4.547375845221805e-7
N4BP2,412.6708739827126,1.1822841048315038,0.33645180361254234,6.396895882968595e-6,6.594570452466887e-4
STXBP6,467.5729688104525,-1.598990041298803,0.8148056338908592,9.101485085508904e-4,0.02389757367858986
MET,232.1069911424976,-3.2167334616800765,0.7865209124549724,1.7260215431974838e-6,2.346829507977811e-4
NKAIN2,628.3796926755786,-1.5055444626109582,0.7586698260090797,9.001670538436646e-4,0.0237097403899304
CDC14B,456.3299328364944,-1.2334520788118373,0.6915350747920799,0.00200890173724484,0.03873857311270178
LRRK1,368.0160517611508,-1.61702824668487,0.49489543723046414,1.4624948850504082e-5,0.00125127878702578
ARL17A,402.738864447672,0.8889679467761288,0.4259626444427392,0.00196066898988009,0.03835499392142567
OTUD6B-AS1,348.22287651940565,-0.6144847510062856,0.20882885749497823,7.452587716157126e-4,0.02096894758525909
HMGN1,581.2287639909166,0.963532139186616,0.3977570497680161,5.882918051132273e-4,0.01773652160439442
COBLL1,248.7507290077803,-0.7873962748568525,0.3064777521622773,8.566763198618318e-4,0.02302226084380824
SLC26A4-AS1,322.4565205069917,-3.5725649052232016,1.374903407354041,4.4858716689621315e-5,0.00287118615677031
TSPAN9,505.518169386223,1.4708492468558625,0.8261182195807624,0.00160885072971534,0.03395052957656012
ZNF83,340.59046335048146,0.94123613808909,0.4577640798221665,0.00176928071233267,0.03614918521485395
ZBED4,473.0881252967344,0.8870572008478778,0.34700694948554034,5.437341782338455e-4,0.01676113911678204
CX3CR1,771.3228565700331,-3.4006151220439307,1.0863534761532432,2.1057206067935077e-5,0.00163985436976111
CCDC149,306.27846562859247,-0.98730055322307,0.4669463305852343,0.0013083928860568,0.02990251052775367
ERVK13-1,408.6661505162071,0.91487681367456,0.37191188611984033,6.377929555646376e-4,0.01869818648516654
CDH23,515.1429834052713,2.36265683793425,0.7018952265393777,1.9097550213439097e-5,0.00152501516847253
DUSP22,403.7384770725041,-0.9947331399436394,0.25499755380789846,2.5632716785357823e-6,3.223826790094453e-4
IL17RA,553.5776107931408,-1.3110133276175266,0.6591793184601522,0.00103027494239343,0.026177308990873088
ENSG00000268362,363.2513529583551,1.007457701304655,0.3601160646292851,1.547368104060448e-4,0.00686679239710869
CD151,287.1513285078424,0.87172248393688,0.285367354099588,1.2311102924354757e-4,0.00581331941410375
LDLR,490.250685468265,1.1089275851189335,0.5445521685591321,0.001205247518326,0.02871230571085422
ZNF710-AS1,323.65642285281405,-1.5797320354142217,0.48441712127789527,1.4550472865281614e-5,0.00124915561246857
TMEM132D,317.6688358139541,-3.210422575347103,1.1416855253190037,5.0202074154015005e-5,0.00313879817512714
DESI2,419.8674675633166,1.8774484269106857,0.4281526986652248,2.769317839352682e-7,5.442142260240419e-5
HDAC11,490.3551261379995,-1.8341953776674509,0.6754373039218912,1.0336102089508722e-4,0.00514840221701984
ZIC4,610.0891507806318,3.726412577983617,0.694789357933185,3.734771612819735e-9,1.5152329862720584e-6
NUP160,486.4038854644607,0.9406706902048252,0.494561529845304,0.00264633597748059,0.04549961392860354
H2BC12,653.338184783126,1.4187644080148578,0.7415398143020592,0.00116395557876421,0.02812501309148411
G2E3,412.1715486872118,0.7879361614229924,0.36394403594757224,0.00246440812371061,0.04344059000968244
H4C15,498.2008068879669,2.156457207235942,0.6201086819907395,1.21298197480597e-5,0.00107489564309701
MFSD4B,458.5520206601617,1.101851973683142,0.37916210696555175,7.822202686815126e-5,0.00424101627968942
MAML3,739.8550527282931,1.4268889952803692,0.805740155454245,0.00170875760179973,0.0352813041298503
CACNG3,339.15370848184165,-2.070026620901038,1.317031834634776,0.00147761528255517,0.03221535224153731
CCK,322.42741582099677,-2.1144621138959754,1.45870308149297,0.00159457711084864,0.03379106372896959
SH3GL3,537.4639579688062,-1.3602066123411285,0.6220848481396557,5.485840732843797e-4,0.01686929557383287
PTK7,660.2897437696242,2.7584663892079235,0.8476295807566105,2.560459930271521e-5,0.00191683955613243
EML2,454.11575423538807,-1.6180546250011747,0.5879305071544279,8.597164866041705e-5,0.00453360765283884
LRCH1,517.3527929196241,1.178404335414058,0.6589041448617016,0.00213885678195753,0.04017983830721425
COL27A1,624.9959576193836,3.34331526479887,0.9495652797300916,8.66680344996364e-6,8.417172740555422e-4
CSGALNACT1,252.4192544014936,-1.8568207391341165,0.6378096580475539,5.756263396858243e-5,0.00343553511901036
GJC1,431.018146276331,1.3928608374952551,0.7502403593673365,0.00139159774669307,0.03119808352969487
SDCCAG8,375.4361092655465,-0.6686377988857051,0.26819597467949235,0.0019877830191322,0.03861057456621732
CASP2,471.5223951639059,1.052384244854265,0.5366335535191967,0.00168161848537464,0.03489487598299626
MEGF11,493.8090169443883,1.5168724613962286,0.8282779211359621,0.00135904372270372,0.0306320661298292
CD276,384.626186162636,1.7624846855271266,0.5529293923061739,2.195673230895512e-5,0.00169417068864864
RILPL1,359.44594072082987,-0.9337782542850298,0.3646767599904558,4.3804649918562457e-4,0.01429133805514293
CEP57,462.0608789735148,1.1067652122009153,0.32283894847574407,1.1095233448574468e-5,0.00100754332911711
PBX3,448.6052826594944,2.288201114910276,0.9995652023878868,3.0397173818487845e-4,0.01106527511187038
SORCS2,372.4289987961251,-1.342771328002572,0.5045092584131677,1.2154970719095851e-4,0.00581318683831204
GLDN,717.8310533163875,-2.2284292129481655,1.2151563392501097,8.034309336471219e-4,0.02213527021353746
AKNA,452.5360281040422,-1.013290518716056,0.5690008049143299,0.00297844286067355,0.04879745224321154
XKR7,1030.010966270136,2.045636102360111,1.3021784521712765,0.00152590366123633,0.03291691907512121
ZNF618,505.3308904913247,1.8004094053095423,0.5541835737448456,1.84632697027056e-5,0.00148854194263415
CRB1,233.50457224426845,-0.7706998374185677,0.3660746983854548,0.00308451710717398,0.04973586109862461
TSPAN18,529.7915445760093,3.396316252831216,0.5786375209771735,3.4406202769170767e-10,2.1108624986724913e-7
SHF,501.7823159948119,2.331997369547509,0.6467689722318369,9.126089171484995e-6,8.761742252653953e-4
EMC2,407.10472013542653,-0.9554379354461272,0.41919156335700464,9.154825500420064e-4,0.0239128224961128
ZNF844,324.333877755931,0.8942420581639423,0.30346356669029667,1.5644883725940425e-4,0.00689984880000894
H3C4,620.8678678027931,2.7924415017955666,0.5193852535755137,8.668826423959388e-9,3.1587431573769946e-6
H2AW,430.6440253531148,2.8631511538045973,0.8022393124454438,1.0535130995305843e-5,9.778623064794216e-4
KCNS1,97.47722370708054,-2.5189074286412207,1.0373670159550157,1.9714276023512656e-4,0.00807643158135891
SEMA6C,418.0998502541841,1.6322925205382224,0.5444115866663286,3.808725955401277e-5,0.00251455886304891
PLEKHA8,371.4211259889246,1.035762100721058,0.30924739745320867,1.9517322880549923e-5,0.00154870264901373
RRM1,511.152348300876,1.334960866375799,0.5017119646651854,1.2259414012673805e-4,0.00581331941410375
C9orf72,395.06921953150766,0.8278196094098677,0.35933377823221785,0.00143993043104009,0.03179739043212654
ENSG00000271533,298.9652500553563,1.04652701375508,0.5713817969188257,0.00241814896663907,0.04307798803600508
DIPK1A,353.8340134568239,-1.1481335672204562,0.4971915984082436,4.964078870808649e-4,0.01560830498954009
STRADA,422.0213375794742,0.5712106710850051,0.19992068260004744,0.00119508046901777,0.02860233503108758
ARHGAP42,377.9173888979524,0.964837645232211,0.44981489795993806,0.00128952460867172,0.02975094283781035
RCAN3,537.1873020378092,1.1777251410460927,0.6653500967618731,0.00225074991903147,0.04138549960768837
TENT5A,235.3345762310931,1.302537650889736,0.763867735514859,0.00229220480124283,0.04182094885333622
MYT1,508.97999617309375,1.9552247487041616,0.56715510835843,1.1067482770675256e-5,0.00100754332911711
PKNOX1,414.3913777111262,1.102370379756734,0.4233841025880532,2.1668161058381464e-4,0.00863287675572268
H1-3,544.0938014920441,3.3120937253891274,0.5682876187231081,4.857762819790912e-10,2.841678278349316e-7
FZD7,364.594566381288,2.5457687602877885,0.9147988484552608,8.801345897690116e-5,0.00459313391515554
MTHFD2,613.4485203916512,1.7272382008167269,0.9203068992106144,0.00106359223992918,0.02659403499321948
SMIM10L1,355.80655343464133,-0.6714334520198084,0.2054773728294327,1.918752808763813e-4,0.00791218166420409
DGLUCY,303.0446131628526,-1.009485202616663,0.29267185018291814,1.4896862917840904e-5,0.00126459791309836
ZNF124,369.0959803885587,1.0416025483810514,0.4845735215220516,0.00101815442580878,0.02597429657889864
PCCB,422.58214801675086,-0.6823997982448088,0.2522333812770801,0.00103650121944273,0.02622952884694412
ARHGAP10,234.49681695254037,-1.605425224718682,0.6054537489499654,1.1855262518999708e-4,0.00573475525774843
F2R,346.4220220119536,1.8281919342166368,0.874185030149948,5.887729800297903e-4,0.01773652160439442
GIPC1,338.81558679899445,-0.6695988620822539,0.28745560773504086,0.00299125088029262,0.04879745224321154
ASRGL1,332.31954059387004,-0.84075849890246,0.401619620439863,0.00233259830960978,0.04221163876253563
HHIPL1,262.0377867587794,-1.5915430306390794,0.5931578742616276,1.0691873754537296e-4,0.00527339985140453
MFAP4,390.37470237815694,3.2005955967475384,1.0313300251577564,2.7471093720043633e-5,0.00201460026657136
TEX10,373.1795453374424,0.792932789048953,0.38479060451533625,0.00310140105112849,0.04978471093815326
ZNF219,377.5732670860894,1.5829012869532926,0.3423265771564104,4.689285137323329e-8,1.2286903994190731e-5
NYNRIN,415.1337219584694,1.9085271191983524,0.7403660732585158,1.5690202407589706e-4,0.00689984880000894
CTDSP1,331.83718550818776,-1.0976393631488042,0.4290496919566256,2.5408569512716696e-4,0.00972796282378806
FIS1,432.8455191252925,-1.0064521724522766,0.34501491354515146,1.0405011088473936e-4,0.00516228104377659
H2BC19P,344.20991042153076,1.4594375006255689,0.5426878711894453,1.0490754129235408e-4,0.00519457538123597
KIRREL1,228.91288605196877,1.6770731578156717,0.8578809263852997,8.936976776594375e-4,0.02362325596625661
ATAD2,427.1665715849505,1.458791943338578,0.4852849050312116,3.506183168292835e-5,0.00238363598419562
FAM13C,400.2996742081344,-1.8246124206106964,0.6500978548319009,7.817836037458142e-5,0.00424101627968942
RAPGEF3,372.26997605330394,-1.5111331249229296,0.7500585275802537,8.24216427110538e-4,0.02246190683373615
MINDY3,356.21486483116524,-0.6145674151670083,0.21837777748299955,0.00109227755150446,0.02691001465867119
H4C3,529.0347583562134,1.419782198175258,0.6977582037145869,8.228183740342853e-4,0.02244812731069242
SLC15A2,250.8363073470181,-1.2507583976581105,0.6819128192433431,0.00170978411919724,0.0352813041298503
DIS3L,362.3023220940626,-0.5941416720523399,0.2039011913730751,9.016659534436536e-4,0.02372437802606868
KLHL32,420.8683969402782,-1.9235696774719468,0.7529921464429089,1.677721334925009e-4,0.00720160451513714
UBTD2,448.67027973649704,1.057217278282326,0.4641656623342899,6.727733942193081e-4,0.01936263381944219
CBLN1,479.3254286308688,2.6606561484135707,1.2667365451628283,3.240713998976962e-4,0.01149744991964266
FAR2,300.9678644759212,-0.7669966493320477,0.30307248865083297,0.00106073845256674,0.02657248618242154
SPNS2,320.26857251672135,-1.0867340846069935,0.5392172582948568,0.00133951078658667,0.0302731844796058
ZNF195,357.9093273508041,0.5969208958188222,0.24063790063735907,0.00298624852427674,0.04879745224321154
USP49,339.79824835685855,0.755766510350905,0.3232014581603372,0.00186841046803393,0.03735929802299322
PDE7B,271.8717330370106,-1.90234100553179,0.8379622713022419,3.6245160673312697e-4,0.01247210357833799
R3HDM4,416.8901900395228,-0.8438278694162551,0.3802474359306093,0.00167197032310338,0.03472893600936626
ASPA,584.1167102516224,-2.620257009615518,1.0603656186053283,1.6837577977131375e-4,0.00721520334645251
HMGB2,479.0793867522077,1.49555373469756,0.6093938793843648,2.2317148153970696e-4,0.00881264591310798
PPM1D,433.1419147454875,1.1805618892579317,0.4843826176481144,3.1270382543737937e-4,0.01130677392949528
H4C2,474.0043251999978,2.778424171442439,0.5431115599942148,3.158045884060844e-8,8.729394084358954e-6
STAT6,298.86443504416377,-1.9325453688474992,0.5621029056759668,1.1144678748171644e-5,0.00100839298284715
INSM1,796.0679912705139,3.98610195532318,0.8538045073616882,7.520190236088089e-8,1.8916286519855977e-5
HRH2,231.41455310563984,-3.813749639429082,0.6375427694312297,9.839090643845456e-11,7.279190766332018e-8
H2AC8,541.9857084870993,1.2685127466381725,0.7686844211938249,0.00275599453557572,0.04658361489243703
DISP3,659.5108425941695,2.608401917161678,0.7284666819400318,1.0660464907243856e-5,9.858578466059263e-4
NKAIN1,663.1314612885445,2.856134599386696,0.6944405715919025,1.9217962267739624e-6,2.5642274031974357e-4
STOX1,186.0873649629228,-1.407009948185885,0.7240658319944254,0.00107942809483162,0.02676825763217933
JDP2,218.927054756843,-1.0060155172616712,0.5371084635331986,0.00238292790990491,0.04270458814311748
THAP2,253.45744789394664,0.9164011568265223,0.4837710025463276,0.00290959889834152,0.04815003334794914
FECH,377.37749635564234,-0.7495017504387378,0.3478399708245823,0.00303215579875857,0.04932271946545961
LRCH2,382.23923217421367,1.0083059375321075,0.42335386666227826,5.692702954585171e-4,0.01733586563191711
ENSG00000288765,775.1356912742611,2.0386471631994443,1.2574335879760017,0.00142107608515846,0.03160543576134037
PART1,185.1970440682642,-3.5824491954974658,0.8896190191910307,1.5041525437075404e-6,2.187020409504016e-4
PRAME,722.2596878305757,4.241929888877999,2.1105559658563027,1.6996200676009902e-5,0.00140171289116181
LINC00665,316.735602993871,0.7329578255484073,0.2904849475494635,0.00129814619811686,0.02981245931770951
KAT5,286.1150627456143,-0.5764167763148776,0.21414080462122329,0.00187582727976875,0.03739005800086905
PCGF2,335.71348213212923,1.4859257093277147,0.6015581918561238,2.1274037842830456e-4,0.00852113292832097
MCM3,362.5859577863836,0.8734545423597505,0.4319897483334664,0.0024519561900138,0.04340359324673284
MAFK,306.7224311173563,-2.4481793465433213,0.3989587441813031,1.204179330316205e-10,8.654264821363951e-8
NEMP1,363.3933556750913,1.12265533640932,0.5840654750235352,0.00162062996878728,0.03408472093216995
H4C8,408.6373391916491,2.0330003484587933,0.6204966373885723,2.0771351654719993e-5,0.00162767158729852
MAL,515.837024114595,-2.260909255933901,1.1094944490443075,5.284366676477922e-4,0.01641024189878094
SLCO1C1,185.3805772954386,-1.515583943619742,0.6626717889441068,3.713115873695093e-4,0.01265578816896021
FBXO22,274.1984658794228,0.8671158699718152,0.4225583167412927,0.00232866288082887,0.04220114272649091
ZNF286A,326.6356053083387,1.0830845442949244,0.500476659513325,8.815042109042266e-4,0.0234602580815385
UNC45A,276.54951936562134,0.8443906137650089,0.3755091907292232,0.00154449565722709,0.03306403724416199
ARVCF,319.4885522909579,1.017048686909499,0.4722750539381991,0.00107587196765825,0.02676825763217933
SLC7A6,278.86951318198436,0.7662804724023329,0.30564190976247846,0.00113545026099331,0.02759528102901059
ENSG00000230606,148.20281892682485,1.041920803984696,0.46588890029945274,7.914072051904802e-4,0.02194824348330908
MED17,278.6502635001133,0.615537031883281,0.25189134944005365,0.00298493322926362,0.04879745224321154
NPIPA9,216.01177852714812,1.7079582961594004,0.5885721291779153,5.469454291879259e-5,0.00332315587579543
SNCAIP,546.8869898283289,2.741176238757923,0.8055692110853206,1.736714210657012e-5,0.00142297424282952
NKIRAS2,317.0081391437115,1.0505817061156022,0.42194930731389974,3.595334501099619e-4,0.01240563018390395
TPX2,399.77384867733457,3.882514717727824,0.7149574895324691,2.082177200627323e-9,9.522742782650854e-7
PRR18,587.5859929250482,-2.957195572837063,0.9398059197708986,3.021663359716769e-5,0.00216543932052181
TARS3,317.9745134440643,-0.9638821201946286,0.45113825617140063,0.00132369522236216,0.02997060336537843
CHROMR,236.18511093493,1.093671812203582,0.33833197657125597,2.455693057941272e-5,0.00187752289299254
C11orf96,163.2355785840414,1.630170508570543,0.8820716152243191,0.00121045307621253,0.02875140385179429
NOL11,322.666052139224,1.1982242795735638,0.5396240843384906,5.963087207829899e-4,0.01787859719479699
LMNB1,436.5293859887015,2.832374649363127,0.4529186170376489,5.899231790930982e-11,4.49664474148721e-8
MAB21L1,697.7983515984762,5.372368349188405,0.766407873115322,9.75182257960581e-15,2.229975865158223e-11
ZNF74,258.9036742396185,0.6511482190977244,0.23523250717042463,0.00102842243800088,0.02615666127954928
ABCG2,266.706125828416,-1.5993279972190653,0.6713160894112856,2.733209064297293e-4,0.01023082452430567
TTR,162.78686018223846,1.860050605651998,1.8093164648871376,0.00191558708591345,0.03788103581687657
H2BC7,515.8500400510992,2.8270668289079155,0.6739064077048668,1.4495769671554145e-6,2.1323192416273273e-4
SNHG1,377.69405941926505,1.5799132196339962,0.7933096924439207,8.486223223068574e-4,0.02285345783626879
RNF19B,283.5061727863845,-0.5549902504200954,0.19271900603989184,0.00120576966824392,0.02871230571085422
ST7,290.004068391118,0.9565910055542086,0.48425442952808945,0.00208612994997475,0.0395664734655126
HILPDA,126.94630463566222,2.2888957002413997,0.5200397558801528,5.308290795388977e-7,9.746331873519294e-5
KLHDC8A,224.8488229048371,2.3307444489851634,1.0389963355692051,3.281517784194389e-4,0.01158250601305882
SINHCAF,428.5435222567314,2.850913274080637,0.838312834691262,1.6814509766059112e-5,0.00139665184209954
DARS2,283.9830738107562,0.8960629224363617,0.43176746846552105,0.00196799070628363,0.03835499392142567
FCHO1,331.00878895283165,-2.2151858623238163,0.5486911351146749,1.92668752168369e-6,2.5642274031974357e-4
TBC1D22A,248.7447264878124,-0.6655246121878916,0.21521258230857165,3.541105580678751e-4,0.01228592686570942
ATP10A,206.6112426862371,-2.2473300477840557,0.4900832769790885,2.3859861751840035e-7,4.879438719559221e-5
CCNC,288.37162969825084,0.7003485760760995,0.27935129952448695,0.00161573264080478,0.03403864225025415
PM20D2,202.47977135152425,1.0790872290045244,0.41647409761184184,2.4037520290525152e-4,0.00931648359611509
ZSWIM9,237.9340086812431,-1.42882968745594,0.3940394818264717,3.245004535490498e-6,3.9054949323314824e-4
FAM76B,294.6283246374324,0.9493365510355078,0.5025761524915958,0.00266673574908392,0.04572533812710095
ASPHD1,357.45696783264293,-1.116506006977946,0.4471056409559064,2.9495338118363834e-4,0.01086274868271338
WEE1,229.22551382220033,2.2448343514645424,0.6296305721630636,9.807582581867231e-6,9.20522135314509e-4
RACGAP1,318.9671861665523,1.2260225024988265,0.6313997610357007,0.00130299267934515,0.02985753043496384
TUBB6,215.18513813212004,1.19597186255147,0.6588341065577114,0.00193680615817016,0.0382105271393038
UHRF1,364.00130016770623,1.827816873269696,0.9977682924916124,0.00111532128860761,0.02726413186942279
ECT2,310.4021540324945,1.7991268575512196,0.6366677618711148,7.286111601420717e-5,0.00404705381671408
NXN,363.51398337282984,1.632375360888689,0.910957962825409,0.00139499407023604,0.03121925862458436
ENSG00000261451,320.26645115693344,2.6167243083914618,0.7101457376363075,7.807556532217188e-6,7.762501067643918e-4
EYA2,404.0546962049246,2.9271468017526767,0.7749263133167877,5.5768776840259555e-6,5.919020306497421e-4
TMEM97,409.6839471166023,2.1954562030745355,0.8660798587922774,1.756513847217736e-4,0.00747603203264211
CRLF3,262.2536125747042,0.7814725205978955,0.345628426171215,0.00200089921949557,0.03871586074399363
MDK,403.44765618654526,2.819932207000824,0.5817009084100719,1.0760726391545957e-7,2.529675809840626e-5
CPB2-AS1,312.04284844766147,-1.7100503351064926,0.946023446446878,0.00127562103182199,0.02959172414981025
RCC1,516.3015314089317,3.6025513180804616,0.9540560424200312,3.232879770456048e-6,3.9054949323314824e-4
CDH24,320.9378046316173,2.0638833095687956,0.6162626569240486,1.6925139221920706e-5,0.00140044392101379
RPS6KA4,240.95681153791432,-1.0081250528142636,0.4818555931656619,0.00131007193782948,0.02990340247201719
ENSG00000260664,320.0291131284314,-1.4028090951167027,0.7411477001872954,0.00124810503595356,0.02917735508770992
H2AC11,430.7064749494595,5.322840560809452,0.662060992844074,4.60226560893895e-18,2.3153077825450072e-14
HEPN1,247.8921395690869,-1.3876447080663372,0.8565029286292831,0.00262717409390114,0.04523198984119739
DUSP5,463.2240675005788,2.2704105985096845,0.9419792424681238,2.3249215927110043e-4,0.00911661193140454
HUS1,213.6144019935521,0.8742244121815622,0.4035804082158293,0.00169037101312411,0.03499554935318843
GTF2IRD1,213.49917085264633,0.8075435044147117,0.3780560919519551,0.00242058942579879,0.04309094580080891
KLF2,299.9992351097119,-2.5738634571500696,0.6364460257585429,2.4219288168887167e-6,3.0613667065336074e-4
NBPF8,151.47666659909902,0.8185116114459051,0.3676902609445924,0.00183772004031265,0.03696443517641527
DCTN6,254.5654954134941,-0.74407009285857,0.306779544068549,0.00158557203143135,0.03362856566494467
PRDM6,536.3869487861355,2.529862008627144,1.5300234861632682,6.815455419754413e-4,0.01954800064179047
MYO15B,322.3083102069264,-1.669947342503579,0.9652427673781642,0.00158322839497362,0.03362856566494467
NT5DC2,341.5870904309936,2.3791997745735545,0.570593149896551,1.397853496151132e-6,2.0683298142462104e-4
SMO,198.94696312502185,1.290567495934777,0.7499673129939921,0.00222695778075756,0.04118889413027633
STK32A,193.01113041749744,0.9619716078968406,0.4837846421247074,0.00198340627881303,0.03858515200097681
PAAF1,267.15040395538176,-1.2165869868141532,0.4658553310300926,1.665264197063977e-4,0.00717022485190324
REC8,251.04397286371741,1.1134844032808144,0.3062180091600991,4.702664245694223e-6,5.27959519432566e-4
EFNB1,234.48279705028764,1.318839411283246,0.577643481015152,4.229103936028507e-4,0.01399722110616593
PRTG,407.8810005364429,1.6777407903525043,0.7559478428334858,4.342044943496447e-4,0.01423986942747192
MACROH2A2,333.8499380199215,1.7836476698530743,0.4940753326050306,5.030484064405326e-6,5.45417224810567e-4
SEMA4A,200.45208690779032,-2.0712924734192253,0.9279551765789128,3.81081418191336e-4,0.01293619702184192
FOXM1,271.5620590820366,3.713231632507079,0.6040115600912087,4.1433175899289776e-11,3.4740336885691174e-8
PIK3CD,299.68607062037535,-1.4909279452871265,0.6316015514534606,2.992003886618755e-4,0.01096117931409141
FLVCR1,280.31992122558023,1.6752819264061365,0.426074032372154,1.2146808281361092e-6,1.8517625182385263e-4
RGS16,353.60644241604984,2.0894347211915214,1.037342464738049,6.251696717839722e-4,0.01852240038168908
RCOR2,428.04103668216,2.1600199408533474,0.9815110469416034,3.953806622413008e-4,0.01327824456344149
PCDHB9,197.40138615773907,1.3053244901454508,0.6938264922597717,0.00140866907589127,0.0313849972851808
PKDCC,349.28035241058865,1.7165895868390073,1.2048673007335429,0.00289966894499012,0.04803151029106325
AGBL5,250.49316344364027,0.6542194723086157,0.2696680204946238,0.00255008615706438,0.04438800461631256
H2AC7,390.9697032756917,2.7890948298377327,0.5925609133375623,1.988707756159093e-7,4.275551700720156e-5
CNTLN,248.01949160131835,1.0202244654154202,0.54948949765165,0.00240291102745766,0.04298604966135381
CCNB1IP1,288.14993266974443,1.4526115229678578,0.7861871477523965,0.00136079438329431,0.03064406617491953
ATG4C,279.1490639462223,-0.9865570218791918,0.5210492274491147,0.00237529811730242,0.04267732060187521
NAA40,235.74886464673983,0.7956808747967148,0.24565329577587927,1.0172723638088664e-4,0.00510049919136304
SELENBP1,160.42569551233117,-1.4003493509200322,0.6305455837916565,4.800587694962214e-4,0.01526599025019969
PYCR1,228.86655783418857,2.0249610514151657,0.6576921873100866,3.799027844910021e-5,0.00251455886304891
ATP7B,250.0855232479263,0.8674492092250894,0.4108408790694804,0.00200056947637038,0.03871586074399363
EBF3,592.7616383040837,4.264764115504174,1.1495347607815816,1.5406569465252051e-6,2.2018498442230615e-4
APBB1IP,291.9681032740788,-1.501169387711057,0.8733185411285157,0.00184604858485839,0.03700356582398614
EZH2,330.5806243398183,3.1475746838791294,0.6170466238468817,2.7931250746578454e-8,7.894187430106005e-6
STAMBPL1,143.48376485860194,-0.8272038746784302,0.38735692915897607,0.00222347887346852,0.04115481058368454
IFT81,218.34052549659685,0.6994643977193044,0.26565440666633655,0.00115526150569422,0.02796866979233165
ZFP3,197.9885973736144,-0.6789413852988931,0.19394745840185507,8.093717747177973e-5,0.00432704863343574
IL1RAPL1,225.95677311785937,-2.140375470283929,0.6731037483562077,2.9961318028419063e-5,0.00215327712481958
NPAS4,437.4909342068315,3.3993690301477244,1.4373744473711272,8.102249766829274e-5,0.00432704863343574
ZNF782,176.88632376213184,0.7639670806468127,0.30721659192490197,0.00121434869044357,0.02878956358097803
EPM2A,267.06625954295646,-1.1413624390964623,0.5292576428188146,7.975252407696858e-4,0.02204499989705569
ANO4,215.45586784217335,-1.7254029109206857,0.7218449446350347,2.647868252166146e-4,0.0100006723746227
USP28,192.50424911124944,1.0277930105002298,0.4612822027796491,8.430437042069588e-4,0.02272874741224206
ARL4A,131.36286584901887,-1.3049843175600844,0.455126195620659,6.160401368315606e-5,0.00357047778844725
C10orf90,339.06048651115293,-1.9899275309871307,1.1110045048404231,0.0010831616091178,0.02679041014331282
SIPA1,261.59753462028897,-1.2593023581843432,0.6553899173915534,0.00132373937898288,0.02997060336537843
GAMT,221.8282882676072,-1.222893916062428,0.6923570375546784,0.00213556132032602,0.04014791438825175
LINC00320,405.54524322456774,-2.5463204968560333,1.233225272016448,3.890271884142097e-4,0.01311741273106036
SPAG5,243.1219137102408,2.987971082858194,0.7055255700258656,1.1932869189913532e-6,1.8302401927017376e-4
PPP1R14B,235.93498429667764,2.2801090084742204,0.47366758297787737,9.399230930806017e-8,2.2516976650809e-5
DEPTOR,228.8503975868632,-1.6272271524759407,0.760464789797533,5.510086305427855e-4,0.01690252572277222
PRR11,358.17170981889063,2.1246534082373247,0.7811886032210582,1.0922867645972682e-4,0.00534540491764196
RBM4B,212.5246580352835,0.8909052520847145,0.2109954827332164,1.1566240397878022e-6,1.7848908648357287e-4
MCM2,335.1262500472225,2.964790253315928,0.5766084593474303,2.6061199701734773e-8,7.622597875551586e-6
GLT1D1,194.66912700257856,-1.41120359929645,0.8961735359752026,0.00287915131300187,0.04783498819501267
BTG3,251.35084098033715,1.483099705629643,0.7330650977854531,8.174037437665508e-4,0.02238403518187159
FBN2,135.41824395011446,3.2621419387853767,0.6318678653653139,1.8571566789999056e-8,5.989092192764567e-6
KNL1,288.57020297477743,3.3318427160321185,0.8237759570904318,1.828162894264508e-6,2.459123499589809e-4
H3C3,348.4156635574608,3.8065529743449944,1.0279133506776392,3.103232496352268e-6,3.770952184214732e-4
PCDHA4,206.35935184945495,1.0574143559091211,0.4983332034063499,0.00105861560180682,0.02654877053624012
PTGS2,120.89218767493458,-1.6448570496155757,0.8496012786408398,9.54356134243029e-4,0.02479945681895573
IKZF4,174.70398997966458,-0.8012791971622375,0.34534299959500675,0.00156267941603278,0.03336811377834344
ITPKA,161.52205481092955,-2.0540782328611784,1.3088075101232943,0.00151310879314884,0.0326982290230808
PARD6G,170.4271261142849,2.281172133641867,0.7659531154218324,5.55932242638604e-5,0.00336961918827263
H3C11,245.91890014924545,2.911140339523808,1.0736167472291187,8.208113883388254e-5,0.00435584170090186
STK36,136.276842633329,1.2825474748787509,0.32202450736660015,7.363795219527695e-7,1.2686911298082166e-4
PHF21B,306.1911387803982,2.5464150873176656,0.8240019065618064,4.1272719555797176e-5,0.00267570615388278
FANCI,202.86166715960476,1.0955429150235485,0.6334606518098056,0.00287387343022684,0.04782761725377506
SELPLG,307.6913772583302,-2.155810793650415,0.704073123504293,4.2594098244826275e-5,0.00274721012115476
TNFRSF19,250.10739427594453,2.285136659378605,0.998990546765906,3.05638454672815e-4,0.01110986949254333
FAM149A,188.60616078392368,-1.084047396409681,0.616321820366901,0.00271614984165736,0.0462886403232042
RAB39A,210.1931401903958,2.33447653506218,0.6848464456973555,1.6670304073294858e-5,0.00139310574305534
ABCB1,157.7187884605942,-1.103110133737049,0.4459535867253272,3.2831067771769675e-4,0.01158250601305882
PRC1,255.8788212303361,2.990062237124614,0.5674747466865877,1.368380503631998e-8,4.715101806624559e-6
ARHGAP45,334.7656408317235,-1.899651064671657,0.8319247228134906,3.5022653682391906e-4,0.01218478327423078
ENSG00000269825,167.13697546915762,1.404475784433636,0.6272956329591051,4.53138694479202e-4,0.01468886298318567
SLC25A28,155.12477906710455,-0.8331195530086548,0.29596357427302433,3.2697480870338383e-4,0.01156782607331211
RUVBL1,228.84661061741113,1.1728458469278706,0.5262391495878819,6.065109929361862e-4,0.01814052023343261
FANCC,230.88433366933708,1.4374723074393885,0.5570115484201926,1.5120625845362423e-4,0.00675567002689603
MAD2L2,215.4139753293088,0.8510021922302309,0.3990629860600712,0.0020261825740101,0.03884649120933704
PCDHGA8,178.05360939518218,1.3979897638201146,0.589298147377782,3.010000520331749e-4,0.01098890465724598
BARHL1,582.4808591109186,11.346363135427094,1.6165540182772995,1.1848028321826469e-17,4.96708840678705e-14
H2BC15,288.5533737706225,1.4998384484080571,0.7749940272522738,0.00103579419316377,0.02622952884694412
OTX2,705.5139546389278,2.367982410169548,1.966522021959555,6.575155503511558e-4,0.01910791674453871
C2CD4C,136.42973476110228,-3.0426043442880353,1.0135262018845237,3.960473875700507e-5,0.0025875781784252
KLHL4,224.06173025942525,-2.148224623693137,0.8578920949802914,1.911835716287412e-4,0.0078966035480285
WDFY4,271.1895348303002,-1.480638962116236,0.9003265393498888,0.00226831007221442,0.04152625295231567
ADAMTS7,440.1963214636367,3.7434907400681463,0.8606528164999403,3.899034016179397e-7,7.430022851740647e-5
PCDHB11,262.4526578286714,1.71523226352305,0.8687375591820846,8.341626492887331e-4,0.02255249652431991
CAVIN2,265.22749967588607,-1.5360798830815257,0.836170537017584,0.00132158033875358,0.02997060336537843
SPICE1,143.69276219451524,1.4663751748854403,0.366367830198292,6.75312704250121e-7,1.1878892141753528e-4
NUSAP1,275.5156764131113,3.9107324056297776,0.7849478830404583,1.9815853727622272e-8,6.230599808307633e-6
POLR2I,204.32183088024937,-0.6218180222444646,0.24097246275345283,0.00202255635619011,0.03883845050900252
IRX1,119.47560202357404,7.456914439546906,1.3732321701982406,8.9853121455333e-14,1.6144038693481758e-10
ANKRD24,98.87312413232844,-2.756238503129846,0.8311945019992854,2.1815354653202233e-5,0.00168844132598968
H2BU1,142.30962742206003,2.055411977378296,0.6940904364855889,5.46594824055192e-5,0.00332315587579543
NGFR,189.7020453726151,1.773533413660214,1.2163797188477852,0.00255434089878533,0.0444035182916698
CSF3R,623.335688485654,-2.8976325942482513,1.1232921734489711,1.0804176615709304e-4,0.00529762687312966
LOXL2,141.88203572254577,1.5119087856844262,0.9101006357073936,0.00211851458696439,0.03997683114816383
HELLS,205.17653966960503,2.145787421906547,0.58876665544829,6.981603364758104e-6,7.081260122464732e-4
CTSO,180.877548041624,-1.516999734758772,0.5740710237365475,1.2156063755077256e-4,0.00581318683831204
MYO1F,370.7183977468797,-1.928386905492218,1.1001461173792035,0.00123419053419906,0.02907550911180176
PCDHGA7,160.22706442204586,1.2285311671296546,0.49029288319555214,2.3175044623268643e-4,0.00910851675708905
TM7SF2,228.03740516297364,-1.041599805155499,0.4480075120931749,6.099520665062442e-4,0.01815708198922848
ADRB1,87.42169729381793,-1.746570029719988,0.9791938745006606,0.00131931338123973,0.02997060336537843
MANSC1,143.74923700358664,-1.1006894744379825,0.52026283663514306,9.76016818546386e-4,0.02518023287560594
CLCN5,180.58527912415175,1.173094555088426,0.4319223280370223,1.267082138998284e-4,0.00594630300827664
H2AC21,224.72800549867327,1.090448191212165,0.5940039042328313,0.00218375713519079,0.04071921940592234
LINC00957,121.84822625888938,-1.0383196336080245,0.5062202086376785,0.00135570087619958,0.03061157974858566
OSTF1,178.2793059926659,-1.2499810138761496,0.4305781248229103,5.787861539173939e-5,0.00344179359707757
STARD4-AS1,279.5663160016558,1.6712366889422103,0.8967530669495317,0.00113534302084416,0.02759528102901059
TLL1,238.8330587364704,2.106802149554567,0.7280498349947904,6.75295727366373e-5,0.00380860733770711
FREM1,132.74813018083904,2.7773026815582944,0.5919848246974586,2.124006123280328e-7,4.489684876049863e-5
EBAG9,130.61822297866553,-0.6282206781310309,0.2556996364728466,0.00270273223532976,0.04622203308136901
GAS2L3,182.3492472181836,2.287347352110046,0.6880246756634167,2.0972826190685817e-5,0.00163835549689599
PDLIM1,142.0775187507225,1.3865194766405806,0.8582692442692086,0.00266142745286267,0.04569661853195062
DNAH14,174.2467787754304,1.8269525261439892,0.7363947129399201,2.0463035113508544e-4,0.00830205137492248
DYNC2I2,163.16960122228744,1.3812710629279057,0.41614901443257846,1.0999404256087583e-5,0.00100754332911711
PRKCD,187.53418852853355,-2.2221753506190844,0.4532504630191878,5.794083360185426e-8,1.487187477980655e-5
TICAM1,92.68672749404784,-0.836220912123126,0.33469903836289233,8.155506974272252e-4,0.02238403518187159
CRNDE,170.17268054294377,2.2837404115760425,0.9778147570564556,2.745207249915211e-4,0.01026046703779602
CSPG4P11,132.46464201480683,1.6184996351928735,0.6726955575996459,2.5405244185382366e-4,0.00972796282378806
RAB11FIP1,160.35491433823404,-1.363895763895255,0.7442910321539801,0.00152537334690059,0.03291691907512121
CPXM1,88.3352639749861,2.287872892870826,1.1708031465540247,6.087991838240311e-4,0.01815708198922848
CBX2,163.13179995590536,2.8901285212350887,0.6596775200974073,7.207267646999653e-7,1.2502869682250295e-4
ZIC5,261.6280443218773,1.998095698207837,1.1009637398554757,0.0010241783604346,0.02610150200442957
CTNNAL1,136.8767939705172,1.3981109145539463,0.6234264988998522,4.4992338014626865e-4,0.01462192855839695
TIMP4,226.0054740409159,3.092799524117594,0.8015385386086866,3.989557938595771e-6,4.603364237955873e-4
VIPR1,105.93954532228472,-2.5176866728853704,1.0750675265393144,2.36081663907912e-4,0.00920681887432499
ADGRE5,285.93714296061944,-1.769868565991593,0.95138430012164,0.00108068596559981,0.02676825763217933
CA5B,133.63875914574095,-1.1830958980448127,0.5295824373108164,5.86492647633791e-4,0.01771024736924415
APLF,135.22422490844838,-1.1400621680010494,0.5279158432193901,7.923812058542554e-4,0.02195105380182592
NCAPG2,195.2271303279284,1.2571779709598054,0.5283853616038837,3.3463872574023197e-4,0.01175628841797457
SIK1,273.9324013646708,1.6896550505666854,1.1770426351786492,0.00293822591670239,0.04836919810780885
PCDHGB3,150.89834526332325,1.1313796070754605,0.4778449025564907,4.288215740108479e-4,0.01413706143206929
ENSG00000272505,160.72339797654925,2.9777824208014927,0.8136133201737658,7.719609842538305e-6,7.736217768095958e-4
NUP85,202.81707017288147,0.946958237501062,0.4726675795362989,0.0019963783147172,0.03868790456733163
CCNB1,236.34478554265365,2.6710318559690305,0.7306749453980326,8.531258898646504e-6,8.317646757230782e-4
NECAB2,149.7319786857731,-1.454653424098444,0.927527920113514,0.00280480043645052,0.04695522487428331
H2BC8,256.2207893611849,1.6823868796313048,0.6605014711110607,1.6588760061567629e-4,0.00715735284028597
GABRA6,110.15790843947,2.6839318362212414,1.639478323029126,5.166747640750047e-4,0.01612461168181472
CHRNA3,443.08225328036826,4.53453716461579,1.2236885478328643,9.700850036495783e-7,1.5542368268663375e-4
DRD1,74.59205943669978,-2.1417212897160995,1.2912687482487617,0.00118621472947747,0.0284442757914932
CSPG4P10,130.21830078179002,1.6391561817633902,0.7661276260291086,5.49296953220229e-4,0.01687059287094217
KICS2,156.4339720711571,-0.8039830100364954,0.3664653287211467,0.00213030314665873,0.04010901598132776
RCSD1,206.24156815297025,-1.8605221901581397,0.8375954498770125,4.158011649899647e-4,0.013853062919414
DTNBP1,125.72609223043408,-0.8754902899657685,0.32366792923000964,3.685762951272268e-4,0.01261383418725206
ZNF280C,183.30898637904153,0.9942820188759752,0.4805494727193597,0.00145218091857331,0.03193020876380531
SPON2,346.1976428768508,1.947532295779184,1.0855628105655344,0.00111391433456735,0.0272562268207268
XAF1,108.29840867505104,-1.2820545986590366,0.7957272448360191,0.00300476889501109,0.04895204454994106
H3C10,242.55628518631025,2.326047612598054,0.7507707595263976,4.038035810260531e-5,0.00262953342281378
TEAD2,174.29775579478752,2.7259429874661585,0.9690181142963016,7.533043327481651e-5,0.00412823903833275
ITGA4,309.7872139586369,1.8741045990080116,0.6611097447699904,7.3350475707065e-5,0.0040550722328253
MDFI,181.827670247857,1.9938542470181513,1.1565652240936706,0.00123560184670275,0.02907550911180176
ENSG00000284428,119.4593614250568,0.9922309713731968,0.3732507301612192,2.5712174240153545e-4,0.00979945501267912
CASZ1,65.49995306349716,1.2052868561780616,0.7025220195444719,0.00250741795208778,0.04389115599639258
GCDH,159.25134548718842,-0.63681310698321,0.25272782061438975,0.00219587843375163,0.04081244092058077
SGO2,178.22882906275072,2.0295409130848645,0.7382006360101856,9.920032409036518e-5,0.0050106123537531
KIF11,179.6646462382003,3.0236875874151754,0.6199557574643181,8.692216913716996e-8,2.1227575169673528e-5
FAM182A,102.1663194940284,-0.929483307148783,0.4785034115119485,0.00247050394925794,0.04346939923280141
VRK2,243.52363703574383,-2.0836577466092217,1.0041021110793242,5.473328556339329e-4,0.01685142062498892
PCBP3,186.735736369679,1.112939513627489,0.6121861212978964,0.0021970287527913,0.04081244092058077
CENPE,167.186309393907,2.646987973359143,0.5506146158217518,1.2823302153660438e-7,2.879976271189059e-5
RXFP1,70.7695802105251,-5.225723275500742,1.07486202042612,3.406447523740496e-9,1.4280963502028072e-6
SPIN4,190.8393997848766,0.9248112930746908,0.4290624332172493,0.00143582062105271,0.0317928097728522
NINL,148.08878163047402,1.3108304852608486,0.6343886660403256,8.21791792800252e-4,0.02244446336166942
ZEB1-AS1,100.59805033290682,2.1383055045878225,0.4285612204995117,3.3490886185462915e-8,9.156845120751457e-6
SCRT2,188.9636880185468,1.7417084707568735,1.14364183517368,0.00234878042755459,0.04229844020031512
NKX6-1,194.5781015269745,2.2198484274021157,1.4736944676407189,0.00128011434353867,0.02962281158911863
HSD17B7,133.47931794143116,1.206328743740667,0.5477879451014019,6.225229707734905e-4,0.01846573444202403
LHX6,97.10105493672198,-1.7884378025830936,1.3589464519843832,0.00306026806105398,0.04947171131603598
ROR2,207.84197778513737,2.9393760136517875,1.1270093838988031,9.831248736767437e-5,0.00499586324696258
PSD4,206.4901274526836,-1.680228824507859,0.8409816344773461,7.964947241507719e-4,0.02204073519393676
EPHA2,126.89488533057164,1.537217569112314,0.9608637234642912,0.00240963072976665,0.04304818989811818
TSPAN4,122.40296644648906,1.1621107976133909,0.5835934834545382,0.00124390172340473,0.02913324390179018
PASK,130.93939309621106,0.9756956455988668,0.5072804546348714,0.00226194780455924,0.04149017561300355
PCDHGA1,191.05944195085536,2.161863609164526,0.5297052771004619,1.5362873601806231e-6,2.2018498442230615e-4
RSPO3,359.458478745781,2.5548275762420114,1.131914546030389,2.715215655405135e-4,0.01019381113374041
INSYN2B,139.89656963594734,-1.8615108438986776,0.605657409352621,3.464518998877511e-5,0.00236169406227005
H2BC11,212.0870242713383,3.0468592037361257,0.5453454440262697,2.4771020235886614e-9,1.0742935224370549e-6
CERKL,349.81839427172736,4.021056858947141,1.020811341814982,1.1348672323927474e-6,1.7621265656547633e-4
LINC01007,143.55733455536313,-1.62156764187022,1.8578417949149697,0.00190850459542985,0.03778472311661161
THBS3,142.27287303726445,1.5241884524399556,1.0110203840184329,0.0030252316716149,0.04925351292414318
RNF122,215.10910606248532,2.3665573340333332,0.8018822521508474,6.004405133408886e-5,0.00350428785906652
FREM3,196.41290745998128,-2.266819917910823,1.3475952105925084,9.80666440110719e-4,0.02526051484302476
STC1,147.0208617328616,1.8500322108385947,1.29146747825481,0.00241333005493828,0.04306981682004086
WDR90,117.94931008630948,1.2431513049563605,0.4459917217729114,8.783557739713012e-5,0.00459313391515554
FLI1,160.12384192768437,-1.22900811790623,0.7170963009905496,0.0024417948127014,0.0433151669384281
ZNF28,143.02649078488344,1.168605023608177,0.36810547741387906,2.481233666220646e-5,0.0018854727902386
ENSG00000264112,149.40011295064198,0.8424464050971361,0.30494926720251514,3.653819416019041e-4,0.01253863214059249
MREG,143.42688249758675,2.5031526535685633,0.6149953220502357,2.155065014871576e-6,2.834618842072703e-4
H3C8,264.2798173006852,5.960356431903876,0.7377292294368393,8.951622633139649e-19,7.505637190466492e-15
H2AC17,221.82353653040852,4.108390865696639,0.6272024217653805,1.7219086806664565e-12,2.406271719638002e-9
ENSG00000276232,143.78185450433872,1.640640549906355,0.8436015600387412,9.344349147609564e-4,0.02433206609306118
ATAD5,169.49440308599293,1.645735577332618,0.6283527321938696,1.3216316217556042e-4,0.00614497630566367
GREM1,208.62140470539464,-3.158932586489892,0.717766148295056,5.823796451726457e-7,1.0437414647262152e-4
PAPPA,199.5310835313179,2.081171136740769,0.7096279402846088,5.995418385449157e-5,0.00350428785906652
TIE1,142.00736912394663,-1.3802667235642991,0.6845741643946166,8.941016060758835e-4,0.02362325596625661
NCAPG,220.22736290388627,6.2782278622524545,0.9251551639351924,4.147139043538301e-15,1.1590792833462488e-11
ENSG00000262119,143.06777557664452,2.1338188107821177,1.0075756788621004,4.837000379501282e-4,0.01532366593778025
TIMELESS,183.89300703182275,1.5400093476808197,0.6339871520016896,2.3906060771131183e-4,0.00928744062506538
MCHR2,87.03065998394284,-6.459283267425519,1.77144576163137,8.59436149746708e-9,3.1587431573769946e-6
SCUBE1,64.05591582249677,-2.6900473851348488,0.8079223196011149,2.1431804763047985e-5,0.00166387536114107
STC2,139.78906267286254,2.2699711624410916,1.1880273313106269,6.71135899553701e-4,0.01933763163502153
GPC2,276.565437623135,3.704814264291213,0.5743331676998022,6.100000597108392e-12,7.495813891545273e-9
H3C12,172.71528774719638,3.7244179376540174,0.9019763302694852,8.968663077675713e-7,1.475614696495212e-4
ETFB,159.44656181611117,-1.2039049722606214,0.4904486875369913,2.8407243697671644e-4,0.01053917120901522
H3C7,206.7431504442912,5.192181226818835,0.6077730200840742,8.641676841798665e-20,1.0868636963930181e-15
HCN3,133.79036583060608,1.4210954947663923,0.6709627880382265,6.445325021015616e-4,0.01885182623007288
CDK2,135.11762257006578,2.099066541908047,0.6175354714859316,1.486009978724343e-5,0.00126459791309836
DDX31,175.52257821406175,1.5854468207327597,0.4285560772131279,2.7286625901831377e-6,3.39786033631023e-4
SBSPON,118.19538815706116,2.5592807013024403,0.7999536647674779,3.099372129311828e-5,0.00220854409463766
BUB1,154.08132449376723,3.877522599753853,0.7494350188578985,8.044666083603523e-9,3.020231800999448e-6
ENSG00000224271,65.98110724892706,-5.451045265933386,1.0787570384443133,8.271105282173126e-10,4.426625154633677e-7
CYB5D2,129.176526259872,-0.9590468589288188,0.3820012578052307,4.602034113244063e-4,0.01482196748841756
CLEC3B,50.999098729878874,-2.1677219567049586,0.8093753212964889,1.2215716637624982e-4,0.00581331941410375
EN2,271.7201321835318,2.2521053962246556,1.3905477768039662,0.00108530280631135,0.02679068379779755
CCNF,127.1889539753734,1.2331014109416278,0.7470905184884221,0.00287527124059724,0.04782761725377506
PPP1R17,391.4450220628292,3.430040513718795,1.517352924130215,8.658263862531372e-5,0.00455627550623669
TICRR,150.9574615314731,2.7536836116617365,0.8491113723275355,2.6408078026640777e-5,0.00196529229195894
TFPT,123.54569418698478,-0.836817824832333,0.28457464970620666,2.1612853858780036e-4,0.00862936072958338
PIK3R5,169.3140112670045,-1.89594149508554,1.017400975304315,9.914939770454031e-4,0.02542307798022433
TMEM119,133.59214802315506,-1.468093081292324,0.9069435197473814,0.00244650501645434,0.04336813755031188
ADAMTS8,145.32872789139446,-3.888306087085097,0.6757102522634302,3.373398914391437e-10,2.1108624986724913e-7
PAFAH1B3,149.3354335275036,1.0816849219846192,0.4768518773877305,6.500599964645396e-4,0.01899141597104416
DRAP1,152.10129497470902,-0.7982435781311932,0.2684975805512982,2.417319543468e-4,0.00935465473790704
ZNF467,121.65020481818176,-2.00935424436624,0.5556156172227712,6.623979730699057e-6,6.773153908374149e-4
ZIC3,114.20343872323612,2.186485445219932,0.9506512730127996,3.1061317069374316e-4,0.01127440648720117
CYP2J2,142.1952646149564,-1.373744606511544,0.7456407211814947,0.00147123764465139,0.03221535224153731
H2BC14,218.31567743371173,3.325773377146091,1.014351077962442,1.6221115510366086e-5,0.00136008646515916
ENSG00000289611,146.23627832150189,1.6847085431033757,0.933089586200245,0.00130331432048939,0.02985753043496384
PLK1,165.02219249433765,2.78992615774074,0.6957639797375049,2.760196326719645e-6,3.4201959804091594e-4
PLEKHH3,96.92588945847385,0.9344621571374572,0.4847822719246322,0.00252661195536811,0.04416566860690039
KIF18B,110.17121016042536,3.424132309244282,0.7157900521849725,9.353102405046069e-8,2.2516976650809e-5
LHX4,266.2792327608121,2.975791468722286,0.8004698473939474,6.527873812074212e-6,6.702128076282233e-4
EYS,367.1132067108546,2.003341168318168,1.3764790033466894,0.00188694278428124,0.03750771280833469
RHBDD3,102.78171182090928,0.7480036472022269,0.3325506997771797,0.00242878898386222,0.04317580077743495
DOHH,139.38893317842832,-1.2084271052939035,0.5642109241470178,7.442916308056771e-4,0.02096518665317581
CDH19,155.44670974858187,-2.4229256220081377,1.151408679708645,4.068484337374154e-4,0.01359079083961613
NHLH1,352.24303947161184,4.134251165188482,1.1399103560998614,2.384161360275806e-6,3.0526721297719433e-4
ENSG00000274292,87.49690320619044,1.1645712924280949,0.5821347439081108,0.00120652409701729,0.02871230571085422
RENO1,196.95074340593615,2.192125203368895,1.0624806320734084,5.263501764265023e-4,0.0163665953860054
CEP152,97.11532943390516,1.0731690169274903,0.6233032731734846,0.00305851853629613,0.04947171131603598
FRMPD2,123.65993123080406,-1.8667715964965128,0.973799191012531,8.910303502997995e-4,0.02361746831553336
NUTM2D,112.40923153814828,-0.87671104729146,0.4557510197594242,0.00309163642343553,0.04978471093815326
SOGA3,153.86196209985147,3.160580145739448,0.5471850186199347,7.760824359522587e-10,4.24382121607459e-7
C19orf44,71.19474165985062,0.7943547460880576,0.33107128980906825,0.00131306272960306,0.02991068119747879
POLD1,148.6499579021894,1.0684450895629023,0.5845887475390814,0.0023321521373425,0.04221163876253563
RRAD,182.4233997995058,2.411048505603946,1.288084747095608,6.19982983378028e-4,0.01841210385347215
LINC00507,105.91421576804856,-5.880102272964187,1.5406941569772306,2.702209456164193e-8,7.784619963843738e-6
RTKN2,139.42484764059913,2.4751597486083554,0.682221433141607,9.04947504976011e-6,8.721474919604053e-4
MPP3,158.36434890901953,2.2144123866762055,0.8374914907806171,1.3314317361638183e-4,0.00617912064418167
SNORA23,164.5603084545483,1.995244591567339,0.7536358267267945,1.3082607417051956e-4,0.00609407235126898
BEND3,148.09707768662662,1.1486401410714155,0.6632026413264661,0.00260823220291066,0.04502915087990033
H3C6,219.169862855061,2.362185171458093,0.9864976604758148,2.3163164240272495e-4,0.00910851675708905
SLC6A12,69.09019116118758,-1.9305698646431717,0.5565221842321674,1.0011405942684055e-5,9.36159498447118e-4
CRTAM,60.13965734543473,1.8806903525436487,1.393694374428794,0.00255168381470891,0.04438800461631256
ENSG00000282988,135.87944597360223,3.1083642715634037,0.9980645237604404,2.908463836111938e-5,0.00210228446360803
LDHD,87.6533169514408,-1.5433293381556137,0.6689577641065749,3.466951638321799e-4,0.0121290266356532
FHDC1,132.8423434646521,2.5814597412427074,0.6578458338508019,3.6355137963587657e-6,4.253382048074809e-4
KIF6,175.9825358295005,-1.7401288708213738,1.0854081883956332,0.00199578142741032,0.03868790456733163
DONSON,101.30921175990709,0.9805294449426828,0.3568103486512267,2.0188281052312403e-4,0.00821708772799136
CCNA2,143.1668896125451,3.122626534384947,0.8016389613377577,3.4895048996061727e-6,4.120892311957449e-4
KLHDC1,107.67786701830794,-1.3744501743923936,0.4535525591813204,3.2640887624811325e-5,0.00226809084893509
PEX16,122.93759305093911,-1.036071930753535,0.2983865678907103,1.2136056398169369e-5,0.00107489564309701
SLC38A5,123.44249777919435,-1.2587657003665624,0.634145785965923,0.00110390568076542,0.02709038389655952
FTCDNL1,106.66769847405656,-1.1713219198251226,0.5953652747978833,0.00131194710237562,0.02991068119747879
C4orf46,147.00495974947503,1.0768156650681702,0.6289357379933577,0.00311459533003536,0.04990097511573863
OTULINL,115.13373905197454,-1.0878948118263614,0.47245865792715735,5.777705083369876e-4,0.01753104869325523
PACSIN3,101.97791095418734,-1.13151059943417,0.6591983089731762,0.00279436257890623,0.04685959753987154
RALGAPA1P1,90.21657818602183,1.506392127817678,0.4058445897454088,2.392033295797947e-6,3.0526721297719433e-4
CABP7,132.22869403369606,2.5837276022863707,0.5531682047043484,2.2504020317998394e-7,4.6782324551977816e-5
VASH2,187.09838397454763,2.4053148089612963,0.7905368187446509,4.723801415662906e-5,0.00298548997009006
KIF14,106.94469743064656,3.9652805915207945,0.6891262371958835,3.0099755387179245e-10,1.9413570436130944e-7
H4C9,143.6687349212198,2.544012233579778,0.6662233343293549,5.078787595498213e-6,5.48291086597262e-4
BLOC1S1,116.93177215647678,-0.9050759852125184,0.2987112411763802,1.1234631829741245e-4,0.00545694865200266
ENSG00000216775,107.38794990952968,1.1047976108005475,0.6199296846067059,0.00245610240393285,0.0434396061042061
ZNF850,124.51698629452936,1.7528372494029627,0.5109379342545821,9.29768915825576e-6,8.820264081674742e-4
ENSG00000257337,144.094611464001,-1.218578403958409,0.7293661994328188,0.00277716443248757,0.04666452514014189
MASTL,123.03323266737677,1.0682367617560165,0.4743725397015228,7.058639922111038e-4,0.02010793075886535
H3C13,144.95443862470302,3.6893315562491966,0.5836239612522786,1.436875913130342e-11,1.3901221814954088e-8
GPR88,39.684551566350926,-2.485355876358004,0.958976589234279,1.4032672336318158e-4,0.00640613139651083
EIF4EBP1,97.14452476133148,2.2321091663368255,0.7509020051091444,5.598773895982678e-5,0.00337873418998138
P3H3,70.52459705233983,1.6757035636375697,0.7246951239343318,3.3305843352131537e-4,0.01171713543607715
PLD4,156.83090754891782,-1.9926491947641056,1.101195804795695,0.00104016605879341,0.02629581612350704
SNORA73B,138.9420052804874,1.9654233437535609,1.1089275927832023,0.00114909569886972,0.02787305034654687
DHRS13,93.1247749414796,0.9696901836866578,0.4611919312255252,0.00142610019991164,0.03163326669186733
TONSL,92.67166631828414,1.2184049883994568,0.6055440166172393,0.00107524700369463,0.02676825763217933
ADGRD1,54.39702355647862,-1.7910568050124278,0.6557471151683306,9.712593418466555e-5,0.00495558975351131
PKIB,124.4651424792536,3.296363936612697,0.8801844979843049,4.830229118821865e-6,5.345375851875517e-4
ENSG00000263278,146.38164508180904,2.334081436961915,1.3058218157299144,7.734212985657866e-4,0.02158399144749289
FANCD2,121.17216316545222,1.231289401253052,0.7022936772316113,0.00218883200063564,0.04075342719762333
MAD2L1,131.8648856983377,1.420272521235321,0.8143681441555336,0.00184606317828877,0.03700356582398614
C2orf50,48.6304425580624,-1.435484607841534,0.8197206326369895,0.00178831366463258,0.03634058046208519
BUB1B,144.19814622785927,3.0549232340880224,0.9749954397202448,2.9068666686833866e-5,0.00210228446360803
RECQL4,99.28002444779824,1.5950800975293384,0.5512193801625309,5.340358610764462e-5,0.00327637513402851
H2BC17,130.51529976474558,5.4523359399486795,0.7833920730180227,1.1819101122940258e-14,2.4774805803869936e-11
GTSE1,113.73457974036477,5.482360879035891,0.937886905746622,1.2452460115787729e-11,1.3051215906355189e-8
SHE,65.67693598147727,-1.11888550970014,0.5410376057453793,0.00107902778897559,0.02676825763217933
SUSD2,95.486627941489,1.3991546795523049,0.8738658962717897,0.002726612845528,0.0463158450586164
CIP2A,113.18645186166066,2.1641778697815446,0.4248165952559074,2.1485870620715924e-8,6.672291229549239e-6
ZNF702P,132.8301986667439,2.074040181289901,1.0941148150566318,8.154277145972966e-4,0.02238403518187159
FAM83H,67.20434012606937,-1.4823945021403462,0.8001321324529899,0.00131395812686706,0.02991068119747879
PGF,104.14275857538372,2.416576879769504,1.0307618762421011,2.508981089418341e-4,0.00964998628795549
LHX1,215.3395125982927,5.237826457657395,1.0574506699567463,2.181175606663933e-9,9.769363112105671e-7
SLC6A3,222.9589070828549,4.9011455053611,1.4151644411775577,8.312117134258863e-7,1.4032415731217947e-4
ENSG00000284946,74.15981778672536,1.810386532621937,0.6153415936771721,5.090690923965677e-5,0.00315397141629144
RAD54B,70.9756585244258,0.8773113442310972,0.4357686645203228,0.00247019453321134,0.04346939923280141
WDR76,103.21896531801004,2.141174628852542,0.7356375125467306,6.503500542258223e-5,0.00370950232743681
FGD2,127.6110641934192,-1.7050660496097616,1.049969775264948,0.00196893038146633,0.03835499392142567
XRCC2,103.57314540432957,2.654622464828152,0.6289664436637176,1.325296117527686e-6,1.9725738781237528e-4
DBF4,111.2918560346494,1.920240065389076,0.644512458791798,4.8360306540990783e-5,0.0030411378768302
FANCA,116.29651869554527,1.433065489101002,0.7499406041015757,0.00115927804263557,0.02803892296582234
NXPH4,120.96814297453714,3.1005823439771,0.8084706078473423,4.268957373440311e-6,4.836997917635927e-4
IQGAP3,88.9284825362285,2.829475437464462,0.9119359107731868,3.623809580719371e-5,0.00243871319016916
CCDC88B,153.99999424253588,-1.9110047572429645,0.8978489417423609,5.203416955067123e-4,0.01621892813974701
P2RY13,141.31007107629034,-3.2071954051607805,0.673003239088521,1.251498880757917e-7,2.8360543105031213e-5
PCDHA8,64.2561988243059,0.8957684101790707,0.46506735439777025,0.00287628479145528,0.04782761725377506
ITGB3BP,79.85762330179442,1.883442450603112,0.5706859960810567,1.6823785805683464e-5,0.00139665184209954
IRX2,75.54998582443153,2.01892632617258,1.5805312725347571,0.00202447114679918,0.03884328545124849
FRK,94.21354232997444,-1.48678082651826,0.8287113291764231,0.00153310937390692,0.03298532980056715
ENSG00000287811,105.26375677790286,1.5057446495438498,0.8356551385677308,0.0014812914287704,0.03221535224153731
CDC20,153.87908321123936,2.631471987507903,0.9020855156281008,6.195978777600774e-5,0.0035743407694873
KIFC1,120.45008934372817,4.241531715400518,0.6588790350257805,2.94476282482336e-12,3.898556005031935e-9
ENSG00000232611,77.7554392319281,1.370978321875607,0.48070425988626414,6.191837414178831e-5,0.0035743407694873
CLIC5,56.95739285064071,-2.6829110560838236,0.6915998316698001,4.260755013216014e-6,4.836997917635927e-4
PLAAT4,112.88869995161076,-1.6447592595991212,1.1317685929050705,0.00299139983139986,0.04879745224321154
GVINP1,93.36528234744156,-1.9798601157205544,0.771540753208911,1.633548229596136e-4,0.00709676548657361
SDHAF3,82.7388978372007,0.9851685063068742,0.5007425634487153,0.00196103807100378,0.03835499392142567
ENSG00000272070,117.69736683418826,1.980570908245292,0.7409431993300222,1.2153750688128828e-4,0.00581318683831204
CCNB2,133.84823875342056,2.9546378696824687,0.9429204305101352,3.1230460240583e-5,0.00221287604758204
SLC29A3,73.5153898098533,-1.229330851482565,0.5756551215133031,7.360927040501405e-4,0.02075748416779959
CHEK1,116.67804888223472,1.9338535589663304,0.7377377930715052,1.3934570737427946e-4,0.00637291258780477
PCDHA2,106.2680645962673,1.4405333435886307,0.5465298661050715,1.2596583100439414e-4,0.00592251310856921
KIF15,90.43540123888648,1.8017712644602415,0.6210347273147155,5.763679018137763e-5,0.00343553511901036
TEAD3,88.49903362980251,2.2625670529262387,0.8856843787337237,1.651467642643407e-4,0.00715735284028597
CDT1,116.53511644384616,2.393431389926381,0.7490046894299318,3.122681980623762e-5,0.00221287604758204
STAG3L5P-PVRIG2P-PILRB,94.04325620717395,1.4644674876112485,0.8944101102713179,0.00234258177794628,0.04229844020031512
OARD1,96.5447010102588,-0.9110793333208672,0.32904947343269275,2.5519815331104343e-4,0.00974090189436417
KIF4A,99.02728894287512,4.601456852067184,0.8630425978882842,1.132949850747691e-9,5.815963376674984e-7
GMNN,72.50686660798412,1.3687249719340215,0.36002192438884384,1.547386959674557e-6,2.2018498442230615e-4
PGGHG,85.24269500943555,-1.674412336053081,1.076330155426147,0.0023500379193523,0.04229844020031512
VWA2,61.8647362579106,-1.3861319374334906,0.6545120513203116,6.607459735273764e-4,0.01913879095732892
NUTM2E,88.76605208106724,-0.8906887385469621,0.44228297402983585,0.00234889228455814,0.04229844020031512
SLC25A48,76.8222889933526,-1.978303163986651,0.8007196869322765,2.1143004841626316e-4,0.0084957051723046
PRIM2,98.30392689431363,1.965257682881792,0.6814469252297626,6.594300602446893e-5,0.00375278365054183
H2BC13,168.93023574829567,2.924331183794748,1.0351478754441723,6.404999171374886e-5,0.00366162157174463
GLI4,66.18184248006625,-0.8081647521710018,0.3566136701736695,0.00173913294595211,0.03575629814186063
SOWAHB,60.64941350637121,-2.5648022196859093,1.186969817823211,3.2235457913050593e-4,0.01146889262156824
ENKD1,71.08482441349132,1.0104751283313624,0.40066956566839856,3.6931742535700795e-4,0.01262202515955187
STXBP5-AS1,48.70536537874898,-2.609926587191042,0.6799145156394455,4.826406792960963e-6,5.345375851875517e-4
SLC16A4,85.62974865200653,1.7886104136715613,0.3623640994219962,1.7884933193086682e-8,5.842566357648084e-6
BIRC5,126.1493939915897,5.902915083642883,0.8280765648041665,1.3073813447027538e-15,4.110733793081634e-12
APOL3,89.97988670737197,-1.6262004175941938,0.8877722221311513,0.00126548549125673,0.02941961372187795
KCNH4,43.922977697519535,-2.845004817067984,1.1788547855864615,1.5533135381867096e-4,0.00686679239710869
SCML2,158.0824135412034,2.5762180163161523,0.874731397764273,5.901415479769184e-5,0.00346832254621761
SUCLG2-AS1,81.69689455054124,-1.0456300670814365,0.5884051722608841,0.00279805161418479,0.04689020006875705
RFLNA,87.50812161292899,1.6320325078991882,0.934954566934674,0.00156654382258189,0.03339393501120771
ENSG00000286132,68.95515956436468,2.632260983885929,0.9704647572693452,9.946046288513011e-5,0.00501368433549611
TMEM141,86.29638733715538,-0.8297014975098361,0.397669162285961,0.00248565758234604,0.04369268401560607
FAM83D,92.65852262339622,2.7339326081831725,0.7176572156987172,5.3058164833946105e-6,5.703525975355045e-4
GIMAP5,74.81695499002048,-1.524258675801201,0.5853549227905955,1.3771449719297965e-4,0.00630978226300949
ENSG00000287364,41.14425004600106,-3.308438146165158,1.4397756204933698,1.0179099125643024e-4,0.00510049919136304
ARHGAP25,128.92363551392756,-2.0584234923702125,0.9323451739021829,4.0597349707119574e-4,0.01358233387224301
ENSG00000285976,130.40306553096167,2.284997026710996,1.303356434202208,8.641208523093968e-4,0.0231975410021244
WHAMMP3,55.58529629113958,-1.0673658287882637,0.3682378630896183,8.916981446860471e-5,0.00461518006819605
MYBL2,130.64931164245567,1.8434310377823175,1.3353181310699984,0.0026126946327144902,0.04507525431502084
CHRNA5,87.9682180302137,3.683694846298942,1.00342473494994,3.970798575137049e-6,4.602832597188817e-4
IGDCC3,136.08706076486993,2.508712687623329,0.6653340441616079,5.859999436552241e-6,6.167465515775526e-4
H2AC12,121.62360814438416,3.4327441870364495,0.8014296359222538,7.163286515686658e-7,1.2502869682250295e-4
MYH7B,73.01453632719574,-1.7677760129268882,0.8194620963177764,5.043731923488957e-4,0.01581920608521711
ZNF69,62.46892942377542,1.1705366780977715,0.41573842101679137,9.048382463929903e-5,0.00467357315190334
ENSG00000273373,103.67627817174758,1.7971571794629768,0.659172528044374,9.88064899158025e-5,0.0050106123537531
TNFRSF12A,88.3115809626108,1.7815991237851174,1.0264837456909377,0.00143894546545659,0.03179739043212654
CDCA4,101.54046642290488,2.4519746600158707,0.5918929114431473,1.623101656928869e-6,2.2556629325076673e-4
CDK1,106.829504372612,3.461512661513461,0.8532358911794186,1.5493655976285357e-6,2.2018498442230615e-4
GINS1,91.10102150014838,1.4527575232530603,0.7512375137071327,0.00107228890631637,0.02675828883877198
FBXO5,96.40624632729268,1.9197126239876652,0.6285998927389523,3.838414654816838e-5,0.00252752571275556
GPR62,140.7931425326101,-1.888298939851266,0.9986577473657374,9.355130412707852e-4,0.02433494833518648
LINC01608,137.48099444427015,-3.729174637622348,1.0256403399834166,4.136142395537584e-6,4.7507089414316155e-4
POLQ,78.97167359373275,1.5773167450845538,0.8921539170712673,0.00153871692834489,0.03300193691426975
NLRP1,116.35021757404095,-2.5726861350947345,0.9073919152720712,7.699072207201045e-5,0.00420092109110488
H2AC16,117.902775437967,4.199662150091741,0.6771612453400384,1.4143896679511922e-11,1.3901221814954088e-8
ADCK1,86.9815267171027,-1.049567185900895,0.3230135894653936,2.6937076961697628e-5,0.0019870241463183
CSF2RB,163.42769967073684,-2.244393123917328,1.0860555421256444,5.042670715249178e-4,0.01581920608521711
DTL,98.11573494574723,3.7547245969712977,0.7362186035561624,1.3888838159570471e-8,4.721078852241021e-6
CHRNB1,59.954973273647575,-0.8639601615279251,0.4155981234592225,0.00220346235168939,0.04084443035696021
POLE4,65.98917588221423,-1.1195103212268414,0.5028046052248253,6.763148966494184e-4,0.01944231418322225
DEPDC1,115.22058745365652,1.9057205537631592,1.1812176778142784,0.00166506999969322,0.03464282115159922
UBE2C,134.85700320018216,7.436470922324658,1.446381492534902,4.863252495084068e-13,7.64564082883404e-10
CKAP2L,98.0813942016613,2.5381319547985712,1.001297837116589,1.5499085075544282e-4,0.00686679239710869
KIF2C,92.91712811520466,4.543665512315392,0.72743920138721,6.257934790588007e-12,7.495813891545273e-9
ENSG00000274964,66.10217760658153,2.0750580960372664,0.6861613163611398,4.589939701873558e-5,0.00292292008255512
ARHGAP28,91.87467309539387,1.0248241508652332,0.5453139055415013,0.00223806138627424,0.04125991216352012
H2AC13,146.7724620493974,4.969336601984204,1.042963594933226,9.107552523908048e-9,3.18182466925532e-6
HADHAP1,68.6854621807709,1.8367154182714769,1.0068405491783117,0.00112870927169886,0.02751119478712527
CKS2,104.6555524805825,3.923885464979419,1.0831815414605512,3.3028863593451155e-6,3.956228737284145e-4
MC1R,52.447055769530934,2.4692228294532086,0.7138504415555647,1.498171973059202e-5,0.00126459791309836
KIF23,86.79398859862941,3.1848245743188137,0.6402043582267065,4.9397776736414645e-8,1.2809811093069833e-5
DLGAP1-AS4,45.01619677032201,-2.7457482320171596,1.2940541573112885,2.839275055129774e-4,0.01053917120901522
CDCA7,82.9053229551608,2.908979949864737,0.7030767157020129,1.7382857190474289e-6,2.350797794458012e-4
ENSG00000229425,70.31377509145035,-5.079923696984511,1.1521743368364965,3.154243967658541e-8,8.729394084358954e-6
LINC02263,52.24447143799459,-5.483365651370664,1.2589478561192995,1.4304382711217702e-8,4.797499236239601e-6
C5orf64,108.71042303722837,-2.6442088073964767,0.8307866055319966,3.188238679201661e-5,0.00223389848848575
SIX1,81.4970844214364,1.8224120321685255,1.5171915679690156,0.0030486257791716,0.04941052374309445
ENSG00000271860,55.2416118796984,-1.4594126074506089,0.9263229258815664,0.00274369783837767,0.046474730926971
MNS1,59.827873533066935,1.3979402177718374,0.48839842463472993,5.8999019328034394e-5,0.00346832254621761
KIF20A,105.77187112197085,4.251694066262135,0.7915340564146929,1.6238651081641432e-9,7.855135178992474e-7
H2BC10,131.17885520053122,4.582222113875221,0.6799464999342132,2.3390227214912363e-13,3.9223851690927025e-10
ENSG00000280069,62.77963999659576,1.1824208167227004,0.6586649718710827,0.00208733045594081,0.0395664734655126
IKBIP,60.15285728043853,1.3994722168115468,0.7079406550556422,9.866353504985354e-4,0.02533275830338448
PDE6B,101.7218971160597,-2.053307386431123,0.9409319316630654,4.3253223093378014e-4,0.01420354534844426
EXO1,93.94039468942697,4.051533168337054,0.7444308395528714,1.5128775696017562e-9,7.461749487404426e-7
PRAM1,91.82676058276483,-1.557491536164045,1.0388801951819835,0.00298100666873631,0.04879745224321154
CDCA2,87.30886510029156,4.182365415051109,0.9716345049476696,2.487290862098926e-7,4.9936049520696664e-5
KLHL17,72.97482402889678,1.070360795955072,0.5550778413029918,0.00176786940757796,0.03614918521485395
CDH15,90.01988169394399,4.671233471046123,1.2855526984323862,9.004489647458009e-7,1.475614696495212e-4
FGR,89.19334764250976,-1.9336621641847207,1.0664786233394423,0.00108047925115085,0.02676825763217933
ZNF433-AS1,60.992891490792736,1.2031110020942142,0.6074579787874286,0.00120359272025602,0.02871230571085422
WNT11,25.043651077502883,1.9845692309001484,1.416016662781933,0.00205480811449241,0.03918623450488412
HJURP,78.43949256297847,2.6863983589541505,1.0725114768673998,1.4971347499832048e-4,0.00670087677955116
U2,87.7993600680088,1.5875364012143045,0.8953110664234949,0.0015078002103245,0.032611527506881
RNU2-1,87.7993600680088,1.5875364012143045,0.8953110664234949,0.0015078002103245,0.032611527506881
H2AC14,135.5106704745865,3.374127534069584,1.2450532501826588,4.98489819120869e-5,0.00312693588782202
FRMPD2B,60.53480927822733,-2.34739226980061,1.0373968191663332,3.115604003268463e-4,0.01129249324181771
ENSG00000256542,130.55825798743496,2.2416822155346487,1.6445309886681605,0.00127759451485624,0.02959172414981025
PHC1P1,57.44885847380543,0.911561047256236,0.4838954517383337,0.00303340411119766,0.04932271946545961
POGLUT2,61.50048739135713,2.089165946008977,0.7658772088910804,1.0643416758900937e-4,0.00525981346077395
THSD7B,94.47017821676594,2.476541872136933,0.5569070776174264,5.261143233046433e-7,9.746331873519294e-5
GPX7,64.30602236835642,1.664831440039282,0.8158549197241572,7.149645569946776e-4,0.02032115080976736
TP73,75.25167780091573,2.7777119856104875,0.5970494838382748,2.501368466091985e-7,4.9936049520696664e-5
MAK,67.6247156910283,1.9301087014724627,0.9585984645308668,6.84277178680892e-4,0.01960399561792614
ZNF366,41.622997691502775,-1.469003246133048,0.8713265310256997,0.0020624579515545,0.03924286483615891
THEMIS,34.26305417620383,-2.872330744430448,0.8250649789403504,1.3399605173986603e-5,0.00116417870012234
GINS3,74.09026662399918,1.2616560234135874,0.7143765666376275,0.00203598003480532,0.03900460151979682
TTK,100.41701244206388,3.754291354473592,0.8042536192065738,1.0419906427635105e-7,2.472663455478617e-5
FGD3,110.03735488245496,-2.5361041472269794,0.9671911310733402,1.279026672549807e-4,0.00599118005983572
LMX1A,194.56766025915655,1.6747817313933209,1.806106641188788,0.00230165976012383,0.0419232075352317
H2AC4,91.73944875664856,4.171018477421183,0.8139529036353315,6.6364084331894054e-9,2.5681879650530197e-6
ENSG00000260838,119.3642645703057,1.858309183221306,1.242979557879619,0.00216610323248462,0.04057048451967111
MNDA,164.30683087057872,-2.186907091854023,1.2072809350083145,8.716771556395306e-4,0.02326486534049791
SIRPB1,55.22243590827242,-1.867286285725424,1.2071686238312451,0.00196042073687413,0.03835499392142567
DIAPH3,61.47523451801621,1.7506118436322529,0.619412721084976,7.117555846051559e-5,0.00398741647553632
ISG20,53.31534009456341,-1.4803717829507843,0.9754433728076284,0.0030876486305691,0.04975446102071444
CDCA8,76.83966356987828,3.091334498789523,0.6890933610767859,4.371918975852897e-7,8.206809695418193e-5
PLAU,31.421342837432785,1.597041697999192,1.0711761051784106,0.00291485728275195,0.04820533865242787
ENSG00000230303,82.06190575294656,-1.5194157249293976,0.9506835860434656,0.00245744452120081,0.0434396061042061
AMH,51.67268597539417,2.494549383572809,1.012934843895012,1.8583514205157875e-4,0.00772644159200894
ENSG00000233508,31.708308338298536,-2.419044850680773,1.151148558624512,4.104626267685991e-4,0.01369333808187976
DAO,57.97874557852643,1.8826983088070048,1.2386701287968254,0.00201812637377684,0.03883282698210057
MCM10,81.77279295810821,3.074083297045163,1.3825286031605188,1.5947603451274913e-4,0.00695370288045473
PRSS51,50.16639200120442,1.6541044715494035,0.7822626923888166,5.86166416206664e-4,0.01771024736924415
LINC02822,43.56087281619005,-2.967183135862232,1.6245035662398066,2.7944345245567914e-4,0.01041351200454837
PTTG1,66.8988591936137,2.386019517811969,0.6348001124502671,5.7747394501288775e-6,6.103268744896713e-4
ENSG00000269707,44.83245571197279,-2.478154297113568,0.5330504550840923,2.3276272734405459e-7,4.799109543944548e-5
G0S2,78.39250370778018,-1.8564176855929713,1.293514821363715,0.00238344646250682,0.04270458814311748
DUXAP9,35.42407877112996,2.542932772231166,1.0160199022388705,1.6565210237632e-4,0.00715735284028597
ENSG00000255197,68.39976039344042,-1.225813477006399,0.7271932298102874,0.00264401081325105,0.04549073050377369
ENSG00000261037,43.534376118718605,-4.460533484026587,1.3609945580777787,3.054352590110395e-6,3.747765124470091e-4
LINC01347,36.64802318275288,1.1025410191069789,0.5027339903074419,7.748407520508104e-4,0.02158399144749289
NRM,55.86978021064182,1.615810529329001,0.5678775594697741,6.325167611531751e-5,0.00362422018452094
ENSG00000288640,53.18017977050253,2.6062242817801855,1.0382085089019977,1.566695008421931e-4,0.00689984880000894
RASA4CP,43.27154848332693,-1.1252316026339395,0.5806026366198761,0.00154284853544064,0.0330569097619028
TRPV3,55.55950079422863,-2.0649719159985978,0.7929981947136334,1.4822665709243092e-4,0.00665802380804108
LSR,44.57127750106067,-1.8040495098019471,0.6178906803230831,5.444571502107472e-5,0.00332315587579543
ESPL1,63.94152671401205,2.7879455246945795,0.945315771596368,5.330349647208446e-5,0.00327637513402851
HSPA12B,44.27630225124136,-1.3737859713514526,0.7484237552513424,0.0014990785400591,0.03247874383862773
HTR3B,40.99738616226162,-4.6043726337035915,1.0669149745939683,1.173038185327732e-7,2.707027753553557e-5
SERINC2,66.58174233453903,2.1483558466270813,1.3446591855388872,0.00128632360063957,0.02971183090035619
ENSG00000257680,74.09043278185226,2.031097054023087,1.192198360520085,0.00123912482181169,0.02907550911180176
H2AC15,78.97334065315766,2.0983674730397928,0.573489422481627,6.338375178773336e-6,6.561131244726934e-4
NLRP3,86.20371798564172,-2.3241284581478694,0.9730833671853498,2.390870774098323e-4,0.00928744062506538
ENSG00000267466,26.85581840815733,-3.6735028075915177,1.2940640712408429,2.6205539672035935e-5,0.00195600636471926
ENSG00000280432,50.08720739874122,2.7550825260564182,0.7531830423201096,8.391692594219335e-6,8.24549357480442e-4
DHRS4,47.41876658980812,-0.961910797448442,0.458295072608536,0.00147611547418676,0.03221535224153731
DLGAP5,83.14148039382019,6.027317577349288,1.1411855291025608,5.295970066584335e-11,4.162963470464449e-8
HTR1F,17.817569815239448,-2.731704155557808,0.6554512652677816,1.6114639472674751e-6,2.2519313405314483e-4
H2BC9,102.36479742654558,3.825861160982665,0.7909640559354767,4.435637483306748e-8,1.1869577154797654e-5
CHODL,78.63336598382024,3.377648696052326,1.1438501274376984,3.141027066724759e-5,0.00221314831474494
ENSG00000286412,70.51060783302702,2.408648898652902,1.0433044742909778,2.720953577734369e-4,0.01020012910496726
EFCAB11,52.286976983580566,-1.127247333833419,0.5626329300031601,0.00127750591702454,0.02959172414981025
EPHX4,30.62372769419401,-1.9046713611076096,1.3392378206191973,0.00226830542141258,0.04152625295231567
PRPH,77.76038896229119,3.4527004681613533,1.142139747594226,2.490107894008616e-5,0.0018854727902386
C13orf46,43.48491818088957,-1.6090896807450648,1.0282128557426038,0.00244902787019041,0.04338228665265479
H2BC3,80.39005609040177,3.5299756555744555,0.896153482800996,2.1231065332289695e-6,2.810769565096921e-4
FGF14-IT1,60.00631283858074,1.9187326216736664,1.2661988822079575,0.0019468210336318,0.03831794701093465
CDCA3,54.429504219397195,1.8121889261504496,0.8609155085624326,5.714904863547555e-4,0.01738243251967052
SELL,167.50267897490448,-2.335118602661797,1.1663528019852347,5.332122224535217e-4,0.01651775892068458
TGFBR3L,43.40868629790325,-1.5849583185194982,0.936106958860194,0.00184620637310577,0.03700356582398614
TRPM6,83.58502970459061,-2.4739265689689836,0.7806032358451634,3.373418557771118e-5,0.00232479370964862
ENSG00000271155,69.72710643434839,3.1804026870009237,0.8730629877193412,7.129143336308801e-6,7.201866324558697e-4
LINC01102,49.08511092545018,-2.3663023451478686,1.131593178831913,4.3748338545934913e-4,0.01429133805514293
ADAMTS19,55.6280649421463,-1.779237693177053,0.7472381314630492,2.71420016959322e-4,0.01019381113374041
ENSG00000279092,69.08290995448972,1.6250999210354242,0.9851839575399208,0.0019865535820769,0.03861057456621732
MFAP2,32.7277544709273,1.6074564037637598,1.089342291898893,0.00297764749431592,0.04879745224321154
CENPU,69.76168598351974,3.114538598791607,0.5950983930556223,1.492640131215587e-8,4.940246034289062e-6
ENSG00000266371,44.67603614765613,1.8227234579959524,0.8327740087701087,4.571833694076437e-4,0.01478147875845741
LINC01630,91.02620048019983,-2.3582777611302492,1.1369470398837394,4.551439199251106e-4,0.01473447897271072
TMEM235,97.10501825269051,-2.598115428764294,1.190144118067506,2.999754644970617e-4,0.01096741690982425
DOK7,84.03361494491149,1.9115527634265617,1.2523196751193582,0.00192904916506542,0.03808736475514585
ANPEP,120.91454701519126,-2.934481702477121,1.4475851576886145,2.502261950677962e-4,0.00963888163971722
HIF1A-AS3,38.232556436411606,1.3537365167524202,0.5920770563576786,0.00040605530221542283,0.01358233387224301
MAMDC2,28.487980528131096,1.5054316025579286,0.7481278783806982,8.324658472052269e-4,0.02255249652431991
EOMES,93.94958169877854,2.630890451260979,1.4979972796699288,5.307087958781757e-4,0.01646047971827328
AURKA,78.33606242261686,2.1341057832717745,0.7708812137733133,9.593948523096238e-5,0.00491781640972658
PDIA5,55.358019904120304,1.4862376738789684,0.8290024823483301,0.00153897081976776,0.03300193691426975
KANK3,37.95634171936299,-1.5709121330242088,0.6341051312782263,2.0500532342261537e-4,0.00830387102314406
IRX5,38.288811607648995,6.728972255780267,1.303526512226873,6.895604718912656e-12,7.541393091283868e-9
FRAT1,68.63615341009324,-1.5952678655163857,0.6343983288020242,1.8241066201070332e-4,0.00765703594659604
TMSB15B,46.38532221845283,1.8792796484735217,0.609876835071396,3.422447133983849e-5,0.00234572847978827
AFDN-DT,90.519083969812,2.5180639451672757,0.9489232531144388,1.201156567495905e-4,0.00577703485636558
NUDT14,49.70194346411117,-0.9655742000740014,0.4748547363671533,0.00174090547414585,0.03575629814186063
MELK,55.62463470858032,5.991802991521757,1.112142549533394,3.5299109267247153e-11,3.0617717052011544e-8
NEK2,57.75987265959653,1.8043288625979708,0.9650871216723572,0.00103510768910851,0.02622952884694412
TRPV6,52.46545205958907,-2.2286841917678357,0.7953510150758765,8.844641593793144e-5,0.00460617214596837
CD226,69.25223616887908,-1.415364951944669,0.9035675940249374,0.0029268760778264,0.04836919810780885
RILPL2,59.78540160623359,-1.8229014238243544,0.7772987958892765,2.993690939326071e-4,0.01096117931409141
PRKCQ-AS1,59.99772034907446,-1.6649207275939255,1.0147648290812374,0.00196203739255877,0.03835499392142567
H4C1,67.50962803080263,1.546915756383913,0.822558237941987,0.0011682887760221,0.02817558568749765
PAQR5,43.25749099385826,-2.1803561820990462,0.5764061701696842,4.537710156955397e-6,5.118455663141527e-4
HSD17B6,42.71980698963324,-1.6642330281655395,0.8982114876296631,0.00117189436388295,0.02823547014282733
GOLGA2P10,53.14810519188291,1.379397022037893,0.7819120400080949,0.0018128659735585,0.03666825500055042
ENSG00000278963,62.61532289771128,1.2607674604399317,0.6512279340688618,0.00126779202980143,0.02944602097657004
TMEM154,107.84039891671851,-3.0509309727139287,0.921149521656301,1.88995214939717e-5,0.00151884525130787
SKA3,77.71156001423545,1.6094681573904384,1.066738639846927,0.00277031589646226,0.04658836383644815
MSH5,38.428235662375926,1.3270239387426246,0.6712991558344252,0.00105006842327507,0.02649632596612314
MAP3K7CL,70.62485698585877,-1.7923085089085988,1.2063813599039184,0.00238054035083564,0.04270458814311748
NCAPH,58.716651381384814,1.889857945034892,0.7866678132593772,2.5492425514540834e-4,0.00974090189436417
NUF2,57.84729434951845,3.8963347787403126,0.7901316505305055,2.5817398357912538e-8,7.622597875551586e-6
RAD51AP1,37.6243787271841,1.919159982150732,0.7349624465681215,1.4301345615758902e-4,0.00650517265133452
TMEM30B,8.688381856304872,-1.6652012444541866,0.953520509446326,0.0015271545106411,0.03291691907512121
ADRB2,47.355336281144886,-2.1370559350661864,0.8262292716767997,1.5511830146922704e-4,0.00686679239710869
H4C13,62.673238184377055,2.873878390753355,1.2376019700157708,1.7685484335036578e-4,0.00750186632316205
APOBR,115.42614145396374,-2.0298578223137937,1.2668305761134768,0.00148101784050796,0.03221535224153731
NCF1,117.48917284006876,-2.1041233361345086,1.3151702629679944,0.00135788293821451,0.0306320661298292
ATP8A2P2,26.87949100794001,1.2369692609136484,0.7569264106258287,0.00298689203569386,0.04879745224321154
SGO1,55.445692316303784,3.1863498728057307,0.9657789128192528,1.7561000992554807e-5,0.00143418642521663
PPBP,272.10267448971115,-4.438764043834668,2.111332506036449,1.1268206478001304e-5,0.00101591564784102
ENSG00000284708,27.010070564839506,-0.9500315291798302,0.49645653321104793,0.00249791181369333,0.04380208758862763
ENSG00000258559,31.858449117203847,1.3630469441266475,0.8349425582900007,0.00260724236785939,0.04502915087990033
CLGN,44.56639805147965,2.0022000648032696,0.6724271788276123,5.083649681085127e-5,0.00315397141629144
ENSG00000289283,46.13485339206653,1.4570138818541711,0.8969368922841175,0.0024359691728029,0.04327285916150016
ENSG00000267506,18.195706003674267,-2.5179731887095596,1.0737421302753092,2.3451434081243815e-4,0.00915989709440383
GNB3,52.349050647240304,3.562569375773361,0.8298735183680199,6.013168957417365e-7,1.0651778306681436e-4
LINC01232,54.59315435627593,-2.234493825992465,0.7804566176413213,7.530053069106206e-5,0.00412823903833275
AGBL3,40.846704606607105,-0.9350825309246754,0.3600421762106131,3.900585373517875e-4,0.01313458159109352
CYP4F3,50.99657975796146,-2.318208838630178,1.3343273427412667,8.494864863207172e-4,0.02285345783626879
CDC25A,65.18936547575603,2.05748807571309,0.9385248955011144,4.215526369859497e-4,0.01398909634662873
IRX3,37.88451364219872,2.9864222984616298,1.0031693415064646,4.379724812096824e-5,0.00281758562464152
NEUROG1,158.7111874237833,4.395115066624526,2.736337895171635,1.2948607825225212e-5,0.00113487554437531
ENSG00000279555,37.08133070738686,1.0741726317099791,0.6078650716167928,0.00270894857412221,0.04626498159101406
PBK,39.64975666116075,3.1493083953562224,1.056408758767155,3.772414450610923e-5,0.00250489695722841
TMPRSS5,37.689766313783025,-1.6476789658049442,0.9060377732672136,0.00129145982111316,0.02975094283781035
ENSG00000286502,33.85840526317153,-2.9141796224159795,1.275805124454022,1.7972765021216687e-4,0.00759809968644847
ENSG00000252690,46.628709157323605,1.5203028117763917,0.9906847626386788,0.00285442712373743,0.04761290442340277
ENSG00000227544,75.64317871534006,-3.1516581256762155,0.9610523771221012,1.897937670840064e-5,0.00152040522841754
LYL1,62.13294299243385,-2.305271238160952,0.7110112295739309,2.681629985537758e-5,0.00198393296047696
TMSB15A,79.39504995837095,4.342034381564472,0.9073312350645948,2.5712705708161818e-8,7.622597875551586e-6
NDC80,69.73195762862731,5.648569330301619,0.960617285639879,6.8700143616756235e-12,7.541393091283868e-9
NPBWR1,47.58028818657423,-3.5535678226783025,1.655201636762812,7.506111905136775e-5,0.00412823903833275
ENSG00000279281,39.99108089927381,2.5385920785002867,0.6930852498007546,8.266462661758617e-6,8.186401645428199e-4
SCGN,72.05512685045542,2.9429408371399495,1.1832977110740306,1.2292448094283583e-4,0.00581331941410375
KCNJ2-AS1,61.96979546704366,-1.5294782302479637,0.8773895209639161,0.00169707573761446,0.03510546307890976
PIMREG,48.12009312419763,3.393917583406592,0.9958532374664512,1.1035333477028084e-5,0.00100754332911711
TNFRSF13C,76.03511045001177,-1.475527440351591,0.9573095766020772,0.00293382733367211,0.04836919810780885
TRABD2A,40.63354488151079,-1.5893787933976715,1.0307372761673388,0.00262692625752722,0.04523198984119739
LINC00390,38.5289215090181,-2.9147076628224866,1.2376315563893796,1.5978533294517115e-4,0.00695370288045473
PHOSPHO1,89.1496925336541,-2.440245709002252,0.9345622451458636,1.3678731094726674e-4,0.00627873726198457
ZWINT,46.26358066057647,2.3008019972411136,0.6595325567919241,1.289763329187909e-5,0.00113436037700673
MCPH1-DT,41.24187593775302,0.8455013931050062,0.4002109847397802,0.00217963969546827,0.0406725941393242
CRH,23.833416675472645,-2.181430569746141,1.627737118894095,0.00144699399144512,0.03187187991314423
ENSG00000277011,65.59161986613529,3.3107953217847217,1.3808410877612896,8.90444729217278e-5,0.00461518006819605
CEP55,56.262380962029766,3.401804332926949,1.080253988934479,2.017579859476117e-5,0.00159091547916182
RAD54L,38.966662726411705,2.1392400161375225,0.9334162291967096,3.223324030734904e-4,0.01146889262156824
DEPDC1B,66.22707778406009,1.6203177905767696,0.8688019644069539,0.00116542438117355,0.02813347877546986
ENSG00000224404,39.895740393077546,-1.6344645550600436,1.8902583057432147,0.00165242297450903,0.0344366590727426
DNM1P47,52.0041462278051,-1.6957778990371704,1.1843319864618866,0.00293637639577322,0.04836919810780885
ENSG00000237268,74.8498783573516,2.327110176335087,1.4495193137059572,9.869644246369084e-4,0.02533275830338448
ENSG00000285081,46.07084779510167,1.815133738294771,1.129425302838,0.00184447492669453,0.03700356582398614
ENSG00000287611,33.254248933438994,-3.2063633958227773,1.2586766520044128,8.165562235400941e-5,0.00435162187434905
HERC2P4,53.907090744620575,3.1412561102420526,0.5703562584887233,3.509142570957023e-9,1.4470323316369338e-6
SP5,79.07733915771647,3.131176914243528,1.2210565593179188,8.693082108347599e-5,0.00456504775268007
CYP1B1-AS1,26.273988358522924,-2.495290709586998,0.9427213445643932,1.2318117387760606e-4,0.00581331941410375
HAUS1,48.40454865262709,1.184891756237524,0.6244348665923328,0.00156557125658698,0.03339393501120771
TICAM2-AS1,46.99184928221783,-1.041121685261553,0.46850777715587055,8.266526583085518e-4,0.02247959023469547
ENSG00000285634,45.190625359282905,-6.7103771512756865,1.729238512905048,1.8280788727677551e-9,8.676131314264171e-7
ENSG00000288840,27.33967317257773,1.5952360976934965,0.7213089048490944,4.5315089746967023e-4,0.01468886298318567
LINC01476,42.464710517973295,-3.531658118772901,1.02680408405067,8.785264381048771e-6,8.4994053938808e-4
COL10A1,40.64514699494819,-1.7260986554744495,0.5561957737148495,2.834424047345357e-5,0.00206658268078043
RASGRP4,58.518733538695095,-1.5993531995653256,1.004092692943532,0.00231842937235457,0.04210669489690041
ZNF730,46.512837704176725,2.720253834153766,0.8583081838304922,3.225765552204968e-5,0.00225391407500454
TBC1D10C,69.15403877614943,-2.57926753473787,0.9907381318521088,1.3036383030602433e-4,0.00608380665587706
UNCX,98.16300405959848,7.362136546050591,1.9569063403193496,5.347041248609326e-10,2.988877234833756e-7
RGS18,132.9064952678966,-2.794550579013644,1.2069838166525608,1.9488503782847156e-4,0.00802313951151779
PPEF1,49.61281685110061,-2.471104420509304,1.4958972792827558,7.527894491169609e-4,0.02115716849507043
PRRG4,44.88169601582804,-2.0010195120440715,0.6440912507960153,3.439470120430084e-5,0.00235098998394832
ENSG00000224819,23.883502712627497,-2.8133397110125093,1.4313663418399785,3.2215888835975974e-4,0.01146889262156824
CYSLTR2,33.46058315407761,-2.0228214664716333,0.8464164863470477,2.6034102496914e-4,0.00989217242005098
CCDC68,31.39879217526528,-1.4293362208076892,0.9248686534994826,0.00303913467727115,0.04938397524036093
ENSG00000289528,38.4899051898805,2.141465919353426,0.7975305343801206,1.1990878904577634e-4,0.00577703485636558
ENSG00000236451,17.415488369309326,-3.495361893796745,1.0806918947811897,1.49732281304077e-5,0.00126459791309836
TERC,50.74444124184489,2.439108111265374,1.105840494137719,3.294077441714876e-4,0.01160493332897703
SLFNL1,26.35666684786955,1.6678783539202764,0.8202637026955503,7.282241591620169e-4,0.02058174213433862
ENSG00000229618,34.15685225060631,-3.7186078541076624,1.1200756910817302,9.313347974742191e-6,8.820264081674742e-4
ARHGEF15,35.148855518655616,-1.2795989552784286,0.7893555340568733,0.00293674826160269,0.04836919810780885
ROS1,10.276667158365628,-2.0616164360855143,1.805304014150266,0.00147239427260363,0.03221535224153731
ENSG00000253667,27.488726604550525,1.4932734716260272,0.6162376123844717,2.460926819919175e-4,0.00950877929773378
ENSG00000285991,32.45739144088159,-1.6818848854643926,0.9896619874167292,0.00168802432697301,0.03497575281769297
SPC24,38.723376473879846,2.221332269517963,0.8774928499787685,1.7632665096015915e-4,0.00749209557137135
ENSG00000287202,31.56402805563403,1.331595442920494,0.4383324417116563,3.2563303113652864e-5,0.00226809084893509
ENSG00000273507,68.75063623747518,-2.0208495453626196,1.0634153688450108,8.392601936139949e-4,0.02265102028987814
ENSG00000269737,30.148515997306184,1.32158374597161,0.7282942650839318,0.00166864673637747,0.03468854546019762
ENSG00000254556,33.890330208548164,1.645269747034087,0.949364906063138,0.00160037081306998,0.03382834237980042
ENSG00000225889,40.420518489812324,-2.540699920046572,0.9862474854883848,1.4136864824691023e-4,0.00644200539493257
STAC,35.276324843556715,1.6375277413637566,1.1383958903391092,0.00310419287661117,0.04979774720553418
PAH,22.131896914964848,-2.924318430446887,1.150564393852502,1.1324529578546684e-4,0.00548857836259659
TBX1,37.42455990602341,3.112595208120065,0.873615842159751,9.362369841008014e-6,8.820264081674742e-4
MMP25,227.58820619567248,-3.669666167863403,1.368318855418263,3.3982751887544977e-5,0.00233552497535329
GIMAP1,43.147630056593,-2.637025073320769,0.6090720586100858,8.842962399212313e-7,1.4730852727800432e-4
FAM83F,33.78766578178271,-4.652531526059179,1.514573616188864,2.9989645416898927e-6,3.6978408863562527e-4
HTR1D,14.451873824897422,-1.6420762909555795,1.1440904806152112,0.00310706484281756,0.04981205166107897
NDST4,61.902521955461424,1.5920257522437065,0.9934431414187936,0.0022815135507727,0.04172332761742368
ENSG00000218313,30.13954008074524,1.7492477689406924,0.7650453369971212,3.5512279013905686e-4,0.01230407529360583
TLR10,35.230672303961256,-1.8401015017585725,0.8858976336574403,6.079426646725493e-4,0.01815708198922848
ENSG00000286084,26.240528107812057,-1.7582391268697448,1.0749098861353303,0.00183118429182728,0.03690834108703803
C4orf54,35.80043218743693,-3.2732143016010427,1.5050063282094908,1.2377100267944036e-4,0.00583021685655176
ENSG00000288876,44.91512447280025,2.2234104955036584,1.0358656339978278,4.3140460357582835e-4,0.01418503450764233
FCGR1B,31.006036187690267,-1.594837232891809,0.7303515418154334,4.912691371672482e-4,0.01548544345401624
ETF1P2,20.94620815621658,1.8409854328054192,0.7926427186664979,3.1796189496614586e-4,0.01139318163244791
ENSG00000244491,47.048956599491035,-1.4489314845909984,0.8827326237326778,0.00235084755506243,0.04229844020031512
ENSG00000274220,46.661912491164465,-1.0844444362277397,0.5343792303814756,0.00129408375459666,0.02975446322040642
ASB4,24.175021978790717,-1.730762827514441,1.191825855030414,0.00271582102745228,0.0462886403232042
ICAM3,131.05079147988886,-3.2916097128888007,0.9829741466254928,1.415002952486755e-5,0.00122312660710831
CENPH,53.20559388217111,1.4683656026723315,0.8784255215395458,0.00214074001860454,0.04018520479699899
FANCE,33.73817268329307,1.2049932239851286,0.5404929581403296,5.74180490253252e-4,0.01744315948288683
PABPC1P11,47.589901054809744,2.649935603232114,1.1890723932859004,2.6286692014958955e-4,0.00997308372464973
RAB42,18.34412295886865,1.64881997839317,1.1013032135483518,0.00272662858003674,0.0463158450586164
ENSG00000289054,73.25725521348753,3.6024965172602665,0.9362366222924444,2.6049455591344877e-6,3.2599403280830297e-4
ZNF695,42.67712708754871,1.8547124373908876,1.1086127120522635,0.0015534457586055,0.03322735936391391
PARPBP,37.56506271381825,2.46671727071886,0.5690917422389631,8.068596506774318e-7,1.3713343008878458e-4
LILRA1,54.28071093283188,-2.086571340152642,1.0628646971499056,7.001044014337008e-4,0.02001184785643558
ENSG00000254092,23.2916231078884,-2.024277068462672,1.530178858881526,0.00200472518568064,0.03873030516175963
RNF217-AS1,42.11851047752764,-1.3426377487556838,0.8221919061229551,0.00265825779968021,0.04567337205816681
LHX1-DT,61.660508208807094,5.3972338832616265,1.1645136871279045,6.02345946689526e-9,2.3674078035981777e-6
ENSG00000278872,67.07486108566515,2.522226868802889,1.6861360852800316,7.209495163861787e-4,0.02042674956841706
SLC6A13,24.76662865182092,-2.7945533044951234,0.8067500785604788,1.4462452020960531e-5,0.00124585108950425
PCLAF,59.84868018112561,3.4001338023517795,1.0043525266101638,1.1603005582943432e-5,0.00104236429440485
TATDN1P1,35.864240294021506,1.876081895130676,0.980777740407237,8.950052848788482e-4,0.02362325596625661
RPS20P22,26.98517595835108,1.752813300204989,0.90091896093379,8.823011904721087e-4,0.0234602580815385
AURKB,40.029555484385675,2.4780497017937333,1.394776724023622,6.52710119808572e-4,0.01902464699150037
GINS2,49.94296713376245,1.3608266135242588,0.7350894378760496,0.00145212609757211,0.03193020876380531
LINC01411,38.25824283085188,-1.6433667580676796,0.7378636519399141,4.279347043293657e-4,0.01413706143206929
C5AR2,46.05205930448759,-1.5374888251502592,1.015079855907237,0.00293809501285048,0.04836919810780885
LRR1,31.60091388041865,1.2259560794836828,0.6962516067982049,0.00215907498362357,0.04049915893964764
SLC4A1,108.3473802626106,-2.3652002785427233,1.637082700553085,9.989255314276902e-4,0.02556151863431548
TEX14,35.444188623026385,1.5790218192402516,0.8542098633332119,0.00124746175733245,0.02917735508770992
LINC02055,54.081674693561546,-3.453800440769697,1.141720246899092,2.4762040193643557e-5,0.0018854727902386
EDN3,36.36357824924469,-2.930893448362878,0.4549880143377277,1.6800373184381904e-11,1.5651725447405276e-8
CDKN3,32.58832191511234,2.971231518783164,0.6988042810041956,1.131300564122048e-6,1.7621265656547633e-4
ENSG00000214132,90.67106796954133,2.0440372805358447,1.6331332435224977,0.00188776196292246,0.03750771280833469
MIR223HG,42.14238904749339,-3.655155168623522,0.9041258678001248,1.311623573448932e-6,1.963844009912764e-4
DEF6,44.31343861433203,-1.8262173508564905,0.9425549749080016,8.671247340996735e-4,0.02320864333139155
MRTFA-AS1,23.71927519883281,2.1279452471556493,0.8468339086428829,1.8750270040840183e-4,0.0077700871928714
ENSG00000285675,42.51720640745977,2.472212860424308,0.9731782724398916,1.5849976523773013e-4,0.00694990939775213
KLHL14,36.001156838070294,-2.2380561342841703,1.4123789932974606,0.00115359436040972,0.02795521439474598
FBXO40,20.66816857642542,-2.653277714818793,1.181260839718128,2.538163769632028e-4,0.00972796282378806
ENSG00000266573,38.80318058248556,-2.1159275103289383,1.3215531171807795,0.00133531899631203,0.03020558815938213
ENSG00000278376,29.10221651498293,-1.540342421591217,0.9030003095386196,0.00185151031038513,0.03708032670973547
ENSG00000267601,11.813977144864564,4.120521445582673,1.5500690611617427,1.561773539905975e-5,0.00131387463621387
ENSG00000279712,30.296139053651356,-3.415815737907596,1.8086856227562784,1.071681634198104e-4,0.00527535808740099
VWA5B1,13.797188497323818,-2.704230540679364,1.393666074415524,3.882373380503952e-4,0.01311741273106036
LINC01141,28.104810900648353,-2.888486834610599,0.6965301908118907,1.69255926664624e-6,2.33926570292415e-4
ENSG00000233251,27.14026217314416,-1.3397316039481428,0.77262052799415,0.00204140654738366,0.03906948939182608
FCGR3B,192.49978140095195,-4.058445556497066,1.3202708230527196,9.334574531954192e-6,8.820264081674742e-4
EDRF1-DT,27.654148090833665,-1.371277735880446,0.8092245192537058,0.00219942126778275,0.04081244092058077
MEFV,54.87650962689804,-2.1409085434507795,1.2506404827792976,0.00108882858552053,0.02685136690214072
LINC02427,31.805244482870776,-1.557137443974048,0.6969007114724123,4.287512126662995e-4,0.01413706143206929
KCNQ2-AS1,15.970414150480876,1.852306435164886,1.5629520748216763,0.00283537040282681,0.04738930705163167
CALML3-AS1,44.64811787912141,-3.9862558964742343,1.0300015755984673,1.4807684309284547e-6,2.1655377390450203e-4
LILRA4,25.40993532677282,-4.120333364593705,1.0039363856765222,5.65907690011998e-7,1.0240893550044458e-4
ENSG00000261168,27.819892726332057,3.181218409168068,0.7070213973067508,3.895525000446987e-7,7.430022851740647e-5
SLFN12L,45.97697048995578,-2.64067464996227,1.0942032820123584,1.8643812691823743e-4,0.00773872053548076
GLP2R,16.006370830395486,-3.0718140921596016,1.034416117311477,4.149418590537701e-5,0.00268314846340322
ACY3,51.674572167419846,-3.630230015562802,0.9702627828075232,3.4640881826777955e-6,4.110173308824399e-4
ENSG00000273521,21.287130896329057,1.909924825232017,1.3579064481285348,0.00229448053936045,0.04182272716454552
F8A3,33.54646550081849,-1.7666069856249234,0.9871944682823476,0.0012835220526757,0.02967436922151177
CEBPA-DT,22.185471414453332,-2.005214614460499,0.602378278913646,1.717413887303552e-5,0.00141175911507299
ENSG00000285879,31.765932970400367,1.512262887263541,0.8520484747627209,0.00158314891676253,0.03362856566494467
PTX3,24.940622938931615,1.696285925879988,1.0923316153053353,0.00231426674193223,0.04206146360300833
PNOC,24.06610173668889,-4.201956720037437,1.2754604877215527,4.7225447989316754e-6,5.27959519432566e-4
GLRA1,48.804665737888165,2.5562849817244993,1.1473002362928226,2.866659707933984e-4,0.01061972876191037
RAB28P5,17.977762637130557,2.038349181248148,0.8164357143791162,1.969456206381942e-4,0.00807643158135891
ORC1,34.97364539915741,3.3168094431690864,0.7418686615958057,3.896675803492209e-7,7.430022851740647e-5
PRLHR,20.30454324998981,-1.873950574404334,1.0730531951937108,0.00130792866130774,0.02990251052775367
ENSG00000289415,22.097147371992815,-1.892972210267876,1.2168318875943511,0.00187527675311525,0.03739005800086905
CORT,24.559333765558684,-1.7262645116783837,1.1714187496566304,0.00262502093750016,0.04523198984119739
PRSS16,22.584274140171328,-2.5121216100276524,1.387106440606411,5.9633231479823e-4,0.01787859719479699
DHRS9,46.619593961625,-4.204979152864777,0.9101582519304842,6.670067369148104e-8,1.6947361071065796e-5
HPN-AS1,31.68552420394901,-1.9694720646350736,1.1272369208651882,0.00120590507433195,0.02871230571085422
TP53TG3D,27.245838557705785,1.2854295415992192,0.6882722704677378,0.00149572619649652,0.03243404891954619
SPC25,32.34397421767163,2.918503883007842,0.7196725338365834,2.296110534479191e-6,2.977132184757194e-4
MIR3976HG,31.12481291640513,-4.830284870009548,1.1652116833484234,1.4068917946411125e-7,3.104294403719521e-5
LINC02199,39.409814272983326,-1.769186260985168,1.2805304505253223,0.0029005273170122,0.04803151029106325
MYOT,36.99053131700382,-1.5881000173806634,0.9447418268645904,0.00189742437902583,0.03766993909235665
JAML,85.67008388862139,-2.359812632730569,1.6183186382835135,0.00101077740144978,0.0258122789401705
LINC01721,15.39588606158478,-2.116621498318768,1.511217936782692,0.00163934359294812,0.03424537174643287
PNMT,20.170241641384234,-1.390015881150824,0.8274923453181061,0.00224650035314782,0.04133757855382618
ENSG00000279021,15.822391768898903,1.3520819595975924,0.861569791662086,0.003098022408724,0.04978471093815326
AGTR1,59.63790290362475,2.7229481507974795,1.2083681778680997,2.339017640457165e-4,0.00915017880685218
CYSLTR1,29.803732190104142,-1.3886680301892682,0.8744858470433495,0.00284753265246961,0.04752942026557445
ENSG00000253678,29.120122153028433,2.595949096228666,1.1801327209224406,2.9161772643975236e-4,0.01077144242417845
ENSG00000253726,45.1563154392914,2.1316927974045203,1.1593203954439482,8.721781035258622e-4,0.02326486534049791
PKN2-AS1,32.72004622604386,-2.42794958177708,1.1050099495914023,3.378656966673472e-4,0.01185310144207873
ENSG00000255087,39.67767307893888,-4.81133053826394,1.4002235830903664,1.0737051315673813e-6,1.6879986799653697e-4
ENSG00000286523,11.193449696871538,-2.166060068256412,1.7432224822406337,0.00136794256448975,0.03077748413879716
SEPHS1P6,18.06981660308272,-2.5851922481482292,0.84515210104658,4.437613123463551e-5,0.00284754389050005
STON1-GTF2A1L,19.451595694610777,3.1760330264740673,1.9984646732376423,1.5464095629341796e-4,0.00686679239710869
ADAMTS20,14.72069976117275,3.111881846899191,1.4243278967226556,1.585929869726375e-4,0.00694990939775213
ENSG00000254180,27.596529442143652,-2.4515627311235946,0.827820969824596,5.816710909860947e-5,0.00344267167592099
ENSG00000231170,31.36711412973635,-1.935300413716195,1.0126352598428718,8.670555010173233e-4,0.02320864333139155
MROCKI,16.3584234220314,-1.4176462415208484,0.7499173274011881,0.00124178304205419,0.02911072753013168
USHBP1,17.172747946488652,-1.304427308170199,0.605928657121952,6.391427772966779e-4,0.01871594577429643
SKA1,34.24137116415616,2.9054254452660935,0.8941659097456568,2.424076090678334e-5,0.00185900030441837
FOXN4,17.076904961979768,2.3551867726692746,1.348027320166722,7.993772703092069e-4,0.02206271009663422
SOX17,19.542147528563916,-1.8943455457622995,0.6443304717857643,5.377155310018085e-5,0.00329092371455462
LINC01814,23.45588944380805,-2.00841793289383,1.160260670439225,0.00120233911967875,0.02871230571085422
ENSG00000288107,26.113247760724175,-1.9867136755814108,1.3412333327453956,0.00187179951138558,0.03739005800086905
CD6,29.92392823589359,-2.426931269324731,1.112706276817333,3.491672612505367e-4,0.01218162730859362
SIGLEC5,37.81629626629819,-2.124930960361284,1.2392811076801395,0.0011025989963744,0.02708474136211111
HOXA7,25.96852564698272,5.46675923370303,1.2182263237105826,9.075173891694716e-9,3.18182466925532e-6
ENSG00000288863,19.298239788884946,1.311344122441734,0.6994154346941642,0.00142545594725989,0.03163326669186733
ENSG00000273487,17.00293697999714,-1.6386361639213691,0.8488908329568149,9.719578580766272e-4,0.02512705854271272
PTGER4P2-CDK2AP2P2,21.48320232763365,-1.1008604059951506,0.5753522948544058,0.00173054417194218,0.03565119418594085
SLC22A31,29.536397492373258,5.429441282980844,1.508692989833808,1.698228737272907e-7,3.6825211773588534e-5
ENSG00000286381,22.52283776825377,-3.152148064735833,1.1139355188136133,5.154925759295494e-5,0.0031859214385582
ENSG00000280079,16.318177143219785,1.504036077028558,0.8243668118862133,0.00139649863963754,0.03121925862458436
ENSG00000256315,28.98550694724895,1.6713340609860472,1.057903264931876,0.00223658014995455,0.04125991216352012
MPL,23.527681228513668,-2.112140074237091,0.6403096778775152,2.0552815526527916e-5,0.00161557975548213
SLC22A10,11.970759707277592,-4.346143477205256,1.4726707502279437,6.77233283611036e-6,6.896812152207288e-4
CENPK,26.21879115638609,2.577419843964971,0.6988438494964501,7.697765969466053e-6,7.736217768095958e-4
LRRC53,29.449914128033697,-3.201727949351191,1.0305417921030435,2.722831728064386e-5,0.00200263477449507
ENSG00000288965,32.124304953476305,2.149014654491781,1.278281774272987,0.00113484905165505,0.02759528102901059
NPW,30.886157333361663,1.994105342026473,1.5260964220419535,0.00213407980468203,0.04014791438825175
LINC01736,19.950182436114712,-2.737955945330733,1.0241145552856246,1.015080017113744e-4,0.00510049919136304
ZNF887P,18.346821965653422,3.125800828862888,0.8321182902761236,5.3289184911337255e-6,5.703983647913946e-4
MAEL,12.11537163072428,-1.7478047269788313,1.2800967460288704,0.00305853794853585,0.04947171131603598
SPART-AS1,28.066503499134654,-2.505745115720317,0.9971968789491412,1.6559394466384065e-4,0.00715735284028597
INSRR,27.983139750924945,3.5228800642053395,1.2987397314668525,4.045596861846765e-5,0.00262953342281378
LYPLAL1-DT,25.324282872072722,-2.792353680435791,1.2532260642683195,2.2674061443018383e-4,0.00893955080780069
ENSG00000261997,25.051681508633784,-1.6728214753495136,0.9972185723277552,0.00179001268953341,0.03634058046208519
ENSG00000286403,19.436433810190348,-1.7581598838498422,1.0705756017689647,0.00180553181741564,0.03656710735529238
FFAR4,26.23700652122487,-2.2083022351020976,1.2108786771422166,8.347131376378245e-4,0.02255249652431991
MUC5B,18.552777468204592,-3.809558974068639,0.8836468357580773,4.143990286903482e-7,7.837438471937607e-5
ESPNL,37.68320910491654,2.4537200811891773,1.6455467769172492,8.336653311464305e-4,0.02255249652431991
CENPA,23.768777669279004,4.577944031238828,1.2422813038689506,9.445079800296346e-7,1.5229585724144506e-4
VAX1,14.723379845475725,-4.597074908122252,1.118018312006504,2.481839324684382e-7,4.9936049520696664e-5
RARRES1,17.46585657721471,1.7078646721356918,0.8117646754493222,5.929671071815427e-4,0.01784150073450302
ENSG00000285367,22.749683825148605,-2.5832155777494132,0.9814170055938374,1.2208692614741693e-4,0.00581331941410375
DMRT3,9.019523120909708,-2.110076231926466,1.7799718157992663,0.00142843886600352,0.03165722575810807
SUSD3,24.2031355436225,-2.527405014247692,0.749830448972753,1.9437312827464894e-5,0.00154723470525965
CLEC18B,11.105968131053531,1.8770693853796871,1.1245008035952886,0.0015342623784155,0.03298532980056715
ENSG00000288565,24.511257460186854,-1.8147763513321684,1.3372993462869556,0.00280566522167638,0.04695522487428331
SMLR1,10.839951380591303,-1.6758269395612142,1.1082186289594036,0.0025706824809647,0.04464525453749601
CENPM,20.78149859085348,2.5952678092214163,0.87897994567381,5.760940785097789e-5,0.00343553511901036
ENSG00000289476,16.042249674087092,1.54871855112717,0.8748761088296401,0.00156099518474117,0.03336046973405225
RAD9B,16.56351358440534,-1.1254663264023197,0.5988160424810708,0.00181513351747445,0.03667298674582524
LOH12CR2,16.873659470727308,-1.347351847766972,0.6995581367481177,0.00119146478975069,0.0285429574489419
INHBE,50.80094227528165,2.0322457202730013,1.608620914124156,0.00195464802029874,0.03835499392142567
ENSG00000259316,29.180837752947735,5.029525457752597,1.1105843982040835,2.1918568126093564e-8,6.723654422484847e-6
NTF3,27.10346701571933,3.2848787880047574,1.3497792441944585,8.786301314959034e-5,0.00459313391515554
LINC02668,14.507481431005868,-2.089966240987193,1.420346856450743,0.00162627780705635,0.03413891095246433
ZNF516-AS1,16.467772700520477,2.3170599616573573,1.2082940117186447,6.336456824866097e-4,0.01864178186814992
ENSG00000258938,19.848672935604174,-2.518279857606862,0.8525566527802965,5.8640338734642096e-5,0.00346253305289011
ENSG00000286198,16.590521664743026,-2.1554353015040624,1.331704504852836,0.00123799447595585,0.02907550911180176
ENSG00000288657,11.69412396379196,-4.52054029317519,1.5517829549327316,5.022344404963689e-6,5.45417224810567e-4
LINC02669,6.365619001964016,-2.2211761349523527,1.6986318937344314,0.00129156514188156,0.02975094283781035
CCNYL7,10.62319562168208,2.4379599588131384,1.092590471966763,3.1309106078278206e-4,0.01130677392949528
ENSG00000226252,28.85975982087894,-1.835872947556104,1.3554397151195057,0.00272505970492601,0.0463158450586164
CXXC5-AS1,19.680728859378057,2.616552453289911,1.0563240856933052,1.6675604430163774e-4,0.00717022485190324
OSTN,16.195267270599697,-5.050183857958919,1.1678103896319785,4.6401968369070186e-8,1.2286264340585171e-5
LINC02073,21.650251216137047,-1.777047095487443,1.3012759653434185,0.00293339377348235,0.04836919810780885
ADAMDEC1,7.388110821094303,2.7972897467285733,1.5128915375424654,3.726245308580294e-4,0.01268335243464529
ITK,24.216420083285165,-2.8698608595123942,1.0490180341847757,8.075190470527126e-5,0.00432704863343574
RAD51,17.515780013302425,2.3323918630360407,0.9532294264434352,2.0851001526721828e-4,0.00840522583979424
CXCR2,91.03232426253784,-3.2670231953960225,1.6815085955216975,1.4735406150457312e-4,0.00663792595838389
ENSG00000248738,19.1453150427678,-2.5282332185143495,1.8045006350129973,6.611914344405993e-4,0.01913879095732892
ENSG00000285908,32.92871979517705,-3.31653945434254,1.1910383038289047,4.683014422430572e-5,0.00296716737485689
ACKR2,18.969024077991516,-2.416250854015322,0.7548061482214695,3.083305803565158e-5,0.00220333733474085
C5orf38,9.026285031946008,2.630502846672273,1.1834234570766344,2.706293336627224e-4,0.010190733920587
TNNT1,13.251152946755372,-2.033070632778783,1.1574315753202145,0.00111833114783824,0.02731116669196418
CYP26A1,13.001807004981387,-2.8317869125457413,1.6214851212619978,3.746969682626686e-4,0.01273665883740427
HPGD,14.902522481407138,-1.89681813368912,1.24416467521145,0.00196926697796085,0.03835499392142567
PRL,52.62756750721642,1.7763675634176723,1.6340148087253228,0.00307626125830572,0.04963455785209896
FEZF1-AS1,47.9367278902998,2.818904778504742,1.4759520947432756,3.396084171011004e-4,0.0118976464119235
ENSG00000289523,15.582663608855135,2.6304377165375374,1.0244770549703817,1.3660114564744913e-4,0.00627873726198457
ENSG00000271943,19.216997320360765,-1.967418521985702,1.0250821616181902,8.341451600622223e-4,0.02255249652431991
DMRT2,19.70990085321969,-1.8466746804208256,1.1863643528667476,0.00196992408425606,0.03835499392142567
C16orf54,70.24795182427356,-3.4241076981901224,1.3421011116444224,6.028192578343665e-5,0.00351002676193649
ENSG00000230051,8.751136338951762,-1.792809968069048,1.6587870205768038,0.00289333969775573,0.04797565376225962
ENSG00000283064,17.21847967833761,1.8090133419271504,1.3753315368010464,0.00296236424541308,0.04870281714321613
ENSG00000203546,18.24807794885387,-3.351320497952146,0.7349585861639703,2.6320828111499753e-7,5.213181970997361e-5
OR7C1,27.55612440773455,-3.1198123302269956,1.1871006090455702,7.856856111693056e-5,0.00424101627968942
RERGL,13.778227419398377,-2.6253457037573704,0.8671699263875875,4.747117933667916e-5,0.00299270687978653
CDH18-AS1,36.64154255494156,5.096578454333439,1.3372298040736217,2.226617928918425e-7,4.667362282001172e-5
NCF1B,37.329743086952675,-2.29189015401322,1.2615991789771397,7.745490751814187e-4,0.02158399144749289
ENSG00000256616,8.80135100791538,-1.991132736484517,1.3866723469388635,0.0019643461902596,0.03835499392142567
PF4,128.31268510001664,-24.170996100307548,2.971261328857169,1.5118340788526954e-16,5.432667774208672e-13
ENSG00000286647,16.978513452356744,-2.643397469665354,1.3565931963610125,4.166191190216624e-4,0.01386195412681335
ENSG00000278716,19.573295041083043,3.5987276392254812,1.650807694420988,6.7210632235945e-5,0.00380188168946844
ENSG00000233029,16.440195827591843,-2.3110538266600273,0.7072090394501686,2.4960739411205144e-5,0.0018854727902386
LINC00343,24.179616973285516,-1.8515859012978024,1.701585307337985,0.00246133279596659,0.04344059000968244
PKP1,14.11947326775673,-3.2484197557744467,1.583252791871284,1.4406834083435763e-4,0.00651779684415005
LINC01792,24.277589870439368,-1.9754682153042369,1.458214791755991,0.00216530904040433,0.04057048451967111
UBE2Q2P2,12.257747126714454,2.5721192308810643,0.7580594923353092,1.8269525739323835e-5,0.00147765804002235
MC4R,9.929078950613809,-2.033105159361714,1.5278134692634933,0.0019671213534426,0.03835499392142567
ENSG00000232450,13.86533369586859,1.75191534038868,1.1521582847601664,0.002334378566435,0.04221348559317475
ENSG00000267457,29.81526110856909,-1.8481372375584877,1.3256460443090812,0.00255058118416938,0.04438800461631256
ENSG00000285966,14.768345851189958,-3.55348129104119,1.2913836410055768,3.62597890245395e-5,0.00243871319016916
SCML4,20.81130694815308,-4.182930843474938,1.0638402716223687,9.092799473513472e-7,1.475614696495212e-4
RCVRN,5.4852365617619485,-4.053234140104235,1.1964974427555637,4.904704102971577e-6,5.364040304615088e-4
LOXHD1,9.814286307053663,-2.3294741588712764,1.553113161405068,0.00106167403249318,0.02657248618242154
NPBWR2,10.158156678376187,-2.166069373187692,1.7357284060352172,0.00137996712424968,0.03099258307444345
RGPD4,17.91425352280763,-1.795868618807291,1.1004632373520056,0.00178469293947654,0.0363205228152046
ENSG00000287373,16.46749308696143,-1.699576090076607,1.1797071774572752,0.00287680626957786,0.04782761725377506
AGMO,10.471174761868758,-1.607938074683139,1.0667746846992203,0.00278346216405777,0.04672832951172704
ENSG00000233290,11.492721444881433,-1.8381465561223025,1.59564211414032,0.00285951497438225,0.04766616280027251
GRAP2,48.613768241314425,-3.4333813571456364,1.4150061326817622,7.093404962269852e-5,0.00398275688439589
KLK5,17.867197081815952,-3.915062152837032,1.5196762982182732,2.552617233988064e-5,0.00191667265384285
HABP2,9.198578383332585,-1.850746184281593,1.702801803805073,0.00245952574410297,0.04344059000968244
ENSG00000255216,27.238312655625492,-2.5871834088804357,1.310766581652034,4.307603179931674e-4,0.01418238879424101
LRG1,24.654376581791375,-1.9963922550351216,1.4514496064119011,0.00205864914958201,0.03920004595653747
ZNF878,10.948724081308908,1.892449423953567,1.2926863166328113,0.00217825840642536,0.0406725941393242
DPEP2,27.72393349400936,-1.9188582266373615,1.207758404465587,0.00171805785728589,0.03542297323128633
ENSG00000223944,11.234636499264733,-3.614969629597395,0.9261830643539626,2.1636591304681525e-6,2.834618842072703e-4
ENSG00000275927,8.436472202373904,2.4064882138786867,1.2124371771285545,5.149412615580997e-4,0.01609047514687259
ENSG00000255583,8.041376517748372,-3.115501539690938,1.7530227202422397,2.074843755115007e-4,0.00838458012512932
LINC00898,6.570458141224117,-1.736414139868219,1.7311913233258929,0.00272879392449986,0.0463158450586164
NIBAN3,30.385664598077373,-2.0588234180057543,1.4227180361088148,0.00174866047869986,0.03587749239903454
ENSG00000284703,15.290778526870431,-2.163129451990694,1.437031334093236,0.00140363119620249,0.03132825120610243
RPL13AP12,10.718811581022372,2.7994609556019254,1.0116201484878486,7.954617489953168e-5,0.00427543693039064
TRG-AS1,23.37429810981945,-2.742866073566406,1.2009941239216655,2.17228373902113e-4,0.00863287675572268
OIP5,14.084012034125871,2.5159505047849504,1.279718768755792,4.736683050838551e-4,0.01510095379731215
CDC45,15.40329642289311,4.12989914804661,1.0384039233050393,8.537779545630848e-7,1.431728711271989e-4
ENSG00000272842,10.53307258005405,1.6047262768069592,0.842256877804604,0.0010576809200545,0.02654877053624012
ENSG00000280018,6.757771154202001,2.964391057963499,1.0887889484855289,7.659775161149156e-5,0.00418856487833795
ENSG00000234982,10.48730065632925,2.574796705995696,1.1889676981330424,3.1656095783967554e-4,0.01135916452710299
LINC01844,9.581659309771108,-2.393310088970361,1.3888027818366608,7.843745975787128e-4,0.02177721702814011
ENSG00000243024,13.921196882384224,-3.587136012856517,0.9245927382215644,2.402914374234097e-6,3.0526721297719433e-4
ENSG00000254802,11.0882603314796,2.0208843073841627,1.0836809253720958,9.056923351448266e-4,0.02380541797098533
NFE2,31.99025359066826,-2.9828057877804155,1.4308778236081137,2.1752298873805331e-4,0.00863287675572268
ZNF346-IT1,7.179977207355858,1.896550970011768,1.1655766250211888,0.00163711826394047,0.03423114946895989
LINC01625,12.684214719728288,-2.747404362819488,1.0868774708354685,1.3626731580714823e-4,0.00627778033299085
ENSG00000278911,10.438596271887995,-3.5812124569030073,1.716600875688874,7.288365186338086e-5,0.00404705381671408
CD7,15.87430860396702,-3.3185556048292604,1.1890379557998574,4.616214039133613e-5,0.00293222848334259
ENSG00000287021,11.192068058872293,-3.7826084480655022,0.8172887376545634,1.1916071014032106e-7,2.724880457154215e-5
LINC01965,9.436917343057416,-4.209806175428791,1.5664524481366675,1.263665205974145e-5,0.00111530647687977
CETN4P,13.803914984293405,-2.257258069159938,1.032954696789539,3.886127920571161e-4,0.01311741273106036
ENSG00000278012,24.431033006030557,2.4566666056550654,1.249387884650636,5.05180634832638e-4,0.01582479911404754
ENSG00000287677,10.16080427234556,-1.7156351780517238,1.8350274567418348,0.00201336123105655,0.03877801562480587
ENSG00000231965,8.010934246315212,1.8955832473496472,1.369179420283871,0.00240444350296274,0.04298604966135381
ENSG00000287566,16.779614350131222,-6.069460642665157,0.9997642739353704,6.924606854532328e-13,1.024597416581801e-9
ENSG00000273257,10.49114829528998,-5.288692111341272,1.1995371038720868,1.9356392751205162e-8,6.163173459035627e-6
ENSG00000253762,11.386486313108144,-2.1536454050064173,1.600489456088285,0.00153862626821592,0.03300193691426975
ADAMTS19-AS1,12.562788149476338,-2.101860485028156,1.0475354185690091,6.308932313609685e-4,0.01860432396442415
ENSG00000255980,11.05547075067557,-1.97431500887787,1.2337868580772873,0.00158398625360709,0.03362856566494467
ENSG00000282051,35.3833556542366,-3.846660396220974,1.1583895642690534,7.793996370153504e-6,7.762501067643918e-4
ATP6V1B1,7.942388041153347,2.1101201604445077,1.587588655952994,0.00168273374283909,0.03489487598299626
ENSG00000260751,10.063258109951557,2.242316123206911,0.862660099135605,1.48510564480582e-4,0.00665888545266409
ENSG00000289258,8.553395253497824,-4.53024703618574,1.2136917620330891,9.082502019369884e-7,1.475614696495212e-4
ENSG00000278982,13.08460140485386,-1.943757166306871,1.0711074309042674,0.00106862172608709,0.0266932580913553
PSME2P5,6.302367378955441,3.741051627886107,1.429148879591202,3.3125167740315574e-5,0.00229540074198319
ENSG00000270497,8.362378988904048,2.268676152678395,1.0236069359384907,3.607462222994844e-4,0.01243042530920716
HAUS1P3,15.959787203605952,5.2723912978327725,1.244228583562297,3.777476468749978e-8,1.0217058397305048e-5
ENSG00000279300,6.84747832077467,2.7540134556429887,1.2899899170394638,2.754582559346608e-4,0.01028023289284934
OR2B11,15.183947893343433,-3.0978084638917203,1.2907991126979668,1.19158490574798e-4,0.00575299937028496
ENSG00000287935,13.43220873488769,-3.635659175432152,1.3663583300334727,3.702409914183076e-5,0.00247687284524896
ENSG00000279879,9.54541728453786,-1.8845083122202917,0.9862008744728308,8.94745670235802e-4,0.02362325596625661
LINC01164,5.251476788060556,-2.3334497561798897,1.7449379914565235,0.00100733526404788,0.02575051954457358
ENSG00000220256,9.322888028220415,-2.878560051324772,1.5509812290942468,3.228117690485984e-4,0.01146893677775204
HCRTR1,17.763544017552324,-3.7816595208892574,1.2117764776663524,1.3164778441027394e-5,0.00114981540592223
LINC00486,17.98175236454731,-3.1724638012516024,1.234344929998304,8.191611351143577e-5,0.00435584170090186
NALF1-IT1,9.530415242562764,2.6741713778223315,1.430551979070973,4.419323263663161e-4,0.01439943748370247
LINC01445,27.461099673581604,-1.935685945027478,1.6467975702920123,0.00228865758506492,0.04180747486908001
MAP2K4P1,9.601764479672218,-2.070515951321164,1.536746894398527,0.00182193011411933,0.0367807625124861
LINC02028,16.937223907132793,-1.875772012221631,1.3768433794982018,0.00253900209099144,0.04434593215529147
FEZF1,15.891791807971154,1.6785162769348272,1.7813075213357012,0.00250502753222977,0.04387984856943431
LINC02473,10.821058180341334,-1.9953590416351932,1.5163935702788152,0.00212470900722974,0.04006366594292129
SP7,10.777431784922117,-2.4809924228634257,1.0315801414561137,2.120170671377416e-4,0.00850570543346531
ENSG00000266907,10.141454185603155,-2.154742333381162,1.4281966186190178,0.00141731332995354,0.03154964557668269
LINC00242,6.0311815563731965,-2.578685282573834,1.5150976143795576,6.052438932711506e-4,0.01812417248969348
LINC01436,4.500308330158776,3.6036135930160103,1.3227132007676978,3.5225189419906364e-5,0.00238828683199009
LINC02613,6.274506031958525,-3.5823477213021886,1.4920659708562038,5.706623138335997e-5,0.00342773872496535
NRAD1,12.255646791135778,-3.1822587242555462,1.000030144645342,2.332106638043586e-5,0.00179393915514826
ENSG00000287029,11.705270577770747,-2.1146196194348685,1.3861751466962666,0.00147776955514595,0.03221535224153731
ENSG00000276542,8.239135691123701,1.9060501190957249,1.4603624977827463,0.00252472851195467,0.04416343601509592
ENSG00000258283,9.423836495087436,-2.199347839912281,1.9277795810472216,9.140031022989878e-4,0.02389899587861615
P2RX1,22.406298955350177,-2.987701967591785,1.6265201879113451,2.674046734374109e-4,0.0100844035317011
ENSG00000289357,9.393296638876834,1.9934675757786045,1.5086311461992232,0.00212917970877742,0.04010901598132776
S1PR4,26.37975316244721,-4.3154450885487625,1.2224860114155052,2.264975755924925e-6,2.9519792831365574e-4
ENSG00000286370,8.51955470593647,2.828125029677064,1.8223321267954489,3.6482208390510855e-4,0.01253652281222554
PRR33,8.646905472415051,-2.667195338590921,1.8469938636120544,4.868662160895374e-4,0.01536945938425937
LINC00460,9.083363887922497,-2.2953454844215395,1.864502114472857,9.12749093528479e-4,0.02389899587861615
MYRF-AS1,10.603748624886668,-1.8607265156705508,1.4880169506330942,0.00281036432549912,0.04700259590665227
HEMGN,27.636569811339427,-3.433999071803205,1.598849468822979,9.485783678996844e-5,0.00487945608714696
LINC00845,8.860759697800862,-2.4624881285166658,1.6275675663115723,8.186893681848559e-4,0.02238403518187159
CXCR2P1,13.644355352290654,-3.080717393334476,1.824308476349586,2.181785095577763e-4,0.00864261768412016
LINC01643,8.83229820246097,-1.7252358811053108,1.7209709959665696,0.00283747477488777,0.04739298837153195
TMIGD2,7.636949782368902,-1.8139139002592557,1.0879925387365383,0.0016299936130827,0.03416738278623522
ENSG00000284726,4.8380123968554445,1.962335942298836,1.2281338353543525,0.00161194879214108,0.03398739305743232
CSPG4P13,6.413317010591957,2.093094241884115,1.5888284913959052,0.00174133200380771,0.03575629814186063
ENSG00000285770,4.438783000232446,2.249343369797402,1.5529319162721391,0.00125719871394193,0.02930822655282256
ENSG00000287794,12.147449681777536,2.971199982126292,1.666445562089853,2.815248080349119e-4,0.01047555476525173
CORO7-PAM16,11.501914094912328,-2.14771829581889,1.4070776505604337,0.00140628134407851,0.03135957529162317
ENSG00000226409,11.12629106006789,-1.901528988822004,1.4849187459299578,0.00257357156235068,0.04464525453749601
ENSG00000248529,13.72505343383747,-3.4363481367947957,1.435097693993023,7.355715694947097e-5,0.00405758053926972
ENSG00000275155,4.9317722167557765,2.1920726293252155,1.5994686913535534,0.00142369211059363,0.03163326669186733
PADI4,22.298296218497526,-2.920097460645363,1.7240427452358449,3.15397521370095e-4,0.01134979864455417
ADAM29,9.186478116836708,-1.9295057589238789,1.4765350504195207,0.00241597803661754,0.04306981682004086
ENSG00000226816,8.517717855403278,-1.9667372646403884,1.372204429647406,0.00204377399320147,0.03906948939182608
ENSG00000282917,5.126159536568642,2.076237357170141,1.4081846078201268,0.00165608400017193,0.03448438488437493
SLFN14,20.173105787415594,-2.3589167240226714,1.5079343623171806,9.710416225721444e-4,0.02512705854271272
ADRB3,11.826869415932949,-1.790953404619426,1.6954479905724975,0.00273193446629455,0.04632517271032887
ENSG00000232949,8.622134985919397,-3.204697506531917,1.1198714335717628,4.5772841600462675e-5,0.0029222590294874
ENSG00000248968,5.551674135550576,1.916640794641364,1.7305498034177975,0.00211511325811506,0.03995679899269729
CLEC17A,11.666673372011823,-2.5051660617208946,1.5063494613354251,7.053494619657889e-4,0.02010793075886535
LINC01998,7.274123825042766,-2.1099911231330677,1.7326154746028073,0.0015291488529637,0.03293168685569277
LTB,13.080267330751957,-2.373183549319887,1.794258094453166,8.893762480658746e-4,0.0235984917129209
MTND2P2,5.67225666077493,1.7334061283893367,1.078992337804309,0.00199401083771365,0.03868790456733163
NMUR1,5.017943620951123,-2.401604639638898,1.4854969874208976,8.682858371561173e-4,0.02321026774476618
ENSG00000239572,6.560891261604512,-2.9186617284886327,1.7289383454916971,3.161582806553154e-4,0.01135916452710299
ENSG00000289298,14.427487690871674,-3.412159937480048,0.9413886376156942,6.117192786410317e-6,6.386628848027933e-4
ENSG00000249848,8.189791804856394,1.817373691039447,1.7109105530577624,0.00255097135312006,0.04438800461631256
LINC02717,10.328083960074164,-2.5887714070625085,1.896881189329899,5.263805226714786e-4,0.0163665953860054
PHBP13,6.829194179536903,1.8650753780732985,1.4884856970633598,0.0027846770270366,0.04672832951172704
UBE2R2-AS1,5.727267216772855,2.9689311366780804,1.0780451089287677,7.157821648881107e-5,0.00399219170190588
ENSG00000287844,7.067767144961396,-1.925346867330877,1.7785685844444006,0.00189968843835882,0.03768514430479321
ENSG00000288819,23.181097910962972,-2.9183261429509093,1.6463559671578123,3.137524132459135e-4,0.01130677392949528
ATP8B5P,6.7328738728834905,-2.591726423505825,1.6778621608727833,6.268806118918744e-4,0.01855124107238612
LINC02572,7.829699327046956,-2.139886514152792,1.228861759180779,0.00103601484573,0.02622952884694412
CD300LG,11.411598797910614,-4.18504135864238,1.510279057952359,1.1976928592242454e-5,0.00106832504187683
LINC01361,12.122942609702273,-2.329180208069277,1.9234858508306925,7.68003071606359e-4,0.0214648325146515
TWF1P1,7.263310085927911,-2.210146793469138,1.1644086135861027,7.256905278206639e-4,0.02053320532823507
ENSG00000279437,7.547708376636432,-2.5554651899549907,1.900068713522182,5.552623293530666e-4,0.01699156767949761
APOBEC3D,3.8361056009796655,-3.3362889114814935,1.3555806470959637,7.835914158801447e-5,0.00424101627968942
TRGC1,6.598092294722765,-1.974261575348198,1.598370870501019,0.00219883009308198,0.04081244092058077
CALCR,5.128513152924669,-2.284635976979295,1.6313195912772114,0.0011763856816896,0.02827891958540182
DSG3,6.06901894532514,-2.033211533121002,1.60342982436915,0.00195483466382075,0.03835499392142567
KIR3DX1,8.950912281494078,-2.3073133345911323,1.637968309112492,0.00112263929762394,0.02738978554067199
ENSG00000280216,5.940169622912085,1.6438073270326914,1.1450565589590849,0.00309910274517554,0.04978471093815326
ENSG00000288535,12.958325090449136,-2.0849213049573296,1.670010670602636,0.00170425236424847,0.03522494985234691
ENSG00000286358,7.21484773661752,-2.1687358988394654,1.6324392764677504,0.0014815683670903,0.03221535224153731
TTC3-AS1,6.590792299035774,2.53966363475007,1.290312990089573,4.5940606327619975e-4,0.01481525655852503
ENSG00000247193,6.136237244362552,-1.7454886538663938,1.273873505220252,0.00304703157323871,0.04941052374309445
LRRC37A11P,6.2337473743540865,-2.7023176058542395,1.5107676075705556,4.591411625998706e-4,0.01481525655852503
ENSG00000285738,5.6718467610408005,-1.931015752360728,1.7335814835756584,0.0020571849174509,0.03920004595653747
ENSG00000258028,7.903049731706384,-1.654128513464494,1.736920507230513,0.00294978978687917,0.04852780398898546
MATN1,16.862770739682727,-1.8420806848816091,1.370232618275706,0.00272831136574217,0.0463158450586164
GALNTL5,5.098003754160666,-2.2547091905259378,1.734276065030709,0.00117707039858136,0.02827891958540182
ENSG00000287709,7.66681013688695,-1.912657914863749,1.6074097416271995,0.0024638874248799,0.04344059000968244
ENSG00000283380,7.170697419957552,-2.0605944113577768,1.6595517490614402,0.00179783825131957,0.03644063124391025
BLK,17.027594095889242,-3.007605164108723,1.8986975135598765,2.3925664009868684e-4,0.00928744062506538
GFI1B,14.889057019019887,-1.6789569310707009,1.735780675593441,0.00288360922592549,0.04787743001249495
ENSG00000275278,5.574420942557718,-2.838989572594478,1.5673257700925254,3.5713538152196454e-4,0.01235678595158665
ENSG00000285749,4.525273619289008,-1.899719880788653,1.6811500962358965,0.0023458014146496,0.04229844020031512
LEMD1,8.798680275120839,3.277115794030063,1.5777586889404764,1.3409734947650485e-4,0.00621194241018785
ASGR2,4.523888236182871,-2.6869868105505468,1.6453989021907596,5.139274035762867e-4,0.01607876854422626
HSH2D,21.597321763117694,-3.132983160475608,2.038062378409749,1.596365037812379e-4,0.00695370288045473
ENSG00000288932,7.878655682732922,-2.500816221065011,1.5214382255245464,7.211160696809397e-4,0.02042674956841706
ENSG00000250332,7.139819232855144,-2.094529215838032,1.283604920887859,0.00130884408408431,0.02990251052775367
TDGF1,9.21512657878423,-2.8181010183962463,1.6657905204739163,3.908494806578569e-4,0.01314362010222958
ENSG00000261332,4.640097459090333,1.912118239553771,1.3693627159379629,0.00231373333308852,0.04206146360300833
ENSG00000236304,17.27006054969643,-2.5404982474032267,1.7418417083382916,6.79203371413255e-4,0.01950306119238472
SMIM35,9.765922385153106,-1.994088699389805,1.8444380810947725,0.00148044856337743,0.03221535224153731
PYHIN1,4.981713897836946,-2.731686485137546,1.6761656701489691,4.692985489982941e-4,0.01503787987452622
ENSG00000286666,7.019231922273287,-2.5146965033974222,1.600897147828751,7.307149100427205e-4,0.02062895942448326
ENSG00000287872,5.94351708839869,-1.8736177838432175,1.5608169580871876,0.00272064007934785,0.0463158450586164
ENSG00000284694,6.758014073110156,-2.2608150112001093,1.7965580111462387,0.00108120178716284,0.02676825763217933
CMTM2,6.084677612374649,-1.9321820513071168,1.5960968521560237,0.00238889492838782,0.04276887048303719
HJV,5.659176197166162,-1.9199135211940073,1.6601464812556674,0.00232311544602709,0.04215507965940126
TUBAP11,3.824227463520552,-2.0239333867709206,1.548117092527908,0.00200977331287571,0.03873857311270178
RPL36A-HNRNPH2,6.607139108564291,1.907146748358737,1.4454775667444266,0.00249884693049537,0.04380208758862763
LINC01793,6.1447430822390015,-1.6834477927282507,1.7572094720146283,0.00269498158341434,0.04617817898447166
MTND4P23,6.781227950222128,-1.8797566384534747,1.761211619475475,0.0021035208970053,0.03980490380544809
ENSG00000279174,4.494027183074509,-2.1102334954158413,1.772704203833929,0.00144482651154757,0.03185202986105846
ENSG00000287120,5.9192540726655825,-1.9881212932533872,1.7498801710772265,0.00182797981182946,0.03687329926764904
SLC22A2,4.965843410359739,-2.489393794320582,1.7045087077533063,7.653624209736409e-4,0.02143867075408793
WDR64,6.472287658413529,-2.253502924543239,1.7020206346537148,0.00121202413305811,0.02876156136126768
ADAMTS7P4,4.2201334539088835,-2.238371756371952,1.7641966732490937,0.00117355400561188,0.02824839948053724
ENSG00000287958,5.313892632918031,-2.0238751920629707,1.7294732209278458,0.00178001118724055,0.03630754314300048
OR56B1,9.41003597021964,-1.9130019231631832,1.705839168792696,0.0022151199604883,0.04103028533587838
LINC02642,8.03437278823035,-2.4173038648429945,1.1851682780468873,4.615888203496488e-4,0.01484757696556913
LINC02401,9.7593709151209,-1.5802992461768508,1.7443135376745065,0.0030691127261195,0.04955100225469185
POU2F1-DT,4.920845417103543,2.9046842777339164,1.2719844736089505,1.819445872815477e-4,0.00765703594659604
ENSG00000279463,4.059671846220215,2.033620825282848,1.5490036609056934,0.00197005057432145,0.03835499392142567
ENSG00000287084,11.586423766456704,-1.7072677563000749,1.8490016568696164,0.00191836483574863,0.03790616581179975
ENSG00000261710,8.279717129323066,-1.972420568079108,1.7486503351616247,0.00187786478670921,0.03739969188035119
ST13P4,8.487304114336569,-2.3742882625185064,1.6164477123634704,9.811371154343322e-4,0.02526051484302476
ENSG00000226277,4.767106437742463,-1.7994892846703483,1.6797639700018288,0.00277077968908827,0.04658836383644815
ENSG00000223559,5.721710655293234,-2.0760082615359954,1.8204869946508988,0.00139713916539657,0.03121925862458436
CEACAM4,9.572175903380788,-3.266999618419278,1.8806462719406003,1.4330652507235785e-4,0.0065067370607763304
BRD7P2,4.5263889245192175,-1.9006246626834724,1.5949197401828603,0.0025404503552427,0.04434593215529147
ENSG00000283384,4.501129776343417,-1.8162666121087152,1.6713454828732184,0.00273302680695428,0.04632517271032887
WFDC3,5.592669350277087,-2.7309477435580067,1.7085766933230868,4.687942607136518e-4,0.01503787987452622
ENSG00000287332,6.066810928216759,-1.7642997119431638,1.7196464787703845,0.00270305361623176,0.04622203308136901
CD19,4.66511858595353,-2.5282112125857563,1.6762572654238763,7.13755434587436e-4,0.02030973325974249
ENSG00000287790,6.487314026755299,-2.564556656016024,1.7770432511971666,6.326104346732092e-4,0.01863311811916851
ENSG00000286992,5.571211146645878,-2.113730756265869,1.8220034921233463,0.00131608482446968,0.02993200513084119
IFNA2,4.9242279747029025,-1.9673412467400004,1.7126382529884927,0.00200450673725031,0.03873030516175963
ENSG00000227757,4.804562386140296,-1.8307010277073292,1.6875978001738468,0.00260341286683465,0.04500773007034975
ENSG00000271046,3.7833205523288154,-2.3256977776098258,1.5283183743855924,0.00105721204210171,0.02654877053624012
VRTN,6.673211243387663,-1.6595699347018793,1.762330063237214,0.00271108304306093,0.04626498159101406
