GO.ID	Term	Annotated	Significant	Expected	classicFisher	fdr	gene_ratio	DEGs
GO:0021853	cerebral cortex GABAergic interneuron migration	5	4	0.25	2.9e-5	0.0031485422535211267	0.8	ARX, DRD1, FEZF2, LHX6
GO:0098971	anterograde dendritic transport of neurotransmitter receptor complex	5	4	0.25	2.9e-5	0.0031485422535211267	0.8	KIF17, KIF3B, KIF5A, KIF5C
GO:0001834	trophectodermal cell proliferation	4	3	0.2	4.7e-4	0.03136792207792208	0.75	ACVR1C, IGF1, ZPR1
GO:0051343	positive regulation of cyclic-nucleotide phosphodiesterase activity	4	3	0.2	4.7e-4	0.03136792207792208	0.75	CALM1, CALM2, CALM3
GO:1905913	negative regulation of calcium ion export across plasma membrane	4	3	0.2	4.7e-4	0.03136792207792208	0.75	CALM1, CALM2, CALM3
GO:0021894	cerebral cortex GABAergic interneuron development	6	4	0.3	8.3e-5	0.007802506097560975	0.6666666666666666	ARX, DRD1, FEZF2, LHX6
GO:0021892	cerebral cortex GABAergic interneuron differentiation	10	6	0.5	2.6e-6	4.6073793103448276e-4	0.6	ARX, DLX1, DLX2, DRD1, FEZF2, LHX6
GO:0021826	substrate-independent telencephalic tangential migration	7	4	0.35	1.9e-4	0.014945051020408166	0.5714285714285714	ARX, DRD1, FEZF2, LHX6
GO:0021830	interneuron migration from the subpallium to the cortex	7	4	0.35	1.9e-4	0.014945051020408166	0.5714285714285714	ARX, DRD1, FEZF2, LHX6
GO:0021843	substrate-independent telencephalic tangential interneuron migration	7	4	0.35	1.9e-4	0.014945051020408166	0.5714285714285714	ARX, DRD1, FEZF2, LHX6
GO:0007196	adenylate cyclase-inhibiting G protein-coupled glutamate receptor signaling pathway	9	4	0.45	6.2e-4	0.03778079051383399	0.4444444444444444	GRM2, GRM3, GRM5, GRM7
GO:0098937	anterograde dendritic transport	9	4	0.45	6.2e-4	0.03778079051383399	0.4444444444444444	KIF17, KIF3B, KIF5A, KIF5C
GO:0099640	axo-dendritic protein transport	9	4	0.45	6.2e-4	0.03778079051383399	0.4444444444444444	DLG2, KIF5A, KIF5C, MAP1A
GO:0099641	anterograde axonal protein transport	9	4	0.45	6.2e-4	0.03778079051383399	0.4444444444444444	DLG2, KIF5A, KIF5C, MAP1A
GO:1901160	primary amino compound metabolic process	15	6	0.74	4.9e-5	0.005002867549668874	0.4	AGMAT, ALDH2, AZIN2, GRIN2A, HTR1A, PDE1B
GO:0045956	positive regulation of calcium ion-dependent exocytosis	13	5	0.64	2.7e-4	0.020206747572815535	0.38461538461538464	CDK5, CDK5R2, KCNB1, STX1A, SYT7
GO:0007216	G protein-coupled glutamate receptor signaling pathway	14	5	0.69	4.1e-4	0.028601674208144794	0.35714285714285715	GRM2, GRM3, GRM5, GRM7, HOMER1
GO:0021895	cerebral cortex neuron differentiation	26	9	1.29	2.5e-6	4.5344117647058826e-4	0.34615384615384615	ARX, CHD5, DLX1, DLX2, DRD1, EMX1, FEZF2, LHX6, NR2E1
GO:0010649	regulation of cell communication by electrical coupling	15	5	0.74	5.8e-4	0.036797777777777776	0.3333333333333333	CALM1, CALM2, CALM3, GJA5, SLC8A1
GO:0015671	oxygen transport	15	5	0.74	5.8e-4	0.036797777777777776	0.3333333333333333	HBA1, HBA2, HBB, HBQ1, NGB
GO:0097154	GABAergic neuron differentiation	19	6	0.94	2.3e-4	0.017818643216080402	0.3157894736842105	ARX, DLX1, DLX2, DRD1, FEZF2, LHX6
GO:0023058	adaptation of signaling pathway	23	7	1.14	8.7e-5	0.008079993975903614	0.30434782608695654	ADRB2, ARRB1, GRK3, GRM5, NECAB2, RS1, SAG
GO:0002029	desensitization of G protein-coupled receptor signaling pathway	20	6	0.99	3.1e-4	0.022758428571428572	0.3	ADRB2, ARRB1, GRK3, GRM5, NECAB2, SAG
GO:0022401	negative adaptation of signaling pathway	20	6	0.99	3.1e-4	0.022758428571428572	0.3	ADRB2, ARRB1, GRK3, GRM5, NECAB2, SAG
GO:1904862	inhibitory synapse assembly	27	8	1.34	3.4e-5	0.003640125	0.2962962962962963	CBLN4, FGF13, GABRA2, GABRA4, GABRA5, GABRG1, GABRG3, SEMA4A
GO:0001963	synaptic transmission, dopaminergic	28	8	1.39	4.5e-5	0.004656140939597315	0.2857142857142857	CDK5, CRH, CRHBP, DRD1, PINK1, PRKN, RASD2, SNCA
GO:2000463	positive regulation of excitatory postsynaptic potential	32	9	1.59	1.7e-5	0.0019558880597014927	0.28125	ADRB2, CUX2, DLG4, GRIN2A, GRIN2B, PRKCZ, RGS4, SHANK1, STX1A
GO:0007214	gamma-aminobutyric acid signaling pathway	29	8	1.44	5.9e-5	0.005945117647058823	0.27586206896551724	GABRA2, GABRA4, GABRA5, GABRG1, GABRG3, HTR1A, PHF24, PLCL1
GO:0097164	ammonium ion metabolic process	22	6	1.09	5.5e-4	0.03518402489626556	0.2727272727272727	ALDH2, ALDH7A1, DMGDH, GRIN2A, HTR1A, PDE1B
GO:2000311	regulation of AMPA receptor activity	23	6	1.14	7.1e-4	0.04193896551724138	0.2608695652173913	ADRB2, CACNG3, CACNG8, CNIH3, MEF2C, SHANK1
GO:0043949	regulation of cAMP-mediated signaling	32	8	1.59	1.3e-4	0.0111345	0.25	CRH, FFAR4, GPR61, OPRL1, PDE2A, PEX5L, RAPGEF2, RASD2
GO:0007215	glutamate receptor signaling pathway	50	12	2.48	4.3e-6	6.62931e-4	0.24	CDK5R1, GRIN2A, GRIN2B, GRIN3A, GRM2, GRM3, GRM5, GRM7, HOMER1, KCNB1, NECAB2, SSTR1
GO:0099601	regulation of neurotransmitter receptor activity	46	11	2.28	1.1e-5	0.0013900573770491804	0.2391304347826087	ADRB2, CACNG3, CACNG8, CNIH3, CRH, CRHBP, DLG4, DLGAP2, DLGAP3, MEF2C, SHANK1
GO:0099171	presynaptic modulation of chemical synaptic transmission	35	8	1.73	2.5e-4	0.018986453201970444	0.22857142857142856	DRD1, GRIN3A, GRM2, HTR2A, PRKCB, PRKCG, RAB3A, YWHAH
GO:0051966	regulation of synaptic transmission, glutamatergic	79	18	3.91	4.3e-8	1.2748673076923077e-5	0.22784810126582278	CACNG3, CACNG8, CDK5, DGKZ, DRD1, GRIN2A, GRIN2B, GRM2, GRM3, GRM5, GRM7, HOMER1, HTR2A, IQSEC2, MEF2C, PLPPR4, TNF, UNC13A
GO:0050433	regulation of catecholamine secretion	53	12	2.63	8.2e-6	0.0011187557522123893	0.22641509433962265	CHGA, CRH, GRM2, HTR2A, KCNB1, PINK1, PRKCB, PRKN, SNCA, STX1A, SYT5, SYT7
GO:0097120	receptor localization to synapse	62	14	3.07	1.5e-6	3.003311688311688e-4	0.22580645161290322	C1QL3, CACNG3, CACNG8, DLG2, DLG3, DLG4, IQSEC2, KIF17, KIF3B, KIF5A, KIF5C, LRRC7, PRKCZ, TAMALIN
GO:0045744	negative regulation of G protein-coupled receptor signaling pathway	59	13	2.92	4.8e-6	7.255058823529411e-4	0.22033898305084745	ADRB2, APLP1, ARRB1, CCL5, GRK3, GRM5, NECAB2, OPRL1, PADI2, RGS14, RGS4, SAG, SNCA
GO:0045907	positive regulation of vasoconstriction	32	7	1.59	8.1e-4	0.046251	0.21875	ADD3, ADRA1D, CASR, CYSLTR1, GJA5, HRH2, HTR2A
GO:0060292	long-term synaptic depression	32	7	1.59	8.1e-4	0.046251	0.21875	DRD1, GRM2, IQSEC2, KCNB1, PLK2, SLC24A2, SORCS2
GO:0014059	regulation of dopamine secretion	37	8	1.83	3.8e-4	0.02675095890410959	0.21621621621621623	GRM2, HTR2A, PINK1, PRKCB, PRKN, SNCA, SYT5, SYT7
GO:1904646	cellular response to amyloid-beta	37	8	1.83	3.8e-4	0.02675095890410959	0.21621621621621623	ADRB2, BCL2L2, CACNB1, CDK5, EPHA4, GRM5, IGF1, TNF
GO:0060291	long-term synaptic potentiation	90	19	4.46	6.7e-8	1.91285e-5	0.2111111111111111	AKAP5, CRH, CX3CR1, CYP46A1, DRD1, EPHA4, FAM107A, GRIN2A, GRIN2B, MME, NR2E1, PLK2, PRKCG, PRKCZ, RASGRF2, RGS14, SLC24A2, SNCA, VAMP2
GO:0048167	regulation of synaptic plasticity	198	41	9.81	3.7e-15	5.70429e-12	0.20707070707070707	AKAP5, BRSK1, CAMK2A, CDK5, CRH, CX3CR1, CYP46A1, DLG4, DRD1, EPHA4, ERC2, FAM107A, GRIN2A, GRIN2B, GRM2, GRM5, IQSEC2, ITPKA, KCNB1, KCNQ3, MAP1A, MEF2C, MME, NR2E1, NSMF, PLK2, PPFIA3, PRKCG, PRKCZ, RAB3A, RAPGEF2, RASGRF2, RGS14, RIMS3, SLC24A2, SNCA, SORCS2, SYNGAP1, SYT7, VAMP2, YWHAH
GO:0017158	regulation of calcium ion-dependent exocytosis	39	8	1.93	5.5e-4	0.03518402489626556	0.20512820512820512	CDK5, CDK5R2, KCNB1, RAB3A, RPH3A, STX1A, SYT5, SYT7
GO:0050432	catecholamine secretion	59	12	2.92	2.6e-5	0.0029473676470588234	0.2033898305084746	CHGA, CRH, GRM2, HTR2A, KCNB1, PINK1, PRKCB, PRKN, SNCA, STX1A, SYT5, SYT7
GO:0048013	ephrin receptor signaling pathway	50	10	2.48	1.4e-4	0.011794426229508196	0.2	ANKS1B, CDK5R1, CHN1, EPHA10, EPHA4, EPHB6, KALRN, NGEF, PAK1, PAK3
GO:0042417	dopamine metabolic process	40	8	1.98	6.6e-4	0.039746953125	0.2	ALDH2, DRD1, GPR37, GRIN2A, HTR1A, PDE1B, PRKN, SNCA
GO:0035249	synaptic transmission, glutamatergic	111	22	5.5	2.1e-8	6.8884468085106376e-6	0.1981981981981982	CACNG3, CACNG8, CDH8, CDK5, DGKZ, DRD1, GRIN2A, GRIN2B, GRIN3A, GRM2, GRM3, GRM5, GRM7, HOMER1, HTR2A, IQSEC2, MEF2C, PLPPR4, PRKN, SLC17A7, TNF, UNC13A
GO:0060997	dendritic spine morphogenesis	56	11	2.77	7.9e-5	0.007472042944785276	0.19642857142857142	CDK5, CDK5R1, CUX2, DLG4, EPHA4, ITPKA, NGEF, PAK3, PPFIA2, SHANK1, ZNF365
GO:0042220	response to cocaine	51	10	2.53	1.7e-4	0.013867142857142857	0.19607843137254902	CDK5, CRH, CRHBP, DRD1, GRM2, HOMER1, HTR2A, RGS4, SLC1A2, SLC6A1
GO:0048489	synaptic vesicle transport	41	8	2.03	7.8e-4	0.045207744360902254	0.1951219512195122	BORCS5, CDK5, KIF5A, KIF5C, PINK1, PRKN, RAB3A, SNCA
GO:0007193	adenylate cyclase-inhibiting G protein-coupled receptor signaling pathway	78	15	3.86	5.5e-6	7.779220183486237e-4	0.19230769230769232	AKAP5, CASR, CHRM1, CHRM4, CORT, GPR37, GRM2, GRM3, GRM5, GRM7, HTR1A, OPRL1, PALM, PDE2A, PTGDR2
GO:0035418	protein localization to synapse	78	15	3.86	5.5e-6	7.779220183486237e-4	0.19230769230769232	C1QL3, CACNG3, CDK5, DLG2, DLG4, GRIN2A, HOMER1, IQSEC2, KIF5A, KIF5C, LRRC7, MAP1A, PRKCZ, SHANK1, TAMALIN
GO:0098815	modulation of excitatory postsynaptic potential	48	9	2.38	5.1e-4	0.03317582278481013	0.1875	ADRB2, CUX2, DLG4, GRIN2A, GRIN2B, PRKCZ, RGS4, SHANK1, STX1A
GO:2001222	regulation of neuron migration	48	9	2.38	5.1e-4	0.03317582278481013	0.1875	CAMK2A, CTNNA2, DRD1, FLRT2, NSMF, NTNG2, PHACTR1, RAPGEF2, SHTN1
GO:0008306	associative learning	87	16	4.31	5e-6	7.412019230769231e-4	0.1839080459770115	B4GALT2, BRSK1, CDK5, CRH, DRD1, GABRA5, GRIN2A, MAP1A, OPRL1, PDE1B, RGS14, SHANK1, SLC6A1, SLC7A11, SYNGAP1, TBR1
GO:0007218	neuropeptide signaling pathway	109	20	5.4	3.5e-7	8.175681818181818e-5	0.1834862385321101	CYSLTR1, CYSLTR2, GPR37, GRPR, HCRTR1, MCHR2, NPBWR1, NPBWR2, OPRL1, PDYN, PNOC, PROK2, PROKR2, PTGDR2, RAPGEF2, SORCS2, SORL1, SSTR1, TAC3, UTS2R
GO:0017156	calcium-ion regulated exocytosis	66	12	3.27	8.4e-5	0.007848654545454544	0.18181818181818182	CDK5, CDK5R2, KCNB1, RAB3A, RAPGEF4, RIMS3, RPH3A, STX1A, SYT5, SYT7, UNC13A, VAMP2
GO:0051952	regulation of amine transport	94	17	4.66	3.2e-6	5.421362637362638e-4	0.18085106382978725	CHGA, CRH, DRD1, GRM2, GRM7, HTR2A, KCNB1, PINK1, PRKCB, PRKN, RGS4, SLC6A1, SNCA, STX1A, SYT5, SYT7, TNF
GO:0060996	dendritic spine development	94	17	4.66	3.2e-6	5.421362637362638e-4	0.18085106382978725	CAMK1, CAMK2A, CDK5, CDK5R1, CDKL5, CUX2, DLG4, EPHA4, GRIN3A, IQSEC1, ITPKA, MEF2C, NGEF, PAK3, PPFIA2, SHANK1, ZNF365
GO:0016079	synaptic vesicle exocytosis	96	17	4.76	4.3e-6	6.62931e-4	0.17708333333333334	CDK5, ERC2, PPFIA2, PPFIA3, PRKCB, PRKCG, RAB3A, RIMS3, RPH3A, SEPTIN5, SNCA, SNPH, STX1A, SYT5, SYT7, UNC13A, VAMP2
GO:0071277	cellular response to calcium ion	85	15	4.21	1.6e-5	0.0018829923664122135	0.17647058823529413	CPNE4, CPNE5, CPNE6, CRHBP, DMTN, FOSB, HPCA, ITPKA, KCNB1, KCNQ3, MEF2C, RASAL1, SLC25A23, SYT5, SYT7
GO:0051937	catecholamine transport	74	13	3.67	6.2e-5	0.006088242038216561	0.17567567567567569	CHGA, CRH, DRD1, GRM2, HTR2A, KCNB1, PINK1, PRKCB, PRKN, SNCA, STX1A, SYT5, SYT7
GO:0007632	visual behavior	57	10	2.82	4.4e-4	0.030419192825112108	0.17543859649122806	B4GALT2, CDK5, DRD1, GRIN2A, OPN4, PDE1B, RGS14, SLC1A2, SLC7A11, SYNGAP1
GO:0021885	forebrain cell migration	63	11	3.12	2.4e-4	0.0185004	0.1746031746031746	ARX, CDK5, CDK5R1, CDK5R2, DRD1, EMX2, FEZF2, FGF13, FOXG1, LHX6, NR2E1
GO:0048168	regulation of neuronal synaptic plasticity	58	10	2.87	5.1e-4	0.03317582278481013	0.1724137931034483	CAMK2A, DLG4, GRIN2A, GRIN2B, GRM5, NSMF, PPFIA3, RAB3A, SNCA, SYNGAP1
GO:0050806	positive regulation of synaptic transmission	159	27	7.88	1.8e-8	6.032739130434783e-6	0.16981132075471697	AKAP5, CACNG3, CACNG8, CRH, CX3CR1, CYP46A1, DLG4, DRD1, EPHA4, FAM107A, GRIN2A, GRIN2B, IQSEC2, MME, NR2E1, PINK1, PLK2, PRKCG, PRKCZ, RASGRF2, RGS14, RIMS3, SLC24A2, SNCA, STX1A, TNF, VAMP2
GO:0007200	phospholipase C-activating G protein-coupled receptor signaling pathway	101	17	5	8.8e-6	0.001162807627118644	0.16831683168316833	ADRA1D, C5AR2, CASR, CCKBR, CHGA, CHRM1, CX3CR1, DRD1, FFAR4, GRM5, GRPR, HOMER1, HTR2A, OPRL1, PLCH2, PRKCB, VIP
GO:1902414	protein localization to cell junction	108	18	5.35	5.6e-6	7.848654545454545e-4	0.16666666666666666	C1QL3, CACNG3, CDK5, DLG2, DLG4, GRIN2A, HOMER1, IQSEC2, KIF5A, KIF5C, LRRC7, LSR, MAP1A, MAPK9, NECTIN1, PRKCZ, SHANK1, TAMALIN
GO:0048857	neural nucleus development	66	11	3.27	3.7e-4	0.02653158139534884	0.16666666666666666	ARX, CALM1, CALM2, CALM3, CDK5R1, CDK5R2, CNP, KIRREL3, NDRG2, PADI2, YWHAH
GO:0022029	telencephalon cell migration	60	10	2.97	6.7e-4	0.04003639534883721	0.16666666666666666	ARX, CDK5, CDK5R1, CDK5R2, DRD1, FEZF2, FGF13, FOXG1, LHX6, NR2E1
GO:0097061	dendritic spine organization	79	13	3.91	1.3e-4	0.0111345	0.16455696202531644	CDK5, CDK5R1, CUX2, DLG4, EPHA4, GRIN2B, HOMER1, ITPKA, NGEF, PAK3, PPFIA2, SHANK1, ZNF365
GO:0099177	regulation of trans-synaptic signaling	475	78	23.53	3.8e-21	1.1716919999999999e-17	0.16421052631578947	ABR, ADRB2, AKAP5, BDNF, BRSK1, CACNG3, CACNG8, CAMK2A, CAMKV, CDK5, CDKL5, CHRM1, CRH, CUX2, CX3CR1, CYP46A1, DGKZ, DLG4, DLGAP2, DLGAP3, DRD1, EPHA4, ERC2, FABP5, FAM107A, GRIN2A, GRIN2B, GRIN3A, GRM2, GRM3, GRM5, GRM7, GUCY1B1, HOMER1, HTR2A, IQSEC2, ITPKA, KCNB1, KCNQ3, MAP1A, MAPK9, MEF2C, MME, NR2E1, NSMF, NTNG2, PHF24, PINK1, PLCL1, PLK2, PLPPR4, PPFIA2, PPFIA3, PRKAR2B, PRKCB, PRKCG, PRKCZ, PRKN, RAB3A, RAPGEF2, RASGRF2, RGS14, RGS4, RIMS3, SEPTIN5, SHANK1, SLC24A2, SLC6A1, SLC7A11, SNCA, SORCS2, STX1A, SYNGAP1, SYT7, TNF, UNC13A, VAMP2, YWHAH
GO:0010469	regulation of signaling receptor activity	104	17	5.15	1.3e-5	0.001603368	0.16346153846153846	ADRB2, CACNG3, CACNG8, CNIH3, CRH, CRHBP, DLG4, DLGAP2, DLGAP3, FBXW7, GREM2, MEF2C, PRKCD, SHANK1, TAFA1, TAFA4, TNF
GO:0007612	learning	153	25	7.58	1.3e-7	3.455534482758621e-5	0.16339869281045752	ATP8A1, B4GALT2, BRSK1, CDK5, CRH, DLG4, DRD1, FGF13, GABRA5, GRIN2A, GRM5, MAP1A, OPRL1, PAK6, PDE1B, PRKAR2B, PRKN, RGS14, SHANK1, SLC24A2, SLC6A1, SLC7A11, STRA6, SYNGAP1, TBR1
GO:0019233	sensory perception of pain	80	13	3.96	1.4e-4	0.011794426229508196	0.1625	CCL3, CDK5, FABP5, GRIN2A, HTR2A, MME, OPRL1, PHF24, PNOC, PROK2, SPX, TAFA4, TNF
GO:0050804	modulation of chemical synaptic transmission	474	77	23.48	1.3e-20	3.3403499999999996e-17	0.16244725738396623	ABR, ADRB2, AKAP5, BDNF, BRSK1, CACNG3, CACNG8, CAMK2A, CAMKV, CDK5, CDKL5, CHRM1, CRH, CUX2, CX3CR1, CYP46A1, DGKZ, DLG4, DLGAP2, DLGAP3, DRD1, EPHA4, ERC2, FAM107A, GRIN2A, GRIN2B, GRIN3A, GRM2, GRM3, GRM5, GRM7, GUCY1B1, HOMER1, HTR2A, IQSEC2, ITPKA, KCNB1, KCNQ3, MAP1A, MAPK9, MEF2C, MME, NR2E1, NSMF, NTNG2, PHF24, PINK1, PLCL1, PLK2, PLPPR4, PPFIA2, PPFIA3, PRKAR2B, PRKCB, PRKCG, PRKCZ, PRKN, RAB3A, RAPGEF2, RASGRF2, RGS14, RGS4, RIMS3, SEPTIN5, SHANK1, SLC24A2, SLC6A1, SLC7A11, SNCA, SORCS2, STX1A, SYNGAP1, SYT7, TNF, UNC13A, VAMP2, YWHAH
GO:0031644	regulation of nervous system process	117	19	5.8	4.6e-6	7.02160396039604e-4	0.1623931623931624	ADRB2, CCL3, CHRNA2, CUX2, DLG4, DLGAP2, DLGAP3, FABP5, GRIN2A, GRIN2B, PRKCZ, RGS4, SHANK1, SPX, STX1A, TAFA4, TNF, TPPP, WASF3
GO:0015837	amine transport	105	17	5.2	1.5e-5	0.0017926744186046511	0.1619047619047619	CHGA, CRH, DRD1, GRM2, GRM7, HTR2A, KCNB1, PINK1, PRKCB, PRKN, RGS4, SLC6A1, SNCA, STX1A, SYT5, SYT7, TNF
GO:0019229	regulation of vasoconstriction	68	11	3.37	4.8e-4	0.03189724137931035	0.16176470588235295	ADD3, ADRA1D, ATP2B1, CASR, CYSLTR1, EDN3, GJA5, HRH2, HTR1A, HTR2A, SNTA1
GO:0015844	monoamine transport	87	14	4.31	9e-5	0.008308562874251498	0.16091954022988506	CHGA, CRH, DRD1, GRM2, HTR1A, HTR2A, KCNB1, PINK1, PRKCB, PRKN, SNCA, STX1A, SYT5, SYT7
GO:0008277	regulation of G protein-coupled receptor signaling pathway	143	23	7.08	5.6e-7	1.2159887323943662e-4	0.16083916083916083	ADRB2, APLP1, ARRB1, CAMK2A, CCL5, CHGA, GNG7, GRK3, GRM5, KCTD16, KLK5, NECAB2, OPRL1, PADI2, PHF24, PTGDR2, RGS14, RGS20, RGS4, RGS5, SAG, SNCA, TMOD2
GO:0007613	memory	125	20	6.19	3.3e-6	5.470548387096775e-4	0.16	B4GALT2, BDNF, CAMK2N1, CUX2, CX3CR1, DRD1, FGF13, GRIN2A, HTR2A, KCNK10, MAP1A, MUSK, PAK6, PLK2, PRKCZ, RGS14, SGK1, SHANK1, SLC24A2, SLC6A1
GO:0019933	cAMP-mediated signaling	70	11	3.47	6.1e-4	0.03778079051383399	0.15714285714285714	CRH, FFAR4, GPR61, OPRL1, PDE1B, PDE1C, PDE2A, PDE7B, PEX5L, RAPGEF2, RASD2
GO:0048488	synaptic vesicle endocytosis	70	11	3.47	6.1e-4	0.03778079051383399	0.15714285714285714	BIN1, CDK5, DNAJC6, PRKN, SH3GL3, SLC17A7, SNCA, STX1A, SYT5, SYT7, VAMP2
GO:0060078	regulation of postsynaptic membrane potential	147	23	7.28	9.2e-7	1.891152e-4	0.1564625850340136	ADRB2, CDK5, CHRM1, CHRNA2, CUX2, DLG4, GABRA2, GABRA4, GABRA5, GABRG1, GABRG3, GRIN2A, GRIN2B, GRIN3A, GRM5, HTR3B, MEF2C, PRKCZ, RGS4, RGS7BP, SHANK1, SNCA, STX1A
GO:0051592	response to calcium ion	141	22	6.99	1.7e-6	3.235666666666667e-4	0.15602836879432624	CALM1, CALM2, CALM3, CASR, CPNE4, CPNE5, CPNE6, CRHBP, DMTN, FOSB, HOMER1, HPCA, ITPKA, KCNB1, KCNMA1, KCNQ3, MEF2C, RASAL1, SLC25A23, SLC6A1, SYT5, SYT7
GO:0007611	learning or memory	276	43	13.67	2.1e-11	1.116403448275862e-8	0.15579710144927536	ATP8A1, B4GALT2, BDNF, BRSK1, CAMK2N1, CDK5, CRH, CRHBP, CUX2, CX3CR1, DLG4, DRD1, FGF13, GABRA5, GRIN2A, GRIN2B, GRM5, GRPR, HTR2A, KCNK10, MAP1A, MEF2C, MME, MUSK, OPRL1, PAK6, PDE1B, PLK2, PRKAR2B, PRKCG, PRKCZ, PRKN, RGS14, SGK1, SHANK1, SLC24A2, SLC6A1, SLC7A11, STRA6, SYNGAP1, TBR1, TMOD2, VIP
GO:0106027	neuron projection organization	90	14	4.46	1.3e-4	0.0111345	0.15555555555555556	CDK5, CDK5R1, CUX2, DLG4, EPHA4, GRIN2B, HOMER1, ITPKA, MAP1A, NGEF, PAK3, PPFIA2, SHANK1, ZNF365
GO:0140238	presynaptic endocytosis	71	11	3.52	7e-4	0.0415073076923077	0.15492957746478872	BIN1, CDK5, DNAJC6, PRKN, SH3GL3, SLC17A7, SNCA, STX1A, SYT5, SYT7, VAMP2
GO:0099537	trans-synaptic signaling	744	115	36.86	1.5e-28	2.31255e-24	0.15456989247311828	ABR, ADRB2, AKAP5, BDNF, BRSK1, CACNB1, CACNG3, CACNG8, CAMK2A, CAMKV, CDH8, CDK5, CDKL5, CHRM1, CHRM4, CHRNA2, CNP, CORT, CRH, CRHBP, CUX2, CX3CR1, CYP46A1, DGKZ, DLG2, DLG3, DLG4, DLGAP2, DLGAP3, DRD1, EGR3, EPHA4, ERC2, FABP5, FAM107A, GABRA2, GABRA4, GABRA5, GABRG1, GABRG3, GJD2, GRIN2A, GRIN2B, GRIN3A, GRM2, GRM3, GRM5, GRM7, GUCY1B1, HCRTR1, HOMER1, HRH2, HTR1A, HTR2A, HTR3B, IL1RAPL1, IQSEC2, ITPKA, KCNB1, KCNN1, KCNQ3, KIF5A, MAP1A, MAPK9, MEF2C, MME, NPBWR1, NR2E1, NSMF, NTNG2, PDE7B, PDYN, PHF24, PINK1, PLCL1, PLK2, PLPPR4, PNOC, PPFIA2, PPFIA3, PRKAR2B, PRKCB, PRKCG, PRKCZ, PRKN, PTPRN2, RAB3A, RAPGEF2, RASD2, RASGRF2, RGS14, RGS4, RIMBP2, RIMS3, RPH3A, SEPTIN5, SHANK1, SLC17A7, SLC1A2, SLC24A2, SLC6A1, SLC7A11, SNCA, SNPH, SORCS2, SST, STX1A, SYNGAP1, SYT5, SYT7, TMOD2, TNF, UNC13A, VAMP2, YWHAH
GO:0007268	chemical synaptic transmission	738	113	36.56	1.1e-27	4.239675e-24	0.15311653116531165	ABR, ADRB2, AKAP5, BDNF, BRSK1, CACNB1, CACNG3, CACNG8, CAMK2A, CAMKV, CDH8, CDK5, CDKL5, CHRM1, CHRM4, CHRNA2, CNP, CORT, CRH, CRHBP, CUX2, CX3CR1, CYP46A1, DGKZ, DLG2, DLG3, DLG4, DLGAP2, DLGAP3, DRD1, EGR3, EPHA4, ERC2, FAM107A, GABRA2, GABRA4, GABRA5, GABRG1, GABRG3, GJD2, GRIN2A, GRIN2B, GRIN3A, GRM2, GRM3, GRM5, GRM7, GUCY1B1, HCRTR1, HOMER1, HRH2, HTR1A, HTR2A, HTR3B, IQSEC2, ITPKA, KCNB1, KCNN1, KCNQ3, KIF5A, MAP1A, MAPK9, MEF2C, MME, NPBWR1, NR2E1, NSMF, NTNG2, PDE7B, PDYN, PHF24, PINK1, PLCL1, PLK2, PLPPR4, PNOC, PPFIA2, PPFIA3, PRKAR2B, PRKCB, PRKCG, PRKCZ, PRKN, PTPRN2, RAB3A, RAPGEF2, RASD2, RASGRF2, RGS14, RGS4, RIMBP2, RIMS3, RPH3A, SEPTIN5, SHANK1, SLC17A7, SLC1A2, SLC24A2, SLC6A1, SLC7A11, SNCA, SNPH, SORCS2, SST, STX1A, SYNGAP1, SYT5, SYT7, TMOD2, TNF, UNC13A, VAMP2, YWHAH
GO:0098916	anterograde trans-synaptic signaling	738	113	36.56	1.1e-27	4.239675e-24	0.15311653116531165	ABR, ADRB2, AKAP5, BDNF, BRSK1, CACNB1, CACNG3, CACNG8, CAMK2A, CAMKV, CDH8, CDK5, CDKL5, CHRM1, CHRM4, CHRNA2, CNP, CORT, CRH, CRHBP, CUX2, CX3CR1, CYP46A1, DGKZ, DLG2, DLG3, DLG4, DLGAP2, DLGAP3, DRD1, EGR3, EPHA4, ERC2, FAM107A, GABRA2, GABRA4, GABRA5, GABRG1, GABRG3, GJD2, GRIN2A, GRIN2B, GRIN3A, GRM2, GRM3, GRM5, GRM7, GUCY1B1, HCRTR1, HOMER1, HRH2, HTR1A, HTR2A, HTR3B, IQSEC2, ITPKA, KCNB1, KCNN1, KCNQ3, KIF5A, MAP1A, MAPK9, MEF2C, MME, NPBWR1, NR2E1, NSMF, NTNG2, PDE7B, PDYN, PHF24, PINK1, PLCL1, PLK2, PLPPR4, PNOC, PPFIA2, PPFIA3, PRKAR2B, PRKCB, PRKCG, PRKCZ, PRKN, PTPRN2, RAB3A, RAPGEF2, RASD2, RASGRF2, RGS14, RGS4, RIMBP2, RIMS3, RPH3A, SEPTIN5, SHANK1, SLC17A7, SLC1A2, SLC24A2, SLC6A1, SLC7A11, SNCA, SNPH, SORCS2, SST, STX1A, SYNGAP1, SYT5, SYT7, TMOD2, TNF, UNC13A, VAMP2, YWHAH
GO:0007269	neurotransmitter secretion	144	22	7.13	2.4e-6	4.4048571428571424e-4	0.1527777777777778	BRSK1, CAMK2A, CDK5, ERC2, MEF2C, PPFIA2, PPFIA3, PRKCB, PRKCG, PRKN, PTPRN2, RAB3A, RIMS3, RPH3A, SEPTIN5, SNCA, SNPH, STX1A, SYT5, SYT7, UNC13A, VAMP2
GO:0099643	signal release from synapse	144	22	7.13	2.4e-6	4.4048571428571424e-4	0.1527777777777778	BRSK1, CAMK2A, CDK5, ERC2, MEF2C, PPFIA2, PPFIA3, PRKCB, PRKCG, PRKN, PTPRN2, RAB3A, RIMS3, RPH3A, SEPTIN5, SNCA, SNPH, STX1A, SYT5, SYT7, UNC13A, VAMP2
GO:0099536	synaptic signaling	769	116	38.1	7.7e-28	4.239675e-24	0.1508452535760728	ABR, ADRB2, AKAP5, BDNF, BRSK1, CACNB1, CACNG3, CACNG8, CAMK2A, CAMKV, CDH8, CDK5, CDK5R1, CDKL5, CHRM1, CHRM4, CHRNA2, CNP, CORT, CRH, CRHBP, CUX2, CX3CR1, CYP46A1, DGKZ, DLG2, DLG3, DLG4, DLGAP2, DLGAP3, DRD1, EGR3, EPHA4, ERC2, FABP5, FAM107A, GABRA2, GABRA4, GABRA5, GABRG1, GABRG3, GJD2, GRIN2A, GRIN2B, GRIN3A, GRM2, GRM3, GRM5, GRM7, GUCY1B1, HCRTR1, HOMER1, HRH2, HTR1A, HTR2A, HTR3B, IL1RAPL1, IQSEC2, ITPKA, KCNB1, KCNN1, KCNQ3, KIF5A, MAP1A, MAPK9, MEF2C, MME, NPBWR1, NR2E1, NSMF, NTNG2, PDE7B, PDYN, PHF24, PINK1, PLCL1, PLK2, PLPPR4, PNOC, PPFIA2, PPFIA3, PRKAR2B, PRKCB, PRKCG, PRKCZ, PRKN, PTPRN2, RAB3A, RAPGEF2, RASD2, RASGRF2, RGS14, RGS4, RIMBP2, RIMS3, RPH3A, SEPTIN5, SHANK1, SLC17A7, SLC1A2, SLC24A2, SLC6A1, SLC7A11, SNCA, SNPH, SORCS2, SST, STX1A, SYNGAP1, SYT5, SYT7, TMOD2, TNF, UNC13A, VAMP2, YWHAH
GO:0050890	cognition	319	48	15.8	5.2e-12	2.9691999999999996e-9	0.15047021943573669	ATP8A1, B4GALT2, BDNF, BRSK1, CAMK2N1, CDK5, CHRM1, CRH, CRHBP, CUX2, CX3CR1, DLG4, DRD1, FAM107A, FGF13, GABRA5, GRIN2A, GRIN2B, GRM5, GRPR, HTR2A, JAKMIP1, KCNK10, MAP1A, MEF2C, MME, MUSK, OPRL1, PAK6, PDE1B, PLK2, PRKAR2B, PRKCG, PRKCZ, PRKN, RGS14, SGK1, SHANK1, SLC24A2, SLC6A1, SLC7A11, SOBP, STRA6, SYNGAP1, TBR1, TMOD2, TNF, VIP
GO:0021766	hippocampus development	94	14	4.66	2.1e-4	0.016434365482233503	0.14893617021276595	CDK5, CDK5R1, CDK5R2, DLX1, DLX2, DRD1, EMX2, FEZ1, FEZF2, FGF13, KIRREL3, MAS1, NEUROD6, NR2E1
GO:0036465	synaptic vesicle recycling	81	12	4.01	6.1e-4	0.03778079051383399	0.14814814814814814	BIN1, CDK5, DNAJC6, PRKN, RAB3A, SH3GL3, SLC17A7, SNCA, STX1A, SYT5, SYT7, VAMP2
GO:0140029	exocytic process	82	12	4.06	6.9e-4	0.0410723166023166	0.14634146341463414	ERC2, KCNB1, PPFIA3, RAB3A, RALB, RPH3A, SEPTIN5, SNCA, SNPH, STX1A, SYTL2, UNC13A
GO:0071902	positive regulation of protein serine/threonine kinase activity	124	18	6.14	3.9e-5	0.004118239726027397	0.14516129032258066	ADRB2, CALM1, CALM2, CALM3, CAMK1, CCL19, CCNY, CEMIP, EDN3, IL34, MAP3K10, NEK10, PAK1, RALB, RAPGEF2, SNCA, TNF, TNFRSF11A
GO:0048813	dendrite morphogenesis	139	20	6.89	1.7e-5	0.0019558880597014927	0.14388489208633093	CDK5, CDK5R1, CDKL5, CTNNA2, CUX2, DLG4, EPHA4, IL1RAPL1, ITPKA, NGEF, NR2E1, NSMF, PAK3, PHACTR1, PPFIA2, RAPGEF2, SHANK1, SULT4A1, YWHAH, ZNF365
GO:0050803	regulation of synapse structure or activity	246	35	12.19	1.8e-8	6.032739130434783e-6	0.14227642276422764	BDNF, C1QL3, CAMK1, CAMKV, CDH8, CDK5, CDK5R1, CDKL5, CTNNA2, CUX2, EPHA4, FLRT2, FRMPD4, GRIN2B, HOMER1, ICAM5, IL1RAPL1, ITPKA, LINGO2, LRTM2, MEF2C, MUSK, NECTIN1, NEGR1, NGEF, NTNG2, PAK3, PPFIA2, SEMA4A, SLC17A7, SLC7A11, SLITRK1, SNCA, SYNGAP1, TNF
GO:0007416	synapse assembly	206	29	10.21	3.7e-7	8.388661764705883e-5	0.1407766990291262	ARHGEF9, BDNF, C1QL3, CBLN4, CDH9, CDK5, CNTN5, CUX2, DRD1, FGF13, FLRT2, GABRA2, GABRA4, GABRA5, GABRG1, GABRG3, ICAM5, IL1RAPL1, KIRREL3, LINGO2, LRTM2, MEF2C, MUSK, NECTIN1, NEGR1, NTNG2, SEMA4A, SLITRK1, SNCA
GO:0051282	regulation of sequestering of calcium ion	129	18	6.39	6.7e-5	0.0065375886075949375	0.13953488372093023	CALM1, CALM2, CALM3, CCL19, CCL3, CEMIP, CORO1A, CXCL11, DRD1, GHITM, HTR2A, PLCH1, PLCH2, PTPN6, SLC25A23, SLC8A1, SNCA, TMEM38A
GO:0051928	positive regulation of calcium ion transport	115	16	5.7	1.7e-4	0.013867142857142857	0.1391304347826087	AKAP5, ATP2B1, CALM1, CALM2, CALM3, CAMK2A, CASR, CCL3, CCL5, CEMIP, CRH, CXCL11, DRD1, HOMER1, SNCA, TRPV3
GO:0050807	regulation of synapse organization	240	33	11.89	1e-7	2.7047368421052628e-5	0.1375	BDNF, C1QL3, CAMK1, CAMKV, CDH8, CDK5, CDK5R1, CDKL5, CTNNA2, CUX2, EPHA4, FLRT2, FRMPD4, GRIN2B, HOMER1, ICAM5, IL1RAPL1, ITPKA, LINGO2, LRTM2, MEF2C, MUSK, NECTIN1, NEGR1, NGEF, NTNG2, PAK3, PPFIA2, SEMA4A, SLC7A11, SLITRK1, SNCA, TNF
GO:0043279	response to alkaloid	95	13	4.71	8e-4	0.04602089552238806	0.1368421052631579	CDK5, CRH, CRHBP, DRD1, GRM2, HOMER1, HTR2A, PRKCG, RGS4, SLC1A2, SLC6A1, SLC8A1, TMEM38A
GO:0019935	cyclic-nucleotide-mediated signaling	96	13	4.76	8.8e-4	0.04969582417582418	0.13541666666666666	CRH, FFAR4, GPR61, GUCY1B1, OPRL1, PDE1B, PDE1C, PDE2A, PDE7B, PEX5L, RAPGEF2, RASD2, RUNDC3A
GO:0051208	sequestering of calcium ion	133	18	6.59	1e-4	0.009068823529411765	0.13533834586466165	CALM1, CALM2, CALM3, CCL19, CCL3, CEMIP, CORO1A, CXCL11, DRD1, GHITM, HTR2A, PLCH1, PLCH2, PTPN6, SLC25A23, SLC8A1, SNCA, TMEM38A
GO:0007188	adenylate cyclase-modulating G protein-coupled receptor signaling pathway	244	33	12.09	1.5e-7	3.91957627118644e-5	0.13524590163934427	ADGRB2, ADGRG5, ADRA1D, ADRB2, AKAP5, APLP1, CASR, CHGA, CHRM1, CHRM4, CORT, CXCL11, DRD1, GLP2R, GPR26, GPR37, GPR61, GRM2, GRM3, GRM5, GRM7, HTR1A, OPRL1, PALM, PDE2A, PTGDR2, PTHLH, RAPGEF2, RAPGEF4, RXFP1, S1PR4, VIP, VIPR1
GO:0051209	release of sequestered calcium ion into cytosol	126	17	6.24	1.6e-4	0.013333621621621623	0.1349206349206349	CALM1, CALM2, CALM3, CCL19, CCL3, CEMIP, CORO1A, CXCL11, DRD1, GHITM, HTR2A, PLCH1, PLCH2, PTPN6, SLC8A1, SNCA, TMEM38A
GO:0051283	negative regulation of sequestering of calcium ion	127	17	6.29	1.8e-4	0.01452910994764398	0.13385826771653545	CALM1, CALM2, CALM3, CCL19, CCL3, CEMIP, CORO1A, CXCL11, DRD1, GHITM, HTR2A, PLCH1, PLCH2, PTPN6, SLC8A1, SNCA, TMEM38A
GO:0016358	dendrite development	233	31	11.54	5.3e-7	1.184204347826087e-4	0.13304721030042918	CAMK1, CAMK1D, CAMK2A, CDK5, CDK5R1, CDKL5, CTNNA2, CUX2, DLG4, EPHA4, FEZF2, GPR37, GRIN3A, IL1RAPL1, IQSEC1, ITPKA, LST1, MAP1A, MEF2C, NGEF, NR2E1, NSMF, PAK3, PHACTR1, PPFIA2, RAPGEF2, SHANK1, SULT4A1, SYNGAP1, YWHAH, ZNF365
GO:0032409	regulation of transporter activity	226	30	11.2	8.4e-7	1.7740109589041095e-4	0.13274336283185842	ADRB2, CACNB1, CACNG3, CACNG8, CALM1, CALM2, CALM3, CNIH3, CRH, CRHBP, DLG4, FGF13, FXYD1, FXYD7, GRM5, HOMER1, HPCA, KCNS1, KCNS2, MEF2C, NDFIP2, PRKCD, SCN3B, SGK1, SGK2, SHANK1, SNCA, TMSB4X, VAMP2, YWHAH
GO:0051963	regulation of synapse assembly	113	15	5.6	4.6e-4	0.031104473684210526	0.13274336283185842	BDNF, CUX2, FLRT2, ICAM5, IL1RAPL1, LINGO2, LRTM2, MEF2C, MUSK, NECTIN1, NEGR1, NTNG2, SEMA4A, SLITRK1, SNCA
GO:0060079	excitatory postsynaptic potential	106	14	5.25	7.3e-4	0.0424694716981132	0.1320754716981132	ADRB2, CDK5, CHRNA2, CUX2, DLG4, GRIN2A, GRIN2B, HTR3B, MEF2C, PRKCZ, RGS4, SHANK1, SNCA, STX1A
GO:0099504	synaptic vesicle cycle	197	26	9.76	5e-6	7.412019230769231e-4	0.1319796954314721	ATP6V1E1, BIN1, BRSK1, CDK5, CDK5R1, DNAJC6, ERC2, PPFIA2, PPFIA3, PRKCB, PRKCG, PRKN, RAB3A, RAPGEF4, RIMS3, RPH3A, SEPTIN5, SH3GL3, SLC17A7, SNCA, SNPH, STX1A, SYT5, SYT7, UNC13A, VAMP2
GO:0006836	neurotransmitter transport	205	27	10.16	3.4e-6	5.576361702127659e-4	0.13170731707317074	BRSK1, CAMK2A, CDK5, DRD1, ERC2, MEF2C, PPFIA2, PPFIA3, PRKCB, PRKCG, PRKN, PTPRN2, RAB3A, RIMS3, RPH3A, SEPTIN5, SLC17A7, SLC1A2, SLC6A1, SLC6A13, SNCA, SNPH, STX1A, SYT5, SYT7, UNC13A, VAMP2
GO:0001764	neuron migration	183	24	9.07	1.3e-5	0.001603368	0.13114754098360656	ARX, CAMK2A, CCK, CDK5, CDK5R1, CDK5R2, CDKL5, CTNNA2, DRD1, EMX2, FEZF2, FGF13, FLRT2, FOXG1, KIRREL3, LHX6, MEF2C, NSMF, NTNG2, PHACTR1, RAPGEF2, SATB2, SEPTIN4, SHTN1
GO:0007411	axon guidance	233	30	11.54	1.6e-6	3.0834e-4	0.12875536480686695	ARX, ATOH7, B3GNT2, BDNF, CDK5, CDK5R1, CDK5R2, CHN1, CNTN5, CRPPA, EDN3, EPHA10, EPHA4, EPHB6, FEZ1, FEZF2, FLRT2, FOXG1, GDF7, KALRN, KIF5A, KIF5C, LMO4, LRTM2, NECTIN1, NELL2, PRKCQ, SEMA3G, SEMA4A, TBR1
GO:0097485	neuron projection guidance	233	30	11.54	1.6e-6	3.0834e-4	0.12875536480686695	ARX, ATOH7, B3GNT2, BDNF, CDK5, CDK5R1, CDK5R2, CHN1, CNTN5, CRPPA, EDN3, EPHA10, EPHA4, EPHB6, FEZ1, FEZF2, FLRT2, FOXG1, GDF7, KALRN, KIF5A, KIF5C, LMO4, LRTM2, NECTIN1, NELL2, PRKCQ, SEMA3G, SEMA4A, TBR1
GO:0050808	synapse organization	490	63	24.28	3.2e-12	2.0556000000000002e-9	0.12857142857142856	ARHGEF9, BDNF, C1QL3, CACNB1, CAMK1, CAMKV, CBLN4, CDH8, CDH9, CDK5, CDK5R1, CDKL5, CNTN5, CPNE6, CTNNA2, CUX2, CX3CR1, DLG4, DLGAP3, DRD1, EPHA4, ERC2, FGF13, FLRT2, FRMPD4, GABRA2, GABRA4, GABRA5, GABRG1, GABRG3, GRIN2B, GRM5, HOMER1, ICAM5, IL1RAPL1, ITPKA, KIRREL3, LINGO2, LRTM2, MEF2C, MUSK, NECTIN1, NEGR1, NGEF, NTNG2, PAK3, PALM, PCDHGC5, PPFIA2, PPFIA3, RAB3A, SEMA4A, SHANK1, SLC6A1, SLC7A11, SLITRK1, SNCA, SNTA1, SYNGAP1, TNF, UNC13A, WASF3, ZNF365
GO:0035296	regulation of tube diameter	148	19	7.33	1.3e-4	0.0111345	0.12837837837837837	ADD3, ADRA1D, ADRB2, ATP2B1, CASR, CYSLTR1, DRD1, EDN3, GJA5, HBB, HRH2, HTR1A, HTR2A, KCNMA1, KLF2, SLC8A1, SNTA1, TNF, UTS2R
GO:0097746	blood vessel diameter maintenance	148	19	7.33	1.3e-4	0.0111345	0.12837837837837837	ADD3, ADRA1D, ADRB2, ATP2B1, CASR, CYSLTR1, DRD1, EDN3, GJA5, HBB, HRH2, HTR1A, HTR2A, KCNMA1, KLF2, SLC8A1, SNTA1, TNF, UTS2R
GO:0021761	limbic system development	125	16	6.19	4.5e-4	0.030697566371681417	0.128	CDK5, CDK5R1, CDK5R2, CRH, DLX1, DLX2, DRD1, EMX2, FEZ1, FEZF2, FGF13, KIRREL3, MAS1, NEUROD6, NR2E1, TBR1
GO:0099003	vesicle-mediated transport in synapse	219	28	10.85	4.1e-6	6.516463917525773e-4	0.1278538812785388	ATP6V1E1, BIN1, BRSK1, CDK5, CDK5R1, DNAJC6, EPS15, ERC2, HPCA, PPFIA2, PPFIA3, PRKCB, PRKCG, PRKN, RAB3A, RAPGEF4, RIMS3, RPH3A, SEPTIN5, SH3GL3, SLC17A7, SNCA, SNPH, STX1A, SYT5, SYT7, UNC13A, VAMP2
GO:0071248	cellular response to metal ion	196	25	9.71	1.4e-5	0.0017130000000000001	0.12755102040816327	CPNE4, CPNE5, CPNE6, CRHBP, DLG2, DLG4, DMTN, FOSB, HPCA, ITPKA, KCNB1, KCNQ3, MAP1LC3A, MAPK9, MEF2C, MT1E, MT1F, MT3, PRKN, RASAL1, SLC13A5, SLC25A23, SNCA, SYT5, SYT7
GO:0035150	regulation of tube size	149	19	7.38	1.4e-4	0.011794426229508196	0.12751677852348994	ADD3, ADRA1D, ADRB2, ATP2B1, CASR, CYSLTR1, DRD1, EDN3, GJA5, HBB, HRH2, HTR1A, HTR2A, KCNMA1, KLF2, SLC8A1, SNTA1, TNF, UTS2R
GO:0045860	positive regulation of protein kinase activity	250	31	12.39	2.4e-6	4.4048571428571424e-4	0.124	ADRB2, AGAP2, CALM1, CALM2, CALM3, CAMK1, CCL19, CCL5, CCNY, CEMIP, DLG3, DLG4, EDN3, EPHA4, FBXW7, GRM5, IGF1, IL34, MAP3K10, MMD, MT3, NEK10, PAK1, PINK1, PRKCD, RALB, RAPGEF2, SNCA, STOX1, TNF, TNFRSF11A
GO:0022898	regulation of transmembrane transporter activity	212	26	10.5	1.9e-5	0.0021698000000000004	0.12264150943396226	ADRB2, CACNB1, CACNG3, CACNG8, CALM1, CALM2, CALM3, CNIH3, CRH, CRHBP, DLG4, FGF13, FXYD1, FXYD7, GRM5, HOMER1, HPCA, KCNS1, KCNS2, MEF2C, SCN3B, SHANK1, SNCA, TMSB4X, VAMP2, YWHAH
GO:0032412	regulation of monoatomic ion transmembrane transporter activity	204	25	10.11	2.7e-5	0.0029946690647482013	0.12254901960784313	ADRB2, CACNB1, CACNG3, CACNG8, CALM1, CALM2, CALM3, CNIH3, CRH, CRHBP, DLG4, FGF13, FXYD1, FXYD7, GRM5, HOMER1, HPCA, KCNS1, KCNS2, MEF2C, SCN3B, SHANK1, TMSB4X, VAMP2, YWHAH
GO:0048812	neuron projection morphogenesis	645	79	31.96	6.8e-14	6.1668e-11	0.12248062015503876	APLP1, ARX, ATL1, ATOH7, B3GNT2, BDNF, BRSK1, CCK, CDK5, CDK5R1, CDK5R2, CDKL5, CHN1, CNP, CNTN5, CPNE5, CPNE6, CRPPA, CTNNA2, CUX2, DLG4, EDN3, EMX1, EPHA10, EPHA4, EPHB6, FEZ1, FEZF2, FGF13, FLRT2, FOXG1, GDF7, IL1RAPL1, ISLR2, ITPKA, KALRN, KIF5A, KIF5C, KIRREL3, LMO4, LRTM2, MAP1A, MT3, NECTIN1, NELL2, NGEF, NR2E1, NSMF, NTNG2, OLFM1, OSTN, PAK1, PAK3, PAK6, PHACTR1, PITPNA, PLPPR4, PPFIA2, PRKCQ, PRKCZ, PRKN, RAB3A, RAPGEF2, RASAL1, SEMA3G, SEMA4A, SGK1, SHANK1, SHTN1, SLC39A12, SLITRK1, SULT4A1, SYNGAP1, TBR1, TTL, ULK2, UNC13A, YWHAH, ZNF365
GO:0097553	calcium ion transmembrane import into cytosol	181	22	8.97	9.2e-5	0.008442642857142857	0.12154696132596685	AKAP5, CALM1, CALM2, CALM3, CCL19, CCL3, CEMIP, CORO1A, CXCL11, DRD1, GHITM, GRIN2A, GRIN2B, HTR2A, PLCH1, PLCH2, PTPN6, SLC24A2, SLC8A1, SNCA, TMEM38A, TRPV3
GO:0045055	regulated exocytosis	223	27	11.05	1.7e-5	0.0019558880597014927	0.1210762331838565	CCL3, CDK5, CDK5R2, CHGA, CORO1A, CRHBP, ERC2, KCNB1, PIK3CD, PPFIA2, PPFIA3, PRKCB, PRKCG, PTGDR, RAB3A, RAPGEF4, RIMS3, RPH3A, S100A13, SEPTIN5, SNCA, SNPH, STX1A, SYT5, SYT7, UNC13A, VAMP2
GO:0048667	cell morphogenesis involved in neuron differentiation	580	70	28.74	4e-12	2.46672e-9	0.1206896551724138	ANKRD24, APLP1, ARX, ATL1, ATOH7, B3GNT2, BDNF, BRSK1, CCK, CDK5, CDK5R1, CDK5R2, CDKL5, CHN1, CNP, CNTN5, CRPPA, CTNNA2, CUX2, DLG4, EDN3, EPHA10, EPHA4, EPHB6, FEZ1, FEZF2, FGF13, FLRT2, FOXG1, GDF7, IL1RAPL1, ISLR2, ITPKA, KALRN, KIF5A, KIF5C, LMO4, LRTM2, MAP1A, MEF2C, MT3, NECTIN1, NELL2, NGEF, NR2E1, NSMF, NTNG2, OLFM1, PAK1, PAK3, PHACTR1, PITPNA, PLPPR4, PPFIA2, PRKCQ, RAB3A, RAPGEF2, SEMA3G, SEMA4A, SHANK1, SHTN1, SLITRK1, SULT4A1, SYNGAP1, TBR1, TECTA, TTL, ULK2, YWHAH, ZNF365
GO:0120039	plasma membrane bounded cell projection morphogenesis	661	79	32.75	2.5e-13	2.0285526315789474e-10	0.11951588502269289	APLP1, ARX, ATL1, ATOH7, B3GNT2, BDNF, BRSK1, CCK, CDK5, CDK5R1, CDK5R2, CDKL5, CHN1, CNP, CNTN5, CPNE5, CPNE6, CRPPA, CTNNA2, CUX2, DLG4, EDN3, EMX1, EPHA10, EPHA4, EPHB6, FEZ1, FEZF2, FGF13, FLRT2, FOXG1, GDF7, IL1RAPL1, ISLR2, ITPKA, KALRN, KIF5A, KIF5C, KIRREL3, LMO4, LRTM2, MAP1A, MT3, NECTIN1, NELL2, NGEF, NR2E1, NSMF, NTNG2, OLFM1, OSTN, PAK1, PAK3, PAK6, PHACTR1, PITPNA, PLPPR4, PPFIA2, PRKCQ, PRKCZ, PRKN, RAB3A, RAPGEF2, RASAL1, SEMA3G, SEMA4A, SGK1, SHANK1, SHTN1, SLC39A12, SLITRK1, SULT4A1, SYNGAP1, TBR1, TTL, ULK2, UNC13A, YWHAH, ZNF365
GO:0007409	axonogenesis	454	54	22.49	2.1e-9	8.51992105263158e-7	0.11894273127753303	APLP1, ARX, ATL1, ATOH7, B3GNT2, BDNF, BRSK1, CCK, CDK5, CDK5R1, CDK5R2, CDKL5, CHN1, CNP, CNTN5, CRPPA, CTNNA2, EDN3, EPHA10, EPHA4, EPHB6, FEZ1, FEZF2, FGF13, FLRT2, FOXG1, GDF7, ISLR2, KALRN, KIF5A, KIF5C, LMO4, LRTM2, MAP1A, MT3, NECTIN1, NELL2, NR2E1, NTNG2, OLFM1, PAK1, PAK3, PITPNA, PLPPR4, PRKCQ, RAB3A, SEMA3G, SEMA4A, SHTN1, SLITRK1, SYNGAP1, TBR1, TTL, ULK2
GO:0030534	adult behavior	143	17	7.08	7.2e-4	0.042206235741444866	0.11888111888111888	AGTPBP1, CDK5, CNP, CRHBP, DMRT3, DRD1, EPHA4, GRM2, HOMER1, HTR2A, PRKN, SEPTIN5, SHANK1, SLC1A2, SLC7A11, SLITRK1, SNCA
GO:0018105	peptidyl-serine phosphorylation	278	33	13.77	3.1e-6	5.36996629213483e-4	0.11870503597122302	BDNF, BRSK1, CAMK1, CAMK1D, CAMK1G, CAMK2A, CAMKV, CDK5, CDK5R1, DCLK3, DMTN, MAP3K10, MAPK9, MAST3, NLK, PAK1, PDK3, PINK1, PLK2, PRKCB, PRKCD, PRKCG, PRKCQ, PRKCZ, RPS6KA4, SGK1, SGK2, SNCA, STK32C, STOX1, TNF, ULK2, VRK2
GO:0033674	positive regulation of kinase activity	295	35	14.62	1.6e-6	3.0834e-4	0.11864406779661017	ADRB2, AGAP2, CALM1, CALM2, CALM3, CAMK1, CCL19, CCL5, CCNY, CEMIP, DLG3, DLG4, EDN3, EPHA4, FBXW7, GRM5, IGF1, IL34, LMO4, MAP3K10, MMD, MT3, MUSK, NEK10, PAK1, PINK1, PRKCD, RALB, RAPGEF2, SNCA, STOX1, TEK, TIE1, TNF, TNFRSF11A
GO:1990138	neuron projection extension	177	21	8.77	1.9e-4	0.014945051020408166	0.11864406779661017	CDK5, CDKL5, CPNE5, CPNE6, EDN3, EMX1, ISLR2, MT3, OLFM1, OSTN, PAK6, PRKCZ, PRKN, RASAL1, SEMA3G, SEMA4A, SHTN1, SLC39A12, TTL, ULK2, UNC13A
GO:0048858	cell projection morphogenesis	666	79	33	3.8e-13	2.92923e-10	0.11861861861861862	APLP1, ARX, ATL1, ATOH7, B3GNT2, BDNF, BRSK1, CCK, CDK5, CDK5R1, CDK5R2, CDKL5, CHN1, CNP, CNTN5, CPNE5, CPNE6, CRPPA, CTNNA2, CUX2, DLG4, EDN3, EMX1, EPHA10, EPHA4, EPHB6, FEZ1, FEZF2, FGF13, FLRT2, FOXG1, GDF7, IL1RAPL1, ISLR2, ITPKA, KALRN, KIF5A, KIF5C, KIRREL3, LMO4, LRTM2, MAP1A, MT3, NECTIN1, NELL2, NGEF, NR2E1, NSMF, NTNG2, OLFM1, OSTN, PAK1, PAK3, PAK6, PHACTR1, PITPNA, PLPPR4, PPFIA2, PRKCQ, PRKCZ, PRKN, RAB3A, RAPGEF2, RASAL1, SEMA3G, SEMA4A, SGK1, SHANK1, SHTN1, SLC39A12, SLITRK1, SULT4A1, SYNGAP1, TBR1, TTL, ULK2, UNC13A, YWHAH, ZNF365
GO:0061564	axon development	518	61	25.66	2.8e-10	1.2696352941176472e-7	0.11776061776061776	APLP1, APOD, ARX, ATL1, ATOH7, B3GNT2, BDNF, BRSK1, CCK, CDK5, CDK5R1, CDK5R2, CDKL5, CHN1, CNP, CNTN5, CRPPA, CTNNA2, EDN3, EPHA10, EPHA4, EPHB6, FEZ1, FEZF2, FGF13, FLRT2, FOXG1, GDF7, GRM7, ISLR2, KALRN, KIF5A, KIF5C, LMO4, LRTM2, MAP1A, MT3, NCAM2, NECTIN1, NELL2, NEUROD6, NEUROG2, NR2E1, NTNG2, OLFM1, PAK1, PAK3, PITPNA, PLPPR4, PRKCQ, RAB3A, RTN4RL1, SEMA3G, SEMA4A, SHTN1, SLITRK1, SYNGAP1, TBR1, TTL, ULK2, ZPR1
GO:0018209	peptidyl-serine modification	290	34	14.37	2.9e-6	5.080602272727273e-4	0.11724137931034483	BDNF, BRSK1, CAMK1, CAMK1D, CAMK1G, CAMK2A, CAMKV, CDK5, CDK5R1, DCLK3, DMTN, MAP3K10, MAPK9, MAST3, MGAT5B, NLK, PAK1, PDK3, PINK1, PLK2, PRKCB, PRKCD, PRKCG, PRKCQ, PRKCZ, RPS6KA4, SGK1, SGK2, SNCA, STK32C, STOX1, TNF, ULK2, VRK2
GO:0042391	regulation of membrane potential	436	51	21.6	1.1e-8	3.943883720930232e-6	0.11697247706422019	ADRB2, BIN1, CALM1, CALM3, CDK5, CHRM1, CHRNA2, CUX2, DCN, DLG4, DRD1, FGF13, FXYD1, GABRA2, GABRA4, GABRA5, GABRG1, GABRG3, GJA5, GJD2, GRIN2A, GRIN2B, GRIN3A, GRM5, HTR3B, KCNAB2, KCNB1, KCNH3, KCNH4, KCNK10, KCNK17, KCNMA1, KCNQ3, MEF2C, MYOC, PINK1, PRKCZ, PRKN, RGS4, RGS7BP, RIMS3, SCN3B, SHANK1, SLC8A1, SNCA, SNTA1, STOX1, STX1A, TAFA4, TNF, YWHAH
GO:0006813	potassium ion transport	232	27	11.49	3.4e-5	0.003640125	0.11637931034482758	BIN1, DRD1, EDN3, FXYD1, GHITM, GJA5, HTR2A, KCNAB2, KCNB1, KCNH3, KCNH4, KCNJ4, KCNK10, KCNK17, KCNMA1, KCNN1, KCNQ3, KCNS1, KCNS2, KCNV1, PKD2L1, RGS4, SLC17A7, SLC24A2, TMEM38A, VAMP2, VIP
GO:0071241	cellular response to inorganic substance	224	26	11.1	4.9e-5	0.005002867549668874	0.11607142857142858	CPNE4, CPNE5, CPNE6, CRHBP, DLG2, DLG4, DMTN, FOSB, GUCY1B1, HPCA, ITPKA, KCNB1, KCNQ3, MAP1LC3A, MAPK9, MEF2C, MT1E, MT1F, MT3, PRKN, RASAL1, SLC13A5, SLC25A23, SNCA, SYT5, SYT7
GO:0034329	cell junction assembly	448	51	22.2	2.6e-8	8.180448979591838e-6	0.11383928571428571	APC, APOD, ARHGEF9, BDNF, C1QL3, CBLN4, CDH13, CDH8, CDH9, CDK5, CLDN10, CLDN34, CNTN5, CUX2, DMTN, DRD1, FAM107A, FGF13, FLRT2, FMN1, FRMPD2, GABRA2, GABRA4, GABRA5, GABRG1, GABRG3, GDF2, GJA5, GJB6, ICAM5, IL1RAPL1, KIRREL3, LINGO2, LRTM2, LSR, MEF2C, MUSK, MYOC, NECTIN1, NEGR1, NTNG2, PKP4, POF1B, PTPRK, RAPGEF2, SEMA4A, SLITRK1, SNCA, TEK, TLN2, TNF
GO:1901888	regulation of cell junction assembly	211	24	10.45	1.3e-4	0.0111345	0.11374407582938388	APOD, BDNF, CUX2, DMTN, FAM107A, FLRT2, FMN1, GDF2, ICAM5, IL1RAPL1, LINGO2, LRTM2, MEF2C, MUSK, MYOC, NECTIN1, NEGR1, NTNG2, RAPGEF2, SEMA4A, SLITRK1, SNCA, TEK, TNF
GO:0071900	regulation of protein serine/threonine kinase activity	255	29	12.63	2.7e-5	0.0029946690647482013	0.11372549019607843	ADRB2, APC, CALM1, CALM2, CALM3, CAMK1, CCL19, CCNO, CCNY, CDK5R1, CDK5R2, CDKN2D, CEMIP, DUSP7, EDN3, IL34, MAP3K10, MYOCD, NEK10, PAK1, PRKAR2B, PRKCD, RALB, RAPGEF2, RGS14, SLC8A1, SNCA, TNF, TNFRSF11A
GO:0099173	postsynapse organization	194	22	9.61	2.5e-4	0.018986453201970444	0.1134020618556701	ARHGEF9, C1QL3, CDK5, CDK5R1, CDKL5, CPNE6, CUX2, DLG4, EPHA4, GRIN2B, HOMER1, IL1RAPL1, ITPKA, MUSK, NGEF, NTNG2, PAK3, PPFIA2, SHANK1, SLC7A11, SYNGAP1, ZNF365
GO:0034330	cell junction organization	759	86	37.6	4.2e-13	3.0834e-10	0.11330698287220026	APC, APOD, ARHGEF9, BDNF, C1QL3, CACNB1, CAMK1, CAMKV, CBLN4, CDH13, CDH8, CDH9, CDK5, CDK5R1, CDKL5, CLDN10, CLDN34, CNTN5, CPNE6, CTNNA2, CUX2, CX3CR1, DLG4, DLGAP3, DMTN, DRD1, EPHA4, ERC2, FAM107A, FGF13, FLRT2, FMN1, FRMPD2, FRMPD4, GABRA2, GABRA4, GABRA5, GABRG1, GABRG3, GDF2, GJA5, GJB6, GRIN2B, GRM5, HOMER1, ICAM5, IL1RAPL1, IQSEC1, ITPKA, KIRREL3, LINGO2, LRTM2, LSR, MEF2C, MUSK, MYOC, NECTIN1, NEGR1, NGEF, NTNG2, PAK3, PALM, PCDHGC5, PIK3R1, PKP4, POF1B, PPFIA2, PPFIA3, PRTN3, PTPRK, RAB3A, RAPGEF2, SEMA4A, SHANK1, SLC6A1, SLC7A11, SLITRK1, SNCA, SNTA1, SYNGAP1, TEK, TLN2, TNF, UNC13A, WASF3, ZNF365
GO:0034762	regulation of transmembrane transport	451	51	22.34	3.2e-8	9.673411764705883e-6	0.1130820399113082	ADRB2, AKAP5, AZIN2, BIN1, CACNB1, CACNG3, CACNG8, CALM1, CALM2, CALM3, CEMIP, CNIH3, CORO1A, CRH, CRHBP, CXCL11, DLG4, DRD1, EDN3, FABP5, FFAR4, FGF13, FXYD1, FXYD7, GRIN2A, GRIN2B, GRM5, HOMER1, HPCA, IGF1, KCNAB2, KCNJ4, KCNS1, KCNS2, MEF2C, OSTN, PIK3R1, PRKCB, PTPN6, RGS4, SCN3B, SHANK1, SLC1A2, SLC8A1, SNCA, SNTA1, TMEM38A, TMSB4X, TNF, VAMP2, YWHAH
GO:0048588	developmental cell growth	230	26	11.39	7.7e-5	0.007327833333333334	0.11304347826086956	BDNF, CDK5, CDKL5, CPNE5, CPNE6, EDN3, EMX1, FGF13, IGF1, ISLR2, MT3, OLFM1, OSTN, PAK6, PRKCZ, PRKN, RASAL1, RGS4, SEMA3G, SEMA4A, SHTN1, SLC39A12, SORBS2, TTL, ULK2, UNC13A
GO:0050954	sensory perception of mechanical stimulus	178	20	8.82	5.4e-4	0.03483338912133891	0.11235955056179775	ALDH7A1, ANKRD24, CDKN2D, CEMIP, CNTN5, GJB6, GRM7, HTR2A, KCNQ3, LOXHD1, PHF24, RAB3A, RIPOR2, SLC26A4, SOBP, TECTA, THRB, TIMM10, TMTC4, TNF
GO:0017157	regulation of exocytosis	187	21	9.26	4e-4	0.028030909090909092	0.11229946524064172	CDK5, CDK5R2, IL1RAPL1, KCNB1, LGI3, PPFIA2, PRKCB, PRKCG, PRKN, RAB3A, RAPGEF4, RIMS3, RPH3A, SEPTIN4, SEPTIN5, SNCA, STX1A, STXBP6, SYT5, SYT7, VAMP2
GO:0043270	positive regulation of monoatomic ion transport	206	23	10.21	2.3e-4	0.017818643216080402	0.11165048543689321	ADRB2, AKAP5, ATP2B1, CALM1, CALM2, CALM3, CAMK2A, CASR, CCL3, CCL5, CEMIP, CHRM1, CRH, CXCL11, DRD1, EDN3, FGF13, FXYD1, HOMER1, SCN3B, SNCA, TMSB4X, TRPV3
GO:0003018	vascular process in circulatory system	269	30	13.33	2.9e-5	0.0031485422535211267	0.11152416356877323	ADD3, ADRA1D, ADRB2, ATP2B1, ATP8A1, CASR, CYSLTR1, DRD1, EDN3, FABP5, GJA5, HBB, HRH2, HTR1A, HTR2A, KCNMA1, KLF2, PDE2A, PLVAP, SLC15A2, SLC1A2, SLC6A1, SLC6A13, SLC6A20, SLC8A1, SNTA1, TEK, TNF, UTS2R, ZEB2
GO:0021543	pallium development	191	21	9.46	5.3e-4	0.03433197478991596	0.1099476439790576	ARX, CDK5, CDK5R1, CDK5R2, DLX1, DLX2, DMRTA2, DRD1, EMX1, EMX2, FEZ1, FEZF2, FGF13, FOXG1, KIRREL3, LHX6, MAS1, NEUROD6, NR2E1, PHACTR1, TBR1
GO:0007610	behavior	648	71	32.1	2.4e-10	1.156275e-7	0.1095679012345679	AGTPBP1, ATP8A1, B4GALT2, BDNF, BRSK1, CAMK2N1, CASR, CCK, CCL3, CDK5, CNP, CRH, CRHBP, CUX2, CX3CR1, DLG4, DMRT3, DRD1, EPHA4, FEZF2, FGF13, GABRA5, GCNT4, GNG7, GPR37, GRIN2A, GRIN2B, GRM2, GRM5, GRPR, HCRTR1, HOMER1, HTR1A, HTR2A, KCNK10, KCNQ3, KIRREL3, MAP1A, MEF2C, MME, MUSK, NEGR1, NR2E1, OPN4, OPRL1, PAK6, PDE1B, PLK2, PRKAR2B, PRKCG, PRKCZ, PRKN, RASD2, RGS14, SEPTIN5, SGK1, SHANK1, SLC1A2, SLC24A2, SLC6A1, SLC7A11, SLITRK1, SNCA, SOBP, STRA6, SYNGAP1, TBR1, THRB, TMEM74, TMOD2, VIP
GO:0032989	cellular anatomical entity morphogenesis	781	85	38.69	5.1e-12	2.9691999999999996e-9	0.1088348271446863	APLP1, ARX, ATL1, ATOH7, B3GNT2, BDNF, BRSK1, CCK, CDK5, CDK5R1, CDK5R2, CDKL5, CHN1, CNP, CNTN5, CPNE5, CPNE6, CRPPA, CSRP1, CTNNA2, CUX2, DLG4, EDN3, EMX1, EPHA10, EPHA4, EPHB6, FEZ1, FEZF2, FGF13, FLRT2, FOXG1, GDF7, IL1RAPL1, ISLR2, ITPKA, KALRN, KIF5A, KIF5C, KIRREL3, LMO4, LRTM2, MAP1A, MT3, MYBPC1, MYH11, NECTIN1, NELL2, NGEF, NR2E1, NSMF, NTNG2, OLFM1, OSTN, PAK1, PAK3, PAK6, PHACTR1, PITPNA, PLPPR4, PPFIA2, PRKCQ, PRKCZ, PRKN, RAB3A, RAPGEF2, RASAL1, SEMA3G, SEMA4A, SGK1, SHANK1, SHTN1, SLC39A12, SLITRK1, SULT4A1, SYNGAP1, TBR1, TMOD2, TNNT1, TPPP, TTL, ULK2, UNC13A, YWHAH, ZNF365
GO:1904062	regulation of monoatomic cation transmembrane transport	288	31	14.27	4.2e-5	0.004404857142857143	0.1076388888888889	AKAP5, BIN1, CACNB1, CALM1, CALM2, CALM3, CEMIP, CORO1A, CXCL11, DRD1, EDN3, FGF13, FXYD1, FXYD7, GRIN2A, GRIN2B, HOMER1, HPCA, KCNAB2, KCNS1, KCNS2, PTPN6, RGS4, SCN3B, SLC8A1, SNCA, SNTA1, TMEM38A, TMSB4X, VAMP2, YWHAH
GO:0000902	cell morphogenesis	967	104	47.91	3.5e-14	3.8542500000000005e-11	0.10754912099276112	ANKRD24, APLP1, ARX, ATL1, ATOH7, B3GNT2, BDNF, BRSK1, CCK, CCL3, CDC42EP2, CDC42SE2, CDH13, CDH8, CDH9, CDK5, CDK5R1, CDK5R2, CDKL5, CHN1, CNP, CNTN5, CORO1A, CPNE5, CPNE6, CRPPA, CTNNA2, CUX2, DLG4, DMTN, EDN3, EMX1, EPHA10, EPHA4, EPHB6, FEZ1, FEZF2, FGD6, FGF13, FLRT2, FMNL1, FOXG1, GDF7, IL1RAPL1, ISLR2, ITPKA, KALRN, KIF5A, KIF5C, KIRREL3, KLF2, LMO4, LRTM2, LST1, MAP1A, MATN1, MEF2C, MPIG6B, MT3, NECTIN1, NELL2, NGEF, NR2E1, NSMF, NTNG2, OLFM1, OSTN, PAK1, PAK3, PAK6, PALM, PHACTR1, PITPNA, PLPPR4, POF1B, PPFIA2, PRKCQ, PRKCZ, PRKN, PSMB10, PTPN6, RAB3A, RAPGEF2, RASAL1, RILPL2, SEMA3G, SEMA4A, SEPTIN7, SGK1, SHANK1, SHTN1, SLC39A12, SLITRK1, SULT4A1, SYNGAP1, TBR1, TECTA, TTL, TUBB1, ULK2, UNC13A, WASF3, YWHAH, ZNF365
GO:0006887	exocytosis	346	37	17.14	9.2e-6	0.0011919025210084032	0.1069364161849711	CCL3, CCL5, CDK5, CDK5R2, CHGA, CORO1A, CRHBP, ERC2, IL1RAPL1, KCNB1, KCNQ3, LGI3, PAK1, PIK3CD, PPFIA2, PPFIA3, PRKCB, PRKCG, PRKN, PTGDR, RAB3A, RALB, RAPGEF4, RIMS3, RPH3A, S100A13, SEPTIN4, SEPTIN5, SNCA, SNPH, STX1A, STXBP6, SYT5, SYT7, SYTL2, UNC13A, VAMP2
GO:0051924	regulation of calcium ion transport	235	25	11.64	2.7e-4	0.020206747572815535	0.10638297872340426	AKAP5, ATP2B1, BIN1, CACNB1, CALM1, CALM2, CALM3, CAMK2A, CASR, CCL3, CCL5, CEMIP, CORO1A, CRH, CXCL11, DRD1, HOMER1, HPCA, PTPN6, RCVRN, RGS4, SLC8A1, SNCA, TMEM38A, TRPV3
GO:0031175	neuron projection development	998	106	49.44	4.4e-14	4.52232e-11	0.1062124248496994	ANKRD24, APLP1, APOD, ARX, ATL1, ATOH7, B3GNT2, BDNF, BRSK1, CAMK1, CAMK1D, CAMK2A, CCK, CDK5, CDK5R1, CDK5R2, CDKL5, CHN1, CNP, CNTN5, CPNE5, CPNE6, CRPPA, CTNNA2, CUX2, DLG4, EDN3, EFHD1, EMX1, ENC1, EPHA10, EPHA4, EPHB6, FEZ1, FEZF2, FGF13, FLRT2, FOXG1, GDF7, GPR37, GRIN3A, GRM7, IL1RAPL1, IQSEC1, ISLR2, ITPKA, KALRN, KIF5A, KIF5C, KIRREL3, LMO4, LRRC7, LRTM2, LST1, MAP1A, MEF2C, MT3, MUSK, MYOC, NCAM2, NCS1, NECTIN1, NEGR1, NELL2, NEUROD6, NEUROG2, NGEF, NR2E1, NSMF, NTNG2, OLFM1, OMG, OSTN, PAK1, PAK3, PAK6, PHACTR1, PITPNA, PLPPR4, PPFIA2, PRKCQ, PRKCZ, PRKN, PSD, RAB3A, RAPGEF2, RASAL1, RTN4RL1, SEMA3G, SEMA4A, SERPINI1, SGK1, SHANK1, SHTN1, SLC39A12, SLITRK1, SULT4A1, SYNGAP1, TBR1, TECTA, TTL, ULK2, UNC13A, YWHAH, ZNF365, ZPR1
GO:0071805	potassium ion transmembrane transport	208	22	10.31	6.7e-4	0.04003639534883721	0.10576923076923077	BIN1, EDN3, GHITM, KCNAB2, KCNB1, KCNH3, KCNH4, KCNJ4, KCNK10, KCNK17, KCNMA1, KCNN1, KCNQ3, KCNS1, KCNS2, KCNV1, PKD2L1, RGS4, SLC17A7, SLC24A2, TMEM38A, VAMP2
GO:0010959	regulation of metal ion transport	370	39	18.33	7.4e-6	0.0010186232142857144	0.10540540540540541	ADRB2, AKAP5, ATP2B1, BIN1, CACNB1, CALM1, CALM2, CALM3, CAMK2A, CASR, CCL3, CCL5, CEMIP, CORO1A, CRH, CXCL11, DRD1, EDN3, FGF13, FXYD1, FXYD7, HOMER1, HPCA, HTR2A, KCNAB2, KCNS1, KCNS2, PTPN6, RCVRN, RGS4, SCN3B, SLC8A1, SNCA, SNTA1, TMEM38A, TRPV3, VAMP2, VIP, YWHAH
GO:0043269	regulation of monoatomic ion transport	446	47	22.1	8.8e-7	1.8333729729729732e-4	0.10538116591928251	ADRB2, AKAP5, ATP2B1, BIN1, CACNB1, CALM1, CALM2, CALM3, CAMK2A, CASR, CCL3, CCL5, CEMIP, CHRM1, CLDN10, CORO1A, CRH, CXCL11, DRD1, EDN3, FGF13, FXYD1, FXYD7, GRIN2A, GRIN2B, GRM5, HOMER1, HPCA, HTR1A, HTR2A, KCNAB2, KCNJ4, KCNS1, KCNS2, PTPN6, RCVRN, RGS4, SCN3B, SLC8A1, SNCA, SNTA1, TMEM38A, TMSB4X, TRPV3, VAMP2, VIP, YWHAH
GO:0034765	regulation of monoatomic ion transmembrane transport	327	34	16.2	3.7e-5	0.003933993103448275	0.10397553516819572	ADRB2, AKAP5, BIN1, CACNB1, CALM1, CALM2, CALM3, CEMIP, CORO1A, CXCL11, DRD1, EDN3, FGF13, FXYD1, FXYD7, GRIN2A, GRIN2B, GRM5, HOMER1, HPCA, KCNAB2, KCNJ4, KCNS1, KCNS2, PTPN6, RGS4, SCN3B, SLC8A1, SNCA, SNTA1, TMEM38A, TMSB4X, VAMP2, YWHAH
GO:0006816	calcium ion transport	416	43	20.61	4.2e-6	6.607285714285714e-4	0.10336538461538461	AKAP5, ATP2B1, BIN1, CACNB1, CACNG3, CACNG8, CALM1, CALM2, CALM3, CAMK2A, CASR, CCL19, CCL3, CCL5, CDK5, CEMIP, CORO1A, CRH, CXCL11, CYSLTR1, DRD1, GHITM, GRIN2A, GRIN2B, GRIN3A, HOMER1, HPCA, HTR2A, NCS1, PKD2L1, PLCH1, PLCH2, PRKCB, PTPN6, RCVRN, RGS4, SLC24A2, SLC25A23, SLC8A1, SNCA, TMEM38A, TRPM6, TRPV3
GO:0051347	positive regulation of transferase activity	368	38	18.23	1.6e-5	0.0018829923664122135	0.10326086956521739	ADRB2, AGAP2, CALM1, CALM2, CALM3, CAMK1, CCL19, CCL5, CCNY, CEMIP, DLG3, DLG4, EDN3, EPHA4, FBXW7, GRM5, IGF1, IL34, LMO4, MAP3K10, MMD, MT3, MUSK, NEK10, PAK1, PARM1, PINK1, PLAAT4, PRKCD, PRKCQ, RALB, RAPGEF2, SNCA, STOX1, TEK, TIE1, TNF, TNFRSF11A
GO:0022604	regulation of cell morphogenesis	243	25	12.04	4.5e-4	0.030697566371681417	0.102880658436214	CCL3, CDC42EP2, CDC42SE2, CDKL5, CORO1A, CPNE5, CPNE6, CUX2, DLG4, DMTN, EPHA4, FGD6, FMNL1, IL1RAPL1, ITPKA, LST1, NTNG2, OSTN, PALM, PRKN, RASAL1, SEMA4A, SEPTIN7, UNC13A, WASF3
GO:0048666	neuron development	1144	117	56.68	2.6e-14	3.34035e-11	0.10227272727272728	AGTPBP1, ANKRD24, APLP1, APOD, ARX, ATL1, ATOH7, B3GNT2, BDNF, BRSK1, CAMK1, CAMK1D, CAMK2A, CCK, CDK5, CDK5R1, CDK5R2, CDKL5, CHN1, CNP, CNTN5, CPNE5, CPNE6, CRPPA, CTNNA2, CUX2, DLG4, DRD1, EDN3, EFHD1, EMX1, ENC1, EPHA10, EPHA4, EPHB6, FEZ1, FEZF2, FGF13, FLRT2, FOXG1, GABRA5, GDF7, GLDN, GPR37, GRIN3A, GRM7, IL1RAPL1, IQSEC1, ISLR2, ITPKA, KALRN, KCNB1, KCNQ3, KIF5A, KIF5C, KIRREL3, LHX6, LMO4, LRRC7, LRTM2, LST1, MAP1A, MEF2C, MT3, MUSK, MYOC, NCAM2, NCS1, NECTIN1, NEGR1, NELL2, NEUROD6, NEUROG2, NGEF, NR2E1, NSMF, NTNG2, OLFM1, OMG, OSTN, PAK1, PAK3, PAK6, PHACTR1, PITPNA, PLPPR4, PPFIA2, PRKCQ, PRKCZ, PRKN, PRPH2, PSD, RAB3A, RAPGEF2, RASAL1, RND1, RORB, RTN4RL1, SEMA3G, SEMA4A, SERPINI1, SGK1, SHANK1, SHTN1, SLC39A12, SLITRK1, SULT4A1, SYNGAP1, TBR1, TECTA, THRB, TTL, ULK2, UNC13A, YWHAH, ZNF365, ZPR1
GO:0070588	calcium ion transmembrane transport	324	33	16.05	7.3e-5	0.006990316770186336	0.10185185185185185	AKAP5, ATP2B1, BIN1, CACNB1, CACNG3, CACNG8, CALM1, CALM2, CALM3, CCL19, CCL3, CEMIP, CORO1A, CXCL11, DRD1, GHITM, GRIN2A, GRIN2B, GRIN3A, HPCA, HTR2A, NCS1, PKD2L1, PLCH1, PLCH2, PTPN6, SLC24A2, SLC25A23, SLC8A1, SNCA, TMEM38A, TRPM6, TRPV3
GO:0010038	response to metal ion	351	35	17.39	6.8e-5	0.006593433962264151	0.09971509971509972	CALM1, CALM2, CALM3, CASR, CPNE4, CPNE5, CPNE6, CRHBP, DLG2, DLG4, DMTN, FECH, FOSB, HOMER1, HPCA, ITPKA, KCNB1, KCNMA1, KCNQ3, MAP1LC3A, MAPK9, MEF2C, MT1E, MT1F, MT3, PRKN, RASAL1, SLC13A5, SLC25A23, SLC30A3, SLC6A1, SNCA, SYT5, SYT7, UROS
GO:1903522	regulation of blood circulation	251	25	12.44	7.3e-4	0.0424694716981132	0.099601593625498	ADD3, ADRA1D, ATP2B1, BIN1, CALM1, CALM2, CALM3, CASR, CHGA, CYSLTR1, EDN3, FGF13, FXYD1, GJA5, HRH2, HTR1A, HTR2A, RGS4, SCN3B, SLC8A1, SNTA1, SPX, THRB, TMEM38A, TNF
GO:0043549	regulation of kinase activity	510	50	25.27	3.3e-6	5.470548387096775e-4	0.09803921568627451	ADRB2, AGAP2, APC, CALM1, CALM2, CALM3, CAMK1, CAMK2N1, CCL19, CCL5, CCNO, CCNY, CDK5R1, CDK5R2, CDKN2D, CEMIP, DBNDD2, DLG3, DLG4, DUSP7, EDN3, EPHA4, FBXW7, GRM5, IGF1, IL34, LDB2, LMO4, MAP3K10, MMD, MT3, MUSK, MYOCD, NEK10, PAK1, PINK1, PRKAR2B, PRKCD, PRKN, PTPRB, RALB, RAPGEF2, RGS14, SLC8A1, SNCA, STOX1, TEK, TIE1, TNF, TNFRSF11A
GO:0045859	regulation of protein kinase activity	449	44	22.24	1.3e-5	0.001603368	0.09799554565701558	ADRB2, AGAP2, APC, CALM1, CALM2, CALM3, CAMK1, CAMK2N1, CCL19, CCL5, CCNO, CCNY, CDK5R1, CDK5R2, CDKN2D, CEMIP, DBNDD2, DLG3, DLG4, DUSP7, EDN3, EPHA4, FBXW7, GRM5, IGF1, IL34, MAP3K10, MMD, MT3, MYOCD, NEK10, PAK1, PINK1, PRKAR2B, PRKCD, PTPRB, RALB, RAPGEF2, RGS14, SLC8A1, SNCA, STOX1, TNF, TNFRSF11A
GO:0010975	regulation of neuron projection development	452	44	22.39	1.5e-5	0.0017926744186046511	0.09734513274336283	ATOH7, BDNF, BRSK1, CAMK1, CAMK1D, CDK5, CDK5R1, CDKL5, CHN1, CTNNA2, CUX2, ENC1, EPHA4, FEZ1, FEZF2, FGF13, IL1RAPL1, ISLR2, ITPKA, LRRC7, MT3, MUSK, NCS1, NEGR1, NGEF, NR2E1, NSMF, NTNG2, PAK1, PAK3, PPFIA2, RAPGEF2, RTN4RL1, SEMA3G, SEMA4A, SERPINI1, SHTN1, SLC39A12, SLITRK1, SYNGAP1, TBR1, ULK2, YWHAH, ZNF365
GO:0006874	intracellular calcium ion homeostasis	299	29	14.81	4.4e-4	0.030419192825112108	0.09698996655518395	ATP2B1, CALM1, CALM2, CALM3, CASR, CCL19, CCL3, CCL5, CEMIP, CORO1A, CXCL11, DRD1, EDN3, ERC2, GHITM, GRM5, HCRTR1, HTR2A, PLCH1, PLCH2, PRKCB, PTPN6, SLC24A2, SLC25A23, SLC8A1, SNCA, TMEM38A, TMTC4, TSPOAP1
GO:0030182	neuron differentiation	1408	135	69.76	3.2e-14	3.7949538461538464e-11	0.09588068181818182	AGTPBP1, ALDH1A2, ANKRD24, APLP1, APOD, ARX, ATL1, ATOH7, B3GNT2, BDNF, BIN1, BRINP2, BRSK1, CAMK1, CAMK1D, CAMK2A, CCK, CDK5, CDK5R1, CDK5R2, CDKL5, CHD5, CHN1, CNP, CNTN5, CPNE5, CPNE6, CRPPA, CTNNA2, CUX2, CYB5D2, DLG4, DLX1, DLX2, DMRT3, DMRTA2, DRD1, EDN3, EFHD1, EMX1, EMX2, ENC1, EPHA10, EPHA4, EPHB6, FEZ1, FEZF2, FGF13, FKBP8, FLRT2, FOXG1, FZD8, GABRA5, GDF7, GLDN, GPR37, GRIN3A, GRM7, IL1RAPL1, IQSEC1, ISLR2, ITPKA, KALRN, KCNB1, KCNQ3, KIF5A, KIF5C, KIRREL3, LHX6, LMO4, LRRC7, LRTM2, LST1, MAP1A, MEF2C, MMD, MT3, MUSK, MYOC, NCAM2, NCS1, NECTIN1, NEGR1, NELL2, NEUROD6, NEUROG2, NGEF, NR2E1, NSMF, NTNG2, OLFM1, OMG, OSTN, PAK1, PAK3, PAK6, PHACTR1, PITPNA, PLPPR4, PPFIA2, PRKCQ, PRKCZ, PRKN, PRPH2, PSD, RAB3A, RAPGEF2, RASAL1, RND1, RORB, RTN4RL1, SEMA3G, SEMA4A, SERPINI1, SGK1, SH3GL3, SHANK1, SHTN1, SLC39A12, SLITRK1, SNPH, SULT4A1, SYNGAP1, TBR1, TECTA, THRB, TTL, ULK2, UNC13A, VXN, WNT10B, YWHAH, ZNF365, ZNF536, ZPR1
GO:0044057	regulation of system process	534	51	26.46	5.5e-6	7.779220183486237e-4	0.09550561797752809	ADD3, ADRA1D, ADRB2, ATP2B1, BIN1, CACNB1, CALM1, CALM2, CALM3, CASR, CCL3, CHGA, CHRNA2, CRH, CRHBP, CUX2, CYSLTR1, DLG4, DLGAP2, DLGAP3, EDN3, FABP5, FGF13, FXYD1, GJA5, GRIN2A, GRIN2B, HRH2, HTR1A, HTR2A, IGF1, MLIP, MYOCD, PRKCZ, PROK2, RGS4, SCN3B, SETD3, SGK1, SHANK1, SLC8A1, SNTA1, SPX, STX1A, TAFA4, THRB, TMEM38A, TNF, TNNT1, TPPP, WASF3
GO:0051402	neuron apoptotic process	283	27	14.02	8.8e-4	0.04969582417582418	0.09540636042402827	AGAP2, BDNF, CCL3, CDK5, CDK5R1, CORO1A, CRH, CX3CR1, DLX1, FBXW7, HTR2A, KCNB1, KCNQ3, MEF2C, MT3, NSMF, PCDHGC5, PINK1, PRKCG, PRKN, SNCA, SYNGAP1, THRB, TMTC4, TNF, VSTM2L, ZPR1
GO:0030001	metal ion transport	863	82	42.76	9e-9	3.3036428571428567e-6	0.09501738122827347	ADRB2, AKAP5, ATP2B1, BIN1, CACNB1, CACNG3, CACNG8, CALM1, CALM2, CALM3, CAMK2A, CASR, CCL19, CCL3, CCL5, CDK5, CEMIP, CORO1A, CRH, CXCL11, CYSLTR1, DRD1, EDN3, FGF13, FXYD1, FXYD7, GHITM, GJA5, GRIN2A, GRIN2B, GRIN3A, HOMER1, HPCA, HTR2A, KCNAB2, KCNB1, KCNH3, KCNH4, KCNJ4, KCNK10, KCNK17, KCNMA1, KCNN1, KCNQ3, KCNS1, KCNS2, KCNV1, KLHL3, MT3, NCS1, NDFIP2, NECTIN1, NIPA1, PKD2L1, PLCH1, PLCH2, PRKCB, PTPN6, RCVRN, RGS4, SCN3B, SCNN1A, SGK1, SLC13A5, SLC17A7, SLC24A2, SLC25A23, SLC30A3, SLC39A12, SLC48A1, SLC6A1, SLC6A13, SLC6A20, SLC8A1, SNCA, SNTA1, TMEM38A, TRPM6, TRPV3, VAMP2, VIP, YWHAH
GO:0022008	neurogenesis	1717	163	85.07	8.8e-17	1.69587e-13	0.09493302271403611	AGTPBP1, ALDH1A2, ANKRD24, APLP1, APOD, ARX, ASPA, ATL1, ATOH7, B3GNT2, BDNF, BIN1, BRINP2, BRSK1, CAMK1, CAMK1D, CAMK2A, CCK, CCL3, CDK5, CDK5R1, CDK5R2, CDKL5, CHD5, CHN1, CHRM1, CNP, CNTN5, CPNE5, CPNE6, CRPPA, CTNNA2, CUX2, CX3CR1, CYB5D2, CYSLTR1, DLG4, DLX1, DLX2, DMRT3, DMRTA2, DRD1, EDN3, EFHD1, EML1, EMX1, EMX2, ENC1, EPHA10, EPHA4, EPHB6, FEZ1, FEZF2, FGF13, FKBP8, FLRT2, FOXG1, FZD8, GABRA5, GDF7, GLDN, GPR37, GRIN2A, GRIN3A, GRM5, GRM7, HDAC11, HHIP, IL1RAPL1, IL34, IQSEC1, ISLR2, ITPKA, KALRN, KCNB1, KCNQ3, KIF5A, KIF5C, KIRREL3, LHX6, LMO4, LRRC7, LRTM2, LST1, MAL, MAN2A1, MAP1A, MEF2C, MMD, MME, MT3, MUSK, MYOC, NAV3, NCAM2, NCS1, NECTIN1, NEGR1, NELL2, NEUROD6, NEUROG2, NGEF, NR2E1, NSMF, NTNG2, OLFM1, OMG, OPALIN, OSTN, PAK1, PAK3, PAK6, PHACTR1, PITPNA, PLPPR4, PPFIA2, PRDM6, PRKCQ, PRKCZ, PRKN, PRPH2, PSD, PTPRB, RAB3A, RAPGEF2, RASAL1, RGS14, RND1, ROGDI, RORB, RTN4RL1, SATB2, SEMA3G, SEMA4A, SEPTIN4, SERPINI1, SGK1, SH3GL3, SHANK1, SHTN1, SLC39A12, SLITRK1, SNPH, SORL1, SULT4A1, SYNGAP1, TAFA1, TBR1, TECTA, THRB, TNF, TPPP, TTL, ULK2, UNC13A, VXN, WASF3, WNT10B, YWHAH, ZEB2, ZNF365, ZNF536, ZPR1
GO:0048699	generation of neurons	1490	141	73.82	2.2e-14	3.0834e-11	0.09463087248322148	AGTPBP1, ALDH1A2, ANKRD24, APLP1, APOD, ARX, ATL1, ATOH7, B3GNT2, BDNF, BIN1, BRINP2, BRSK1, CAMK1, CAMK1D, CAMK2A, CCK, CDK5, CDK5R1, CDK5R2, CDKL5, CHD5, CHN1, CNP, CNTN5, CPNE5, CPNE6, CRPPA, CTNNA2, CUX2, CX3CR1, CYB5D2, DLG4, DLX1, DLX2, DMRT3, DMRTA2, DRD1, EDN3, EFHD1, EML1, EMX1, EMX2, ENC1, EPHA10, EPHA4, EPHB6, FEZ1, FEZF2, FGF13, FKBP8, FLRT2, FOXG1, FZD8, GABRA5, GDF7, GLDN, GPR37, GRIN3A, GRM7, HHIP, IL1RAPL1, IQSEC1, ISLR2, ITPKA, KALRN, KCNB1, KCNQ3, KIF5A, KIF5C, KIRREL3, LHX6, LMO4, LRRC7, LRTM2, LST1, MAP1A, MEF2C, MMD, MT3, MUSK, MYOC, NCAM2, NCS1, NECTIN1, NEGR1, NELL2, NEUROD6, NEUROG2, NGEF, NR2E1, NSMF, NTNG2, OLFM1, OMG, OSTN, PAK1, PAK3, PAK6, PHACTR1, PITPNA, PLPPR4, PPFIA2, PRKCQ, PRKCZ, PRKN, PRPH2, PSD, RAB3A, RAPGEF2, RASAL1, RND1, RORB, RTN4RL1, SATB2, SEMA3G, SEMA4A, SEPTIN4, SERPINI1, SGK1, SH3GL3, SHANK1, SHTN1, SLC39A12, SLITRK1, SNPH, SULT4A1, SYNGAP1, TAFA1, TBR1, TECTA, THRB, TTL, ULK2, UNC13A, VXN, WNT10B, YWHAH, ZNF365, ZNF536, ZPR1
GO:1990778	protein localization to cell periphery	350	33	17.34	3.1e-4	0.022758428571428572	0.09428571428571429	AKAP5, C1QL3, CACNG3, CDK5, DLG4, EFR3B, FGF13, GRIN2A, IQSEC2, KCNB1, LRRC7, MAL, NHLRC1, PALM, PHAF1, PIK3R1, PRKCZ, PRPH2, RAB3A, RAB40B, RAB40C, RABEP1, RAPGEF2, RILPL2, SCN3B, SNCA, SORL1, SPTBN1, TAMALIN, TNF, TSPAN15, VAMP2, ZDHHC23
GO:0007267	cell-cell signaling	1677	158	83.08	5.8e-16	9.9354e-13	0.09421586165772212	ABR, ACVR1C, ADRA1D, ADRB2, AKAP5, AMER2, APC, BDNF, BLK, BRSK1, CACNB1, CACNG3, CACNG8, CAMK2A, CAMKV, CASR, CCL3, CCL5, CCNY, CDH8, CDK5, CDK5R1, CDKL5, CHGA, CHRM1, CHRM4, CHRNA2, CNP, CORT, CRH, CRHBP, CUX2, CX3CR1, CXCL11, CXCL14, CYP46A1, DACT3, DGKZ, DKK2, DLG2, DLG3, DLG4, DLGAP2, DLGAP3, DRD1, EDN3, EGR3, EPHA4, ERC2, FABP5, FAM107A, FFAR4, FGF13, FZD8, GABRA2, GABRA4, GABRA5, GABRG1, GABRG3, GJA5, GJB6, GJD2, GRIN2A, GRIN2B, GRIN3A, GRM2, GRM3, GRM5, GRM7, GUCY1B1, HCRTR1, HNF4A, HOMER1, HRH2, HTR1A, HTR2A, HTR3B, IGFBP6, IL1RAPL1, IQSEC2, ITPKA, KCNB1, KCNN1, KCNQ3, KIF5A, KREMEN2, MAP1A, MAPK9, MEF2C, MME, MYOC, NDRG2, NLK, NOS2, NPBWR1, NR2E1, NSMF, NTNG2, NUDT3, PDE7B, PDYN, PHF24, PINK1, PKP4, PLCL1, PLK2, PLPPR4, PNOC, PPFIA2, PPFIA3, PRICKLE2, PRKAR2B, PRKCB, PRKCG, PRKCZ, PRKN, PSG9, PTHLH, PTPRN, PTPRN2, RAB3A, RAPGEF2, RAPGEF4, RASD2, RASGRF2, RGS14, RGS4, RIMBP2, RIMS3, RPH3A, SCN3B, SEPTIN5, SH2D1A, SHANK1, SLC17A7, SLC1A2, SLC24A2, SLC6A1, SLC7A11, SNCA, SNPH, SORCS2, SST, STX1A, SYNGAP1, SYT5, SYT7, TEK, TMOD2, TNF, TNFRSF11A, TRABD2A, UNC13A, VAMP2, VIP, WNT10B, YWHAH, ZEB2
GO:0050767	regulation of neurogenesis	383	36	18.98	1.8e-4	0.01452910994764398	0.09399477806788512	ASPA, BDNF, BIN1, CDK5, CDKL5, CUX2, CX3CR1, CYSLTR1, DLX1, DLX2, DMRTA2, EPHA4, FEZF2, FGF13, FOXG1, GRM5, IL1RAPL1, IL34, ISLR2, ITPKA, MAN2A1, MME, MT3, NR2E1, RAPGEF2, RGS14, SEMA3G, SEMA4A, SHTN1, SLITRK1, SORL1, SYNGAP1, TNF, ULK2, YWHAH, ZNF365
GO:0051960	regulation of nervous system development	458	42	22.69	9.3e-5	0.00848391124260355	0.09170305676855896	ASPA, BDNF, BIN1, CDK5, CDKL5, CUX2, CX3CR1, CYSLTR1, DLX1, DLX2, DMRTA2, EPHA4, FEZF2, FGF13, FLRT2, FOXG1, GRM5, IL1RAPL1, IL34, ISLR2, ITPKA, LINGO2, LRTM2, MAN2A1, MME, MT3, NR2E1, RAPGEF2, RGS14, SEMA3G, SEMA4A, SHTN1, SLITRK1, SORL1, SYNGAP1, TNF, TPPP, ULK2, WASF3, YWHAH, ZNF365, ZPR1
GO:0090066	regulation of anatomical structure size	509	46	25.22	6.2e-5	0.006088242038216561	0.09037328094302555	ADD3, ADRA1D, ADRB2, ATP2B1, BDNF, BIN1, BORCS5, CARMIL2, CASR, CDC42EP2, CDK5, CDKL5, CORO1A, CYRIA, CYSLTR1, DMTN, DRD1, EDN3, FGF13, FMN1, GJA5, HBB, HRH2, HTR1A, HTR2A, ISLR2, KCNMA1, KLF2, MT3, OLFM1, PAK3, PDXP, PRKCD, RAP1GAP2, SEMA3G, SEMA4A, SHTN1, SLC8A1, SNTA1, SPTBN1, TMOD2, TMSB4X, TNF, TTL, ULK2, UTS2R
GO:0120035	regulation of plasma membrane bounded cell projection organization	647	58	32.05	8.9e-6	0.001162807627118644	0.08964451313755796	APC, ATOH7, BDNF, BRSK1, CAMK1, CAMK1D, CARMIL2, CCL19, CDC42EP2, CDK5, CDK5R1, CDKL5, CHN1, CTNNA2, CUX2, DMTN, ENC1, EPHA4, EVI5L, FEZ1, FEZF2, FGF13, GRIN2B, HOMER1, IL1RAPL1, ISLR2, ITPKA, LRRC7, MT3, MUSK, NCS1, NEGR1, NGEF, NR2E1, NSMF, NTNG2, PAK1, PAK3, PALM, PIK3R1, PPFIA2, PPP1R16B, PRKCD, RAPGEF2, RIPOR2, RTN4RL1, SEMA3G, SEMA4A, SEPTIN7, SERPINI1, SHTN1, SLC39A12, SLITRK1, SYNGAP1, TBR1, ULK2, YWHAH, ZNF365
GO:0034220	monoatomic ion transmembrane transport	993	89	49.2	3.2e-8	9.673411764705883e-6	0.08962739174219536	ABCC11, ADRB2, AKAP5, ANO4, ATP2B1, ATP6V1E1, ATP8A1, BIN1, CACNB1, CACNG3, CACNG8, CALM1, CALM2, CALM3, CASR, CCL19, CCL3, CEMIP, CHRNA2, CORO1A, CXCL11, DRD1, EDN3, FGF13, FXYD1, FXYD7, GABRA2, GABRA4, GABRA5, GABRG1, GABRG3, GHITM, GRIN2A, GRIN2B, GRIN3A, GRM5, HOMER1, HPCA, HTR2A, HTR3B, KCNAB2, KCNB1, KCNH3, KCNH4, KCNJ4, KCNK10, KCNK17, KCNMA1, KCNN1, KCNQ3, KCNS1, KCNS2, KCNV1, LRRC8B, LRRC8C, NCS1, NIPA1, PKD2L1, PLCH1, PLCH2, PLLP, PTPN6, RGS4, SCN3B, SCNN1A, SFXN5, SLC13A5, SLC15A2, SLC17A7, SLC1A2, SLC24A2, SLC25A18, SLC25A23, SLC26A4, SLC30A3, SLC39A12, SLC6A1, SLC6A13, SLC6A20, SLC8A1, SNCA, SNTA1, TMEM150C, TMEM38A, TMSB4X, TRPM6, TRPV3, VAMP2, YWHAH
GO:0006811	monoatomic ion transport	1222	109	60.54	1e-9	4.2825000000000004e-7	0.08919803600654665	ABCC11, ADRB2, AKAP5, ANO4, ATP2B1, ATP6V1E1, ATP8A1, BIN1, CACNB1, CACNG3, CACNG8, CALM1, CALM2, CALM3, CAMK2A, CASR, CCL19, CCL3, CCL5, CDK5, CEMIP, CHRM1, CHRNA2, CLDN10, CORO1A, CRH, CXCL11, CYSLTR1, DRD1, EDN3, FGF13, FXYD1, FXYD7, GABRA2, GABRA4, GABRA5, GABRG1, GABRG3, GHITM, GJA5, GRIN2A, GRIN2B, GRIN3A, GRM5, HOMER1, HPCA, HTR1A, HTR2A, HTR3B, KCNAB2, KCNB1, KCNH3, KCNH4, KCNJ4, KCNK10, KCNK17, KCNMA1, KCNN1, KCNQ3, KCNS1, KCNS2, KCNV1, KLHL3, LRRC8B, LRRC8C, MT3, NCS1, NDFIP2, NECTIN1, NIPA1, PKD2L1, PLCH1, PLCH2, PLLP, PRKCB, PTPN6, RCVRN, RGS4, SCN3B, SCNN1A, SFXN5, SGK1, SLC13A5, SLC15A2, SLC17A7, SLC1A2, SLC22A15, SLC24A2, SLC25A18, SLC25A23, SLC26A4, SLC30A3, SLC39A12, SLC48A1, SLC6A1, SLC6A13, SLC6A20, SLC8A1, SLCO1A2, SNCA, SNTA1, TMEM150C, TMEM38A, TMSB4X, TRPM6, TRPV3, VAMP2, VIP, YWHAH
GO:0031344	regulation of cell projection organization	662	59	32.8	8.9e-6	0.001162807627118644	0.0891238670694864	APC, ATOH7, BDNF, BRSK1, CAMK1, CAMK1D, CARMIL2, CCL19, CDC42EP2, CDK5, CDK5R1, CDKL5, CHN1, CTNNA2, CUX2, DLG4, DMTN, ENC1, EPHA4, EVI5L, FEZ1, FEZF2, FGF13, GRIN2B, HOMER1, IL1RAPL1, ISLR2, ITPKA, LRRC7, MT3, MUSK, NCS1, NEGR1, NGEF, NR2E1, NSMF, NTNG2, PAK1, PAK3, PALM, PIK3R1, PPFIA2, PPP1R16B, PRKCD, RAPGEF2, RIPOR2, RTN4RL1, SEMA3G, SEMA4A, SEPTIN7, SERPINI1, SHTN1, SLC39A12, SLITRK1, SYNGAP1, TBR1, ULK2, YWHAH, ZNF365
GO:0042330	taxis	449	40	22.24	2.5e-4	0.018986453201970444	0.08908685968819599	AMOT, ATOH7, BIN2, C5AR2, CAMK1D, CASR, CCL19, CCL3, CCL3L3, CCL5, CDH13, CHGA, CORO1A, CSF3R, CX3CR1, CXCL11, CXCL14, CYSLTR1, DAPK2, EDN3, EGR3, FEZF2, FLRT2, IL34, JAML, LRTM2, OPN4, PADI2, PIK3CD, PRKCD, PRKCQ, PROK2, PTGDR2, RIPOR2, SEMA3G, SEMA4A, TAFA4, TBR1, TMSB4X, TNFRSF11A
GO:0007399	nervous system development	2503	222	124.01	1.5e-19	3.303642857142857e-16	0.08869356771873751	ACSBG1, ACVR1C, ADGRB2, AGTPBP1, ALDH1A2, ANKRD24, APC, APLP1, APOD, ARHGEF9, ARNT2, ARX, ASPA, ATL1, ATOH7, B3GNT2, B4GALT2, BDNF, BEX1, BIN1, BRINP2, BRSK1, C1QL3, CABLES1, CALM1, CALM2, CALM3, CAMK1, CAMK1D, CAMK2A, CBLN4, CCK, CCL3, CDH9, CDK5, CDK5R1, CDK5R2, CDKL5, CHD5, CHN1, CHRM1, CNP, CNTN5, CPNE5, CPNE6, CRH, CRPPA, CTNNA2, CUX2, CX3CR1, CYB5D2, CYP46A1, CYSLTR1, DLG4, DLX1, DLX2, DLX6, DMRT3, DMRTA2, DRD1, EDN3, EFHD1, EGR3, EML1, EMX1, EMX2, ENC1, EPHA10, EPHA4, EPHB6, FEZ1, FEZF2, FGF13, FKBP8, FLRT2, FOXG1, FZD8, GABRA2, GABRA4, GABRA5, GABRG1, GABRG3, GDA, GDF7, GLDN, GPR37, GRIN2A, GRIN2B, GRIN3A, GRM5, GRM7, GSTM3, HDAC11, HHIP, HPCAL4, ICAM5, IL1RAPL1, IL34, IQSEC1, ISLR2, ITPK1, ITPKA, KALRN, KCNB1, KCNQ3, KIF5A, KIF5C, KIRREL3, LDB2, LHX6, LINGO2, LMO4, LRRC7, LRTM2, LSR, LST1, MAL, MAN2A1, MAP1A, MAS1, MEF2C, MMD, MME, MT3, MUSK, MYOC, NAV3, NCAM2, NCS1, NDRG2, NECTIN1, NEGR1, NELL1, NELL2, NEUROD6, NEUROG2, NGEF, NINJ2, NR2E1, NRGN, NRSN1, NRSN2, NSMF, NTNG2, OLFM1, OMG, OPALIN, OSTN, OTX1, PADI2, PAK1, PAK3, PAK6, PALM, PCDHGC5, PHACTR1, PITPNA, PLLP, PLPPR4, PPFIA2, PRDM6, PRKCG, PRKCQ, PRKCZ, PRKN, PRPH2, PSD, PTPRB, PTS, RAB3A, RAPGEF2, RAPGEFL1, RASAL1, RGS14, RGS4, RND1, ROGDI, RORB, RTN4RL1, SATB2, SCN3B, SEMA3G, SEMA4A, SEPTIN4, SERPINI1, SGK1, SH3GL3, SHANK1, SHC3, SHTN1, SLC1A2, SLC39A12, SLC7A11, SLITRK1, SNCA, SNPH, SORL1, SPTBN1, SSTR1, SULT4A1, SYNGAP1, TAFA1, TBR1, TECTA, THRB, TMOD2, TNF, TPPP, TTL, TTLL7, UGP2, ULK2, UNC13A, VXN, WASF3, WDR37, WNT10B, YWHAH, ZEB2, ZNF365, ZNF536, ZPR1
GO:0023061	signal release	485	43	24.03	1.6e-4	0.013333621621621623	0.088659793814433	ACVR1C, BLK, BRSK1, CAMK2A, CASR, CCL5, CDK5, CHGA, CRH, CRHBP, EDN3, ERC2, FFAR4, GRM2, HNF4A, HTR1A, HTR2A, KCNB1, MEF2C, NOS2, PINK1, PPFIA2, PPFIA3, PRKCB, PRKCG, PRKN, PTPRN, PTPRN2, RAB3A, RAPGEF4, RIMS3, RPH3A, SEPTIN5, SNCA, SNPH, STX1A, SYT5, SYT7, TNF, TNFRSF11A, UNC13A, VAMP2, VIP
GO:0030900	forebrain development	408	36	20.21	5.9e-4	0.03712665306122449	0.08823529411764706	AGTPBP1, ALDH1A2, APLP1, ARX, CDK5, CDK5R1, CDK5R2, CHD5, CNP, CRH, DLX1, DLX2, DMRTA2, DRD1, EMX1, EMX2, FEZ1, FEZF2, FGF13, FOXG1, GDF7, KIRREL3, LHX6, MAS1, NEUROD6, NEUROG2, NR2E1, OTX1, PHACTR1, RAPGEF2, RTN4RL1, SLC1A2, SLC7A11, SSTR1, TBR1, WDR37
GO:0098660	inorganic ion transmembrane transport	888	78	43.99	5.5e-7	1.2113357142857143e-4	0.08783783783783784	ADAMTS8, AKAP5, ANO4, ATP2B1, ATP6V1E1, BIN1, CACNB1, CACNG3, CACNG8, CALM1, CALM2, CALM3, CASR, CCL19, CCL3, CEMIP, CORO1A, CXCL11, DRD1, EDN3, FGF13, FXYD1, FXYD7, GABRA2, GABRA4, GABRA5, GABRG1, GABRG3, GHITM, GRIN2A, GRIN2B, GRIN3A, HPCA, HTR2A, HTR3B, KCNAB2, KCNB1, KCNH3, KCNH4, KCNJ4, KCNK10, KCNK17, KCNMA1, KCNN1, KCNQ3, KCNS1, KCNS2, KCNV1, NCS1, NIPA1, PKD2L1, PLCH1, PLCH2, PTPN6, RGS4, SCN3B, SCNN1A, SLC13A5, SLC15A2, SLC17A7, SLC24A2, SLC25A18, SLC25A23, SLC26A4, SLC30A3, SLC39A12, SLC6A1, SLC6A13, SLC6A20, SLC8A1, SNCA, SNTA1, TMEM38A, TMSB4X, TRPM6, TRPV3, VAMP2, YWHAH
GO:0006935	chemotaxis	447	39	22.15	4.5e-4	0.030697566371681417	0.087248322147651	AMOT, ATOH7, BIN2, C5AR2, CAMK1D, CASR, CCL19, CCL3, CCL3L3, CCL5, CDH13, CHGA, CORO1A, CSF3R, CX3CR1, CXCL11, CXCL14, CYSLTR1, DAPK2, EDN3, EGR3, FEZF2, FLRT2, IL34, JAML, LRTM2, PADI2, PIK3CD, PRKCD, PRKCQ, PROK2, PTGDR2, RIPOR2, SEMA3G, SEMA4A, TAFA4, TBR1, TMSB4X, TNFRSF11A
GO:0098662	inorganic cation transmembrane transport	796	69	39.44	4e-6	6.423749999999999e-4	0.08668341708542714	AKAP5, ATP2B1, ATP6V1E1, BIN1, CACNB1, CACNG3, CACNG8, CALM1, CALM2, CALM3, CCL19, CCL3, CEMIP, CORO1A, CXCL11, DRD1, EDN3, FGF13, FXYD1, FXYD7, GHITM, GRIN2A, GRIN2B, GRIN3A, HPCA, HTR2A, HTR3B, KCNAB2, KCNB1, KCNH3, KCNH4, KCNJ4, KCNK10, KCNK17, KCNMA1, KCNN1, KCNQ3, KCNS1, KCNS2, KCNV1, NCS1, NIPA1, PKD2L1, PLCH1, PLCH2, PTPN6, RGS4, SCN3B, SCNN1A, SLC13A5, SLC15A2, SLC17A7, SLC24A2, SLC25A18, SLC25A23, SLC30A3, SLC39A12, SLC6A1, SLC6A13, SLC6A20, SLC8A1, SNCA, SNTA1, TMEM38A, TMSB4X, TRPM6, TRPV3, VAMP2, YWHAH
GO:0022603	regulation of anatomical structure morphogenesis	832	72	41.22	2.6e-6	4.6073793103448276e-4	0.08653846153846154	ADCK1, ADGRB2, AJAP1, AMOT, BDNF, BRSK1, CCBE1, CCL3, CDC42EP2, CDC42SE2, CDK5, CDK5R1, CDKL5, CHN1, CORO1A, CPNE5, CPNE6, CST3, CUX2, CX3CR1, CYSLTR1, DCN, DLG4, DMRT2, DMRT3, DMTN, EPHA4, FGD6, FGF13, FMNL1, GDF2, HNF4A, IL1RAPL1, ISLR2, ITPKA, KLF2, LST1, MEF2C, MT3, NGEF, NR2E1, NSMF, NTNG2, OSTN, PAK1, PAK3, PALM, PIK3CD, PINK1, PLK2, PPFIA2, PPP1R16B, PRKCB, PRKN, PROK1, RAPGEF2, RASAL1, SEMA3G, SEMA4A, SEPTIN7, SHTN1, SLC39A12, SLITRK1, STOX1, SYNGAP1, TEK, TIE1, TNF, ULK2, UNC13A, WASF3, YWHAH
GO:0051338	regulation of transferase activity	614	53	30.42	6e-5	0.006006623376623377	0.08631921824104234	ADRB2, AGAP2, APC, CALM1, CALM2, CALM3, CAMK1, CAMK2N1, CCL19, CCL5, CCNO, CCNY, CDK5R1, CDK5R2, CDKN2D, CEMIP, DBNDD2, DLG3, DLG4, DUSP7, EDN3, EPHA4, FBXW7, GRM5, IGF1, IL34, LDB2, LMO4, MAP3K10, MMD, MT3, MUSK, MYOCD, NEK10, PAK1, PARM1, PINK1, PLAAT4, PRKAR2B, PRKCD, PRKCQ, PRKN, PTPRB, RALB, RAPGEF2, RGS14, SLC8A1, SNCA, STOX1, TEK, TIE1, TNF, TNFRSF11A
GO:0006812	monoatomic cation transport	1009	87	49.99	2.6e-7	6.1668e-5	0.08622398414271557	ADRB2, AKAP5, ATP2B1, ATP6V1E1, ATP8A1, BIN1, CACNB1, CACNG3, CACNG8, CALM1, CALM2, CALM3, CAMK2A, CASR, CCL19, CCL3, CCL5, CDK5, CEMIP, CORO1A, CRH, CXCL11, CYSLTR1, DRD1, EDN3, FGF13, FXYD1, FXYD7, GHITM, GJA5, GRIN2A, GRIN2B, GRIN3A, HOMER1, HPCA, HTR2A, KCNAB2, KCNB1, KCNH3, KCNH4, KCNJ4, KCNK10, KCNK17, KCNMA1, KCNN1, KCNQ3, KCNS1, KCNS2, KCNV1, KLHL3, MT3, NCS1, NDFIP2, NECTIN1, NIPA1, PKD2L1, PLCH1, PLCH2, PRKCB, PTPN6, RCVRN, RGS4, SCN3B, SCNN1A, SGK1, SLC13A5, SLC15A2, SLC17A7, SLC24A2, SLC25A18, SLC25A23, SLC30A3, SLC39A12, SLC48A1, SLC6A1, SLC6A13, SLC6A20, SLC8A1, SNCA, SNTA1, TMEM38A, TMSB4X, TRPM6, TRPV3, VAMP2, VIP, YWHAH
GO:0098655	monoatomic cation transmembrane transport	817	70	40.48	5.1e-6	7.488257142857143e-4	0.08567931456548347	AKAP5, ATP2B1, ATP6V1E1, ATP8A1, BIN1, CACNB1, CACNG3, CACNG8, CALM1, CALM2, CALM3, CCL19, CCL3, CEMIP, CORO1A, CXCL11, DRD1, EDN3, FGF13, FXYD1, FXYD7, GHITM, GRIN2A, GRIN2B, GRIN3A, HOMER1, HPCA, HTR2A, KCNAB2, KCNB1, KCNH3, KCNH4, KCNJ4, KCNK10, KCNK17, KCNMA1, KCNN1, KCNQ3, KCNS1, KCNS2, KCNV1, NCS1, NIPA1, PKD2L1, PLCH1, PLCH2, PTPN6, RGS4, SCN3B, SCNN1A, SLC13A5, SLC15A2, SLC17A7, SLC24A2, SLC25A18, SLC25A23, SLC30A3, SLC39A12, SLC6A1, SLC6A13, SLC6A20, SLC8A1, SNCA, SNTA1, TMEM38A, TMSB4X, TRPM6, TRPV3, VAMP2, YWHAH
GO:0120036	plasma membrane bounded cell projection organization	1543	132	76.45	2.1e-10	1.0443774193548387e-7	0.08554763447828904	ABLIM2, ANKRD24, APC, APLP1, APOD, ARX, ATL1, ATOH7, B3GNT2, BDNF, BRSK1, CAMK1, CAMK1D, CAMK2A, CARMIL2, CCK, CCL19, CCNO, CDC42EP2, CDH13, CDK5, CDK5R1, CDK5R2, CDKL5, CHN1, CNP, CNTN5, CORO1A, CPNE5, CPNE6, CRPPA, CTNNA2, CUX2, DLG4, DMTN, DNAL1, EDN3, EFHD1, EMX1, ENC1, EPHA10, EPHA4, EPHB6, ERICH3, EVI5L, FEZ1, FEZF2, FGD6, FGF13, FLRT2, FOXG1, GDF7, GLDN, GPR37, GRIN2B, GRIN3A, GRM7, HOMER1, IL1RAPL1, IQSEC1, ISLR2, ITPKA, KALRN, KIF3B, KIF5A, KIF5C, KIRREL3, LMO4, LRRC7, LRTM2, LST1, MAP1A, MEF2C, MT3, MUSK, MYOC, NCAM2, NCS1, NECTIN1, NEGR1, NELL2, NEUROD6, NEUROG2, NGEF, NR2E1, NSMF, NTNG2, OLFM1, OMG, OSTN, PAK1, PAK3, PAK6, PALM, PHACTR1, PIK3R1, PITPNA, PLPPR4, PPFIA2, PPP1R16B, PRKCD, PRKCQ, PRKCZ, PRKN, PSD, RAB3A, RAPGEF2, RASAL1, RILPL2, RIPOR2, RTN4RL1, SEMA3G, SEMA4A, SEPTIN7, SERPINI1, SGK1, SHANK1, SHTN1, SLC39A12, SLITRK1, SULT4A1, SYNGAP1, TBR1, TECTA, TTC12, TTL, ULK2, UNC13A, WASF3, YWHAH, ZNF365, ZPR1
GO:0010035	response to inorganic substance	518	44	25.66	3.5e-4	0.025333098591549297	0.08494208494208494	CALM1, CALM2, CALM3, CASR, CCL19, CPNE4, CPNE5, CPNE6, CRHBP, DLG2, DLG4, DMTN, FECH, FOSB, GUCY1B1, HBA1, HBA2, HBB, HOMER1, HPCA, ITPKA, KCNB1, KCNMA1, KCNQ3, KLF2, MAP1LC3A, MAPK9, MEF2C, MT1E, MT1F, MT3, PINK1, PKD2L1, PRKCD, PRKN, RASAL1, SLC13A5, SLC25A23, SLC30A3, SLC6A1, SNCA, SYT5, SYT7, UROS
GO:0030030	cell projection organization	1584	134	78.48	3.2e-10	1.4095542857142857e-7	0.0845959595959596	ABLIM2, ANKRD24, APC, APLP1, APOD, ARX, ATL1, ATOH7, B3GNT2, BDNF, BRSK1, CAMK1, CAMK1D, CAMK2A, CARMIL2, CCK, CCL19, CCNO, CDC42EP2, CDH13, CDK5, CDK5R1, CDK5R2, CDKL5, CHN1, CNP, CNTN5, CORO1A, CPNE5, CPNE6, CRPPA, CTNNA2, CUX2, DLG4, DMTN, DNAL1, EDN3, EFHD1, EMX1, ENC1, EPHA10, EPHA4, EPHB6, ERICH3, EVI5L, FEZ1, FEZF2, FGD6, FGF13, FLRT2, FOXG1, GDF7, GLDN, GPR37, GRIN2B, GRIN3A, GRM7, HOMER1, IL1RAPL1, IQSEC1, ISLR2, ITPKA, KALRN, KIF17, KIF3B, KIF5A, KIF5C, KIRREL3, LMO4, LRRC7, LRTM2, LST1, MAP1A, MEF2C, MT3, MUSK, MYOC, NCAM2, NCS1, NECTIN1, NEGR1, NELL2, NEUROD6, NEUROG2, NGEF, NR2E1, NSMF, NTNG2, OLFM1, OMG, OSTN, PAK1, PAK3, PAK6, PALM, PHACTR1, PIK3R1, PITPNA, PLPPR4, PPFIA2, PPP1R16B, PRKCD, PRKCQ, PRKCZ, PRKN, PSD, RAB3A, RAPGEF2, RASAL1, RILPL2, RIPOR2, RTN4RL1, SEMA3G, SEMA4A, SEPTIN7, SERPINI1, SGK1, SHANK1, SHTN1, SLC39A12, SLITRK1, SULT4A1, SYNGAP1, TBR1, TECTA, TMEM232, TTC12, TTL, ULK2, UNC13A, WASF3, YWHAH, ZNF365, ZPR1
GO:0008015	blood circulation	509	43	25.22	4.6e-4	0.031104473684210526	0.08447937131630648	ADD3, ADRA1D, ADRB2, ATP2B1, BIN1, CALM1, CALM2, CALM3, CASR, CHGA, CRH, CYSLTR1, DRD1, EDN3, FGF13, FXYD1, GJA5, GUCY1B1, HBB, HRH2, HTR1A, HTR2A, KCNMA1, KLF2, LPA, NOS2, OPRL1, PDE2A, PLVAP, RGS4, SCN3B, SCNN1A, SGK1, SLC8A1, SNTA1, SPX, TAC3, TEK, THRB, TMEM38A, TNF, UTS2R, ZEB2
GO:0003013	circulatory system process	593	50	29.38	1.7e-4	0.013867142857142857	0.08431703204047218	ADD3, ADRA1D, ADRB2, ATP2B1, ATP8A1, BIN1, CALM1, CALM2, CALM3, CASR, CHGA, CRH, CYSLTR1, DRD1, EDN3, FABP5, FGF13, FXYD1, GJA5, GUCY1B1, HBB, HRH2, HTR1A, HTR2A, KCNMA1, KLF2, LPA, NOS2, OPRL1, PDE2A, PLVAP, RGS4, SCN3B, SCNN1A, SGK1, SLC15A2, SLC1A2, SLC6A1, SLC6A13, SLC6A20, SLC8A1, SNTA1, SPX, TAC3, TEK, THRB, TMEM38A, TNF, UTS2R, ZEB2
GO:0006468	protein phosphorylation	1252	104	62.03	1e-7	2.7047368421052628e-5	0.08306709265175719	ACVR1C, ADRB2, AGAP2, APC, ARRB1, BDNF, BLK, BMX, BRSK1, CALM1, CALM2, CALM3, CAMK1, CAMK1D, CAMK1G, CAMK2A, CAMK2N1, CAMKV, CCL19, CCL5, CCNO, CCNY, CD6, CDK19, CDK5, CDK5R1, CDK5R2, CDKL5, CDKN2D, CEMIP, CRH, CX3CR1, DAPK2, DBNDD2, DCLK3, DLG3, DLG4, DMTN, DRD1, DUSP7, EDN3, EPHA10, EPHA4, EPHB6, ERG, FAXDC2, FBXW7, FECH, FKBP8, FZD8, GMFG, GRK3, GRM5, HTR2A, IGF1, IL34, KALRN, MAP3K10, MAPK9, MAS1, MAST3, MATK, MMD, MT3, MUSK, MYOCD, NEK10, NHLRC1, NLK, NLRP12, PAK1, PAK3, PAK6, PDK3, PIK3CD, PINK1, PLK2, PRKAR2B, PRKCB, PRKCD, PRKCG, PRKCQ, PRKCZ, PRKN, PTPN6, PTPRB, RALB, RAPGEF2, RGS14, RPS6KA4, SGK1, SGK2, SIK3, SLC8A1, SNCA, STK32C, STOX1, STYK1, TEK, TNF, TNFRSF11A, ULK2, VRK2, ZAP70
GO:0055085	transmembrane transport	1501	122	74.36	2.4e-8	7.708499999999999e-6	0.08127914723517655	ABCC11, ADAMTS8, ADRB2, AKAP5, ANO4, ATP2B1, ATP6V1E1, ATP8A1, AZIN2, BIN1, CACNB1, CACNG3, CACNG8, CALM1, CALM2, CALM3, CASR, CCL19, CCL3, CEMIP, CHRNA2, CNIH3, CORO1A, CRH, CRHBP, CXCL11, DLG4, DNAJC15, DRD1, EDN3, FABP5, FFAR4, FGF13, FXYD1, FXYD7, GABRA2, GABRA4, GABRA5, GABRG1, GABRG3, GHITM, GJA5, GJB6, GJD2, GRIN2A, GRIN2B, GRIN3A, GRM5, HOMER1, HPCA, HTR2A, HTR3B, IGF1, KCNAB2, KCNB1, KCNH3, KCNH4, KCNJ4, KCNK10, KCNK17, KCNMA1, KCNN1, KCNQ3, KCNS1, KCNS2, KCNV1, LRRC8B, LRRC8C, MEF2C, MFSD4A, MPEG1, NCS1, NIPA1, OSTN, PEX16, PEX5L, PIK3R1, PKD2L1, PLCH1, PLCH2, PLLP, PRKCB, PTPN6, RGS4, SCN3B, SCNN1A, SFXN5, SHANK1, SLC13A5, SLC15A2, SLC17A7, SLC1A2, SLC22A10, SLC22A15, SLC22A25, SLC24A2, SLC25A18, SLC25A23, SLC25A45, SLC25A48, SLC26A4, SLC30A3, SLC39A12, SLC6A1, SLC6A13, SLC6A20, SLC7A11, SLC8A1, SLCO1A2, SNCA, SNTA1, SPNS3, STRA6, SVOPL, TMEM150C, TMEM38A, TMSB4X, TNF, TRPM6, TRPV3, VAMP2, YWHAH
GO:0007169	transmembrane receptor protein tyrosine kinase signaling pathway	611	49	30.27	6.2e-4	0.03778079051383399	0.08019639934533551	ADRB2, ANKS1B, APC, APOD, BDNF, BLK, BLNK, CCBE1, CD8A, CDH13, CDK5R1, CHN1, DCN, DOCK3, DOK6, EPHA10, EPHA4, EPHB6, FLRT2, HHIP, IGF1, IGFBP6, KALRN, MT3, MUSK, MYOC, MYOCD, NGEF, PAK1, PAK3, PIK3CD, PIK3R1, PIP4K2A, PRKCB, PRKCD, PRKCQ, PRKCZ, RALB, RAPGEF2, REPS2, RGS14, SAMD12, SHC3, SNCA, SORL1, STUB1, TEK, TIE1, ZAP70
GO:0072657	protein localization to membrane	599	48	29.68	7.2e-4	0.042206235741444866	0.08013355592654424	AKAP5, C1QL3, CACNG3, CDK5, CDK5R1, CEMIP, CYP46A1, DLG2, DLG3, DLG4, DMTN, EFR3B, FGF13, GRIN2A, HPCA, IQSEC2, KCNB1, LRRC7, MAL, MOAP1, MUSK, NECAB2, NHLRC1, PALM, PEX16, PHAF1, PIK3R1, PRKCZ, PRKN, PRPH2, RAB3A, RAB40B, RAB40C, RABEP1, RAPGEF2, RILPL2, SCN3B, SLC7A11, SORL1, SPTBN1, SYNGAP1, TAMALIN, TIMM10, TNF, TSPAN15, VAMP2, VPS37B, ZDHHC23
GO:0051049	regulation of transport	1573	125	77.93	5.7e-8	1.6580547169811322e-5	0.07946598855689765	ACAA2, ACVR1C, ADRB2, AKAP5, APOD, ARRB1, ATP2B1, ATP8A1, AZIN2, BIN1, BLK, BORCS5, CABP1, CACNB1, CACNG3, CACNG8, CALM1, CALM2, CALM3, CAMK1, CAMK1D, CAMK2A, CASR, CCL19, CCL3, CCL5, CDH13, CDK5, CDK5R1, CDK5R2, CEMIP, CHGA, CHRM1, CLDN10, CNIH3, CORO1A, CRH, CRHBP, CXCL11, DLG4, DNAJC6, DRD1, EDN3, ERC2, FABP3, FABP5, FEZ1, FFAR4, FGF13, FXYD1, FXYD7, GRIN2A, GRIN2B, GRM2, GRM5, GRM7, HNF4A, HOMER1, HPCA, HTR1A, HTR2A, IGF1, IL1RAPL1, KCNAB2, KCNB1, KCNJ4, KCNS1, KCNS2, LGI3, MEF2C, NDFIP2, NECAB2, NOS2, OSTN, PIK3R1, PINK1, PLA2G5, PPFIA2, PRKCB, PRKCD, PRKCG, PRKCZ, PRKN, PRTN3, PTPN6, PTPRN, PTPRN2, RAB3A, RAPGEF4, RCVRN, RGS4, RIMS3, RPH3A, SCN3B, SEPTIN4, SEPTIN5, SGK1, SGK2, SH3GL3, SHANK1, SLC17A7, SLC1A2, SLC30A3, SLC6A1, SLC7A11, SLC8A1, SNCA, SNTA1, SORL1, SPX, STX1A, STXBP6, SYT5, SYT7, TAMALIN, TMEM38A, TMEM53, TMSB4X, TNF, TNFRSF11A, TRPV3, VAMP2, VIP, YWHAH, ZPR1
GO:1901699	cellular response to nitrogen compound	669	53	33.14	5e-4	0.032942307692307694	0.07922272047832586	ADRB2, APC, APLP1, ATP2B1, BCL2L2, CACNB1, CAMK2A, CASR, CDK5, CDK5R1, CHRM1, CHRM4, CHRNA2, CRH, CRHBP, DMTN, DRD1, EPHA4, GLP2R, GRM5, GUCY1B1, HPCA, HTR1A, HTR2A, HTR3B, IGF1, KLF2, MAS1, MEF2C, NSG2, NSMF, PALM, PDE2A, PDXP, PIK3R1, PIP4K2A, PRKCB, PRKCD, PRKCQ, PRKCZ, PRKN, RALB, RAPGEF2, RGS4, SCNN1A, SLC1A2, SLC8A1, SORL1, TMEM38A, TNF, UROS, VAMP2, WNT10B
GO:0016310	phosphorylation	1511	119	74.86	2e-7	4.894285714285714e-5	0.07875579086697551	ACVR1C, ADCK1, ADRB2, AGAP2, AK5, APC, ARRB1, BDNF, BLK, BMX, BRSK1, BTBD10, CALM1, CALM2, CALM3, CAMK1, CAMK1D, CAMK1G, CAMK2A, CAMK2N1, CAMKK1, CAMKV, CCL19, CCL5, CCNO, CCNY, CD6, CDK19, CDK5, CDK5R1, CDK5R2, CDKL5, CDKN2D, CEMIP, CRH, CX3CR1, DAPK2, DBNDD2, DCLK3, DGKZ, DLG3, DLG4, DMTN, DRD1, DUSP7, EDN3, EPHA10, EPHA4, EPHB6, ERG, FAXDC2, FBXW7, FECH, FKBP8, FZD8, GMFG, GRK3, GRM5, HTR2A, IGF1, IL34, ITPK1, ITPKA, KALRN, LDB2, LMO4, MAP3K10, MAPK9, MAS1, MAST3, MATK, MMD, MT3, MUSK, MYOCD, NADK2, NEK10, NHLRC1, NLK, NLRP12, PAK1, PAK3, PAK6, PDK3, PI4KA, PIK3CD, PINK1, PIP4K2A, PLK2, PRKAR2B, PRKCB, PRKCD, PRKCG, PRKCQ, PRKCZ, PRKN, PTPN6, PTPRB, RALB, RAPGEF2, RGS14, RPS6KA4, SGK1, SGK2, SIK3, SLC8A1, SNCA, STK32C, STOX1, STYK1, TEK, TIE1, TNF, TNFRSF11A, TOLLIP, TRPM6, ULK2, VRK2, ZAP70
GO:0043408	regulation of MAPK cascade	636	50	31.51	8.5e-4	0.04835590405904059	0.07861635220125786	ADRB2, ARRB1, CASR, CCL19, CCL3, CCL3L3, CCL5, DOK6, DUSP7, DUSP8, EDN3, EPHA4, FBXW7, FFAR4, GPR37, GRM5, HCRTR1, HTR2A, IGF1, IGFBP6, IL34, LMO3, MAP3K10, MEF2C, MT3, MTURN, MYOC, NDRG2, NECAB2, NEK10, NLRP12, PAK1, PAK3, PAK6, PEBP1, PINK1, PLA2G5, PRKCD, PRKCZ, PRKN, PROK1, PTPN6, RAPGEF2, RGS14, SYNGAP1, TBC1D10C, TEK, TNF, TNFRSF11A, VRK2
GO:0065008	regulation of biological quality	2796	217	138.52	1.2e-12	8.409272727272726e-10	0.07761087267525035	ACAA2, ACVR1C, ADD3, ADH1B, ADRA1D, ADRB2, AKAP5, ALDH1A1, ALDH1A2, ANO4, ATP2B1, ATP8A1, BAG1, BCL2L2, BDNF, BIN1, BLK, BORCS5, BRSK1, C1QL3, C5AR2, CACNG3, CACNG8, CALM1, CALM2, CALM3, CAMK1, CAMK2A, CAMKV, CARMIL2, CASR, CCKBR, CCL3, CCL5, CDC42EP2, CDC42SE2, CDH8, CDK5, CDK5R1, CDKL5, CHGA, CHRM1, CHRNA2, CNP, CORO1A, CRH, CRHBP, CSRP1, CTNNA2, CUX2, CX3CR1, CYP46A1, CYP4F11, CYRIA, CYSLTR1, DCN, DGKZ, DHRS9, DIO2, DLG3, DLG4, DMTN, DRD1, EDN3, EPHA4, EPS15, ERC2, F8, FAM107A, FBXW7, FFAR4, FGD6, FGF13, FLRT2, FMN1, FMNL1, FRMPD4, FXYD1, GABRA2, GABRA4, GABRA5, GABRG1, GABRG3, GCNT4, GJA5, GJD2, GRIN2A, GRIN2B, GRIN3A, GRM2, GRM5, HBB, HNF4A, HOMER1, HPCA, HRH2, HSD17B6, HTR1A, HTR2A, HTR3B, ICAM5, IGF1, IL1RAPL1, IQSEC2, ISLR2, ITPK1, ITPKA, KCNAB2, KCNB1, KCNH3, KCNH4, KCNK10, KCNK17, KCNMA1, KCNQ3, KLF2, LINGO2, LRRC7, LRTM2, LST1, MAP1A, MEF2C, MME, MPIG6B, MT3, MUSK, MYOC, NANOS3, NECTIN1, NEGR1, NFE2, NGEF, NLK, NOS2, NR2E1, NSMF, NTNG2, OLFM1, OPRL1, PAK3, PALM, PDE2A, PDXP, PIK3R1, PINK1, PLK2, PLVAP, PNPLA4, PPFIA2, PPFIA3, PRKCB, PRKCD, PRKCG, PRKCQ, PRKCZ, PRKN, PROK2, PTGDR, PTPN6, PTPRN, PTPRN2, RAB3A, RAP1GAP2, RAPGEF2, RAPGEF4, RASGRF2, RDH12, RGS14, RGS4, RGS7BP, RIMS3, S1PR4, SCN3B, SCNN1A, SEMA3G, SEMA4A, SEPTIN7, SGK1, SHANK1, SHTN1, SLC17A7, SLC24A2, SLC7A11, SLC8A1, SLITRK1, SNCA, SNTA1, SORCS2, SPTBN1, SPX, SST, STOX1, STUB1, STX1A, SYNGAP1, SYT7, TAC3, TAFA4, TAMALIN, TBRG1, TEK, THRB, TMOD2, TMSB4X, TNF, TTL, TUBB1, ULK2, UTS2R, VAMP2, VIP, VPS33B, WASF3, WNT10B, XKR4, YWHAH, ZEB2
GO:0040011	locomotion	1205	93	59.7	1.1e-5	0.0013900573770491804	0.07717842323651453	ACVR1C, AMOT, APC, APOD, ATOH7, ATP8A1, BIN2, C5AR2, CAMK1D, CAMK2A, CARMIL2, CASR, CCBE1, CCL19, CCL3, CCL3L3, CCL5, CDH13, CDK5, CEMIP, CHGA, CHRM1, CHRM4, CORO1A, CORT, CSF3R, CTNNA2, CX3CR1, CXCL11, CXCL14, CYSLTR1, DAPK2, DCN, DMTN, DRD1, EDN3, EGR3, EPHA4, FAM107A, FAM83H, FBXW7, FEZF2, FLRT2, GDF2, GPR37, GRIN2A, IGF1, IL34, IQSEC1, JAML, LDB2, LMO4, LRTM2, MEF2C, MEOX2, MYOC, MYOCD, NAV3, NR2E1, NSMF, NTNG2, OPN4, PADI2, PAK1, PHACTR1, PIK3CD, PIK3R1, PLEKHG3, PLK2, PLVAP, PRKCD, PRKCQ, PROK2, PTGDR2, PTPRK, RAPGEF2, RIPOR2, SEMA3G, SEMA4A, SGK1, SHTN1, SNCA, SORL1, SPOCK3, SST, TAFA4, TBR1, TEK, TIE1, TMSB4X, TNF, TNFRSF11A, ZEB2
GO:0050877	nervous system process	1509	116	74.76	1e-6	2.0285526315789472e-4	0.07687210072895957	ADRB2, AGTPBP1, ALDH7A1, ANKRD24, ARRB1, ATP8A1, B3GNT2, B4GALT2, BDNF, BRSK1, CABP1, CACNG3, CACNG8, CAMK2N1, CCL3, CDK5, CDKN2D, CEMIP, CHRM1, CHRNA2, CNTN5, CRH, CRHBP, CTNNA2, CUX2, CX3CR1, DLG4, DLGAP2, DLGAP3, DMRT3, DRD1, EYS, FABP5, FAM107A, FFAR4, FGF13, GABRA2, GABRA4, GABRA5, GABRG1, GABRG3, GJB6, GJD2, GRIN2A, GRIN2B, GRIN3A, GRM5, GRM7, GRPR, HOMER1, HTR2A, HTR3B, JAKMIP1, KCNK10, KCNQ3, LOXHD1, MAP1A, MEF2C, MME, MUSK, NR2E1, OPN4, OPRL1, OR14I1, OR2W3, PAK6, PDE1B, PDYN, PHF24, PITPNA, PKD2L1, PLK2, PNOC, PPEF1, PRKAR2B, PRKCG, PRKCZ, PRKN, PROK2, PRPH2, RAB3A, RCSD1, RCVRN, RDH12, RGS14, RGS4, RIPOR2, RORB, RS1, SCNN1A, SGK1, SHANK1, SLC24A2, SLC26A4, SLC6A1, SLC7A11, SNCA, SOBP, SPX, STRA6, STX1A, SYNGAP1, TAFA4, TBR1, TECTA, THRB, TIMM10, TMEM150C, TMOD2, TMTC4, TNF, TNNT1, TPPP, VIP, WASF3, WNT10B
GO:0044087	regulation of cellular component biogenesis	963	74	47.71	1.1e-4	0.00985970930232558	0.07684319833852545	ADD3, APC, APOD, ARHGEF9, BDNF, BIN1, CARMIL2, CCL19, CDC42EP2, CDK5R1, CDKL5, CHGA, CORO1A, CUX2, CYRIA, DMTN, DNAJC15, DNAJC6, EVI5L, FAM107A, FEZ1, FLRT2, FMN1, GDF2, ICAM5, IL1RAPL1, LDB2, LINGO2, LMO4, LRTM2, MAPK9, MEF2C, MOAP1, MUSK, MYOC, NAV3, NECTIN1, NEGR1, NTNG2, NUDT16, PAK1, PAK3, PALM, PIK3R1, PINK1, PIP4K2A, PLK2, PPP1R16B, PRKCD, PRKCZ, PRKN, RALB, RAPGEF2, RIPOR2, SEMA4A, SEPTIN7, SEPTIN8, SHANK1, SLC39A12, SLITRK1, SNCA, SORL1, SPTBN1, STUB1, STX1A, STXBP6, TEK, TIE1, TMOD2, TMSB4X, TNF, TPPP, TRABD2A, WNT10B
GO:0007186	G protein-coupled receptor signaling pathway	1278	98	63.32	8.5e-6	0.0011495131578947368	0.07668231611893583	ADGRB2, ADGRG5, ADRA1D, ADRB2, AKAP5, APLP1, ARRB1, ATRNL1, C5AR2, CALM1, CALM2, CALM3, CAMK2A, CASR, CCKBR, CCL19, CCL3, CCL3L3, CCL5, CDK5R1, CHGA, CHRM1, CHRM4, CORT, CX3CR1, CXCL11, CYSLTR1, CYSLTR2, DGKZ, DRD1, FFAR4, FZD8, GLP2R, GNG7, GPR26, GPR37, GPR61, GRK3, GRM2, GRM3, GRM5, GRM7, GRPR, HCRTR1, HOMER1, HRH2, HTR1A, HTR2A, KCTD16, KLK5, MAS1, MCHR2, NECAB2, NPBWR1, NPBWR2, OPN4, OPRL1, OR14I1, OR2W3, P2RY13, PADI2, PALM, PDE2A, PDYN, PHF24, PLCH2, PLPPR4, PNOC, PRKCB, PROK2, PROKR2, PTGDR, PTGDR2, PTHLH, PTPN6, RAPGEF2, RAPGEF4, RAPGEFL1, RGS14, RGS20, RGS4, RGS5, RGS7BP, RORB, RS1, RXFP1, S1PR4, SAG, SNCA, SORCS2, SORL1, SST, SSTR1, TAC3, TMOD2, UTS2R, VIP, VIPR1
GO:0140352	export from cell	883	67	43.75	3.3e-4	0.023998160377358493	0.07587768969422423	ACVR1C, ATP2B1, BLK, BRSK1, CALM1, CALM2, CALM3, CAMK2A, CASR, CBLN4, CCL3, CCL5, CDK5, CDK5R2, CHGA, CORO1A, CRH, CRHBP, CTAGE1, EDN3, ERC2, FFAR4, FXYD1, GRM2, GRM7, HNF4A, HTR1A, HTR2A, IGF1, IL1RAPL1, KCNB1, KCNQ3, LGI3, MEF2C, NOS2, PAK1, PIK3CD, PINK1, PPFIA2, PPFIA3, PRKCB, PRKCG, PRKN, PTGDR, PTPRN, PTPRN2, RAB3A, RALB, RAPGEF4, RIMS3, RPH3A, S100A13, SEPTIN4, SEPTIN5, SLC15A2, SNCA, SNPH, STX1A, STXBP6, SYT5, SYT7, SYTL2, TNF, TNFRSF11A, UNC13A, VAMP2, VIP
GO:0048468	cell development	2783	211	137.88	2.8e-11	1.43892e-8	0.07581746316924183	ADAD2, AGTPBP1, ALAS2, ALDH1A2, ANKRD24, APLP1, APOD, ARX, ASPA, ATL1, ATOH7, B3GNT2, BDNF, BFSP1, BIN1, BLNK, BNC1, BRSK1, CAMK1, CAMK1D, CAMK2A, CCK, CCL19, CCL3, CD3G, CD8A, CDK5, CDK5R1, CDK5R2, CDKL5, CHD5, CHN1, CNP, CNTN5, CPNE5, CPNE6, CR2, CRPPA, CSF3R, CSRP1, CTNNA2, CUX2, CX3CR1, CYSLTR1, DLG4, DLX1, DLX2, DMRTA2, DMTN, DRD1, EDN3, EFHD1, EGR3, EML1, EMX1, ENC1, EPHA10, EPHA4, EPHB6, FAM9C, FAXDC2, FBXW7, FECH, FEZ1, FEZF2, FGF13, FLRT2, FOXG1, FZD8, GABRA5, GALNTL5, GDF7, GLDN, GPR37, GRIN3A, GRM5, GRM7, GSTM3, HDAC11, HOMER1, IGF1, IKZF1, IKZF3, IL1RAPL1, IL34, IQSEC1, ISLR2, ITPKA, KALRN, KCNB1, KCNQ3, KIF5A, KIF5C, KIRREL3, KLF2, LHX6, LMO4, LRRC7, LRTM2, LSR, LST1, MAL, MAN2A1, MAP1A, MATN1, MEF2C, MEOX1, MME, MPIG6B, MT3, MTURN, MUSK, MYBPC1, MYH11, MYOC, NANOS3, NCAM2, NCS1, NECTIN1, NEGR1, NELL2, NEUROD6, NEUROG2, NGEF, NLRP3, NR2E1, NSMF, NTNG2, OLFM1, OMG, OSTN, PAK1, PAK3, PAK6, PAQR8, PDE1B, PDE2A, PHACTR1, PIK3CD, PIK3R1, PINK1, PIP4K2A, PITHD1, PITPNA, PLD4, PLPPR4, POF1B, POU2AF1, PPFIA2, PPP1R16B, PRKCQ, PRKCZ, PRKN, PRPH2, PRTN3, PSD, PSG9, PTHLH, PTPN6, RAB3A, RAPGEF2, RASAL1, RGS14, RGS4, RILPL2, RND1, ROGDI, RORB, RTN4RL1, SATB2, SEMA3G, SEMA4A, SERPINI1, SGK1, SHANK1, SHTN1, SLC39A12, SLC8A1, SLITRK1, SOHLH1, SORBS2, SORL1, SULT4A1, SYNGAP1, TBR1, TDRD12, TECTA, TEK, TESPA1, THEMIS, THRB, TMEM215, TMOD2, TNF, TNFRSF11A, TNNT1, TPPP, TTC12, TTL, TUBB1, ULK2, UNC13A, VPS33B, WASF3, WNT10B, YBX2, YWHAH, ZAP70, ZEB2, ZNF365, ZPR1
GO:0007417	central nervous system development	1019	77	50.48	1.3e-4	0.0111345	0.07556427870461237	AGTPBP1, ALDH1A2, APLP1, APOD, ARNT2, ARX, ASPA, B4GALT2, BIN1, BRINP2, CALM1, CALM2, CALM3, CDK5, CDK5R1, CDK5R2, CHD5, CNP, CNTN5, CRH, CTNNA2, CX3CR1, DLX1, DLX2, DMRT3, DMRTA2, DRD1, EML1, EMX1, EMX2, EPHA4, FEZ1, FEZF2, FGF13, FOXG1, GDF7, GRIN2A, GRIN2B, HDAC11, HPCAL4, IL34, KIRREL3, LHX6, LMO4, LSR, MAL, MAS1, NDRG2, NEUROD6, NEUROG2, NR2E1, OPALIN, OTX1, PADI2, PHACTR1, PRKN, PTS, RAPGEF2, ROGDI, RTN4RL1, SERPINI1, SH3GL3, SHC3, SLC1A2, SLC7A11, SPTBN1, SSTR1, TBR1, TNF, TPPP, UGP2, WASF3, WDR37, YWHAH, ZEB2, ZNF365, ZPR1
GO:0098657	import into cell	916	69	45.38	3.3e-4	0.023998160377358493	0.07532751091703056	ADRB2, AKAP5, APLP1, ARRB1, BIN1, BIN2, CACNG3, CACNG8, CAMK1D, CCL19, CDC42SE2, CDH13, CDK5, CLEC9A, CORO1A, DLG4, DNAJC6, DRD1, EPS15, FABP3, FCHO1, GRK3, HAVCR1, HPCA, ICAM3, ICAM5, KCNJ4, KCNQ3, LRRC8B, LRRC8C, NECAB2, PAK1, PLA2G5, PLD4, PRKCD, PRKCG, PRKN, PRTN3, RABEP1, RALB, REPS2, RGS4, RHOBTB2, SAG, SCNN1A, SH3GL3, SLC15A2, SLC17A7, SLC1A2, SLC24A2, SLC39A12, SLC6A1, SLC6A13, SLC6A20, SLC7A11, SLC8A1, SNCA, SORL1, SPX, STRA6, STX1A, SYT5, SYT7, TAFA4, TNF, TRPV3, VAMP2, VPS33B, XKR4
GO:0043085	positive regulation of catalytic activity	863	65	42.76	4.9e-4	0.032422017167381974	0.07531865585168018	ABR, ACVR1C, ADRB2, AGAP2, AZIN2, CALM1, CALM2, CALM3, CAMK1, CCL19, CCL3, CCL3L3, CCL5, CCNY, CDKL5, CEMIP, DLG3, DLG4, DRD1, EDN3, EPHA4, EVI5L, FBXW7, GRIN2A, GRIN2B, GRM5, HTR2A, IGF1, IL34, LMO4, MAP3K10, MEF2C, MMD, MT3, MUSK, NEK10, NGEF, NLRP12, NLRP3, NOS2, PAK1, PARM1, PINK1, PKP4, PLA2G5, PLAAT4, PRKCD, PRKCQ, PRTN3, RALB, RAPGEF2, RAPGEF4, RAPGEFL1, RASGRF2, RXFP1, S1PR4, SGSM2, SNCA, STOX1, TBC1D10C, TEK, TIE1, TMSB4X, TNF, TNFRSF11A
GO:0045597	positive regulation of cell differentiation	853	64	42.26	5.9e-4	0.03712665306122449	0.07502930832356389	ASPA, BDNF, BIN1, BNC1, BRINP2, CAMK1, CCL19, CDKL5, CUX2, CX3CR1, CYB5D2, CYSLTR1, DLX1, DLX2, DMRTA2, EDN3, EGR3, EPHA4, FAXDC2, FEZF2, FFAR4, FOXG1, GDF2, GDF7, GRM5, HTR2A, IGF1, IL1RAPL1, IL34, ISLR2, ITPKA, LMO3, MAN2A1, MAPK9, MEF2C, MMD, MME, MTURN, MUSTN1, MYOCD, NELL1, NLRP3, NR2E1, OLFM1, PITHD1, PLA2G5, PLAAT4, PRKCZ, RANBP3L, RAPGEF2, RGS14, RIPOR2, SETD3, SH3GL3, SHTN1, SLITRK1, TESPA1, TNF, TNFRSF11A, VSTM2A, WNT10B, ZAP70, ZEB2, ZNF365
GO:0032879	regulation of localization	1977	146	97.95	3.6e-7	8.28376119402985e-5	0.0738492665655033	ACAA2, ACVR1C, ADRB2, AKAP5, APC, APOD, ARRB1, ATG13, ATP2B1, ATP8A1, AZIN2, BDNF, BIN1, BLK, BORCS5, BRSK1, CABP1, CACNB1, CACNG3, CACNG8, CALM1, CALM2, CALM3, CAMK1, CAMK1D, CAMK2A, CASR, CCL19, CCL3, CCL5, CDH13, CDK5, CDK5R1, CDK5R2, CEMIP, CHGA, CHRM1, CLDN10, CNIH3, CORO1A, CRH, CRHBP, CXCL11, DLG4, DMTN, DNAJC6, DRD1, EDN3, ERC2, FABP3, FABP5, FBXW7, FEZ1, FFAR4, FGF13, FXYD1, FXYD7, GHITM, GRIN2A, GRIN2B, GRM2, GRM5, GRM7, HNF4A, HOMER1, HPCA, HTR1A, HTR2A, IGF1, IL1RAPL1, IQSEC2, KCNAB2, KCNB1, KCNJ4, KCNS1, KCNS2, LGI3, MAP1A, MEF2C, MMD, NDFIP2, NECAB2, NHLRC1, NOS2, OSTN, PIK3R1, PINK1, PLA2G5, PLCH1, PLCH2, PPFIA2, PRKCB, PRKCD, PRKCG, PRKCZ, PRKN, PRTN3, PTPN6, PTPRN, PTPRN2, RAB3A, RALB, RAPGEF4, RASSF5, RCVRN, RGS4, RIMS3, RIPOR2, RPH3A, SCN3B, SEPTIN4, SEPTIN5, SGK1, SGK2, SH3GL3, SHANK1, SLC17A7, SLC1A2, SLC25A23, SLC26A4, SLC30A3, SLC6A1, SLC7A11, SLC8A1, SNCA, SNTA1, SORL1, SPTBN1, SPX, STX1A, STXBP6, SYT5, SYT7, TAMALIN, TMEM38A, TMEM53, TMSB4X, TNF, TNFRSF11A, TRPV3, TTL, VAMP2, VIP, VSTM2A, YWHAH, ZPR1
GO:0003008	system process	2273	166	112.61	9.5e-8	2.6629363636363637e-5	0.0730312362516498	ADD3, ADRA1D, ADRB2, AGTPBP1, ALDH7A1, ANKRD24, ARRB1, ATP2B1, ATP8A1, B3GNT2, B4GALT2, BDNF, BIN1, BRSK1, CABP1, CACNB1, CACNG3, CACNG8, CALM1, CALM2, CALM3, CAMK2N1, CAMTA2, CASR, CCBE1, CCKBR, CCL3, CDK5, CDKN2D, CEMIP, CHGA, CHRM1, CHRNA2, CNTN5, CRH, CRHBP, CTNNA2, CUX2, CX3CR1, CYSLTR1, DLG4, DLGAP2, DLGAP3, DMRT3, DRD1, EDN3, EYS, FABP5, FAM107A, FFAR4, FGF13, FXYD1, GABRA2, GABRA4, GABRA5, GABRG1, GABRG3, GJA5, GJB6, GJD2, GRIN2A, GRIN2B, GRIN3A, GRM5, GRM7, GRPR, GUCY1B1, HBB, HOMER1, HRH2, HTR1A, HTR2A, HTR3B, IGF1, JAKMIP1, KCNK10, KCNMA1, KCNQ3, KLF2, KLHL3, LOXHD1, LPA, MAP1A, MEF2C, MLIP, MME, MUSK, MYH11, MYOC, MYOCD, NEK10, NOS2, NR2E1, OPN4, OPRL1, OR14I1, OR2W3, PAK6, PBLD, PDE1B, PDE2A, PDYN, PHF24, PITPNA, PKD2L1, PLK2, PLVAP, PNOC, PPEF1, PRKAR2B, PRKCG, PRKCZ, PRKN, PROK2, PRPH2, RAB3A, RCSD1, RCVRN, RDH12, RGS14, RGS4, RIPOR2, RORB, RS1, SCN3B, SCNN1A, SETD3, SGK1, SHANK1, SLC15A2, SLC1A2, SLC24A2, SLC25A23, SLC26A4, SLC6A1, SLC6A13, SLC6A20, SLC7A11, SLC8A1, SNCA, SNTA1, SOBP, SORBS2, SPX, STRA6, STX1A, SYNGAP1, TAC3, TAFA4, TBR1, TECTA, TEK, THRB, TIMM10, TMEM150C, TMEM38A, TMOD2, TMTC4, TNF, TNNT1, TPPP, UTS2R, VIP, WASF3, WNT10B, ZEB2
GO:0040012	regulation of locomotion	1022	74	50.63	6.3e-4	0.0382390157480315	0.07240704500978473	ACVR1C, AMOT, APC, APOD, ATOH7, ATP8A1, C5AR2, CAMK1D, CAMK2A, CARMIL2, CASR, CCBE1, CCL19, CCL3, CCL5, CDH13, CDK5, CEMIP, CHRM1, CHRM4, CORO1A, CORT, CTNNA2, CX3CR1, DAPK2, DCN, DMTN, DRD1, EDN3, EPHA4, FAM107A, FAM83H, FBXW7, FEZF2, FLRT2, GDF2, IGF1, IL34, IQSEC1, LDB2, LMO4, MEF2C, MEOX2, MYOC, MYOCD, NAV3, NR2E1, NSMF, NTNG2, PADI2, PAK1, PHACTR1, PIK3CD, PIK3R1, PLEKHG3, PLK2, PLVAP, PTPRK, RAPGEF2, RIPOR2, SEMA3G, SEMA4A, SGK1, SHTN1, SNCA, SORL1, SPOCK3, SST, TBR1, TEK, TIE1, TMSB4X, TNF, ZEB2
GO:0141124	intracellular signaling cassette	1837	130	91.01	1.5e-5	0.0017926744186046511	0.07076755579749591	ABR, ADGRB2, ADRB2, AKAP5, AMOT, APOL3, ARHGAP20, ARHGAP32, ARHGEF9, ARRB1, BTBD10, C1QTNF4, CALM1, CALM2, CALM3, CASR, CCL19, CCL3, CCL3L3, CCL5, CDC42EP2, CDC42SE2, CDH13, CHN1, CRH, CX3CR1, DCN, DMTN, DOCK3, DOK6, DUSP7, DUSP8, EDN3, EPHA4, FBXW7, FFAR4, FGF13, GDF2, GDF7, GPR37, GPR61, GRIN2A, GRIN2B, GRM2, GRM5, GUCY1B1, HCRTR1, HPCA, HTR2A, IGF1, IGFBP6, IL34, IQSEC1, IQSEC2, KALRN, LMO3, MAP1LC3A, MAP3K10, MAPK9, MAS1, MEF2C, MFN2, MRAS, MT3, MTURN, MYOC, NDFIP2, NDRG2, NECAB2, NEK10, NGEF, NLK, NLRP12, NLRP3, NOS2, OPRL1, PAK1, PAK3, PAK6, PDE1B, PDE1C, PDE2A, PDE7B, PEBP1, PEX5L, PIK3CD, PIK3R1, PINK1, PLA2G5, PLEKHG3, PLK2, PLVAP, PPP1R16B, PRKCB, PRKCD, PRKCZ, PRKN, PROK1, PSD, PTGDR2, PTPN6, RAB6C, RALB, RAP1GAP2, RAPGEF2, RAPGEF4, RAPGEFL1, RASAL1, RASD2, RASGRF2, RGS14, RHOBTB2, RIPOR2, RND1, RUNDC3A, S100A13, SHTN1, SLC8A1, SPTBN1, STOX1, STUB1, SYNGAP1, TBC1D10C, TEK, TMEM38A, TMSB4X, TNF, TNFRSF11A, VRK2, ZAP70
GO:0048731	system development	3920	277	194.21	1.7e-11	9.36032142857143e-9	0.07066326530612245	ACO2, ACSBG1, ACVR1C, ADGRB2, AGTPBP1, ALDH1A2, AMOT, ANKRD24, APC, APLP1, APOD, ARHGEF9, ARNT2, ARX, ASPA, ATL1, ATOH7, B3GNT2, B4GALT2, BCL2L2, BDNF, BEX1, BFSP1, BIN1, BRINP2, BRSK1, C1QL3, CABLES1, CALM1, CALM2, CALM3, CAMK1, CAMK1D, CAMK2A, CBLN4, CCBE1, CCK, CCKBR, CCL3, CDH13, CDH9, CDK5, CDK5R1, CDK5R2, CDKL5, CHD5, CHN1, CHRM1, CNP, CNTN5, CPNE5, CPNE6, CRH, CRISPLD2, CRPPA, CTNNA2, CUX2, CX3CR1, CYB5D2, CYP46A1, CYSLTR1, DCN, DLG4, DLX1, DLX2, DLX6, DMRT2, DMRT3, DMRTA2, DRD1, EDN3, EFHD1, EGR3, EML1, EMX1, EMX2, ENC1, EPHA10, EPHA4, EPHB6, FBXW7, FEZ1, FEZF2, FGF13, FKBP8, FLRT2, FMN1, FOXG1, FZD8, GABRA2, GABRA4, GABRA5, GABRG1, GABRG3, GCNT4, GDA, GDF2, GDF7, GJA5, GJB6, GLDN, GPR37, GRIN2A, GRIN2B, GRIN3A, GRM5, GRM7, GSTM3, HDAC11, HHIP, HLA-E, HPCA, HPCAL4, HSD11B1, ICAM5, IGF1, IL1RAPL1, IL34, IQSEC1, ISLR2, ITPK1, ITPKA, KALRN, KCNB1, KCNQ3, KIF5A, KIF5C, KIRREL3, KLF2, KLHL3, LDB2, LHX6, LINGO2, LMO4, LRRC7, LRTM2, LSR, LST1, MAL, MAN2A1, MAP1A, MAS1, MATN1, MEF2C, MEOX2, MFN2, MMD, MME, MSC, MT3, MUSK, MUSTN1, MYH11, MYOC, MYOCD, NAV3, NCAM2, NCS1, NDRG2, NECTIN1, NEGR1, NELL1, NELL2, NEUROD6, NEUROG2, NGEF, NINJ2, NR2E1, NRGN, NRSN1, NRSN2, NSMF, NTNG2, OLFM1, OMG, OPALIN, OPN4, OSTN, OTX1, PADI2, PAK1, PAK3, PAK6, PALM, PAX1, PCDHGC5, PDE2A, PHACTR1, PHOSPHO1, PIK3CD, PITPNA, PLAAT3, PLK2, PLLP, PLPPR4, PPFIA2, PPP1R16B, PRDM6, PRKCB, PRKCG, PRKCQ, PRKCZ, PRKN, PROK1, PROK2, PRPH2, PSD, PSG9, PTHLH, PTPRB, PTPRN, PTS, RAB3A, RANBP3L, RAPGEF2, RAPGEFL1, RASAL1, RGS14, RGS4, RND1, ROGDI, RORB, RS1, RTN4RL1, RXFP1, SATB2, SCN3B, SEMA3G, SEMA4A, SEPTIN4, SERPINI1, SGK1, SH3GL3, SHANK1, SHC3, SHTN1, SLC17A7, SLC1A2, SLC39A12, SLC7A11, SLC8A1, SLITRK1, SNCA, SNPH, SORBS2, SORL1, SPTBN1, SSTR1, STRA6, SULT4A1, SYNGAP1, TAFA1, TBR1, TECTA, TEK, THRB, TIE1, TMEM215, TMOD2, TNF, TNFRSF11A, TPPP, TTL, TTLL7, TUBB1, UGP2, ULK2, UNC13A, VXN, WASF3, WDR37, WNT10B, YWHAH, ZEB2, ZNF365, ZNF536, ZPR1
GO:0050790	regulation of catalytic activity	1364	96	67.58	2.7e-4	0.020206747572815535	0.07038123167155426	A2ML1, ABR, ACVR1C, ADAP1, ADRB2, AGAP2, AKAP5, APC, AZIN2, BIN1, CALM1, CALM2, CALM3, CAMK1, CAMK2A, CAMK2N1, CCL19, CCL3, CCL3L3, CCL5, CCNO, CCNY, CDK5R1, CDK5R2, CDKL5, CDKN2D, CEMIP, CHN1, CST3, DBNDD2, DLG3, DLG4, DRD1, DUSP7, EDN3, EPHA4, EVI5L, FBXW7, FGD6, GRIN2A, GRIN2B, GRM2, GRM3, GRM5, HTR2A, IGF1, IL34, LDB2, LMO4, MAP3K10, MEF2C, MMD, MT3, MUSK, MYOCD, NEK10, NGEF, NLRP12, NLRP3, NOS2, PAK1, PALM, PARM1, PINK1, PKP4, PLA2G5, PLAAT4, PPP4R4, PRKAR2B, PRKCD, PRKCQ, PRKN, PRTN3, PTPRB, RALB, RAPGEF2, RAPGEF4, RAPGEFL1, RASGRF2, RGS14, RIPOR2, RXFP1, S1PR4, SERPINI1, SGK1, SGSM2, SLC8A1, SNCA, SPOCK3, STOX1, TBC1D10C, TEK, TIE1, TMSB4X, TNF, TNFRSF11A
GO:0051094	positive regulation of developmental process	1309	92	64.85	3.8e-4	0.02675095890410959	0.07028265851795264	ADRB2, AMOT, ARX, ASPA, ATP2B1, BDNF, BIN1, BNC1, BRINP2, CAMK1, CCBE1, CCL19, CDKL5, CPNE5, CPNE6, CUX2, CX3CR1, CYB5D2, CYSLTR1, DCN, DLG4, DLX1, DLX2, DMRT2, DMRTA2, EDN3, EGR3, EPHA4, FAXDC2, FEZF2, FFAR4, FLRT2, FOXG1, GDF2, GDF7, GRM5, HTR2A, IGF1, IL1RAPL1, IL34, ISLR2, ITPKA, KRT17, LINGO2, LMO3, LRTM2, MAN2A1, MAPK9, MEF2C, MMD, MME, MTURN, MUSTN1, MYOCD, NELL1, NLRP3, NR2E1, OLFM1, PIK3CD, PINK1, PITHD1, PLA2G5, PLAAT4, PRKCB, PRKCZ, PRKN, RANBP3L, RAPGEF2, RASAL1, RGS14, RIPOR2, SEMA4A, SETD3, SH3GL3, SHANK1, SHTN1, SLC39A12, SLC8A1, SLITRK1, SORL1, STOX1, TEK, TESPA1, TIE1, TNF, TNFRSF11A, UNC13A, VSTM2A, WNT10B, ZAP70, ZEB2, ZNF365
GO:0016477	cell migration	1471	103	72.88	1.9e-4	0.014945051020408166	0.07002039428959891	ACVR1C, AMOT, APC, APOD, ARX, ATP8A1, BIN2, C5AR2, CAMK1D, CAMK2A, CARMIL2, CCBE1, CCK, CCL19, CCL3, CCL3L3, CCL5, CDH13, CDK5, CDK5R1, CDK5R2, CDKL5, CEMIP, CHGA, CORO1A, CORT, CSF3R, CTNNA2, CX3CR1, CXCL11, CXCL14, DAPK2, DCN, DGKZ, DMTN, DRD1, EDN3, EGR3, EMX2, EPHA4, FAM107A, FAM83H, FBXW7, FEZF2, FGF13, FLRT2, FMNL1, FOXG1, FUT8, GDF2, IGF1, IGFBP6, IL34, IQSEC1, JAML, KIRREL3, LDB2, LHX6, LMO4, MEF2C, MEOX2, MYOC, MYOCD, NAV3, NLRP12, NR2E1, NSMF, NTNG2, PADI2, PAK1, PHACTR1, PIK3CD, PIK3R1, PLEKHG3, PLK2, PLVAP, PRKCD, PRKCQ, PRKCZ, PRTN3, PTPRB, PTPRK, RAPGEF2, RIPOR2, RND1, SATB2, SELL, SELPLG, SEMA3G, SEMA4A, SEPTIN4, SGK1, SHTN1, SORL1, SST, TAFA4, TEK, TIE1, TMSB4X, TNF, TNFRSF11A, ZAP70, ZEB2
GO:0010646	regulation of cell communication	3396	237	168.25	3.7e-9	1.4260725e-6	0.06978798586572438	ABR, ACAA2, ACVR1C, ADRB2, AKAP5, AMER2, AMOT, ANAPC15, APC, APLP1, APOD, APOL3, ARHGAP20, ARHGAP32, ARHGEF9, ARRB1, BCL2L2, BDNF, BLK, BRSK1, C1QTNF4, CACNG3, CACNG8, CALM1, CALM2, CALM3, CAMK2A, CAMKV, CASR, CCBE1, CCL19, CCL3, CCL3L3, CCL5, CCNY, CD226, CDC42SE2, CDH13, CDK5, CDKL5, CDKN2D, CHD5, CHGA, CHN1, CHRM1, CHRNA2, CNIH3, CRH, CRHBP, CUX2, CX3CR1, CYP46A1, DACT3, DAPK2, DCN, DGKZ, DKK2, DLG4, DLGAP2, DLGAP3, DLX1, DLX2, DOCK3, DOK6, DRD1, DUSP7, DUSP8, EDN3, ENHO, EPHA4, EPM2A, ERC2, FABP5, FAM107A, FBXO9, FBXW7, FFAR4, FKBP8, GDF2, GDF7, GHITM, GJA5, GNG7, GPR37, GPR61, GREM2, GRIN2A, GRIN2B, GRIN3A, GRK3, GRM2, GRM3, GRM5, GRM7, GUCY1B1, HCRTR1, HHIP, HNF4A, HOMER1, HTR1A, HTR2A, IGF1, IGFBP6, IL34, IQSEC1, IQSEC2, ITPKA, KALRN, KCNB1, KCNQ3, KCTD16, KLF2, KLK5, LMO3, MAL, MAP1A, MAP3K10, MAPK9, MAS1, MEF2C, MFN2, MME, MPIG6B, MT3, MTURN, MYOC, MYOCD, NANOS3, NDFIP2, NDRG2, NECAB2, NEK10, NGEF, NLK, NLRP12, NLRP3, NOS2, NR2E1, NSMF, NTNG2, OPRL1, PADI2, PAK1, PAK3, PAK6, PALM, PBLD, PDE2A, PEBP1, PEX5L, PHF24, PIK3R1, PINK1, PIP4K2A, PLA2G5, PLCL1, PLEKHG3, PLK2, PLPPR4, PPFIA2, PPFIA3, PPP1R16B, PRKAR2B, PRKCB, PRKCD, PRKCG, PRKCQ, PRKCZ, PRKN, PROK1, PSD, PTGDR2, PTPN6, RAB3A, RALB, RAP1GAP2, RAPGEF2, RAPGEF4, RASAL1, RASD2, RASGRF2, RGS14, RGS20, RGS4, RGS5, RGS7BP, RIMS3, RIPOR2, RS1, RUNDC3A, S100A13, SAG, SEPTIN4, SEPTIN5, SERINC3, SGK1, SH2D1A, SHANK1, SIK3, SLC15A2, SLC24A2, SLC6A1, SLC7A11, SLC8A1, SNCA, SORCS2, SORL1, SPTBN1, STOX1, STUB1, STX1A, SYNGAP1, SYT7, TAFA1, TAFA4, TBC1D10C, TEK, TESPA1, THRB, TMEM53, TMOD2, TMSB4X, TNF, TNFRSF11A, TRABD2A, TSPAN15, UBASH3A, UNC13A, USP32, VAMP2, VRK2, WNT10B, YWHAH, ZAP70, ZBP1, ZEB2, ZNF536
GO:0023051	regulation of signaling	3391	236	168	5.2e-9	1.9553268292682926e-6	0.06959598938366264	ABR, ACAA2, ACVR1C, ADRB2, AKAP5, AMER2, AMOT, ANAPC15, APC, APLP1, APOD, APOL3, ARHGAP20, ARHGAP32, ARHGEF9, ARRB1, BCL2L2, BDNF, BLK, BRSK1, C1QTNF4, CACNG3, CACNG8, CALM1, CALM2, CALM3, CAMK2A, CAMKV, CASR, CCBE1, CCL19, CCL3, CCL3L3, CCL5, CCNY, CD226, CDC42SE2, CDH13, CDK5, CDKL5, CDKN2D, CHD5, CHGA, CHN1, CHRM1, CHRNA2, CNIH3, CRH, CRHBP, CUX2, CX3CR1, CYP46A1, DACT3, DAPK2, DCN, DGKZ, DKK2, DLG4, DLGAP2, DLGAP3, DLX1, DLX2, DOCK3, DOK6, DRD1, DUSP7, DUSP8, EDN3, ENHO, EPHA4, EPM2A, EPS15, ERC2, FABP5, FAM107A, FBXO9, FBXW7, FFAR4, FKBP8, GDF2, GDF7, GHITM, GNG7, GPR37, GPR61, GREM2, GRIN2A, GRIN2B, GRIN3A, GRK3, GRM2, GRM3, GRM5, GRM7, GUCY1B1, HCRTR1, HHIP, HNF4A, HOMER1, HTR1A, HTR2A, IGF1, IGFBP6, IL34, IQSEC1, IQSEC2, ITPKA, KALRN, KCNB1, KCNQ3, KCTD16, KLF2, KLK5, LMO3, MAL, MAP1A, MAP3K10, MAPK9, MAS1, MEF2C, MFN2, MME, MPIG6B, MT3, MTURN, MYOC, MYOCD, NANOS3, NDFIP2, NDRG2, NECAB2, NEK10, NGEF, NLK, NLRP12, NLRP3, NOS2, NR2E1, NSMF, NTNG2, OPRL1, PADI2, PAK1, PAK3, PAK6, PALM, PBLD, PDE2A, PEBP1, PEX5L, PHF24, PIK3R1, PINK1, PIP4K2A, PLA2G5, PLCL1, PLEKHG3, PLK2, PLPPR4, PPFIA2, PPFIA3, PPP1R16B, PRKAR2B, PRKCB, PRKCD, PRKCG, PRKCQ, PRKCZ, PRKN, PROK1, PSD, PTGDR2, PTPN6, RAB3A, RALB, RAP1GAP2, RAPGEF2, RAPGEF4, RASAL1, RASD2, RASGRF2, RGS14, RGS20, RGS4, RGS5, RGS7BP, RIMS3, RIPOR2, RS1, RUNDC3A, S100A13, SAG, SEPTIN4, SEPTIN5, SERINC3, SGK1, SH2D1A, SHANK1, SIK3, SLC15A2, SLC24A2, SLC6A1, SLC7A11, SNCA, SORCS2, SORL1, SPTBN1, STOX1, STUB1, STX1A, SYNGAP1, SYT7, TAFA1, TAFA4, TBC1D10C, TEK, TESPA1, THRB, TMEM53, TMOD2, TMSB4X, TNF, TNFRSF11A, TRABD2A, TSPAN15, UBASH3A, UNC13A, USP32, VAMP2, VRK2, WNT10B, YWHAH, ZAP70, ZBP1, ZEB2, ZNF536
GO:0009653	anatomical structure morphogenesis	2642	183	130.89	7.3e-7	1.5631125e-4	0.06926570779712339	ADCK1, ADGRB2, AGTPBP1, AJAP1, ALDH1A2, AMOT, ANKRD24, APC, APLP1, APOD, ARX, ATL1, ATOH7, B3GNT2, BDNF, BRSK1, CAMK1, CARMIL2, CASR, CCBE1, CCK, CCL3, CDC42EP2, CDC42SE2, CDH13, CDH8, CDH9, CDK5, CDK5R1, CDK5R2, CDKL5, CHN1, CNP, CNTN5, CORO1A, CPNE5, CPNE6, CRISPLD2, CRPPA, CSF3R, CSRP1, CST3, CTNNA2, CUX2, CX3CR1, CYSLTR1, DCN, DLG3, DLG4, DLX1, DLX2, DLX6, DMRT2, DMRT3, DMTN, EDN3, EGR3, EMX1, EMX2, EPHA10, EPHA4, EPHB6, FBXW7, FEZ1, FEZF2, FGD6, FGF13, FLRT2, FMN1, FMNL1, FOXG1, FREM3, FZD8, GCNT4, GDF2, GDF7, GJA5, GJB6, GREM2, HHIP, HNF4A, IL1RAPL1, ISLR2, ITPKA, KALRN, KIF5A, KIF5C, KIRREL3, KLF2, KLHL3, KLK5, KRT17, LMO4, LRTM2, LST1, MAN2A1, MAP1A, MATN1, MEF2C, MEOX1, MEOX2, MFN2, MPIG6B, MT3, MYBPC1, MYH11, MYOCD, NECTIN1, NELL2, NGEF, NR2E1, NSMF, NTNG2, OLFM1, OPN4, OSTN, OTX1, PAK1, PAK3, PAK6, PALM, PHACTR1, PHOSPHO1, PIK3CD, PINK1, PITPNA, PLK2, PLPPR4, POF1B, PPFIA2, PPP1R16B, PRKCB, PRKCQ, PRKCZ, PRKN, PROK1, PROK2, PSMB10, PTPN6, PTPRB, RAB3A, RAPGEF2, RASAL1, RILPL2, RIPOR2, ROGDI, RORB, RS1, RXFP1, SATB2, SEMA3G, SEMA4A, SEPTIN7, SGK1, SHANK1, SHTN1, SLC39A12, SLITRK1, SOBP, SPTBN1, STOX1, STRA6, SULT4A1, SYNGAP1, TBR1, TECTA, TEK, THRB, TIE1, TMEM215, TMOD2, TNF, TNNT1, TPPP, TTL, TUBB1, ULK2, UNC13A, VPS33B, WASF3, WNT10B, YWHAH, ZNF365
GO:0071495	cellular response to endogenous stimulus	1409	96	69.81	8e-4	0.04602089552238806	0.06813342796309439	ACVR1C, ADRB2, APC, APLP1, ATP2B1, BCL2L2, BDNF, CACNB1, CAMK2A, CASR, CCBE1, CCL5, CDK5, CLEC3B, CORO1A, CRH, CRHBP, CX3CR1, DCN, DLX1, DMTN, DOCK3, DRD1, EGR3, EPHA4, FAM107A, FECH, FEZ1, FFAR4, FKBP8, FLRT2, FOSB, FUT8, GDF2, GDF7, GLP2R, GREM2, GRM5, HCRTR1, HHIP, HPCA, HTR1A, HTR2A, HTR3B, IGF1, KLF2, LMO3, MAS1, MEF2C, MT3, MYOCD, NLK, NR2E1, NSG2, NSMF, OSTN, PADI2, PAK1, PALM, PAQR8, PBLD, PDE2A, PDXP, PIK3CD, PIK3R1, PIP4K2A, PRKCB, PRKCD, PRKCQ, PRKCZ, PRKN, PSG9, PTGDR, PTPRK, RAPGEF2, RGS4, RXFP1, SCNN1A, SGK1, SLC1A2, SLC8A1, SORL1, SST, SSTR1, STUB1, THRB, TMEM38A, TMEM53, TNF, UROS, VAMP2, VSTM2A, WNT10B, YWHAH, ZEB2, ZPR1
GO:0065009	regulation of molecular function	1952	132	96.71	1.1e-4	0.00985970930232558	0.06762295081967214	A2ML1, ABR, ACVR1C, ADAP1, ADRB2, AGAP2, AKAP5, APC, ARRB1, AZIN2, BDNF, BEX1, BIN1, BLK, CACNB1, CACNG3, CACNG8, CALM1, CALM2, CALM3, CAMK1, CAMK1D, CAMK2A, CAMK2N1, CCL19, CCL3, CCL3L3, CCL5, CCNO, CCNY, CDK5R1, CDK5R2, CDKL5, CDKN2D, CEMIP, CHN1, CNIH3, CRH, CRHBP, CST3, DBNDD2, DLG3, DLG4, DLGAP2, DLGAP3, DRD1, DUSP7, EDN3, EPHA4, EVI5L, FBXW7, FGD6, FGF13, FXYD1, FXYD7, GREM2, GRIN2A, GRIN2B, GRM2, GRM3, GRM5, HABP4, HOMER1, HPCA, HTR2A, IGF1, IL34, KCNS1, KCNS2, LDB2, LMO4, MAP3K10, MEF2C, MMD, MT3, MTURN, MUSK, MYOCD, NDFIP2, NEK10, NEUROG2, NGEF, NLRP12, NLRP3, NOS2, NWD1, PAK1, PALM, PARM1, PINK1, PKP4, PLA2G5, PLAAT4, PPP4R4, PRKAR2B, PRKCD, PRKCQ, PRKCZ, PRKN, PRTN3, PSME3IP1, PTPRB, RALB, RAPGEF2, RAPGEF4, RAPGEFL1, RASGRF2, RGS14, RIPOR2, RPS6KA4, RXFP1, S1PR4, SCN3B, SERPINI1, SGK1, SGK2, SGSM2, SHANK1, SLC8A1, SNCA, SPOCK3, STOX1, TAFA1, TAFA4, TBC1D10C, TEK, TIE1, TMSB4X, TNF, TNFRSF11A, VAMP2, YWHAH
GO:0070887	cellular response to chemical stimulus	2618	177	129.7	5.4e-6	7.779220183486237e-4	0.06760886172650879	ACAA2, ADRB2, ALDH1A1, ALDH1A2, APC, APLP1, ATP2B1, B3GNT2, BCL2L2, BIN2, BRINP2, C1QTNF4, C5AR2, CACNB1, CALM1, CAMK1D, CAMK2A, CASR, CCL19, CCL3, CCL3L3, CCL5, CD6, CDC42EP2, CDK19, CDK5, CDK5R1, CHGA, CHRM1, CHRM4, CHRNA2, CLEC3B, CORO1A, CPNE4, CPNE5, CPNE6, CRH, CRHBP, CSF3R, CUX2, CX3CR1, CXCL11, CXCL14, CYP46A1, CYSLTR1, DAPK2, DLG2, DLG4, DMTN, DRD1, EDN3, EFHD1, EGR3, EPHA4, FAM107A, FECH, FFAR4, FMO2, FOSB, FUT8, GBP4, GJB6, GLP2R, GPR37, GREM2, GRM5, GSTM3, GUCY1B1, HBA1, HBA2, HBB, HBQ1, HCRTR1, HNF4A, HPCA, HTR1A, HTR2A, HTR3B, IGF1, IL12RB2, IL34, ITPKA, JAML, KCNB1, KCNQ3, KLF2, LMO3, LRRC8C, MAP1LC3A, MAPK9, MAS1, MEF2C, MME, MNDA, MRAS, MSC, MT1E, MT1F, MT3, NGB, NLK, NLRP12, NLRP3, NOS2, NR2E1, NSG2, NSMF, OSTN, P2RY13, PADI2, PAK1, PAK3, PALM, PAQR8, PDE1B, PDE2A, PDK3, PDXP, PIK3CD, PIK3R1, PINK1, PIP4K2A, PLVAP, PRKCB, PRKCD, PRKCQ, PRKCZ, PRKN, PTGDR, PTPN6, PTPRK, PTPRN, PTPRN2, RALB, RAPGEF2, RASAL1, RCSD1, RDH12, RGS4, RIPOR2, RORB, RPS6KA4, RXFP1, SATB2, SCNN1A, SELPLG, SERP2, SGK1, SLC13A5, SLC1A2, SLC25A23, SLC7A11, SLC8A1, SLCO1A2, SNCA, SORL1, SST, SSTR1, STOX1, STUB1, SYT5, SYT7, TAFA4, THRB, TMEM38A, TMSB4X, TMTC4, TNF, TNFRSF11A, TNFRSF13C, TOLLIP, UROS, VAMP2, VRK2, WNT10B, YWHAH, ZBP1
GO:0007275	multicellular organism development	4598	309	227.8	2.6e-10	1.2146727272727272e-7	0.06720313179643324	ACO2, ACSBG1, ACVR1C, ADGRB2, ADRB2, AGTPBP1, AJAP1, ALDH1A2, AMOT, ANKRD24, APC, APLP1, APOD, ARHGEF9, ARNT2, ARX, ASPA, ATL1, ATOH7, ATP2B1, B3GNT2, B4GALT2, BCL2L2, BDNF, BEX1, BFSP1, BIN1, BRINP2, BRSK1, C1QL3, CABLES1, CALM1, CALM2, CALM3, CAMK1, CAMK1D, CAMK2A, CASR, CBLN4, CCBE1, CCK, CCKBR, CCL19, CCL3, CDH13, CDH8, CDH9, CDK5, CDK5R1, CDK5R2, CDKL5, CHD5, CHN1, CHRM1, CNP, CNTN5, CPNE5, CPNE6, CRH, CRISPLD2, CRPPA, CSF3R, CTNNA2, CUX2, CX3CR1, CYB5D2, CYP46A1, CYSLTR1, DCN, DLG2, DLG3, DLG4, DLX1, DLX2, DLX6, DMRT2, DMRT3, DMRTA2, DRD1, EDN3, EFHD1, EGR3, EML1, EMX1, EMX2, ENC1, EPHA10, EPHA4, EPHB6, FAXDC2, FBXW7, FEZ1, FEZF2, FGF13, FKBP8, FLRT2, FMN1, FOXG1, FUT8, FZD8, GABRA2, GABRA4, GABRA5, GABRG1, GABRG3, GCNT4, GDA, GDF2, GDF7, GJA5, GJB6, GLDN, GPR37, GREM2, GRIN2A, GRIN2B, GRIN3A, GRM5, GRM7, GSTM3, HDAC11, HHIP, HLA-E, HNF4A, HPCA, HPCAL4, HSD11B1, ICAM5, IGF1, IKZF3, IL1RAPL1, IL34, IQSEC1, ISLR2, ITPK1, ITPKA, KALRN, KCNB1, KCNQ3, KIF3B, KIF5A, KIF5C, KIRREL3, KLF2, KLHL3, KREMEN2, KRT17, LDB2, LHX6, LINGO2, LMO4, LRRC7, LRTM2, LSR, LST1, MAL, MAN2A1, MAP1A, MAS1, MATN1, MEF2C, MEOX1, MEOX2, MFN2, MMD, MME, MSC, MT3, MTURN, MUSK, MUSTN1, MYH11, MYOC, MYOCD, NAV3, NCAM2, NCS1, NDRG2, NECAB1, NECTIN1, NEGR1, NELL1, NELL2, NEUROD6, NEUROG2, NGEF, NINJ2, NLRP3, NR2E1, NRGN, NRSN1, NRSN2, NSMF, NTNG2, OLFM1, OMG, OPALIN, OPN4, OSTN, OTX1, PADI2, PAK1, PAK3, PAK6, PALM, PAX1, PCDHGC5, PDE2A, PHACTR1, PHOSPHO1, PIK3CD, PIK3R1, PITHD1, PITPNA, PLAAT3, PLAAT4, PLK2, PLLP, PLPPR4, PPFIA2, PPP1R16B, PPP4R4, PRDM6, PRKCB, PRKCG, PRKCQ, PRKCZ, PRKN, PROK1, PROK2, PRPH2, PSD, PSG9, PTGDR, PTHLH, PTPN6, PTPRB, PTPRN, PTS, RAB3A, RANBP3L, RAPGEF2, RAPGEFL1, RASAL1, RGS14, RGS4, RND1, ROGDI, RORB, RS1, RTN4RL1, RXFP1, SATB2, SCN3B, SEMA3G, SEMA4A, SEPTIN4, SEPTIN7, SERPINI1, SGK1, SH3GL3, SHANK1, SHC3, SHTN1, SLC17A7, SLC1A2, SLC39A12, SLC7A11, SLC8A1, SLITRK1, SNCA, SNPH, SOBP, SORBS2, SORL1, SPTBN1, SSTR1, STOX1, STRA6, SULT4A1, SYNGAP1, TAFA1, TBR1, TECTA, TEK, TESPA1, THRB, TIE1, TMEM215, TMOD2, TNF, TNFRSF11A, TPPP, TTL, TTLL7, TUBB1, UGP2, ULK2, UNC13A, VXN, WASF3, WDR37, WNT10B, YWHAH, ZAP70, ZEB2, ZNF365, ZNF536, ZPR1
GO:0010647	positive regulation of cell communication	1742	117	86.3	3.6e-4	0.025935140186915888	0.06716417910447761	ADRB2, AKAP5, APOL3, ARRB1, BDNF, BLK, C1QTNF4, CACNG3, CACNG8, CALM1, CAMK2A, CASR, CCBE1, CCL19, CCL3, CCL3L3, CCL5, CD226, CDH13, CHD5, CHGA, CRH, CUX2, CX3CR1, CYP46A1, DCN, DKK2, DLG4, DOK6, DRD1, EDN3, ENHO, EPHA4, FABP5, FAM107A, FBXW7, FFAR4, FKBP8, GDF2, GDF7, GJA5, GPR37, GPR61, GRIN2A, GRIN2B, GRM2, GRM5, HCRTR1, HOMER1, HTR2A, IGF1, IGFBP6, IL34, IQSEC2, KLF2, KLK5, LMO3, MAL, MAP3K10, MAPK9, MAS1, MEF2C, MME, MT3, MTURN, MYOC, MYOCD, NDFIP2, NECAB2, NEK10, NLRP12, NLRP3, NR2E1, PAK1, PIK3R1, PINK1, PLA2G5, PLK2, PRKCB, PRKCD, PRKCG, PRKCZ, PRKN, PROK1, PTGDR2, PTPN6, RALB, RAPGEF2, RAPGEF4, RASD2, RASGRF2, RGS14, RGS4, RIMS3, RUNDC3A, S100A13, SEPTIN4, SERINC3, SHANK1, SIK3, SLC24A2, SNCA, SORL1, STOX1, STX1A, TEK, TESPA1, THRB, TMOD2, TNF, TNFRSF11A, USP32, VAMP2, WNT10B, ZAP70, ZBP1, ZEB2
GO:0023056	positive regulation of signaling	1744	117	86.4	3.8e-4	0.02675095890410959	0.06708715596330275	ADRB2, AKAP5, APOL3, ARRB1, BDNF, BLK, C1QTNF4, CACNG3, CACNG8, CALM1, CAMK2A, CASR, CCBE1, CCL19, CCL3, CCL3L3, CCL5, CD226, CDH13, CHD5, CHGA, CRH, CUX2, CX3CR1, CYP46A1, DCN, DKK2, DLG4, DOK6, DRD1, EDN3, ENHO, EPHA4, EPS15, FABP5, FAM107A, FBXW7, FFAR4, FKBP8, GDF2, GDF7, GPR37, GPR61, GRIN2A, GRIN2B, GRM2, GRM5, HCRTR1, HOMER1, HTR2A, IGF1, IGFBP6, IL34, IQSEC2, KLF2, KLK5, LMO3, MAL, MAP3K10, MAPK9, MAS1, MEF2C, MME, MT3, MTURN, MYOC, MYOCD, NDFIP2, NECAB2, NEK10, NLRP12, NLRP3, NR2E1, PAK1, PIK3R1, PINK1, PLA2G5, PLK2, PRKCB, PRKCD, PRKCG, PRKCZ, PRKN, PROK1, PTGDR2, PTPN6, RALB, RAPGEF2, RAPGEF4, RASD2, RASGRF2, RGS14, RGS4, RIMS3, RUNDC3A, S100A13, SEPTIN4, SERINC3, SHANK1, SIK3, SLC24A2, SNCA, SORL1, STOX1, STX1A, TEK, TESPA1, THRB, TMOD2, TNF, TNFRSF11A, USP32, VAMP2, WNT10B, ZAP70, ZBP1, ZEB2
GO:0051128	regulation of cellular component organization	2404	161	119.1	2.7e-5	0.0029946690647482013	0.06697171381031614	ACAA2, ADCK1, ADD3, ADRB2, ANAPC15, APC, APOD, ARHGEF9, ARRB1, ATOH7, ATP8A1, BCL2L2, BDNF, BIN1, BRSK1, C1QL3, CAMK1, CAMK1D, CAMKV, CARMIL2, CCDC85B, CCL19, CDC42EP2, CDH13, CDH8, CDK5, CDK5R1, CDKL5, CDKN2D, CHN1, CORO1A, CPNE5, CPNE6, CST3, CTNNA2, CUX2, CYRIA, DACT3, DCN, DLG4, DMTN, DNAJC15, DNAJC6, EDN3, ENC1, EPHA4, ERC2, EVI5L, FAM107A, FBXW7, FEZ1, FEZF2, FGF13, FKBP8, FLRT2, FMN1, FRMPD4, GDF2, GHITM, GMFG, GRIN2B, HNF4A, HOMER1, HPCA, ICAM5, IGF1, IL1RAPL1, IQSEC1, ISLR2, ITPKA, KRT17, LINGO2, LMO4, LRRC7, LRTM2, MAP1A, MAPK9, MEF2C, MOAP1, MT3, MUSK, MYOC, MYOCD, NAV3, NCS1, NECAB2, NECTIN1, NEGR1, NGEF, NR2E1, NSMF, NTNG2, OLFM1, OSTN, PAK1, PAK3, PALM, PDE2A, PDXP, PIK3R1, PINK1, PIP4K2A, PLA2G5, PLK2, PPFIA2, PPP1R16B, PRKCD, PRKCG, PRKCQ, PRKCZ, PRKN, PRTN3, RAB3A, RAB6C, RALB, RAPGEF2, RASAL1, RGS4, RIPOR2, RND1, RTN4RL1, SEMA3G, SEMA4A, SEPTIN7, SEPTIN8, SERPINI1, SGK1, SGK2, SH3GL3, SHANK1, SHTN1, SLC17A7, SLC39A12, SLC7A11, SLITRK1, SNCA, SORL1, SPTBN1, STOX1, STUB1, STX1A, STXBP6, SYNGAP1, SYT7, TBR1, TEK, TIE1, TMOD2, TMSB4X, TNF, TP53TG5, TPPP, TRABD2A, TTL, ULK2, UNC13A, WASF3, WNT10B, YWHAH, ZEB2, ZNF365
GO:0051239	regulation of multicellular organismal process	2909	193	144.12	6.1e-6	8.472405405405406e-4	0.06634582330697834	ACVR1C, ADD3, ADGRB2, ADRA1D, ADRB2, AJAP1, ALDH1A1, AMOT, APC, APOD, ARRB1, ARX, ASPA, ATP2B1, BDNF, BIN1, C1QTNF4, C5AR2, CACNB1, CALM1, CALM2, CALM3, CASR, CCBE1, CCL19, CCL3, CCL5, CD226, CD6, CDK5, CDKL5, CHGA, CHRNA2, CLEC9A, CORO1A, CRH, CRHBP, CSF3R, CST3, CUX2, CX3CR1, CYSLTR1, DACT3, DCN, DIO2, DLG4, DLGAP2, DLGAP3, DLX1, DLX2, DMRT2, DMRTA2, DMTN, EDN3, EGR3, EPHA4, FABP5, FAXDC2, FBXW7, FCHO1, FEZF2, FFAR4, FGF13, FLRT2, FOXG1, FXYD1, GDF2, GJA5, GRIN2A, GRIN2B, GRM5, GRPR, HAVCR1, HLA-E, HNF4A, HRH2, HTR1A, HTR2A, IGF1, IKZF3, IL12RB2, IL1RAPL1, IL34, IQSEC1, ISLR2, ITPKA, KLF2, KREMEN2, KRT17, LINGO2, LMO4, LRTM2, LST1, MAN2A1, MAPK9, MATN1, MEF2C, MEOX2, MFN2, MLIP, MME, MNDA, MT3, MTURN, MUSTN1, MYOCD, NAV3, NDRG2, NELL1, NLRP12, NLRP3, NOS2, NR2E1, OLFM1, OPRL1, PHOSPHO1, PIK3CD, PIK3R1, PITHD1, PLA2G5, PLAAT4, PLCL1, PLD4, PLK2, POU2AF1, PPP1R16B, PRKCB, PRKCD, PRKCQ, PRKCZ, PROK1, PROK2, PSG9, PTGDR2, PTHLH, PTPN6, RAPGEF2, RASSF5, RGS14, RGS4, RIPOR2, RPS6KA4, S100A13, SCD, SCN3B, SEMA3G, SEMA4A, SEPTIN7, SETD3, SFXN5, SGK1, SHANK1, SHTN1, SLC39A12, SLC8A1, SLITRK1, SNCA, SNTA1, SORL1, SPTBN1, SPX, STOX1, STRA6, STX1A, SYNGAP1, SYT7, TAFA4, TBC1D10C, TEK, TESPA1, THRB, TIE1, TMEM38A, TMEM53, TMSB4X, TNF, TNFRSF11A, TNFRSF13C, TNNT1, TPPP, TRAF3IP3, TRPV3, UBASH3A, ULK2, VIP, VPS33B, WASF3, WNT10B, YBX2, YWHAH, ZAP70, ZNF365, ZPR1
GO:0006796	phosphate-containing compound metabolic process	2498	165	123.76	4.5e-5	0.004656140939597315	0.06605284227381905	ACSBG1, ACVR1C, ADCK1, ADRB2, AGAP2, AK5, APC, ARRB1, BDNF, BLK, BMX, BRSK1, BTBD10, CALM1, CALM2, CALM3, CAMK1, CAMK1D, CAMK1G, CAMK2A, CAMK2N1, CAMKK1, CAMKV, CCL19, CCL5, CCNO, CCNY, CD6, CDK19, CDK5, CDK5R1, CDK5R2, CDKL5, CDKN2D, CEMIP, CNP, CRH, CRYL1, CX3CR1, DAPK2, DBNDD2, DCLK3, DGKZ, DLG2, DLG3, DLG4, DMTN, DNAJC6, DPYS, DRD1, DUSP7, DUSP8, EDN3, EFR3B, ELOVL2, EPHA10, EPHA4, EPHB6, ERG, FABP3, FABP5, FAXDC2, FBXW7, FECH, FKBP8, FMO2, FZD8, GDA, GIMAP7, GMFG, GRK3, GRM5, GUCY1B1, HTR2A, IGF1, IL34, ITPK1, ITPKA, KALRN, KCNAB2, LDB2, LMO4, LPGAT1, MAP3K10, MAPK9, MAS1, MAST3, MATK, MEF2C, MMD, MT3, MUSK, MYOCD, NADK2, NEK10, NHLRC1, NLK, NLRP12, NOS2, NSMF, NUDT16, NUDT3, PAK1, PAK3, PAK6, PDE2A, PDE7B, PDHB, PDK3, PDP1, PDXP, PI4KA, PIK3CD, PIK3R1, PINK1, PIP4K2A, PIPOX, PITPNM3, PLA2G5, PLAAT3, PLAAT4, PLAAT5, PLCH1, PLCH2, PLK2, PLPPR4, PPEF1, PPP1R16B, PPP4R4, PRKAR2B, PRKCB, PRKCD, PRKCG, PRKCQ, PRKCZ, PRKN, PTHLH, PTP4A2, PTPN6, PTPRB, PTPRK, PTPRN2, RALB, RAPGEF2, RGS14, RPS6KA4, SGK1, SGK2, SIK3, SLC8A1, SNCA, STK32C, STOX1, STYK1, TEK, TIE1, TMSB4X, TNF, TNFRSF11A, TOLLIP, TRPM6, UGP2, ULK2, VRK2, ZAP70
GO:0023052	signaling	6350	419	314.6	5.3e-14	5.10688125e-11	0.06598425196850394	ABR, ACAA2, ACVR1C, ADAP1, ADGRB2, ADGRG5, ADRA1D, ADRB2, AKAP5, ALDH1A2, AMER2, AMOT, ANAPC15, ANKS1B, APC, APLP1, APOD, APOL3, ARAP2, ARHGAP20, ARHGAP32, ARHGEF9, ARRB1, ATRNL1, BAG1, BCL2L2, BDNF, BEX1, BEX2, BLK, BLNK, BMX, BRSK1, BTBD10, C1QTNF4, C1QTNF9, C5AR2, CAB39L, CACNB1, CACNG3, CACNG8, CALM1, CALM2, CALM3, CAMK1, CAMK2A, CAMKK1, CAMKV, CASKIN1, CASR, CCBE1, CCK, CCKBR, CCL19, CCL3, CCL3L3, CCL5, CCNY, CD226, CD3G, CD6, CD8A, CDC42EP2, CDC42SE2, CDH13, CDH8, CDK5, CDK5R1, CDKL5, CDKN2D, CHD5, CHGA, CHN1, CHRM1, CHRM4, CHRNA2, CLEC12A, CNIH3, CNP, CORO1A, CORT, CR2, CRH, CRHBP, CSF3R, CUX2, CX3CR1, CXCL11, CXCL14, CYP46A1, CYSLTR1, CYSLTR2, DACT3, DAPK2, DCN, DGKZ, DKK2, DLG2, DLG3, DLG4, DLGAP2, DLGAP3, DLX1, DLX2, DMTN, DOCK3, DOK6, DRD1, DUSP7, DUSP8, EDN3, EGR3, ENHO, EPHA10, EPHA4, EPHB6, EPM2A, EPS15, ERC2, ERG, FABP5, FAM107A, FAM83F, FAM83H, FBXO9, FBXW7, FCGR3B, FCHO1, FFAR4, FGF13, FKBP8, FLRT2, FUT8, FZD8, GABRA2, GABRA4, GABRA5, GABRG1, GABRG3, GDF2, GDF7, GHITM, GJA5, GJB6, GJD2, GLDN, GLP2R, GMFG, GNG7, GNL1, GPR26, GPR37, GPR61, GREM2, GRIN2A, GRIN2B, GRIN3A, GRK3, GRM2, GRM3, GRM5, GRM7, GRPR, GUCY1B1, HCRTR1, HHIP, HNF4A, HOMER1, HPCA, HRH2, HSH2D, HTR1A, HTR2A, HTR3B, IGF1, IGFBP6, IL12RB2, IL1RAPL1, IL34, IQSEC1, IQSEC2, ITPK1, ITPKA, KALRN, KCNB1, KCNK10, KCNN1, KCNQ3, KCTD16, KIF5A, KIR3DX1, KLF2, KLK5, KREMEN2, LMO3, MAL, MAP1A, MAP1LC3A, MAP3K10, MAPK9, MAS1, MAST3, MCHR2, MEF2C, MFN2, MME, MNDA, MOAP1, MPIG6B, MRAS, MT3, MTURN, MUSK, MYOC, MYOCD, NANOS3, NDFIP2, NDRG2, NECAB2, NEK10, NGEF, NLK, NLRP12, NLRP3, NOS2, NPBWR1, NPBWR2, NR2E1, NRGN, NSG2, NSMF, NTNG2, NUDT3, OLFM1, OPN4, OPRL1, OR14I1, OR2W3, OSTF1, OSTN, P2RY13, PADI2, PAK1, PAK3, PAK6, PALM, PAQR8, PBLD, PDE1B, PDE1C, PDE2A, PDE7B, PDK3, PDYN, PEBP1, PEX5L, PHF24, PI4KA, PIK3CD, PIK3R1, PINK1, PIP4K2A, PKD2L1, PKP4, PLA2G5, PLCH1, PLCH2, PLCL1, PLEKHB1, PLEKHG3, PLK2, PLPPR4, PLVAP, PNOC, PPFIA2, PPFIA3, PPP1R16B, PRICKLE2, PRKAR2B, PRKCB, PRKCD, PRKCG, PRKCQ, PRKCZ, PRKN, PROK1, PROK2, PROKR2, PSD, PSG4, PSG6, PSG7, PSG8, PSG9, PTGDR, PTGDR2, PTHLH, PTPN6, PTPRK, PTPRN, PTPRN2, RAB3A, RAB40B, RAB40C, RAB6C, RABEP1, RALB, RAP1GAP2, RAPGEF2, RAPGEF4, RAPGEFL1, RASAL1, RASD2, RASGRF2, RASSF5, RCVRN, REPS2, RGS14, RGS20, RGS4, RGS5, RGS7BP, RHOBTB2, RIMBP2, RIMS3, RIPOR2, RND1, RORB, RPH3A, RPS6KA4, RS1, RUNDC3A, RXFP1, S100A13, S1PR4, SAG, SAMD12, SCN3B, SEMA3G, SEMA4A, SEPTIN4, SEPTIN5, SERINC3, SERP2, SGK1, SGK2, SH2D1A, SH3GL3, SHANK1, SHC3, SHTN1, SIK3, SLC15A2, SLC17A7, SLC1A2, SLC24A2, SLC39A12, SLC6A1, SLC7A11, SLC8A1, SNCA, SNPH, SORBS2, SORCS2, SORL1, SPTBN1, SPX, SST, SSTR1, STK32C, STOX1, STUB1, STX1A, SYNGAP1, SYT5, SYT7, TAC3, TAFA1, TAFA4, TAMALIN, TBC1D10C, TEK, TESPA1, THEMIS, THRB, TIE1, TMEM38A, TMEM53, TMOD2, TMSB4X, TMTC4, TNF, TNFRSF11A, TNFRSF13C, TOLLIP, TP53TG5, TRABD2A, TRAC, TRAF3IP3, TRBC2, TRGC1, TSPAN15, UBASH3A, ULK2, UNC13A, USP32, UTS2R, VAMP2, VIP, VIPR1, VRK2, WNT10B, WSB2, YWHAH, ZAP70, ZBP1, ZEB2, ZNF536, ZPR1
GO:0050793	regulation of developmental process	2411	159	119.45	6.9e-5	0.00664858125	0.06594773952716715	ADCK1, ADGRB2, ADRB2, AJAP1, AMOT, APC, ARX, ASPA, ATP2B1, BDNF, BIN1, BNC1, BRINP2, BRSK1, CAMK1, CAMK1D, CCBE1, CCDC85B, CCL19, CCL3, CDC42EP2, CDC42SE2, CDK5, CDK5R1, CDKL5, CHN1, CORO1A, CPNE5, CPNE6, CSF3R, CST3, CUX2, CX3CR1, CYB5D2, CYSLTR1, DACT3, DCN, DLG4, DLX1, DLX2, DMRT2, DMRT3, DMRTA2, DMTN, EDN3, EGR3, EPHA4, FAXDC2, FBXW7, FEZF2, FFAR4, FGD6, FGF13, FLRT2, FMNL1, FOXG1, GDF2, GDF7, GRIN3A, GRM5, HNF4A, HTR2A, IGF1, IKZF3, IL1RAPL1, IL34, ISLR2, ITPKA, KLF2, KRT17, LINGO2, LMO3, LMO4, LRTM2, LST1, MAN2A1, MAPK9, MATN1, MEF2C, MMD, MME, MT3, MTURN, MUSK, MUSTN1, MYOCD, NELL1, NGEF, NLRP3, NR2E1, NSMF, NTNG2, OLFM1, OPALIN, OSTN, PAK1, PAK3, PALM, PHOSPHO1, PIK3CD, PIK3R1, PINK1, PITHD1, PLA2G5, PLAAT3, PLAAT4, PLEKHB1, PLK2, PPFIA2, PPP1R16B, PRDM6, PRKCB, PRKCZ, PRKN, PROK1, PSG9, PTHLH, PTPN6, RANBP3L, RAPGEF2, RASAL1, RGS14, RGS4, RIPOR2, RORB, RTN4RL1, SEMA3G, SEMA4A, SEPTIN7, SETD3, SH3GL3, SHANK1, SHTN1, SLC39A12, SLC8A1, SLITRK1, SORL1, STOX1, SYNGAP1, TEK, TESPA1, TIE1, TMEM215, TMEM53, TNF, TNFRSF11A, TPPP, TTL, ULK2, UNC13A, VSTM2A, WASF3, WNT10B, YWHAH, ZAP70, ZEB2, ZNF365, ZNF536, ZPR1
GO:0006793	phosphorus metabolic process	2524	166	125.05	5.3e-5	0.00537566447368421	0.06576862123613313	ACSBG1, ACVR1C, ADCK1, ADRB2, AGAP2, AK5, APC, ARRB1, BDNF, BLK, BMX, BRSK1, BTBD10, CALM1, CALM2, CALM3, CAMK1, CAMK1D, CAMK1G, CAMK2A, CAMK2N1, CAMKK1, CAMKV, CCL19, CCL5, CCNO, CCNY, CD6, CDK19, CDK5, CDK5R1, CDK5R2, CDKL5, CDKN2D, CEMIP, CNP, CRH, CRYL1, CX3CR1, DAPK2, DBNDD2, DCLK3, DGKZ, DLG2, DLG3, DLG4, DMTN, DNAJC6, DPYS, DRD1, DUSP7, DUSP8, EDN3, EFR3B, ELOVL2, EPHA10, EPHA4, EPHB6, ERG, FABP3, FABP5, FAXDC2, FBXW7, FECH, FKBP8, FMO2, FUT8, FZD8, GDA, GIMAP7, GMFG, GRK3, GRM5, GUCY1B1, HTR2A, IGF1, IL34, ITPK1, ITPKA, KALRN, KCNAB2, LDB2, LMO4, LPGAT1, MAP3K10, MAPK9, MAS1, MAST3, MATK, MEF2C, MMD, MT3, MUSK, MYOCD, NADK2, NEK10, NHLRC1, NLK, NLRP12, NOS2, NSMF, NUDT16, NUDT3, PAK1, PAK3, PAK6, PDE2A, PDE7B, PDHB, PDK3, PDP1, PDXP, PI4KA, PIK3CD, PIK3R1, PINK1, PIP4K2A, PIPOX, PITPNM3, PLA2G5, PLAAT3, PLAAT4, PLAAT5, PLCH1, PLCH2, PLK2, PLPPR4, PPEF1, PPP1R16B, PPP4R4, PRKAR2B, PRKCB, PRKCD, PRKCG, PRKCQ, PRKCZ, PRKN, PTHLH, PTP4A2, PTPN6, PTPRB, PTPRK, PTPRN2, RALB, RAPGEF2, RGS14, RPS6KA4, SGK1, SGK2, SIK3, SLC8A1, SNCA, STK32C, STOX1, STYK1, TEK, TIE1, TMSB4X, TNF, TNFRSF11A, TOLLIP, TRPM6, UGP2, ULK2, VRK2, ZAP70
GO:0007154	cell communication	6442	421	319.16	2.3e-13	1.9699499999999997e-10	0.06535237503880782	ABR, ACAA2, ACVR1C, ADAP1, ADGRB2, ADGRG5, ADRA1D, ADRB2, AKAP5, ALDH1A2, AMER2, AMOT, ANAPC15, ANKS1B, APC, APLP1, APOD, APOL3, ARAP2, ARHGAP20, ARHGAP32, ARHGEF9, ARRB1, ATRNL1, BAG1, BCL2L2, BDNF, BEX1, BEX2, BLK, BLNK, BMX, BRSK1, BTBD10, C1QTNF4, C1QTNF9, C5AR2, CAB39L, CACNB1, CACNG3, CACNG8, CALM1, CALM2, CALM3, CAMK1, CAMK2A, CAMKK1, CAMKV, CASKIN1, CASR, CCBE1, CCK, CCKBR, CCL19, CCL3, CCL3L3, CCL5, CCNY, CD226, CD3G, CD6, CD8A, CDC42EP2, CDC42SE2, CDH13, CDH8, CDK5, CDK5R1, CDKL5, CDKN2D, CHD5, CHGA, CHN1, CHRM1, CHRM4, CHRNA2, CLEC12A, CNIH3, CNP, CORO1A, CORT, CR2, CRH, CRHBP, CSF3R, CUX2, CX3CR1, CXCL11, CXCL14, CYP46A1, CYSLTR1, CYSLTR2, DACT3, DAPK2, DCN, DGKZ, DKK2, DLG2, DLG3, DLG4, DLGAP2, DLGAP3, DLX1, DLX2, DMRT3, DMTN, DNAJC15, DOCK3, DOK6, DRD1, DUSP7, DUSP8, EDN3, EGR3, ENHO, EPHA10, EPHA4, EPHB6, EPM2A, ERC2, ERG, FABP5, FAM107A, FAM83F, FAM83H, FBXO9, FBXW7, FCGR3B, FCHO1, FFAR4, FGF13, FKBP8, FLRT2, FREM3, FUT8, FZD8, GABRA2, GABRA4, GABRA5, GABRG1, GABRG3, GDF2, GDF7, GHITM, GJA5, GJB6, GJD2, GLDN, GLP2R, GMFG, GNG7, GNL1, GPR26, GPR37, GPR61, GREM2, GRIN2A, GRIN2B, GRIN3A, GRK3, GRM2, GRM3, GRM5, GRM7, GRPR, GUCY1B1, HCRTR1, HHIP, HNF4A, HOMER1, HPCA, HRH2, HSH2D, HTR1A, HTR2A, HTR3B, IGF1, IGFBP6, IL12RB2, IL1RAPL1, IL34, IQSEC1, IQSEC2, ITPK1, ITPKA, KALRN, KCNB1, KCNK10, KCNN1, KCNQ3, KCTD16, KIF5A, KIR3DX1, KLF2, KLK5, KREMEN2, LMO3, MAL, MAP1A, MAP1LC3A, MAP3K10, MAPK9, MAS1, MAST3, MCHR2, MEF2C, MFN2, MME, MNDA, MOAP1, MPIG6B, MRAS, MT3, MTURN, MUSK, MYOC, MYOCD, NANOS3, NDFIP2, NDRG2, NECAB2, NEK10, NGEF, NLK, NLRP12, NLRP3, NOS2, NPBWR1, NPBWR2, NR2E1, NRGN, NSG2, NSMF, NTNG2, NUDT3, OLFM1, OPN4, OPRL1, OR14I1, OR2W3, OSTF1, OSTN, P2RY13, PADI2, PAK1, PAK3, PAK6, PALM, PAQR8, PBLD, PDE1B, PDE1C, PDE2A, PDE7B, PDK3, PDYN, PEBP1, PEX5L, PHF24, PI4KA, PIK3CD, PIK3R1, PINK1, PIP4K2A, PKD2L1, PKP4, PLA2G5, PLCH1, PLCH2, PLCL1, PLEKHB1, PLEKHG3, PLK2, PLPPR4, PLVAP, PNOC, PPFIA2, PPFIA3, PPP1R16B, PRICKLE2, PRKAR2B, PRKCB, PRKCD, PRKCG, PRKCQ, PRKCZ, PRKN, PROK1, PROK2, PROKR2, PSD, PSG4, PSG6, PSG7, PSG8, PSG9, PTGDR, PTGDR2, PTHLH, PTPN6, PTPRK, PTPRN, PTPRN2, RAB3A, RAB40B, RAB40C, RAB6C, RABEP1, RALB, RAP1GAP2, RAPGEF2, RAPGEF4, RAPGEFL1, RASAL1, RASD2, RASGRF2, RASSF5, RCVRN, REPS2, RGS14, RGS20, RGS4, RGS5, RGS7BP, RHOBTB2, RIMBP2, RIMS3, RIPOR2, RND1, RORB, RPH3A, RPS6KA4, RS1, RUNDC3A, RXFP1, S100A13, S1PR4, SAG, SAMD12, SCN3B, SEMA3G, SEMA4A, SEPTIN4, SEPTIN5, SERINC3, SERP2, SGK1, SGK2, SH2D1A, SH3GL3, SHANK1, SHC3, SHTN1, SIK3, SLC15A2, SLC17A7, SLC1A2, SLC24A2, SLC39A12, SLC6A1, SLC7A11, SLC8A1, SNCA, SNPH, SORBS2, SORCS2, SORL1, SPTBN1, SPX, SST, SSTR1, STK32C, STOX1, STUB1, STX1A, SYNGAP1, SYT5, SYT7, TAC3, TAFA1, TAFA4, TAMALIN, TBC1D10C, TEK, TESPA1, THEMIS, THRB, TIE1, TMEM38A, TMEM53, TMOD2, TMSB4X, TMTC4, TNF, TNFRSF11A, TNFRSF13C, TOLLIP, TP53TG5, TRABD2A, TRAC, TRAF3IP3, TRBC2, TRGC1, TSPAN15, UBASH3A, ULK2, UNC13A, USP32, UTS2R, VAMP2, VIP, VIPR1, VRK2, WNT10B, WSB2, YWHAH, ZAP70, ZBP1, ZEB2, ZNF536, ZPR1
GO:0030154	cell differentiation	4295	278	212.79	1.6e-7	4.1112e-5	0.06472642607683353	ACVR1C, ADAD2, ADRB2, AGTPBP1, AJAP1, ALAS2, ALDH1A2, ALDH6A1, AMOT, ANKRD24, APC, APLP1, APOD, ARX, ASPA, ATL1, ATOH7, B3GNT2, BDNF, BEX1, BFSP1, BIN1, BLK, BLNK, BNC1, BRINP2, BRSK1, CAMK1, CAMK1D, CAMK2A, CCDC85B, CCK, CCL19, CCL3, CCNO, CD3G, CD8A, CDK5, CDK5R1, CDK5R2, CDKL5, CHD5, CHN1, CHRM1, CNP, CNTN5, CPNE5, CPNE6, CR2, CRPPA, CSF3R, CSRP1, CTNNA2, CUX2, CX3CR1, CYB5D2, CYSLTR1, DACT3, DHRS9, DLG4, DLX1, DLX2, DLX6, DMRT3, DMRTA2, DMTN, DRD1, EDN3, EFHD1, EGR3, EML1, EMX1, EMX2, ENC1, EPHA10, EPHA4, EPHB6, ERG, FABP3, FAM9C, FAXDC2, FBXO9, FBXW7, FECH, FEZ1, FEZF2, FFAR4, FGF13, FKBP8, FLRT2, FOXG1, FZD8, GABRA5, GALNTL5, GDF2, GDF7, GLDN, GPR37, GRIN2A, GRIN3A, GRM5, GRM7, GSTM3, HDAC11, HHIP, HLF, HNF4A, HOMER1, HTR2A, IGF1, IKZF1, IKZF3, IL1RAPL1, IL34, IQSEC1, ISLR2, ITPKA, KALRN, KCNB1, KCNQ3, KIF5A, KIF5C, KIRREL3, KLF2, KLK5, KRT17, LHX6, LMO3, LMO4, LRRC7, LRRC8C, LRTM2, LSR, LST1, M1AP, MAL, MAN2A1, MAP1A, MAPK9, MATN1, MEF2C, MEOX1, MMD, MME, MPIG6B, MT3, MTURN, MUSK, MUSTN1, MYBPC1, MYH11, MYOC, MYOCD, NANOS3, NAV3, NCAM2, NCS1, NDRG2, NECTIN1, NEGR1, NELL1, NELL2, NEUROD6, NEUROG2, NGEF, NLRP3, NR2E1, NSMF, NTNG2, OLFM1, OMG, OPALIN, OSTN, PAK1, PAK3, PAK6, PAQR8, PDE1B, PDE2A, PHACTR1, PIK3CD, PIK3R1, PINK1, PIP4K2A, PITHD1, PITPNA, PLA2G5, PLAAT3, PLAAT4, PLD4, PLEKHB1, PLPPR4, POF1B, POU2AF1, PPFIA2, PPP1R16B, PRDM6, PRKCQ, PRKCZ, PRKN, PRPH2, PRTN3, PSD, PSG9, PTER, PTHLH, PTPN6, PTPRB, RAB3A, RANBP3L, RAPGEF2, RASAL1, RGS14, RGS4, RILPL2, RIPOR2, RND1, ROGDI, RORB, RTN4RL1, RXFP1, SATB2, SEMA3G, SEMA4A, SEPTIN4, SEPTIN7, SERPINI1, SETD3, SGK1, SH3GL3, SHANK1, SHTN1, SLC39A12, SLC7A11, SLC8A1, SLITRK1, SNPH, SOHLH1, SORBS2, SORL1, SULT4A1, SYNGAP1, TAFA1, TBR1, TDRD12, TECTA, TEK, TESPA1, THEMIS, THRB, TIE1, TMEM215, TMEM53, TMOD2, TNF, TNFRSF11A, TNNT1, TOLLIP, TPPP, TTC12, TTL, TTLL7, TUBB1, TYRP1, ULK2, UNC13A, VPS33B, VSTM2A, VXN, WASF3, WNT10B, YBX2, YWHAH, ZAP70, ZEB2, ZNF365, ZNF536, ZPR1
GO:0048869	cellular developmental process	4296	278	212.84	1.7e-7	4.296540983606557e-5	0.06471135940409684	ACVR1C, ADAD2, ADRB2, AGTPBP1, AJAP1, ALAS2, ALDH1A2, ALDH6A1, AMOT, ANKRD24, APC, APLP1, APOD, ARX, ASPA, ATL1, ATOH7, B3GNT2, BDNF, BEX1, BFSP1, BIN1, BLK, BLNK, BNC1, BRINP2, BRSK1, CAMK1, CAMK1D, CAMK2A, CCDC85B, CCK, CCL19, CCL3, CCNO, CD3G, CD8A, CDK5, CDK5R1, CDK5R2, CDKL5, CHD5, CHN1, CHRM1, CNP, CNTN5, CPNE5, CPNE6, CR2, CRPPA, CSF3R, CSRP1, CTNNA2, CUX2, CX3CR1, CYB5D2, CYSLTR1, DACT3, DHRS9, DLG4, DLX1, DLX2, DLX6, DMRT3, DMRTA2, DMTN, DRD1, EDN3, EFHD1, EGR3, EML1, EMX1, EMX2, ENC1, EPHA10, EPHA4, EPHB6, ERG, FABP3, FAM9C, FAXDC2, FBXO9, FBXW7, FECH, FEZ1, FEZF2, FFAR4, FGF13, FKBP8, FLRT2, FOXG1, FZD8, GABRA5, GALNTL5, GDF2, GDF7, GLDN, GPR37, GRIN2A, GRIN3A, GRM5, GRM7, GSTM3, HDAC11, HHIP, HLF, HNF4A, HOMER1, HTR2A, IGF1, IKZF1, IKZF3, IL1RAPL1, IL34, IQSEC1, ISLR2, ITPKA, KALRN, KCNB1, KCNQ3, KIF5A, KIF5C, KIRREL3, KLF2, KLK5, KRT17, LHX6, LMO3, LMO4, LRRC7, LRRC8C, LRTM2, LSR, LST1, M1AP, MAL, MAN2A1, MAP1A, MAPK9, MATN1, MEF2C, MEOX1, MMD, MME, MPIG6B, MT3, MTURN, MUSK, MUSTN1, MYBPC1, MYH11, MYOC, MYOCD, NANOS3, NAV3, NCAM2, NCS1, NDRG2, NECTIN1, NEGR1, NELL1, NELL2, NEUROD6, NEUROG2, NGEF, NLRP3, NR2E1, NSMF, NTNG2, OLFM1, OMG, OPALIN, OSTN, PAK1, PAK3, PAK6, PAQR8, PDE1B, PDE2A, PHACTR1, PIK3CD, PIK3R1, PINK1, PIP4K2A, PITHD1, PITPNA, PLA2G5, PLAAT3, PLAAT4, PLD4, PLEKHB1, PLPPR4, POF1B, POU2AF1, PPFIA2, PPP1R16B, PRDM6, PRKCQ, PRKCZ, PRKN, PRPH2, PRTN3, PSD, PSG9, PTER, PTHLH, PTPN6, PTPRB, RAB3A, RANBP3L, RAPGEF2, RASAL1, RGS14, RGS4, RILPL2, RIPOR2, RND1, ROGDI, RORB, RTN4RL1, RXFP1, SATB2, SEMA3G, SEMA4A, SEPTIN4, SEPTIN7, SERPINI1, SETD3, SGK1, SH3GL3, SHANK1, SHTN1, SLC39A12, SLC7A11, SLC8A1, SLITRK1, SNPH, SOHLH1, SORBS2, SORL1, SULT4A1, SYNGAP1, TAFA1, TBR1, TDRD12, TECTA, TEK, TESPA1, THEMIS, THRB, TIE1, TMEM215, TMEM53, TMOD2, TNF, TNFRSF11A, TNNT1, TOLLIP, TPPP, TTC12, TTL, TTLL7, TUBB1, TYRP1, ULK2, UNC13A, VPS33B, VSTM2A, VXN, WASF3, WNT10B, YBX2, YWHAH, ZAP70, ZEB2, ZNF365, ZNF536, ZPR1
GO:0006810	transport	4270	276	211.55	2.1e-7	5.058703125e-5	0.06463700234192038	ABCC11, ACAA2, ACVR1C, ADAMTS8, ADRB2, AGAP2, AGTPBP1, AKAP5, ANO4, APLP1, APOD, APOL3, ARF3, ARRB1, ATG4C, ATP2B1, ATP6V1E1, ATP8A1, AZIN2, BCL2L2, BIN1, BIN2, BLK, BORCS5, BRSK1, CABP1, CACNB1, CACNG3, CACNG8, CALM1, CALM2, CALM3, CAMK1, CAMK1D, CAMK2A, CASR, CBLN4, CCKBR, CCL19, CCL3, CCL5, CD3G, CDC42SE2, CDH13, CDK5, CDK5R1, CDK5R2, CEMIP, CHGA, CHRM1, CHRNA2, CLDN10, CLEC9A, CNIH3, CNP, COPZ2, CORO1A, CRH, CRHBP, CTAGE1, CXCL11, CYSLTR1, DLG2, DLG4, DNAJC15, DNAJC6, DRD1, EDN3, EPS15, ERC2, F8A2, F8A3, FABP3, FABP5, FCHO1, FEZ1, FFAR4, FGF13, FXYD1, FXYD7, GABRA2, GABRA4, GABRA5, GABRG1, GABRG3, GHITM, GJA5, GJB6, GJD2, GRIN2A, GRIN2B, GRIN3A, GRK3, GRM2, GRM5, GRM7, HAVCR1, HBA1, HBA2, HBB, HBQ1, HNF4A, HOMER1, HPCA, HRH2, HTR1A, HTR2A, HTR3B, ICAM3, ICAM5, IGF1, IL1RAPL1, IRAG2, JAKMIP1, KALRN, KCNAB2, KCNB1, KCNH3, KCNH4, KCNJ4, KCNK10, KCNK17, KCNMA1, KCNN1, KCNQ3, KCNS1, KCNS2, KCNV1, KIF17, KIF3B, KIF5A, KIF5C, KLHL3, LGI3, LPA, LRRC7, LRRC8B, LRRC8C, MAP1A, MEF2C, MFSD4A, MPEG1, MT3, NCS1, NDFIP2, NECAB2, NECTIN1, NEK10, NGB, NIPA1, NOS2, NSG2, OSBPL1A, OSTN, PAK1, PEX16, PEX5L, PHAF1, PIK3CD, PIK3R1, PINK1, PIP4K2A, PITPNA, PITPNM3, PKD2L1, PLA2G5, PLCH1, PLCH2, PLD4, PLLP, PLPPR4, PPFIA2, PPFIA3, PRKCB, PRKCD, PRKCG, PRKCZ, PRKN, PRTN3, PTGDR, PTPN6, PTPRN, PTPRN2, RAB11FIP4, RAB3A, RAB40B, RAB6C, RABEP1, RALB, RANBP3L, RAPGEF4, RCSD1, RCVRN, REPS2, RGS14, RGS4, RHOBTB2, RILPL2, RIMS3, RPH3A, RTBDN, S100A13, SAG, SCN3B, SCNN1A, SELENBP1, SEPTIN4, SEPTIN5, SEPTIN8, SERINC3, SFXN5, SGK1, SGK2, SGSM2, SH3GL3, SHANK1, SLC13A5, SLC15A2, SLC17A7, SLC1A2, SLC22A10, SLC22A15, SLC22A25, SLC24A2, SLC25A18, SLC25A23, SLC25A45, SLC25A48, SLC26A4, SLC30A3, SLC39A12, SLC48A1, SLC6A1, SLC6A13, SLC6A20, SLC7A11, SLC8A1, SLCO1A2, SNCA, SNPH, SNTA1, SORCS2, SORL1, SPNS3, SPRN, SPTBN1, SPX, STRA6, STX1A, STXBP6, SVOPL, SYT5, SYT7, SYTL2, TAFA4, TAMALIN, TBC1D10C, TECPR2, TIMM10, TMEM150C, TMEM38A, TMEM53, TMSB4X, TNF, TNFRSF11A, TRPM6, TRPV3, TUBB1, UNC13A, VAMP2, VIP, VPS33B, VPS37B, XKR4, YWHAH, ZPR1
GO:0035556	intracellular signal transduction	2635	169	130.55	1.7e-4	0.013867142857142857	0.06413662239089184	ABR, ADGRB2, ADRB2, AKAP5, AMOT, ANAPC15, APC, APOL3, ARHGAP20, ARHGAP32, ARHGEF9, ARRB1, BCL2L2, BLK, BLNK, BMX, BRSK1, BTBD10, C1QTNF4, CAB39L, CALM1, CALM2, CALM3, CAMK1, CAMKK1, CASR, CCL19, CCL3, CCL3L3, CCL5, CDC42EP2, CDC42SE2, CDH13, CDKN2D, CHD5, CHN1, CRH, CX3CR1, DAPK2, DCN, DGKZ, DMTN, DOCK3, DOK6, DUSP7, DUSP8, EDN3, EPHA4, EPM2A, FBXO9, FBXW7, FFAR4, FGF13, FKBP8, GDF2, GDF7, GPR37, GPR61, GRIN2A, GRIN2B, GRM2, GRM5, GUCY1B1, HCRTR1, HPCA, HTR2A, IGF1, IGFBP6, IL34, IQSEC1, IQSEC2, KALRN, LMO3, MAP1LC3A, MAP3K10, MAPK9, MAS1, MAST3, MEF2C, MFN2, MOAP1, MRAS, MT3, MTURN, MYOC, NDFIP2, NDRG2, NECAB2, NEK10, NGEF, NLK, NLRP12, NLRP3, NOS2, OPRL1, PAK1, PAK3, PAK6, PDE1B, PDE1C, PDE2A, PDE7B, PEBP1, PEX5L, PI4KA, PIK3CD, PIK3R1, PINK1, PLA2G5, PLCH1, PLCH2, PLCL1, PLEKHG3, PLK2, PLVAP, PPP1R16B, PRKAR2B, PRKCB, PRKCD, PRKCG, PRKCQ, PRKCZ, PRKN, PROK1, PSD, PTGDR2, PTPN6, RAB40B, RAB40C, RAB6C, RALB, RAP1GAP2, RAPGEF2, RAPGEF4, RAPGEFL1, RASAL1, RASD2, RASGRF2, RGS14, RHOBTB2, RIPOR2, RND1, RPS6KA4, RUNDC3A, S100A13, SEPTIN4, SERINC3, SGK1, SGK2, SHC3, SHTN1, SIK3, SLC8A1, SPTBN1, STK32C, STOX1, STUB1, SYNGAP1, TBC1D10C, TEK, TMEM38A, TMSB4X, TNF, TNFRSF11A, TP53TG5, USP32, VRK2, WSB2, ZAP70
GO:0009966	regulation of signal transduction	2983	191	147.79	6.1e-5	0.006067335483870968	0.06402950050284947	ABR, ACAA2, ADRB2, AKAP5, AMER2, AMOT, ANAPC15, APC, APLP1, APOD, APOL3, ARHGAP20, ARHGAP32, ARHGEF9, ARRB1, BCL2L2, BDNF, C1QTNF4, CACNG3, CACNG8, CALM1, CALM2, CALM3, CAMK2A, CASR, CCBE1, CCL19, CCL3, CCL3L3, CCL5, CCNY, CD226, CDC42SE2, CDH13, CDKN2D, CHD5, CHGA, CHN1, CHRNA2, CNIH3, CRH, CRHBP, CUX2, CX3CR1, DACT3, DAPK2, DCN, DGKZ, DKK2, DLG4, DLGAP2, DLGAP3, DLX1, DLX2, DOCK3, DOK6, DUSP7, DUSP8, EDN3, ENHO, EPHA4, EPM2A, FABP5, FBXO9, FBXW7, FFAR4, FKBP8, GDF2, GDF7, GHITM, GNG7, GPR37, GPR61, GREM2, GRIN2A, GRIN2B, GRK3, GRM2, GRM5, HCRTR1, HHIP, HOMER1, HTR2A, IGF1, IGFBP6, IL34, IQSEC1, IQSEC2, KALRN, KCTD16, KLF2, KLK5, LMO3, MAL, MAP3K10, MAPK9, MAS1, MEF2C, MFN2, MPIG6B, MT3, MTURN, MYOC, MYOCD, NANOS3, NDFIP2, NDRG2, NECAB2, NEK10, NGEF, NLK, NLRP12, NLRP3, OPRL1, PADI2, PAK1, PAK3, PAK6, PALM, PBLD, PDE2A, PEBP1, PEX5L, PHF24, PIK3R1, PINK1, PIP4K2A, PLA2G5, PLEKHG3, PLK2, PPP1R16B, PRKCB, PRKCD, PRKCQ, PRKCZ, PRKN, PROK1, PSD, PTGDR2, PTPN6, RALB, RAP1GAP2, RAPGEF2, RASAL1, RASD2, RASGRF2, RGS14, RGS20, RGS4, RGS5, RGS7BP, RIPOR2, RS1, RUNDC3A, S100A13, SAG, SEPTIN4, SERINC3, SGK1, SH2D1A, SHANK1, SIK3, SLC15A2, SNCA, SORL1, SPTBN1, STOX1, STUB1, STX1A, SYNGAP1, TAFA1, TAFA4, TBC1D10C, TEK, TESPA1, THRB, TMEM53, TMOD2, TMSB4X, TNF, TNFRSF11A, TRABD2A, TSPAN15, UBASH3A, USP32, VRK2, WNT10B, ZAP70, ZBP1, ZEB2, ZNF536
GO:0048856	anatomical structure development	5807	370	287.7	1.2e-9	5.000108108108108e-7	0.06371620458067849	ACO2, ACSBG1, ACVR1C, ADAD2, ADCK1, ADGRB2, ADRB2, AGTPBP1, AJAP1, ALAS2, ALDH1A2, AMER2, AMOT, ANKRD24, APC, APLP1, APOD, ARHGEF9, ARNT2, ARX, ASPA, ATL1, ATOH7, ATP2B1, B3GNT2, B4GALT2, BCL2L2, BDNF, BEX1, BFSP1, BIN1, BLNK, BMX, BNC1, BRINP2, BRSK1, C1QL3, CABLES1, CALM1, CALM2, CALM3, CAMK1, CAMK1D, CAMK2A, CARMIL2, CASR, CBLN4, CCBE1, CCK, CCKBR, CCL19, CCL3, CCNO, CD3G, CD8A, CDC42EP2, CDC42SE2, CDH13, CDH8, CDH9, CDK5, CDK5R1, CDK5R2, CDKL5, CHD5, CHN1, CHRM1, CLEC3B, CNP, CNTN5, CORO1A, CPNE5, CPNE6, CR2, CRH, CRISPLD2, CRPPA, CSF3R, CSRP1, CST3, CTNNA2, CUX2, CX3CR1, CYB5D2, CYP46A1, CYSLTR1, DACT3, DCN, DHRS9, DLG2, DLG3, DLG4, DLX1, DLX2, DLX6, DMRT2, DMRT3, DMRTA2, DMTN, DRD1, EDN3, EFHD1, EGR3, EML1, EMX1, EMX2, ENC1, EPHA10, EPHA4, EPHB6, EYS, FABP5, FAM83H, FAM9C, FAXDC2, FBXW7, FECH, FEZ1, FEZF2, FGD6, FGF13, FKBP8, FLRT2, FMN1, FMNL1, FOXG1, FREM3, FUT8, FZD8, GABRA2, GABRA4, GABRA5, GABRG1, GABRG3, GALNTL5, GCNT4, GDA, GDF2, GDF7, GJA5, GJB6, GLDN, GPR37, GREM2, GRIN2A, GRIN2B, GRIN3A, GRM5, GRM7, GSTM3, HDAC11, HHIP, HLA-E, HLF, HNF4A, HOMER1, HPCA, HPCAL4, HSD11B1, ICAM5, IGF1, IKZF1, IKZF3, IL1RAPL1, IL34, IQSEC1, ISLR2, ITPK1, ITPKA, KALRN, KCNB1, KCNQ3, KIF3B, KIF5A, KIF5C, KIRREL3, KLF2, KLHL3, KLK5, KREMEN2, KRT17, LDB2, LHX6, LINGO2, LMO4, LRRC7, LRTM2, LSR, LST1, MAL, MAN2A1, MAP1A, MAS1, MATN1, MEF2C, MEOX1, MEOX2, MFN2, MMD, MME, MMP25, MPIG6B, MSC, MT3, MTURN, MUSK, MUSTN1, MYBPC1, MYH11, MYOC, MYOCD, NANOS3, NAV3, NCAM2, NCS1, NDRG2, NECAB1, NECTIN1, NEGR1, NELL1, NELL2, NEUROD6, NEUROG2, NGEF, NINJ2, NLRP3, NR2E1, NRGN, NRSN1, NRSN2, NSMF, NTNG2, OLFM1, OMG, OPALIN, OPN4, OSTN, OTX1, PADI2, PAK1, PAK3, PAK6, PALM, PAQR8, PAX1, PCDHGC5, PDE1B, PDE2A, PHACTR1, PHOSPHO1, PIK3CD, PIK3R1, PINK1, PIP4K2A, PITHD1, PITPNA, PLAAT3, PLAAT4, PLD4, PLK2, PLLP, PLPPR4, POF1B, POU2AF1, PPFIA2, PPP1R16B, PPP4R4, PRDM6, PRKCB, PRKCG, PRKCQ, PRKCZ, PRKN, PROK1, PROK2, PRPH2, PRTN3, PSD, PSG9, PSMB10, PTER, PTGDR, PTHLH, PTPN6, PTPRB, PTPRN, PTS, RAB3A, RANBP3L, RAPGEF2, RAPGEFL1, RASAL1, RGS14, RGS4, RILPL2, RIPOR2, RND1, ROGDI, RORB, RS1, RTN4RL1, RXFP1, SATB2, SCN3B, SEMA3G, SEMA4A, SEPTIN4, SEPTIN7, SERPINI1, SETD3, SGK1, SH3GL3, SHANK1, SHC3, SHTN1, SLC17A7, SLC1A2, SLC39A12, SLC7A11, SLC8A1, SLITRK1, SNCA, SNPH, SOBP, SOHLH1, SORBS2, SORL1, SPTBN1, SSTR1, STOX1, STRA6, SULT4A1, SYNGAP1, TAFA1, TBR1, TDRD12, TECTA, TEK, TESPA1, THEMIS, THRB, TIE1, TMEM215, TMOD2, TNF, TNFRSF11A, TNNT1, TOLLIP, TPPP, TRABD2A, TTC12, TTL, TTLL7, TUBB1, UGP2, ULK2, UNC13A, VPS33B, VXN, WASF3, WDR37, WNT10B, XKR4, YBX2, YWHAH, ZAP70, ZEB2, ZNF365, ZNF536, ZPR1
GO:0007165	signal transduction	5876	372	291.12	2.5e-9	9.882692307692308e-7	0.06330837304288632	ABR, ACAA2, ACVR1C, ADAP1, ADGRB2, ADGRG5, ADRA1D, ADRB2, AKAP5, ALDH1A2, AMER2, AMOT, ANAPC15, ANKS1B, APC, APLP1, APOD, APOL3, ARAP2, ARHGAP20, ARHGAP32, ARHGEF9, ARRB1, ATRNL1, BAG1, BCL2L2, BDNF, BEX1, BEX2, BLK, BLNK, BMX, BRSK1, BTBD10, C1QTNF4, C1QTNF9, C5AR2, CAB39L, CACNG3, CACNG8, CALM1, CALM2, CALM3, CAMK1, CAMK2A, CAMKK1, CASKIN1, CASR, CCBE1, CCK, CCKBR, CCL19, CCL3, CCL3L3, CCL5, CCNY, CD226, CD3G, CD6, CD8A, CDC42EP2, CDC42SE2, CDH13, CDK5, CDK5R1, CDKN2D, CHD5, CHGA, CHN1, CHRM1, CHRM4, CHRNA2, CLEC12A, CNIH3, CORO1A, CORT, CR2, CRH, CRHBP, CSF3R, CUX2, CX3CR1, CXCL11, CXCL14, CYSLTR1, CYSLTR2, DACT3, DAPK2, DCN, DGKZ, DKK2, DLG4, DLGAP2, DLGAP3, DLX1, DLX2, DMTN, DOCK3, DOK6, DRD1, DUSP7, DUSP8, EDN3, ENHO, EPHA10, EPHA4, EPHB6, EPM2A, ERG, FABP5, FAM83F, FAM83H, FBXO9, FBXW7, FCGR3B, FCHO1, FFAR4, FGF13, FKBP8, FLRT2, FUT8, FZD8, GABRA5, GDF2, GDF7, GHITM, GLDN, GLP2R, GMFG, GNG7, GNL1, GPR26, GPR37, GPR61, GREM2, GRIN2A, GRIN2B, GRIN3A, GRK3, GRM2, GRM3, GRM5, GRM7, GRPR, GUCY1B1, HCRTR1, HHIP, HNF4A, HOMER1, HPCA, HRH2, HSH2D, HTR1A, HTR2A, HTR3B, IGF1, IGFBP6, IL12RB2, IL1RAPL1, IL34, IQSEC1, IQSEC2, ITPK1, ITPKA, KALRN, KCNB1, KCNK10, KCNQ3, KCTD16, KIR3DX1, KLF2, KLK5, KREMEN2, LMO3, MAL, MAP1LC3A, MAP3K10, MAPK9, MAS1, MAST3, MCHR2, MEF2C, MFN2, MNDA, MOAP1, MPIG6B, MRAS, MT3, MTURN, MUSK, MYOC, MYOCD, NANOS3, NDFIP2, NDRG2, NECAB2, NEK10, NGEF, NLK, NLRP12, NLRP3, NOS2, NPBWR1, NPBWR2, NR2E1, NRGN, NSG2, OLFM1, OPN4, OPRL1, OR14I1, OR2W3, OSTF1, OSTN, P2RY13, PADI2, PAK1, PAK3, PAK6, PALM, PAQR8, PBLD, PDE1B, PDE1C, PDE2A, PDE7B, PDK3, PDYN, PEBP1, PEX5L, PHF24, PI4KA, PIK3CD, PIK3R1, PINK1, PIP4K2A, PKD2L1, PLA2G5, PLCH1, PLCH2, PLCL1, PLEKHB1, PLEKHG3, PLK2, PLPPR4, PLVAP, PNOC, PPP1R16B, PRICKLE2, PRKAR2B, PRKCB, PRKCD, PRKCG, PRKCQ, PRKCZ, PRKN, PROK1, PROK2, PROKR2, PSD, PSG4, PSG6, PSG7, PSG8, PSG9, PTGDR, PTGDR2, PTHLH, PTPN6, PTPRK, RAB40B, RAB40C, RAB6C, RABEP1, RALB, RAP1GAP2, RAPGEF2, RAPGEF4, RAPGEFL1, RASAL1, RASD2, RASGRF2, RASSF5, RCVRN, REPS2, RGS14, RGS20, RGS4, RGS5, RGS7BP, RHOBTB2, RIPOR2, RND1, RORB, RPS6KA4, RS1, RUNDC3A, RXFP1, S100A13, S1PR4, SAG, SAMD12, SEMA3G, SEMA4A, SEPTIN4, SERINC3, SERP2, SGK1, SGK2, SH2D1A, SH3GL3, SHANK1, SHC3, SHTN1, SIK3, SLC15A2, SLC39A12, SLC8A1, SNCA, SORBS2, SORCS2, SORL1, SPTBN1, SPX, SST, SSTR1, STK32C, STOX1, STUB1, STX1A, SYNGAP1, TAC3, TAFA1, TAFA4, TAMALIN, TBC1D10C, TEK, TESPA1, THEMIS, THRB, TIE1, TMEM38A, TMEM53, TMOD2, TMSB4X, TMTC4, TNF, TNFRSF11A, TNFRSF13C, TOLLIP, TP53TG5, TRABD2A, TRAC, TRAF3IP3, TRBC2, TRGC1, TSPAN15, UBASH3A, ULK2, USP32, UTS2R, VIP, VIPR1, VRK2, WNT10B, WSB2, YWHAH, ZAP70, ZBP1, ZEB2, ZNF536, ZPR1
GO:0032501	multicellular organismal process	7603	475	376.68	3.1e-12	2.0556000000000002e-9	0.062475338682099174	ACO2, ACSBG1, ACVR1C, ADAD2, ADD3, ADGRB2, ADRA1D, ADRB2, AGTPBP1, AJAP1, ALAS2, ALDH1A1, ALDH1A2, ALDH7A1, AMOT, ANKRD24, APC, APLP1, APOD, ARHGEF9, ARNT2, ARRB1, ARX, ASPA, ATL1, ATOH7, ATP2B1, ATP8A1, AZIN2, B3GNT2, B4GALT2, BCL2L2, BDNF, BEX1, BFSP1, BIN1, BLNK, BNC1, BRINP2, BRSK1, C1QL3, C1QTNF4, C5AR2, CABLES1, CABP1, CACNB1, CACNG3, CACNG8, CALM1, CALM2, CALM3, CAMK1, CAMK1D, CAMK2A, CAMK2N1, CAMTA2, CASR, CBLN4, CCBE1, CCK, CCKBR, CCL19, CCL3, CCL5, CCNY, CD226, CD3G, CD6, CD8A, CDH13, CDH8, CDH9, CDK5, CDK5R1, CDK5R2, CDKL5, CDKN2D, CEMIP, CHD5, CHGA, CHN1, CHRM1, CHRNA2, CLEC3B, CLEC9A, CNP, CNTN5, CORO1A, CPNE5, CPNE6, CR2, CRH, CRHBP, CRISPLD2, CRPPA, CSF3R, CSRP1, CST3, CTNNA2, CUX2, CX3CR1, CYB5D2, CYP46A1, CYP4F11, CYSLTR1, DACT3, DCN, DGKZ, DIO2, DLG2, DLG3, DLG4, DLGAP2, DLGAP3, DLX1, DLX2, DLX6, DMRT2, DMRT3, DMRTA2, DMTN, DRD1, EDN3, EFHD1, EGR3, EML1, EMX1, EMX2, ENC1, EPHA10, EPHA4, EPHB6, EYS, F8, FABP5, FAM107A, FAM9C, FAXDC2, FBXW7, FCHO1, FECH, FEZ1, FEZF2, FFAR4, FGF13, FKBP8, FLRT2, FMN1, FMO2, FOSB, FOXG1, FUT8, FXYD1, FZD8, GABRA2, GABRA4, GABRA5, GABRG1, GABRG3, GALNTL5, GCNT4, GDA, GDF2, GDF7, GJA5, GJB6, GJD2, GLDN, GNG7, GPR37, GREM2, GRIN2A, GRIN2B, GRIN3A, GRM2, GRM5, GRM7, GRPR, GSTM3, GUCY1B1, HAVCR1, HBB, HCRTR1, HDAC11, HHIP, HLA-E, HNF4A, HOMER1, HPCA, HPCAL4, HRH2, HSD11B1, HTR1A, HTR2A, HTR3B, ICAM5, IGF1, IKZF1, IKZF3, IL12RB2, IL1RAPL1, IL34, IQSEC1, ISLR2, ITPK1, ITPKA, JAKMIP1, JAML, KALRN, KCNB1, KCNK10, KCNMA1, KCNQ3, KIF3B, KIF5A, KIF5C, KIRREL3, KLF2, KLHL3, KLK5, KREMEN2, KRT17, LDB2, LHX6, LINGO2, LMO4, LOXHD1, LPA, LRRC7, LRTM2, LSR, LST1, M1AP, MAL, MAN2A1, MAP1A, MAPK9, MAS1, MATN1, MEF2C, MEOX1, MEOX2, MFN2, MLIP, MMD, MME, MNDA, MPIG6B, MSC, MT3, MTURN, MUSK, MUSTN1, MYH11, MYOC, MYOCD, NANOS3, NAV3, NCAM2, NCS1, NDRG2, NECAB1, NECTIN1, NEGR1, NEK10, NELL1, NELL2, NEUROD6, NEUROG2, NGEF, NINJ2, NLRP12, NLRP3, NOS2, NR2E1, NRGN, NRSN1, NRSN2, NSMF, NTNG2, OLFM1, OMG, OPALIN, OPN4, OPRL1, OR14I1, OR2W3, OSTF1, OSTN, OTX1, PADI2, PAK1, PAK3, PAK6, PALM, PAQR8, PAX1, PBLD, PCDHGC5, PDE1B, PDE2A, PDYN, PHACTR1, PHF24, PHOSPHO1, PIK3CD, PIK3R1, PITHD1, PITPNA, PKD2L1, PLA2G5, PLAAT3, PLAAT4, PLCL1, PLD4, PLK2, PLLP, PLPPR4, PLVAP, PNOC, POU2AF1, PPEF1, PPFIA2, PPP1R16B, PPP4R4, PRDM6, PRKAR2B, PRKCB, PRKCD, PRKCG, PRKCQ, PRKCZ, PRKN, PROK1, PROK2, PRPH2, PSD, PSG4, PSG6, PSG7, PSG9, PSMB10, PTGDR, PTGDR2, PTHLH, PTPN6, PTPRB, PTPRN, PTS, RAB3A, RANBP3L, RAPGEF2, RAPGEFL1, RASAL1, RASD2, RASSF5, RCSD1, RCVRN, RDH12, RGS14, RGS4, RIPOR2, RND1, ROGDI, RORB, RPS6KA4, RS1, RTN4RL1, RXFP1, S100A13, SATB2, SCD, SCN3B, SCNN1A, SELPLG, SEMA3G, SEMA4A, SEPTIN4, SEPTIN5, SEPTIN7, SERPINI1, SETD3, SFXN5, SGK1, SH3GL3, SHANK1, SHC3, SHTN1, SLC15A2, SLC17A7, SLC1A2, SLC24A2, SLC25A23, SLC26A4, SLC39A12, SLC6A1, SLC6A13, SLC6A20, SLC7A11, SLC8A1, SLITRK1, SNCA, SNPH, SNTA1, SOBP, SOHLH1, SORBS2, SORL1, SPTBN1, SPX, SST, SSTR1, STOX1, STRA6, STX1A, SULT4A1, SYNGAP1, SYT7, TAC3, TAFA1, TAFA4, TBC1D10C, TBR1, TDRD12, TECTA, TEK, TESPA1, THEMIS, THRB, TIE1, TIMM10, TMEM150C, TMEM215, TMEM232, TMEM38A, TMEM53, TMEM74, TMOD2, TMSB4X, TMTC4, TNF, TNFRSF11A, TNFRSF13C, TNNT1, TOLLIP, TPPP, TRAC, TRAF3IP3, TRBC2, TREML2, TRGC1, TRPV3, TTC12, TTL, TTLL7, TUBB1, UBASH3A, UGP2, ULK2, UNC13A, UTS2R, VAMP2, VIP, VPS33B, VXN, WASF3, WDR37, WNT10B, YBX2, YWHAH, ZAP70, ZEB2, ZNF365, ZNF536, ZPR1
GO:0051234	establishment of localization	4580	285	226.91	3.8e-6	6.166800000000001e-4	0.06222707423580786	ABCC11, ACAA2, ACVR1C, ADAMTS8, ADRB2, AGAP2, AGTPBP1, AKAP5, ANO4, APC, APLP1, APOD, APOL3, ARF3, ARRB1, ATG13, ATG4C, ATP2B1, ATP6V1E1, ATP8A1, AZIN2, BCL2L2, BIN1, BIN2, BLK, BORCS5, BRSK1, CABP1, CACNB1, CACNG3, CACNG8, CALM1, CALM2, CALM3, CAMK1, CAMK1D, CAMK2A, CASR, CBLN4, CCKBR, CCL19, CCL3, CCL5, CD3G, CDC42SE2, CDH13, CDK5, CDK5R1, CDK5R2, CEMIP, CHGA, CHRM1, CHRNA2, CLDN10, CLEC9A, CNIH3, CNP, COPZ2, CORO1A, CRH, CRHBP, CTAGE1, CXCL11, CYSLTR1, DLG2, DLG4, DMTN, DNAJC15, DNAJC6, DRD1, EDN3, EPS15, ERC2, F8A2, F8A3, FABP3, FABP5, FBXW7, FCHO1, FEZ1, FFAR4, FGF13, FXYD1, FXYD7, GABRA2, GABRA4, GABRA5, GABRG1, GABRG3, GHITM, GJA5, GJB6, GJD2, GRIN2A, GRIN2B, GRIN3A, GRK3, GRM2, GRM5, GRM7, HAVCR1, HBA1, HBA2, HBB, HBQ1, HNF4A, HOMER1, HPCA, HRH2, HTR1A, HTR2A, HTR3B, ICAM3, ICAM5, IGF1, IL1RAPL1, IRAG2, JAKMIP1, KALRN, KCNAB2, KCNB1, KCNH3, KCNH4, KCNJ4, KCNK10, KCNK17, KCNMA1, KCNN1, KCNQ3, KCNS1, KCNS2, KCNV1, KIF17, KIF3B, KIF5A, KIF5C, KLHL3, LGI3, LPA, LRRC7, LRRC8B, LRRC8C, MAL, MAP1A, MEF2C, MFN2, MFSD4A, MOAP1, MPEG1, MT3, NCS1, NDFIP2, NECAB2, NECTIN1, NEK10, NGB, NIPA1, NOS2, NSG2, OSBPL1A, OSTN, PAK1, PEX16, PEX5L, PHAF1, PIK3CD, PIK3R1, PINK1, PIP4K2A, PITPNA, PITPNM3, PKD2L1, PLA2G5, PLCH1, PLCH2, PLD4, PLLP, PLPPR4, PPFIA2, PPFIA3, PRKCB, PRKCD, PRKCG, PRKCZ, PRKN, PRTN3, PTGDR, PTPN6, PTPRN, PTPRN2, RAB11FIP4, RAB3A, RAB40B, RAB6C, RABEP1, RALB, RANBP3L, RAPGEF4, RCSD1, RCVRN, REPS2, RGS14, RGS4, RHOBTB2, RILPL2, RIMS3, RPH3A, RTBDN, S100A13, SAG, SCN3B, SCNN1A, SELENBP1, SEPTIN4, SEPTIN5, SEPTIN8, SERINC3, SFXN5, SGK1, SGK2, SGSM2, SH3GL3, SHANK1, SLC13A5, SLC15A2, SLC17A7, SLC1A2, SLC22A10, SLC22A15, SLC22A25, SLC24A2, SLC25A18, SLC25A23, SLC25A45, SLC25A48, SLC26A4, SLC30A3, SLC39A12, SLC48A1, SLC6A1, SLC6A13, SLC6A20, SLC7A11, SLC8A1, SLCO1A2, SNCA, SNPH, SNTA1, SORCS2, SORL1, SPNS3, SPRN, SPTBN1, SPX, STRA6, STX1A, STXBP6, SVOPL, SYT5, SYT7, SYTL2, TAFA4, TAMALIN, TBC1D10C, TECPR2, TIMM10, TMEM150C, TMEM38A, TMEM53, TMSB4X, TNF, TNFRSF11A, TRPM6, TRPV3, TTL, TUBB1, UNC13A, VAMP2, VIP, VPS33B, VPS37B, XKR4, YWHAH, ZDHHC23, ZPR1
GO:0032502	developmental process	6350	392	314.6	1.7e-8	5.956568181818182e-6	0.06173228346456693	ACO2, ACSBG1, ACVR1C, ADAD2, ADCK1, ADGRB2, ADRB2, AGTPBP1, AJAP1, ALAS2, ALDH1A2, ALDH6A1, AMER2, AMOT, ANKRD24, APC, APLP1, APOD, ARHGEF9, ARNT2, ARX, ASPA, ATL1, ATOH7, ATP2B1, ATP6V1E1, AZIN2, B3GNT2, B4GALT2, BCL2L2, BDNF, BEX1, BFSP1, BIN1, BLK, BLNK, BMX, BNC1, BRINP2, BRSK1, C1QL3, CABLES1, CALM1, CALM2, CALM3, CAMK1, CAMK1D, CAMK2A, CARMIL2, CASR, CBLN4, CCBE1, CCDC85B, CCK, CCKBR, CCL19, CCL3, CCNO, CCNY, CD3G, CD8A, CDC42EP2, CDC42SE2, CDH13, CDH8, CDH9, CDK5, CDK5R1, CDK5R2, CDKL5, CHD5, CHN1, CHRM1, CLEC3B, CNP, CNTN5, CORO1A, CPNE5, CPNE6, CR2, CRH, CRISPLD2, CRPPA, CSF3R, CSRP1, CST3, CTNNA2, CUX2, CX3CR1, CYB5D2, CYP46A1, CYSLTR1, DACT3, DCN, DHRS9, DLG2, DLG3, DLG4, DLX1, DLX2, DLX6, DMRT2, DMRT3, DMRTA2, DMTN, DRD1, EDN3, EFHD1, EGR3, EML1, EMX1, EMX2, ENC1, EPHA10, EPHA4, EPHB6, ERG, EYS, FABP3, FABP5, FAM83H, FAM9C, FAXDC2, FBXO9, FBXW7, FECH, FEZ1, FEZF2, FFAR4, FGD6, FGF13, FKBP8, FLRT2, FMN1, FMNL1, FOXG1, FREM3, FUT8, FZD8, GABRA2, GABRA4, GABRA5, GABRG1, GABRG3, GALNTL5, GCNT4, GDA, GDF2, GDF7, GJA5, GJB6, GLDN, GPR37, GREM2, GRIN2A, GRIN2B, GRIN3A, GRM5, GRM7, GSTM3, HDAC11, HHIP, HLA-E, HLF, HNF4A, HOMER1, HPCA, HPCAL4, HSD11B1, HTR2A, ICAM5, IGF1, IKZF1, IKZF3, IL1RAPL1, IL34, IQSEC1, ISLR2, ITPK1, ITPKA, KALRN, KCNB1, KCNQ3, KIF3B, KIF5A, KIF5C, KIRREL3, KLF2, KLHL3, KLK5, KREMEN2, KRT17, LDB2, LHX6, LINGO2, LMO3, LMO4, LRRC7, LRRC8C, LRTM2, LSR, LST1, M1AP, MAL, MAN2A1, MAP1A, MAPK9, MAS1, MATN1, MEF2C, MEOX1, MEOX2, MFN2, MMD, MME, MMP25, MPIG6B, MSC, MT3, MTURN, MUSK, MUSTN1, MYBPC1, MYH11, MYOC, MYOCD, NANOS3, NAV3, NCAM2, NCS1, NDRG2, NECAB1, NECTIN1, NEGR1, NELL1, NELL2, NEUROD6, NEUROG2, NGEF, NINJ2, NLRP3, NR2E1, NRGN, NRSN1, NRSN2, NSMF, NTNG2, OLFM1, OMG, OPALIN, OPN4, OSTN, OTX1, PADI2, PAK1, PAK3, PAK6, PALM, PAQR8, PAX1, PCDHGC5, PDE1B, PDE2A, PHACTR1, PHOSPHO1, PIK3CD, PIK3R1, PINK1, PIP4K2A, PITHD1, PITPNA, PLA2G5, PLAAT3, PLAAT4, PLD4, PLEKHB1, PLK2, PLLP, PLPPR4, PLVAP, POF1B, POU2AF1, PPFIA2, PPP1R16B, PPP4R4, PRDM6, PRKCB, PRKCG, PRKCQ, PRKCZ, PRKN, PROK1, PROK2, PRPH2, PRTN3, PSD, PSG9, PSMB10, PTER, PTGDR, PTHLH, PTPN6, PTPRB, PTPRN, PTS, RAB3A, RANBP3L, RAPGEF2, RAPGEFL1, RASAL1, RGS14, RGS4, RILPL2, RIPOR2, RND1, ROGDI, RORB, RS1, RTN4RL1, RXFP1, SATB2, SCN3B, SEMA3G, SEMA4A, SEPTIN4, SEPTIN7, SERPINI1, SETD3, SGK1, SH3GL3, SHANK1, SHC3, SHTN1, SLC17A7, SLC1A2, SLC39A12, SLC7A11, SLC8A1, SLITRK1, SNCA, SNPH, SOBP, SOHLH1, SORBS2, SORL1, SPTBN1, SSTR1, STOX1, STRA6, SULT4A1, SYNGAP1, TAFA1, TBR1, TDRD12, TECTA, TEK, TESPA1, THEMIS, THRB, TIE1, TMEM215, TMEM232, TMEM53, TMOD2, TNF, TNFRSF11A, TNNT1, TOLLIP, TPPP, TRABD2A, TTC12, TTL, TTLL7, TUBB1, TYRP1, UGP2, ULK2, UNC13A, VPS33B, VSTM2A, VXN, WASF3, WDR37, WNT10B, XKR4, YBX2, YWHAH, ZAP70, ZEB2, ZNF365, ZNF536, ZPR1
GO:0051179	localization	5206	315	257.92	1.1e-5	0.0013900573770491804	0.06050710718401844	ABCC11, ACAA2, ACVR1C, ADAMTS8, ADRB2, AGAP2, AGTPBP1, AKAP5, AMOT, ANO4, APC, APLP1, APOD, APOL3, ARF3, ARRB1, ATG13, ATG4C, ATP2B1, ATP6V1E1, ATP8A1, AZIN2, BCL2L2, BDNF, BIN1, BIN2, BLK, BORCS5, BRSK1, C1QL3, CABP1, CACNB1, CACNG3, CACNG8, CALM1, CALM2, CALM3, CAMK1, CAMK1D, CAMK2A, CASR, CBLN4, CCKBR, CCL19, CCL3, CCL5, CD3G, CDC42SE2, CDH13, CDK5, CDK5R1, CDK5R2, CEMIP, CHGA, CHRM1, CHRNA2, CLDN10, CLEC9A, CNIH3, CNP, COPZ2, CORO1A, CRH, CRHBP, CTAGE1, CXCL11, CYP46A1, CYSLTR1, DLG2, DLG3, DLG4, DMTN, DNAJC15, DNAJC6, DRD1, EDN3, EFR3B, EPS15, ERC2, F8A2, F8A3, FABP3, FABP5, FAM83H, FBXW7, FCHO1, FEZ1, FFAR4, FGF13, FKBP8, FXYD1, FXYD7, GABRA2, GABRA4, GABRA5, GABRG1, GABRG3, GHITM, GJA5, GJB6, GJD2, GRIN2A, GRIN2B, GRIN3A, GRK3, GRM2, GRM5, GRM7, HAVCR1, HBA1, HBA2, HBB, HBQ1, HEPACAM, HNF4A, HOMER1, HPCA, HRH2, HTR1A, HTR2A, HTR3B, ICAM3, ICAM5, IGF1, IL1RAPL1, IQSEC2, IRAG2, JAKMIP1, KALRN, KCNAB2, KCNB1, KCNH3, KCNH4, KCNJ4, KCNK10, KCNK17, KCNMA1, KCNN1, KCNQ3, KCNS1, KCNS2, KCNV1, KIF17, KIF3B, KIF5A, KIF5C, KLHL3, LGI3, LPA, LRRC7, LRRC8B, LRRC8C, LSR, MAL, MAP1A, MAPK9, MEF2C, MFN2, MFSD4A, MMD, MOAP1, MPEG1, MT3, MUSK, NCS1, NDFIP2, NECAB2, NECTIN1, NEK10, NGB, NHLRC1, NIPA1, NOS2, NSG2, OSBPL1A, OSTN, PAK1, PALM, PEX16, PEX5L, PHAF1, PIK3CD, PIK3R1, PINK1, PIP4K2A, PITPNA, PITPNM3, PKD2L1, PLA2G5, PLAAT3, PLCH1, PLCH2, PLD4, PLLP, PLPPR4, PPFIA2, PPFIA3, PRKCB, PRKCD, PRKCG, PRKCZ, PRKN, PRPH2, PRTN3, PTGDR, PTPN6, PTPRK, PTPRN, PTPRN2, RAB11FIP4, RAB3A, RAB40B, RAB40C, RAB6C, RABEP1, RALB, RANBP3L, RAPGEF2, RAPGEF4, RASSF5, RCSD1, RCVRN, REPS2, RGS14, RGS4, RHOBTB2, RILPL2, RIMS3, RIPOR2, RPH3A, RTBDN, S100A13, SAG, SCN3B, SCNN1A, SELENBP1, SEPTIN4, SEPTIN5, SEPTIN8, SERINC3, SFXN5, SGK1, SGK2, SGSM2, SH3GL3, SHANK1, SLC13A5, SLC15A2, SLC17A7, SLC1A2, SLC22A10, SLC22A15, SLC22A25, SLC24A2, SLC25A18, SLC25A23, SLC25A45, SLC25A48, SLC26A4, SLC30A3, SLC39A12, SLC48A1, SLC6A1, SLC6A13, SLC6A20, SLC7A11, SLC8A1, SLCO1A2, SNCA, SNPH, SNTA1, SORCS2, SORL1, SPNS3, SPRN, SPTBN1, SPX, STRA6, STX1A, STXBP6, SVOPL, SYNGAP1, SYT5, SYT7, SYTL2, TAFA4, TAMALIN, TBC1D10C, TBRG1, TECPR2, TESPA1, TIMM10, TMEM150C, TMEM232, TMEM38A, TMEM53, TMSB4X, TNF, TNFRSF11A, TOLLIP, TRPM6, TRPV3, TSPAN15, TTL, TUBB1, UNC13A, VAMP2, VIP, VPS33B, VPS37B, VSTM2A, XKR4, YWHAH, ZDHHC23, ZPR1
GO:0048583	regulation of response to stimulus	3924	234	194.41	6.6e-4	0.039746953125	0.05963302752293578	ABR, ACAA2, ADRB2, AJAP1, AKAP5, AMER2, AMOT, ANAPC15, APC, APLP1, APOD, APOL3, ARHGAP20, ARHGAP32, ARHGEF9, ARRB1, ATOH7, ATP2B1, BCL2L2, BDNF, BLK, BLNK, BMX, C1orf115, C1QTNF4, C5AR2, CACNG3, CACNG8, CALM1, CALM2, CALM3, CAMK1D, CAMK2A, CAMK2N1, CASR, CCBE1, CCL19, CCL3, CCL3L3, CCL5, CCNY, CD226, CD3G, CD8A, CDC42SE2, CDH13, CDKN2D, CHD5, CHGA, CHN1, CHRNA2, CNIH3, CR2, CRH, CRHBP, CTNNA2, CUX2, CX3CR1, DACT3, DAPK2, DCN, DGKZ, DKK2, DLG4, DLGAP2, DLGAP3, DLX1, DLX2, DMTN, DOCK3, DOK6, DRD1, DUSP7, DUSP8, EDN3, EFHD1, ENHO, EPHA4, EPM2A, FABP5, FBXO9, FBXW7, FCHO1, FECH, FEZF2, FFAR4, FKBP8, FUT8, GDF2, GDF7, GHITM, GNG7, GPR37, GPR61, GREM2, GRIN2A, GRIN2B, GRIN3A, GRK3, GRM2, GRM5, GRPR, HCRTR1, HHIP, HLA-E, HOMER1, HTR2A, IGF1, IGFBP6, IL34, IQSEC1, IQSEC2, KALRN, KCTD16, KLF2, KLK5, LMO3, MAL, MAP3K10, MAPK9, MAS1, MEF2C, MFN2, MLIP, MNDA, MPIG6B, MT3, MTURN, MYOC, MYOCD, NANOS3, NDFIP2, NDRG2, NECAB2, NEK10, NGEF, NLK, NLRP12, NLRP3, OPRL1, PADI2, PAK1, PAK3, PAK6, PALM, PBLD, PDE2A, PEBP1, PEX5L, PHF24, PIK3CD, PIK3R1, PINK1, PIP4K2A, PLA2G5, PLEKHG3, PLK2, PPP1R16B, PRKCB, PRKCD, PRKCG, PRKCQ, PRKCZ, PRKN, PROK1, PSD, PSG9, PTGDR2, PTPN6, RALB, RAP1GAP2, RAPGEF2, RASAL1, RASD2, RASGRF2, RGS14, RGS20, RGS4, RGS5, RGS7BP, RIPOR2, RS1, RTN4RL1, RUNDC3A, S100A13, SAG, SEMA3G, SEMA4A, SEPTIN4, SERINC3, SGK1, SH2D1A, SHANK1, SIK3, SLC15A2, SLC25A23, SLC7A11, SNCA, SORL1, SPTBN1, SPX, STOX1, STUB1, STX1A, SYNGAP1, TAFA1, TAFA4, TBC1D10C, TBR1, TEK, TESPA1, THEMIS, THRB, TMEM53, TMOD2, TMSB4X, TNF, TNFRSF11A, TNNT1, TRABD2A, TRAC, TRAF3IP3, TRBC2, TRGC1, TSPAN15, UBASH3A, USP32, VRK2, WNT10B, ZAP70, ZBP1, ZEB2, ZNF365, ZNF536
GO:0051716	cellular response to stimulus	7320	435	362.66	2e-7	4.894285714285714e-5	0.05942622950819672	ABR, ACAA2, ACVR1C, ADAP1, ADGRB2, ADGRG5, ADRA1D, ADRB2, AKAP5, ALDH1A1, ALDH1A2, AMER2, AMOT, ANAPC15, ANKS1B, APC, APLP1, APOD, APOL3, ARAP2, ARHGAP20, ARHGAP32, ARHGEF9, ARRB1, ATG13, ATP2B1, ATRNL1, B3GNT2, BAG1, BCL2L2, BDNF, BEX1, BEX2, BIN2, BLK, BLNK, BMX, BRINP2, BRSK1, BTBD10, C1QTNF4, C1QTNF9, C5AR2, CAB39L, CACNB1, CACNG3, CACNG8, CALM1, CALM2, CALM3, CAMK1, CAMK1D, CAMK2A, CAMKK1, CASKIN1, CASR, CCBE1, CCK, CCKBR, CCL19, CCL3, CCL3L3, CCL5, CCNY, CD226, CD3G, CD6, CD8A, CDC42EP2, CDC42SE2, CDH13, CDK19, CDK5, CDK5R1, CDKN2D, CHD5, CHGA, CHN1, CHRM1, CHRM4, CHRNA2, CLEC12A, CLEC3B, CNIH3, CORO1A, CORT, CPNE4, CPNE5, CPNE6, CR2, CRH, CRHBP, CSF3R, CUX2, CX3CR1, CXCL11, CXCL14, CYP46A1, CYSLTR1, CYSLTR2, DACT3, DAPK2, DCN, DGKZ, DKK2, DLG2, DLG4, DLGAP2, DLGAP3, DLX1, DLX2, DMTN, DNAJC15, DOCK3, DOK6, DRD1, DUSP7, DUSP8, EDN3, EFHD1, EGR3, ENHO, EPHA10, EPHA4, EPHB6, EPM2A, ERG, FABP5, FAM107A, FAM83F, FAM83H, FBXO9, FBXW7, FCGR3B, FCHO1, FECH, FFAR4, FGF13, FKBP8, FLRT2, FMO2, FOSB, FUT8, FZD8, GABRA5, GBP4, GDF2, GDF7, GHITM, GJB6, GLDN, GLP2R, GMFG, GNG7, GNL1, GPR26, GPR37, GPR61, GREM2, GRIN2A, GRIN2B, GRIN3A, GRK3, GRM2, GRM3, GRM5, GRM7, GRPR, GSTM3, GTF2H5, GUCY1B1, HABP4, HBA1, HBA2, HBB, HBQ1, HCRTR1, HHIP, HNF4A, HOMER1, HPCA, HRH2, HSH2D, HTR1A, HTR2A, HTR3B, IGF1, IGFBP6, IL12RB2, IL1RAPL1, IL34, IQSEC1, IQSEC2, ITPK1, ITPKA, JAML, KALRN, KCNB1, KCNK10, KCNQ3, KCTD16, KIR3DX1, KLF2, KLK5, KREMEN2, LMO3, LRRC8C, MAL, MAP1LC3A, MAP3K10, MAPK9, MAS1, MAST3, MCHR2, MEF2C, MFN2, MME, MNDA, MOAP1, MPIG6B, MRAS, MSC, MT1E, MT1F, MT3, MTURN, MUSK, MYOC, MYOCD, NANOS3, NDFIP2, NDRG2, NECAB2, NEK10, NFE2, NGB, NGEF, NHLRC1, NLK, NLRP12, NLRP3, NOS2, NPBWR1, NPBWR2, NR2E1, NRGN, NSG2, NSMF, OLFM1, OMG, OPN4, OPRL1, OR14I1, OR2W3, OSTF1, OSTN, P2RY13, PADI2, PAK1, PAK3, PAK6, PALM, PAQR8, PBLD, PDE1B, PDE1C, PDE2A, PDE7B, PDK3, PDXP, PDYN, PEBP1, PEX5L, PHF24, PI4KA, PIK3CD, PIK3R1, PINK1, PIP4K2A, PKD2L1, PLA2G5, PLCH1, PLCH2, PLCL1, PLEKHB1, PLEKHG3, PLIN1, PLK2, PLPPR4, PLVAP, PNOC, PPP1R16B, PRICKLE2, PRKAR2B, PRKCB, PRKCD, PRKCG, PRKCQ, PRKCZ, PRKN, PROK1, PROK2, PROKR2, PSD, PSG4, PSG6, PSG7, PSG8, PSG9, PTGDR, PTGDR2, PTHLH, PTPN6, PTPRK, PTPRN, PTPRN2, RAB40B, RAB40C, RAB6C, RABEP1, RALB, RAP1GAP2, RAPGEF2, RAPGEF4, RAPGEFL1, RASAL1, RASD2, RASGRF2, RASSF5, RCSD1, RCVRN, RDH12, REPS2, RGS14, RGS20, RGS4, RGS5, RGS7BP, RHOBTB2, RIPOR2, RND1, RORB, RPS6KA4, RS1, RTN4RL1, RUNDC3A, RXFP1, S100A13, S1PR4, SAG, SAMD12, SATB2, SCNN1A, SELPLG, SEMA3G, SEMA4A, SEPTIN4, SERINC3, SERP2, SGK1, SGK2, SH2D1A, SH3GL3, SHANK1, SHC3, SHTN1, SIK3, SLC13A5, SLC15A2, SLC1A2, SLC25A23, SLC39A12, SLC7A11, SLC8A1, SLCO1A2, SNCA, SORBS2, SORCS2, SORL1, SPTBN1, SPX, SST, SSTR1, STK32C, STOX1, STUB1, STX1A, SYNGAP1, SYT5, SYT7, TAC3, TAFA1, TAFA4, TAMALIN, TBC1D10C, TEK, TESPA1, THEMIS, THRB, TIE1, TMEM150C, TMEM38A, TMEM53, TMOD2, TMSB4X, TMTC4, TNF, TNFRSF11A, TNFRSF13C, TOLLIP, TP53TG5, TRABD2A, TRAC, TRAF3IP3, TRBC2, TRGC1, TSPAN15, UBASH3A, ULK2, UROS, USP32, UTS2R, VAMP2, VIP, VIPR1, VRK2, WNT10B, WSB2, YWHAH, ZAP70, ZBP1, ZEB2, ZNF365, ZNF536, ZPR1
GO:0050896	response to stimulus	8727	494	432.36	8.8e-6	0.001162807627118644	0.05660593560215423	ABR, ACAA2, ACO2, ACSBG1, ACVR1C, ADAP1, ADD3, ADGRB2, ADGRG5, ADRA1D, ADRB2, AJAP1, AKAP5, ALAS2, ALDH1A1, ALDH1A2, AMER2, AMOT, ANAPC15, ANKS1B, APC, APLP1, APOD, APOL3, ARAP2, ARHGAP20, ARHGAP32, ARHGEF9, ARNT2, ARRB1, ATG13, ATOH7, ATP2B1, ATRNL1, B3GNT2, B4GALT2, BAG1, BCL2L2, BDNF, BEX1, BEX2, BIN2, BLK, BLNK, BMX, BRINP2, BRSK1, BTBD10, C1orf115, C1QTNF4, C1QTNF9, C5AR2, CAB39L, CABP1, CACNB1, CACNG3, CACNG8, CALM1, CALM2, CALM3, CAMK1, CAMK1D, CAMK2A, CAMK2N1, CAMKK1, CAMTA2, CARMIL2, CASKIN1, CASR, CCBE1, CCK, CCKBR, CCL19, CCL3, CCL3L3, CCL5, CCNO, CCNY, CD226, CD3G, CD6, CD8A, CDC42EP2, CDC42SE2, CDH13, CDH8, CDK19, CDK5, CDK5R1, CDKN2D, CHD5, CHGA, CHN1, CHRM1, CHRM4, CHRNA2, CLEC12A, CLEC3B, CNIH3, CNP, CORO1A, CORT, CPNE4, CPNE5, CPNE6, CR2, CRH, CRHBP, CSF3R, CSRP1, CST3, CTNNA2, CUX2, CX3CR1, CXCL11, CXCL14, CYP46A1, CYP4F11, CYSLTR1, CYSLTR2, DACT3, DAPK2, DCN, DGKZ, DIO2, DKK2, DLG2, DLG4, DLGAP2, DLGAP3, DLX1, DLX2, DMTN, DNAJC15, DOCK3, DOK6, DRD1, DUSP7, DUSP8, EDN3, EFHD1, EGR3, EMX1, EMX2, ENHO, EPHA10, EPHA4, EPHB6, EPM2A, ERG, EYS, F8, FABP5, FAM107A, FAM83F, FAM83H, FBXO9, FBXW7, FCGR3B, FCHO1, FECH, FEZ1, FEZF2, FFAR4, FGF13, FKBP8, FLRT2, FMO2, FOSB, FUT8, FZD8, GABRA5, GABRG3, GBP4, GDF2, GDF7, GHITM, GJB6, GLDN, GLP2R, GMFG, GNG7, GNL1, GPR26, GPR37, GPR61, GREM2, GRIN2A, GRIN2B, GRIN3A, GRK3, GRM2, GRM3, GRM5, GRM7, GRPR, GSTM3, GTF2H5, GUCY1B1, HABP4, HBA1, HBA2, HBB, HBQ1, HCRTR1, HHIP, HLA-E, HNF4A, HOMER1, HPCA, HRH2, HSH2D, HTR1A, HTR2A, HTR3B, IGF1, IGFBP6, IKZF3, IL12RB2, IL1RAPL1, IL34, IQSEC1, IQSEC2, ITPK1, ITPKA, JAML, KALRN, KCNB1, KCNK10, KCNMA1, KCNQ3, KCTD16, KIR3DX1, KLF2, KLK5, KREMEN2, LMO3, LRRC8C, LRTM2, LST1, MAL, MAP1LC3A, MAP3K10, MAPK9, MAS1, MAST3, MCHR2, MEF2C, MFN2, MLIP, MME, MMP25, MNDA, MOAP1, MPEG1, MPIG6B, MRAS, MSC, MT1E, MT1F, MT3, MTURN, MUSK, MYOC, MYOCD, NANOS3, NDFIP2, NDRG2, NECAB2, NECTIN1, NEK10, NFE2, NGB, NGEF, NHLRC1, NLK, NLRP12, NLRP3, NOS2, NPBWR1, NPBWR2, NR2E1, NRGN, NSG2, NSMF, OLFM1, OMG, OPN4, OPRL1, OR14I1, OR2W3, OSTF1, OSTN, P2RY13, PADI2, PAK1, PAK3, PAK6, PALM, PAQR8, PBLD, PDE1B, PDE1C, PDE2A, PDE7B, PDK3, PDXP, PDYN, PEBP1, PEX5L, PHF24, PI4KA, PIK3CD, PIK3R1, PINK1, PIP4K2A, PKD2L1, PLA2G5, PLAAT3, PLCH1, PLCH2, PLCL1, PLD4, PLEKHB1, PLEKHG3, PLIN1, PLK2, PLPPR4, PLVAP, PNOC, POU2AF1, PPEF1, PPP1R16B, PRICKLE2, PRKAR2B, PRKCB, PRKCD, PRKCG, PRKCQ, PRKCZ, PRKN, PROK1, PROK2, PROKR2, PRPH2, PRTN3, PSD, PSG4, PSG6, PSG7, PSG8, PSG9, PSMB10, PTGDR, PTGDR2, PTHLH, PTPN6, PTPRK, PTPRN, PTPRN2, RAB3A, RAB40B, RAB40C, RAB6C, RABEP1, RALB, RAP1GAP2, RAPGEF2, RAPGEF4, RAPGEFL1, RASAL1, RASD2, RASGRF2, RASSF5, RCSD1, RCVRN, RDH12, REPS2, RGS14, RGS20, RGS4, RGS5, RGS7BP, RHOBTB2, RIPOR2, RND1, RORB, RPS6KA4, RS1, RTN4RL1, RUNDC3A, RXFP1, S100A13, S1PR4, SAG, SAMD12, SATB2, SCD, SCNN1A, SELL, SELPLG, SEMA3G, SEMA4A, SEPTIN4, SERINC3, SERP2, SGK1, SGK2, SH2D1A, SH3GL3, SHANK1, SHC3, SHTN1, SIK3, SLC13A5, SLC15A2, SLC1A2, SLC25A23, SLC30A3, SLC39A12, SLC6A1, SLC7A11, SLC8A1, SLCO1A2, SNCA, SORBS2, SORCS2, SORL1, SPTBN1, SPX, SST, SSTR1, STK32C, STOX1, STRA6, STUB1, STX1A, SYNGAP1, SYT5, SYT7, TAC3, TAFA1, TAFA4, TAMALIN, TBC1D10C, TBR1, TEK, TESPA1, THEMIS, THRB, TIE1, TMEM150C, TMEM38A, TMEM53, TMEM74, TMOD2, TMSB4X, TMTC4, TNF, TNFRSF11A, TNFRSF13C, TNNT1, TOLLIP, TP53TG5, TRABD2A, TRAC, TRAF3IP3, TRBC2, TRGC1, TRPM6, TRPV3, TSPAN15, TUBB1, UBASH3A, ULK2, UROS, USP32, UTS2R, VAMP2, VIP, VIPR1, VPS33B, VRK2, VSTM2A, WFDC3, WNT10B, WSB2, YWHAH, ZAP70, ZBP1, ZEB2, ZNF365, ZNF536, ZPR1
GO:0050789	regulation of biological process	11503	619	569.9	1.3e-4	0.0111345	0.05381204903068765	A2ML1, ABR, ACAA2, ACVR1C, ADAMTS8, ADAP1, ADCK1, ADD3, ADGRB2, ADGRG5, ADRA1D, ADRB2, AGAP2, AGTPBP1, AJAP1, AKAP5, ALDH1A1, ALDH1A2, ALDH2, AMER2, AMOT, ANAPC15, ANKS1B, APC, APLP1, APOD, APOL3, ARAP2, ARHGAP20, ARHGAP32, ARHGEF9, ARNT2, ARRB1, ARX, ASPA, ATG13, ATOH7, ATP2B1, ATP6V1E1, ATP8A1, ATRNL1, AZIN2, BAG1, BCL2L2, BDNF, BEX1, BEX2, BIN1, BLK, BLNK, BMX, BNC1, BORCS5, BRINP2, BRSK1, BTBD10, C1orf115, C1QL3, C1QTNF4, C1QTNF9, C5AR2, CAB39L, CABLES1, CABP1, CACNB1, CACNG3, CACNG8, CALM1, CALM2, CALM3, CAMK1, CAMK1D, CAMK2A, CAMK2N1, CAMKK1, CAMKV, CAMTA2, CARMIL2, CASKIN1, CASR, CBX6, CCBE1, CCDC85B, CCK, CCKBR, CCL19, CCL3, CCL3L3, CCL5, CCNO, CCNY, CD226, CD3G, CD6, CD8A, CDC42EP2, CDC42SE2, CDH13, CDH8, CDK19, CDK5, CDK5R1, CDK5R2, CDKL5, CDKN2D, CELF5, CEMIP, CHD5, CHGA, CHN1, CHRM1, CHRM4, CHRNA2, CLDN10, CLEC12A, CLEC3B, CLEC9A, CNIH3, CNP, COL26A1, CORO1A, CORT, CPNE5, CPNE6, CR2, CRH, CRHBP, CSF3R, CST3, CTNNA2, CUX2, CX3CR1, CXCL11, CXCL14, CYB5D2, CYP46A1, CYRIA, CYSLTR1, CYSLTR2, DACT3, DAPK2, DBNDD2, DCN, DDN, DGKZ, DIO2, DKK2, DLG2, DLG3, DLG4, DLGAP2, DLGAP3, DLX1, DLX2, DLX6, DMRT2, DMRT3, DMRTA2, DMTN, DNAJC15, DNAJC6, DOCK3, DOK6, DRAP1, DRD1, DUSP7, DUSP8, EDIL3, EDN3, EFHD1, EGR3, EGR4, EMX1, EMX2, ENC1, ENHO, EPHA10, EPHA4, EPHB6, EPM2A, EPS15, ERC2, ERG, EVI5L, EXD1, F8A2, F8A3, FABP3, FABP5, FAM107A, FAM83F, FAM83H, FAXDC2, FBXO9, FBXW7, FCGR3B, FCHO1, FECH, FEZ1, FEZF2, FFAR4, FGD6, FGF13, FKBP8, FLRT2, FMN1, FMNL1, FMO2, FOSB, FOXG1, FRMPD4, FUT8, FXYD1, FXYD7, FZD8, GABRA2, GABRA4, GABRA5, GABRG1, GABRG3, GDF2, GDF7, GHITM, GJA5, GJB6, GJD2, GLDN, GLP2R, GMFG, GNG7, GNL1, GPR26, GPR37, GPR61, GREM2, GRIN2A, GRIN2B, GRIN3A, GRK3, GRM2, GRM3, GRM5, GRM7, GRPR, GUCY1B1, HABP4, HAVCR1, HBB, HCRTR1, HEPACAM, HHIP, HIGD1A, HIVEP2, HLA-E, HLF, HNF4A, HOMER1, HPCA, HRH2, HSH2D, HTR1A, HTR2A, HTR3B, ICAM5, IGF1, IGFBP6, IKZF1, IKZF3, IL12RB2, IL1RAPL1, IL34, IQSEC1, IQSEC2, ISLR2, ITPK1, ITPKA, JAML, KALRN, KCNAB2, KCNB1, KCNJ4, KCNK10, KCNMA1, KCNN1, KCNQ3, KCNS1, KCNS2, KCTD16, KHDRBS2, KIF3B, KIF5A, KIR3DX1, KLF2, KLK5, KREMEN2, KRT17, L3MBTL4, LARP6, LDB2, LGI3, LHX6, LINGO2, LMO3, LMO4, LPGAT1, LRRC7, LRTM2, LST1, MAL, MAN2A1, MAP1A, MAP1LC3A, MAP3K10, MAPK9, MAS1, MAST3, MATK, MATN1, MCHR2, MEF2C, MEOX1, MEOX2, MFN2, MLIP, MMD, MME, MNDA, MOAP1, MPIG6B, MRAS, MSC, MT1E, MT1F, MT3, MTURN, MUSK, MUSTN1, MYOC, MYOCD, NANOS3, NAV3, NCS1, NDFIP2, NDRG2, NECAB1, NECAB2, NECTIN1, NEGR1, NEK10, NELL1, NEUROD6, NEUROG2, NFE2, NGEF, NHLRC1, NLK, NLRP12, NLRP3, NOS2, NPBWR1, NPBWR2, NR2E1, NRGN, NSG2, NSMF, NTNG2, NUDT16, NUDT3, NWD1, OLFM1, OPALIN, OPN4, OPRL1, OR14I1, OR2W3, OSTF1, OSTN, OTX1, P2RY13, PADI2, PAIP2B, PAK1, PAK3, PAK6, PALM, PAQR8, PARM1, PAX1, PBLD, PCDHGC5, PDE1B, PDE1C, PDE2A, PDE7B, PDK3, PDXP, PDYN, PEBP1, PEX5L, PHACTR1, PHF24, PHOSPHO1, PI4KA, PIK3CD, PIK3R1, PINK1, PIP4K2A, PITHD1, PKD2L1, PKP4, PLA2G5, PLAAT3, PLAAT4, PLCH1, PLCH2, PLCL1, PLD4, PLEKHB1, PLEKHG3, PLK2, PLPPR4, PLVAP, PNMA5, PNOC, POU2AF1, PPFIA2, PPFIA3, PPP1R16B, PPP1R3C, PPP4R4, PRDM6, PRICKLE2, PRKAR2B, PRKCB, PRKCD, PRKCG, PRKCQ, PRKCZ, PRKN, PROK1, PROK2, PROKR2, PRTN3, PSD, PSG4, PSG6, PSG7, PSG8, PSG9, PSME3IP1, PTGDR, PTGDR2, PTHLH, PTPN6, PTPRB, PTPRK, PTPRN, PTPRN2, PXT1, RAB11FIP4, RAB3A, RAB40B, RAB40C, RAB6C, RABEP1, RALB, RANBP3L, RAP1GAP2, RAPGEF2, RAPGEF4, RAPGEFL1, RASAL1, RASD2, RASGRF2, RASSF5, RCVRN, REPS2, RGS14, RGS20, RGS4, RGS5, RGS7BP, RHOBTB2, RIMBP2, RIMS3, RIPOR2, RND1, RNF141, ROGDI, RORB, RPH3A, RPS6KA4, RS1, RTN4RL1, RUNDC3A, RXFP1, S100A13, S1PR4, SAG, SAMD12, SAP18, SATB2, SCD, SCML4, SCN3B, SECISBP2L, SEMA3G, SEMA4A, SEPTIN4, SEPTIN5, SEPTIN7, SEPTIN8, SERINC3, SERP2, SERPINI1, SETD3, SFXN5, SGK1, SGK2, SH2D1A, SH3GL3, SHANK1, SHC3, SHTN1, SIK3, SLC15A2, SLC17A7, SLC1A2, SLC24A2, SLC25A23, SLC26A4, SLC30A3, SLC39A12, SLC6A1, SLC7A11, SLC8A1, SLITRK1, SNCA, SNPH, SNTA1, SOHLH1, SORBS2, SORCS2, SORL1, SPOCK3, SPTBN1, SPX, SST, SSTR1, STK32C, STOX1, STRA6, STUB1, STX1A, STXBP6, SYNGAP1, SYT5, SYT7, TAC3, TAFA1, TAFA4, TAMALIN, TBC1D10C, TBR1, TBRG1, TDRD12, TEK, TESPA1, THEMIS, THRB, TIE1, TMEM215, TMEM38A, TMEM53, TMOD2, TMSB4X, TMTC4, TNF, TNFRSF11A, TNFRSF13C, TNNT1, TOLLIP, TP53TG5, TPPP, TRABD2A, TRAC, TRAF3IP3, TRBC2, TRGC1, TRPV3, TSPAN15, TTL, TYRP1, UBASH3A, ULK2, UNC13A, USP17L22, USP32, UTS2R, VAMP2, VIP, VIPR1, VPS33B, VPS37B, VRK2, VSTM2A, VSTM2L, WASF3, WDR13, WNT10B, WSB2, YBX2, YWHAH, ZAP70, ZBP1, ZEB2, ZNF365, ZNF536, ZPR1
GO:0065007	biological regulation	11925	636	590.8	3e-4	0.022343478260869562	0.05333333333333334	A2ML1, ABR, ACAA2, ACVR1C, ADAMTS8, ADAP1, ADCK1, ADD3, ADGRB2, ADGRG5, ADH1B, ADRA1D, ADRB2, AGAP2, AGTPBP1, AJAP1, AKAP5, ALDH1A1, ALDH1A2, ALDH2, AMER2, AMOT, ANAPC15, ANKS1B, ANO4, APC, APLP1, APOD, APOL3, ARAP2, ARHGAP20, ARHGAP32, ARHGEF9, ARNT2, ARRB1, ARX, ASPA, ATG13, ATOH7, ATP2B1, ATP6V1E1, ATP8A1, ATRNL1, AZIN2, BAG1, BCL2L2, BDNF, BEX1, BEX2, BIN1, BLK, BLNK, BMX, BNC1, BORCS5, BRINP2, BRSK1, BTBD10, C1orf115, C1QL3, C1QTNF4, C1QTNF9, C5AR2, CAB39L, CABLES1, CABP1, CACNB1, CACNG3, CACNG8, CALM1, CALM2, CALM3, CAMK1, CAMK1D, CAMK2A, CAMK2N1, CAMKK1, CAMKV, CAMTA2, CARMIL2, CASKIN1, CASR, CBX6, CCBE1, CCDC85B, CCK, CCKBR, CCL19, CCL3, CCL3L3, CCL5, CCNO, CCNY, CD226, CD3G, CD6, CD8A, CDC42EP2, CDC42SE2, CDH13, CDH8, CDK19, CDK5, CDK5R1, CDK5R2, CDKL5, CDKN2D, CELF5, CEMIP, CHD5, CHGA, CHN1, CHRM1, CHRM4, CHRNA2, CLDN10, CLEC12A, CLEC3B, CLEC9A, CNIH3, CNP, COL26A1, CORO1A, CORT, CPNE5, CPNE6, CR2, CRH, CRHBP, CSF3R, CSRP1, CST3, CTNNA2, CUX2, CX3CR1, CXCL11, CXCL14, CYB5D2, CYP46A1, CYP4F11, CYRIA, CYSLTR1, CYSLTR2, DACT3, DAPK2, DBNDD2, DCN, DDN, DGKZ, DHRS9, DIO2, DKK2, DLG2, DLG3, DLG4, DLGAP2, DLGAP3, DLX1, DLX2, DLX6, DMRT2, DMRT3, DMRTA2, DMTN, DNAJC15, DNAJC6, DOCK3, DOK6, DRAP1, DRD1, DUSP7, DUSP8, EDIL3, EDN3, EFHD1, EGR3, EGR4, EMX1, EMX2, ENC1, ENHO, EPHA10, EPHA4, EPHB6, EPM2A, EPS15, ERC2, ERG, EVI5L, EXD1, F8, F8A2, F8A3, FABP3, FABP5, FAM107A, FAM83F, FAM83H, FAXDC2, FBXO9, FBXW7, FCGR3B, FCHO1, FECH, FEZ1, FEZF2, FFAR4, FGD6, FGF13, FKBP8, FLRT2, FMN1, FMNL1, FMO2, FOSB, FOXG1, FRMPD4, FUT8, FXYD1, FXYD7, FZD8, GABRA2, GABRA4, GABRA5, GABRG1, GABRG3, GCNT4, GDF2, GDF7, GHITM, GJA5, GJB6, GJD2, GLDN, GLP2R, GMFG, GNG7, GNL1, GPR26, GPR37, GPR61, GREM2, GRIN2A, GRIN2B, GRIN3A, GRK3, GRM2, GRM3, GRM5, GRM7, GRPR, GUCY1B1, HABP4, HAVCR1, HBB, HCRTR1, HEPACAM, HHIP, HIGD1A, HIVEP2, HLA-E, HLF, HNF4A, HOMER1, HPCA, HRH2, HSD17B6, HSH2D, HTR1A, HTR2A, HTR3B, ICAM5, IGF1, IGFBP6, IKZF1, IKZF3, IL12RB2, IL1RAPL1, IL34, IQSEC1, IQSEC2, ISLR2, ITPK1, ITPKA, JAML, KALRN, KCNAB2, KCNB1, KCNH3, KCNH4, KCNJ4, KCNK10, KCNK17, KCNMA1, KCNN1, KCNQ3, KCNS1, KCNS2, KCTD16, KHDRBS2, KIF3B, KIF5A, KIR3DX1, KLF2, KLK5, KREMEN2, KRT17, L3MBTL4, LARP6, LDB2, LGI3, LHX6, LINGO2, LMO3, LMO4, LPGAT1, LRRC7, LRTM2, LST1, MAL, MAN2A1, MAP1A, MAP1LC3A, MAP3K10, MAPK9, MAS1, MAST3, MATK, MATN1, MCHR2, MEF2C, MEOX1, MEOX2, MFN2, MLIP, MMD, MME, MNDA, MOAP1, MPIG6B, MRAS, MSC, MT1E, MT1F, MT3, MTURN, MUSK, MUSTN1, MYOC, MYOCD, NANOS3, NAV3, NCS1, NDFIP2, NDRG2, NECAB1, NECAB2, NECTIN1, NEGR1, NEK10, NELL1, NEUROD6, NEUROG2, NFE2, NGEF, NHLRC1, NLK, NLRP12, NLRP3, NOS2, NPBWR1, NPBWR2, NR2E1, NRGN, NSG2, NSMF, NTNG2, NUDT16, NUDT3, NWD1, OLFM1, OPALIN, OPN4, OPRL1, OR14I1, OR2W3, OSTF1, OSTN, OTX1, P2RY13, PADI2, PAIP2B, PAK1, PAK3, PAK6, PALM, PAQR8, PARM1, PAX1, PBLD, PCDHGC5, PDE1B, PDE1C, PDE2A, PDE7B, PDK3, PDXP, PDYN, PEBP1, PEX5L, PHACTR1, PHF24, PHOSPHO1, PI4KA, PIK3CD, PIK3R1, PINK1, PIP4K2A, PITHD1, PKD2L1, PKP4, PLA2G5, PLAAT3, PLAAT4, PLCH1, PLCH2, PLCL1, PLD4, PLEKHB1, PLEKHG3, PLK2, PLPPR4, PLVAP, PNMA5, PNOC, PNPLA4, POU2AF1, PPFIA2, PPFIA3, PPP1R16B, PPP1R3C, PPP4R4, PRDM6, PRICKLE2, PRKAR2B, PRKCB, PRKCD, PRKCG, PRKCQ, PRKCZ, PRKN, PROK1, PROK2, PROKR2, PRTN3, PSD, PSG4, PSG6, PSG7, PSG8, PSG9, PSME3IP1, PTGDR, PTGDR2, PTHLH, PTPN6, PTPRB, PTPRK, PTPRN, PTPRN2, PXT1, RAB11FIP4, RAB3A, RAB40B, RAB40C, RAB6C, RABEP1, RALB, RANBP3L, RAP1GAP2, RAPGEF2, RAPGEF4, RAPGEFL1, RASAL1, RASD2, RASGRF2, RASSF5, RCVRN, RDH12, REPS2, RGS14, RGS20, RGS4, RGS5, RGS7BP, RHOBTB2, RIMBP2, RIMS3, RIPOR2, RND1, RNF141, ROGDI, RORB, RPH3A, RPS6KA4, RS1, RTN4RL1, RUNDC3A, RXFP1, S100A13, S1PR4, SAG, SAMD12, SAP18, SATB2, SCD, SCML4, SCN3B, SCNN1A, SECISBP2L, SEMA3G, SEMA4A, SEPTIN4, SEPTIN5, SEPTIN7, SEPTIN8, SERINC3, SERP2, SERPINI1, SETD3, SFXN5, SGK1, SGK2, SGSM2, SH2D1A, SH3GL3, SHANK1, SHC3, SHTN1, SIK3, SLC15A2, SLC17A7, SLC1A2, SLC24A2, SLC25A23, SLC26A4, SLC30A3, SLC39A12, SLC6A1, SLC7A11, SLC8A1, SLITRK1, SNCA, SNPH, SNTA1, SOHLH1, SORBS2, SORCS2, SORL1, SPOCK3, SPTBN1, SPX, SST, SSTR1, STK32C, STOX1, STRA6, STUB1, STX1A, STXBP6, SYNGAP1, SYT5, SYT7, TAC3, TAFA1, TAFA4, TAMALIN, TBC1D10C, TBR1, TBRG1, TDRD12, TEK, TESPA1, THEMIS, THRB, TIE1, TMEM215, TMEM38A, TMEM53, TMOD2, TMSB4X, TMTC4, TNF, TNFRSF11A, TNFRSF13C, TNNT1, TOLLIP, TP53TG5, TPPP, TRABD2A, TRAC, TRAF3IP3, TRBC2, TRGC1, TRPV3, TSPAN15, TTL, TUBB1, TYRP1, UBASH3A, ULK2, UNC13A, USP17L22, USP32, UTS2R, VAMP2, VIP, VIPR1, VPS33B, VPS37B, VRK2, VSTM2A, VSTM2L, WASF3, WDR13, WNT10B, WSB2, XKR4, YBX2, YWHAH, ZAP70, ZBP1, ZEB2, ZNF365, ZNF536, ZPR1
