GO.ID	Term	Annotated	Significant	Expected	classicFisher	fdr	gene_ratio	DEGs
GO:0097112	gamma-aminobutyric acid receptor clustering	4	4	0.2	5.9e-6	5.479536144578313e-4	1	GLRB, GPHN, LHFPL4, SHISA7
GO:0045163	clustering of voltage-gated potassium channels	4	3	0.2	4.6e-4	0.025148297872340426	0.75	CNTN2, CNTNAP2, KCNIP2
GO:0098967	exocytic insertion of neurotransmitter receptor to postsynaptic membrane	4	3	0.2	4.6e-4	0.025148297872340426	0.75	CPLX1, SNAP25, STX1B
GO:0099525	presynaptic dense core vesicle exocytosis	6	4	0.3	8.2e-5	0.005472701298701299	0.6666666666666666	RAB3A, SNAP25, UNC13A, UNC13C
GO:0098953	receptor diffusion trapping	10	6	0.49	2.5e-6	2.4240566037735852e-4	0.6	CACNG2, CACNG3, CACNG7, CACNG8, DLG4, GPHN
GO:0098970	postsynaptic neurotransmitter receptor diffusion trapping	10	6	0.49	2.5e-6	2.4240566037735852e-4	0.6	CACNG2, CACNG3, CACNG7, CACNG8, DLG4, GPHN
GO:0099628	neurotransmitter receptor diffusion trapping	10	6	0.49	2.5e-6	2.4240566037735852e-4	0.6	CACNG2, CACNG3, CACNG7, CACNG8, DLG4, GPHN
GO:0021626	central nervous system maturation	7	4	0.35	1.8e-4	0.010968616600790515	0.5714285714285714	CDK5R1, CDK5R2, CEND1, CX3CR1
GO:0098943	neurotransmitter receptor transport, postsynaptic endosome to lysosome	7	4	0.35	1.8e-4	0.010968616600790515	0.5714285714285714	CACNG2, CACNG3, CACNG7, CACNG8
GO:0099011	neuronal dense core vesicle exocytosis	7	4	0.35	1.8e-4	0.010968616600790515	0.5714285714285714	RAB3A, SNAP25, UNC13A, UNC13C
GO:0016082	synaptic vesicle priming	18	10	0.89	2.5e-9	4.481686046511628e-7	0.5555555555555556	ERC2, NAPB, RPH3A, SNAP25, SNCA, STX1A, STX1B, SV2A, UNC13A, UNC13C
GO:0031630	regulation of synaptic vesicle fusion to presynaptic active zone membrane	12	6	0.59	1e-5	8.710169491525425e-4	0.5	CPLX1, CPLX2, CPLX3, ERC2, RAB3A, SYT1
GO:1901632	regulation of synaptic vesicle membrane organization	12	6	0.59	1e-5	8.710169491525425e-4	0.5	CPLX1, CPLX2, CPLX3, ERC2, RAB3A, SYT1
GO:0016081	synaptic vesicle docking	10	5	0.49	6e-5	0.004166756756756757	0.5	PPFIA3, SNAP25, STX1B, UNC13A, UNC13C
GO:0097090	presynaptic membrane organization	10	5	0.49	6e-5	0.004166756756756757	0.5	CNTN2, IL1RAPL1, NLGN3, NLGN4X, PTPRD
GO:1990709	presynaptic active zone organization	8	4	0.4	3.5e-4	0.019911254612546125	0.5	BSN, ERC2, PCDH17, RAB3A
GO:0098693	regulation of synaptic vesicle cycle	13	6	0.64	1.8e-5	0.001483989304812834	0.46153846153846156	BSN, CDK5R1, PRKAR1B, RAPGEF4, SCRN1, SYN1
GO:0090129	positive regulation of synapse maturation	9	4	0.44	6.1e-4	0.03231742268041237	0.4444444444444444	ADGRL1, CAMK2B, NEURL1, NRXN1
GO:0097105	presynaptic membrane assembly	9	4	0.44	6.1e-4	0.03231742268041237	0.4444444444444444	IL1RAPL1, NLGN3, NLGN4X, PTPRD
GO:0099612	protein localization to axon	9	4	0.44	6.1e-4	0.03231742268041237	0.4444444444444444	ANK3, CNTN2, CNTNAP2, UGT8
GO:0007158	neuron cell-cell adhesion	16	7	0.79	5.4e-6	5.076329268292682e-4	0.4375	ASTN1, CDK5R1, NCAM2, NLGN3, NLGN4X, NRXN1, NRXN2
GO:0097091	synaptic vesicle clustering	16	7	0.79	5.4e-6	5.076329268292682e-4	0.4375	BRSK1, BRSK2, BSN, PCDH17, RAB3A, SYN1, SYN2
GO:2000311	regulation of AMPA receptor activity	23	10	1.14	5.3e-8	7.3612702702702705e-6	0.43478260869565216	CACNG2, CACNG3, CACNG7, CACNG8, CNIH2, MAPK8IP2, NLGN3, SHANK1, SHISA7, SHISA8
GO:0048791	calcium ion-regulated exocytosis of neurotransmitter	21	9	1.04	2.9e-7	3.520417322834645e-5	0.42857142857142855	RAB3A, RIMS1, SNAP25, STX1B, SYT1, SYT11, SYT5, UNC13A, UNC13C
GO:0071625	vocalization behavior	19	8	0.94	1.6e-6	1.65551677852349e-4	0.42105263157894735	CNTNAP2, DLG4, NLGN3, NLGN4X, NRXN1, NRXN2, SHANK1, SHANK2
GO:0099560	synaptic membrane adhesion	27	11	1.33	2.5e-8	3.6707142857142854e-6	0.4074074074074074	CDH9, LRRC4, LRRC4B, NTNG2, PCDH17, PCDH8, PTPRD, SLITRK1, SLITRK2, SLITRK3, SPARCL1
GO:0097104	postsynaptic membrane assembly	10	4	0.49	9.8e-4	0.04921387622149837	0.4	NLGN3, NLGN4X, NRXN1, NRXN2
GO:1990504	dense core granule exocytosis	10	4	0.49	9.8e-4	0.04921387622149837	0.4	RAB3A, SNAP25, UNC13A, UNC13C
GO:0031629	synaptic vesicle fusion to presynaptic active zone membrane	23	9	1.14	7.4e-7	8.148985714285714e-5	0.391304347826087	CPLX1, CPLX2, CPLX3, ERC2, RAB3A, SNAP25, STX1A, STX1B, SYT1
GO:0098698	postsynaptic specialization assembly	29	11	1.43	6.2e-8	8.534410714285715e-6	0.3793103448275862	ARHGEF9, C1QL2, LRFN1, LRRC4B, NPTX1, NRXN1, NRXN2, NTNG2, PTPRD, SLITRK3, SPTBN2
GO:0099500	vesicle fusion to plasma membrane	24	9	1.19	1.1e-6	1.1695655172413794e-4	0.375	CPLX1, CPLX2, CPLX3, ERC2, RAB3A, SNAP25, STX1A, STX1B, SYT1
GO:0048172	regulation of short-term neuronal synaptic plasticity	16	6	0.79	7.5e-5	0.0050937224669603525	0.375	PPFIA3, RAB3A, SHISA7, SHISA8, SLC8A2, SYP
GO:0048499	synaptic vesicle membrane organization	28	10	1.38	4.8e-7	5.441294117647058e-5	0.35714285714285715	CPLX1, CPLX2, CPLX3, ERC2, RAB3A, SNAP25, STX1A, STX1B, SYP, SYT1
GO:0072578	neurotransmitter-gated ion channel clustering	17	6	0.84	1.1e-4	0.0071555696202531644	0.35294117647058826	DLG4, GLRB, GPHN, LHFPL4, SHISA7, SLITRK3
GO:0031338	regulation of vesicle fusion	23	8	1.14	8.7e-6	7.753057803468208e-4	0.34782608695652173	CORO1A, CPLX1, CPLX2, CPLX3, ERC2, RAB3A, SNCA, SYT1
GO:0097107	postsynaptic density assembly	23	8	1.14	8.7e-6	7.753057803468208e-4	0.34782608695652173	C1QL2, LRFN1, LRRC4B, NPTX1, NRXN1, NRXN2, PTPRD, SLITRK3
GO:2000463	positive regulation of excitatory postsynaptic potential	32	11	1.58	2e-7	2.5694999999999997e-5	0.34375	DLG4, GRIN1, NLGN3, NRXN1, PRKAR1B, PRKCZ, RGS4, RIMS1, SHANK1, STX1A, STX1B
GO:0099068	postsynapse assembly	41	14	2.03	4.7e-9	7.876076086956522e-7	0.34146341463414637	ARHGEF9, C1QL2, LRFN1, LRRC4B, LZTS1, NLGN3, NLGN4X, NPTX1, NRXN1, NRXN2, NTNG2, PTPRD, SLITRK3, SPTBN2
GO:1902430	negative regulation of amyloid-beta formation	18	6	0.89	1.6e-4	0.010068244897959185	0.3333333333333333	BIN1, RTN1, RTN2, RTN3, RTN4, SORL1
GO:0015671	oxygen transport	15	5	0.74	5.8e-4	0.03115630662020906	0.3333333333333333	HBA1, HBA2, HBB, IPCEF1, NGB
GO:0015816	glycine transport	15	5	0.74	5.8e-4	0.03115630662020906	0.3333333333333333	RGS4, SLC32A1, SLC38A5, SLC6A17, SLC7A10
GO:0060074	synapse maturation	34	11	1.68	4.1e-7	4.717141791044776e-5	0.3235294117647059	ADGRL1, C1QL2, CAMK2B, CX3CR1, NEFL, NEURL1, NRXN1, PALM, SEZ6, SEZ6L2, SHANK1
GO:0099633	protein localization to postsynaptic specialization membrane	25	8	1.24	1.8e-5	0.001483989304812834	0.32	C1QL2, CACNG2, CACNG3, CACNG7, DLG4, LHFPL4, NPTX1, PRKCZ
GO:0099645	neurotransmitter receptor localization to postsynaptic specialization membrane	25	8	1.24	1.8e-5	0.001483989304812834	0.32	C1QL2, CACNG2, CACNG3, CACNG7, DLG4, LHFPL4, NPTX1, PRKCZ
GO:0099150	regulation of postsynaptic specialization assembly	16	5	0.79	8.1e-4	0.041765117056856184	0.3125	ARHGEF9, LRFN1, LRRC4B, PTPRD, SPTBN2
GO:0099084	postsynaptic specialization organization	45	14	2.22	1.9e-8	2.8439126213592236e-6	0.3111111111111111	ARHGEF9, C1QL2, LRFN1, LRRC4, LRRC4B, NPTX1, NRXN1, NRXN2, NTNG2, PTPRD, SHANK1, SHANK2, SLITRK3, SPTBN2
GO:0099637	neurotransmitter receptor transport	26	8	1.29	2.4e-5	0.001907257731958763	0.3076923076923077	CACNG2, CACNG3, CACNG7, CACNG8, CPLX1, GRIPAP1, SNAP25, STX1B
GO:0032253	dense core granule localization	20	6	0.99	3.1e-4	0.017833097014925373	0.3	KIF1A, KIF5A, RAB3A, SNAP25, UNC13A, UNC13C
GO:0090128	regulation of synapse maturation	20	6	0.99	3.1e-4	0.017833097014925373	0.3	ADGRL1, C1QL2, CAMK2B, NEFL, NEURL1, NRXN1
GO:1902992	negative regulation of amyloid precursor protein catabolic process	20	6	0.99	3.1e-4	0.017833097014925373	0.3	BIN1, RTN1, RTN2, RTN3, RTN4, SORL1
GO:0048168	regulation of neuronal synaptic plasticity	58	17	2.87	1.6e-9	3.008195121951219e-7	0.29310344827586204	ARC, CAMK2A, CAMK2B, DLG4, GRIN1, GRM5, JPH3, NEURL1, PPFIA3, RAB3A, RASGRF1, SHISA7, SHISA8, SLC8A2, SNCA, SYP, VGF
GO:0099054	presynapse assembly	48	14	2.37	4.7e-8	6.587263636363636e-6	0.2916666666666667	BSN, IL1RAPL1, LRRC4B, LRRTM3, NLGN3, NLGN4X, NTNG2, PCDH17, PTPRD, SLITRK1, SLITRK2, SLITRK3, SLITRK4, SNCA
GO:0099590	neurotransmitter receptor internalization	31	9	1.53	1.3e-5	0.0011072983425414362	0.2903225806451613	ARC, CACNG2, CACNG3, CACNG7, CACNG8, CALY, DNM3, HPCA, SNAP25
GO:0099601	regulation of neurotransmitter receptor activity	46	13	2.27	2.1e-7	2.6537459016393444e-5	0.2826086956521739	CACNG2, CACNG3, CACNG7, CACNG8, CNIH2, DLG4, DLGAP1, DLGAP3, MAPK8IP2, NLGN3, SHANK1, SHISA7, SHISA8
GO:0035418	protein localization to synapse	78	22	3.86	1.4e-11	3.7213448275862073e-9	0.28205128205128205	ASIC2, BSN, C1QL2, CACNG2, CACNG3, CACNG7, CPLX1, DLG2, DLG4, GRIPAP1, HOMER1, KIF5A, KIF5C, LHFPL4, NPTX1, NRXN1, NRXN2, PRKCZ, SHANK1, SLITRK3, SNAP25, STX1B
GO:0097106	postsynaptic density organization	39	11	1.93	1.9e-6	1.927125e-4	0.28205128205128205	C1QL2, LRFN1, LRRC4, LRRC4B, NPTX1, NRXN1, NRXN2, PTPRD, SHANK1, SHANK2, SLITRK3
GO:0016079	synaptic vesicle exocytosis	96	27	4.75	7.5e-14	2.820182926829268e-11	0.28125	CPLX1, CPLX2, CPLX3, CSPG5, ERC2, GIT1, NAPB, PPFIA3, PRKCB, PRKCG, RAB3A, RIMS1, RPH3A, SEPTIN5, SNAP25, SNCA, STX1A, STX1B, SV2A, SYN1, SYP, SYT1, SYT11, SYT5, UNC13A, UNC13C, VAMP2
GO:0097120	receptor localization to synapse	62	17	3.06	4.9e-9	8.122935483870968e-7	0.27419354838709675	C1QL2, CACNG2, CACNG3, CACNG7, CACNG8, CPLX1, DLG2, DLG4, GPHN, GRIPAP1, KIF5A, KIF5C, LHFPL4, NPTX1, PRKCZ, SNAP25, STX1B
GO:0017156	calcium-ion regulated exocytosis	66	18	3.26	1.9e-9	3.4871785714285716e-7	0.2727272727272727	CBARP, CDK5R2, RAB3A, RAPGEF4, RIMS1, RPH3A, SCAMP5, SNAP25, STX1A, STX1B, SYN2, SYT1, SYT11, SYT13, SYT5, UNC13A, UNC13C, VAMP2
GO:1903539	protein localization to postsynaptic membrane	44	12	2.17	9.6e-7	1.0422760563380281e-4	0.2727272727272727	C1QL2, CACNG2, CACNG3, CACNG7, CPLX1, DLG4, GRIPAP1, LHFPL4, NPTX1, PRKCZ, SNAP25, STX1B
GO:0008090	retrograde axonal transport	22	6	1.09	5.4e-4	0.02921115789473684	0.2727272727272727	AGTPBP1, CALY, DLG2, KIF1A, KIF5A, NEFL
GO:0036465	synaptic vesicle recycling	81	22	4	3.3e-11	8.47935e-9	0.2716049382716049	BIN1, BTBD9, DNAJC6, DNM3, GIT1, GRIPAP1, NLGN3, NLGN4X, PACSIN1, RAB3A, SH3GL3, SLC17A7, SNAP91, SNCA, SNCB, STX1A, STX1B, SYP, SYT1, SYT11, SYT5, VAMP2
GO:0098815	modulation of excitatory postsynaptic potential	48	13	2.37	3.7e-7	4.354419847328244e-5	0.2708333333333333	DLG4, GRIN1, NLGN3, NLGN4X, NRXN1, PRKAR1B, PRKCZ, RGS4, RIMS1, SHANK1, SLC8A2, STX1A, STX1B
GO:1903421	regulation of synaptic vesicle recycling	26	7	1.29	2e-4	0.012091764705882354	0.2692307692307692	BTBD9, DNM3, GRIPAP1, SLC17A7, SNCA, STX1B, SYT11
GO:0062237	protein localization to postsynapse	45	12	2.22	1.3e-6	1.372746575342466e-4	0.26666666666666666	C1QL2, CACNG2, CACNG3, CACNG7, CPLX1, DLG4, GRIPAP1, LHFPL4, NPTX1, PRKCZ, SNAP25, STX1B
GO:0099174	regulation of presynapse organization	34	9	1.68	2.9e-5	0.0022024285714285718	0.2647058823529412	IL1RAPL1, LRRC4B, LRRTM3, NTNG2, SLITRK1, SLITRK2, SLITRK3, SLITRK4, SNCA
GO:1904861	excitatory synapse assembly	34	9	1.68	2.9e-5	0.0022024285714285718	0.2647058823529412	C1QL2, LRFN1, LRRC4, LRRC4B, NPTX1, NRXN1, NRXN2, PTPRD, SLITRK3
GO:1905606	regulation of presynapse assembly	34	9	1.68	2.9e-5	0.0022024285714285718	0.2647058823529412	IL1RAPL1, LRRC4B, LRRTM3, NTNG2, SLITRK1, SLITRK2, SLITRK3, SLITRK4, SNCA
GO:0099172	presynapse organization	53	14	2.62	1.9e-7	2.4615378151260502e-5	0.2641509433962264	BSN, IL1RAPL1, LRRC4B, LRRTM3, NLGN3, NLGN4X, NTNG2, PCDH17, PTPRD, SLITRK1, SLITRK2, SLITRK3, SLITRK4, SNCA
GO:0032252	secretory granule localization	23	6	1.14	7e-4	0.03658271186440678	0.2608695652173913	KIF1A, KIF5A, RAB3A, SNAP25, UNC13A, UNC13C
GO:0051965	positive regulation of synapse assembly	62	16	3.06	3.6e-8	5.187028037383177e-6	0.25806451612903225	ADGRB1, ASIC2, EPHB1, IL1RAPL1, LRRC24, LRRC4B, LRRTM3, LRTM2, NLGN3, NRXN1, PTPRD, SEMA4D, SLITRK1, SLITRK2, SLITRK3, SLITRK4
GO:0048488	synaptic vesicle endocytosis	70	18	3.46	5.3e-9	8.692563829787234e-7	0.2571428571428571	BIN1, BTBD9, DNAJC6, DNM3, NLGN3, NLGN4X, PACSIN1, SH3GL3, SLC17A7, SNAP91, SNCA, SNCB, STX1A, SYP, SYT1, SYT11, SYT5, VAMP2
GO:0017158	regulation of calcium ion-dependent exocytosis	39	10	1.93	1.4e-5	0.0011730326086956523	0.2564102564102564	CBARP, CDK5R2, RAB3A, RPH3A, SCAMP5, STX1A, SYT1, SYT11, SYT13, SYT5
GO:0031111	negative regulation of microtubule polymerization or depolymerization	39	10	1.93	1.4e-5	0.0011730326086956523	0.2564102564102564	APC, APC2, ARHGEF2, CLASP2, EML2, MAP6D1, NAV3, SNCA, STMN1, TUBB4A
GO:0140238	presynaptic endocytosis	71	18	3.51	6.8e-9	1.1035326315789474e-6	0.2535211267605634	BIN1, BTBD9, DNAJC6, DNM3, NLGN3, NLGN4X, PACSIN1, SH3GL3, SLC17A7, SNAP91, SNCA, SNCB, STX1A, SYP, SYT1, SYT11, SYT5, VAMP2
GO:0060997	dendritic spine morphogenesis	56	14	2.77	3.9e-7	4.520774436090226e-5	0.25	ARC, ARHGAP33, CAMK2B, CDK5R1, DLG4, DNM3, EPHB1, ITPKA, KIF1A, LZTS3, NGEF, SHANK1, SRCIN1, ZNF365
GO:0035176	social behavior	52	13	2.57	1e-6	1.0781118881118881e-4	0.25	CNTNAP2, CX3CR1, DLG4, GAD1, GRID1, MAPK8IP2, NLGN3, NLGN4X, NRXN1, NRXN2, SEPTIN5, SHANK1, SHANK2
GO:0099504	synaptic vesicle cycle	197	49	9.74	1.6e-21	9.136e-19	0.24873096446700507	BIN1, BRSK1, BRSK2, BSN, BTBD9, CDK5R1, CPLX1, CPLX2, CPLX3, CSPG5, DNAJC6, DNM3, ERC2, GIT1, GRIPAP1, NAPB, NLGN3, NLGN4X, PACSIN1, PCDH17, PPFIA3, PRKAR1B, PRKCB, PRKCG, RAB3A, RAPGEF4, RIMS1, RPH3A, SCRN1, SEPTIN5, SH3GL3, SLC17A7, SLC32A1, SNAP25, SNAP91, SNCA, SNCB, STX1A, STX1B, SV2A, SYN1, SYN2, SYP, SYT1, SYT11, SYT5, UNC13A, UNC13C, VAMP2
GO:0008038	neuron recognition	45	11	2.22	8.7e-6	7.753057803468208e-4	0.24444444444444444	CDK5R1, CNTN2, CNTNAP2, DSCAML1, FEZF2, FOXG1, NCAM2, NRCAM, NTM, OPCML, RTN4
GO:0001941	postsynaptic membrane organization	41	10	2.03	2.3e-5	0.001837259067357513	0.24390243902439024	DLG4, GLRB, GPHN, LHFPL4, LRRC4, NLGN3, NLGN4X, NRXN1, NRXN2, SHISA7
GO:0014059	regulation of dopamine secretion	37	9	1.83	6e-5	0.004166756756756757	0.24324324324324326	CHRNA4, KCNA2, PINK1, PRKCB, SNCA, SYT1, SYT11, SYT13, SYT5
GO:0007269	neurotransmitter secretion	144	35	7.12	2.1e-15	8.093925e-13	0.24305555555555555	BRSK1, CAMK2A, CPLX1, CPLX2, CPLX3, CSPG5, ERC2, GIT1, HRH3, KCNMB4, NAPB, NRXN1, NRXN2, PPFIA3, PRKCB, PRKCG, RAB3A, RIMS1, RPH3A, SEPTIN5, SLC32A1, SNAP25, SNCA, STX1A, STX1B, SV2A, SYN1, SYN2, SYP, SYT1, SYT11, SYT5, UNC13A, UNC13C, VAMP2
GO:0099643	signal release from synapse	144	35	7.12	2.1e-15	8.093925e-13	0.24305555555555555	BRSK1, CAMK2A, CPLX1, CPLX2, CPLX3, CSPG5, ERC2, GIT1, HRH3, KCNMB4, NAPB, NRXN1, NRXN2, PPFIA3, PRKCB, PRKCG, RAB3A, RIMS1, RPH3A, SEPTIN5, SLC32A1, SNAP25, SNCA, STX1A, STX1B, SV2A, SYN1, SYN2, SYP, SYT1, SYT11, SYT5, UNC13A, UNC13C, VAMP2
GO:0007214	gamma-aminobutyric acid signaling pathway	29	7	1.43	4.2e-4	0.023291870503597125	0.2413793103448276	GABBR2, GABRA2, GABRA3, GABRG1, PHF24, PLCL1, SHISA7
GO:0051703	biological process involved in intraspecies interaction between organisms	54	13	2.67	1.6e-6	1.65551677852349e-4	0.24074074074074073	CNTNAP2, CX3CR1, DLG4, GAD1, GRID1, MAPK8IP2, NLGN3, NLGN4X, NRXN1, NRXN2, SEPTIN5, SHANK1, SHANK2
GO:0061001	regulation of dendritic spine morphogenesis	42	10	2.08	2.9e-5	0.0022024285714285718	0.23809523809523808	ARC, ARHGAP33, CAMK2B, CDK5R1, DNM3, ITPKA, KIF1A, LZTS3, NGEF, SRCIN1
GO:0099003	vesicle-mediated transport in synapse	219	52	10.82	9.2e-22	5.455246153846154e-19	0.2374429223744292	ARC, BIN1, BRSK1, BRSK2, BSN, BTBD9, CALY, CDK5R1, CPLX1, CPLX2, CPLX3, CSPG5, DNAJC6, DNM3, ERC2, GIT1, GRIPAP1, HPCA, NAPB, NLGN3, NLGN4X, PACSIN1, PCDH17, PPFIA3, PRKAR1B, PRKCB, PRKCG, RAB3A, RAPGEF4, RIMS1, RPH3A, SCRN1, SEPTIN5, SH3GL3, SLC17A7, SLC32A1, SNAP25, SNAP91, SNCA, SNCB, STX1A, STX1B, SV2A, SYN1, SYN2, SYP, SYT1, SYT11, SYT5, UNC13A, UNC13C, VAMP2
GO:0097479	synaptic vesicle localization	55	13	2.72	2e-6	2.0152941176470587e-4	0.23636363636363636	BRSK1, BRSK2, BSN, DNM3, KIF5A, KIF5C, PCDH17, PINK1, RAB3A, SNAP91, SNCA, SYN1, SYN2
GO:0099505	regulation of presynaptic membrane potential	30	7	1.48	5.3e-4	0.028771161971830984	0.23333333333333334	GABRA2, GRIK4, KCNA2, KCNC2, KCNJ3, KCNJ9, KCNMB4
GO:0046928	regulation of neurotransmitter secretion	82	19	4.05	1.3e-8	2.0244545454545454e-6	0.23170731707317074	CAMK2A, CPLX1, CPLX2, CPLX3, CSPG5, GIT1, KCNMB4, PRKCB, PRKCG, RAB3A, RIMS1, SEPTIN5, SNCA, STX1A, STX1B, SYN1, SYP, SYT1, SYT11
GO:1902414	protein localization to cell junction	108	25	5.34	6.8e-11	1.63805625e-8	0.23148148148148148	ARHGEF18, ASIC2, BSN, C1QL2, CACNG2, CACNG3, CACNG7, CPLX1, DLG2, DLG4, GRIPAP1, HOMER1, KIF3A, KIF5A, KIF5C, LHFPL4, NECTIN1, NPTX1, NRXN1, NRXN2, PRKCZ, SHANK1, SLITRK3, SNAP25, STX1B
GO:0007616	long-term memory	39	9	1.93	9.4e-5	0.006193153846153846	0.23076923076923078	ADCY1, ARC, BTBD9, CAMK2N1, CAMK4, PRKCZ, RASGRF1, SHANK1, SNAP25
GO:2000300	regulation of synaptic vesicle exocytosis	44	10	2.17	4.4e-5	0.003169850467289719	0.22727272727272727	CSPG5, GIT1, PRKCB, PRKCG, RAB3A, RIMS1, SEPTIN5, SYN1, SYP, SYT1
GO:0050433	regulation of catecholamine secretion	53	12	2.62	8.1e-6	7.34574705882353e-4	0.22641509433962265	CHGA, CHRNA4, HRH3, KCNA2, PINK1, PRKCB, SNCA, STX1A, SYT1, SYT11, SYT13, SYT5
GO:0010996	response to auditory stimulus	31	7	1.53	6.5e-4	0.03420153583617747	0.22580645161290322	ABHD12, CNTNAP2, KCNQ3, KIAA0319, NRXN1, NRXN2, SLC1A3
GO:1902003	regulation of amyloid-beta formation	36	8	1.78	3e-4	0.01751931818181818	0.2222222222222222	ABCA2, BIN1, LRRTM3, RTN1, RTN2, RTN3, RTN4, SORL1
GO:0007215	glutamate receptor signaling pathway	50	11	2.47	2.6e-5	0.002034730964467005	0.22	CDK5R1, GRIA2, GRID1, GRIK4, GRIN1, GRM3, GRM5, GRM8, HOMER1, NECAB2, SSTR1
GO:0006836	neurotransmitter transport	205	45	10.13	1.4e-17	6.7449375e-15	0.21951219512195122	BRSK1, CAMK2A, CPLX1, CPLX2, CPLX3, CSPG5, ERC2, GIT1, HRH3, ICA1, KCNMB4, NAPB, NRXN1, NRXN2, PARK7, PPFIA3, PRKCB, PRKCG, RAB3A, RIMS1, RPH3A, SEPTIN5, SLC17A7, SLC1A2, SLC1A3, SLC1A6, SLC32A1, SLC6A1, SLC6A12, SLC6A17, SNAP25, SNCA, STX1A, STX1B, SV2A, SYN1, SYN2, SYNGR3, SYP, SYT1, SYT11, SYT5, UNC13A, UNC13C, VAMP2
GO:0099173	postsynapse organization	194	42	9.59	2.9e-16	1.2083594594594594e-13	0.21649484536082475	ABHD17A, ARC, ARHGAP33, ARHGAP39, ARHGEF9, C1QL2, CAMK2B, CDK5R1, DLG4, DNM3, EPHB1, GLRB, GPHN, GRID1, HOMER1, IL1RAPL1, INA, ITPKA, KIF1A, LHFPL4, LRFN1, LRRC4, LRRC4B, LZTS1, LZTS3, NEFL, NGEF, NLGN3, NLGN4X, NPTX1, NRCAM, NRXN1, NRXN2, NTNG2, PTPRD, SHANK1, SHANK2, SHISA7, SLITRK3, SPTBN2, SRCIN1, ZNF365
GO:0099072	regulation of postsynaptic membrane neurotransmitter receptor levels	88	19	4.35	4.4e-8	6.22337614678899e-6	0.2159090909090909	ARC, C1QL2, CACNG2, CACNG3, CACNG7, CACNG8, CALY, CPLX1, DLG4, DNM3, GPHN, GRIPAP1, HPCA, LHFPL4, NPTX1, PRKCZ, SNAP25, SST, STX1B
GO:0014046	dopamine secretion	42	9	2.08	1.7e-4	0.01052566265060241	0.21428571428571427	CHRNA4, KCNA2, PINK1, PRKCB, SNCA, SYT1, SYT11, SYT13, SYT5
GO:0007416	synapse assembly	206	44	10.18	9.7e-17	4.272711428571428e-14	0.21359223300970873	ADD2, ADGRB1, ARHGEF9, ASIC2, BSN, C1QL2, CDH9, DNER, DNM3, EPHB1, GABRA2, GABRA3, GABRG1, GPM6A, ICAM5, IL1RAPL1, KIRREL3, LHFPL4, LRFN1, LRRC24, LRRC4, LRRC4B, LRRTM3, LRTM2, LZTS1, NECTIN1, NLGN3, NLGN4X, NPTX1, NRCAM, NRXN1, NRXN2, NTNG2, PCDH17, PTPRD, SEMA4D, SHANK2, SLITRK1, SLITRK2, SLITRK3, SLITRK4, SNAP25, SNCA, SPTBN2
GO:0051963	regulation of synapse assembly	113	24	5.59	1.1e-9	2.1198375e-7	0.21238938053097345	ADGRB1, ASIC2, EPHB1, ICAM5, IL1RAPL1, LHFPL4, LRFN1, LRRC24, LRRC4B, LRRTM3, LRTM2, LZTS1, NECTIN1, NLGN3, NRXN1, NTNG2, PTPRD, SEMA4D, SLITRK1, SLITRK2, SLITRK3, SLITRK4, SNAP25, SNCA
GO:0140029	exocytic process	82	17	4.05	4.2e-7	4.7964000000000004e-5	0.2073170731707317	CPLX1, CPLX2, CPLX3, ERC2, NAPB, PPFIA3, RAB3A, RPH3A, SEPTIN5, SNAP25, SNCA, STX1A, STX1B, SV2A, SYT1, UNC13A, UNC13C
GO:0050807	regulation of synapse organization	240	49	11.86	1.2e-17	5.967870967741935e-15	0.20416666666666666	ABHD17A, ADGRB1, ADGRL1, ARC, ARHGAP33, ASIC2, C1QL2, CAMK2B, CAMKV, CDK5R1, DCTN1, DNM3, EPHB1, FRMPD4, GPM6A, GRID1, GRIPAP1, HOMER1, ICAM5, IL1RAPL1, ITPKA, KIF1A, LHFPL4, LRFN1, LRRC24, LRRC4B, LRRTM3, LRTM2, LZTS1, LZTS3, NECTIN1, NEFL, NEURL1, NGEF, NLGN3, NRCAM, NRXN1, NTNG2, PCDH8, PTPRD, SEMA4D, SHANK2, SLITRK1, SLITRK2, SLITRK3, SLITRK4, SNAP25, SNCA, SRCIN1
GO:0060078	regulation of postsynaptic membrane potential	147	30	7.27	2.6e-11	6.793932203389831e-9	0.20408163265306123	CHRNA4, DLG4, GABRA2, GABRA3, GABRG1, GLRB, GRIA2, GRID1, GRIK4, GRIN1, GRM5, KCNA2, KCND2, MAPK8IP2, MPP2, NLGN3, NLGN4X, NRXN1, PRKAR1B, PRKCZ, RGS4, RGS7BP, RIMS1, SEZ6, SHANK1, SLC8A2, SNCA, STX1A, STX1B, ZACN
GO:0050432	catecholamine secretion	59	12	2.92	2.6e-5	0.002034730964467005	0.2033898305084746	CHGA, CHRNA4, HRH3, KCNA2, PINK1, PRKCB, SNCA, STX1A, SYT1, SYT11, SYT13, SYT5
GO:0050803	regulation of synapse structure or activity	246	50	12.16	6.8e-18	3.615020689655172e-15	0.2032520325203252	ABHD17A, ADGRB1, ADGRL1, ARC, ARHGAP33, ASIC2, C1QL2, CAMK2B, CAMKV, CDK5R1, DCTN1, DNM3, EPHB1, FRMPD4, GPM6A, GRID1, GRIPAP1, HOMER1, ICAM5, IL1RAPL1, ITPKA, KIF1A, LHFPL4, LRFN1, LRRC24, LRRC4B, LRRTM3, LRTM2, LZTS1, LZTS3, NECTIN1, NEFL, NEURL1, NGEF, NLGN3, NRCAM, NRXN1, NTNG2, PCDH8, PTPRD, SEMA4D, SHANK2, SLC17A7, SLITRK1, SLITRK2, SLITRK3, SLITRK4, SNAP25, SNCA, SRCIN1
GO:0051588	regulation of neurotransmitter transport	99	20	4.89	6.4e-8	8.731752212389382e-6	0.20202020202020202	CAMK2A, CPLX1, CPLX2, CPLX3, CSPG5, GIT1, KCNMB4, PRKCB, PRKCG, RAB3A, RIMS1, SEPTIN5, SNCA, STX1A, STX1B, SYN1, SYNGR3, SYP, SYT1, SYT11
GO:0001504	neurotransmitter uptake	45	9	2.22	3e-4	0.01751931818181818	0.2	PARK7, SLC1A2, SLC1A3, SLC1A6, SLC6A1, SLC6A12, SNAP25, SNCA, SYNGR3
GO:0099175	regulation of postsynapse organization	101	20	4.99	9.1e-8	1.2306552631578945e-5	0.19801980198019803	ABHD17A, ARC, ARHGAP33, CAMK2B, CDK5R1, DNM3, GRID1, HOMER1, IL1RAPL1, ITPKA, KIF1A, LRFN1, LRRC4B, LZTS1, LZTS3, NGEF, NRCAM, PTPRD, SHANK2, SRCIN1
GO:0048167	regulation of synaptic plasticity	198	39	9.79	9e-14	3.298520930232558e-11	0.19696969696969696	ADCY1, ADGRB1, ARC, BRSK1, CALB2, CAMK2A, CAMK2B, CPLX2, CX3CR1, DLG4, ERC2, GRIN1, GRM5, ITPKA, JPH3, JPH4, KCNQ3, LZTS1, MPP2, NEURL1, PPFIA3, PRKAR1B, PRKCG, PRKCZ, RAB3A, RASGRF1, RIMS1, SHANK2, SHISA7, SHISA8, SLC24A2, SLC8A2, SNAP25, SNCA, SORCS2, SYP, UNC13C, VAMP2, VGF
GO:0008089	anterograde axonal transport	51	10	2.52	1.7e-4	0.01052566265060241	0.19607843137254902	AGTPBP1, CALY, DLG2, FEZ1, KIF1A, KIF1B, KIF3A, KIF5A, KIF5C, NEFL
GO:0007019	microtubule depolymerization	46	9	2.27	3.6e-4	0.020255912408759125	0.1956521739130435	APC, APC2, ARHGEF2, CCSAP, CLASP2, MAP6D1, NAV3, STMN1, STMN4
GO:0014003	oligodendrocyte development	46	9	2.27	3.6e-4	0.020255912408759125	0.1956521739130435	ABCA2, FA2H, HDAC11, HES5, MAG, MYRF, PRDM8, TPPP, ZNF488
GO:0019226	transmission of nerve impulse	72	14	3.56	9.6e-6	8.457325714285714e-4	0.19444444444444445	ANK3, CACNA1I, CACNG2, CACNG3, CACNG7, CACNG8, CNTNAP2, FGF12, KCNA2, KCND2, KCNMB4, KCNQ3, MAG, NRCAM
GO:0050804	modulation of chemical synaptic transmission	474	92	23.43	1.6e-30	2.2424727272727273e-27	0.1940928270042194	ABR, ADCY1, ADGRB1, APBA2, ARC, BCHE, BRSK1, BTBD9, CACNG2, CACNG3, CACNG7, CACNG8, CALB2, CAMK2A, CAMK2B, CAMKV, CPLX1, CPLX2, CPLX3, CSPG5, CX3CR1, DGKZ, DLG4, DLGAP1, DLGAP3, EIF4E, EPHB1, ERC2, GIT1, GRIA2, GRID1, GRIK4, GRIN1, GRM3, GRM5, GRM8, HOMER1, INA, ITPKA, JPH3, JPH4, KCNMB4, KCNQ3, LRRC4, LZTS1, MAPK8IP2, MPP2, NEFL, NEURL1, NLGN3, NLGN4X, NRXN1, NTNG2, PCDH17, PCDH8, PHF24, PINK1, PLCL1, PPFIA3, PRKAR1B, PRKCB, PRKCG, PRKCZ, PTPRD, RAB3A, RASGRF1, RGS4, RIMS1, RTN4, SEPTIN5, SHANK1, SHANK2, SHISA7, SHISA8, SLC1A3, SLC24A2, SLC6A1, SLC7A10, SLC8A2, SNAP25, SNCA, SORCS2, STX1A, STX1B, SYN1, SYP, SYT1, SYT11, UNC13A, UNC13C, VAMP2, VGF
GO:0050808	synapse organization	490	95	24.22	1e-30	1.5417000000000001e-27	0.19387755102040816	ABHD17A, ADD2, ADGRB1, ADGRL1, ANK3, ARC, ARHGAP33, ARHGAP39, ARHGEF9, ASIC2, BSN, C1QL2, CACNG2, CAMK2B, CAMKV, CDH9, CDK5R1, CNTN2, CX3CR1, DCTN1, DLG4, DLGAP3, DNER, DNM3, EPHB1, ERC2, FRMPD4, GABRA2, GABRA3, GABRG1, GLRB, GPHN, GPM6A, GRID1, GRIPAP1, GRM5, HOMER1, ICAM5, IL1RAPL1, INA, ITPKA, KIF1A, KIRREL3, L1CAM, LHFPL4, LRFN1, LRRC24, LRRC4, LRRC4B, LRRTM3, LRTM2, LZTS1, LZTS3, NECTIN1, NEFL, NEURL1, NGEF, NLGN3, NLGN4X, NPTX1, NRCAM, NRXN1, NRXN2, NTNG2, PALM, PCDH17, PCDH8, PPFIA3, PTPRD, RAB39B, RAB3A, SEMA3E, SEMA4D, SEZ6, SEZ6L2, SHANK1, SHANK2, SHISA7, SLC6A1, SLC8A2, SLITRK1, SLITRK2, SLITRK3, SLITRK4, SNAP25, SNCA, SNCB, SPARCL1, SPTBN2, SRCIN1, SYN1, UNC13A, UNC13C, WNT7B, ZNF365
GO:0099177	regulation of trans-synaptic signaling	475	92	23.48	1.9e-30	2.441025e-27	0.1936842105263158	ABR, ADCY1, ADGRB1, APBA2, ARC, BCHE, BRSK1, BTBD9, CACNG2, CACNG3, CACNG7, CACNG8, CALB2, CAMK2A, CAMK2B, CAMKV, CPLX1, CPLX2, CPLX3, CSPG5, CX3CR1, DGKZ, DLG4, DLGAP1, DLGAP3, EIF4E, EPHB1, ERC2, GIT1, GRIA2, GRID1, GRIK4, GRIN1, GRM3, GRM5, GRM8, HOMER1, INA, ITPKA, JPH3, JPH4, KCNMB4, KCNQ3, LRRC4, LZTS1, MAPK8IP2, MPP2, NEFL, NEURL1, NLGN3, NLGN4X, NRXN1, NTNG2, PCDH17, PCDH8, PHF24, PINK1, PLCL1, PPFIA3, PRKAR1B, PRKCB, PRKCG, PRKCZ, PTPRD, RAB3A, RASGRF1, RGS4, RIMS1, RTN4, SEPTIN5, SHANK1, SHANK2, SHISA7, SHISA8, SLC1A3, SLC24A2, SLC6A1, SLC7A10, SLC8A2, SNAP25, SNCA, SORCS2, STX1A, STX1B, SYN1, SYP, SYT1, SYT11, UNC13A, UNC13C, VAMP2, VGF
GO:1902991	regulation of amyloid precursor protein catabolic process	42	8	2.08	9.1e-4	0.04614957236842105	0.19047619047619047	ABCA2, BIN1, LRRTM3, RTN1, RTN2, RTN3, RTN4, SORL1
GO:0051966	regulation of synaptic transmission, glutamatergic	79	15	3.9	6.3e-6	5.781375e-4	0.189873417721519	CACNG2, CACNG3, CACNG7, CACNG8, DGKZ, GRIN1, GRM3, GRM5, GRM8, HOMER1, MAPK8IP2, NLGN3, NRXN1, SYT1, UNC13A
GO:0097061	dendritic spine organization	79	15	3.9	6.3e-6	5.781375e-4	0.189873417721519	ARC, ARHGAP33, CAMK2B, CDK5R1, DLG4, DNM3, EPHB1, HOMER1, ITPKA, KIF1A, LZTS3, NGEF, SHANK1, SRCIN1, ZNF365
GO:0035249	synaptic transmission, glutamatergic	111	21	5.49	1e-7	1.3406086956521738e-5	0.1891891891891892	CACNG2, CACNG3, CACNG7, CACNG8, DGKZ, GRIA2, GRID1, GRIK4, GRIN1, GRM3, GRM5, GRM8, HOMER1, MAPK8IP2, NAPB, NLGN3, NRXN1, SLC17A7, SYT1, UNC13A, UNC13C
GO:0106027	neuron projection organization	90	17	4.45	1.7e-6	1.7356887417218543e-4	0.18888888888888888	ARC, ARHGAP33, ATP1A3, CAMK2B, CDK5R1, DCTN1, DLG4, DNM3, EPHB1, HOMER1, ITPKA, KIF1A, LZTS3, NGEF, SHANK1, SRCIN1, ZNF365
GO:0050806	positive regulation of synaptic transmission	159	30	7.86	2e-10	4.468695652173913e-8	0.18867924528301888	ADCY1, ARC, CACNG2, CACNG3, CACNG7, CACNG8, CALB2, CX3CR1, DLG4, GRIN1, MPP2, NLGN3, NRXN1, PINK1, PRKAR1B, PRKCG, PRKCZ, RIMS1, SHANK2, SHISA7, SLC1A3, SLC24A2, SLC7A10, SLC8A2, SNAP25, SNCA, STX1A, STX1B, SYT1, VAMP2
GO:0060079	excitatory postsynaptic potential	106	20	5.24	2.1e-7	2.6537459016393444e-5	0.18867924528301888	CHRNA4, DLG4, GLRB, GRIN1, MAPK8IP2, MPP2, NLGN3, NLGN4X, NRXN1, PRKAR1B, PRKCZ, RGS4, RIMS1, SEZ6, SHANK1, SLC8A2, SNCA, STX1A, STX1B, ZACN
GO:0007268	chemical synaptic transmission	738	137	36.48	1e-30	1.5417000000000001e-27	0.1856368563685637	ABR, ADCY1, ADGRB1, APBA2, ARC, ASIC2, BCHE, BRSK1, BSN, BTBD9, CACNA1E, CACNG2, CACNG3, CACNG7, CACNG8, CALB2, CAMK2A, CAMK2B, CAMKV, CHRNA4, CNP, CORT, CPLX1, CPLX2, CPLX3, CSPG5, CX3CR1, DGKZ, DLG2, DLG4, DLGAP1, DLGAP3, EGR3, EIF4E, EPHB1, ERC2, FGF12, GABBR2, GABRA2, GABRA3, GABRG1, GAD1, GIT1, GLRB, GRIA2, GRID1, GRIK4, GRIN1, GRM3, GRM5, GRM8, HCRTR1, HOMER1, HRH3, HTR2C, INA, ITPKA, JPH3, JPH4, KCND2, KCNIP2, KCNMB4, KCNN1, KCNQ2, KCNQ3, KIF1B, KIF5A, LRRC4, LZTS1, MAPK8IP2, MPP2, NAPB, NEFL, NEURL1, NLGN3, NLGN4X, NPTX1, NRXN1, NRXN2, NTNG2, PARK7, PCDH17, PCDH8, PDYN, PHF24, PINK1, PLCL1, PNOC, PPFIA3, PRKAR1B, PRKCB, PRKCG, PRKCZ, PTPRD, RAB3A, RASD2, RASGRF1, RGS4, RIMS1, RPH3A, RTN4, SEPTIN5, SEZ6, SHANK1, SHANK2, SHISA7, SHISA8, SLC12A5, SLC17A7, SLC1A2, SLC1A3, SLC1A6, SLC24A2, SLC32A1, SLC6A1, SLC7A10, SLC8A2, SLITRK3, SNAP25, SNCA, SNCB, SORCS2, SST, STX1A, STX1B, SV2A, SYN1, SYN2, SYP, SYT1, SYT11, SYT5, UNC13A, UNC13C, VAMP2, VGF, ZACN
GO:0098916	anterograde trans-synaptic signaling	738	137	36.48	1e-30	1.5417000000000001e-27	0.1856368563685637	ABR, ADCY1, ADGRB1, APBA2, ARC, ASIC2, BCHE, BRSK1, BSN, BTBD9, CACNA1E, CACNG2, CACNG3, CACNG7, CACNG8, CALB2, CAMK2A, CAMK2B, CAMKV, CHRNA4, CNP, CORT, CPLX1, CPLX2, CPLX3, CSPG5, CX3CR1, DGKZ, DLG2, DLG4, DLGAP1, DLGAP3, EGR3, EIF4E, EPHB1, ERC2, FGF12, GABBR2, GABRA2, GABRA3, GABRG1, GAD1, GIT1, GLRB, GRIA2, GRID1, GRIK4, GRIN1, GRM3, GRM5, GRM8, HCRTR1, HOMER1, HRH3, HTR2C, INA, ITPKA, JPH3, JPH4, KCND2, KCNIP2, KCNMB4, KCNN1, KCNQ2, KCNQ3, KIF1B, KIF5A, LRRC4, LZTS1, MAPK8IP2, MPP2, NAPB, NEFL, NEURL1, NLGN3, NLGN4X, NPTX1, NRXN1, NRXN2, NTNG2, PARK7, PCDH17, PCDH8, PDYN, PHF24, PINK1, PLCL1, PNOC, PPFIA3, PRKAR1B, PRKCB, PRKCG, PRKCZ, PTPRD, RAB3A, RASD2, RASGRF1, RGS4, RIMS1, RPH3A, RTN4, SEPTIN5, SEZ6, SHANK1, SHANK2, SHISA7, SHISA8, SLC12A5, SLC17A7, SLC1A2, SLC1A3, SLC1A6, SLC24A2, SLC32A1, SLC6A1, SLC7A10, SLC8A2, SLITRK3, SNAP25, SNCA, SNCB, SORCS2, SST, STX1A, STX1B, SV2A, SYN1, SYN2, SYP, SYT1, SYT11, SYT5, UNC13A, UNC13C, VAMP2, VGF, ZACN
GO:0099537	trans-synaptic signaling	744	138	36.77	1e-30	1.5417000000000001e-27	0.18548387096774194	ABR, ADCY1, ADGRB1, APBA2, ARC, ASIC2, BCHE, BRSK1, BSN, BTBD9, CACNA1E, CACNG2, CACNG3, CACNG7, CACNG8, CALB2, CAMK2A, CAMK2B, CAMKV, CHRNA4, CNP, CORT, CPLX1, CPLX2, CPLX3, CSPG5, CX3CR1, DGKZ, DLG2, DLG4, DLGAP1, DLGAP3, EGR3, EIF4E, EPHB1, ERC2, FGF12, GABBR2, GABRA2, GABRA3, GABRG1, GAD1, GIT1, GLRB, GRIA2, GRID1, GRIK4, GRIN1, GRM3, GRM5, GRM8, HCRTR1, HOMER1, HRH3, HTR2C, IL1RAPL1, INA, ITPKA, JPH3, JPH4, KCND2, KCNIP2, KCNMB4, KCNN1, KCNQ2, KCNQ3, KIF1B, KIF5A, LRRC4, LZTS1, MAPK8IP2, MPP2, NAPB, NEFL, NEURL1, NLGN3, NLGN4X, NPTX1, NRXN1, NRXN2, NTNG2, PARK7, PCDH17, PCDH8, PDYN, PHF24, PINK1, PLCL1, PNOC, PPFIA3, PRKAR1B, PRKCB, PRKCG, PRKCZ, PTPRD, RAB3A, RASD2, RASGRF1, RGS4, RIMS1, RPH3A, RTN4, SEPTIN5, SEZ6, SHANK1, SHANK2, SHISA7, SHISA8, SLC12A5, SLC17A7, SLC1A2, SLC1A3, SLC1A6, SLC24A2, SLC32A1, SLC6A1, SLC7A10, SLC8A2, SLITRK3, SNAP25, SNCA, SNCB, SORCS2, SST, STX1A, STX1B, SV2A, SYN1, SYN2, SYP, SYT1, SYT11, SYT5, UNC13A, UNC13C, VAMP2, VGF, ZACN
GO:0043113	receptor clustering	60	11	2.97	1.5e-4	0.009516666666666666	0.18333333333333332	DLG2, DLG4, GLRB, GPHN, GRIPAP1, LHFPL4, MADCAM1, NRXN1, NRXN2, SHISA7, SLITRK3
GO:0007612	learning	153	28	7.56	1.7e-9	3.1576987951807226e-7	0.1830065359477124	ARC, ATP8A1, B3GAT1, BCHE, BRSK1, CNTNAP2, DLG4, GIT1, GRIN1, GRM5, JPH3, JPH4, MAPK8IP2, NDRG4, NLGN3, NLGN4X, NRXN1, NRXN2, PAK6, PPP1R9B, SHANK1, SHANK2, SLC12A5, SLC24A2, SLC6A1, SLC8A2, SNAP25, SYT11
GO:0099536	synaptic signaling	769	140	38.01	1e-30	1.5417000000000001e-27	0.18205461638491546	ABR, ADCY1, ADGRB1, APBA2, ARC, ASIC2, BCHE, BRSK1, BSN, BTBD9, CACNA1E, CACNG2, CACNG3, CACNG7, CACNG8, CALB2, CAMK2A, CAMK2B, CAMKV, CDK5R1, CHRNA4, CNP, CORT, CPLX1, CPLX2, CPLX3, CSPG5, CX3CR1, DGKZ, DLG2, DLG4, DLGAP1, DLGAP3, EGR3, EIF4E, EPHB1, ERC2, FGF12, GABBR2, GABRA2, GABRA3, GABRG1, GAD1, GIT1, GLRB, GRIA2, GRID1, GRIK4, GRIN1, GRM3, GRM5, GRM8, HCRTR1, HOMER1, HRH3, HTR2C, IL1RAPL1, INA, ITPKA, JPH3, JPH4, KCND2, KCNIP2, KCNMB4, KCNN1, KCNQ2, KCNQ3, KIF1B, KIF5A, LRRC4, LY6H, LZTS1, MAPK8IP2, MPP2, NAPB, NEFL, NEURL1, NLGN3, NLGN4X, NPTX1, NRXN1, NRXN2, NTNG2, PARK7, PCDH17, PCDH8, PDYN, PHF24, PINK1, PLCL1, PNOC, PPFIA3, PRKAR1B, PRKCB, PRKCG, PRKCZ, PTPRD, RAB3A, RASD2, RASGRF1, RGS4, RIMS1, RPH3A, RTN4, SEPTIN5, SEZ6, SHANK1, SHANK2, SHISA7, SHISA8, SLC12A5, SLC17A7, SLC1A2, SLC1A3, SLC1A6, SLC24A2, SLC32A1, SLC6A1, SLC7A10, SLC8A2, SLITRK3, SNAP25, SNCA, SNCB, SORCS2, SST, STX1A, STX1B, SV2A, SYN1, SYN2, SYP, SYT1, SYT11, SYT5, UNC13A, UNC13C, VAMP2, VGF, ZACN
GO:0030534	adult behavior	143	26	7.07	7.3e-9	1.1602484536082474e-6	0.18181818181818182	ABHD12, AGTPBP1, BTBD9, CEND1, CHRNA4, CNP, CNTNAP2, CRHR1, FGF12, GLRB, HOMER1, LGI4, NLGN3, NLGN4X, NRXN1, NRXN2, PARK7, PCDH17, SEPTIN5, SEZ6, SHANK1, SHANK2, SLC1A2, SLITRK1, SNCA, SPTBN2
GO:1901379	regulation of potassium ion transmembrane transport	77	14	3.81	2.1e-5	0.0017039842105263157	0.18181818181818182	ACTN2, AKAP6, ANK3, BIN1, DPP10, DPP6, EDN3, KCNAB3, KCNC2, KCNIP2, KCNIP3, RGS4, VAMP2, YWHAE
GO:0048857	neural nucleus development	66	12	3.26	8.2e-5	0.005472701298701299	0.18181818181818182	CALM1, CDK5R1, CDK5R2, CKB, CNP, INA, KCNC2, KIRREL3, SIRT2, SYNGR3, TTBK1, YWHAE
GO:0060996	dendritic spine development	94	17	4.65	3.1e-6	2.968490683229814e-4	0.18085106382978725	ARC, ARHGAP33, CAMK2A, CAMK2B, CDK5R1, DLG4, DNM3, EPHB1, ITPKA, KIF1A, LZTS3, NEURL1, NGEF, SHANK1, SLC12A5, SRCIN1, ZNF365
GO:0048813	dendrite morphogenesis	139	25	6.87	1.8e-8	2.7206470588235296e-6	0.17985611510791366	ARC, ARHGAP33, BTBD3, CAMK2B, CDK5R1, CELSR2, DLG4, DNM3, DPYSL5, EPHB1, HECW2, IL1RAPL1, ITPKA, KIF1A, KNDC1, LZTS1, LZTS3, MAPK8IP2, NGEF, PTPRD, SEMA4D, SHANK1, SRCIN1, SULT4A1, ZNF365
GO:0031644	regulation of nervous system process	117	21	5.78	2.5e-7	3.0833999999999997e-05	0.1794871794871795	DLG4, DLGAP1, DLGAP3, FGF12, GRIN1, HTR2C, MAG, MYRF, NLGN3, NLGN4X, NRXN1, PRKAR1B, PRKCZ, RGS4, RIMS1, SHANK1, SLC8A2, STX1A, STX1B, TPPP, ZNF488
GO:0015872	dopamine transport	56	10	2.77	3.7e-4	0.020742872727272727	0.17857142857142858	CHRNA4, KCNA2, PARK7, PINK1, PRKCB, SNCA, SYT1, SYT11, SYT13, SYT5
GO:0051937	catecholamine transport	74	13	3.66	6.1e-5	0.004198379464285714	0.17567567567567569	CHGA, CHRNA4, HRH3, KCNA2, PARK7, PINK1, PRKCB, SNCA, STX1A, SYT1, SYT11, SYT13, SYT5
GO:0099565	chemical synaptic transmission, postsynaptic	114	20	5.63	7.1e-7	7.874870503597123e-5	0.17543859649122806	CHRNA4, DLG4, GLRB, GRIN1, MAPK8IP2, MPP2, NLGN3, NLGN4X, NRXN1, PRKAR1B, PRKCZ, RGS4, RIMS1, SEZ6, SHANK1, SLC8A2, SNCA, STX1A, STX1B, ZACN
GO:0016358	dendrite development	233	40	11.52	4.5e-12	1.308990566037736e-9	0.17167381974248927	ACTL6B, ARC, ARHGAP33, BTBD3, CAMK2A, CAMK2B, CDK5R1, CELSR2, CSMD3, DGKG, DLG4, DNM3, DPYSL5, EPHB1, FEZF2, FLRT1, GPR37, HECW2, IL1RAPL1, ITPKA, KIAA0319, KIF1A, KNDC1, LZTS1, LZTS3, MAPK8IP2, MFSD2A, NEURL1, NGEF, PACSIN1, PPP1R9B, PREX1, PTPRD, SEMA4D, SEZ6, SHANK1, SLC12A5, SRCIN1, SULT4A1, ZNF365
GO:0051952	regulation of amine transport	94	16	4.65	1.4e-5	0.0011730326086956523	0.1702127659574468	CHGA, CHRNA4, HRH3, KCNA2, PINK1, PRKCB, RGS4, SLC6A1, SLC7A5, SNCA, STX1A, SV2A, SYT1, SYT11, SYT13, SYT5
GO:0060291	long-term synaptic potentiation	90	15	4.45	3.2e-5	0.0024183529411764704	0.16666666666666666	ADCY1, ARC, CALB2, CX3CR1, MPP2, PRKAR1B, PRKCG, PRKCZ, SHANK2, SHISA7, SLC24A2, SLC8A2, SNAP25, SNCA, VAMP2
GO:0007193	adenylate cyclase-inhibiting G protein-coupled receptor signaling pathway	78	13	3.86	1.1e-4	0.0071555696202531644	0.16666666666666666	CORT, GABBR2, GNAZ, GPR37, GPR37L1, GRM3, GRM5, GRM8, HRH3, MCHR1, P2RY12, PALM, PTGDR2
GO:0016126	sterol biosynthetic process	60	10	2.97	6.6e-4	0.03460959183673469	0.16666666666666666	CYP51A1, DHCR24, DHCR7, FDFT1, HMGCS1, INSIG1, MVD, NSDHL, SQLE, TM7SF2
GO:0045055	regulated exocytosis	223	37	11.02	8e-11	1.897476923076923e-8	0.16591928251121077	CBARP, CDK5R2, CHGA, CORO1A, CPLX1, CPLX2, CPLX3, CSPG5, ERC2, GIT1, NAPB, PPFIA3, PRKCB, PRKCG, RAB26, RAB3A, RAPGEF4, RIMS1, RPH3A, SCAMP5, SEPTIN5, SNAP25, SNCA, STX1A, STX1B, SV2A, SYN1, SYN2, SYNGR3, SYP, SYT1, SYT11, SYT13, SYT5, UNC13A, UNC13C, VAMP2
GO:0017157	regulation of exocytosis	187	31	9.24	2.8e-9	4.85029213483146e-7	0.1657754010695187	CBARP, CDK5R2, CLASP2, CPLX1, CPLX2, CSPG5, GIT1, IL1RAPL1, LGI3, PRKCB, PRKCG, RAB26, RAB3A, RAPGEF4, RIMS1, RPH3A, SCAMP5, SEPTIN4, SEPTIN5, SMPD3, SNCA, STX1A, STXBP5L, SYN1, SYP, SYT1, SYT11, SYT13, SYT5, VAMP2, VSNL1
GO:0045665	negative regulation of neuron differentiation	73	12	3.61	2.2e-4	0.013197431906614786	0.1643835616438356	DISP3, EIF4E, FEZF2, FOXG1, GPR37L1, HES5, MAG, MEIS1, OLIG2, RAP1GAP, SOX8, ZNF536
GO:0050773	regulation of dendrite development	98	16	4.84	2.3e-5	0.001837259067357513	0.16326530612244897	CAMK2B, CSMD3, DGKG, DPYSL5, HECW2, IL1RAPL1, ITPKA, KIAA0319, KNDC1, LZTS1, MFSD2A, PACSIN1, PREX1, PTPRD, SEMA4D, SEZ6
GO:0030516	regulation of axon extension	92	15	4.55	4.2e-5	0.0030399718309859153	0.16304347826086957	CDH4, ISLR2, KIAA0319, L1CAM, MAG, NRCAM, OLFM1, RTN4, RUFY3, SEMA3E, SEMA4B, SEMA4D, SEMA6B, SEMA7A, SHTN1
GO:0048812	neuron projection morphogenesis	645	105	31.88	4.7e-28	4.830659999999999e-25	0.16279069767441862	ADCY1, ADGRB1, ANK3, ANOS1, APBB1, APLP1, ARC, ARHGAP33, BCL11B, BRSK1, BRSK2, BTBD3, CACNG7, CAMK2B, CCK, CDH4, CDK5R1, CDK5R2, CELSR2, CNP, CNTN2, CNTNAP2, CYFIP2, DLG4, DNM3, DPYSL5, DSCAML1, EDN3, EPHA10, EPHA5, EPHB1, EPHB6, FEZ1, FEZF2, FLRT1, FOXG1, GAS7, GPM6A, HECW2, IL1RAPL1, ISLR2, ITPKA, KIAA0319, KIF1A, KIF5A, KIF5C, KIRREL3, KNDC1, L1CAM, LRTM2, LZTS1, LZTS3, MAG, MAPK8IP2, MARK2, MFSD2A, NCAM1, NECTIN1, NEFL, NELL2, NFASC, NGEF, NLGN3, NOVA2, NPTX1, NRCAM, NRXN1, NTNG2, NYAP1, OLFM1, PACSIN1, PAK6, PLXNB3, PRDM8, PRKCQ, PRKCZ, PTPRD, RAB3A, RIMS1, RNF157, RTN4, RUFY3, SEMA3E, SEMA4B, SEMA4D, SEMA6B, SEMA7A, SHANK1, SHTN1, SLITRK1, SLITRK2, SLITRK3, SLITRK4, SNAP25, SRCIN1, STMN1, SULT4A1, SYT1, UGT8, UNC13A, UNC5A, UNC5B, WNT7B, XK, ZNF365
GO:0043266	regulation of potassium ion transport	93	15	4.6	4.8e-5	0.0034419348837209304	0.16129032258064516	ACTN2, AKAP6, ANK3, BIN1, DPP10, DPP6, EDN3, GCK, KCNAB3, KCNC2, KCNIP2, KCNIP3, RGS4, VAMP2, YWHAE
GO:0021766	hippocampus development	94	15	4.65	5.5e-5	0.003907534562211982	0.1595744680851064	ATAT1, CDK5R1, CDK5R2, EPHA5, FEZ1, FEZF2, KIRREL3, MFSD2A, NEFL, NEUROD6, PPP1R9B, SEMA6B, SLC32A1, UQCRQ, YWHAE
GO:0048858	cell projection morphogenesis	666	106	32.92	1.8e-27	1.7344125e-24	0.15915915915915915	ADCY1, ADGRB1, ANK3, ANOS1, APBB1, APLP1, ARC, ARHGAP33, BCL11B, BRSK1, BRSK2, BTBD3, CACNG7, CAMK2B, CCK, CDH4, CDK5R1, CDK5R2, CELSR2, CNP, CNTN2, CNTNAP2, CSPG5, CYFIP2, DLG4, DNM3, DPYSL5, DSCAML1, EDN3, EPHA10, EPHA5, EPHB1, EPHB6, FEZ1, FEZF2, FLRT1, FOXG1, GAS7, GPM6A, HECW2, IL1RAPL1, ISLR2, ITPKA, KIAA0319, KIF1A, KIF5A, KIF5C, KIRREL3, KNDC1, L1CAM, LRTM2, LZTS1, LZTS3, MAG, MAPK8IP2, MARK2, MFSD2A, NCAM1, NECTIN1, NEFL, NELL2, NFASC, NGEF, NLGN3, NOVA2, NPTX1, NRCAM, NRXN1, NTNG2, NYAP1, OLFM1, PACSIN1, PAK6, PLXNB3, PRDM8, PRKCQ, PRKCZ, PTPRD, RAB3A, RIMS1, RNF157, RTN4, RUFY3, SEMA3E, SEMA4B, SEMA4D, SEMA6B, SEMA7A, SHANK1, SHTN1, SLITRK1, SLITRK2, SLITRK3, SLITRK4, SNAP25, SRCIN1, STMN1, SULT4A1, SYT1, UGT8, UNC13A, UNC5A, UNC5B, WNT7B, XK, ZNF365
GO:1901890	positive regulation of cell junction assembly	107	17	5.29	1.9e-5	0.0015581010638297873	0.1588785046728972	ADGRB1, ASIC2, CNTNAP2, EPHB1, IL1RAPL1, LRRC24, LRRC4B, LRRTM3, LRTM2, NLGN3, NRXN1, PTPRD, SEMA4D, SLITRK1, SLITRK2, SLITRK3, SLITRK4
GO:0120039	plasma membrane bounded cell projection morphogenesis	661	105	32.67	3.8e-27	3.4461529411764705e-24	0.1588502269288956	ADCY1, ADGRB1, ANK3, ANOS1, APBB1, APLP1, ARC, ARHGAP33, BCL11B, BRSK1, BRSK2, BTBD3, CACNG7, CAMK2B, CCK, CDH4, CDK5R1, CDK5R2, CELSR2, CNP, CNTN2, CNTNAP2, CYFIP2, DLG4, DNM3, DPYSL5, DSCAML1, EDN3, EPHA10, EPHA5, EPHB1, EPHB6, FEZ1, FEZF2, FLRT1, FOXG1, GAS7, GPM6A, HECW2, IL1RAPL1, ISLR2, ITPKA, KIAA0319, KIF1A, KIF5A, KIF5C, KIRREL3, KNDC1, L1CAM, LRTM2, LZTS1, LZTS3, MAG, MAPK8IP2, MARK2, MFSD2A, NCAM1, NECTIN1, NEFL, NELL2, NFASC, NGEF, NLGN3, NOVA2, NPTX1, NRCAM, NRXN1, NTNG2, NYAP1, OLFM1, PACSIN1, PAK6, PLXNB3, PRDM8, PRKCQ, PRKCZ, PTPRD, RAB3A, RIMS1, RNF157, RTN4, RUFY3, SEMA3E, SEMA4B, SEMA4D, SEMA6B, SEMA7A, SHANK1, SHTN1, SLITRK1, SLITRK2, SLITRK3, SLITRK4, SNAP25, SRCIN1, STMN1, SULT4A1, SYT1, UGT8, UNC13A, UNC5A, UNC5B, WNT7B, XK, ZNF365
GO:0007411	axon guidance	233	37	11.52	2.9e-10	6.209625e-8	0.15879828326180256	ANOS1, BCL11B, CDH4, CDK5R1, CDK5R2, CNTN2, CYFIP2, DPYSL5, DSCAML1, EDN3, EPHA10, EPHA5, EPHB1, EPHB6, FEZ1, FEZF2, FOXG1, KIF5A, KIF5C, L1CAM, LRTM2, NCAM1, NECTIN1, NELL2, NFASC, NOVA2, NRCAM, NRXN1, PRKCQ, SEMA3E, SEMA4B, SEMA4D, SEMA6B, SEMA7A, UNC5A, UNC5B, WNT7B
GO:0097485	neuron projection guidance	233	37	11.52	2.9e-10	6.209625e-8	0.15879828326180256	ANOS1, BCL11B, CDH4, CDK5R1, CDK5R2, CNTN2, CYFIP2, DPYSL5, DSCAML1, EDN3, EPHA10, EPHA5, EPHB1, EPHB6, FEZ1, FEZF2, FOXG1, KIF5A, KIF5C, L1CAM, LRTM2, NCAM1, NECTIN1, NELL2, NFASC, NOVA2, NRCAM, NRXN1, PRKCQ, SEMA3E, SEMA4B, SEMA4D, SEMA6B, SEMA7A, UNC5A, UNC5B, WNT7B
GO:0021885	forebrain cell migration	63	10	3.11	9.7e-4	0.04903111475409837	0.15873015873015872	ADGRG1, CDK5R1, CDK5R2, FEZF2, FOXG1, P2RY12, PEX5, POU3F3, RTN4, TYRO3
GO:0071805	potassium ion transmembrane transport	208	33	10.28	2.7e-9	4.730215909090909e-7	0.15865384615384615	ACTN2, AKAP6, ANK3, ATP1A3, BIN1, DPP10, DPP6, EDN3, HCN2, KCNA2, KCNAB3, KCNB2, KCNC2, KCND2, KCNF1, KCNH3, KCNIP2, KCNIP3, KCNJ3, KCNJ9, KCNK10, KCNMB4, KCNN1, KCNQ2, KCNQ3, RGS4, SLC12A5, SLC17A7, SLC1A3, SLC24A2, SNAP25, VAMP2, YWHAE
GO:0048667	cell morphogenesis involved in neuron differentiation	580	91	28.67	3.4e-23	2.3826272727272727e-20	0.15689655172413794	ADCY1, ADGRB1, ANK3, ANOS1, APBB1, APLP1, ARC, ARHGAP33, BCL11B, BRSK1, BRSK2, BTBD3, CAMK2B, CCK, CDH4, CDK5R1, CDK5R2, CELSR2, CNP, CNTN2, CYFIP2, DLG4, DNM3, DPYSL5, DSCAML1, EDN3, EPHA10, EPHA5, EPHB1, EPHB6, FEZ1, FEZF2, FOXG1, HECW2, IL1RAPL1, ISLR2, ITPKA, KIAA0319, KIF1A, KIF5A, KIF5C, KNDC1, L1CAM, LRTM2, LZTS1, LZTS3, MAG, MAPK8IP2, MARK2, MFSD2A, NCAM1, NECTIN1, NEFL, NELL2, NFASC, NGEF, NLGN3, NOVA2, NPTX1, NRCAM, NRXN1, NTNG2, OLFM1, PLXNB3, PRDM8, PRKCQ, PTPRD, RAB3A, RTN4, RUFY3, SEMA3E, SEMA4B, SEMA4D, SEMA6B, SEMA7A, SHANK1, SHTN1, SLC1A3, SLITRK1, SLITRK2, SLITRK3, SLITRK4, SNAP25, SRCIN1, STMN1, SULT4A1, UNC5A, UNC5B, WNT7B, XK, ZNF365
GO:0031110	regulation of microtubule polymerization or depolymerization	96	15	4.75	7e-5	0.004775176991150443	0.15625	APC, APC2, ARHGEF2, CDK5R1, CLASP2, DCTN1, EML2, GIT1, MAP6D1, NAV3, PSRC1, SNCA, STMN1, STMN4, TUBB4A
GO:0007156	homophilic cell adhesion via plasma membrane adhesion molecules	168	26	8.3	2.2e-7	2.7575121951219515e-5	0.15476190476190477	CADM1, CDH13, CDH22, CDH4, CDH9, CELSR2, CNTN2, DSCAML1, KIRREL3, L1CAM, NECTIN1, PCDH1, PCDH10, PCDH11X, PCDH17, PCDH8, PCDHA1, PCDHA13, PCDHA2, PCDHA5, PCDHA6, PCDHA7, PCDHA9, PCDHB15, PCDHB8, PLXNB3
GO:0015837	amine transport	105	16	5.19	5.6e-5	0.0039422465753424655	0.1523809523809524	CHGA, CHRNA4, HRH3, KCNA2, PINK1, PRKCB, RGS4, SLC6A1, SLC7A5, SNCA, STX1A, SV2A, SYT1, SYT11, SYT13, SYT5
GO:0048709	oligodendrocyte differentiation	105	16	5.19	5.6e-5	0.0039422465753424655	0.1523809523809524	ABCA2, CNP, FA2H, GPR17, HDAC11, HES5, MAG, MYRF, OLIG2, OPALIN, PRDM8, SLC45A3, SOX8, TPPP, ZNF365, ZNF488
GO:0042982	amyloid precursor protein metabolic process	73	11	3.61	8.7e-4	0.0444132119205298	0.1506849315068493	ABCA2, BIN1, DHCR24, KLK6, LRRTM3, NECAB2, RTN1, RTN2, RTN3, RTN4, SORL1
GO:0008344	adult locomotory behavior	80	12	3.95	5.3e-4	0.028771161971830984	0.15	ABHD12, AGTPBP1, BTBD9, CEND1, CNP, FGF12, GLRB, LGI4, PARK7, SEZ6, SHANK2, SNCA
GO:0007409	axonogenesis	454	68	22.44	1.8e-16	7.7085e-14	0.14977973568281938	ADCY1, ADGRB1, ANK3, ANOS1, APBB1, APLP1, BCL11B, BRSK1, BRSK2, CCK, CDH4, CDK5R1, CDK5R2, CNP, CNTN2, CYFIP2, DPYSL5, DSCAML1, EDN3, EPHA10, EPHA5, EPHB1, EPHB6, FEZ1, FEZF2, FOXG1, ISLR2, KIAA0319, KIF5A, KIF5C, L1CAM, LRTM2, MAG, MARK2, NCAM1, NECTIN1, NEFL, NELL2, NFASC, NLGN3, NOVA2, NPTX1, NRCAM, NRXN1, NTNG2, OLFM1, PLXNB3, PRDM8, PRKCQ, RAB3A, RTN4, RUFY3, SEMA3E, SEMA4B, SEMA4D, SEMA6B, SEMA7A, SHTN1, SLITRK1, SLITRK2, SLITRK3, SLITRK4, SNAP25, STMN1, UNC5A, UNC5B, WNT7B, XK
GO:0015844	monoamine transport	87	13	4.3	3.3e-4	0.018843	0.14942528735632185	CHGA, CHRNA4, HRH3, KCNA2, PARK7, PINK1, PRKCB, SNCA, STX1A, SYT1, SYT11, SYT13, SYT5
GO:0001764	neuron migration	183	27	9.05	3.4e-7	4.063395348837209e-5	0.14754098360655737	ACAP3, ADGRG1, ARHGEF2, ASTN1, CAMK2A, CAMK2B, CCK, CDK5R1, CDK5R2, CELSR2, DCX, DNER, FEZF2, FOXG1, GPM6A, KIAA0319, KIRREL3, MARK2, NRCAM, NTNG2, PEX5, SCRT1, SEMA3E, SEPTIN4, SHTN1, TYRO3, YWHAE
GO:1990138	neuron projection extension	177	26	8.75	6.2e-7	6.926478260869566e-5	0.14689265536723164	CACNG7, CDH4, CYFIP2, EDN3, FLRT1, ISLR2, KIAA0319, L1CAM, MAG, NLGN3, NRCAM, OLFM1, PAK6, PRKCZ, RIMS1, RNF157, RTN4, RUFY3, SEMA3E, SEMA4B, SEMA4D, SEMA6B, SEMA7A, SHTN1, SYT1, UNC13A
GO:0006813	potassium ion transport	232	34	11.47	1.3e-8	2.0244545454545454e-6	0.14655172413793102	ACTN2, AKAP6, ANK3, ATP1A3, BIN1, DPP10, DPP6, EDN3, GCK, HCN2, KCNA2, KCNAB3, KCNB2, KCNC2, KCND2, KCNF1, KCNH3, KCNIP2, KCNIP3, KCNJ3, KCNJ9, KCNK10, KCNMB4, KCNN1, KCNQ2, KCNQ3, RGS4, SLC12A5, SLC17A7, SLC1A3, SLC24A2, SNAP25, VAMP2, YWHAE
GO:0051261	protein depolymerization	117	17	5.78	6.1e-5	0.004198379464285714	0.1452991452991453	ACTN2, ADD2, APC, APC2, ARHGEF2, CCSAP, CLASP2, DMTN, DNAJC6, MAP6D1, NAV3, PDXP, PPP1R9B, SH3GL3, SPTBN2, STMN1, STMN4
GO:1903305	regulation of regulated secretory pathway	124	18	6.13	3.8e-5	0.0028301739130434786	0.14516129032258066	CBARP, CDK5R2, CSPG5, GIT1, PRKCB, PRKCG, RAB3A, RIMS1, RPH3A, SCAMP5, SEPTIN5, STX1A, SYN1, SYP, SYT1, SYT11, SYT13, SYT5
GO:0007626	locomotory behavior	200	29	9.89	1.9e-7	2.4615378151260502e-5	0.145	ABCA2, ABHD12, AGTPBP1, APBA2, ASTN1, BTBD9, CEND1, CNP, DLG4, FEZF2, FGF12, GAD1, GIT1, GLRB, GNG7, GPR37, GRM5, HTR2C, KCND2, LGI4, MEIS1, PAK6, PARK7, RASD2, SEZ6, SHANK2, SNAP25, SNCA, USP2
GO:0034330	cell junction organization	759	110	37.52	5.3e-25	3.8909571428571423e-22	0.14492753623188406	ABHD17A, ACTN2, ADD2, ADGRB1, ADGRL1, AJM1, ANK3, APC, ARC, ARHGAP33, ARHGAP39, ARHGEF9, ASIC2, BSN, C1QL2, CACNG2, CAMK2B, CAMKV, CDH13, CDH22, CDH4, CDH9, CDK5R1, CLASP2, CNTN2, CNTNAP2, CORO2B, CX3CR1, DCTN1, DLG4, DLGAP3, DMTN, DNER, DNM3, EPHB1, ERC2, FRMPD2, FRMPD4, GABRA2, GABRA3, GABRG1, GJB1, GLRB, GPHN, GPM6A, GRID1, GRIPAP1, GRM5, HOMER1, ICAM5, IL1RAPL1, INA, ITPKA, KIF1A, KIRREL3, L1CAM, LHFPL4, LRFN1, LRRC24, LRRC4, LRRC4B, LRRTM3, LRTM2, LZTS1, LZTS3, NECTIN1, NEFL, NEURL1, NGEF, NLGN3, NLGN4X, NPTX1, NRCAM, NRXN1, NRXN2, NTNG2, PALM, PARD6A, PCDH17, PCDH8, PPFIA3, PTPRD, PTPRK, RAB39B, RAB3A, SEMA3E, SEMA4D, SEZ6, SEZ6L2, SHANK1, SHANK2, SHISA7, SLC6A1, SLC8A2, SLITRK1, SLITRK2, SLITRK3, SLITRK4, SNAP25, SNCA, SNCB, SPARCL1, SPTBN2, SRCIN1, SYN1, UGT8, UNC13A, UNC13C, WNT7B, ZNF365
GO:0007611	learning or memory	276	40	13.64	9.2e-10	1.8911520000000002e-7	0.14492753623188406	ADCY1, ARC, ATP8A1, B3GAT1, BCHE, BRSK1, BTBD9, CAMK2N1, CAMK4, CNTNAP2, CX3CR1, DLG4, GIT1, GRIN1, GRM5, JPH3, JPH4, KCNK10, MAPK8IP2, NDRG4, NLGN3, NLGN4X, NRXN1, NRXN2, PAK6, PPP1R9B, PRKAR1B, PRKCG, PRKCZ, RASGRF1, SHANK1, SHANK2, SHISA7, SLC12A5, SLC24A2, SLC6A1, SLC8A2, SNAP25, SYT11, TTBK1
GO:0061564	axon development	518	75	25.6	3.2e-17	1.4510117647058826e-14	0.14478764478764478	ADCY1, ADGRB1, ANK3, ANOS1, APBB1, APLP1, BCL11B, BHLHA15, BRSK1, BRSK2, CCK, CDH4, CDK5R1, CDK5R2, CNP, CNTN2, CSPG5, CYFIP2, DPYSL5, DSCAML1, EDN3, EPHA10, EPHA5, EPHB1, EPHB6, FEZ1, FEZF2, FIGNL2, FOXG1, ISLR2, KIAA0319, KIF5A, KIF5C, L1CAM, LRTM2, MAG, MARK2, NCAM1, NCAM2, NECTIN1, NEFL, NELL2, NEUROD6, NFASC, NLGN3, NOVA2, NPTX1, NRCAM, NRXN1, NTNG2, OLFM1, OLIG2, PLXNB3, PRDM8, PRKCQ, RAB3A, RTN4, RTN4RL2, RUFY3, SEMA3E, SEMA4B, SEMA4D, SEMA6B, SEMA7A, SHTN1, SLITRK1, SLITRK2, SLITRK3, SLITRK4, SNAP25, STMN1, UNC5A, UNC5B, WNT7B, XK
GO:0007422	peripheral nervous system development	90	13	4.45	4.6e-4	0.025148297872340426	0.14444444444444443	ADGRB1, ADGRB2, ASIC2, EGR3, ERBB3, FA2H, HAPLN2, LGI4, NFASC, SERPINI1, SIRT2, SOX8, UGT8
GO:0010469	regulation of signaling receptor activity	104	15	5.14	1.8e-4	0.010968616600790515	0.14423076923076922	CACNG2, CACNG3, CACNG7, CACNG8, CNIH2, DLG4, DLGAP1, DLGAP3, FBXW7, MAPK8IP2, NLGN3, PARK7, SHANK1, SHISA7, SHISA8
GO:0007613	memory	125	18	6.18	4.2e-5	0.0030399718309859153	0.144	ADCY1, ARC, BTBD9, CAMK2N1, CAMK4, CX3CR1, JPH3, KCNK10, PAK6, PRKCZ, RASGRF1, SHANK1, SHISA7, SLC24A2, SLC6A1, SLC8A2, SNAP25, SYT11
GO:0032989	cellular anatomical entity morphogenesis	781	112	38.6	4.6e-25	3.54591e-22	0.14340588988476313	ABCA2, ACTN2, ADCY1, ADGRB1, ANK3, ANOS1, APBB1, APLP1, ARC, ARHGAP33, BCL11B, BRSK1, BRSK2, BTBD3, CACNG7, CAMK2B, CCK, CDH4, CDK5R1, CDK5R2, CELSR2, CLASP2, CNP, CNTN2, CNTNAP2, CSPG5, CYFIP2, DLG4, DNM3, DPYSL5, DSCAML1, EDN3, EPHA10, EPHA5, EPHB1, EPHB6, FEZ1, FEZF2, FLRT1, FOXG1, GAS7, GPM6A, HECW2, IL1RAPL1, ISLR2, ITPKA, KIAA0319, KIF1A, KIF5A, KIF5C, KIRREL3, KNDC1, L1CAM, LRTM2, LZTS1, LZTS3, MAG, MAPK8IP2, MARK2, MFSD2A, MYOM2, NCAM1, NECTIN1, NEFL, NELL2, NFASC, NGEF, NLGN3, NOVA2, NPTX1, NRCAM, NRXN1, NTNG2, NYAP1, OLFM1, PACSIN1, PAK6, PLXNB3, PRDM8, PRKCQ, PRKCZ, PTPRD, RAB3A, RIMS1, RNF157, RTN4, RUFY3, SEMA3E, SEMA4B, SEMA4D, SEMA6B, SEMA7A, SHANK1, SHTN1, SLITRK1, SLITRK2, SLITRK3, SLITRK4, SNAP25, SRCIN1, STMN1, SULT4A1, SYT1, TNNT1, TPPP, UGT8, UNC13A, UNC5A, UNC5B, WNT7B, XK, ZNF365
GO:0048675	axon extension	119	17	5.88	7.6e-5	0.005139	0.14285714285714285	CDH4, EDN3, ISLR2, KIAA0319, L1CAM, MAG, NLGN3, NRCAM, OLFM1, RTN4, RUFY3, SEMA3E, SEMA4B, SEMA4D, SEMA6B, SEMA7A, SHTN1
GO:0051962	positive regulation of nervous system development	289	41	14.28	1.1e-9	2.1198375e-7	0.14186851211072665	ADGRB1, ASIC2, BIN1, CAMK2B, CDH4, CX3CR1, EPHB1, FOXG1, GRM5, HAPLN2, IL1RAPL1, ISLR2, ITPKA, L1CAM, LRRC24, LRRC4B, LRRTM3, LRTM2, MAG, MYRF, NCAN, NEFL, NEURL1, NLGN3, NRXN1, OLIG2, PLXNB3, PTPRD, RUFY3, SEMA4D, SEMA7A, SHTN1, SLC7A5, SLITRK1, SLITRK2, SLITRK3, SLITRK4, SOX8, TTBK1, ZNF365, ZNF488
GO:0050890	cognition	319	45	15.77	2e-10	4.468695652173913e-8	0.14106583072100312	ADCY1, ARC, ATP8A1, B3GAT1, BCHE, BRSK1, BTBD9, CAMK2N1, CAMK4, CHRNA4, CNTNAP2, CX3CR1, DLG4, GIT1, GRIN1, GRM5, HRH3, JAKMIP1, JPH3, JPH4, KCNK10, MAPK8IP2, MFSD2A, MGAT3, NDRG4, NLGN3, NLGN4X, NRXN1, NRXN2, PAK6, PPP1R9B, PRKAR1B, PRKCG, PRKCZ, RASGRF1, SHANK1, SHANK2, SHISA7, SLC12A5, SLC24A2, SLC6A1, SLC8A2, SNAP25, SYT11, TTBK1
GO:0098742	cell-cell adhesion via plasma-membrane adhesion molecules	278	39	13.74	3.8e-9	6.437868131868132e-7	0.14028776978417265	ADGRL1, CADM1, CDH13, CDH22, CDH4, CDH9, CELSR2, CNTN2, CRB1, CRB2, DSCAML1, IL1RAPL1, KIRREL3, L1CAM, LRRC4, LRRC4B, MAG, NECTIN1, NTNG2, PCDH1, PCDH10, PCDH11X, PCDH17, PCDH8, PCDHA1, PCDHA13, PCDHA2, PCDHA5, PCDHA6, PCDHA7, PCDHA9, PCDHB15, PCDHB8, PLXNB3, PTPRD, SLITRK1, SLITRK2, SLITRK3, SPARCL1
GO:0006887	exocytosis	346	48	17.1	8.9e-11	2.078959090909091e-8	0.13872832369942195	BRSK2, CBARP, CDK5R2, CHGA, CLASP2, CORO1A, CPLX1, CPLX2, CPLX3, CSPG5, ERC2, GIT1, IL1RAPL1, KCNQ3, LGI3, NAPB, PPFIA3, PRKCB, PRKCG, RAB26, RAB3A, RAPGEF4, RIMS1, RPH3A, SCAMP5, SCRN1, SEPTIN4, SEPTIN5, SMPD3, SNAP25, SNCA, SRCIN1, STX1A, STX1B, STXBP5L, SV2A, SYN1, SYN2, SYNGR3, SYP, SYT1, SYT11, SYT13, SYT5, UNC13A, UNC13C, VAMP2, VSNL1
GO:0061387	regulation of extent of cell growth	109	15	5.39	3e-4	0.01751931818181818	0.13761467889908258	CDH4, ISLR2, KIAA0319, L1CAM, MAG, NRCAM, OLFM1, RTN4, RUFY3, SEMA3E, SEMA4B, SEMA4D, SEMA6B, SEMA7A, SHTN1
GO:0031175	neuron projection development	998	136	49.33	3.2e-28	3.523885714285714e-25	0.13627254509018036	ACAP3, ACTL6B, ADCY1, ADGRB1, ANK3, ANOS1, APBB1, APLP1, ARC, ARHGAP33, ATCAY, BCL11B, BHLHA15, BRSK1, BRSK2, BTBD3, CACNG7, CAMK2A, CAMK2B, CCK, CDH4, CDK5R1, CDK5R2, CELSR2, CNP, CNTN2, CNTNAP2, CSMD3, CSPG5, CYFIP2, DGKG, DLG4, DNM3, DPYSL5, DSCAML1, EDN3, EPHA10, EPHA5, EPHB1, EPHB6, FEZ1, FEZF2, FIGNL2, FLRT1, FOXG1, GAS7, GPM6A, GPR37, GPRIN1, HECW2, HES5, IL1RAPL1, ISLR2, ITPKA, KIAA0319, KIF1A, KIF5A, KIF5C, KIRREL3, KLK6, KNDC1, L1CAM, LRTM2, LZTS1, LZTS3, MAG, MAPK8IP2, MARK2, MFSD2A, NCAM1, NCAM2, NCS1, NDRG4, NECTIN1, NEFL, NELL2, NEURL1, NEUROD6, NFASC, NGEF, NLGN3, NOVA2, NPTX1, NRCAM, NRXN1, NTNG2, NYAP1, OLFM1, OLIG2, OMG, PACSIN1, PAK6, PLXNB3, PPP1R9B, PPP2R5B, PRDM8, PREX1, PRKCQ, PRKCZ, PSD, PTPRD, RAB3A, RASGRF1, RIMS1, RNF157, RTN4, RTN4RL2, RUFY3, SEMA3E, SEMA4B, SEMA4D, SEMA6B, SEMA7A, SERPINI1, SEZ6, SHANK1, SHTN1, SLC12A5, SLITRK1, SLITRK2, SLITRK3, SLITRK4, SNAP25, SRCIN1, STMN1, STMN4, STX1B, SULT4A1, SYT1, UGT8, UNC13A, UNC5A, UNC5B, WNT7B, XK, ZNF365
GO:0021761	limbic system development	125	17	6.18	1.4e-4	0.00891892561983471	0.136	ATAT1, CDK5R1, CDK5R2, CNTNAP2, EPHA5, FEZ1, FEZF2, KIRREL3, MFSD2A, NEFL, NEUROD6, PPP1R9B, SEMA3E, SEMA6B, SLC32A1, UQCRQ, YWHAE
GO:0042391	regulation of membrane potential	436	58	21.55	5.4e-12	1.5417e-9	0.13302752293577982	ACTN2, AKAP6, ANK3, ASIC2, ATP1A3, BIN1, CACNA1I, CACNG2, CALM1, CHRNA4, CNGB1, DLG4, EHD3, FGF12, GABRA2, GABRA3, GABRG1, GLRB, GRIA2, GRID1, GRIK4, GRIN1, GRM5, HCN2, KCNA2, KCNC2, KCND2, KCNH3, KCNIP2, KCNJ3, KCNJ9, KCNK10, KCNMB4, KCNQ3, MAPK8IP2, MPP2, NLGN3, NLGN4X, NRCAM, NRXN1, NTSR2, PARK7, PINK1, POPDC3, PRKAR1B, PRKCZ, RGS4, RGS7BP, RIMS1, SEZ6, SHANK1, SLC1A6, SLC8A2, SNCA, STX1A, STX1B, YWHAE, ZACN
GO:0032412	regulation of monoatomic ion transmembrane transporter activity	204	27	10.08	3e-6	2.8906875e-4	0.1323529411764706	ACTN2, AKAP6, ANK3, CACNG2, CACNG3, CACNG7, CACNG8, CALM1, CBARP, CNIH2, CRHR1, DLG4, FGF12, GRM5, HECW2, HOMER1, HPCA, JPH3, JPH4, KCNIP2, MAPK8IP2, NLGN3, SHANK1, SHISA7, SHISA8, VAMP2, YWHAE
GO:0022898	regulation of transmembrane transporter activity	212	28	10.48	2.1e-6	2.1023181818181815e-4	0.1320754716981132	ACTN2, AKAP6, ANK3, CACNG2, CACNG3, CACNG7, CACNG8, CALM1, CBARP, CNIH2, CRHR1, DLG4, FGF12, GRM5, HECW2, HOMER1, HPCA, JPH3, JPH4, KCNIP2, MAPK8IP2, NLGN3, SHANK1, SHISA7, SHISA8, SNCA, VAMP2, YWHAE
GO:0048666	neuron development	1144	151	56.55	7.1e-30	8.420053846153847e-27	0.131993006993007	ACAP3, ACTL6B, ADCY1, ADGRB1, AGTPBP1, ANK3, ANOS1, APBB1, APLP1, ARC, ARHGAP33, ATAT1, ATCAY, BCL11B, BHLHA15, BRSK1, BRSK2, BTBD3, CACNG7, CAMK2A, CAMK2B, CCK, CDH4, CDK5R1, CDK5R2, CELSR2, CNGB1, CNP, CNTN2, CNTNAP2, CRB1, CRB2, CSMD3, CSPG5, CYFIP2, DGKG, DLG4, DNM3, DPYSL5, DSCAML1, EDN3, EPHA10, EPHA5, EPHB1, EPHB6, FEZ1, FEZF2, FIGNL2, FLRT1, FOXG1, GAS7, GIT1, GPM6A, GPR37, GPRIN1, HECW2, HES5, IL1RAPL1, INSM1, ISLR2, ITPKA, KCNIP2, KCNQ3, KIAA0319, KIF1A, KIF5A, KIF5C, KIRREL3, KLK6, KNDC1, L1CAM, LGI4, LRTM2, LZTS1, LZTS3, MAG, MAPK8IP2, MARK2, MFSD2A, NCAM1, NCAM2, NCS1, NDRG4, NECTIN1, NEFL, NELL2, NEURL1, NEUROD6, NFASC, NGEF, NLGN3, NOVA2, NPTX1, NRCAM, NRXN1, NTM, NTNG2, NYAP1, OLFM1, OLIG2, OMG, OPCML, PACSIN1, PAK6, PLXNB3, PPP1R9B, PPP2R5B, PRDM8, PREX1, PRKCQ, PRKCZ, PSD, PTPRD, RAB3A, RASGRF1, RIMS1, RNF157, RTN4, RTN4RL2, RUFY3, SEMA3E, SEMA4B, SEMA4D, SEMA6B, SEMA7A, SERPINI1, SEZ6, SHANK1, SHTN1, SLC12A5, SLC1A3, SLITRK1, SLITRK2, SLITRK3, SLITRK4, SNAP25, SRCIN1, STMN1, STMN4, STX1B, SULT4A1, SYN1, SYT1, UGT8, UNC13A, UNC5A, UNC5B, UQCRQ, WNT7B, XK, ZNF365
GO:0070507	regulation of microtubule cytoskeleton organization	160	21	7.91	4.2e-5	0.0030399718309859153	0.13125	APC, APC2, ARHGEF2, ATAT1, CCSAP, CDK5R1, CLASP2, DCTN1, EML2, FSD1, GIT1, MAP6D1, MARK2, NAV3, PSRC1, SNCA, STMN1, STMN4, TPPP, TRIM36, TUBB4A
GO:0010975	regulation of neuron projection development	452	59	22.34	7.8e-12	2.186410909090909e-9	0.13053097345132744	ACAP3, APBB1, ARC, ARHGAP33, BRSK1, BRSK2, CAMK2B, CDH4, CDK5R1, CSMD3, DGKG, DNM3, DPYSL5, FEZ1, FEZF2, FIGNL2, HECW2, IL1RAPL1, ISLR2, ITPKA, KIAA0319, KIF1A, KLK6, KNDC1, L1CAM, LZTS1, LZTS3, MAG, MARK2, MFSD2A, NCS1, NDRG4, NEFL, NGEF, NOVA2, NRCAM, NTNG2, PACSIN1, PLXNB3, PPP2R5B, PREX1, PTPRD, RTN4, RTN4RL2, RUFY3, SEMA3E, SEMA4B, SEMA4D, SEMA6B, SEMA7A, SERPINI1, SEZ6, SHTN1, SLITRK1, SNAP25, SRCIN1, STX1B, XK, ZNF365
GO:0007610	behavior	648	84	32.03	3.2e-16	1.2982736842105264e-13	0.12962962962962962	ABCA2, ABHD12, ADAM11, ADCY1, AGTPBP1, APBA2, ARC, ASTN1, ATP8A1, B3GAT1, BCHE, BRSK1, BTBD9, CAMK2N1, CAMK4, CCK, CEND1, CHRNA4, CNP, CNTN2, CNTNAP2, CRHR1, CX3CR1, DCTN1, DLG4, EIF4E, FEZF2, FGF12, GAD1, GIT1, GLRB, GNG7, GPR37, GRID1, GRIN1, GRM5, HCRTR1, HOMER1, HTR2C, JPH3, JPH4, KCNA2, KCND2, KCNK10, KCNQ3, KIRREL3, LGI4, MAPK8IP2, MCHR1, MEIS1, MFSD2A, NDRG4, NLGN3, NLGN4X, NRXN1, NRXN2, PAK6, PARK7, PCDH17, PPP1R9B, PRKAR1B, PRKCG, PRKCZ, RASD2, RASGRF1, SEPTIN5, SEZ6, SHANK1, SHANK2, SHISA7, SLC12A5, SLC1A2, SLC1A3, SLC24A2, SLC6A1, SLC8A2, SLITRK1, SNAP25, SNCA, SPTBN2, SYT11, TTBK1, USP2, VWA1
GO:0032409	regulation of transporter activity	226	29	11.17	2.4e-6	2.3718461538461537e-4	0.12831858407079647	ACTN2, AKAP6, ANK3, CACNG2, CACNG3, CACNG7, CACNG8, CALM1, CBARP, CNIH2, CRHR1, DLG4, FGF12, GRM5, HECW2, HOMER1, HPCA, JPH3, JPH4, KCNIP2, MAPK8IP2, NLGN3, SHANK1, SHISA7, SHISA8, SNCA, SYNGR3, VAMP2, YWHAE
GO:0050770	regulation of axonogenesis	156	20	7.71	8.8e-5	0.005822729613733905	0.1282051282051282	BRSK1, BRSK2, CDH4, ISLR2, KIAA0319, L1CAM, MAG, MARK2, NEFL, PLXNB3, RTN4, RUFY3, SEMA3E, SEMA4B, SEMA4D, SEMA6B, SEMA7A, SHTN1, SLITRK1, XK
GO:1901888	regulation of cell junction assembly	211	27	10.43	5.7e-6	5.325872727272727e-4	0.12796208530805686	ADGRB1, ASIC2, CLASP2, CNTNAP2, DMTN, EPHB1, ICAM5, IL1RAPL1, LHFPL4, LRFN1, LRRC24, LRRC4B, LRRTM3, LRTM2, LZTS1, NECTIN1, NLGN3, NRXN1, NTNG2, PTPRD, SEMA4D, SLITRK1, SLITRK2, SLITRK3, SLITRK4, SNAP25, SNCA
GO:0048699	generation of neurons	1490	190	73.65	1e-30	1.5417000000000001e-27	0.12751677852348994	ACAP3, ACSL6, ACTL6B, ADCY1, ADGRB1, ADGRG1, AGTPBP1, ANK3, ANOS1, APBB1, APLP1, ARC, ARHGAP33, ARHGEF2, ASTN1, ATAT1, ATCAY, ATP2B2, BCHE, BCL11B, BHLHA15, BIN1, BRINP3, BRSK1, BRSK2, BTBD3, CACNG7, CAMK2A, CAMK2B, CCK, CDH4, CDK5R1, CDK5R2, CELSR2, CEND1, CHD5, CNGB1, CNP, CNTN2, CNTNAP2, CRB1, CRB2, CSMD3, CSPG5, CX3CR1, CYFIP2, DCX, DGKG, DISP3, DLG4, DNER, DNM3, DNMT3A, DPYSL5, DSCAML1, EDN3, EIF4E, EPHA10, EPHA5, EPHB1, EPHB6, FAIM2, FEZ1, FEZF2, FIGNL2, FKBP8, FLRT1, FOXG1, GAS7, GIT1, GPM6A, GPR37, GPR37L1, GPRIN1, HAPLN2, HDAC5, HECW2, HES5, IL1RAPL1, INSM1, ISLR2, ITPKA, KCNIP2, KCNQ3, KIAA0319, KIF1A, KIF5A, KIF5C, KIRREL3, KLK6, KNDC1, L1CAM, LGI4, LRTM2, LZTS1, LZTS3, MAG, MAPK8IP2, MARK2, MEIS1, MFSD2A, MMD2, NCAM1, NCAM2, NCAN, NCS1, NDRG4, NECTIN1, NEFL, NELL2, NEURL1, NEUROD6, NFASC, NGEF, NLGN3, NLGN4X, NOVA2, NPTX1, NRCAM, NRXN1, NTM, NTNG2, NYAP1, OLFM1, OLIG2, OMG, OPCML, PACSIN1, PAK6, PCP4, PEX5, PLXNB3, PPP1R9B, PPP2R5B, PRDM8, PREX1, PRKCQ, PRKCZ, PSD, PTPRD, RAB3A, RAP1GAP, RASGRF1, RIMS1, RNF157, RTN1, RTN3, RTN4, RTN4RL2, RUFY3, S1PR5, SCRT1, SEMA3E, SEMA4B, SEMA4D, SEMA6B, SEMA7A, SEPTIN4, SERPINI1, SEZ6, SH3GL3, SHANK1, SHTN1, SLC12A5, SLC1A3, SLITRK1, SLITRK2, SLITRK3, SLITRK4, SNAP25, SOX8, SRCIN1, STMN1, STMN4, STX1B, SULT4A1, SYN1, SYT1, TYRO3, UGT8, UNC13A, UNC5A, UNC5B, UQCRQ, VXN, WNT7B, XK, YWHAE, ZNF365, ZNF536
GO:0034329	cell junction assembly	448	57	22.14	5e-11	1.2433064516129033e-8	0.12723214285714285	ACTN2, ADD2, ADGRB1, APC, ARHGEF9, ASIC2, BSN, C1QL2, CDH13, CDH22, CDH4, CDH9, CLASP2, CNTNAP2, CORO2B, DMTN, DNER, DNM3, EPHB1, FRMPD2, GABRA2, GABRA3, GABRG1, GJB1, GPM6A, ICAM5, IL1RAPL1, KIRREL3, LHFPL4, LRFN1, LRRC24, LRRC4, LRRC4B, LRRTM3, LRTM2, LZTS1, NECTIN1, NLGN3, NLGN4X, NPTX1, NRCAM, NRXN1, NRXN2, NTNG2, PCDH17, PTPRD, PTPRK, SEMA4D, SHANK2, SLITRK1, SLITRK2, SLITRK3, SLITRK4, SNAP25, SNCA, SPTBN2, UGT8
GO:0048588	developmental cell growth	230	29	11.37	3.5e-6	3.3308333333333334e-4	0.12608695652173912	AKAP6, CACNG7, CDH4, CYFIP2, EDN3, FLRT1, ISLR2, KIAA0319, L1CAM, MAG, MEIS1, NLGN3, NRCAM, OLFM1, PAK6, PRKCZ, RGS4, RIMS1, RNF157, RTN4, RUFY3, SEMA3E, SEMA4B, SEMA4D, SEMA6B, SEMA7A, SHTN1, SYT1, UNC13A
GO:0031109	microtubule polymerization or depolymerization	135	17	6.67	3.6e-4	0.020255912408759125	0.1259259259259259	APC, APC2, ARHGEF2, CCSAP, CDK5R1, CLASP2, DCTN1, EML2, GIT1, MAP6D1, NAV3, PSRC1, SNCA, STMN1, STMN4, TPPP, TUBB4A
GO:0008277	regulation of G protein-coupled receptor signaling pathway	143	18	7.07	2.5e-4	0.014824038461538463	0.1258741258741259	APLP1, CAMK2A, CHGA, GIT1, GNG4, GNG7, GRM5, KCTD16, KLK6, NECAB2, PHF24, PPP1R9B, PTGDR2, RGS20, RGS4, SNCA, STMN1, SYP
GO:0030182	neuron differentiation	1408	177	69.59	1e-30	1.5417000000000001e-27	0.12571022727272727	ACAP3, ACTL6B, ADCY1, ADGRB1, AGTPBP1, ANK3, ANOS1, APBB1, APLP1, ARC, ARHGAP33, ARHGEF2, ATAT1, ATCAY, ATP2B2, BCL11B, BHLHA15, BIN1, BRINP3, BRSK1, BRSK2, BTBD3, CACNG7, CAMK2A, CAMK2B, CCK, CDH4, CDK5R1, CDK5R2, CELSR2, CEND1, CHD5, CNGB1, CNP, CNTN2, CNTNAP2, CRB1, CRB2, CSMD3, CSPG5, CYFIP2, DGKG, DISP3, DLG4, DNM3, DNMT3A, DPYSL5, DSCAML1, EDN3, EIF4E, EPHA10, EPHA5, EPHB1, EPHB6, FAIM2, FEZ1, FEZF2, FIGNL2, FKBP8, FLRT1, FOXG1, GAS7, GIT1, GPM6A, GPR37, GPR37L1, GPRIN1, HDAC5, HECW2, HES5, IL1RAPL1, INSM1, ISLR2, ITPKA, KCNIP2, KCNQ3, KIAA0319, KIF1A, KIF5A, KIF5C, KIRREL3, KLK6, KNDC1, L1CAM, LGI4, LRTM2, LZTS1, LZTS3, MAG, MAPK8IP2, MARK2, MEIS1, MFSD2A, MMD2, NCAM1, NCAM2, NCS1, NDRG4, NECTIN1, NEFL, NELL2, NEURL1, NEUROD6, NFASC, NGEF, NLGN3, NLGN4X, NOVA2, NPTX1, NRCAM, NRXN1, NTM, NTNG2, NYAP1, OLFM1, OLIG2, OMG, OPCML, PACSIN1, PAK6, PCP4, PEX5, PLXNB3, PPP1R9B, PPP2R5B, PRDM8, PREX1, PRKCQ, PRKCZ, PSD, PTPRD, RAB3A, RAP1GAP, RASGRF1, RIMS1, RNF157, RTN1, RTN3, RTN4, RTN4RL2, RUFY3, S1PR5, SEMA3E, SEMA4B, SEMA4D, SEMA6B, SEMA7A, SERPINI1, SEZ6, SH3GL3, SHANK1, SHTN1, SLC12A5, SLC1A3, SLITRK1, SLITRK2, SLITRK3, SLITRK4, SNAP25, SOX8, SRCIN1, STMN1, STMN4, STX1B, SULT4A1, SYN1, SYT1, UGT8, UNC13A, UNC5A, UNC5B, UQCRQ, VXN, WNT7B, XK, ZNF365, ZNF536
GO:0021543	pallium development	191	24	9.44	2.5e-5	0.0019765384615384614	0.1256544502617801	ADGRG1, ATAT1, BTBD3, CDK5R1, CDK5R2, CNTNAP2, EPHA5, FEZ1, FEZF2, FOXG1, KCNA2, KIRREL3, MFSD2A, NEFL, NEUROD6, P2RY12, PEX5, POU3F3, PPP1R9B, RTN4, SEMA6B, SLC32A1, UQCRQ, YWHAE
GO:0000902	cell morphogenesis	967	121	47.8	8.1e-22	4.995108e-19	0.125129265770424	ADCY1, ADGRB1, ANK3, ANOS1, APBB1, APLP1, ARC, ARHGAP33, ARHGEF18, ARHGEF2, BAP1, BCL11B, BRSK1, BRSK2, BTBD3, CACNG7, CAMK2B, CCK, CDH13, CDH22, CDH4, CDH9, CDK5R1, CDK5R2, CELSR2, CNP, CNTN2, CNTNAP2, COCH, CORO1A, CRB1, CSPG5, CYFIP2, DLG4, DMTN, DNM3, DPYSL5, DSCAML1, EDN3, EPHA10, EPHA5, EPHB1, EPHB6, ERMN, FAM171A1, FEZ1, FEZF2, FLRT1, FOXG1, GAS7, GPM6A, HECW2, IL1RAPL1, ISLR2, ITPKA, KIAA0319, KIF1A, KIF5A, KIF5C, KIRREL3, KNDC1, L1CAM, LRTM2, LZTS1, LZTS3, MAG, MAPK8IP2, MARK2, MFSD2A, NCAM1, NECTIN1, NEFL, NELL2, NFASC, NGEF, NLGN3, NOVA2, NPTX1, NRCAM, NRXN1, NTNG2, NYAP1, OLFM1, PACSIN1, PAK6, PALM, PLXNB3, PRDM8, PRKCQ, PRKCZ, PTPRD, RAB3A, RIMS1, RNF157, RTN4, RUFY3, SEMA3E, SEMA4B, SEMA4D, SEMA6B, SEMA7A, SEPTIN7, SHANK1, SHTN1, SLC1A3, SLITRK1, SLITRK2, SLITRK3, SLITRK4, SNAP25, SRCIN1, STMN1, SULT4A1, SYT1, UGT8, UNC13A, UNC5A, UNC5B, WNT7B, XK, ZNF365
GO:0001508	action potential	144	18	7.12	2.7e-4	0.015948620689655173	0.125	AKAP6, ANK3, BIN1, CACNA1I, CALM1, CHRNA4, FGF12, HCN2, KCNA2, KCNC2, KCND2, KCNIP2, KCNJ3, KCNMB4, KCNQ3, NRCAM, SLC8A2, YWHAE
GO:1902904	negative regulation of supramolecular fiber organization	161	20	7.96	1.4e-4	0.00891892561983471	0.12422360248447205	ADD2, APC, APC2, ARHGEF18, ARHGEF2, CHADL, CLASP2, CORO1A, CORO2B, DMTN, EML2, MAP6D1, NAV3, PFDN2, SHANK1, SNCA, SPTBN2, STMN1, TMEFF2, TUBB4A
GO:0006865	amino acid transport	155	19	7.66	2.4e-4	0.014286023166023166	0.12258064516129032	HRH3, LRRC8B, RGS4, SFXN5, SLC17A7, SLC1A2, SLC1A3, SLC1A6, SLC32A1, SLC38A5, SLC6A1, SLC6A12, SLC6A17, SLC7A10, SLC7A14, SLC7A5, SNCA, SV2A, XK
GO:0022008	neurogenesis	1717	209	84.87	1e-30	1.5417000000000001e-27	0.12172393709959231	ABCA2, ACAP3, ACSL6, ACTL6B, ADCY1, ADGRB1, ADGRG1, AGTPBP1, ANK3, ANOS1, APBB1, APLP1, ARC, ARHGAP33, ARHGEF2, ASTN1, ATAT1, ATCAY, ATP2B2, BCHE, BCL11B, BHLHA15, BIN1, BRINP3, BRSK1, BRSK2, BTBD3, CACNG7, CAMK2A, CAMK2B, CCK, CDH4, CDK5R1, CDK5R2, CELSR2, CEND1, CHD5, CNGB1, CNP, CNTN2, CNTNAP2, CRB1, CRB2, CSMD3, CSPG5, CX3CR1, CYFIP2, DCX, DGKG, DISP3, DLG4, DNER, DNM3, DNMT3A, DPYSL5, DSCAML1, EDN3, EIF4E, EPHA10, EPHA5, EPHB1, EPHB6, ERBB3, FA2H, FAIM2, FEZ1, FEZF2, FIGNL2, FKBP8, FLRT1, FOXG1, GAS7, GIT1, GPM6A, GPR17, GPR37, GPR37L1, GPRIN1, GRM5, HAPLN2, HDAC11, HDAC5, HECW2, HES5, IL1RAPL1, INSM1, ISLR2, ITPKA, KCNIP2, KCNQ3, KIAA0319, KIF1A, KIF5A, KIF5C, KIRREL3, KLK6, KNDC1, L1CAM, LGI4, LRTM2, LZTS1, LZTS3, MAG, MAPK8IP2, MARK2, MEIS1, MFSD2A, MMD2, MYRF, NAV3, NCAM1, NCAM2, NCAN, NCS1, NDRG4, NECTIN1, NEFL, NELL2, NEURL1, NEUROD6, NFASC, NGEF, NLGN3, NLGN4X, NOVA2, NPTX1, NRCAM, NRXN1, NTM, NTNG2, NYAP1, OLFM1, OLIG2, OMG, OPALIN, OPCML, P2RY12, PACSIN1, PAK6, PCP4, PCSK1, PEX5, PLXNB3, PPP1R9B, PPP2R5B, PRDM8, PREX1, PRKCQ, PRKCZ, PSD, PTPRD, RAB3A, RAP1GAP, RASGRF1, RIMS1, RNF157, ROGDI, RTN1, RTN3, RTN4, RTN4RL2, RUFY3, S1PR5, SCRT1, SEMA3E, SEMA4B, SEMA4D, SEMA6B, SEMA7A, SEPTIN4, SERPINI1, SEZ6, SH3GL3, SHANK1, SHTN1, SIRT2, SLC12A5, SLC1A3, SLC45A3, SLC7A5, SLITRK1, SLITRK2, SLITRK3, SLITRK4, SNAP25, SORL1, SOX8, SRCIN1, STMN1, STMN4, STX1B, SULT4A1, SYN1, SYT1, TPPP, TTBK1, TYRO3, UGT8, UNC13A, UNC5A, UNC5B, UQCRQ, VXN, WNT7B, XK, YWHAE, ZNF365, ZNF488, ZNF536
GO:0007399	nervous system development	2503	302	123.72	1e-30	1.5417000000000001e-27	0.1206552137435078	AATK, ABCA2, ACAP3, ACSL6, ACTL6B, ACVR1C, ADCY1, ADD2, ADGRB1, ADGRB2, ADGRG1, ADGRL1, AGTPBP1, ANK3, ANOS1, APBA2, APBB1, APC, APC2, APLP1, ARC, ARHGAP33, ARHGEF2, ARHGEF9, ASIC2, ASTN1, ATAT1, ATCAY, ATP2B2, BCHE, BCL11B, BEX1, BHLHA15, BIN1, BRINP3, BRSK1, BRSK2, BSN, BTBD3, C1QL2, CA10, CACNG7, CALM1, CAMK2A, CAMK2B, CCK, CDH4, CDH9, CDK5R1, CDK5R2, CELSR2, CEND1, CHD5, CHST8, CKB, CNGB1, CNP, CNTN2, CNTNAP2, CPLX2, CRB1, CRB2, CSMD3, CSPG5, CX3CR1, CYFIP2, DCTN1, DCX, DGKG, DISP3, DLG4, DNER, DNM3, DNMT3A, DPYSL2, DPYSL5, DSCAML1, E2F1, EDN3, EGR3, EIF4E, ELAVL3, EPHA10, EPHA5, EPHB1, EPHB6, ERBB3, EVL, FA2H, FAIM2, FEZ1, FEZF2, FGF12, FIGNL2, FKBP8, FLRT1, FOXG1, FUZ, GABRA2, GABRA3, GABRG1, GAS7, GDA, GIT1, GJB1, GLRB, GPM6A, GPR17, GPR37, GPR37L1, GPRIN1, GRIN1, GRM5, HAPLN2, HDAC11, HDAC5, HECW2, HES5, HPCAL4, ICAM5, IL1RAPL1, INA, INSM1, IRS2, ISLR2, ITPK1, ITPKA, KCNA2, KCNC2, KCNIP2, KCNQ2, KCNQ3, KIAA0319, KIF1A, KIF5A, KIF5C, KIRREL3, KLK6, KNDC1, L1CAM, LGI4, LHFPL4, LRFN1, LRRC24, LRRC4, LRRC4B, LRRTM3, LRTM2, LY6H, LZTS1, LZTS3, MAG, MAPK8IP2, MARK2, MAST1, MEIS1, MFSD2A, MMD2, MOG, MYRF, NAV3, NCAM1, NCAM2, NCAN, NCS1, NDRG4, NDST1, NECTIN1, NEFL, NELL1, NELL2, NEURL1, NEUROD6, NFASC, NGEF, NLGN3, NLGN4X, NOVA2, NPTX1, NRCAM, NRGN, NRSN1, NRXN1, NRXN2, NTM, NTNG2, NYAP1, OLFM1, OLIG2, OMG, OPALIN, OPCML, P2RY12, PACSIN1, PAK6, PALM, PCDH1, PCDH10, PCDH17, PCDHA1, PCDHA13, PCDHA2, PCDHA5, PCDHA6, PCDHA7, PCDHA9, PCDHB15, PCDHB8, PCP4, PCSK1, PEX5, PLLP, PLPPR1, PLXNB3, POU3F3, PPP1R9B, PPP2R5B, PRDM8, PREX1, PRKACB, PRKCG, PRKCQ, PRKCZ, PSD, PTPRD, RAB3A, RAP1GAP, RAPGEF5, RAPGEFL1, RASGRF1, RGS4, RIMS1, RNF157, ROGDI, RTN1, RTN3, RTN4, RTN4RL2, RUFY3, S1PR5, SCRT1, SEMA3E, SEMA4B, SEMA4D, SEMA6B, SEMA7A, SEPTIN4, SERF1B, SERPINI1, SEZ6, SEZ6L2, SH3GL3, SHANK1, SHANK2, SHTN1, SIRT2, SLC12A5, SLC1A2, SLC1A3, SLC32A1, SLC45A3, SLC6A17, SLC7A5, SLITRK1, SLITRK2, SLITRK3, SLITRK4, SNAP25, SNCA, SORL1, SOX8, SPTBN2, SRCIN1, SSTR1, SSTR3, STMN1, STMN4, STX1B, SULT4A1, SYN1, SYNGR3, SYT1, TAGLN3, TBCB, TPPP, TTBK1, TTLL7, TTPA, TYRO3, UGT8, UNC13A, UNC5A, UNC5B, UQCRQ, VPS51, VXN, WNT7B, XK, YWHAE, ZNF365, ZNF488, ZNF536
GO:0060627	regulation of vesicle-mediated transport	514	62	25.41	6.6e-11	1.615114285714286e-8	0.12062256809338522	ABCA2, ACTN2, ANKRD13D, ARC, BIN1, BSN, BTBD9, CALY, CBARP, CDH13, CDK5R1, CDK5R2, CLASP2, CORO1A, CPLX1, CPLX2, CPLX3, CSPG5, DGKD, DLG4, DNAJC6, ERC2, GIT1, GRIPAP1, HPCA, IL1RAPL1, LGI3, MYO18A, NDRG4, NECAB2, PACSIN1, PRKAR1B, PRKCB, PRKCG, RAB26, RAB3A, RAB4B, RAPGEF4, RIMS1, RPH3A, SCAMP5, SCRN1, SEPTIN4, SEPTIN5, SH3GL3, SLC17A7, SMPD3, SNAP91, SNCA, SORL1, STX1A, STX1B, STXBP5L, SYN1, SYP, SYT1, SYT11, SYT13, SYT5, TNK2, VAMP2, VSNL1
GO:0051592	response to calcium ion	141	17	6.97	6e-4	0.032118749999999995	0.12056737588652482	ADCY1, CACNG2, CALM1, CPNE7, DMTN, HOMER1, HPCA, ITPKA, KCNIP2, KCNMB4, KCNQ3, PCSK1, SLC6A1, SYT1, SYT11, SYT13, SYT5
GO:0050769	positive regulation of neurogenesis	241	29	11.91	8.8e-6	7.797103448275862e-4	0.12033195020746888	BIN1, CAMK2B, CDH4, CX3CR1, FOXG1, GRM5, HAPLN2, IL1RAPL1, ISLR2, ITPKA, L1CAM, MAG, MYRF, NCAN, NEFL, NEURL1, OLIG2, PLXNB3, PTPRD, RUFY3, SEMA4D, SEMA7A, SHTN1, SLC7A5, SLITRK1, SOX8, TTBK1, ZNF365, ZNF488
GO:0007188	adenylate cyclase-modulating G protein-coupled receptor signaling pathway	244	29	12.06	1.1e-5	9.47413407821229e-4	0.11885245901639344	ADCY1, ADGRB1, ADGRB2, ADGRG1, ADGRL1, APLP1, CHGA, CORT, CRHR1, GABBR2, GNAO1, GNAZ, GPR37, GPR37L1, GPR62, GRM3, GRM5, GRM8, HRH3, MCHR1, P2RY12, PALM, PRKACB, PTGDR2, PTH1R, RAPGEF4, RXFP1, S1PR4, S1PR5
GO:0051960	regulation of nervous system development	458	54	22.64	2.7e-9	4.730215909090909e-7	0.11790393013100436	ADGRB1, ASIC2, BIN1, CAMK2B, CDH4, CX3CR1, DPYSL5, EPHB1, FEZF2, FOXG1, GPR37L1, GRM5, HAPLN2, HES5, IL1RAPL1, ISLR2, ITPKA, KIAA0319, L1CAM, LGI4, LRRC24, LRRC4B, LRRTM3, LRTM2, MAG, MYRF, NCAN, NEFL, NEURL1, NLGN3, NRXN1, OLIG2, PLXNB3, PTPRD, RTN4, RUFY3, SEMA3E, SEMA4B, SEMA4D, SEMA6B, SEMA7A, SHTN1, SIRT2, SLC7A5, SLITRK1, SLITRK2, SLITRK3, SLITRK4, SORL1, SOX8, TPPP, TTBK1, ZNF365, ZNF488
GO:0031503	protein-containing complex localization	187	22	9.24	1.4e-4	0.00891892561983471	0.11764705882352941	ARC, C1QL2, CACNG2, CACNG3, CACNG7, CACNG8, CALY, CPLX1, DLG2, DLG4, DNM3, FUZ, GPHN, GRIPAP1, HPCA, KIF5A, KIF5C, LHFPL4, NPTX1, PRKCZ, SNAP25, STX1B
GO:0023061	signal release	485	57	23.97	1.1e-9	2.1198375e-7	0.11752577319587629	ACVR1C, BRSK1, BRSK2, CAMK2A, CAPN10, CHGA, CHRNA4, CPLX1, CPLX2, CPLX3, CRHR1, CSPG5, EDN3, EPHA5, ERC2, GCK, GIT1, GNAZ, HRH3, HTR2C, IRS2, KCNA2, KCNMB4, NAPB, NOS2, NRXN1, NRXN2, PARK7, PINK1, PPFIA3, PRKCB, PRKCG, PTPRN, RAB3A, RAPGEF4, RIMS1, RPH3A, SEPTIN5, SLC32A1, SMPD3, SNAP25, SNCA, STX1A, STX1B, SV2A, SYN1, SYN2, SYP, SYT1, SYT11, SYT13, SYT5, UNC13A, UNC13C, VAMP2, VGF, VSNL1
GO:0031344	regulation of cell projection organization	662	77	32.72	1.8e-12	5.663387755102041e-10	0.1163141993957704	ACAP3, ANLN, APBB1, APC, ARC, ARHGAP33, BRSK1, BRSK2, CAMK2B, CDH4, CDK5R1, CSMD3, DGKG, DLG4, DMTN, DNM3, DPYSL5, ERMN, EVI5L, EVL, FEZ1, FEZF2, FIGNL2, FUZ, GPM6A, HECW2, HOMER1, IL1RAPL1, ISLR2, ITPKA, KCTD17, KIAA0319, KIF1A, KLK6, KNDC1, L1CAM, LZTS1, LZTS3, MAG, MARK2, MFSD2A, NCS1, NDRG4, NEFL, NEURL1, NGEF, NOVA2, NRCAM, NTNG2, P2RY12, PACSIN1, PALM, PLXNB3, PODXL, PPP1R16B, PPP2R5B, PREX1, PTPRD, RAP1GAP, RTN4, RTN4RL2, RUFY3, SEMA3E, SEMA4B, SEMA4D, SEMA6B, SEMA7A, SEPTIN7, SERPINI1, SEZ6, SHTN1, SLITRK1, SNAP25, SRCIN1, STX1B, XK, ZNF365
GO:0120035	regulation of plasma membrane bounded cell projection organization	647	75	31.98	4.3e-12	1.2748673076923077e-9	0.11591962905718702	ACAP3, ANLN, APBB1, APC, ARC, ARHGAP33, BRSK1, BRSK2, CAMK2B, CDH4, CDK5R1, CSMD3, DGKG, DMTN, DNM3, DPYSL5, EVI5L, EVL, FEZ1, FEZF2, FIGNL2, FUZ, GPM6A, HECW2, HOMER1, IL1RAPL1, ISLR2, ITPKA, KCTD17, KIAA0319, KIF1A, KLK6, KNDC1, L1CAM, LZTS1, LZTS3, MAG, MARK2, MFSD2A, NCS1, NDRG4, NEFL, NEURL1, NGEF, NOVA2, NRCAM, NTNG2, P2RY12, PACSIN1, PALM, PLXNB3, PODXL, PPP1R16B, PPP2R5B, PREX1, PTPRD, RAP1GAP, RTN4, RTN4RL2, RUFY3, SEMA3E, SEMA4B, SEMA4D, SEMA6B, SEMA7A, SEPTIN7, SERPINI1, SEZ6, SHTN1, SLITRK1, SNAP25, SRCIN1, STX1B, XK, ZNF365
GO:0045664	regulation of neuron differentiation	193	22	9.54	2.3e-4	0.013743837209302326	0.11398963730569948	ARHGEF2, BCL11B, BIN1, BRINP3, CDK5R1, DISP3, EIF4E, FEZF2, FOXG1, GPR37L1, HES5, MAG, MEIS1, MMD2, NRCAM, OLIG2, PCP4, RAP1GAP, S1PR5, SH3GL3, SOX8, ZNF536
GO:0051494	negative regulation of cytoskeleton organization	159	18	7.86	8.9e-4	0.045284257425742575	0.11320754716981132	ADD2, APC, APC2, ARHGEF18, ARHGEF2, CLASP2, CORO1A, CORO2B, DMTN, EML2, MAP6D1, NAV3, SHANK1, SNCA, SPTBN2, STMN1, TMEFF2, TUBB4A
GO:0021700	developmental maturation	336	38	16.61	1.7e-6	1.7356887417218543e-4	0.1130952380952381	ACTL6B, ADGRL1, BAP1, BHLHA15, C1QL2, CABYR, CAMK2B, CDK5R1, CDK5R2, CEND1, CNGB1, CNTN2, CNTNAP2, CX3CR1, DLG4, FGFR3, HES5, KCNIP2, KCNQ3, LGI4, NEFL, NEURL1, NRCAM, NRXN1, PALM, PHOSPHO1, PTH1R, PTPRN, RAB3A, SEMA4D, SEZ6, SEZ6L2, SHANK1, SIRT2, SOX8, SYP, UNC13A, UNC13C
GO:0051648	vesicle localization	215	24	10.63	1.7e-4	0.01052566265060241	0.11162790697674418	BRSK1, BRSK2, BSN, CLASP2, DCTN1, DNM3, KIF1A, KIF3A, KIF5A, KIF5C, PCDH17, PINK1, PRKCZ, RAB3A, SEPTIN5, SMPD3, SNAP25, SNAP91, SNCA, SYN1, SYN2, SYT11, UNC13A, UNC13C
GO:0060560	developmental growth involved in morphogenesis	242	27	11.96	6.8e-5	0.0046593599999999995	0.1115702479338843	CACNG7, CDH4, CYFIP2, EDN3, FLRT1, ISLR2, KIAA0319, L1CAM, MAG, NLGN3, NRCAM, OLFM1, PAK6, PRKCZ, RIMS1, RNF157, RTN4, RUFY3, SEMA3E, SEMA4B, SEMA4D, SEMA6B, SEMA7A, SHTN1, SYT1, UNC13A, WNT7B
GO:0021537	telencephalon development	275	30	13.59	4.2e-5	0.0030399718309859153	0.10909090909090909	ADGRG1, AGTPBP1, ATAT1, BCL11B, BTBD3, CDK5R1, CDK5R2, CNTNAP2, EPHA5, FEZ1, FEZF2, FOXG1, HES5, KCNA2, KIRREL3, MFSD2A, NEFL, NEUROD6, P2RY12, PEX5, POU3F3, PPP1R9B, PRDM8, RTN4, SEMA6B, SEMA7A, SLC1A2, SLC32A1, UQCRQ, YWHAE
GO:0120036	plasma membrane bounded cell projection organization	1543	167	76.27	3.7e-23	2.480126086956522e-20	0.10823071937783539	ABLIM2, ACAP3, ACTL6B, ACTN2, ADCY1, ADGRB1, AIF1L, ANK3, ANLN, ANOS1, APBB1, APC, APLP1, ARC, ARHGAP33, ARHGEF4, ATAT1, ATCAY, ATP1A3, BCL11B, BHLHA15, BRSK1, BRSK2, BTBD3, CACNG7, CAMK2A, CAMK2B, CCK, CDH13, CDH4, CDK5R1, CDK5R2, CELSR2, CLCN4, CNP, CNTN2, CNTNAP2, CORO1A, CSMD3, CSPG5, CYFIP2, DCTN1, DCX, DGKG, DLG4, DMTN, DNM3, DPYSL5, DSCAML1, EDN3, EHD3, EPHA10, EPHA5, EPHB1, EPHB6, ERICH3, EVI5L, EVL, FEZ1, FEZF2, FIGNL2, FLRT1, FOXG1, FUZ, GAS7, GPM6A, GPR37, GPRIN1, HECW2, HES5, HOMER1, IL1RAPL1, ISLR2, ITPKA, KCNF1, KCTD17, KIAA0319, KIF1A, KIF3A, KIF5A, KIF5C, KIRREL3, KLK6, KNDC1, L1CAM, LRTM2, LZTS1, LZTS3, MAG, MAPK8IP2, MARK2, MFSD2A, NCAM1, NCAM2, NCS1, NDRG4, NECTIN1, NEFL, NELL2, NEURL1, NEUROD6, NFASC, NGEF, NLGN3, NOVA2, NPTX1, NRCAM, NRXN1, NTNG2, NYAP1, OLFM1, OLIG2, OMG, P2RY12, PACSIN1, PAK6, PALM, PLXNB3, PODXL, PPP1R16B, PPP1R9B, PPP2R5B, PRDM8, PREX1, PRKCQ, PRKCZ, PSD, PTPRD, RAB3A, RAP1GAP, RASGRF1, RIMS1, RNF157, RSPH1, RTN4, RTN4RL2, RUFY3, SEMA3E, SEMA4B, SEMA4D, SEMA6B, SEMA7A, SEPTIN7, SERPINI1, SEZ6, SHANK1, SHTN1, SLC12A5, SLITRK1, SLITRK2, SLITRK3, SLITRK4, SNAP25, SRCIN1, STMN1, STMN4, STX1B, SULT4A1, SYT1, TTYH1, UGT8, UNC13A, UNC5A, UNC5B, WNT7B, XK, ZNF365
GO:0007267	cell-cell signaling	1677	181	82.89	4.5e-25	3.54591e-22	0.10793082886106142	ABR, ACVR1C, ADCY1, ADGRB1, ADGRG1, AMER2, APBA2, APC, APC2, ARC, ASIC2, BCHE, BHLHA15, BRSK1, BRSK2, BSN, BTBD9, CACNA1E, CACNG2, CACNG3, CACNG7, CACNG8, CALB2, CAMK2A, CAMK2B, CAMKV, CAPN10, CDK5R1, CELSR2, CHGA, CHRNA4, CNP, CORT, CPLX1, CPLX2, CPLX3, CRB1, CRHR1, CSPG5, CX3CR1, DACT3, DGKZ, DLG2, DLG4, DLGAP1, DLGAP3, EDN3, EGR3, EIF4E, EPHA5, EPHB1, ERC2, FAM53B, FGF12, FGFR3, FUZ, GABBR2, GABRA2, GABRA3, GABRG1, GAD1, GCK, GIT1, GJB1, GLRB, GNAZ, GRIA2, GRID1, GRIK4, GRIN1, GRM3, GRM5, GRM8, HCN2, HCRTR1, HOMER1, HRH3, HTR2C, IL1RAPL1, INA, IRS2, ITPKA, JPH3, JPH4, KCNA2, KCND2, KCNIP2, KCNJ3, KCNMB4, KCNN1, KCNQ2, KCNQ3, KIF1B, KIF5A, KREMEN2, LRRC4, LY6H, LZTS1, MAPK8IP2, MARK2, MPP2, NAPB, NEFL, NEURL1, NLGN3, NLGN4X, NLK, NOS2, NPTX1, NRXN1, NRXN2, NTNG2, NUDT3, PANX2, PARK7, PCDH1, PCDH17, PCDH8, PCSK1, PDYN, PHF24, PINK1, PLCL1, PNOC, PPFIA3, PRKAR1B, PRKCB, PRKCG, PRKCZ, PTPRD, PTPRN, RAB3A, RAPGEF4, RASD2, RASGRF1, RGS4, RIMS1, RPH3A, RTN4, SEPTIN5, SEZ6, SHANK1, SHANK2, SHISA7, SHISA8, SLC12A5, SLC17A7, SLC1A2, SLC1A3, SLC1A6, SLC24A2, SLC32A1, SLC6A1, SLC7A10, SLC8A2, SLITRK3, SMPD3, SNAP25, SNCA, SNCB, SORCS2, SST, SSTR3, STX1A, STX1B, SV2A, SYN1, SYN2, SYP, SYT1, SYT11, SYT13, SYT5, TMEM170B, UNC13A, UNC13C, VAMP2, VGF, VSNL1, WNT7B, ZACN
GO:1903530	regulation of secretion by cell	554	59	27.38	2.2e-8	3.2612884615384614e-6	0.10649819494584838	ACVR1C, APBB1, BRSK2, CAMK2A, CAPN10, CBARP, CDK5R2, CHGA, CHRNA4, CLASP2, CPLX1, CPLX2, CPLX3, CRHR1, CSPG5, CYP51A1, EDN3, EPHA5, GCK, GIT1, GNAZ, HRH3, HTR2C, IL1RAPL1, IRS2, KCNA2, KCNMB4, LGI3, MYO18A, NOS2, PARD6A, PCSK1, PINK1, PRKCB, PRKCG, RAB26, RAB3A, RAP1GDS1, RAPGEF4, RIMS1, RPH3A, SCAMP5, SEPTIN4, SEPTIN5, SERGEF, SMPD3, SNAP25, SNCA, STX1A, STX1B, STXBP5L, SYN1, SYP, SYT1, SYT11, SYT13, SYT5, VAMP2, VSNL1
GO:0030030	cell projection organization	1584	168	78.29	2.4e-22	1.5417e-19	0.10606060606060606	ABLIM2, ACAP3, ACTL6B, ACTN2, ADCY1, ADGRB1, AIF1L, ANK3, ANLN, ANOS1, APBB1, APC, APLP1, ARC, ARHGAP33, ARHGEF4, ATAT1, ATCAY, ATP1A3, BCL11B, BHLHA15, BRSK1, BRSK2, BTBD3, CACNG7, CAMK2A, CAMK2B, CCK, CDH13, CDH4, CDK5R1, CDK5R2, CELSR2, CLCN4, CNP, CNTN2, CNTNAP2, CORO1A, CSMD3, CSPG5, CYFIP2, DCTN1, DCX, DGKG, DLG4, DMTN, DNM3, DPYSL5, DSCAML1, EDN3, EHD3, EPHA10, EPHA5, EPHB1, EPHB6, ERICH3, ERMN, EVI5L, EVL, FEZ1, FEZF2, FIGNL2, FLRT1, FOXG1, FUZ, GAS7, GPM6A, GPR37, GPRIN1, HECW2, HES5, HOMER1, IL1RAPL1, ISLR2, ITPKA, KCNF1, KCTD17, KIAA0319, KIF1A, KIF3A, KIF5A, KIF5C, KIRREL3, KLK6, KNDC1, L1CAM, LRTM2, LZTS1, LZTS3, MAG, MAPK8IP2, MARK2, MFSD2A, NCAM1, NCAM2, NCS1, NDRG4, NECTIN1, NEFL, NELL2, NEURL1, NEUROD6, NFASC, NGEF, NLGN3, NOVA2, NPTX1, NRCAM, NRXN1, NTNG2, NYAP1, OLFM1, OLIG2, OMG, P2RY12, PACSIN1, PAK6, PALM, PLXNB3, PODXL, PPP1R16B, PPP1R9B, PPP2R5B, PRDM8, PREX1, PRKCQ, PRKCZ, PSD, PTPRD, RAB3A, RAP1GAP, RASGRF1, RIMS1, RNF157, RSPH1, RTN4, RTN4RL2, RUFY3, SEMA3E, SEMA4B, SEMA4D, SEMA6B, SEMA7A, SEPTIN7, SERPINI1, SEZ6, SHANK1, SHTN1, SLC12A5, SLITRK1, SLITRK2, SLITRK3, SLITRK4, SNAP25, SRCIN1, STMN1, STMN4, STX1B, SULT4A1, SYT1, TTYH1, UGT8, UNC13A, UNC5A, UNC5B, WNT7B, XK, ZNF365
GO:0010001	glial cell differentiation	255	27	12.6	1.6e-4	0.010068244897959185	0.10588235294117647	ABCA2, BIN1, CNP, CRB1, CSPG5, DNER, ERBB3, FA2H, GPR17, GPR37L1, HAPLN2, HDAC11, HES5, LGI4, MAG, MYRF, NCAN, OLIG2, OPALIN, PRDM8, SIRT2, SLC45A3, SOX8, TPPP, TTBK1, ZNF365, ZNF488
GO:0030900	forebrain development	408	43	20.17	2.4e-6	2.3718461538461537e-4	0.1053921568627451	ADGRG1, AGTPBP1, APLP1, ATAT1, BCL11B, BTBD3, CDK5R1, CDK5R2, CHD5, CNP, CNTNAP2, E2F1, EPHA5, FEZ1, FEZF2, FOXG1, HES5, KCNA2, KCNC2, KIRREL3, MFSD2A, NDST1, NEFL, NEUROD6, OLIG2, P2RY12, PCSK1, PEX5, POU3F3, PPP1R9B, PRDM8, RTN4, SEMA3E, SEMA6B, SEMA7A, SLC1A2, SLC32A1, SSTR1, SSTR3, TYRO3, UQCRQ, WNT7B, YWHAE
GO:0050767	regulation of neurogenesis	383	40	18.93	6.7e-6	6.112065088757396e-4	0.10443864229765012	BIN1, CAMK2B, CDH4, CX3CR1, DPYSL5, FEZF2, FOXG1, GPR37L1, GRM5, HAPLN2, HES5, IL1RAPL1, ISLR2, ITPKA, KIAA0319, L1CAM, MAG, MYRF, NCAN, NEFL, NEURL1, OLIG2, PLXNB3, PTPRD, RTN4, RUFY3, SEMA3E, SEMA4B, SEMA4D, SEMA6B, SEMA7A, SHTN1, SIRT2, SLC7A5, SLITRK1, SORL1, SOX8, TTBK1, ZNF365, ZNF488
GO:0034762	regulation of transmembrane transport	451	47	22.29	1.1e-6	1.1695655172413794e-4	0.10421286031042129	ACTN2, AKAP6, ANK3, ASIC2, BIN1, CACNG2, CACNG3, CACNG7, CACNG8, CALM1, CAPN10, CBARP, CNIH2, CORO1A, CRHR1, DLG4, DPP10, DPP6, EDN3, FGF12, GRIN1, GRM5, HECW2, HOMER1, HPCA, IRS2, JPH3, JPH4, KCNAB3, KCNC2, KCNIP2, KCNIP3, KCNJ3, KCNJ9, MAPK8IP2, NLGN3, PRKCB, RGS4, RTN2, SHANK1, SHISA7, SHISA8, SLC1A2, SLC7A5, SNCA, VAMP2, YWHAE
GO:0051046	regulation of secretion	606	63	29.95	1.8e-8	2.7206470588235296e-6	0.10396039603960396	ACVR1C, APBB1, BRSK2, CAMK2A, CAPN10, CBARP, CDK5R2, CHGA, CHRNA4, CLASP2, CPLX1, CPLX2, CPLX3, CRHR1, CSPG5, CYP51A1, EDN3, EPHA5, ERBB3, GCK, GIT1, GNAZ, HRH3, HTR2C, IL1RAPL1, IRS2, KCNA2, KCNMB4, LGI3, MYO18A, NOS2, PARD6A, PCSK1, PINK1, PRKCB, PRKCG, PTPRN, RAB26, RAB3A, RAP1GDS1, RAPGEF4, RIMS1, RPH3A, SCAMP5, SEPTIN4, SEPTIN5, SERGEF, SLC6A1, SMPD3, SNAP25, SNCA, STX1A, STX1B, STXBP5L, SV2A, SYN1, SYP, SYT1, SYT11, SYT13, SYT5, VAMP2, VSNL1
GO:0042063	gliogenesis	337	35	16.66	2.8e-5	0.002169226130653266	0.10385756676557864	ABCA2, ADGRG1, BIN1, CDK5R1, CDK5R2, CNP, CRB1, CSPG5, CX3CR1, DNER, ERBB3, FA2H, FOXG1, GPR17, GPR37L1, HAPLN2, HDAC11, HES5, LGI4, MAG, MYRF, NCAN, OLIG2, OPALIN, P2RY12, PRDM8, RTN4, SIRT2, SLC45A3, SLC7A5, SOX8, TPPP, TTBK1, ZNF365, ZNF488
GO:0007420	brain development	723	75	35.74	8.2e-10	1.731772602739726e-7	0.1037344398340249	AATK, ADGRG1, AGTPBP1, APLP1, ATAT1, BCL11B, BTBD3, CA10, CALM1, CDK5R1, CDK5R2, CELSR2, CEND1, CHD5, CKB, CNP, CNTNAP2, CX3CR1, DSCAML1, E2F1, EPHA5, EPHB1, FAIM2, FEZ1, FEZF2, FOXG1, GIT1, GPR37L1, GRIN1, HES5, INA, IRS2, KCNA2, KCNC2, KIRREL3, KNDC1, MAST1, MEIS1, MFSD2A, NDST1, NEFL, NEUROD6, NFASC, NLGN4X, NRCAM, OLIG2, P2RY12, PCSK1, PEX5, POU3F3, PPP1R9B, PRDM8, ROGDI, RTN1, RTN3, RTN4, SEMA3E, SEMA6B, SEMA7A, SEZ6, SIRT2, SLC1A2, SLC32A1, SLC6A17, SPTBN2, SSTR1, SSTR3, SYNGR3, TTBK1, TYRO3, UQCRQ, VPS51, WNT7B, YWHAE, ZNF365
GO:0007417	central nervous system development	1019	105	50.37	3.6e-13	1.1808765957446807e-10	0.10304219823356231	AATK, ABCA2, ADGRG1, AGTPBP1, APLP1, ASIC2, ATAT1, BCL11B, BIN1, BRINP3, BTBD3, CA10, CALM1, CDK5R1, CDK5R2, CELSR2, CEND1, CHD5, CHST8, CKB, CNP, CNTNAP2, CX3CR1, DCTN1, DCX, DNER, DSCAML1, E2F1, EPHA5, EPHB1, FA2H, FAIM2, FEZ1, FEZF2, FOXG1, GIT1, GPR17, GPR37L1, GRIN1, HAPLN2, HDAC11, HES5, HPCAL4, INA, IRS2, KCNA2, KCNC2, KIRREL3, KLK6, KNDC1, MAG, MAST1, MEIS1, MFSD2A, MOG, MYRF, NCAN, NDST1, NEFL, NEUROD6, NFASC, NLGN4X, NOVA2, NPTX1, NRCAM, OLIG2, OPALIN, P2RY12, PCSK1, PEX5, POU3F3, PPP1R9B, PRDM8, ROGDI, RTN1, RTN3, RTN4, SEMA3E, SEMA6B, SEMA7A, SERPINI1, SEZ6, SH3GL3, SIRT2, SLC1A2, SLC32A1, SLC45A3, SLC6A17, SOX8, SPTBN2, SSTR1, SSTR3, SYNGR3, TAGLN3, TPPP, TTBK1, TTPA, TYRO3, UGT8, UQCRQ, VPS51, WNT7B, YWHAE, ZNF365, ZNF488
GO:0022604	regulation of cell morphogenesis	243	25	12.01	4.4e-4	0.024313548387096776	0.102880658436214	ARC, ARHGEF18, CACNG7, CAMK2B, COCH, CORO1A, DLG4, DMTN, ERMN, FAM171A1, IL1RAPL1, ITPKA, MARK2, MFSD2A, NTNG2, PALM, PLXNB3, PTPRD, RIMS1, RNF157, SEMA3E, SEMA4D, SEPTIN7, SYT1, UNC13A
GO:0030072	peptide hormone secretion	240	24	11.86	8.4e-4	0.0431676	0.1	ACVR1C, BRSK2, CAPN10, CHGA, CPLX1, CPLX3, CRHR1, EDN3, EPHA5, GCK, GNAZ, HTR2C, IRS2, NOS2, PARK7, PRKCB, PTPRN, RAB3A, RAPGEF4, SMPD3, SNAP25, STX1A, VGF, VSNL1
GO:0060322	head development	772	75	38.16	1.4e-8	2.15838e-6	0.09715025906735751	AATK, ADGRG1, AGTPBP1, APLP1, ATAT1, BCL11B, BTBD3, CA10, CALM1, CDK5R1, CDK5R2, CELSR2, CEND1, CHD5, CKB, CNP, CNTNAP2, CX3CR1, DSCAML1, E2F1, EPHA5, EPHB1, FAIM2, FEZ1, FEZF2, FOXG1, GIT1, GPR37L1, GRIN1, HES5, INA, IRS2, KCNA2, KCNC2, KIRREL3, KNDC1, MAST1, MEIS1, MFSD2A, NDST1, NEFL, NEUROD6, NFASC, NLGN4X, NRCAM, OLIG2, P2RY12, PCSK1, PEX5, POU3F3, PPP1R9B, PRDM8, ROGDI, RTN1, RTN3, RTN4, SEMA3E, SEMA6B, SEMA7A, SEZ6, SIRT2, SLC1A2, SLC32A1, SLC6A17, SPTBN2, SSTR1, SSTR3, SYNGR3, TTBK1, TYRO3, UQCRQ, VPS51, WNT7B, YWHAE, ZNF365
GO:0032940	secretion by cell	817	79	40.38	7.1e-9	1.140215625e-6	0.0966952264381885	ACVR1C, APBB1, BRSK1, BRSK2, CAMK2A, CAPN10, CBARP, CDK5R2, CHGA, CHRNA4, CLASP2, CORO1A, CPLX1, CPLX2, CPLX3, CRHR1, CSPG5, CYP51A1, EDN3, EPHA5, ERC2, GCK, GIT1, GNAZ, HRH3, HTR2C, IL1RAPL1, IRS2, KCNA2, KCNMB4, KCNQ3, LGI3, MYO18A, NAPB, NOS2, NRXN1, NRXN2, PARD6A, PARK7, PCSK1, PINK1, PPFIA3, PRKCB, PRKCG, PTPRN, RAB26, RAB3A, RAP1GDS1, RAPGEF4, RIMS1, RPH3A, SCAMP5, SCRN1, SEPTIN4, SEPTIN5, SERGEF, SLC32A1, SMPD3, SNAP25, SNCA, SRCIN1, STX1A, STX1B, STXBP5L, SV2A, SYN1, SYN2, SYNGR3, SYP, SYT1, SYT11, SYT13, SYT5, TYRO3, UNC13A, UNC13C, VAMP2, VGF, VSNL1
GO:0140352	export from cell	883	85	43.64	2.3e-9	4.1716588235294117e-7	0.09626274065685164	ACVR1C, APBB1, ATP1A3, BRSK1, BRSK2, CALM1, CAMK2A, CAPN10, CBARP, CDK5R2, CHGA, CHRNA4, CLASP2, CORO1A, CPLX1, CPLX2, CPLX3, CRHR1, CSPG5, CYP51A1, EDN3, EPHA5, ERC2, GCK, GIT1, GNAZ, HRH3, HTR2C, IL1RAPL1, IRS2, KCNA2, KCNIP2, KCNMB4, KCNQ3, LGI3, MYO18A, NAPB, NOS2, NRXN1, NRXN2, PARD6A, PARK7, PCSK1, PINK1, PPFIA3, PRKCB, PRKCG, PTPRN, RAB26, RAB3A, RAP1GDS1, RAPGEF4, RIMS1, RPH3A, SCAMP5, SCRN1, SEPTIN4, SEPTIN5, SERGEF, SLC32A1, SLC38A5, SLC8A2, SMPD3, SNAP25, SNCA, SRCIN1, STX1A, STX1B, STXBP5L, SV2A, SYN1, SYN2, SYNGR3, SYP, SYT1, SYT11, SYT13, SYT5, TYRO3, UNC13A, UNC13C, VAMP2, VGF, VSNL1, YWHAE
GO:0044089	positive regulation of cellular component biogenesis	504	48	24.91	1.1e-5	9.47413407821229e-4	0.09523809523809523	ADGRB1, ANLN, APC, ASIC2, ATAT1, BIN1, CALY, CDK5R1, CHGA, CLASP2, CNTNAP2, DCTN1, DNM3, EPHB1, EVL, FUZ, GIT1, GPM6A, IL1RAPL1, KCTD17, LRRC24, LRRC4B, LRRTM3, LRTM2, NAV3, NEURL1, NLGN3, NRXN1, P2RY12, PALM, PARK7, PINK1, PIP4K2B, PPM1E, PPP2R5B, PSRC1, PTPRD, SEMA4D, SEPTIN7, SLITRK1, SLITRK2, SLITRK3, SLITRK4, SMPD3, SNCA, STUB1, TPPP, TTBK1
GO:0034765	regulation of monoatomic ion transmembrane transport	327	31	16.16	4.1e-4	0.022819386281588448	0.09480122324159021	ACTN2, AKAP6, ANK3, ASIC2, BIN1, CALM1, CBARP, CORO1A, CRHR1, DPP10, DPP6, EDN3, FGF12, GRIN1, GRM5, HECW2, HOMER1, HPCA, JPH3, JPH4, KCNAB3, KCNC2, KCNIP2, KCNIP3, KCNJ3, KCNJ9, NLGN3, RGS4, SNCA, VAMP2, YWHAE
GO:0034220	monoatomic ion transmembrane transport	993	93	49.08	1.5e-9	2.855e-7	0.09365558912386707	ACTN2, AKAP6, ANK3, ANO4, ASIC2, ASIC3, ATP1A3, ATP2B2, ATP6V0E2, ATP8A1, BHLHA15, BIN1, CACNA1E, CACNA1I, CACNG2, CACNG3, CACNG7, CACNG8, CALM1, CBARP, CHRNA4, CLCN4, CNGB1, CORO1A, COX4I1, CRHR1, DPP10, DPP6, EDN3, FGF12, GABRA2, GABRA3, GABRG1, GLRB, GP1BB, GPM6A, GRIA2, GRID1, GRIK4, GRIN1, GRM5, HCN2, HECW2, HOMER1, HPCA, HTR2C, JPH3, JPH4, KCNA2, KCNAB3, KCNB2, KCNC2, KCND2, KCNF1, KCNH3, KCNIP2, KCNIP3, KCNJ3, KCNJ9, KCNK10, KCNMB4, KCNN1, KCNQ2, KCNQ3, LRRC8B, NCS1, NIPA1, NIPAL3, NLGN3, PANX2, PLCH2, PLLP, RGS4, SFXN5, SLC12A5, SLC17A7, SLC1A2, SLC1A3, SLC24A2, SLC25A4, SLC32A1, SLC38A5, SLC6A1, SLC6A12, SLC6A17, SLC8A2, SNAP25, SNCA, TMC7, TTYH1, VAMP2, YWHAE, ZACN
GO:0030001	metal ion transport	863	80	42.66	3.7e-8	5.28175e-6	0.09269988412514485	ACTN2, AKAP6, ANK3, ASIC2, ASIC3, ATP1A3, ATP2B2, BHLHA15, BIN1, CACNA1E, CACNA1I, CACNG2, CACNG3, CACNG7, CACNG8, CALM1, CAMK2A, CAMK2B, CBARP, CHRNA4, CORO1A, CRHR1, DPP10, DPP6, EDN3, FGF12, GCK, GP1BB, GPM6A, GRIN1, HCN2, HECW2, HOMER1, HPCA, HTR2C, JPH3, JPH4, KCNA2, KCNAB3, KCNB2, KCNC2, KCND2, KCNF1, KCNH3, KCNIP2, KCNIP3, KCNJ3, KCNJ9, KCNK10, KCNMB4, KCNN1, KCNQ2, KCNQ3, MCHR1, MLLT6, NCS1, NECTIN1, NIPA1, NIPAL3, NKAIN1, NKAIN2, NKAIN4, PLCH2, PRKCB, RGS4, SLC12A5, SLC17A7, SLC1A3, SLC22A17, SLC24A2, SLC38A5, SLC6A1, SLC6A12, SLC6A17, SLC8A2, SNAP25, SNCA, TTYH1, VAMP2, YWHAE
GO:0043269	regulation of monoatomic ion transport	446	41	22.04	1e-4	0.006560425531914894	0.09192825112107623	ACTN2, AKAP6, ANK3, ASIC2, BIN1, CALM1, CAMK2A, CAMK2B, CBARP, CORO1A, CRHR1, DPP10, DPP6, EDN3, FGF12, GCK, GRIN1, GRM5, HECW2, HOMER1, HPCA, HRH3, JPH3, JPH4, KCNAB3, KCNC2, KCNIP2, KCNIP3, KCNJ3, KCNJ9, MCHR1, MLLT6, NKAIN1, NKAIN2, NKAIN4, NLGN3, P2RY12, RGS4, SNCA, VAMP2, YWHAE
GO:0010959	regulation of metal ion transport	370	34	18.29	3.9e-4	0.021784891304347825	0.0918918918918919	ACTN2, AKAP6, ANK3, BIN1, CALM1, CAMK2A, CAMK2B, CBARP, CORO1A, CRHR1, DPP10, DPP6, EDN3, FGF12, GCK, GRIN1, HECW2, HOMER1, HPCA, JPH3, JPH4, KCNAB3, KCNC2, KCNIP2, KCNIP3, MCHR1, MLLT6, NKAIN1, NKAIN2, NKAIN4, RGS4, SNCA, VAMP2, YWHAE
GO:0051049	regulation of transport	1573	144	77.75	1.3e-13	4.555022727272727e-11	0.09154481881754609	ABCA2, ACTN2, ACVR1C, AKAP6, ANK3, ANKRD13D, APBB1, ARC, ASIC2, ATP8A1, BIN1, BRSK2, BSN, BTBD9, CACNG2, CACNG3, CACNG7, CACNG8, CALM1, CALY, CAMK2A, CAMK2B, CAPN10, CBARP, CDH13, CDK5R1, CDK5R2, CHGA, CHRNA4, CLASP2, CNIH2, CORO1A, CPLX1, CPLX2, CPLX3, CRHR1, CSPG5, CYP51A1, DGKD, DISP3, DLG4, DNAJC6, DNM3, DPP10, DPP6, EDN3, EPHA5, ERBB3, ERC2, FEZ1, FGF12, FIS1, GCK, GIT1, GNAZ, GRIN1, GRIPAP1, GRM5, HECW2, HOMER1, HPCA, HRH3, HTR2C, ICA1, IL1RAPL1, INSIG1, IRS2, JPH3, JPH4, KCNA2, KCNAB3, KCNC2, KCNIP2, KCNIP3, KCNJ3, KCNJ9, KCNMB4, LGI3, MAPK8IP2, MCHR1, MLLT6, MYO18A, NDRG4, NECAB2, NKAIN1, NKAIN2, NKAIN4, NLGN3, NOS2, P2RY12, PACSIN1, PARD6A, PARK7, PCSK1, PINK1, PRKAR1B, PRKCB, PRKCG, PRKCZ, PTPRN, RAB26, RAB3A, RAB4B, RAP1GDS1, RAPGEF4, RGS4, RIMS1, RPH3A, RTN2, RUFY3, SCAMP5, SCRN1, SEPTIN4, SEPTIN5, SERGEF, SH3GL3, SHANK1, SHISA7, SHISA8, SLC17A7, SLC1A2, SLC25A4, SLC6A1, SLC7A5, SMPD3, SNAP25, SNAP91, SNCA, SORL1, STX1A, STX1B, STXBP5L, SV2A, SYN1, SYNGR3, SYP, SYT1, SYT11, SYT13, SYT5, TNK2, VAMP2, VSNL1, YWHAE
GO:0031346	positive regulation of cell projection organization	353	32	17.45	7.2e-4	0.03724912751677852	0.0906515580736544	ANLN, APBB1, APC, CAMK2B, CDH4, DLG4, DNM3, FEZ1, FUZ, GPM6A, IL1RAPL1, ISLR2, ITPKA, KCTD17, L1CAM, MARK2, NDRG4, NEFL, NEURL1, P2RY12, PACSIN1, PALM, PLXNB3, PPP2R5B, PTPRD, RUFY3, SEMA4D, SEMA7A, SEPTIN7, SERPINI1, SHTN1, SLITRK1
GO:0098655	monoatomic cation transmembrane transport	817	74	40.38	3.1e-7	3.7338046874999996e-5	0.09057527539779682	ACTN2, AKAP6, ANK3, ASIC2, ASIC3, ATP1A3, ATP2B2, ATP6V0E2, ATP8A1, BHLHA15, BIN1, CACNA1E, CACNA1I, CACNG2, CACNG3, CACNG7, CACNG8, CALM1, CBARP, CNGB1, CORO1A, COX4I1, CRHR1, DPP10, DPP6, EDN3, FGF12, GP1BB, GPM6A, GRIN1, HCN2, HECW2, HOMER1, HPCA, HTR2C, JPH3, JPH4, KCNA2, KCNAB3, KCNB2, KCNC2, KCND2, KCNF1, KCNH3, KCNIP2, KCNIP3, KCNJ3, KCNJ9, KCNK10, KCNMB4, KCNN1, KCNQ2, KCNQ3, NCS1, NIPA1, NIPAL3, PLCH2, RGS4, SLC12A5, SLC17A7, SLC1A3, SLC24A2, SLC25A4, SLC32A1, SLC38A5, SLC6A1, SLC6A12, SLC6A17, SLC8A2, SNAP25, SNCA, TTYH1, VAMP2, YWHAE
GO:0044087	regulation of cellular component biogenesis	963	87	47.6	2.9e-8	4.217858490566038e-6	0.09034267912772585	ADD2, ADGRB1, ANLN, APC, ARHGEF18, ARHGEF9, ASIC2, ATAT1, BIN1, CALY, CCSAP, CDK5R1, CHGA, CLASP2, CNTNAP2, CORO1A, CORO2B, CYFIP2, DCTN1, DMTN, DNAJC6, DNM3, EML2, EPHB1, EVI5L, EVL, FEZ1, FUZ, GIT1, GPM6A, HSPA2, ICAM5, IL1RAPL1, INSM1, KCTD17, LHFPL4, LRFN1, LRRC24, LRRC4B, LRRTM3, LRTM2, LZTS1, MEGF9, NAPB, NAV3, NECTIN1, NEURL1, NLGN3, NRXN1, NTNG2, P2RY12, PALM, PARK7, PEX5, PINK1, PIP4K2B, PLXNB3, PODXL, PPM1E, PPP1R16B, PPP2R5B, PREX1, PRKCZ, PSRC1, PTPRD, RAP1GAP, SEMA4D, SEPTIN7, SHANK1, SIRT2, SLITRK1, SLITRK2, SLITRK3, SLITRK4, SMPD3, SNAP25, SNCA, SORL1, SPTBN2, STMN1, STUB1, STX1A, STX1B, TMEFF2, TPPP, TTBK1, TUBB4A
GO:0098662	inorganic cation transmembrane transport	796	71	39.34	9.5e-7	1.0387340425531915e-4	0.08919597989949749	ACTN2, AKAP6, ANK3, ASIC2, ASIC3, ATP1A3, ATP2B2, ATP6V0E2, BHLHA15, BIN1, CACNA1E, CACNA1I, CACNG2, CACNG3, CACNG7, CACNG8, CALM1, CBARP, CORO1A, COX4I1, CRHR1, DPP10, DPP6, EDN3, FGF12, GP1BB, GPM6A, GRIN1, HCN2, HECW2, HPCA, HTR2C, JPH3, JPH4, KCNA2, KCNAB3, KCNB2, KCNC2, KCND2, KCNF1, KCNH3, KCNIP2, KCNIP3, KCNJ3, KCNJ9, KCNK10, KCNMB4, KCNN1, KCNQ2, KCNQ3, NCS1, NIPA1, NIPAL3, PLCH2, RGS4, SLC12A5, SLC17A7, SLC1A3, SLC24A2, SLC25A4, SLC32A1, SLC38A5, SLC6A1, SLC6A12, SLC6A17, SLC8A2, SNAP25, SNCA, TTYH1, VAMP2, YWHAE
GO:1902903	regulation of supramolecular fiber organization	383	34	18.93	7.2e-4	0.03724912751677852	0.08877284595300261	ACTN2, ADD2, APC, APC2, ARHGEF18, ARHGEF2, BIN1, CDK5R1, CHADL, CLASP2, CORO1A, CORO2B, CYFIP2, DCTN1, DMTN, EML2, EVL, GIT1, MAP6D1, MEGF9, NAV3, PARK7, PDXP, PFDN2, PPM1E, PREX1, PSRC1, RGS4, SHANK1, SNCA, SPTBN2, STMN1, TMEFF2, TUBB4A
GO:0046903	secretion	948	84	46.86	1.2e-7	1.594862068965517e-5	0.08860759493670886	ACVR1C, APBB1, BRSK1, BRSK2, CAMK2A, CAPN10, CBARP, CCKBR, CDK5R2, CELSR2, CHGA, CHRNA4, CLASP2, CORO1A, CPLX1, CPLX2, CPLX3, CRHR1, CSPG5, CYP51A1, EDN3, EPHA5, ERBB3, ERC2, GCK, GIT1, GNAZ, HRH3, HTR2C, IL1RAPL1, IRS2, KCNA2, KCNMB4, KCNQ3, LGI3, MYO18A, NAPB, NEURL1, NOS2, NRXN1, NRXN2, PARD6A, PARK7, PCSK1, PINK1, PPFIA3, PRKCB, PRKCG, PTPRN, RAB26, RAB3A, RAP1GDS1, RAPGEF4, RIMS1, RPH3A, SCAMP5, SCRN1, SEPTIN4, SEPTIN5, SERGEF, SLC32A1, SLC6A1, SMPD3, SNAP25, SNCA, SRCIN1, STX1A, STX1B, STXBP5L, SV2A, SYN1, SYN2, SYNGR3, SYP, SYT1, SYT11, SYT13, SYT5, TYRO3, UNC13A, UNC13C, VAMP2, VGF, VSNL1
GO:0051128	regulation of cellular component organization	2404	213	118.82	9.3e-19	5.120646428571429e-16	0.08860232945091515	ABCA2, ABHD17A, ACAP3, ACTL6B, ACTN2, ADD2, ADGRB1, ADGRL1, AKAP6, ANKRD13D, ANLN, APBB1, APC, APC2, ARC, ARHGAP33, ARHGEF18, ARHGEF2, ARHGEF9, ASIC2, ATAT1, ATP8A1, AURKAIP1, BAP1, BCL2L2, BIN1, BRSK1, BRSK2, BTBD9, C1QL2, CACNG7, CALY, CAMK2B, CAMKK2, CAMKV, CAPN10, CCDC85B, CCSAP, CDH13, CDH4, CDK11B, CDK5R1, CDKN2D, CHADL, CLASP2, CNTNAP2, CORO1A, CORO2B, CPLX1, CPLX2, CPLX3, CSMD3, CYFIP2, DACT3, DCTN1, DCUN1D5, DGKD, DGKG, DLG4, DMTN, DNAJC6, DNM3, DPYSL5, EDN3, EHD3, EML2, EPHA5, EPHB1, ERC2, ERMN, EVI5L, EVL, FBXW7, FEZ1, FEZF2, FIGNL2, FIS1, FKBP8, FRMPD4, FSD1, FUZ, GIT1, GNG4, GPM6A, GRID1, GRIPAP1, HECW2, HOMER1, HPCA, HSPA2, ICAM5, IL1RAPL1, INSM1, ISLR2, ITPKA, KCTD17, KIAA0319, KIF1A, KLK6, KNDC1, L1CAM, LHFPL4, LRFN1, LRRC24, LRRC4B, LRRTM3, LRTM2, LZTS1, LZTS3, MAG, MAP6D1, MARK2, MEGF9, MFSD2A, MYO18A, NAPB, NAV3, NCAPH2, NCS1, NDRG4, NDUFA13, NECAB2, NECTIN1, NEFL, NEURL1, NGEF, NLGN3, NOVA2, NPM2, NRCAM, NRXN1, NTNG2, OLFM1, P2RY12, PACSIN1, PALM, PARK7, PCDH8, PDXP, PEX5, PFDN2, PINK1, PIP4K2B, PKMYT1, PLXNB3, PODXL, PPM1E, PPP1R16B, PPP1R9B, PPP2R5B, PREX1, PRKCG, PRKCQ, PRKCZ, PSRC1, PTPRD, RAB3A, RAB4B, RAP1GAP, RAP1GDS1, RGS4, RHOF, RIMS1, RNF157, RTN4, RTN4RL2, RUFY3, SCAMP5, SEMA3E, SEMA4B, SEMA4D, SEMA6B, SEMA7A, SEPTIN7, SERPINI1, SEZ6, SH3GL3, SHANK1, SHANK2, SHTN1, SIRT2, SLC17A7, SLC25A4, SLITRK1, SLITRK2, SLITRK3, SLITRK4, SMPD3, SNAP25, SNAP91, SNCA, SORL1, SPTBN2, SRCIN1, STMN1, STMN4, STUB1, STX1A, STX1B, SYT1, SYT11, TFPT, TMEFF2, TNK2, TOM1L2, TP53TG5, TPPP, TRIM36, TTBK1, TUBB4A, UNC13A, XK, ZNF365
GO:0007264	small GTPase-mediated signal transduction	497	44	24.57	1.4e-4	0.00891892561983471	0.08853118712273642	ABR, ADGRG1, ARFGEF3, ARHGAP33, ARHGAP39, ARHGDIG, ARHGEF18, ARHGEF2, ARHGEF4, ARHGEF9, CDH13, DHCR24, DOCK3, DOK6, ELMO1, GIT1, GPR17, KNDC1, MMD2, NGEF, PARK7, PLEKHG3, PREX1, PSD, PSD3, RAB33A, RAB39B, RAB4B, RALGPS1, RAP1GAP, RAP1GAP2, RAPGEF4, RAPGEF5, RAPGEFL1, RASGEF1C, RASGRF1, RHOBTB2, RHOF, RUNDC3A, SEMA4D, SHTN1, SIPA1L2, STMN1, TNK2
GO:0098660	inorganic ion transmembrane transport	888	78	43.89	5e-7	5.6266423357664226e-5	0.08783783783783784	ACTN2, ADAMTS8, AKAP6, ANK3, ANO4, ASIC2, ASIC3, ATP1A3, ATP2B2, ATP6V0E2, BHLHA15, BIN1, CACNA1E, CACNA1I, CACNG2, CACNG3, CACNG7, CACNG8, CALM1, CBARP, CLCN4, CORO1A, COX4I1, CRHR1, DPP10, DPP6, EDN3, FGF12, GABRA2, GABRA3, GABRG1, GLRB, GP1BB, GPM6A, GRIN1, HCN2, HECW2, HPCA, HTR2C, JPH3, JPH4, KCNA2, KCNAB3, KCNB2, KCNC2, KCND2, KCNF1, KCNH3, KCNIP2, KCNIP3, KCNJ3, KCNJ9, KCNK10, KCNMB4, KCNN1, KCNQ2, KCNQ3, NCS1, NIPA1, NIPAL3, PLCH2, RGS4, SLC12A5, SLC17A7, SLC1A3, SLC24A2, SLC25A4, SLC32A1, SLC38A5, SLC6A1, SLC6A12, SLC6A17, SLC8A2, SNAP25, SNCA, TTYH1, VAMP2, YWHAE
GO:0043254	regulation of protein-containing complex assembly	411	36	20.31	6.5e-4	0.03420153583617747	0.08759124087591241	ADD2, ATAT1, BIN1, CALY, CDK5R1, CORO1A, CYFIP2, DCTN1, DMTN, DNAJC6, EML2, EVL, GIT1, INSM1, MEGF9, NAPB, NAV3, P2RY12, PARK7, PEX5, PINK1, PPP2R5B, PREX1, PRKCZ, PSRC1, SIRT2, SNCA, SORL1, SPTBN2, STMN1, STUB1, STX1A, STX1B, TPPP, TTBK1, TUBB4A
GO:0006811	monoatomic ion transport	1222	107	60.4	3.6e-9	6.1668e-7	0.08756137479541735	ACTN2, AKAP6, ANK3, ANO4, ASIC2, ASIC3, ATP1A3, ATP2B2, ATP6V0E2, ATP8A1, BHLHA15, BIN1, CACNA1E, CACNA1I, CACNG2, CACNG3, CACNG7, CACNG8, CALM1, CAMK2A, CAMK2B, CBARP, CHRNA4, CLCN4, CNGB1, CORO1A, COX4I1, CRHR1, DPP10, DPP6, EDN3, FGF12, GABRA2, GABRA3, GABRG1, GCK, GLRB, GP1BB, GPM6A, GRIA2, GRID1, GRIK4, GRIN1, GRM5, HCN2, HECW2, HOMER1, HPCA, HRH3, HTR2C, JPH3, JPH4, KCNA2, KCNAB3, KCNB2, KCNC2, KCND2, KCNF1, KCNH3, KCNIP2, KCNIP3, KCNJ3, KCNJ9, KCNK10, KCNMB4, KCNN1, KCNQ2, KCNQ3, LRRC8B, MCHR1, MLLT6, NCS1, NECTIN1, NIPA1, NIPAL3, NKAIN1, NKAIN2, NKAIN4, NLGN3, P2RY12, PANX2, PLCH2, PLLP, PRKCB, RGS4, SFXN5, SLC12A5, SLC17A7, SLC1A2, SLC1A3, SLC1A6, SLC22A17, SLC24A2, SLC25A4, SLC32A1, SLC38A5, SLC6A1, SLC6A12, SLC6A17, SLC8A2, SNAP25, SNCA, TMC7, TTYH1, VAMP2, YWHAE, ZACN
GO:0048731	system development	3920	343	193.76	1e-30	1.5417000000000001e-27	0.0875	AATK, ABCA2, ACAP3, ACO2, ACSL6, ACTL6B, ACTN2, ACVR1C, ADAMTS18, ADAMTS4, ADCY1, ADD2, ADGRB1, ADGRB2, ADGRG1, ADGRL1, AGTPBP1, AKAP6, ANK3, ANOS1, APBA2, APBB1, APC, APC2, APLP1, ARC, ARHGAP33, ARHGEF2, ARHGEF9, ARMC5, ASIC2, ASTN1, ATAT1, ATCAY, ATP2B2, BCHE, BCL11B, BCL2L2, BEX1, BHLHA15, BIN1, BMP8B, BRINP3, BRSK1, BRSK2, BSN, BTBD3, C1QL2, CA10, CACNG7, CADM1, CALM1, CAMK2A, CAMK2B, CCK, CCKBR, CDH13, CDH4, CDH9, CDK5R1, CDK5R2, CELSR2, CEND1, CHADL, CHD5, CHST8, CKB, CNGB1, CNP, CNTN2, CNTNAP2, CPLX2, CRB1, CRB2, CRHR1, CSMD3, CSPG5, CX3CR1, CYFIP2, DCTN1, DCX, DGKG, DHCR24, DISP3, DLG4, DNER, DNM3, DNMT3A, DPYSL2, DPYSL5, DSCAML1, E2F1, EDN3, EGR3, EIF4E, ELAVL3, EPHA10, EPHA5, EPHB1, EPHB6, ERBB3, EVL, FA2H, FAIM2, FBXW7, FEZ1, FEZF2, FGF12, FGFR3, FIGNL2, FKBP8, FLRT1, FOXG1, FUZ, GABRA2, GABRA3, GABRG1, GAS7, GDA, GIT1, GJB1, GLRB, GPM6A, GPR17, GPR37, GPR37L1, GPRIN1, GRIN1, GRM5, HAPLN2, HDAC11, HDAC5, HECW2, HES5, HPCA, HPCAL4, ICAM5, IL1RAPL1, INA, INSIG1, INSM1, IRS2, ISLR2, ITPK1, ITPKA, KCNA2, KCNC2, KCNIP2, KCNQ2, KCNQ3, KIAA0319, KIF1A, KIF5A, KIF5C, KIRREL3, KLK6, KNDC1, L1CAM, LGI4, LHFPL4, LRFN1, LRRC24, LRRC4, LRRC4B, LRRTM3, LRTM2, LY6H, LZTS1, LZTS3, MAG, MAPK8IP2, MARK2, MAST1, MEGF11, MEIS1, MFSD2A, MMD2, MOG, MYOM2, MYRF, NAV3, NCAM1, NCAM2, NCAN, NCS1, NDRG4, NDST1, NECTIN1, NEFL, NELL1, NELL2, NEURL1, NEUROD6, NFASC, NGEF, NLGN3, NLGN4X, NOVA2, NPTX1, NRCAM, NRGN, NRSN1, NRXN1, NRXN2, NSD2, NSDHL, NTM, NTNG2, NYAP1, OLFM1, OLIG2, OMG, OPALIN, OPCML, P2RY12, PACSIN1, PAK6, PALM, PCDH1, PCDH10, PCDH17, PCDHA1, PCDHA13, PCDHA2, PCDHA5, PCDHA6, PCDHA7, PCDHA9, PCDHB15, PCDHB8, PCP4, PCSK1, PCYT1B, PDE6B, PEX5, PHOSPHO1, PLLP, PLPPR1, PLXNB3, PODXL, POPDC3, POU3F3, PPP1R16B, PPP1R9B, PPP2R5B, PRDM8, PREX1, PRKACB, PRKCB, PRKCG, PRKCQ, PRKCZ, PSD, PTH1R, PTPRD, PTPRN, RAB26, RAB3A, RAP1GAP, RAPGEF5, RAPGEFL1, RASGRF1, RGS4, RIMS1, RNF157, ROGDI, RTN1, RTN3, RTN4, RTN4RL2, RUFY3, RXFP1, S1PR5, SCRT1, SEMA3E, SEMA4B, SEMA4D, SEMA6B, SEMA7A, SEPTIN4, SERF1B, SERPINI1, SEZ6, SEZ6L2, SH3GL3, SHANK1, SHANK2, SHTN1, SIRT2, SLC12A5, SLC17A7, SLC1A2, SLC1A3, SLC32A1, SLC45A3, SLC6A17, SLC7A5, SLITRK1, SLITRK2, SLITRK3, SLITRK4, SMPD3, SNAP25, SNCA, SORL1, SOX8, SPNS2, SPTBN2, SRCIN1, SRPK2, SSTR1, SSTR3, STMN1, STMN4, STX1B, SULT4A1, SYN1, SYNGR3, SYT1, TAGLN3, TBCB, TFPT, TMEM59L, TPPP, TTBK1, TTLL7, TTPA, TYRO3, UGT8, UNC13A, UNC5A, UNC5B, UQCRQ, VASH1, VGF, VPS51, VXN, WNT7B, XK, YWHAE, ZNF365, ZNF488, ZNF536
GO:0016049	cell growth	485	42	23.97	3.1e-4	0.017833097014925373	0.0865979381443299	AKAP6, BAP1, CACNG7, CCDC85B, CDH4, CDK11B, CDKN2D, CYFIP2, DACT3, DCUN1D5, EDN3, FLRT1, GNG4, ISLR2, KIAA0319, L1CAM, MAG, MEIS1, MFSD2A, NDUFA13, NLGN3, NRCAM, OLFM1, PAK6, PPP1R9B, PRKCQ, PRKCZ, PSRC1, RGS4, RIMS1, RNF157, RTN4, RUFY3, SEMA3E, SEMA4B, SEMA4D, SEMA6B, SEMA7A, SHTN1, SYT1, TP53TG5, UNC13A
GO:0006812	monoatomic cation transport	1009	87	49.87	2.3e-7	2.8596048387096774e-5	0.08622398414271557	ACTN2, AKAP6, ANK3, ASIC2, ASIC3, ATP1A3, ATP2B2, ATP6V0E2, ATP8A1, BHLHA15, BIN1, CACNA1E, CACNA1I, CACNG2, CACNG3, CACNG7, CACNG8, CALM1, CAMK2A, CAMK2B, CBARP, CHRNA4, CNGB1, CORO1A, COX4I1, CRHR1, DPP10, DPP6, EDN3, FGF12, GCK, GP1BB, GPM6A, GRIN1, HCN2, HECW2, HOMER1, HPCA, HTR2C, JPH3, JPH4, KCNA2, KCNAB3, KCNB2, KCNC2, KCND2, KCNF1, KCNH3, KCNIP2, KCNIP3, KCNJ3, KCNJ9, KCNK10, KCNMB4, KCNN1, KCNQ2, KCNQ3, MCHR1, MLLT6, NCS1, NECTIN1, NIPA1, NIPAL3, NKAIN1, NKAIN2, NKAIN4, PANX2, PLCH2, PRKCB, RGS4, SLC12A5, SLC17A7, SLC1A3, SLC22A17, SLC24A2, SLC25A4, SLC32A1, SLC38A5, SLC6A1, SLC6A12, SLC6A17, SLC8A2, SNAP25, SNCA, TTYH1, VAMP2, YWHAE
GO:0055085	transmembrane transport	1501	127	74.19	8.7e-10	1.8125391891891892e-7	0.08461025982678215	ABCA2, ACTN2, ADAMTS8, AKAP6, ANK3, ANO4, ASIC2, ASIC3, ATP1A3, ATP2B2, ATP6V0E2, ATP8A1, BHLHA15, BIN1, CACNA1E, CACNA1I, CACNG2, CACNG3, CACNG7, CACNG8, CALM1, CAPN10, CBARP, CHRNA4, CLCN4, CNGB1, CNIH2, CORO1A, COX4I1, CRHR1, DLG4, DPP10, DPP6, EDN3, FGF12, GABRA2, GABRA3, GABRG1, GJB1, GLRB, GP1BB, GPM6A, GRIA2, GRID1, GRIK4, GRIN1, GRM5, HCN2, HECW2, HOMER1, HPCA, HTR2C, IRS2, JPH3, JPH4, KCNA2, KCNAB3, KCNB2, KCNC2, KCND2, KCNF1, KCNH3, KCNIP2, KCNIP3, KCNJ3, KCNJ9, KCNK10, KCNMB4, KCNN1, KCNQ2, KCNQ3, LRRC8B, MAPK8IP2, MFSD2A, MFSD4A, NCS1, NIPA1, NIPAL3, NLGN3, PANX2, PEX10, PEX5, PEX5L, PLCH2, PLLP, POU3F3, PPBP, PRKCB, RAB4B, RGS4, RTN2, SEC61A2, SFXN5, SHANK1, SHISA7, SHISA8, SLC12A5, SLC17A7, SLC1A2, SLC1A3, SLC1A6, SLC22A17, SLC24A2, SLC25A4, SLC25A48, SLC32A1, SLC35F1, SLC38A5, SLC45A1, SLC45A3, SLC6A1, SLC6A12, SLC6A17, SLC7A10, SLC7A14, SLC7A5, SLC8A2, SNAP25, SNCA, SPNS2, SV2A, TMC7, TOMM7, TTYH1, VAMP2, YWHAE, ZACN
GO:0051129	negative regulation of cellular component organization	713	60	35.24	3.9e-5	0.0028906875	0.08415147265077139	ABCA2, ADD2, ANKRD13D, APC, APC2, ARHGEF18, ARHGEF2, AURKAIP1, BCL2L2, CHADL, CLASP2, CORO1A, CORO2B, DLG4, DMTN, DNM3, DPYSL5, EML2, EVI5L, EVL, FEZ1, FIGNL2, HSPA2, KIAA0319, MAG, MAP6D1, NAV3, NECAB2, NGEF, PACSIN1, PARK7, PEX5, PFDN2, PINK1, PLXNB3, PRKCZ, RAP1GAP, RTN4, RTN4RL2, RUFY3, SCAMP5, SEMA3E, SEMA4B, SEMA4D, SEMA6B, SEMA7A, SH3GL3, SHANK1, SIRT2, SLC25A4, SNCA, SORL1, SPTBN2, STMN1, STX1B, SYT11, TMEFF2, TOM1L2, TUBB4A, ZNF365
GO:0065008	regulation of biological quality	2796	234	138.2	1.2e-17	5.967870967741935e-15	0.08369098712446352	ABHD17A, ACTN2, ACVR1C, ADAMTS18, ADCY1, ADD2, ADGRB1, ADGRL1, AKAP6, ANK3, ANO4, ARC, ARHGAP33, ARHGEF18, ASIC2, ATP1A3, ATP6V0E2, ATP8A1, BCHE, BCL2L2, BIN1, BRSK1, BRSK2, C1QL2, CACNA1I, CACNG2, CACNG3, CACNG7, CACNG8, CALB2, CALM1, CALY, CAMK2A, CAMK2B, CAMKV, CAPN10, CCKBR, CDH4, CDK5R1, CELSR2, CHGA, CHRNA4, CHST8, CNGB1, CNP, COCH, CORO1A, CORO2B, CPLX1, CPLX2, CPLX3, CRHR1, CRYM, CX3CR1, CYFIP2, DCTN1, DGKB, DGKD, DGKG, DGKZ, DHCR7, DLG4, DMTN, DNM3, E2F1, ECSIT, EDN3, EHD3, EPHA5, EPHB1, ERC2, ERMN, EVL, FAAH, FAM171A1, FBXW7, FGF12, FIS1, FRMPD4, GABRA2, GABRA3, GABRG1, GCK, GLRB, GNAZ, GNG3, GP1BB, GPHN, GPIHBP1, GPM6A, GPR37L1, GRIA2, GRID1, GRIK4, GRIN1, GRIPAP1, GRM5, HBB, HCN2, HOMER1, HPCA, HSD17B6, HTR2C, ICAM5, IL1RAPL1, IRS2, ISLR2, ITPK1, ITPKA, JPH3, JPH4, KCNA2, KCNC2, KCND2, KCNH3, KCNIP2, KCNJ3, KCNJ9, KCNK10, KCNMB4, KCNQ3, KIAA0319, KIF1A, KLK6, L1CAM, LHFPL4, LRFN1, LRRC24, LRRC4B, LRRTM3, LRTM2, LZTS1, LZTS3, MAG, MAPK8IP2, MARK2, MCHR1, MEGF9, MFSD2A, MLLT6, MPP2, NECTIN1, NEFL, NEURL1, NGEF, NLGN3, NLGN4X, NLK, NOS2, NPTX1, NRCAM, NRXN1, NTNG2, NTSR2, OLFM1, P2RY12, PALM, PARK7, PCDH8, PCSK1, PDIA2, PDXP, PFDN2, PINK1, PLXNB3, POPDC3, PPFIA3, PREX1, PRKACB, PRKAR1B, PRKCB, PRKCG, PRKCQ, PRKCZ, PTPRD, PTPRN, RAB3A, RAP1GAP2, RAP1GDS1, RAPGEF4, RASGRF1, RGS4, RGS7BP, RIMS1, RTN4, RUFY3, S1PR4, SEMA3E, SEMA4B, SEMA4D, SEMA6B, SEMA7A, SEPTIN7, SERF1B, SEZ6, SHANK1, SHANK2, SHISA7, SHISA8, SHTN1, SLC12A5, SLC17A7, SLC1A6, SLC24A2, SLC25A4, SLC7A5, SLC8A2, SLITRK1, SLITRK2, SLITRK3, SLITRK4, SMPD3, SNAP25, SNCA, SORCS2, SOX8, SPTBN2, SRCIN1, SST, STUB1, STX1A, STX1B, SYP, TOMM7, TYRO3, UNC13C, USP2, VAMP2, VGF, VSNL1, WNT7B, XK, YWHAE, ZACN
GO:0072657	protein localization to membrane	599	50	29.61	2.1e-4	0.012646757812500001	0.08347245409015025	ABHD17A, ACTN2, ANK3, C1QL2, CACNG2, CACNG3, CACNG7, CDK5R1, CLASP2, CPLX1, DLG2, DLG4, DMTN, DPP10, DPP6, EHD3, FIS1, GLRB, GPHN, GRIPAP1, HPCA, KCNB2, KCNIP3, LHFPL4, LRRC4, MADCAM1, NACAD, NDUFA13, NECAB2, NPTX1, NRXN1, NRXN2, PACSIN1, PALM, PEX5, PPP1R9B, PRKCZ, RAB26, RAB3A, RAB40B, RN7SL3, RTP5, SEC61A2, SHISA7, SLITRK3, SNAP25, SORL1, STX1B, TOMM7, VAMP2
GO:0032879	regulation of localization	1977	165	97.72	4.1e-12	1.2394058823529411e-9	0.0834597875569044	ABCA2, ABHD17A, ACTN2, ACVR1C, AKAP6, ANK3, ANKRD13D, APBB1, APC, ARC, ARHGDIG, ASIC2, ATCAY, ATP8A1, BAP1, BIN1, BRSK1, BRSK2, BSN, BTBD9, CACNG2, CACNG3, CACNG7, CACNG8, CALM1, CALY, CAMK2A, CAMK2B, CAPN10, CBARP, CDH13, CDK5R1, CDK5R2, CELSR2, CHGA, CHRNA4, CLASP2, CNIH2, CORO1A, CORO2B, CPLX1, CPLX2, CPLX3, CRHR1, CSPG5, CYP51A1, DGKD, DISP3, DLG4, DMTN, DNAJC6, DNM3, DPP10, DPP6, EDN3, EPHA5, ERBB3, ERC2, FBXW7, FEZ1, FGF12, FIS1, GCK, GIT1, GNAZ, GP1BB, GRIN1, GRIPAP1, GRM5, HECW2, HOMER1, HPCA, HRH3, HTR2C, ICA1, IL1RAPL1, INSIG1, IRS2, JPH3, JPH4, KCNA2, KCNAB3, KCNC2, KCNIP2, KCNIP3, KCNJ3, KCNJ9, KCNMB4, LGI3, MAPK8IP2, MCHR1, MGAT3, MLLT6, MMD2, MYO18A, NDRG4, NECAB2, NKAIN1, NKAIN2, NKAIN4, NLGN3, NOS2, NSD2, P2RY12, PACSIN1, PARD6A, PARK7, PCDH17, PCSK1, PINK1, PLCH2, PPP1R9B, PRKAR1B, PRKCB, PRKCG, PRKCZ, PTPRN, RAB26, RAB3A, RAB4B, RAP1GDS1, RAPGEF4, RGS4, RIMS1, RPH3A, RTN2, RTN4, RUFY3, SAPCD2, SCAMP5, SCRN1, SEPTIN4, SEPTIN5, SERGEF, SH3GL3, SHANK1, SHISA7, SHISA8, SLC17A7, SLC1A2, SLC25A4, SLC6A1, SLC7A5, SMPD3, SNAP25, SNAP91, SNCA, SORL1, STX1A, STX1B, STXBP5L, SV2A, SYN1, SYNGR3, SYP, SYT1, SYT11, SYT13, SYT5, TNK2, TOMM7, VAMP2, VSNL1, VSTM2A, YWHAE
GO:0061024	membrane organization	804	66	39.74	3.4e-5	0.0025445533980582523	0.08208955223880597	ADGRB1, ANK3, ANO4, ATP8A1, BCL2L2, BIN1, CAMK2A, CNP, CNTN2, CNTNAP2, CORO1A, CPLX1, CPLX2, CPLX3, CRB1, DCTN1, DHCR24, DLG4, DNM3, ELMO1, ERC2, FA2H, GLRB, GLTPD2, GPHN, IL1RAPL1, INSIG1, KCNIP2, LHFPL4, LRRC4, MEGF10, MFSD2A, MYO18A, MYRF, NDUFA13, NLGN3, NLGN4X, NRCAM, NRXN1, NRXN2, PACSIN1, PEX5, PINK1, PIP4K2B, PITPNM3, PRKCB, PTPRD, RAB3A, RIMS1, RTN4, RTP5, SHISA7, SIRT2, SLC25A4, SNAP25, SNAP91, SNCA, STX1A, STX1B, SYP, SYT1, SYT11, TMEFF2, TOMM7, TTPA, VAMP2
GO:0098657	import into cell	916	74	45.28	2e-5	0.0016314285714285714	0.08078602620087336	ABCA2, ADGRB1, ANKRD13D, APLP1, ARC, ATP1A3, BIN1, BTBD9, CACNA1E, CACNA1I, CACNG2, CACNG3, CACNG7, CACNG8, CALY, CDH13, CORO1A, DGKD, DLG4, DNAJC6, DNER, DNM3, DPYSL2, EHD3, ELMO1, FCHO1, HCN2, HPCA, ICAM5, IRS2, KCNJ3, KCNJ9, KCNQ3, LRRC8B, MEGF10, MYO18A, NECAB2, NLGN3, NLGN4X, PACSIN1, PARK7, PLD4, PRKCG, RAB4B, RGS4, RHOBTB2, SCAMP5, SH3GL3, SLC12A5, SLC17A7, SLC1A2, SLC1A3, SLC1A6, SLC24A2, SLC38A5, SLC6A1, SLC6A12, SLC7A5, SLC8A2, SNAP25, SNAP91, SNCA, SNCB, SORL1, STX1A, STX1B, SYNGR3, SYP, SYT1, SYT11, SYT5, TNK2, TYRO3, VAMP2
GO:0051668	localization within membrane	690	55	34.11	3.2e-4	0.01833992565055762	0.07971014492753623	ABHD17A, ACTN2, ANK3, C1QL2, CACNG2, CACNG3, CACNG7, CACNG8, CDH13, CDK5R1, CLASP2, CPLX1, DLG2, DLG4, DMTN, DPP10, DPP6, EHD3, FIS1, GLRB, GPHN, GRIPAP1, HPCA, KCNB2, KCNIP3, LHFPL4, LRRC4, MADCAM1, NACAD, NDRG4, NDUFA13, NECAB2, NPTX1, NRXN1, NRXN2, PACSIN1, PALM, PEX5, PPP1R9B, PRKCZ, RAB11FIP4, RAB26, RAB3A, RAB40B, RN7SL3, RTP5, SEC61A2, SHISA7, SLITRK3, SNAP25, SORL1, STX1B, TOMM7, VAMP2, VPS51
GO:0007275	multicellular organism development	4598	366	227.27	5.1e-26	4.36815e-23	0.07959982601130927	AATK, ABCA2, ACAP3, ACO2, ACSL6, ACTL6B, ACTN2, ACVR1C, ADAMTS18, ADAMTS4, ADCY1, ADD2, ADGRB1, ADGRB2, ADGRG1, ADGRL1, AGTPBP1, AKAP6, ANK3, ANOS1, APBA2, APBB1, APC, APC2, APLP1, ARC, ARHGAP33, ARHGDIG, ARHGEF2, ARHGEF9, ARMC5, ASIC2, ASTN1, ATAT1, ATCAY, ATP2B2, BAP1, BCHE, BCL11B, BCL2L2, BEX1, BHLHA15, BIN1, BMP8B, BRINP3, BRSK1, BRSK2, BSN, BTBD3, C1QL2, CA10, CACNG7, CADM1, CALM1, CAMK2A, CAMK2B, CAMK4, CCK, CCKBR, CCSAP, CDH13, CDH22, CDH4, CDH9, CDK5R1, CDK5R2, CELSR2, CEND1, CHADL, CHD5, CHST8, CKB, CLASP2, CNGB1, CNP, CNTN2, CNTNAP2, CPLX2, CRB1, CRB2, CRHR1, CSMD3, CSPG5, CX3CR1, CYFIP2, DCTN1, DCX, DGKG, DHCR24, DISP3, DLG2, DLG4, DNER, DNM3, DNMT3A, DPYSL2, DPYSL5, DSCAML1, E2F1, EDN3, EGR3, EIF4E, ELAVL3, EPHA10, EPHA5, EPHB1, EPHB6, ERBB3, ETV4, EVL, FA2H, FAIM2, FBLL1, FBXW7, FEZ1, FEZF2, FGF12, FGFR3, FIGNL2, FKBP8, FLRT1, FOXG1, FUT8, FUZ, GABRA2, GABRA3, GABRG1, GAS7, GDA, GIT1, GJB1, GLRB, GPM6A, GPR17, GPR37, GPR37L1, GPRIN1, GRIN1, GRM5, H4C15, H4C3, H4C5, HAPLN2, HDAC11, HDAC5, HECW2, HES5, HMGB3, HPCA, HPCAL4, ICAM5, IL1RAPL1, INA, INSIG1, INSM1, IRS2, ISLR2, ITPK1, ITPKA, KCNA2, KCNC2, KCNIP2, KCNQ2, KCNQ3, KIAA0319, KIF1A, KIF5A, KIF5C, KIRREL3, KLF13, KLK6, KNDC1, KREMEN2, L1CAM, LGI4, LHFPL4, LRFN1, LRRC24, LRRC4, LRRC4B, LRRTM3, LRTM2, LY6H, LZTS1, LZTS3, MAG, MAPK8IP2, MARK2, MAST1, MEGF11, MEIS1, MFSD2A, MMD2, MOG, MYOM2, MYRF, NAV3, NCAM1, NCAM2, NCAN, NCS1, NDRG4, NDST1, NECTIN1, NEFL, NELL1, NELL2, NEURL1, NEUROD6, NFASC, NGEF, NLGN3, NLGN4X, NOVA2, NPM2, NPTX1, NRCAM, NRGN, NRSN1, NRXN1, NRXN2, NSD2, NSDHL, NTM, NTNG2, NYAP1, OLFM1, OLIG2, OMG, OPALIN, OPCML, P2RY12, PACSIN1, PAK6, PALM, PCDH1, PCDH10, PCDH17, PCDH8, PCDHA1, PCDHA13, PCDHA2, PCDHA5, PCDHA6, PCDHA7, PCDHA9, PCDHB15, PCDHB8, PCP4, PCSK1, PCYT1B, PDE6B, PEX5, PHOSPHO1, PITHD1, PLLP, PLPPR1, PLXNB3, PODXL, POPDC3, POU3F3, PPP1R16B, PPP1R9B, PPP2R5B, PRDM8, PREX1, PRKACB, PRKCB, PRKCG, PRKCQ, PRKCZ, PSD, PTH1R, PTPRD, PTPRN, PTPRR, RAB26, RAB3A, RAP1GAP, RAPGEF5, RAPGEFL1, RASGRF1, RGS4, RIMS1, RNF157, ROGDI, RTN1, RTN3, RTN4, RTN4RL2, RUFY3, RXFP1, S1PR5, SCRT1, SEMA3E, SEMA4B, SEMA4D, SEMA6B, SEMA7A, SEPTIN4, SEPTIN7, SERF1B, SERPINI1, SEZ6, SEZ6L2, SH3GL3, SHANK1, SHANK2, SHTN1, SIRT2, SLC12A5, SLC17A7, SLC1A2, SLC1A3, SLC32A1, SLC45A3, SLC6A17, SLC7A5, SLITRK1, SLITRK2, SLITRK3, SLITRK4, SMPD3, SNAP25, SNCA, SORL1, SOX8, SPNS2, SPTBN2, SRCIN1, SRPK2, SSTR1, SSTR3, STMN1, STMN4, STOX2, STX1B, SULT4A1, SYN1, SYNGR3, SYT1, TAGLN3, TBCB, TFPT, TMEFF2, TMEM59L, TPPP, TTBK1, TTLL7, TTPA, TYRO3, UGT8, UNC13A, UNC5A, UNC5B, UQCRQ, VASH1, VGF, VPS51, VXN, WNT7B, XK, YWHAE, ZNF365, ZNF488, ZNF536
GO:0098609	cell-cell adhesion	947	75	46.81	3.4e-5	0.0025445533980582523	0.0791974656810982	ACTL6B, ADAMTS18, ADD2, ADGRL1, ANK3, ASTN1, CADM1, CDH13, CDH22, CDH4, CDH9, CDK5R1, CELSR2, CNTN2, CORO1A, CRB1, CRB2, CX3CR1, CYFIP2, DLG2, DLG4, DSCAML1, EGR3, FCHO1, HBB, ICAM5, IL1RAPL1, KIRREL3, L1CAM, LRRC4, LRRC4B, MADCAM1, MAG, MAGI1, MEGF10, MEGF11, NCAM2, NECTIN1, NFASC, NLGN3, NLGN4X, NRCAM, NRXN1, NRXN2, NTNG2, P2RY12, PCDH1, PCDH10, PCDH11X, PCDH17, PCDH8, PCDHA1, PCDHA13, PCDHA2, PCDHA5, PCDHA6, PCDHA7, PCDHA9, PCDHB15, PCDHB8, PDIA2, PLXNB3, PODXL, PODXL2, PRKCQ, PRKCZ, PTPRD, SEMA4D, SLITRK1, SLITRK2, SLITRK3, SPARCL1, TTYH1, TYRO3, WNT7B
GO:0048468	cell development	2783	220	137.56	9.2e-14	3.298520930232558e-11	0.07905138339920949	ABCA2, ACAP3, ACTL6B, ACTN2, ADCY1, ADD2, ADGRB1, AGPAT5, AGTPBP1, AKAP6, ANK3, ANLN, ANOS1, APBB1, APLP1, ARC, ARHGAP33, ARMC5, ATAT1, ATCAY, BAP1, BATF3, BCL11B, BHLHA15, BIN1, BRSK1, BRSK2, BTBD3, CABYR, CACNG7, CAMK2A, CAMK2B, CAMK4, CCK, CDH4, CDK5R1, CDK5R2, CELSR2, CHD5, CNGB1, CNP, CNTN2, CNTNAP2, CRB1, CRB2, CSMD3, CSPG5, CX3CR1, CYFIP2, DDX25, DGKG, DLG4, DMTN, DNER, DNM3, DNMT3A, DPYSL5, DSCAML1, EDN3, EGR3, EPHA10, EPHA5, EPHB1, EPHB6, ERBB3, FA2H, FASN, FBXW7, FEZ1, FEZF2, FIGNL2, FLRT1, FOXG1, GAS7, GIT1, GP1BB, GPM6A, GPR37, GPR37L1, GPRIN1, GRM5, H4C15, H4C3, H4C5, HAPLN2, HDAC11, HDAC5, HECW2, HES5, HMGB3, HOMER1, HSPA2, IL1RAPL1, INSM1, ISLR2, ITPKA, KCNIP2, KCNQ3, KIAA0319, KIF1A, KIF5A, KIF5C, KIRREL3, KLF13, KLK6, KNDC1, L1CAM, LGI4, LRTM2, LZTS1, LZTS3, MAG, MAPK8IP2, MARK2, MEGF10, MEIS1, MFSD2A, MYOM2, MYORG, MYRF, NCAM1, NCAM2, NCAN, NCAPH2, NCS1, NDRG4, NECTIN1, NEFL, NELL2, NEURL1, NEUROD6, NFASC, NGEF, NLGN3, NOVA2, NPM2, NPTX1, NRCAM, NRXN1, NTM, NTNG2, NYAP1, OLFM1, OLIG2, OMG, OPCML, OSBP2, PACSIN1, PAK6, PAQR8, PEX5, PINK1, PITHD1, PLD4, PLXNB3, PODXL, PPP1R16B, PPP1R9B, PPP2R5B, PRDM8, PREX1, PRKCQ, PRKCZ, PSD, PTH1R, PTPRD, RAB3A, RASGRF1, RGS4, RIMS1, RNF157, ROGDI, RSPH1, RTN4, RTN4RL2, RUFY3, SBF1, SEMA3E, SEMA4B, SEMA4D, SEMA6B, SEMA7A, SERPINI1, SEZ6, SHANK1, SHTN1, SIRT2, SLC12A5, SLC1A3, SLC7A5, SLITRK1, SLITRK2, SLITRK3, SLITRK4, SMPD3, SNAP25, SOHLH1, SORL1, SOX8, SRCIN1, STMN1, STMN4, STX1B, SULT4A1, SYN1, SYT1, TNNT1, TPPP, TTBK1, TTPA, TYRO3, UGT8, UNC13A, UNC5A, UNC5B, UQCRQ, WNT7B, XK, ZNF365, ZNF488
GO:0022603	regulation of anatomical structure morphogenesis	832	65	41.12	1.7e-4	0.01052566265060241	0.078125	ADGRB1, ADGRB2, ARC, ARHGAP33, ARHGEF18, BRSK1, BRSK2, CACNG7, CAMK2B, CDH4, CDK5R1, CLASP2, COCH, CORO1A, CRB2, CX3CR1, DLG4, DMTN, DNM3, DPYSL5, ERMN, FAM171A1, FIS1, FUZ, HECW2, IL1RAPL1, ISLR2, ITPKA, KIAA0319, KIF1A, KNDC1, L1CAM, LZTS1, LZTS3, MAG, MARK2, MFSD2A, NEFL, NGEF, NTNG2, PALM, PINK1, PLXNB3, PPP1R16B, PRKCB, PTPRD, RIMS1, RNF157, RTN4, RUFY3, SAPCD2, SEMA3E, SEMA4B, SEMA4D, SEMA6B, SEMA7A, SEPTIN7, SHTN1, SLITRK1, SOX8, SRCIN1, SYT1, UNC13A, VASH1, XK
GO:0016192	vesicle-mediated transport	1524	119	75.33	2.8e-7	3.426e-5	0.07808398950131233	ABCA2, ACTN2, ADGRB1, AGAP2, ANK3, ANKRD13D, APLP1, ARC, BIN1, BRSK1, BRSK2, BSN, BTBD9, CACNG2, CACNG3, CACNG7, CACNG8, CALY, CBARP, CDH13, CDK5R1, CDK5R2, CHGA, CLASP2, CNIH2, CORO1A, CPLX1, CPLX2, CPLX3, CSPG5, DCTN1, DGKD, DLG4, DNAJC6, DNER, DNM3, DPYSL2, EHD3, ELMO1, ERC2, FCHO1, FUZ, GIT1, GPIHBP1, GRIPAP1, HPCA, ICAM5, IL1RAPL1, INSIG1, KCNQ3, KIF1A, KIF1B, KIF5A, LGI3, MAPK8IP1, MEGF10, MFSD2A, MYO18A, NAPB, NDRG4, NECAB2, NLGN3, NLGN4X, NSG2, PACSIN1, PCDH17, PEG10, PINK1, PIP4K2B, PLD4, PPFIA3, PRKAR1B, PRKCB, PRKCG, RAB11FIP4, RAB26, RAB39B, RAB3A, RAB4B, RAPGEF4, RHOBTB2, RIMS1, RPH3A, RTN3, SCAMP5, SCRN1, SEPTIN4, SEPTIN5, SH3GL3, SLC17A7, SLC32A1, SMPD3, SNAP25, SNAP91, SNCA, SNCB, SORL1, SPTBN2, SRCIN1, STX1A, STX1B, STXBP5L, SV2A, SYN1, SYN2, SYNGR3, SYP, SYT1, SYT11, SYT13, SYT5, TNK2, TRIM23, TYRO3, UNC13A, UNC13C, VAMP2, VPS51, VSNL1
GO:0051130	positive regulation of cellular component organization	1106	83	54.67	8.5e-5	0.005648469827586208	0.07504520795660036	ACTN2, ADGRB1, ADGRL1, ANLN, APBB1, APC, ASIC2, ATAT1, ATP8A1, BIN1, CALY, CAMK2B, CAMKK2, CDH4, CDK5R1, CLASP2, CNTNAP2, DCTN1, DGKD, DLG4, DNM3, EDN3, EPHB1, ERC2, EVL, FEZ1, FIS1, FRMPD4, FUZ, GIT1, GPM6A, IL1RAPL1, ISLR2, ITPKA, KCTD17, L1CAM, LRRC24, LRRC4B, LRRTM3, LRTM2, MARK2, MYO18A, NAV3, NCAPH2, NDRG4, NEFL, NEURL1, NLGN3, NPM2, NRXN1, P2RY12, PACSIN1, PALM, PARK7, PDXP, PFDN2, PINK1, PIP4K2B, PLXNB3, PPM1E, PPP2R5B, PRKCQ, PSRC1, PTPRD, RUFY3, SEMA4D, SEMA7A, SEPTIN7, SERPINI1, SHTN1, SIRT2, SLC25A4, SLITRK1, SLITRK2, SLITRK3, SLITRK4, SMPD3, SNCA, STUB1, SYT1, TFPT, TPPP, TTBK1
GO:0007155	cell adhesion	1498	109	74.04	2.3e-5	0.001837259067357513	0.07276368491321762	ACTL6B, ACTN2, ADAMTS18, ADD2, ADGRB1, ADGRG1, ADGRL1, ANK3, ANOS1, APC, APLP1, ARHGDIG, ASTN1, CADM1, CDH13, CDH22, CDH4, CDH9, CDK5R1, CELSR2, CLASP2, CNTN2, CNTNAP2, CORO1A, CORO2B, CRB1, CRB2, CSPG5, CX3CR1, CYFIP2, DLG2, DLG4, DMTN, DSCAML1, DUSP26, EDIL3, EGR3, EPHB1, ERBB3, FCHO1, FEZ1, FLRT1, FREM3, GP1BB, HAPLN2, HBB, HES5, ICAM5, IL1RAPL1, KIRREL3, KLC1, L1CAM, LRRC4, LRRC4B, MADCAM1, MAG, MAGI1, MEGF10, MEGF11, MOG, NCAM1, NCAM2, NCAN, NECTIN1, NFASC, NLGN3, NLGN4X, NRCAM, NRXN1, NRXN2, NTM, NTNG2, NUAK1, OMG, OPCML, P2RY12, PCDH1, PCDH10, PCDH11X, PCDH17, PCDH8, PCDHA1, PCDHA13, PCDHA2, PCDHA5, PCDHA6, PCDHA7, PCDHA9, PCDHB15, PCDHB8, PDIA2, PLXNB3, PODXL, PODXL2, PREX1, PRKCQ, PRKCZ, PTPRD, PTPRK, SEMA3E, SEMA4D, SLITRK1, SLITRK2, SLITRK3, SPARCL1, SRCIN1, TTYH1, TYRO3, WNT7B
GO:0006810	transport	4270	300	211.06	2e-12	6.1668e-10	0.0702576112412178	ABCA2, ACTN2, ACVR1C, ADAMTS8, ADGRB1, AGAP1, AGAP2, AGTPBP1, AKAP6, ANK3, ANKRD13D, ANO4, APBA2, APBB1, APLP1, ARC, ARHGAP33, ARHGEF2, ASIC2, ASIC3, ATP1A3, ATP2B2, ATP6V0E2, ATP8A1, BCL2L2, BHLHA15, BIN1, BRSK1, BRSK2, BSN, BTBD9, CA4, CABYR, CACNA1E, CACNA1I, CACNG2, CACNG3, CACNG7, CACNG8, CALM1, CALY, CAMK2A, CAMK2B, CAPN10, CBARP, CCKBR, CDH13, CDK5R1, CDK5R2, CELSR2, CHGA, CHRNA4, CLASP2, CLCN4, CNGB1, CNIH2, CNP, CORO1A, COX4I1, CPLX1, CPLX2, CPLX3, CRHR1, CRYM, CSPG5, CYP51A1, DCTN1, DDX25, DESI1, DGKD, DISP3, DLG2, DLG4, DNAJC6, DNER, DNM3, DPP10, DPP6, DPYSL2, EDN3, EHD3, EIF4E, ELMO1, EPHA5, ERBB3, ERC2, FAM53B, FCHO1, FEZ1, FGF12, FIS1, FUZ, GABRA2, GABRA3, GABRG1, GCK, GIT1, GJB1, GLRB, GLTPD2, GNAZ, GP1BB, GPIHBP1, GPM6A, GRIA2, GRID1, GRIK4, GRIN1, GRIPAP1, GRM5, HBA1, HBA2, HBB, HCN2, HECW2, HOMER1, HPCA, HRH3, HTR2C, ICA1, ICAM5, IL1RAPL1, INSIG1, IPCEF1, IRS2, JAKMIP1, JPH3, JPH4, KCNA2, KCNAB3, KCNB2, KCNC2, KCND2, KCNF1, KCNH3, KCNIP2, KCNIP3, KCNJ3, KCNJ9, KCNK10, KCNMB4, KCNN1, KCNQ2, KCNQ3, KIF1A, KIF1B, KIF3A, KIF5A, KIF5C, LGI3, LRRC8B, MAP6D1, MAPK8IP1, MAPK8IP2, MCHR1, MEGF10, MFSD2A, MFSD4A, MLLT6, MVB12B, MYO18A, NACAD, NAPB, NCS1, NDRG4, NDUFA13, NECAB2, NECTIN1, NEFL, NEURL1, NGB, NIPA1, NIPAL3, NKAIN1, NKAIN2, NKAIN4, NLGN3, NLGN4X, NOS2, NPTX1, NRXN1, NRXN2, NSG2, OSBP2, P2RY12, PACSIN1, PANX2, PARD6A, PARK7, PCDH17, PCSK1, PEG10, PEX10, PEX5, PEX5L, PINK1, PIP4K2B, PITPNM3, PLCH2, PLD4, PLLP, POU3F3, PPBP, PPFIA3, PRKAR1B, PRKCB, PRKCG, PRKCZ, PTPRN, RAB11FIP4, RAB26, RAB39B, RAB3A, RAB40B, RAB4B, RAP1GDS1, RAPGEF4, RGS4, RHOBTB2, RIMS1, RPH3A, RTBDN, RTN2, RTN3, RUFY3, SCAMP5, SCRN1, SEC61A2, SEPTIN4, SEPTIN5, SERGEF, SFXN5, SH3GL3, SHANK1, SHISA7, SHISA8, SIDT1, SLC12A5, SLC17A7, SLC1A2, SLC1A3, SLC1A6, SLC22A17, SLC24A2, SLC25A4, SLC25A48, SLC32A1, SLC35F1, SLC38A5, SLC45A1, SLC45A3, SLC6A1, SLC6A12, SLC6A17, SLC7A10, SLC7A14, SLC7A5, SLC8A2, SMPD3, SNAP25, SNAP91, SNCA, SNCB, SNX22, SORCS2, SORL1, SPNS2, SPRN, SPTBN2, SRCIN1, STX1A, STX1B, STXBP5L, SV2A, SYN1, SYN2, SYNGR3, SYP, SYT1, SYT11, SYT13, SYT5, TECPR2, TMC7, TNK2, TOM1L2, TOMM7, TRIM23, TTPA, TTYH1, TYRO3, UNC13A, UNC13C, VAMP2, VGF, VPS51, VSNL1, XK, YWHAE, ZACN
GO:0033043	regulation of organelle organization	1172	82	57.93	8.5e-4	0.04353637873754153	0.06996587030716724	ACTL6B, ACTN2, ADD2, APC, APC2, ARHGEF18, ARHGEF2, ARHGEF9, ATAT1, AURKAIP1, BCL2L2, BIN1, CAMKK2, CAPN10, CCSAP, CDK5R1, CLASP2, CORO1A, CORO2B, CPLX1, CPLX2, CPLX3, CYFIP2, DCTN1, DMTN, EDN3, EHD3, EML2, EPHA5, ERC2, EVI5L, EVL, FBXW7, FEZ1, FIS1, FKBP8, FSD1, FUZ, GIT1, HECW2, KCTD17, LRFN1, LRRC4B, MAP6D1, MARK2, MEGF9, NAV3, NCAPH2, NPM2, PARK7, PDXP, PFDN2, PINK1, PIP4K2B, PKMYT1, PPM1E, PREX1, PRKCQ, PSRC1, PTPRD, RAB3A, RAP1GDS1, RGS4, RHOF, SEPTIN7, SHANK1, SIRT2, SLC25A4, SMPD3, SNCA, SPTBN2, STMN1, STMN4, STUB1, SYT1, SYT11, TFPT, TMEFF2, TOM1L2, TPPP, TRIM36, TUBB4A
GO:0050877	nervous system process	1509	105	74.59	1.9e-4	0.01153240157480315	0.06958250497017893	ADCY1, AGTPBP1, ANK3, ARC, ASIC2, ASIC3, ATP2B2, ATP8A1, B3GAT1, BCHE, BRSK1, BTBD9, CACNA1I, CACNG2, CACNG3, CACNG7, CACNG8, CAMK2N1, CAMK4, CDKN2D, CHRNA4, CNGB1, CNTNAP2, COCH, CPLX3, CRB1, CRB2, CRYM, CX3CR1, DCTN1, DLG4, DLGAP1, DLGAP3, EML2, EPHB1, FGF12, GABRA2, GABRA3, GABRG1, GIT1, GLRB, GRIN1, GRM5, GRM8, HOMER1, HRH3, HTR2C, JAKMIP1, JPH3, JPH4, KCNA2, KCND2, KCNK10, KCNMB4, KCNQ3, LHFPL4, MAG, MAPK8IP2, MFSD2A, MGAT3, MPP2, MYRF, NDRG4, NEFL, NLGN3, NLGN4X, NRCAM, NRXN1, NRXN2, NTSR2, PAK6, PDE6B, PDYN, PEX5, PHF24, PNOC, PPP1R9B, PRKAR1B, PRKCG, PRKCZ, RAB3A, RASGRF1, RGS4, RIMS1, RTP5, SEZ6, SHANK1, SHANK2, SHISA7, SLC12A5, SLC1A3, SLC24A2, SLC6A1, SLC8A2, SNAP25, SNCA, SPNS2, STX1A, STX1B, SYT11, TNNT1, TPPP, TTBK1, ZACN, ZNF488
GO:0048856	anatomical structure development	5807	404	287.03	1.5e-17	7.007727272727273e-15	0.06957120716376787	AATK, ABCA2, ACAP3, ACO2, ACSL6, ACTL6B, ACTN2, ACVR1C, ADAMTS18, ADAMTS4, ADCY1, ADD2, ADGRB1, ADGRB2, ADGRG1, ADGRL1, AGPAT5, AGTPBP1, AKAP6, AMER2, ANK3, ANLN, ANOS1, APBA2, APBB1, APC, APC2, APLP1, ARC, ARHGAP33, ARHGDIG, ARHGEF18, ARHGEF2, ARHGEF9, ARMC5, ASIC2, ASTN1, ATAT1, ATCAY, ATP2B2, BAP1, BATF3, BCHE, BCL11B, BCL2L2, BEX1, BHLHA15, BIN1, BMP8B, BRINP3, BRSK1, BRSK2, BSN, BTBD3, C1QL2, CA10, CABYR, CACNG7, CADM1, CALM1, CAMK2A, CAMK2B, CAMK4, CCK, CCKBR, CCSAP, CDH13, CDH22, CDH4, CDH9, CDK5R1, CDK5R2, CELSR2, CEND1, CHADL, CHD5, CHST8, CKB, CLASP2, CNGB1, CNP, CNTN2, CNTNAP2, COCH, CORO1A, CPLX2, CRB1, CRB2, CRHR1, CSMD3, CSPG5, CX3CR1, CYFIP2, DACT3, DCTN1, DCX, DDX25, DGKG, DHCR24, DISP3, DLG2, DLG4, DMTN, DNER, DNM3, DNMT3A, DPYSL2, DPYSL5, DSCAML1, E2F1, EDN3, EGR3, EIF4E, ELAVL3, EPHA10, EPHA5, EPHB1, EPHB6, ERBB3, ERMN, ETV4, EVL, FA2H, FAIM2, FAM171A1, FASN, FBLL1, FBN3, FBXW7, FEZ1, FEZF2, FGF12, FGFR3, FIGNL2, FIS1, FKBP8, FLRT1, FOXG1, FOXQ1, FREM3, FUT8, FUZ, GABRA2, GABRA3, GABRG1, GAS7, GDA, GIT1, GJB1, GLRB, GP1BB, GPM6A, GPR17, GPR37, GPR37L1, GPRIN1, GRIN1, GRM5, H4C15, H4C3, H4C5, HAPLN2, HDAC11, HDAC5, HECW2, HES5, HMGB3, HOMER1, HPCA, HPCAL4, HSPA2, ICAM5, IL1RAPL1, INA, INSIG1, INSM1, IRS2, ISLR2, ITPK1, ITPKA, KCNA2, KCNC2, KCNIP2, KCNQ2, KCNQ3, KIAA0319, KIF1A, KIF5A, KIF5C, KIRREL3, KLF13, KLK6, KNDC1, KREMEN2, L1CAM, LGI4, LHFPL4, LRFN1, LRRC24, LRRC4, LRRC4B, LRRTM3, LRTM2, LY6H, LZTS1, LZTS3, MAG, MAPK8IP2, MARK2, MAST1, MEGF10, MEGF11, MEIS1, MFSD2A, MMD2, MOG, MYOM2, MYORG, MYRF, NAV3, NCAM1, NCAM2, NCAN, NCAPH2, NCS1, NDRG4, NDST1, NECTIN1, NEFL, NELL1, NELL2, NEURL1, NEUROD6, NFASC, NGEF, NLGN3, NLGN4X, NOVA2, NPM2, NPTX1, NRCAM, NRGN, NRSN1, NRXN1, NRXN2, NSD2, NSDHL, NTM, NTNG2, NYAP1, OLFM1, OLIG2, OMG, OPALIN, OPCML, OSBP2, P2RY12, PACSIN1, PAK6, PALM, PAQR8, PCDH1, PCDH10, PCDH17, PCDH8, PCDHA1, PCDHA13, PCDHA2, PCDHA5, PCDHA6, PCDHA7, PCDHA9, PCDHB15, PCDHB8, PCP4, PCSK1, PCYT1B, PDE6B, PEX5, PHOSPHO1, PINK1, PITHD1, PLD4, PLLP, PLPP7, PLPPR1, PLXNB3, PODXL, POPDC3, POU3F3, PPP1R16B, PPP1R9B, PPP2R5B, PRDM8, PREX1, PRKACB, PRKCB, PRKCG, PRKCQ, PRKCZ, PSD, PTH1R, PTPRD, PTPRN, PTPRR, RAB26, RAB3A, RAP1GAP, RAPGEF5, RAPGEFL1, RASGRF1, RGS4, RIMS1, RNF157, ROGDI, RSPH1, RTN1, RTN3, RTN4, RTN4RL2, RUFY3, RXFP1, S1PR5, SAPCD2, SBF1, SCRT1, SEMA3E, SEMA4B, SEMA4D, SEMA6B, SEMA7A, SEPTIN4, SEPTIN7, SERF1B, SERPINI1, SEZ6, SEZ6L2, SH3GL3, SHANK1, SHANK2, SHTN1, SIRT2, SLC12A5, SLC17A7, SLC1A2, SLC1A3, SLC32A1, SLC45A3, SLC6A17, SLC7A5, SLITRK1, SLITRK2, SLITRK3, SLITRK4, SMPD3, SNAP25, SNCA, SOHLH1, SORL1, SOX8, SPARCL1, SPNS2, SPTBN2, SRCIN1, SRPK2, SRPK3, SSTR1, SSTR3, STMN1, STMN4, STOX2, STX1B, SULT4A1, SYN1, SYNGR3, SYT1, TAGLN3, TBCB, TFPT, TMEFF2, TMEM59L, TNNT1, TPPP, TTBK1, TTLL7, TTPA, TYRO3, UGT8, UNC13A, UNC5A, UNC5B, UQCRQ, USP2, VASH1, VGF, VPS51, VXN, WNT7B, XK, YWHAE, ZBTB18, ZNF365, ZNF488, ZNF536
GO:0051234	establishment of localization	4580	314	226.38	9.7e-12	2.623594736842105e-9	0.0685589519650655	ABCA2, ACTN2, ACVR1C, ADAM11, ADAMTS8, ADGRB1, AGAP1, AGAP2, AGTPBP1, AKAP6, ANK3, ANKRD13D, ANO4, APBA2, APBB1, APC, APLP1, ARC, ARHGAP33, ARHGEF2, ASIC2, ASIC3, ATP1A3, ATP2B2, ATP6V0E2, ATP8A1, BAP1, BCL2L2, BHLHA15, BIN1, BRSK1, BRSK2, BSN, BTBD9, CA4, CABYR, CACNA1E, CACNA1I, CACNG2, CACNG3, CACNG7, CACNG8, CALM1, CALY, CAMK2A, CAMK2B, CAPN10, CBARP, CCKBR, CDH13, CDK5R1, CDK5R2, CDT1, CELSR2, CHGA, CHRNA4, CLASP2, CLCN4, CNGB1, CNIH2, CNP, CNTN2, CORO1A, CORO2B, COX4I1, CPLX1, CPLX2, CPLX3, CRHR1, CRYM, CSPG5, CYP51A1, DCTN1, DDX25, DESI1, DGKD, DISP3, DLG2, DLG4, DMTN, DNAJC6, DNER, DNM3, DPP10, DPP6, DPYSL2, EDN3, EHD3, EIF4E, ELMO1, EPHA5, ERBB3, ERC2, FAM53B, FBXW7, FCHO1, FEZ1, FGF12, FIS1, FUZ, GABRA2, GABRA3, GABRG1, GCK, GIT1, GJB1, GLRB, GLTPD2, GNAZ, GP1BB, GPIHBP1, GPM6A, GRIA2, GRID1, GRIK4, GRIN1, GRIPAP1, GRM5, HBA1, HBA2, HBB, HCN2, HECW2, HOMER1, HPCA, HRH3, HTR2C, ICA1, ICAM5, IL1RAPL1, INSIG1, IPCEF1, IRS2, JAKMIP1, JPH3, JPH4, KCNA2, KCNAB3, KCNB2, KCNC2, KCND2, KCNF1, KCNH3, KCNIP2, KCNIP3, KCNJ3, KCNJ9, KCNK10, KCNMB4, KCNN1, KCNQ2, KCNQ3, KIF1A, KIF1B, KIF3A, KIF5A, KIF5C, LGI3, LRRC8B, MAP6D1, MAPK8IP1, MAPK8IP2, MCHR1, MEGF10, MFSD2A, MFSD4A, MLLT6, MVB12B, MYO18A, NACAD, NAPB, NCS1, NDRG4, NDUFA13, NECAB2, NECTIN1, NEFL, NEURL1, NGB, NIPA1, NIPAL3, NKAIN1, NKAIN2, NKAIN4, NLGN3, NLGN4X, NOS2, NPTX1, NRXN1, NRXN2, NSD2, NSG2, OSBP2, P2RY12, PACSIN1, PANX2, PARD6A, PARK7, PCDH17, PCSK1, PEG10, PEX10, PEX5, PEX5L, PINK1, PIP4K2B, PITPNM3, PLCH2, PLD4, PLLP, POU3F3, PPBP, PPFIA3, PRKAR1B, PRKCB, PRKCG, PRKCZ, PSRC1, PTPRN, RAB11FIP4, RAB26, RAB39B, RAB3A, RAB40B, RAB4B, RAP1GDS1, RAPGEF4, RGS4, RHOBTB2, RIMS1, RN7SL3, RPH3A, RTBDN, RTN2, RTN3, RTP5, RUFY3, SAPCD2, SCAMP5, SCRN1, SEC61A2, SEPTIN4, SEPTIN5, SERGEF, SFXN5, SH3GL3, SHANK1, SHISA7, SHISA8, SIDT1, SIRT2, SLC12A5, SLC17A7, SLC1A2, SLC1A3, SLC1A6, SLC22A17, SLC24A2, SLC25A4, SLC25A48, SLC32A1, SLC35F1, SLC38A5, SLC45A1, SLC45A3, SLC6A1, SLC6A12, SLC6A17, SLC7A10, SLC7A14, SLC7A5, SLC8A2, SMPD3, SNAP25, SNAP91, SNCA, SNCB, SNX22, SORCS2, SORL1, SPNS2, SPRN, SPTBN2, SRCIN1, STX1A, STX1B, STXBP5L, SV2A, SYN1, SYN2, SYNGR3, SYP, SYT1, SYT11, SYT13, SYT5, TECPR2, TMC7, TNK2, TOM1L2, TOMM7, TRIM23, TTPA, TTYH1, TYRO3, UNC13A, UNC13C, VAMP2, VGF, VPS51, VSNL1, XK, YWHAE, ZACN
GO:0051649	establishment of localization in cell	1927	132	95.25	5.4e-5	0.00385425	0.06850025947067981	ABCA2, ACTN2, AGAP2, AGTPBP1, ANO4, APC, ARC, ARHGEF2, ASIC2, ASIC3, BHLHA15, BIN1, BRSK1, BRSK2, BSN, BTBD9, CACNG2, CACNG3, CACNG7, CACNG8, CALY, CAMK2A, CAPN10, CDK5R1, CDT1, CHGA, CLASP2, CORO1A, CPLX1, CPLX2, CPLX3, CSPG5, DCTN1, DDX25, DESI1, DLG2, DNAJC6, DNM3, EDN3, EHD3, EIF4E, EPHA5, ERC2, FAM53B, FEZ1, FUZ, GIT1, GPIHBP1, GRIPAP1, HPCA, HRH3, INSIG1, KCNMB4, KCNQ3, KIF1A, KIF1B, KIF3A, KIF5A, KIF5C, MAP6D1, NAPB, NDRG4, NDUFA13, NEFL, NLGN3, NLGN4X, NRXN1, NRXN2, NSG2, P2RY12, PACSIN1, PARK7, PCDH17, PEX10, PEX5, PEX5L, PINK1, PLD4, PPFIA3, PRKAR1B, PRKCB, PRKCG, PRKCZ, PSRC1, PTPRN, RAB11FIP4, RAB3A, RAPGEF4, RIMS1, RPH3A, RTN2, RUFY3, SAPCD2, SCRN1, SEC61A2, SEPTIN5, SH3GL3, SIRT2, SLC17A7, SLC1A2, SLC1A6, SLC24A2, SLC32A1, SLC6A1, SLC6A12, SMPD3, SNAP25, SNAP91, SNCA, SNCB, SORCS2, SORL1, SPRN, STX1A, STX1B, SV2A, SYN1, SYN2, SYP, SYT1, SYT11, SYT5, TECPR2, TOMM7, TRIM23, TYRO3, UNC13A, UNC13C, VAMP2, VPS51, VSNL1, YWHAE
GO:0071705	nitrogen compound transport	1875	127	92.68	1.3e-4	0.008421050420168066	0.06773333333333334	ACVR1C, AGAP1, AGAP2, ANK3, APBA2, APBB1, ARC, ARHGAP33, ARHGEF2, ATP8A1, BRSK2, CACNG2, CACNG3, CACNG7, CACNG8, CAPN10, CHGA, CHRNA4, CPLX1, CPLX3, CRHR1, CYP51A1, DDX25, DESI1, DGKD, DLG2, EDN3, EHD3, EIF4E, EPHA5, FAM53B, FUZ, GCK, GJB1, GLTPD2, GNAZ, GPIHBP1, GRIPAP1, HBA1, HBA2, HBB, HRH3, HTR2C, INSIG1, IRS2, JAKMIP1, KCNA2, KCNQ3, KIF3A, KIF5A, KIF5C, LRRC8B, MVB12B, MYO18A, NACAD, NAPB, NDUFA13, NOS2, PARD6A, PARK7, PCSK1, PEG10, PEX10, PEX5, PEX5L, PINK1, POU3F3, PRKCB, PRKCZ, PTPRN, RAB26, RAB39B, RAB3A, RAB4B, RAP1GDS1, RAPGEF4, RGS4, RIMS1, RPH3A, RTBDN, RTN2, RUFY3, SCAMP5, SEC61A2, SERGEF, SFXN5, SIDT1, SLC12A5, SLC17A7, SLC1A2, SLC1A3, SLC1A6, SLC25A4, SLC32A1, SLC38A5, SLC6A1, SLC6A12, SLC6A17, SLC7A10, SLC7A14, SLC7A5, SMPD3, SNAP25, SNAP91, SNCA, SNX22, SORCS2, SORL1, SPRN, STX1A, STX1B, STXBP5L, SV2A, SYT1, SYT11, SYT13, SYT5, TECPR2, TOM1L2, TOMM7, TRIM23, VAMP2, VGF, VPS51, VSNL1, XK, YWHAE
GO:0050793	regulation of developmental process	2411	163	119.17	1.2e-5	0.0010278000000000002	0.06760680215678141	ACTL6B, ADGRB1, ADGRB2, ADGRL1, AKAP6, APC, APC2, ARC, ARHGAP33, ARHGEF18, ARHGEF2, ASIC2, ATAT1, BCL11B, BHLHA15, BIN1, BRINP3, BRSK1, BRSK2, C1QL2, CACNG7, CAMK2B, CAMK4, CCDC85B, CCSAP, CDH4, CDK5R1, CHADL, CLASP2, COCH, CORO1A, CRB2, CSMD3, CX3CR1, DACT3, DGKG, DISP3, DLG4, DMTN, DNM3, DPYSL5, E2F1, EDN3, EGR3, EIF4E, EPHB1, ERBB3, ERMN, ETV4, FAM171A1, FBXW7, FEZF2, FGFR3, FIGNL2, FIS1, FOXG1, FUZ, GPR37L1, GRM5, H4C15, H4C3, H4C5, HAPLN2, HDAC5, HECW2, HES5, HMGB3, HTR2C, IL1RAPL1, INSIG1, INSM1, ISLR2, ITPKA, KIAA0319, KIF1A, KLF13, KLK6, KNDC1, L1CAM, LGI4, LRRC24, LRRC4B, LRRTM3, LRTM2, LZTS1, LZTS3, MAG, MARK2, MEGF10, MEIS1, MFSD2A, MMD2, MYRF, NCAN, NEFL, NELL1, NEURL1, NGEF, NLGN3, NRCAM, NRXN1, NSD2, NTNG2, OLFM1, OLIG2, OPALIN, PACSIN1, PALM, PCP4, PEX5, PHOSPHO1, PINK1, PITHD1, PLPP7, PLXNB3, PPP1R16B, PREX1, PRKCB, PRKCZ, PTPRD, RAP1GAP, RGS4, RIMS1, RNF157, RTN4, RUFY3, S1PR5, SAPCD2, SEMA3E, SEMA4B, SEMA4D, SEMA6B, SEMA7A, SEPTIN7, SEZ6, SH3GL3, SHANK1, SHTN1, SIRT2, SLC45A3, SLC7A10, SLC7A5, SLITRK1, SLITRK2, SLITRK3, SLITRK4, SMPD3, SORL1, SOX8, SRCIN1, SYT1, TFPT, TPPP, TTBK1, TTPA, UNC13A, VASH1, VSTM2A, WNT7B, XK, ZNF365, ZNF488, ZNF536
GO:0030154	cell differentiation	4295	289	212.29	1e-9	2.002207792207792e-7	0.06728754365541327	ABCA2, ACAP3, ACSL6, ACTL6B, ACTN2, ACVR1C, ADCY1, ADD2, ADGRB1, ADGRG1, AGPAT5, AGTPBP1, AKAP6, ANK3, ANLN, ANOS1, APBB1, APC, APC2, APLP1, ARC, ARHGAP33, ARHGEF2, ARMC5, ASTN1, ATAT1, ATCAY, ATP2B2, BAP1, BATF3, BCHE, BCL11B, BEX1, BHLHA15, BIN1, BMP8B, BRINP3, BRSK1, BRSK2, BTBD3, CABYR, CACNG7, CADM1, CAMK2A, CAMK2B, CAMK4, CCDC85B, CCK, CDH4, CDK5R1, CDK5R2, CELSR2, CEND1, CHADL, CHD5, CLASP2, CNGB1, CNP, CNTN2, CNTNAP2, CPLX2, CRB1, CRB2, CSMD3, CSPG5, CX3CR1, CYFIP2, DACT3, DCX, DDX25, DGKG, DISP3, DLG4, DMTN, DNER, DNM3, DNMT3A, DPYSL2, DPYSL5, DSCAML1, E2F1, EDN3, EGR3, EIF4E, ELAVL3, EPHA10, EPHA5, EPHB1, EPHB6, ERBB3, ETV4, FA2H, FAIM2, FASN, FBXW7, FEZ1, FEZF2, FGFR3, FIGNL2, FKBP8, FLRT1, FOXG1, FOXQ1, FUZ, GADD45G, GAS7, GIT1, GP1BB, GPM6A, GPR17, GPR37, GPR37L1, GPRIN1, GRM5, H4C15, H4C3, H4C5, HAPLN2, HDAC11, HDAC5, HECW2, HES5, HMGB3, HOMER1, HSPA2, HTR2C, IL1RAPL1, INA, INSIG1, INSM1, ISLR2, ITPKA, KCNIP2, KCNQ3, KIAA0319, KIF1A, KIF5A, KIF5C, KIRREL3, KLF13, KLK6, KNDC1, L1CAM, LGI4, LRTM2, LZTS1, LZTS3, MAG, MAPK8IP2, MARK2, MEGF10, MEIS1, MFSD2A, MMD2, MYOM2, MYORG, MYRF, NAV3, NCAM1, NCAM2, NCAN, NCAPH2, NCS1, NDRG4, NECTIN1, NEFL, NELL1, NELL2, NEURL1, NEUROD6, NFASC, NGEF, NLGN3, NLGN4X, NOVA2, NPM2, NPTX1, NR1I3, NRCAM, NRXN1, NTM, NTNG2, NYAP1, OLFM1, OLIG2, OMG, OPALIN, OPCML, OSBP2, P2RY12, PACSIN1, PAK6, PAQR8, PCP4, PCSK1, PEG10, PEX5, PINK1, PITHD1, PLD4, PLPP7, PLXNB3, PODXL, POPDC3, POU3F3, PPP1R16B, PPP1R9B, PPP2R5B, PRDM8, PREX1, PRKCQ, PRKCZ, PSD, PTH1R, PTPRD, RAB3A, RAP1GAP, RASGRF1, RGS4, RIMS1, RNF157, ROGDI, RSPH1, RTN1, RTN3, RTN4, RTN4RL2, RUFY3, RXFP1, S1PR5, SBF1, SCRT1, SEMA3E, SEMA4B, SEMA4D, SEMA6B, SEMA7A, SEPTIN4, SEPTIN7, SERPINI1, SEZ6, SH3GL3, SHANK1, SHTN1, SIRT2, SLC12A5, SLC1A3, SLC45A3, SLC7A10, SLC7A5, SLITRK1, SLITRK2, SLITRK3, SLITRK4, SMPD3, SNAP25, SOHLH1, SORL1, SOX8, SRCIN1, SRPK2, SRPK3, STMN1, STMN4, STX1B, SULT4A1, SYN1, SYT1, TBCB, TMEFF2, TNNT1, TPPP, TTBK1, TTLL7, TTPA, TYRO3, UGT8, UNC13A, UNC5A, UNC5B, UQCRQ, VSTM2A, VXN, WNT7B, XK, YWHAE, ZNF365, ZNF488, ZNF536
GO:0048869	cellular developmental process	4296	289	212.34	1e-9	2.002207792207792e-7	0.06727188081936686	ABCA2, ACAP3, ACSL6, ACTL6B, ACTN2, ACVR1C, ADCY1, ADD2, ADGRB1, ADGRG1, AGPAT5, AGTPBP1, AKAP6, ANK3, ANLN, ANOS1, APBB1, APC, APC2, APLP1, ARC, ARHGAP33, ARHGEF2, ARMC5, ASTN1, ATAT1, ATCAY, ATP2B2, BAP1, BATF3, BCHE, BCL11B, BEX1, BHLHA15, BIN1, BMP8B, BRINP3, BRSK1, BRSK2, BTBD3, CABYR, CACNG7, CADM1, CAMK2A, CAMK2B, CAMK4, CCDC85B, CCK, CDH4, CDK5R1, CDK5R2, CELSR2, CEND1, CHADL, CHD5, CLASP2, CNGB1, CNP, CNTN2, CNTNAP2, CPLX2, CRB1, CRB2, CSMD3, CSPG5, CX3CR1, CYFIP2, DACT3, DCX, DDX25, DGKG, DISP3, DLG4, DMTN, DNER, DNM3, DNMT3A, DPYSL2, DPYSL5, DSCAML1, E2F1, EDN3, EGR3, EIF4E, ELAVL3, EPHA10, EPHA5, EPHB1, EPHB6, ERBB3, ETV4, FA2H, FAIM2, FASN, FBXW7, FEZ1, FEZF2, FGFR3, FIGNL2, FKBP8, FLRT1, FOXG1, FOXQ1, FUZ, GADD45G, GAS7, GIT1, GP1BB, GPM6A, GPR17, GPR37, GPR37L1, GPRIN1, GRM5, H4C15, H4C3, H4C5, HAPLN2, HDAC11, HDAC5, HECW2, HES5, HMGB3, HOMER1, HSPA2, HTR2C, IL1RAPL1, INA, INSIG1, INSM1, ISLR2, ITPKA, KCNIP2, KCNQ3, KIAA0319, KIF1A, KIF5A, KIF5C, KIRREL3, KLF13, KLK6, KNDC1, L1CAM, LGI4, LRTM2, LZTS1, LZTS3, MAG, MAPK8IP2, MARK2, MEGF10, MEIS1, MFSD2A, MMD2, MYOM2, MYORG, MYRF, NAV3, NCAM1, NCAM2, NCAN, NCAPH2, NCS1, NDRG4, NECTIN1, NEFL, NELL1, NELL2, NEURL1, NEUROD6, NFASC, NGEF, NLGN3, NLGN4X, NOVA2, NPM2, NPTX1, NR1I3, NRCAM, NRXN1, NTM, NTNG2, NYAP1, OLFM1, OLIG2, OMG, OPALIN, OPCML, OSBP2, P2RY12, PACSIN1, PAK6, PAQR8, PCP4, PCSK1, PEG10, PEX5, PINK1, PITHD1, PLD4, PLPP7, PLXNB3, PODXL, POPDC3, POU3F3, PPP1R16B, PPP1R9B, PPP2R5B, PRDM8, PREX1, PRKCQ, PRKCZ, PSD, PTH1R, PTPRD, RAB3A, RAP1GAP, RASGRF1, RGS4, RIMS1, RNF157, ROGDI, RSPH1, RTN1, RTN3, RTN4, RTN4RL2, RUFY3, RXFP1, S1PR5, SBF1, SCRT1, SEMA3E, SEMA4B, SEMA4D, SEMA6B, SEMA7A, SEPTIN4, SEPTIN7, SERPINI1, SEZ6, SH3GL3, SHANK1, SHTN1, SIRT2, SLC12A5, SLC1A3, SLC45A3, SLC7A10, SLC7A5, SLITRK1, SLITRK2, SLITRK3, SLITRK4, SMPD3, SNAP25, SOHLH1, SORL1, SOX8, SRCIN1, SRPK2, SRPK3, STMN1, STMN4, STX1B, SULT4A1, SYN1, SYT1, TBCB, TMEFF2, TNNT1, TPPP, TTBK1, TTLL7, TTPA, TYRO3, UGT8, UNC13A, UNC5A, UNC5B, UQCRQ, VSTM2A, VXN, WNT7B, XK, YWHAE, ZNF365, ZNF488, ZNF536
GO:0010646	regulation of cell communication	3396	228	167.86	1.9e-7	2.4615378151260502e-5	0.06713780918727916	ABR, ACVR1C, ADCY1, ADGRB1, ADGRG1, AKAP6, AMER2, ANK3, APBA2, APC, APC2, APLP1, ARC, ARFGEF3, ARHGAP39, ARHGEF18, ARHGEF2, ARHGEF4, ARHGEF9, ATAT1, BCHE, BCL2L2, BRSK1, BRSK2, BTBD9, C18orf32, CACNG2, CACNG3, CACNG7, CACNG8, CADM1, CALB2, CALM1, CAMK2A, CAMK2B, CAMKV, CAPN10, CASTOR2, CDH13, CDKN2D, CHD5, CHGA, CNIH2, CPLX1, CPLX2, CPLX3, CRB2, CREB3, CRHR1, CSPG5, CX3CR1, CYFIP2, DACT3, DGKD, DGKG, DGKZ, DLG4, DLGAP1, DLGAP3, DOCK3, DOK6, DUSP26, DUSP7, DUSP8, EDN3, EIF4E, ENHO, EPHA5, EPHB1, ERBB3, ERC2, FAIM2, FAM53B, FBXW7, FGF12, FGFR3, FIS1, FKBP8, FUZ, GADD45G, GCK, GIT1, GNAZ, GNG4, GNG7, GPR17, GPR37, GPR37L1, GPR62, GRIA2, GRID1, GRIK4, GRIN1, GRM3, GRM5, GRM8, HCRTR1, HES5, HOMER1, HTR2C, IGSF1, INA, INSIG1, IRS2, ITPKA, JPH3, JPH4, KCNMB4, KCNQ3, KCTD16, KIAA0319, KLK6, KPTN, LANCL2, LILRA4, LRRC4, LZTS1, MAP3K10, MAPK8IP1, MAPK8IP2, MMD2, MPP2, MVB12B, MYORG, NCAM1, NDRG4, NDST1, NDUFA13, NECAB2, NEFL, NEURL1, NGEF, NLGN3, NLGN4X, NLK, NOS2, NRXN1, NTNG2, NUAK1, P2RY12, PAK6, PALM, PARK7, PCDH17, PCDH8, PEBP1, PEG10, PEX5L, PHF24, PINK1, PIP4K2B, PLCL1, PLEKHG3, PPFIA3, PPP1R16B, PPP1R9B, PPP2R5B, PREX1, PRKACB, PRKAR1B, PRKCB, PRKCG, PRKCQ, PRKCZ, PSD, PSD3, PTGDR2, PTPRD, PTPRR, RAB3A, RALGPS1, RAP1GAP, RAP1GAP2, RAP1GDS1, RAPGEF4, RASD2, RASGRF1, RGS20, RGS4, RGS7BP, RHOF, RIMS1, RTN4, RUNDC3A, SEMA3E, SEMA4D, SEMA7A, SEPTIN4, SEPTIN5, SEZ6, SEZ6L2, SHANK1, SHANK2, SHISA7, SHISA8, SIPA1L2, SIRT2, SLC1A3, SLC24A2, SLC25A4, SLC6A1, SLC7A10, SLC8A2, SNAP25, SNCA, SORCS2, SORL1, STMN1, STUB1, STX1A, STX1B, SYN1, SYP, SYT1, SYT11, TEDC1, TMEM170B, TYRO3, UNC13A, UNC13C, UNC5B, USP2, USP32, VAMP2, VGF, VSNL1, WNT7B, ZNF536
GO:0051641	cellular localization	3332	223	164.69	3.5e-7	4.1507307692307696e-5	0.06692677070828332	ABCA2, ABHD17A, ACTN2, ACVR1C, ADAM11, AGAP1, AGAP2, AGTPBP1, AKAP6, ANK3, ANO4, APBA2, APBB1, APC, ARC, ARHGAP33, ARHGDIG, ARHGEF18, ARHGEF2, ASIC2, ASIC3, ATCAY, BAP1, BHLHA15, BIN1, BRSK1, BRSK2, BSN, BTBD9, C1QL2, CACNG2, CACNG3, CACNG7, CACNG8, CALM1, CALY, CAMK2A, CAPN10, CDH13, CDK5R1, CDT1, CELSR2, CHGA, CLASP2, CNGB1, CNTN2, CNTNAP2, CORO1A, CORO2B, CPLX1, CPLX2, CPLX3, CRB1, CSPG5, CYP51A1, DCTN1, DDX25, DESI1, DGKD, DHCR24, DLG2, DLG4, DMTN, DNAJC6, DNM3, DPP10, DPP6, EDN3, EHD3, EIF4E, EPHA5, ERC2, FAM53B, FBXW7, FEZ1, FIS1, FKBP8, FUZ, GCK, GIT1, GLRB, GNAZ, GP1BB, GPHN, GPIHBP1, GRIN1, GRIPAP1, H4C15, H4C3, H4C5, HOMER1, HPCA, HRH3, HTATSF1, HTR2C, INSIG1, IRS2, JAKMIP1, JPH3, JPH4, KCNB2, KCNIP3, KCNMB4, KCNQ3, KIF1A, KIF1B, KIF3A, KIF5A, KIF5C, KPTN, LHFPL4, LRRC4, MADCAM1, MAP6D1, MGAT3, MMD2, MVB12B, MYO18A, NACAD, NAPB, NDRG4, NDUFA13, NECAB2, NECTIN1, NEFL, NLGN3, NLGN4X, NOS2, NPTX1, NRCAM, NRXN1, NRXN2, NSD2, NSG2, P2RY12, PACSIN1, PALM, PARD6A, PARK7, PCDH17, PCSK1, PDIA2, PEX10, PEX5, PEX5L, PHYHIP, PINK1, PLCH2, PLD4, PPFIA3, PPP1R9B, PRKAR1B, PRKCB, PRKCG, PRKCZ, PSRC1, PTPRK, PTPRN, RAB11FIP4, RAB26, RAB39B, RAB3A, RAB40B, RAB4B, RAP1GDS1, RAPGEF4, RIMS1, RN7SL3, RPH3A, RTN2, RTN4, RTP5, RUFY3, SAPCD2, SCAMP5, SCRN1, SEC61A2, SEPTIN5, SERGEF, SH3GL3, SHANK1, SHISA7, SIRT2, SLC17A7, SLC1A2, SLC1A6, SLC24A2, SLC32A1, SLC6A1, SLC6A12, SLITRK3, SMPD3, SNAP25, SNAP91, SNCA, SNCB, SNX22, SORCS2, SORL1, SPRN, STX1A, STX1B, STXBP5L, SV2A, SYN1, SYN2, SYP, SYT1, SYT11, SYT5, TECPR2, TOM1L2, TOMM7, TRIM23, TYRO3, UGT8, UNC13A, UNC13C, VAMP2, VGF, VPS51, VSNL1, YWHAE
GO:0051179	localization	5206	348	257.32	8.9e-12	2.450201785714286e-9	0.06684594698424895	ABCA2, ABHD17A, ACTN2, ACVR1C, ADAM11, ADAMTS8, ADGRB1, AGAP1, AGAP2, AGTPBP1, AKAP6, ANK3, ANKRD13D, ANO4, APBA2, APBB1, APC, APLP1, ARC, ARHGAP33, ARHGDIG, ARHGEF18, ARHGEF2, ASIC2, ASIC3, ATCAY, ATP1A3, ATP2B2, ATP6V0E2, ATP8A1, BAP1, BCL2L2, BHLHA15, BIN1, BRSK1, BRSK2, BSN, BTBD9, C1QL2, CA4, CABYR, CACNA1E, CACNA1I, CACNG2, CACNG3, CACNG7, CACNG8, CALM1, CALY, CAMK2A, CAMK2B, CAPN10, CBARP, CCKBR, CDH13, CDK5R1, CDK5R2, CDT1, CELSR2, CHGA, CHRNA4, CLASP2, CLCN4, CNGB1, CNIH2, CNP, CNTN2, CNTNAP2, CORO1A, CORO2B, COX4I1, CPLX1, CPLX2, CPLX3, CRB1, CRHR1, CRYM, CSPG5, CYP51A1, DCTN1, DDX25, DESI1, DGKD, DHCR24, DISP3, DLG2, DLG4, DMTN, DNAJC6, DNER, DNM3, DPP10, DPP6, DPYSL2, EDN3, EHD3, EIF4E, ELMO1, EPHA5, ERBB3, ERC2, FAM53B, FBXW7, FCHO1, FEZ1, FGF12, FIS1, FKBP8, FUZ, GABRA2, GABRA3, GABRG1, GCK, GIT1, GJB1, GLRB, GLTPD2, GNAZ, GP1BB, GPHN, GPIHBP1, GPM6A, GRIA2, GRID1, GRIK4, GRIN1, GRIPAP1, GRM5, H4C15, H4C3, H4C5, HBA1, HBA2, HBB, HCN2, HECW2, HOMER1, HPCA, HRH3, HTATSF1, HTR2C, ICA1, ICAM5, IL1RAPL1, INSIG1, IPCEF1, IRS2, JAKMIP1, JPH3, JPH4, KCNA2, KCNAB3, KCNB2, KCNC2, KCND2, KCNF1, KCNH3, KCNIP2, KCNIP3, KCNJ3, KCNJ9, KCNK10, KCNMB4, KCNN1, KCNQ2, KCNQ3, KIF1A, KIF1B, KIF3A, KIF5A, KIF5C, KLC2, KPTN, LGI3, LHFPL4, LRRC4, LRRC8B, MADCAM1, MAP6D1, MAPK8IP1, MAPK8IP2, MARK2, MCHR1, MEGF10, MFSD2A, MFSD4A, MGAT3, MLLT6, MMD2, MVB12B, MYO18A, NACAD, NAPB, NCS1, NDRG4, NDUFA13, NECAB2, NECTIN1, NEFL, NEURL1, NGB, NIPA1, NIPAL3, NKAIN1, NKAIN2, NKAIN4, NLGN3, NLGN4X, NOS2, NPTX1, NRCAM, NRXN1, NRXN2, NSD2, NSG2, OSBP2, P2RY12, PACSIN1, PALM, PANX2, PARD6A, PARK7, PCDH17, PCSK1, PDIA2, PEG10, PEX10, PEX5, PEX5L, PHYHIP, PINK1, PIP4K2B, PITPNM3, PLA2G4C, PLCH2, PLD4, PLLP, POU3F3, PPBP, PPFIA3, PPP1R9B, PRKAR1B, PRKCB, PRKCG, PRKCZ, PSRC1, PTPRK, PTPRN, RAB11FIP4, RAB26, RAB39B, RAB3A, RAB40B, RAB4B, RAP1GDS1, RAPGEF4, RGS4, RHOBTB2, RIMS1, RN7SL3, RPH3A, RTBDN, RTN2, RTN3, RTN4, RTP5, RUFY3, SAPCD2, SCAMP5, SCRN1, SEC61A2, SEPTIN4, SEPTIN5, SERGEF, SFXN5, SH3GL3, SHANK1, SHISA7, SHISA8, SIDT1, SIRT2, SLC12A5, SLC17A7, SLC1A2, SLC1A3, SLC1A6, SLC22A17, SLC24A2, SLC25A4, SLC25A48, SLC32A1, SLC35F1, SLC38A5, SLC45A1, SLC45A3, SLC6A1, SLC6A12, SLC6A17, SLC7A10, SLC7A14, SLC7A5, SLC8A2, SLITRK3, SMPD3, SNAP25, SNAP91, SNCA, SNCB, SNX22, SORCS2, SORL1, SPNS2, SPRN, SPTBN2, SQLE, SRCIN1, STX1A, STX1B, STXBP5L, SV2A, SYN1, SYN2, SYNGR3, SYP, SYT1, SYT11, SYT13, SYT5, TECPR2, TMC7, TNK2, TOM1L2, TOMM7, TRIM23, TTPA, TTYH1, TYRO3, UGT8, UNC13A, UNC13C, VAMP2, VGF, VPS51, VSNL1, VSTM2A, XK, YWHAE, ZACN
GO:0023051	regulation of signaling	3391	226	167.61	3.9e-7	4.520774436090226e-5	0.06664700678265999	ABR, ACVR1C, ADCY1, ADGRB1, ADGRG1, AKAP6, AMER2, APBA2, APC, APC2, APLP1, ARC, ARFGEF3, ARHGAP39, ARHGEF18, ARHGEF2, ARHGEF4, ARHGEF9, ATAT1, BCHE, BCL2L2, BRSK1, BRSK2, BTBD9, C18orf32, CACNG2, CACNG3, CACNG7, CACNG8, CADM1, CALB2, CALM1, CAMK2A, CAMK2B, CAMKV, CAPN10, CASTOR2, CDH13, CDKN2D, CHD5, CHGA, CNIH2, CPLX1, CPLX2, CPLX3, CRB2, CREB3, CRHR1, CSPG5, CX3CR1, CYFIP2, DACT3, DGKD, DGKG, DGKZ, DLG4, DLGAP1, DLGAP3, DOCK3, DOK6, DUSP26, DUSP7, DUSP8, EDN3, EIF4E, ENHO, EPHA5, EPHB1, ERBB3, ERC2, FAIM2, FAM53B, FBXW7, FGFR3, FIS1, FKBP8, FUZ, GADD45G, GCK, GIT1, GNAZ, GNG4, GNG7, GPR17, GPR37, GPR37L1, GPR62, GRIA2, GRID1, GRIK4, GRIN1, GRM3, GRM5, GRM8, HCRTR1, HES5, HOMER1, HTR2C, IGSF1, INA, INSIG1, IRS2, ITPKA, JPH3, JPH4, KCNMB4, KCNQ3, KCTD16, KIAA0319, KLK6, KPTN, LANCL2, LILRA4, LRRC4, LZTS1, MAP3K10, MAPK8IP1, MAPK8IP2, MMD2, MPP2, MVB12B, MYORG, NCAM1, NDRG4, NDST1, NDUFA13, NECAB2, NEFL, NEURL1, NGEF, NLGN3, NLGN4X, NLK, NOS2, NRXN1, NTNG2, NUAK1, P2RY12, PAK6, PALM, PARK7, PCDH17, PCDH8, PEBP1, PEG10, PEX5L, PHF24, PINK1, PIP4K2B, PLCL1, PLEKHG3, PPFIA3, PPP1R16B, PPP1R9B, PPP2R5B, PREX1, PRKACB, PRKAR1B, PRKCB, PRKCG, PRKCQ, PRKCZ, PSD, PSD3, PTGDR2, PTPRD, PTPRR, RAB3A, RALGPS1, RAP1GAP, RAP1GAP2, RAP1GDS1, RAPGEF4, RASD2, RASGRF1, RGS20, RGS4, RGS7BP, RHOF, RIMS1, RTN4, RUNDC3A, SEMA3E, SEMA4D, SEMA7A, SEPTIN4, SEPTIN5, SEZ6, SEZ6L2, SHANK1, SHANK2, SHISA7, SHISA8, SIPA1L2, SIRT2, SLC1A3, SLC24A2, SLC25A4, SLC6A1, SLC7A10, SLC8A2, SNAP25, SNCA, SORCS2, SORL1, STMN1, STUB1, STX1A, STX1B, SYN1, SYP, SYT1, SYT11, TEDC1, TMEM170B, TYRO3, UNC13A, UNC13C, UNC5B, USP2, USP32, VAMP2, VGF, VSNL1, WNT7B, ZNF536
GO:0009653	anatomical structure morphogenesis	2642	174	130.59	2.7e-5	0.0021023181818181818	0.06585919757759273	ABCA2, ACTN2, ADCY1, ADGRB1, ADGRB2, ADGRG1, AGTPBP1, ANK3, ANOS1, APBB1, APC, APLP1, ARC, ARHGAP33, ARHGEF18, ARHGEF2, ARMC5, BAP1, BCL11B, BRSK1, BRSK2, BTBD3, CACNG7, CAMK2B, CCK, CDH13, CDH22, CDH4, CDH9, CDK5R1, CDK5R2, CELSR2, CEND1, CLASP2, CNP, CNTN2, CNTNAP2, COCH, CORO1A, CRB1, CRB2, CSPG5, CX3CR1, CYFIP2, DLG4, DMTN, DNM3, DPYSL5, DSCAML1, EDN3, EGR3, EPHA10, EPHA5, EPHB1, EPHB6, ERMN, EVL, FAIM2, FAM171A1, FBN3, FBXW7, FEZ1, FEZF2, FGFR3, FIGNL2, FIS1, FLRT1, FOXG1, FOXQ1, FREM3, FUZ, GAS7, GPM6A, HDAC5, HECW2, HES5, IL1RAPL1, INSIG1, ISLR2, ITPKA, KCNA2, KIAA0319, KIF1A, KIF5A, KIF5C, KIRREL3, KNDC1, L1CAM, LRTM2, LY6H, LZTS1, LZTS3, MAG, MAPK8IP2, MARK2, MEGF11, MEIS1, MFSD2A, MYOM2, NCAM1, NDRG4, NDST1, NECTIN1, NEFL, NELL2, NFASC, NGEF, NLGN3, NOVA2, NPTX1, NRCAM, NRXN1, NSD2, NTNG2, NYAP1, OLFM1, PACSIN1, PAK6, PALM, PCDH8, PHOSPHO1, PINK1, PLXNB3, PODXL, PPP1R16B, PRDM8, PRKACB, PRKCB, PRKCQ, PRKCZ, PTPRD, RAB3A, RIMS1, RNF157, ROGDI, RTN4, RUFY3, RXFP1, SAPCD2, SEMA3E, SEMA4B, SEMA4D, SEMA6B, SEMA7A, SEPTIN7, SHANK1, SHTN1, SLC1A3, SLITRK1, SLITRK2, SLITRK3, SLITRK4, SMPD3, SNAP25, SOX8, SPTBN2, SRCIN1, SRPK2, STMN1, SULT4A1, SYT1, TMEFF2, TMEM59L, TNNT1, TPPP, UGT8, UNC13A, UNC5A, UNC5B, VASH1, VPS51, WNT7B, XK, ZNF365
GO:0032502	developmental process	6350	415	313.87	2.8e-13	9.384260869565219e-11	0.06535433070866142	AATK, ABCA2, ACAP3, ACO2, ACSL6, ACTL6B, ACTN2, ACVR1C, ADAMTS18, ADAMTS4, ADCY1, ADD2, ADGRB1, ADGRB2, ADGRG1, ADGRL1, AGPAT5, AGTPBP1, AKAP6, AMER2, ANK3, ANLN, ANOS1, APBA2, APBB1, APC, APC2, APLP1, ARC, ARHGAP33, ARHGDIG, ARHGEF18, ARHGEF2, ARHGEF9, ARMC5, ASIC2, ASTN1, ATAT1, ATCAY, ATP2B2, BAP1, BATF3, BCHE, BCL11B, BCL2L2, BEX1, BHLHA15, BIN1, BMP8B, BRINP3, BRSK1, BRSK2, BSN, BTBD3, C1QL2, CA10, CABYR, CACNG7, CADM1, CALM1, CAMK2A, CAMK2B, CAMK4, CCDC85B, CCK, CCKBR, CCSAP, CDH13, CDH22, CDH4, CDH9, CDK5R1, CDK5R2, CELF3, CELSR2, CEND1, CHADL, CHD5, CHST8, CKB, CLASP2, CNGB1, CNP, CNTN2, CNTNAP2, COCH, CORO1A, CPLX2, CRB1, CRB2, CRHR1, CSMD3, CSPG5, CX3CR1, CYFIP2, DACT3, DCTN1, DCX, DDX25, DGKG, DHCR24, DISP3, DLG2, DLG4, DMTN, DNER, DNM3, DNMT3A, DPYSL2, DPYSL5, DSCAML1, E2F1, EDN3, EGR3, EIF4E, ELAVL3, EPHA10, EPHA5, EPHB1, EPHB6, ERBB3, ERMN, ETV4, EVL, FA2H, FAIM2, FAM171A1, FASN, FBLL1, FBN3, FBXW7, FEZ1, FEZF2, FGF12, FGFR3, FIGNL2, FIS1, FKBP8, FLRT1, FOXG1, FOXQ1, FREM3, FUT8, FUZ, GABRA2, GABRA3, GABRG1, GADD45G, GAS7, GDA, GIT1, GJB1, GLRB, GP1BB, GPM6A, GPR17, GPR37, GPR37L1, GPRIN1, GRIN1, GRM5, H4C15, H4C3, H4C5, HAPLN2, HDAC11, HDAC5, HECW2, HES5, HMGB3, HOMER1, HPCA, HPCAL4, HSPA2, HTR2C, ICAM5, IL1RAPL1, INA, INSIG1, INSM1, IRS2, ISLR2, ITPK1, ITPKA, KCNA2, KCNC2, KCNIP2, KCNQ2, KCNQ3, KIAA0319, KIF1A, KIF5A, KIF5C, KIRREL3, KLF13, KLK6, KNDC1, KREMEN2, L1CAM, LGI4, LHFPL4, LRFN1, LRRC24, LRRC4, LRRC4B, LRRTM3, LRTM2, LY6H, LZTS1, LZTS3, MAG, MAPK8IP2, MARK2, MAST1, MEGF10, MEGF11, MEIS1, MFSD2A, MMD2, MOG, MYOM2, MYORG, MYRF, NAV3, NCAM1, NCAM2, NCAN, NCAPH2, NCS1, NDRG4, NDST1, NECTIN1, NEFL, NELL1, NELL2, NEURL1, NEUROD6, NFASC, NGEF, NLGN3, NLGN4X, NOVA2, NPM2, NPTX1, NR1I3, NRCAM, NRGN, NRSN1, NRXN1, NRXN2, NSD2, NSDHL, NTM, NTNG2, NYAP1, OLFM1, OLIG2, OMG, OPALIN, OPCML, OSBP2, P2RY12, PACSIN1, PAK6, PALM, PAQR8, PCDH1, PCDH10, PCDH17, PCDH8, PCDHA1, PCDHA13, PCDHA2, PCDHA5, PCDHA6, PCDHA7, PCDHA9, PCDHB15, PCDHB8, PCP4, PCSK1, PCYT1B, PDE6B, PEG10, PEX5, PGAM2, PHOSPHO1, PINK1, PITHD1, PLD4, PLLP, PLPP7, PLPPR1, PLXNB3, PODXL, POPDC3, POU3F3, PPP1R16B, PPP1R9B, PPP2R5B, PRDM8, PREX1, PRKACB, PRKCB, PRKCG, PRKCQ, PRKCZ, PSD, PTH1R, PTPRD, PTPRN, PTPRR, RAB26, RAB3A, RAP1GAP, RAPGEF5, RAPGEFL1, RASGRF1, RGS4, RIMS1, RNF157, ROGDI, RSPH1, RTN1, RTN3, RTN4, RTN4RL2, RUFY3, RXFP1, S1PR5, SAPCD2, SBF1, SCRT1, SEMA3E, SEMA4B, SEMA4D, SEMA6B, SEMA7A, SEPTIN4, SEPTIN7, SERF1B, SERPINI1, SEZ6, SEZ6L2, SH3GL3, SHANK1, SHANK2, SHTN1, SIRT2, SLC12A5, SLC17A7, SLC1A2, SLC1A3, SLC32A1, SLC45A3, SLC6A17, SLC7A10, SLC7A5, SLITRK1, SLITRK2, SLITRK3, SLITRK4, SMPD3, SNAP25, SNCA, SOHLH1, SORL1, SOX8, SPARCL1, SPNS2, SPTBN2, SRCIN1, SRPK2, SRPK3, SSTR1, SSTR3, STMN1, STMN4, STOX2, STX1B, SULT4A1, SYN1, SYNGR3, SYP, SYT1, TAGLN3, TBCB, TFPT, TMEFF2, TMEM59L, TNNT1, TPPP, TTBK1, TTLL7, TTPA, TYRO3, UGT8, UNC13A, UNC13C, UNC5A, UNC5B, UQCRQ, USP2, VASH1, VGF, VPS51, VSTM2A, VXN, WNT7B, XK, YWHAE, ZBTB18, ZNF365, ZNF488, ZNF536
GO:0016043	cellular component organization	6422	416	317.42	1.1e-12	3.5330625e-10	0.06477732793522267	ABCA2, ABHD17A, ABLIM2, ACAP3, ACOT8, ACTL6B, ACTN2, ACVR1C, ADAMTS18, ADAMTS4, ADAMTS8, ADCY1, ADD2, ADGRB1, ADGRL1, AGAP2, AGTPBP1, AIF1L, AJM1, AKAP6, ALDOB, ANK3, ANKRD13D, ANLN, ANO4, ANOS1, APBB1, APC, APC2, APLP1, ARC, ARHGAP33, ARHGAP39, ARHGEF18, ARHGEF2, ARHGEF4, ARHGEF9, ASIC2, ATAT1, ATCAY, ATP1A3, ATP8A1, AURKAIP1, BAP1, BCL11B, BCL2L2, BHLHA15, BIN1, BRSK1, BRSK2, BSN, BTBD3, BTBD9, C1QL2, CACNG2, CACNG7, CALM1, CALY, CAMK2A, CAMK2B, CAMKK2, CAMKV, CAPN10, CBX6, CBX7, CCDC85B, CCK, CCSAP, CD2BP2, CDH13, CDH22, CDH4, CDH9, CDK11B, CDK5R1, CDK5R2, CDKN2D, CDT1, CELF3, CELF5, CELSR2, CGN, CHADL, CHAF1A, CHD5, CHGA, CLASP2, CLCN4, CLIP2, CNGB1, CNP, CNTN2, CNTNAP2, COLGALT2, CORO1A, CORO2B, CPLX1, CPLX2, CPLX3, CRB1, CSMD3, CSPG5, CX3CR1, CYFIP2, DACT3, DCTN1, DCTN6, DCUN1D5, DCX, DGKD, DGKG, DHCR24, DLG4, DLGAP3, DMTN, DNAJC6, DNER, DNM3, DNMT3A, DPYSL2, DPYSL5, DSCAML1, ECSIT, EDN3, EHD3, ELMO1, EML2, EPHA10, EPHA5, EPHB1, EPHB6, ERC2, ERICH3, ERMN, EVI5L, EVL, FA2H, FAM171A1, FAM50B, FBLL1, FBXW7, FCHO1, FEZ1, FEZF2, FIGNL2, FIS1, FKBP8, FLRT1, FOXG1, FRMPD2, FRMPD4, FSD1, FUZ, GABRA2, GABRA3, GABRG1, GAN, GAS7, GIT1, GJB1, GLRB, GLTPD2, GNG4, GPHN, GPM6A, GPR37, GPRIN1, GRID1, GRIN1, GRIPAP1, GRM5, H4C15, H4C3, H4C5, HABP4, HAPLN2, HDAC11, HDAC5, HECW2, HES5, HIRIP3, HMGB3, HOMER1, HPCA, HR, HSPA2, HTATSF1, ICAM5, IL1RAPL1, INA, INSIG1, INSM1, ISLR2, ITPKA, KCNA2, KCNB2, KCNC2, KCND2, KCNF1, KCNIP2, KCNQ3, KCTD16, KCTD17, KIAA0319, KIF1A, KIF3A, KIF5A, KIF5C, KIRREL3, KLC1, KLK6, KNDC1, KPTN, L1CAM, LHFPL4, LRFN1, LRRC24, LRRC4, LRRC4B, LRRTM3, LRTM2, LZTS1, LZTS3, MAG, MAGI1, MAP6D1, MAP7D1, MAPK8IP2, MARK2, MAST1, MAST3, MEGF10, MEGF9, MFSD2A, MLLT6, MPP2, MYO18A, MYOM2, MYRF, NAPB, NAV3, NCAM1, NCAM2, NCAPH2, NCS1, NDRG4, NDUFA13, NDUFAF8, NECAB2, NECTIN1, NEFL, NEFM, NELL2, NEURL1, NEUROD6, NFASC, NGEF, NLGN3, NLGN4X, NOVA2, NPM2, NPTX1, NRCAM, NRXN1, NRXN2, NSD2, NSG2, NTNG2, NYAP1, OLFM1, OLIG2, OMG, P2RY12, PACSIN1, PAK6, PALM, PARD6A, PARK7, PCDH17, PCDH8, PDXP, PEG10, PET117, PEX10, PEX5, PEX5L, PFDN2, PHACTR3, PINK1, PIP4K2B, PITPNM3, PKMYT1, PLA2G4C, PLXNB3, PODXL, PPFIA3, PPM1E, PPP1R16B, PPP1R9B, PPP2R5B, PRDM8, PREX1, PRKACB, PRKCB, PRKCG, PRKCQ, PRKCZ, PSD, PSRC1, PTPRD, PTPRK, PTPRN, RAB39B, RAB3A, RAB4B, RAP1GAP, RAP1GAP2, RAP1GDS1, RASGRF1, RGS4, RHOBTB2, RHOF, RIMS1, RN7SL3, RNF157, RPH3A, RSPH1, RTN1, RTN3, RTN4, RTN4RL2, RTP5, RUFY3, RXFP1, SAPCD2, SCAMP5, SEMA3E, SEMA4B, SEMA4D, SEMA6B, SEMA7A, SEPTIN7, SERF1B, SERPINI1, SEZ6, SEZ6L2, SH3GL3, SHANK1, SHANK2, SHISA7, SHTN1, SIRT2, SLC12A5, SLC17A7, SLC1A2, SLC25A4, SLC6A1, SLC8A2, SLITRK1, SLITRK2, SLITRK3, SLITRK4, SMPD3, SNAP25, SNAP91, SNCA, SNCB, SNRPD1, SORL1, SPARCL1, SPTBN2, SQLE, SRCIN1, SRPK2, SRPK3, STMN1, STMN4, STUB1, STX1A, STX1B, SULT4A1, SV2A, SYN1, SYP, SYT1, SYT11, TAF13, TAGLN3, TBCB, TFPT, TMEFF2, TNK2, TNNT1, TOM1L2, TOMM7, TP53TG5, TPPP, TRIM36, TTBK1, TTLL11, TTLL7, TTPA, TTYH1, TUBB4A, UBE2S, UGT8, UNC13A, UNC13C, UNC5A, UNC5B, VAMP2, VPS51, VWA1, WNT7B, XK, ZNF365
GO:0022607	cellular component assembly	3005	191	148.53	8.1e-5	0.0054531746724890825	0.06356073211314475	ABCA2, ABLIM2, ACTN2, ADD2, ADGRB1, AIF1L, ALDOB, ANK3, ANLN, APC, ARC, ARHGEF18, ARHGEF4, ARHGEF9, ASIC2, ATAT1, BIN1, BSN, C1QL2, CALY, CCSAP, CD2BP2, CDH13, CDH22, CDH4, CDH9, CDK5R1, CDT1, CELF3, CELF5, CELSR2, CHAF1A, CLASP2, CLCN4, CNTNAP2, CORO1A, CORO2B, CYFIP2, DCTN1, DCX, DLG4, DMTN, DNAJC6, DNER, DNM3, ECSIT, EHD3, EML2, EPHB1, ERC2, ERICH3, EVI5L, EVL, FAM171A1, FCHO1, FEZ1, FRMPD2, FUZ, GABRA2, GABRA3, GABRG1, GAS7, GIT1, GJB1, GPM6A, GRIN1, H4C15, H4C3, H4C5, HAPLN2, HES5, HOMER1, HSPA2, HTATSF1, ICAM5, IL1RAPL1, INSM1, KCNA2, KCNB2, KCNC2, KCND2, KCNF1, KCNQ3, KCTD16, KCTD17, KIF3A, KIRREL3, LHFPL4, LRFN1, LRRC24, LRRC4, LRRC4B, LRRTM3, LRTM2, LZTS1, MAG, MAGI1, MAPK8IP2, MEGF9, MFSD2A, MPP2, MYOM2, NAPB, NAV3, NDUFA13, NDUFAF8, NECTIN1, NEFL, NEFM, NEURL1, NLGN3, NLGN4X, NPTX1, NRCAM, NRXN1, NRXN2, NSG2, NTNG2, P2RY12, PALM, PARK7, PCDH17, PDXP, PEG10, PET117, PEX5, PINK1, PIP4K2B, PLA2G4C, PLXNB3, PODXL, PPM1E, PPP1R16B, PPP1R9B, PPP2R5B, PREX1, PRKACB, PRKCZ, PSRC1, PTPRD, PTPRK, RAP1GAP, RAP1GDS1, RIMS1, RN7SL3, RPH3A, RSPH1, RTN1, RTN3, RTN4, SEMA4D, SEPTIN7, SHANK1, SHANK2, SHTN1, SIRT2, SLC1A2, SLITRK1, SLITRK2, SLITRK3, SLITRK4, SMPD3, SNAP25, SNAP91, SNCA, SNRPD1, SORL1, SPTBN2, SQLE, SRPK2, SRPK3, STMN1, STUB1, STX1A, STX1B, SV2A, SYT1, TAF13, TBCB, TMEFF2, TNNT1, TPPP, TTBK1, TTYH1, TUBB4A, UBE2S, UGT8, UNC13A, UNC13C, VAMP2, VWA1
GO:0007154	cell communication	6442	408	318.41	9.1e-11	2.0939507462686565e-8	0.06333436820863086	ABR, ACTN2, ACVR1C, ADAM11, ADAP1, ADCY1, ADGRA1, ADGRB1, ADGRB2, ADGRG1, ADGRL1, AKAP6, AMER2, ANK3, ANKS1B, APBA2, APBB1, APC, APC2, APLP1, ARC, ARFGEF3, ARHGAP33, ARHGAP39, ARHGDIG, ARHGEF18, ARHGEF2, ARHGEF4, ARHGEF9, ASIC2, ASIC3, ATAT1, ATP1A3, BCHE, BCL2L2, BEX1, BEX2, BEX5, BHLHA15, BMP8B, BRSK1, BRSK2, BSN, BTBD9, C18orf32, CACNA1E, CACNA1I, CACNG2, CACNG3, CACNG7, CACNG8, CADM1, CALB2, CALM1, CALY, CAMK2A, CAMK2B, CAMK4, CAMKK1, CAMKK2, CAMKV, CAPN10, CASKIN1, CASTOR2, CCK, CCKBR, CDH13, CDIP1, CDK5R1, CDKN2D, CDT1, CELSR2, CHD5, CHGA, CHRNA4, CNGB1, CNIH2, CNP, CNTNAP2, CORO1A, CORT, CPLX1, CPLX2, CPLX3, CRB1, CRB2, CREB3, CRHR1, CSPG5, CX3CR1, CYFIP2, DACT3, DCX, DGKB, DGKD, DGKG, DGKZ, DHCR24, DIRAS1, DIRAS2, DISP3, DLG2, DLG4, DLGAP1, DLGAP3, DMTN, DNER, DOCK3, DOK6, DPYSL2, DPYSL5, DTX4, DUSP26, DUSP7, DUSP8, E2F1, ECSIT, EDN3, EGR3, EIF4E, ELMO1, ENHO, EPHA10, EPHA5, EPHB1, EPHB6, ERBB3, ERC2, EVL, FAIM2, FAM53B, FBXW7, FCHO1, FGF12, FGFR3, FIS1, FKBP8, FLRT1, FREM3, FUT8, FUZ, GABBR2, GABRA2, GABRA3, GABRG1, GAD1, GADD45G, GCK, GIT1, GJB1, GLRB, GNAO1, GNAZ, GNG3, GNG4, GNG7, GP1BB, GPR17, GPR37, GPR37L1, GPR62, GRIA2, GRID1, GRIK4, GRIN1, GRM3, GRM5, GRM8, HCN2, HCRTR1, HES5, HOMER1, HPCA, HRH3, HTR2C, IGSF1, IL1RAPL1, INA, INSIG1, IRS2, ITPK1, ITPKA, JPH3, JPH4, KCNA2, KCNC2, KCND2, KCNIP2, KCNIP3, KCNJ3, KCNK10, KCNMB4, KCNN1, KCNQ2, KCNQ3, KCTD16, KIAA0319, KIF1B, KIF5A, KLK6, KNDC1, KPTN, KREMEN2, LANCL2, LILRA4, LRRC4, LY6H, LZTS1, MADCAM1, MAG, MAGI1, MAP3K10, MAPK8IP1, MAPK8IP2, MARK2, MAST1, MAST3, MCHR1, MFSD2A, MMD2, MOG, MPP2, MVB12B, MYORG, NAPB, NCAM1, NDRG4, NDST1, NDUFA13, NECAB2, NEFL, NEURL1, NGEF, NLGN3, NLGN4X, NLK, NOS2, NPTX1, NR1I3, NRCAM, NRGN, NRXN1, NRXN2, NSDHL, NSG2, NTNG2, NTSR2, NUAK1, NUDT3, NYAP1, OLFM1, P2RY12, PAK6, PALM, PANX2, PAQR8, PARK7, PCDH1, PCDH17, PCDH8, PCP4, PCSK1, PDE6B, PDYN, PEBP1, PEG10, PEX5L, PGAM2, PHF24, PINK1, PIP4K2B, PLA2G4C, PLCH2, PLCL1, PLEKHG3, PLPPR1, PLPPR3, PLXNB3, PNOC, PPBP, PPFIA3, PPP1R16B, PPP1R1A, PPP1R9B, PPP2R5B, PREX1, PRKACB, PRKAR1B, PRKCB, PRKCG, PRKCQ, PRKCZ, PSD, PSD3, PTGDR2, PTH1R, PTPN5, PTPRD, PTPRK, PTPRN, PTPRR, RAB33A, RAB39B, RAB3A, RAB40B, RAB4B, RALGPS1, RAP1GAP, RAP1GAP2, RAP1GDS1, RAPGEF4, RAPGEF5, RAPGEFL1, RASD2, RASGEF1C, RASGRF1, RGS20, RGS4, RGS7BP, RHOBTB2, RHOF, RIMS1, RPH3A, RTN4, RTN4RL2, RUNDC3A, RXFP1, S1PR4, S1PR5, SEMA3E, SEMA4B, SEMA4D, SEMA6B, SEMA7A, SEPTIN4, SEPTIN5, SERGEF, SEZ6, SEZ6L2, SH3GL3, SHANK1, SHANK2, SHISA7, SHISA8, SHTN1, SIPA1L2, SIRT2, SLC12A5, SLC17A7, SLC1A2, SLC1A3, SLC1A6, SLC24A2, SLC25A4, SLC32A1, SLC6A1, SLC7A10, SLC7A5, SLC8A2, SLITRK3, SMPD3, SNAP25, SNCA, SNCB, SORCS2, SORL1, SOX8, SPARCL1, SPNS2, SRPK2, SRPK3, SST, SSTR1, SSTR3, ST18, STMN1, STUB1, STX1A, STX1B, SV2A, SYN1, SYN2, SYP, SYT1, SYT11, SYT13, SYT5, TEDC1, TFPT, TMEM170B, TNK2, TOM1L2, TP53TG5, TTBK1, TYRO3, UNC13A, UNC13C, UNC5A, UNC5B, USP2, USP32, VAMP2, VGF, VSNL1, WNT7B, YWHAE, ZACN, ZNF536
GO:0071840	cellular component organization or biogenesis	6629	419	327.66	4.7e-11	1.187867213114754e-8	0.06320712022929552	ABCA2, ABHD17A, ABLIM2, ACAP3, ACOT8, ACTL6B, ACTN2, ACVR1C, ADAMTS18, ADAMTS4, ADAMTS8, ADCY1, ADD2, ADGRB1, ADGRL1, AGAP2, AGTPBP1, AIF1L, AJM1, AKAP6, ALDOB, ANK3, ANKRD13D, ANLN, ANO4, ANOS1, APBB1, APC, APC2, APLP1, ARC, ARHGAP33, ARHGAP39, ARHGEF18, ARHGEF2, ARHGEF4, ARHGEF9, ASIC2, ATAT1, ATCAY, ATP1A3, ATP8A1, AURKAIP1, BAP1, BCL11B, BCL2L2, BHLHA15, BIN1, BRSK1, BRSK2, BSN, BTBD3, BTBD9, C1QL2, CACNG2, CACNG7, CALM1, CALY, CAMK2A, CAMK2B, CAMKK2, CAMKV, CAPN10, CBX6, CBX7, CCDC85B, CCK, CCSAP, CD2BP2, CDH13, CDH22, CDH4, CDH9, CDK11B, CDK5R1, CDK5R2, CDKN2D, CDT1, CELF3, CELF5, CELSR2, CGN, CHADL, CHAF1A, CHD5, CHGA, CINP, CLASP2, CLCN4, CLIP2, CNGB1, CNP, CNTN2, CNTNAP2, COLGALT2, CORO1A, CORO2B, CPLX1, CPLX2, CPLX3, CRB1, CSMD3, CSPG5, CX3CR1, CYFIP2, DACT3, DCTN1, DCTN6, DCUN1D5, DCX, DGKD, DGKG, DHCR24, DLG4, DLGAP3, DMTN, DNAJC6, DNER, DNM3, DNMT3A, DPYSL2, DPYSL5, DSCAML1, ECSIT, EDN3, EHD3, ELMO1, EML2, EPHA10, EPHA5, EPHB1, EPHB6, ERC2, ERICH3, ERMN, EVI5L, EVL, FA2H, FAM171A1, FAM50B, FBLL1, FBXW7, FCHO1, FEZ1, FEZF2, FIGNL2, FIS1, FKBP8, FLRT1, FOXG1, FRMPD2, FRMPD4, FSD1, FUZ, GABRA2, GABRA3, GABRG1, GAN, GAS7, GIT1, GJB1, GLRB, GLTPD2, GNG4, GPHN, GPM6A, GPR37, GPRIN1, GRID1, GRIN1, GRIPAP1, GRM5, H4C15, H4C3, H4C5, HABP4, HAPLN2, HDAC11, HDAC5, HECW2, HES5, HIRIP3, HMGB3, HOMER1, HPCA, HR, HSPA2, HTATSF1, ICAM5, IL1RAPL1, INA, INSIG1, INSM1, ISLR2, ITPKA, KCNA2, KCNB2, KCNC2, KCND2, KCNF1, KCNIP2, KCNQ3, KCTD16, KCTD17, KIAA0319, KIF1A, KIF3A, KIF5A, KIF5C, KIRREL3, KLC1, KLK6, KNDC1, KPTN, L1CAM, LHFPL4, LRFN1, LRRC24, LRRC4, LRRC4B, LRRTM3, LRTM2, LZTS1, LZTS3, MAG, MAGI1, MAP6D1, MAP7D1, MAPK8IP2, MARK2, MAST1, MAST3, MEGF10, MEGF9, MFSD2A, MLLT6, MPP2, MYO18A, MYOM2, MYRF, NAPB, NAV3, NCAM1, NCAM2, NCAPH2, NCS1, NDRG4, NDUFA13, NDUFAF8, NECAB2, NECTIN1, NEFL, NEFM, NELL2, NEURL1, NEUROD6, NFASC, NGEF, NLGN3, NLGN4X, NOVA2, NPM2, NPTX1, NRCAM, NRXN1, NRXN2, NSD2, NSG2, NTNG2, NYAP1, OLFM1, OLIG2, OMG, P2RY12, PACSIN1, PAK6, PALM, PARD6A, PARK7, PCDH17, PCDH8, PDXP, PEG10, PELP1, PET117, PEX10, PEX5, PEX5L, PFDN2, PHACTR3, PINK1, PIP4K2B, PITPNM3, PKMYT1, PLA2G4C, PLXNB3, PODXL, PPFIA3, PPM1E, PPP1R16B, PPP1R9B, PPP2R5B, PRDM8, PREX1, PRKACB, PRKCB, PRKCG, PRKCQ, PRKCZ, PSD, PSRC1, PTPRD, PTPRK, PTPRN, RAB39B, RAB3A, RAB4B, RAP1GAP, RAP1GAP2, RAP1GDS1, RASGRF1, RGS4, RHOBTB2, RHOF, RIMS1, RN7SL3, RNF157, RPH3A, RSPH1, RTN1, RTN3, RTN4, RTN4RL2, RTP5, RUFY3, RXFP1, SAPCD2, SCAMP5, SEMA3E, SEMA4B, SEMA4D, SEMA6B, SEMA7A, SEPTIN7, SERF1B, SERPINI1, SEZ6, SEZ6L2, SH3GL3, SHANK1, SHANK2, SHISA7, SHTN1, SIRT2, SLC12A5, SLC17A7, SLC1A2, SLC25A4, SLC6A1, SLC8A2, SLITRK1, SLITRK2, SLITRK3, SLITRK4, SMPD3, SNAP25, SNAP91, SNCA, SNCB, SNRPD1, SORL1, SPARCL1, SPTBN2, SQLE, SRCIN1, SRPK2, SRPK3, STMN1, STMN4, STUB1, STX1A, STX1B, SULT4A1, SV2A, SYN1, SYP, SYT1, SYT11, TAF13, TAGLN3, TBCB, TFPT, TMEFF2, TNK2, TNNT1, TOM1L2, TOMM7, TP53TG5, TPPP, TRIM36, TSR3, TTBK1, TTLL11, TTLL7, TTPA, TTYH1, TUBB4A, UBE2S, UGT8, UNC13A, UNC13C, UNC5A, UNC5B, VAMP2, VPS51, VWA1, WNT7B, XK, ZNF365
GO:0023052	signaling	6350	401	313.87	2.5e-10	5.5060714285714286e-8	0.0631496062992126	ABR, ACTN2, ACVR1C, ADAM11, ADAP1, ADCY1, ADGRA1, ADGRB1, ADGRB2, ADGRG1, ADGRL1, AKAP6, AMER2, ANK3, ANKS1B, APBA2, APBB1, APC, APC2, APLP1, ARC, ARFGEF3, ARHGAP33, ARHGAP39, ARHGDIG, ARHGEF18, ARHGEF2, ARHGEF4, ARHGEF9, ASIC2, ASIC3, ATAT1, BCHE, BCL2L2, BEX1, BEX2, BEX5, BHLHA15, BMP8B, BRSK1, BRSK2, BSN, BTBD9, C18orf32, CACNA1E, CACNA1I, CACNG2, CACNG3, CACNG7, CACNG8, CADM1, CALB2, CALM1, CALY, CAMK2A, CAMK2B, CAMK4, CAMKK1, CAMKK2, CAMKV, CAPN10, CASKIN1, CASTOR2, CCK, CCKBR, CDH13, CDIP1, CDK5R1, CDKN2D, CDT1, CELSR2, CHD5, CHGA, CHRNA4, CNGB1, CNIH2, CNP, CORO1A, CORT, CPLX1, CPLX2, CPLX3, CRB1, CRB2, CREB3, CRHR1, CSPG5, CX3CR1, CYFIP2, DACT3, DCX, DGKB, DGKD, DGKG, DGKZ, DHCR24, DIRAS1, DIRAS2, DISP3, DLG2, DLG4, DLGAP1, DLGAP3, DMTN, DNER, DOCK3, DOK6, DPYSL2, DPYSL5, DTX4, DUSP26, DUSP7, DUSP8, E2F1, ECSIT, EDN3, EGR3, EIF4E, ELMO1, ENHO, EPHA10, EPHA5, EPHB1, EPHB6, ERBB3, ERC2, EVL, FAIM2, FAM53B, FBXW7, FCHO1, FGF12, FGFR3, FIS1, FKBP8, FLRT1, FUT8, FUZ, GABBR2, GABRA2, GABRA3, GABRG1, GAD1, GADD45G, GCK, GIT1, GJB1, GLRB, GNAO1, GNAZ, GNG3, GNG4, GNG7, GP1BB, GPR17, GPR37, GPR37L1, GPR62, GRIA2, GRID1, GRIK4, GRIN1, GRM3, GRM5, GRM8, HCN2, HCRTR1, HES5, HOMER1, HPCA, HRH3, HTR2C, IGSF1, IL1RAPL1, INA, INSIG1, IRS2, ITPK1, ITPKA, JPH3, JPH4, KCNA2, KCNC2, KCND2, KCNIP2, KCNIP3, KCNJ3, KCNK10, KCNMB4, KCNN1, KCNQ2, KCNQ3, KCTD16, KIAA0319, KIF1B, KIF5A, KLK6, KNDC1, KPTN, KREMEN2, LANCL2, LILRA4, LRRC4, LY6H, LZTS1, MADCAM1, MAGI1, MAP3K10, MAPK8IP1, MAPK8IP2, MARK2, MAST1, MAST3, MCHR1, MMD2, MOG, MPP2, MVB12B, MYORG, NAPB, NCAM1, NDRG4, NDST1, NDUFA13, NECAB2, NEFL, NEURL1, NGEF, NLGN3, NLGN4X, NLK, NOS2, NPTX1, NR1I3, NRGN, NRXN1, NRXN2, NSDHL, NSG2, NTNG2, NTSR2, NUAK1, NUDT3, NYAP1, OLFM1, P2RY12, PAK6, PALM, PANX2, PAQR8, PARK7, PCDH1, PCDH17, PCDH8, PCP4, PCSK1, PDE6B, PDYN, PEBP1, PEG10, PEX5L, PGAM2, PHF24, PINK1, PIP4K2B, PLA2G4C, PLCH2, PLCL1, PLEKHG3, PLPPR1, PLPPR3, PLXNB3, PNOC, PPBP, PPFIA3, PPP1R16B, PPP1R1A, PPP1R9B, PPP2R5B, PREX1, PRKACB, PRKAR1B, PRKCB, PRKCG, PRKCQ, PRKCZ, PSD, PSD3, PTGDR2, PTH1R, PTPN5, PTPRD, PTPRK, PTPRN, PTPRR, RAB33A, RAB39B, RAB3A, RAB40B, RAB4B, RALGPS1, RAP1GAP, RAP1GAP2, RAP1GDS1, RAPGEF4, RAPGEF5, RAPGEFL1, RASD2, RASGEF1C, RASGRF1, RGS20, RGS4, RGS7BP, RHOBTB2, RHOF, RIMS1, RPH3A, RTN4, RTN4RL2, RUNDC3A, RXFP1, S1PR4, S1PR5, SEMA3E, SEMA4B, SEMA4D, SEMA6B, SEMA7A, SEPTIN4, SEPTIN5, SERGEF, SEZ6, SEZ6L2, SH3GL3, SHANK1, SHANK2, SHISA7, SHISA8, SHTN1, SIPA1L2, SIRT2, SLC12A5, SLC17A7, SLC1A2, SLC1A3, SLC1A6, SLC24A2, SLC25A4, SLC32A1, SLC6A1, SLC7A10, SLC8A2, SLITRK3, SMPD3, SNAP25, SNCA, SNCB, SORCS2, SORL1, SOX8, SPARCL1, SPNS2, SRPK2, SRPK3, SST, SSTR1, SSTR3, ST18, STMN1, STUB1, STX1A, STX1B, SV2A, SYN1, SYN2, SYP, SYT1, SYT11, SYT13, SYT5, TEDC1, TFPT, TMEM170B, TNK2, TOM1L2, TP53TG5, TTBK1, TYRO3, UNC13A, UNC13C, UNC5A, UNC5B, USP2, USP32, VAMP2, VGF, VSNL1, WNT7B, YWHAE, ZACN, ZNF536
GO:0032501	multicellular organismal process	7603	479	375.8	2.5e-13	8.565000000000001e-11	0.06300144679731685	AATK, ABCA2, ABHD12, ACAP3, ACO2, ACSL6, ACTL6B, ACTN2, ACVR1C, ADAM11, ADAMTS18, ADAMTS4, ADCY1, ADD2, ADGRB1, ADGRB2, ADGRG1, ADGRL1, AGTPBP1, AKAP6, ANK3, ANLN, ANOS1, APBA2, APBB1, APC, APC2, APLP1, ARC, ARHGAP33, ARHGDIG, ARHGEF2, ARHGEF9, ARMC5, ASIC2, ASIC3, ASTN1, ATAT1, ATCAY, ATP1A3, ATP2B2, ATP8A1, B3GAT1, BAP1, BATF3, BCHE, BCL11B, BCL2L2, BEX1, BHLHA15, BIN1, BMP8B, BRINP3, BRSK1, BRSK2, BSN, BTBD3, BTBD9, C1QL2, CA10, CABYR, CACNA1I, CACNG2, CACNG3, CACNG7, CACNG8, CADM1, CALM1, CAMK2A, CAMK2B, CAMK2N1, CAMK4, CCK, CCKBR, CCSAP, CDH13, CDH22, CDH4, CDH9, CDK5R1, CDK5R2, CDKN2D, CELF3, CELSR2, CEND1, CHADL, CHD5, CHGA, CHRNA4, CHST8, CKB, CLASP2, CNGB1, CNP, CNTN2, CNTNAP2, COCH, CORO1A, CORO2B, CPLX2, CPLX3, CRB1, CRB2, CRHR1, CRYM, CSMD3, CSPG5, CX3CR1, CYFIP2, CYP51A1, DACT3, DCTN1, DCX, DDX25, DGKB, DGKD, DGKG, DGKZ, DHCR24, DISP3, DLG2, DLG4, DLGAP1, DLGAP3, DMTN, DNER, DNM3, DNMT3A, DPYSL2, DPYSL5, DSCAML1, DTX4, E2F1, EDN3, EGR3, EHD3, EIF4E, ELAVL3, EML2, EPHA10, EPHA5, EPHB1, EPHB6, ERBB3, ERMN, ETV4, EVL, FA2H, FAAH, FAIM2, FASN, FBLL1, FBXW7, FCHO1, FEZ1, FEZF2, FGF12, FGFR3, FIGNL2, FKBP8, FLRT1, FOXG1, FOXQ1, FUT8, FUZ, GABRA2, GABRA3, GABRG1, GAD1, GADD45G, GAS7, GDA, GIT1, GJB1, GLRB, GNAO1, GNG7, GP1BB, GPIHBP1, GPM6A, GPR17, GPR37, GPR37L1, GPRIN1, GRID1, GRIN1, GRM5, GRM8, H4C15, H4C3, H4C5, HAPLN2, HBB, HCRTR1, HDAC11, HDAC5, HECW2, HES5, HMGB3, HOMER1, HPCA, HPCAL4, HRH3, HSPA2, HTR2C, ICAM5, IL1RAPL1, INA, INSIG1, INSM1, IRS2, ISLR2, ITPK1, ITPKA, JAKMIP1, JPH3, JPH4, KCNA2, KCNB2, KCNC2, KCND2, KCNIP2, KCNJ3, KCNK10, KCNMB4, KCNQ2, KCNQ3, KIAA0319, KIF1A, KIF5A, KIF5C, KIRREL3, KLF13, KLK6, KNDC1, KREMEN2, L1CAM, LGI4, LHFPL4, LILRA4, LRFN1, LRRC24, LRRC4, LRRC4B, LRRTM3, LRTM2, LY6H, LZTS1, LZTS3, MAG, MAPK8IP1, MAPK8IP2, MARK2, MAST1, MCHR1, MEGF10, MEGF11, MEIS1, MFSD2A, MGAT3, MLLT6, MMD2, MOG, MPP2, MYO18A, MYOM2, MYRF, NAV3, NCAM1, NCAM2, NCAN, NCAPH2, NCS1, NDRG4, NDST1, NECTIN1, NEFL, NELL1, NELL2, NEURL1, NEUROD6, NFASC, NGEF, NLGN3, NLGN4X, NOS2, NOVA2, NPM2, NPTX1, NR1I3, NRCAM, NRGN, NRSN1, NRXN1, NRXN2, NSD2, NSDHL, NTM, NTNG2, NTSR2, NYAP1, OLFM1, OLIG2, OMG, OPALIN, OPCML, OSBP2, P2RY12, PACSIN1, PAK6, PALM, PANX2, PAQR8, PARK7, PCDH1, PCDH10, PCDH17, PCDH8, PCDHA1, PCDHA13, PCDHA2, PCDHA5, PCDHA6, PCDHA7, PCDHA9, PCDHB15, PCDHB8, PCP4, PCSK1, PCYT1B, PDE6B, PDIA2, PDYN, PEX5, PGAM2, PHF24, PHOSPHO1, PITHD1, PLA2G4C, PLCL1, PLD4, PLLP, PLPPR1, PLXNB3, PNOC, PODXL, POPDC3, POU3F3, PPP1R16B, PPP1R9B, PPP2R5B, PRDM8, PREX1, PRKACB, PRKAR1B, PRKCB, PRKCG, PRKCQ, PRKCZ, PRSS3, PSD, PTGDR2, PTH1R, PTPRD, PTPRN, PTPRR, RAB26, RAB3A, RAP1GAP, RAP1GDS1, RAPGEF5, RAPGEFL1, RASD2, RASGRF1, RGS4, RIMS1, RNF157, ROGDI, RSPH1, RTN1, RTN3, RTN4, RTN4RL2, RTP5, RUFY3, RXFP1, S1PR5, SBF1, SCAMP5, SCD, SCRT1, SEMA3E, SEMA4B, SEMA4D, SEMA6B, SEMA7A, SEPTIN4, SEPTIN5, SEPTIN7, SERF1B, SERPINI1, SEZ6, SEZ6L2, SFXN5, SH3GL3, SHANK1, SHANK2, SHISA7, SHTN1, SIRT2, SLC12A5, SLC17A7, SLC1A2, SLC1A3, SLC24A2, SLC32A1, SLC38A5, SLC45A3, SLC6A1, SLC6A17, SLC7A5, SLC8A2, SLITRK1, SLITRK2, SLITRK3, SLITRK4, SMPD3, SNAP25, SNCA, SOHLH1, SORL1, SOX8, SPNS2, SPTBN2, SRCIN1, SRPK2, SST, SSTR1, SSTR3, STMN1, STMN4, STOX2, STX1A, STX1B, SULT4A1, SYN1, SYNGR3, SYT1, SYT11, TAGLN3, TBCB, TFPT, TMEFF2, TMEM59L, TNNT1, TPPP, TTBK1, TTLL7, TTPA, TYRO3, UGT8, UNC13A, UNC5A, UNC5B, UQCRQ, USP2, VAMP2, VASH1, VGF, VPS51, VWA1, VXN, WNT7B, XK, YWHAE, ZACN, ZNF365, ZNF488, ZNF536
GO:0050789	regulation of biological process	11503	631	568.57	1.4e-6	1.4682857142857142e-4	0.054855255150830215	ABCA2, ABHD12, ABHD17A, ABR, ACAP3, ACOT8, ACTL6B, ACTN2, ACVR1C, ADAM11, ADAMTS18, ADAMTS8, ADAP1, ADCY1, ADD2, ADGRA1, ADGRB1, ADGRB2, ADGRG1, ADGRL1, AGAP2, AGTPBP1, AKAP6, ALDOB, AMER2, ANK3, ANKRD13D, ANKS1B, ANLN, APBA2, APBB1, APC, APC2, APLP1, ARC, ARFGEF3, ARHGAP33, ARHGAP39, ARHGDIG, ARHGEF18, ARHGEF2, ARHGEF4, ARHGEF9, ARMC5, ASIC2, ASIC3, ATAT1, ATCAY, ATP1A3, ATP2B2, ATP6V0E2, ATP8A1, AURKAIP1, BACE1-AS, BAP1, BATF3, BCHE, BCL11B, BCL2L2, BEX1, BEX2, BEX5, BHLHA15, BIN1, BMP8B, BRINP3, BRSK1, BRSK2, BSN, BTBD17, BTBD9, C18orf32, C1QL2, CACNA1E, CACNA1I, CACNG2, CACNG3, CACNG7, CACNG8, CADM1, CALB2, CALM1, CALY, CAMK2A, CAMK2B, CAMK2N1, CAMK2N2, CAMK4, CAMKK1, CAMKK2, CAMKV, CAPN10, CASKIN1, CASTOR2, CBARP, CBX6, CBX7, CCDC124, CCDC85B, CCK, CCKBR, CCSAP, CDH13, CDH4, CDIP1, CDK11B, CDK19, CDK5R1, CDK5R2, CDKN2D, CDT1, CELF3, CELF5, CELSR2, CEND1, CHADL, CHD5, CHGA, CHRNA4, CLASP2, CNGB1, CNIH2, CNP, CNTNAP2, COCH, COPS9, CORO1A, CORO2B, CORT, CPLX1, CPLX2, CPLX3, CRB1, CRB2, CREB3, CRHR1, CRYM, CSMD3, CSPG5, CTIF, CX3CR1, CYFIP2, CYP51A1, DACT3, DBNDD2, DCTN1, DCUN1D5, DCX, DDN, DDX25, DESI1, DGKB, DGKD, DGKG, DGKZ, DHCR24, DIRAS1, DIRAS2, DISP3, DLG2, DLG4, DLGAP1, DLGAP3, DMTN, DNAJC6, DNER, DNM3, DNMT3A, DOCK3, DOK6, DPP10, DPP6, DPYSL2, DPYSL5, DRAP1, DTX4, DUSP26, DUSP7, DUSP8, E2F1, ECSIT, EDIL3, EDN3, EEF1A2, EGR3, EHD3, EIF4E, ELMO1, EML2, ENHO, EPHA10, EPHA5, EPHB1, EPHB6, ERBB3, ERC2, ERMN, ETV4, EVI5L, EVL, FA2H, FAAH, FAIM2, FAM171A1, FAM53B, FBXW7, FCHO1, FEZ1, FEZF2, FGF12, FGFR3, FIGNL2, FIS1, FKBP8, FLRT1, FOXG1, FOXQ1, FRMPD4, FSD1, FUT8, FUZ, GABBR2, GABRA2, GABRA3, GABRG1, GAD1, GADD45G, GCK, GIT1, GJB1, GLRB, GNAO1, GNAZ, GNG3, GNG4, GNG7, GP1BB, GPIHBP1, GPM6A, GPR17, GPR37, GPR37L1, GPR62, GRIA2, GRID1, GRIK4, GRIN1, GRIPAP1, GRM3, GRM5, GRM8, H4C15, H4C3, H4C5, HABP4, HAPLN2, HBB, HCN2, HCRTR1, HDAC5, HECW2, HES5, HHATL, HMGB3, HOMER1, HPCA, HR, HRH3, HSPA2, HTR2C, ICA1, ICAM5, IGSF1, IL1RAPL1, INA, INSIG1, INSM1, IRS2, ISLR2, ITPK1, ITPKA, JPH3, JPH4, KCNA2, KCNAB3, KCNB2, KCNC2, KCND2, KCNIP2, KCNIP3, KCNJ3, KCNJ9, KCNK10, KCNMB4, KCNN1, KCNQ2, KCNQ3, KCTD16, KCTD17, KHDRBS2, KHK, KIAA0319, KIF1A, KIF1B, KIF5A, KLF13, KLK6, KNDC1, KPTN, KREMEN2, L1CAM, LANCL2, LGI3, LGI4, LHFPL4, LILRA4, LRFN1, LRRC24, LRRC4, LRRC4B, LRRTM3, LRTM2, LSM7, LY6H, LZTS1, LZTS3, MADCAM1, MAFK, MAG, MAGED4, MAGI1, MAP3K10, MAP6D1, MAPK8IP1, MAPK8IP2, MARK2, MAST1, MAST3, MATK, MCF2L2, MCHR1, MEGF10, MEGF9, MEIS1, MFSD2A, MGAT3, MLLT6, MMD2, MOG, MPP2, MVB12B, MVD, MYO18A, MYORG, MYRF, NACC1, NAPB, NAV3, NCAM1, NCAN, NCAPH2, NCS1, NDRG4, NDST1, NDUFA13, NECAB2, NECTIN1, NEFL, NELL1, NEURL1, NEUROD6, NGEF, NKAIN1, NKAIN2, NKAIN4, NLGN3, NLGN4X, NLK, NOS2, NOVA2, NPAS3, NPM2, NPTX1, NR1I3, NRCAM, NRGN, NRXN1, NRXN2, NSD2, NSDHL, NSG2, NTNG2, NTSR2, NUAK1, NUDT3, NYAP1, OLFM1, OLIG2, OPALIN, P2RY12, PACSIN1, PAK6, PALM, PANX2, PAQR8, PARD6A, PARK7, PCDH1, PCDH17, PCDH8, PCP4, PCSK1, PDE6B, PDXP, PDYN, PEBP1, PEG10, PEG3, PELP1, PEX5, PEX5L, PFDN2, PGAM2, PHF24, PHOSPHO1, PINK1, PIP4K2B, PITHD1, PKMYT1, PLA2G4C, PLCH2, PLCL1, PLD4, PLEKHG3, PLPP7, PLPPR1, PLPPR3, PLXNB3, PNOC, PODXL, POU3F3, PPBP, PPFIA3, PPM1E, PPP1R16B, PPP1R1A, PPP1R3G, PPP1R9B, PPP2R5B, PRDM8, PREX1, PRKACB, PRKAR1B, PRKCB, PRKCG, PRKCQ, PRKCZ, PSD, PSD3, PSRC1, PTGDR2, PTH1R, PTPN5, PTPRD, PTPRK, PTPRN, PTPRR, RAB11FIP4, RAB26, RAB33A, RAB39B, RAB3A, RAB40B, RAB4B, RALGPS1, RAP1GAP, RAP1GAP2, RAP1GDS1, RAPGEF4, RAPGEF5, RAPGEFL1, RASD2, RASGEF1C, RASGRF1, RGS20, RGS4, RGS7BP, RHOBTB2, RHOF, RIMS1, RNF157, ROGDI, RPH3A, RPRM, RTN1, RTN2, RTN3, RTN4, RTN4RL2, RUFY3, RUNDC3A, RXFP1, S1PR4, S1PR5, SALL3, SAPCD2, SCAMP5, SCD, SCRN1, SCRT1, SEMA3E, SEMA4B, SEMA4D, SEMA6B, SEMA7A, SEPTIN4, SEPTIN5, SEPTIN7, SERGEF, SERPINI1, SEZ6, SEZ6L2, SFXN5, SH3GL3, SHANK1, SHANK2, SHISA7, SHISA8, SHTN1, SIPA1L2, SIRT2, SLC12A5, SLC17A7, SLC1A2, SLC1A3, SLC1A6, SLC24A2, SLC25A4, SLC32A1, SLC45A3, SLC6A1, SLC7A10, SLC7A5, SLC8A2, SLITRK1, SLITRK2, SLITRK3, SLITRK4, SMPD3, SNAP25, SNAP91, SNCA, SNCB, SOHLH1, SORCS2, SORL1, SOX8, SPARCL1, SPNS2, SPOCK3, SPTBN2, SQLE, SRCIN1, SRPK2, SRPK3, SST, SSTR1, SSTR3, ST18, STMN1, STMN4, STOX2, STUB1, STX1A, STX1B, STXBP5L, SV2A, SYN1, SYN2, SYNGR3, SYP, SYT1, SYT11, SYT13, SYT5, TAF13, TAGLN3, TCEAL7, TEDC1, TFPT, TMEFF2, TMEM170B, TNK2, TNNT1, TOM1L2, TOMM7, TP53TG5, TPPP, TRIM2, TRIM23, TRIM36, TTBK1, TTPA, TUBB4A, TYRO3, UBE2S, UNC13A, UNC13C, UNC5A, UNC5B, USP2, USP32, VAMP2, VASH1, VGF, VSNL1, VSTM2A, WDR13, WNT7B, XK, YWHAE, ZACN, ZBTB18, ZNF316, ZNF365, ZNF488, ZNF536, ZNF71, ZNF710, ZNF853, ZSCAN1
GO:0065007	biological regulation	11925	641	589.43	4.1e-5	0.003024387559808612	0.053752620545073376	ABCA2, ABHD12, ABHD17A, ABR, ACAP3, ACOT8, ACTL6B, ACTN2, ACVR1C, ADAM11, ADAMTS18, ADAMTS8, ADAP1, ADCY1, ADD2, ADGRA1, ADGRB1, ADGRB2, ADGRG1, ADGRL1, AGAP1, AGAP2, AGTPBP1, AKAP6, ALDOB, AMER2, ANK3, ANKRD13D, ANKS1B, ANLN, ANO4, APBA2, APBB1, APC, APC2, APLP1, ARC, ARFGEF3, ARHGAP33, ARHGAP39, ARHGDIG, ARHGEF18, ARHGEF2, ARHGEF4, ARHGEF9, ARMC5, ASIC2, ASIC3, ATAT1, ATCAY, ATP1A3, ATP2B2, ATP6V0E2, ATP8A1, AURKAIP1, BACE1-AS, BAP1, BATF3, BCHE, BCL11B, BCL2L2, BEX1, BEX2, BEX5, BHLHA15, BIN1, BMP8B, BRINP3, BRSK1, BRSK2, BSN, BTBD17, BTBD9, C18orf32, C1QL2, CACNA1E, CACNA1I, CACNG2, CACNG3, CACNG7, CACNG8, CADM1, CALB2, CALM1, CALY, CAMK2A, CAMK2B, CAMK2N1, CAMK2N2, CAMK4, CAMKK1, CAMKK2, CAMKV, CAPN10, CASKIN1, CASTOR2, CBARP, CBX6, CBX7, CCDC124, CCDC85B, CCK, CCKBR, CCSAP, CDH13, CDH4, CDIP1, CDK11B, CDK19, CDK5R1, CDK5R2, CDKN2D, CDT1, CELF3, CELF5, CELSR2, CEND1, CHADL, CHD5, CHGA, CHRNA4, CHST8, CLASP2, CNGB1, CNIH2, CNP, CNTNAP2, COCH, COPS9, CORO1A, CORO2B, CORT, CPLX1, CPLX2, CPLX3, CRB1, CRB2, CREB3, CRHR1, CRYM, CSMD3, CSPG5, CTIF, CX3CR1, CYFIP2, CYP51A1, DACT3, DBNDD2, DCTN1, DCUN1D5, DCX, DDN, DDX25, DESI1, DGKB, DGKD, DGKG, DGKZ, DHCR24, DHCR7, DIRAS1, DIRAS2, DISP3, DLG2, DLG4, DLGAP1, DLGAP3, DMTN, DNAJC6, DNER, DNM3, DNMT3A, DOCK3, DOK6, DPP10, DPP6, DPYSL2, DPYSL5, DRAP1, DTX4, DUSP26, DUSP7, DUSP8, E2F1, ECSIT, EDIL3, EDN3, EEF1A2, EGR3, EHD3, EIF4E, ELMO1, EML2, ENHO, EPHA10, EPHA5, EPHB1, EPHB6, ERBB3, ERC2, ERMN, ETV4, EVI5L, EVL, FA2H, FAAH, FAIM2, FAM171A1, FAM53B, FBXW7, FCHO1, FEZ1, FEZF2, FGF12, FGFR3, FIGNL2, FIS1, FKBP8, FLRT1, FOXG1, FOXQ1, FRMPD4, FSD1, FUT8, FUZ, GABBR2, GABRA2, GABRA3, GABRG1, GAD1, GADD45G, GCK, GIT1, GJB1, GLRB, GNAO1, GNAZ, GNG3, GNG4, GNG7, GP1BB, GPHN, GPIHBP1, GPM6A, GPR17, GPR37, GPR37L1, GPR62, GRIA2, GRID1, GRIK4, GRIN1, GRIPAP1, GRM3, GRM5, GRM8, H4C15, H4C3, H4C5, HABP4, HAPLN2, HBB, HCN2, HCRTR1, HDAC5, HECW2, HES5, HHATL, HMGB3, HOMER1, HPCA, HR, HRH3, HSD17B6, HSPA2, HTR2C, ICA1, ICAM5, IGSF1, IL1RAPL1, INA, INSIG1, INSM1, IRS2, ISLR2, ITPK1, ITPKA, JPH3, JPH4, KCNA2, KCNAB3, KCNB2, KCNC2, KCND2, KCNH3, KCNIP2, KCNIP3, KCNJ3, KCNJ9, KCNK10, KCNMB4, KCNN1, KCNQ2, KCNQ3, KCTD16, KCTD17, KHDRBS2, KHK, KIAA0319, KIF1A, KIF1B, KIF5A, KLF13, KLK6, KNDC1, KPTN, KREMEN2, L1CAM, LANCL2, LGI3, LGI4, LHFPL4, LILRA4, LRFN1, LRRC24, LRRC4, LRRC4B, LRRTM3, LRTM2, LSM7, LY6H, LZTS1, LZTS3, MADCAM1, MAFK, MAG, MAGED4, MAGI1, MAP3K10, MAP6D1, MAPK8IP1, MAPK8IP2, MARK2, MAST1, MAST3, MATK, MCF2L2, MCHR1, MEGF10, MEGF9, MEIS1, MFSD2A, MGAT3, MLLT6, MMD2, MOG, MPP2, MVB12B, MVD, MYO18A, MYORG, MYRF, NACC1, NAPB, NAV3, NCAM1, NCAN, NCAPH2, NCS1, NDRG4, NDST1, NDUFA13, NECAB2, NECTIN1, NEFL, NELL1, NEURL1, NEUROD6, NGEF, NKAIN1, NKAIN2, NKAIN4, NLGN3, NLGN4X, NLK, NOS2, NOVA2, NPAS3, NPM2, NPTX1, NR1I3, NRCAM, NRGN, NRXN1, NRXN2, NSD2, NSDHL, NSG2, NTNG2, NTSR2, NUAK1, NUDT3, NYAP1, OLFM1, OLIG2, OPALIN, P2RY12, PACSIN1, PAK6, PALM, PANX2, PAQR8, PARD6A, PARK7, PCDH1, PCDH17, PCDH8, PCP4, PCSK1, PDE6B, PDIA2, PDXP, PDYN, PEBP1, PEG10, PEG3, PELP1, PEX5, PEX5L, PFDN2, PGAM2, PHF24, PHOSPHO1, PINK1, PIP4K2B, PITHD1, PKMYT1, PLA2G4C, PLCH2, PLCL1, PLD4, PLEKHG3, PLPP7, PLPPR1, PLPPR3, PLXNB3, PNOC, PODXL, POPDC3, POU3F3, PPBP, PPFIA3, PPM1E, PPP1R16B, PPP1R1A, PPP1R3G, PPP1R9B, PPP2R5B, PRDM8, PREX1, PRKACB, PRKAR1B, PRKCB, PRKCG, PRKCQ, PRKCZ, PSD, PSD3, PSRC1, PTGDR2, PTH1R, PTPN5, PTPRD, PTPRK, PTPRN, PTPRR, RAB11FIP4, RAB26, RAB33A, RAB39B, RAB3A, RAB40B, RAB4B, RALGPS1, RAP1GAP, RAP1GAP2, RAP1GDS1, RAPGEF4, RAPGEF5, RAPGEFL1, RASD2, RASGEF1C, RASGRF1, RGS20, RGS4, RGS7BP, RHOBTB2, RHOF, RIMS1, RNF157, ROGDI, RPH3A, RPRM, RTN1, RTN2, RTN3, RTN4, RTN4RL2, RUFY3, RUNDC3A, RXFP1, S1PR4, S1PR5, SALL3, SAPCD2, SCAMP5, SCD, SCRN1, SCRT1, SEMA3E, SEMA4B, SEMA4D, SEMA6B, SEMA7A, SEPTIN4, SEPTIN5, SEPTIN7, SERF1B, SERGEF, SERPINI1, SEZ6, SEZ6L2, SFXN5, SH3GL3, SHANK1, SHANK2, SHISA7, SHISA8, SHTN1, SIPA1L2, SIRT2, SLC12A5, SLC17A7, SLC1A2, SLC1A3, SLC1A6, SLC24A2, SLC25A4, SLC32A1, SLC45A3, SLC6A1, SLC7A10, SLC7A5, SLC8A2, SLITRK1, SLITRK2, SLITRK3, SLITRK4, SMPD3, SNAP25, SNAP91, SNCA, SNCB, SOHLH1, SORCS2, SORL1, SOX8, SPARCL1, SPNS2, SPOCK3, SPTBN2, SQLE, SRCIN1, SRPK2, SRPK3, SST, SSTR1, SSTR3, ST18, STMN1, STMN4, STOX2, STUB1, STX1A, STX1B, STXBP5L, SV2A, SYN1, SYN2, SYNGR3, SYP, SYT1, SYT11, SYT13, SYT5, TAF13, TAGLN3, TCEAL7, TEDC1, TFPT, TMEFF2, TMEM170B, TNK2, TNNT1, TOM1L2, TOMM7, TP53TG5, TPPP, TRIM2, TRIM23, TRIM36, TTBK1, TTPA, TUBB4A, TYRO3, UBE2S, UNC13A, UNC13C, UNC5A, UNC5B, USP2, USP32, VAMP2, VASH1, VGF, VSNL1, VSTM2A, WDR13, WNT7B, XK, YWHAE, ZACN, ZBTB18, ZNF316, ZNF365, ZNF488, ZNF536, ZNF71, ZNF710, ZNF853, ZSCAN1
GO:0050794	regulation of cellular process	10948	585	541.13	7.2e-4	0.03724912751677852	0.05343441724515893	ABCA2, ABHD17A, ABR, ACAP3, ACOT8, ACTL6B, ACTN2, ACVR1C, ADAM11, ADAMTS18, ADAMTS8, ADAP1, ADCY1, ADD2, ADGRA1, ADGRB1, ADGRB2, ADGRG1, ADGRL1, AGAP2, AGTPBP1, AKAP6, ALDOB, AMER2, ANK3, ANKRD13D, ANKS1B, ANLN, APBA2, APBB1, APC, APC2, APLP1, ARC, ARFGEF3, ARHGAP33, ARHGAP39, ARHGDIG, ARHGEF18, ARHGEF2, ARHGEF4, ARHGEF9, ASIC2, ASIC3, ATAT1, ATCAY, ATP6V0E2, ATP8A1, AURKAIP1, BACE1-AS, BAP1, BATF3, BCHE, BCL11B, BCL2L2, BEX1, BEX2, BEX5, BHLHA15, BIN1, BMP8B, BRINP3, BRSK1, BRSK2, BSN, BTBD9, C18orf32, C1QL2, CACNA1I, CACNG2, CACNG3, CACNG7, CACNG8, CADM1, CALB2, CALM1, CALY, CAMK2A, CAMK2B, CAMK2N1, CAMK2N2, CAMK4, CAMKK1, CAMKK2, CAMKV, CAPN10, CASKIN1, CASTOR2, CBARP, CBX6, CBX7, CCDC124, CCDC85B, CCK, CCKBR, CCSAP, CDH13, CDH4, CDIP1, CDK11B, CDK19, CDK5R1, CDK5R2, CDKN2D, CDT1, CELF3, CELF5, CELSR2, CEND1, CHADL, CHD5, CHGA, CHRNA4, CLASP2, CNGB1, CNIH2, CNTNAP2, COPS9, CORO1A, CORO2B, CORT, CPLX1, CPLX2, CPLX3, CRB2, CREB3, CRHR1, CRYM, CSMD3, CSPG5, CTIF, CX3CR1, CYFIP2, CYP51A1, DACT3, DBNDD2, DCTN1, DCUN1D5, DCX, DDN, DDX25, DGKB, DGKD, DGKG, DGKZ, DHCR24, DIRAS1, DIRAS2, DISP3, DLG4, DLGAP1, DLGAP3, DMTN, DNAJC6, DNER, DNM3, DNMT3A, DOCK3, DOK6, DPP10, DPP6, DPYSL2, DPYSL5, DRAP1, DTX4, DUSP26, DUSP7, DUSP8, E2F1, ECSIT, EDIL3, EDN3, EEF1A2, EGR3, EHD3, EIF4E, ELMO1, EML2, ENHO, EPHA10, EPHA5, EPHB1, EPHB6, ERBB3, ERC2, ERMN, ETV4, EVI5L, EVL, FA2H, FAIM2, FAM53B, FBXW7, FCHO1, FEZ1, FEZF2, FGF12, FGFR3, FIGNL2, FIS1, FKBP8, FLRT1, FOXG1, FOXQ1, FRMPD4, FSD1, FUT8, FUZ, GABBR2, GADD45G, GCK, GIT1, GLRB, GNAO1, GNAZ, GNG3, GNG4, GNG7, GP1BB, GPM6A, GPR17, GPR37, GPR37L1, GPR62, GRIA2, GRID1, GRIK4, GRIN1, GRIPAP1, GRM3, GRM5, GRM8, H4C15, H4C3, H4C5, HABP4, HAPLN2, HBB, HCN2, HCRTR1, HDAC5, HECW2, HES5, HHATL, HMGB3, HOMER1, HPCA, HR, HRH3, HSPA2, HTR2C, ICAM5, IGSF1, IL1RAPL1, INA, INSIG1, INSM1, IRS2, ISLR2, ITPK1, ITPKA, JPH3, JPH4, KCNA2, KCNAB3, KCNC2, KCNIP2, KCNIP3, KCNJ3, KCNJ9, KCNK10, KCNMB4, KCNQ3, KCTD16, KCTD17, KHDRBS2, KHK, KIAA0319, KIF1A, KLF13, KLK6, KNDC1, KPTN, KREMEN2, L1CAM, LANCL2, LGI3, LGI4, LHFPL4, LILRA4, LRFN1, LRRC24, LRRC4, LRRC4B, LRRTM3, LRTM2, LSM7, LY6H, LZTS1, LZTS3, MADCAM1, MAFK, MAG, MAGED4, MAGI1, MAP3K10, MAP6D1, MAPK8IP1, MAPK8IP2, MARK2, MAST1, MAST3, MATK, MCHR1, MEGF10, MEGF9, MEIS1, MFSD2A, MGAT3, MLLT6, MMD2, MOG, MPP2, MVB12B, MVD, MYO18A, MYORG, MYRF, NACC1, NAPB, NAV3, NCAM1, NCAN, NCAPH2, NCS1, NDRG4, NDST1, NDUFA13, NECAB2, NECTIN1, NEFL, NELL1, NEURL1, NEUROD6, NGEF, NLGN3, NLGN4X, NLK, NOS2, NOVA2, NPAS3, NPM2, NR1I3, NRCAM, NRGN, NRXN1, NRXN2, NSD2, NSDHL, NSG2, NTNG2, NTSR2, NUAK1, NYAP1, OLFM1, OLIG2, OPALIN, P2RY12, PACSIN1, PAK6, PALM, PANX2, PAQR8, PARD6A, PARK7, PCDH17, PCDH8, PCP4, PCSK1, PDE6B, PDXP, PDYN, PEBP1, PEG10, PEG3, PELP1, PEX5, PEX5L, PFDN2, PGAM2, PHF24, PINK1, PIP4K2B, PITHD1, PKMYT1, PLA2G4C, PLCH2, PLCL1, PLD4, PLEKHG3, PLPP7, PLPPR1, PLPPR3, PLXNB3, PNOC, PODXL, POU3F3, PPBP, PPFIA3, PPM1E, PPP1R16B, PPP1R1A, PPP1R3G, PPP1R9B, PPP2R5B, PRDM8, PREX1, PRKACB, PRKAR1B, PRKCB, PRKCG, PRKCQ, PRKCZ, PSD, PSD3, PSRC1, PTGDR2, PTH1R, PTPN5, PTPRD, PTPRK, PTPRN, PTPRR, RAB11FIP4, RAB26, RAB33A, RAB39B, RAB3A, RAB40B, RAB4B, RALGPS1, RAP1GAP, RAP1GAP2, RAP1GDS1, RAPGEF4, RAPGEF5, RAPGEFL1, RASD2, RASGEF1C, RASGRF1, RGS20, RGS4, RGS7BP, RHOBTB2, RHOF, RIMS1, RNF157, ROGDI, RPH3A, RPRM, RTN2, RTN4, RTN4RL2, RUFY3, RUNDC3A, RXFP1, S1PR4, S1PR5, SALL3, SAPCD2, SCAMP5, SCRN1, SCRT1, SEMA3E, SEMA4B, SEMA4D, SEMA6B, SEMA7A, SEPTIN4, SEPTIN5, SEPTIN7, SERGEF, SERPINI1, SEZ6, SEZ6L2, SH3GL3, SHANK1, SHANK2, SHISA7, SHISA8, SHTN1, SIPA1L2, SIRT2, SLC17A7, SLC1A2, SLC1A3, SLC24A2, SLC25A4, SLC45A3, SLC6A1, SLC7A10, SLC7A5, SLC8A2, SLITRK1, SLITRK2, SLITRK3, SLITRK4, SMPD3, SNAP25, SNAP91, SNCA, SNCB, SOHLH1, SORCS2, SORL1, SOX8, SPARCL1, SPNS2, SPOCK3, SPTBN2, SQLE, SRCIN1, SRPK2, SRPK3, SST, SSTR1, SSTR3, ST18, STMN1, STMN4, STOX2, STUB1, STX1A, STX1B, STXBP5L, SYN1, SYP, SYT1, SYT11, SYT13, SYT5, TAF13, TAGLN3, TCEAL7, TEDC1, TFPT, TMEFF2, TMEM170B, TNK2, TOM1L2, TOMM7, TP53TG5, TPPP, TRIM2, TRIM23, TRIM36, TTBK1, TTPA, TUBB4A, TYRO3, UNC13A, UNC13C, UNC5A, UNC5B, USP2, USP32, VAMP2, VASH1, VGF, VSNL1, VSTM2A, WDR13, WNT7B, XK, YWHAE, ZACN, ZBTB18, ZNF316, ZNF365, ZNF488, ZNF536, ZNF71, ZNF710, ZNF853, ZSCAN1
