GO.ID	Term	Annotated	Significant	Expected	classicFisher	fdr	Genes
GO:0060576	intestinal epithelial cell development	18	3	0.06	3.2e-05	0.00575	C1GALT1, CDKN1A, FZD5, HIF1A, HOXA5, IL6ST, KLF5, MIR29B1, NKX3-2, PRDM1, SPDEF, SRC, TIGAR, TLR9, TMIGD1, TYMS, YAP1, YIPF6
GO:0009887	animal organ morphogenesis	1025	13	3.58	4.6e-05	0.00575	ABCC9, ABI2, ABLIM1, ACP4, ACP5, ACTA1, ACTA2, ACTC1, ACTG2, ACTN3, ACVR1, ACVR2A, ACVR2B, ACVRL1, ADAM15, ADAMTS1, ADAMTS16, ADAMTS5, ADARB1, ADGRG6, ADM, ADPRHL1, AGT, AGTPBP1, AGTR2, AHDC1, AHI1, AJAP1, AKT3, ALDH1A2, ALDH1A3, ALPK2, ALPL, ALX1, ALX3, ALX4, AMBN, AMELX, AMELY, AMTN, ANKH, ANKRD1, ANKRD11, ANKRD24, AP3B1, APC, APCDD1, APLNR, APLP1, AQP1, AQP3, AQP5, AQP6, AR, AREG, ARID2, ARID5B, ARL13B, ASB2, ASH1L, ASPN, ASXL1, ASXL2, ASXL3, ATF2, ATF4, ATG9A, ATG9B, ATOH1, ATP6V1B1, ATP8A2, AXIN2, BAK1, BARX2, BASP1, BAX, BBS1, BBS2, BBS4, BBS5, BBS7, BCAR3, BCL11B, BCL2, BCL2L11, BCOR, BCR, BLOC1S5, BMI1, BMP1, BMP10, BMP2, BMP4, BMP5, BMP6, BMP7, BMPR1A, BMPR1B, BMPR2, BPNT2, BRAF, BSG, BSX, BTBD7, BTRC, C12orf57, C2CD3, CABP4, CALB1, CAPN1, CAV1, CAV3, CBS, CCDC103, CCDC154, CCDC39, CCDC40, CCL11, CCL2, CCM2L, CCN1, CCN2, CD34, CDC42, CDH2, CDH23, CDON, CDSN, CDX1, CDX2, CDX4, CEACAM1, CEBPB, CELA1, CELSR1, CEMP1, CEP290, CER1, CERT1, CFLAR, CFTR, CHAD, CHD7, CHRNA10, CHRNA9, CHST11, CHSY1, CITED1, CITED2, CLDN5, CLRN1, CLRN2, CLUAP1, CNNM4, CNTF, COL11A1, COL13A1, COL18A1, COL1A1, COL1A2, COL27A1, COL2A1, COL3A1, COL5A1, COL5A2, COL6A1, COL8A1, COL8A2, COL9A1, COMP, CPB2, CPE, CPLANE2, CRB1, CRB2, CRIP1, CRKL, CRX, CRYGB, CSF1, CSF1R, CSF3R, CSGALNACT1, CSMD1, CSRNP1, CTHRC1, CTNNA1, CTNNA2, CTNNB1, CTNNBIP1, CTNS, CTSH, CTSZ, CUL1, CUL3, CYP26B1, CYP7B1, DAG1, DCANP1, DCHS1, DCN, DDR1, DGCR2, DGCR6, DHRS3, DIO3, DKK1, DLC1, DLG1, DLG5, DLL1, DLL4, DLX1, DLX2, DLX3, DLX5, DLX6, DMP1, DMRT3, DNAAF1, DNAH11, DSCAM, DSCAML1, DSP, DSPP, DVL1, DVL2, DVL3, DYNC2I1, DZANK1, E2F4, E2F5, EDA, EDAR, EDN1, EDNRA, EFEMP1, EFEMP2, EFNA1, EFNB2, EGFR, EGLN1, EIF4A3, ELF3, ELN, EMP2, EMX1, EMX2, ENAM, ENG, EP300, EPHA2, EPHB1, EPHB2, EPHB4, ERBB4, EREG, ERRFI1, ESR1, ESRP2, ETV7, EVL, EXOC4, EXT1, EXT2, EYA1, FAM20A, FAM20C, FANCC, FANCD2, FASLG, FAT1, FAT3, FBN1, FBN2, FBXW11, FBXW7, FEM1B, FGD1, FGF1, FGF10, FGF16, FGF17, FGF18, FGF19, FGF2, FGF20, FGF21, FGF22, FGF23, FGF3, FGF4, FGF5, FGF6, FGF7, FGF8, FGF9, FGFR1, FGFR2, FGFR3, FGFRL1, FGL1, FGR, FHL1, FHL2, FJX1, FKBP1A, FKRP, FLI1, FLNA, FLRT2, FLVCR1, FMN1, FOLR1, FOSL2, FOXA1, FOXC1, FOXC2, FOXD1, FOXE1, FOXE3, FOXF1, FOXF2, FOXG1, FOXH1, FOXI1, FOXI3, FOXJ1, FOXL2, FOXN1, FOXN3, FOXN4, FOXO3, FRAS1, FREM1, FRS2, FRZB, FSCN2, FST, FUZ, FZD1, FZD2, FZD3, FZD5, FZD6, GAA, GAMT, GATA2, GATA3, GATA4, GATA5, GATA6, GBA1, GBX2, GCNT1, GCNT3, GCNT4, GDF11, GDF7, GDNF, GHR, GJA1, GJA5, GJB6, GLG1, GLI1, GLI2, GLI3, GMNN, GNAT1, GNAT2, GNG5, GNGT1, GPC3, GREB1L, GREM1, GREM2, GRHL2, GRHL3, GRXCR2, GSC, GSK3A, GSX2, GZF1, HAND1, HAND2, HAS2, HCCS, HCN1, HDAC1, HDAC2, HEG1, HES1, HES5, HESX1, HEY1, HEY2, HEYL, HGF, HHIP, HIF1A, HIPK1, HIPK2, HLX, HMX2, HMX3, HNF1B, HOXA1, HOXA11, HOXA13, HOXA2, HOXA3, HOXA4, HOXA5, HOXA7, HOXA9, HOXB1, HOXB13, HOXB2, HOXB3, HOXB4, HOXB5, HOXB6, HOXB7, HOXB8, HOXB9, HOXC11, HOXC13, HOXC4, HOXC8, HOXC9, HOXD10, HOXD11, HOXD13, HOXD3, HOXD4, HOXD8, HOXD9, HPN, HRAS, HS2ST1, HS3ST3A1, HS3ST3B1, HTR2B, HYAL1, HYAL2, ID2, ID3, ID4, IFITM5, IFT122, IFT140, IFT172, IFT52, IFT57, IFT80, IGF2, IGFBP5, IHH, IL6, IL7, ILK, IMPG2, INHBA, INPPL1, INSIG1, INSIG2, INSR, INTU, IRX1, IRX2, IRX3, IRX4, IRX5, ISL1, ITGA2, ITGA6, ITGA8, ITGAX, ITGB4, ITGB6, JAG1, JAG2, JHY, KCNJ8, KCNQ1, KCNQ4, KDM2B, KDM5B, KDR, KIF26B, KLHL10, KLHL3, KLK4, KLK5, KRAS, LAMA1, LAMA5, LAMB1, LARGE1, LBX1, LCTL, LEF1, LEFTY1, LEMD2, LFNG, LGR4, LHFPL5, LHX1, LHX3, LHX4, LHX8, LHX9, LIF, LIMS2, LIPA, LOC102724560, LRIG1, LRIG3, LRP2, LRP4, LRP5, LRRK2, LTBP3, LTF, LY6H, LZTS2, MAFB, MAGED1, MAN2A1, MAP2K1, MAP2K2, MAPK1, MAPK14, MAPK3, MATN1, MDFI, MDK, MDM2, MDM4, MED1, MED12, MEF2C, MEF2D, MEGF11, MEGF8, MEIS1, MEIS2, MEIS3, MEIS3P1, MESP1, MESP2, MFAP2, MFAP5, MFN2, MFRP, MFSD2A, MGP, MIB1, MICAL2, MICOS10-NBL1, MIR1-1, MIR143, MIR145, MIR17, MIR17HG, MIR195, MIR19A, MIR19B1, MIR20A, MIR21, MKKS, MKS1, MMP13, MMP14, MMP16, MMP2, MMP20, MSN, MSX1, MSX2, MTHFD1, MTHFD1L, MTOR, MYBPC3, MYC, MYF5, MYF6, MYH6, MYH7, MYL11, MYL2, MYL3, MYLK, MYLK2, MYO15A, MYO3A, MYO3B, MYO6, MYO7A, NAB1, NAB2, NAGLU, NBL1, NDP, NDRG4, NDST1, NECTIN1, NECTIN3, NEK8, NEUROD1, NEUROG1, NF1, NF2, NFIB, NFKB1, NGFR, NHERF1, NIPBL, NKD1, NKX2-1, NKX2-3, NKX2-5, NKX3-1, NKX3-2, NKX6-1, NLE1, NODAL, NOG, NOS3, NOTCH1, NOTCH2, NOTO, NPHP3, NPNT, NPPC, NPR2, NPY1R, NPY2R, NPY5R, NR2E3, NR3C1, NR5A2, NRG1, NRG3, NRL, NRP1, NRP2, NSD2, NTF4, NTN1, NTN4, NTRK2, ODAM, ODAPH, OLFM1, OLFM3, ONECUT2, OSR1, OSR2, OTOP1, OTOR, OTX1, OVOL2, P2RX7, PAFAH1B1, PALB2, PAPPA2, PARVA, PAX2, PAX3, PAX4, PAX5, PAX6, PAX8, PAX9, PBX1, PBX2, PBX3, PBX4, PCGF2, PDCD4, PDE6C, PDGFA, PDGFC, PDGFRA, PDX1, PDZD7, PERP, PEX7, PGR, PHACTR4, PHB2, PHEX, PHLDA2, PHOSPHO1, PIM1, PITX2, PITX3, PKD1, PKD2, PKHD1, PKP2, PLAG1, PLEKHA1, PLOD3, PLS1, PLXNA1, PLXND1, PML, POLB, POU3F4, POU4F1, POU4F3, PPARA, PPARGC1B, PPP1R13L, PPP1R35, PPP3CA, PRDM1, PRICKLE1, PRKCB, PRKCI, PRKRA, PRKX, PROM1, PROP1, PROX1, PRRX1, PSEN1, PTCD2, PTCH1, PTEN, PTF1A, PTK2, PTK7, PTN, PTPRM, RAB23, RAB33B, RARA, RARB, RARG, RBM15, RBM20, RBP4, RBPJ, RBPMS2, RDH10, RDH13, RELA, RELT, RFLNA, RFLNB, RFNG, RHO, RHOA, RING1, RIPPLY2, RNF207, ROBO1, ROBO2, ROGDI, ROM1, RORB, RP1, RPGRIP1, RPGRIP1L, RPL13A, RPL38, RPS6KA1, RS1, RSPO2, RTN4, RUNX2, RXFP1, RYK, RYR1, RYR2, S1PR1, SALL1, SAMD11, SAMD7, SAPCD2, SATB2, SAV1, SCN10A, SCN5A, SCRIB, SCX, SDK1, SDK2, SEC24B, SEMA3C, SEMA6A, SERP1, SERPINB5, SERPINE1, SERPINH1, SETD2, SETDB2, SFRP1, SFRP2, SFRP4, SFTPB, SGPL1, SHANK3, SHH, SHOX2, SHROOM2, SIX1, SIX2, SIX3, SIX4, SIX6, SKI, SLC1A1, SLC24A4, SLC34A1, SLC39A1, SLC39A3, SLC40A1, SLC44A4, SLC4A10, SLC4A2, SLC6A4, SLIT1, SLIT2, SLIT3, SLITRK6, SMAD2, SMAD3, SMAD4, SMAD6, SMAD7, SMARCC1, SMARCD3, SMO, SMPD3, SMTNL1, SNAI1, SNAI2, SNX10, SOBP, SOD1, SOS1, SOSTDC1, SOX1, SOX11, SOX17, SOX18, SOX4, SOX5, SOX6, SOX8, SOX9, SP3, SP5, SP6, SP7, SPEF2, SPRY1, SPRY2, SRC, SRF, SRSF6, SSUH2, STAT1, STAT3, STAT6, STAU2, STC1, STIL, STIM1, STK40, STOX1, STRA6, STRC, STX2, SUFU, SULF1, SULF2, SYCP2, SYK, SYNPO2L, TAB1, TACSTD2, TAF10, TAFAZZIN, TBC1D20, TBR1, TBX1, TBX15, TBX18, TBX19, TBX2, TBX20, TBX3, TBX4, TBX5, TBX6, TBXT, TCAP, TCF15, TCF21, TCIRG1, TDRD7, TEAD2, TECTA, TEK, TENM3, TFAP2A, TFAP2B, TGFA, TGFB1, TGFB2, TGFB3, TGFBR1, TGFBR2, TGFBR3, TGM2, TH, THBS3, THRA, THRB, THY1, TIFAB, TIPARP, TLE1, TLE2, TLE3, TMED2, TMEM100, TMEM107, TMEM119, TMEM176B, TMEM215, TMEM59L, TMIE, TMT1A, TNC, TNF, TNFAIP3, TNFRSF11B, TNFSF11, TNNC1, TNNI1, TNNI3, TNNT2, TP53, TP63, TPM1, TPRN, TRAF6, TREH, TREX1, TRIOBP, TRIP11, TRPV4, TSHZ1, TSKU, TSPAN12, TSPEAR, TTC39C, TTC8, TTN, TUBA1A, TUFT1, TULP1, TULP3, TWIST1, TWSG1, UCHL5, UNCX, USH1C, USH1G, VANGL2, VAX2, VDR, VEGFA, VEGFC, VPS33B, VPS51, VSX1, WDPCP, WDR19, WDR48, WDR72, WHRN, WLS, WNK4, WNT1, WNT10A, WNT10B, WNT11, WNT16, WNT2, WNT2B, WNT3A, WNT4, WNT5A, WNT6, WNT7A, WNT7B, WNT9A, WNT9B, WT1, WWOX, WWTR1, XBP1, XIRP2, YAP1, YY1, ZEB1, ZFAND5, ZFPM1, ZFPM2, ZHX2, ZIC1, ZIC3, ZMIZ1, ZMPSTE24, ZNF22, ZNF335, ZNF664-RFLNA
GO:0051216	cartilage development	209	6	0.73	8.9e-05	0.007416666666666666	ACVRL1, ADAMTS12, ADAMTS7, AMELX, ARID5A, ATF2, ATP7A, AXIN2, BARX2, BBS1, BBS2, BGN, BMP1, BMP10, BMP2, BMP3, BMP4, BMP5, BMP6, BMP7, BMP8A, BMP8B, BMPR1A, BMPR1B, BMPR2, BPNT2, CBS, CCN1, CCN2, CCN3, CCN4, CD44, CER1, CHADL, CHI3L1, CHRDL2, CHST11, CHSY1, CNMD, COL11A1, COL11A2, COL1A1, COL27A1, COL2A1, COL3A1, COL6A1, COMP, CREB3L2, CSGALNACT1, CTNNB1, CTSK, CYTL1, DDRGK1, DLX2, ECM1, EDN1, EFEMP1, EIF2AK3, EPYC, ERRFI1, EVC, EXT1, EXT2, FGF18, FGF2, FGF4, FGF6, FGF9, FGFR1, FGFR3, FOSL2, FRZB, GATA3, GDF2, GDF5, GDF6, GHR, GHRL, GLG1, GLI3, GPLD1, GREM1, HAND1, HAND2, HES5, HIF1A, HMGA2, HOXA11, HOXA3, HOXA5, HOXB3, HOXC4, HOXD3, HYAL1, HYAL2, HYAL3, IFT80, IHH, IL17F, ITGB8, KAT2A, LEP, LNPK, LOC102724560, LOXL2, LTBP3, MAF, MAPK14, MAPK3, MATN1, MATN3, MBOAT2, MDK, MEF2C, MEF2D, MEX3C, MGP, MIR21, MKKS, MMP13, MSX1, MSX2, MUSTN1, MYF5, NFATC2, NFIA, NFIB, NKX3-2, NOG, NPPC, NPR2, OGN, OPTC, OSR1, OSR2, OTOR, PBXIP1, PITX1, PKD1, PKDCC, PRKG2, PRRX1, PTH, PTH1R, PTHLH, PTPN11, RARA, RARB, RARG, RB1, RFLNA, RFLNB, RSPO2, RUNX1, RUNX2, RUNX3, SATB2, SCIN, SCX, SERPINH1, SFRP2, SHOX2, SIX2, SLC26A2, SLC39A14, SMAD1, SMAD3, SMAD5, SMAD7, SMPD3, SNAI1, SNAI2, SNORC, SNX19, SOX5, SOX6, SOX9, SRF, STC1, SULF1, SULF2, TAPT1, TGFB1, TGFBI, TGFBR1, TGFBR2, THBS3, THRA, TIMP1, TRIP11, TRPS1, TRPV4, TSKU, TWSG1, TYMS, UNCX, WNT10B, WNT11, WNT2B, WNT5A, WNT5B, WNT7A, WNT7B, WNT9A, ZBTB16, ZEB1, ZMPSTE24, ZNF219, ZNF664-RFLNA
GO:0060575	intestinal epithelial cell differentiation	28	3	0.1	0.00013	0.007884615384615384	C1GALT1, CBFA2T2, CDKN1A, CDX2, FZD5, GATA4, GATA5, GATA6, HIF1A, HOXA5, IL6ST, KLF5, MIR29B1, NKX3-2, NPY, PRDM1, PTK6, PYY, SAV1, SOX9, SPDEF, SRC, TIGAR, TLR9, TMIGD1, TYMS, YAP1, YIPF6
GO:0008543	fibroblast growth factor receptor signaling pathway	87	4	0.3	0.00024	0.007884615384615384	APLN, CCN2, CEP57, CHURC1, CREB3L1, CRKL, CTNNB1, DSTYK, EXT1, FAM20C, FGF1, FGF10, FGF16, FGF17, FGF18, FGF19, FGF2, FGF20, FGF21, FGF22, FGF23, FGF3, FGF4, FGF5, FGF6, FGF7, FGF8, FGF9, FGFBP1, FGFBP3, FGFR1, FGFR2, FGFR3, FGFR4, FGFRL1, FIBP, FLRT1, FLRT2, FLRT3, FRS2, FRS3, FUZ, GALNT3, GATA3, GPC1, GRB2, HHIP, IQGAP1, ITGB1, KIF16B, KL, KLB, LRIT3, MIR1-1, MIR146A, MIR149, MIR16-1, MIR424, MIR503, MIR573, NDST1, NGFR, NOG, NPTN, OTX2, PRDM14, PRKD2, PTPN11, RAB14, RUNX2, SETX, SHCBP1, SHISA2, SHOC2, SMOC2, SOS1, SPRY1, SPRY2, SPRY3, SPRY4, SULF1, SULF2, TBX2, THBS1, TRIM71, WNT4, WNT5A
GO:0009653	anatomical structure morphogenesis	2757	21	9.63	0.00030	0.007884615384615384	AAMP, ABCA2, ABCC8, ABCC9, ABI1, ABI2, ABI3, ABITRAM, ABL1, ABLIM1, ACD, ACE, ACKR3, ACP4, ACP5, ACRBP, ACTA1, ACTA2, ACTB, ACTBL2, ACTC1, ACTG1, ACTG2, ACTL6A, ACTL7A, ACTL8, ACTL9, ACTN1, ACTN2, ACTN3, ACVR1, ACVR2A, ACVR2B, ACVRL1, ADA, ADAM12, ADAM15, ADAM17, ADAM7, ADAM8, ADAM9, ADAMTS1, ADAMTS12, ADAMTS15, ADAMTS16, ADAMTS5, ADAMTS9, ADARB1, ADCK1, ADCY1, ADCY10, ADGRA2, ADGRB1, ADGRB2, ADGRB3, ADGRF5, ADGRG1, ADGRG6, ADIPOQ, ADIPOR2, ADM, ADM2, ADNP, ADORA2A, ADPRHL1, ADRA2B, ADTRP, AFF3, AFG3L2, AGFG1, AGGF1, AGO1, AGO2, AGO4, AGR2, AGT, AGTPBP1, AGTR1, AGTR2, AHDC1, AHI1, AIMP1, AIRE, AJAP1, AJUBA, AKAP13, AKT1, AKT3, ALCAM, ALDH1A2, ALDH1A3, ALDOA, ALOX5, ALPK2, ALPL, ALS2, ALX1, ALX3, ALX4, AMBN, AMELX, AMELY, AMH, AMHR2, AMIGO1, AMOT, AMOTL1, AMOTL2, AMTN, ANAPC2, ANG, ANGPT1, ANGPT2, ANGPT4, ANGPTL3, ANGPTL4, ANGPTL6, ANK2, ANK3, ANKH, ANKRD1, ANKRD11, ANKRD23, ANKRD24, ANKRD27, ANO1, ANOS1, ANPEP, ANXA1, ANXA2, ANXA3, AP3B1, APAF1, APBB1, APBB2, APC, APCDD1, APELA, APLN, APLNR, APLP1, APLP2, APOA1, APOB, APOD, APOE, APOH, APOLD1, APP, AQP1, AQP3, AQP5, AQP6, AR, ARAP1, ARC, AREG, ARFRP1, ARHGAP12, ARHGAP15, ARHGAP18, ARHGAP22, ARHGAP24, ARHGAP33, ARHGAP35, ARHGAP4, ARHGAP44, ARHGEF15, ARHGEF18, ARHGEF2, ARHGEF25, ARHGEF26, ARHGEF28, ARHGEF40, ARHGEF7, ARID2, ARID5B, ARK2C, ARL13B, ARMC5, ARMCX5-GPRASP2, ARPIN, ARTN, ARX, ASB2, ASB4, ASH1L, ASPH, ASPN, ASTN2, ASXL1, ASXL2, ASXL3, ATF2, ATF4, ATG9A, ATG9B, ATL1, ATM, ATOH1, ATOH7, ATOH8, ATP10A, ATP2B4, ATP5F1B, ATP5IF1, ATP6AP2, ATP6V1B1, ATP7A, ATP8A2, ATP8B1, ATP9A, ATRX, AURKA, AUTS2, AXIN1, AXIN2, B3GNT2, B4GALT1, B4GALT5, B4GALT6, B4GAT1, B9D1, BAIAP2, BAK1, BAMBI, BAP1, BARHL2, BARX2, BASP1, BAX, BBS1, BBS2, BBS4, BBS5, BBS7, BCAR3, BCAS3, BCL10, BCL11A, BCL11B, BCL2, BCL2L11, BCL3, BCL6, BCL9L, BCOR, BCR, BDNF, BICD1, BIN3, BLOC1S5, BMERB1, BMI1, BMP1, BMP10, BMP2, BMP4, BMP5, BMP6, BMP7, BMPER, BMPR1A, BMPR1B, BMPR2, BNIP3, BOC, BPNT2, BRAF, BRCA1, BRD2, BRD3, BRSK1, BRSK2, BRWD1, BRWD3, BSG, BSX, BTBD3, BTBD7, BTG1, BTRC, BVES, BYSL, C11orf65, C12orf43, C12orf57, C15orf62, C1GALT1, C1GALT1C1, C2CD3, C2orf49, C3, C3AR1, C5AR1, C9orf72, CA2, CA9, CABP4, CACNA1C, CACNA1H, CACNA1S, CACNG7, CALB1, CALCRL, CALD1, CAMK1, CAMK2B, CAMP, CAMSAP1, CAMSAP3, CAP1, CAP2, CAPN1, CAPN2, CAPN3, CAPRIN1, CAPRIN2, CAPZB, CARD10, CARMIL2, CASP3, CASP8, CASP9, CASQ1, CASR, CAV1, CAV3, CBLN1, CBS, CC2D2A, CCBE1, CCDC103, CCDC134, CCDC136, CCDC154, CCDC39, CCDC40, CCDC42, CCDC88C, CCK, CCKAR, CCL11, CCL13, CCL2, CCL24, CCL3, CCL7, CCM2, CCM2L, CCN1, CCN2, CCN3, CCN6, CCNB1IP1, CCNG1, CCR2, CCR3, CD109, CD151, CD160, CD248, CD34, CD36, CD40, CD44, CD47, CD53, CD81, CD9, CDC42, CDC42EP1, CDC42EP2, CDC42EP3, CDC42EP4, CDC42EP5, CDC42SE1, CDC42SE2, CDC73, CDH1, CDH10, CDH11, CDH12, CDH13, CDH15, CDH17, CDH18, CDH19, CDH2, CDH20, CDH22, CDH23, CDH24, CDH26, CDH3, CDH4, CDH5, CDH6, CDH7, CDH8, CDH9, CDHR1, CDHR3, CDK20, CDK5, CDK5R1, CDK5R2, CDKL3, CDKL5, CDKN1C, CDON, CDSN, CDX1, CDX2, CDX4, CEACAM1, CEBPB, CECR2, CELA1, CELSR1, CELSR2, CELSR3, CEMIP2, CEMP1, CEND1, CEP290, CER1, CERT1, CFAP410, CFAP418, CFC1, CFC1B, CFDP1, CFL1, CFL2, CFLAR, CFTR, CHAD, CHD7, CHI3L1, CHL1, CHN1, CHODL, CHRNA10, CHRNA3, CHRNA7, CHRNA9, CHRNB2, CHST11, CHSY1, CHUK, CIB1, CIBAR1, CITED1, CITED2, CLASP1, CLASP2, CLDN3, CLDN4, CLDN5, CLEC14A, CLEC1B, CLIC4, CLRN1, CLRN2, CLTCL1, CLU, CLUAP1, CMA1, CNMD, CNNM4, CNOT1, CNOT2, CNOT3, CNP, CNTF, CNTN1, CNTN2, CNTN4, CNTN5, CNTN6, CNTNAP1, CNTNAP2, COBL, COCH, COL11A1, COL12A1, COL13A1, COL15A1, COL18A1, COL1A1, COL1A2, COL27A1, COL2A1, COL3A1, COL4A1, COL4A2, COL4A3, COL5A1, COL5A2, COL6A1, COL7A1, COL8A1, COL8A2, COL9A1, COMP, COMT, COQ8B, CORO1A, CORO1B, CORO1C, CPB2, CPE, CPLANE2, CPM, CPNE1, CPNE5, CPNE6, CPNE9, CRABP2, CRB1, CRB2, CREB1, CREB3L1, CREBBP, CRIP1, CRIPTO, CRISPLD1, CRISPLD2, CRK, CRKL, CRPPA, CRX, CRYAB, CRYGB, CRYGS, CSF1, CSF1R, CSF3R, CSGALNACT1, CSMD1, CSNK2B, CSPG4, CSPG5, CSRNP1, CSRP1, CSRP2, CSRP3, CST3, CST6, CTHRC1, CTNNA1, CTNNA2, CTNNB1, CTNNBIP1, CTNND2, CTNS, CTR9, CTSH, CTSZ, CTTN, CUL1, CUL3, CUL7, CUX1, CUX2, CX3CL1, CX3CR1, CXCL10, CXCL12, CXCL13, CXCL17, CXCL8, CXCL9, CXCR2, CXCR3, CXCR4, CYBB, CYFIP1, CYFIP2, CYP19A1, CYP1B1, CYP26B1, CYP7B1, CYRIB, CYSLTR1, DAB1, DAB2IP, DACT1, DACT2, DAG1, DAPK3, DBN1, DBNL, DCANP1, DCC, DCDC2, DCHS1, DCLK1, DCN, DCSTAMP, DDAH1, DDHD1, DDHD2, DDR1, DEAF1, DGCR2, DGCR6, DHRS3, DHX36, DIAPH1, DICER1, DIO3, DIP2A, DIP2B, DISC1, DKK1, DKK3, DKK4, DKKL1, DLC1, DLD, DLG1, DLG3, DLG4, DLG5, DLL1, DLL3, DLL4, DLX1, DLX2, DLX3, DLX5, DLX6, DMP1, DMRT1, DMRT2, DMRT3, DMTN, DNAAF1, DNAH11, DNAJB6, DNM1L, DNM2, DNM3, DNMBP, DOCK1, DOCK10, DOCK2, DOCK5, DOCK7, DPYSL5, DRAXIN, DRD2, DRGX, DSCAM, DSCAML1, DSP, DSPP, DTNBP1, DUSP1, DUSP2, DUSP4, DUSP5, DVL1, DVL2, DVL3, DYNC2H1, DYNC2I1, DYRK1B, DZANK1, E2F2, E2F4, E2F5, E2F7, E2F8, ECE1, ECM1, ECSCR, ECT2, EDA, EDAR, EDN1, EDN2, EDN3, EDNRA, EEF2K, EFEMP1, EFEMP2, EFNA1, EFNA2, EFNA3, EFNA4, EFNA5, EFNB1, EFNB2, EFNB3, EGF, EGFL7, EGFR, EGLN1, EGR2, EGR3, EHD1, EHD2, EIF2AK3, EIF2AK4, EIF4A3, EIF4G2, ELAVL4, ELF3, ELK3, ELN, EMB, EMC10, EMILIN1, EMILIN2, EMP2, EMX1, EMX2, EN1, ENAH, ENAM, ENG, ENPEP, ENPP2, EOMES, EP300, EPAS1, EPB41L3, EPB41L5, EPB42, EPGN, EPHA1, EPHA10, EPHA2, EPHA3, EPHA4, EPHA5, EPHA6, EPHA7, EPHA8, EPHB1, EPHB2, EPHB3, EPHB4, EPHB6, EPN1, EPN2, EPS8, ERAP1, ERBB2, ERBB4, ERCC1, ERCC2, EREG, ERMN, ERRFI1, ERVFRD-1, ERVH48-1, ERVW-1, ESM1, ESR1, ESRP2, ETS1, ETS2, ETV1, ETV2, ETV7, EVL, EVX1, EVX2, EXOC4, EXOC5, EXT1, EXT2, EYA1, EYA2, EYA3, EYA4, EZH1, EZR, F11R, F2, F2R, F3, FAIM2, FAM171A1, FAM20A, FAM20C, FANCC, FANCD2, FAP, FARP1, FASLG, FAT1, FAT3, FBLIM1, FBN1, FBN2, FBN3, FBXO45, FBXW11, FBXW4, FBXW7, FBXW8, FEM1B, FERMT1, FERMT2, FES, FEZ1, FEZ2, FEZF1, FEZF2, FGD1, FGD2, FGD3, FGD4, FGD5, FGD6, FGF1, FGF10, FGF13, FGF16, FGF17, FGF18, FGF19, FGF2, FGF20, FGF21, FGF22, FGF23, FGF3, FGF4, FGF5, FGF6, FGF7, FGF8, FGF9, FGFBP1, FGFR1, FGFR2, FGFR3, FGFRL1, FGL1, FGR, FHL1, FHL2, FHOD3, FIG4, FIGNL2, FIS1, FITM2, FJX1, FKBP10, FKBP1A, FKBPL, FKRP, FLG2, FLI1, FLII, FLNA, FLNB, FLNC, FLOT1, FLRT1, FLRT2, FLRT3, FLT1, FLT4, FLVCR1, FMN1, FMNL1, FMNL2, FMNL3, FN1, FOLR1, FOSL2, FOXA1, FOXA2, FOXA3, FOXB1, FOXB2, FOXC1, FOXC2, FOXD1, FOXD2, FOXD3, FOXD4, FOXD4L1, FOXD4L3, FOXD4L4, FOXD4L5, FOXD4L6, FOXE1, FOXE3, FOXF1, FOXF2, FOXG1, FOXH1, FOXI1, FOXI2, FOXI3, FOXJ1, FOXJ2, FOXL1, FOXL2, FOXL3-OT1, FOXN1, FOXN3, FOXN4, FOXO3, FOXO4, FOXP1, FOXQ1, FOXS1, FRAS1, FREM1, FREM2, FREM3, FRMD6, FRS2, FRY, FRYL, FRZB, FSCN2, FST, FSTL4, FURIN, FUT1, FUZ, FYN, FZD1, FZD2, FZD3, FZD4, FZD5, FZD6, FZD7, FZD8, GAA, GAB1, GABPA, GADD45A, GAMT, GAP43, GARIN1A, GARIN1B, GAS2, GAS7, GATA1, GATA2, GATA3, GATA4, GATA5, GATA6, GBA1, GBX1, GBX2, GCM1, GCNT1, GCNT3, GCNT4, GDF11, GDF15, GDF2, GDF3, GDF5, GDF7, GDI1, GDNF, GFRA3, GHR, GHRL, GHSR, GJA1, GJA5, GJB5, GJB6, GJC1, GJE1, GLG1, GLI1, GLI2, GLI3, GLMN, GLUL, GMNN, GNA12, GNA13, GNAT1, GNAT2, GNG5, GNGT1, GNPAT, GOLGA4, GORAB, GORASP1, GP1BA, GPC1, GPC3, GPI, GPLD1, GPM6A, GPNMB, GPR15, GPR4, GPRASP3, GPX1, GRB2, GREB1L, GREM1, GREM2, GRHL2, GRHL3, GRID2, GRIP1, GRN, GRSF1, GRXCR2, GSC, GSC2, GSK3A, GSK3B, GSX2, GTF2I, GZF1, HAND1, HAND2, HAS2, HBEGF, HCCS, HCK, HCN1, HDAC1, HDAC2, HDAC5, HDAC6, HDAC7, HDAC9, HECW1, HECW2, HEG1, HERC1, HES1, HES5, HES7, HESX1, HEXA, HEXB, HEY1, HEY2, HEYL, HGF, HGS, HHEX, HHIP, HIF1A, HIF1AN, HIF3A, HIPK1, HIPK2, HIRA, HK2, HLA-G, HLX, HMCN2, HMGA2, HMOX1, HMX2, HMX3, HNF1B, HNF4A, HOPX, HOXA1, HOXA10, HOXA11, HOXA13, HOXA2, HOXA3, HOXA4, HOXA5, HOXA7, HOXA9, HOXB1, HOXB13, HOXB2, HOXB3, HOXB4, HOXB5, HOXB6, HOXB7, HOXB8, HOXB9, HOXC10, HOXC11, HOXC13, HOXC4, HOXC8, HOXC9, HOXD10, HOXD11, HOXD12, HOXD13, HOXD3, HOXD4, HOXD8, HOXD9, HPGD, HPN, HPRT1, HPSE, HRAS, HRG, HS2ST1, HS3ST3A1, HS3ST3B1, HS6ST1, HSBP1, HSPA5, HSPB1, HSPB6, HSPG2, HTATIP2, HTN1, HTR2B, HUWE1, HYAL1, HYAL2, ID1, ID2, ID3, ID4, IER3, IFITM5, IFRD1, IFT122, IFT140, IFT172, IFT20, IFT52, IFT57, IFT80, IGF1R, IGF2, IGF2BP1, IGF2BP2, IGF2BP3, IGFBP5, IGSF9, IHH, IL10, IL12A, IL12B, IL17F, IL18, IL1A, IL1B, IL1RAPL1, IL1RN, IL4R, IL6, IL7, IL7R, ILK, IMPACT, IMPG2, INF2, INHBA, INPPL1, INSIG1, INSIG2, INSR, INTU, IQCE, IQGAP1, IRX1, IRX2, IRX3, IRX4, IRX5, ISL1, ISL2, ISLR2, ISM1, IST1, ITGA1, ITGA2, ITGA2B, ITGA3, ITGA4, ITGA5, ITGA6, ITGA7, ITGA8, ITGAV, ITGAX, ITGB1, ITGB1BP1, ITGB2, ITGB3, ITGB4, ITGB5, ITGB6, ITGB8, ITPKA, ITPR1, ITSN2, JAG1, JAG2, JAK1, JAM2, JAM3, JCAD, JHY, JMJD6, JMJD8, JUNB, JUP, KALRN, KANK1, KAT2A, KBTBD8, KCNA2, KCNH1, KCNJ8, KCNQ1, KCNQ4, KDF1, KDM2B, KDM4C, KDM5B, KDM6B, KDR, KEL, KIAA0319, KIAA1755, KIDINS220, KIF13B, KIF14, KIF16B, KIF1A, KIF20B, KIF26B, KIF5A, KIF5B, KIF5C, KIFBP, KIRREL3, KIT, KLF2, KLF4, KLF5, KLF7, KLHL10, KLHL12, KLHL3, KLHL41, KLHL6, KLK14, KLK3, KLK4, KLK5, KLK8, KNDC1, KNL1, KRAS, KRIT1, KRT1, KRT12, KRT16, KRT17, KRT18, KRT19, KRT25, KRT27, KRT28, KRT35, KRT6A, KRT71, KRT8, L1CAM, LAMA1, LAMA2, LAMA3, LAMA5, LAMB1, LAMB2, LAMB3, LAMC3, LARGE1, LARP4, LATS1, LATS2, LBX1, LBX2, LCTL, LDB1, LDB3, LDLR, LEF1, LEFTY1, LEMD2, LEO1, LEP, LEPR, LFNG, LGALS8, LGI1, LGR4, LGR5, LGR6, LHFPL5, LHX1, LHX2, LHX3, LHX4, LHX5, LHX8, LHX9, LIAS, LIF, LIG1, LIMD1, LIMK1, LIMS2, LIN7C, LIPA, LLGL1, LLPH, LMBR1, LMBRD1, LMO4, LMOD1, LMOD2, LMOD3, LMX1A, LNPK, LOC102724560, LOX, LOXL2, LPAR1, LPAR3, LRATD1, LRG1, LRIG1, LRIG3, LRP1, LRP2, LRP4, LRP5, LRP6, LRP8, LRRC4C, LRRK2, LRTM1, LRTM2, LST1, LTBP3, LTF, LUZP1, LY6H, LYPLA2, LYVE1, LZTS1, LZTS2, LZTS3, MAB21L1, MAB21L2, MACF1, MACROH2A1, MAEL, MAFB, MAG, MAGED1, MAGI2, MAN2A1, MAP1A, MAP1B, MAP1S, MAP2, MAP2K1, MAP2K2, MAP2K5, MAP3K13, MAP3K20, MAP3K3, MAP4K4, MAP6, MAPK1, MAPK14, MAPK3, MAPK7, MAPK8IP2, MAPT, MARCHF5, MARK2, MATN1, MATN2, MATR3, MBNL1, MBOAT7, MBP, MCAM, MCF2, MCU, MDFI, MDK, MDM2, MDM4, MECP2, MED1, MED12, MEF2A, MEF2C, MEF2D, MEGF11, MEGF8, MEIS1, MEIS2, MEIS3, MEIS3P1, MEOX1, MEOX2, MESP1, MESP2, MET, METRN, METTL3, MFAP2, MFAP5, MFF, MFGE8, MFN2, MFNG, MFRP, MFSD14A, MFSD2A, MGP, MIA3, MIB1, MICAL2, MICOS10-NBL1, MIEF1, MIEF2, MINAR1, MINAR2, MINK1, MIOS, MIR1-1, MIR101-1, MIR106B, MIR10A, MIR10B, MIR1224, MIR125A, MIR125B1, MIR126, MIR1298, MIR130A, MIR132, MIR137, MIR138-1, MIR143, MIR145, MIR146A, MIR149, MIR150, MIR153-1, MIR15A, MIR15B, MIR16-1, MIR17, MIR17HG, MIR181B1, MIR185, MIR188, MIR18A, MIR1908, MIR193A, MIR195, MIR196A1, MIR199A1, MIR199B, MIR19A, MIR19B1, MIR200B, MIR200C, MIR205, MIR206, MIR20A, MIR20B, MIR21, MIR210, MIR212, MIR214, MIR217, MIR22, MIR221, MIR222, MIR2355, MIR23A, MIR24-1, MIR26A1, MIR27A, MIR27B, MIR296, MIR29A, MIR29B1, MIR29C, MIR30A, MIR30B, MIR30C1, MIR30E, MIR31, MIR320A, MIR329-1, MIR342, MIR34A, MIR34B, MIR34C, MIR361, MIR375, MIR377, MIR378A, MIR410, MIR424, MIR451A, MIR483, MIR487B, MIR492, MIR494, MIR495, MIR497, MIR503, MIR505, MIR515-1, MIR640, MIR885, MIR9-1, MIR92A1, MIR939, MIR99B, MIRLET7A1, MIRLET7B, MIRLET7F1, MIRLET7G, MIXL1, MKKS, MKLN1, MKS1, MLXIPL, MMP12, MMP13, MMP14, MMP15, MMP16, MMP19, MMP2, MMP20, MMP8, MMP9, MMRN2, MNX1, MOBP, MOV10, MPIG6B, MPL, MPZL2, MRPL40, MRTFA, MSGN1, MSN, MSX1, MSX2, MT3, MTCH2, MTDH, MTHFD1, MTHFD1L, MTHFR, MTMR2, MTOR, MTPN, MTSS1, MUL1, MYADM, MYBPC1, MYBPC2, MYBPC3, MYBPH, MYC, MYCBP2, MYDGF, MYF5, MYF6, MYH10, MYH11, MYH14, MYH3, MYH6, MYH7, MYH9, MYL11, MYL12A, MYL12B, MYL2, MYL3, MYL9, MYLK, MYLK2, MYLK3, MYMK, MYMX, MYO10, MYO15A, MYO16, MYO18B, MYO19, MYO1E, MYO3A, MYO3B, MYO6, MYO7A, MYO9A, MYO9B, MYOCD, MYOD1, MYOG, MYOM1, MYOM2, MYOM3, MYOT, MYOZ1, MYOZ2, MYPN, NAA15, NAB1, NAB2, NAGLU, NANOG, NAT8B, NAXE, NBEAL2, NBL1, NCAM1, NCKAP1, NCKAP1L, NCL, NCMAP, NCOA1, NDEL1, NDN, NDNF, NDP, NDRG4, NDST1, NEB, NEBL, NECTIN1, NECTIN2, NECTIN3, NEDD4, NEDD4L, NEDD8, NEFH, NEFL, NEK3, NEK8, NELL2, NEO1, NES, NEUROD1, NEUROG1, NEUROG3, NEXN, NF1, NF2, NFASC, NFATC1, NFATC2, NFATC3, NFATC4, NFE2L1, NFE2L2, NFIA, NFIB, NFKB1, NFKB2, NGEF, NGF, NGFR, NHERF1, NIBAN2, NIN, NINJ1, NIPBL, NKD1, NKX2-1, NKX2-3, NKX2-5, NKX2-8, NKX3-1, NKX3-2, NKX6-1, NLE1, NLGN1, NLGN3, NODAL, NOG, NOLC1, NOS1, NOS3, NOTCH1, NOTCH2, NOTCH3, NOTCH4, NOTO, NOVA2, NOX1, NOX4, NOX5, NPHP1, NPHP3, NPHS1, NPNT, NPPA, NPPB, NPPC, NPR1, NPR2, NPR3, NPRL3, NPTX1, NPY1R, NPY2R, NPY5R, NR0B1, NR2E1, NR2E3, NR2F2, NR3C1, NR4A1, NR4A2, NR4A3, NR5A2, NRAP, NRARP, NRCAM, NRDC, NRG1, NRG3, NRL, NRN1, NRN1L, NRP1, NRP2, NRXN1, NRXN3, NSD2, NSMF, NTF3, NTF4, NTN1, NTN3, NTN4, NTNG1, NTNG2, NTRK1, NTRK2, NUMB, NUMBL, NUS1, NYAP1, NYAP2, OBSCN, OBSL1, OCSTAMP, ODAM, ODAPH, OLFM1, OLFM3, OMA1, ONECUT1, ONECUT2, OPA1, OPHN1, OPN4, OPN5, OR10A4, OR10J5, OSR1, OSR2, OSTN, OTOP1, OTOR, OTULIN, OTX1, OTX2, OVOL2, P2RX7, P2RY1, PACSIN1, PACSIN2, PAF1, PAFAH1B1, PAK1, PAK2, PAK3, PAK4, PAK6, PALB2, PALLD, PALM, PALM2AKAP2, PALM3, PALMD, PALS1, PANK2, PAPPA2, PARD3, PARD6B, PARP6, PARVA, PARVB, PAX2, PAX3, PAX4, PAX5, PAX6, PAX7, PAX8, PAX9, PAXIP1, PBX1, PBX2, PBX3, PBX4, PCDH8, PCDHAC2, PCGF2, PCSK5, PDCD10, PDCD4, PDCD6, PDCL3, PDE3B, PDE6C, PDGFA, PDGFC, PDGFRA, PDGFRB, PDLIM5, PDPK1, PDPN, PDX1, PDZD7, PDZD8, PEAK3, PEF1, PERCC1, PERP, PEX7, PF4, PFN1, PFN4, PGAM5, PGF, PGK1, PGM5, PGR, PGRMC1, PHACTR1, PHACTR4, PHB2, PHEX, PHIP, PHLDA2, PHLDA3, PHLDB1, PHLDB2, PHOSPHO1, PHOX2A, PHOX2B, PICALM, PID1, PIK3C2A, PIK3CA, PIK3CB, PIK3CD, PIK3CG, PIK3R3, PIK3R6, PIKFYVE, PIM1, PINK1, PITPNA, PITX1, PITX2, PITX3, PKD1, PKD2, PKDCC, PKHD1, PKM, PKN1, PKNOX1, PKP2, PLA2G10, PLA2G3, PLAA, PLAG1, PLCD3, PLCG1, PLD6, PLEC, PLEKHA1, PLEKHG4, PLEKHG4B, PLEKHO1, PLET1, PLK2, PLN, PLOD3, PLPP3, PLPPR4, PLS1, PLXDC1, PLXNA1, PLXNA2, PLXNA3, PLXNA4, PLXNB1, PLXNB2, PLXNB3, PLXNC1, PLXND1, PML, PMP22, PNLDC1, PODXL, POF1B, POFUT1, POFUT2, POGLUT1, POLB, POLR1B, POSTN, POTEE, POTEF, POTEI, POTEJ, POTEKP, POU3F2, POU3F4, POU4F1, POU4F2, POU4F3, POU5F1, PPARA, PPARG, PPARGC1B, PPFIA2, PPP1CA, PPP1R13L, PPP1R16B, PPP1R35, PPP2R1B, PPP3CA, PPP3CB, PPP3R1, PQBP1, PRAG1, PRCP, PRDM1, PRDM14, PRDM8, PREX2, PRICKLE1, PRKACA, PRKACB, PRKAR1A, PRKCA, PRKCB, PRKCI, PRKCQ, PRKCZ, PRKD1, PRKD2, PRKDC, PRKG1, PRKN, PRKRA, PRKX, PRL, PROK1, PROK2, PROM1, PROP1, PROX1, PRPF40A, PRRX1, PSEN1, PSMB10, PTBP3, PTCD2, PTCH1, PTEN, PTF1A, PTGFRN, PTGIS, PTGS2, PTK2, PTK2B, PTK7, PTN, PTPN11, PTPN14, PTPN18, PTPN6, PTPRB, PTPRD, PTPRJ, PTPRM, PTPRO, PTPRS, PTPRZ1, PUM2, PXDN, QKI, RAB10, RAB21, RAB23, RAB25, RAB33B, RAB3A, RAB3GAP1, RAB8A, RAC1, RAC3, RACK1, RALA, RALBP1, RAMP1, RAMP2, RAP1A, RAP2A, RAPGEF2, RAPGEF3, RAPH1, RARA, RARB, RARG, RASA1, RASAL1, RASIP1, RB1, RBM14, RBM15, RBM20, RBM46, RBP4, RBPJ, RBPMS2, RC3H1, RCAN3, RDH10, RDH13, RDX, RECK, RELA, RELN, RELT, RERE, RET, RFLNA, RFLNB, RFNG, RFX2, RGCC, RGMA, RHO, RHOA, RHOB, RHOC, RHOG, RHOJ, RHOQ, RHOU, RIC8A, RILPL1, RILPL2, RIMS1, RIMS2, RIN2, RING1, RIPK4, RIPOR2, RIPPLY1, RIPPLY2, RLN2, RND2, RNF157, RNF2, RNF207, RNF213, RNF6, RNH1, ROBO1, ROBO2, ROBO3, ROBO4, ROCK1, ROCK2, ROGDI, ROM1, RORA, RORB, RP1, RPGRIP1, RPGRIP1L, RPL13A, RPL24, RPL38, RPL7L1, RPS6KA1, RPS6KA5, RPS7, RRAS, RREB1, RRP7A, RS1, RSPO2, RSPO3, RTF1, RTN4, RTN4R, RUFY3, RUNX1, RUNX2, RXFP1, RYK, RYR1, RYR2, S100A1, S100A6, S100A7, S100B, S1PR1, S1PR3, SALL1, SALL4, SAMD11, SAMD7, SAPCD2, SARM1, SARS1, SART3, SASH1, SAT1, SATB2, SAV1, SBNO2, SCFD1, SCG2, SCGB3A1, SCML2, SCN10A, SCN11A, SCN1B, SCN5A, SCRIB, SCX, SDC2, SDC4, SDCCAG8, SDK1, SDK2, SEC24B, SEMA3A, SEMA3B, SEMA3C, SEMA3D, SEMA3E, SEMA3F, SEMA3G, SEMA4A, SEMA4B, SEMA4C, SEMA4D, SEMA4F, SEMA4G, SEMA5A, SEMA5B, SEMA6A, SEMA6B, SEMA6C, SEMA6D, SEMA7A, SEPTIN7, SERP1, SERPINB5, SERPINE1, SERPINE2, SERPINF1, SERPINF2, SERPINH1, SETD2, SETDB2, SF3B6, SFRP1, SFRP2, SFRP4, SFRP5, SFTPB, SGCD, SGK1, SGPL1, SH2D2A, SH3BP1, SH3D19, SH3GL2, SH3KBP1, SH3PXD2A, SHANK1, SHANK3, SHB, SHC1, SHH, SHOX2, SHROOM1, SHROOM2, SHROOM3, SHTN1, SIAH1, SIDT2, SIN3A, SIPA1, SIPA1L1, SIPA1L3, SIRT1, SIRT6, SIX1, SIX2, SIX3, SIX4, SIX6, SKI, SKIL, SKOR2, SLC11A2, SLC12A2, SLC12A6, SLC17A6, SLC1A1, SLC1A3, SLC23A2, SLC24A4, SLC25A46, SLC26A5, SLC31A1, SLC34A1, SLC39A1, SLC39A12, SLC39A3, SLC40A1, SLC44A4, SLC4A10, SLC4A2, SLC6A3, SLC6A4, SLC9A6, SLC9A8, SLIT1, SLIT2, SLIT3, SLITRK1, SLITRK2, SLITRK3, SLITRK4, SLITRK5, SLITRK6, SMAD1, SMAD2, SMAD3, SMAD4, SMAD5, SMAD6, SMAD7, SMAD9, SMARCC1, SMARCD3, SMO, SMOC2, SMPD3, SMTNL1, SMURF1, SNAI1, SNAI2, SNAP25, SNX1, SNX10, SNX2, SOBP, SOCS3, SOD1, SOS1, SOSTDC1, SOX1, SOX10, SOX11, SOX13, SOX17, SOX18, SOX2, SOX30, SOX4, SOX5, SOX6, SOX7, SOX8, SOX9, SP1, SP100, SP3, SP5, SP6, SP7, SP8, SP9, SPACA1, SPAG6, SPAG9, SPARC, SPART, SPAST, SPEF2, SPEM1, SPEM3, SPG11, SPHK1, SPI1, SPINK2, SPINK5, SPINT1, SPINT2, SPIRE1, SPP1, SPPL2C, SPRED1, SPRY1, SPRY2, SPRY3, SPTA1, SPTBN1, SPTBN2, SPTBN4, SRC, SRCIN1, SRF, SRGAP2, SRPK2, SRPX2, SRSF6, SS18, SS18L1, SSBP3, SSH1, SSNA1, SSUH2, ST14, ST8SIA2, STAB1, STAB2, STARD13, STAT1, STAT2, STAT3, STAT6, STAU2, STC1, STIL, STIM1, STK11, STK25, STK3, STK4, STK40, STMN1, STOX1, STRA6, STRADB, STRC, STRIP1, STRIP2, STX2, STXBP1, SUFU, SULF1, SULF2, SULT4A1, SUPT20H, SUPT6H, SVEP1, SYCP2, SYF2, SYK, SYNE1, SYNE3, SYNE4, SYNGAP1, SYNJ2BP, SYNPO2L, SYT1, SYT14P1, SYT17, SYT2, SYT3, SYT4, SZT2, TAB1, TACSTD2, TAF10, TAFA5, TAFAZZIN, TAL1, TANC1, TANC2, TAOK2, TAOK3, TASOR, TBC1D20, TBC1D24, TBC1D32, TBCCD1, TBCD, TBCE, TBPL1, TBR1, TBX1, TBX10, TBX15, TBX18, TBX19, TBX2, TBX20, TBX3, TBX4, TBX5, TBX6, TBXA2R, TBXT, TCAP, TCF15, TCF21, TCIRG1, TCOF1, TCTA, TCTN1, TDRD7, TEAD2, TEAD4, TECTA, TEK, TENM3, TENM4, TERT, TET1, TFAP2A, TFAP2B, TFCP2L1, TFRC, TGFA, TGFB1, TGFB1I1, TGFB2, TGFB3, TGFBI, TGFBR1, TGFBR2, TGFBR3, TGIF2, TGM2, TGM3, TH, THBS1, THBS2, THBS3, THBS4, THOC2, THRA, THRB, THSD7A, THY1, TIAM1, TIAM2, TIE1, TIFAB, TIMELESS, TIPARP, TJP1, TLE1, TLE2, TLE3, TLR2, TLR3, TLX2, TM4SF1, TMBIM1, TMED2, TMEFF2, TMEM100, TMEM106B, TMEM107, TMEM108, TMEM119, TMEM135, TMEM176B, TMEM182, TMEM215, TMEM231, TMEM59L, TMEM79, TMF1, TMIE, TMIGD2, TMOD1, TMOD2, TMOD3, TMOD4, TMPRSS12, TMT1A, TNC, TNF, TNFAIP2, TNFAIP3, TNFRSF11B, TNFRSF12A, TNFRSF1A, TNFRSF1B, TNFSF11, TNFSF12, TNFSF13B, TNFSF14, TNIK, TNMD, TNN, TNNC1, TNNI1, TNNI3, TNNT1, TNNT2, TNNT3, TNR, TOP2B, TOR1A, TP53, TP63, TPBG, TPD52, TPM1, TPPP, TPRN, TRAF3IP1, TRAF6, TRAK1, TREH, TREM2, TREX1, TRIM13, TRIM15, TRIM28, TRIM46, TRIM71, TRIO, TRIOBP, TRIP11, TRNP1, TRPC5, TRPV2, TRPV4, TSC1, TSC2, TSC22D4, TSHB, TSHZ1, TSKU, TSPAN12, TSPAN18, TSPEAR, TTC21B, TTC39C, TTC8, TTL, TTLL1, TTN, TUBA1A, TUBB1, TUBB2B, TUBB3, TUFT1, TULP1, TULP3, TUNAR, TWF2, TWIST1, TWSG1, TXNRD1, TYMP, TYROBP, UBB, UBE3A, UBP1, UCHL1, UCHL5, UGDH, UGT8, ULK1, ULK2, UNC13A, UNC13D, UNC5A, UNC5B, UNC5C, UNC5D, UNC93B1, UNCX, UNK, UPK3A, USH1C, USH1G, USP33, USP9X, UST, VANGL2, VASH1, VASH2, VASP, VAT1, VAV2, VAV3, VAX1, VAX2, VCL, VDR, VEGFA, VEGFB, VEGFC, VEGFD, VEZF1, VHL, VIL1, VLDLR, VPS13B, VPS33A, VPS33B, VPS35, VPS4B, VPS51, VPS52, VPS54, VSIG1, VSTM4, VSX1, VTN, WARS1, WARS2, WASF1, WASF2, WASF3, WASL, WDPCP, WDR1, WDR19, WDR47, WDR48, WDR72, WDR74, WEE1, WHRN, WLS, WNK1, WNK4, WNT1, WNT10A, WNT10B, WNT11, WNT16, WNT2, WNT2B, WNT3, WNT3A, WNT4, WNT5A, WNT5B, WNT6, WNT7A, WNT7B, WNT8A, WNT8B, WNT9A, WNT9B, WT1, WTIP, WWOX, WWTR1, XBP1, XDH, XIRP2, XK, XRCC1, XRCC2, YAP1, YBX1, YJEFN3, YTHDF1, YTHDF2, YWHAH, YY1, ZBTB16, ZBTB17, ZC3H12A, ZDHHC15, ZDHHC17, ZDHHC6, ZDHHC7, ZEB1, ZFAND5, ZFP36L1, ZFPM1, ZFPM2, ZFYVE27, ZHX2, ZIC1, ZIC3, ZMIZ1, ZMPSTE24, ZMYM3, ZMYM4, ZMYM6, ZNF135, ZNF141, ZNF219, ZNF22, ZNF281, ZNF304, ZNF335, ZNF354C, ZNF358, ZNF365, ZNF385A, ZNF568, ZNF664-RFLNA, ZP3, ZPBP, ZPBP2, ZRANB1
GO:0061448	connective tissue development	288	6	1.01	0.00050	0.007884615384615384	ABHD15, ACAT1, ACTA2, ACVRL1, ADAMTS12, ADAMTS7, AMELX, AMER1, ARID5A, ARID5B, ARRDC3, ATF2, ATP7A, AXIN2, BARX2, BBS1, BBS2, BBS4, BGN, BMP1, BMP10, BMP2, BMP3, BMP4, BMP5, BMP6, BMP7, BMP8A, BMP8B, BMPR1A, BMPR1B, BMPR2, BPNT2, CASR, CBS, CCN1, CCN2, CCN3, CCN4, CD34, CD44, CER1, CFLAR, CHADL, CHI3L1, CHRDL2, CHST11, CHSY1, CNMD, COL11A1, COL11A2, COL1A1, COL27A1, COL2A1, COL3A1, COL5A1, COL6A1, COMP, CREB3L2, CRIP1, CSF1, CSGALNACT1, CTNNB1, CTSK, CYTL1, DDRGK1, DGAT2, DHRS7B, DLX2, DYRK1B, EBF2, ECM1, EDN1, EFEMP1, EGR1, EIF2AK3, EPYC, ERRFI1, EVC, EXT1, EXT2, FGF18, FGF2, FGF4, FGF6, FGF9, FGFR1, FGFR3, FKRP, FOSL2, FOXA1, FOXC2, FOXD1, FRZB, FTO, GATA3, GDF2, GDF5, GDF6, GDF7, GHR, GHRL, GLG1, GLI3, GPLD1, GPR4, GREM1, HAND1, HAND2, HES5, HIF1A, HMGA2, HMGCS2, HOXA11, HOXA3, HOXA5, HOXB3, HOXC4, HOXD3, HRAS, HSD17B1, HYAL1, HYAL2, HYAL3, ID4, IFT80, IHH, IL17F, IL6R, ITGB3, ITGB8, KAT2A, KLF7, LARGE1, LEP, LIPA, LNPK, LOC102724560, LOX, LOXL2, LPL, LRP5, LTBP3, MAF, MAPK14, MAPK3, MATN1, MATN3, MBOAT2, MDK, MEF2C, MEF2D, MEX3C, MGP, MIR125A, MIR138-1, MIR21, MKKS, MMP13, MSX1, MSX2, MUSTN1, MYF5, NCOA1, NCOA2, NFATC2, NFIA, NFIB, NKX3-2, NOG, NOTCH1, NPPC, NPR2, NR1H4, OGN, OPTC, OSR1, OSR2, OTOR, PARP1, PAXIP1, PBXIP1, PDGFB, PDGFD, PDGFRB, PGRMC2, PIK3CA, PITX1, PKD1, PKDCC, PLAAT3, POU4F2, PPARD, PPARG, PPARGC1A, PRKAA1, PRKG2, PRRX1, PTH, PTH1R, PTHLH, PTPN11, PUM2, RARA, RARB, RARG, RASAL2, RB1, RFLNA, RFLNB, RORC, RSPO2, RUNX1, RUNX2, RUNX3, RXFP1, SATB2, SCIN, SCX, SELENOM, SERPINB7, SERPINH1, SFRP2, SH3PXD2B, SHOX2, SIRT1, SIX2, SLC25A25, SLC26A2, SLC39A13, SLC39A14, SMAD1, SMAD3, SMAD5, SMAD7, SMPD3, SNAI1, SNAI2, SNORC, SNX19, SORL1, SOX5, SOX6, SOX8, SOX9, SPART, SPI1, SPTLC2, SRF, STC1, SULF1, SULF2, TAPT1, TBL1XR1, TGFB1, TGFBI, TGFBR1, TGFBR2, THBS3, THRA, TIMP1, TRIP11, TRPM4, TRPS1, TRPV4, TSKU, TWSG1, TYMS, UBB, UMODL1, UNCX, VPS13B, WNT10B, WNT11, WNT2B, WNT5A, WNT5B, WNT7A, WNT7B, WNT9A, WT1, XBP1, ZBTB16, ZEB1, ZMPSTE24, ZNF219, ZNF516, ZNF664-RFLNA
GO:0001501	skeletal system development	531	8	1.86	0.00051	0.007884615384615384	ACAN, ACD, ACP5, ACTN3, ACVR2A, ACVR2B, ACVRL1, ADAMTS12, ADAMTS4, ADAMTS7, AHSG, AKAP13, ALPL, ALX1, ALX3, ALX4, AMELX, AMER1, ANKH, ANKRD11, ANXA2, ARID5A, ARID5B, ARSL, ASH1L, ASXL1, ATF2, ATG9A, ATG9B, ATP6AP1, ATP7A, AXIN2, BARX2, BBS1, BBS2, BBX, BCAN, BGLAP, BGN, BMI1, BMP1, BMP10, BMP2, BMP3, BMP4, BMP5, BMP6, BMP7, BMP8A, BMP8B, BMPR1A, BMPR1B, BMPR2, BNC2, BPNT2, CACNA1S, CBS, CCDC154, CCN1, CCN2, CCN3, CCN4, CD44, CDH11, CDK20, CDKN1C, CDX1, CER1, CHAD, CHADL, CHD7, CHI3L1, CHRD, CHRDL2, CHST11, CHSY1, CITED2, CLDN18, CLEC3A, CMKLR1, CNMD, COL10A1, COL11A1, COL11A2, COL13A1, COL18A1, COL19A1, COL1A1, COL1A2, COL27A1, COL2A1, COL3A1, COL5A2, COL6A1, COL9A2, COMP, CREB3L2, CSGALNACT1, CSRNP1, CTC1, CTNNB1, CTSK, CYP26B1, CYTL1, DCANP1, DCHS1, DDR2, DDRGK1, DEAF1, DHRS3, DLG1, DLL3, DLX1, DLX2, DLX5, DLX6, DMRT2, DSCAML1, DYM, DYNC2I1, EBP, ECM1, EDN1, EDNRA, EFEMP1, EIF2AK3, EIF4A3, EN1, ENG, EPHA2, EPYC, ERRFI1, ETS2, EVC, EXT1, EXT2, EXTL1, EYA1, FAM20C, FBN1, FBN2, FBXW7, FGF18, FGF2, FGF4, FGF6, FGF8, FGF9, FGFR1, FGFR2, FGFR3, FGFRL1, FGR, FLVCR1, FMN1, FOSL2, FOXC1, FOXC2, FOXN3, FOXP1, FREM1, FRZB, FST, FUZ, GATA3, GDF10, GDF11, GDF2, GDF3, GDF5, GDF6, GH1, GHR, GHRL, GJA1, GLG1, GLI2, GLI3, GNA11, GNAS, GPLD1, GPR68, GREM1, GRHL2, GSC, HAND1, HAND2, HAPLN1, HAPLN2, HAPLN3, HAPLN4, HAS2, HES5, HES7, HEXA, HEXB, HHIP, HIF1A, HMGA2, HOXA1, HOXA10, HOXA11, HOXA13, HOXA2, HOXA3, HOXA4, HOXA5, HOXA6, HOXA7, HOXA9, HOXB1, HOXB2, HOXB3, HOXB4, HOXB5, HOXB6, HOXB7, HOXB8, HOXB9, HOXC10, HOXC11, HOXC4, HOXC5, HOXC6, HOXC8, HOXC9, HOXD1, HOXD10, HOXD12, HOXD13, HOXD3, HOXD4, HOXD8, HOXD9, HSD17B1, HYAL1, HYAL2, HYAL3, IFITM5, IFT140, IFT172, IFT25, IFT80, IGF1, IHH, IL17F, INHA, INPPL1, INSIG1, INSIG2, IRX5, ITGB6, ITGB8, JAG2, KAT2A, KDR, KIAA1217, LAMA5, LARGE1, LECT2, LEP, LEPR, LHX1, LILRB1, LIPA, LNPK, LOC102724560, LOX, LOXL2, LRP5, LRRC17, LRRK1, LTBP3, LTF, MAF, MAP2K6, MAPK11, MAPK14, MAPK3, MATN1, MATN3, MBOAT2, MBTD1, MBTPS2, MCPH1, MDFI, MDK, MED12, MEF2C, MEF2D, MEGF8, MEPE, MEX3C, MGP, MIGA2, MIR21, MKKS, MKS1, MMP13, MMP14, MMP16, MMP2, MMP9, MSX1, MSX2, MTHFD1, MTHFD1L, MUSTN1, MYF5, MYOC, NAB1, NAB2, NCAN, NDST1, NEUROG1, NFATC2, NFIA, NFIB, NIPBL, NKX3-2, NLE1, NODAL, NOG, NOTCH2, NOTUM, NPPC, NPR2, NPR3, NSD2, OGN, OPTC, OSR1, OSR2, OSTN, OTOR, P2RX7, P3H1, PAFAH1B1, PAPPA2, PAPSS1, PAPSS2, PAX1, PAX5, PBX1, PBXIP1, PCGF2, PCSK5, PDGFC, PDGFRA, PEX7, PHEX, PHOSPHO1, PITX1, PITX2, PKD1, PKDCC, PLEKHA1, PLS3, PLXNB1, PPARGC1B, PPIB, PRDX1, PRELP, PRKG2, PRKRA, PRPSAP2, PRRX1, PSEN1, PTGER4, PTH, PTH1R, PTHLH, PTPN11, PTPRC, PUM2, RAB23, RAB33B, RAI1, RANBP3L, RARA, RARB, RARG, RASSF2, RB1, RBP4, RDH10, RFLNA, RFLNB, RGN, RHOA, RIPPLY2, RPL13, RPL38, RPS6KA3, RSPO2, RUNX1, RUNX2, RUNX3, RYK, RYR1, SATB2, SBDS, SCIN, SCX, SEMA4D, SERP1, SERPINH1, SETD2, SFRP1, SFRP2, SFRP4, SGPL1, SH3PXD2B, SHH, SHOX, SHOX2, SIGLEC15, SIX1, SIX2, SIX4, SKI, SLC10A7, SLC26A2, SLC2A10, SLC38A10, SLC39A1, SLC39A14, SLC39A3, SLC9B2, SMAD1, SMAD2, SMAD3, SMAD5, SMAD7, SMPD3, SNAI1, SNAI2, SNORC, SNX10, SNX19, SOX11, SOX5, SOX6, SOX9, SP3, SP5, SPEF2, SPNS2, SPP2, SRC, SRD5A1, SRD5A2, SRF, STC1, SULF1, SULF2, TAPT1, TBX1, TBX15, TBX3, TBX4, TCF15, TCOF1, TEAD4, TEK, TFAP2A, TGFB1, TGFB2, TGFB3, TGFBI, TGFBR1, TGFBR2, TGM2, THBS3, THRA, TIFAB, TIMP1, TIPARP, TLE5, TLL1, TMEM107, TMEM119, TMEM38B, TNFRSF11B, TNFSF11, TNN, TP53, TP63, TRAPPC2, TRIM45, TRIP11, TRPS1, TRPV4, TSKU, TTC9, TULP3, TWIST1, TWSG1, TYMS, TYROBP, UCMA, UFD1, UNCX, USP1, VCAN, VDR, VKORC1, WDR19, WDR48, WDR5, WFIKKN1, WFIKKN2, WNT1, WNT10B, WNT11, WNT2B, WNT5A, WNT5B, WNT7A, WNT7B, WNT9A, WNT9B, WWOX, XYLT1, ZBTB16, ZEB1, ZFAND5, ZIC3, ZMPSTE24, ZNF219, ZNF664-RFLNA
GO:0010035	response to inorganic substance	534	8	1.87	0.00053	0.007884615384615384	AANAT, ABAT, ABCB6, ABCC6, ABCC8, ABL1, ACER1, ACO1, ADA, ADAM9, ADAMTS13, ADCY1, ADCY10, ADCY7, ADCY8, ADD1, ADGRV1, ADNP, ADORA1, ADORA2A, ADPRS, ADSS2, AHCYL1, AIFM1, AKR1C3, AKT1, ALAD, ALG2, ALOX15, ALOX5AP, ALPL, AMELX, ANK3, ANKH, ANKZF1, ANXA11, AOC1, APOA4, AQP1, AQP2, AQP3, AREG, ASPN, ASS1, ATF1, ATF4, ATG5, ATIC, ATP13A2, ATP2B4, ATP5F1A, ATP5F1D, ATP7A, ATP7B, ATRX, AVPR1A, AXL, B2M, BACE1, BAK1, BAP1, BCL2, BECN1, BGLAP, BLM, BMP6, BMP7, BNIP3, BRAF, BSG, CACNA1G, CACNA1H, CACNG2, CALM1, CALM2, CALM3, CALR, CAMK2D, CAPN2, CAPN3, CARF, CASP3, CASP8, CASP9, CASQ2, CASR, CAT, CAV1, CBX8, CCL19, CCNA2, CCR7, CCS, CD14, CD36, CDH1, CDK1, CDK2, CDKN1B, CEBPA, CER1, CFLAR, CHP2, CHUK, CLDN1, CLIC4, CNGA3, COL18A1, COL1A1, COMT, COX1, CPA1, CPNE1, CPNE2, CPNE3, CPNE4, CPNE5, CPNE6, CPNE7, CPNE8, CPNE9, CPS1, CREB1, CRHBP, CRIP1, CRK, CRYAB, CSF2, CUTA, CYBB, CYBRD1, CYP11B1, CYP11B2, CYP1A1, CYP1A2, CYP1B1, CYP2R1, CYTB, D2HGDH, DAXX, DDI1, DDI2, DDX11, DDX19A, DHFR, DHFRP1, DHX36, DLG2, DLG4, DMTN, DNMT3A, DPEP1, DRD2, DTYMK, ECT2, EDN1, EDNRB, EEF2K, EGFR, EGLN1, EIF2AK3, EIF2S1, EIF4A3, ENPP1, ENTPD6, ERCC1, ERCC6, ERN1, EZH2, FABP1, FABP4, FANCC, FBLN5, FBP1, FECH, FGA, FGB, FGF23, FGFR1, FGG, FIBIN, FKBP1B, FOS, FOSB, FOSL1, FOXO1, FXN, FYN, G6PD, GART, GCH1, GCLC, GDI1, GIP, GIPR, GLRA1, GLRA2, GLRX2, GPHN, GPI, GPLD1, GPX1, GRIA1, GRP, GSK3A, GSS, GUCA1A, GUCA1ANB-GUCA1A, GUCY1B1, HAAO, HAMP, HBA1, HBA2, HBB, HDAC2, HDAC6, HESX1, HFE, HIF1A, HMGCS2, HMOX1, HNRNPA1, HNRNPD, HOMER1, HP, HPCA, HSD17B1, HSF1, HSP90B1, HVCN1, IFT88, IL18BP, IL18RAP, IL1A, IL6, IMPA2, INHBB, IQGAP1, ITPKA, ITPKB, ITPKC, ITPR3, JUN, JUNB, JUND, KCNA1, KCNA5, KCNB1, KCNC1, KCNC2, KCNH1, KCNIP2, KCNJ10, KCNK3, KCNMA1, KCNMB1, KCNMB2, KCNMB3, KCNMB4, KCNQ3, KDM6B, KDR, KHK, KIT, KLF2, KLF4, KMT2A, KRT8, LCE1D, LGMN, LIG4, LONP1, LOXL2, LRP11, LRRK2, LTA4H, MAOB, MAP1B, MAP1LC3A, MAP3K5, MAPK1, MAPK13, MAPK3, MAPK7, MAPK8, MAPK9, MAPT, MB, MCOLN1, MDM2, MECP2, MEF2A, MEF2C, MIR103A1, MIR107, MIR21, MIR342, MMP2, MMP3, MMP9, MNAT1, MPO, MT1A, MT1B, MT1DP, MT1E, MT1F, MT1G, MT1H, MT1HL1, MT1M, MT1X, MT2A, MT3, MT4, MTF1, MTR, MTTP, MUC2, MYB, MYOG, NCF1, NCSTN, ND5, NDRG1, NEDD4, NEFL, NEK7, NET1, NEUROD2, NFATC2, NFATC4, NFE2L2, NLGN1, NOS3, NPC1, NPTX1, NQO1, NSMCE3, NT5E, NTRK1, NUDT1, OGG1, OSER1, OTC, P2RX4, P2RX7, PAM, PARK7, PARP1, PAX2, PCGF2, PCNA, PCSK1, PDCD6, PDGFD, PDX1, PEF1, PENK, PGAM2, PHEX, PHOX2B, PIK3CA, PINK1, PKD2, PKD2L1, PKLR, PLCB1, PLCG2, PLEC, PLEKHA1, PLSCR1, PPIF, PPP1CA, PPP1R15B, PPP2CA, PPP2CB, PPP3CA, PPP5C, PRDX1, PRDX2, PRDX3, PRKAA1, PRKAA2, PRKCD, PRKN, PRNP, PTCH1, PTGS2, PTH, PTK2B, RAD51, RASA4, RASA4B, RASAL1, RASGRP2, RELA, RHOB, RIPK1, RIPK3, RPS3, RTF2, RUNX2, RYR1, RYR2, RYR3, S100A16, S100A8, SCGB1A1, SCN11A, SCN5A, SDC1, SEC31A, SELENOM, SELENOV, SELENOW, SERPINF1, SETD2, SETX, SHH, SIPA1, SIRPA, SIRT1, SLC11A1, SLC11A2, SLC12A2, SLC12A3, SLC13A2, SLC13A5, SLC1A1, SLC25A12, SLC25A13, SLC25A23, SLC25A24, SLC26A5, SLC30A1, SLC30A10, SLC30A2, SLC30A3, SLC30A4, SLC30A8, SLC34A1, SLC38A2, SLC39A8, SLC41A1, SLC5A1, SLC6A1, SLC6A3, SLFN14, SMPD1, SMPD3, SNCA, SOD1, SOD2, SOD3, SPHK1, SPIDR, SRC, STAT1, STAT6, STIM1, STK24, STK25, STK26, STK39, SUCNR1, SUMO1, SYT1, SYT10, SYT11, SYT12, SYT13, SYT15, SYT17, SYT2, SYT3, SYT4, SYT5, SYT6, SYT7, SYT8, SYT9, TACR1, TAT, TCIRG1, TERT, TESMIN, TF, TFAP2A, TFF1, TFR2, TFRC, TH, THBS1, TIGAR, TIMELESS, TLR9, TNFAIP3, TNFRSF11B, TNFSF4, TNNC1, TNNT2, TOP2B, TP53, TRAF2, TREX1, TRPA1, TRPC1, TRPC3, TRPM2, TRPV6, TSHB, TSPO, TTN, TUBA1A, TXN, TXNIP, TXNRD2, UBE3A, UCP2, UCP3, UMOD, UROS, VCAM1, VCP, VPS54, WNT5A, XRCC4, ZACN, ZC3H12A, ZFAND1, ZNF277, ZNF580, ZNF658
GO:0014820	tonic smooth muscle contraction	10	2	0.03	0.00053	0.007884615384615384	BBS2, CD38, EDN1, EDN2, EDNRA, GRIP2, HTR2A, MKKS, MYLK, SCNN1B
GO:0048562	embryonic organ morphogenesis	297	6	1.04	0.00059	0.007884615384615384	ACVR1, AHI1, ALDH1A3, ALX1, ALX3, ALX4, ANKRD24, APLNR, ARL13B, ASB2, ATOH1, ATP6V1B1, ATP8A2, BBS5, BBS7, BCR, BLOC1S5, BMI1, BMP4, BMP7, C2CD3, CCDC103, CCDC39, CCDC40, CDH23, CEP290, CHD7, CHRNA10, CHRNA9, CHST11, CITED2, CLRN1, CLRN2, CLUAP1, COL11A1, COL2A1, CRB2, CTHRC1, CTNNB1, DCANP1, DLG1, DLL1, DLX2, DLX5, DLX6, DNAAF1, DSCAML1, DVL1, DVL2, DYNC2I1, EDN1, EDNRA, EFEMP1, EFNA1, EIF4A3, ENG, EPHA2, EPHB2, EYA1, FBN1, FBN2, FGF10, FGF8, FGF9, FGFR1, FGFR2, FLVCR1, FOLR1, FOXC2, FOXE1, FOXF1, FOXF2, FOXG1, FOXH1, FOXI1, FOXL2, FOXN4, FRS2, FRZB, FUZ, FZD2, FZD3, FZD5, FZD6, GATA2, GATA3, GATA4, GBX2, GJA1, GJB6, GLI1, GLI3, GRHL2, GRHL3, GRXCR2, GSC, HAND1, HAND2, HES1, HESX1, HIF1A, HIPK1, HIPK2, HLX, HMX2, HMX3, HNF1B, HOXA1, HOXA11, HOXA2, HOXA3, HOXA4, HOXA5, HOXA7, HOXA9, HOXB1, HOXB2, HOXB3, HOXB4, HOXB5, HOXB6, HOXB7, HOXB8, HOXB9, HOXC11, HOXC4, HOXC9, HOXD10, HOXD3, HOXD4, HOXD9, HPN, HYAL1, ID2, IFT140, IFT172, IFT52, IFT57, IHH, INSIG1, INSIG2, IRX5, ITGA8, KCNQ1, KCNQ4, KDM2B, LBX1, LHFPL5, LHX1, LRIG1, LRIG3, MAFB, MAPK1, MAPK3, MDFI, MED12, MEF2C, MEGF8, MESP1, MFAP2, MFAP5, MIB1, MICAL2, MKKS, MMP14, MMP16, MSX1, MTHFD1, MTHFD1L, MYF5, MYO15A, MYO3A, MYO3B, MYO6, MYO7A, NAGLU, NDRG4, NDST1, NEUROD1, NEUROG1, NHERF1, NIPBL, NKX2-5, NKX3-2, NODAL, NOG, NOTCH1, NOTCH2, NOTO, NPHP3, NTN1, OSR1, OSR2, OTOP1, OTX1, OVOL2, PAX2, PAX5, PAX6, PAX8, PCGF2, PDGFRA, PDZD7, PHACTR4, PKD2, PLS1, POU3F4, POU4F3, PPP1R35, PRKRA, PROX1, PRRX1, PSEN1, PTK7, RARB, RARG, RBP4, RBPMS2, RDH10, RNF207, RPL38, RUNX2, RYR2, SATB2, SCRIB, SEC24B, SETD2, SETDB2, SHH, SHOX2, SIX1, SIX2, SIX3, SIX4, SLC39A1, SLC39A3, SLC44A4, SLITRK6, SMAD2, SMAD3, SMO, SOBP, SOD1, SOX11, SOX17, SOX18, SOX9, SP3, SPRY2, SRF, STIL, STOX1, STRA6, STRC, SUFU, TBX1, TBX15, TBX18, TBX2, TBX20, TBX3, TBX6, TCAP, TCF21, TEAD2, TECTA, TFAP2A, TGFB3, TGFBR1, TGFBR2, TH, TIFAB, TMED2, TMIE, TPRN, TRIOBP, TSHZ1, TTC39C, TULP3, TWIST1, USH1C, USH1G, VANGL2, VAX2, WDPCP, WDR19, WHRN, WNT1, WNT11, WNT16, WNT3A, WNT5A, WNT9B, YAP1, ZEB1, ZIC1, ZIC3
GO:0071248	cellular response to metal ion	200	5	0.7	0.00067	0.007884615384615384	ABCB6, ACER1, ADCY1, ADCY7, ADCY8, ADD1, ADGRV1, AKR1C3, AKT1, ALAD, ALOX15, ALOX5AP, ANK3, AOC1, AQP1, AQP2, ATF4, ATP13A2, ATP7A, B2M, BACE1, BECN1, BMP6, BNIP3, BRAF, CACNA1H, CALR, CAMK2D, CAPN3, CARF, CDH1, CDKN1B, CEBPA, CER1, CHP2, CHUK, CLDN1, CLIC4, CPNE1, CPNE2, CPNE3, CPNE4, CPNE5, CPNE6, CPNE7, CPNE8, CPNE9, CREB1, CRHBP, CYBB, CYP11B1, CYP11B2, CYP1A1, CYP1A2, DAXX, DLG2, DLG4, DMTN, DPEP1, ECT2, EDN1, EEF2K, EGFR, EIF2AK3, EIF2S1, FABP4, FBP1, FOS, FOSB, GLRA1, GLRA2, GPLD1, GSK3A, GUCA1A, GUCA1ANB-GUCA1A, HESX1, HFE, HMOX1, HPCA, HSD17B1, HSF1, HSP90B1, HVCN1, INHBB, IQGAP1, ITPKA, ITPKB, ITPKC, JUN, JUNB, JUND, KCNA1, KCNB1, KCNH1, KCNJ10, KCNK3, KCNQ3, LCE1D, LGMN, LIG4, LRRK2, MAP1LC3A, MAPK1, MAPK3, MAPK8, MAPK9, MCOLN1, MECP2, MEF2A, MEF2C, MMP9, MT1A, MT1B, MT1DP, MT1E, MT1F, MT1G, MT1H, MT1HL1, MT1M, MT1X, MT2A, MT3, MT4, MTF1, MYOG, NCF1, NCSTN, NEK7, NEUROD2, NFATC2, NFATC4, NFE2L2, NLGN1, NPTX1, NQO1, OGG1, P2RX4, PARP1, PKD2, PLCG2, PPIF, PRKAA1, PRKAA2, PRKN, PRNP, PTGS2, RASA4, RASA4B, RASAL1, RASGRP2, RYR1, RYR3, SCN5A, SERPINF1, SHH, SLC11A1, SLC12A2, SLC13A2, SLC13A5, SLC1A1, SLC25A23, SLC25A24, SLC34A1, SLC39A8, SLC41A1, SLFN14, SMPD1, SMPD3, SNCA, STK39, SUMO1, SYT1, SYT10, SYT11, SYT12, SYT13, SYT15, SYT17, SYT2, SYT3, SYT4, SYT5, SYT6, SYT7, SYT8, SYT9, TF, TFAP2A, TFR2, TH, TIGAR, TLR9, TRPM2, TSPO, TUBA1A, UCP2, WNT5A, XRCC4, ZNF658
GO:0000302	response to reactive oxygen species	203	5	0.71	0.00072	0.007884615384615384	ABL1, ADAM9, ADCYAP1R1, ADPRS, AGAP3, AIFM1, AKT1, ANKZF1, APOA4, APOD, APOE, AQP1, AREG, ATM, ATP7A, AXL, BAK1, BCL2, BECN1, BMP7, BNIP3, BTK, CAMKK2, CAPN2, CASP3, CAT, CBX8, CCS, CD36, CDK1, CHUK, COA8, COL1A1, COL6A1, CRK, CRYAB, CRYGD, CYP1B1, DDR2, DHFR, DHFRP1, ECT2, EDN1, EGFR, ERCC6, ERCC6L2, ERN1, EZH2, FABP1, FANCC, FBLN5, FER, FKBP1B, FOS, FOSL1, FOXO3, FOXP1, FXN, FYN, GCH1, GLRX2, GPR37, GPR37L1, GPX1, GSTP1, HBA1, HBA2, HBB, HDAC2, HDAC6, HGF, HIF1A, HMOX1, HP, HSF1, HYAL1, HYAL2, IL18BP, IL18RAP, IL1A, IL6, JUN, KCNA5, KDM6B, KLF2, KLF4, LRRK2, MAP1LC3A, MAP2K4, MAP3K5, MAPK1, MAPK13, MAPK3, MAPK7, MAPK8, MAPK9, MAPT, MB, MDM2, MET, MIR103A1, MIR107, MIR133A1, MIR17, MIR21, MIR34A, MIR92A1, MIRLET7B, MMP2, MMP3, MMP9, MPO, MPV17, MT3, MYB, NCF1, ND5, NET1, NFE2L2, NME8, NOS3, NQO1, NUDT15, OSER1, PARK7, PAWR, PAX2, PCGF2, PCNA, PDCD10, PDGFD, PDGFRA, PDK2, PEX10, PEX12, PEX13, PEX14, PEX2, PEX5, PINK1, PJVK, PKD2, PLEKHA1, PLK3, PPARGC1B, PPIF, PPP1R15B, PPP2CB, PRDX1, PRDX2, PRDX3, PRDX5, PRKAA1, PRKCD, PTK2B, PTPRK, PTPRN, PXN, RACK1, RELA, RHOB, RIPK1, RIPK3, RLIG1, ROMO1, RPS3, S100A7, SCGB1A1, SDC1, SESN1, SESN2, SESN3, SETX, SIRPA, SIRT1, SMPD3, SOD1, SOD2, SOD3, SPHK1, SRC, STAT1, STAT6, STK24, STK25, STK26, TACR1, TNFAIP3, TOP2B, TPM1, TRAP1, TREX1, TRPA1, TRPM2, TXN, TXNIP, TXNRD2, UBE3A, UCP1, UCP2, UCP3, ZNF277, ZNF580
GO:0044344	cellular response to fibroblast growth factor stimulus	116	4	0.41	0.00073	0.007884615384615384	APLN, CCL2, CCL5, CCN2, CD44, CEP57, CHURC1, COL1A1, CPS1, CREB3L1, CRIPTO, CRKL, CTNNB1, CXCL13, CXCL8, DLL4, DSTYK, EGR3, EXT1, EXT2, FAM20C, FGF1, FGF10, FGF16, FGF17, FGF18, FGF19, FGF2, FGF20, FGF21, FGF22, FGF23, FGF3, FGF4, FGF5, FGF6, FGF7, FGF8, FGF9, FGFBP1, FGFBP3, FGFR1, FGFR2, FGFR3, FGFR4, FGFRL1, FIBP, FLRT1, FLRT2, FLRT3, FRS2, FRS3, FUZ, GALNT3, GATA3, GCLC, GCLM, GPC1, GRB2, HHIP, HYAL1, HYAL2, IQGAP1, ITGB1, ITGB1BP1, KDM5B, KIF16B, KL, KLB, LHX1, LRIT3, MIR1-1, MIR146A, MIR149, MIR15A, MIR16-1, MIR339, MIR424, MIR503, MIR573, NDNF, NDST1, NGFR, NOG, NPTN, NR4A1, OTX2, PAX6, POSTN, PRDM14, PRKD2, PTPN11, RAB14, RUNX2, SETX, SFRP1, SHCBP1, SHISA2, SHOC2, SMOC2, SOS1, SPRY1, SPRY2, SPRY3, SPRY4, SULF1, SULF2, TBX1, TBX2, THBS1, TRIM71, WNT4, WNT5A, ZFP36, ZFP36L1, ZFP36L2
GO:0048469	cell maturation	205	5	0.72	0.00075	0.007884615384615384	ABHD2, ACTL6B, ADAM7, ADGRB3, AGRN, AKR1B1, ANG, ANGPTL8, ANKS1A, APP, ASCL1, AURKA, AXL, B4GALT5, B4GALT6, BAP1, BCL11A, BCL2, BFSP1, BFSP2, BHLHA15, BNC1, BRCA2, BRD1, BSPH1, BTK, C1QA, C1QL1, C2CD6, C3, CABYR, CATSPER2, CATSPER3, CATSPER4, CATSPERD, CATSPERE, CATSPERZ, CBFB, CCL19, CCL21, CCR6, CDC25B, CDKN1A, CDKN1C, CEBPA, CFTR, CLEC7A, CLN5, CNTN2, CNTNAP2, CTNNB1, CX3CL1, DAZL, DEFB1, DIAPH3, DLD, DMC1, EDN1, EDNRA, EDNRB, EFCAB9, ELSPBP1, EPAS1, EPB42, EPHA8, EPO, ERCC2, EREG, FAM20C, FAM210B, FARP2, FBXO5, FEM1B, FEV, FGFR1, FGG, FLVCR1, FOXA1, FOXJ1, FOXO3, FUT6, FZD5, G6PD, GATA2, GATA3, GBA1, GDF11, GHRHR, GJA1, GLDN, GPAT4, HDAC6, HEATR3, HES1, HES5, HIF1A, HOXA5, HOXB13, IHH, IL15, IL21, INSL3, IQCF1, KCNB1, KCNE1, KCNIP2, KCNQ3, KDM1A, KDR, KIF14, KLF2, L3MBTL3, LGI4, LHX6, LRRK2, MAEA, MAP3K13, MECP2, MOS, MTCH1, MYOC, NEMP1, NKX6-1, NPPC, NPR2, NR4A2, NRCAM, NTN4, OOSP2, PAEP, PCSK4, PGR, PICK1, PLA2G10, PLA2G3, PLD6, PPARG, PPP2R1A, PRKACA, PTBP3, PTH1R, PTK2B, RAC2, RAC3, RB1, REC8, REN, RET, RFX3, RHEX, RND1, ROPN1, ROPN1B, ROPN1L, RPS6KA2, RUNX2, RXFP2, SCARF1, SCLT1, SEMG1, SEMG2, SHB, SIRT2, SIX3, SLC22A14, SLC26A3, SLC26A6, SLFN14, SMIM45, SOX10, SOX18, SOX8, SPINK1, SPTBN4, SRRM4, TAL1, TBX6, TCP11, TCP11X1, TCP11X2, TDRD1, TDRD5, TDRD6, TDRD7, TDRKH, TFCP2L1, TMEM79, TMIGD1, TMPRSS12, TRIM58, TRIP13, TUBB8, TUSC2, TUT4, TUT7, TYMS, VEGFA, VSX1, WASHC5, WDR77, WEE2, YTHDF2, ZAR1, ZAR1L, ZBTB7A
GO:0061061	muscle structure development	708	9	2.47	0.00076	0.007884615384615384	ACADM, ACTA1, ACTB, ACTC1, ACTG1, ACTL6A, ACTL6B, ACTL8, ACTN1, ACTN2, ACTN3, ACTN4, ACVR1, ADAM12, ADAMTS15, ADAMTS5, ADARB1, ADGRB1, ADGRB3, ADM, ADPRHL1, ADRA1A, AFG3L2, AKAP13, AKAP6, AKIRIN1, AKIRIN2, AKT1, ALPK2, ALPK3, ALX4, ANHX, ANK2, ANKRD1, ANKRD17, ANKRD2, ANKRD23, ANKRD33, APLNR, ARID1A, ARID1B, ARID2, ARID5B, ARK2C, ARRB2, ASB2, ASF1A, ASS1, ATF3, ATG5, ATP11A, ATP2A2, AVPR1A, B4GALNT2, BARX2, BASP1, BCL2, BCL9, BCL9L, BDNF, BHLHA15, BHLHE41, BIN1, BIN3, BMAL1, BMP10, BMP2, BMP4, BMPR1A, BMPR2, BOC, BORCS8-MEF2B, BRD7, BTBD1, BTG1, BTG2, BVES, CACNA1H, CACNA1S, CACNA2D2, CACNB4, CALR, CAMK1, CAPN2, CAPN3, CASP3, CASP7, CASQ1, CAV1, CAV2, CAV3, CAVIN4, CBY1, CCN3, CCNT2, CD164, CD53, CD81, CD9, CDH2, CDK1, CDK5, CDK9, CDON, CEACAM5, CENPF, CFL2, CFLAR, CHD2, CHD7, CHKB, CHODL, CHRNA1, CHRNB1, CHRND, CHUK, CITED2, CMTM5, CNTF, CNTFR, CNTNAP1, COL11A1, COL14A1, COL19A1, COL3A1, COL6A1, COL6A3, COMP, COPRS, COPS2, CREB1, CRYAB, CSRP1, CSRP2, CSRP3, CTDP1, CTF1, CTH, CTNNB1, CXADR, CXCL10, CXCL9, CYP26B1, DAG1, DCANP1, DDIT3, DDX17, DDX5, DES, DISP1, DKK1, DLL1, DLL4, DMD, DMPK, DMRTA2, DNER, DNMT1, DOCK1, DOCK2, DOCK5, DPF3, DSP, DTYMK, DUSP29, DYRK1B, EDN1, EDNRA, EDNRB, EFEMP2, EFNB2, EGLN1, EGR1, EGR2, EGR3, EHD1, EHD2, EID2, EID2B, ELN, EMD, ENG, EOMES, EP300, EPAS1, EPHB1, ERBB3, EREG, ERVFRD-1, ERVW-1, ETV1, EVC, EZH2, FBXO22, FBXO40, FGF10, FGF3, FGF6, FGF8, FGF9, FGFR2, FGFRL1, FHL1, FHL2, FHL3, FHOD3, FKBP1A, FKRP, FKTN, FLII, FLNB, FLNC, FLOT1, FLOT2, FOS, FOXC1, FOXC2, FOXF1, FOXH1, FOXK1, FOXL2, FOXN2, FOXO4, FOXP1, FRG1, FRS2, FXR1, FZD1, FZD2, FZD7, G6PD, GATA4, GATA6, GDF15, GDF3, GJA1, GLMN, GPC1, GPCPD1, GPER1, GPX1, GREM1, GSC, GSK3A, GTF3C5, H1-5, HAND1, HBEGF, HDAC3, HDAC4, HDAC5, HDAC9, HDGFL2, HEG1, HES1, HEY1, HEY2, HEYL, HIF1AN, HINFP, HIRA, HIVEP3, HLF, HLX, HMG20B, HNRNPU, HOMER1, HOPX, HOXA2, HOXD10, HOXD9, HSD17B1, HSPB2, ID2, ID3, IFRD1, IFT20, IGF1, IGF2, IGFBP3, IGFBP5, IGSF8, IL18, IL4R, IRX3, ISL1, ITGA11, ITGA7, ITGA8, ITGB1, ITGB1BP2, JAG1, JAM2, JPH1, JPH2, KAT2A, KAT5, KCNH1, KCNJ8, KDM1A, KDM6B, KEL, KIT, KLF5, KLHL40, KLHL41, KMT5B, KRAS, KRT19, KRT8, KY, LAMA1, LAMA2, LAMA5, LAMB1, LAMB2, LAMC1, LARGE1, LBX1, LBX2, LDB3, LEF1, LEMD2, LGALS1, LIF, LMNA, LMOD1, LMOD2, LMOD3, LOX, LRP2, LRRC10, LRRC27, LRRC8A, LUC7L, MAFF, MAML1, MAMSTR, MAP2K4, MAP3K5, MAPK11, MAPK12, MAPK14, MBNL1, MBNL3, MDM2, MECP2, MED1, MED20, MED28, MEF2A, MEF2B, MEF2C, MEF2D, MEGF10, MEIS1, MEOX2, MESP1, METTL21C, MIR1-1, MIR100, MIR125B1, MIR133A1, MIR133B, MIR140, MIR143, MIR145, MIR15B, MIR18A, MIR195, MIR199A1, MIR199B, MIR19A, MIR19B1, MIR200B, MIR204, MIR206, MIR208A, MIR21, MIR22, MIR221, MIR222, MIR23A, MIR24-1, MIR26A1, MIR34A, MIR424, MIR499A, MIR590, MKX, MMP14, MRTFA, MRTFB, MSC, MSTN, MSX1, MTLN, MTM1, MTOR, MTPN, MYBPC1, MYBPC2, MYBPC3, MYBPH, MYEF2, MYF5, MYF6, MYH11, MYH14, MYH3, MYH6, MYH7, MYH9, MYL11, MYL2, MYL3, MYL6, MYL6B, MYL9, MYLK, MYLK2, MYLK3, MYMK, MYMX, MYO18B, MYOCD, MYOD1, MYOG, MYOM1, MYOM2, MYOM3, MYORG, MYOZ1, MYOZ2, MYPN, NAGLU, NEB, NEBL, NEO1, NEURL1, NEUROG1, NF1, NFATC1, NFATC2, NFATC3, NFATC4, NIBAN2, NID1, NINJ1, NKD1, NKX2-5, NKX2-6, NLN, NMRK2, NOG, NOS1, NOTCH1, NOTCH2, NOTCH4, NOX4, NPHS1, NPNT, NR1D2, NR2F2, NR4A1, NRAP, NRAS, NRG1, NUPR1, OBSCN, OBSL1, OLFM2, OR10J5, P2RX2, PARP2, PAX3, PAX5, PAX7, PAXBP1, PBRM1, PDCD4, PDGFB, PDGFRA, PDGFRB, PDLIM1, PDLIM2, PDLIM3, PDLIM4, PDLIM5, PDLIM7, PGM5, PHF10, PHOX2B, PI16, PIAS1, PIEZO1, PITX1, PKP2, PLCB1, PLD3, PLEC, PLEKHM3, PLEKHO1, PLG, PLPP7, POPDC2, POPDC3, POU4F1, POU6F1, PPARA, PPARD, PPIF, PPP3CA, PPP3CB, PRDM6, PRICKLE1, PRICKLE4, PRKAA1, PRKAR1A, PRKD1, PRKG1, PROX1, PRR14, PTBP1, PTCD2, PTGFRN, QKI, RAMP2, RANBP3L, RARA, RARB, RB1, RBFOX1, RBM24, RBM38, RBM4, RBPJ, RBPMS2, RCAN1, REST, RGS2, RGS4, RHOA, RIPOR2, RORA, RPL3L, RPS6KB1, RYR1, RYR2, S1PR1, SAP30, SCGB3A1, SCN11A, SCX, SDC1, SELENON, SEMA4C, SERP1, SETD3, SFMBT1, SGCA, SGCB, SGCD, SGCE, SGCG, SGCZ, SHH, SHOX2, SIK1, SIRT1, SIRT2, SIRT6, SIX1, SIX4, SKI, SLC8A1, SLC9A1, SMAD1, SMAD3, SMAD4, SMAD7, SMARCA2, SMARCA4, SMARCB1, SMARCC1, SMARCC2, SMARCD1, SMARCD2, SMARCD3, SMARCE1, SMO, SMTN, SMTNL1, SMYD1, SMYD3, SOD2, SORBS2, SORT1, SOSTDC1, SOX11, SOX15, SOX4, SOX6, SOX8, SOX9, SPAG9, SPEG, SPG11, SRA1, SRF, SRI, SRPK3, STAC3, STRA6, SUPT6H, SVIL, SYNE1, SYNPO2L, SYPL2, TAFAZZIN, TAGLN, TANC1, TBX1, TBX18, TBX2, TBX20, TBX3, TBX5, TBXT, TCAP, TCF12, TCF15, TCF21, TCF23, TCF7L2, TEAD4, TGFB1, TGFB2, TGFBR1, TGFBR3, TIFAB, TLL2, TMEM119, TMEM182, TMEM204, TMOD1, TMOD2, TMOD3, TMOD4, TNF, TNFSF14, TNNC1, TNNI1, TNNI3, TNNT1, TNNT2, TNNT3, TOMM70, TPM1, TRIM32, TRIM72, TRIP4, TSC1, TTN, TWIST1, UCHL1, UNC45A, UNC45B, UQCC2, USP19, USP2, UTRN, VAMP5, VAX1, VEGFA, VGLL2, VPS54, VRK3, WDR1, WFIKKN1, WFIKKN2, WNT1, WNT10B, WNT2, WNT3A, WNT4, WNT5A, WNT5B, WT1, XBP1, XIRP2, XK, XKR8, YBX1, YBX3, YY1, ZBED6, ZBTB18, ZBTB42, ZEB1, ZFHX3, ZFP36L1, ZFPM1, ZFPM2, ZMPSTE24, ZNF609, ZNF689, ZNHIT1
GO:0010944	negative regulation of transcription by competitive promoter binding	12	2	0.04	0.00078	0.007884615384615384	BHLHE41, CREB1, DACH1, HDAC2, HDAC4, HHEX, KDM2A, MAD2L2, MUC1, PHB1, SMAD7, TFAP2A
GO:0042045	epithelial fluid transport	12	2	0.04	0.00078	0.007884615384615384	AHCYL1, AQP1, AQP8, CFTR, CLDN18, CSF2, EDN1, EDNRB, ITPR1, SCNN1B, SLC26A6, SLC5A1
GO:0070099	regulation of chemokine-mediated signaling pathway	12	2	0.04	0.00078	0.007884615384615384	CCL5, EDN1, HIF1A, MIR101-1, MIR20A, PADI2, RNF113A, ROBO1, SH2B3, SLIT2, SLIT3, TREM2
GO:0070170	regulation of tooth mineralization	12	2	0.04	0.00078	0.007884615384615384	AMELX, AMTN, ASPN, BCOR, CFTR, DMP1, ENAM, MMP20, ODAPH, SLC4A2, TFAP2A, WNT6
GO:0060537	muscle tissue development	438	7	1.53	0.00082	0.007884615384615384	ABL1, ACADM, ACTA1, ACTC1, ACTN2, ACTN3, ACVR1, ADAMTS9, ADPRHL1, ADRA1A, AKAP13, AKAP6, AKIRIN1, ALDH1A2, ALPK2, ALPK3, ANHX, ANKRD1, ANKRD33, ARID2, ARRB2, ASB2, ATF3, ATG5, B4GALNT2, BARX2, BCL2, BCL9, BCL9L, BIN3, BMAL1, BMP10, BMP2, BMP4, BMP5, BMP7, BMPR1A, BTG2, BVES, CACNA1G, CACNA1S, CALR, CASQ1, CAV1, CAV2, CAV3, CBY1, CCNT2, CDC42, CDK1, CDK5, CDON, CENPF, CFL2, CFLAR, CHD7, CHRNA1, CHRND, CITED2, CNTNAP1, COL11A1, COL14A1, COL19A1, COL3A1, COL6A1, COPS2, CREB1, CSRP1, CSRP2, CSRP3, CTDP1, CTNNB1, CXADR, CYP26B1, DDX17, DDX5, DIPK2A, DKK1, DLG1, DLL1, DLL4, DMD, DMRTA2, DNER, DSG2, DSP, EDN1, EDNRA, EFEMP2, EFNB2, EGLN1, EGR1, EGR2, ELN, EMD, ENG, EOMES, EP300, EPHB1, ERBB3, ERBB4, EYA1, EYA2, FBXO22, FES, FGF2, FGF20, FGF3, FGF8, FGF9, FGFR1, FGFR2, FHL2, FHOD3, FKBP1A, FKRP, FLCN, FLNB, FLOT1, FOS, FOSL2, FOXC1, FOXC2, FOXH1, FOXL2, FOXN2, FOXP1, FRS2, FZD7, G6PD, GATA4, GATA5, GATA6, GJA1, GJA5, GJB6, GJC1, GLI1, GPC1, GPCPD1, GPX1, GREM1, GSK3A, GTF3C5, HAND1, HCN4, HDAC3, HDAC9, HEG1, HEY1, HEY2, HEYL, HIVEP3, HLF, HLX, HMG20B, HNRNPU, HOMER1, HOPX, HOXD10, HOXD9, HSD17B1, ID2, IFRD1, IFT20, IGF1, IGF2, IGFBP5, IGSF8, IHH, IRX3, ISL1, ITGA8, ITGB1, JARID2, JPH2, KAT2A, KCNJ11, KCNJ8, KCNK2, KDM6B, KEL, KLF5, KLHL40, KLHL41, KRAS, LARGE1, LEF1, LEMD2, LMNA, LMOD3, LOX, LRP2, LRRC10, LRRC27, LUC7L, MAFF, MAML1, MAP2K4, MAPK11, MAPK14, MED1, MED20, MEF2A, MEF2C, MEF2D, MEGF10, MEIS1, MEOX2, MESP1, METTL21C, MIR1-1, MIR143, MIR145, MIR17HG, MIR195, MIR199A1, MIR199B, MIR19A, MIR19B1, MIR200B, MIR204, MIR208A, MIR222, MIR23A, MIR24-1, MIR25, MIR499A, MIR509-1, MIR548C, MIR590, MIR873, MRTFB, MSC, MSTN, MSX1, MSX2, MTM1, MTOR, MTPN, MYBPC3, MYF5, MYF6, MYH11, MYH14, MYH6, MYH7, MYL11, MYL2, MYL3, MYL6, MYL6B, MYL7, MYLK, MYLK2, MYLK3, MYO18B, MYOCD, MYOD1, MYOG, MYOM1, MYOM2, MYORG, MYOZ1, MYOZ2, NAGLU, NDRG4, NDUFV2, NEB, NEBL, NEURL1, NF1, NIBAN2, NKX2-5, NKX2-6, NLN, NOG, NOTCH1, NOTCH2, NOX4, NPHS1, NPPA, NPPB, NPR2, NPRL3, NR1D2, NR2F2, NR4A1, NRAP, NRG1, NUPR1, OBSL1, OSR1, P2RX2, PARP2, PAX5, PDGFRA, PDGFRB, PDLIM5, PGM5, PHOX2B, PI16, PIM1, PITX1, PKD2, PKP2, PLEC, PLN, POGLUT1, POPDC2, POPDC3, POU4F1, PPARA, PPARGC1A, PPIF, PPP1R13L, PPP3CA, PPP3CB, PRICKLE1, PRKAA1, PRKAR1A, PRKG1, PRMT1, PROX1, PTCD2, PTCH1, RARA, RARB, RB1, RBFOX1, RBM24, RBP4, RBPJ, RCAN1, RGS2, RGS4, RHOA, RPL3L, RPS6KB1, RUNX1, RYR1, RYR2, S1PR1, SAP30, SAV1, SCN5A, SCX, SELENON, SEMA3C, SGCB, SGCD, SGCG, SGCZ, SHH, SHOX2, SIK1, SIRT2, SIRT6, SIX1, SIX4, SKI, SLC8A1, SLC9A1, SMAD1, SMAD3, SMAD4, SMAD5, SMAD7, SMO, SMYD1, SORBS2, SOX11, SOX15, SOX6, SOX8, SOX9, SPG11, SRF, SRPK3, STAC3, STRA6, SVIL, SYNE1, TAFAZZIN, TBX1, TBX18, TBX2, TBX20, TBX3, TBX5, TCAP, TCF21, TENM4, TFAP2B, TGFB1, TGFB2, TGFBR1, TGFBR3, TIPARP, TLL2, TNN, TNNC1, TNNI1, TNNI3, TNNT2, TOMM70, TP73, TPM1, TREX1, TSC1, TTN, TWIST1, UQCC2, USP19, VAMP5, VAX1, VEGFA, VGLL2, VGLL4, VPS54, VRK3, WNT10B, WNT2, WNT3A, WNT5A, WT1, XIRP2, XK, YAP1, YBX3, YY1, ZBTB18, ZFAND5, ZFPM1, ZFPM2, ZIC3, ZMPSTE24, ZNF689
GO:0002066	columnar/cuboidal epithelial cell development	53	3	0.19	0.00084	0.007884615384615384	AKT1, BAD, BHLHA15, BMAL1, BMP4, BMP5, BMP6, C1GALT1, CDH2, CDK6, CDKN1A, CLOCK, DLL1, FASN, FZD5, GATA2, GDF11, GJA1, GPAT4, GSK3A, GSK3B, HIF1A, HOXA5, IL6ST, INSM1, KLF5, MIR29B1, MIR541, NKX2-2, NKX3-2, NKX6-1, PAX6, PDPK1, PGR, PRDM1, RARA, RARB, RARG, RFX3, RHEB, ROS1, SIDT2, SLC9A4, SMO, SPDEF, SRC, TIGAR, TLR9, TMIGD1, TYMS, WNT5A, YAP1, YIPF6
GO:0030326	embryonic limb morphogenesis	122	4	0.43	0.00088	0.007884615384615384	ACD, AFF3, ALDH1A2, ALX3, ALX4, B9D1, BAX, BCL2L11, BMP4, BMP7, BMPR1A, BPNT2, C2CD3, CACNA1C, CHD7, CHST11, CRABP2, CREBBP, CTNNB1, CYP26B1, DKK1, DLX5, DLX6, DYNC2H1, ECE1, EN1, FBN2, FBXW4, FGF4, FGF8, FGF9, FGFR1, FLVCR1, FRAS1, FREM2, FZD6, GDF5, GJA1, GLI3, GNA12, GPC3, GREM1, GRHL2, HAND2, HDAC1, HDAC2, HOXA10, HOXA11, HOXA13, HOXA9, HOXC10, HOXC11, HOXD10, HOXD12, HOXD13, HOXD9, IFT122, IFT140, IFT52, IHH, INTU, LEF1, LMBR1, LNPK, LRP4, LRP5, MAP3K20, MBNL1, MED1, MEGF8, MKS1, MSX1, MSX2, MYH3, NIPBL, NOG, NOTCH1, NOTCH2, OSR1, OSR2, PBX1, PBX2, PITX1, PRICKLE1, PRRX1, PSEN1, PTCH1, RARB, RARG, RDH10, RECK, RPGRIP1L, RSPO2, RUNX2, SALL1, SALL4, SFRP2, SHH, SHOX2, SKI, SMAD4, SP8, SP9, TBC1D32, TBX2, TBX3, TBX4, TBX5, TFAP2A, TGFB2, TMEM107, TMEM231, TP63, TULP3, TWIST1, WDPCP, WDR19, WNT3, WNT5A, WNT7A, ZBTB16, ZNF358
GO:0035113	embryonic appendage morphogenesis	122	4	0.43	0.00088	0.007884615384615384	ACD, AFF3, ALDH1A2, ALX3, ALX4, B9D1, BAX, BCL2L11, BMP4, BMP7, BMPR1A, BPNT2, C2CD3, CACNA1C, CHD7, CHST11, CRABP2, CREBBP, CTNNB1, CYP26B1, DKK1, DLX5, DLX6, DYNC2H1, ECE1, EN1, FBN2, FBXW4, FGF4, FGF8, FGF9, FGFR1, FLVCR1, FRAS1, FREM2, FZD6, GDF5, GJA1, GLI3, GNA12, GPC3, GREM1, GRHL2, HAND2, HDAC1, HDAC2, HOXA10, HOXA11, HOXA13, HOXA9, HOXC10, HOXC11, HOXD10, HOXD12, HOXD13, HOXD9, IFT122, IFT140, IFT52, IHH, INTU, LEF1, LMBR1, LNPK, LRP4, LRP5, MAP3K20, MBNL1, MED1, MEGF8, MKS1, MSX1, MSX2, MYH3, NIPBL, NOG, NOTCH1, NOTCH2, OSR1, OSR2, PBX1, PBX2, PITX1, PRICKLE1, PRRX1, PSEN1, PTCH1, RARB, RARG, RDH10, RECK, RPGRIP1L, RSPO2, RUNX2, SALL1, SALL4, SFRP2, SHH, SHOX2, SKI, SMAD4, SP8, SP9, TBC1D32, TBX2, TBX3, TBX4, TBX5, TFAP2A, TGFB2, TMEM107, TMEM231, TP63, TULP3, TWIST1, WDPCP, WDR19, WNT3, WNT5A, WNT7A, ZBTB16, ZNF358
GO:0071389	cellular response to mineralocorticoid stimulus	13	2	0.05	0.00091	0.007884615384615384	ACE, AIFM1, EDN1, FOXO3, GPER1, IGF1R, NPAS4, RAN, SCNN1A, SCNN1B, SCNN1D, SCNN1G, SGK1
GO:0071774	response to fibroblast growth factor	124	4	0.43	0.00093	0.007884615384615384	APLN, CASR, CCL2, CCL5, CCN2, CD44, CEP57, CHURC1, COL1A1, CPS1, CREB3L1, CRIPTO, CRKL, CTNNB1, CXCL13, CXCL8, DLL4, DSTYK, EGR3, ELK1, EXT1, EXT2, FAM20C, FGF1, FGF10, FGF16, FGF17, FGF18, FGF19, FGF2, FGF20, FGF21, FGF22, FGF23, FGF3, FGF4, FGF5, FGF6, FGF7, FGF8, FGF9, FGFBP1, FGFBP3, FGFR1, FGFR2, FGFR3, FGFR4, FGFRL1, FIBP, FLRT1, FLRT2, FLRT3, FRS2, FRS3, FUZ, GALNT3, GATA3, GCLC, GCLM, GPC1, GRB2, HHIP, HYAL1, HYAL2, IER2, IQGAP1, ITGB1, ITGB1BP1, KCNC1, KDM5B, KIF16B, KL, KLB, LHX1, LRIT3, MIR1-1, MIR146A, MIR149, MIR15A, MIR16-1, MIR339, MIR424, MIR503, MIR573, NDNF, NDST1, NGFR, NOG, NPR2, NPTN, NR4A1, OTX2, PAX6, POSTN, PRDM14, PRKD2, PTH, PTPN11, RAB14, RUNX2, SCGB1A1, SETX, SFRP1, SHCBP1, SHISA2, SHOC2, SMOC2, SOS1, SPRY1, SPRY2, SPRY3, SPRY4, SULF1, SULF2, TBX1, TBX2, THBS1, TNC, TRIM71, WNT4, WNT5A, ZFP36, ZFP36L1, ZFP36L2
GO:1901654	response to ketone	217	5	0.76	0.00097	0.007884615384615384	A2M, AANAT, ABCB4, ABHD2, ACACA, ACE, ACOD1, ADAM15, ADCY1, ADCY2, ADCY3, ADCY5, ADCY6, ADCY8, AHR, AIFM1, AKAP8, AKR1C2, AKR1C3, AKT1, AQP1, AR, ASS1, ATP5F1A, AVP, AVPR1A, AXIN2, BCL2L1, BGLAP, CA9, CAD, CALR, CARD9, CASP9, CAV1, CBL, CCL19, CCL21, CCR7, CD38, CDA, CDK4, CDKN1A, CFLAR, CFTR, CLDN1, CLDN4, COMT, CPS1, CREB1, CRH, CSN1S1, CYBB, CYP1B1, DDIT4, DEFB104A, DEFB104B, DSG1, DSG2, EDN1, EFNA5, EGFR, EIF4E, ELK1, EPO, ERRFI1, F5, F7, FBP1, FBXO32, FDX1, FECH, FIBIN, FOS, FOSB, FOSL1, FOXO3, FOXP1, FOXP3, GABRB1, GAS6, GBA1, GHSR, GJB2, GLB1, GNAI1, GNB1, GNG2, GOLPH3, GPI, HDAC6, HMGCS2, HNRNPD, HOXA10, HOXA11, HOXA13, HOXA9, HOXB13, HOXD13, HPCA, HSD3B1, HSD3B2, HSF1, IGF1R, IGFBP7, INHBA, ITGAM, JAK2, KCNJ11, KLF2, KLF4, KLF9, LARP1, LIPA, MAOB, MAP4K1, METTL21C, MIR342, MSN, MSTN, MTAP, NASP, NCF1, NCOA1, NCOA2, NCOA4, NEFL, NKX2-2, NKX3-1, NPAS4, NQO1, NR1H3, NR3C1, OXTR, P2RY4, P2RY6, PAPPA, PARK7, PARP1, PAX6, PCK1, PCK2, PCNA, PIK3CA, POSTN, PPP1R9B, PRKAA1, PRKAA2, PRKCE, PRKD1, PSPH, PTAFR, PTGDR, PTGER2, PTGER4, PTGFR, PTPRC, RELA, ROCK2, RPL27, RPS6KB1, RWDD1, SCN11A, SCNN1A, SCNN1B, SCNN1D, SCNN1G, SERPINF1, SFRP1, SGK1, SH3RF1, SIN3A, SIRT1, SLC12A3, SLC39A9, SLC5A5, SLIT2, SLIT3, SMYD3, SOX10, SP1, SPHK2, SPP1, SRC, SRD5A1, SRD5A2, SREBF1, STK39, TACR1, TAT, TBX2, TBXA2R, TFAP4, TGFB1, TGFB2, TGFB3, TGFBR3, TH, THBS1, TLR2, TNC, TNFSF4, TRERF1, TSPO, TXNIP, TYMS, UBE3A, UCN3, UCP1, UCP2, UCP3, UGT3A2, USP8, VPS54, WBP2, XRN1, YAP1
GO:0042471	ear morphogenesis	127	4	0.44	0.00102	0.007884615384615384	ALDH1A3, ANKRD24, ATOH1, ATP6V1B1, ATP8A2, BCR, BLOC1S5, CDH23, CEP290, CHD7, CHRNA10, CHRNA9, CLRN1, CLRN2, COL11A1, COL2A1, CTHRC1, DCANP1, DLX5, DLX6, DVL1, DVL2, EDN1, EDNRA, EPHB2, EYA1, FGF10, FGF8, FGF9, FGFR1, FGFR2, FOXG1, FOXI1, FRZB, FZD2, FZD3, FZD6, GATA2, GATA3, GBX2, GJB6, GRHL3, GRXCR2, GSC, HESX1, HMX2, HMX3, HOXA1, HOXA2, HPN, INSIG1, INSIG2, ITGA8, KCNQ1, KCNQ4, LHFPL5, LRIG1, LRIG3, MAFB, MAPK1, MAPK3, MSX1, MYO15A, MYO3A, MYO3B, MYO6, MYO7A, NAGLU, NEUROG1, NHERF1, NIPBL, NKX3-2, NOG, NTN1, OSR1, OSR2, OTOP1, OTX1, PAX2, PAX8, PDZD7, PLS1, POU3F4, POU4F3, PRKRA, PROX1, PRRX1, PTK7, RPL38, SCRIB, SEC24B, SIX1, SIX2, SIX4, SLC44A4, SLITRK6, SOBP, SOD1, SOX9, SPRY2, STOX1, STRC, TBX1, TBX18, TBX2, TBX3, TCAP, TECTA, TFAP2A, TIFAB, TMIE, TPRN, TRIOBP, TSHZ1, TTC39C, TWIST1, USH1C, USH1G, WDPCP, WDR19, WHRN, WNT1, WNT3A, WNT5A, ZEB1, ZIC1, ZIC3
GO:0048568	embryonic organ development	455	7	1.59	0.00103	0.007884615384615384	A2M, ACVR1, ADA, ADM, AHI1, AKT1, ALDH1A2, ALDH1A3, ALX1, ALX3, ALX4, ANKRD24, APELA, APLNR, ARID2, ARL13B, ARNT, ASB2, ASCL2, ATF4, ATOH1, ATP6V1B1, ATP8A2, BBS5, BBS7, BCR, BIRC6, BLOC1S5, BMI1, BMP4, BMP5, BMP7, BMPR1A, BPTF, C2CD3, CASP8, CC2D2A, CCDC103, CCDC134, CCDC39, CCDC40, CCN1, CDC40, CDC42, CDH23, CDK20, CDKN1C, CDX2, CDX4, CEBPA, CEBPB, CEP290, CHD7, CHRNA10, CHRNA9, CHST11, CIMAP3, CITED1, CITED2, CLRN1, CLRN2, CLUAP1, COBL, COL11A1, COL18A1, COL27A1, COL2A1, CRB2, CSF2, CTHRC1, CTNNB1, CXCL8, DCANP1, DLG1, DLL1, DLX2, DLX5, DLX6, DNAAF1, DNAJB6, DSCAML1, DVL1, DVL2, DYNC2I1, E2F7, E2F8, ECE1, EDN1, EDNRA, EFEMP1, EFNA1, EGFR, EGLN1, EIF4A3, EN1, EN2, ENG, EOMES, EPAS1, EPHA2, EPHB2, EPN1, ERCC1, ERCC2, ERCC3, EYA1, FBN1, FBN2, FBXW8, FGF10, FGF8, FGF9, FGFR1, FGFR2, FLT3LG, FLVCR1, FOLR1, FOXC1, FOXC2, FOXE1, FOXF1, FOXF2, FOXG1, FOXH1, FOXI1, FOXL2, FOXN4, FRS2, FRZB, FUZ, FZD2, FZD3, FZD5, FZD6, GATA1, GATA2, GATA3, GATA4, GBX2, GCM1, GDF3, GDNF, GGNBP2, GJA1, GJB5, GJB6, GLI1, GLI2, GLI3, GRB2, GRHL2, GRHL3, GRXCR2, GSC, HAND1, HAND2, HES1, HESX1, HEY1, HEY2, HIF1A, HIPK1, HIPK2, HLX, HMX2, HMX3, HNF1B, HOXA1, HOXA11, HOXA2, HOXA3, HOXA4, HOXA5, HOXA7, HOXA9, HOXB1, HOXB2, HOXB3, HOXB4, HOXB5, HOXB6, HOXB7, HOXB8, HOXB9, HOXC11, HOXC4, HOXC9, HOXD10, HOXD3, HOXD4, HOXD9, HPN, HS6ST1, HSCB, HYAL1, ID2, ID3, IFT122, IFT140, IFT172, IFT52, IFT57, IGF2, IHH, IL10, IL3, INSIG1, INSIG2, IRX5, ITGA8, JUNB, KCNQ1, KCNQ4, KDM2B, KDR, KIT, KITLG, KMT2A, KRT19, KRT8, LBX1, LEF1, LHFPL5, LHX1, LIF, LRIG1, LRIG3, MAFB, MAP2K1, MAPK1, MAPK3, MBD3, MDFI, MED1, MED12, MEF2C, MEGF8, MESP1, MFAP2, MFAP5, MIB1, MICAL2, MKKS, MKS1, MMP14, MMP16, MSX1, MTHFD1, MTHFD1L, MYF5, MYO15A, MYO3A, MYO3B, MYO6, MYO7A, NAGLU, NCOA1, NDRG4, NDST1, NES, NEUROD1, NEUROG1, NHERF1, NIPBL, NKX2-5, NKX2-6, NKX3-2, NODAL, NOG, NOTCH1, NOTCH2, NOTO, NPHP3, NR2F2, NSDHL, NTN1, OSR1, OSR2, OTOP1, OTX1, OVOL2, PALB2, PAX2, PAX5, PAX6, PAX8, PBX1, PBX2, PBX3, PBX4, PCDH12, PCGF2, PCSK5, PDGFA, PDGFB, PDGFRA, PDZD7, PHACTR4, PHLDA2, PITX2, PKD1, PKD2, PKDCC, PLCD3, PLG, PLK4, PLS1, PLXNA4, POLE, POU3F4, POU4F3, PPIL1, PPP1R13L, PPP1R35, PRDM1, PRICKLE1, PRKRA, PROX1, PRRX1, PSEN1, PTCH1, PTK7, RAD23B, RARA, RARB, RARG, RARRES2, RBBP6, RBP4, RBPJ, RBPMS2, RDH10, RNF112, RNF207, RPL10, RPL38, RSPO3, RUNX2, RYR2, SALL1, SATB2, SCRIB, SCT, SEC24B, SETD2, SETDB2, SH2B3, SHH, SHOX2, SIX1, SIX2, SIX3, SIX4, SLC39A1, SLC39A3, SLC44A4, SLITRK6, SMAD2, SMAD3, SMO, SNAI1, SOBP, SOCS3, SOD1, SOX11, SOX15, SOX17, SOX18, SOX9, SP3, SPINT1, SPINT2, SPRY2, SRF, ST14, STIL, STK3, STK4, STOX1, STRA6, STRC, SUFU, SYF2, TAF10, TAL1, TBC1D23, TBX1, TBX15, TBX18, TBX2, TBX20, TBX3, TBX4, TBX6, TCAP, TCF21, TEAD1, TEAD2, TEAD3, TEAD4, TECTA, TFAP2A, TFEB, TGFB1, TGFB2, TGFB3, TGFBR1, TGFBR2, TH, THOC5, TIFAB, TMED2, TMIE, TNF, TP53, TPO, TPRN, TRA2B, TRIM28, TRIOBP, TSHZ1, TTC39C, TTPA, TUBB2B, TULP3, TWIST1, USH1C, USH1G, UTP25, VANGL2, VASH1, VASH2, VAX2, VEGFA, VPS52, WDPCP, WDR19, WDR48, WHRN, WNT1, WNT11, WNT16, WNT2, WNT3A, WNT5A, WNT7B, WNT9B, YAP1, ZEB1, ZFP36L1, ZFPM1, ZFPM2, ZIC1, ZIC3, ZNF568
GO:0002069	columnar/cuboidal epithelial cell maturation	14	2	0.05	0.00107	0.007884615384615384	BHLHA15, CDKN1A, FZD5, GATA2, GDF11, GJA1, GPAT4, HIF1A, HOXA5, NKX6-1, PGR, RFX3, TMIGD1, TYMS
GO:1904321	response to forskolin	14	2	0.05	0.00107	0.007884615384615384	ADCY1, ADCY2, ADCY3, ADCY5, ADCY6, ADCY8, AHR, CFTR, CREB1, EFNA5, FDX1, GNAI1, MIR342, SLC5A5
GO:1904322	cellular response to forskolin	14	2	0.05	0.00107	0.007884615384615384	ADCY1, ADCY2, ADCY3, ADCY5, ADCY6, ADCY8, AHR, CFTR, CREB1, EFNA5, FDX1, GNAI1, MIR342, SLC5A5
GO:0043583	ear development	223	5	0.78	0.00109	0.007884615384615384	ADAM10, ADGRV1, AHI1, ALDH1A3, ANKRD24, ANP32B, ATG4B, ATG5, ATOH1, ATP6V1B1, ATP8A2, ATP8B1, BCL2, BCL2L11, BCR, BLOC1S5, BMP2, BMP4, BMP5, BMPER, C1QTNF5, CALB1, CCM2, CCNA2, CDH23, CDKN1B, CEBPA, CEBPD, CECR2, CEP290, CHD7, CHRNA10, CHRNA9, CLRN1, CLRN2, COL11A1, COL2A1, CTHRC1, CYTL1, DCANP1, DCHS1, DDR1, DIAPH3, DLL1, DLX5, DLX6, DVL1, DVL2, ECE1, EDN1, EDNRA, EPHA4, EPHB2, ESRP1, ESRRB, EYA1, EYA4, FGF10, FGF2, FGF20, FGF8, FGF9, FGFR1, FGFR2, FOXG1, FOXI1, FREM2, FRZB, FZD2, FZD3, FZD6, GABRA5, GABRB2, GATA2, GATA3, GBX2, GJB2, GJB6, GLI3, GRHL3, GRXCR1, GRXCR2, GSC, GSDME, HES1, HES5, HESX1, HEY2, HMX2, HMX3, HOXA1, HOXA13, HOXA2, HPCA, HPN, IFT20, IFT27, IFT88, INSIG1, INSIG2, ITGA8, JAG1, JAG2, KCNK2, KCNK3, KCNQ1, KCNQ4, LGR5, LHFPL5, LHX3, LIN7A, LRIG1, LRIG3, LRP10, MAF, MAFB, MAPK1, MAPK3, MAPKAPK2, MCM2, MCOLN3, MKS1, MPV17, MSX1, MYCL, MYO15A, MYO3A, MYO3B, MYO6, MYO7A, NAGLU, NEUROD1, NEUROG1, NHERF1, NIPBL, NKX3-2, NOG, NOTCH1, NOX3, NTN1, OC90, OSR1, OSR2, OTOL1, OTOP1, OTX1, PAFAH1B1, PAX2, PAX8, PCDH15, PDZD7, PHOX2B, PI4KB, PJVK, PLPPR4, PLS1, POU3F4, POU4F3, PRKRA, PROX1, PRRX1, PTK7, PTPN11, RBPJ, RDH10, ROR1, RPGRIP1L, RPL38, SCRIB, SDC4, SEC24B, SHH, SHROOM2, SIX1, SIX2, SIX4, SLC17A8, SLC25A27, SLC26A5, SLC44A4, SLC4A7, SLITRK6, SOBP, SOD1, SOX2, SOX9, SPRY2, STOX1, STRA6, STRC, TBX1, TBX18, TBX2, TBX3, TCAP, TCF15, TECTA, TFAP2A, TGFB2, TGFB3, TIFAB, TMC1, TMIE, TPRN, TRIOBP, TRIP11, TSHZ1, TSKU, TTC39C, TTC8, TWIST1, USH1C, USH1G, USH2A, WDPCP, WDR19, WHRN, WNT1, WNT3A, WNT5A, ZEB1, ZIC1, ZIC3
GO:0071363	cellular response to growth factor stimulus	747	9	2.61	0.00111	0.007884615384615384	ABL1, ACAP2, ACTA2, ACVR1, ACVR1B, ACVR1C, ACVR2A, ACVR2B, ACVRL1, ADAM17, ADAM9, ADAMTS12, ADAMTS3, ADAMTS7, ADAMTSL2, ADGRA2, ADISSP, AGT, AGTR2, AKT1, AKT1S1, AMHR2, ANGPT2, ANKRD1, ANXA1, APAF1, APLN, APPL1, APPL2, ARF6, ARID4A, ARID4B, ARK2C, ARNT, ARPC3, ARRB2, ASPN, ATF2, ATP2B4, ATP7A, AXIN1, BAG4, BAIAP2, BAMBI, BCAR1, BCL9L, BDNF, BECN1, BGLAP, BMP10, BMP2, BMP4, BMP5, BMP6, BMP7, BMPER, BMPR1A, BMPR1B, BMPR2, BPTF, BRAF, BRMS1, BRMS1L, CAD, CADM4, CALCA, CASK, CASP3, CASR, CAT, CAV1, CAV2, CAV3, CBL, CCBE1, CCL2, CCL5, CCN1, CCN2, CCNA2, CD109, CD44, CD63, CDH3, CDH5, CDKN1C, CDKN2B, CEP57, CER1, CFLAR, CHRD, CHRDL1, CHRDL2, CHST11, CHURC1, CIB1, CIDEA, CILP, CITED1, CITED2, CLDN1, CLDN5, CLEC3B, COL1A1, COL1A2, COL2A1, COL3A1, COL4A2, COMP, CORO1A, CORO1B, CPNE3, CPS1, CRB2, CREB1, CREB3L1, CREBBP, CRIM1, CRIPTO, CRK, CRKL, CSNK1D, CSNK1E, CSTF2, CTDSPL2, CTNNB1, CTSK, CX3CR1, CXCL13, CXCL8, CYFIP1, CYFIP2, DAB2, DAB2IP, DAND5, DCN, DCSTAMP, DDIT4, DDR2, DDX5, DKK1, DKK3, DLL1, DLL4, DLX1, DLX3, DLX5, DNM3OS, DOCK3, DOK5, DSG4, DSTYK, DTYMK, DUSP22, DUSP3, DYNC1LI2, EDN1, EEF1A1, EEF2K, EGFR, EGR1, EGR3, EHD1, EHD4, EID2, EIF4A3, ELAPOR2, ELAVL4, EMD, EMILIN1, ENG, EP300, EPB41L5, EPN2, ERBB2, ERBB4, ERN1, ETV2, EXT1, EXT2, FAM20C, FAM83G, FAM89B, FBN1, FBN2, FBXL15, FBXW7-AS1, FERMT1, FERMT2, FEZ1, FGF1, FGF10, FGF16, FGF17, FGF18, FGF19, FGF2, FGF20, FGF21, FGF22, FGF23, FGF3, FGF4, FGF5, FGF6, FGF7, FGF8, FGF9, FGFBP1, FGFBP3, FGFR1, FGFR2, FGFR3, FGFR4, FGFRL1, FIBP, FKBP1A, FKBP8, FLCN, FLRT1, FLRT2, FLRT3, FLT1, FLT3, FLT4, FMOD, FNTA, FOLR1, FOS, FOXC1, FOXD1, FOXH1, FOXO3, FRS2, FRS3, FSHB, FST, FSTL1, FSTL3, FSTL4, FSTL5, FURIN, FUT8, FUZ, FYN, FZD1, FZD4, GAB1, GALNT3, GAREM1, GAS1, GAS6, GATA3, GATA4, GATA5, GATA6, GCLC, GCLM, GCNT2, GDF10, GDF15, GDF2, GDF3, GDF5, GDF6, GDF7, GDF9, GFRA1, GIPC1, GLG1, GPC1, GPC3, GPR155, GRB10, GRB2, GREM1, GREM2, GRIA1, HAP1, HAS1, HAS2, HDAC1, HDAC2, HES1, HES5, HEYL, HFE, HGF, HGS, HHEX, HHIP, HIF1A, HIPK2, HIVEP1, HJV, HOXA13, HPGD, HRG, HSP90AB1, HSPA1A, HSPA5, HSPB1, HTRA1, HTRA2, HTRA3, HTRA4, HYAL1, HYAL2, IBSP, ID1, IGF1R, IL10, IL12A, IL12B, IL17F, IL17RD, IL1B, IL4, ILK, ING1, ING2, INPP5K, INSR, INTS9, IQGAP1, ITGA3, ITGA5, ITGA8, ITGB1, ITGB1BP1, ITGB3, ITGB5, ITGB6, ITGB8, JCAD, JUN, KAT2A, KCP, KDM5B, KDR, KIDINS220, KIF16B, KL, KLB, KLF4, KMT2A, KNSTRN, LATS1, LATS2, LDLRAD4, LEF1, LEFTY1, LEMD3, LGMN, LHX1, LIMS1, LOX, LPXN, LRG1, LRIT3, LRP2, LRP8, LRRC32, LTBP1, LTBP2, LTBP3, LTBP4, MAGI2, MAP1B, MAP2K3, MAP2K5, MAP3K7, MAPK14, MAPK3, MAPK7, MAPKAPK2, MAPT, MARS1, MDM2, MED1, MEF2C, MEGF8, MEN1, MICOS10-NBL1, MIR1-1, MIR100, MIR101-1, MIR106A, MIR10A, MIR10B, MIR1224, MIR125B1, MIR1298, MIR130A, MIR140, MIR142, MIR145, MIR146A, MIR149, MIR15A, MIR15B, MIR16-1, MIR17, MIR181A2, MIR183, MIR18A, MIR195, MIR196A1, MIR199A1, MIR199B, MIR19A, MIR19B1, MIR200C, MIR204, MIR20A, MIR21, MIR210, MIR212, MIR214, MIR23A, MIR26A1, MIR27A, MIR27B, MIR296, MIR29B1, MIR302B, MIR302C, MIR30A, MIR30B, MIR323A, MIR329-1, MIR339, MIR342, MIR361, MIR372, MIR373, MIR376C, MIR424, MIR4632, MIR497, MIR498, MIR503, MIR520C, MIR564, MIR573, MIR885, MIR9-1, MIR93, MIR98, MIRLET7A1, MIRLET7B, MIRLET7F1, MIRLET7G, MMRN2, MSTN, MSX1, MSX2, MT1G, MT3, MTMR4, MTSS2, MYO1C, MYOCD, MYOG, NBL1, NCL, NDN, NDNF, NDP, NDST1, NEDD4, NEO1, NFATC1, NFIA, NFKBIZ, NGF, NGFR, NIBAN2, NKX2-1, NLK, NODAL, NOG, NOS1, NOTCH1, NOTCH2, NPNT, NPTN, NR3C1, NR4A1, NREP, NRP1, NRP2, NRROS, NTF3, NTF4, NTRK1, NTRK2, NTRK3, NUMA1, NUS1, OGT, ONECUT1, ONECUT2, OPRD1, OTX2, OVOL2, PAK2, PALS1, PARP1, PAX2, PAX6, PAX9, PBLD, PCSK6, PDCD4, PDCD5, PDCD6, PDE2A, PDE3A, PDE8A, PDGFB, PDGFD, PDGFRA, PDGFRB, PDPK1, PEG10, PELO, PENK, PGF, PHOX2B, PIK3CA, PIK3CB, PIK3CD, PIN1, PITX3, PLCG1, PLK5, PMEPA1, PML, POSTN, PPARA, PPARG, PPM1A, PPP1R9B, PPP2R5B, PRDM14, PRDM16, PRKCB, PRKD1, PRKD2, PRMT1, PSG9, PTK2, PTP4A3, PTPN1, PTPN11, PTPN12, PTPRK, PXN, RAB14, RAB35, RACK1, RAF1, RAMP2, RAP1A, RAP1GAP, RAPGEF1, RAPGEF2, RASL11B, RBBP4, RBBP7, RBPJ, RBPMS2, RDX, RELA, RGMA, RGMB, RIPK1, RNF111, ROBO1, RPS6KB1, RUNX2, SAP130, SAP30, SAP30L, SCUBE3, SCX, SDCBP, SEMA6A, SETX, SFRP1, SFRP2, SFRP4, SH3GL2, SHC1, SHCBP1, SHISA2, SHOC2, SIN3A, SINHCAF, SIRT1, SKI, SKIL, SKOR1, SKOR2, SLC2A10, SLC39A5, SLC4A7, SLIT2, SMAD1, SMAD2, SMAD3, SMAD4, SMAD5, SMAD5-AS1, SMAD6, SMAD7, SMAD9, SMOC2, SMPD3, SMURF1, SMURF2, SNAI2, SNW1, SNX25, SNX6, SORL1, SORT1, SOS1, SOST, SOSTDC1, SOX11, SOX5, SOX6, SOX9, SPART, SPHK1, SPINT1, SPINT2, SPRED1, SPRED2, SPRED3, SPRY1, SPRY2, SPRY3, SPRY4, SRC, SRD5A1, STAT3, STAT5B, STK11, STK16, STMN2, STRAP, STUB1, SUDS3, SULF1, SULF2, SYAP1, TAB1, TAC1, TBX1, TBX2, TBX20, TET1, TFAP2B, TGFB1, TGFB1I1, TGFB2, TGFB3, TGFBR1, TGFBR2, TGFBR3, TGFBR3L, TGFBRAP1, TGIF1, TH, THBS1, TLR4, TMEM100, TMEM108, TMEM204, TMEM53, TMPRSS6, TNFAIP6, TNFRSF1B, TNXB, TOB1, TP53, TRIM33, TRIM71, TRPV1, TSC22D1, TWF2, TWIST1, TWSG1, UBE2D1, UBE2D3, UBE2O, UBE3A, URI1, USP15, USP8, USP9X, USP9Y, VASN, VCAM1, VEGFA, VEGFB, VEGFC, VEGFD, VEPH1, VIL1, VSTM2A, VTN, VWC2, VWC2L, WASF1, WFIKKN1, WFIKKN2, WNT1, WNT10A, WNT2, WNT4, WNT5A, WNT7A, WWOX, XCL1, XDH, XIAP, YES1, ZBTB7A, ZDHHC17, ZEB1, ZEB2, ZFP36, ZFP36L1, ZFP36L2, ZFYVE27, ZFYVE9, ZMIZ1, ZNF423, ZNF451, ZNF703, ZNF8, ZPR1, ZYX
GO:0010921	regulation of phosphatase activity	59	3	0.21	0.00115	0.007884615384615384	AGTR2, BMP2, BOD1, CALM1, CALM2, CALM3, CD300A, CD33, CDK5RAP3, CHP1, CHP2, CRY2, FCRL3, FKBP1A, FKBP1B, GNA12, GPLD1, GSK3B, HSP90AB1, HSP90B1, HTT, IFNG, IKBKB, ITGA1, LGALS3, MAGI2, MASTL, MEF2C, MGAT5, MTMR9, MTOR, NCKAP1L, NUAK1, PDGFRB, PLEK, PPP1R12A, PPP1R14D, PPP1R15A, PPP1R15B, PPP1R17, PPP1R1B, PPP1R2, PPP1R2B, PPP1R2C, PPP1R2P1, PPP4R4, PPP6R1, PPP6R2, PPP6R3, PTPA, PTPRC, RIPK3, ROCK1, ROCK2, STYXL1, TIPRL, TNF, TSC1, URI1
GO:0048513	animal organ development	3052	21	10.66	0.00120	0.007884615384615384	A2M, AARS1, AATK, ABAT, ABCA12, ABCA3, ABCB5, ABCB6, ABCC9, ABHD15, ABI2, ABL1, ABLIM1, ACACB, ACADM, ACAT1, ACE, ACER1, ACHE, ACO2, ACP4, ACP5, ACTA1, ACTA2, ACTB, ACTC1, ACTG2, ACTL6A, ACTN2, ACTN3, ACVR1, ACVR1B, ACVR2A, ACVR2B, ACVRL1, ADA, ADAM10, ADAM15, ADAM17, ADAM18, ADAM19, ADAM2, ADAM20, ADAM21, ADAM29, ADAM30, ADAM32, ADAM8, ADAM9, ADAMTS1, ADAMTS12, ADAMTS16, ADAMTS18, ADAMTS2, ADAMTS5, ADAMTS6, ADAMTS7, ADAMTS9, ADAMTSL2, ADAP2, ADARB1, ADGRB1, ADGRG1, ADGRG6, ADGRV1, ADIPOQ, ADIPOR1, ADM, ADPRHL1, ADRA1A, ADRB2, AFF2, AFG2A, AFP, AGO4, AGR2, AGT, AGTPBP1, AGTR1, AGTR2, AHDC1, AHI1, AHSG, AIM2, AIMP2, AIRE, AJAP1, AK8, AKAP13, AKAP6, AKIRIN1, AKIRIN2, AKNA, AKR1B1, AKR1C3, AKT1, AKT2, AKT3, ALDH1A2, ALDH1A3, ALK, ALKBH1, ALOX12, ALOX12B, ALOX15, ALOX15B, ALOX5, ALOXE3, ALPK2, ALPK3, ALPL, ALX1, ALX3, ALX4, AMBN, AMELX, AMELY, AMER1, AMH, AMHR2, AMIGO1, AMIGO2, AMIGO3, AMTN, ANAPC7, ANG, ANGPT1, ANGPT2, ANGPTL7, ANHX, ANK2, ANKH, ANKRD1, ANKRD11, ANKRD2, ANKRD24, ANKRD33, ANKS6, ANO6, ANP32B, ANXA1, ANXA2, ANXA3, AP1B1, AP2B1, AP3B1, APAF1, APC, APCDD1, APELA, APH1A, APLF, APLN, APLNR, APLP1, APOA1, APOA2, APOD, APP, AQP1, AQP11, AQP2, AQP3, AQP5, AQP6, AR, ARB2A, ARCN1, AREG, ARF6, ARG2, ARHGAP11B, ARHGAP35, ARHGAP5, ARHGEF15, ARID2, ARID4A, ARID4B, ARID5A, ARID5B, ARL13B, ARL3, ARMC5, ARNT, ARNT2, ARRB2, ARRDC3, ARTN, ARX, ASAH1, ASB1, ASB2, ASCL1, ASCL2, ASCL3, ASCL4, ASH1L, ASPM, ASPN, ASPRV1, ASS1, ASXL1, ASXL2, ASXL3, ATAT1, ATF2, ATF3, ATF4, ATF5, ATF6, ATG16L1, ATG4B, ATG5, ATG9A, ATG9B, ATIC, ATM, ATN1, ATOH1, ATOH7, ATP1A2, ATP1B2, ATP2B1, ATP2B2, ATP2B4, ATP2C2, ATP5PB, ATP5PF, ATP6AP1, ATP6V1B1, ATP7A, ATP7B, ATP8A2, ATP8B1, ATRAID, ATRN, ATRX, ATXN1, ATXN1L, AURKA, AVPR1A, AVPR2, AXIN2, AXL, B2M, B4GALNT2, B4GALT2, B9D1, BAAT, BAD, BAG6, BAK1, BAMBI, BARHL1, BARHL2, BARX1, BARX2, BASP1, BAX, BBS1, BBS2, BBS4, BBS5, BBS7, BBX, BCAN, BCAR3, BCL11B, BCL2, BCL2L1, BCL2L11, BCL2L2, BCL3, BCL9, BCL9L, BCOR, BCR, BFSP1, BFSP2, BGLAP, BGN, BHLHA15, BHLHE22, BHLHE23, BICC1, BIK, BIN3, BIRC2, BIRC6, BIRC7, BLOC1S3, BLOC1S5, BMAL1, BMERB1, BMI1, BMP1, BMP10, BMP2, BMP2K, BMP3, BMP4, BMP5, BMP6, BMP7, BMP8A, BMP8B, BMPER, BMPR1A, BMPR1B, BMPR2, BNC2, BNIP3, BOK, BORCS8, BORCS8-MEF2B, BPNT2, BPTF, BRAF, BRCA2, BRINP1, BRIP1, BSG, BSX, BTBD1, BTBD3, BTBD7, BTG2, BTRC, BVES, C12orf57, C1GALT1, C1QTNF5, C21orf91, C2CD3, CA10, CABP4, CACNA1C, CACNA1G, CACNA1H, CACNA1S, CACNB4, CACYBP, CAD, CADM1, CALB1, CALCRL, CALM1, CALM2, CALM3, CALR, CAPN1, CAPN3, CASP14, CASP2, CASP3, CASP5, CASP7, CASP8, CASP9, CASQ1, CASR, CAT, CAV1, CAV2, CAV3, CAVIN4, CBL, CBLN1, CBS, CBY1, CC2D2A, CCBE1, CCDC103, CCDC134, CCDC14, CCDC141, CCDC154, CCDC182, CCDC39, CCDC40, CCDC85C, CCKAR, CCKBR, CCL11, CCL2, CCL3, CCM2, CCM2L, CCN1, CCN2, CCN3, CCN4, CCNA2, CCNB2, CCND1, CCNF, CCNT2, CCR1, CD109, CD164, CD24, CD248, CD2AP, CD34, CD3E, CD44, CDC40, CDC42, CDH1, CDH11, CDH17, CDH2, CDH23, CDH3, CDK1, CDK20, CDK5, CDK5R1, CDK5R2, CDK5RAP1, CDK5RAP2, CDK5RAP3, CDK6, CDKN1A, CDKN1B, CDKN1C, CDKN2B, CDO1, CDON, CDSN, CDX1, CDX2, CDX4, CEACAM1, CEBPA, CEBPB, CEBPD, CEBPG, CECR2, CELA1, CELF4, CELSR1, CELSR2, CEMP1, CEND1, CENPF, CEP120, CEP290, CER1, CERS3, CERT1, CFAP43, CFC1, CFC1B, CFL2, CFLAR, CFTR, CGA, CHAD, CHADL, CHD2, CHD5, CHD7, CHD8, CHI3L1, CHKB, CHODL, CHRDL1, CHRDL2, CHRNA1, CHRNA10, CHRNA9, CHRNB2, CHRND, CHST11, CHSY1, CIC, CIMAP3, CITED1, CITED2, CKB, CLASP1, CLASP2, CLCN2, CLDN1, CLDN18, CLDN4, CLDN5, CLEC3B, CLIC4, CLN5, CLN8, CLOCK, CLP1, CLRN1, CLRN2, CLUAP1, CMA1, CNFN, CNMD, CNNM4, CNP, CNTF, CNTFR, CNTN1, CNTN4, CNTN5, CNTNAP1, CNTNAP2, CNTRL, COBL, COL11A1, COL11A2, COL13A1, COL14A1, COL18A1, COL19A1, COL1A1, COL1A2, COL27A1, COL2A1, COL3A1, COL4A1, COL4A3, COL4A4, COL5A1, COL5A2, COL5A3, COL6A1, COL6A3, COL8A1, COL8A2, COL9A1, COMP, COMT, COPRS, COPS2, COQ8B, CORO1C, COX1, COX2, COX6B1, CPAMD8, CPB2, CPE, CPLANE2, CPS1, CPT1A, CRB1, CRB2, CREB1, CREB3L2, CRELD1, CRH, CRHR1, CRIP1, CRIPTO, CRIPTO3, CRISPLD2, CRK, CRKL, CRLF1, CRX, CRYAA, CRYAB, CRYBA1, CRYBA2, CRYBA4, CRYBB1, CRYBB2, CRYBB3, CRYBG3, CRYGA, CRYGB, CRYGC, CRYGD, CRYGN, CRYGS, CSDE1, CSF1, CSF1R, CSF2, CSF3R, CSGALNACT1, CSH1, CSH2, CSHL1, CSMD1, CSN2, CSN3, CSNK1D, CSNK2A2, CSRNP1, CSRP3, CSTA, CTC1, CTDP1, CTF1, CTHRC1, CTNNA1, CTNNA2, CTNNB1, CTNNBIP1, CTNS, CTSB, CTSH, CTSK, CTSZ, CUL1, CUL3, CUL7, CX3CR1, CXADR, CXCL10, CXCL12, CXCL8, CXCR2, CXCR4, CXCR5, CYP19A1, CYP1A1, CYP1A2, CYP1B1, CYP26A1, CYP26B1, CYP26C1, CYP27B1, CYP4A11, CYP4A22, CYP7B1, CYSRT1, CYTB, CYTL1, DAB1, DAB2, DAB2IP, DACT2, DACT3, DAG1, DAND5, DAW1, DAZAP1, DCAF13, DCANP1, DCHS1, DCHS2, DCLK1, DCLK2, DCN, DCT, DCTN5, DCX, DDC, DDIT4, DDR1, DDR2, DDRGK1, DDX17, DDX5, DEAF1, DEDD, DES, DGAT2, DGCR2, DGCR6, DHCR24, DHH, DHRS3, DHRS7B, DHX36, DHX37, DIAPH3, DIO3, DIPK2A, DISC1, DISP1, DIXDC1, DKK1, DKK3, DKK4, DLC1, DLG1, DLG5, DLL1, DLL3, DLL4, DLX1, DLX2, DLX3, DLX5, DLX6, DMBX1, DMC1, DMD, DMP1, DMRT1, DMRT3, DMRTA1, DMRTA2, DNAAF1, DNAAF11, DNAAF3, DNAAF4, DNAH11, DNAH5, DNAI1, DNAJB1, DNAJB6, DNAJC19, DNAJC30, DNASE1L2, DNER, DNMT3L, DOCK7, DPCD, DPF3, DPPA4, DRAXIN, DRC1, DRD1, DRD2, DSCAM, DSCAML1, DSG2, DSG4, DSP, DSPP, DTNBP1, DUSP6, DUT, DVL1, DVL2, DVL3, DYM, DYNC2H1, DYNC2I1, DYNLL1, DYRK1B, DZANK1, DZIP1, E2F1, E2F4, E2F5, E2F7, E2F8, EAF2, EBF2, EBP, ECE1, ECM1, EDA, EDAR, EDN1, EDN2, EDN3, EDNRA, EDNRB, EEF1AKMT4-ECE2, EFEMP1, EFEMP2, EFHC1, EFNA1, EFNA2, EFNB1, EFNB2, EGF, EGFR, EGLN1, EGR1, EGR2, EGR3, EID2, EID2B, EIF2AK3, EIF2B2, EIF2B4, EIF2B5, EIF2S2, EIF4A3, EIF4G1, EIF4G2, ELAVL4, ELF3, ELK1, ELL3, ELN, ELOVL1, EMD, EMILIN1, EML1, EMP2, EMX1, EMX2, EN1, EN2, ENAM, ENG, ENPEP, ENPP1, EOMES, EP300, EPAS1, EPB41L5, EPB42, EPCAM, EPHA2, EPHA3, EPHA4, EPHA5, EPHA7, EPHB1, EPHB2, EPHB3, EPHB4, EPN1, EPOR, EPYC, ERBB2, ERBB3, ERBB4, ERCC1, ERCC2, ERCC3, EREG, ERRFI1, ESR1, ESRP1, ESRP2, ESRRB, ETNK2, ETV1, ETV2, ETV4, ETV7, EVC, EVL, EVPL, EXOC4, EXPH5, EXT1, EXT2, EXTL3, EYA1, EYA4, EZH1, EZH2, F7, FA2H, FADD, FAIM2, FAM20A, FAM20C, FAM83D, FAM83H, FANCA, FANCC, FANCD2, FANCG, FASLG, FASN, FAT1, FAT3, FAT4, FBN1, FBN2, FBXL15, FBXL17, FBXO22, FBXO45, FBXO5, FBXW11, FBXW7, FBXW8, FCGR2B, FEM1B, FER, FERMT1, FERMT2, FES, FEZ1, FEZF1, FEZF2, FGD1, FGF1, FGF10, FGF12, FGF13, FGF16, FGF17, FGF18, FGF19, FGF2, FGF20, FGF21, FGF22, FGF23, FGF3, FGF4, FGF5, FGF6, FGF7, FGF8, FGF9, FGFR1, FGFR2, FGFR3, FGFRL1, FGL1, FGR, FHL1, FHL2, FHL3, FHOD3, FJX1, FKBP1A, FKBP4, FKBP8, FKRP, FKTN, FLCN, FLG, FLG2, FLI1, FLNA, FLNB, FLOT1, FLRT2, FLRT3, FLT1, FLT3, FLT3LG, FLT4, FLVCR1, FMN1, FMR1, FN1, FNDC3A, FOLR1, FOS, FOSL1, FOSL2, FOXA1, FOXA2, FOXB1, FOXC1, FOXC2, FOXD1, FOXE1, FOXE3, FOXF1, FOXF2, FOXG1, FOXH1, FOXI1, FOXI3, FOXJ1, FOXK1, FOXL1, FOXL2, FOXN1, FOXN2, FOXN3, FOXN4, FOXO3, FOXO4, FOXP1, FOXP2, FOXQ1, FOXR1, FPGS, FRAS1, FREM1, FREM2, FRG1, FRS2, FRZB, FSCN2, FSHB, FSHR, FST, FTO, FUT1, FUT10, FUZ, FXR1, FXR2, FYN, FZD1, FZD2, FZD3, FZD4, FZD5, FZD6, FZD7, FZD9, FZR1, G6PD, GAA, GABRA5, GABRB2, GAL, GALNT11, GAMT, GART, GAS2, GAS6, GAS8, GATA1, GATA2, GATA3, GATA4, GATA5, GATA6, GBA1, GBX2, GCM1, GCM2, GCNT1, GCNT2, GCNT3, GCNT4, GDF10, GDF11, GDF2, GDF3, GDF5, GDF6, GDF7, GDF9, GDNF, GFER, GFRA1, GGNBP2, GH1, GH2, GHR, GHRH, GHRHR, GHRL, GHSR, GIP, GIPR, GIT1, GIT2, GJA1, GJA5, GJA8, GJB2, GJB3, GJB5, GJB6, GJC1, GJE1, GLG1, GLI1, GLI2, GLI3, GLIPR2, GLIS2, GLUD1, GMNN, GNA11, GNAS, GNAT1, GNAT2, GNB1, GNB4, GNG5, GNG8, GNGT1, GNPAT, GNRH1, GORAB, GPAT4, GPC1, GPC3, GPCPD1, GPER1, GPLD1, GPM6A, GPM6B, GPR149, GPR158, GPR37L1, GPR4, GPR68, GPX1, GRB2, GREB1L, GREM1, GREM2, GRHL1, GRHL2, GRHL3, GRIA1, GRID2, GRIN1, GRIN2A, GRIN2B, GRIN2C, GRIN2D, GRK2, GRM6, GRXCR1, GRXCR2, GSC, GSDME, GSK3A, GSK3B, GSX1, GSX2, GTF3C5, GUCD1, GYS1, GZF1, H1-5, H2AX, H2BC12L, HAND1, HAND2, HAP1, HAS2, HBEGF, HCCS, HCN1, HCN4, HDAC1, HDAC2, HDAC3, HDAC9, HDGFL2, HECA, HECTD1, HEG1, HELLS, HERC1, HES1, HES5, HESX1, HEXIM1, HEY1, HEY2, HEYL, HGF, HHIP, HIF1A, HIKESHI, HIPK1, HIPK2, HIVEP3, HK2, HLF, HLX, HMG20B, HMGA2, HMGB2, HMGCS2, HMX2, HMX3, HNF1A, HNF1B, HNRNPAB, HNRNPD, HNRNPU, HOMER1, HOOK3, HOPX, HOXA1, HOXA10, HOXA11, HOXA13, HOXA2, HOXA3, HOXA4, HOXA5, HOXA7, HOXA9, HOXB1, HOXB13, HOXB2, HOXB3, HOXB4, HOXB5, HOXB6, HOXB7, HOXB8, HOXB9, HOXC11, HOXC13, HOXC4, HOXC8, HOXC9, HOXD10, HOXD11, HOXD13, HOXD3, HOXD4, HOXD8, HOXD9, HPCA, HPGD, HPN, HPRT1, HPSE, HRAS, HRNR, HS2ST1, HS3ST3A1, HS3ST3B1, HS6ST1, HSCB, HSD11B1, HSD17B1, HSD17B2, HSD17B3, HSD17B4, HSD3B1, HSD3B2, HSF4, HSP90AB1, HSPA5, HSPB7, HSPG2, HTN1, HTN3, HTR2B, HTR5A, HTR6, HTRA1, HTRA2, HYAL1, HYAL2, HYAL3, HYDIN, IBSP, ID2, ID3, ID4, IDH1, IER3IP1, IFITM5, IFT122, IFT140, IFT172, IFT20, IFT25, IFT27, IFT52, IFT57, IFT74, IFT80, IFT88, IGF1, IGF1R, IGF2, IGF2BP1, IGF2R, IGFBP5, IGSF3, IGSF8, IHH, IL10, IL13, IL15, IL17A, IL17F, IL17RD, IL18, IL1A, IL1B, IL20, IL3, IL6, IL6R, IL7, IL7R, ILDR2, ILK, IMMP2L, IMPG2, INA, ING2, INHA, INHBA, INHBB, INPPL1, INSIG1, INSIG2, INSL3, INSM1, INSR, INTU, IQCB1, IQGAP1, IQGAP3, IRF6, IRS2, IRX1, IRX2, IRX3, IRX4, IRX5, ISG15, ISL1, ITGA11, ITGA2, ITGA3, ITGA6, ITGA7, ITGA8, ITGAM, ITGAX, ITGB1, ITGB1BP1, ITGB1BP2, ITGB3, ITGB4, ITGB6, ITGB8, IVL, JAG1, JAG2, JAK2, JARID2, JHY, JMJD6, JPH1, JPH2, JUNB, JUP, KANK2, KAT2A, KAT2B, KAZN, KBTBD8, KCNA1, KCNA2, KCNA3, KCNC1, KCNC2, KCNE1, KCNE2, KCNJ11, KCNJ8, KCNK2, KCNK3, KCNQ1, KCNQ4, KDF1, KDM1A, KDM2B, KDM4B, KDM5B, KDM6A, KDM6B, KDM7A, KDR, KEL, KERA, KIF14, KIF18A, KIF26A, KIF26B, KIF27, KIRREL3, KIT, KITLG, KL, KLF10, KLF15, KLF2, KLF4, KLF5, KLF7, KLHL1, KLHL10, KLHL12, KLHL3, KLHL40, KLHL41, KLK4, KLK5, KMT2A, KMT5B, KNDC1, KRAS, KRT1, KRT10, KRT12, KRT14, KRT16, KRT17, KRT19, KRT2, KRT25, KRT27, KRT28, KRT3, KRT36, KRT4, KRT5, KRT6A, KRT6B, KRT6C, KRT7, KRT71, KRT72, KRT73, KRT74, KRT75, KRT76, KRT77, KRT78, KRT79, KRT8, KRT80, KRT81, KRT82, KRT83, KRT84, KRT85, KRT86, KRT9, KRTAP6-1, KRTAP6-2, KRTAP6-3, KY, LAMA1, LAMA2, LAMA5, LAMB1, LAMB2, LAMC3, LARGE1, LATS1, LATS2, LBH, LBX1, LCE1A, LCE1B, LCE1C, LCE1D, LCE1E, LCE1F, LCE2A, LCE2B, LCE2C, LCE2D, LCE3A, LCE3B, LCE3C, LCE3D, LCE3E, LCE4A, LCE5A, LCE6A, LCE7A, LCP1, LCTL, LDB1, LDB2, LDB3, LDLRAD4, LDOC1, LEF1, LEFTY1, LEMD2, LENEP, LEP, LEPR, LFNG, LGR4, LGR5, LHB, LHCGR, LHFPL5, LHX1, LHX2, LHX3, LHX4, LHX5, LHX6, LHX8, LHX9, LIF, LILRB1, LIM2, LIMK2, LIMS2, LIN28A, LIN7A, LIPA, LIPK, LIPM, LIPN, LMNA, LMO4, LMOD3, LMX1A, LNPK, LOC102724560, LORICRIN, LOX, LOXL2, LOXL3, LPAR1, LPCAT1, LPIN1, LPL, LRG1, LRIG1, LRIG3, LRP10, LRP2, LRP4, LRP5, LRP6, LRP8, LRRC10, LRRC17, LRRC27, LRRK1, LRRK2, LSR, LTA, LTA4H, LTB, LTBP3, LTBR, LTF, LUC7L, LUZP1, LY6H, LZTS2, MAB21L1, MAB21L2, MACO1, MACROD2, MACROH2A1, MACROH2A2, MAD1L1, MAD2L2, MAF, MAFB, MAFF, MAGED1, MAGI2, MAML1, MAMLD1, MAN1A2, MAN2A1, MAOB, MAP1S, MAP2K1, MAP2K2, MAP2K3, MAP2K4, MAP2K5, MAP2K6, MAP3K4, MAPK1, MAPK11, MAPK12, MAPK14, MAPK3, MAPKAP1, MAPKAPK2, MARK1, MAS1, MAST1, MATCAP1, MATN1, MATN3, MATR3, MB, MBD1, MBD3, MBOAT2, MBOAT7, MBP, MBTPS2, MCM2, MCOLN3, MCPH1, MCRIP1, MDFI, MDGA1, MDK, MDM1, MDM2, MDM4, MEA1, MECP2, MED1, MED12, MED20, MEF2A, MEF2B, MEF2C, MEF2D, MEGF10, MEGF11, MEGF8, MEIS1, MEIS2, MEIS3, MEIS3P1, MEOX1, MEOX2, MEPE, MERTK, MESP1, MESP2, MET, METTL14, METTL21C, METTL3, MEX3C, MFAP2, MFAP5, MFN2, MFRP, MFSD2A, MGARP, MGP, MIB1, MICAL2, MICOS10-NBL1, MIGA2, MINK1, MINPP1, MIP, MIR1-1, MIR125A, MIR125B1, MIR130A, MIR133A1, MIR138-1, MIR142, MIR143, MIR144, MIR145, MIR149, MIR16-1, MIR17, MIR17HG, MIR18A, MIR195, MIR199A1, MIR199B, MIR19A, MIR19B1, MIR200B, MIR202, MIR204, MIR208A, MIR20A, MIR21, MIR221, MIR222, MIR23A, MIR24-1, MIR25, MIR29B1, MIR302B, MIR326, MIR342, MIR372, MIR379, MIR499A, MIR509-1, MIR519D, MIR541, MIR548C, MIR573, MIR590, MIR873, MITF, MIXL1, MKKS, MKS1, MKX, MME, MMP12, MMP13, MMP14, MMP16, MMP17, MMP2, MMP20, MMP21, MMP9, MNAT1, MNX1, MOSPD3, MPST, MPV17, MRTFB, MSC, MSH2, MSH4, MSN, MSTN, MSX1, MSX2, MTCO2P12, MTERF4, MTHFD1, MTHFD1L, MTM1, MTNR1B, MTOR, MTPN, MTSS1, MTX1, MUSTN1, MYBPC3, MYC, MYCL, MYD88, MYF5, MYF6, MYH11, MYH14, MYH3, MYH6, MYH7, MYL11, MYL2, MYL3, MYL6, MYL6B, MYL7, MYLK, MYLK2, MYLK3, MYMK, MYMX, MYO15A, MYO16, MYO18B, MYO1E, MYO3A, MYO3B, MYO6, MYO7A, MYO7B, MYOC, MYOCD, MYOD1, MYOG, MYOM1, MYOM2, MYORG, MYOZ1, MYOZ2, MYSM1, NAB1, NAB2, NAGLU, NANOS1, NAPA, NARS1, NASP, NBL1, NBR1, NCAM1, NCLN, NCOA1, NCOA2, NCOA3, NCOA4, NCOA6, NCOR2, NCSTN, ND4, NDE1, NDEL1, NDNF, NDP, NDRG2, NDRG4, NDST1, NDUFS3, NDUFS4, NDUFV2, NEB, NEBL, NECTIN1, NECTIN3, NEFL, NEK8, NELL1, NES, NEURL1, NEUROD1, NEUROD2, NEUROD4, NEUROD6, NEUROG1, NEUROG2, NEUROG3, NF1, NF2, NFASC, NFATC1, NFATC2, NFATC4, NFIA, NFIB, NFKB1, NFKB2, NFKBIZ, NGFR, NHERF1, NHLH2, NHS, NIBAN2, NID1, NIN, NIPBL, NKD1, NKIRAS1, NKIRAS2, NKX2-1, NKX2-2, NKX2-3, NKX2-5, NKX2-6, NKX2-8, NKX3-1, NKX3-2, NKX6-1, NKX6-2, NLE1, NLGN4X, NLN, NME1, NME2, NME5, NNAT, NNMT, NODAL, NOG, NOLC1, NOM1, NOMO1, NOMO3, NOS3, NOTCH1, NOTCH2, NOTCH2NLA, NOTCH2NLB, NOTCH2NLC, NOTCH3, NOTCH4, NOTO, NOTUM, NOX3, NOX4, NPC1, NPHP1, NPHP3, NPHP4, NPHS1, NPHS2, NPNT, NPPA, NPPB, NPPC, NPR2, NPRL3, NPY, NPY1R, NPY2R, NPY5R, NR0B1, NR0B2, NR1D2, NR1H4, NR2E1, NR2E3, NR2F2, NR3C1, NR4A1, NR4A2, NR4A3, NR5A1, NR5A2, NRAP, NRCAM, NRG1, NRG2, NRG3, NRIP1, NRL, NRP1, NRP2, NRTN, NSD2, NSDHL, NSUN2, NSUN5, NTF4, NTN1, NTN4, NTRK1, NTRK2, NTRK3, NUDT1, NUMA1, NUMB, NUMBL, NUP107, NUP133, NUP160, NUP85, NUPR1, OAS2, OBSL1, OC90, ODAD2, ODAD3, ODAD4, ODAM, ODAPH, ODC1, OGDH, OGN, OLFM1, OLFM3, OLIG1, OLIG2, OLIG3, ONECUT1, ONECUT2, OPHN1, OPN3, OPN4, OPN5, OPTC, OR10J5, ORAI1, OSR1, OSR2, OSTN, OTC, OTOL1, OTOP1, OTOR, OTP, OTUD5, OTX1, OTX2, OVOL1, OVOL2, OXTR, P2RX2, P2RX7, P2RY12, P3H1, PADI2, PAFAH1B1, PALB2, PALLD, PALS1, PAPPA2, PAPSS2, PARP1, PARP2, PARVA, PATZ1, PAX2, PAX3, PAX4, PAX5, PAX6, PAX7, PAX8, PAX9, PAXBP1, PAXIP1, PBX1, PBX2, PBX3, PBX4, PBXIP1, PCDH12, PCDH15, PCDH18, PCDH9, PCGF2, PCID2, PCK1, PCK2, PCM1, PCNA, PCSK1, PCSK5, PCSK9, PCYT1B, PDCD4, PDCD6, PDE2A, PDE6A, PDE6B, PDE6C, PDGFA, PDGFB, PDGFC, PDGFD, PDGFRA, PDGFRB, PDLIM1, PDLIM2, PDLIM3, PDLIM4, PDLIM5, PDLIM7, PDPK1, PDPN, PDSS2, PDX1, PDZD7, PECAM1, PEF1, PERP, PEX13, PEX5, PEX7, PFDN5, PFKFB1, PGAP1, PGR, PGRMC2, PHACTR1, PHACTR4, PHB2, PHEX, PHF14, PHF2, PHF8, PHGDH, PHLDA2, PHLDB1, PHLDB2, PHLPP2, PHOSPHO1, PHOX2A, PHOX2B, PI16, PI4KB, PIAS4, PIK3CA, PIM1, PIP5K1A, PITPNM1, PITX1, PITX2, PITX3, PJVK, PKD1, PKD1L3, PKD2, PKDCC, PKHD1, PKN1, PKNOX1, PKP2, PLA2G10, PLAAT1, PLAAT3, PLAAT4, PLAC1, PLAG1, PLCB1, PLCD3, PLCE1, PLEC, PLEKHA1, PLG, PLK4, PLN, PLOD3, PLP1, PLPPR4, PLS1, PLS3, PLXNA1, PLXNA2, PLXNA3, PLXNA4, PLXNB1, PLXNB2, PLXND1, PML, PNPT1, PODXL, POFUT1, POFUT2, POGLUT1, POLB, POLE, POLR1B, POMGNT1, POMK, POMT2, POPDC2, POPDC3, POTEE, POU1F1, POU2F3, POU3F1, POU3F2, POU3F3, POU3F4, POU4F1, POU4F2, POU4F3, POU6F1, PPARA, PPARD, PPARG, PPARGC1A, PPARGC1B, PPHLN1, PPIB, PPIF, PPIL1, PPL, PPP1CA, PPP1R13L, PPP1R35, PPP1R9B, PPP2CA, PPP2R3C, PPP3CA, PPP3CB, PPP3R1, PPT1, PRDM1, PRDM13, PRDM8, PRDX2, PRDX3, PRDX4, PRICKLE1, PRICKLE4, PRKAA1, PRKACG, PRKAR1A, PRKCB, PRKCH, PRKCI, PRKCSH, PRKDC, PRKG1, PRKG2, PRKRA, PRKX, PRL, PRLR, PRMT1, PRMT5, PROM1, PROP1, PROX1, PRPH2, PRPS1L1, PRPSAP2, PRR14, PRRX1, PRSS56, PSAP, PSAPL1, PSEN1, PSKH1, PSMG1, PTCD2, PTCH1, PTCH2, PTCHD1, PTEN, PTF1A, PTGER4, PTGES3, PTGS2, PTH, PTH1R, PTHLH, PTK2, PTK2B, PTK7, PTN, PTPN11, PTPN3, PTPRC, PTPRM, PTPRN, PTPRO, PTPRS, PTPRU, PTX3, PUM2, PXDN, PYGO1, PYGO2, QARS1, QKI, RAB13, RAB18, RAB23, RAB33B, RAB3A, RAB3GAP1, RAC3, RAD1, RAD23B, RADIL, RAF1, RAG1, RAI2, RAMP2, RAN, RANBP3L, RAP1GAP, RAPGEF2, RARA, RARB, RARG, RARRES2, RASAL2, RAX, RB1, RB1CC1, RBBP4, RBBP6, RBBP7, RBBP9, RBFOX1, RBM15, RBM20, RBM24, RBM4, RBMY1B, RBP4, RBPJ, RBPMS2, RC3H1, RC3H2, RCAN1, RCN1, RCN3, RD3, RDH10, RDH13, REC8, REG3A, REG3G, RELA, RELN, RELT, REN, RERE, REST, RET, RETN, RFLNA, RFLNB, RFNG, RFX3, RFX4, RFX6, RGCC, RGN, RGS2, RGS4, RHBDD3, RHEB, RHO, RHOA, RHOBTB3, RHOJ, RING1, RIPK3, RIPOR2, RIPPLY2, RIPPLY3, RNF112, RNF207, RNF38, ROBO1, ROBO2, ROCK1, ROCK2, ROGDI, ROM1, ROR1, ROR2, RORA, RORB, RORC, RP1, RP1L1, RPE65, RPGRIP1, RPGRIP1L, RPL10, RPL13, RPL13A, RPL24, RPL38, RPL3L, RPS15, RPS6KA1, RPS6KA2, RPS6KB1, RPS7, RREB1, RRM1, RRM2B, RS1, RSPO2, RSPO3, RTCB, RTN1, RTN3, RTN4, RTN4R, RTN4RL1, RUNX1, RUNX2, RUNX3, RXFP1, RXFP2, RXRA, RXRB, RYK, RYR1, RYR2, S100A1, S100A4, S100A7, S1PR1, SAFB2, SALL1, SALL2, SALL4, SAMD11, SAMD7, SAP30, SAPCD2, SATB2, SAV1, SBDS, SBNO2, SCAPER, SCEL, SCIN, SCN10A, SCN11A, SCN2A, SCN5A, SCO2, SCRIB, SCT, SCUBE1, SCX, SCYL2, SDC1, SDC4, SDCBP, SDF4, SDHAF2, SDK1, SDK2, SEC16A, SEC24B, SEC61A1, SEC63, SECISBP2, SELENOM, SELENON, SELENOP, SELENOT, SEMA3A, SEMA3B, SEMA3C, SEMA3D, SEMA3E, SEMA3F, SEMA3G, SEMA4A, SEMA4B, SEMA4C, SEMA4D, SEMA4F, SEMA4G, SEMA5A, SEMA5B, SEMA6A, SEMA6B, SEMA6C, SEMA6D, SEMA7A, SERP1, SERPINA10, SERPINA5, SERPINB3, SERPINB5, SERPINB7, SERPINE1, SERPINE2, SERPINF1, SERPINH1, SETD1A, SETD2, SETDB2, SEZ6, SF1, SFMBT1, SFN, SFRP1, SFRP2, SFRP4, SFTPB, SFTPD, SGCA, SGCB, SGCD, SGCE, SGCG, SGCZ, SGMS2, SGPL1, SGPP1, SH2B3, SH3PXD2B, SHANK3, SHARPIN, SHC1, SHH, SHOX2, SHROOM2, SHROOM4, SIDT2, SIGLEC15, SIK1, SIM1, SIM2, SIN3A, SIPA1L3, SIRT1, SIRT2, SIRT6, SIX1, SIX2, SIX3, SIX4, SIX5, SIX6, SKI, SKIL, SKOR2, SLC10A7, SLC17A6, SLC17A7, SLC17A8, SLC1A1, SLC1A2, SLC20A1, SLC20A2, SLC22A1, SLC22A6, SLC23A1, SLC24A3, SLC24A4, SLC25A25, SLC25A27, SLC25A46, SLC26A2, SLC26A5, SLC27A4, SLC29A1, SLC2A1, SLC2A10, SLC32A1, SLC34A1, SLC38A10, SLC38A2, SLC39A1, SLC39A10, SLC39A14, SLC39A2, SLC39A3, SLC39A5, SLC39A6, SLC39A7, SLC40A1, SLC44A4, SLC46A2, SLC4A10, SLC4A2, SLC4A5, SLC4A7, SLC6A17, SLC6A3, SLC6A4, SLC7A11, SLC7A5, SLC8A1, SLC9A1, SLC9B2, SLIT1, SLIT2, SLIT3, SLITRK5, SLITRK6, SMAD1, SMAD2, SMAD3, SMAD4, SMAD5, SMAD6, SMAD7, SMARCA1, SMARCA4, SMARCB1, SMARCC1, SMARCD3, SMCHD1, SMG9, SMO, SMOC1, SMPD3, SMTN, SMTNL1, SMYD1, SMYD2, SMYD4, SNAI1, SNAI2, SNORC, SNX10, SNX17, SNX19, SOBP, SOCS2, SOCS3, SOD1, SOD2, SORBS2, SORL1, SOS1, SOSTDC1, SOX1, SOX10, SOX11, SOX12, SOX14, SOX15, SOX17, SOX18, SOX2, SOX21, SOX3, SOX4, SOX5, SOX6, SOX8, SOX9, SP3, SP5, SP6, SP7, SPART, SPATA2, SPDEF, SPEF2, SPEG, SPG11, SPHK1, SPHK2, SPI1, SPINK5, SPINT1, SPINT2, SPNS2, SPO11, SPP1, SPRED1, SPRED2, SPRED3, SPRR1A, SPRR1B, SPRR2B, SPRR2D, SPRR2E, SPRR2F, SPRR2G, SPRR3, SPRR4, SPRY1, SPRY2, SPRY3, SPRY4, SPTBN2, SPTLC2, SRC, SRD5A1, SRD5A2, SREBF1, SRF, SRGAP2, SRGAP2C, SRGN, SRI, SRP54, SRPK3, SRSF1, SRSF6, SRY, SSBP3, SSTR1, SSTR2, SSTR3, SSTR4, SSUH2, ST14, STAC3, STAT1, STAT3, STAT5A, STAT5B, STAT6, STATH, STAU2, STC1, STC2, STIL, STIM1, STK11, STK3, STK36, STK4, STK40, STMN1, STOX1, STOX2, STRA6, STRC, STX2, STXBP3, SUDS3, SUFU, SULF1, SULF2, SUN1, SUN2, SVIL, SYCP2, SYF2, SYK, SYNE1, SYNE2, SYNGR3, SYNPO2L, SYPL2, SZT2, TAB1, TAB2, TACC1, TACC2, TACC3, TACSTD2, TAF1, TAF10, TAF4, TAFAZZIN, TAGLN, TAL1, TAL2, TAPT1, TASOR, TBC1D20, TBC1D23, TBC1D32, TBL1XR1, TBR1, TBX1, TBX15, TBX18, TBX19, TBX2, TBX20, TBX3, TBX4, TBX5, TBX6, TBXT, TCAP, TCF12, TCF15, TCF21, TCF23, TCF25, TCF7L2, TCHH, TCIRG1, TCOF1, TCTN1, TDRD7, TEAD1, TEAD2, TEAD3, TEAD4, TECTA, TEK, TENM3, TENM4, TENT5A, TEX11, TEX19, TFAP2A, TFAP2B, TFAP2C, TFAP2D, TFCP2L1, TFDP2, TFEB, TFIP11, TFPT, TG, TGFA, TGFB1, TGFB1I1, TGFB2, TGFB3, TGFBI, TGFBR1, TGFBR2, TGFBR3, TGFBR3L, TGIF2, TGM1, TGM2, TGM3, TH, THBS3, THOC5, THRA, THRB, THY1, TIAM1, TIE1, TIFAB, TIMELESS, TIMP1, TIPARP, TLE1, TLE2, TLE3, TLL2, TLR3, TLR9, TLX1, TLX2, TLX3, TMC1, TMED2, TMEM100, TMEM107, TMEM108, TMEM119, TMEM132E, TMEM135, TMEM14B, TMEM176B, TMEM182, TMEM215, TMEM231, TMEM38B, TMEM59L, TMEM65, TMEM79, TMF1, TMIE, TMOD1, TMPRSS11F, TMT1A, TMX2, TNC, TNF, TNFAIP3, TNFAIP6, TNFRSF11A, TNFRSF11B, TNFRSF19, TNFRSF1A, TNFRSF1B, TNFSF10, TNFSF11, TNN, TNNC1, TNNI1, TNNI3, TNNT2, TNR, TNS2, TNXB, TOMM70, TOP2B, TOX, TP53, TP63, TP73, TPH1, TPM1, TPO, TPPP3, TPRN, TRA2B, TRADD, TRAF3IP1, TRAF3IP2, TRAF4, TRAF6, TRAPPC9, TREH, TREX1, TRIM16, TRIM28, TRIM45, TRIM62, TRIM72, TRIOBP, TRIP11, TRNP1, TRPC4AP, TRPM4, TRPS1, TRPV4, TSC1, TSC2, TSG101, TSHZ1, TSKU, TSPAN12, TSPEAR, TSPO, TSPY1, TSPY10, TSPY2, TSPY3, TSPY4, TSPY8, TSPY9, TTBK1, TTBK2, TTC21B, TTC39C, TTC8, TTC9, TTLL1, TTLL5, TTN, TTPA, TUB, TUBA1A, TUBB1, TUBB2A, TUBB2B, TUBGCP2, TUFT1, TULP1, TULP3, TWIST1, TWSG1, TXLNG, TXNIP, TYMS, TYR, TYRO3, TYROBP, UBA6, UBB, UBE3A, UCHL5, UCP2, UFC1, UFM1, UGCG, UGP2, UGT1A1, UGT1A10, UGT1A7, UGT1A8, UGT1A9, UMOD, UMODL1, UMPS, UNC45A, UNC45B, UNC5C, UNCX, UPB1, UPF2, UPF3B, UPK3A, UPRT, UQCC2, UQCRQ, USF2, USF3, USH1C, USH1G, USH2A, USP19, USP2, USP45, UTF1, UTP25, UTP3, UTRN, UTY, VAMP5, VANGL2, VASH1, VASH2, VASN, VAX1, VAX2, VCAM1, VCX, VCX2, VCX3A, VCX3B, VCY, VCY1B, VDR, VEGFA, VEGFB, VEGFC, VGF, VGLL2, VGLL4, VIM, VKORC1, VPS13B, VPS33B, VPS51, VPS52, VPS54, VRK3, VSTM4, VSX1, VTN, WDPCP, WDR11, WDR19, WDR37, WDR47, WDR48, WDR62, WDR72, WDR77, WDR89, WFS1, WHRN, WIF1, WLS, WNK1, WNK4, WNT1, WNT10A, WNT10B, WNT11, WNT16, WNT2, WNT2B, WNT3, WNT3A, WNT4, WNT5A, WNT5B, WNT6, WNT7A, WNT7B, WNT8A, WNT9A, WNT9B, WT1, WWOX, WWTR1, XBP1, XDH, XIRP2, XK, XRCC1, XRN2, XYLT1, YAP1, YBX3, YWHAE, YWHAH, YWHAQ, YY1, ZBED2, ZBTB1, ZBTB14, ZBTB16, ZBTB18, ZBTB40, ZBTB42, ZBTB7B, ZDHHC16, ZDHHC21, ZEB1, ZFAND5, ZFHX3, ZFP36, ZFP36L1, ZFP42, ZFP64, ZFPM1, ZFPM2, ZFX, ZHX2, ZIC1, ZIC2, ZIC3, ZMIZ1, ZMPSTE24, ZNF148, ZNF219, ZNF22, ZNF335, ZNF365, ZNF430, ZNF513, ZNF516, ZNF568, ZNF609, ZNF664-RFLNA, ZNF689, ZNF703, ZNF750, ZNF800, ZNF830, ZNG1A, ZP3, ZSWIM6
GO:0042476	odontogenesis	133	4	0.46	0.00121	0.007884615384615384	ACP4, ACVR2A, ACVR2B, ADM, ALPL, AMBN, AMELX, AMELY, AMTN, ANKH, ANKRD11, APCDD1, AQP1, AQP3, AQP5, AQP6, ASPN, AXIN2, BAX, BCL11B, BCL2L11, BCOR, BMP2, BMP4, BMP7, BMPR1A, BSG, CCDC154, CD34, CEMP1, CFTR, CNNM4, COL1A1, COL1A2, CSF1, CSF3R, CTNNA1, CTNNB1, DLX1, DLX2, DLX3, DMP1, DMRT3, DSPP, EDA, EDAR, EDN1, ENAM, FAM20A, FAM20C, FGF10, FGF4, FGF8, FGFR1, FGFR2, FOXC1, FOXI3, FST, GATA6, GLI2, GLI3, HAND1, HAND2, HDAC1, HDAC2, ID3, INHBA, ITGB6, JAG2, KLK4, KLK5, LAMA5, LAMB1, LEF1, LHX8, LRP4, MMP20, MSX1, MSX2, NECTIN1, NF2, NGFR, NKX2-3, ODAM, ODAPH, OSR1, OSR2, PAX9, PDGFRA, PERP, PHEX, PITX2, PPARA, PRKCB, RELT, RHOA, ROGDI, RSPO2, RUNX2, SCN10A, SCN5A, SERPINE1, SHH, SLC24A4, SLC34A1, SLC4A2, SMO, SMPD3, SNX10, SOSTDC1, SP6, SP7, SRC, SSUH2, STIM1, TBX1, TCIRG1, TFAP2A, TGFB2, TGFB3, TMT1A, TNC, TNFRSF11B, TNFSF11, TP63, TRAF6, TSPEAR, TUFT1, WDR72, WLS, WNT10A, WNT6, ZNF22
GO:0048565	digestive tract development	133	4	0.46	0.00121	0.007884615384615384	ACVR2B, ADA, AGR2, AHI1, ALDH1A2, ALX4, ASCL1, ASS1, BBS7, BCL2, C1GALT1, CBFA2T2, CCDC103, CCDC39, CCDC40, CCKBR, CDKN1A, CDX2, CHD8, CLDN18, CLMP, COBL, COL3A1, CPS1, CRKL, CTNNB1, CXCL8, CYP1A1, DACT1, DCHS1, DNAAF1, EDNRB, EGFR, EPB41L5, EPHB3, EXT1, FGF10, FGF9, FGFR2, FOXE1, FOXF1, FOXF2, FOXL1, FZD5, GATA4, GATA5, GATA6, GLI1, GLI2, GLI3, HES1, HIF1A, HLX, HMGCS2, HNF1B, HOXA13, HOXA5, HOXD13, ID2, IFT172, IHH, IL6ST, KCNQ1, KIT, KLF5, LGR4, MEGF8, MIR29B1, MIXL1, MYOCD, NIPBL, NKX2-2, NKX2-3, NKX2-6, NKX3-2, NODAL, NOTCH1, NPHP3, NPR2, NPY, OTC, OVOL2, OXTR, PCSK5, PDGFC, PDGFRA, PDX1, PERCC1, PKD1, PKDCC, PRDM1, PTK6, PYY, RARB, RARRES2, RB1, RBPMS2, RET, SALL1, SAV1, SCT, SFRP1, SFRP2, SFRP5, SHH, SHOX2, SIX2, SLC4A2, SMAD2, SMAD3, SMO, SOX10, SOX11, SOX17, SOX9, SPDEF, SRC, STRA6, TCF21, TGFB2, TGFB3, TIGAR, TLR9, TMIGD1, TNF, TP63, TYMS, VPS52, WNT11, WNT5A, YAP1, YIPF6, ZIC3
GO:0071241	cellular response to inorganic substance	229	5	0.8	0.00123	0.007884615384615384	ABCB6, ACER1, ADCY1, ADCY10, ADCY7, ADCY8, ADD1, ADGRV1, AIFM1, AKR1C3, AKT1, ALAD, ALOX15, ALOX5AP, ANK3, AOC1, AQP1, AQP2, ATF4, ATP13A2, ATP5F1A, ATP7A, ATRX, B2M, BACE1, BECN1, BLM, BMP6, BNIP3, BRAF, CACNA1H, CALR, CAMK2D, CAPN3, CARF, CCNA2, CDH1, CDK2, CDKN1B, CEBPA, CER1, CFLAR, CHP2, CHUK, CLDN1, CLIC4, CPNE1, CPNE2, CPNE3, CPNE4, CPNE5, CPNE6, CPNE7, CPNE8, CPNE9, CREB1, CRHBP, CRK, CYBB, CYP11B1, CYP11B2, CYP1A1, CYP1A2, DAXX, DDI1, DDI2, DDX11, DLG2, DLG4, DMTN, DPEP1, ECT2, EDN1, EEF2K, EGFR, EIF2AK3, EIF2S1, EIF4A3, FABP4, FBP1, FOS, FOSB, FOXO1, GLRA1, GLRA2, GPLD1, GSK3A, GUCA1A, GUCA1ANB-GUCA1A, GUCY1B1, HESX1, HFE, HMOX1, HNRNPD, HPCA, HSD17B1, HSF1, HSP90B1, HVCN1, INHBB, IQGAP1, ITPKA, ITPKB, ITPKC, JUN, JUNB, JUND, KCNA1, KCNB1, KCNC2, KCNH1, KCNJ10, KCNK3, KCNQ3, LCE1D, LGMN, LIG4, LRRK2, MAP1LC3A, MAPK1, MAPK3, MAPK8, MAPK9, MCOLN1, MECP2, MEF2A, MEF2C, MIR342, MMP3, MMP9, MT1A, MT1B, MT1DP, MT1E, MT1F, MT1G, MT1H, MT1HL1, MT1M, MT1X, MT2A, MT3, MT4, MTF1, MTR, MYOG, NCF1, NCSTN, NEK7, NEUROD2, NFATC2, NFATC4, NFE2L2, NLGN1, NPTX1, NQO1, NSMCE3, OGG1, P2RX4, PARP1, PHOX2B, PKD2, PLCG2, PPIF, PRKAA1, PRKAA2, PRKN, PRNP, PTGS2, RAD51, RASA4, RASA4B, RASAL1, RASGRP2, RTF2, RYR1, RYR3, SCN5A, SERPINF1, SHH, SLC11A1, SLC12A2, SLC12A3, SLC13A2, SLC13A5, SLC1A1, SLC25A23, SLC25A24, SLC34A1, SLC39A8, SLC41A1, SLFN14, SMPD1, SMPD3, SNCA, SPIDR, STK39, SUMO1, SYT1, SYT10, SYT11, SYT12, SYT13, SYT15, SYT17, SYT2, SYT3, SYT4, SYT5, SYT6, SYT7, SYT8, SYT9, TF, TFAP2A, TFR2, TH, TIGAR, TIMELESS, TLR9, TRAF2, TREX1, TRPM2, TSPO, TUBA1A, UCP2, WNT5A, XRCC4, ZNF658
GO:0007507	heart development	618	8	2.16	0.00136	0.008023255813953488	ABCC9, ABL1, ACACB, ACADM, ACE, ACTC1, ACTN2, ACVR1, ACVR2B, ACVRL1, ADAM15, ADAMTS1, ADAMTS5, ADAMTS6, ADAMTS9, ADAP2, ADGRG6, ADM, ADPRHL1, ADRA1A, AHI1, AKAP13, AKAP6, ALDH1A2, ALPK2, ALPK3, ANK2, ANKRD1, ANKS6, AP1B1, AP2B1, APC, APELA, APLN, APLNR, ARID2, ARL13B, ARRB2, ASB2, ASCL1, ASXL1, ATF2, ATG5, ATM, AXIN2, BASP1, BBS5, BBS7, BCOR, BICC1, BMP10, BMP2, BMP4, BMP5, BMP7, BMPR1A, BMPR2, BORCS8, BORCS8-MEF2B, BVES, C2CD3, CACNA1C, CACNA1G, CACYBP, CAD, CALCRL, CALR, CASP3, CASP7, CASP8, CAV3, CBY1, CC2D2A, CCDC103, CCDC39, CCDC40, CCM2, CCM2L, CCN1, CDC42, CDH11, CDK1, CDKN1A, CDKN1B, CER1, CERT1, CFC1, CFC1B, CHD7, CIMAP3, CITED2, CLDN5, CLUAP1, CNTRL, COL11A1, COL14A1, COL2A1, COL3A1, COL5A1, COL6A1, CPE, CPLANE2, CREB1, CRELD1, CRIP1, CRIPTO, CRIPTO3, CRKL, CSRP3, CTDP1, CTNNB1, CXADR, DAG1, DAND5, DAW1, DCHS1, DCTN5, DHRS3, DHX36, DIPK2A, DKK1, DLC1, DLL1, DLL4, DNAAF1, DNAAF3, DNAAF4, DNAH11, DNAH5, DNAI1, DRC1, DSG2, DSP, DUSP6, DVL1, DVL2, DYNC2H1, DZIP1, ECE1, EDN1, EDNRA, EEF1AKMT4-ECE2, EFNA1, EFNB2, EGFR, EGLN1, EIF4G2, ELN, EMILIN1, EMP2, ENG, EOMES, EP300, EPHB4, EPOR, ERBB2, ERBB3, ERBB4, EXT1, EYA1, FBN1, FES, FGF12, FGF2, FGF20, FGF3, FGF8, FGF9, FGFR1, FGFR2, FGFRL1, FHL2, FHOD3, FKBP1A, FKRP, FLNA, FLRT2, FLRT3, FN1, FOLR1, FOXC1, FOXC2, FOXF1, FOXH1, FOXJ1, FOXL1, FOXN4, FOXP1, FREM2, FRS2, FZD1, FZD2, FZD7, G6PD, GAA, GALNT11, GATA3, GATA4, GATA5, GATA6, GJA1, GJA5, GJB6, GJC1, GLI1, GLI2, GLI3, GNA11, GNG5, GPC3, GPER1, GREB1L, GREM1, GRHL2, GRK2, GSK3A, GYS1, HAND1, HAND2, HAS2, HCN4, HDAC3, HDAC9, HECTD1, HEG1, HES1, HEXIM1, HEY1, HEY2, HEYL, HIF1A, HNRNPU, HOPX, HOXA13, HSPB7, HTR2B, ID2, ID3, IFT122, IFT140, IFT172, IFT20, IFT25, IFT52, IFT57, IFT74, IGF1, IGF1R, IHH, IL1A, ILK, INHBA, INSR, IRX3, IRX4, ISL1, ITGA3, ITGB1, JAG1, JARID2, JMJD6, JPH2, KAT2A, KAT2B, KCNJ11, KCNJ8, KCNK2, KCNQ1, KDM6A, KDM6B, KDR, LARGE1, LBX1, LDB3, LEFTY1, LEMD2, LMNA, LMO4, LOX, LRP2, LRRC10, LRRC27, LUZP1, MAML1, MAP2K1, MAP2K2, MAP2K3, MAP2K4, MAP2K5, MAPK1, MAPK11, MAPK14, MAPK3, MATR3, MB, MBD1, MBD3, MDM2, MDM4, MECP2, MED1, MED12, MEF2A, MEF2B, MEF2C, MEF2D, MEGF8, MEIS1, MESP1, MESP2, MIB1, MICAL2, MIR1-1, MIR133A1, MIR145, MIR17, MIR17HG, MIR195, MIR199A1, MIR199B, MIR19A, MIR19B1, MIR200B, MIR204, MIR208A, MIR20A, MIR21, MIR222, MIR23A, MIR24-1, MIR25, MIR499A, MIR509-1, MIR548C, MIR590, MIR873, MIXL1, MKKS, MKS1, MMP2, MMP21, MNAT1, MOSPD3, MSC, MSX1, MSX2, MTERF4, MTHFD1, MTOR, MYBPC3, MYH11, MYH6, MYH7, MYL2, MYL3, MYL7, MYLK2, MYLK3, MYO18B, MYOCD, NAGLU, NCOA6, NDRG4, NDST1, NDUFV2, NEB, NEBL, NEK8, NF1, NFATC1, NFATC4, NIPBL, NKX2-5, NKX2-6, NKX3-1, NODAL, NOG, NOS3, NOTCH1, NOTCH2, NOTO, NOX4, NPHP3, NPPA, NPPB, NPRL3, NPY1R, NPY2R, NPY5R, NRAP, NRG1, NRP1, NRP2, NSD2, NTRK3, OBSL1, ODAD2, ODAD3, ODAD4, OLFM1, OSR1, OVOL2, OXTR, PARP2, PARVA, PAX8, PCNA, PCSK5, PDCD4, PDE2A, PDGFB, PDGFRA, PDGFRB, PDLIM1, PDLIM2, PDLIM3, PDLIM4, PDLIM5, PDLIM7, PI16, PIM1, PITX2, PKD1, PKD2, PKP2, PLEC, PLN, PLXNA4, PLXND1, POFUT1, POPDC2, POPDC3, POU4F1, POU4F2, POU6F1, PPARA, PPP1R13L, PPP3CB, PPP3R1, PRDM1, PRICKLE1, PRICKLE4, PRKAR1A, PRKDC, PRKG1, PRMT1, PROX1, PSEN1, PSKH1, PTCD2, PTCH1, PTEN, PTK2, PTK7, PTPN11, RAMP2, RARA, RARB, RB1, RB1CC1, RBM15, RBM20, RBM24, RBP4, RBPJ, REST, RGS2, RGS4, RHOA, RIPPLY3, RNF207, ROBO1, ROBO2, ROCK1, ROCK2, RPGRIP1L, RPS6KA2, RTN4, RUNX1, RYR1, RYR2, S1PR1, SALL1, SALL4, SAV1, SCN5A, SCUBE1, SCX, SEC24B, SEMA3C, SETD2, SETDB2, SFRP2, SGCB, SGCD, SGCG, SGCZ, SH3PXD2B, SHC1, SHH, SHOX2, SIK1, SIRT6, SIX1, SKI, SLC8A1, SLC9A1, SLIT2, SLIT3, SMAD1, SMAD2, SMAD3, SMAD4, SMAD5, SMAD6, SMAD7, SMARCD3, SMG9, SMO, SMYD1, SMYD2, SMYD4, SNAI1, SNAI2, SNX17, SOD2, SORBS2, SOS1, SOX11, SOX17, SOX18, SOX4, SOX6, SOX9, SPRED1, SPRY1, SRF, SRI, STIL, STK3, STK4, STRA6, SUFU, SYNE1, SYNPO2L, SYPL2, TAB1, TAB2, TAFAZZIN, TBC1D32, TBX1, TBX18, TBX19, TBX2, TBX20, TBX3, TBX5, TBX6, TBXT, TCAP, TCF25, TEAD2, TEK, TENM4, TFDP2, TGFB1, TGFB2, TGFBR1, TGFBR2, TGFBR3, TH, TIE1, TMED2, TMEM100, TMEM65, TNFRSF1A, TNFRSF1B, TNNC1, TNNI1, TNNI3, TNNT2, TOMM70, TP53, TP73, TPM1, TRAF3IP2, TREX1, TRIP11, TSC1, TSC2, TTN, TWIST1, UTY, VANGL2, VCAM1, VEGFA, VEGFB, VGLL4, WDR11, WIF1, WNK1, WNT11, WNT16, WNT2, WNT3A, WNT5A, WT1, XIRP2, YAP1, YY1, ZBTB14, ZDHHC16, ZFP36L1, ZFPM1, ZFPM2, ZIC3, ZMIZ1, ZMPSTE24
GO:0048598	embryonic morphogenesis	618	8	2.16	0.00136	0.008023255813953488	ABL1, ACD, ACVR1, ACVR2A, ACVR2B, ADIPOQ, ADM, AFF3, AHDC1, AHI1, ALDH1A2, ALDH1A3, ALX1, ALX3, ALX4, AMOT, ANKRD24, APAF1, APELA, APLN, APLNR, APOA1, AR, ARFRP1, ARHGAP35, ARL13B, ARMC5, ASB2, ATOH1, ATOH8, ATP6V1B1, ATP8A2, AXIN1, B9D1, BAX, BBS4, BBS5, BBS7, BCL10, BCL2L11, BCR, BLOC1S5, BMI1, BMP4, BMP5, BMP7, BMPR1A, BMPR2, BPNT2, BRD2, BRD3, C2CD3, C2orf49, CACNA1C, CASP3, CC2D2A, CCDC103, CCDC39, CCDC40, CCN1, CDC73, CDH23, CDK20, CDKN1C, CDON, CECR2, CELSR1, CEP290, CER1, CFC1, CFC1B, CHD7, CHRNA10, CHRNA9, CHST11, CITED2, CLASP1, CLASP2, CLRN1, CLRN2, CLUAP1, COBL, COL11A1, COL12A1, COL2A1, COL4A2, COL5A1, COL5A2, COL6A1, COL7A1, COL8A1, CRABP2, CRB2, CREBBP, CTHRC1, CTNNB1, CTR9, CUL3, CYP26B1, DACT1, DAG1, DCANP1, DEAF1, DKK1, DLC1, DLD, DLG1, DLL1, DLL4, DLX2, DLX5, DLX6, DNAAF1, DNAJB6, DSCAML1, DUSP1, DUSP2, DUSP4, DUSP5, DVL1, DVL2, DVL3, DYNC2H1, DYNC2I1, ECE1, EDN1, EDNRA, EFEMP1, EFNA1, EIF4A3, EN1, ENG, EOMES, EPB41L5, EPHA2, EPHB2, ETS2, ETV2, EXOC4, EXT1, EXT2, EYA1, EYA2, FBN1, FBN2, FBXW4, FGF10, FGF2, FGF4, FGF8, FGF9, FGFR1, FGFR2, FLRT3, FLT1, FLVCR1, FN1, FOLR1, FOXA2, FOXC1, FOXC2, FOXE1, FOXF1, FOXF2, FOXG1, FOXH1, FOXI1, FOXL2, FOXN4, FRAS1, FREM2, FRS2, FRZB, FUZ, FZD1, FZD2, FZD3, FZD5, FZD6, FZD7, GATA2, GATA3, GATA4, GATA6, GBX2, GCM1, GDF3, GDF5, GDF7, GDNF, GJA1, GJB5, GJB6, GLI1, GLI2, GLI3, GLMN, GNA12, GPC3, GPI, GRB2, GREM1, GREM2, GRHL2, GRHL3, GRSF1, GRXCR2, GSC, HAND1, HAND2, HDAC1, HDAC2, HES1, HES5, HESX1, HIF1A, HIPK1, HIPK2, HIRA, HLX, HMGA2, HMX2, HMX3, HNF1B, HNF4A, HOXA1, HOXA10, HOXA11, HOXA13, HOXA2, HOXA3, HOXA4, HOXA5, HOXA7, HOXA9, HOXB1, HOXB2, HOXB3, HOXB4, HOXB5, HOXB6, HOXB7, HOXB8, HOXB9, HOXC10, HOXC11, HOXC4, HOXC9, HOXD10, HOXD12, HOXD13, HOXD3, HOXD4, HOXD9, HPN, HS2ST1, HSBP1, HTR2B, HYAL1, ID2, IFT122, IFT140, IFT172, IFT52, IFT57, IGF2, IHH, IL10, IL1RN, INHBA, INSIG1, INSIG2, INTU, IRX1, IRX2, IRX3, IRX5, ITGA2, ITGA3, ITGA4, ITGA5, ITGA7, ITGA8, ITGAV, ITGB1, ITGB2, ITGB3, ITGB4, ITGB5, JAG2, KAT2A, KCNQ1, KCNQ4, KDF1, KDM2B, KDM6B, KIF16B, KIF20B, KLF4, LAMA3, LAMA5, LAMB1, LAMB3, LATS1, LATS2, LBX1, LBX2, LDB1, LEF1, LEO1, LHFPL5, LHX1, LHX2, LIAS, LMBR1, LMBRD1, LMO4, LNPK, LRIG1, LRIG3, LRP2, LRP4, LRP5, LUZP1, MAB21L2, MACROH2A1, MAFB, MAP2K1, MAP2K5, MAP3K20, MAPK1, MAPK3, MAPK7, MBNL1, MBP, MDFI, MED1, MED12, MEF2C, MEGF8, MESP1, MESP2, MFAP2, MFAP5, MIB1, MICAL2, MIR1-1, MIR145, MIR150, MIR200C, MIR221, MIXL1, MKKS, MKS1, MMP14, MMP15, MMP16, MMP2, MMP8, MMP9, MSGN1, MSX1, MSX2, MTHFD1, MTHFD1L, MTHFR, MYADM, MYF5, MYH3, MYH9, MYO15A, MYO3A, MYO3B, MYO6, MYO7A, NAGLU, NANOG, NAT8B, NCOA1, NDRG4, NDST1, NEUROD1, NEUROG1, NF2, NHERF1, NIPBL, NKX2-5, NKX3-2, NODAL, NOG, NOTCH1, NOTCH2, NOTO, NPHP3, NR0B1, NR4A3, NTN1, OPA1, OSR1, OSR2, OTOP1, OTX1, OTX2, OVOL2, PAF1, PALS1, PAX2, PAX5, PAX6, PAX8, PBX1, PBX2, PCDH8, PCGF2, PDGFRA, PDX1, PDZD7, PFN1, PHACTR4, PHLDB1, PHLDB2, PITX1, PKD2, PLPP3, PLS1, PLXNB2, POFUT2, POGLUT1, POU3F4, POU4F3, POU5F1, PPP1R35, PRICKLE1, PRKACA, PRKACB, PRKAR1A, PRKRA, PROX1, PRRX1, PSEN1, PTCH1, PTK7, RACK1, RALA, RARA, RARB, RARG, RBM14, RBP4, RBPMS2, RDH10, RECK, RET, RGMA, RIC8A, RNF2, RNF207, ROCK1, ROCK2, RPGRIP1L, RPL38, RPS7, RSPO2, RSPO3, RTF1, RUNX2, RYR2, SALL1, SALL4, SATB2, SCRIB, SCX, SDC4, SEC24B, SEMA4C, SETD2, SETDB2, SFRP1, SFRP2, SHH, SHOX2, SIX1, SIX2, SIX3, SIX4, SKI, SLC39A1, SLC39A12, SLC39A3, SLC44A4, SLITRK6, SMAD1, SMAD2, SMAD3, SMAD4, SMO, SNAI1, SOBP, SOCS3, SOD1, SOS1, SOX11, SOX17, SOX18, SOX2, SOX7, SOX8, SOX9, SP3, SP8, SP9, SPINT1, SPINT2, SPRY2, SRF, ST14, STIL, STK3, STK4, STOX1, STRA6, STRC, SUFU, SULF1, SUPT20H, SYF2, TAF10, TAL1, TASOR, TBC1D32, TBX1, TBX15, TBX18, TBX19, TBX2, TBX20, TBX3, TBX4, TBX5, TBX6, TBXT, TCAP, TCF21, TCTN1, TEAD2, TECTA, TENM4, TFAP2A, TGFB1, TGFB1I1, TGFB2, TGFB3, TGFBR1, TGFBR2, TGIF2, TH, TIFAB, TLX2, TMED2, TMEM107, TMEM231, TMIE, TP53, TP63, TPRN, TRAF6, TRIM15, TRIM28, TRIM71, TRIOBP, TSC1, TSC2, TSHZ1, TTC39C, TULP3, TWIST1, TWSG1, TXNRD1, UGDH, USH1C, USH1G, VANGL2, VASP, VAX2, VEGFC, VTN, WDPCP, WDR19, WHRN, WLS, WNK1, WNT1, WNT11, WNT16, WNT2, WNT2B, WNT3, WNT3A, WNT4, WNT5A, WNT5B, WNT6, WNT7A, WNT7B, WNT8B, WNT9B, YAP1, YBX1, YTHDF2, ZBTB16, ZBTB17, ZEB1, ZFP36L1, ZIC1, ZIC3, ZNF281, ZNF358, ZNF568
GO:0000165	MAPK cascade	770	9	2.69	0.00137	0.008023255813953488	ABCA7, ABL1, ACE2, ACKR3, ACTA2, ADAM8, ADAM9, ADCYAP1, ADIPOQ, ADORA1, ADRA1A, ADRA1B, ADRA2A, ADRA2B, ADRA2C, ADRB2, ADRB3, AGER, AGT, AIDA, AKAP12, AKAP13, ALKAL1, ALKAL2, ALOX12B, ALOX15, AMBP, ANGPT1, ANKRD6, APELA, APIP, APOE, APP, AR, ARAF, ARHGAP8, ARHGEF5, ARHGEF6, ARL6IP5, ARRB1, ARRB2, ASH1L, ATF2, ATF3, ATP6AP2, AVP, AVPI1, AVPR1B, AXIN1, BANK1, BCAR3, BECN1, BIRC7, BMP2, BMP4, BMPER, BRAF, BRAP, BTN2A2, C1QL4, C1QTNF1, C3orf33, C5AR1, CALCR, CAMKK2, CARD9, CARTPT, CASC2, CASR, CAV1, CAV2, CAV3, CAVIN3, CBLC, CCL1, CCL11, CCL13, CCL14, CCL15, CCL16, CCL17, CCL18, CCL19, CCL2, CCL20, CCL21, CCL22, CCL23, CCL24, CCL25, CCL26, CCL3, CCL3L1, CCL3L3, CCL4, CCL4L1, CCL5, CCL7, CCL8, CCM2, CCN1, CCN2, CCR1, CCR5, CCR7, CD24, CD27, CD2AP, CD300A, CD36, CD4, CD40, CD44, CD74, CD81, CDC42, CDC42EP5, CDH2, CDK1, CDK10, CDK5RAP3, CDON, CEACAM1, CFLAR, CHI3L1, CHRNA10, CHRNA7, CIB1, CNKSR3, COPS5, CRIPTO, CRK, CRKL, CRYAB, CRYBA1, CSF1R, CSK, CSPG4, CTNNB1, CTSH, CX3CL1, CXCL17, CYLD, DAB2, DAB2IP, DACT1, DAG1, DAXX, DDT, DEFB114, DENND2B, DHX33, DKK1, DLG1, DNAJA1, DNAJC27, DOK1, DOK2, DOK3, DOK4, DOK5, DOK6, DRD2, DRD4, DSTYK, DUSP1, DUSP10, DUSP13B, DUSP16, DUSP19, DUSP2, DUSP22, DUSP26, DUSP29, DUSP3, DUSP4, DUSP5, DUSP6, DUSP7, DUSP8, DUSP9, DVL2, DVL3, EDA2R, EDAR, EDN1, EDN3, EFNA1, EGF, EGFR, EIF2AK2, ELANE, EMILIN1, EPGN, EPHA2, EPHA4, EPHA7, EPHA8, EPHB1, EPHB2, EPO, ERBB2, ERBB4, ERCC6, ERN1, ERP29, EZH2, EZR, F2R, F2RL1, FAM83D, FAS, FBLN1, FBXW7, FCGR2B, FCRL3, FERMT2, FFAR4, FGA, FGB, FGF1, FGF10, FGF13, FGF18, FGF19, FGF2, FGF20, FGF21, FGF23, FGF4, FGF8, FGFR1, FGFR2, FGFR3, FGFR4, FGG, FKTN, FLCN, FLT1, FLT3, FLT4, FN1, FOXM1, FOXO1, FPR2, FRS2, FSHR, FZD10, FZD7, GADD45A, GADD45B, GADD45G, GAREM1, GAS6, GBA1, GBP1, GCG, GCNT2, GDF15, GDF6, GFRAL, GH1, GHR, GHRL, GLIPR2, GNAI2, GPBAR1, GPER1, GPNMB, GPR183, GPR37, GPR37L1, GPR55, GPS1, GPS2, GRAP, GRAP2, GRB10, GRB2, GRIK2, GRM1, GRM4, GRM5, GSDME, GSTP1, HACD3, HAND2, HAVCR2, HCRTR1, HDAC3, HESX1, HGF, HIPK2, HIPK3, HLA-DRB1, HMGB1, HMGCR, HRAS, HRH4, HSF1, HTR2A, HTR2B, HTR2C, HYAL2, IAPP, ICAM1, IGBP1, IGF1, IGF1R, IGF2, IGFBP3, IGFBP4, IGFBP6, IKBKB, IL11, IL1A, IL1B, IL26, IL31RA, IL34, IL6, INAVA, INHBA, INPP5K, INS, INSR, IQGAP1, IQGAP3, IRAK1, IRAK3, IRAK4, ITCH, ITGA1, ITGAV, ITGB1BP1, ITGB3, ITPKB, JAK2, JCAD, KARS1, KCNJ8, KDR, KISS1, KIT, KL, KLB, KLHDC10, KLHL31, KRAS, KSR1, KSR2, LAMTOR1, LAMTOR2, LAMTOR3, LAPTM5, LAX1, LBH, LEMD2, LEP, LGALS9, LIF, LILRA5, LILRB4, LMO3, LPAR1, LPAR2, LPAR3, LRRK2, LTBR, LYN, MADD, MAP1LC3A, MAP2K1, MAP2K2, MAP2K3, MAP2K4, MAP2K5, MAP2K6, MAP2K7, MAP3K1, MAP3K10, MAP3K11, MAP3K12, MAP3K13, MAP3K14, MAP3K15, MAP3K2, MAP3K20, MAP3K21, MAP3K3, MAP3K4, MAP3K5, MAP3K6, MAP3K7, MAP3K8, MAP3K9, MAP4K1, MAP4K2, MAP4K3, MAP4K4, MAP4K5, MAPK1, MAPK10, MAPK11, MAPK12, MAPK13, MAPK14, MAPK15, MAPK3, MAPK4, MAPK6, MAPK7, MAPK8, MAPK8IP1, MAPK8IP2, MAPK8IP3, MAPK9, MAPKAPK2, MAPKAPK3, MAPKAPK5, MAPKBP1, MARCO, MARVELD3, MBIP, MBP, MDFIC, MECOM, MEF2A, MEF2C, MEN1, MFAP3, MFHAS1, MID1, MIF, MINK1, MIR126, MIR133A1, MIR133B, MIR138-1, MIR145, MIR181A2, MIR181B1, MIR181D, MIR185, MIR200C, MIR205, MIR20A, MIR21, MIR218-1, MIR221, MIR23A, MIR24-1, MIR26A1, MIR27A, MIR27B, MIR424, MIR503, MIR519D, MIR92A1, MIRLET7B, MOS, MST1R, MT3, MTURN, MYC, MYD88, MYDGF, MYOC, NAIP, NBR1, NCF1, NCOR1, NDRG2, NDRG4, NDST1, NECAB2, NEK10, NELFE, NENF, NF1, NF2, NFKB1, NHERF1, NKD1, NLK, NLRP12, NLRP6, NMNAT1, NOD1, NOD2, NODAL, NOTCH1, NOTCH2, NOX1, NOX4, NPFFR2, NPHS1, NPNT, NPPA, NPR2, NPSR1, NPY5R, NRAS, NRG1, NRK, NRP1, NRTN, NTF3, NTRK1, NTRK2, NTRK3, OPRK1, OPRM1, OR2AT4, OSM, OXTR, P2RX7, P2RY1, P2RY6, PABPN1, PAFAH1B1, PAGE4, PAK1, PAK2, PAK3, PAK4, PAK5, PAK6, PAQR3, PBK, PDCD10, PDCD4, PDE6G, PDE6H, PDE8A, PDE8B, PDGFA, PDGFB, PDGFC, PDGFD, PDGFRA, PDGFRB, PEA15, PEBP1, PELI2, PER1, PHB1, PHB2, PHLPP1, PIK3CB, PIK3CG, PIK3R2, PIK3R5, PIK3R6, PIN1, PINK1, PJA2, PKHD1, PLA2G1B, PLA2G2A, PLA2G5, PLCB1, PLCG2, PLVAP, POU4F2, PPARG, PPEF2, PPIA, PPM1L, PPP1CB, PPP1CC, PPP2R1A, PPP5C, PRDM11, PRDM15, PRDX1, PRDX2, PRKCA, PRKCD, PRKCE, PRKCZ, PRKD2, PRKN, PRMT1, PRMT5, PROK1, PRXL2C, PSCA, PSMD10, PTGER4, PTK2B, PTPN1, PTPN11, PTPN2, PTPN22, PTPN3, PTPN6, PTPN7, PTPRC, PTPRJ, PTPRR, PYCARD, QARS1, RAF1, RAMP3, RANBP9, RAP1A, RAP1B, RAP1GDS1, RAP2A, RAPGEF2, RASGRP1, RASGRP3, RASSF2, RB1CC1, RBX1, RCE1, RELL1, RELL2, REN, RET, RGS14, RGS2, RHBDD3, RIPK1, RIPK2, RIT2, RNF149, RNF41, ROBO1, ROCK1, ROCK2, ROS1, RPS3, RPS6KA6, RRAS, RYK, S100A12, S100A7, SASH1, SBK2, SCG2, SCIMP, SDCBP, SEMA3A, SEMA4C, SEMA6A, SEMA7A, SERPINB3, SERPINF2, SETX, SH2B3, SH2D3A, SH2D3C, SH3RF1, SH3RF2, SH3RF3, SHANK3, SHC1, SIRPA, SIRT3, SLA, SLAMF1, SLC30A10, SMAD1, SMAD3, SMAD4, SMPD1, SOD1, SORBS3, SOX2, SOX9, SPAG9, SPHK1, SPI1, SPRED1, SPRED2, SPRED3, SPRY1, SPRY2, SPRY3, SPRY4, SRC, SSTR4, STK25, STK3, STK38, STK39, STK4, STK40, STRADB, STUB1, STYX, STYXL2, SYK, SYNGAP1, SYNJ2BP, SYT14P1, TAB1, TAOK1, TAOK2, TAOK3, TBC1D10C, TBX1, TEK, TENM1, TF, TGFA, TGFB1, TGFB2, TGFB3, THBS1, THPO, TIAM1, TIRAP, TLR3, TLR4, TLR6, TLR7, TLR9, TMEM106A, TNF, TNFAIP8L3, TNFRSF11A, TNFRSF19, TNFSF11, TNIK, TNIP1, TP73, TPBG, TPD52L1, TRAF2, TRAF4, TRAF6, TRAF7, TREM2, TRIB1, TRIM5, TRPV4, UCHL1, ULK4, UNC5CL, USP17L2, VEGFA, VRK2, VRK3, WDR54, WNK2, WNK4, WNT16, WNT4, WNT5A, WNT7A, WNT7B, WWC1, XCL1, XCL2, XDH, XIAP, YWHAE, YWHAZ, ZC3H12A, ZDHHC17, ZDHHC9, ZFP36, ZFP36L1, ZFP36L2, ZMYND11, ZNF622, ZNF675
GO:0009888	tissue development	2032	16	7.1	0.00138	0.008023255813953488	ABCA12, ABHD15, ABI1, ABI2, ABL1, ACADM, ACADVL, ACAT1, ACER1, ACTA1, ACTA2, ACTB, ACTC1, ACTG1, ACTG2, ACTL8, ACTN2, ACTN3, ACVR1, ACVR1B, ACVR2A, ACVR2B, ACVRL1, ADA, ADAM15, ADAM17, ADAM7, ADAM8, ADAM9, ADAMTS12, ADAMTS16, ADAMTS5, ADAMTS7, ADAMTS9, ADAMTSL2, ADAMTSL4, ADARB1, ADD1, ADGRV1, ADIPOQ, ADIPOR1, ADM, ADPRHL1, ADRA1A, ADRB2, AFDN, AGPAT2, AGR2, AGT, AGTR2, AHDC1, AHI1, AHSG, AIMP2, AIRE, AJAP1, AJUBA, AKAP13, AKAP6, AKIRIN1, AKNA, AKR1B1, AKR1C1, AKR1C2, AKR1C3, AKT1, AKT2, ALDH1A2, ALDH1A3, ALDH3A2, ALDOC, ALOX12, ALOX12B, ALOX15, ALOX15B, ALOX5, ALOXE3, ALPK2, ALPK3, ALPL, ALX1, ALX4, AMBN, AMBRA1, AMELX, AMELY, AMER1, AMER2, AMH, AMTN, ANHX, ANKH, ANKRD1, ANKRD24, ANKRD33, ANO6, ANXA1, ANXA4, ANXA7, AP3B1, APAF1, APC, APCDD1, APELA, APLF, APLNR, APOLD1, AQP1, AQP11, AQP3, AR, ARB2A, ARC, AREG, ARG2, ARHGAP12, ARHGAP24, ARHGAP35, ARHGEF26, ARID2, ARID4A, ARID4B, ARID5A, ARID5B, ARL13B, ARMC5, ARRB2, ARRDC3, ARTN, ARX, ASAH1, ASB2, ASCL1, ASCL2, ASCL3, ASH1L, ASPN, ASTN2, ASXL1, ATF2, ATF3, ATF4, ATG4B, ATG5, ATM, ATOH1, ATOH8, ATP2A2, ATP2B1, ATP2C1, ATP2C2, ATP6AP2, ATP7A, ATRAID, ATRX, AXIN1, AXIN2, B4GALNT2, B4GALT1, B9D1, BAD, BAMBI, BARX1, BARX2, BASP1, BAX, BBS1, BBS2, BBS4, BBS5, BBS7, BCCIP, BCL10, BCL11B, BCL2, BCL9, BCL9L, BCOR, BCR, BDH2, BFSP1, BFSP2, BGLAP, BGN, BHLHA15, BIN3, BLTP1, BMAL1, BMI1, BMP1, BMP10, BMP2, BMP2K, BMP3, BMP4, BMP5, BMP6, BMP7, BMP8A, BMP8B, BMPER, BMPR1A, BMPR1B, BMPR2, BMX, BNC1, BNC2, BPNT2, BPTF, BRCA2, BRD2, BRD3, BRSK1, BRSK2, BSG, BTBD7, BTG1, BTG2, BTK, BTRC, BVES, C1GALT1, C2CD3, C3, CA2, CA9, CACNA1G, CACNA1S, CACNB4, CALB1, CALML5, CALR, CAMSAP3, CARMIL2, CASP14, CASP3, CASP6, CASQ1, CASR, CAT, CAV1, CAV2, CAV3, CBFA2T2, CBR1, CBS, CBY1, CC2D2A, CCDC103, CCDC154, CCDC39, CCDC40, CCDC78, CCDC88C, CCL11, CCL3, CCM2, CCN1, CCN2, CCN3, CCN4, CCND1, CCNO, CCNT2, CCR1, CD109, CD151, CD24, CD34, CD44, CDC42, CDC73, CDH2, CDH23, CDH3, CDH5, CDHR2, CDK1, CDK20, CDK5, CDK6, CDKN1A, CDKN1B, CDKN1C, CDKN2B, CDON, CDSN, CDX1, CDX2, CEACAM1, CEBPA, CEBPB, CECR2, CELSR1, CEMP1, CENPF, CEP152, CEP290, CEP63, CER1, CERS3, CES1, CFL2, CFLAR, CFTR, CHADL, CHD7, CHI3L1, CHRD, CHRDL2, CHRNA1, CHRND, CHST11, CHSY1, CIMAP3, CITED1, CITED2, CLASP1, CLASP2, CLCN2, CLDN1, CLDN3, CLDN4, CLDN5, CLEC3B, CLIC4, CLOCK, CLRN1, CLRN2, CLUAP1, CNFN, CNMD, CNN3, CNNM4, CNTNAP1, COBL, COL11A1, COL11A2, COL12A1, COL14A1, COL17A1, COL18A1, COL19A1, COL1A1, COL1A2, COL27A1, COL2A1, COL3A1, COL4A1, COL4A2, COL5A1, COL5A2, COL6A1, COL7A1, COL8A1, COMP, COPS2, CORO1C, CPLANE2, CPS1, CPT1A, CRABP2, CRB2, CREB1, CREB3L2, CRELD1, CRIP1, CRLF1, CRYGB, CRYGD, CRYGS, CSF1, CSF1R, CSGALNACT1, CSMD1, CSNK2B, CSRP1, CSRP2, CSRP3, CST6, CSTA, CTC1, CTDNEP1, CTDP1, CTHRC1, CTNNB1, CTNNBIP1, CTNS, CTR9, CTSB, CTSH, CTSK, CTSZ, CUL7, CXADR, CXCL10, CXCR2, CXCR4, CYP1A1, CYP1B1, CYP26B1, CYP26C1, CYP27B1, CYP7B1, CYSRT1, CYTL1, DAB2, DAB2IP, DACT1, DACT2, DACT3, DAG1, DAND5, DCAF13, DCHS1, DCT, DDR1, DDR2, DDRGK1, DDX17, DDX5, DEAF1, DEDD, DEUP1, DGAT2, DHCR24, DHRS7B, DHRS9, DIPK2A, DKK1, DKK4, DLC1, DLG1, DLG3, DLG5, DLL1, DLL3, DLL4, DLX2, DLX3, DLX5, DLX6, DMBT1, DMD, DMP1, DMRT1, DMRT2, DMRTA2, DNAAF1, DNASE1L2, DNER, DNPH1, DPPA4, DSG2, DSG4, DSP, DSPP, DUSP1, DUSP10, DUSP2, DUSP4, DUSP5, DVL1, DVL2, DVL3, DYRK1B, DZIP1L, E2F4, E2F7, E2F8, EBF2, ECE1, ECM1, EDA, EDA2R, EDAR, EDF1, EDN1, EDN3, EDNRA, EDNRB, EFEMP1, EFEMP2, EFNA1, EFNB1, EFNB2, EGF, EGFR, EGLN1, EGR1, EGR2, EHF, EIF2AK3, ELAPOR2, ELL3, ELN, ELOVL1, EMD, EMP1, EMP2, EMX1, EN1, ENAM, ENG, ENPP1, EOMES, EP300, EPAS1, EPB41L5, EPCAM, EPHA2, EPHA3, EPHA4, EPHA7, EPHB1, EPOR, EPPK1, EPYC, ERBB3, ERBB4, ERCC2, ERCC3, EREG, ERRFI1, ESR1, ESRP1, ESRP2, ETS2, ETV2, ETV4, EVC, EVPL, EXOC4, EXOC5, EXPH5, EXT1, EXT2, EXTL3, EYA1, EYA2, EZH2, EZR, F11R, F2RL1, FA2H, FABP5, FAM20A, FAM20C, FAM83D, FAM83H, FASN, FAT1, FBN2, FBXL15, FBXL17, FBXO22, FBXO5, FEM1B, FER, FERD3L, FERMT1, FERMT2, FES, FGF1, FGF10, FGF18, FGF2, FGF20, FGF23, FGF3, FGF4, FGF6, FGF7, FGF8, FGF9, FGFR1, FGFR2, FGFR3, FGR, FHL2, FHOD3, FIGNL2, FKBP1A, FKBP8, FKBPL, FKRP, FLCN, FLG, FLG2, FLNA, FLNB, FLOT1, FLOT2, FLRT3, FMN1, FN1, FN3K, FNDC3A, FOLR1, FOS, FOSL2, FOXA1, FOXA2, FOXB1, FOXC1, FOXC2, FOXD1, FOXE1, FOXE3, FOXF1, FOXF2, FOXH1, FOXI3, FOXJ1, FOXJ2, FOXL1, FOXL2, FOXN1, FOXN2, FOXN4, FOXP1, FOXP3, FOXQ1, FRAS1, FREM2, FRMD6, FRS2, FRZB, FST, FSTL1, FTO, FUZ, FZD1, FZD2, FZD3, FZD4, FZD5, FZD6, FZD7, FZD9, FZR1, G6PD, GAA, GAL, GAS6, GATA1, GATA2, GATA3, GATA4, GATA5, GATA6, GBA1, GBX2, GCM1, GCNT1, GCNT2, GCNT3, GCNT4, GDF11, GDF2, GDF3, GDF5, GDF6, GDF7, GDNF, GHR, GHRL, GHSR, GJA1, GJA4, GJA5, GJB2, GJB5, GJB6, GJC1, GLG1, GLI1, GLI2, GLI3, GLIPR2, GLMN, GNA13, GORAB, GPAT4, GPC1, GPC3, GPCPD1, GPI, GPLD1, GPM6B, GPR161, GPR4, GPX1, GRB2, GREB1L, GREM1, GRHL1, GRHL2, GRHL3, GRSF1, GRXCR1, GRXCR2, GSC, GSDME, GSK3A, GSK3B, GSTA1, GSTA2, GSTK1, GSTM3, GTF3C5, GZF1, HAND1, HAND2, HAPLN2, HAS2, HBEGF, HCK, HCN4, HDAC1, HDAC2, HDAC3, HDAC9, HEG1, HES1, HES5, HES7, HESX1, HEY1, HEY2, HEYL, HGF, HHIP, HIF1A, HIVEP3, HLA-DRB1, HLF, HLX, HMG20B, HMGA2, HMGCS2, HNF1B, HNRNPAB, HNRNPH3, HNRNPU, HOMER1, HOPX, HOXA11, HOXA13, HOXA3, HOXA5, HOXA7, HOXB13, HOXB2, HOXB3, HOXB4, HOXB5, HOXB7, HOXC11, HOXC13, HOXC4, HOXD10, HOXD11, HOXD13, HOXD3, HOXD9, HPN, HPSE, HRAS, HRNR, HS2ST1, HS3ST3A1, HS3ST3B1, HSBP1, HSD17B1, HSD17B4, HSF4, HTN1, HTN3, HTR2B, HYAL1, HYAL2, HYAL3, HYDIN, IBSP, ICAM1, ID2, ID3, ID4, IFITM5, IFNG, IFRD1, IFT122, IFT140, IFT172, IFT20, IFT52, IFT57, IFT74, IFT80, IGF1, IGF2, IGFBP5, IGSF8, IHH, IKBKB, IKZF1, IKZF3, IL10, IL13, IL17A, IL17F, IL17RD, IL18, IL1A, IL1B, IL20, IL31RA, IL6, IL6R, IL6ST, ILK, INHBA, INSM1, INSR, INTU, IPO7, IQGAP1, IQGAP3, IRF6, IRX1, IRX2, IRX3, ISG15, ISL1, ITGA2, ITGA3, ITGA4, ITGA5, ITGA6, ITGA7, ITGA8, ITGAM, ITGAV, ITGAX, ITGB1, ITGB1BP1, ITGB2, ITGB3, ITGB4, ITGB5, ITGB6, ITGB8, ITPK1, IVL, JAG1, JAG2, JAK2, JARID2, JHY, JPH2, JUNB, KANK2, KAT2A, KAT5, KAZN, KBTBD8, KCNE1, KCNJ11, KCNJ8, KCNK2, KCNQ1, KDF1, KDM2B, KDM5B, KDM6B, KDR, KEAP1, KEL, KIF16B, KIF20B, KIF26B, KITLG, KL, KLF10, KLF15, KLF2, KLF4, KLF5, KLF7, KLHL12, KLHL3, KLHL40, KLHL41, KLK14, KLK4, KLK5, KLK7, KPLCE, KRAS, KRIT1, KRT1, KRT10, KRT12, KRT13, KRT14, KRT15, KRT16, KRT17, KRT19, KRT2, KRT20, KRT23, KRT24, KRT25, KRT26, KRT27, KRT28, KRT3, KRT31, KRT32, KRT33A, KRT33B, KRT34, KRT35, KRT36, KRT37, KRT38, KRT39, KRT4, KRT40, KRT5, KRT6A, KRT6B, KRT6C, KRT7, KRT71, KRT72, KRT73, KRT74, KRT75, KRT76, KRT77, KRT78, KRT79, KRT80, KRT81, KRT82, KRT83, KRT84, KRT85, KRT86, KRT9, KRTAP5-9, KRTAP6-1, KRTAP6-2, KRTAP6-3, KRTDAP, LAMA1, LAMA3, LAMA5, LAMB1, LAMB2, LAMB3, LAMC1, LAMC2, LARGE1, LATS1, LATS2, LBH, LBX1, LBX2, LCE1A, LCE1B, LCE1C, LCE1D, LCE1E, LCE1F, LCE2A, LCE2B, LCE2C, LCE2D, LCE3A, LCE3B, LCE3C, LCE3D, LCE3E, LCE4A, LCE5A, LCE6A, LCE7A, LDB1, LDB2, LDLRAD4, LEF1, LEMD2, LEO1, LEP, LFNG, LGALS3, LGR4, LGR5, LHFPL5, LHX1, LHX2, LHX3, LIAS, LIF, LIN7C, LIPA, LIPK, LIPM, LIPN, LMNA, LMO4, LMOD3, LNPK, LOC102724560, LORICRIN, LOX, LOXL2, LOXL3, LPL, LRG1, LRP2, LRP4, LRP5, LRP6, LRRC10, LRRC17, LRRC27, LSR, LTA4H, LTBP3, LTF, LUC7L, LUZP1, LZTS2, MACROH2A1, MACROH2A2, MAD2L2, MAF, MAFB, MAFF, MAFG, MAGED1, MAGI2, MAML1, MANSC4, MAP1B, MAP2K1, MAP2K2, MAP2K4, MAPK1, MAPK11, MAPK14, MAPK3, MARCKS, MARK1, MARVELD2, MATN1, MATN3, MBD3, MBOAT2, MCIDAS, MCOLN3, MCRIP1, MDK, MDM2, MDM4, MED1, MED12, MED20, MEF2A, MEF2C, MEF2D, MEGF10, MEGF8, MEIS1, MEOX1, MEOX2, MEPE, MESD, MESP1, MESP2, MEST, MET, METTL21C, MEX3C, MFSD2A, MGP, MIB1, MICAL2, MINPP1, MIR1-1, MIR10A, MIR125A, MIR125B1, MIR130A, MIR138-1, MIR142, MIR143, MIR144, MIR145, MIR149, MIR150, MIR15B, MIR16-1, MIR17HG, MIR181A2, MIR181B1, MIR18A, MIR18B, MIR195, MIR199A1, MIR199B, MIR19A, MIR19B1, MIR200B, MIR200C, MIR202, MIR204, MIR208A, MIR21, MIR221, MIR222, MIR23A, MIR24-1, MIR25, MIR29B1, MIR302A, MIR302B, MIR326, MIR342, MIR34A, MIR372, MIR379, MIR495, MIR499A, MIR509-1, MIR518B, MIR519D, MIR541, MIR548C, MIR573, MIR590, MIR873, MIR99B, MIXL1, MKKS, MKS1, MMP12, MMP13, MMP14, MMP15, MMP2, MMP20, MMP8, MMP9, MMRN2, MRTFA, MRTFB, MSC, MSGN1, MSI1, MSN, MSTN, MSX1, MSX2, MTHFD1, MTHFD1L, MTHFR, MTM1, MTOR, MTPN, MTSS1, MUSTN1, MYADM, MYBPC3, MYC, MYCL, MYD88, MYF5, MYF6, MYH11, MYH14, MYH6, MYH7, MYH9, MYL11, MYL2, MYL3, MYL6, MYL6B, MYL7, MYLK, MYLK2, MYLK3, MYO18B, MYO1E, MYO6, MYO7A, MYO9A, MYOCD, MYOD1, MYOG, MYOM1, MYOM2, MYORG, MYOZ1, MYOZ2, MYSM1, NAB1, NAB2, NAGLU, NANOG, NBR1, NCAM1, NCLN, NCOA1, NCOA2, NCOA3, NDP, NDRG4, NDUFV2, NEB, NEBL, NECTIN1, NELL1, NEURL1, NEUROD1, NEUROG3, NF1, NF2, NFATC2, NFATC4, NFIA, NFIB, NFKBIZ, NGFR, NHERF1, NIBAN2, NKD1, NKX2-1, NKX2-2, NKX2-3, NKX2-5, NKX2-6, NKX3-1, NKX3-2, NKX6-1, NKX6-2, NKX6-3, NLE1, NLN, NME2, NODAL, NOG, NOLC1, NOM1, NOMO1, NOMO3, NOS3, NOTCH1, NOTCH2, NOTCH4, NOTO, NOTUM, NOX4, NPHP1, NPHP3, NPHS1, NPHS2, NPNT, NPPA, NPPB, NPPC, NPR2, NPRL3, NPY, NR0B1, NR1D2, NR1H4, NR2F2, NR3C1, NR4A1, NR5A1, NR5A2, NRAP, NRARP, NRG1, NRP1, NRP2, NRTN, NSDHL, NSUN2, NTF4, NTN1, NTN4, NTRK1, NUMA1, NUP133, NUPR1, OBSL1, OC90, ODAM, ODAPH, OGN, OLFM1, ONECUT1, ONECUT2, OPA1, OPHN1, OPN3, OPTC, ORAI1, OSR1, OSR2, OTOL1, OTOP1, OTOR, OTP, OTUD5, OVOL1, OVOL2, OVOL3, P2RX2, P2RX7, PAF1, PAFAH1B1, PAK1, PALB2, PALLD, PALS1, PARP1, PARP2, PAX2, PAX5, PAX6, PAX8, PAX9, PAXIP1, PBX1, PBXIP1, PCDH8, PCK1, PCK2, PCNA, PDCD10, PDCD4, PDCD6, PDE2A, PDE4D, PDGFA, PDGFB, PDGFD, PDGFRA, PDGFRB, PDLIM5, PDPK1, PDPN, PDX1, PDZD7, PECAM1, PEF1, PELO, PERCC1, PFN1, PGK1, PGM5, PGR, PGRMC2, PHACTR4, PHB2, PHEX, PHGDH, PHLDA2, PHLDB1, PHLDB2, PHOSPHO1, PHOX2B, PI16, PIAS4, PIH1D1, PIK3CA, PIK3CD, PIM1, PIP5K1A, PITX1, PITX2, PITX3, PKD1, PKD2, PKDCC, PKHD1, PKP2, PLA2G10, PLAAT1, PLAAT3, PLAAT4, PLCB1, PLEC, PLET1, PLK4, PLN, PLOD1, PLOD3, PLS1, PLXNA1, PLXNA2, PLXNA4, PLXNB2, PLXND1, PML, PODXL, POF1B, POFUT1, POFUT2, POGLUT1, POLR1B, POPDC2, POPDC3, POSTN, POU2F3, POU3F1, POU3F2, POU3F3, POU4F1, POU4F2, POU4F3, POU5F1, PPARA, PPARD, PPARG, PPARGC1A, PPHLN1, PPIF, PPL, PPP1CA, PPP1R13L, PPP1R16B, PPP2CA, PPP2R3A, PPP3CA, PPP3CB, PPP3R1, PRDM1, PRICKLE1, PRKAA1, PRKACA, PRKACB, PRKAR1A, PRKCH, PRKD2, PRKDC, PRKG1, PRKG2, PRKX, PRLR, PRMT1, PROC, PROM1, PROX1, PRRX1, PSAP, PSAPL1, PSEN1, PTCD2, PTCH1, PTCH2, PTEN, PTER, PTF1A, PTGS2, PTH, PTH1R, PTHLH, PTK2, PTK2B, PTK6, PTK7, PTN, PTPN11, PTPRC, PTPRO, PTPRS, PUM2, PUS7, PYGO2, PYY, QKI, RAB10, RAB13, RAB25, RAD51B, RADIL, RALA, RANBP3L, RAP1A, RAP1B, RAP2C, RAPGEF1, RAPGEF2, RAPGEF3, RARA, RARB, RARG, RASAL2, RASIP1, RB1, RBBP6, RBBP9, RBFOX1, RBM15, RBM24, RBM4, RBP2, RBP4, RBPJ, RCAN1, RCN3, RDH10, RDX, REG3A, REG3G, RELA, RET, RFLNA, RFLNB, RFX3, RFX6, RGCC, RGMA, RGS2, RGS4, RHCG, RHEB, RHOA, RHOB, RHOC, RILPL1, RILPL2, RIPK4, RIPPLY1, RIPPLY2, RNF207, RNF220, ROBO1, ROBO2, ROBO4, ROCK1, ROCK2, ROR2, RORC, ROS1, RPGRIP1L, RPL38, RPL3L, RPS6KA6, RPS6KB1, RPS7, RPTOR, RREB1, RSPO2, RSPO3, RTF1, RTN4, RUNX1, RUNX2, RUNX3, RXFP1, RXRA, RXRB, RYR1, RYR2, S100A4, S100A7, S1PR1, S1PR2, S1PR3, SAFB2, SALL1, SALL4, SAP30, SAPCD2, SATB2, SAV1, SBDS, SBNO2, SCEL, SCIN, SCN5A, SCRIB, SCUBE1, SCX, SDC1, SDC4, SDCBP, SDHAF2, SEC24B, SECTM1, SELENOM, SELENON, SEMA3A, SEMA3B, SEMA3C, SEMA3D, SEMA3E, SEMA3F, SEMA3G, SEMA4A, SEMA4B, SEMA4C, SEMA4D, SEMA4F, SEMA4G, SEMA5A, SEMA5B, SEMA6A, SEMA6B, SEMA6C, SEMA6D, SEMA7A, SERPINB3, SERPINB5, SERPINB7, SERPINE1, SERPINE2, SERPINH1, SETD2, SETDB2, SETSIP, SFN, SFRP1, SFRP2, SFRP4, SGCB, SGCD, SGCG, SGCZ, SGMS2, SGPP1, SH3BP1, SH3PXD2B, SHARPIN, SHH, SHOX2, SIDT2, SIK1, SIM1, SIPA1, SIPA1L3, SIRT1, SIRT2, SIRT6, SIX1, SIX2, SIX3, SIX4, SKI, SKIL, SLC20A1, SLC20A2, SLC22A1, SLC22A6, SLC24A3, SLC24A4, SLC25A25, SLC26A2, SLC39A10, SLC39A12, SLC39A13, SLC39A14, SLC39A2, SLC39A6, SLC39A7, SLC40A1, SLC44A4, SLC4A2, SLC4A5, SLC4A7, SLC7A11, SLC8A1, SLC9A1, SLC9A2, SLC9A4, SLIT2, SLITRK6, SMAD1, SMAD2, SMAD3, SMAD4, SMAD5, SMAD6, SMAD7, SMARCB1, SMO, SMPD3, SMURF1, SMYD1, SNAI1, SNAI2, SNORC, SNX10, SNX19, SOCS3, SOD1, SORBS2, SORL1, SOS1, SOSTDC1, SOX10, SOX11, SOX15, SOX17, SOX18, SOX2, SOX21, SOX4, SOX5, SOX6, SOX7, SOX8, SOX9, SP6, SP7, SPART, SPDEF, SPG11, SPI1, SPINK5, SPINT1, SPINT2, SPP1, SPRED1, SPRED2, SPRED3, SPRR1A, SPRR1B, SPRR2B, SPRR2D, SPRR2E, SPRR2F, SPRR2G, SPRR3, SPRR4, SPRY1, SPRY2, SPTLC2, SRC, SRF, SRGN, SRPK3, SRSF6, SSBP3, ST14, STAC3, STARD13, STAT1, STAT5B, STAT6, STATH, STC1, STC2, STIL, STIM1, STK3, STK4, STMN1, STOX1, STRA6, STRC, STS, STX2, SUFU, SULF1, SULF2, SULT1B1, SULT2B1, SVEP1, SVIL, SYNE1, SYNE4, TACSTD2, TAF10, TAFAZZIN, TAGLN, TAGLN2, TAL1, TAPT1, TASOR, TBC1D20, TBC1D32, TBL1XR1, TBX1, TBX18, TBX19, TBX2, TBX20, TBX3, TBX4, TBX5, TBX6, TBXT, TCAP, TCF15, TCF21, TCF23, TCF7L2, TCHH, TCIRG1, TCOF1, TCTN1, TDRD7, TEAD2, TECTA, TENM4, TENT5A, TFAP2A, TFAP2B, TFCP2L1, TFDP1, TFIP11, TGFB1, TGFB1I1, TGFB2, TGFB3, TGFBI, TGFBR1, TGFBR2, TGFBR3, TGFBR3L, TGM1, TGM2, TGM3, TGM5, THBS3, THRA, THRB, TIAM1, TIE1, TIGAR, TIMELESS, TIMP1, TIPARP, TJP1, TJP2, TJP3, TLL2, TLR9, TLX2, TMC1, TMED2, TMEFF2, TMEM100, TMEM107, TMEM119, TMEM132E, TMEM135, TMEM231, TMEM38B, TMEM59L, TMEM79, TMIGD1, TMOD1, TMPRSS11F, TNC, TNF, TNFRSF19, TNFRSF1A, TNFSF11, TNMD, TNN, TNNC1, TNNI1, TNNI3, TNNT2, TNRC6A, TNXB, TOLLIP, TOMM70, TOR1A, TOX, TP53, TP63, TP73, TPM1, TPP1, TPPP3, TPRN, TPT1, TRADD, TRAF3IP1, TRAF6, TREX1, TRIM15, TRIM16, TRIM28, TRIM62, TRIM71, TRIOBP, TRIP11, TRPC4AP, TRPM4, TRPS1, TRPV4, TSC1, TSC2, TSG101, TSKU, TSPEAR, TSPY1, TSPY10, TSPY2, TSPY3, TSPY4, TSPY8, TSPY9, TST, TTC8, TTN, TUBB, TUBB3, TUFT1, TULP3, TWIST1, TWSG1, TXLNG, TXNIP, TXNRD1, TYMS, UBB, UGCG, UMOD, UMODL1, UNC5C, UNCX, UPK1A, UPK1B, UPK2, UPK3A, UQCC2, USF3, USH1C, USH2A, USP19, VAMP5, VANGL2, VASN, VASP, VAX1, VAX2, VCL, VDAC1, VDR, VEGFA, VEGFC, VEZF1, VGLL2, VGLL4, VIL1, VIM, VPS13B, VPS52, VPS54, VRK3, VSIG1, VTN, WAS, WDPCP, WDR1, WDR19, WDR72, WDR77, WHRN, WLS, WNK4, WNT1, WNT10A, WNT10B, WNT11, WNT16, WNT2, WNT2B, WNT3, WNT3A, WNT4, WNT5A, WNT5B, WNT6, WNT7A, WNT7B, WNT8A, WNT9A, WNT9B, WT1, WWTR1, XBP1, XDH, XIRP2, XK, XRCC2, YAP1, YBX1, YBX3, YIPF6, YY1, ZBED2, ZBTB16, ZBTB17, ZBTB18, ZBTB40, ZBTB7B, ZDHHC21, ZDHHC7, ZEB1, ZFAND5, ZFP36, ZFP36L1, ZFP64, ZFPM1, ZFPM2, ZIC3, ZMPSTE24, ZNF219, ZNF358, ZNF516, ZNF664-RFLNA, ZNF689, ZNF703, ZNF750, ZNF800
GO:0070848	response to growth factor	779	9	2.72	0.00148	0.00824561403508772	ABL1, ACAP2, ACTA2, ACVR1, ACVR1B, ACVR1C, ACVR2A, ACVR2B, ACVRL1, ADAM17, ADAM9, ADAMTS12, ADAMTS3, ADAMTS7, ADAMTSL2, ADGRA2, ADISSP, AGT, AGTR2, AKT1, AKT1S1, AMHR2, ANGPT2, ANKRD1, ANXA1, ANXA3, APAF1, APLN, APPL1, APPL2, ARF6, ARID4A, ARID4B, ARK2C, ARNT, ARPC3, ARRB2, ASCL1, ASPN, ATF2, ATP2B4, ATP7A, AXIN1, BAG4, BAIAP2, BAMBI, BCAR1, BCL9L, BDNF, BECN1, BGLAP, BMP10, BMP2, BMP4, BMP5, BMP6, BMP7, BMPER, BMPR1A, BMPR1B, BMPR2, BPTF, BRAF, BRMS1, BRMS1L, CAD, CADM4, CALCA, CASK, CASP3, CASR, CAT, CAV1, CAV2, CAV3, CBL, CCBE1, CCL2, CCL5, CCN1, CCN2, CCNA2, CD109, CD2AP, CD44, CD63, CDC34, CDH3, CDH5, CDKN1C, CDKN2B, CEP57, CER1, CFLAR, CHRD, CHRDL1, CHRDL2, CHST11, CHURC1, CIB1, CIDEA, CILP, CITED1, CITED2, CLDN1, CLDN5, CLEC3B, COL1A1, COL1A2, COL2A1, COL3A1, COL4A2, COMP, CORO1A, CORO1B, CPNE3, CPS1, CRB2, CREB1, CREB3L1, CREBBP, CRIM1, CRIPTO, CRK, CRKL, CSNK1D, CSNK1E, CSTF2, CTDSPL2, CTNNB1, CTSK, CX3CR1, CXCL13, CXCL8, CYFIP1, CYFIP2, DAB2, DAB2IP, DAND5, DCN, DCSTAMP, DDIT3, DDIT4, DDR2, DDX5, DKK1, DKK3, DLL1, DLL4, DLX1, DLX3, DLX5, DNM3OS, DOCK3, DOK5, DSG4, DSTYK, DTYMK, DUSP22, DUSP3, DUSP6, DYNC1LI2, EDN1, EEF1A1, EEF2K, EGFR, EGR1, EGR3, EHD1, EHD4, EID2, EIF4A3, ELAPOR2, ELAVL4, ELK1, EMD, EMILIN1, ENG, EP300, EPB41L5, EPHA2, EPN2, ERBB2, ERBB4, ERN1, ETV2, EXT1, EXT2, FAM20C, FAM83G, FAM89B, FASLG, FBN1, FBN2, FBXL15, FBXW7-AS1, FER, FERMT1, FERMT2, FEZ1, FGF1, FGF10, FGF16, FGF17, FGF18, FGF19, FGF2, FGF20, FGF21, FGF22, FGF23, FGF3, FGF4, FGF5, FGF6, FGF7, FGF8, FGF9, FGFBP1, FGFBP3, FGFR1, FGFR2, FGFR3, FGFR4, FGFRL1, FIBP, FKBP1A, FKBP8, FLCN, FLRT1, FLRT2, FLRT3, FLT1, FLT3, FLT4, FMOD, FNDC4, FNTA, FOLR1, FOS, FOXC1, FOXD1, FOXH1, FOXO3, FRS2, FRS3, FSHB, FST, FSTL1, FSTL3, FSTL4, FSTL5, FURIN, FUT8, FUZ, FYN, FZD1, FZD4, GAB1, GALNT3, GAREM1, GAS1, GAS6, GATA3, GATA4, GATA5, GATA6, GCLC, GCLM, GCNT2, GDF10, GDF15, GDF2, GDF3, GDF5, GDF6, GDF7, GDF9, GFRA1, GIPC1, GLG1, GPC1, GPC3, GPR155, GRB10, GRB2, GREM1, GREM2, GRIA1, HAP1, HAS1, HAS2, HDAC1, HDAC2, HDAC6, HES1, HES5, HEYL, HFE, HGF, HGS, HHEX, HHIP, HIF1A, HIPK2, HIVEP1, HJV, HOXA13, HPGD, HRG, HSP90AB1, HSPA1A, HSPA5, HSPB1, HTRA1, HTRA2, HTRA3, HTRA4, HYAL1, HYAL2, IBSP, ID1, IER2, IGF1R, IL10, IL12A, IL12B, IL17F, IL17RD, IL1B, IL4, ILK, ING1, ING2, INPP5K, INSR, INTS9, IQGAP1, ITGA3, ITGA5, ITGA8, ITGB1, ITGB1BP1, ITGB3, ITGB5, ITGB6, ITGB8, JCAD, JUN, KAT2A, KCNC1, KCNC2, KCP, KDM5B, KDR, KIDINS220, KIF16B, KL, KLB, KLF4, KMT2A, KNSTRN, LATS1, LATS2, LDLRAD4, LEF1, LEFTY1, LEMD3, LGMN, LHX1, LIMS1, LOX, LPXN, LRG1, LRIT3, LRP2, LRP8, LRRC32, LTBP1, LTBP2, LTBP3, LTBP4, MAGI2, MAP1B, MAP2K3, MAP2K5, MAP3K7, MAPK1, MAPK14, MAPK3, MAPK7, MAPKAPK2, MAPT, MARS1, MDM2, MED1, MEF2C, MEGF8, MEIS2, MEN1, MICOS10-NBL1, MIR1-1, MIR100, MIR101-1, MIR106A, MIR10A, MIR10B, MIR1224, MIR125B1, MIR1298, MIR130A, MIR140, MIR142, MIR145, MIR146A, MIR149, MIR15A, MIR15B, MIR16-1, MIR17, MIR181A2, MIR183, MIR18A, MIR195, MIR196A1, MIR199A1, MIR199B, MIR19A, MIR19B1, MIR200C, MIR204, MIR20A, MIR21, MIR210, MIR212, MIR214, MIR23A, MIR26A1, MIR27A, MIR27B, MIR296, MIR29B1, MIR302B, MIR302C, MIR30A, MIR30B, MIR323A, MIR329-1, MIR339, MIR342, MIR361, MIR372, MIR373, MIR376C, MIR424, MIR4632, MIR497, MIR498, MIR503, MIR520C, MIR564, MIR573, MIR885, MIR9-1, MIR93, MIR98, MIRLET7A1, MIRLET7B, MIRLET7F1, MIRLET7G, MMRN2, MSTN, MSX1, MSX2, MT1G, MT3, MTMR4, MTSS2, MXRA5, MYC, MYO1C, MYOCD, MYOG, NBL1, NCL, NDN, NDNF, NDP, NDST1, NEDD4, NEO1, NFATC1, NFIA, NFKBIZ, NGF, NGFR, NIBAN2, NKX2-1, NLK, NODAL, NOG, NOS1, NOTCH1, NOTCH2, NPNT, NPR2, NPTN, NR3C1, NR4A1, NREP, NRP1, NRP2, NRROS, NTF3, NTF4, NTRK1, NTRK2, NTRK3, NUMA1, NUS1, OGT, ONECUT1, ONECUT2, OPRD1, OTX2, OVOL2, P2RY1, PAK2, PALS1, PARP1, PAX2, PAX6, PAX9, PBLD, PCSK6, PDCD4, PDCD5, PDCD6, PDE2A, PDE3A, PDE8A, PDGFB, PDGFD, PDGFRA, PDGFRB, PDPK1, PEG10, PELO, PENK, PGF, PHOX2B, PIK3CA, PIK3CB, PIK3CD, PIN1, PITX3, PLCG1, PLK5, PMEPA1, PML, POSTN, PPARA, PPARG, PPM1A, PPP1R9B, PPP2R5B, PRDM14, PRDM16, PRKCB, PRKD1, PRKD2, PRMT1, PSG9, PTH, PTK2, PTP4A3, PTPN1, PTPN11, PTPN12, PTPRK, PXN, RAB14, RAB35, RACK1, RAF1, RAMP2, RAP1A, RAP1GAP, RAPGEF1, RAPGEF2, RASL11B, RBBP4, RBBP7, RBPJ, RBPMS2, RDX, RELA, RGMA, RGMB, RIPK1, RNF111, ROBO1, ROCK1, ROCK2, RPS6KB1, RUNX2, RUNX3, SAP130, SAP30, SAP30L, SCGB1A1, SCUBE3, SCX, SDCBP, SEMA6A, SETX, SFRP1, SFRP2, SFRP4, SH3GL2, SHC1, SHCBP1, SHISA2, SHOC2, SIN3A, SINHCAF, SIRT1, SKI, SKIL, SKOR1, SKOR2, SLC2A10, SLC39A5, SLC4A7, SLIT2, SMAD1, SMAD2, SMAD3, SMAD4, SMAD5, SMAD5-AS1, SMAD6, SMAD7, SMAD9, SMOC2, SMPD3, SMURF1, SMURF2, SNAI2, SNW1, SNX25, SNX6, SORL1, SORT1, SOS1, SOST, SOSTDC1, SOX11, SOX2, SOX5, SOX6, SOX9, SPART, SPHK1, SPINT1, SPINT2, SPRED1, SPRED2, SPRED3, SPRY1, SPRY2, SPRY3, SPRY4, SRC, SRD5A1, STAT3, STAT5B, STK11, STK16, STMN2, STRAP, STUB1, SUDS3, SULF1, SULF2, SYAP1, TAB1, TAC1, TBC1D7, TBC1D7-LOC100130357, TBX1, TBX2, TBX20, TET1, TFAP2B, TGFB1, TGFB1I1, TGFB2, TGFB3, TGFBR1, TGFBR2, TGFBR3, TGFBR3L, TGFBRAP1, TGIF1, TH, THBS1, TLR4, TMEM100, TMEM108, TMEM204, TMEM53, TMPRSS6, TNC, TNFAIP6, TNFRSF1B, TNXB, TOB1, TP53, TPR, TRIM33, TRIM71, TRPV1, TSC22D1, TWF2, TWIST1, TWSG1, UBE2D1, UBE2D3, UBE2O, UBE3A, URI1, USP15, USP8, USP9X, USP9Y, VASN, VCAM1, VEGFA, VEGFB, VEGFC, VEGFD, VEPH1, VIL1, VSTM2A, VTN, VWC2, VWC2L, WASF1, WFIKKN1, WFIKKN2, WNT1, WNT10A, WNT2, WNT4, WNT5A, WNT7A, WWOX, XCL1, XDH, XIAP, YES1, ZBTB7A, ZDHHC17, ZEB1, ZEB2, ZFHX3, ZFP36, ZFP36L1, ZFP36L2, ZFYVE27, ZFYVE9, ZMIZ1, ZNF423, ZNF451, ZNF703, ZNF8, ZPR1, ZYX
GO:0010038	response to metal ion	360	6	1.26	0.00160	0.00824561403508772	AANAT, ABAT, ABCB6, ABCC6, ABCC8, ACER1, ACO1, ADAM9, ADAMTS13, ADCY1, ADCY7, ADCY8, ADD1, ADGRV1, AHCYL1, AKR1C3, AKT1, ALAD, ALG2, ALOX15, ALOX5AP, AMELX, ANK3, ANXA11, AOC1, AQP1, AQP2, AQP3, ASS1, ATF1, ATF4, ATG5, ATP13A2, ATP5F1D, ATP7A, ATP7B, B2M, BACE1, BCL2, BECN1, BGLAP, BMP6, BNIP3, BRAF, BSG, CACNA1G, CACNA1H, CACNG2, CALM1, CALM2, CALM3, CALR, CAMK2D, CAPN3, CARF, CASP3, CASP8, CASP9, CASQ2, CASR, CAT, CAV1, CD14, CDH1, CDK1, CDKN1B, CEBPA, CER1, CHP2, CHUK, CLDN1, CLIC4, CNGA3, COX1, CPA1, CPNE1, CPNE2, CPNE3, CPNE4, CPNE5, CPNE6, CPNE7, CPNE8, CPNE9, CPS1, CREB1, CRHBP, CRIP1, CUTA, CYBB, CYBRD1, CYP11B1, CYP11B2, CYP1A1, CYP1A2, CYP2R1, CYTB, D2HGDH, DAXX, DDX19A, DLG2, DLG4, DMTN, DNMT3A, DPEP1, DRD2, DTYMK, ECT2, EDN1, EEF2K, EGFR, EIF2AK3, EIF2S1, ENTPD6, ERCC1, FABP4, FBP1, FECH, FGA, FGB, FGF23, FGG, FIBIN, FOS, FOSB, FXN, G6PD, GCLC, GDI1, GIPR, GLRA1, GLRA2, GPHN, GPI, GPLD1, GRIA1, GSK3A, GSS, GUCA1A, GUCA1ANB-GUCA1A, HAAO, HAMP, HESX1, HFE, HIF1A, HMGCS2, HMOX1, HNRNPD, HOMER1, HPCA, HSD17B1, HSF1, HSP90B1, HVCN1, IL1A, IMPA2, INHBB, IQGAP1, ITPKA, ITPKB, ITPKC, ITPR3, JUN, JUNB, JUND, KCNA1, KCNB1, KCNC1, KCNC2, KCNH1, KCNIP2, KCNJ10, KCNK3, KCNMA1, KCNMB1, KCNMB2, KCNMB3, KCNMB4, KCNQ3, KHK, KIT, KMT2A, LCE1D, LGMN, LIG4, LONP1, LOXL2, LRRK2, LTA4H, MAOB, MAP1LC3A, MAPK1, MAPK3, MAPK8, MAPK9, MAPT, MCOLN1, MDM2, MECP2, MEF2A, MEF2C, MMP9, MNAT1, MT1A, MT1B, MT1DP, MT1E, MT1F, MT1G, MT1H, MT1HL1, MT1M, MT1X, MT2A, MT3, MT4, MTF1, MTTP, MUC2, MYOG, NCF1, NCSTN, NDRG1, NEDD4, NEK7, NEUROD2, NFATC2, NFATC4, NFE2L2, NLGN1, NPC1, NPTX1, NQO1, NUDT1, OGG1, OTC, P2RX4, P2RX7, PAM, PARK7, PARP1, PCNA, PCSK1, PDCD6, PDX1, PEF1, PENK, PGAM2, PKD2, PKLR, PLCG2, PLSCR1, PPIF, PPP1CA, PPP2CA, PPP2CB, PPP3CA, PPP5C, PRKAA1, PRKAA2, PRKN, PRNP, PTGS2, PTH, PTK2B, RASA4, RASA4B, RASAL1, RASGRP2, RYR1, RYR2, RYR3, S100A16, S100A8, SCN5A, SDC1, SEC31A, SERPINF1, SETD2, SHH, SLC11A1, SLC11A2, SLC12A2, SLC13A2, SLC13A5, SLC1A1, SLC25A12, SLC25A13, SLC25A23, SLC25A24, SLC26A5, SLC30A1, SLC30A10, SLC30A2, SLC30A3, SLC30A4, SLC30A8, SLC34A1, SLC39A8, SLC41A1, SLC6A1, SLC6A3, SLFN14, SMPD1, SMPD3, SNCA, SOD2, SOD3, STIM1, STK39, SUCNR1, SUMO1, SYT1, SYT10, SYT11, SYT12, SYT13, SYT15, SYT17, SYT2, SYT3, SYT4, SYT5, SYT6, SYT7, SYT8, SYT9, TAT, TCIRG1, TERT, TESMIN, TF, TFAP2A, TFF1, TFR2, TFRC, TH, THBS1, TIGAR, TLR9, TNFRSF11B, TNNC1, TNNT2, TRPC1, TRPC3, TRPM2, TRPV6, TSHB, TSPO, TTN, TUBA1A, TXNIP, UCP2, UROS, VCAM1, VPS54, WNT5A, XRCC4, ZACN, ZNF658
GO:0046887	positive regulation of hormone secretion	144	4	0.5	0.00162	0.00824561403508772	AACS, ABAT, ABCC8, ACSL4, ADCY8, ADCYAP1, AIMP1, ANO1, BAD, BAIAP3, BLK, BMP6, C1QTNF1, C1QTNF12, C1QTNF3, C2CD2L, CAPN10, CASR, CD38, CFTR, CHRM3, CREB1, CRH, CYP19A1, DAB2, DOC2B, DRD2, DYNLL1, EDN1, EDN3, EGFR, F2, F2RL2, FFAR1, FFAR2, FFAR4, FGA, FGB, FGFR1, FGG, FOXL2, GABBR1, GAL, GALR1, GCG, GCK, GHRH, GHRHR, GHRL, GIP, GIPR, GLUD1, GNA11, GPER1, GPLD1, GPR27, GPR68, GRP, HCAR2, HFE, HIF1A, HLA-DRB1, ILDR1, INHA, INHBA, INHBB, INS, IRS2, ISL1, ITPR1, JAK2, KISS1, LEP, LRRC8A, MCU, MPC2, MYB, MYRIP, NADK, NKX3-1, NKX6-1, NLGN2, NMB, NNAT, NR0B2, NR1H4, ORAI1, OSBP, P2RY1, PCK2, PDX1, PFKFB2, PFKM, PLA2G3, PLA2G6, PLCB1, PPARG, PPP3CB, PRKACA, PRKAR1A, PRKCB, PRKCE, PRKD1, PSMD9, PTPN11, RAB8B, RAPGEF4, RASL10B, RBP4, RETN, RFX6, RPH3AL, SCT, SELENOT, SERP1, SIRT3, SIRT6, SLC2A2, SLC30A8, SMAD4, SNAP25, SNX4, SOX11, SOX4, SPINK1, SPP1, SRI, STX4, SYBU, TACR1, TARDBP, TCF7L2, TFR2, TM7SF3, TMF1, TNFSF11, TRH, TRPM4, TUNAR, UCN, UCN3, VAMP7, VAMP8, VSNL1
GO:0055123	digestive system development	145	4	0.51	0.00166	0.00824561403508772	ACVR2B, ADA, AGR2, AHI1, ALDH1A2, ALX4, ASCL1, ASS1, BARX1, BBS7, BCL2, C1GALT1, CBFA2T2, CCDC103, CCDC39, CCDC40, CCKBR, CDKN1A, CDKN1C, CDX2, CELA1, CHD8, CLDN18, CLMP, COBL, COL3A1, CPS1, CRKL, CTNNB1, CXCL8, CYP1A1, DACT1, DCHS1, DNAAF1, EDNRB, EGFR, EPB41L5, EPHB3, EXT1, FGF10, FGF9, FGFR2, FOXE1, FOXF1, FOXF2, FOXL1, FZD5, GATA4, GATA5, GATA6, GIP, GLI1, GLI2, GLI3, HES1, HIF1A, HIP1R, HLX, HMGCS2, HNF1B, HOXA13, HOXA5, HOXD13, ID2, IFT172, IGF2, IHH, IL6ST, INSR, KCNQ1, KIT, KLF5, LGR4, MEGF8, MIR29B1, MIXL1, MYOCD, NIPBL, NKX2-2, NKX2-3, NKX2-6, NKX3-2, NODAL, NOTCH1, NPHP3, NPR2, NPY, OTC, OVOL2, OXTR, PCSK5, PDGFC, PDGFRA, PDX1, PERCC1, PKD1, PKDCC, PRDM1, PTF1A, PTK6, PYY, RARB, RARRES2, RB1, RBPMS2, RET, SALL1, SAV1, SCT, SFRP1, SFRP2, SFRP5, SHH, SHOX2, SIX2, SLC4A2, SMAD2, SMAD3, SMO, SOX10, SOX11, SOX17, SOX9, SPDEF, SRC, SRP54, STRA6, TCF21, TGFB2, TGFB3, TIGAR, TLR9, TMIGD1, TNF, TP63, TYMS, VPS52, WDPCP, WDR19, WLS, WNT11, WNT5A, YAP1, YIPF6, ZIC3
GO:0055021	regulation of cardiac muscle tissue growth	67	3	0.23	0.00166	0.00824561403508772	AKAP6, BMP10, BMPR1A, CAV3, CDK1, CITED2, COL14A1, CTDP1, EDN1, ERBB4, FGF2, FGF20, FGF9, FGFR1, FGFR2, FOXP1, G6PD, GATA6, GLI1, GSK3A, HEY2, IGF1, JARID2, KCNK2, MAPK11, MAPK14, MEF2C, MIR1-1, MIR17HG, MIR199A1, MIR199B, MIR19A, MIR19B1, MIR200B, MIR204, MIR208A, MIR222, MIR25, MIR509-1, MIR548C, MIR590, MIR873, NKX2-5, NOG, NOTCH1, PARP2, PI16, PIM1, PPARA, RBP4, RBPJ, RGS2, RGS4, RUNX1, SAV1, TBX2, TBX20, TBX5, TGFBR1, TGFBR3, TOMM70, TP73, VGLL4, WNT2, YAP1, YY1, ZFPM2
GO:0007169	transmembrane receptor protein tyrosine kinase signaling pathway	641	8	2.24	0.00171	0.00824561403508772	ABI1, ABL1, ABL2, ACP4, ADAM17, ADAMTS12, ADAMTS3, ADGRA2, ADIPOQ, ADIPOR1, ADRA2A, ADRB2, AFAP1L2, AGR2, AGT, AGTR2, AHI1, AHSG, AKT1, AKT1S1, AKT2, ALK, ALKAL1, ALKAL2, ANGPT1, ANGPT2, ANGPTL1, ANKS1A, ANKS1B, AP3S1, APC, APLN, APOD, APPL1, AQP5-AS1, AR, AREG, ARHGEF28, ARHGEF7, ARID5B, ARNT, AXL, BAIAP2, BCAR1, BCAR3, BDKRB2, BDNF, BLK, BLNK, BMP2, BMP5, BRAF, BTC, C1QTNF12, C2CD5, CADM1, CADM4, CAMLG, CASP3, CASS4, CAV2, CBL, CBLB, CBLC, CCBE1, CCDC88A, CCN2, CD3E, CD4, CD63, CD7, CD8A, CD8B, CDH13, CDH3, CDK5R1, CEACAM1, CEP57, CHMP6, CHN1, CHRNA3, CHURC1, CILP, CLEC14A, CLNK, CNKSR1, CNOT9, COL1A1, COL4A1, COL4A2, COL4A3, COL4A5, COL4A6, COL6A1, CPNE3, CREB3L1, CRIM1, CRK, CRKL, CSF1, CSF1R, CSH1, CSH2, CSHL1, CSPG4, CSRNP1, CSRP3, CTNNB1, CTSD, CUL5, CYFIP1, CYFIP2, DAB2IP, DCN, DDIT4, DDR1, DDR2, DGKD, DLL1, DNAI1, DOCK3, DOK1, DOK2, DOK3, DOK4, DOK5, DOK6, DSTYK, DUSP3, EFEMP1, EFNA1, EFNA2, EFNA3, EFNA4, EFNA5, EFNB1, EFNB2, EFNB3, EFS, EGF, EGFR, EIF2AK3, EIF4EBP2, EMILIN1, ENPP1, EPGN, EPHA1, EPHA10, EPHA2, EPHA3, EPHA4, EPHA5, EPHA6, EPHA7, EPHA8, EPHB1, EPHB2, EPHB3, EPHB4, EPHB6, EPN2, ERBB2, ERBB3, ERBB4, ERBIN, ERCC1, ERCC2, EREG, ERFE, ERRFI1, ESM1, EXT1, F3, F7, FAM20C, FAM83A, FAM83B, FAM83C, FASLG, FBXW7-AS1, FER, FFAR3, FGF1, FGF10, FGF16, FGF17, FGF18, FGF19, FGF2, FGF20, FGF21, FGF22, FGF23, FGF3, FGF4, FGF5, FGF6, FGF7, FGF8, FGF9, FGFBP1, FGFBP3, FGFR1, FGFR2, FGFR3, FGFR4, FGFRL1, FGR, FIBP, FLRT1, FLRT2, FLRT3, FLT1, FLT3, FLT4, FOXC1, FOXC2, FOXO1, FOXO4, FRK, FRS2, FRS3, FSTL4, FUT7, FUZ, FYN, FZD4, GAB1, GAB2, GAB4, GALNT3, GAREM1, GATA3, GDF15, GFRA1, GFRA2, GFRA4, GFRAL, GH1, GH2, GHR, GHRH, GHRHR, GHRL, GHSR, GIGYF1, GIGYF2, GIT1, GKAP1, GNAI2, GPC1, GPER1, GPLD1, GPR21, GPRC5A, GRB10, GRB14, GRB2, GRB7, GSK3A, GSK3B, HAP1, HBEGF, HCK, HGF, HGS, HHEX, HHIP, HIF1A, HIP1, HIP1R, HRAS, HRG, HSPB1, IDE, IFI6, IFT20, IGF1, IGF1R, IGF2, IGF2R, IGFBP1, IGFBP2, IGFBP3, IGFBP4, IGFBP5, IGFBP6, IL12A, IL12B, IL1B, IL31RA, INPP5K, INPPL1, INS, INSR, INSRR, IQGAP1, IRS1, IRS2, IRS4, ITGA1, ITGA5, ITGB1, ITGB3, JAK1, JAK2, JAK3, JCAD, KALRN, KANK1, KDR, KIF16B, KIT, KL, KLB, LCK, LCP2, LEP, LEPROT, LEPROTL1, LGMN, LONP1, LOX, LRIG2, LRIT3, LRP1, LTK, LYN, MAP2K1, MAP2K2, MAP2K5, MAPK1, MAPK14, MAPK3, MAPKAPK2, MAPKAPK3, MBD5, MERTK, MET, MIR1-1, MIR103A1, MIR107, MIR10A, MIR10B, MIR1224, MIR1271, MIR133A1, MIR146A, MIR149, MIR15B, MIR16-1, MIR195, MIR199A1, MIR200C, MIR21, MIR221, MIR26A1, MIR296, MIR29A, MIR29C, MIR329-1, MIR342, MIR424, MIR503, MIR519D, MIR573, MIR638, MMP2, MMP9, MMRN2, MPZL1, MST1R, MSTN, MT3, MTCL2, MTSS1, MUC20, MUSK, MVB12A, MVB12B, MVP, MYO1C, MYO1E, MYOC, MYOCD, MYORG, MZB1, NCK1, NCK2, NCL, NCOA5, NDEL1, NDN, NDRG4, NDST1, NEDD4, NEDD9, NEU3, NFATC4, NGEF, NGF, NGFR, NHERF1, NIBAN2, NKX3-1, NOG, NPR2, NPTN, NR1H4, NR4A3, NRG1, NRG3, NRG4, NRP1, NRP2, NRTN, NTF3, NTF4, NTRK1, NTRK2, NTRK3, NUCKS1, NUP62, NUS1, OGT, OSBPL8, OTX2, PAK1, PAK2, PAK3, PDCD6, PDE6G, PDE6H, PDGFA, PDGFB, PDGFC, PDGFD, PDGFRA, PDGFRB, PDGFRL, PDK2, PDK4, PDPK1, PGF, PHF14, PHIP, PID1, PIGR, PIK3C2A, PIK3CA, PIK3CB, PIK3CD, PIK3R1, PIK3R2, PIK3R3, PILRB, PIP4K2A, PIP4K2B, PIP4K2C, PLAT, PLAUR, PLCB1, PLCE1, PLCG1, PLEKHA1, POLR1G, PPP2R5B, PRDM14, PRICKLE1, PRKAA1, PRKCB, PRKCD, PRKCQ, PRKCZ, PRKD1, PRKD2, PRLR, PTGIR, PTK2, PTK2B, PTK6, PTP4A3, PTPN1, PTPN11, PTPN12, PTPN18, PTPN2, PTPN3, PTPRA, PTPRE, PTPRG, PTPRJ, PTPRR, PTPRT, PXN, RAB14, RAB7A, RABGEF1, RAC1, RAF1, RALA, RALB, RAPGEF1, RAPGEF2, RARRES2, RASA1, RASGRP4, RBM4, RBPJ, RELA, REPS2, RET, RGS14, RHBDF1, RHBDF2, RHOQ, RNF115, RNF126, ROBO1, ROR2, ROS1, RPS6KB1, RTN4, RUNX2, RYK, SAMD10, SAMD12, SEMA6A, SERPINA12, SESN3, SETX, SGPL1, SH2B1, SH2B2, SH2B3, SH2D6, SH3TC2, SHC1, SHC2, SHC3, SHC4, SHCBP1, SHISA2, SHKBP1, SHOC2, SIK2, SIPA1L1, SIRT1, SLC27A4, SLC2A4, SLC2A8, SLC30A10, SLC31A1, SLC39A14, SMARCC1, SMOC2, SMPD3, SNCA, SNX5, SNX6, SOCS1, SOCS2, SOCS3, SOCS4, SOCS5, SORBS1, SORL1, SORT1, SOS1, SOS2, SOX9, SPRY1, SPRY2, SPRY3, SPRY4, SRC, SREBF1, SRMS, SS18, STAP1, STAT3, STAT5A, STAT5B, STAT6, STMN1, STON1, STUB1, STXBP4, SULF1, SULF2, SVEP1, SYK, TBX2, TEK, TGFA, TGFB1, THBS1, TIAM1, TIE1, TIPARP, TMEM108, TMEM204, TNS2, TNXB, TRADD, TRAT1, TRIM71, TRIM72, TSC2, TSG101, TXNIP, TYK2, TYRO3, UBASH3B, VAV1, VAV2, VEGFA, VEGFB, VEGFC, VEGFD, VIL1, VPS25, VTN, VWA2, WASF1, WDR54, WNT1, WNT4, WNT5A, XDH, YES1, ZAP70, ZBTB7B, ZDHHC17, ZFAND2B, ZFAND5, ZFYVE27, ZFYVE28, ZGPAT, ZNF106, ZNF592
GO:0034599	cellular response to oxidative stress	248	5	0.87	0.00175	0.00824561403508772	ABCC1, ABCD1, ABL1, ADPRS, AGAP3, AIF1, AIFM1, AIFM2, AKT1, ALDH3B1, ALOX5, ANKZF1, APOA4, AQP1, ARL6IP5, ARNT, ATF2, ATF4, ATM, ATP13A2, ATP2A2, ATP7A, AXL, BECN1, BMAL1, BMP7, BNIP3, BRF2, BTK, CAMKK2, CAT, CBX8, CCS, CD36, CDK1, CHCHD2, CHCHD4, CHUK, CPEB2, CRYGD, CYP1B1, DAPK1, DDR2, DHFR, DHFRP1, DHRS2, ECT2, EDN1, EDNRA, EGFR, EIF2S1, ERCC6L2, ERMP1, ERN1, ETV5, EZH2, FABP1, FANCC, FANCD2, FBLN5, FER, FOS, FOXO1, FOXO3, FOXP1, FUT8, FXN, FYN, G6PD, GCH1, GJB2, GLRX2, GPR37, GPR37L1, GPX1, GPX5, GPX7, GPX8, GSR, HDAC2, HDAC6, HGF, HIF1A, HM13, HSF1, HSPA1A, HSPA1B, HTRA2, IL18BP, IL18RAP, IL6, JUN, KAT2B, KDM6B, KEAP1, KLF2, KLF4, LONP1, LRRK2, MAP1LC3A, MAP2K4, MAP3K5, MAPK1, MAPK13, MAPK3, MAPK7, MAPK8, MAPK9, MAPKAP1, MAPT, MB, MDM2, MEAK7, MET, MGAT3, MGST1, MIR103A1, MIR107, MIR132, MIR133A1, MIR135A1, MIR17, MIR21, MIR34A, MIR92A1, MIRLET7B, MMP2, MMP3, MMP9, MPO, MPV17, MSRA, MT3, MYB, NAGLU, NCF1, NCOA7, NET1, NFE2L2, NME2, NME8, NOS3, NQO1, NR4A2, NUDT2, OSER1, OXR1, PARK7, PARP1, PAWR, PAX2, PCGF2, PCNA, PDCD10, PDGFD, PDGFRA, PDK2, PENK, PEX10, PEX12, PEX13, PEX14, PEX2, PEX5, PINK1, PJVK, PKD2, PLA2R1, PLEKHA1, PNPLA8, PNPT1, PPARGC1A, PPARGC1B, PPIA, PPIF, PRDX1, PRDX2, PRDX3, PRDX5, PRKAA1, PRKAA2, PRKCD, PRKD1, PRKN, PRKRA, PRR5L, PTPRK, PXN, PYCR1, PYCR2, PYROXD1, RACK1, RAD52, RBM11, RELA, RHOB, RIPK1, RIPK3, ROMO1, RPS3, RWDD1, SELENON, SELENOS, SESN2, SETX, SIRPA, SIRT1, SIRT2, SLC1A1, SLC25A14, SLC25A24, SLC4A11, SLC7A11, SMPD3, SNCA, SOD1, SOD2, SOD3, SPHK1, SRC, SRXN1, STAT6, STAU1, STAU2, STK25, STX2, STX4, SUMO4, TBC1D24, TMEM161A, TMIGD1, TNFAIP3, TOP2B, TP53, TP53INP1, TPM1, TRAP1, TREX1, TRPA1, TRPM2, TXN, UCP1, VKORC1L1, VRK2, WNT16, ZC3H12A, ZNF277, ZNF580
GO:0048738	cardiac muscle tissue development	248	5	0.87	0.00175	0.00824561403508772	ABL1, ACADM, ACTC1, ACTN2, ACVR1, ADAMTS9, ADPRHL1, ADRA1A, AKAP13, AKAP6, ALDH1A2, ALPK2, ALPK3, ANKRD1, ARID2, ARRB2, ASB2, ATG5, BMP10, BMP2, BMP4, BMP5, BMP7, BMPR1A, BVES, CACNA1G, CALR, CAV3, CBY1, CDC42, CDK1, CHD7, CITED2, COL11A1, COL14A1, CREB1, CSRP3, CTDP1, CXADR, DIPK2A, DKK1, DLL1, DLL4, DSG2, DSP, EDN1, EDNRA, EFNB2, EGLN1, ENG, ERBB3, ERBB4, FES, FGF2, FGF20, FGF3, FGF8, FGF9, FGFR1, FGFR2, FHL2, FHOD3, FKBP1A, FOXC1, FOXC2, FOXH1, FOXP1, FRS2, FZD7, G6PD, GATA4, GATA5, GATA6, GJA1, GJA5, GJB6, GJC1, GLI1, GREM1, GSK3A, HAND1, HCN4, HDAC3, HEG1, HEY1, HEY2, HNRNPU, HOPX, ID2, IFT20, IGF1, IRX3, ISL1, ITGB1, JARID2, JPH2, KAT2A, KCNJ11, KCNJ8, KCNK2, KDM6B, LARGE1, LMNA, LRP2, LRRC10, LRRC27, MAML1, MAP2K4, MAPK11, MAPK14, MED1, MEF2A, MEF2C, MEIS1, MESP1, MIR1-1, MIR17HG, MIR195, MIR199A1, MIR199B, MIR19A, MIR19B1, MIR200B, MIR204, MIR208A, MIR222, MIR23A, MIR24-1, MIR25, MIR499A, MIR509-1, MIR548C, MIR590, MIR873, MSC, MSX1, MSX2, MTOR, MYBPC3, MYH11, MYH6, MYH7, MYL2, MYL3, MYL7, MYLK2, MYLK3, MYO18B, MYOCD, NAGLU, NDRG4, NDUFV2, NEB, NEBL, NKX2-5, NKX2-6, NOG, NOTCH1, NOTCH2, NOX4, NPPA, NPPB, NPRL3, NRAP, NRG1, OBSL1, PARP2, PDGFRA, PDGFRB, PDLIM5, PI16, PIM1, PKP2, PLEC, PLN, POU4F1, PPARA, PPP1R13L, PRICKLE1, PRKAR1A, PRKG1, PRMT1, PROX1, PTCD2, RARA, RARB, RBP4, RBPJ, RGS2, RGS4, RUNX1, RYR2, S1PR1, SAV1, SCN5A, SGCB, SGCD, SGCG, SGCZ, SHOX2, SIK1, SIRT6, SKI, SLC8A1, SLC9A1, SMAD1, SMAD4, SMAD5, SMAD7, SORBS2, SOX6, SRF, SYNE1, TAFAZZIN, TBX18, TBX2, TBX20, TBX3, TBX5, TCAP, TENM4, TGFB1, TGFB2, TGFBR1, TGFBR3, TNNC1, TNNI1, TNNI3, TNNT2, TOMM70, TP73, TPM1, TREX1, TSC1, TTN, VEGFA, VGLL4, WNT2, WNT3A, WNT5A, WT1, XIRP2, YAP1, YY1, ZFPM1, ZFPM2, ZIC3, ZMPSTE24
GO:0030949	positive regulation of vascular endothelial growth factor receptor signaling pathway	18	2	0.06	0.00177	0.00824561403508772	ARNT, FGF10, FGF18, FGF9, GRB10, HIF1A, IL1B, ITGA5, ITGB3, MIR10A, MIR10B, MIR1224, MIR296, MT3, PRKCB, PRKD2, ROBO1, VTN
GO:0042481	regulation of odontogenesis	18	2	0.06	0.00177	0.00824561403508772	APCDD1, BMP2, BMP4, CD34, CSF1, DMRT3, EDN1, FGF8, MSX1, NGFR, PAX9, PRKCB, RSPO2, RUNX2, SHH, SP6, TNFRSF11B, WNT10A
GO:0050878	regulation of body fluid levels	370	6	1.29	0.00183	0.00824561403508772	ACTB, ACTG1, ADA, ADAMTS13, ADAMTS18, ADCY6, ADM, ADORA1, ADORA2A, ADRA2A, ADRA2B, ADRA2C, ADTRP, AGR2, AK3, AKAP11, AKR1B1, ALOX12, ALOX12B, ANO1, ANO6, ANXA2, ANXA5, ANXA8, AP3B1, APLN, APLNR, APOE, APOH, AQP1, AQP2, AQP3, AQP4, AQP5, AQP6, ATG5, ATP6V1B1, ATP7A, ATP7B, AVP, AVPR2, AXL, BLOC1S3, BLOC1S4, BLOC1S6, BPIFA1, BTC, C1GALT1C1, C1QTNF1, C4BPB, CAD, CAV1, CCND1, CD36, CD40, CD40LG, CD59, CD9, CDO1, CEACAM1, CEL, CELA2A, CELSR2, CFTR, CHRM1, CHRM3, CLIC1, COL3A1, COMP, COPA, CORO2B, COX2, CPB2, CREB1, CSN2, CSN3, CSRP1, CTNS, CTSG, CYBA, CYP11B2, CYP4A11, CYP4F11, CYP4F12, CYP4F2, DCANP1, DDR1, DGKA, DGKB, DGKD, DGKE, DGKG, DGKH, DGKI, DGKK, DGKQ, DGKZ, DMTN, DRD2, DTNBP1, EDN1, EDNRB, EGFR, EMILIN1, EMILIN2, EMP2, ENPP4, ENTPD1, ENTPD2, EPHB2, ERBB4, EXT1, EXT2, F10, F11, F11R, F12, F13A1, F13B, F2, F2R, F2RL1, F2RL2, F2RL3, F3, F5, F7, F8, F9, FAP, FBLN1, FCER1G, FERMT3, FGA, FGB, FGF10, FGG, FGL1, FIBP, FLI1, FLNA, FOSL2, FOXA2, FOXB1, FUNDC2, FZD6, GAS6, GATA1, GGCX, GHRHR, GJA1, GJA5, GNA12, GNA13, GNAI2, GNAQ, GNAS, GP1BA, GP1BB, GP5, GP6, GP9, GPAT4, GPI, GUCA1B, HAS2, HBB, HEG1, HGFAC, HIF1A, HK2, HNF4A, HPS4, HPS5, HPS6, HPSE, HRG, HSD11B2, HSPB1, HTR4, HYAL2, IL6, IL6ST, ILK, INPP5K, ITGA2, ITGB3, ITPK1, JAK2, JMJD1C, KCNN4, KLKB1, KNG1, KRT1, LACRT, LCK, LMAN1, LNPK, LYN, MAPK14, MED1, MERTK, METAP1, MFSD2B, MLLT6, MMRN1, MPIG6B, MTCO2P12, MTX1, MUC2, MYH9, MYL12A, MYL9, MYO5B, NCOA1, NCOR2, NEURL1, NEUROG1, NFE2, NFE2L2, NLRP6, NME1, NOS3, NPPB, NPR1, NPR3, NR1H2, NR1H3, OAS2, OPRK1, OPRL1, OXTR, P2RX1, P2RY1, P2RY12, P2RY2, PABPC4, PAFAH2, PAPSS2, PDGFA, PDGFB, PDGFRA, PDIA2, PDIA3, PDPN, PDSS2, PEAR1, PF4, PIK3CA, PIK3CB, PIK3CG, PLA2G4A, PLAT, PLAU, PLAUR, PLCG2, PLEK, PLG, PLSCR1, PPIA, PPP3CA, PRDX2, PRICKLE1, PRKACA, PRKACB, PRKACG, PRKCA, PRKCD, PRKCE, PRKCQ, PRKG1, PRL, PRLR, PROC, PROCR, PROS1, PROZ, PRSS56, PTPN6, PTPRO, RAB27A, RAP2B, SAA1, SCNN1A, SCNN1B, SCNN1G, SCT, SCUBE1, SELP, SERPINA1, SERPINA10, SERPINB2, SERPINC1, SERPIND1, SERPINE1, SERPINE2, SERPINF2, SERPING1, SH2B3, SHH, SLC22A2, SLC29A1, SLC4A1, SLC4A5, SLC4A9, SLC6A3, SLC6A4, SLC7A11, SOCS2, SPINK1, SRC, SRF, ST3GAL4, STAT5A, STAT5B, STATH, STK39, STXBP1, STXBP3, SVEP1, SYK, TBXA2R, TEC, TFPI, TFPI2, THBD, THBS1, TIFAB, TLN1, TLR4, TMX1, TPH1, TRAF3IP2, TREML1, TRPV4, TRPV5, TSPAN18, TSPAN32, TSPAN8, TUBB1, TXK, TYRO3, UBASH3B, UMOD, UMPS, UPRT, USF1, USF2, VAMP8, VAV1, VAV2, VAV3, VCL, VDR, VEGFA, VIP, VKORC1, VPS33B, VTN, VWF, WAS, WFS1, WNK1, WNK3, WNK4, WNT3A, XBP1, XDH, ZBTB7B, ZNF385A
GO:0071495	cellular response to endogenous stimulus	1505	13	5.26	0.00188	0.00824561403508772	AANAT, ABCC1, ABHD2, ABL1, ACACA, ACAP2, ACE, ACOD1, ACSL1, ACTA1, ACTA2, ACTB, ACTN2, ACVR1, ACVR1B, ACVR1C, ACVR2A, ACVR2B, ACVRL1, ADAM17, ADAM9, ADAMTS12, ADAMTS3, ADAMTS7, ADAMTSL2, ADCY5, ADCY6, ADCY8, ADGRA2, ADIPOQ, ADIPOR1, ADIPOR2, ADISSP, ADRA2A, ADRB2, ADTRP, AGER, AGRP, AGT, AGTR1, AGTR2, AGTRAP, AHCYL1, AHR, AHSG, AIFM1, AKAP6, AKAP8, AKAP9, AKR1C1, AKR1C2, AKR1C3, AKR1C4, AKT1, AKT1S1, AKT2, ALK, AMHR2, AMIGO1, ANGPT2, ANKRD1, ANO1, ANXA1, AOC1, AP3S1, APAF1, APC, APLN, APLP1, APP, APPL1, APPL2, AQP1, AQP8, AQP9, AR, ARF6, ARHGEF2, ARID1A, ARID1B, ARID4A, ARID4B, ARID5A, ARK2C, ARNT, ARPC3, ARRB2, ASIP, ASPN, ASS1, ATF2, ATP1A1, ATP1A2, ATP1A3, ATP2B1, ATP2B4, ATP5F1A, ATP7A, AVPR1A, AVPR1B, AVPR2, AXIN1, AXIN2, BACE1, BAG4, BAIAP2, BAMBI, BBS2, BBS4, BCAR1, BCAR3, BCAS3, BCL11A, BCL2L1, BCL2L11, BCL2L2, BCL9L, BDNF, BECN1, BGLAP, BLM, BMAL1, BMP10, BMP2, BMP4, BMP5, BMP6, BMP7, BMPER, BMPR1A, BMPR1B, BMPR2, BMT2, BPTF, BRAF, BRCA1, BRD8, BRIP1, BRMS1, BRMS1L, C1QTNF12, C2CD5, CA2, CACNA1A, CACNA1H, CACNA1S, CACNA2D1, CACNB1, CAD, CADM4, CALCA, CALCOCO1, CALR, CALY, CAMK2A, CAMP, CAPN10, CAPN2, CARM1, CASK, CASP3, CASP4, CASP6, CASP7, CASP9, CASQ2, CASR, CASTOR1, CASTOR2, CASTOR3P, CAT, CAV1, CAV2, CAV3, CBL, CCBE1, CCKAR, CCL2, CCL5, CCN1, CCN2, CCNA2, CD109, CD36, CD44, CD63, CDC6, CDH1, CDH3, CDH5, CDK5, CDKN1C, CDKN2B, CEACAM1, CEBPB, CEP57, CER1, CFLAR, CFTR, CGA, CGB3, CHEK1, CHMP5, CHRD, CHRDL1, CHRDL2, CHST11, CHURC1, CIB1, CIB2, CIDEA, CILP, CITED1, CITED2, CLDN1, CLDN18, CLDN5, CLEC3B, CLOCK, CNOT1, CNOT2, CNOT9, COL16A1, COL1A1, COL1A2, COL2A1, COL3A1, COL4A1, COL4A2, COL4A6, COL5A2, COL6A1, COMP, COMT, CORO1A, CORO1B, CPEB1, CPEB2, CPEB3, CPEB4, CPNE3, CPS1, CRB2, CREB1, CREB3L1, CREBBP, CRH, CRHBP, CRHR1, CRHR2, CRIM1, CRIPTO, CRK, CRKL, CRY1, CRY2, CSH1, CSH2, CSHL1, CSK, CSNK1D, CSNK1E, CSNK2B, CSRP3, CST11, CSTF2, CTDSPL2, CTNNA1, CTNNB1, CTSB, CTSD, CTSH, CTSK, CTSL, CTSS, CUL3, CX3CR1, CXCL13, CXCL8, CXCR4, CYBB, CYFIP1, CYFIP2, CYP11A1, CYP11B1, CYP11B2, CYP1B1, CYP7B1, DAB2, DAB2IP, DAND5, DAXX, DCN, DCSTAMP, DDIT4, DDR2, DDRGK1, DDX11, DDX17, DDX5, DDX54, DEFA1, DEFA1B, DEFA3, DEFB124, DENND4C, DIAPH1, DKK1, DKK3, DLL1, DLL4, DLX1, DLX3, DLX5, DMTN, DNAAF4, DNAI1, DNAJA1, DNM3OS, DNMT1, DNMT3A, DOCK3, DOK5, DRD1, DRD2, DRD3, DRD4, DRD5, DSG4, DSTYK, DTNBP1, DTYMK, DUSP22, DUSP3, DYNC1LI2, ECHDC3, EDN1, EDNRA, EEF1A1, EEF2K, EFNA5, EGFR, EGLN2, EGR1, EGR3, EHD1, EHD4, EHMT2, EID2, EIF4A3, EIF4E, EIF4EBP2, ELAPOR2, ELAVL4, EMD, EME1, EMILIN1, ENG, ENPP1, EP300, EPB41L5, EPHA4, EPHA8, EPHB2, EPN2, EPRS1, ERBB2, ERBB4, ERFE, ERN1, ERRFI1, ESR1, ESR2, ESRRA, ESRRB, ESRRG, ETV2, EXT1, EXT2, EZH2, EZR, FAM107A, FAM20C, FAM83G, FAM89B, FAT1, FBH1, FBN1, FBN2, FBP1, FBXL15, FBXO32, FBXW7-AS1, FCGR2B, FDX1, FECH, FER, FERMT1, FERMT2, FEZ1, FFAR3, FFAR4, FGB, FGF1, FGF10, FGF16, FGF17, FGF18, FGF19, FGF2, FGF20, FGF21, FGF22, FGF23, FGF3, FGF4, FGF5, FGF6, FGF7, FGF8, FGF9, FGFBP1, FGFBP3, FGFR1, FGFR2, FGFR3, FGFR4, FGFRL1, FIBP, FKBP1A, FKBP4, FKBP8, FLCN, FLNA, FLRT1, FLRT2, FLRT3, FLT1, FLT3, FLT4, FMOD, FNTA, FOLR1, FOLR2, FOS, FOSB, FOXA1, FOXC1, FOXC2, FOXD1, FOXH1, FOXO1, FOXO3, FOXO4, FOXP1, FPR2, FRS2, FRS3, FSHB, FSHR, FST, FSTL1, FSTL3, FSTL4, FSTL5, FURIN, FUT7, FUT8, FUZ, FYN, FZD1, FZD4, GAB1, GABRB1, GABRB2, GABRB3, GABRG2, GALNT3, GAREM1, GAS1, GAS6, GATA1, GATA3, GATA4, GATA5, GATA6, GCG, GCGR, GCK, GCLC, GCLM, GCNT2, GDF10, GDF15, GDF2, GDF3, GDF5, GDF6, GDF7, GDF9, GFER, GFRA1, GH1, GH2, GHR, GHRHR, GHRL, GHSR, GIPC1, GJA1, GJB2, GKAP1, GLG1, GLP1R, GLP2R, GLRA1, GLRA2, GNA11, GNA14, GNA15, GNAI2, GNAI3, GNAL, GNAO1, GNAQ, GNAS, GNB1, GNB5, GNG2, GNRHR, GNRHR2, GOLPH3, GOT1, GPC1, GPC3, GPD1, GPER1, GPHB5, GPLD1, GPR150, GPR155, GPR173, GPR21, GPR22, GPT, GRB10, GRB14, GRB2, GREM1, GREM2, GRIA1, GRIN2D, GRM5, GSK3A, GSK3B, GSTM2, GTF2H1, HAP1, HAS1, HAS2, HCN1, HCN2, HCN3, HCN4, HCRTR1, HCRTR2, HDAC1, HDAC2, HDAC5, HDAC6, HDAC9, HES1, HES5, HEYL, HFE, HGF, HGS, HHEX, HHIP, HIF1A, HIPK2, HIVEP1, HJV, HMGCS2, HNRNPD, HNRNPU, HOXA13, HPCA, HPGD, HRAS, HRG, HRH1, HSF1, HSP90AB1, HSP90B1, HSPA1A, HSPA1B, HSPA5, HSPA8, HSPB1, HTR1A, HTR1B, HTR2A, HTR3A, HTR3B, HTR3C, HTR3D, HTR3E, HTRA1, HTRA2, HTRA3, HTRA4, HYAL1, HYAL2, IBSP, ICAM1, ID1, IDE, IGF1, IGF1R, IGF2, IGFBP1, IGFBP2, IGFBP5, IGFBP7, IL10, IL12A, IL12B, IL17F, IL17RD, IL1B, IL4, ILK, ING1, ING2, INHBA, INHBB, INPP5K, INS, INSIG1, INSIG2, INSR, INSRR, INTS9, IPO5, IQGAP1, IRS1, IRS2, IRS4, ISL1, ITGA3, ITGA4, ITGA5, ITGA8, ITGB1, ITGB1BP1, ITGB3, ITGB5, ITGB6, ITGB8, ITPR2, JAK1, JAK2, JAK3, JCAD, JUN, JUP, KANK1, KANK2, KAT2A, KAT2B, KCNE1, KCNQ1, KCP, KDM1A, KDM3A, KDM4C, KDM5B, KDM5D, KDR, KIDINS220, KIF16B, KL, KLB, KLF1, KLF11, KLF15, KLF16, KLF2, KLF3, KLF4, KLF9, KLHL22, KMT2A, KMT2D, KNSTRN, LAMTOR1, LAMTOR2, LAMTOR3, LAMTOR4, LAMTOR5, LANCL2, LARP1, LARS1, LATS1, LATS2, LBH, LDLRAD4, LDOC1, LEF1, LEFTY1, LEMD3, LEP, LEPR, LEPROT, LEPROTL1, LGMN, LHB, LHCGR, LHX1, LIMS1, LMO3, LONP1, LOX, LPIN1, LPIN2, LPIN3, LPXN, LRG1, LRIT3, LRP1, LRP2, LRP8, LRRC32, LRRK2, LTBP1, LTBP2, LTBP3, LTBP4, LYN, MAGI2, MAP1B, MAP2K3, MAP2K5, MAP3K7, MAPK1, MAPK13, MAPK14, MAPK3, MAPK7, MAPKAPK2, MAPT, MARS1, MAS1, MAS1L, MBD5, MDM2, MECP2, MED1, MEF2C, MEGF8, MEN1, METTL21C, MGARP, MICOS10-NBL1, MIR1-1, MIR100, MIR101-1, MIR103A1, MIR106A, MIR106B, MIR107, MIR10A, MIR10B, MIR1224, MIR125B1, MIR1271, MIR1298, MIR130A, MIR140, MIR142, MIR143, MIR145, MIR146A, MIR149, MIR15A, MIR15B, MIR16-1, MIR17, MIR181A2, MIR183, MIR18A, MIR195, MIR196A1, MIR199A1, MIR199B, MIR19A, MIR19B1, MIR200A, MIR200C, MIR204, MIR208A, MIR20A, MIR21, MIR210, MIR212, MIR214, MIR224, MIR23A, MIR26A1, MIR27A, MIR27B, MIR296, MIR29B1, MIR302B, MIR302C, MIR30A, MIR30B, MIR323A, MIR329-1, MIR339, MIR342, MIR361, MIR372, MIR373, MIR376C, MIR421, MIR424, MIR455, MIR4632, MIR493, MIR497, MIR498, MIR503, MIR520C, MIR545, MIR564, MIR573, MIR762, MIR885, MIR9-1, MIR93, MIR95, MIR98, MIRLET7A1, MIRLET7B, MIRLET7F1, MIRLET7G, MKKS, MMP2, MMRN2, MSTN, MSX1, MSX2, MT1G, MT3, MTCL2, MTMR4, MTOR, MTRNR2L5, MTSS2, MUS81, MYO1C, MYO5A, MYOCD, MYOD1, MYOG, MZB1, NBL1, NCK1, NCL, NCOA1, NCOA2, NCOA3, NCOA4, NCOA5, NCOR1, NCOR2, NCSTN, ND3, NDEL1, NDN, NDNF, NDP, NDST1, NEDD4, NEO1, NEURL1, NFATC1, NFE2L2, NFIA, NFKB1, NFKBIZ, NGF, NGFR, NHERF1, NIBAN2, NKX2-1, NKX3-1, NKX6-1, NLK, NOD1, NOD2, NODAL, NOG, NONO, NOS1, NOTCH1, NOTCH2, NPAS4, NPC1, NPFFR1, NPFFR2, NPNT, NPPC, NPR2, NPTN, NR0B1, NR1D1, NR1D2, NR1H2, NR1H3, NR1H4, NR2C1, NR2E1, NR2E3, NR3C1, NR3C2, NR4A1, NR4A2, NR4A3, NR5A1, NR5A2, NREP, NRP1, NRP2, NRROS, NSG1, NSG2, NSMF, NTF3, NTF4, NTRK1, NTRK2, NTRK3, NUCKS1, NUMA1, NUS1, OCSTAMP, OGT, ONECUT1, ONECUT2, OPRD1, OPRM1, OR51E2, OSBPL8, OSTN, OTOP1, OTX2, OVOL2, OXTR, P2RX3, P2RX4, P2RX7, P2RY1, P2RY11, P2RY12, P2RY2, P2RY4, P2RY6, PADI2, PAGR1, PAK1, PAK2, PALM, PALS1, PAQR7, PAQR8, PARK7, PARP1, PAX2, PAX6, PAX8, PAX9, PBLD, PCK1, PCK2, PCSK6, PCSK9, PDCD4, PDCD5, PDCD6, PDE2A, PDE3A, PDE3B, PDE8A, PDGFB, PDGFC, PDGFD, PDGFRA, PDGFRB, PDK2, PDK4, PDPK1, PDXP, PEG10, PELO, PELP1, PENK, PER1, PGF, PGR, PGRMC2, PHB1, PHB2, PHEX, PHIP, PHOX2B, PIAS2, PID1, PIK3C2A, PIK3CA, PIK3CB, PIK3CD, PIK3CG, PIK3R1, PIK3R2, PIK3R3, PIN1, PIP4K2A, PIP4K2B, PIP4K2C, PITX3, PKD2, PKLR, PKM, PKN1, PLA2G1B, PLCB1, PLCG1, PLK5, PLPP1, PMEPA1, PML, PNPLA3, POSTN, POU4F2, PPARA, PPARD, PPARG, PPARGC1B, PPM1A, PPP1R1B, PPP1R9B, PPP2R5B, PPP3CA, PRCP, PRDM14, PRDM16, PRKAA1, PRKAA2, PRKACA, PRKAR1A, PRKCA, PRKCB, PRKCD, PRKCE, PRKCI, PRKCQ, PRKCZ, PRKD1, PRKD2, PRKDC, PRKN, PRL, PRLR, PRMT1, PRMT2, PRMT5, PRNP, PSEN1, PSG9, PTAFR, PTGDR, PTGER1, PTGER2, PTGER4, PTGES3, PTGFR, PTGS2, PTH, PTK2, PTP4A3, PTPN1, PTPN11, PTPN12, PTPN2, PTPN22, PTPRA, PTPRE, PTPRK, PXN, QRFPR, RAB10, RAB13, RAB14, RAB31, RAB35, RAB8A, RACK1, RAD51, RAF1, RAMP1, RAMP2, RAMP3, RAN, RANGAP1, RAP1A, RAP1B, RAP1BL, RAP1GAP, RAP1GDS1, RAPGEF1, RAPGEF2, RAPGEF3, RARA, RARB, RARG, RARRES2, RASL11B, RB1, RBBP4, RBBP7, RBFOX2, RBM14, RBM4, RBPJ, RBPMS2, RBX1, RDX, RECQL5, RELA, REN, REST, RGMA, RGMB, RGS4, RGS8, RGS9, RHOA, RHOQ, RHOXF1, RIPK1, RIPK2, RNF111, RNF14, RNF6, ROBO1, ROBO2, ROCK1, ROCK2, RPL23, RPS6KB1, RPTOR, RRAGA, RRAGB, RRAGC, RRAGD, RUNX2, RWDD1, RXFP1, RXFP2, RXRA, RXRB, RXRG, RYR1, RYR2, RYR3, SAFB, SAFB2, SAP130, SAP30, SAP30L, SCGB2A1, SCGB2A2, SCNN1A, SCNN1B, SCNN1D, SCNN1G, SCUBE3, SCX, SDCBP, SELENON, SELENOS, SEMA6A, SERPINA12, SERPINB9, SERPINF1, SESN1, SESN2, SESN3, SETX, SFR1, SFRP1, SFRP2, SFRP4, SGCB, SGK1, SH2B2, SH3BP4, SH3GL2, SHC1, SHCBP1, SHISA2, SHMT1, SHOC2, SIK2, SIN3A, SINHCAF, SIRT1, SIX1, SKI, SKIL, SKOR1, SKOR2, SKP2, SLC1A1, SLC1A2, SLC1A3, SLC22A12, SLC25A33, SLC26A3, SLC26A6, SLC27A1, SLC27A4, SLC2A10, SLC2A4, SLC2A8, SLC30A10, SLC34A1, SLC38A9, SLC39A14, SLC39A5, SLC4A7, SLC5A5, SLC6A4, SLC7A5, SLC8A1, SLC9A1, SLIT2, SLIT3, SLX4, SMAD1, SMAD2, SMAD3, SMAD4, SMAD5, SMAD5-AS1, SMAD6, SMAD7, SMAD9, SMARCA4, SMARCC1, SMC1A, SMOC2, SMPD3, SMURF1, SMURF2, SMYD3, SNAI2, SNW1, SNX25, SNX5, SNX6, SOCS1, SOCS2, SOCS3, SORBS1, SORL1, SORT1, SOS1, SOS2, SOST, SOSTDC1, SOX10, SOX11, SOX5, SOX6, SOX9, SP1, SPAAR, SPART, SPHK1, SPIDR, SPINK1, SPINT1, SPINT2, SPRED1, SPRED2, SPRED3, SPRY1, SPRY2, SPRY3, SPRY4, SRA1, SRARP, SRC, SRD5A1, SREBF1, SSH1, SST, SSTR1, SSTR2, SSTR3, SSTR4, SSTR5, STAMBPL1, STAT1, STAT3, STAT5A, STAT5B, STAT6, STC1, STK11, STK16, STMN2, STRAP, STRN3, STUB1, STXBP4, SUDS3, SULF1, SULF2, SULT1A3, SULT1A4, SYAP1, TAB1, TAC1, TADA3, TAF1, TAF7, TBC1D4, TBX1, TBX2, TBX20, TCF21, TET1, TFAP2B, TFAP4, TFPI, TGFB1, TGFB1I1, TGFB2, TGFB3, TGFBR1, TGFBR2, TGFBR3, TGFBR3L, TGFBRAP1, TGIF1, TGM2, TH, THBS1, THRA, THRB, TIGAR, TIMELESS, TLR4, TLR6, TLR9, TMEM100, TMEM108, TMEM204, TMEM38A, TMEM38B, TMEM53, TMF1, TMPRSS6, TNC, TNF, TNFAIP6, TNFRSF1B, TNFSF4, TNS2, TNXB, TOB1, TOP2B, TP53, TP63, TRARG1, TREM2, TRERF1, TRH, TRIB3, TRIM24, TRIM33, TRIM41, TRIM68, TRIM71, TRIM72, TRIP4, TRPM2, TRPM4, TRPV1, TSC2, TSC22D1, TSHR, TWF2, TWIST1, TWSG1, TYK2, UBA5, UBE2D1, UBE2D3, UBE2L3, UBE2O, UBE3A, UBR1, UBR2, UBR5, UCN2, UCN3, UCP1, UCP2, UCP3, UFL1, UFM1, UFSP2, UGCG, UGT1A1, UMODL1, URI1, UROS, USF1, USO1, USP15, USP26, USP8, USP9X, USP9Y, VAMP2, VASN, VCAM1, VEGFA, VEGFB, VEGFC, VEGFD, VEPH1, VIL1, VIM, VPS11, VPS18, VPS35, VPS54, VSTM2A, VTN, VWA2, VWC2, VWC2L, WASF1, WBP2, WDTC1, WFIKKN1, WFIKKN2, WNT1, WNT10A, WNT10B, WNT2, WNT4, WNT5A, WNT7A, WT1, WWOX, XBP1, XCL1, XDH, XIAP, XRN1, YAP1, YES1, YWHAG, YWHAH, ZBTB7A, ZBTB7B, ZDHHC17, ZDHHC7, ZEB1, ZEB2, ZFP36, ZFP36L1, ZFP36L2, ZFYVE27, ZFYVE9, ZMIZ1, ZMPSTE24, ZNF106, ZNF366, ZNF423, ZNF451, ZNF592, ZNF703, ZNF764, ZNF8, ZPR1, ZYX
GO:0035107	appendage morphogenesis	150	4	0.52	0.00188	0.00824561403508772	ACD, AFF3, ALDH1A2, ALX3, ALX4, ARK2C, ASPH, ATRX, B9D1, BAK1, BAX, BCL2L11, BMP4, BMP7, BMPR1A, BPNT2, C2CD3, CACNA1C, CHD7, CHST11, CIBAR1, COL2A1, COL3A1, COL6A1, CRABP2, CREBBP, CTNNB1, CYP26B1, DKK1, DLX5, DLX6, DYNC2H1, ECE1, EN1, ERRFI1, EVX2, EXT1, FBN2, FBXW4, FGF10, FGF4, FGF8, FGF9, FGFR1, FGFR2, FLVCR1, FMN1, FRAS1, FREM2, FZD6, GDF5, GJA1, GLI3, GNA12, GPC3, GREM1, GRHL2, HAND2, HDAC1, HDAC2, HOXA10, HOXA11, HOXA13, HOXA9, HOXC10, HOXC11, HOXD10, HOXD12, HOXD13, HOXD9, IFT122, IFT140, IFT52, IHH, INTU, IQCE, LARGE1, LEF1, LMBR1, LNPK, LRP4, LRP5, MAP3K20, MBNL1, MED1, MEGF8, MKS1, MSX1, MSX2, MYH3, NFIA, NIPBL, NOG, NOTCH1, NOTCH2, NPR2, OSR1, OSR2, PBX1, PBX2, PCSK5, PITX1, PKDCC, PLXNA2, PRICKLE1, PRRX1, PSEN1, PTCH1, RARB, RARG, RDH10, RECK, RPGRIP1L, RSPO2, RUNX2, SALL1, SALL4, SEMA3C, SFRP2, SHH, SHOX2, SKI, SMAD4, SOX9, SP8, SP9, TBC1D32, TBX2, TBX3, TBX4, TBX5, TFAP2A, TFAP2B, TGFB2, TMEM107, TMEM231, TP63, TULP3, TWIST1, VPS54, WDPCP, WDR19, WNT3, WNT5A, WNT7A, ZBTB16, ZIC3, ZNF141, ZNF219, ZNF358
GO:0035108	limb morphogenesis	150	4	0.52	0.00188	0.00824561403508772	ACD, AFF3, ALDH1A2, ALX3, ALX4, ARK2C, ASPH, ATRX, B9D1, BAK1, BAX, BCL2L11, BMP4, BMP7, BMPR1A, BPNT2, C2CD3, CACNA1C, CHD7, CHST11, CIBAR1, COL2A1, COL3A1, COL6A1, CRABP2, CREBBP, CTNNB1, CYP26B1, DKK1, DLX5, DLX6, DYNC2H1, ECE1, EN1, ERRFI1, EVX2, EXT1, FBN2, FBXW4, FGF10, FGF4, FGF8, FGF9, FGFR1, FGFR2, FLVCR1, FMN1, FRAS1, FREM2, FZD6, GDF5, GJA1, GLI3, GNA12, GPC3, GREM1, GRHL2, HAND2, HDAC1, HDAC2, HOXA10, HOXA11, HOXA13, HOXA9, HOXC10, HOXC11, HOXD10, HOXD12, HOXD13, HOXD9, IFT122, IFT140, IFT52, IHH, INTU, IQCE, LARGE1, LEF1, LMBR1, LNPK, LRP4, LRP5, MAP3K20, MBNL1, MED1, MEGF8, MKS1, MSX1, MSX2, MYH3, NFIA, NIPBL, NOG, NOTCH1, NOTCH2, NPR2, OSR1, OSR2, PBX1, PBX2, PCSK5, PITX1, PKDCC, PLXNA2, PRICKLE1, PRRX1, PSEN1, PTCH1, RARB, RARG, RDH10, RECK, RPGRIP1L, RSPO2, RUNX2, SALL1, SALL4, SEMA3C, SFRP2, SHH, SHOX2, SKI, SMAD4, SOX9, SP8, SP9, TBC1D32, TBX2, TBX3, TBX4, TBX5, TFAP2A, TFAP2B, TGFB2, TMEM107, TMEM231, TP63, TULP3, TWIST1, VPS54, WDPCP, WDR19, WNT3, WNT5A, WNT7A, ZBTB16, ZIC3, ZNF141, ZNF219, ZNF358
GO:0034614	cellular response to reactive oxygen species	151	4	0.53	0.00193	0.008318965517241381	ABL1, ADPRS, AGAP3, AIFM1, AKT1, ANKZF1, APOA4, AQP1, ATM, ATP7A, AXL, BECN1, BMP7, BNIP3, BTK, CAMKK2, CAT, CBX8, CCS, CD36, CDK1, CHUK, CRYGD, CYP1B1, DDR2, DHFR, DHFRP1, ECT2, EDN1, EGFR, ERCC6L2, ERN1, EZH2, FABP1, FANCC, FBLN5, FER, FOS, FOXO3, FOXP1, FXN, FYN, GCH1, GLRX2, GPR37, GPR37L1, HDAC2, HDAC6, HGF, HSF1, IL18BP, IL18RAP, IL6, JUN, KDM6B, KLF2, KLF4, LRRK2, MAP1LC3A, MAP2K4, MAP3K5, MAPK1, MAPK13, MAPK3, MAPK7, MAPK8, MAPK9, MAPT, MB, MDM2, MET, MIR103A1, MIR107, MIR133A1, MIR17, MIR21, MIR34A, MIR92A1, MIRLET7B, MMP2, MMP3, MMP9, MPO, MPV17, MT3, MYB, NCF1, NET1, NFE2L2, NME8, NOS3, NQO1, OSER1, PARK7, PAWR, PAX2, PCGF2, PCNA, PDCD10, PDGFD, PDGFRA, PDK2, PEX10, PEX12, PEX13, PEX14, PEX2, PEX5, PINK1, PJVK, PKD2, PLEKHA1, PPARGC1B, PPIF, PRDX1, PRDX2, PRDX3, PRDX5, PRKAA1, PRKCD, PTPRK, PXN, RACK1, RELA, RHOB, RIPK1, RIPK3, ROMO1, RPS3, SETX, SIRPA, SIRT1, SMPD3, SOD1, SOD2, SOD3, SPHK1, SRC, STAT6, STK25, TNFAIP3, TOP2B, TPM1, TRAP1, TREX1, TRPA1, TRPM2, TXN, UCP1, ZNF277, ZNF580
GO:0060420	regulation of heart growth	73	3	0.26	0.00213	0.00902542372881356	ACACB, AKAP6, BASP1, BMP10, BMPR1A, CAV3, CDK1, CITED2, COL14A1, CTDP1, DUSP6, EDN1, ERBB4, FGF2, FGF20, FGF9, FGFR1, FGFR2, FOXP1, G6PD, GATA6, GLI1, GSK3A, HEY2, IGF1, JARID2, KCNK2, MAPK11, MAPK14, MEF2C, MIR1-1, MIR17HG, MIR199A1, MIR199B, MIR19A, MIR19B1, MIR200B, MIR204, MIR208A, MIR222, MIR25, MIR509-1, MIR548C, MIR590, MIR873, MYH6, NKX2-5, NOG, NOTCH1, PARP2, PI16, PIM1, PPARA, PROX1, RBP4, RBPJ, RGS2, RGS4, RUNX1, SAV1, TBX2, TBX20, TBX5, TGFBR1, TGFBR3, TOMM70, TP73, VGLL4, WNT2, WT1, YAP1, YY1, ZFPM2
GO:0048589	developmental growth	666	8	2.33	0.00217	0.009041666666666668	ABL1, ACACB, ACTN3, ACVR1C, ACVR2B, ADAM15, ADARB1, ADCY10, ADM, ADNP, ADPRHL1, ADRA1A, ADRB1, ADRB2, ADRB3, AFG3L2, AGR2, AGRN, AKAP6, AKIRIN1, AKT1, ALCAM, ALKBH1, AMH, ANAPC2, APBA1, APBA2, APOA5, APOD, APOE, APP, AR, AREG, ARHGAP4, ARID2, ARID5B, ARIH2, ARX, ASCL3, ASPM, ATF2, ATF5, ATM, ATN1, ATP8A2, ATRN, ATRX, AURKA, AUTS2, B4GALNT2, BARHL2, BASP1, BBS2, BBS4, BCL11A, BCL2, BCL2L11, BCL9, BDNF, BIN3, BMP10, BMP4, BMPR1A, BMPR1B, BMPR2, BNC2, BRCA2, C9orf72, CACNA2D2, CACNG7, CAPN3, CAV3, CCL11, CCM2, CCN3, CD81, CD9, CDH1, CDH4, CDK1, CDK5, CDKL3, CDKL5, CDKN1A, CDKN1B, CDKN1C, CELA1, CER1, CFLAR, CGA, CHD7, CHEK1, CHRNA1, CHRND, CHST11, CITED2, CLDN18, CLIC4, COBL, COL14A1, COL27A1, COL3A1, COL6A1, COLQ, COMP, COMT, COPS2, CPNE1, CPNE5, CPNE6, CPNE9, CPQ, CRABP2, CREB1, CSF1, CTC1, CTDP1, CTNNB1, CTR9, CTTN, CXCL12, CXCR4, CYFIP1, CYFIP2, CYP19A1, DAG1, DCAF13, DCC, DCLK1, DDR1, DDR2, DIO3, DIP2B, DIPK2A, DISC1, DLL1, DMBX1, DNM2, DRAXIN, DRD2, DSCAM, DUSP10, DUSP6, DVL1, ECM1, EDN1, EDN2, EDN3, EDNRA, EFNA5, EHMT2, EIF2AK4, EIF4G2, EIF4H, EMX1, EN1, EP300, EPB41L5, EPHA7, EPPK1, ERBB4, ERCC1, ERCC2, ERCC6, EREG, ESR1, ETNK2, EVC, EXT1, EYS, EZH2, EZR, FES, FGF1, FGF10, FGF13, FGF2, FGF20, FGF7, FGF8, FGF9, FGFR1, FGFR2, FGFR3, FKBP8, FKRP, FLRT1, FLRT3, FLVCR1, FMN1, FN1, FOSL2, FOXC1, FOXC2, FOXL2, FOXO3, FOXP1, FOXS1, FSTL4, FTO, FXN, FZD7, FZD9, G6PC1, G6PD, GAMT, GAP43, GAS1, GAS2, GATA3, GATA4, GATA6, GDF15, GDF5, GDF9, GDI1, GH1, GHR, GHRH, GHRHR, GHRL, GHSR, GIGYF2, GINS1, GINS4, GJA1, GJD4, GJE1, GLI1, GLI2, GLI3, GNAS, GNAT1, GNAT2, GOLGA4, GPAM, GPAT4, GPR149, GPR21, GPX1, GRHL2, GSK3A, GSK3B, HDAC3, HDAC6, HDGFL2, HEG1, HELT, HESX1, HEY2, HLX, HNF1B, HOPX, HOXA11, HOXA5, HOXD13, HTRA2, IER3IP1, IFRD1, IFT80, IGF1, IGF2, IGFBP1, IHH, IL7, IMPACT, INSR, INTS1, IQGAP1, ISLR2, IST1, ITGA4, ITGB1, ITSN2, JARID2, KAT2A, KCNJ8, KCNK2, KDF1, KDM5B, KIAA0319, KIF26B, KLF2, KLF5, KLK6, KMT2D, KPNA1, L1CAM, LAMB2, LARGE1, LATS1, LATS2, LEP, LEPR, LGMN, LGR6, LHX1, LHX2, LIMK1, LLPH, LPAR3, LRP4, LZTS2, MACF1, MAEL, MAG, MAGI2, MAP1B, MAP2, MAP2K4, MAP3K13, MAPK11, MAPK14, MAPT, MATN1, MBD5, MDK, MECP2, MED1, MED12, MEF2C, MEGF8, MEIS1, MESP1, MEX3C, MFSD2A, MIR1-1, MIR17HG, MIR195, MIR199A1, MIR199B, MIR19A, MIR19B1, MIR200B, MIR204, MIR208A, MIR222, MIR23A, MIR24-1, MIR25, MIR29B1, MIR509-1, MIR548C, MIR590, MIR873, MKKS, MMP13, MSTN, MSX2, MT3, MTM1, MTOR, MTPN, MUL1, MUSK, MUSTN1, MYCBP2, MYH6, MYMK, MYMX, MYOD1, MYOZ1, NBN, NCAPG2, NDEL1, NDN, NDRG4, NEDD4L, NGF, NIN, NINJ1, NINJ2, NIPBL, NKD1, NKX2-5, NKX6-1, NLGN3, NLGN4X, NOG, NOTCH1, NOTCH2, NPPC, NPR2, NPY1R, NRCAM, NRN1, NRN1L, NRP1, NRP2, NTN1, ODAD3, OLFM1, OSTN, PAFAH1B1, PAK6, PALB2, PARP2, PDLIM5, PELO, PEX5, PHLDA2, PI16, PIK3CA, PIM1, PKDCC, PLAA, PLAC8, PLAG1, PLCB1, PLEC, PLEKHA1, PLG, PLS1, PLXNA1, PLXNA3, PLXNA4, POSTN, POU3F2, POU4F2, POU4F3, PPARA, PPARD, PPIB, PPP1R13L, PPP3CA, PPP3CB, PRICKLE1, PRKAR1A, PRKCZ, PRKG1, PRKN, PRLH, PRLR, PRMT2, PROX1, PSAP, PSAPL1, PTCH1, PTEN, PTGFRN, PTK7, PTN, PTPN11, PTPN12, PTPRS, PTX3, PUM2, PYGO2, RAB21, RAD51B, RAG2, RAI1, RAPH1, RARA, RARB, RARG, RASAL1, RASAL2, RBBP6, RBP4, RBPJ, RC3H2, RDH10, RGMA, RGS2, RGS4, RIMS1, RIMS2, RMI1, RND2, RNF157, RNF6, RPS6KB1, RSPO2, RTF1, RTN4, RTN4R, RUFY3, RUNX1, RYK, S100B, S1PR1, SALL1, SALL4, SASH3, SAV1, SBDS, SCAPER, SCNN1B, SELENOM, SELENON, SEMA3A, SEMA3B, SEMA3C, SEMA3D, SEMA3E, SEMA3F, SEMA3G, SEMA4A, SEMA4B, SEMA4C, SEMA4D, SEMA4F, SEMA4G, SEMA5A, SEMA5B, SEMA6A, SEMA6B, SEMA6C, SEMA6D, SEMA7A, SERP1, SFRP1, SFRP2, SGCA, SGPL1, SH3GL2, SHH, SHTN1, SIN3A, SIX1, SIX4, SKI, SLC12A5, SLC1A2, SLC23A2, SLC25A25, SLC39A12, SLC4A10, SLC6A3, SLC6A4, SLC9A6, SLIT1, SLIT2, SLIT3, SLITRK1, SLITRK6, SMAD1, SMAD2, SMAD3, SMAD4, SMAD7, SMO, SMPD3, SMURF1, SOCS2, SOD1, SORBS2, SOS1, SOX10, SOX15, SOX2, SOX9, SPAAR, SPAG6, SPAG9, SPART, SPG11, SPP1, SPRY1, SPRY2, SPTBN2, SPTBN4, SRC, SRF, SSNA1, ST8SIA2, STAT3, STAT5A, STAT5B, STC1, STC2, STIL, STK11, STK3, STK4, STK40, STRA6, SYT1, SYT14P1, SYT17, SYT2, SYT3, SYT4, TAF10, TAF8, TAL2, TBCE, TBL1XR1, TBX2, TBX20, TBX5, TEC, TENM4, TGFB2, TGFBR1, TGFBR2, TGFBR3, THBS3, TIAM1, TLL2, TM4SF4, TMED2, TMEM108, TMEM182, TMEM38B, TNC, TNFAIP6, TNN, TNR, TNS2, TOMM70, TP53, TP73, TRIM28, TRIM46, TRPC5, TRPV2, TSC22D4, TSKU, TTC8, TTL, TWF2, TXK, TYMS, UBE3A, UBTFL1, ULK1, ULK2, UNC13A, USP9X, VCL, VEGFA, VGLL4, VIL1, VPS54, WASF1, WDR11, WDR48, WDTC1, WNT10B, WNT11, WNT2, WNT3, WNT3A, WNT5A, WNT7A, WNT7B, WT1, WWC1, WWC2, WWC3, WWTR1, XRCC2, YAP1, YBX3, YY1, ZFP36L1, ZFPM2, ZFX, ZFYVE27, ZMIZ1, ZMPSTE24, ZNF830, ZP3, ZPR1
GO:0030003	intracellular monoatomic cation homeostasis	523	7	1.83	0.00228	0.009344262295081967	ABCB6, ABCB7, ABL1, ACO1, ADCY8, ADORA1, AFG3L2, AKAP6, ALAS2, ANK2, ANKRD9, ANXA6, AP3B1, APLNR, APOE, APP, AQP11, ARF1, ATF4, ATG5, ATOX1, ATP12A, ATP13A1, ATP13A2, ATP13A3, ATP13A4, ATP13A5, ATP1A1, ATP1A2, ATP1A3, ATP1A4, ATP1B1, ATP1B2, ATP1B3, ATP2A1, ATP2A2, ATP2A3, ATP2B1, ATP2B2, ATP2B3, ATP2B4, ATP2C1, ATP2C2, ATP4A, ATP4B, ATP5F1B, ATP6AP1, ATP6AP2, ATP6V0A1, ATP6V0A2, ATP6V0A4, ATP6V0B, ATP6V0C, ATP6V0D1, ATP6V0D2, ATP6V0E1, ATP6V0E2, ATP6V1A, ATP6V1B1, ATP6V1B2, ATP6V1D, ATP6V1F, ATP6V1G1, ATP6V1H, ATP7A, ATP7B, AVP, AVPR1A, B2M, BAK1, BAX, BCAP31, BCL2, BDH2, BDKRB1, BMP6, BNIP3, BOK, BOLA1, BOLA2, BOLA2B, BOLA3, C19orf12, CA2, CA7, CACNA1C, CACNA1S, CACNB2, CACNB4, CALB1, CALB2, CALCA, CALCB, CALM1, CALM2, CALM3, CALR, CAMK2D, CAPN3, CASQ1, CASQ2, CASR, CAV1, CAV2, CAV3, CCDC115, CCDC22, CCDC47, CCL1, CCL11, CCL13, CCL14, CCL15, CCL19, CCL21, CCL23, CCL3, CCL5, CCL7, CCL8, CCR1, CCR2, CCR5, CCR7, CD19, CD40, CDH23, CDH5, CEMIP, CFTR, CHD7, CHERP, CHP1, CHRNA7, CLCN3, CLDN16, CLIC2, CLIC4, CLN3, CLN5, CLN6, CNGB1, CNNM4, CNR1, CORO1A, COX11, COX19, CP, CREG1, CSRP3, CTRC, CX3CL1, CXCL10, CXCL11, CXCL12, CXCL9, CYB561, CYB561A3, CYBA, CYBRD1, DDIT3, DHRS7C, DIAPH1, DISC1, DMD, DMPK, DMXL1, DMXL2, DRD1, DRD2, DRD3, DRD4, DRD5, EDN1, EDN2, EDN3, EDNRA, EGLN1, ELANE, ERC2, ERFE, ERO1A, F2, F2R, F2RL3, FASLG, FATE1, FBXL5, FGF2, FIS1, FKBP1A, FKBP1B, FKBP1C, FLNA, FLVCR1, FRRS1, FTH1, FTH1P19, FTHL17, FTL, FTMT, FXN, FXYD2, FZD9, GCM2, GDF2, GHITM, GLRX3, GLRX5, GP1BA, GP1BB, GP5, GP9, GPER1, GPR12, GPR3, GPR89A, GPR89B, GRIA1, GRID2IP, GRIK2, GRINA, GRM1, GRM5, GRN, GSTM2, GSTO1, HAMP, HAP1, HCRTR1, HCRTR2, HEPHL1, HERPUD1, HEXB, HFE, HIF1A, HJV, HMOX1, HPX, HRC, HSP90B1, HTR1B, HTR2A, HTR2B, HTR2C, HTT, HVCN1, IBTK, IFNG, IL13, IL1A, IMMT, IREB2, ISCU, ITGB3, ITPR1, ITPR2, ITPR3, JPH1, JPH2, JPH3, JPH4, JSRP1, KCNJ2, KCNMA1, KCTD17, KCTD7, KEL, LACC1, LACRT, LAMP1, LAMP2, LCK, LETM1, LHCGR, LIME1, LRRK2, LYN, MAIP1, MAPK1, MAPK3, MCOLN1, MCU, MCUB, MCUR1, METTL21C, MICU1, MICU2, MICU3, MINPP1, MIR1-1, MIR133A1, MIR210, MIR93, MT1A, MT1B, MT1DP, MT1E, MT1F, MT1G, MT1H, MT1HL1, MT1M, MT1X, MT2A, MT3, MT4, MTLN, MYC, NAGLU, NCOA4, NDFIP1, NEO1, NOL3, NOS1, NOX1, NPPC, NPSR1, NPTN, NTSR1, NUBP1, OCA2, P2RX1, P2RX7, P2RY1, P2RY4, P2RY6, PACS2, PDE4D, PDPK1, PDZD8, PICALM, PIK3CB, PKD2, PKHD1, PLCB1, PLCB2, PLCB3, PLCB4, PLCD1, PLCE1, PLCG1, PLCG2, PLCH1, PLCH2, PLN, PML, PPT1, PRKACA, PRKCB, PRKCE, PRKD1, PRND, PRNP, PSEN1, PTH, PTH1R, PTK2B, PTPN6, PTPRC, RAB20, RAB38, RAB39A, RAB7A, RAP1GDS1, RGN, RMDN3, RNASEK, RYR1, RYR2, RYR3, S100A8, S100A9, SCARA5, SCGN, SCNN1A, SCNN1B, SCNN1D, SCNN1G, SCO1, SCO2, SELENOK, SELENON, SLAMF8, SLC10A7, SLC11A1, SLC11A2, SLC12A2, SLC12A5, SLC1A1, SLC1A3, SLC22A17, SLC24A1, SLC24A2, SLC24A3, SLC24A4, SLC24A5, SLC25A23, SLC25A27, SLC26A3, SLC26A6, SLC30A1, SLC30A10, SLC30A2, SLC30A5, SLC30A7, SLC30A8, SLC30A9, SLC31A1, SLC31A2, SLC35G1, SLC39A10, SLC39A13, SLC39A14, SLC39A4, SLC39A6, SLC39A7, SLC39A8, SLC39A9, SLC40A1, SLC41A1, SLC45A2, SLC46A1, SLC4A1, SLC4A10, SLC4A11, SLC4A2, SLC4A3, SLC4A4, SLC4A5, SLC4A7, SLC4A8, SLC4A9, SLC8A1, SLC8A2, SLC8A3, SLC8B1, SLC9A1, SLC9A2, SLC9A3, SLC9A4, SLC9A5, SLC9A6, SLC9A7, SLC9A8, SLC9A9, SLC9B1, SLC9C1, SLC9C2, SMAD4, SMDT1, SNAPIN, SNCA, SOD1, SPNS1, SPPL2C, SRI, STC1, STC2, STEAP2, STEAP4, STIM1, STIM2, STOML2, SV2A, SV2B, SYPL2, TASL, TCIRG1, TESMIN, TF, TFR2, TFRC, TGM2, THADA, THY1, TM9SF4, TMBIM6, TMC8, TMCO1, TMEM106B, TMEM165, TMEM175, TMEM178A, TMEM199, TMEM203, TMEM38A, TMEM38B, TMEM64, TMEM9, TMPRSS3, TMPRSS6, TMTC4, TNNI3, TPCN2, TPT1, TRDN, TRPA1, TRPC1, TRPC3, TRPC4, TRPC5, TRPC6, TRPC7, TRPM2, TRPM8, TRPV4, TSPOAP1, TTC7A, TUNAR, UBASH3B, UBE3A, UMOD, VAPB, VDR, VPS33A, VPS54, WFS1, WNT5A, XCL1, XCR1, XK, YWHAE
GO:0014706	striated muscle tissue development	265	5	0.93	0.00233	0.009395161290322581	ABL1, ACADM, ACTC1, ACTN2, ACVR1, ADAMTS9, ADPRHL1, ADRA1A, AKAP13, AKAP6, ALDH1A2, ALPK2, ALPK3, ANKRD1, ARID2, ARRB2, ASB2, ATG5, BMP10, BMP2, BMP4, BMP5, BMP7, BMPR1A, BVES, CACNA1G, CALR, CAV3, CBY1, CDC42, CDK1, CENPF, CHD7, CITED2, COL11A1, COL14A1, CREB1, CSRP3, CTDP1, CXADR, DIPK2A, DKK1, DLL1, DLL4, DSG2, DSP, EDN1, EDNRA, EFNB2, EGLN1, ENG, ERBB3, ERBB4, EYA1, EYA2, FES, FGF2, FGF20, FGF3, FGF8, FGF9, FGFR1, FGFR2, FHL2, FHOD3, FKBP1A, FOXC1, FOXC2, FOXH1, FOXP1, FRS2, FZD7, G6PD, GATA4, GATA5, GATA6, GJA1, GJA5, GJB6, GJC1, GLI1, GREM1, GSK3A, HAND1, HCN4, HDAC3, HEG1, HEY1, HEY2, HNRNPU, HOPX, ID2, IFRD1, IFT20, IGF1, IRX3, ISL1, ITGB1, JARID2, JPH2, KAT2A, KCNJ11, KCNJ8, KCNK2, KDM6B, LARGE1, LEF1, LMNA, LOX, LRP2, LRRC10, LRRC27, LUC7L, MAML1, MAP2K4, MAPK11, MAPK14, MED1, MEF2A, MEF2C, MEIS1, MESP1, MIR1-1, MIR17HG, MIR195, MIR199A1, MIR199B, MIR19A, MIR19B1, MIR200B, MIR204, MIR208A, MIR222, MIR23A, MIR24-1, MIR25, MIR499A, MIR509-1, MIR548C, MIR590, MIR873, MRTFB, MSC, MSX1, MSX2, MTOR, MTPN, MYBPC3, MYH11, MYH6, MYH7, MYL2, MYL3, MYL7, MYLK2, MYLK3, MYO18B, MYOCD, NAGLU, NDRG4, NDUFV2, NEB, NEBL, NKX2-5, NKX2-6, NOG, NOTCH1, NOTCH2, NOX4, NPPA, NPPB, NPRL3, NRAP, NRG1, OBSL1, PARP2, PDGFRA, PDGFRB, PDLIM5, PGM5, PI16, PIM1, PKP2, PLEC, PLN, POU4F1, PPARA, PPP1R13L, PRICKLE1, PRKAR1A, PRKG1, PRMT1, PROX1, PTCD2, RARA, RARB, RBP4, RBPJ, RGS2, RGS4, RPL3L, RUNX1, RYR2, S1PR1, SAV1, SCN5A, SEMA3C, SGCB, SGCD, SGCG, SGCZ, SHH, SHOX2, SIK1, SIRT2, SIRT6, SKI, SLC8A1, SLC9A1, SMAD1, SMAD3, SMAD4, SMAD5, SMAD7, SORBS2, SOX15, SOX6, SRF, SYNE1, TAFAZZIN, TBX18, TBX2, TBX20, TBX3, TBX5, TCAP, TENM4, TGFB1, TGFB2, TGFBR1, TGFBR3, TNNC1, TNNI1, TNNI3, TNNT2, TOMM70, TP73, TPM1, TREX1, TSC1, TTN, TWIST1, VEGFA, VGLL4, WNT2, WNT3A, WNT5A, WT1, XIRP2, YAP1, YY1, ZFPM1, ZFPM2, ZIC3, ZMPSTE24
GO:0044321	response to leptin	21	2	0.07	0.00242	0.009603174603174603	ADIPOR1, BBS2, BBS4, CCNA2, CCND1, EDN1, FGB, FGF23, GCK, INHBB, LEP, LEPR, LRP2, MKKS, MT3, NR1D1, NR4A3, PID1, SIRT1, STAT3, UGCG
GO:0006873	intracellular monoatomic ion homeostasis	532	7	1.86	0.00250	0.009765625	ABCB6, ABCB7, ABL1, ACO1, ADCY8, ADORA1, AFG3L2, AKAP6, ALAS2, ANK2, ANKRD9, ANXA6, AP3B1, APLNR, APOE, APP, AQP11, ARF1, ATF4, ATG5, ATOX1, ATP12A, ATP13A1, ATP13A2, ATP13A3, ATP13A4, ATP13A5, ATP1A1, ATP1A2, ATP1A3, ATP1A4, ATP1B1, ATP1B2, ATP1B3, ATP2A1, ATP2A2, ATP2A3, ATP2B1, ATP2B2, ATP2B3, ATP2B4, ATP2C1, ATP2C2, ATP4A, ATP4B, ATP5F1B, ATP6AP1, ATP6AP2, ATP6V0A1, ATP6V0A2, ATP6V0A4, ATP6V0B, ATP6V0C, ATP6V0D1, ATP6V0D2, ATP6V0E1, ATP6V0E2, ATP6V1A, ATP6V1B1, ATP6V1B2, ATP6V1D, ATP6V1F, ATP6V1G1, ATP6V1H, ATP7A, ATP7B, AVP, AVPR1A, B2M, BAK1, BAX, BCAP31, BCL2, BDH2, BDKRB1, BMP6, BNIP3, BOK, BOLA1, BOLA2, BOLA2B, BOLA3, C19orf12, CA2, CA7, CACNA1C, CACNA1S, CACNB2, CACNB4, CALB1, CALB2, CALCA, CALCB, CALM1, CALM2, CALM3, CALR, CAMK2D, CAPN3, CASQ1, CASQ2, CASR, CAV1, CAV2, CAV3, CCDC115, CCDC22, CCDC47, CCL1, CCL11, CCL13, CCL14, CCL15, CCL19, CCL21, CCL23, CCL3, CCL5, CCL7, CCL8, CCR1, CCR2, CCR5, CCR7, CD19, CD40, CDH23, CDH5, CEMIP, CFTR, CHD7, CHERP, CHP1, CHRNA7, CLCN3, CLDN16, CLIC2, CLIC4, CLN3, CLN5, CLN6, CNGB1, CNNM4, CNR1, CORO1A, COX11, COX19, CP, CREG1, CSRP3, CTRC, CX3CL1, CXCL10, CXCL11, CXCL12, CXCL9, CYB561, CYB561A3, CYBA, CYBRD1, DDIT3, DHRS7C, DIAPH1, DISC1, DMD, DMPK, DMXL1, DMXL2, DRD1, DRD2, DRD3, DRD4, DRD5, EDN1, EDN2, EDN3, EDNRA, EGLN1, ELANE, ERC2, ERFE, ERO1A, F2, F2R, F2RL3, FASLG, FATE1, FBXL5, FGF2, FIS1, FKBP1A, FKBP1B, FKBP1C, FLNA, FLVCR1, FRRS1, FTH1, FTH1P19, FTHL17, FTL, FTMT, FXN, FXYD2, FZD9, GCM2, GDF2, GHITM, GLRX3, GLRX5, GP1BA, GP1BB, GP5, GP9, GPER1, GPR12, GPR3, GPR89A, GPR89B, GRIA1, GRID2IP, GRIK2, GRINA, GRM1, GRM5, GRN, GSTM2, GSTO1, HAMP, HAP1, HCRTR1, HCRTR2, HEPHL1, HERPUD1, HEXB, HFE, HIF1A, HJV, HMOX1, HPX, HRC, HSP90B1, HTR1B, HTR2A, HTR2B, HTR2C, HTT, HVCN1, IBTK, IFNG, IL13, IL1A, IMMT, IREB2, ISCU, ITGB3, ITPR1, ITPR2, ITPR3, JPH1, JPH2, JPH3, JPH4, JSRP1, KCNE3, KCNJ2, KCNMA1, KCNQ1, KCTD17, KCTD7, KEL, LACC1, LACRT, LAMP1, LAMP2, LCK, LETM1, LHCGR, LIME1, LRRK2, LYN, MAIP1, MAPK1, MAPK3, MCOLN1, MCU, MCUB, MCUR1, METTL21C, MICU1, MICU2, MICU3, MINPP1, MIR1-1, MIR133A1, MIR210, MIR93, MT1A, MT1B, MT1DP, MT1E, MT1F, MT1G, MT1H, MT1HL1, MT1M, MT1X, MT2A, MT3, MT4, MTLN, MYC, NAGLU, NCOA4, NDFIP1, NEO1, NOL3, NOS1, NOX1, NPPC, NPSR1, NPTN, NTSR1, NUBP1, OCA2, P2RX1, P2RX7, P2RY1, P2RY2, P2RY4, P2RY6, PACS2, PDE4D, PDPK1, PDZD8, PICALM, PIK3CB, PKD2, PKHD1, PLCB1, PLCB2, PLCB3, PLCB4, PLCD1, PLCE1, PLCG1, PLCG2, PLCH1, PLCH2, PLN, PML, PPT1, PRKACA, PRKCB, PRKCE, PRKD1, PRND, PRNP, PSEN1, PTH, PTH1R, PTK2B, PTPN6, PTPRC, RAB20, RAB38, RAB39A, RAB7A, RAP1GDS1, RGN, RHAG, RHCG, RMDN3, RNASEK, RYR1, RYR2, RYR3, S100A8, S100A9, SCARA5, SCGN, SCNN1A, SCNN1B, SCNN1D, SCNN1G, SCO1, SCO2, SELENOK, SELENON, SLAMF8, SLC10A7, SLC11A1, SLC11A2, SLC12A2, SLC12A5, SLC1A1, SLC1A3, SLC22A17, SLC24A1, SLC24A2, SLC24A3, SLC24A4, SLC24A5, SLC25A23, SLC25A27, SLC26A3, SLC26A6, SLC30A1, SLC30A10, SLC30A2, SLC30A5, SLC30A7, SLC30A8, SLC30A9, SLC31A1, SLC31A2, SLC35G1, SLC39A10, SLC39A13, SLC39A14, SLC39A4, SLC39A6, SLC39A7, SLC39A8, SLC39A9, SLC40A1, SLC41A1, SLC45A2, SLC46A1, SLC4A1, SLC4A10, SLC4A11, SLC4A2, SLC4A3, SLC4A4, SLC4A5, SLC4A7, SLC4A8, SLC4A9, SLC8A1, SLC8A2, SLC8A3, SLC8B1, SLC9A1, SLC9A2, SLC9A3, SLC9A4, SLC9A5, SLC9A6, SLC9A7, SLC9A8, SLC9A9, SLC9B1, SLC9C1, SLC9C2, SMAD4, SMDT1, SNAPIN, SNCA, SOD1, SPNS1, SPPL2C, SRI, STC1, STC2, STEAP2, STEAP4, STIM1, STIM2, STK39, STOML2, SV2A, SV2B, SYPL2, TASL, TBXAS1, TCIRG1, TESMIN, TF, TFR2, TFRC, TGM2, THADA, THY1, TM9SF4, TMBIM6, TMC8, TMCO1, TMEM106B, TMEM165, TMEM175, TMEM178A, TMEM199, TMEM203, TMEM38A, TMEM38B, TMEM64, TMEM9, TMPRSS3, TMPRSS6, TMTC4, TNNI3, TPCN2, TPT1, TRDN, TRPA1, TRPC1, TRPC3, TRPC4, TRPC5, TRPC6, TRPC7, TRPM2, TRPM8, TRPV4, TSPOAP1, TTC7A, TUNAR, UBASH3B, UBE3A, UMOD, VAPB, VDR, VPS33A, VPS54, WFS1, WNK1, WNK4, WNT5A, XCL1, XCR1, XK, YWHAE
GO:0071695	anatomical structure maturation	271	5	0.95	0.00257	0.009884615384615384	ABHD2, ACTL6B, ACTN3, ACVRL1, ADAM7, ADAMTS12, ADAMTS7, ADGRB3, AGRN, AKR1B1, ALDH1A2, ANG, ANGPTL8, ANKRD17, ANKS1A, APP, ARCN1, ASCL1, ATP6AP2, AURKA, AXL, B4GALT5, B4GALT6, BAIAP3, BAP1, BCL11A, BCL2, BFSP1, BFSP2, BHLHA15, BMP2, BNC1, BRCA2, BRD1, BSPH1, BTK, C1QA, C1QL1, C2CD6, C3, CABYR, CATSPER2, CATSPER3, CATSPER4, CATSPERD, CATSPERE, CATSPERZ, CBFB, CCDC154, CCL19, CCL21, CCR6, CDC25B, CDH3, CDH5, CDK5R1, CDK5R2, CDKN1A, CDKN1C, CEBPA, CEND1, CFTR, CLEC7A, CLN5, CNGB1, CNTN2, CNTNAP2, CTNNB1, CX3CL1, CX3CR1, DAG1, DAZL, DCHS1, DDIT3, DEFB1, DIAPH3, DLD, DMC1, EBP, EDN1, EDNRA, EDNRB, EFCAB9, ELSPBP1, EPAS1, EPB42, EPHA8, EPO, ERCC2, EREG, EXT1, FAM20C, FAM210B, FARP2, FBXO5, FEM1B, FERMT1, FEV, FGFR1, FGFR3, FGG, FLVCR1, FOXA1, FOXJ1, FOXO3, FUT6, FZD5, G6PD, GAL, GATA2, GATA3, GBA1, GDF11, GH1, GHRHR, GJA1, GLDN, GPAT4, GREM1, HDAC6, HEATR3, HES1, HES5, HIF1A, HOXA5, HOXB13, IFT80, IGF1, IHH, IL15, IL21, INSL3, IQCF1, KCNB1, KCNE1, KCNIP2, KCNQ3, KDM1A, KDR, KIF14, KLF2, L3MBTL3, LEP, LGI4, LHX6, LRRK2, LTF, LYL1, MAEA, MAP3K13, MBTPS2, MECP2, MMP2, MOS, MSX2, MTCH1, MYOC, NEMP1, NF1, NKX6-1, NOM1, NPPC, NPR2, NR4A2, NRCAM, NSUN2, NTN4, OOSP2, PAEP, PAX2, PCSK4, PGR, PHOSPHO1, PICK1, PLA2G10, PLA2G3, PLD6, PLXNB1, PPARG, PPP2R1A, PRKACA, PTBP3, PTH, PTH1R, PTK2B, PTPRN, RAC2, RAC3, RB1, RBPJ, REC8, RECK, REN, RERE, RET, RFLNA, RFLNB, RFX3, RHEX, RHOA, RND1, ROPN1, ROPN1B, ROPN1L, RPS6KA2, RUNX2, RXFP2, RYR1, S1PR1, SCARF1, SCLT1, SEMA4D, SEMG1, SEMG2, SHB, SIRT2, SIX3, SLC22A14, SLC24A4, SLC26A3, SLC26A6, SLFN14, SMIM45, SNX10, SNX19, SOX10, SOX18, SOX8, SPINK1, SPINK5, SPTBN4, SRRM4, TAL1, TBX6, TCP11, TCP11X1, TCP11X2, TDRD1, TDRD5, TDRD6, TDRD7, TDRKH, TFCP2L1, TGFB2, THBS3, TMEM79, TMIGD1, TMPRSS12, TRIM58, TRIP13, TRPC4AP, TUBB8, TUSC2, TUT4, TUT7, TYMS, VEGFA, VSX1, WASHC5, WDR77, WEE2, WNT1, WNT10B, WNT5A, XYLT1, YTHDF2, ZAR1, ZAR1L, ZBTB16, ZBTB7A, ZNF664-RFLNA
GO:0009719	response to endogenous stimulus	1758	14	6.14	0.00263	0.009962121212121212	A2M, AANAT, ABCA1, ABCA2, ABCA3, ABCB11, ABCC1, ABCC8, ABHD2, ABL1, ACACA, ACAP2, ACAT1, ACE, ACOD1, ACR, ACSBG1, ACSL1, ACTA1, ACTA2, ACTB, ACTN2, ACVR1, ACVR1B, ACVR1C, ACVR2A, ACVR2B, ACVRL1, ADAM17, ADAM9, ADAMTS12, ADAMTS3, ADAMTS7, ADAMTSL2, ADCY5, ADCY6, ADCY8, ADGRA2, ADIPOQ, ADIPOR1, ADIPOR2, ADISSP, ADM, ADRA1A, ADRA2A, ADRB2, ADTRP, AGER, AGL, AGRP, AGT, AGTR1, AGTR2, AGTRAP, AHCYL1, AHR, AHSG, AIFM1, AKAP6, AKAP8, AKAP9, AKR1C1, AKR1C2, AKR1C3, AKR1C4, AKT1, AKT1S1, AKT2, ALAD, ALK, ALPL, AMHR2, AMIGO1, ANG, ANGPT2, ANGPTL3, ANKRD1, ANO1, ANXA1, ANXA3, AOC1, AP3S1, APAF1, APC, APLN, APLP1, APOA2, APOE, APP, APPL1, APPL2, AQP1, AQP8, AQP9, AR, AREG, ARF6, ARHGEF2, ARID1A, ARID1B, ARID4A, ARID4B, ARID5A, ARK2C, ARNT, ARPC1B, ARPC3, ARRB2, ARSB, ASCL1, ASH2L, ASIP, ASPN, ASS1, ATF2, ATP1A1, ATP1A2, ATP1A3, ATP2B1, ATP2B4, ATP5F1A, ATP7A, AVPR1A, AVPR1B, AVPR2, AXIN1, AXIN2, BACE1, BAG4, BAIAP2, BAMBI, BBS2, BBS4, BCAR1, BCAR3, BCAS3, BCHE, BCKDHB, BCL11A, BCL2, BCL2L1, BCL2L11, BCL2L2, BCL9L, BDNF, BECN1, BGLAP, BLM, BMAL1, BMP10, BMP2, BMP4, BMP5, BMP6, BMP7, BMPER, BMPR1A, BMPR1B, BMPR2, BMT2, BPTF, BRAF, BRCA1, BRD8, BRIP1, BRMS1, BRMS1L, BSG, BTG1, BTG2, C1QTNF12, C2, C2CD5, CA2, CAB39, CACNA1A, CACNA1H, CACNA1S, CACNA2D1, CACNB1, CAD, CADM4, CALCA, CALCOCO1, CALCR, CALR, CALY, CAMK2A, CAMP, CAPN10, CAPN2, CARD9, CARM1, CASK, CASP3, CASP4, CASP6, CASP7, CASP9, CASQ2, CASR, CASTOR1, CASTOR2, CASTOR3P, CAT, CAV1, CAV2, CAV3, CBL, CCBE1, CCKAR, CCL19, CCL2, CCL21, CCL5, CCN1, CCN2, CCNA2, CCND1, CCR7, CD109, CD24, CD2AP, CD36, CD38, CD44, CD63, CD68, CD81, CD9, CDC34, CDC6, CDH1, CDH13, CDH3, CDH5, CDK5, CDKN1A, CDKN1B, CDKN1C, CDKN2B, CDO1, CEACAM1, CEBPB, CELA2A, CEP57, CER1, CES1, CFLAR, CFTR, CGA, CGB3, CHEK1, CHMP5, CHRD, CHRDL1, CHRDL2, CHST11, CHUK, CHURC1, CIB1, CIB2, CIDEA, CILP, CITED1, CITED2, CITED4, CLDN1, CLDN18, CLDN4, CLDN5, CLEC3B, CLOCK, CNOT1, CNOT2, CNOT9, COL16A1, COL1A1, COL1A2, COL2A1, COL3A1, COL4A1, COL4A2, COL4A6, COL5A2, COL6A1, COMP, COMT, CORO1A, CORO1B, CPEB1, CPEB2, CPEB3, CPEB4, CPN1, CPNE3, CPS1, CRB2, CREB1, CREB3L1, CREBBP, CRH, CRHBP, CRHR1, CRHR2, CRIM1, CRIPTO, CRK, CRKL, CRLS1, CRY1, CRY2, CSH1, CSH2, CSHL1, CSK, CSN1S1, CSNK1D, CSNK1E, CSNK2B, CSRP3, CST11, CSTF2, CTDSPL2, CTNNA1, CTNNB1, CTSB, CTSD, CTSH, CTSK, CTSL, CTSS, CUL3, CX3CR1, CXCL12, CXCL13, CXCL8, CXCR4, CYBB, CYC1, CYFIP1, CYFIP2, CYP11A1, CYP11B1, CYP11B2, CYP1B1, CYP27B1, CYP7B1, CYTB, DAB2, DAB2IP, DAG1, DAND5, DAXX, DCN, DCSTAMP, DDIT3, DDIT4, DDR2, DDRGK1, DDX11, DDX17, DDX5, DDX54, DEFA1, DEFA1B, DEFA3, DEFB124, DENND4C, DHCR24, DHH, DIAPH1, DKK1, DKK3, DLL1, DLL4, DLX1, DLX3, DLX5, DMTN, DNAAF4, DNAI1, DNAJA1, DNM3OS, DNMT1, DNMT3A, DOCK3, DOK5, DRD1, DRD2, DRD3, DRD4, DRD5, DSG1, DSG2, DSG4, DSTYK, DTNBP1, DTYMK, DUSP22, DUSP3, DUSP6, DYNC1LI2, ECHDC3, EDN1, EDNRA, EDNRB, EEF1A1, EEF2K, EFNA5, EGFR, EGLN2, EGR1, EGR2, EGR3, EHD1, EHD4, EHMT2, EID2, EIF2B1, EIF2B2, EIF2B3, EIF2B4, EIF2B5, EIF4A3, EIF4E, EIF4EBP2, EIF6, ELAPOR2, ELAVL4, ELK1, EMD, EME1, EMILIN1, ENG, ENPP1, EP300, EPB41L5, EPHA2, EPHA4, EPHA8, EPHB2, EPM2AIP1, EPN2, EPO, EPRS1, ERBB2, ERBB4, EREG, ERFE, ERN1, ERRFI1, ESR1, ESR2, ESRRA, ESRRB, ESRRG, ETV2, EXT1, EXT2, EZH2, EZR, F7, FAM107A, FAM20C, FAM83G, FAM89B, FASLG, FAT1, FBH1, FBN1, FBN2, FBP1, FBXL15, FBXO32, FBXW7-AS1, FCER1G, FCGR2B, FDX1, FECH, FER, FERMT1, FERMT2, FEZ1, FFAR3, FFAR4, FGB, FGF1, FGF10, FGF16, FGF17, FGF18, FGF19, FGF2, FGF20, FGF21, FGF22, FGF23, FGF3, FGF4, FGF5, FGF6, FGF7, FGF8, FGF9, FGFBP1, FGFBP3, FGFR1, FGFR2, FGFR3, FGFR4, FGFRL1, FHL2, FIBIN, FIBP, FKBP1A, FKBP4, FKBP8, FKRP, FLCN, FLNA, FLRT1, FLRT2, FLRT3, FLT1, FLT3, FLT4, FMOD, FNDC4, FNTA, FOLR1, FOLR2, FOS, FOSB, FOSL1, FOSL2, FOXA1, FOXC1, FOXC2, FOXD1, FOXH1, FOXO1, FOXO3, FOXO4, FOXP1, FPR2, FRS2, FRS3, FSHB, FSHR, FST, FSTL1, FSTL3, FSTL4, FSTL5, FURIN, FUT7, FUT8, FUZ, FYN, FZD1, FZD4, GAB1, GABRB1, GABRB2, GABRB3, GABRG2, GAL, GALNT3, GALP, GAREM1, GAS1, GAS6, GATA1, GATA3, GATA4, GATA5, GATA6, GBA1, GCG, GCGR, GCK, GCLC, GCLM, GCNT1, GCNT2, GDF10, GDF15, GDF2, GDF3, GDF5, GDF6, GDF7, GDF9, GFER, GFRA1, GH1, GH2, GHR, GHRHR, GHRL, GHSR, GIP, GIPC1, GJA1, GJB2, GKAP1, GLB1, GLG1, GLP1R, GLP2R, GLRA1, GLRA2, GNA11, GNA14, GNA15, GNAI1, GNAI2, GNAI3, GNAL, GNAO1, GNAQ, GNAS, GNB1, GNB5, GNG2, GNRH1, GNRHR, GNRHR2, GOLPH3, GOT1, GPC1, GPC3, GPD1, GPER1, GPHB5, GPI, GPLD1, GPR150, GPR155, GPR173, GPR21, GPR22, GPR83, GPT, GPX1, GRB10, GRB14, GRB2, GREM1, GREM2, GRIA1, GRIN2D, GRM5, GSK3A, GSK3B, GSTM2, GSTM3, GTF2H1, HADH, HADHA, HAP1, HAS1, HAS2, HCLS1, HCN1, HCN2, HCN3, HCN4, HCRTR1, HCRTR2, HDAC1, HDAC2, HDAC5, HDAC6, HDAC9, HES1, HES5, HEYL, HFE, HGF, HGS, HHEX, HHIP, HIF1A, HIPK2, HIVEP1, HJV, HMGB2, HMGCS2, HNRNPD, HNRNPU, HOXA10, HOXA11, HOXA13, HPCA, HPGD, HPN, HRAS, HRG, HRH1, HSD11B2, HSD3B1, HSD3B2, HSF1, HSP90AA1, HSP90AB1, HSP90B1, HSPA1A, HSPA1B, HSPA5, HSPA8, HSPB1, HTR1A, HTR1B, HTR2A, HTR3A, HTR3B, HTR3C, HTR3D, HTR3E, HTRA1, HTRA2, HTRA3, HTRA4, HYAL1, HYAL2, IBSP, ICAM1, ID1, IDE, IDH1, IER2, IGF1, IGF1R, IGF2, IGFBP1, IGFBP2, IGFBP5, IGFBP7, IL10, IL12A, IL12B, IL17F, IL17RD, IL1B, IL1RN, IL22, IL4, IL6, ILK, ING1, ING2, INHBA, INHBB, INPP5K, INPPL1, INS, INSIG1, INSIG2, INSR, INSRR, INTS9, IPO5, IQGAP1, IRS1, IRS2, IRS4, ISL1, ITGA2, ITGA3, ITGA4, ITGA5, ITGA8, ITGB1, ITGB1BP1, ITGB2, ITGB3, ITGB5, ITGB6, ITGB8, ITPR2, JAK1, JAK2, JAK3, JCAD, JUN, JUP, KANK1, KANK2, KAT2A, KAT2B, KBTBD2, KCNC1, KCNC2, KCNE1, KCNJ8, KCNQ1, KCP, KDM1A, KDM3A, KDM4C, KDM5B, KDM5D, KDR, KHK, KIDINS220, KIF16B, KL, KLB, KLF1, KLF11, KLF15, KLF16, KLF2, KLF3, KLF4, KLF9, KLHL22, KMT2A, KMT2D, KNSTRN, KRT19, LAMTOR1, LAMTOR2, LAMTOR3, LAMTOR4, LAMTOR5, LANCL2, LARP1, LARS1, LATS1, LATS2, LBH, LCN8, LDLR, LDLRAD4, LDOC1, LEF1, LEFTY1, LEMD3, LEP, LEPR, LEPROT, LEPROTL1, LGMN, LHB, LHCGR, LHX1, LIMS1, LMO3, LONP1, LOX, LPIN1, LPIN2, LPIN3, LPL, LPXN, LRG1, LRIT3, LRP1, LRP2, LRP5, LRP6, LRP8, LRRC32, LRRK2, LTA4H, LTBP1, LTBP2, LTBP3, LTBP4, LYN, MAGI2, MAOB, MAP1B, MAP2K3, MAP2K5, MAP3K7, MAPK1, MAPK13, MAPK14, MAPK3, MAPK7, MAPKAPK2, MAPT, MARS1, MAS1, MAS1L, MBD5, MC4R, MDM2, ME1, MEAK7, MECP2, MED1, MEF2C, MEGF8, MEIS2, MEN1, METTL21C, MGARP, MIA3, MICOS10-NBL1, MIR1-1, MIR100, MIR101-1, MIR103A1, MIR106A, MIR106B, MIR107, MIR10A, MIR10B, MIR1224, MIR125B1, MIR1271, MIR1298, MIR130A, MIR135A1, MIR140, MIR142, MIR143, MIR145, MIR146A, MIR149, MIR15A, MIR15B, MIR16-1, MIR17, MIR181A2, MIR183, MIR18A, MIR195, MIR196A1, MIR199A1, MIR199B, MIR19A, MIR19B1, MIR200A, MIR200C, MIR204, MIR208A, MIR20A, MIR21, MIR210, MIR212, MIR214, MIR224, MIR23A, MIR26A1, MIR27A, MIR27B, MIR296, MIR29B1, MIR302A, MIR302B, MIR302C, MIR30A, MIR30B, MIR323A, MIR329-1, MIR339, MIR342, MIR361, MIR372, MIR373, MIR376C, MIR379, MIR421, MIR424, MIR4286, MIR455, MIR4632, MIR493, MIR497, MIR498, MIR503, MIR520C, MIR545, MIR564, MIR573, MIR758, MIR762, MIR885, MIR9-1, MIR92A1, MIR93, MIR95, MIR98, MIRLET7A1, MIRLET7B, MIRLET7F1, MIRLET7G, MKKS, MME, MMP14, MMP2, MMRN2, MSI1, MSTN, MSX1, MSX2, MT1G, MT3, MTCL2, MTMR4, MTOR, MTRNR2L5, MTSS2, MUS81, MXRA5, MYC, MYD88, MYO1C, MYO5A, MYOCD, MYOD1, MYOG, MZB1, NBL1, NCK1, NCL, NCOA1, NCOA2, NCOA3, NCOA4, NCOA5, NCOA6, NCOR1, NCOR2, NCSTN, ND3, NDEL1, NDN, NDNF, NDP, NDST1, NEDD4, NEFL, NEO1, NEURL1, NFATC1, NFE2L2, NFIA, NFKB1, NFKBIZ, NGF, NGFR, NHERF1, NIBAN2, NKX2-1, NKX2-2, NKX3-1, NKX6-1, NLK, NME2, NOD1, NOD2, NODAL, NOG, NONO, NOS1, NOS2, NOS3, NOTCH1, NOTCH2, NPAS4, NPC1, NPFFR1, NPFFR2, NPNT, NPPC, NPR2, NPTN, NQO1, NR0B1, NR1D1, NR1D2, NR1H2, NR1H3, NR1H4, NR2C1, NR2E1, NR2E3, NR3C1, NR3C2, NR4A1, NR4A2, NR4A3, NR5A1, NR5A2, NREP, NRP1, NRP2, NRROS, NSG1, NSG2, NSMF, NTF3, NTF4, NTRK1, NTRK2, NTRK3, NUCKS1, NUDC, NUMA1, NUS1, OCSTAMP, OGT, ONECUT1, ONECUT2, OPRD1, OPRK1, OPRM1, OR51E2, OSBPL8, OSTN, OTC, OTOP1, OTX2, OVOL2, OXTR, P2RX3, P2RX4, P2RX7, P2RY1, P2RY11, P2RY12, P2RY2, P2RY4, P2RY6, PADI2, PAGR1, PAK1, PAK2, PALM, PALS1, PAPPA, PAQR7, PAQR8, PARK7, PARP1, PAX2, PAX6, PAX8, PAX9, PBLD, PCK1, PCK2, PCNA, PCSK1, PCSK6, PCSK9, PDCD4, PDCD5, PDCD6, PDCD7, PDE2A, PDE3A, PDE3B, PDE8A, PDGFB, PDGFC, PDGFD, PDGFRA, PDGFRB, PDK2, PDK4, PDPK1, PDX1, PDXP, PEG10, PELO, PELP1, PENK, PER1, PFKFB1, PGF, PGR, PGRMC2, PHB1, PHB2, PHEX, PHIP, PHOX2B, PIAS2, PID1, PIK3C2A, PIK3CA, PIK3CB, PIK3CD, PIK3CG, PIK3R1, PIK3R2, PIK3R3, PIN1, PIP4K2A, PIP4K2B, PIP4K2C, PITX3, PKD1L1, PKD2, PKLR, PKM, PKN1, PLA2G1B, PLCB1, PLCG1, PLK5, PLPP1, PMEPA1, PML, PNPLA3, PNPT1, POMC, POR, POSTN, POU4F2, PPARA, PPARD, PPARG, PPARGC1B, PPM1A, PPP1R1B, PPP1R9B, PPP2R5B, PPP3CA, PRCP, PRDM14, PRDM16, PRKAA1, PRKAA2, PRKACA, PRKAR1A, PRKCA, PRKCB, PRKCD, PRKCE, PRKCI, PRKCQ, PRKCZ, PRKD1, PRKD2, PRKDC, PRKN, PRL, PRLH, PRLR, PRMT1, PRMT2, PRMT5, PRNP, PSEN1, PSG9, PTAFR, PTGDR, PTGDS, PTGER1, PTGER2, PTGER4, PTGES3, PTGFR, PTGS2, PTH, PTK2, PTK2B, PTP4A3, PTPN1, PTPN11, PTPN12, PTPN2, PTPN22, PTPRA, PTPRC, PTPRE, PTPRK, PTPRU, PXN, QRFPR, RAB10, RAB13, RAB14, RAB31, RAB35, RAB8A, RACK1, RAD51, RAF1, RAMP1, RAMP2, RAMP3, RAN, RANGAP1, RAP1A, RAP1B, RAP1BL, RAP1GAP, RAP1GDS1, RAPGEF1, RAPGEF2, RAPGEF3, RARA, RARB, RARG, RARRES2, RASL11B, RB1, RBBP4, RBBP5, RBBP7, RBFOX2, RBM14, RBM4, RBPJ, RBPMS2, RBX1, RDX, RECQL5, REG1A, REG1B, REG3A, REG3G, RELA, REN, RERG, REST, RETN, RGMA, RGMB, RGS4, RGS8, RGS9, RHOA, RHOQ, RHOXF1, RIPK1, RIPK2, RNF111, RNF14, RNF6, ROBO1, ROBO2, ROCK1, ROCK2, RPL23, RPL27, RPS6KB1, RPTOR, RRAGA, RRAGB, RRAGC, RRAGD, RUNX2, RUNX3, RWDD1, RXFP1, RXFP2, RXRA, RXRB, RXRG, RYR1, RYR2, RYR3, SAFB, SAFB2, SAP130, SAP30, SAP30L, SCAP, SCGB1A1, SCGB2A1, SCGB2A2, SCN11A, SCNN1A, SCNN1B, SCNN1D, SCNN1G, SCUBE3, SCX, SDC1, SDCBP, SELENON, SELENOS, SEMA6A, SERPINA12, SERPINB9, SERPINF1, SESN1, SESN2, SESN3, SETX, SFR1, SFRP1, SFRP2, SFRP4, SGCB, SGK1, SH2B2, SH3BP4, SH3GL2, SH3RF1, SHC1, SHCBP1, SHISA2, SHMT1, SHOC2, SIK2, SIN3A, SINHCAF, SIRT1, SIX1, SKI, SKIL, SKOR1, SKOR2, SKP2, SLC10A1, SLC12A3, SLC1A1, SLC1A2, SLC1A3, SLC22A12, SLC24A4, SLC25A33, SLC26A3, SLC26A5, SLC26A6, SLC27A1, SLC27A4, SLC2A1, SLC2A10, SLC2A4, SLC2A8, SLC30A10, SLC34A1, SLC34A2, SLC38A9, SLC39A14, SLC39A5, SLC4A7, SLC5A5, SLC6A4, SLC7A5, SLC8A1, SLC9A1, SLIT2, SLIT3, SLX4, SMAD1, SMAD2, SMAD3, SMAD4, SMAD5, SMAD5-AS1, SMAD6, SMAD7, SMAD9, SMARCA4, SMARCC1, SMC1A, SMOC2, SMPD3, SMURF1, SMURF2, SMYD3, SNAI2, SNRPN, SNW1, SNX25, SNX5, SNX6, SOCS1, SOCS2, SOCS3, SOCS5, SORBS1, SORL1, SORT1, SOS1, SOS2, SOST, SOSTDC1, SOX10, SOX11, SOX2, SOX30, SOX5, SOX6, SOX9, SP1, SP7, SPAAR, SPART, SPHK1, SPIDR, SPINK1, SPINT1, SPINT2, SPP1, SPRED1, SPRED2, SPRED3, SPRY1, SPRY2, SPRY3, SPRY4, SRA1, SRARP, SRC, SRD5A1, SRD5A2, SREBF1, SREBF2, SRF, SRSF4, SRSF6, SSH1, SST, SSTR1, SSTR2, SSTR3, SSTR4, SSTR5, STAMBPL1, STAT1, STAT2, STAT3, STAT4, STAT5A, STAT5B, STAT6, STC1, STC2, STEAP2, STK11, STK16, STK39, STMN2, STRAP, STRN3, STUB1, STXBP3, STXBP4, SUDS3, SULF1, SULF2, SULT1A3, SULT1A4, SYAP1, SYK, TAB1, TAC1, TACR1, TADA3, TAF1, TAF7, TAT, TBC1D4, TBC1D7, TBC1D7-LOC100130357, TBX1, TBX2, TBX20, TCF12, TCF21, TEK, TET1, TFAP2B, TFAP4, TFF1, TFPI, TGFB1, TGFB1I1, TGFB2, TGFB3, TGFBR1, TGFBR2, TGFBR3, TGFBR3L, TGFBRAP1, TGIF1, TGM2, TH, THBS1, THRA, THRB, TICAM1, TIGAR, TIMELESS, TIMP1, TIMP2, TIMP3, TIMP4, TLR2, TLR4, TLR6, TLR9, TMEM100, TMEM107, TMEM108, TMEM204, TMEM38A, TMEM38B, TMEM53, TMF1, TMPRSS6, TNC, TNF, TNFAIP6, TNFRSF11A, TNFRSF11B, TNFRSF1B, TNFSF10, TNFSF4, TNS2, TNXB, TOB1, TOMM70, TOP2B, TP53, TP63, TPR, TRARG1, TREM2, TRERF1, TRH, TRIB3, TRIM16, TRIM24, TRIM25, TRIM33, TRIM41, TRIM44, TRIM63, TRIM68, TRIM71, TRIM72, TRIP4, TRPM2, TRPM4, TRPV1, TRPV4, TSC1, TSC2, TSC22D1, TSHB, TSHR, TSPO, TWF2, TWIST1, TWIST2, TWSG1, TXN2, TXNIP, TYK2, TYMS, UBA5, UBE2D1, UBE2D3, UBE2L3, UBE2O, UBE3A, UBR1, UBR2, UBR5, UCN, UCN2, UCN3, UCP1, UCP2, UCP3, UFL1, UFM1, UFSP2, UGCG, UGT1A1, UMODL1, UPRT, URI1, UROS, USF1, USO1, USP15, USP26, USP8, USP9X, USP9Y, VAMP2, VASN, VCAM1, VEGFA, VEGFB, VEGFC, VEGFD, VEPH1, VGF, VIL1, VIM, VPS11, VPS13C, VPS18, VPS35, VPS54, VSTM2A, VTN, VWA2, VWC2, VWC2L, WASF1, WBP2, WDTC1, WFIKKN1, WFIKKN2, WNT1, WNT10A, WNT10B, WNT2, WNT4, WNT5A, WNT7A, WNT7B, WT1, WWOX, XBP1, XCL1, XDH, XIAP, XRN1, YAP1, YES1, YWHAG, YWHAH, YY1, ZBED3, ZBTB7A, ZBTB7B, ZDHHC17, ZDHHC7, ZEB1, ZEB2, ZFHX3, ZFP36, ZFP36L1, ZFP36L2, ZFYVE27, ZFYVE9, ZMIZ1, ZMPSTE24, ZNF106, ZNF366, ZNF423, ZNF451, ZNF592, ZNF703, ZNF764, ZNF8, ZPR1, ZYX
GO:0090596	sensory organ morphogenesis	278	5	0.97	0.00286	0.010507246376811594	ABI2, AGTPBP1, AHI1, ALDH1A3, ANKRD24, AQP1, AQP5, ATF4, ATOH1, ATP6V1B1, ATP8A2, BAK1, BAX, BBS4, BCAR3, BCL2, BCR, BLOC1S5, BMP4, BMP7, C12orf57, CABP4, CALB1, CDH23, CDON, CEP290, CHD7, CHRNA10, CHRNA9, CITED2, CLRN1, CLRN2, CNTF, COL11A1, COL2A1, COL5A1, COL5A2, COL8A1, COL8A2, CRB1, CRB2, CRYGB, CTHRC1, CTNNB1, CYP26B1, DCANP1, DIO3, DLL1, DLX5, DLX6, DSCAM, DVL1, DVL2, DZANK1, EDN1, EDNRA, EFEMP1, EPHA2, EPHB1, EPHB2, EYA1, FASLG, FAT1, FAT3, FBN1, FBN2, FGF10, FGF2, FGF8, FGF9, FGFR1, FGFR2, FJX1, FOXE3, FOXF2, FOXG1, FOXI1, FOXL2, FOXN4, FRS2, FRZB, FSCN2, FZD2, FZD3, FZD5, FZD6, GATA2, GATA3, GBX2, GDF11, GJB6, GLI3, GNAT1, GNAT2, GNGT1, GRHL3, GRXCR2, GSC, HCN1, HDAC1, HDAC2, HESX1, HIF1A, HIPK1, HIPK2, HMX2, HMX3, HOXA1, HOXA2, HOXC13, HPN, IFT122, IFT172, IHH, IMPG2, INSIG1, INSIG2, INTU, ITGA8, JAG1, KCNQ1, KCNQ4, KDM2B, KDR, LARGE1, LCTL, LHFPL5, LHX1, LRIG1, LRIG3, LRP5, MAFB, MAN2A1, MAPK1, MAPK3, MEGF11, MEIS1, MFAP2, MFAP5, MFN2, MFRP, MFSD2A, MSX1, MYO15A, MYO3A, MYO3B, MYO6, MYO7A, NAGLU, NDP, NECTIN1, NECTIN3, NEUROG1, NF1, NHERF1, NIPBL, NKD1, NKX3-2, NOG, NOTCH1, NOTCH2, NR2E3, NRL, NTN1, NTRK2, OLFM3, OSR1, OSR2, OTOP1, OTX1, PAX2, PAX6, PAX8, PDE6C, PDZD7, PHACTR4, PITX2, PITX3, PLS1, POU3F4, POU4F3, PRDM1, PRKCI, PRKRA, PROM1, PROX1, PRRX1, PTF1A, PTK7, PTPRM, RARB, RARG, RBP4, RDH13, RHO, RING1, ROM1, RORB, RP1, RPGRIP1, RPGRIP1L, RPL38, RS1, SAMD11, SAMD7, SCRIB, SDK1, SDK2, SEC24B, SHROOM2, SIX1, SIX2, SIX3, SIX4, SKI, SLC1A1, SLC44A4, SLITRK6, SOBP, SOD1, SOX1, SOX11, SOX4, SOX8, SOX9, SP3, SPRY2, STAT3, STAU2, STOX1, STRA6, STRC, TBC1D20, TBX1, TBX18, TBX2, TBX3, TCAP, TDRD7, TECTA, TENM3, TFAP2A, TFAP2B, TH, THRB, THY1, TIFAB, TMEM215, TMIE, TPRN, TRIOBP, TSHZ1, TSKU, TSPAN12, TTC39C, TTC8, TULP1, TWIST1, USH1C, USH1G, VAX2, VEGFA, VSX1, WDPCP, WDR19, WHRN, WNT1, WNT16, WNT2, WNT2B, WNT3A, WNT5A, WNT9A, YY1, ZEB1, ZHX2, ZIC1, ZIC3
GO:0007167	enzyme-linked receptor protein signaling pathway	1028	10	3.59	0.00287	0.010507246376811594	ABI1, ABL1, ABL2, ACP4, ACVR1, ACVR1B, ACVR1C, ACVR2A, ACVR2B, ACVRL1, ADAM17, ADAM9, ADAMTS12, ADAMTS3, ADAMTSL2, ADGRA2, ADIPOQ, ADIPOR1, ADISSP, ADRA2A, ADRB2, AFAP1L2, AGR2, AGT, AGTR2, AHI1, AHSG, AKAP3, AKAP4, AKT1, AKT1S1, AKT2, ALK, ALKAL1, ALKAL2, AMH, AMHR2, ANGPT1, ANGPT2, ANGPTL1, ANKS1A, ANKS1B, AP3S1, APC, APLN, APOD, APPL1, APPL2, AQP5-AS1, AR, AREG, ARHGEF28, ARHGEF7, ARID4A, ARID4B, ARID5B, ARK2C, ARNT, ARRB2, ASPN, ATF2, ATOH8, AXIN1, AXL, BAIAP2, BAMBI, BCAR1, BCAR3, BCL9L, BDKRB2, BDNF, BECN1, BLK, BLNK, BMP10, BMP2, BMP4, BMP5, BMP6, BMP7, BMPER, BMPR1A, BMPR1B, BMPR2, BRAF, BRMS1, BRMS1L, BTC, C1QTNF12, C2CD5, CADM1, CADM4, CAMLG, CASP3, CASS4, CAV2, CAV3, CBL, CBLB, CBLC, CCBE1, CCDC88A, CCN1, CCN2, CCN3, CD109, CD3E, CD4, CD63, CD7, CD8A, CD8B, CDH13, CDH3, CDH5, CDK5R1, CDKN1C, CDKN2B, CEACAM1, CEP57, CER1, CFC1, CFC1B, CHMP6, CHN1, CHRD, CHRDL1, CHRDL2, CHRNA3, CHST11, CHURC1, CIDEA, CILP, CITED1, CITED2, CLDN5, CLEC14A, CLNK, CNKSR1, CNOT9, COL1A1, COL1A2, COL3A1, COL4A1, COL4A2, COL4A3, COL4A5, COL4A6, COL6A1, COMP, CPNE3, CRB2, CREB3L1, CREBBP, CRIM1, CRIPTO, CRIPTO3, CRK, CRKL, CSF1, CSF1R, CSH1, CSH2, CSHL1, CSNK2B, CSPG4, CSRNP1, CSRP3, CTDSPL2, CTNNB1, CTSD, CUL5, CYFIP1, CYFIP2, DAB2, DAB2IP, DACT2, DAND5, DCN, DDIT4, DDR1, DDR2, DDX5, DGKD, DKK1, DKK3, DLL1, DLX1, DLX3, DLX5, DMRT1, DNAI1, DOCK3, DOK1, DOK2, DOK3, DOK4, DOK5, DOK6, DSG4, DSTYK, DUSP22, DUSP3, ECSIT, EFEMP1, EFNA1, EFNA2, EFNA3, EFNA4, EFNA5, EFNB1, EFNB2, EFNB3, EFS, EGF, EGFR, EGR1, EID2, EIF2AK3, EIF4EBP2, ELAPOR2, EMILIN1, ENG, ENPP1, EP300, EPGN, EPHA1, EPHA10, EPHA2, EPHA3, EPHA4, EPHA5, EPHA6, EPHA7, EPHA8, EPHB1, EPHB2, EPHB3, EPHB4, EPHB6, EPN2, ERBB2, ERBB3, ERBB4, ERBIN, ERCC1, ERCC2, EREG, ERFE, ERRFI1, ESM1, ETV2, EXT1, F3, F7, FAM20C, FAM83A, FAM83B, FAM83C, FAM83G, FAM89B, FARP1, FASLG, FBN1, FBN2, FBXL15, FBXW7-AS1, FER, FERMT1, FERMT2, FFAR3, FGF1, FGF10, FGF16, FGF17, FGF18, FGF19, FGF2, FGF20, FGF21, FGF22, FGF23, FGF3, FGF4, FGF5, FGF6, FGF7, FGF8, FGF9, FGFBP1, FGFBP3, FGFR1, FGFR2, FGFR3, FGFR4, FGFRL1, FGR, FIBP, FKBP1A, FKBP8, FLCN, FLRT1, FLRT2, FLRT3, FLT1, FLT3, FLT4, FMOD, FNTA, FOLR1, FOS, FOXC1, FOXC2, FOXD1, FOXH1, FOXO1, FOXO4, FRK, FRS2, FRS3, FSHB, FST, FSTL1, FSTL3, FSTL4, FSTL5, FURIN, FUT7, FUT8, FUZ, FYN, FZD1, FZD4, GAB1, GAB2, GAB4, GALNT3, GAREM1, GAS6, GATA3, GATA4, GATA6, GCNT2, GDF10, GDF11, GDF15, GDF2, GDF3, GDF5, GDF6, GDF7, GDF9, GFRA1, GFRA2, GFRA4, GFRAL, GH1, GH2, GHR, GHRH, GHRHR, GHRL, GHSR, GIGYF1, GIGYF2, GIPC1, GIT1, GKAP1, GLCE, GLG1, GNAI2, GNG7, GP6, GPC1, GPC3, GPER1, GPLD1, GPR155, GPR21, GPRC5A, GRB10, GRB14, GRB2, GRB7, GREM1, GREM2, GSK3A, GSK3B, GUCA1B, GUCY2C, GUCY2D, GUCY2F, HAP1, HBEGF, HCK, HDAC1, HDAC2, HES1, HES5, HESX1, HFE, HGF, HGS, HHEX, HHIP, HIF1A, HIP1, HIP1R, HIPK2, HIVEP1, HJV, HOXA13, HPGD, HRAS, HRG, HSP90AB1, HSPA1A, HSPA5, HSPB1, HTRA1, HTRA3, HTRA4, ID1, IDE, IFI6, IFT20, IGF1, IGF1R, IGF2, IGF2R, IGFBP1, IGFBP2, IGFBP3, IGFBP4, IGFBP5, IGFBP6, IGSF1, IL12A, IL12B, IL17F, IL17RD, IL1B, IL31RA, IL6ST, ILK, ING1, ING2, INHBA, INHBB, INPP5K, INPPL1, INS, INSR, INSRR, INTS9, IQGAP1, IRS1, IRS2, IRS4, ITGA1, ITGA3, ITGA5, ITGA8, ITGB1, ITGB3, ITGB5, ITGB6, ITGB8, JAK1, JAK2, JAK3, JCAD, JUN, KALRN, KANK1, KCP, KDR, KIAA0319, KIF16B, KIT, KL, KLB, LATS1, LATS2, LCK, LCP2, LDLRAD4, LEF1, LEFTY1, LEMD3, LEP, LEPROT, LEPROTL1, LGMN, LIF, LIFR, LONP1, LOX, LPXN, LRG1, LRIG2, LRIT3, LRP1, LRP2, LRP4, LRRC32, LTBP1, LTBP2, LTBP3, LTBP4, LTK, LYN, MAGI2, MAP1LC3A, MAP2K1, MAP2K2, MAP2K5, MAP3K7, MAPK1, MAPK14, MAPK3, MAPKAPK2, MAPKAPK3, MBD5, MEGF8, MEN1, MERTK, MET, MICOS10-NBL1, MIR1-1, MIR100, MIR101-1, MIR103A1, MIR106A, MIR107, MIR10A, MIR10B, MIR1224, MIR125B1, MIR1271, MIR130A, MIR133A1, MIR140, MIR142, MIR145, MIR146A, MIR149, MIR15B, MIR16-1, MIR17, MIR181A2, MIR183, MIR18A, MIR195, MIR199A1, MIR199B, MIR19A, MIR19B1, MIR200C, MIR204, MIR205, MIR20A, MIR21, MIR210, MIR212, MIR214, MIR221, MIR23A, MIR26A1, MIR26B, MIR27A, MIR27B, MIR296, MIR29A, MIR29B1, MIR29C, MIR302B, MIR302C, MIR30A, MIR30B, MIR323A, MIR329-1, MIR342, MIR361, MIR372, MIR373, MIR376C, MIR424, MIR483, MIR497, MIR498, MIR503, MIR519D, MIR520C, MIR564, MIR573, MIR638, MIR885, MIR9-1, MIR93, MIR98, MIRLET7A1, MIRLET7B, MIRLET7F1, MIRLET7G, MMP2, MMP9, MMRN2, MPZL1, MST1R, MSTN, MSX1, MSX2, MT3, MTCL2, MTMR4, MTSS1, MUC20, MUSK, MVB12A, MVB12B, MVP, MYO1C, MYO1E, MYOC, MYOCD, MYORG, MZB1, NBL1, NCK1, NCK2, NCL, NCLN, NCOA5, NDEL1, NDN, NDP, NDRG4, NDST1, NEDD4, NEDD9, NEO1, NEU3, NFATC4, NFIA, NGEF, NGF, NGFR, NHERF1, NHERF4, NIBAN2, NKX2-1, NKX3-1, NLK, NODAL, NOG, NOMO1, NOMO3, NOTCH1, NOTCH2, NPNT, NPPA, NPPB, NPPC, NPR1, NPR2, NPTN, NR1H4, NR4A3, NREP, NRG1, NRG3, NRG4, NRP1, NRP2, NRROS, NRTN, NTF3, NTF4, NTRK1, NTRK2, NTRK3, NUCKS1, NUMA1, NUP62, NUP93, NUS1, OGT, ONECUT1, ONECUT2, OSBPL8, OTX2, OVOL2, PAK1, PAK2, PAK3, PALS1, PARP1, PBLD, PCSK6, PDCD4, PDCD6, PDE6G, PDE6H, PDGFA, PDGFB, PDGFC, PDGFD, PDGFRA, PDGFRB, PDGFRL, PDK2, PDK4, PDPK1, PEG10, PELO, PGF, PHF14, PHIP, PID1, PIGR, PIK3C2A, PIK3CA, PIK3CB, PIK3CD, PIK3R1, PIK3R2, PIK3R3, PILRB, PIN1, PIP4K2A, PIP4K2B, PIP4K2C, PLAT, PLAUR, PLCB1, PLCE1, PLCG1, PLEKHA1, PMEPA1, PML, POLR1G, PPARA, PPARG, PPM1A, PPM1L, PPP2R5B, PRDM14, PRDM16, PRICKLE1, PRKAA1, PRKCB, PRKCD, PRKCQ, PRKCZ, PRKD1, PRKD2, PRLR, PRMT1, PSG9, PTGIR, PTK2, PTK2B, PTK6, PTN, PTP4A3, PTPN1, PTPN11, PTPN12, PTPN18, PTPN2, PTPN3, PTPRA, PTPRD, PTPRE, PTPRF, PTPRG, PTPRJ, PTPRK, PTPRR, PTPRT, PTPRU, PXN, RAB14, RAB7A, RABGEF1, RAC1, RAF1, RALA, RALB, RAPGEF1, RAPGEF2, RARRES2, RASA1, RASGRP4, RASL11B, RBBP4, RBBP7, RBM4, RBPJ, RBPMS, RBPMS2, RELA, REPS2, RET, RGMA, RGMB, RGS14, RHBDF1, RHBDF2, RHOQ, RNF111, RNF115, RNF126, ROBO1, ROR2, ROS1, RPS6KB1, RTN4, RUNX2, RYK, SAMD10, SAMD12, SAP130, SAP30, SAP30L, SCUBE3, SCX, SDCBP, SEMA6A, SERPINA12, SESN3, SETX, SFRP1, SFRP2, SFRP4, SGPL1, SH2B1, SH2B2, SH2B3, SH2D6, SH3TC2, SHC1, SHC2, SHC3, SHC4, SHCBP1, SHISA2, SHKBP1, SHOC2, SIK2, SIN3A, SINHCAF, SIPA1L1, SIRT1, SKI, SKIL, SKOR1, SKOR2, SLC27A4, SLC2A10, SLC2A4, SLC2A8, SLC30A10, SLC31A1, SLC39A14, SLC39A5, SMAD1, SMAD2, SMAD3, SMAD4, SMAD5, SMAD5-AS1, SMAD6, SMAD7, SMAD9, SMARCC1, SMOC2, SMPD3, SMURF1, SMURF2, SNCA, SNW1, SNX25, SNX5, SNX6, SOCS1, SOCS2, SOCS3, SOCS4, SOCS5, SORBS1, SORL1, SORT1, SOS1, SOS2, SOST, SOSTDC1, SOX11, SOX9, SPART, SPRED1, SPRED2, SPRED3, SPRY1, SPRY2, SPRY3, SPRY4, SPTBN1, SRC, SREBF1, SRMS, SS18, STAP1, STAT3, STAT5A, STAT5B, STAT6, STK11, STMN1, STON1, STRAP, STUB1, STXBP4, SUDS3, SULF1, SULF2, SVEP1, SYK, TAB1, TBX2, TBX20, TEK, TET1, TFAP2B, TGFA, TGFB1, TGFB1I1, TGFB2, TGFB3, TGFBR1, TGFBR2, TGFBR3, TGFBR3L, TGFBRAP1, TGIF2, THBS1, TIAM1, TIE1, TIPARP, TMEM100, TMEM108, TMEM204, TMEM53, TMPRSS6, TNFAIP6, TNS2, TNXB, TOB1, TP53, TRADD, TRAT1, TRIM33, TRIM71, TRIM72, TRIO, TSC2, TSC22D1, TSG101, TWSG1, TXNIP, TYK2, TYRO3, UBASH3B, UBE2D1, UBE2D3, UBE2O, UCMA, USP15, USP9X, USP9Y, VASN, VAV1, VAV2, VEGFA, VEGFB, VEGFC, VEGFD, VEPH1, VIL1, VPS25, VTN, VWA2, VWC2, VWC2L, WASF1, WDR54, WFIKKN1, WFIKKN2, WIF1, WNT1, WNT4, WNT5A, WWTR1, XDH, XIAP, YES1, ZAP70, ZBTB7A, ZBTB7B, ZC3H3, ZDHHC17, ZEB1, ZEB2, ZFAND2B, ZFAND5, ZFYVE27, ZFYVE28, ZFYVE9, ZGPAT, ZMIZ1, ZNF106, ZNF423, ZNF451, ZNF592, ZNF703, ZNF8, ZYX
GO:0048639	positive regulation of developmental growth	169	4	0.59	0.00290	0.010507246376811594	ACACB, ACTN3, ADCY10, ADNP, AGR2, AGRN, AKAP6, AKT1, ANAPC2, ARX, ATP8A2, BASP1, BBS2, BBS4, BCL2, BDNF, BMP10, BMPR1A, BMPR2, CACNA2D2, CACNG7, CAPN3, CDH4, CDK1, CDKL5, CHD7, CPNE5, CPNE6, CPNE9, CRABP2, CREB1, CSF1, CXCL12, CXCR4, CYFIP1, DIO3, DISC1, DLL1, DRD2, DSCAM, EDN1, EFNA5, EIF4G2, ERBB4, EZR, FGF2, FGF8, FGF9, FGFR1, FGFR2, FN1, FOXS1, GATA6, GDI1, GH1, GHR, GHRH, GHRHR, GHRL, GHSR, GLI1, GOLGA4, GPAM, GPR21, HEY2, HLX, HOPX, IGF1, IGF2, IL7, INSR, ISLR2, IST1, ITSN2, L1CAM, LEP, LIMK1, LPAR3, MACF1, MAP1B, MAP3K13, MAPK14, MAPT, MECP2, MEF2C, MEGF8, MIR17HG, MIR199A1, MIR19A, MIR19B1, MIR204, MIR208A, MIR222, MIR509-1, MIR548C, MIR590, MKKS, MTM1, MUL1, MYOD1, NEDD4L, NGF, NIPBL, NOTCH1, NRP1, NTN1, PAFAH1B1, PARP2, PEX5, PIM1, PLAA, PLCB1, PLS1, POU3F2, POU4F2, PPARD, PPIB, PRKN, PROX1, PUM2, RAG2, RASAL1, RBPJ, RIMS1, RIMS2, RND2, RNF157, RPS6KB1, RUFY3, SASH3, SEMA4D, SEMA5A, SEMA7A, SERP1, SHTN1, SLC23A2, SLC6A3, SMAD7, SMO, SMURF1, SOX15, SPTBN4, SRF, STAT5B, SYT1, SYT14P1, SYT17, SYT2, SYT3, SYT4, TBX2, TBX20, TBX5, TGFBR3, TRPC5, TRPV2, TWF2, UNC13A, VEGFA, VIL1, WNT2, WNT3, WNT3A, WT1, YAP1, YBX3, ZFPM2, ZFYVE27, ZP3
GO:1901701	cellular response to oxygen-containing compound	1215	11	4.25	0.00305	0.010892857142857143	AANAT, ABCA1, ABCA12, ABCB4, ABCC1, ABCC8, ABL1, ABL2, ACACA, ACE, ACHE, ACOD1, ACTB, ACTN2, ADAM15, ADAM9, ADAMTS13, ADCY1, ADCY2, ADCY3, ADCY5, ADCY6, ADCY7, ADCY8, ADH4, ADH5, ADIPOQ, ADIPOR1, ADPRS, ADRA2A, ADRB2, AGAP3, AGER, AGRN, AGT, AGTR1, AGTR2, AGTRAP, AHCYL1, AHR, AHSG, AICDA, AIFM1, AKAP6, AKAP8, AKAP9, AKR1A1, AKR1B10, AKR1C1, AKR1C2, AKR1C3, AKR1C4, AKT1, AKT2, ALDH1A1, ALDH1A2, ALK, AMIGO1, ANKRD1, ANKZF1, ANO1, AOC1, AP3S1, APC, APLP1, APOA4, APP, APPL1, APPL2, AQP1, AQP2, AQP8, AQP9, AR, ARHGEF2, ARID1B, ARID5A, ARRB2, ASS1, ATM, ATP1A3, ATP2B1, ATP2B4, ATP5F1A, ATP7A, AVPR1A, AXIN2, AXL, BACE1, BAD, BAIAP2, BAIAP3, BCAR1, BCAR3, BCL10, BCL11A, BCL2L1, BCL2L2, BCR, BECN1, BGLAP, BLM, BMP6, BMP7, BMT2, BNIP3, BPI, BRCA1, BRINP1, BRINP2, BRINP3, BRIP1, BRSK2, BTK, C1QTNF12, C2CD2L, C2CD5, CA2, CACNA1A, CACNA2D1, CACNB1, CACTIN, CALCRL, CALY, CAMK2A, CAMKK2, CAMP, CAPN10, CAPN2, CARD16, CARD17P, CARD8, CASP1, CASP4, CASP7, CASP9, CASR, CASTOR1, CASTOR2, CASTOR3P, CAT, CAV1, CAV2, CBX8, CCDC186, CCDC62, CCL2, CCL7, CCNA2, CCR5, CCS, CD14, CD180, CD274, CD36, CD40, CD55, CD6, CD68, CD80, CD86, CDC6, CDC73, CDH1, CDK1, CDK16, CDK19, CDK2, CDK4, CDK5, CDK5R1, CEACAM1, CEBPB, CEBPE, CERS1, CES1, CFLAR, CFTR, CHMP5, CHRM1, CHRM2, CHRM3, CHRM4, CHRM5, CHRNA1, CHRNA2, CHRNA3, CHRNA4, CHRNA5, CHRNA6, CHRNA7, CHRNB1, CHRNB2, CHRNB3, CHRNB4, CHRND, CHRNE, CHRNG, CHUK, CIB2, CLDN1, CLEC7A, CLTRN, CMA1, CMPK2, COL16A1, COL1A1, COL1A2, COL3A1, COL4A1, COL4A6, COL5A2, COL6A1, COLEC12, COMT, CPB2, CPEB1, CPEB2, CPEB3, CPEB4, CPS1, CPT1A, CREB1, CRH, CRHBP, CRHR1, CRHR2, CRK, CRKL, CRYGD, CSF2, CSF3, CSH1, CSH2, CSHL1, CSK, CSRP3, CTNNA1, CTNNB1, CTR9, CTSD, CTSG, CUL3, CX3CL1, CX3CR1, CXCL1, CXCL10, CXCL11, CXCL13, CXCL2, CXCL3, CXCL5, CXCL6, CXCL8, CXCL9, CYBB, CYFIP1, CYP11A1, CYP11B1, CYP11B2, CYP1B1, CYP24A1, CYP26B1, CYP27B1, CYP7A1, DAB2IP, DAG1, DAPK1, DDIT4, DDR2, DDX11, DEFA1, DEFA1B, DEFA3, DEFA4, DEFA5, DEFA6, DEFB104A, DEFB104B, DEFB114, DEFB118, DEFB124, DENND4C, DGAT2, DHFR, DHFRP1, DHX36, DMTN, DNAI1, DNMT1, DNMT3A, DPEP1, DRD1, DRD2, DRD3, DRD4, DRD5, DTNBP1, DYNAP, DYNLL1, ECHDC3, ECT2, EDN1, EDNRA, EDNRB, EEF2K, EFNA5, EGFR, EGR1, EHMT2, EIF4E, EIF4EBP2, ELK1, ENPP1, ENY2, EP300, EPHA3, EPHA4, EPHA5, EPHB2, EPRS1, ERCC6L2, ERFE, ERN1, ESD, ESR1, ESR2, EZH2, EZR, FABP1, FAM210B, FANCC, FAT1, FBLN5, FBN1, FBP1, FBXO32, FCGR2B, FDX1, FECH, FER, FES, FFAR2, FFAR3, FGF21, FGF23, FGFR2, FKBP1B, FLNA, FOLR1, FOLR2, FOS, FOXA2, FOXC2, FOXO1, FOXO3, FOXO4, FOXP1, FPR2, FUT7, FXN, FYN, FZD10, FZD4, FZD7, GAB1, GAS6, GATA1, GATA4, GBP2, GBP3, GBP5, GCG, GCGR, GCH1, GCK, GCLC, GCLM, GDAP1, GDF15, GFER, GFI1, GH1, GH2, GHR, GHRHR, GHRL, GHSR, GIT1, GJA1, GJB2, GJB3, GJB6, GKAP1, GLP1R, GLP2R, GLRA1, GLRA2, GLRX2, GNA11, GNA14, GNA15, GNAI1, GNAI2, GNAI3, GNAL, GNAO1, GNAQ, GNAS, GNB1, GNB5, GNG2, GNRHR, GNRHR2, GOLPH3, GOT1, GPBAR1, GPD1, GPER1, GPLD1, GPR155, GPR173, GPR21, GPR27, GPR37, GPR37L1, GPR68, GPT, GPX1, GRAMD1A, GRAMD1B, GRAMD1C, GRB10, GRB14, GRB2, GRIA1, GRIN2D, GRK2, GRM5, GSK3A, GSK3B, GSTP1, GUCY1B1, H2AZ1, HADHB, HAND2, HAVCR2, HCK, HCN1, HCN2, HCN3, HCN4, HDAC2, HDAC5, HDAC6, HDAC9, HES1, HGF, HIF1A, HLA-DRB1, HMGB1, HMGB2, HMGCS2, HNRNPD, HOXA2, HPCA, HRAS, HRH3, HRH4, HSF1, HSP90B1, HTR1A, HTR2A, HTR3A, HTR3B, HTR3C, HTR3D, HTR3E, HTRA2, ICAM1, ID3, IDE, IGF1, IGF1R, IGF2, IGFBP1, IGFBP5, IL10, IL12B, IL18BP, IL18RAP, IL1A, IL1B, IL1F10, IL24, IL36A, IL36B, IL36G, IL36RN, IL37, IL6, INHBA, INHBB, INPP5K, INS, INSIG1, INSIG2, INSR, INSRR, IP6K2, IPO5, IRAK1, IRAK2, IRAK3, IRAK4, IRF3, IRF8, IRGM, IRS1, IRS2, IRS4, ITGA2, ITGA4, ITGB3, ITPR1, ITPR2, JAGN1, JAK1, JAK2, JAK3, JUN, JUP, KANK1, KANK2, KAT2B, KAT5, KCNB1, KCNC2, KCNE1, KCNJ11, KCNK4, KCNMB1, KCNQ1, KDM1A, KDM6B, KIF18A, KLF1, KLF11, KLF15, KLF16, KLF2, KLF3, KLF4, KLF7, KLF9, KLHL22, KLRC4-KLRK1, KLRK1, KMO, LACRT, LAMTOR1, LAMTOR2, LAMTOR3, LAMTOR4, LAMTOR5, LANCL2, LARGE1, LARP1, LARS1, LBP, LCOR, LDLR, LDOC1, LEP, LEPROT, LEPROTL1, LGMN, LHCGR, LILRA2, LILRB1, LILRB2, LIN28A, LITAF, LONP1, LPAR1, LPIN1, LPIN2, LPIN3, LPL, LRP1, LRP5, LRP6, LRP8, LRRK2, LTF, LTK, LY6G6D, LY6H, LY86, LY96, LYN, LYPD1, MALT1, MAP1B, MAP1LC3A, MAP2K3, MAP2K4, MAP2K6, MAP2K7, MAP3K5, MAP3K7, MAP4K1, MAPK1, MAPK13, MAPK14, MAPK3, MAPK7, MAPK8, MAPK9, MAPT, MAS1, MAS1L, MB, MBD5, MDM2, MED1, MEF2C, MEIOSIN, MET, METTL21C, MGARP, MGST1, MIF, MIR103A1, MIR106B, MIR107, MIR125B1, MIR1271, MIR128-1, MIR133A1, MIR140, MIR143, MIR145, MIR146A, MIR15A, MIR15B, MIR16-1, MIR17, MIR182, MIR185, MIR187, MIR195, MIR200A, MIR20A, MIR21, MIR223, MIR224, MIR320A, MIR320B1, MIR320B2, MIR320C1, MIR320C2, MIR320D1, MIR320D2, MIR320E, MIR337, MIR342, MIR34A, MIR421, MIR433, MIR455, MIR545, MIR6869, MIR762, MIR766, MIR92A1, MIR95, MIR96, MIR98, MIRLET7B, MIRLET7F1, MIRLET7G, MLC1, MLXIPL, MMP2, MMP3, MMP8, MMP9, MN1, MPC2, MPO, MPV17, MRC1, MSN, MSTN, MSX2, MT3, MTCL2, MTDH, MTOR, MTR, MYB, MYD88, MYO1C, MYO5A, MYOD1, MYOG, MZB1, NADK, NCF1, NCK1, NCL, NCOA1, NCOA2, NCOA3, NCOA4, NCOA5, NCSTN, NDEL1, NDUFA13, NDUFAF2, NET1, NEURL1, NEUROD1, NFE2L2, NFKB1, NFKBIA, NFKBIB, NFKBIL1, NFKBIZ, NHERF1, NKX6-1, NLRP3, NLRP7, NME2, NME8, NOD1, NOD2, NONO, NOS2, NOS3, NOX4, NPAS4, NPPC, NPR2, NPTX1, NQO1, NR1D1, NR1H3, NR1H4, NR3C1, NR4A1, NR4A2, NR4A3, NRIP1, NSG1, NSG2, NSMF, NTRK2, NUCKS1, NUGGC, OGT, OPRK1, OPRM1, OR51E2, OSBP, OSBPL7, OSBPL8, OSER1, OSR1, OTOP1, OXR1, P2RX3, P2RX4, P2RX7, P2RY1, P2RY11, P2RY12, P2RY2, P2RY4, P2RY6, PABPN1, PAF1, PALM, PARK7, PARP1, PAWR, PAX2, PAX6, PCGF2, PCK1, PCK2, PCNA, PCSK9, PDCD10, PDCD1LG2, PDCD4, PDE2A, PDE3A, PDE3B, PDE4B, PDE8B, PDGFB, PDGFC, PDGFD, PDGFRA, PDK2, PDK3, PDK4, PDPK1, PDX1, PDXP, PENK, PEX10, PEX12, PEX13, PEX14, PEX2, PEX5, PF4, PF4V1, PHB2, PHC1, PHEX, PHIP, PHOX2B, PID1, PIH1D1, PIK3C2A, PIK3CA, PIK3CG, PIK3R1, PIK3R2, PIK3R3, PIM1, PIM3, PINK1, PIP4K2A, PIP4K2B, PIP4K2C, PJVK, PKD2, PKLR, PKM, PLA2G1B, PLA2G6, PLAA, PLCB1, PLCG2, PLEC, PLEKHA1, PLSCR3, PLSCR4, PNPLA3, POSTN, POU4F1, POU4F2, PPARA, PPARG, PPARGC1B, PPBP, PPIF, PPM1E, PPP1R1B, PPP1R9B, PPP3CA, PPP3CB, PRDX1, PRDX2, PRDX3, PRDX5, PRKAA1, PRKAA2, PRKACA, PRKAR1A, PRKCA, PRKCB, PRKCD, PRKCE, PRKCI, PRKCQ, PRKCZ, PRKD1, PRKDC, PRKN, PRMT5, PRNP, PRPF8, PSEN1, PTAFR, PTCH1, PTGDR, PTGER1, PTGER2, PTGER4, PTGFR, PTGS2, PTK2, PTK2B, PTK6, PTK7, PTPN1, PTPN11, PTPN2, PTPN22, PTPRA, PTPRE, PTPRK, PTPRN, PTPRN2, PXN, PYCARD, RAB10, RAB11B, RAB11FIP2, RAB11FIP5, RAB13, RAB31, RAB8A, RACK1, RAD51, RAF1, RAMP3, RANGAP1, RAP1A, RAP1B, RAP1BL, RAP1GDS1, RAPGEF1, RAPGEF2, RAPGEF3, RARA, RARG, RARRES2, RB1, RBM4, RBX1, RDH11, RDH12, RECQL5, RELA, RET, RFX6, RGS10, RGS4, RGS8, RGS9, RHOA, RHOB, RHOQ, RIPK1, RIPK2, RIPK3, ROCK1, ROCK2, ROMO1, RORA, RORB, RORC, RPL23, RPS3, RPS6KA2, RPS6KB1, RPTOR, RRAGA, RRAGB, RRAGC, RRAGD, RUVBL2, RWDD1, RXRA, RXRB, RYR3, SASH1, SBNO2, SCARB1, SCIMP, SCNN1A, SCNN1B, SCNN1D, SCNN1G, SELENOS, SELENOT, SERPINA12, SERPINE1, SERPINF1, SESN1, SESN2, SESN3, SETX, SFRP1, SGCB, SGK1, SH2B2, SH3BP4, SHC1, SHMT1, SHOC2, SHPK, SIDT2, SIGIRR, SIK2, SIN3A, SIPA1, SIRPA, SIRT1, SIX1, SLC12A6, SLC12A7, SLC1A1, SLC1A2, SLC1A3, SLC22A12, SLC23A2, SLC25A33, SLC26A3, SLC26A6, SLC27A1, SLC27A4, SLC29A1, SLC2A2, SLC2A4, SLC2A5, SLC2A8, SLC30A10, SLC38A2, SLC38A9, SLC39A14, SLC39A9, SLC5A5, SLC6A4, SLC7A5, SLC9A1, SLC9B2, SLIT2, SLURP2, SMAD2, SMAD3, SMAD4, SMARCA4, SMARCB1, SMARCC1, SMARCD1, SMO, SMPD3, SMYD3, SNAI2, SNW1, SNX5, SNX6, SOCS1, SOCS2, SOCS3, SOD1, SOD2, SOD3, SORBS1, SORL1, SOS1, SOS2, SOX10, SOX4, SOX9, SP1, SPAAR, SPHK1, SPHK2, SPIDR, SPINK1, SPON2, SPP1, SRC, SRD5A1, SREBF1, SRF, SRI, SSH1, SSTR1, SSTR2, SSTR3, STAMBPL1, STAP1, STAT1, STAT3, STAT5A, STAT5B, STAT6, STC1, STK25, STRA8, STX4, STXBP4, SULT1A3, SULT1A4, SYAP1, SYBU, TAF1, TBC1D4, TBX1, TBX2, TBXA2R, TEAD2, TESC, TFAP4, TGM2, TH, TIAM1, TICAM1, TICAM2, TIFAB, TIMELESS, TIRAP, TLR2, TLR4, TLR6, TLR9, TMIGD1, TNC, TNF, TNFAIP3, TNFRSF1B, TNFSF4, TNIP1, TNIP2, TNIP3, TNS2, TOP2B, TP53, TP53INP1, TPM1, TRA2B, TRAF2, TRAF6, TRAP1, TRARG1, TREM2, TRERF1, TREX1, TRIB1, TRIB3, TRIM24, TRIM41, TRIM5, TRIM72, TRPA1, TRPM2, TRPM4, TRPV1, TSC2, TSHR, TSPO, TUNAR, TWF2, TWNK, TXN, TYK2, UBR1, UBR2, UCP1, UCP2, UGT1A1, UGT3A2, UMODL1, UNC13B, UPF1, USF1, USO1, USP8, VAMP2, VCAM1, VCP, VDR, VIM, VPS35, VPS54, VSNL1, VWA2, WDTC1, WNT1, WNT10B, WNT11, WNT2, WNT3, WNT3A, WNT5A, WNT5B, WNT6, WNT7B, WNT8B, WNT9A, WNT9B, WT1, XBP1, XRCC5, XRN1, YAP1, YES1, YWHAG, ZBED6, ZBTB20, ZBTB7B, ZC3H12A, ZDHHC7, ZEB1, ZFAND1, ZFP36, ZFP36L1, ZNF106, ZNF16, ZNF236, ZNF277, ZNF35, ZNF580, ZNF592, ZNF703
GO:0009147	pyrimidine nucleoside triphosphate metabolic process	24	2	0.08	0.00316	0.011126760563380283	AK3, CAD, CMPK2, CTPS1, CTPS2, DCTPP1, DTYMK, DUT, ENTPD4, ENTPD7, NME1, NME2, NME2P1, NME3, NME4, NME5, NME6, NME7, NME9, TBPL1, TYMS, UCK1, UCK2, UCKL1
GO:0000413	protein peptidyl-prolyl isomerization	25	2	0.09	0.00343	0.011433333333333334	FKBP1A, FKBP1B, FKBP1C, FKBP4, FKBP5, NKTR, PIN1, PPIA, PPIAL4A, PPIAL4C, PPIAL4D, PPIAL4E, PPIAL4F, PPIAL4G, PPIAL4H, PPIB, PPIC, PPID, PPIE, PPIF, PPIG, PPIH, PPIL1, PPIL3, PPWD1
GO:0002070	epithelial cell maturation	25	2	0.09	0.00343	0.011433333333333334	AKR1B1, BHLHA15, CDKN1A, CEBPA, EPAS1, FEM1B, FOXA1, FZD5, GATA2, GDF11, GJA1, GPAT4, HIF1A, HOXA5, HOXB13, KCNE1, KDR, NKX6-1, PGR, RFX3, SIX3, TFCP2L1, TMEM79, TMIGD1, TYMS
GO:0046716	muscle cell cellular homeostasis	25	2	0.09	0.00343	0.011433333333333334	ALDOA, ANKH, BAG3, CAPN3, CAV1, CFL2, CHRNA1, CSRP3, DMD, FXN, GAA, HIF1A, LAMP2, LARGE1, LARGE2, LOX, MSTN, MTM1, PFKM, PLG, PLN, SGCZ, SOD1, SRF, TRIM32
GO:0060314	regulation of ryanodine-sensitive calcium-release channel activity	25	2	0.09	0.00343	0.011433333333333334	AKAP6, CALM1, CALM2, CALM3, CAMK2D, CASQ2, CLIC2, DMD, FKBP1A, FKBP1B, FKBP1C, GSTM2, GSTO1, HRC, JPH1, JPH2, JPH3, JPH4, JSRP1, NOS1, PKD2, PRKACA, SELENON, SRI, TRDN
GO:0031214	biomineral tissue development	180	4	0.63	0.00363	0.01185897435897436	ACTN3, ACVR1, ACVR2A, ACVR2B, ADGRV1, ADRB2, AHSG, ALOX15, ALOX5, ALPL, AMBN, AMELX, AMELY, AMTN, ANKH, ANO6, ASPN, ATF4, ATG4B, ATP2B1, ATRAID, AXIN2, BCOR, BGLAP, BMP2, BMP2K, BMP4, BMP6, BMP7, BMPR1A, BMPR1B, BMPR2, CCDC154, CCL3, CCN1, CCR1, CEBPB, CEMP1, CER1, CFTR, CLEC3B, CNNM4, COL1A1, COL1A2, COL6A1, COMP, CYP27B1, DDR2, DMP1, DSPP, ECM1, EIF2AK3, ENAM, ENPP1, ERCC2, FAM20A, FAM20C, FAM83H, FBN2, FBXL15, FBXO5, FGF23, FGFR1, FGFR2, FGFR3, FGR, FKRP, FOSL2, FZD9, GAS6, GATA1, GJA1, GPC3, GPM6B, GREM1, HEY1, HEY2, HIF1A, HTN1, HTN3, IBSP, IFITM5, IFT80, IGF1, ISG15, ITGB1BP1, ITGB6, KL, KLF10, KLK4, LEP, LGR4, LOX, LTBP3, LTF, MATN1, MEF2C, MEPE, MGP, MINPP1, MIR208A, MMP13, MMP20, MSX2, NBR1, NECTIN1, NELL1, NOS3, NOTCH1, NOTUM, OC90, ODAM, ODAPH, OSR1, OSR2, OTOL1, OTOP1, P2RX7, PHEX, PHOSPHO1, PKDCC, PPARA, PRICKLE1, PTGS2, PTH, PTH1R, PTHLH, PTK2B, PTN, RFLNA, RFLNB, ROCK1, ROCK2, ROR2, RSPO2, RUNX2, RXRA, RXRB, S1PR1, SBDS, SBNO2, SGMS2, SLC20A1, SLC20A2, SLC24A3, SLC24A4, SLC4A2, SLC8A1, SMAD3, SMPD3, SNX10, SOX9, SP7, SPP1, SRGN, STATH, STIM1, TBX1, TCIRG1, TENT5A, TFAP2A, TFIP11, TGFB1, TMEM119, TMEM38B, TRPM4, TSPEAR, TUFT1, TWIST1, TXLNG, VDR, WDR72, WLS, WNT10B, WNT11, WNT4, WNT6, ZBTB40, ZMPSTE24, ZNF664-RFLNA
GO:0014829	vascular associated smooth muscle contraction	26	2	0.09	0.00370	0.01185897435897436	ACTA2, ADRA2B, ARHGAP42, ATP2B1, BBS2, CD38, CHRM3, COMP, DOCK4, DOCK5, EDN1, EDN2, EDN3, EDNRA, EDNRB, GRIP2, HTR2A, MIR21, MKKS, P2RX1, PIK3C2A, RAP1GDS1, RHOA, SCNN1B, SLC8A1, ZDHHC21
GO:0032925	regulation of activin receptor signaling pathway	26	2	0.09	0.00370	0.01185897435897436	ACVR1, ACVR1B, ACVR2A, ACVR2B, CER1, CSNK2B, DACT2, DAND5, DMRT1, FGF10, FGF9, FKBP1A, FST, FSTL3, IGSF1, LEMD3, MAGI2, NCLN, NODAL, NOMO1, NOMO3, SKI, SMAD6, SMAD7, SMURF1, ZC3H3
GO:0055017	cardiac muscle tissue growth	91	3	0.32	0.00398	0.01239247311827957	ABL1, ADRA1A, AKAP6, ARID2, BMP10, BMPR1A, CAV3, CDK1, CITED2, COL14A1, CTDP1, DIPK2A, EDN1, ERBB4, FES, FGF2, FGF20, FGF9, FGFR1, FGFR2, FOXC1, FOXC2, FOXP1, G6PD, GATA4, GATA6, GLI1, GSK3A, HEG1, HEY2, IGF1, JARID2, KCNK2, MAP2K4, MAPK11, MAPK14, MEF2C, MEIS1, MIR1-1, MIR17HG, MIR195, MIR199A1, MIR199B, MIR19A, MIR19B1, MIR200B, MIR204, MIR208A, MIR222, MIR23A, MIR24-1, MIR25, MIR509-1, MIR548C, MIR590, MIR873, NDRG4, NKX2-5, NOG, NOTCH1, PARP2, PDLIM5, PI16, PIM1, PPARA, PRKAR1A, PRKG1, RBP4, RBPJ, RGS2, RGS4, RUNX1, S1PR1, SAV1, SKI, SMAD1, SORBS2, TBX2, TBX20, TBX5, TENM4, TGFB2, TGFBR1, TGFBR3, TOMM70, TP73, VGLL4, WNT2, YAP1, YY1, ZFPM2
GO:0007205	protein kinase C-activating G protein-coupled receptor signaling pathway	27	2	0.09	0.00399	0.01239247311827957	ADORA2A, AZU1, BDKRB1, CHRM1, CISH, DGKA, DGKB, DGKD, DGKE, DGKG, DGKH, DGKI, DGKK, DGKQ, DGKZ, EDN1, F2R, GAP43, GRM5, HCRT, HTR1B, HTR2B, IL2, PARD3, PICK1, PLPP1, PRKD3
GO:0048736	appendage development	186	4	0.65	0.00408	0.01239247311827957	ACD, AFF3, ALDH1A2, ALX3, ALX4, ARK2C, ASPH, ATRX, B4GALNT1, B9D1, BAK1, BAX, BBS7, BCL2L11, BMP4, BMP7, BMPR1A, BMPR2, BPNT2, C2CD3, CACNA1C, CHD7, CHST11, CIBAR1, COL2A1, COL3A1, COL6A1, COMP, CPLANE2, CRABP2, CREBBP, CTNNB1, CYP26B1, DKK1, DLX5, DLX6, DYNC2H1, ECE1, EN1, ERRFI1, EVX2, EXT1, FBN2, FBXW4, FERMT2, FGF10, FGF4, FGF8, FGF9, FGFR1, FGFR2, FLVCR1, FMN1, FOXN1, FRAS1, FREM2, FZD6, GDF5, GJA1, GLI3, GNA12, GPC3, GREM1, GRHL2, HAND2, HDAC1, HDAC2, HOXA10, HOXA11, HOXA13, HOXA9, HOXC10, HOXC11, HOXC13, HOXD10, HOXD12, HOXD13, HOXD9, IFT122, IFT140, IFT172, IFT52, IFT80, IHH, INTU, IQCE, IRF6, ITGA6, ITGB4, KAT2A, KAT2B, KDF1, KREMEN1, KREMEN2, KRT84, LARGE1, LEF1, LMBR1, LNPK, LRP4, LRP5, MAP3K20, MBNL1, MED1, MED31, MEGF8, MEOX2, MKS1, MSX1, MSX2, MYH3, NAGLU, NFIA, NIPBL, NOG, NOTCH1, NOTCH2, NPR2, OSR1, OSR2, PBX1, PBX2, PCSK5, PIAS4, PITX1, PITX2, PKDCC, PLXNA2, PRICKLE1, PRKAB1, PRRX1, PSEN1, PTCH1, RARA, RARB, RARG, RAX, RC3H2, RDH10, RECK, RPGRIP1L, RSPO2, RSPO4, RUNX2, SALL1, SALL4, SCX, SEMA3C, SFRP2, SHH, SHOX2, SKI, SLC39A1, SLC39A3, SLC7A11, SMAD4, SMOC1, SOX9, SP8, SP9, TAF10, TBC1D32, TBX2, TBX3, TBX4, TBX5, TFAP2A, TFAP2B, TGFB2, TMEM107, TMEM231, TP63, TULP3, TWIST1, VPS54, WDPCP, WDR19, WNT3, WNT5A, WNT7A, ZBTB16, ZIC3, ZNF141, ZNF219, ZNF358, ZNRF3
GO:0060173	limb development	186	4	0.65	0.00408	0.01239247311827957	ACD, AFF3, ALDH1A2, ALX3, ALX4, ARK2C, ASPH, ATRX, B4GALNT1, B9D1, BAK1, BAX, BBS7, BCL2L11, BMP4, BMP7, BMPR1A, BMPR2, BPNT2, C2CD3, CACNA1C, CHD7, CHST11, CIBAR1, COL2A1, COL3A1, COL6A1, COMP, CPLANE2, CRABP2, CREBBP, CTNNB1, CYP26B1, DKK1, DLX5, DLX6, DYNC2H1, ECE1, EN1, ERRFI1, EVX2, EXT1, FBN2, FBXW4, FERMT2, FGF10, FGF4, FGF8, FGF9, FGFR1, FGFR2, FLVCR1, FMN1, FOXN1, FRAS1, FREM2, FZD6, GDF5, GJA1, GLI3, GNA12, GPC3, GREM1, GRHL2, HAND2, HDAC1, HDAC2, HOXA10, HOXA11, HOXA13, HOXA9, HOXC10, HOXC11, HOXC13, HOXD10, HOXD12, HOXD13, HOXD9, IFT122, IFT140, IFT172, IFT52, IFT80, IHH, INTU, IQCE, IRF6, ITGA6, ITGB4, KAT2A, KAT2B, KDF1, KREMEN1, KREMEN2, KRT84, LARGE1, LEF1, LMBR1, LNPK, LRP4, LRP5, MAP3K20, MBNL1, MED1, MED31, MEGF8, MEOX2, MKS1, MSX1, MSX2, MYH3, NAGLU, NFIA, NIPBL, NOG, NOTCH1, NOTCH2, NPR2, OSR1, OSR2, PBX1, PBX2, PCSK5, PIAS4, PITX1, PITX2, PKDCC, PLXNA2, PRICKLE1, PRKAB1, PRRX1, PSEN1, PTCH1, RARA, RARB, RARG, RAX, RC3H2, RDH10, RECK, RPGRIP1L, RSPO2, RSPO4, RUNX2, SALL1, SALL4, SCX, SEMA3C, SFRP2, SHH, SHOX2, SKI, SLC39A1, SLC39A3, SLC7A11, SMAD4, SMOC1, SOX9, SP8, SP9, TAF10, TBC1D32, TBX2, TBX3, TBX4, TBX5, TFAP2A, TFAP2B, TGFB2, TMEM107, TMEM231, TP63, TULP3, TWIST1, VPS54, WDPCP, WDR19, WNT3, WNT5A, WNT7A, ZBTB16, ZIC3, ZNF141, ZNF219, ZNF358, ZNRF3
GO:0007589	body fluid secretion	93	3	0.32	0.00423	0.01239247311827957	ADA, ADORA1, AGR2, ALOX12B, ANO1, APLN, AQP1, AQP5, ATG5, ATP7A, ATP7B, CAD, CAV1, CCND1, CDO1, CEL, CELSR2, CHRM1, CHRM3, COPA, COX2, CREB1, CSN2, CSN3, CYBA, DCANP1, DDR1, EDN1, EGFR, ERBB4, FGF10, FOSL2, FOXB1, GHRHR, GJA1, GPAT4, GUCA1B, HIF1A, HK2, HTR4, KCNN4, LACRT, MED1, MTCO2P12, MTX1, MUC2, NCOA1, NCOR2, NEURL1, NEUROG1, NLRP6, NME1, NPPB, NPR1, NR1H2, NR1H3, OAS2, OPRK1, OXTR, P2RY2, PPP3CA, PRICKLE1, PRKCE, PRL, PRLR, SCNN1B, SCT, SLC22A2, SLC29A1, SLC4A5, SLC4A9, SLC6A3, SOCS2, SPINK1, STAT5A, STAT5B, STATH, STK39, TIFAB, TRAF3IP2, UMPS, UPRT, USF2, VAMP8, VDR, VEGFA, VIP, WNK1, WNK3, WNK4, XBP1, XDH, ZBTB7B
GO:0010039	response to iron ion	28	2	0.1	0.00429	0.01239247311827957	ABAT, ACO1, ALAD, ATG5, ATP7A, B2M, BCL2, BECN1, BMP6, CYBRD1, CYP1A1, DRD2, FXN, G6PD, HAMP, HFE, HIF1A, MAP1LC3A, MDM2, PDX1, SLC11A2, SLC6A3, SNCA, TF, TFAP2A, TFF1, TFR2, TFRC
GO:0061138	morphogenesis of a branching epithelium	189	4	0.66	0.00432	0.01239247311827957	ABL1, ACVR1, ADAMTS16, ADM, AGT, AGTR2, AR, AREG, BCL2, BMP2, BMP4, BMP7, BTBD7, BTRC, CASR, CAV3, CCL11, CELSR1, CITED1, CLIC4, COL4A1, CSF1, CSMD1, CTNNB1, CTNNBIP1, CTSH, CTSZ, DAG1, DCHS1, DDR1, DLG1, DLG5, DLL4, EDN1, EDNRA, EGF, ENG, EPHA2, ESR1, ESRP2, EXT1, EYA1, FEM1B, FGF1, FGF10, FGF2, FGF7, FGF8, FGFR1, FGFR2, FKBPL, FOXA1, FOXC2, FOXD1, FOXF1, FRS2, FZD5, GBX2, GCM1, GDF2, GDF7, GDNF, GLI2, GLI3, GNA13, GPC3, GRB2, GREB1L, GREM1, GRHL2, GZF1, HGF, HHIP, HNF1B, HOXA11, HOXA13, HOXA5, HOXB13, HOXB7, HOXD11, HOXD13, HS3ST3A1, HS3ST3B1, IHH, IL10, ILK, KDM5B, KDR, KRAS, LAMA1, LAMA5, LEF1, LGR4, LHX1, LRP5, MAGED1, MDK, MED1, MET, MIR15B, MIR16-1, MKS1, MMP14, MSX2, MYC, NFATC4, NKX2-1, NKX3-1, NOG, NOTCH1, NOTCH4, NPNT, NRARP, NRP1, NTN4, PAK1, PAX2, PAX8, PBX1, PDGFA, PGR, PHB2, PKD1, PKD2, PKHD1, PLXNA1, PLXND1, PML, PPP1CA, PPP3R1, PROX1, PTCH1, RASIP1, RBM15, RDH10, RSPO2, RSPO3, SALL1, SEMA3C, SEMA3E, SFRP1, SFRP2, SHH, SIRT6, SIX1, SIX2, SIX4, SLIT2, SMAD4, SMO, SNAI2, SOCS3, SOX10, SOX8, SOX9, SPINT1, SPINT2, SPRY1, SPRY2, SRC, SRF, ST14, STK4, SULF1, TACSTD2, TBX2, TBX20, TBX3, TCF21, TGFBR2, TGM2, TIE1, TIMELESS, TMED2, TMEM59L, TNC, TNF, TP63, VDR, VEGFA, WNT1, WNT2, WNT2B, WNT4, WNT5A, WNT6, WNT9B, WT1, YAP1
GO:0030855	epithelial cell differentiation	748	8	2.61	0.00440	0.01239247311827957	ABCA12, ABI2, ABL1, ACADVL, ACER1, ACTA2, ACTL8, ACVR1, ACVR2B, ACVRL1, ADAM7, ADAM9, ADAMTSL4, ADD1, ADIPOQ, AFDN, AGR2, AHI1, AIMP2, AJAP1, AKR1B1, AKR1C1, AKR1C2, AKR1C3, AKT1, AKT2, ALDOC, ALOX15B, ANKRD24, ANXA1, ANXA4, ANXA7, APOLD1, AQP3, AR, ARHGEF26, ARID4A, ARID4B, ARX, ASAH1, ASCL1, ASXL1, ATF4, ATOH1, ATOH8, ATRX, B4GALT1, B9D1, BAD, BARX1, BASP1, BCCIP, BCL11B, BCR, BDH2, BFSP1, BFSP2, BHLHA15, BLTP1, BMAL1, BMP2, BMP4, BMP5, BMP6, BMP7, BMPR2, BTG1, C1GALT1, CAMSAP3, CASP14, CASP3, CASP6, CAV1, CBFA2T2, CBR1, CCDC78, CCDC88C, CCM2, CCND1, CCNO, CD109, CD24, CD34, CDC42, CDH2, CDH23, CDH3, CDH5, CDHR2, CDK1, CDK6, CDKN1A, CDKN1B, CDKN1C, CDKN2B, CDSN, CDX2, CEACAM1, CEBPA, CEBPB, CEP152, CEP63, CERS3, CES1, CFLAR, CITED1, CLCN2, CLDN1, CLDN3, CLDN5, CLIC4, CLOCK, CLRN1, CLRN2, CNFN, CNN3, COL18A1, COL27A1, COL4A1, COL6A1, CPS1, CPT1A, CREB1, CRYGB, CRYGD, CSTA, CTNNB1, CTSB, CXCR4, CYP1A1, CYP26B1, CYP27B1, DAB2, DACT2, DEUP1, DHRS9, DLG5, DLL1, DLX3, DLX5, DLX6, DMBT1, DMRT1, DNASE1L2, DNPH1, DSG4, DSP, DSPP, E2F4, E2F7, E2F8, EDF1, EDN1, EDNRA, EDNRB, EHF, EMX1, ENAM, EPAS1, EPB41L5, EPHA2, ERBB4, ERCC2, ERCC3, EREG, ERRFI1, ESR1, ESRP1, ETV2, ETV4, EVPL, EXPH5, EXT1, EXTL3, EZH2, EZR, F11R, F2RL1, FA2H, FAM20C, FASN, FAT1, FEM1B, FER, FGF10, FGF2, FGF20, FGF8, FGFR1, FGFR2, FLG, FLNA, FLNB, FN3K, FNDC3A, FOSL2, FOXA1, FOXB1, FOXC1, FOXC2, FOXE3, FOXF1, FOXH1, FOXI3, FOXJ1, FOXJ2, FOXL2, FOXN1, FOXP3, FRMD6, FRS2, FRZB, FST, FSTL1, FZD1, FZD2, FZD4, FZD5, FZD7, FZR1, GATA1, GATA2, GATA3, GATA4, GATA5, GATA6, GDF11, GDF2, GDF3, GDF7, GDNF, GJA1, GLI1, GPAT4, GPR4, GPX1, GREM1, GRHL1, GRHL2, GRXCR1, GRXCR2, GSDME, GSK3A, GSK3B, GSTA1, GSTA2, GSTK1, GSTM3, HAPLN2, HDAC1, HDAC2, HEG1, HES1, HES5, HEY1, HEY2, HIF1A, HNF1B, HNRNPH3, HOXA13, HOXA5, HOXA7, HOXB13, HOXB5, HPSE, HRNR, HSD17B4, HSF4, HYDIN, ICAM1, ID2, ID3, IFNG, IFT20, IFT74, IHH, IKBKB, IL13, IL17A, IL1A, IL1B, IL20, IL31RA, IL6ST, INSM1, INTU, IPO7, IQGAP1, IRF6, ITGA2, IVL, JAG1, JAG2, KAZN, KCNE1, KCNQ1, KDF1, KDM5B, KDM6B, KDR, KEAP1, KLF15, KLF2, KLF4, KLF5, KLF7, KLK5, KRAS, KRT1, KRT10, KRT12, KRT13, KRT14, KRT15, KRT16, KRT17, KRT19, KRT2, KRT20, KRT23, KRT24, KRT25, KRT26, KRT27, KRT28, KRT3, KRT31, KRT32, KRT33A, KRT33B, KRT34, KRT35, KRT36, KRT37, KRT38, KRT39, KRT4, KRT40, KRT5, KRT6A, KRT6B, KRT6C, KRT7, KRT71, KRT72, KRT73, KRT74, KRT75, KRT76, KRT77, KRT78, KRT79, KRT80, KRT81, KRT82, KRT83, KRT84, KRT85, KRT86, KRT9, KRTAP6-1, KRTAP6-2, KRTAP6-3, LAMA1, LAMB2, LATS1, LATS2, LBH, LCE1A, LCE1B, LCE1C, LCE1D, LCE1E, LCE1F, LCE2A, LCE2B, LCE2C, LCE2D, LCE3A, LCE3B, LCE3C, LCE3D, LCE3E, LCE4A, LCE5A, LCE6A, LCE7A, LEF1, LGALS3, LHFPL5, LHX1, LHX3, LIF, LIPA, LIPK, LIPM, LIPN, LORICRIN, LTA4H, MACROH2A1, MACROH2A2, MAF, MAFB, MAFF, MAFG, MAGI2, MAP1B, MAP2K1, MARVELD2, MCIDAS, MCOLN3, MED1, MEF2C, MESP1, MET, MIR1-1, MIR10A, MIR125B1, MIR150, MIR181A2, MIR181B1, MIR18B, MIR199B, MIR200C, MIR204, MIR21, MIR29B1, MIR302A, MIR34A, MIR495, MIR518B, MIR541, MIR99B, MMP9, MSI1, MSN, MSX1, MSX2, MTSS1, MYADM, MYCL, MYD88, MYO1E, MYO6, MYO7A, MYO9A, NCOA3, NDP, NEUROD1, NEUROG3, NF2, NFIB, NFKBIZ, NHERF1, NKX2-1, NKX2-2, NKX2-5, NKX2-6, NKX3-2, NKX6-1, NKX6-2, NKX6-3, NME2, NODAL, NOTCH1, NOTCH2, NOTCH4, NPHS1, NPHS2, NPPC, NPR2, NPY, NR0B1, NR2F2, NR5A1, NR5A2, NRG1, NRP1, NTRK1, NUMA1, ONECUT1, ONECUT2, OPHN1, OPN3, OSR1, OTP, OVOL1, OVOL2, OVOL3, PAFAH1B1, PALLD, PAX2, PAX6, PAX8, PCK1, PCK2, PCNA, PDE2A, PDE4D, PDGFB, PDPK1, PDPN, PDX1, PDZD7, PECAM1, PELO, PERCC1, PGK1, PGR, PIH1D1, PIP5K1A, PITX2, PITX3, PKHD1, PLAAT1, PLAAT3, PLAAT4, PLCB1, PLEC, PLK4, PLOD3, PLS1, PODXL, POF1B, POU2F3, POU3F1, POU3F2, POU4F3, PPARG, PPHLN1, PPL, PPP1R16B, PPP3CA, PPP3R1, PRDM1, PRKCH, PRKX, PRLR, PROC, PROM1, PROX1, PSAP, PSAPL1, PTCH1, PTCH2, PTER, PTK6, PTK7, PTPRO, PTPRS, PYY, RAB10, RAB13, RAB25, RAP1A, RAP1B, RAP2C, RAPGEF1, RAPGEF2, RAPGEF3, RARA, RARB, RARG, RBBP9, RBM4, RBPJ, RDX, REG3A, REG3G, RFX3, RFX6, RHCG, RHEB, RHOA, RILPL1, RILPL2, ROBO4, ROCK1, ROCK2, ROS1, RPTOR, S100A7, S1PR1, S1PR2, S1PR3, SAFB2, SALL1, SAV1, SCEL, SCRIB, SCUBE1, SCX, SDC1, SEC24B, SERPINE1, SETSIP, SFN, SFRP4, SGPP1, SH3BP1, SHARPIN, SIDT2, SIPA1, SIPA1L3, SIX1, SIX2, SIX3, SKIL, SLC39A2, SLC44A4, SLC4A5, SLC4A7, SLC7A11, SLC9A2, SLC9A4, SLITRK6, SMAD2, SMAD3, SMAD4, SMARCB1, SMO, SOD1, SOSTDC1, SOX11, SOX17, SOX18, SOX4, SOX8, SOX9, SPDEF, SPINK5, SPINT2, SPRED1, SPRED2, SPRED3, SPRR1A, SPRR1B, SPRR2B, SPRR2D, SPRR2E, SPRR2F, SPRR2G, SPRR3, SPRR4, SPRY1, SPRY2, SRC, SRSF6, ST14, STAT1, STAT5B, STC1, STK4, STRC, SULT1B1, SULT2B1, SYNE4, TAF10, TAGLN, TAGLN2, TBC1D20, TBX1, TBX3, TCF15, TCF21, TCHH, TDRD7, TECTA, TFCP2L1, TGFB1, TGFB1I1, TGFB2, TGM1, TGM3, THRA, THRB, TIE1, TIGAR, TJP1, TJP2, TJP3, TLR9, TMC1, TMEM100, TMEM132E, TMEM231, TMEM38B, TMEM79, TMIGD1, TMOD1, TNF, TNFRSF1A, TNMD, TOLLIP, TP63, TP73, TPP1, TPRN, TRIM16, TRIOBP, TSG101, TST, TTC8, TUBB, TXNIP, TYMS, UGCG, UPK1A, UPK1B, UPK2, UPK3A, USH1C, USH2A, VAX1, VCL, VDAC1, VDR, VEGFA, VEZF1, VIL1, VIM, VSIG1, WDPCP, WDR77, WHRN, WNT1, WNT10B, WNT11, WNT16, WNT4, WNT5A, WNT5B, WNT7A, WNT7B, WNT9B, WT1, WWTR1, XDH, YAP1, YIPF6, ZBED2, ZDHHC21, ZDHHC7, ZEB1, ZFP36, ZFP36L1, ZNF703, ZNF800
GO:0009137	purine nucleoside diphosphate catabolic process	95	3	0.33	0.00449	0.01239247311827957	ACTN3, ADPGK, ALDOA, ALDOB, ALDOC, APP, ARL2, BPGM, CBFA2T3, COL6A1, DDIT4, DHTKD1, EIF6, ENO1, ENO2, ENO3, ENO4, ENTPD2, ENTPD4, EP300, FBP1, FKRP, FLCN, FOXK1, FOXK2, GALK1, GAPDH, GAPDHS, GCK, GIT1, GPD1, GPI, HDAC4, HIF1A, HK1, HK2, HK3, HKDC1, HTR2A, IER3, IFNG, IGF1, INS, INSR, JMJD8, KAT2B, LDHA, LIPA, MLST8, MLXIPL, MTOR, NCOR1, NT5E, NUDT18, NUDT9, NUPR1, OGDH, OGDHL, OGT, P2RX7, PFKFB1, PFKFB2, PFKL, PFKM, PFKP, PGAM1, PGAM2, PGAM4, PGK1, PGK2, PGM1, PKLR, PKM, PPARA, PPP2CA, PRKAA1, PRKAA2, PRKACA, PRKAG1, PRKAG2, PRKAG3, PRXL2C, PSEN1, RPTOR, SIRT6, SLC2A6, SLC4A1, SLC4A4, STAT3, TIGAR, TPI1, TREX1, UCP2, ZBTB20, ZBTB7A
GO:0009181	purine ribonucleoside diphosphate catabolic process	95	3	0.33	0.00449	0.01239247311827957	ACTN3, ADPGK, ALDOA, ALDOB, ALDOC, APP, ARL2, BPGM, CBFA2T3, COL6A1, DDIT4, DHTKD1, EIF6, ENO1, ENO2, ENO3, ENO4, ENTPD2, ENTPD4, EP300, FBP1, FKRP, FLCN, FOXK1, FOXK2, GALK1, GAPDH, GAPDHS, GCK, GIT1, GPD1, GPI, HDAC4, HIF1A, HK1, HK2, HK3, HKDC1, HTR2A, IER3, IFNG, IGF1, INS, INSR, JMJD8, KAT2B, LDHA, LIPA, MLST8, MLXIPL, MTOR, NCOR1, NT5E, NUDT18, NUDT9, NUPR1, OGDH, OGDHL, OGT, P2RX7, PFKFB1, PFKFB2, PFKL, PFKM, PFKP, PGAM1, PGAM2, PGAM4, PGK1, PGK2, PGM1, PKLR, PKM, PPARA, PPP2CA, PRKAA1, PRKAA2, PRKACA, PRKAG1, PRKAG2, PRKAG3, PRXL2C, PSEN1, RPTOR, SIRT6, SLC2A6, SLC4A1, SLC4A4, STAT3, TIGAR, TPI1, TREX1, UCP2, ZBTB20, ZBTB7A
GO:0007423	sensory organ development	592	7	2.07	0.00451	0.01239247311827957	ABCB5, ABI2, ACHE, ACTL6A, ACVR2B, ACVRL1, ADAM10, ADAMTS18, ADGRV1, AGTPBP1, AHI1, ALDH1A2, ALDH1A3, ANGPTL7, ANKRD24, ANP32B, AQP1, AQP5, ARHGAP35, ARHGEF15, ASCL1, ASCL2, ATF4, ATF6, ATG4B, ATG5, ATOH1, ATOH7, ATP2B2, ATP2B4, ATP6V1B1, ATP8A2, ATP8B1, B9D1, BAK1, BARHL2, BAX, BBS4, BBS7, BCAR3, BCL11B, BCL2, BCL2L11, BCR, BFSP1, BFSP2, BHLHA15, BHLHE22, BHLHE23, BIRC7, BLOC1S3, BLOC1S5, BMP2, BMP4, BMP5, BMP6, BMP7, BMPER, BMPR1B, BMPR2, BNC2, C12orf57, C1QTNF5, CABP4, CACNA1C, CACNA1S, CALB1, CASP2, CC2D2A, CCM2, CCNA2, CDH23, CDK20, CDKN1B, CDKN1C, CDON, CEBPA, CEBPD, CECR2, CELF4, CEP290, CHD7, CHRDL1, CHRNA10, CHRNA9, CITED2, CLCN2, CLIC4, CLN8, CLRN1, CLRN2, CNTF, COL11A1, COL2A1, COL4A1, COL5A1, COL5A2, COL8A1, COL8A2, CPAMD8, CRB1, CRB2, CRYAA, CRYAB, CRYBA1, CRYBA2, CRYBA4, CRYBB1, CRYBB2, CRYBB3, CRYBG3, CRYGA, CRYGB, CRYGC, CRYGD, CRYGN, CRYGS, CTHRC1, CTNNB1, CTNS, CYP1A1, CYP1B1, CYP26B1, CYTL1, DCANP1, DCHS1, DCX, DDR1, DIAPH3, DIO3, DLG1, DLL1, DLL4, DLX1, DLX2, DLX5, DLX6, DRD2, DSCAM, DTNBP1, DVL1, DVL2, DZANK1, ECE1, EDN1, EDNRA, EFEMP1, EGFR, EPHA2, EPHA4, EPHB1, EPHB2, ESRP1, ESRRB, EYA1, EYA4, FASLG, FAT1, FAT3, FBN1, FBN2, FGF10, FGF2, FGF20, FGF8, FGF9, FGFR1, FGFR2, FJX1, FKBP8, FKRP, FLT1, FOXC1, FOXC2, FOXE3, FOXF2, FOXG1, FOXI1, FOXL2, FOXN4, FREM2, FRS2, FRZB, FSCN2, FZD2, FZD3, FZD4, FZD5, FZD6, FZR1, GABRA5, GABRB2, GATA2, GATA3, GBX2, GDF11, GDF3, GJA1, GJA8, GJB2, GJB6, GJE1, GLI3, GNAT1, GNAT2, GNB1, GNG8, GNGT1, GPM6A, GRHL2, GRHL3, GRM6, GRXCR1, GRXCR2, GSC, GSDME, HAND2, HCN1, HDAC1, HDAC2, HES1, HES5, HESX1, HEY2, HIF1A, HIPK1, HIPK2, HMX2, HMX3, HOXA1, HOXA13, HOXA2, HOXC13, HPCA, HPN, HSF4, IFT122, IFT140, IFT172, IFT20, IFT27, IFT88, IHH, IMPG2, INHBA, INSIG1, INSIG2, INTU, ITGA8, JAG1, JAG2, JMJD6, KCNE2, KCNK2, KCNK3, KCNQ1, KCNQ4, KDM2B, KDM5B, KDR, KERA, KIT, KLF4, KRT12, LAMA1, LAMB2, LAMC3, LARGE1, LCTL, LEF1, LENEP, LGR5, LHFPL5, LHX1, LHX2, LHX3, LIM2, LIMK2, LIN7A, LPCAT1, LRIG1, LRIG3, LRP10, LRP5, MAB21L1, MAB21L2, MAF, MAFB, MAN2A1, MAPK1, MAPK3, MAPKAPK2, MCM2, MCOLN3, MDM1, MED1, MEGF11, MEIS1, MEIS2, MEIS3, MEIS3P1, MERTK, MFAP2, MFAP5, MFN2, MFRP, MFSD2A, MIP, MITF, MKS1, MPV17, MSX1, MTERF4, MTNR1B, MYCL, MYF5, MYO15A, MYO3A, MYO3B, MYO6, MYO7A, MYO7B, MYOM1, MYOM2, NAGLU, NDP, NECTIN1, NECTIN3, NES, NEUROD1, NEUROD2, NEUROD4, NEUROD6, NEUROG1, NEUROG2, NEUROG3, NF1, NF2, NFIA, NFIB, NHERF1, NHS, NIPBL, NKD1, NKX2-6, NKX3-2, NOG, NOTCH1, NOTCH2, NOX3, NPHP1, NPHP4, NR2E1, NR2E3, NRL, NRP1, NTF4, NTN1, NTRK2, OC90, OLFM3, OLIG1, OLIG2, OLIG3, OPN4, OPN5, OSR1, OSR2, OTOL1, OTOP1, OTX1, PAFAH1B1, PAX2, PAX6, PAX8, PBX1, PBX2, PBX3, PBX4, PCDH15, PDE6A, PDE6B, PDE6C, PDGFRA, PDGFRB, PDZD7, PFDN5, PHACTR4, PHOX2B, PI4KB, PITX2, PITX3, PJVK, PKNOX1, PLAAT1, PLAAT3, PLPPR4, PLS1, POU3F4, POU4F2, POU4F3, PPP1R13L, PRDM1, PRICKLE1, PRKCI, PRKRA, PROM1, PROX1, PRPH2, PRRX1, PRSS56, PSEN1, PTF1A, PTK7, PTPN11, PTPRM, PXDN, PYGO2, RAB18, RAB3GAP1, RARA, RARB, RARG, RAX, RBP4, RBPJ, RCN1, RD3, RDH10, RDH13, RET, RHO, RHOJ, RING1, ROM1, ROR1, RORB, RP1, RP1L1, RPE65, RPGRIP1, RPGRIP1L, RPL24, RPL38, RRM1, RS1, SALL2, SAMD11, SAMD7, SCAPER, SCO2, SCRIB, SDC4, SDK1, SDK2, SEC24B, SERPINF1, SH3PXD2B, SHH, SHROOM2, SIPA1L3, SIX1, SIX2, SIX3, SIX4, SIX5, SIX6, SKI, SKIL, SLC17A6, SLC17A7, SLC17A8, SLC1A1, SLC25A25, SLC25A27, SLC26A5, SLC39A5, SLC44A4, SLC4A5, SLC4A7, SLC6A3, SLC7A11, SLITRK6, SMAD3, SMARCA4, SMARCD3, SMCHD1, SMG9, SMOC1, SOBP, SOD1, SOS1, SOX1, SOX11, SOX2, SOX3, SOX4, SOX8, SOX9, SP3, SPRED1, SPRED2, SPRED3, SPRY1, SPRY2, SRF, STAT3, STAU2, STOX1, STRA6, STRC, TBC1D20, TBC1D32, TBX1, TBX18, TBX2, TBX3, TCAP, TCF15, TCIRG1, TDRD7, TECTA, TENM3, TFAP2A, TFAP2B, TGFB2, TGFB3, TGFBR1, TGFBR2, TGIF2, TH, THRB, THY1, TIFAB, TMC1, TMEM132E, TMEM135, TMEM215, TMEM231, TMIE, TMOD1, TPRN, TRIOBP, TRIP11, TSHZ1, TSKU, TSPAN12, TTC39C, TTC8, TTLL5, TUB, TULP1, TULP3, TWIST1, TWSG1, UNC45B, USH1C, USH1G, USH2A, USP45, VAX1, VAX2, VEGFA, VIM, VSTM4, VSX1, WDPCP, WDR19, WHRN, WNT1, WNT10A, WNT10B, WNT16, WNT2, WNT2B, WNT3A, WNT5A, WNT5B, WNT6, WNT7A, WNT7B, WNT9A, WNT9B, WT1, XRN2, YY1, ZDHHC16, ZEB1, ZHX2, ZIC1, ZIC3, ZNF513
GO:0060479	lung cell differentiation	29	2	0.1	0.00459	0.01239247311827957	AGR2, AIMP2, ASCL1, COL6A1, CREB1, CTNNB1, FGF10, FOXA1, FOXJ1, GATA6, GRHL2, HOXA5, IL13, KLF2, KRAS, LTA4H, NFIB, NKX2-1, PPP3R1, RBBP9, RBPJ, SAV1, SOX9, SPDEF, THRA, THRB, TMEM38B, TP73, YAP1
GO:0060487	lung epithelial cell differentiation	29	2	0.1	0.00459	0.01239247311827957	AGR2, AIMP2, ASCL1, COL6A1, CREB1, CTNNB1, FGF10, FOXA1, FOXJ1, GATA6, GRHL2, HOXA5, IL13, KLF2, KRAS, LTA4H, NFIB, NKX2-1, PPP3R1, RBBP9, RBPJ, SAV1, SOX9, SPDEF, THRA, THRB, TMEM38B, TP73, YAP1
GO:2000273	positive regulation of signaling receptor activity	29	2	0.1	0.00459	0.01239247311827957	ADAM17, ADRA2A, ADRA2B, ADRA2C, ADRB2, BUD31, CCL2, CCR2, EDN1, EPGN, EPHB2, FBXW7, GREM1, HDAC1, HDAC2, HDAC6, HFE, HIF1A, IFNG, IL10, JAK2, NCF1, NCOA3, NLGN3, NRP1, PARK7, RELN, SHANK3, TAF1
GO:0062197	cellular response to chemical stress	311	5	1.09	0.00461	0.01239247311827957	ABCC1, ABCD1, ABL1, ADPRS, AGAP3, AIF1, AIFM1, AIFM2, AKR1B1, AKT1, ALDH3B1, ALOX5, ANKZF1, APOA4, AQP1, AQP5, ARHGEF2, ARL6IP5, ARNT, ATF2, ATF4, ATG5, ATG7, ATM, ATP13A2, ATP2A2, ATP7A, AXL, BAD, BDKRB2, BECN1, BMAL1, BMP7, BNIP3, BRF2, BTK, CAB39, CAMKK2, CAPN3, CASP1, CASP3, CAT, CAV1, CBX8, CCS, CD36, CDK1, CHCHD2, CHCHD4, CHUK, CLN3, CPEB2, CRYGD, CYP1B1, DAPK1, DDIT3, DDR2, DDX3X, DHFR, DHFRP1, DHRS2, DNAJA1, ECT2, EDN1, EDNRA, EFHD1, EGFR, EIF2AK3, EIF2S1, EPO, ERCC6L2, ERMP1, ERN1, ETV5, EZH2, FABP1, FANCC, FANCD2, FAS, FBLN5, FBP1, FER, FOS, FOXO1, FOXO3, FOXP1, FUT8, FXN, FYN, G6PD, GCH1, GJB2, GLRX2, GPR37, GPR37L1, GPX1, GPX5, GPX7, GPX8, GSR, HDAC2, HDAC6, HGF, HIF1A, HM13, HSF1, HSPA1A, HSPA1B, HTRA2, IL18BP, IL18RAP, IL6, JUN, KAT2B, KDM6B, KEAP1, KLF2, KLF4, LETM1, LONP1, LRRC8C, LRRC8D, LRRC8E, LRRK2, MAP1LC3A, MAP2K4, MAP3K5, MAPK1, MAPK13, MAPK3, MAPK7, MAPK8, MAPK9, MAPKAP1, MAPT, MB, MDM2, MEAK7, MET, MGAT3, MGST1, MICU1, MIR103A1, MIR107, MIR132, MIR133A1, MIR135A1, MIR17, MIR21, MIR34A, MIR92A1, MIRLET7B, MLST8, MMP2, MMP3, MMP9, MPO, MPV17, MSRA, MT3, MTOR, MYB, MYLK, NAGLU, NCF1, NCOA7, NET1, NFAT5, NFE2L2, NLK, NLRP3, NME2, NME8, NOS3, NOX1, NQO1, NR4A2, NUDT2, OSER1, OXR1, OXSR1, PARK7, PARP1, PAWR, PAX2, PCGF2, PCK1, PCNA, PDCD10, PDGFD, PDGFRA, PDK2, PENK, PEX10, PEX12, PEX13, PEX14, PEX2, PEX5, PIK3CA, PINK1, PJVK, PKD2, PLA2R1, PLEC, PLEKHA1, PNPLA8, PNPT1, PPARGC1A, PPARGC1B, PPIA, PPIF, PRDX1, PRDX2, PRDX3, PRDX5, PRKAA1, PRKAA2, PRKCD, PRKCI, PRKD1, PRKN, PRKRA, PRR5L, PTGS2, PTPRK, PXN, PYCARD, PYCR1, PYCR2, PYROXD1, RACK1, RAD52, RBM11, RBX1, RCSD1, RELA, RELB, RHOB, RIPK1, RIPK3, ROMO1, RPS3, RPTOR, RWDD1, SCN2A, SELENON, SELENOS, SERPINB6, SESN2, SETX, SIRPA, SIRT1, SIRT2, SLC12A6, SLC1A1, SLC25A14, SLC25A23, SLC25A24, SLC2A1, SLC2A4, SLC4A11, SLC7A11, SMPD3, SNCA, SOD1, SOD2, SOD3, SPHK1, SRC, SRXN1, STAT6, STAU1, STAU2, STK25, STK39, STOX1, STX2, STX4, SUMO4, TBC1D24, TIFAB, TMEM161A, TMIGD1, TNFAIP3, TOP2B, TP53, TP53INP1, TPM1, TRAP1, TREX1, TRIM21, TRPA1, TRPM2, TRPV4, TSPO, TXN, UCP1, USP15, VKORC1L1, VRK2, WNK1, WNK3, WNT16, XRCC5, XRCC6, YBX3, ZC3H12A, ZFP36L1, ZNF277, ZNF580
GO:0021675	nerve development	97	3	0.34	0.00475	0.012525510204081634	ACKR3, ADARB1, AFG3L2, ARK2C, ATOH7, ATP8B1, B4GALNT1, BDNF, CHD7, CHRNB2, CITED2, CNGB1, CTNNB1, DAG1, DCANP1, DICER1, DRGX, ECE1, EDN1, EDNRA, EGR2, EPHB1, EPHB2, ERBB3, EXT1, FBXO45, GABRA5, GABRB2, GLI3, HES1, HOXA1, HOXA3, HOXB1, HOXB2, HOXB3, HOXD3, ILK, ISL1, ITGA4, KCNA1, KCNA2, KCNA3, KCNC1, KCNC2, KCNQ3, LARGE1, LPAR1, LRIG1, LRIG2, MAFB, NAGLU, NAV2, NDP, NEUROG1, NGF, NGFR, NKX2-2, NPR2, NPTX1, NRP1, NRP2, NRTN, NTF3, NTF4, NTRK1, PAX2, PHOX2A, PHOX2B, PLXNA1, PLXNA3, PLXNA4, POU4F1, POU4F3, PRKCG, RET, RPL24, SALL1, SCN1A, SCN2A, SCN8A, SEMA3A, SEMA3F, SERPINE2, SIX1, SIX4, SLC1A3, SLC24A4, SLC25A46, SLITRK6, SULF1, SULF2, TBX1, TCIRG1, TFAP2A, TIFAB, TMEM126A, VCAM1
GO:0055080	monoatomic cation homeostasis	600	7	2.1	0.00485	0.012525510204081634	ABCB6, ABCB7, ABCC6, ABL1, ACO1, ADCY8, ADORA1, AFG3L2, AGT, AGTR1, AKAP6, ALAS2, ALPL, ANK2, ANK3, ANKH, ANKRD9, ANXA6, AP3B1, APLNR, APOE, APP, AQP11, ARF1, ATF4, ATG5, ATOX1, ATP12A, ATP13A1, ATP13A2, ATP13A3, ATP13A4, ATP13A5, ATP1A1, ATP1A2, ATP1A3, ATP1A4, ATP1B1, ATP1B2, ATP1B3, ATP2A1, ATP2A2, ATP2A3, ATP2B1, ATP2B2, ATP2B3, ATP2B4, ATP2C1, ATP2C2, ATP4A, ATP4B, ATP5F1B, ATP6AP1, ATP6AP2, ATP6V0A1, ATP6V0A2, ATP6V0A4, ATP6V0B, ATP6V0C, ATP6V0D1, ATP6V0D2, ATP6V0E1, ATP6V0E2, ATP6V1A, ATP6V1B1, ATP6V1B2, ATP6V1D, ATP6V1F, ATP6V1G1, ATP6V1H, ATP7A, ATP7B, AVP, AVPR1A, B2M, BAK1, BAX, BCAP31, BCL2, BDH2, BDKRB1, BMP6, BNIP3, BOK, BOLA1, BOLA2, BOLA2B, BOLA3, BTBD9, C19orf12, CA2, CA7, CACNA1C, CACNA1S, CACNB2, CACNB4, CALB1, CALB2, CALCA, CALCB, CALM1, CALM2, CALM3, CALR, CAMK2D, CAPN3, CASQ1, CASQ2, CASR, CAV1, CAV2, CAV3, CCDC115, CCDC22, CCDC47, CCKBR, CCL1, CCL11, CCL13, CCL14, CCL15, CCL19, CCL21, CCL23, CCL3, CCL5, CCL7, CCL8, CCR1, CCR2, CCR5, CCR7, CD19, CD40, CDH23, CDH5, CEMIP, CFTR, CHD7, CHERP, CHP1, CHRNA7, CIB2, CIB3, CLCN3, CLDN16, CLIC2, CLIC4, CLN3, CLN5, CLN6, CNGB1, CNNM1, CNNM2, CNNM3, CNNM4, CNR1, COMMD1, COMT, CORIN, CORO1A, COX11, COX19, CP, CREG1, CSRP3, CTRC, CUTC, CX3CL1, CXCL10, CXCL11, CXCL12, CXCL9, CYB561, CYB561A3, CYBA, CYBRD1, CYP11B2, CYP27B1, CYP4A11, CYP4F12, CYP4F2, DDIT3, DHRS7C, DIAPH1, DISC1, DMD, DMPK, DMXL1, DMXL2, DRD1, DRD2, DRD3, DRD4, DRD5, EDN1, EDN2, EDN3, EDNRA, EDNRB, EGLN1, EIF2AK1, ELANE, EPAS1, EPB42, ERC2, ERFE, ERO1A, EXT1, EXT2, F2, F2R, F2RL3, FAM20A, FASLG, FATE1, FBXL5, FECH, FGF2, FGF23, FGFR1, FIS1, FKBP1A, FKBP1B, FKBP1C, FLNA, FLVCR1, FRRS1, FTH1, FTH1P19, FTHL17, FTL, FTMT, FXN, FXYD2, FZD9, GCM2, GDF2, GHITM, GLRX3, GLRX5, GP1BA, GP1BB, GP5, GP9, GPER1, GPR12, GPR3, GPR89A, GPR89B, GRIA1, GRID2IP, GRIK2, GRIN1, GRINA, GRM1, GRM5, GRN, GSTM2, GSTO1, HAMP, HAP1, HCRTR1, HCRTR2, HEPHL1, HERPUD1, HEXB, HFE, HIF1A, HJV, HMOX1, HPX, HRC, HSP90B1, HTR1B, HTR2A, HTR2B, HTR2C, HTT, HVCN1, HYAL2, IBTK, IFNG, IL13, IL1A, IMMT, IREB2, ISCU, ITGB3, ITPR1, ITPR2, ITPR3, JPH1, JPH2, JPH3, JPH4, JSRP1, KCNA1, KCNA5, KCNH2, KCNJ10, KCNJ2, KCNMA1, KCNQ1, KCTD17, KCTD7, KDR, KEL, KL, KLHL3, LACC1, LACRT, LAMP1, LAMP2, LCK, LETM1, LHCGR, LIME1, LRRK2, LYN, MAIP1, MAPK1, MAPK3, MC3R, MCOLN1, MCU, MCUB, MCUR1, METTL21C, MICU1, MICU2, MICU3, MINPP1, MIR1-1, MIR133A1, MIR210, MIR93, MLLT6, MT1A, MT1B, MT1DP, MT1E, MT1F, MT1G, MT1H, MT1HL1, MT1M, MT1X, MT2A, MT3, MT4, MTLN, MYC, NAGLU, NCOA4, NDFIP1, NEO1, NOL3, NOS1, NOX1, NPPB, NPPC, NPR1, NPSR1, NPTN, NT5E, NTSR1, NUBP1, OCA2, P2RX1, P2RX7, P2RY1, P2RY4, P2RY6, PACS2, PDE4D, PDK2, PDK4, PDPK1, PDZD8, PICALM, PIK3CB, PKD2, PKHD1, PLCB1, PLCB2, PLCB3, PLCB4, PLCD1, PLCE1, PLCG1, PLCG2, PLCH1, PLCH2, PLN, PML, PPT1, PRKACA, PRKCB, PRKCE, PRKD1, PRND, PRNP, PSEN1, PTH, PTH1R, PTK2B, PTPN6, PTPRC, RAB20, RAB38, RAB39A, RAB7A, RAP1GDS1, RGN, RHAG, RHCG, RMDN3, RNASEK, RYR1, RYR2, RYR3, S100A14, S100A8, S100A9, SCARA5, SCGN, SCN7A, SCNN1A, SCNN1B, SCNN1D, SCNN1G, SCO1, SCO2, SELENOK, SELENON, SGCD, SLAMF8, SLC10A7, SLC11A1, SLC11A2, SLC12A1, SLC12A2, SLC12A3, SLC12A4, SLC12A5, SLC12A6, SLC12A7, SLC12A8, SLC12A9, SLC1A1, SLC1A3, SLC22A17, SLC24A1, SLC24A2, SLC24A3, SLC24A4, SLC24A5, SLC25A23, SLC25A27, SLC26A3, SLC26A4, SLC26A6, SLC30A1, SLC30A10, SLC30A2, SLC30A5, SLC30A7, SLC30A8, SLC30A9, SLC31A1, SLC31A2, SLC35G1, SLC39A10, SLC39A13, SLC39A14, SLC39A4, SLC39A6, SLC39A7, SLC39A8, SLC39A9, SLC40A1, SLC41A1, SLC45A2, SLC46A1, SLC4A1, SLC4A10, SLC4A11, SLC4A2, SLC4A3, SLC4A4, SLC4A5, SLC4A7, SLC4A8, SLC4A9, SLC8A1, SLC8A2, SLC8A3, SLC8B1, SLC9A1, SLC9A2, SLC9A3, SLC9A4, SLC9A5, SLC9A6, SLC9A7, SLC9A8, SLC9A9, SLC9B1, SLC9B2, SLC9C1, SLC9C2, SMAD4, SMDT1, SNAPIN, SNCA, SNX10, SOD1, SOD2, SPNS1, SPPL2C, SPX, SRI, STC1, STC2, STEAP2, STEAP4, STIM1, STIM2, STOML2, SV2A, SV2B, SYPL2, TASL, TCIRG1, TESMIN, TF, TFR2, TFRC, TGM2, THADA, THY1, TM9SF4, TMBIM6, TMC8, TMCO1, TMEM106B, TMEM165, TMEM175, TMEM178A, TMEM199, TMEM203, TMEM38A, TMEM38B, TMEM64, TMEM9, TMPRSS3, TMPRSS6, TMTC2, TMTC4, TNFSF11, TNNI3, TPCN2, TPT1, TRDN, TRIM24, TRPA1, TRPC1, TRPC3, TRPC4, TRPC5, TRPC6, TRPC7, TRPM2, TRPM8, TRPV4, TRPV5, TRPV6, TSPOAP1, TTC7A, TUNAR, UBASH3B, UBE3A, UMOD, UNC80, UPK3A, VAPB, VDR, VPS33A, VPS54, WFS1, WNK1, WNK4, WNT5A, XCL1, XCR1, XIAP, XK, YWHAE, ZNHIT1
GO:0040007	growth	930	9	3.25	0.00486	0.012525510204081634	ABL1, ACACB, ACTN3, ACVR1B, ACVR1C, ACVR2B, ACVRL1, ADAM10, ADAM15, ADAM17, ADARB1, ADCY10, ADIPOR1, ADM, ADNP, ADPRHL1, ADRA1A, ADRB1, ADRB2, ADRB3, AFG3L2, AGR2, AGRN, AGT, AGTR1, AGTR2, AKAP6, AKIRIN1, AKT1, ALCAM, ALKBH1, ALOX15B, AMH, ANAPC2, APBA1, APBA2, APOA5, APOD, APOE, APP, AR, AREG, ARHGAP4, ARHGEF11, ARID2, ARID5B, ARIH2, ARMC12, ARX, ASCL3, ASPM, ATAD3A, ATF2, ATF5, ATM, ATN1, ATP8A2, ATRN, ATRX, AURKA, AUTS2, AVP, AVPR1A, B4GALNT2, BAP1, BARHL2, BASP1, BBS2, BBS4, BCAR1, BCL11A, BCL2, BCL2L1, BCL2L11, BCL6, BCL9, BDKRB1, BDNF, BIN3, BLTP1, BMP10, BMP4, BMPR1A, BMPR1B, BMPR2, BNC2, BNIPL, BRAT1, BRCA1, BRCA2, BST2, BTG1, C8orf44-SGK3, C9orf72, CACNA2D2, CACNG7, CAMK2D, CAPN3, CAPRIN2, CAV3, CCAR2, CCDC85B, CCL11, CCM2, CCN3, CCNB2, CD38, CD81, CD9, CDA, CDC42, CDC73, CDH1, CDH4, CDHR2, CDK1, CDK11A, CDK11B, CDK5, CDKL3, CDKL5, CDKN1A, CDKN1B, CDKN1C, CDKN2A, CDKN2AIP, CDKN2C, CDKN2D, CEACAM1, CELA1, CEP43, CER1, CFLAR, CGA, CGRRF1, CHD7, CHEK1, CHPT1, CHRNA1, CHRND, CHST11, CIB1, CISH, CITED2, CLDN18, CLIC4, CLSTN1, CLSTN3, COBL, COL14A1, COL27A1, COL3A1, COL6A1, COLQ, COMP, COMT, COPS2, CPNE1, CPNE5, CPNE6, CPNE9, CPQ, CRABP2, CREB1, CRKL, CRLF3, CRYAB, CSF1, CSH1, CSH2, CSHL1, CSNK2A1, CSNK2A3, CTC1, CTDP1, CTNNB1, CTR9, CTTN, CXCL12, CXCL16, CXCR4, CYFIP1, CYFIP2, CYP19A1, CYP27B1, DAB2, DACT3, DAG1, DCAF1, DCAF13, DCBLD2, DCC, DCLK1, DCSTAMP, DCUN1D3, DCUN1D5, DDR1, DDR2, DDX3X, DDX49, DERL2, DIO3, DIP2B, DIPK2A, DISC1, DLL1, DMBX1, DNAJB2, DNM2, DNPH1, DRAXIN, DRD2, DSCAM, DUSP10, DUSP6, DVL1, EAF2, EBAG9, ECM1, EDN1, EDN2, EDN3, EDNRA, EFNA5, EGFR, EGLN2, EHMT2, EI24, EIF2AK4, EIF4G1, EIF4G2, EIF4H, EMX1, EN1, ENO1, ENPP1, EP300, EPB41L5, EPHA7, EPPK1, ERBB2, ERBB4, ERCC1, ERCC2, ERCC6, EREG, ESR1, ESR2, ETNK2, EVC, EXOSC2, EXOSC4, EXOSC9, EXT1, EXTL3, EYS, EZH2, EZR, F2, FAM107A, FBP1, FES, FGF1, FGF10, FGF13, FGF2, FGF20, FGF7, FGF8, FGF9, FGFR1, FGFR2, FGFR3, FHL1, FKBP8, FKRP, FLRT1, FLRT3, FLVCR1, FMN1, FN1, FOSL2, FOXC1, FOXC2, FOXL2, FOXO3, FOXP1, FOXS1, FRZB, FSTL4, FTO, FXN, FZD7, FZD9, G6PC1, G6PD, GAMT, GAP43, GAS1, GAS2, GATA3, GATA4, GATA6, GDF15, GDF2, GDF5, GDF9, GDI1, GH1, GH2, GHR, GHRH, GHRHR, GHRL, GHSR, GIGYF2, GINS1, GINS4, GJA1, GJD4, GJE1, GLI1, GLI2, GLI3, GNAS, GNAT1, GNAT2, GNG4, GOLGA4, GPAM, GPAT4, GPC3, GPR149, GPR21, GPX1, GREM1, GRHL2, GSK3A, GSK3B, H3-3A, H3-3B, H3-5, HBEGF, HDAC3, HDAC6, HDGFL2, HEG1, HELT, HESX1, HEY2, HIF1A, HLX, HNF1B, HNF4A, HOPX, HOXA11, HOXA5, HOXB13, HOXD13, HPN, HRG, HSPA1A, HSPA1B, HTRA2, HYAL1, HYAL2, IER3IP1, IFRD1, IFT80, IGF1, IGF2, IGFBP1, IGFBP3, IGFBP4, IGFBP5, IGFBP7, IGFBPL1, IHH, IL17RB, IL2, IL7, IL9, IMPACT, ING1, ING4, ING5, INHBA, INO80, INS, INSR, INTS1, IP6K2, IQGAP1, ISLR2, IST1, ITCH, ITGA4, ITGB1, ITSN2, JADE1, JADE2, JADE3, JARID2, KAT2A, KAT7, KAZALD1, KCNJ8, KCNK2, KDF1, KDM2B, KDM5B, KIAA0319, KIF14, KIF26A, KIF26B, KLF2, KLF5, KLHL22, KLK6, KMT2D, KPNA1, KRT17, L1CAM, LAMB2, LAMTOR1, LAMTOR2, LARGE1, LATS1, LATS2, LEP, LEPR, LGI1, LGMN, LGR6, LHX1, LHX2, LIMK1, LLPH, LMX1A, LPAR3, LRP12, LRP4, LTBP4, LZTS2, MACF1, MAD2L2, MAEL, MAG, MAGI2, MAP1B, MAP2, MAP2K4, MAP2K5, MAP3K13, MAPK11, MAPK14, MAPKAP1, MAPT, MATN1, MBD5, MDK, MEAF6, MECP2, MED1, MED12, MEF2C, MEG3, MEGF8, MEIS1, MESP1, MEX3C, MFSD2A, MINAR1, MIR1-1, MIR17HG, MIR195, MIR199A1, MIR199B, MIR19A, MIR19B1, MIR200B, MIR204, MIR208A, MIR222, MIR23A, MIR24-1, MIR25, MIR29B1, MIR509-1, MIR548C, MIR590, MIR873, MKKS, MLST8, MMP13, MMP14, MSTN, MSX1, MSX2, MT1A, MT1B, MT1E, MT1F, MT1G, MT1H, MT1M, MT1X, MT2A, MT3, MTM1, MTOR, MTPN, MUC12, MUL1, MUSK, MUSTN1, MYCBP2, MYH6, MYL2, MYMK, MYMX, MYOCD, MYOD1, MYOZ1, N6AMT1, NAIF1, NANOS1, NBN, NCAPG2, NCBP1, NDEL1, NDN, NDRG3, NDRG4, NDUFA13, NDUFS3, NEDD4L, NET1, NGF, NIN, NINJ1, NINJ2, NIPBL, NKD1, NKX2-5, NKX6-1, NLGN3, NLGN4X, NME6, NOG, NOTCH1, NOTCH2, NPM1, NPPB, NPPC, NPR1, NPR2, NPY1R, NRCAM, NRG3, NRN1, NRN1L, NRP1, NRP2, NTN1, NUBP1, ODAD3, OGFR, OLFM1, OSGIN1, OSGIN2, OSTN, PABIR1, PAFAH1B1, PAK4, PAK5, PAK6, PALB2, PAPPA2, PARP2, PDLIM5, PELO, PEX5, PHB1, PHLDA2, PI16, PIK3CA, PIM1, PKDCC, PLAA, PLAC8, PLAG1, PLCB1, PLEC, PLEKHA1, PLG, PLS1, PLXNA1, PLXNA3, PLXNA4, PML, PNPT1, POSTN, POU3F2, POU4F2, POU4F3, PPARA, PPARD, PPIB, PPM1F, PPP1R13L, PPP1R9B, PPP2CA, PPP2R1A, PPP3CA, PPP3CB, PPT1, PRDM11, PRICKLE1, PRKAR1A, PRKCB, PRKCQ, PRKCZ, PRKG1, PRKN, PRLH, PRLR, PRMT2, PROX1, PRR5, PRSS2, PSAP, PSAPL1, PSMD10, PSRC1, PTCH1, PTCH2, PTEN, PTGFRN, PTK2B, PTK6, PTK7, PTN, PTPN11, PTPN12, PTPRJ, PTPRS, PTX3, PUM2, PYGO2, RAB21, RACK1, RAD51B, RAG2, RAI1, RAPH1, RARA, RARB, RARG, RASAL1, RASAL2, RASGRP2, RB1, RBBP6, RBBP7, RBP4, RBPJ, RC3H2, RDH10, RERG, RFTN1, RGMA, RGS2, RGS4, RICTOR, RIMS1, RIMS2, RMI1, RND2, RNF157, RNF6, ROS1, RPS6KA1, RPS6KA3, RPS6KB1, RPTOR, RSPO2, RTF1, RTN4, RTN4R, RUFY3, RUNX1, RYK, S100A8, S100A9, S100B, S1PR1, SALL1, SALL4, SASH3, SAV1, SBDS, SCAPER, SCGB3A1, SCNN1B, SDCBP, SELENOM, SELENON, SELENOP, SEMA3A, SEMA3B, SEMA3C, SEMA3D, SEMA3E, SEMA3F, SEMA3G, SEMA4A, SEMA4B, SEMA4C, SEMA4D, SEMA4F, SEMA4G, SEMA5A, SEMA5B, SEMA6A, SEMA6B, SEMA6C, SEMA6D, SEMA7A, SERP1, SERPINE2, SERTAD2, SERTAD3, SESN2, SFN, SFRP1, SFRP2, SGCA, SGK1, SGK2, SGK3, SGPL1, SH3BP4, SH3GL2, SHH, SHTN1, SIN3A, SIPA1, SIX1, SIX4, SKI, SLC12A5, SLC1A2, SLC23A2, SLC25A25, SLC25A33, SLC39A12, SLC44A4, SLC4A10, SLC6A3, SLC6A4, SLC9A1, SLC9A6, SLIT1, SLIT2, SLIT3, SLITRK1, SLITRK6, SMAD1, SMAD2, SMAD3, SMAD4, SMAD7, SMARCA2, SMARCA4, SMO, SMPD3, SMURF1, SOCS2, SOCS6, SOD1, SORBS2, SOS1, SOX10, SOX15, SOX17, SOX2, SOX9, SPAAR, SPAG6, SPAG9, SPART, SPG11, SPHK1, SPHK2, SPOCK1, SPP1, SPRY1, SPRY2, SPTBN2, SPTBN4, SRC, SRF, SSNA1, ST20, ST7L, ST8SIA2, STAT3, STAT5A, STAT5B, STC1, STC2, STIL, STK11, STK3, STK4, STK40, STRA6, SUPV3L1, SYT1, SYT14P1, SYT17, SYT2, SYT3, SYT4, TAF10, TAF8, TAF9B, TAL2, TAOK2, TBCE, TBL1XR1, TBX2, TBX20, TBX5, TCHP, TEAD1, TEC, TENM4, TFCP2L1, TGFB1, TGFB2, TGFBR1, TGFBR2, TGFBR3, THBS3, TIAM1, TKT, TLE5, TLL2, TM4SF4, TMED2, TMEM108, TMEM182, TMEM196, TMEM38B, TMEM97, TMPRSS4, TNC, TNFAIP6, TNN, TNR, TNS2, TOMM70, TP53, TP53TG5, TP73, TRIM28, TRIM32, TRIM40, TRIM46, TRPC5, TRPV2, TSC22D4, TSG101, TSKU, TSPYL2, TTC8, TTL, TWF2, TXK, TYMS, UBE3A, UBTFL1, UCN, ULK1, ULK2, UNC13A, URI1, USP47, USP9X, VCL, VEGFA, VGLL4, VIL1, VPS54, WASF1, WDR11, WDR48, WDTC1, WFDC1, WFS1, WNT10B, WNT11, WNT2, WNT3, WNT3A, WNT5A, WNT7A, WNT7B, WRN, WT1, WWC1, WWC2, WWC3, WWTR1, XRCC2, YAP1, YBX3, YY1, ZFP36L1, ZFPM2, ZFX, ZFYVE27, ZMIZ1, ZMPSTE24, ZNF639, ZNF830, ZP3, ZPR1
GO:0009191	ribonucleoside diphosphate catabolic process	98	3	0.34	0.00489	0.012525510204081634	ACTN3, ADPGK, ALDOA, ALDOB, ALDOC, APP, ARL2, BPGM, CBFA2T3, COL6A1, DDIT4, DHTKD1, EIF6, ENO1, ENO2, ENO3, ENO4, ENTPD2, ENTPD4, ENTPD5, ENTPD7, EP300, FBP1, FKRP, FLCN, FOXK1, FOXK2, GALK1, GAPDH, GAPDHS, GCK, GIT1, GPD1, GPI, HDAC4, HIF1A, HK1, HK2, HK3, HKDC1, HTR2A, IER3, IFNG, IGF1, INS, INSR, JMJD8, KAT2B, LDHA, LIPA, MLST8, MLXIPL, MTOR, NCOR1, NT5E, NUDT18, NUDT5, NUDT9, NUPR1, OGDH, OGDHL, OGT, P2RX7, PFKFB1, PFKFB2, PFKL, PFKM, PFKP, PGAM1, PGAM2, PGAM4, PGK1, PGK2, PGM1, PKLR, PKM, PPARA, PPP2CA, PRKAA1, PRKAA2, PRKACA, PRKAG1, PRKAG2, PRKAG3, PRXL2C, PSEN1, RPTOR, SIRT6, SLC2A6, SLC4A1, SLC4A4, STAT3, TIGAR, TPI1, TREX1, UCP2, ZBTB20, ZBTB7A
GO:0048839	inner ear development	196	4	0.68	0.00491	0.012525510204081634	ADAM10, ADGRV1, AHI1, ALDH1A3, ANKRD24, ANP32B, ATG4B, ATG5, ATOH1, ATP6V1B1, ATP8A2, ATP8B1, BCR, BLOC1S5, BMP2, BMP4, BMPER, C1QTNF5, CALB1, CCM2, CCNA2, CDH23, CDKN1B, CEBPA, CEBPD, CECR2, CEP290, CHD7, CHRNA10, CHRNA9, CLRN1, CLRN2, COL11A1, COL2A1, CTHRC1, CYTL1, DCANP1, DCHS1, DIAPH3, DLL1, DLX5, DLX6, DVL1, DVL2, EPHA4, EPHB2, ESRP1, ESRRB, EYA1, EYA4, FGF10, FGF2, FGF20, FGF8, FGF9, FGFR1, FGFR2, FOXG1, FOXI1, FREM2, FRZB, FZD2, FZD3, FZD6, GABRA5, GABRB2, GATA2, GATA3, GBX2, GJB2, GJB6, GLI3, GRHL3, GRXCR1, GRXCR2, GSDME, HES1, HES5, HESX1, HEY2, HMX2, HMX3, HOXA1, HOXA13, HPCA, HPN, IFT20, IFT27, IFT88, INSIG1, INSIG2, ITGA8, JAG1, JAG2, KCNK2, KCNK3, KCNQ1, KCNQ4, LGR5, LHFPL5, LHX3, LIN7A, LRIG1, LRIG3, LRP10, MAF, MAFB, MAPKAPK2, MCM2, MCOLN3, MKS1, MPV17, MSX1, MYCL, MYO15A, MYO3A, MYO3B, MYO6, MYO7A, NAGLU, NEUROD1, NEUROG1, NHERF1, NOTCH1, NOX3, NTN1, OC90, OTOL1, OTOP1, OTX1, PAFAH1B1, PAX2, PAX8, PCDH15, PDZD7, PHOX2B, PI4KB, PJVK, PLPPR4, PLS1, POU3F4, POU4F3, PROX1, PRRX1, PTK7, PTPN11, RBPJ, ROR1, RPGRIP1L, SCRIB, SDC4, SEC24B, SHH, SIX1, SIX4, SLC17A8, SLC25A27, SLC26A5, SLC44A4, SLC4A7, SLITRK6, SOBP, SOD1, SOX2, SOX9, SPRY2, STOX1, STRC, TBX1, TBX18, TBX2, TBX3, TCAP, TECTA, TFAP2A, TGFB2, TGFB3, TIFAB, TMC1, TMIE, TPRN, TRIOBP, TRIP11, TSKU, TTC39C, TTC8, USH1C, USH1G, USH2A, WDPCP, WHRN, WNT1, WNT3A, WNT5A, ZEB1, ZIC1
GO:0060419	heart growth	99	3	0.35	0.00503	0.012542372881355932	ABL1, ACACB, ADPRHL1, ADRA1A, AKAP6, ARID2, BASP1, BMP10, BMPR1A, CAV3, CDK1, CITED2, COL14A1, CTDP1, DIPK2A, DUSP6, EDN1, ERBB4, FES, FGF2, FGF20, FGF9, FGFR1, FGFR2, FOXC1, FOXC2, FOXP1, G6PD, GATA4, GATA6, GLI1, GSK3A, HEG1, HEY2, IGF1, JARID2, KCNK2, MAP2K4, MAPK11, MAPK14, MEF2C, MEIS1, MESP1, MIR1-1, MIR17HG, MIR195, MIR199A1, MIR199B, MIR19A, MIR19B1, MIR200B, MIR204, MIR208A, MIR222, MIR23A, MIR24-1, MIR25, MIR509-1, MIR548C, MIR590, MIR873, MYH6, NDRG4, NKX2-5, NOG, NOTCH1, PARP2, PDLIM5, PI16, PIM1, PPARA, PRKAR1A, PRKG1, PROX1, RBP4, RBPJ, RGS2, RGS4, RUNX1, S1PR1, SAV1, SKI, SMAD1, SORBS2, TBX2, TBX20, TBX5, TENM4, TGFB2, TGFBR1, TGFBR3, TOMM70, TP73, VGLL4, WNT2, WT1, YAP1, YY1, ZFPM2
GO:0040018	positive regulation of multicellular organism growth	31	2	0.11	0.00524	0.012542372881355932	ATP8A2, BBS2, BBS4, BCL2, CHD7, CREB1, CSF1, DIO3, DRD2, EZR, FOXS1, GH1, GHR, GHRH, GHRHR, GHRL, GHSR, GPAM, GPR21, IGF2, MKKS, NIPBL, PEX5, PLS1, POU3F2, PPIB, SLC6A3, SMO, SPTBN4, STAT5B, VIL1
GO:0045745	positive regulation of G protein-coupled receptor signaling pathway	31	2	0.11	0.00524	0.012542372881355932	ACP3, C3, CHGA, DRD2, EDN1, F2, FGF8, GAS2L2, GPER1, GPR27, GRP, GSK3A, HIF1A, ITGB3, KLK14, KLK5, KLK6, MIR1-1, MRAP, MRAP2, NECAB2, NOS1, PDE6G, PDE6H, PHB1, PRKCA, PRMT5, PTGDR2, SLC39A14, TMOD2, TREM2
GO:0050801	monoatomic ion homeostasis	610	7	2.13	0.00530	0.012542372881355932	ABCB6, ABCB7, ABCC6, ABL1, ACO1, ADCY8, ADORA1, AFG3L2, AGT, AGTR1, AKAP6, ALAS2, ALPL, ANK2, ANK3, ANKH, ANKRD9, ANXA6, AP3B1, APLNR, APOE, APP, AQP11, ARF1, ATF4, ATG5, ATOX1, ATP12A, ATP13A1, ATP13A2, ATP13A3, ATP13A4, ATP13A5, ATP1A1, ATP1A2, ATP1A3, ATP1A4, ATP1B1, ATP1B2, ATP1B3, ATP2A1, ATP2A2, ATP2A3, ATP2B1, ATP2B2, ATP2B3, ATP2B4, ATP2C1, ATP2C2, ATP4A, ATP4B, ATP5F1B, ATP6AP1, ATP6AP2, ATP6V0A1, ATP6V0A2, ATP6V0A4, ATP6V0B, ATP6V0C, ATP6V0D1, ATP6V0D2, ATP6V0E1, ATP6V0E2, ATP6V1A, ATP6V1B1, ATP6V1B2, ATP6V1D, ATP6V1F, ATP6V1G1, ATP6V1H, ATP7A, ATP7B, AVP, AVPR1A, B2M, BAK1, BAX, BCAP31, BCL2, BDH2, BDKRB1, BMP6, BNIP3, BOK, BOLA1, BOLA2, BOLA2B, BOLA3, BTBD9, C19orf12, CA12, CA2, CA7, CACNA1C, CACNA1S, CACNB2, CACNB4, CALB1, CALB2, CALCA, CALCB, CALM1, CALM2, CALM3, CALR, CAMK2D, CAPN3, CASQ1, CASQ2, CASR, CAV1, CAV2, CAV3, CCDC115, CCDC22, CCDC47, CCKBR, CCL1, CCL11, CCL13, CCL14, CCL15, CCL19, CCL21, CCL23, CCL3, CCL5, CCL7, CCL8, CCR1, CCR2, CCR5, CCR7, CD19, CD40, CDH23, CDH5, CEMIP, CFTR, CHD7, CHERP, CHP1, CHRNA7, CIB2, CIB3, CLCN3, CLDN16, CLIC2, CLIC4, CLN3, CLN5, CLN6, CNGB1, CNNM1, CNNM2, CNNM3, CNNM4, CNR1, COMMD1, COMT, CORIN, CORO1A, COX11, COX19, CP, CPS1, CREG1, CRH, CSRP3, CTRC, CUTC, CX3CL1, CXCL10, CXCL11, CXCL12, CXCL9, CYB561, CYB561A3, CYBA, CYBRD1, CYP11B2, CYP27B1, CYP4A11, CYP4F12, CYP4F2, DDIT3, DHRS7C, DIAPH1, DISC1, DMD, DMPK, DMXL1, DMXL2, DRD1, DRD2, DRD3, DRD4, DRD5, EDN1, EDN2, EDN3, EDNRA, EDNRB, EGLN1, EIF2AK1, ELANE, EPAS1, EPB42, ERC2, ERFE, ERO1A, EXT1, EXT2, F2, F2R, F2RL3, FAM20A, FASLG, FATE1, FBXL5, FECH, FGF2, FGF23, FGFR1, FIS1, FKBP1A, FKBP1B, FKBP1C, FLNA, FLVCR1, FRRS1, FTH1, FTH1P19, FTHL17, FTL, FTMT, FXN, FXYD2, FZD9, GCM2, GDF2, GHITM, GLRX3, GLRX5, GP1BA, GP1BB, GP5, GP9, GPER1, GPR12, GPR3, GPR89A, GPR89B, GRIA1, GRID2IP, GRIK2, GRIN1, GRINA, GRM1, GRM5, GRN, GSTM2, GSTO1, HAMP, HAP1, HCRTR1, HCRTR2, HEPHL1, HERPUD1, HEXB, HFE, HIF1A, HJV, HMOX1, HPX, HRC, HSP90B1, HTR1B, HTR2A, HTR2B, HTR2C, HTT, HVCN1, HYAL2, IBTK, IFNG, IL13, IL1A, IMMT, IREB2, ISCU, ITGB3, ITPR1, ITPR2, ITPR3, JPH1, JPH2, JPH3, JPH4, JSRP1, KCNA1, KCNA5, KCNE3, KCNH2, KCNJ10, KCNJ2, KCNMA1, KCNQ1, KCTD17, KCTD7, KDR, KEL, KL, KLHL3, LACC1, LACRT, LAMP1, LAMP2, LCK, LETM1, LHCGR, LIME1, LRRK2, LYN, MAIP1, MAPK1, MAPK3, MC3R, MCOLN1, MCU, MCUB, MCUR1, METTL21C, MICU1, MICU2, MICU3, MINPP1, MIR1-1, MIR133A1, MIR210, MIR93, MLLT6, MT1A, MT1B, MT1DP, MT1E, MT1F, MT1G, MT1H, MT1HL1, MT1M, MT1X, MT2A, MT3, MT4, MTLN, MYC, NAGLU, NCOA4, NDFIP1, NEO1, NOL3, NOS1, NOX1, NPPB, NPPC, NPR1, NPSR1, NPTN, NT5E, NTSR1, NUBP1, OCA2, OTC, P2RX1, P2RX7, P2RY1, P2RY2, P2RY4, P2RY6, PACS2, PDE4D, PDK2, PDK4, PDPK1, PDZD8, PICALM, PIK3CB, PKD2, PKHD1, PLCB1, PLCB2, PLCB3, PLCB4, PLCD1, PLCE1, PLCG1, PLCG2, PLCH1, PLCH2, PLN, PML, PPT1, PRKACA, PRKCB, PRKCE, PRKD1, PRND, PRNP, PSEN1, PTH, PTH1R, PTK2B, PTPN6, PTPRC, RAB20, RAB38, RAB39A, RAB7A, RAP1GDS1, RGN, RHAG, RHCG, RMDN3, RNASEK, RYR1, RYR2, RYR3, S100A14, S100A8, S100A9, SCARA5, SCGN, SCN7A, SCNN1A, SCNN1B, SCNN1D, SCNN1G, SCO1, SCO2, SELENOK, SELENON, SGCD, SLAMF8, SLC10A7, SLC11A1, SLC11A2, SLC12A1, SLC12A2, SLC12A3, SLC12A4, SLC12A5, SLC12A6, SLC12A7, SLC12A8, SLC12A9, SLC1A1, SLC1A3, SLC22A17, SLC24A1, SLC24A2, SLC24A3, SLC24A4, SLC24A5, SLC25A23, SLC25A27, SLC26A3, SLC26A4, SLC26A6, SLC30A1, SLC30A10, SLC30A2, SLC30A5, SLC30A7, SLC30A8, SLC30A9, SLC31A1, SLC31A2, SLC35G1, SLC39A10, SLC39A13, SLC39A14, SLC39A4, SLC39A6, SLC39A7, SLC39A8, SLC39A9, SLC40A1, SLC41A1, SLC45A2, SLC46A1, SLC4A1, SLC4A10, SLC4A11, SLC4A2, SLC4A3, SLC4A4, SLC4A5, SLC4A7, SLC4A8, SLC4A9, SLC8A1, SLC8A2, SLC8A3, SLC8B1, SLC9A1, SLC9A2, SLC9A3, SLC9A4, SLC9A5, SLC9A6, SLC9A7, SLC9A8, SLC9A9, SLC9B1, SLC9B2, SLC9C1, SLC9C2, SMAD4, SMDT1, SNAPIN, SNCA, SNX10, SOD1, SOD2, SPNS1, SPPL2C, SPX, SRI, STC1, STC2, STEAP2, STEAP4, STIM1, STIM2, STK39, STOML2, SV2A, SV2B, SYPL2, TASL, TBXAS1, TCIRG1, TESMIN, TF, TFR2, TFRC, TGM2, THADA, THY1, TM9SF4, TMBIM6, TMC8, TMCO1, TMEM106B, TMEM165, TMEM175, TMEM178A, TMEM199, TMEM203, TMEM38A, TMEM38B, TMEM64, TMEM9, TMPRSS3, TMPRSS6, TMTC2, TMTC4, TNFSF11, TNNI3, TPCN2, TPT1, TRDN, TRIM24, TRPA1, TRPC1, TRPC3, TRPC4, TRPC5, TRPC6, TRPC7, TRPM2, TRPM8, TRPV4, TRPV5, TRPV6, TSPOAP1, TTC7A, TUNAR, UBASH3B, UBE3A, UMOD, UNC80, UPK3A, VAPB, VDR, VPS33A, VPS54, WFS1, WNK1, WNK2, WNK3, WNK4, WNT5A, XCL1, XCR1, XIAP, XK, YWHAE, ZNHIT1
GO:1901700	response to oxygen-containing compound	1698	13	5.93	0.00534	0.012542372881355932	A2M, AANAT, ABAT, ABCA1, ABCA12, ABCA2, ABCB11, ABCB4, ABCC1, ABCC8, ABCC9, ABHD2, ABL1, ABL2, ACACA, ACE, ACER2, ACHE, ACOD1, ACP5, ACSL1, ACTB, ACTN2, ACVR1C, ACVR2B, ADAM15, ADAM17, ADAM9, ADAMTS13, ADCY1, ADCY2, ADCY3, ADCY5, ADCY6, ADCY7, ADCY8, ADCYAP1R1, ADH4, ADH5, ADH6, ADH7, ADIPOQ, ADIPOR1, ADM, ADNP, ADPRS, ADRA2A, ADRB2, AGAP3, AGER, AGRN, AGRP, AGT, AGTR1, AGTR2, AGTRAP, AHCYL1, AHR, AHSG, AICDA, AIFM1, AKAP12, AKAP6, AKAP8, AKAP9, AKIRIN2, AKR1A1, AKR1B10, AKR1C1, AKR1C2, AKR1C3, AKR1C4, AKT1, AKT2, ALAD, ALAS1, ALDH1A1, ALDH1A2, ALK, ALPL, AMIGO1, ANGPT2, ANKRD1, ANKZF1, ANO1, AOC1, AP3S1, APC, APLP1, APOA2, APOA4, APOD, APOE, APP, APPL1, APPL2, AQP1, AQP2, AQP3, AQP8, AQP9, AR, AREG, ARHGEF2, ARID1B, ARID5A, ARPC1B, ARRB2, ASCL1, ASS1, ASXL1, ATM, ATP1A1, ATP1A2, ATP1A3, ATP2B1, ATP2B4, ATP4B, ATP5F1A, ATP7A, AVP, AVPR1A, AXIN2, AXL, BACE1, BAD, BAIAP2, BAIAP3, BAK1, BCAR1, BCAR3, BCHE, BCKDHB, BCL10, BCL11A, BCL2, BCL2L1, BCL2L2, BCR, BDKRB1, BECN1, BGLAP, BIRC2, BLM, BMP6, BMP7, BMT2, BNIP3, BPI, BRAF, BRCA1, BRINP1, BRINP2, BRINP3, BRIP1, BRSK2, BSG, BTG1, BTG2, BTK, C1QTNF12, C2, C2CD2L, C2CD5, C5AR1, CA2, CA9, CACNA1A, CACNA1B, CACNA2D1, CACNB1, CACNG4, CACTIN, CAD, CALCR, CALCRL, CALR, CALY, CAMK2A, CAMKK2, CAMP, CAPN10, CAPN2, CARD16, CARD17P, CARD8, CARD9, CARM1, CASP1, CASP3, CASP4, CASP7, CASP8, CASP9, CASR, CASTOR1, CASTOR2, CASTOR3P, CAT, CAV1, CAV2, CBL, CBS, CBX8, CCDC186, CCDC62, CCL19, CCL2, CCL21, CCL3, CCL7, CCNA2, CCR5, CCR7, CCS, CD14, CD180, CD27, CD274, CD36, CD38, CD40, CD55, CD6, CD68, CD80, CD86, CD96, CDA, CDC6, CDC73, CDH1, CDK1, CDK16, CDK19, CDK2, CDK4, CDK5, CDK5R1, CDKN1A, CDKN1B, CDKN2D, CDO1, CDT1, CEACAM1, CEBPB, CEBPE, CELA2A, CERS1, CES1, CFLAR, CFTR, CHMP5, CHRM1, CHRM2, CHRM3, CHRM4, CHRM5, CHRNA1, CHRNA2, CHRNA3, CHRNA4, CHRNA5, CHRNA6, CHRNA7, CHRNB1, CHRNB2, CHRNB3, CHRNB4, CHRND, CHRNE, CHRNG, CHUK, CIB2, CITED1, CLDN1, CLDN18, CLDN3, CLDN4, CLDN5, CLDN7, CLEC7A, CLTRN, CMA1, CMPK2, CNGA3, CNP, CNR1, CNR2, COA8, COL16A1, COL18A1, COL1A1, COL1A2, COL3A1, COL4A1, COL4A3, COL4A6, COL5A2, COL6A1, COL6A2, COL6A3, COLEC12, COMT, CPB2, CPEB1, CPEB2, CPEB3, CPEB4, CPS1, CPT1A, CREB1, CRH, CRHBP, CRHR1, CRHR2, CRK, CRKL, CRLS1, CRY1, CRY2, CRYAB, CRYGD, CSF2, CSF2RB, CSF3, CSH1, CSH2, CSHL1, CSK, CSN1S1, CSRP3, CTNNA1, CTNNB1, CTR9, CTSD, CTSG, CTSH, CTSK, CUL3, CX3CL1, CX3CR1, CXCL1, CXCL10, CXCL11, CXCL12, CXCL13, CXCL2, CXCL3, CXCL5, CXCL6, CXCL8, CXCL9, CXCR4, CYBB, CYC1, CYFIP1, CYP11A1, CYP11B1, CYP11B2, CYP19A1, CYP1A1, CYP1B1, CYP24A1, CYP26A1, CYP26B1, CYP27B1, CYP7A1, CYP8B1, CYTB, DAB2IP, DAG1, DAPK1, DBH, DDIT4, DDR2, DDX11, DEFA1, DEFA1B, DEFA3, DEFA4, DEFA5, DEFA6, DEFB104A, DEFB104B, DEFB114, DEFB118, DEFB124, DENND4C, DGAT2, DGKQ, DHFR, DHFRP1, DHH, DHX36, DIO2, DKK1, DMAP1, DMTN, DNAAF2, DNAI1, DNMT1, DNMT3A, DNTT, DPEP1, DRD1, DRD2, DRD3, DRD4, DRD5, DSG1, DSG2, DTNBP1, DUOX1, DUOX2, DUSP10, DYNAP, DYNLL1, ECHDC3, ECT2, EDEM1, EDEM2, EDEM3, EDN1, EDNRA, EDNRB, EEF2K, EFNA5, EFTUD2, EGFR, EGLN1, EGR1, EGR2, EHMT2, EIF2B1, EIF2B2, EIF2B3, EIF2B4, EIF2B5, EIF2S1, EIF4E, EIF4EBP2, EIF4G1, EIF6, ELANE, ELAVL4, ELK1, EN1, ENPP1, ENY2, EP300, EPHA3, EPHA4, EPHA5, EPHB2, EPM2AIP1, EPO, EPRS1, EPS8, ERBIN, ERCC1, ERCC6, ERCC6L2, EREG, ERFE, ERN1, ERRFI1, ESD, ESR1, ESR2, EXT1, EXTL3, EZH2, EZR, F2R, F5, F7, FABP1, FADD, FAM210B, FANCC, FASLG, FAT1, FBLN5, FBN1, FBP1, FBXO3, FBXO32, FCGR2B, FCSK, FDX1, FECH, FER, FES, FFAR1, FFAR2, FFAR3, FGF10, FGF21, FGF23, FGFR2, FIBIN, FKBP1B, FKRP, FLNA, FMO1, FOLR1, FOLR2, FOS, FOSB, FOSL1, FOSL2, FOXA1, FOXA2, FOXC2, FOXO1, FOXO3, FOXO4, FOXP1, FOXP3, FPR2, FUT7, FXN, FYN, FZD10, FZD4, FZD7, G6PD, GAB1, GABBR1, GABRB1, GAL, GALP, GAS6, GATA1, GATA4, GATA6, GBA1, GBP2, GBP3, GBP5, GCG, GCGR, GCH1, GCK, GCKR, GCLC, GCLM, GCNT1, GDAP1, GDAP2, GDF10, GDF15, GFER, GFI1, GH1, GH2, GHR, GHRHR, GHRL, GHSR, GIP, GIPR, GIT1, GJA1, GJB2, GJB3, GJB6, GJD3, GKAP1, GLB1, GLDC, GLP1R, GLP2R, GLRA1, GLRA2, GLRX2, GLUL, GNA11, GNA14, GNA15, GNAI1, GNAI2, GNAI3, GNAL, GNAO1, GNAQ, GNAS, GNB1, GNB5, GNG2, GNPAT, GNRH1, GNRHR, GNRHR2, GOLPH3, GOT1, GOT2, GPAM, GPBAR1, GPD1, GPER1, GPI, GPIHBP1, GPLD1, GPR155, GPR173, GPR21, GPR27, GPR37, GPR37L1, GPR68, GPRC6A, GPT, GPX1, GPX3, GPX4, GRAMD1A, GRAMD1B, GRAMD1C, GRB10, GRB14, GRB2, GRIA1, GRIN1, GRIN2A, GRIN2B, GRIN2D, GRIN3A, GRK2, GRM2, GRM5, GSK3A, GSK3B, GSTP1, GUCD1, GUCY1B1, GYS2, H2AZ1, H6PD, HADH, HADHA, HADHB, HAND2, HAVCR2, HBA1, HBA2, HBB, HCK, HCN1, HCN2, HCN3, HCN4, HDAC2, HDAC5, HDAC6, HDAC9, HES1, HGF, HIF1A, HLA-DRB1, HLCS, HMGB1, HMGB2, HMGCS2, HMOX1, HNF1B, HNF4A, HNRNPA0, HNRNPD, HOMER1, HOMER2, HOXA10, HOXA11, HOXA13, HOXA2, HOXA9, HOXB13, HOXD13, HP, HPCA, HPGD, HRAS, HRH3, HRH4, HSD11B2, HSD17B2, HSD3B1, HSD3B2, HSF1, HSP90AA1, HSP90B1, HTR1A, HTR1B, HTR2A, HTR3A, HTR3B, HTR3C, HTR3D, HTR3E, HTR5A, HTRA2, HYAL1, HYAL2, ICAM1, ID3, IDE, IDO1, IFNAR1, IFT88, IGF1, IGF1R, IGF2, IGF2R, IGFBP1, IGFBP2, IGFBP5, IGFBP7, IHH, IL10, IL10RA, IL12A, IL12B, IL12RB2, IL13, IL18BP, IL18RAP, IL1A, IL1B, IL1F10, IL2, IL23R, IL24, IL36A, IL36B, IL36G, IL36RN, IL37, IL6, ILDR1, ILDR2, INAVA, INHBA, INHBB, INPP5K, INPPL1, INS, INSIG1, INSIG2, INSR, INSRR, IP6K2, IPO5, IRAK1, IRAK2, IRAK3, IRAK4, IRF3, IRF5, IRF8, IRGM, IRS1, IRS2, IRS4, ITGA2, ITGA4, ITGAM, ITGB3, ITPR1, ITPR2, JAG1, JAGN1, JAK1, JAK2, JAK3, JUN, JUP, KANK1, KANK2, KAT2B, KAT5, KAT7, KBTBD2, KCNA5, KCNB1, KCNC2, KCNE1, KCNJ11, KCNJ8, KCNK4, KCNMA1, KCNMB1, KCNQ1, KDM1A, KDM6B, KHK, KIF18A, KL, KLF1, KLF11, KLF15, KLF16, KLF2, KLF3, KLF4, KLF7, KLF9, KLHL22, KLRC4-KLRK1, KLRK1, KMO, KRT8, KYNU, LACRT, LAMTOR1, LAMTOR2, LAMTOR3, LAMTOR4, LAMTOR5, LANCL2, LARGE1, LARP1, LARS1, LBP, LCOR, LDLR, LDOC1, LEP, LEPROT, LEPROTL1, LGALS9, LGMN, LHCGR, LIAS, LILRA2, LILRB1, LILRB2, LIN28A, LIPA, LITAF, LOC102724560, LONP1, LOXL1, LPAR1, LPIN1, LPIN2, LPIN3, LPL, LRAT, LRP1, LRP11, LRP5, LRP6, LRP8, LRRK2, LTA, LTA4H, LTF, LTK, LY6G6D, LY6H, LY86, LY96, LYN, LYPD1, MAFA, MALT1, MAN1A1, MAN1A2, MAN1B1, MAN1C1, MAOB, MAP1B, MAP1LC3A, MAP2K3, MAP2K4, MAP2K6, MAP2K7, MAP3K5, MAP3K7, MAP4K1, MAPK1, MAPK13, MAPK14, MAPK3, MAPK7, MAPK8, MAPK9, MAPKAPK2, MAPKAPK3, MAPT, MAS1, MAS1L, MB, MBD1, MBD3, MBD4, MBD5, MC4R, MDM2, ME1, MEAK7, MECP2, MED1, MEF2C, MEIOSIN, MET, METTL21C, MGARP, MGST1, MGST2, MICB, MIF, MIR103A1, MIR106B, MIR107, MIR125B1, MIR1271, MIR128-1, MIR133A1, MIR140, MIR142, MIR143, MIR145, MIR146A, MIR15A, MIR15B, MIR16-1, MIR17, MIR182, MIR185, MIR187, MIR195, MIR200A, MIR200C, MIR20A, MIR21, MIR221, MIR223, MIR224, MIR27B, MIR320A, MIR320B1, MIR320B2, MIR320C1, MIR320C2, MIR320D1, MIR320D2, MIR320E, MIR337, MIR342, MIR34A, MIR379, MIR421, MIR433, MIR455, MIR545, MIR6869, MIR762, MIR766, MIR92A1, MIR95, MIR96, MIR98, MIRLET7B, MIRLET7F1, MIRLET7G, MLC1, MLXIPL, MMP12, MMP13, MMP15, MMP2, MMP24-AS1-EDEM2, MMP3, MMP8, MMP9, MN1, MPC2, MPO, MPV17, MRC1, MSN, MSTN, MSX2, MT3, MTAP, MTCL2, MTDH, MTHFR, MTOR, MTR, MYB, MYD88, MYO1C, MYO5A, MYOD1, MYOG, MYRF, MZB1, NADK, NAGK, NAGLU, NASP, NCF1, NCK1, NCL, NCOA1, NCOA2, NCOA3, NCOA4, NCOA5, NCOR2, NCSTN, ND1, ND4, ND5, NDEL1, NDUFA13, NDUFAF2, NDUFS4, NEFL, NET1, NEURL1, NEUROD1, NFE2L2, NFKB1, NFKB2, NFKBIA, NFKBIB, NFKBIL1, NFKBIZ, NHERF1, NKX2-2, NKX3-1, NKX6-1, NLRP1, NLRP3, NLRP7, NME2, NME8, NOCT, NOD1, NOD2, NONO, NOS1, NOS2, NOS3, NOTCH1, NOX4, NPAS4, NPPC, NPR2, NPTX1, NQO1, NR0B2, NR1D1, NR1H3, NR1H4, NR2F2, NR3C1, NR4A1, NR4A2, NR4A3, NR5A1, NRIP1, NSG1, NSG2, NSMF, NT5E, NTRK1, NTRK2, NUCKS1, NUDC, NUDT15, NUGGC, OGG1, OGT, OPRK1, OPRL1, OPRM1, OR51E2, OSBP, OSBPL7, OSBPL8, OSER1, OSR1, OTC, OTOP1, OTUD5, OVCA2, OXR1, OXTR, P2RX1, P2RX2, P2RX3, P2RX4, P2RX5, P2RX6, P2RX7, P2RY1, P2RY11, P2RY12, P2RY2, P2RY4, P2RY6, PABPN1, PAF1, PALM, PALM3, PANX1, PAPPA, PARK7, PARP1, PAWR, PAX2, PAX6, PCGF2, PCK1, PCK2, PCNA, PCSK1, PCSK9, PDCD10, PDCD1LG2, PDCD4, PDE2A, PDE3A, PDE3B, PDE4B, PDE8B, PDGFB, PDGFC, PDGFD, PDGFRA, PDK2, PDK3, PDK4, PDPK1, PDX1, PDXP, PELI1, PENK, PER1, PEX10, PEX12, PEX13, PEX14, PEX2, PEX5, PF4, PF4V1, PFKFB1, PFKFB2, PFKL, PHB2, PHC1, PHEX, PHIP, PHOX2B, PID1, PIH1D1, PIK3C2A, PIK3CA, PIK3CG, PIK3R1, PIK3R2, PIK3R3, PIM1, PIM3, PINK1, PIP4K2A, PIP4K2B, PIP4K2C, PITX3, PJVK, PKD2, PKD2L1, PKLR, PKM, PLA2G1B, PLA2G6, PLAA, PLCB1, PLCG2, PLEC, PLEKHA1, PLK3, PLSCR3, PLSCR4, PMVK, PNPLA3, PNPT1, POLB, POMC, POSTN, POU4F1, POU4F2, PPARA, PPARG, PPARGC1B, PPBP, PPIF, PPM1E, PPP1R15B, PPP1R1B, PPP1R9B, PPP2CB, PPP3CA, PPP3CB, PPP5C, PRDX1, PRDX2, PRDX3, PRDX5, PRKAA1, PRKAA2, PRKACA, PRKAR1A, PRKCA, PRKCB, PRKCD, PRKCE, PRKCI, PRKCQ, PRKCZ, PRKD1, PRKDC, PRKN, PRLH, PRMT5, PRNP, PRPF8, PSEN1, PSMD14, PSPH, PTAFR, PTCH1, PTGDR, PTGER1, PTGER2, PTGER4, PTGFR, PTGIR, PTGS2, PTH, PTK2, PTK2B, PTK6, PTK7, PTPN1, PTPN11, PTPN2, PTPN22, PTPRA, PTPRC, PTPRE, PTPRK, PTPRN, PTPRN2, PXN, PYCARD, RAB10, RAB11B, RAB11FIP2, RAB11FIP5, RAB13, RAB31, RAB8A, RACK1, RAD51, RAF1, RAMP3, RANGAP1, RAP1A, RAP1B, RAP1BL, RAP1GDS1, RAPGEF1, RAPGEF2, RAPGEF3, RARA, RARG, RARRES2, RASAL2, RB1, RBM4, RBP4, RBX1, RDH11, RDH12, RECQL5, REG1A, REG1B, REG3A, REG3G, RELA, REN, RET, RETN, RFX6, RGS10, RGS19, RGS2, RGS4, RGS7, RGS8, RGS9, RHOA, RHOB, RHOQ, RIPK1, RIPK2, RIPK3, RLIG1, RMI1, RNF112, ROCK1, ROCK2, ROMO1, RORA, RORB, RORC, RPL13A, RPL15, RPL23, RPL27, RPS3, RPS6KA2, RPS6KA3, RPS6KB1, RPTOR, RRAGA, RRAGB, RRAGC, RRAGD, RUVBL2, RWDD1, RXRA, RXRB, RXRG, RYR3, S100A14, S100A7, S100A8, S100A9, SARM1, SASH1, SBNO2, SCAP, SCARB1, SCD, SCGB1A1, SCIMP, SCN11A, SCNN1A, SCNN1B, SCNN1D, SCNN1G, SDC1, SDF4, SDK1, SELE, SELENOS, SELENOT, SELP, SERPINA12, SERPINE1, SERPINF1, SESN1, SESN2, SESN3, SETD7, SETX, SFRP1, SGCB, SGK1, SH2B2, SH3BP4, SH3RF1, SHC1, SHMT1, SHOC2, SHPK, SIDT2, SIGIRR, SIK2, SIN3A, SIPA1, SIRPA, SIRT1, SIX1, SLC10A1, SLC10A3, SLC11A1, SLC12A3, SLC12A6, SLC12A7, SLC1A1, SLC1A2, SLC1A3, SLC22A12, SLC23A2, SLC24A4, SLC25A33, SLC26A3, SLC26A5, SLC26A6, SLC27A1, SLC27A4, SLC29A1, SLC2A1, SLC2A2, SLC2A4, SLC2A5, SLC2A8, SLC30A10, SLC30A8, SLC34A1, SLC38A2, SLC38A9, SLC39A14, SLC39A9, SLC5A5, SLC6A1, SLC6A3, SLC6A4, SLC7A5, SLC9A1, SLC9B2, SLIT2, SLIT3, SLPI, SLURP2, SMAD2, SMAD3, SMAD4, SMAD6, SMARCA4, SMARCB1, SMARCC1, SMARCD1, SMO, SMPD1, SMPD3, SMYD3, SNAI2, SNCA, SNW1, SNX5, SNX6, SOCS1, SOCS2, SOCS3, SOD1, SOD2, SOD3, SORBS1, SORL1, SORT1, SOS1, SOS2, SOX10, SOX4, SOX9, SP1, SP7, SPAAR, SPHK1, SPHK2, SPIDR, SPINK1, SPON2, SPP1, SRC, SRD5A1, SRD5A2, SREBF1, SRF, SRI, SRR, SRSF2, SRSF4, SRSF6, SSH1, SST, SSTR1, SSTR2, SSTR3, ST6GAL1, ST8SIA2, STAMBPL1, STAP1, STAT1, STAT2, STAT3, STAT4, STAT5A, STAT5B, STAT6, STC1, STC2, STK11, STK24, STK25, STK26, STK39, STRA8, STRN3, STX4, STXBP1, STXBP3, STXBP4, SULT1A3, SULT1A4, SYAP1, SYBU, TAB2, TACR1, TACR3, TAF1, TAF9, TAT, TBC1D4, TBX1, TBX2, TBXA2R, TBXAS1, TCF12, TCF7L2, TDO2, TEAD2, TEK, TESC, TFAP4, TFF1, TFRC, TGFB1, TGFB2, TGFB3, TGFBR1, TGFBR2, TGFBR3, TGM2, TH, THBD, THBS1, TIAM1, TICAM1, TICAM2, TIE1, TIFAB, TIMELESS, TIMP1, TIRAP, TLR2, TLR4, TLR6, TLR7, TLR9, TMBIM6, TMEM161A, TMIGD1, TNC, TNF, TNFAIP3, TNFRSF11A, TNFRSF1B, TNFSF10, TNFSF4, TNIP1, TNIP2, TNIP3, TNS2, TOMM70, TOP2B, TP53, TP53INP1, TPCN2, TPM1, TRA2B, TRAF2, TRAF6, TRAP1, TRARG1, TREM2, TRERF1, TREX1, TRIB1, TRIB3, TRIM16, TRIM24, TRIM25, TRIM41, TRIM44, TRIM5, TRIM6, TRIM72, TRIML2, TRPA1, TRPC3, TRPM2, TRPM4, TRPV1, TRPV4, TSC1, TSC2, TSHR, TSPO, TUBA1A, TUFM, TUNAR, TWF2, TWIST2, TWNK, TXN, TXN2, TXNIP, TXNRD2, TYK2, TYMS, TYR, UBE3A, UBR1, UBR2, UCN, UCN3, UCP1, UCP2, UCP3, UFL1, UGT1A1, UGT3A2, UMOD, UMODL1, UNC13B, UPF1, UPRT, USF1, USO1, USP46, USP8, VAMP2, VCAM1, VCP, VDR, VGF, VIM, VPS13C, VPS35, VPS54, VSNL1, VWA2, WBP2, WDR83, WDTC1, WNT1, WNT10B, WNT11, WNT2, WNT3, WNT3A, WNT5A, WNT5B, WNT6, WNT7A, WNT7B, WNT8A, WNT8B, WNT9A, WNT9B, WT1, XBP1, XRCC1, XRCC5, XRN1, YAP1, YES1, YWHAG, ZBED3, ZBED6, ZBTB20, ZBTB7B, ZC3H12A, ZDHHC7, ZEB1, ZFAND1, ZFP36, ZFP36L1, ZNF106, ZNF16, ZNF212, ZNF236, ZNF277, ZNF35, ZNF580, ZNF592, ZNF703
GO:0007399	nervous system development	2539	17	8.87	0.00539	0.012542372881355932	AARS1, AATK, ABAT, ABCA2, ABCB6, ABCC8, ABCD1, ABCD2, ABI1, ABI2, ABI3, ABITRAM, ABL1, ABL2, ABT1, ACAN, ACAP3, ACE, ACER3, ACHE, ACKR3, ACP4, ACSBG1, ACSL3, ACSL4, ACSL6, ACTB, ACTBL2, ACTG1, ACTL6A, ACTL6B, ACTL9, ACVR1B, ACVR1C, ADAM17, ADAM22, ADAM23, ADARB1, ADCY1, ADCY10, ADCY6, ADCYAP1, ADD2, ADGRA2, ADGRB1, ADGRB2, ADGRB3, ADGRF1, ADGRG1, ADGRG6, ADGRL1, ADGRL3, ADGRV1, ADM, ADNP, ADNP2, ADORA1, ADORA2A, ADRA2B, ADRA2C, AFF2, AFG2A, AFG3L2, AGBL4, AGER, AGRN, AGTPBP1, AGTR2, AHI1, AIM2, AK8, AKIRIN2, AKNA, AKT1, AKT2, AKT3, ALCAM, ALDH1A2, ALDH1A3, ALDH3A2, ALDH5A1, ALK, ALKAL1, ALKAL2, ALKBH1, ALS2, AMBRA1, AMIGO1, AMIGO2, AMIGO3, ANAPC2, ANAPC7, ANK2, ANK3, ANKLE2, ANKRD24, ANKRD27, ANKS1A, ANO1, ANOS1, ANP32B, ANXA2, ANXA3, AP2A1, APAF1, APBA1, APBA2, APBB1, APBB2, APC, APC2, APCDD1, APLP1, APLP2, APOA4, APOB, APOD, APOE, APP, APPL2, AQP1, ARC, ARCN1, AREG, ARF4, ARF6, ARHGAP11B, ARHGAP26, ARHGAP33, ARHGAP35, ARHGAP4, ARHGAP44, ARHGEF10, ARHGEF15, ARHGEF2, ARHGEF25, ARHGEF28, ARHGEF40, ARHGEF7, ARHGEF9, ARID1A, ARID1B, ARK2C, ARL13B, ARL3, ARMCX5-GPRASP2, ARNT2, ARSB, ARTN, ARX, ASAP1, ASCL1, ASCL2, ASIC2, ASPA, ASPM, ASTN1, ASTN2, ATAT1, ATCAY, ATF1, ATF2, ATF4, ATF5, ATG16L1, ATIC, ATL1, ATM, ATN1, ATOH1, ATOH7, ATOH8, ATP1A2, ATP1B2, ATP2B2, ATP2B4, ATP5PB, ATP5PF, ATP6AP2, ATP7A, ATP8A2, ATP8B1, ATP9A, ATRN, ATRX, ATXN1, ATXN10, ATXN1L, ATXN3, AURKA, AUTS2, AVIL, AVPR1A, AVPR2, AXL, AZU1, B2M, B3GNT2, B3GNT5, B4GALNT1, B4GALT2, B4GALT5, B4GALT6, B4GAT1, BAG5, BAG6, BAIAP2, BARHL1, BARHL2, BASP1, BAX, BBS1, BBS2, BBS4, BBS7, BCAN, BCAS1, BCCIP, BCHE, BCL10, BCL11A, BCL11B, BCL2, BCL6, BCR, BDNF, BECN1, BEND6, BEX1, BGLAP, BHLHA15, BHLHE22, BHLHE23, BHLHE40, BHLHE41, BICDL1, BIN1, BLOC1S1, BLOC1S2, BLOC1S3, BLOC1S4, BLOC1S5, BLOC1S6, BMAL1, BMERB1, BMI1, BMP2, BMP4, BMP5, BMP6, BMP7, BMPR1A, BMPR1B, BMPR2, BNIP3, BOC, BOK, BPGM, BPNT1, BPTF, BRAF, BRCA2, BRD2, BRINP1, BRINP2, BRINP3, BRSK1, BRSK2, BSN, BTBD1, BTBD2, BTBD3, BTBD6, BTD, BTG2, BTG4, C12orf57, C1QA, C1QL1, C1QL2, C1QL3, C21orf91, C2CD3, C3, C3orf70, C5AR1, C9orf72, CA10, CABLES1, CABP4, CACNG7, CALM1, CALM2, CALM3, CALR, CAMK1, CAMK1D, CAMK2A, CAMK2B, CAMK2G, CAMSAP1, CAMSAP2, CAMSAP3, CAPG, CAPRIN1, CAPRIN2, CARM1, CASP3, CASP5, CASZ1, CBFA2T2, CBLN1, CBLN2, CBLN4, CBS, CBY1, CC2D2A, CCDC134, CCDC14, CCDC141, CCDC39, CCDC85C, CCDC88A, CCK, CCKAR, CCL11, CCL2, CCL3, CCND1, CCR2, CCR4, CD320, CD38, CD3E, CD9, CDC20, CDC42, CDH1, CDH11, CDH2, CDH23, CDH4, CDH9, CDHR1, CDK1, CDK16, CDK20, CDK5, CDK5R1, CDK5R2, CDK5RAP1, CDK5RAP2, CDK5RAP3, CDK6, CDKL3, CDKL5, CDKN1C, CDKN2B, CDKN2C, CDNF, CDON, CEBPB, CECR2, CELSR1, CELSR2, CELSR3, CEND1, CENPF, CEP120, CEP290, CEP85L, CER1, CERS2, CERS5, CFAP418, CFAP43, CFL1, CFLAR, CHAC1, CHD4, CHD5, CHD7, CHD8, CHERP, CHL1, CHN1, CHODL, CHRD, CHRDL1, CHRM1, CHRM2, CHRM3, CHRNA3, CHRNA7, CHRNB2, CHST8, CIB1, CIC, CIT, CITED1, CITED2, CKB, CLCF1, CLCN2, CLDN1, CLDN11, CLDN3, CLDN5, CLMN, CLN5, CLN8, CLP1, CLRN1, CLRN2, CLSTN1, CLSTN2, CLSTN3, CLU, CLUAP1, CMA1, CMTM8, CNGB1, CNP, CNR1, CNTF, CNTFR, CNTN1, CNTN2, CNTN4, CNTN5, CNTN6, CNTNAP1, CNTNAP2, COBL, COL2A1, COL3A1, COL4A1, COL6A1, COLQ, COMT, COPS2, COQ8B, CORO1C, COX1, COX6B1, COX7B, CPEB3, CPLX2, CPNE1, CPNE5, CPNE6, CPNE9, CRABP2, CRB1, CRB2, CREB1, CRH, CRIM1, CRIPT, CRK, CRKL, CRMP1, CRPPA, CRTAC1, CRX, CSF1, CSF1R, CSK, CSMD3, CSNK1D, CSNK2A2, CSPG4, CSPG5, CST7, CTDSP1, CTF1, CTHRC1, CTNNA1, CTNNA2, CTNNB1, CTNND2, CTNS, CTSC, CTTN, CUL4B, CUL7, CUX1, CUX2, CX3CL1, CX3CR1, CXCL1, CXCL12, CXCR2, CXCR4, CYB5D2, CYFIP1, CYFIP2, CYP1B1, CYP26C1, CYP46A1, CYSLTR1, DAAM2, DAB1, DAB2, DAB2IP, DACT1, DAG1, DAGLA, DAGLB, DBN1, DBNL, DBX1, DCANP1, DCC, DCDC2, DCHS1, DCLK1, DCLK2, DCT, DCTN1, DCX, DDIT4, DDR1, DDR2, DDX56, DDX6, DEAF1, DEGS1, DENND5A, DGKG, DGUOK, DHFR, DHFRP1, DHH, DHX30, DHX36, DHX37, DIAPH3, DICER1, DIO3, DIP2A, DIP2B, DISC1, DISP3, DIXDC1, DKK1, DLC1, DLG1, DLG4, DLG5, DLL1, DLL3, DLL4, DLX1, DLX2, DLX3, DLX5, DLX6, DMBX1, DMD, DMRT3, DMRTA2, DNAAF4, DNAH11, DNAH5, DNAJB1, DNAJB11, DNAJC30, DNER, DNM2, DNM3, DNMT3A, DOC2A, DOCK10, DOCK7, DOK4, DOK5, DPCD, DPF1, DPF2, DPF3, DPYSL2, DPYSL3, DPYSL4, DPYSL5, DRAXIN, DRD1, DRD2, DRD3, DRGX, DRP2, DSCAM, DSCAML1, DTNB, DTNBP1, DTX1, DUOXA1, DUSP10, DUSP15, DVL1, DVL2, DVL3, DYNC2H1, DYNLL1, DYNLT1, DYRK1A, DZANK1, DZIP1L, E2F1, ECE1, ECRG4, ECT2, EDN1, EDN2, EDN3, EDNRA, EDNRB, EED, EEF1AKMT4-ECE2, EEF2K, EFHC1, EFHC2, EFHD1, EFNA1, EFNA2, EFNA3, EFNA4, EFNA5, EFNB1, EFNB2, EFNB3, EGF, EGFR, EGR2, EGR3, EHD1, EHMT2, EIF2AK3, EIF2AK4, EIF2B1, EIF2B2, EIF2B3, EIF2B4, EIF2B5, EIF4E, EIF4ENIF1, EIF4G1, EIF4G2, ELAPOR2, ELAVL3, ELAVL4, ELL3, ELP3, EMB, EML1, EMX1, EMX2, EN1, EN2, ENAH, ENC1, EOMES, EP300, EPB41L3, EPHA10, EPHA2, EPHA3, EPHA4, EPHA5, EPHA6, EPHA7, EPHA8, EPHB1, EPHB2, EPHB3, EPHB6, EPO, EPOP, EPOR, ERBB2, ERBB3, ERBB4, ERCC2, ERCC3, ERCC6, ESRP1, ESS2, ETV1, ETV5, ETV6, EVL, EVX1, EXT1, EYA1, EZH1, EZH2, F2, FA2H, FABP7, FAIM2, FAM151B, FANCC, FANCD2, FARP1, FARP2, FAT3, FAT4, FBXL17, FBXO38, FBXO45, FBXO7, FBXW11, FBXW8, FCGR2B, FERD3L, FES, FEV, FEZ1, FEZ2, FEZF1, FEZF2, FGF10, FGF11, FGF12, FGF13, FGF14, FGF17, FGF19, FGF2, FGF20, FGF5, FGF8, FGF9, FGFR1, FGFR2, FIG4, FIGNL2, FKBP1B, FKBP4, FKBP8, FKRP, FKTN, FLNA, FLOT1, FLRT1, FLRT2, FLRT3, FMR1, FN1, FOLR1, FOS, FOXA1, FOXA2, FOXB1, FOXC1, FOXD1, FOXG1, FOXJ1, FOXN4, FOXO3, FOXO6, FOXP1, FOXP2, FOXP3, FOXR1, FRMD7, FRS2, FRY, FRYL, FSCN2, FSTL4, FTSJ1, FUT1, FUT10, FUT9, FUZ, FXR1, FXR2, FYN, FZD1, FZD10, FZD2, FZD3, FZD4, FZD5, FZD6, FZD7, FZD8, FZD9, G6PD, GABRA1, GABRA2, GABRA3, GABRA4, GABRA5, GABRA6, GABRB1, GABRB2, GABRB3, GABRE, GABRG1, GABRG2, GABRG3, GAK, GAL3ST1, GALC, GALR2, GAP43, GART, GAS6, GAS7, GAS8, GATA2, GATA3, GBA1, GBA2, GBX1, GBX2, GCM1, GCM2, GDA, GDF10, GDF11, GDF5, GDF6, GDF7, GDI1, GDNF, GDPD5, GFAP, GFI1, GFRA1, GFRA2, GFRA3, GFRA4, GFRAL, GHRH, GHRHR, GHRL, GHSR, GIGYF2, GIT1, GIT2, GJA1, GJA10, GJB1, GJC2, GJC3, GLDN, GLI1, GLI2, GLI3, GLIS2, GLMN, GLRB, GLUD1, GMFB, GNAT1, GNAT2, GNB4, GNGT1, GNPAT, GNRH1, GOLGA4, GORASP1, GPC1, GPC2, GPC4, GPER1, GPM6A, GPM6B, GPR157, GPR158, GPR161, GPR17, GPR173, GPR183, GPR37, GPR37L1, GPRASP3, GPRC5B, GPRIN1, GPRIN2, GPRIN3, GPSM1, GRB2, GRHL2, GRHL3, GRIA1, GRID2, GRIK1, GRIN1, GRIN2A, GRIN2B, GRIN2C, GRIN2D, GRIN3A, GRIP1, GRM5, GRM7, GRN, GRXCR1, GRXCR2, GSC, GSDME, GSK3A, GSK3B, GSN, GSS, GSTM3, GSTP1, GSX1, GSX2, H2AX, H2BC12L, HAND2, HAP1, HAPLN1, HAPLN2, HAPLN3, HAPLN4, HCN1, HDAC1, HDAC11, HDAC2, HDAC4, HDAC5, HDAC6, HDAC9, HDGFL3, HECW1, HECW2, HELT, HERC1, HES1, HES2, HES3, HES4, HES5, HES6, HES7, HESX1, HEXA, HEXB, HEY1, HEY2, HEYL, HHIP, HIF1A, HIPK1, HIPK2, HLTF, HLX, HMCN2, HMG20A, HMG20B, HMGB1, HMGB2, HMX2, HMX3, HNF1B, HNRNPD, HOOK3, HOXA1, HOXA2, HOXA3, HOXB1, HOXB2, HOXB3, HOXB8, HOXC10, HOXC8, HOXD1, HOXD10, HOXD3, HOXD9, HPCAL4, HPRT1, HRAS, HS6ST1, HSD3B1, HSD3B2, HSP90AA1, HSPA5, HSPG2, HTR5A, HTR6, HTRA2, HYCC1, HYDIN, ICAM5, ID2, ID3, ID4, IER2, IER3IP1, IFNG, IFNGR1, IFRD1, IFT122, IFT140, IFT172, IFT20, IFT27, IFT52, IFT57, IFT88, IGF1R, IGF2BP1, IGF2BP2, IGF2BP3, IGSF10, IGSF21, IGSF8, IGSF9, IGSF9B, IHH, IL15RA, IL1B, IL1RAP, IL1RAPL1, IL1RAPL2, IL2, IL3, IL33, IL34, IL6, IL6ST, ILK, IMMP2L, IMPACT, INA, INHBA, INHBB, INPP5F, INPP5J, INS, INSC, INSM1, INSM2, INTU, IQGAP1, IQSEC1, IRF2BPL, IRS2, IRX1, IRX2, IRX3, IRX4, IRX5, IRX6, ISL1, ISL2, ISLR2, IST1, ITGA1, ITGA3, ITGA4, ITGA6, ITGA8, ITGAM, ITGAX, ITGB1, ITGB4, ITM2B, ITM2C, ITPK1, ITPKA, ITSN2, JAG1, JAG2, JAK2, JAM2, JAM3, JARID2, JHY, JRKL, KALRN, KANK1, KAT2A, KAT2B, KAT5, KAT8, KATNB1, KCNA1, KCNA2, KCNA3, KCNB1, KCNC1, KCNC2, KCNE1, KCNIP2, KCNJ10, KCNJ8, KCNQ1, KCNQ2, KCNQ3, KCTD11, KDM1A, KDM2B, KDM4A, KDM4B, KDM6B, KDM7A, KEL, KHDC3L, KIAA0319, KIAA0319L, KIAA1755, KIDINS220, KIF13B, KIF14, KIF1A, KIF20B, KIF26A, KIF27, KIF2A, KIF5A, KIF5B, KIF5C, KIFAP3, KIFBP, KIRREL3, KIT, KLF15, KLF4, KLF7, KLHL1, KLK6, KLK8, KNDC1, KRAS, KREMEN1, L1CAM, LAMA1, LAMA2, LAMB1, LAMB2, LAMC3, LARGE1, LBX1, LDB1, LDB2, LDLR, LEF1, LEMD2, LEP, LEPR, LGI1, LGI2, LGI4, LGR6, LHFPL4, LHFPL5, LHX1, LHX2, LHX3, LHX4, LHX5, LHX6, LHX8, LHX9, LIAS, LIF, LIG4, LIMK1, LIN28A, LINC01587, LINGO2, LINGO4, LLGL1, LLPH, LMO4, LMX1A, LMX1B, LNX2, LOC102724560, LOXL3, LPAR1, LPAR3, LPIN1, LRCH4, LRFN1, LRFN3, LRFN4, LRFN5, LRIG1, LRIG2, LRP1, LRP12, LRP2, LRP4, LRP5, LRP6, LRP8, LRRC24, LRRC4, LRRC4B, LRRC4C, LRRC7, LRRK2, LRRN1, LRRN3, LRRTM1, LRRTM2, LRRTM3, LRTM1, LRTM2, LSAMP, LSM1, LSR, LST1, LTA, LTK, LUZP1, LY6H, LYN, LYPLA2, LZTS1, LZTS3, MAB21L2, MACF1, MACO1, MACROD2, MACROH2A2, MAFB, MAG, MAGI2, MAL, MAL2, MALL, MAMDC2, MAN2A1, MANF, MAOB, MAP1A, MAP1B, MAP1S, MAP2, MAP2K1, MAP2K2, MAP3K13, MAP4, MAP4K4, MAP6, MAPK1, MAPK3, MAPK6, MAPK8IP2, MAPK8IP3, MAPKAP1, MAPKAPK5, MAPT, MARCKS, MARCKSL1, MARK1, MARK2, MARK4, MARVELD1, MAS1, MAST1, MATCAP1, MATN2, MBD1, MBD5, MBNL1, MBOAT1, MBOAT7, MBP, MCF2, MCOLN3, MCPH1, MDGA1, MDGA2, MDK, MDM2, MECP2, MED1, MED12, MEF2A, MEF2C, MEF2D, MEGF8, MEIS1, MEIS2, MEIS3, MEIS3P1, MERTK, MESP1, MET, METRN, METTL14, METTL3, MFRP, MFSD2A, MFSD8, MGARP, MIB1, MICALL1, MICALL2, MICOS10-NBL1, MINAR1, MINK1, MIOS, MIR125A, MIR125B1, MIR133B, MIR135B, MIR137, MIR142, MIR146A, MIR181B1, MIR181C, MIR200C, MIR210, MIR219A1, MIR221, MIR222, MIR26A1, MIR431, MIR511, MKKS, MKS1, MMD, MMD2, MME, MMP14, MMP2, MMP24, MNAT1, MNX1, MOBP, MOG, MOSMO, MOV10, MPST, MPZ, MSI1, MSI2, MST1R, MSX1, MT3, MTCH1, MTF1, MTHFD1, MTHFD1L, MTHFR, MTMR2, MTOR, MTPN, MTR, MUL1, MUSK, MXRA8, MYB, MYCBP2, MYCL, MYD88, MYEF2, MYLIP, MYO16, MYO6, MYO7A, MYO9A, MYOC, MYOT, MYPN, MYRF, MYT1, MYT1L, N4BP3, NAB1, NAB2, NAGLU, NAIP, NANOS1, NAP1L1, NAP1L2, NAPA, NARS1, NAV1, NAV2, NAV3, NBL1, NBN, NCAM1, NCAM2, NCAN, NCDN, NCK1, NCK2, NCKAP1, NCKAP1L, NCKIPSD, NCMAP, NCOA1, NCOA6, NCOR2, NCS1, NCSTN, ND4, NDE1, NDEL1, NDN, NDNF, NDP, NDRG1, NDRG2, NDRG4, NDST1, NDUFS2, NDUFS3, NDUFS4, NDUFV2, NECTIN1, NEDD4, NEDD4L, NEFH, NEFL, NEGR1, NEK3, NELL1, NELL2, NEO1, NEPRO, NES, NEU4, NEURL1, NEUROD1, NEUROD2, NEUROD4, NEUROD6, NEUROG1, NEUROG2, NEUROG3, NEXMIF, NEXN, NF1, NF2, NFASC, NFATC4, NFE2L2, NFIA, NFIB, NGEF, NGF, NGFR, NGRN, NHEJ1, NHERF1, NHLH1, NHLH2, NIBAN2, NIF3L1, NIN, NINJ1, NINJ2, NIPBL, NKD1, NKX2-1, NKX2-2, NKX2-5, NKX2-6, NKX2-8, NKX6-1, NKX6-2, NLGN1, NLGN2, NLGN3, NLGN4X, NLGN4Y, NME1, NME2, NME5, NMNAT2, NMUR2, NNAT, NODAL, NOG, NOTCH1, NOTCH2, NOTCH2NLA, NOTCH2NLB, NOTCH2NLC, NOTCH3, NOTO, NOVA1, NOVA2, NPAS1, NPAS2, NPAS4, NPC1, NPHP4, NPR2, NPTN, NPTX1, NPY, NR0B1, NR1D1, NR2C2, NR2E1, NR2E3, NR2F1, NR2F2, NR2F6, NR3C1, NR4A2, NRBP2, NRCAM, NRDC, NREP, NRG1, NRG2, NRG3, NRGN, NRL, NRN1, NRN1L, NRP1, NRP2, NRROS, NRSN1, NRSN2, NRTN, NRXN1, NRXN2, NRXN3, NSMF, NSUN5, NTF3, NTF4, NTM, NTN1, NTN3, NTN4, NTN5, NTNG1, NTNG2, NTRK1, NTRK2, NTRK3, NUMB, NUMBL, NUP133, NYAP1, NYAP2, OBSL1, ODAD2, ODAD3, ODAD4, OGDH, OGT, OLFM1, OLFM3, OLIG1, OLIG2, OLIG3, OMG, OMP, ONECUT2, OPA1, OPALIN, OPCML, OPHN1, OPRM1, OR10A4, ORC3, ORMDL1, ORMDL3, OSTN, OTP, OTX1, OTX2, OVOL2, OXTR, P2RX4, P2RX5, P2RY1, P2RY12, P3H1, PACSIN1, PADI2, PAFAH1B1, PAFAH1B3, PAK1, PAK2, PAK3, PAK4, PAK6, PALLD, PALM, PALS1, PAQR3, PARD3, PARD6B, PARP6, PAX2, PAX3, PAX5, PAX6, PAX8, PBX1, PBX2, PBX3, PBX4, PCARE, PCDH1, PCDH10, PCDH12, PCDH17, PCDH18, PCDH9, PCDHA1, PCDHA10, PCDHA11, PCDHA12, PCDHA13, PCDHA2, PCDHA3, PCDHA4, PCDHA5, PCDHA6, PCDHA7, PCDHA8, PCDHA9, PCDHAC1, PCDHAC2, PCDHB1, PCDHB10, PCDHB11, PCDHB12, PCDHB13, PCDHB14, PCDHB15, PCDHB16, PCDHB18P, PCDHB2, PCDHB3, PCDHB4, PCDHB5, PCDHB6, PCDHB7, PCDHB8, PCDHB9, PCDHGA1, PCDHGA10, PCDHGA11, PCDHGA12, PCDHGA2, PCDHGA3, PCDHGA4, PCDHGA5, PCDHGA6, PCDHGA7, PCDHGA8, PCDHGA9, PCDHGB1, PCDHGB2, PCDHGB3, PCDHGB4, PCDHGB5, PCDHGB6, PCDHGB7, PCDHGC3, PCDHGC4, PCDHGC5, PCLO, PCM1, PCP4, PCSK1, PCSK2, PCSK9, PDE6C, PDGFC, PDLIM5, PDSS2, PDZD7, PENK, PER2, PEX13, PEX5, PEX7, PFN1, PGAP1, PGRMC1, PHACTR1, PHACTR4, PHF10, PHF8, PHGDH, PHLPP2, PHOX2A, PHOX2B, PIAS4, PICALM, PICK1, PIGT, PIKFYVE, PIN1, PITPNA, PITPNM1, PITX1, PITX2, PITX3, PJVK, PKD1, PKD2, PLA2G10, PLA2G3, PLAA, PLAG1, PLCB1, PLEC, PLEKHG4, PLEKHG4B, PLK5, PLLP, PLOD3, PLP1, PLPP3, PLPPR1, PLPPR4, PLPPR5, PLS1, PLXDC1, PLXNA1, PLXNA2, PLXNA3, PLXNA4, PLXNB1, PLXNB2, PLXNB3, PLXNC1, PLXND1, PMP22, POFUT1, POMGNT1, POMGNT2, POMK, POMT2, POSTN, POTEE, POTEF, POTEI, POTEJ, POTEKP, POU1F1, POU3F1, POU3F2, POU3F3, POU3F4, POU4F1, POU4F2, POU4F3, POU6F1, POU6F2, PPARD, PPFIA2, PPIA, PPP1CC, PPP1R17, PPP1R9A, PPP1R9B, PPP2R5B, PPP2R5D, PPP3CA, PPP3CB, PPP3R1, PPT1, PQBP1, PRAG1, PRDM1, PRDM12, PRDM13, PRDM6, PRDM8, PREX1, PREX2, PRICKLE1, PRKACA, PRKACB, PRKCG, PRKCH, PRKCI, PRKCQ, PRKCZ, PRKD1, PRKDC, PRKG1, PRKN, PRLH, PRMT1, PRMT5, PROM1, PROP1, PROX1, PROX2, PRPH2, PRPS1, PRRX1, PRTG, PRUNE1, PRX, PSD, PSEN1, PSMG1, PSPN, PTBP1, PTCH1, PTCHD1, PTEN, PTF1A, PTK2, PTK2B, PTK6, PTK7, PTN, PTPN11, PTPN13, PTPN9, PTPRB, PTPRD, PTPRF, PTPRG, PTPRM, PTPRO, PTPRS, PTPRZ1, PTS, PUM2, PURA, PYGO2, QARS1, QKI, RAB10, RAB11A, RAB13, RAB17, RAB18, RAB21, RAB29, RAB35, RAB3A, RAB3GAP1, RAB6A, RAB6B, RAB8A, RAC1, RAC3, RACGAP1, RAD1, RAF1, RALA, RAN, RAP1A, RAP1GAP, RAP2A, RAPGEF1, RAPGEF2, RAPGEF5, RAPGEFL1, RAPH1, RARA, RARB, RARG, RASAL1, RASGRF1, RASSF10, RAX, RB1, RBBP4, RBBP7, RBFOX1, RBFOX2, RBFOX3, RBM45, RBPJ, RDH13, RECK, RELA, RELN, RERE, REST, RET, RETREG3, RFNG, RFX4, RGMA, RGS14, RGS2, RGS4, RGS9, RHEB, RHO, RHOA, RIMS1, RIMS2, RIT2, RITA1, RND1, RND2, RNF10, RNF103, RNF112, RNF157, RNF220, RNF6, ROBO1, ROBO2, ROBO3, ROBO4, ROCK1, ROGDI, ROM1, ROR1, ROR2, RORA, RORB, RP1, RP1L1, RPGRIP1, RPGRIP1L, RPL24, RPS6KA3, RPS6KA5, RPS6KA6, RPS7, RRAS, RRAS2, RRM1, RSPO2, RTCA, RTN1, RTN3, RTN4, RTN4IP1, RTN4R, RTN4RL1, RTN4RL2, RUFY3, RUNX1, RUNX2, RUNX3, RYK, S100A1, S100A10, S100A6, S100A8, S100A9, S100B, S1PR1, S1PR5, SALL1, SALL4, SAMD11, SAMD14, SAMD7, SARM1, SATB2, SBF2, SCARB2, SCARF1, SCIN, SCLT1, SCN11A, SCN1A, SCN1B, SCN2A, SCN2B, SCN3B, SCN5A, SCN8A, SCRG1, SCRIB, SCRT1, SCRT2, SCT, SCYL1, SCYL2, SCYL3, SDC2, SDC4, SDCBP, SDCBP2, SDCCAG8, SDF4, SDHA, SDK1, SDK2, SEC16A, SEC24B, SECISBP2, SELENOP, SEMA3A, SEMA3B, SEMA3C, SEMA3D, SEMA3E, SEMA3F, SEMA3G, SEMA4A, SEMA4B, SEMA4C, SEMA4D, SEMA4F, SEMA4G, SEMA5A, SEMA5B, SEMA6A, SEMA6B, SEMA6C, SEMA6D, SEMA7A, SEPTIN14, SEPTIN4, SERF1A, SERF1B, SERINC5, SERPINE2, SERPINF1, SERPINI1, SETD1A, SETD2, SETD5, SETX, SEZ6, SEZ6L, SEZ6L2, SF3A2, SFRP1, SFRP2, SGK1, SH2B2, SH3GL1, SH3GL2, SH3GL3, SH3RF1, SH3TC2, SHANK1, SHANK2, SHANK3, SHC3, SHH, SHOC2, SHOX2, SHROOM2, SHROOM4, SHTN1, SIAH1, SIGMAR1, SIM1, SIM2, SIN3A, SIPA1L1, SIRT2, SIX1, SIX3, SIX4, SKI, SKIL, SKOR2, SLC11A2, SLC12A5, SLC1A1, SLC1A2, SLC1A3, SLC23A1, SLC23A2, SLC24A4, SLC25A46, SLC2A1, SLC32A1, SLC38A2, SLC39A12, SLC44A4, SLC45A3, SLC4A10, SLC4A7, SLC5A3, SLC6A17, SLC6A3, SLC6A4, SLC7A11, SLC7A5, SLC8A3, SLC9A6, SLIT1, SLIT2, SLIT3, SLITRK1, SLITRK2, SLITRK3, SLITRK4, SLITRK5, SLITRK6, SMAD1, SMAD4, SMARCA1, SMARCA2, SMARCA4, SMARCB1, SMARCC1, SMARCC2, SMARCD1, SMARCD3, SMARCE1, SMG9, SMIM45, SMN1, SMN2, SMO, SMPD1, SMURF1, SNAP25, SNAPIN, SNCA, SNPH, SNTG2, SNW1, SNX3, SOCS2, SOD1, SOD2, SORL1, SOS1, SOX1, SOX10, SOX11, SOX12, SOX13, SOX14, SOX15, SOX17, SOX2, SOX21, SOX3, SOX4, SOX5, SOX6, SOX8, SOX9, SPAG6, SPAG9, SPART, SPAST, SPEF2, SPEN, SPG11, SPG7, SPHK1, SPHK2, SPINK5, SPINT1, SPINT2, SPOCK1, SPOCK2, SPP1, SPRY3, SPTBN1, SPTBN2, SPTBN4, SRC, SRCIN1, SRD5A1, SRD5A2, SRF, SRGAP2, SRGAP2B, SRGAP2C, SRPX2, SRRM4, SRRT, SRSF1, SRY, SS18L1, SSBP3, SSNA1, SSTR1, SSTR2, SSTR3, SSTR4, ST14, ST8SIA2, ST8SIA4, STAP1, STAT3, STAU2, STIL, STK11, STK24, STK25, STK3, STK36, STK4, STMN1, STMN2, STMN3, STMN4, STMND1, STRAP, STRC, STRN, STX1B, STX3, STXBP1, STXBP3, STYXL1, SUDS3, SUFU, SULF1, SULF2, SULT4A1, SUN1, SUN2, SUZ12, SVBP, SYBU, SYN1, SYNDIG1, SYNE1, SYNE2, SYNGAP1, SYNGR3, SYPL2, SYT1, SYT14P1, SYT17, SYT2, SYT3, SYT4, SZT2, TACC1, TACC2, TACC3, TAF1, TAFA1, TAFA3, TAGLN3, TAL1, TAL2, TANC2, TAOK1, TAOK2, TAOK3, TBC1D23, TBC1D24, TBC1D32, TBCB, TBCD, TBCE, TBR1, TBX1, TBX19, TBX2, TBX20, TBX3, TBX6, TCF12, TCF3, TCF4, TCIRG1, TCTN1, TDP2, TEAD2, TEAD3, TECTA, TENM1, TENM2, TENM3, TENM4, TFAP2A, TFAP2B, TFAP2D, TG, TGFB1, TGFB2, TGFBR1, TGFBR2, TGIF2, TGM2, TH, THAP11, THBS2, THOC2, THOC6, THRB, THY1, TIAM1, TIAM2, TIFAB, TIMM8A, TLR2, TLR4, TLX2, TLX3, TMC1, TMED2, TMEM106B, TMEM107, TMEM108, TMEM126A, TMEM132E, TMEM14B, TMEM163, TMEM223, TMEM30A, TMEM41B, TMEM98, TMOD2, TMX2, TNC, TNF, TNFRSF1B, TNFRSF21, TNIK, TNN, TNR, TNXB, TOP2B, TOR1A, TOX, TP53, TP63, TP73, TPBG, TPP1, TPPP, TPRN, TRA2B, TRAF6, TRAK1, TRAK2, TRAPPC4, TRAPPC6B, TRAPPC9, TREM2, TRIM11, TRIM3, TRIM32, TRIM46, TRIM67, TRIM71, TRIO, TRIOBP, TRIP11, TRNP1, TRPC4, TRPC5, TRPV1, TRPV2, TRPV4, TSC1, TSC2, TSC22D4, TSKU, TSPAN2, TSPO, TTBK1, TTBK2, TTC21B, TTC36, TTC8, TTL, TTLL1, TTLL7, TTPA, TUBA1A, TUBB2A, TUBB2B, TUBB3, TUBGCP2, TULP1, TULP3, TUNAR, TWF1, TWF2, TWIST1, TWSG1, TYMP, TYRO3, TYROBP, UBA6, UBB, UBE3A, UCHL1, UCHL5, UCN, UFC1, UFL1, UFM1, UGCG, UGDH, UGP2, UGT8, UHMK1, ULK1, ULK2, ULK4, UNC119, UNC119B, UNC13A, UNC5A, UNC5B, UNC5C, UNC5D, UNCX, UNK, UPF3B, UQCRQ, USH1C, USH1G, USH2A, USP33, USP9X, UST, UTP11, UTP3, VANGL2, VAPA, VASH2, VASP, VAX1, VAX2, VCAM1, VCAN, VCL, VCX, VCX2, VCX3A, VCX3B, VCY, VCY1B, VEGFA, VEGFC, VEGFD, VIM, VIT, VLDLR, VPS13A, VPS13B, VPS35, VPS4B, VPS51, VPS54, VSTM5, VSX1, VTN, VWC2, VWC2L, VXN, WASF1, WASF3, WASHC5, WASL, WDPCP, WDR1, WDR19, WDR37, WDR47, WDR62, WDR89, WEE1, WHRN, WLS, WNK1, WNT1, WNT10A, WNT10B, WNT11, WNT16, WNT2, WNT2B, WNT3, WNT3A, WNT4, WNT5A, WNT5B, WNT6, WNT7A, WNT7B, WNT8A, WNT8B, WNT9A, WNT9B, WWP1, XBP1, XK, XRCC1, XRCC2, XRCC5, XRN2, YAP1, YTHDF1, YTHDF2, YWHAE, YWHAG, YWHAH, YWHAQ, YWHAZ, ZBTB16, ZBTB45, ZC3H12A, ZC4H2, ZDHHC12, ZDHHC15, ZDHHC16, ZDHHC17, ZDHHC2, ZEB1, ZEB2, ZFHX2, ZFHX3, ZFP36L1, ZFYVE27, ZHX2, ZIC1, ZIC2, ZIC3, ZIC4, ZIC5, ZMIZ1, ZMYND8, ZNF148, ZNF212, ZNF24, ZNF296, ZNF335, ZNF358, ZNF365, ZNF423, ZNF430, ZNF488, ZNF521, ZNF536, ZNF609, ZNF76, ZNF804A, ZPR1, ZSWIM6
GO:0009134	nucleoside diphosphate catabolic process	102	3	0.36	0.00547	0.012542372881355932	ACTN3, ADPGK, ALDOA, ALDOB, ALDOC, APP, ARL2, BPGM, CBFA2T3, COL6A1, DDIT4, DHTKD1, EIF6, ENO1, ENO2, ENO3, ENO4, ENTPD1, ENTPD2, ENTPD3, ENTPD4, ENTPD5, ENTPD6, ENTPD7, ENTPD8, EP300, FBP1, FKRP, FLCN, FOXK1, FOXK2, GALK1, GAPDH, GAPDHS, GCK, GIT1, GPD1, GPI, HDAC4, HIF1A, HK1, HK2, HK3, HKDC1, HTR2A, IER3, IFNG, IGF1, INS, INSR, JMJD8, KAT2B, LDHA, LIPA, MLST8, MLXIPL, MTOR, NCOR1, NT5E, NUDT18, NUDT5, NUDT9, NUPR1, OGDH, OGDHL, OGT, P2RX7, PFKFB1, PFKFB2, PFKL, PFKM, PFKP, PGAM1, PGAM2, PGAM4, PGK1, PGK2, PGM1, PKLR, PKM, PPARA, PPP2CA, PRKAA1, PRKAA2, PRKACA, PRKAG1, PRKAG2, PRKAG3, PRXL2C, PSEN1, RPTOR, SIRT6, SLC2A6, SLC4A1, SLC4A4, STAT3, TIGAR, TPI1, TREX1, UCP2, ZBTB20, ZBTB7A
GO:0046620	regulation of organ growth	102	3	0.36	0.00547	0.012542372881355932	ACACB, AKAP6, AKT1, ARX, BASP1, BCL2L11, BMP10, BMPR1A, CACNA2D2, CAV3, CDK1, CGA, CITED2, COL14A1, CTDP1, DUSP6, EDN1, ERBB4, FGF2, FGF20, FGF8, FGF9, FGFR1, FGFR2, FLVCR1, FOXC1, FOXC2, FOXP1, FXN, G6PD, GATA6, GLI1, GSK3A, HEY2, HLX, IGF1, IGF2, IL7, JARID2, KCNK2, LATS1, LATS2, MAEL, MAPK11, MAPK14, MEF2C, MIR1-1, MIR17HG, MIR199A1, MIR199B, MIR19A, MIR19B1, MIR200B, MIR204, MIR208A, MIR222, MIR25, MIR509-1, MIR548C, MIR590, MIR873, MYH6, NKX2-5, NOG, NOTCH1, PARP2, PI16, PIM1, PPARA, PROX1, PTEN, RAG2, RBP4, RBPJ, RGS2, RGS4, RUNX1, SASH3, SAV1, SERP1, SLC6A4, SMO, SOD1, STK3, STK4, TBX2, TBX20, TBX5, TGFBR1, TGFBR3, TOMM70, TP73, VGLL4, WNT2, WT1, WWC1, WWC2, WWC3, YAP1, YBX3, YY1, ZFPM2
GO:0043069	negative regulation of programmed cell death	948	9	3.31	0.00550	0.012542372881355932	AARS1, AATF, ABL1, ACAA2, ACKR3, ACTC1, ACVR1, ADA, ADAM8, ADAMTS20, ADAR, ADNP, ADORA1, ADORA2A, ADPRS, AGAP2, AGO4, AHI1, AIFM2, AIPL1, AKR1A1, AKR1B1, AKT1, ALKBH1, ALOX12, AMBRA1, AMIGO2, ANGPT1, ANGPT4, ANGPTL4, ANKLE2, ANXA1, ANXA4, ANXA5, APBB2, API5, APIP, APOH, AQP1, AR, ARAF, AREL1, ARF4, ARG2, ARHGAP10, ARHGDIA, ARHGEF2, ARL6IP1, ARMC10, ARMCX5-GPRASP2, ASAH2, ASCL1, ASIC2, ASNS, ATAD3A, ATAD5, ATF4, ATF5, ATG5, ATOH1, AURKA, AURKB, AVEN, AVP, AXL, AZU1, BABAM2, BAG1, BAG3, BAG4, BAG5, BAG6, BAK1, BARD1, BARHL1, BAX, BCL10, BCL11B, BCL2, BCL2A1, BCL2L1, BCL2L10, BCL2L12, BCL2L2, BCL3, BCL6, BDKRB2, BDNF, BECN1, BFAR, BID, BIRC2, BIRC3, BIRC5, BIRC6, BIRC7, BIRC8, BMI1, BMP4, BMP5, BMP7, BNIP1, BNIP2, BNIP3, BNIP3L, BOK, BRAF, BRCA1, BTC, BTG2, C8orf17, C8orf44-SGK3, CAAP1, CAMK1D, CAPN3, CARD14, CARD16, CASP2, CASP8, CAST, CAT, CAV1, CBL, CBS, CBX4, CCAR2, CCL19, CCL2, CCL21, CCL5, CCN1, CCND1, CCND2, CCNG1, CCR5, CCR7, CD27, CD28, CD38, CD40LG, CD44, CD74, CDC73, CDH5, CDK1, CDKN1A, CDKN1B, CDKN2D, CDSN, CEACAM5, CEACAM6, CEBPB, CFDP1, CFL1, CFLAR, CHD8, CHL1, CHST11, CIAPIN1, CIB1, CIDEA, CITED1, CITED2, CLCF1, CLDN7, CLEC5A, CLN3, CLN8, CLU, CNTF, CNTFR, COL2A1, COMP, COPS5, CORO1A, CPEB4, CREB1, CREB3, CREB3L1, CRIPTO, CRLF1, CRYAA, CRYAB, CSF1R, CSF2, CSNK2A1, CSNK2A2, CTH, CTNNA1, CTNNB1, CTNS, CTSH, CTTN, CX3CL1, CX3CR1, CXCL12, CXCR2, DAB2, DAD1, DAPK1, DDAH2, DDB1, DDIAS, DDR2, DDRGK1, DDX3X, DFFA, DHRS2, DIPK2A, DKK1, DLL1, DLX1, DNAJA1, DNAJA3, DNAJB6, DNAJC3, DNAJC5, DNMT1, DOCK8, DPEP1, DPP8, DPP9, DRAXIN, DSTYK, DYRK3, EDN1, EDNRB, EEF2K, EFNA1, EGFR, EGR3, EIF2AK2, ELL3, EN1, EN2, ENO1, EPO, ERBB2, ERBB3, ERBB4, ERCC5, ERFE, ESR1, EVI2B, EYA1, EYA2, EYA3, EYA4, F2R, FABP1, FADD, FAIM, FAIM2, FANK1, FAS, FATE1, FBXO7, FCMR, FFAR4, FGA, FGB, FGF10, FGF20, FGF21, FGF4, FGF8, FGFR2, FGG, FHL2, FIGNL1, FKBP8, FLNA, FLT4, FMN2, FMR1-AS1, FNIP1, FOXB1, FOXC1, FOXC2, FOXE3, FOXO1, FOXP1, FOXQ1, FSTL1, FXN, FYN, FZD1, FZD3, FZD9, GAS6, GATA1, GATA2, GATA3, GATA4, GATA6, GBA1, GBE1, GCG, GCH1, GCLC, GCLM, GDF5, GDNF, GFER, GFRAL, GHITM, GHRL, GHSR, GLI3, GLO1, GNAI2, GOLPH3, GPAM, GPI, GPRASP3, GPX1, GPX4, GREM1, GRIA4, GRIK2, GRINA, GRK5, GRN, GSK3B, GSTP1, HAND2, HAX1, HCK, HCLS1, HDAC1, HDAC2, HDAC3, HELLS, HERPUD1, HEY2, HGF, HHIP, HIF1A, HIGD1A, HIGD2A, HIP1R, HIPK2, HIPK3, HMGA2, HMGB2, HMGN5, HMOX1, HNF1B, HNRNPK, HPN, HRAS, HSF1, HSP90AB1, HSP90B1, HSPA1A, HSPA1B, HSPA5, HSPA9, HSPB1, HSPB2, HSPB6, HSPD1, HTATIP2, HTR2B, HTRA2, HTT, HYOU1, HYPK, ICAM1, IDO1, IER3, IFI6, IFIT3, IGBP1, IGF1, IGF1R, IHH, IL10, IL13, IL19, IL1A, IL1B, IL2, IL27RA, IL2RB, IL31RA, IL4, IL6, IL6ST, IL7, IL7R, ING2, INS, INSL3, INTS1, IRF7, IRS2, ISL1, ITCH, ITGA5, ITGA6, ITGAV, ITGB1, ITGB3, ITGB3BP, ITPKB, ITPRIP, IVNS1ABP, JAK2, JAK3, KANK2, KDM1A, KDM2B, KDR, KHDC3L, KIF14, KIFAP3, KIT, KITLG, KLF4, KLHL20, KRAS, KRIT1, KRT18, LACRT, LAMP3, LAMTOR5, LAPTM5, LEF1, LEP, LGALS3, LGMN, LHX3, LHX4, LIG4, LILRB1, LIMS2, LMNA, LOC102724560, LRP2, LRP6, LRRK2, LTF, LTK, LYPD3, MAD2L1, MAEA, MAEL, MAG, MAGEA3, MAGEA4, MALT1, MAP2K4, MAP2K5, MAP3K12, MAP4K4, MAPK7, MAPK8, MAPK8IP1, MAPK8IP2, MAPK8IP3, MAPKAP1, MARCHF7, MAZ, MCL1, MDK, MDM2, MDM4, MECOM, MECP2, MED1, MEF2C, MEIS3, MERTK, MET, MGMT, MICAL1, MIEN1, MIF, MIR101-1, MIR106B, MIR126, MIR132, MIR133A1, MIR138-1, MIR142, MIR145, MIR15B, MIR17, MIR17HG, MIR181C, MIR182, MIR195, MIR199A1, MIR19A, MIR19B1, MIR200B, MIR20A, MIR21, MIR210, MIR214, MIR22, MIR221, MIR222, MIR223, MIR24-1, MIR29B1, MIR30B, MIR30E, MIR361, MIR485, MIR495, MIR590, MIR92A1, MIRLET7B, MIRLET7F1, MITF, MLST8, MMP9, MNAT1, MNT, MPO, MPV17L, MRE11, MSH2, MSX1, MSX2, MT3, MTDH, MTNR1B, MTOR, MTRNR2L1, MTRNR2L10, MTRNR2L11, MTRNR2L12, MTRNR2L13, MTRNR2L2, MTRNR2L3, MTRNR2L4, MTRNR2L5, MTRNR2L6, MTRNR2L7, MTRNR2L8, MTRNR2L9, MUC1, MUTYH, MYC, MYDGF, MYO18A, MYOCD, NAA15, NAA16, NAA35, NAA38, NAIP, NANOS3, NAT8B, NCKAP1L, NDNF, NDUFA13, NDUFAF4, NDUFS3, NEFL, NES, NEUROD1, NFATC4, NFE2L2, NFKB1, NGF, NIBAN2, NKX2-5, NKX2-6, NKX3-2, NME2, NME5, NMNAT1, NNT, NOC2L, NOD2, NOG, NOL3, NONO, NOS3, NOTCH1, NOTCH2, NPC1, NPM1, NPPC, NPY5R, NQO1, NR1H4, NR2E1, NR4A2, NRBP2, NRP1, NTF3, NTF4, NTRK1, NTRK2, NTSR1, NUAK2, NUGGC, NUP62, NUPR1, OGG1, OPA1, OPN3, ORMDL3, OSR1, OXR1, PA2G4, PAGE4, PAK2, PAK4, PAK5, PALB2, PARK7, PARL, PAX2, PAX7, PAX8, PCDHGC3, PCDHGC4, PCDHGC5, PCGF2, PCID2, PDCD1, PDCD10, PDCD4, PDE3A, PDK4, PDPK1, PDPN, PDX1, PEA15, PELI1, PELI3, PEPD, PF4, PHB2, PHIP, PIAS1, PIDD1, PIH1D1, PIK3CA, PIK3CB, PIK3CG, PIK3R1, PIK3R3, PIM1, PIM2, PIM3, PINK1, PIP, PKHD1, PLA2G3, PLAC8, PLAUR, PLCG2, PLK1, PLK2, PLK3, PLXND1, POU3F3, POU3F4, POU4F1, PPARA, PPARGC1A, PPIA, PPIF, PPP1R10, PPT1, PRAME, PRAMEF1, PRAMEF10, PRAMEF11, PRAMEF12, PRAMEF13, PRAMEF14, PRAMEF15, PRAMEF17, PRAMEF18, PRAMEF19, PRAMEF2, PRAMEF20, PRAMEF22, PRAMEF25, PRAMEF27, PRAMEF33, PRAMEF4, PRAMEF5, PRAMEF6, PRAMEF7, PRAMEF8, PRAMEF9, PRAP1, PRDM9, PRDX2, PRDX3, PRDX5, PRELID1, PRKAA1, PRKAA2, PRKCA, PRKCD, PRKCG, PRKCH, PRKCI, PRKCQ, PRKCZ, PRKDC, PRKN, PRLR, PRNP, PROC, PROK2, PROP1, PRR5, PSEN1, PSMC5, PSMD10, PSME3, PSMG2, PTCRA, PTGFR, PTGS2, PTH, PTK2, PTK2B, PTMA, PTMS, PTPN1, PTPRZ1, PTRH2, PTTG1IP, PYCR1, QARS1, RACK1, RAD21, RAF1, RAG1, RAMP2, RASA1, RB1, RB1CC1, RBCK1, RELA, RETREG1, RFFL, RGL2, RGN, RHBDD1, RHOA, RICTOR, RIPK1, RNF144B, RNF157, RNF31, RNF34, ROCK1, RPL10, RPS3A, RPS6KA1, RPS6KA3, RPS6KB1, RRM2B, RRN3, RTKN2, RXFP2, SCG2, SCRT2, SCX, SELENOS, SEMA3E, SEMA4D, SEMA5A, SERPINB13, SERPINB2, SERPINB9, SERPINE1, SET, SETX, SFN, SFRP1, SFRP2, SGK3, SH3RF1, SH3RF2, SHC1, SHH, SIAH2, SIN3A, SIRT1, SIRT4, SIRT5, SIX1, SIX4, SLC1A1, SLC25A27, SLC25A31, SLC25A4, SLC25A5, SLC25A6, SLC35F6, SLC39A10, SLC40A1, SLC46A2, SLC7A11, SLC7A5, SLC9A1, SMAD3, SMAD5, SMAD6, SMG9, SMO, SNAI1, SNAI2, SNCA, SNCB, SNX6, SOCS2, SOCS3, SOD1, SOD2, SON, SOX10, SOX8, SOX9, SPHK1, SPRY2, SRC, SRSF6, ST3GAL1, ST6GAL1, STAMBP, STAT5B, STIL, STK40, STRADB, STUB1, STXBP1, SUPV3L1, SYCP2, SYNE1, SYNGAP1, SYVN1, TAF9, TAF9B, TAX1BP1, TBX1, TBX3, TCF7L2, TCIM, TEK, TENT5B, TERT, TEX11, TFAP2A, TFAP2B, TFAP2D, TFRC, TGFB3, TGFBR1, THAP11, THBS1, TIGAR, TIMP1, TJP1, TLE1, TM7SF3, TMBIM1, TMBIM4, TMBIM6, TMEM109, TMEM14A, TMEM161A, TMEM215, TMF1, TMIGD1, TNF, TNFAIP3, TNFAIP8, TNFRSF10D, TNFRSF18, TNFRSF6B, TNFSF18, TNIP2, TOX3, TP53, TPT1, TRAF2, TRAP1, TREM2, TRIAP1, TRIM32, TSC22D1, TSC22D3, TSLP, TWIST1, TWIST2, TXNDC12, TXNDC5, TYRO3, UBE2B, UBE2Z, UCN, UCP2, UFL1, UFM1, UNC5B, UNG, URI1, USP47, VDAC1, VDAC2, VEGFA, VHL, VIP, VPS54, VSTM2L, VTCN1, WDR73, WFS1, WNK3, WNT1, WNT16, WNT4, WNT5A, WNT7A, WT1, XBP1, XIAP, XPNPEP1, XRCC2, YAP1, YBX3, YME1L1, YWHAZ, ZC3H12A, ZC3HC1, ZFAND6, ZMYND11, ZNF16, ZNF268, ZNF304, ZNF385A, ZNF830, ZPR1
GO:0034505	tooth mineralization	32	2	0.11	0.00557	0.012542372881355932	ALPL, AMELX, AMELY, AMTN, ANKH, ASPN, BCOR, CFTR, CNNM4, COL1A1, DMP1, ENAM, FAM20A, FAM20C, FGFR1, ITGB6, MMP20, MSX2, NECTIN1, ODAPH, PPARA, SLC24A4, SLC4A2, SP7, STIM1, TBX1, TCIRG1, TFAP2A, TSPEAR, WDR72, WLS, WNT6
GO:0035774	positive regulation of insulin secretion involved in cellular response to glucose stimulus	32	2	0.11	0.00557	0.012542372881355932	ABCC8, ADCY8, ANO1, BAD, BAIAP3, C1QTNF12, C2CD2L, CFTR, CRH, DYNLL1, GCG, GHRL, GPLD1, GPR27, GPR68, HIF1A, HLA-DRB1, MPC2, NADK, NR1H4, OSBP, PDX1, PLA2G6, PPP3CB, RFX6, SLC2A2, SRI, STX4, SYBU, TRPM4, TUNAR, VSNL1
GO:0048729	tissue morphogenesis	616	7	2.15	0.00559	0.012542372881355932	ABL1, ACTA1, ACTA2, ACTB, ACTC1, ACTG1, ACTG2, ACVR1, ACVRL1, ADAM17, ADAMTS12, ADAMTS16, ADAMTS5, ADARB1, ADM, AGT, AGTR2, AHDC1, AHI1, AIRE, AJAP1, AJUBA, ALDH1A2, ALDH1A3, ANKRD1, APAF1, APC, APELA, APLNR, AR, AREG, ARHGAP12, ARHGAP24, ARHGAP35, ARL13B, ARMC5, ARTN, ASB2, ASTN2, ATP7A, AXIN1, BBS4, BBS5, BBS7, BCL10, BCL2, BMP10, BMP2, BMP4, BMP5, BMP7, BMPR1A, BMPR2, BRD2, BRSK1, BRSK2, BTBD7, BTRC, C2CD3, CA2, CA9, CAMSAP3, CARMIL2, CASP3, CASR, CAV3, CC2D2A, CCDC103, CCDC39, CCDC40, CCL11, CCM2, CCN1, CD151, CD44, CDC42, CDK20, CEACAM1, CECR2, CELSR1, CEP290, CHD7, CITED1, CITED2, CLASP1, CLASP2, CLIC4, CLUAP1, COBL, COL11A1, COL3A1, COL4A1, COL5A1, CPLANE2, CRB2, CRYGS, CSF1, CSF1R, CSMD1, CSNK2B, CTHRC1, CTNNB1, CTNNBIP1, CTNS, CTSH, CTSZ, CXCL10, CXCR2, CXCR4, CYP7B1, DAG1, DCHS1, DDR1, DEAF1, DKK1, DLC1, DLG1, DLG3, DLG5, DLL1, DLL4, DLX3, DNAAF1, DSP, DVL1, DVL2, DVL3, EDN1, EDNRA, EFEMP2, EFNB2, EGF, EGFR, EGLN1, ENG, EOMES, EPB41L5, EPHA2, EPHA4, EPHA7, ERBB4, ESR1, ESRP2, ETV2, EXOC4, EXOC5, EXT1, EXT2, EYA1, EYA2, FAT1, FEM1B, FERMT1, FERMT2, FGF1, FGF10, FGF2, FGF7, FGF8, FGFR1, FGFR2, FIGNL2, FKBP1A, FKBPL, FLG2, FLNA, FLRT3, FMN1, FOLR1, FOXA1, FOXC1, FOXC2, FOXD1, FOXE1, FOXF1, FOXF2, FOXH1, FOXL1, FOXN1, FOXN4, FOXP1, FOXQ1, FRAS1, FREM2, FRS2, FRZB, FST, FUZ, FZD1, FZD2, FZD3, FZD5, FZD6, GATA3, GATA4, GATA5, GBX2, GCM1, GCNT1, GCNT3, GCNT4, GDF2, GDF7, GDNF, GJA1, GLI2, GLI3, GLMN, GNA13, GORAB, GPC3, GPI, GRB2, GREB1L, GREM1, GRHL2, GRHL3, GRSF1, GZF1, HAND1, HAND2, HBEGF, HEG1, HES1, HES5, HESX1, HEY1, HEY2, HEYL, HGF, HHIP, HIF1A, HMGA2, HNF1B, HOXA11, HOXA13, HOXA5, HOXB13, HOXB2, HOXB4, HOXB7, HOXD11, HOXD13, HS2ST1, HS3ST3A1, HS3ST3B1, HTN1, ID4, IFT122, IFT172, IFT20, IFT52, IFT57, IGFBP5, IHH, IL10, ILK, INHBA, INTU, IRX1, IRX2, IRX3, ISL1, ITGA2, ITGA3, ITGA5, ITGA8, ITGAV, ITGAX, ITGB1, ITGB3, ITGB4, ITGB5, JAG1, JAG2, JHY, KAT2A, KDF1, KDM2B, KDM5B, KDM6B, KDR, KIF20B, KIF26B, KLF4, KLHL3, KLK14, KRAS, KRT12, KRT16, KRT17, KRT25, KRT27, KRT28, KRT6A, KRT71, LAMA1, LAMA5, LBX1, LBX2, LEF1, LGR4, LGR5, LHX1, LHX2, LIAS, LIF, LIN7C, LMO4, LRG1, LRP2, LRP5, LUZP1, LZTS2, MAGED1, MATN1, MDK, MDM2, MDM4, MED1, MED12, MEF2C, MEGF8, MESP1, MESP2, MET, MIB1, MICAL2, MIR1-1, MIR143, MIR145, MIR150, MIR15B, MIR16-1, MIR195, MIR200C, MIR21, MIR221, MKKS, MKS1, MMP12, MMP14, MMP2, MMRN2, MRTFA, MSGN1, MSN, MSX1, MSX2, MTHFD1, MTHFD1L, MTHFR, MTOR, MTSS1, MYBPC3, MYC, MYF5, MYF6, MYH6, MYH7, MYL11, MYL2, MYL3, MYLK, MYLK2, MYO9A, NAGLU, NDRG4, NF2, NFATC4, NGFR, NHERF1, NKD1, NKX2-1, NKX2-5, NKX3-1, NODAL, NOG, NOS3, NOTCH1, NOTCH2, NOTCH4, NOTO, NPHP1, NPHP3, NPNT, NR3C1, NRARP, NRG1, NRP1, NRP2, NTN1, NTN4, OPA1, OPHN1, OSR1, OVOL2, PAFAH1B1, PAK1, PALS1, PAX2, PAX8, PBX1, PCDH8, PDCD10, PDGFA, PDPN, PDX1, PFN1, PGR, PHACTR4, PHB2, PHLDB2, PIK3CD, PKD1, PKD2, PKHD1, PKP2, PLA2G10, PLET1, PLOD3, PLXNA1, PLXNB2, PLXND1, PML, PODXL, POFUT2, POU4F1, PPP1CA, PPP3R1, PRICKLE1, PRKACA, PRKACB, PRKAR1A, PRKD2, PRKX, PROX1, PSEN1, PTCD2, PTCH1, PTEN, PTK7, RAB10, RALA, RARA, RARG, RASIP1, RBM15, RBPJ, RDH10, RET, RGMA, RHOA, RHOB, RHOC, RIPK4, RNF207, ROBO1, ROBO2, RPGRIP1L, RPS7, RREB1, RSPO2, RSPO3, RYR2, S1PR1, SALL1, SALL4, SAPCD2, SCRIB, SCX, SDC4, SEC24B, SEMA3C, SEMA3E, SEMA4C, SERPINB5, SETD2, SETDB2, SFRP1, SFRP2, SH3BP1, SHH, SHOX2, SIRT6, SIX1, SIX2, SIX3, SIX4, SKI, SLC39A12, SLIT2, SMAD1, SMAD2, SMAD3, SMAD4, SMAD7, SMO, SNAI1, SNAI2, SOCS3, SOS1, SOSTDC1, SOX10, SOX11, SOX17, SOX18, SOX8, SOX9, SPINT1, SPINT2, SPRY1, SPRY2, SRC, SRF, ST14, STARD13, STAT1, STC1, STIL, STK3, STK4, STOX1, SUFU, SULF1, SYNE4, TACSTD2, TAF10, TAL1, TBX1, TBX18, TBX19, TBX2, TBX20, TBX3, TBX4, TBX5, TBX6, TBXT, TCAP, TCF15, TCF21, TCTN1, TEAD2, TFAP2A, TGFB1, TGFB1I1, TGFB2, TGFBR1, TGFBR2, TGFBR3, TGM2, TGM3, TIE1, TIMELESS, TLX2, TMED2, TMEFF2, TMEM100, TMEM59L, TMEM79, TNC, TNF, TNNC1, TNNI1, TNNI3, TNNT2, TOR1A, TP63, TPM1, TRAF3IP1, TRAF6, TRIM15, TRIM28, TRIM71, TSC1, TSC2, TTC8, TTN, TULP3, TWIST1, TWSG1, TXNRD1, VANGL2, VASP, VCL, VDR, VEGFA, VEGFC, VPS52, WDPCP, WDR1, WLS, WNK4, WNT1, WNT10A, WNT11, WNT16, WNT2, WNT2B, WNT3, WNT3A, WNT4, WNT5A, WNT5B, WNT6, WNT7A, WNT7B, WNT9B, WT1, XIRP2, YAP1, ZDHHC7, ZFPM1, ZFPM2, ZIC3
GO:0070167	regulation of biomineral tissue development	103	3	0.36	0.00562	0.012542372881355932	ACTN3, ACVR1, ACVR2A, ACVR2B, ADGRV1, ADRB2, AHSG, ALOX5, AMELX, AMTN, ANKH, ANO6, ASPN, ATF4, ATP2B1, ATRAID, BCOR, BGLAP, BMP2, BMP2K, BMP4, BMP6, BMP7, BMPR1A, BMPR1B, BMPR2, CCL3, CCN1, CCR1, CEBPB, CFTR, COMP, CYP27B1, DDR2, DMP1, ECM1, ENAM, ENPP1, FAM20C, FBN2, FBXO5, FGF23, FZD9, GAS6, GATA1, GJA1, GPM6B, GREM1, HEY1, HEY2, HIF1A, IFITM5, ISG15, KL, LTBP3, LTF, MATN1, MEF2C, MGP, MIR208A, MMP20, NBR1, NELL1, NOS3, NOTCH1, NOTUM, ODAPH, OSR1, OSR2, P2RX7, PHOSPHO1, PKDCC, PTH, PTK2B, PTN, RFLNA, RFLNB, ROCK1, ROCK2, RXRA, RXRB, S1PR1, SGMS2, SLC20A2, SLC4A2, SLC8A1, SMAD3, SOX9, SRGN, STATH, TENT5A, TFAP2A, TGFB1, TMEM119, TRPM4, TWIST1, TXLNG, VDR, WNT10B, WNT4, WNT6, ZMPSTE24, ZNF664-RFLNA
GO:0141124	intracellular signaling cassette	1914	14	6.69	0.00567	0.012542372881355932	ABCA1, ABCA7, ABI2, ABL1, ABL2, ABR, ABRA, ACE2, ACKR2, ACKR3, ACKR4, ACTA2, ACTN3, ACTN4, ACVR1, ACVR2A, ACVRL1, ADA, ADAM8, ADAM9, ADCY1, ADCY2, ADCYAP1, ADCYAP1R1, ADGRB2, ADGRG1, ADGRG3, ADGRG6, ADGRL1, ADIPOQ, ADIPOR1, ADISSP, ADM, ADNP, ADORA1, ADORA2B, ADRA1A, ADRA1B, ADRA2A, ADRA2B, ADRA2C, ADRB2, ADRB3, AGER, AGO3, AGT, AGTR1, AGTR2, AHR, AIDA, AIF1, AIM2, AJUBA, AKAP12, AKAP13, AKAP5, AKAP6, AKIP1, AKR1C2, AKR1C3, AKT1, ALKAL1, ALKAL2, ALOX12B, ALOX15, ALPK1, ALS2, AMBP, AMBRA1, AMFR, AMH, AMOT, ANGPT1, ANK2, ANKRD17, ANKRD6, APELA, APIP, APLNR, APOA1, APOC3, APOE, APOL3, APP, AQP1, AR, ARAF, ARAP1, ARF6, ARFGAP1, ARFGEF1, ARFGEF2, ARFGEF3, ARFIP2, ARHGAP1, ARHGAP10, ARHGAP11A, ARHGAP11B, ARHGAP12, ARHGAP15, ARHGAP17, ARHGAP18, ARHGAP19, ARHGAP20, ARHGAP21, ARHGAP22, ARHGAP23, ARHGAP24, ARHGAP25, ARHGAP26, ARHGAP27, ARHGAP28, ARHGAP29, ARHGAP30, ARHGAP31, ARHGAP32, ARHGAP33, ARHGAP35, ARHGAP39, ARHGAP4, ARHGAP40, ARHGAP42, ARHGAP44, ARHGAP45, ARHGAP5, ARHGAP6, ARHGAP8, ARHGAP9, ARHGDIA, ARHGDIB, ARHGDIG, ARHGEF1, ARHGEF10, ARHGEF10L, ARHGEF11, ARHGEF12, ARHGEF15, ARHGEF17, ARHGEF18, ARHGEF19, ARHGEF2, ARHGEF25, ARHGEF28, ARHGEF3, ARHGEF4, ARHGEF40, ARHGEF5, ARHGEF6, ARHGEF7, ARHGEF9, ARIH1, ARL3, ARL6IP5, ARRB1, ARRB2, ASH1L, ATF1, ATF2, ATF3, ATG14, ATOH8, ATP1A2, ATP1B1, ATP2A2, ATP2B4, ATP2C1, ATP6AP2, AUTS2, AVP, AVPI1, AVPR1A, AVPR1B, AXIN1, AXL, AZI2, AZU1, BAG4, BANK1, BCAP31, BCAR3, BCL10, BCL3, BCL6, BCR, BECN1, BHLHA15, BIRC2, BIRC3, BIRC7, BMP10, BMP2, BMP4, BMP5, BMP6, BMP7, BMPER, BMPR1A, BMPR2, BNIP1, BRAF, BRAP, BRD4, BRK1, BST1, BST2, BTBD10, BTK, BTN2A2, BTRC, C10orf71, C15orf62, C18orf32, C1QBP, C1QL4, C1QTNF1, C1QTNF12, C1QTNF3, C1QTNF4, C3AR1, C3orf33, C5AR1, CA8, CACNA1C, CACTIN, CADM4, CALCR, CALM1, CALM2, CALM3, CALR, CAMK2D, CAMKK2, CAMTA1, CANT1, CAP1, CAP2, CAPN3, CARD10, CARD11, CARD14, CARD16, CARD19, CARD8, CARD9, CARTPT, CASC2, CASP1, CASP10, CASP8, CASQ1, CASQ2, CASR, CASS4, CAT, CAV1, CAV2, CAV3, CAVIN3, CBL, CBLC, CBS, CC2D1A, CCDC125, CCDC22, CCDC88A, CCDC88C, CCL1, CCL11, CCL13, CCL14, CCL15, CCL16, CCL17, CCL18, CCL19, CCL2, CCL20, CCL21, CCL22, CCL23, CCL24, CCL25, CCL26, CCL3, CCL3L1, CCL3L3, CCL4, CCL4L1, CCL5, CCL7, CCL8, CCM2, CCN1, CCN2, CCN3, CCNA2, CCR1, CCR10, CCR2, CCR3, CCR4, CCR5, CCR6, CCR7, CCR8, CCR9, CCRL2, CD160, CD19, CD22, CD24, CD27, CD28, CD2AP, CD300A, CD36, CD3E, CD4, CD40, CD44, CD74, CD81, CD86, CDC34, CDC42, CDC42EP1, CDC42EP2, CDC42EP3, CDC42EP4, CDC42EP5, CDC42SE1, CDC42SE2, CDH13, CDH2, CDK1, CDK10, CDK2, CDK5RAP3, CDKN1A, CDKN2A, CDON, CEACAM1, CELSR1, CEP55, CFL1, CFLAR, CGAS, CGNL1, CHERP, CHI3L1, CHM, CHML, CHN1, CHN2, CHP1, CHP2, CHRM3, CHRNA10, CHRNA7, CHUK, CIB1, CILP, CITED1, CLEC4D, CLEC6A, CLEC7A, CLIC2, CMKLR1, CNKSR3, COL1A2, COL3A1, COL6A1, COL6A2, COL6A3, COPS5, COPS8, CPNE1, CREB1, CREBBP, CRH, CRIPTO, CRK, CRKL, CRNN, CRYAB, CRYBA1, CSF1, CSF1R, CSF3, CSK, CSNK1A1, CSNK2B, CSPG4, CTH, CTNNAL1, CTNNB1, CTSH, CUL1, CUL3, CX3CL1, CX3CR1, CXCL17, CXCL8, CXCR1, CXCR2, CXCR3, CXCR4, CXCR5, CXCR6, CXXC5, CYFIP1, CYLD, CYRIB, CYTH1, CYTH2, CYTH3, CYTH4, DAB1, DAB2, DAB2IP, DACT1, DAG1, DAXX, DBNL, DCN, DDAH1, DDIT3, DDRGK1, DDT, DDX1, DDX21, DDX3X, DEF6, DEFB1, DEFB114, DEFB124, DENND1A, DENND2B, DENND3, DENND4A, DENND4B, DENND4C, DGKQ, DHCR24, DHX15, DHX33, DHX36, DIPK2A, DIRAS3, DKK1, DLC1, DLG1, DMD, DMPK, DMTN, DNAJA1, DNAJA3, DNAJC27, DNMBP, DOCK1, DOCK10, DOCK11, DOCK2, DOCK3, DOCK4, DOCK5, DOCK6, DOCK7, DOCK8, DOCK9, DOK1, DOK2, DOK3, DOK4, DOK5, DOK6, DRD2, DRD3, DRD4, DSTYK, DUSP1, DUSP10, DUSP13B, DUSP16, DUSP19, DUSP2, DUSP22, DUSP26, DUSP29, DUSP3, DUSP4, DUSP5, DUSP6, DUSP7, DUSP8, DUSP9, DVL2, DVL3, DYRK2, ECM1, ECT2, EDA, EDA2R, EDAR, EDN1, EDN2, EDN3, EDNRA, EDNRB, EFHB, EFNA1, EGF, EGFR, EID2, EIF2AK2, EIF2AK3, ELANE, ELMO1, EMILIN1, ENG, EP300, EPGN, EPHA2, EPHA4, EPHA5, EPHA7, EPHA8, EPHB1, EPHB2, EPO, EPS8, EPS8L1, EPS8L2, EPS8L3, ERAS, ERBB2, ERBB3, ERBB4, ERC1, ERCC6, ERFE, ERN1, ERP29, ERRFI1, ESR1, EXTL3, EZH2, EZR, F11R, F2, F2R, F2RL1, F2RL2, F2RL3, FADD, FAM110C, FAM13A, FAM13B, FAM83D, FAM89B, FARP1, FARP2, FAS, FASLG, FBLN1, FBP1, FBXL2, FBXO8, FBXW11, FBXW7, FCGR2B, FCGR3A, FCRL3, FER, FERMT2, FFAR4, FGA, FGB, FGD1, FGD2, FGD3, FGD4, FGD5, FGF1, FGF10, FGF13, FGF18, FGF19, FGF2, FGF20, FGF21, FGF23, FGF4, FGF8, FGFR1, FGFR2, FGFR3, FGFR4, FGG, FGR, FHL2, FIS1, FKBP1A, FKBP1B, FKRP, FKTN, FLCN, FLNA, FLOT1, FLOT2, FLT1, FLT3, FLT4, FN1, FNTA, FOS, FOXM1, FOXO1, FPR1, FPR2, FRMD7, FRS2, FSHR, FZD10, FZD7, G3BP1, G3BP2, GAB2, GABARAP, GADD45A, GADD45B, GADD45G, GAL, GAPDH, GAREM1, GARNL3, GARRE1, GAS6, GATA3, GBA1, GBF1, GBP1, GBP7, GCG, GCNT2, GDF11, GDF15, GDF2, GDF5, GDF6, GDF7, GDI1, GDI2, GFRAL, GH1, GHR, GHRHR, GHRL, GIP, GIPR, GIT1, GIT2, GJA1, GLCE, GLIPR2, GLP1R, GMIP, GNA12, GNA13, GNA15, GNAI1, GNAI2, GNB1, GOLT1B, GPBAR1, GPER1, GPNMB, GPR143, GPR17, GPR174, GPR18, GPR183, GPR199P, GPR20, GPR3, GPR35, GPR37, GPR37L1, GPR4, GPR55, GPR61, GPR62, GPR65, GPR89A, GPRC5B, GPS1, GPS2, GPX1, GRAP, GRAP2, GRB10, GRB2, GREM1, GRIK2, GRIN1, GRIN2A, GRIN2B, GRIN2C, GRIN2D, GRM1, GRM2, GRM4, GRM5, GSDME, GSK3B, GSTM2, GSTO1, GSTP1, GUCA1A, GUCA1ANB-GUCA1A, GUCA2B, GUCY1A1, GUCY1A2, GUCY1B1, GUCY2D, GUCY2F, HACD3, HACE1, HAND2, HAVCR2, HAX1, HBEGF, HCLS1, HCRTR1, HCST, HDAC1, HDAC3, HDAC7, HEG1, HERC5, HESX1, HFE, HGF, HINT1, HIP1, HIPK2, HIPK3, HLA-DRB1, HLA-G, HMGB1, HMGCR, HMOX1, HOMER2, HOMER3, HPCA, HPSE, HRAS, HRC, HRH4, HSF1, HSPB1, HTR2A, HTR2B, HTR2C, HTT, HYAL2, IAPP, ICAM1, IFI35, IFIT5, IGBP1, IGF1, IGF1R, IGF2, IGFBP3, IGFBP4, IGFBP5, IGFBP6, IKBKB, IKBKE, IKBKG, IL11, IL12B, IL18, IL18R1, IL1A, IL1B, IL23A, IL26, IL31RA, IL34, IL6, ILK, INAVA, INHBA, INPP5E, INPP5F, INPP5K, INS, INSL3, INSR, IQGAP1, IQGAP3, IQSEC1, IQSEC2, IQSEC3, IRAG1, IRAK1, IRAK1BP1, IRAK2, IRAK3, IRAK4, IRF3, IRGM, IRS1, IRS2, ITCH, ITGA1, ITGA3, ITGAV, ITGB1, ITGB1BP1, ITGB3, ITPKB, ITPR1, ITPR2, ITPR3, ITSN1, JAK2, JCAD, JMJD8, JPT2, JUN, KALRN, KANK1, KANK2, KARS1, KBTBD2, KBTBD6, KBTBD7, KCNC2, KCNJ11, KCNJ8, KCTD10, KCTD13, KDR, KIAA0319, KIF14, KISS1, KIT, KITLG, KL, KLB, KLHDC10, KLHL31, KNDC1, KRAS, KRIT1, KSR1, KSR2, LACRT, LAMTOR1, LAMTOR2, LAMTOR3, LAMTOR5, LAPTM5, LAT, LAT2, LAX1, LBH, LDLRAD4, LEMD2, LEP, LGALS1, LGALS9, LHCGR, LIF, LILRA5, LILRB4, LIME1, LIMK1, LIMS1, LIN28A, LIPA, LITAF, LMCD1, LMO3, LOC102724560, LOX, LPAR1, LPAR2, LPAR3, LPAR4, LPAR6, LRP1, LRP2, LRP4, LRRC19, LRRK2, LTB, LTBR, LTF, LTK, LURAP1, LURAP1L, LYN, LZTR1, MADD, MAFA, MAGI2, MALT1, MAP1LC3A, MAP2K1, MAP2K2, MAP2K3, MAP2K4, MAP2K5, MAP2K6, MAP2K7, MAP3K1, MAP3K10, MAP3K11, MAP3K12, MAP3K13, MAP3K14, MAP3K15, MAP3K2, MAP3K20, MAP3K21, MAP3K3, MAP3K4, MAP3K5, MAP3K6, MAP3K7, MAP3K8, MAP3K9, MAP4K1, MAP4K2, MAP4K3, MAP4K4, MAP4K5, MAPK1, MAPK10, MAPK11, MAPK12, MAPK13, MAPK14, MAPK15, MAPK3, MAPK4, MAPK6, MAPK7, MAPK8, MAPK8IP1, MAPK8IP2, MAPK8IP3, MAPK9, MAPKAP1, MAPKAPK2, MAPKAPK3, MAPKAPK5, MAPKBP1, MAPRE2, MAPT, MARCO, MARVELD3, MAS1, MAVS, MAZ, MBIP, MBP, MCF2, MCF2L, MCOLN1, MCOLN2, MCOLN3, MCTP1, MCTP2, MCU, MDFIC, MECOM, MEF2A, MEF2C, MEIS3, MEN1, MERTK, MET, MFAP3, MFHAS1, MFN2, MGRN1, MIB2, MID1, MID2, MIER1, MIF, MINK1, MIR1-1, MIR101-1, MIR126, MIR130A, MIR132, MIR133A1, MIR133B, MIR138-1, MIR140, MIR145, MIR146A, MIR149, MIR15A, MIR15B, MIR16-1, MIR181A2, MIR181B1, MIR181D, MIR182, MIR185, MIR195, MIR199A1, MIR200C, MIR204, MIR205, MIR206, MIR20A, MIR21, MIR218-1, MIR221, MIR223, MIR23A, MIR24-1, MIR26A1, MIR26B, MIR27A, MIR27B, MIR29A, MIR29B1, MIR29C, MIR30C2, MIR323A, MIR34A, MIR34B, MIR34C, MIR365A, MIR375, MIR424, MIR449A, MIR483, MIR497, MIR503, MIR508, MIR519D, MIR675, MIR766, MIR885, MIR9-1, MIR92A1, MIRLET7B, MIRLET7F1, MIRLET7G, MKRN2, MMD2, MOS, MRAS, MST1R, MSTN, MT3, MTDH, MTM1, MTNR1B, MTOR, MTURN, MUL1, MYC, MYD88, MYDGF, MYO9A, MYO9B, MYOC, MYORG, MYOZ1, MYOZ2, NAIP, NBR1, NCALD, NCF1, NCKAP1, NCOR1, NDFIP1, NDFIP2, NDNF, NDP, NDRG2, NDRG4, NDST1, NECAB2, NEDD4, NEK10, NEK6, NELFE, NENF, NET1, NEUROD1, NEUROD2, NF1, NF2, NFAT5, NFATC1, NFATC2, NFATC3, NFATC4, NFKB1, NFKB2, NFKBIA, NFKBIB, NFKBIL1, NGEF, NGF, NGFR, NHERF1, NHERF4, NISCH, NKD1, NKIRAS1, NKIRAS2, NKX3-1, NLK, NLRC3, NLRP12, NLRP2, NLRP3, NLRP6, NLRX1, NMI, NMNAT1, NMUR1, NMUR2, NOD1, NOD2, NODAL, NOG, NOP53, NOS1, NOS1AP, NOS2, NOS3, NOTCH1, NOTCH2, NOX1, NOX4, NPFFR2, NPHS1, NPNT, NPPA, NPPB, NPPC, NPR1, NPR2, NPSR1, NPY5R, NR1D1, NR1H4, NR3C2, NR5A1, NR5A2, NRAS, NRG1, NRK, NRP1, NRTN, NTF3, NTN1, NTRK1, NTRK2, NTRK3, NTS, NUCB1, NUCB2, NUDT4, NUP62, NUP93, NYAP1, NYAP2, OBSCN, OGT, OPHN1, OPRK1, OPRL1, OPRM1, OPTN, OR2AT4, OR51E2, OSBPL8, OSM, OTUD3, OTUD7B, OVOL2, OXTR, P2RX2, P2RX3, P2RX4, P2RX5, P2RX7, P2RY1, P2RY10, P2RY11, P2RY12, P2RY6, P2RY8, PABPN1, PAFAH1B1, PAGE4, PAK1, PAK2, PAK3, PAK4, PAK5, PAK6, PAQR3, PARK7, PARP1, PAX2, PBK, PDCD10, PDCD4, PDCD6, PDE10A, PDE11A, PDE1A, PDE1B, PDE1C, PDE2A, PDE3A, PDE3B, PDE4A, PDE4B, PDE4C, PDE4D, PDE5A, PDE6A, PDE6B, PDE6C, PDE6G, PDE6H, PDE7A, PDE7B, PDE8A, PDE8B, PDE9A, PDGFA, PDGFB, PDGFC, PDGFD, PDGFRA, PDGFRB, PDK2, PDPK1, PDPN, PDX1, PEA15, PEAR1, PEBP1, PELI1, PELI2, PER1, PEX5L, PHACTR4, PHB1, PHB2, PHLDA3, PHLPP1, PIDD1, PIK3AP1, PIK3CA, PIK3CB, PIK3CD, PIK3CG, PIK3IP1, PIK3R1, PIK3R2, PIK3R3, PIK3R4, PIK3R5, PIK3R6, PIM2, PIN1, PINK1, PIP5K1A, PIP5K1B, PIP5K1C, PJA2, PKD2, PKHD1, PLA2G1B, PLA2G2A, PLA2G4B, PLA2G5, PLCB1, PLCE1, PLCG1, PLCG2, PLD1, PLD2, PLEK, PLEKHA1, PLEKHG1, PLEKHG3, PLEKHG4, PLEKHG4B, PLEKHG5, PLEKHG6, PLEKHG7, PLK2, PLK3, PLN, PLVAP, PLXNB1, PMEPA1, PML, POMC, POU4F2, PPARA, PPARD, PPARG, PPEF2, PPIA, PPM1A, PPM1B, PPM1L, PPM1N, PPP1CB, PPP1CC, PPP1R16B, PPP1R9A, PPP1R9B, PPP2CA, PPP2CB, PPP2R1A, PPP3CA, PPP3CB, PPP3CC, PPP3R1, PPP3R2, PPP5C, PRAG1, PRDM11, PRDM15, PRDX1, PRDX2, PRDX4, PREX1, PREX2, PRKAA1, PRKACA, PRKCA, PRKCB, PRKCD, PRKCE, PRKCZ, PRKD1, PRKD2, PRKG1, PRKN, PRL, PRMT1, PRMT5, PRNP, PROK1, PRR5, PRR5L, PRXL2C, PSCA, PSD, PSD2, PSD3, PSD4, PSMD10, PTBP1, PTEN, PTGDR2, PTGER4, PTGFR, PTH, PTK2, PTK2B, PTP4A3, PTPN1, PTPN11, PTPN13, PTPN2, PTPN22, PTPN3, PTPN6, PTPN7, PTPRC, PTPRJ, PTPRR, PYCARD, PYDC2, QARS1, RAB12, RAB15, RAB18, RAB21, RAB30, RAB33A, RAB33B, RAB35, RAB38, RAB39A, RAB39B, RAB4A, RAB4B, RAB6C, RAB9A, RAB9B, RABGEF1, RABIF, RABL3, RAC1, RAC2, RAC3, RACGAP1, RACK1, RAF1, RALA, RALB, RALBP1, RALGAPA1, RALGAPA2, RALGAPB, RALGDS, RALGPS1, RALGPS2, RAMP3, RANBP9, RAP1A, RAP1B, RAP1BL, RAP1GAP, RAP1GAP2, RAP1GDS1, RAP2A, RAP2B, RAP2C, RAPGEF1, RAPGEF2, RAPGEF3, RAPGEF4, RAPGEF5, RAPGEF6, RAPGEFL1, RASA2, RASA3, RASA4, RASA4B, RASAL1, RASAL3, RASD1, RASD2, RASGEF1A, RASGEF1B, RASGEF1C, RASGRF1, RASGRF2, RASGRP1, RASGRP2, RASGRP3, RASGRP4, RASIP1, RASL10A, RASSF1, RASSF2, RB1, RB1CC1, RBCK1, RBPMS, RBX1, RC3H1, RC3H2, RCAN1, RCAN2, RCAN3, RCE1, RCN3, RDX, REL, RELA, RELB, RELL1, RELL2, RELN, REM1, REN, RERG, RET, RFPL1, RFPL2, RFPL3, RFPL4A, RFPL4AL1, RFXANK, RGL1, RGL2, RGL3, RGL4, RGN, RGS14, RGS19, RGS2, RHBDD3, RHEB, RHEBL1, RHOA, RHOB, RHOBTB1, RHOBTB2, RHOC, RHOD, RHOF, RHOG, RHOH, RHOJ, RHOQ, RHOT1, RHOT2, RHOU, RHOV, RICTOR, RILPL1, RIN2, RIOK3, RIPK1, RIPK2, RIPK3, RIPOR1, RIPOR2, RIT1, RIT2, RND1, RND2, RND3, RNF149, RNF31, RNF41, ROBO1, ROCK1, ROCK2, ROPN1B, ROR1, RORA, ROS1, RPS3, RPS6KA6, RPS6KB1, RPS6KB2, RRAD, RRAGC, RRAS, RRAS2, RTKN, RTKN2, RTN4, RTN4R, RUBCN, RUFY1, RUNDC3A, RUNX2, RXFP2, RYK, RYR1, RYR2, RYR3, S100A12, S100A13, S100A4, S100A7, S100B, SAMD14, SASH1, SBK2, SCAI, SCG2, SCIMP, SCT, SCTR, SDCBP, SECTM1, SELE, SELENOK, SELP, SEMA3A, SEMA3E, SEMA4C, SEMA4D, SEMA5A, SEMA6A, SEMA7A, SERPINA12, SERPINB3, SERPINE2, SERPINF2, SESN2, SESN3, SETX, SFRP5, SGCD, SGSM3, SH2B1, SH2B2, SH2B3, SH2D3A, SH2D3C, SH3BP1, SH3RF1, SH3RF2, SH3RF3, SHANK3, SHARPIN, SHC1, SHISA5, SHOC2, SHTN1, SIAH2, SIPA1, SIPA1L1, SIPA1L2, SIPA1L3, SIRPA, SIRT1, SIRT3, SKI, SLA, SLA2, SLAMF1, SLC20A1, SLC24A4, SLC30A10, SLC35B2, SLC39A8, SLC44A2, SLC8A1, SLC8A2, SLC9A1, SLIT2, SMAD1, SMAD2, SMAD3, SMAD4, SMAD5, SMAD6, SMAD7, SMAD9, SMPD1, SMPD3, SNIP1, SOD1, SORBS3, SOS1, SOS2, SOX2, SOX9, SPAG9, SPATA13, SPHK1, SPHK2, SPI1, SPINK1, SPPL3, SPRED1, SPRED2, SPRED3, SPRY1, SPRY2, SPRY3, SPRY4, SPTBN1, SQSTM1, SRC, SRGAP2, SRGAP3, SSTR4, SSX2IP, STAMBP, STARD13, STARD8, STAT1, STAT3, STIMATE, STK11, STK19, STK25, STK3, STK38, STK39, STK4, STK40, STMN1, STMN3, STOX1, STRADB, STUB1, STYX, STYXL2, SUMO4, SWAP70, SYDE1, SYDE2, SYK, SYNGAP1, SYNJ2BP, SYNPO2L, SYT14P1, TAB1, TAB2, TAB3, TAGAP, TANK, TAOK1, TAOK2, TAOK3, TAX1BP3, TBC1D10C, TBK1, TBX1, TBX20, TCF7L2, TCIM, TEK, TENM1, TERF2IP, TF, TFG, TFRC, TGFA, TGFB1, TGFB2, TGFB3, TGFBR1, TGFBR2, TGFBR3, TGM2, THBS1, THEM4, THPO, TIAM1, TIAM2, TICAM1, TICAM2, TIFA, TIFAB, TIRAP, TLE1, TLR2, TLR3, TLR4, TLR6, TLR7, TLR8, TLR9, TMBIM4, TMED4, TMEM100, TMEM101, TMEM106A, TMEM38A, TMEM38B, TMEM9B, TMSB4X, TNF, TNFAIP1, TNFAIP3, TNFAIP8L3, TNFRSF10A, TNFRSF10B, TNFRSF11A, TNFRSF19, TNFRSF1A, TNFSF10, TNFSF11, TNFSF14, TNFSF15, TNIK, TNIP1, TNIP2, TNIP3, TNK2, TNNI3, TOB1, TP53, TP73, TPBG, TPCN1, TPCN2, TPD52L1, TRADD, TRAF1, TRAF2, TRAF3, TRAF3IP2, TRAF4, TRAF5, TRAF6, TRAF7, TRAT1, TREM2, TRIB1, TRIM13, TRIM15, TRIM21, TRIM22, TRIM25, TRIM26, TRIM32, TRIM34, TRIM38, TRIM39, TRIM40, TRIM44, TRIM5, TRIM52, TRIM55, TRIM56, TRIM58, TRIM59, TRIM6, TRIM60, TRIM62, TRIM67, TRIM68, TRIM8, TRIO, TRIP6, TRPA1, TRPM2, TRPM4, TRPM5, TRPM8, TRPV1, TRPV4, TSC2, TSPAN6, TSPYL5, TWIST1, TWSG1, TXN, TYRO3, UACA, UBD, UBE2B, UBE2N, UBE2V1, UBE3A, UCHL1, UCMA, UCN, UFL1, ULK4, UNC5B, UNC5CL, USO1, USP10, USP17L2, USP20, USP50, USP8, VAPA, VAV1, VAV2, VAV3, VCAM1, VCP, VEGFA, VEPH1, VRK2, VRK3, WAS, WASF1, WASF2, WDR54, WDR83, WDR91, WLS, WNK2, WNK4, WNT16, WNT4, WNT5A, WNT7A, WNT7B, WWC1, WWTR1, XCL1, XCL2, XCR1, XDH, XIAP, YWHAE, YWHAQ, YWHAZ, ZAP70, ZC3H12A, ZDHHC13, ZDHHC17, ZDHHC9, ZFAND6, ZFP36, ZFP36L1, ZFP36L2, ZFP91, ZMIZ1, ZMPSTE24, ZMYND11, ZNF622, ZNF675
GO:0060322	head development	782	8	2.73	0.00573	0.012542372881355932	AARS1, AATK, ABAT, ABCB6, ABL1, ACTB, ADGRG1, AFF2, AFG2A, AGTPBP1, AGTR2, AHI1, AIM2, AK8, AKIRIN2, AKNA, AKT3, ALDH1A2, ALDH1A3, ALK, AMIGO1, AMIGO2, AMIGO3, ANAPC7, ANKRD11, ANP32B, ANXA3, APAF1, APLP1, APOD, APP, AQP1, ARCN1, ARHGAP11B, ARHGAP35, ARID5B, ARL13B, ARNT2, ARX, ASCL1, ASPH, ASPM, ATAT1, ATF2, ATF5, ATG16L1, ATIC, ATM, ATOH1, ATP1A2, ATP1B2, ATP2B4, ATP5PB, ATP5PF, ATP6AP2, ATP7A, ATRN, ATRX, ATXN1, ATXN1L, AVPR1A, AVPR2, AXIN1, AXL, B2M, B4GALT2, BAG6, BARHL1, BASP1, BAX, BBS1, BBS2, BBS4, BBS7, BCAN, BCL11B, BCL2, BCR, BGLAP, BMERB1, BMI1, BMP2, BMP4, BMP5, BMP7, BMPR1A, BNIP3, BPTF, BRAF, BRCA2, BRINP1, BTBD3, BTG2, C12orf57, C21orf91, C2CD3, CA10, CALM1, CALM2, CALM3, CASP3, CASP5, CBLN1, CBS, CCDC134, CCDC14, CCDC141, CCDC32, CCDC39, CCDC85C, CCKAR, CD3E, CDC42, CDH1, CDH2, CDK5, CDK5R1, CDK5R2, CDK5RAP1, CDK5RAP2, CDK5RAP3, CDK6, CDON, CELSR2, CEND1, CENPF, CEP120, CEP290, CFAP43, CHD5, CHD7, CHD8, CHRNB2, CIC, CITED1, CKB, CLDN5, CLN5, CLP1, CMA1, CNP, CNTN1, CNTN4, CNTN5, CNTNAP2, COL1A1, COL2A1, COL3A1, COL4A1, COMT, COQ8B, CORO1C, COX1, COX6B1, CREB1, CRH, CRISPLD1, CRISPLD2, CRK, CRKL, CSF1R, CSNK1D, CSNK2A2, CSRNP1, CTNNA2, CTNNB1, CTNS, CX3CR1, CXCL12, CXCR2, CXCR4, DAB1, DAB2IP, DCLK1, DCLK2, DCT, DDIT4, DDX10, DHX37, DIAPH3, DISC1, DIXDC1, DKK1, DLC1, DLG5, DLL1, DLX1, DLX2, DLX5, DLX6, DMBX1, DMRTA2, DNAH5, DNAJB1, DNAJC30, DOCK7, DPCD, DRAXIN, DRD1, DRD2, DSCAML1, DYNC2H1, DYNLL1, E2F1, EDNRA, EEF1AKMT4-ECE2, EFHC1, EFNA2, EGF, EGFR, EGR2, EIF2B5, ELAVL4, EML1, EMX1, EMX2, EN1, EN2, EOMES, EP300, EPHA5, EPHA7, EPHB1, EPHB2, EPHB3, EPOR, ERBB4, EXT1, EZH1, EZH2, FAIM2, FANCC, FANCD2, FAT4, FBXO45, FBXW11, FCGR2B, FEZ1, FEZF1, FEZF2, FGF10, FGF13, FGF2, FGF8, FGF9, FGFR1, FGFR2, FKRP, FLNA, FLRT3, FLVCR1, FOXB1, FOXC1, FOXG1, FOXJ1, FOXO3, FOXP1, FOXP2, FOXR1, FRS2, FUT1, FUT10, FXR1, FXR2, FYN, FZD1, FZD3, FZD4, FZD6, G6PD, GART, GAS8, GATA2, GBA1, GBX2, GDF10, GDF7, GHRH, GHRHR, GIT1, GIT2, GLI1, GLI2, GLI3, GLUD1, GNB4, GNPAT, GPR158, GPR37L1, GRHL2, GRIA1, GRID2, GRIN1, GRIN2A, GRIN2B, GRIN2C, GRIN2D, GSC, GSK3B, GSX1, GSX2, H2AX, H2BC12L, HAP1, HDAC1, HERC1, HES1, HES5, HESX1, HIF1A, HMX2, HMX3, HNF1B, HNRNPD, HOOK3, HOXA2, HOXB1, HOXB2, HOXB3, HPRT1, HSD3B1, HSD3B2, HSPA5, HSPG2, HTR5A, HTR6, HTRA2, HYDIN, ID2, ID4, IER3IP1, IFT172, IGF1R, IGF2BP1, IHH, IL11RA, IMMP2L, INA, INHBA, INHBB, IRS2, ISL1, ITGAM, ITGB1, JHY, KAT2A, KCNA1, KCNA2, KCNA3, KCNC1, KCNC2, KCNE1, KDM1A, KDM2B, KDM4B, KDM6B, KDM7A, KIF14, KIF26A, KIF27, KIRREL3, KLHL1, KNDC1, KRAS, LAMB1, LARGE1, LDB1, LEF1, LHX1, LHX2, LHX3, LHX5, LHX6, LHX8, LIMK2, LMX1A, LOC102724560, LPAR1, LRP2, LRP6, LRP8, LRRK2, MACO1, MACROD2, MACROH2A2, MAFB, MAOB, MAP1S, MAP2K1, MAP2K2, MAPK1, MAPK3, MAPKAP1, MAS1, MAST1, MATCAP1, MBOAT7, MBP, MCPH1, MDGA1, MDK, MECP2, MED1, MEIS1, MEIS2, MEIS3, MEIS3P1, METTL14, METTL3, MFSD2A, MGARP, MINK1, MKKS, MKS1, MMP14, MMP2, MNAT1, MSX1, MTPN, MYH3, MYO16, NAGLU, NANOS1, NAPA, NARS1, NCOA1, NCOA6, NCOR2, NCSTN, ND4, NDE1, NDEL1, NDNF, NDRG2, NDST1, NDUFS3, NDUFS4, NEFL, NES, NEUROD1, NEUROD2, NEUROD6, NEUROG1, NEUROG2, NEUROG3, NF1, NF2, NFASC, NFIB, NHLH2, NIN, NIPBL, NKX2-1, NKX2-2, NKX2-6, NLGN4X, NME5, NNAT, NODAL, NOG, NOTCH1, NOTCH2NLA, NOTCH2NLB, NOTCH2NLC, NOTCH3, NPY, NR0B1, NR2E1, NR2F2, NR4A2, NRCAM, NRG3, NRP1, NRP2, NSUN5, NTRK2, NUMB, NUMBL, ODAD2, ODAD3, ODAD4, OGDH, OLIG2, OPHN1, OSR2, OTP, OTX1, OTX2, OXTR, P2RY12, PADI2, PAFAH1B1, PALS1, PAX2, PAX5, PAX6, PAX9, PBX1, PBX2, PBX3, PBX4, PCDH18, PCDH9, PCM1, PCSK1, PDGFRA, PDSS2, PEX13, PEX5, PFAS, PGAP1, PHACTR1, PHF8, PHGDH, PHLPP2, PHOX2A, PHOX2B, PITPNM1, PITX1, PITX2, PITX3, PLCB1, PLEKHA1, PLP1, PLXNA1, PLXNA2, PLXNA3, PLXNA4, PLXNB2, POMGNT1, POMK, POMT2, POTEE, POU1F1, POU3F1, POU3F2, POU3F3, POU3F4, POU4F1, POU6F1, PPP1R9B, PPT1, PRDM13, PRDM8, PRICKLE1, PRKDC, PRKG1, PROP1, PROX1, PSEN1, PSMG1, PTCH1, PTCHD1, PTEN, PTF1A, PTPN11, PTPRS, PYGO2, QARS1, RAB18, RAB3GAP1, RAC3, RAD1, RAF1, RAN, RAPGEF2, RARA, RARB, RARG, RAX, RBBP4, RBBP7, RBPJ, RELN, RERE, RFX4, RHOA, ROBO1, ROBO2, ROGDI, RORA, RPGRIP1L, RRAS, RRM1, RTN1, RTN3, RTN4, RTN4R, RTN4RL1, RYK, S100A1, S1PR1, SALL1, SCN2A, SCN5A, SCRIB, SCT, SCX, SCYL2, SDF4, SEC16A, SEC24B, SECISBP2, SELENOP, SEMA3A, SEMA3E, SEMA4C, SEMA5A, SEMA6B, SEMA6D, SEMA7A, SERPINE2, SETD1A, SETD2, SEZ6, SFRP1, SFRP2, SGPL1, SHANK3, SHH, SHROOM2, SHROOM4, SIN3A, SIRT2, SIX3, SKI, SKOR2, SLC1A1, SLC1A2, SLC23A1, SLC25A46, SLC2A1, SLC32A1, SLC38A2, SLC4A10, SLC6A17, SLC6A3, SLC6A4, SLC7A11, SLIT1, SLIT2, SLITRK5, SMAD1, SMARCA1, SMG9, SMO, SOS1, SOX1, SOX11, SOX12, SOX14, SOX15, SOX2, SOX21, SOX3, SOX4, SOX6, SOX9, SPEF2, SPHK1, SPHK2, SPTBN2, SRC, SRD5A1, SRD5A2, SRF, SRGAP2, SRGAP2C, SRY, SSBP3, SSTR1, SSTR2, SSTR3, SSTR4, STIL, STK36, STRA6, STXBP3, SUDS3, SUN1, SUN2, SYNE2, SYNGR3, SYPL2, SZT2, TACC1, TACC2, TACC3, TAF1, TAL2, TBC1D23, TBR1, TBX1, TBX19, TBX3, TCTN1, TFAP2D, TGFB3, TGFBR2, TH, TIPARP, TMEM108, TMEM14B, TMX2, TNR, TOP2B, TOX, TP53, TRA2B, TRABD2A, TRAPPC9, TRNP1, TSC1, TSKU, TTBK1, TTBK2, TTC21B, TTC8, TTLL1, TUBA1A, TUBB2A, TUBB2B, TUBGCP2, TULP3, TWSG1, TYRO3, TYROBP, UBA6, UBB, UBE3A, UCHL5, UFC1, UFM1, UGP2, UNC5C, UNCX, UPF3B, UQCRQ, UTP3, VAX1, VAX2, VCX, VCX2, VCX3A, VCX3B, VCY, VCY1B, VPS51, WDR11, WDR37, WDR47, WDR62, WDR89, WHRN, WLS, WNT1, WNT2, WNT2B, WNT3, WNT3A, WNT4, WNT5A, WNT7A, WNT7B, WNT9B, XRCC1, XRN2, YWHAE, YWHAH, YWHAQ, ZDHHC16, ZEB1, ZFAND5, ZIC1, ZIC2, ZIC3, ZMIZ1, ZNF148, ZNF335, ZNF365, ZNF430, ZSWIM6
GO:0006796	phosphate-containing compound metabolic process	2559	17	8.94	0.00583	0.012542372881355932	AADAT, AAK1, AASS, AATK, ABCA2, ABCA3, ABCA8, ABCC6, ABCD1, ABHD12, ABHD12B, ABHD14B, ABHD16A, ABHD16B, ABHD3, ABHD4, ABHD5, ABHD6, ABI1, ABI2, ABL1, ABL2, ACACA, ACACB, ACAT1, ACLY, ACMSD, ACOT1, ACOT11, ACOT12, ACOT2, ACOT4, ACOT6, ACOT7, ACOT8, ACOT9, ACP2, ACP3, ACP4, ACP5, ACP6, ACSBG1, ACSBG2, ACSF2, ACSF3, ACSL1, ACSL3, ACSL4, ACSL5, ACSL6, ACSM1, ACSM2A, ACSM2B, ACSM3, ACSM4, ACSM5, ACSM6, ACSS1, ACSS2, ACTB, ACTN3, ACVR1, ACVR1B, ACVR1C, ACVR2A, ACVR2B, ACVRL1, ACYP1, ACYP2, ADA, ADAL, ADAM10, ADAM17, ADAM9, ADAR, ADARB1, ADCK1, ADCK2, ADCK5, ADCY1, ADCY10, ADCY2, ADCY3, ADCY4, ADCY5, ADCY6, ADCY7, ADCY8, ADCY9, ADCYAP1, ADCYAP1R1, ADGRF5, ADIPOQ, ADK, ADM2, ADNP, ADORA1, ADPGK, ADRA2A, ADRA2B, ADRA2C, ADRB2, ADSL, ADSS1, ADSS2, ADTRP, AFMID, AGAP2, AGER, AGK, AGPAT1, AGPAT2, AGPAT3, AGPAT4, AGPAT5, AGT, AGTR2, AIDA, AJUBA, AK1, AK2, AK3, AK4, AK5, AK6, AK7, AK8, AK9, AKAP9, AKR1A1, AKT1, AKT1S1, AKT2, AKT3, AKTIP, ALDH18A1, ALDH1L1, ALDH1L2, ALDOA, ALDOB, ALDOC, ALK, ALOX15, ALOX15B, ALPG, ALPI, ALPK1, ALPK2, ALPK3, ALPL, ALPP, ALS2, AMBRA1, AMHR2, AMPD1, AMPD2, AMPD3, ANG, ANGPT1, ANGPT4, ANGPTL3, ANKK1, ANKLE2, ANKRD54, ANTKMT, APC, APLNR, APOA1, APOA2, APOA4, APOC1, APOC2, APOE, APP, APRT, AR, ARAF, AREG, ARHGEF2, ARHGEF5, ARL2, ARL2BP, ARPP19, ARR3, ARRB1, ARRB2, ASMTL, ASPDH, ATF2, ATG14, ATIC, ATM, ATP13A2, ATP1A2, ATP1B1, ATP2B4, ATP5F1A, ATP5F1B, ATP5F1C, ATP5F1D, ATP5F1E, ATP5F1EP2, ATP5IF1, ATP5MC1, ATP5MC2, ATP5MC3, ATP5ME, ATP5MF, ATP5MG, ATP5MGL, ATP5MJ, ATP5MK, ATP5PB, ATP5PD, ATP5PF, ATP5PO, ATP6, ATP6V0C, ATP6V1A, ATP6V1B1, ATP6V1B2, ATP8, ATPSCKMT, ATR, AURKA, AURKB, AURKC, AVP, AVPR1B, AXIN1, AXIN2, AXL, AZU1, BAAT, BAD, BAG4, BAK1, BANK1, BARD1, BAX, BAZ1B, BCAR3, BCCIP, BCKDK, BCL10, BCL2, BCR, BDKRB1, BDKRB2, BDNF, BECN1, BEND3, BGLAP, BIRC5, BIRC6, BLK, BLM, BMP2, BMP2K, BMP4, BMP6, BMP7, BMPR1A, BMPR1B, BMPR2, BMX, BOD1, BORA, BPGM, BPNT1, BPNT2, BRAF, BRAT1, BRD2, BRSK1, BRSK2, BST1, BTBD10, BTK, BTRC, BUB1, BUB1B, C3, C5AR1, C8orf44-SGK3, C9orf72, CAB39, CACNB4, CACTIN, CACUL1, CAD, CADM1, CADM4, CALCA, CALM1, CALM2, CALM3, CAMK1, CAMK1D, CAMK1G, CAMK2A, CAMK2B, CAMK2D, CAMK2G, CAMK2N1, CAMK2N2, CAMK4, CAMKK1, CAMKK2, CAMKV, CAMP, CAMTA1, CAPN2, CARD10, CARD11, CARD14, CARTPT, CASK, CASS4, CAV1, CAV3, CBFA2T3, CBL, CBLB, CBLC, CCDC88A, CCDC88C, CCL11, CCL19, CCL2, CCL5, CCN1, CCNA1, CCNA2, CCNB1, CCNB2, CCNB3, CCND1, CCND2, CCND3, CCNE1, CCNE2, CCNF, CCNG1, CCNG2, CCNH, CCNI, CCNI2, CCNJ, CCNJL, CCNK, CCNO, CCNP, CCNT1, CCNT2, CCNY, CCNYL1, CCNYL2, CCNYL3, CCR7, CD109, CD24, CD244, CD300A, CD33, CD36, CD38, CD3E, CD4, CD40, CD44, CD6, CD74, CD80, CD86, CDA, CDC14A, CDC14B, CDC14C, CDC25A, CDC25B, CDC25C, CDC37, CDC42BPA, CDC42BPB, CDC42BPG, CDC6, CDC7, CDCA2, CDH5, CDIPT, CDK1, CDK10, CDK11A, CDK11B, CDK12, CDK13, CDK14, CDK15, CDK16, CDK17, CDK18, CDK19, CDK2, CDK20, CDK2AP1, CDK3, CDK4, CDK5, CDK5R1, CDK5R2, CDK5RAP1, CDK5RAP3, CDK6, CDK7, CDK8, CDK9, CDKL1, CDKL2, CDKL3, CDKL4, CDKL5, CDKN1A, CDKN1B, CDKN1C, CDKN2A, CDKN2B, CDKN2C, CDKN2D, CDKN3, CDON, CDS1, CDS2, CEACAM1, CEMIP, CENPE, CEP43, CEP85, CEPT1, CERK, CERKL, CETP, CHAT, CHEK1, CHEK2, CHI3L1, CHKA, CHKB, CHMP6, CHP1, CHP2, CHPT1, CHRM5, CHRNA3, CHRNA7, CHUK, CIB1, CIITA, CILK1, CIMAP3, CISH, CIT, CKB, CKM, CKMT1A, CKMT1B, CKMT2, CLCF1, CLDN19, CLDN3, CLEC6A, CLIP3, CLK1, CLK2, CLK3, CLK4, CLN3, CLN8, CLP1, CLPX, CLSPN, CMPK1, CMPK2, CNEP1R1, CNKSR3, CNOT7, CNOT9, CNP, CNTF, COASY, COL6A1, COPS2, COPS8, COQ8A, CORO1C, COX11, CPS1, CREB1, CREBL2, CRH, CRIPTO, CRKL, CRLF1, CRLS1, CROT, CRY2, CRYL1, CSF1, CSF1R, CSF2, CSF3, CSH1, CSH2, CSHL1, CSK, CSNK1A1, CSNK1A1L, CSNK1D, CSNK1E, CSNK1G1, CSNK1G2, CSNK1G3, CSNK2A1, CSNK2A2, CSNK2A3, CSNK2B, CSPG4, CTBP1, CTDNEP1, CTDP1, CTDSP1, CTDSP2, CTDSPL, CTF1, CTNS, CTPS1, CTPS2, CTSG, CTTNBP2NL, CWH43, CX3CL1, CX3CR1, CYP2W1, DAB2, DAB2IP, DAPK1, DAPK2, DAPK3, DAPP1, DAXX, DBI, DBNDD1, DBNDD2, DCAF1, DCAKD, DCK, DCLK1, DCLK2, DCLK3, DCTD, DCTPP1, DCXR, DDHD1, DDIT4, DDR1, DDR2, DDRGK1, DDX3X, DEFB114, DEPTOR, DERA, DGAT1, DGAT2, DGKA, DGKB, DGKD, DGKE, DGKG, DGKH, DGKI, DGKK, DGKQ, DGKZ, DGUOK, DHDDS, DHODH, DHRS7B, DHTKD1, DHX34, DIP2A, DIPK2A, DIRAS3, DKK1, DLAT, DLC1, DLD, DLG1, DLG2, DLG3, DLG4, DLST, DMAC2L, DMD, DMPK, DMTN, DNAJA1, DNAJC10, DNAJC19, DNAJC3, DNAJC30, DNAJC6, DNM1L, DNPH1, DOCK7, DOK7, DOLK, DOLPP1, DPM1, DPM2, DPM3, DPYD, DPYS, DRD1, DRD2, DRD4, DSCAM, DSTYK, DTNBP1, DTYMK, DUSP1, DUSP10, DUSP11, DUSP12, DUSP13A, DUSP13B, DUSP14, DUSP15, DUSP16, DUSP18, DUSP19, DUSP2, DUSP21, DUSP22, DUSP23, DUSP26, DUSP28, DUSP29, DUSP3, DUSP4, DUSP5, DUSP6, DUSP7, DUSP8, DUSP9, DUT, DVL1, DVL2, DVL3, DYNAP, DYNLL1, DYRK1A, DYRK1B, DYRK2, DYRK3, DYRK4, ECT2, EDN1, EDN3, EDNRB, EEF1A1, EEF1A2, EEF2K, EFEMP1, EFL1, EFNA1, EFNA5, EFR3A, EFR3B, EGF, EGFR, EHD4, EIF2AK1, EIF2AK2, EIF2AK3, EIF2AK4, EIF4G1, EIF6, ELANE, ELOVL1, ELOVL2, ELOVL3, ELOVL4, ELOVL5, ELOVL6, ELOVL7, EMP2, ENG, ENO1, ENO2, ENO3, ENO4, ENPP1, ENPP2, ENPP3, ENPP6, ENPP7, ENSA, ENTPD1, ENTPD2, ENTPD3, ENTPD4, ENTPD5, ENTPD6, ENTPD7, ENTPD8, EP300, EPGN, EPHA1, EPHA10, EPHA2, EPHA3, EPHA4, EPHA5, EPHA6, EPHA7, EPHA8, EPHB1, EPHB2, EPHB3, EPHB4, EPHB6, EPHX2, EPO, ERBB2, ERBB3, ERBB4, ERC1, EREG, ERG, ERN1, ERN2, ERP29, ERRFI1, ETAA1, ETNK1, ETNK2, EZH2, F2, FABP3, FABP5, FADS1, FAM20A, FAM20B, FAM20C, FAM220A, FAM220BP, FAR1, FAR2, FAS, FASTK, FAXDC2, FBH1, FBLN1, FBP1, FBP2, FBXW11, FBXW7, FCGR1A, FCRL3, FCSK, FDFT1, FDPS, FECH, FER, FERMT2, FES, FGF1, FGF10, FGF16, FGF17, FGF18, FGF19, FGF2, FGF20, FGF21, FGF22, FGF23, FGF3, FGF4, FGF5, FGF6, FGF7, FGF8, FGF9, FGFR1, FGFR2, FGFR3, FGFR4, FGGY, FGR, FHIT, FIG4, FIGNL1, FIRRM, FIS1, FITM1, FITM2, FIZ1, FKBP1A, FKBP1B, FKBP8, FKRP, FLAD1, FLCN, FLOT1, FLT1, FLT3, FLT4, FMO1, FMO2, FMO5, FN1, FN3K, FN3KRP, FNIP1, FNIP2, FOXA2, FOXK1, FOXK2, FPR2, FRA10AC1, FRK, FYN, FZD1, FZD7, FZD8, G6PC1, G6PC2, G6PC3, G6PD, GADD45A, GAK, GALK1, GALK2, GALR2, GAPDH, GAPDHS, GARS1, GART, GAS6, GATA1, GATA6, GBA1, GCDH, GCG, GCK, GCKR, GDA, GDE1, GDPD1, GDPD3, GFPT1, GFPT2, GFRA1, GGNBP2, GGPS1, GH1, GH2, GHR, GIMAP7, GIT1, GJC2, GK, GK2, GK5, GLMN, GLYAT, GLYCTK, GMFB, GMFG, GMPR, GMPR2, GMPS, GNA12, GNAI3, GNAQ, GNB3, GNE, GNPAT, GNPTAB, GNPTG, GPAA1, GPAM, GPAT2, GPAT3, GPAT4, GPCPD1, GPD1, GPD1L, GPD2, GPER1, GPHN, GPI, GPLD1, GPNMB, GPRC5A, GPRC5B, GPX4, GRB10, GREM1, GRK1, GRK2, GRK3, GRK4, GRK5, GRK6, GRK7, GRM5, GSK3A, GSK3B, GSKIP, GSTP1, GTF2H1, GTPBP1, GTPBP4, GUCA1A, GUCA1ANB-GUCA1A, GUCA1B, GUCY1A1, GUCY1A2, GUCY1B1, GUCY2C, GUCY2D, GUCY2F, GUK1, H6PD, HAAO, HACD1, HACD2, HADHA, HASPIN, HAX1, HBEGF, HCK, HCLS1, HCST, HDAC2, HDAC3, HDAC4, HDAC6, HDHD2, HDHD5, HEG1, HERC5, HES1, HES5, HEXB, HEXIM1, HEXIM2, HGF, HGS, HHEX, HIF1A, HINT1, HIPK1, HIPK2, HIPK3, HIPK4, HK1, HK2, HK3, HKDC1, HLA-DRB1, HMGA2, HMGCR, HMGCS1, HMGCS2, HNRNPU, HPRT1, HPX, HRAS, HRC, HRG, HSD17B12, HSD17B4, HSF1, HSP90AA1, HSP90AB1, HSP90B1, HSPA1A, HSPA1B, HSPA2, HSPA8, HSPB1, HTATIP2, HTD2, HTR2A, HTR2B, HTR2C, HTT, HUNK, HUS1, HYAL2, HYCC1, HYCC2, HYKK, IBTK, IDH1, IDH2, IDI1, IDI2, IDNK, IDO1, IDO2, IER3, IFNA1, IFNA10, IFNA13, IFNA14, IFNA16, IFNA17, IFNA2, IFNA21, IFNA4, IFNA5, IFNA6, IFNA7, IFNA8, IFNB1, IFNE, IFNG, IFNK, IFNL1, IFNL4, IFNW1, IGBP1, IGBP1C, IGF1, IGF1R, IGFBP3, IKBKB, IKBKE, IL11, IL12A, IL12B, IL13, IL15, IL18, IL1B, IL2, IL20, IL21, IL22RA2, IL23A, IL23R, IL24, IL3, IL31RA, IL34, IL4, IL5, IL6, IL6R, IL6ST, IL7, IL9, ILF3, ILK, ILKAP, IMPA1, IMPA2, IMPACT, IMPDH1, IMPDH2, INCA1, INHA, INHBA, INPP1, INPP4A, INPP4B, INPP5A, INPP5B, INPP5D, INPP5E, INPP5F, INPP5J, INPP5K, INPPL1, INS, INSM1, INSR, INSRR, IP6K1, IP6K2, IP6K3, IPMK, IPO5, IPO7, IPPK, IQGAP1, IQGAP3, IRAK1, IRAK2, IRAK3, IRAK4, IRGM, IRS2, ISL1, ISYNA1, ITGA1, ITGA5, ITGA6, ITGB1BP1, ITGB2, ITGB3, ITK, ITLN1, ITPA, ITPK1, ITPKA, ITPKB, ITPKC, JAK1, JAK2, JAK3, JMJD8, JTB, KALRN, KARS1, KAT2B, KCNAB2, KCTD20, KDM4D, KDR, KHK, KIF14, KIRREL1, KIRREL2, KIT, KITLG, KLHL31, KMO, KNDC1, KRAS, KSR1, KSR2, KYNU, LACC1, LACRT, LAT, LATS1, LATS2, LAX1, LCAT, LCK, LCLAT1, LCP2, LDB1, LDB2, LDHA, LDHB, LDHC, LDLR, LEP, LEPR, LGALS13, LGALS3, LHCGR, LHPP, LIF, LILRA5, LILRB2, LILRB4, LIMCH1, LIMD1, LIMK1, LIMK2, LIPA, LIPC, LIPE, LIPG, LIPH, LIPI, LMO4, LMTK2, LMTK3, LOC102724428, LOC344967, LONP1, LOX, LPCAT1, LPCAT2, LPCAT3, LPCAT4, LPGAT1, LPIN1, LPL, LRGUK, LRP4, LRP5, LRP6, LRP8, LRRC18, LRRC59, LRRK1, LRRK2, LTF, LTK, LYN, MACROH2A1, MAD2L2, MAGI2, MAGI3, MAK, MALT1, MAML1, MAP2K1, MAP2K2, MAP2K3, MAP2K4, MAP2K5, MAP2K6, MAP2K7, MAP3K1, MAP3K10, MAP3K11, MAP3K12, MAP3K13, MAP3K14, MAP3K15, MAP3K19, MAP3K2, MAP3K20, MAP3K21, MAP3K3, MAP3K4, MAP3K5, MAP3K6, MAP3K7, MAP3K8, MAP3K9, MAP4K1, MAP4K2, MAP4K3, MAP4K4, MAP4K5, MAPK1, MAPK10, MAPK11, MAPK12, MAPK13, MAPK14, MAPK15, MAPK3, MAPK4, MAPK6, MAPK7, MAPK8, MAPK8IP1, MAPK9, MAPKAP1, MAPKAPK2, MAPKAPK3, MAPKAPK5, MAPRE3, MAPT, MARCO, MARK1, MARK2, MARK3, MARK4, MAS1, MAST1, MAST2, MAST3, MAST4, MASTL, MATK, MAVS, MBD4, MBOAT1, MBOAT2, MBOAT7, MCCC2, MCEE, MCM7, MDH1, MDH1B, MDH2, ME1, ME2, MECP2, MEF2C, MELK, MEN1, MERTK, MET, MEX3B, MFHAS1, MFN1, MFSD2A, MGAT5, MICAL1, MIDN, MIF, MINK1, MINPP1, MIR103A1, MIR106B, MIR125B1, MIR128-1, MIR132, MIR137, MIR138-1, MIR146A, MIR15A, MIR19A, MIR19B1, MIR20A, MIR21, MIR212, MIR218-1, MIR219A1, MIR221, MIR24-1, MIR26B, MIR27B, MIR30B, MIR30C1, MIR34A, MIR483, MIR675, MIR711, MIR92A1, MKNK1, MKNK2, MLST8, MLXIPL, MLYCD, MMD, MMD2, MMP9, MMUT, MOB1A, MOB1B, MOB2, MOB3A, MOB3B, MOB3C, MOCOS, MOCS1, MOCS2, MOCS3, MOK, MORC3, MOS, MPC2, MPI, MPP1, MPPE1, MRE11, MRNIP, MST1, MST1R, MT3, MTCP1, MTHFD1, MTHFD2L, MTM1, MTMR1, MTMR10, MTMR11, MTMR12, MTMR14, MTMR2, MTMR3, MTMR4, MTMR6, MTMR7, MTMR8, MTMR9, MTOR, MUSK, MVD, MVK, MVP, MYADM, MYCNOS, MYDGF, MYH3, MYH4, MYH6, MYH7, MYH8, MYLK, MYLK2, MYLK3, MYLK4, MYO3A, MYO3B, MYOCD, MYOD1, NAAA, NADK, NADK2, NADSYN1, NAGK, NAMPT, NANP, NAPEPLD, NAPRT, NAXD, NAXE, NBN, NCF1, NCK1, NCK2, NCKAP1L, NCL, NCOR1, ND1, ND2, ND3, ND4, ND4L, ND5, ND6, NDUFA1, NDUFA10, NDUFA11, NDUFA12, NDUFA13, NDUFA2, NDUFA3, NDUFA5, NDUFA6, NDUFA7, NDUFA8, NDUFA9, NDUFAB1, NDUFB1, NDUFB10, NDUFB11, NDUFB2, NDUFB3, NDUFB4, NDUFB5, NDUFB6, NDUFB7, NDUFB8, NDUFB9, NDUFC1, NDUFC2, NDUFS1, NDUFS2, NDUFS3, NDUFS4, NDUFS5, NDUFS6, NDUFS7, NDUFS8, NDUFV1, NDUFV2, NDUFV3, NEDD9, NEIL1, NEIL2, NEK1, NEK10, NEK11, NEK2, NEK3, NEK4, NEK5, NEK6, NEK7, NEK8, NEK9, NF1, NF2, NFS1, NGF, NHERF1, NHLRC1, NIBAN1, NIM1K, NKX2-1, NKX3-1, NLK, NLRC5, NLRP12, NLRP2B, NME1, NME2, NME2P1, NME3, NME4, NME5, NME6, NME7, NME9, NMNAT1, NMNAT2, NMNAT3, NMRK1, NMRK2, NNMT, NNT, NOCT, NOD2, NOL9, NOP53, NOS1, NOS2, NOS3, NOX1, NOX4, NPM1, NPPA, NPPB, NPPC, NPR1, NPR2, NPRL2, NPTN, NQO1, NR1H2, NR1H3, NR1H4, NR2F2, NRG1, NRK, NRP1, NSD1, NSMF, NT5C, NT5C1A, NT5C1B, NT5C2, NT5C3A, NT5C3B, NT5E, NT5M, NTF3, NTF4, NTHL1, NTRK1, NTRK2, NTRK3, NTSR1, NUAK1, NUAK2, NUDT10, NUDT11, NUDT12, NUDT13, NUDT14, NUDT15, NUDT16, NUDT17, NUDT18, NUDT19, NUDT2, NUDT3, NUDT4, NUDT4B, NUDT5, NUDT7, NUDT8, NUDT9, NUPR1, NUS1, OBSCN, OC90, OCLN, OCRL, ODAM, OGDH, OGDHL, OGG1, OGT, OLA1, OPA1, OPRD1, ORMDL1, ORMDL3, OSBP, OSBPL10, OSBPL5, OSBPL8, OSM, OXSM, OXSR1, P2RX7, P2RY1, P2RY6, P3R3URF, PAFAH1B1, PAICS, PAK1, PAK2, PAK3, PAK4, PAK5, PAK6, PANK1, PANK2, PANK3, PANK4, PAPSS1, PAPSS2, PAQR3, PARD3, PARD6A, PARG, PARK7, PARP1, PARP10, PARP14, PARP16, PARP9, PASK, PAX6, PBK, PC, PCK1, PCK2, PCSK9, PCYT1A, PCYT1B, PCYT2, PDCD10, PDCD4, PDCL3, PDE10A, PDE1A, PDE2A, PDE4A, PDE4B, PDE4C, PDE4D, PDE5A, PDE7A, PDE7B, PDE8A, PDE8B, PDE9A, PDGFA, PDGFB, PDGFC, PDGFD, PDGFRA, PDGFRB, PDHA1, PDHA2, PDHB, PDHX, PDIK1L, PDK1, PDK2, PDK3, PDK4, PDP1, PDP2, PDPK1, PDXK, PDXP, PEAK1, PEAK3, PECAM1, PELI2, PEMT, PFAS, PFKFB1, PFKFB2, PFKFB3, PFKFB4, PFKL, PFKM, PFKP, PFN2, PGAM1, PGAM2, PGAM4, PGAM5, PGAP1, PGAP2, PGAP3, PGAP4, PGD, PGF, PGK1, PGK2, PGLS, PGM1, PGP, PGS1, PHB1, PHB2, PHIP, PHKG1, PHKG2, PHLPP1, PHLPP2, PHPT1, PI4K2A, PI4K2B, PI4KA, PI4KAP2, PI4KB, PIBF1, PICK1, PID1, PIGA, PIGB, PIGC, PIGF, PIGG, PIGH, PIGK, PIGL, PIGM, PIGN, PIGO, PIGP, PIGQ, PIGS, PIGT, PIGU, PIGV, PIGW, PIGX, PIGY, PIGZ, PIH1D1, PIK3C2A, PIK3C2B, PIK3C2G, PIK3C3, PIK3CA, PIK3CB, PIK3CD, PIK3CG, PIK3R1, PIK3R2, PIK3R3, PIK3R4, PIK3R5, PIK3R6, PIKFYVE, PILRB, PIM1, PIM2, PIM3, PIN1, PINK1, PIP4K2A, PIP4K2B, PIP4K2C, PIP4P1, PIP4P2, PIP5K1A, PIP5K1B, PIP5K1C, PIP5KL1, PIPOX, PIPSL, PISD, PITPNM1, PITPNM2, PITPNM3, PKD1, PKDCC, PKIA, PKIB, PKIG, PKLR, PKM, PKMYT1, PKN1, PKN2, PKN3, PLA1A, PLA2G10, PLA2G12A, PLA2G12B, PLA2G15, PLA2G1B, PLA2G2A, PLA2G2C, PLA2G2D, PLA2G2E, PLA2G2F, PLA2G3, PLA2G4A, PLA2G4B, PLA2G4C, PLA2G4D, PLA2G4E, PLA2G4F, PLA2G5, PLA2G6, PLA2G7, PLAA, PLAAT1, PLAAT2, PLAAT3, PLAAT4, PLAAT5, PLAUR, PLB1, PLBD1, PLBD2, PLCB1, PLCB2, PLCB3, PLCB4, PLCD1, PLCE1, PLCG1, PLCG2, PLCH1, PLCH2, PLD1, PLD2, PLEK, PLK1, PLK2, PLK3, PLK4, PLPP1, PLPP2, PLPP3, PLPP4, PLPP5, PLPP6, PLPPR1, PLPPR2, PLPPR3, PLPPR4, PLPPR5, PLSCR1, PLSCR3, PLXNB2, PMS2P1, PMS2P11, PMVK, PNCK, PNKP, PNLIPRP2, PNP, PNPLA3, PNPLA6, PNPLA7, PNPLA8, PNPO, POMK, PON1, PP2D1, PPA1, PPA2, PPARA, PPARG, PPARGC1A, PPARGC1B, PPAT, PPCDC, PPCS, PPEF1, PPEF2, PPIA, PPIP5K1, PPIP5K2, PPM1A, PPM1B, PPM1D, PPM1E, PPM1F, PPM1G, PPM1H, PPM1J, PPM1K, PPM1L, PPM1M, PPM1N, PPP1CA, PPP1CB, PPP1CC, PPP1R12A, PPP1R14A, PPP1R14B, PPP1R14C, PPP1R14D, PPP1R15A, PPP1R15B, PPP1R16B, PPP1R17, PPP1R1B, PPP1R2, PPP1R2B, PPP1R2C, PPP1R2P1, PPP1R7, PPP1R8, PPP1R9B, PPP2CA, PPP2CB, PPP2R1A, PPP2R1B, PPP2R2A, PPP2R3A, PPP2R3B, PPP2R3C, PPP2R5A, PPP2R5B, PPP2R5C, PPP2R5D, PPP2R5E, PPP3CA, PPP3CB, PPP3CC, PPP3R1, PPP3R2, PPP4R1, PPP4R3A, PPP4R3B, PPP4R3C, PPP4R4, PPP5C, PPP6C, PPP6R1, PPP6R2, PPP6R3, PPT1, PPT2, PPTC7, PRAG1, PRDX3, PRDX4, PRDX6, PRKAA1, PRKAA2, PRKAB1, PRKACA, PRKACB, PRKACG, PRKAG1, PRKAG2, PRKAG3, PRKAR1A, PRKAR1B, PRKAR2A, PRKAR2B, PRKCA, PRKCB, PRKCD, PRKCE, PRKCG, PRKCH, PRKCI, PRKCQ, PRKCZ, PRKD1, PRKD2, PRKD3, PRKDC, PRKG1, PRKG2, PRKN, PRKRIP1, PRKX, PRKY, PRLR, PRNP, PROCA1, PROM2, PROX1, PRP4K, PRPS1, PRPS1L1, PRPS2, PRPSAP1, PRPSAP2, PRR5, PRR5L, PRRC1, PRRT1, PRXL2C, PSEN1, PSKH1, PSKH2, PSMD10, PSPH, PSRC1, PSTK, PTAFR, PTBP1, PTDSS1, PTDSS2, PTEN, PTGES3, PTGIS, PTGS2, PTH, PTH1R, PTHLH, PTK2, PTK2B, PTK6, PTP4A1, PTP4A2, PTP4A3, PTPA, PTPDC1, PTPMT1, PTPN1, PTPN11, PTPN12, PTPN13, PTPN14, PTPN18, PTPN2, PTPN20, PTPN21, PTPN22, PTPN23, PTPN3, PTPN4, PTPN5, PTPN6, PTPN7, PTPN9, PTPRA, PTPRB, PTPRC, PTPRD, PTPRE, PTPRF, PTPRG, PTPRH, PTPRJ, PTPRK, PTPRM, PTPRN2, PTPRO, PTPRQ, PTPRR, PTPRS, PTPRT, PTPRU, PTPRZ1, PUDP, PWP1, PXYLP1, PYCARD, PYDC1, PYGL, QARS1, QPRT, RAB23, RAB38, RABGEF1, RAC1, RACK1, RAD17, RAD50, RAD51, RAF1, RALB, RALBP1, RAN, RAP1A, RAP2A, RAP2B, RAP2C, RAPGEF2, RARA, RARRES2, RASGRP1, RASIP1, RASSF2, RB1, RB1CC1, RBKS, RBL1, RBL2, RD3, RELN, RET, REXO2, RFK, RGCC, RGN, RGS14, RGS2, RHOA, RHOQ, RICTOR, RIOK1, RIOK2, RIOK3, RIPK1, RIPK2, RIPK3, RIPK4, RIT2, RNASEH2B, RNASEL, RNGTT, ROBO1, ROCK1, ROCK2, ROPN1, ROPN1B, ROPN1L, ROR1, ROR2, RORA, ROS1, RPE, RPEL1, RPIA, RPS3, RPS6KA1, RPS6KA2, RPS6KA3, RPS6KA4, RPS6KA5, RPS6KA6, RPS6KB1, RPS6KB2, RPS6KC1, RPS6KL1, RPTOR, RRM1, RRM2, RRM2B, RSKR, RSPO1, RTRAF, RUNX3, RYK, S100A12, S1PR2, SACM1L, SAMD8, SAMHD1, SAMSN1, SARM1, SASH1, SBF1, SBK1, SBK2, SBK3, SCARB1, SDCBP, SDHA, SDHAF2, SDHB, SDHC, SDHD, SELENOI, SEMA4D, SEMA7A, SEPHS1, SEPHS2, SERAC1, SERINC1, SERINC4, SERINC5, SERPINB3, SERTAD1, SESN2, SFN, SFRP1, SFRP2, SGK1, SGK2, SGK3, SGMS1, SGMS2, SGPP1, SGPP2, SH2D3A, SH2D3C, SH3GL2, SH3YL1, SHMT1, SHPK, SIK1, SIK2, SIK3, SIRPA, SIRT1, SIRT2, SIRT6, SLA2, SLAMF8, SLC11A1, SLC17A2, SLC17A4, SLC19A2, SLC19A3, SLC1A1, SLC20A1, SLC22A13, SLC25A1, SLC25A10, SLC25A13, SLC25A19, SLC25A25, SLC27A1, SLC27A2, SLC2A6, SLC30A5, SLC44A1, SLC44A2, SLC44A3, SLC44A4, SLC44A5, SLC4A1, SLC4A4, SLC4A7, SLC52A2, SLC52A3, SLC5A8, SLC8A1, SLC8A2, SLC8A3, SLCO3A1, SLIT2, SLK, SMAD7, SMCR8, SMG1, SMG5, SMG6, SMG7, SMG8, SMO, SMPD1, SMPD2, SMPD3, SMPD4, SMPDL3A, SMPDL3B, SMUG1, SMYD3, SNCA, SNRK, SNX6, SNX9, SOCS1, SOCS2, SOCS3, SOCS4, SOCS5, SOCS6, SOCS7, SOD1, SORD, SOX9, SPAG9, SPATC1L, SPDYA, SPEG, SPHK1, SPHK2, SPINK1, SPN, SPPL3, SPRED1, SPRED2, SPRY1, SPRY2, SPRY3, SPRY4, SPTBN4, SPTLC1, SPTLC2, SQSTM1, SRC, SRCIN1, SRD5A3, SRMS, SRPK1, SRPK2, SRPK3, SRPX2, SSH1, SSH2, SSH3, STAP1, STAT2, STAT3, STK10, STK11, STK16, STK17A, STK17B, STK19, STK24, STK25, STK26, STK3, STK31, STK32A, STK32B, STK32C, STK33, STK35, STK36, STK38, STK38L, STK39, STK4, STK40, STOML2, STOX1, STRADA, STRADB, STYK1, STYX, STYXL1, STYXL2, SUCLA2, SUCLG1, SUCLG2, SULT1A1, SULT1A2, SULT1A3, SULT1A4, SULT1B1, SULT1C3, SULT1C4, SULT1E1, SULT2A1, SULT2B1, SWAP70, SYAP1, SYK, SYNJ1, SYNJ2, TAB1, TAB2, TADA3, TAF1, TAF7, TAFAZZIN, TALDO1, TAMM41, TAOK1, TAOK2, TAOK3, TARBP2, TARDBP, TBK1, TBPL1, TBX1, TCIM, TCL1A, TCL1B, TDG, TDO2, TEC, TECR, TEK, TENM1, TERF2IP, TESK1, TESK2, TF, TFAP4, TFRC, TGFA, TGFB1, TGFB2, TGFBR1, TGFBR2, THBS1, THBS4, THEM5, THNSL2, THPO, THTPA, THY1, TIE1, TIGAR, TIMM50, TIPRL, TJP2, TK1, TK2, TKFC, TKT, TLK1, TLK2, TLR2, TLR3, TLR4, TLR6, TLR7, TLR8, TLR9, TMED2, TMEM102, TMEM119, TMEM150A, TMEM38B, TMEM86B, TMSB4X, TNF, TNFAIP8L3, TNFRSF10A, TNFRSF10B, TNFRSF11A, TNFRSF14, TNFRSF18, TNFRSF1A, TNFSF11, TNFSF15, TNFSF18, TNIK, TNK1, TNK2, TNKS, TNKS1BP1, TNNI3K, TNS2, TNS3, TOLLIP, TOM1L1, TOP1, TP53, TP53I3, TP53RK, TPD52L1, TPI1, TPK1, TPST1, TPST2, TPTE, TPTE2, TPX2, TRAF2, TRAF3IP1, TRAF4, TRAF6, TREM2, TREX1, TRIB1, TRIB2, TRIB3, TRIM27, TRIM6, TRIM65, TRIO, TRPC5, TRPM6, TRPM7, TSC1, TSC2, TSG101, TSLP, TSPO, TSPYL2, TSSK1B, TSSK2, TSSK3, TSSK4, TSSK6, TTBK1, TTBK2, TTC36, TTC7A, TTC7B, TTK, TTN, TWF1, TXK, TXN, TYK2, TYMP, TYMS, TYRO3, UBASH3B, UBE2K, UBLCP1, UCHL1, UCK1, UCK2, UCKL1, UCN, UCP2, UGP2, UHMK1, ULK1, ULK2, ULK3, ULK4, UMPS, UNC119, UNG, UPB1, UPP1, UPP2, UPRT, UQCC3, URI1, UVRAG, VAC14, VAPA, VCP, VEGFA, VEGFB, VEGFC, VEGFD, VNN1, VPS25, VPS9D1, VRK1, VRK2, VRK3, VTN, WARS1, WDFY2, WEE1, WEE2, WNK1, WNK2, WNK3, WNK4, WNT1, WNT11, WNT3A, WNT5A, WNT9B, WWTR1, XDH, XRCC5, XRCC6, XYLB, YES1, YWHAB, YWHAE, YWHAG, YWHAZ, ZAP70, ZBED3, ZBTB20, ZBTB7A, ZC3H12A, ZFP91, ZFYVE28, ZGPAT, ZNF16, ZNF592, ZNF622, ZNF675
GO:0001763	morphogenesis of a branching structure	206	4	0.72	0.00585	0.012542372881355932	ABL1, ACVR1, ADAMTS16, ADM, AGT, AGTR2, AR, AREG, BCL11A, BCL2, BMP2, BMP4, BMP7, BTBD7, BTRC, CASR, CAV3, CCL11, CELSR1, CITED1, CLIC4, COL13A1, COL4A1, CRIPTO, CSF1, CSMD1, CTNNB1, CTNNBIP1, CTSH, CTSZ, DAG1, DCHS1, DDR1, DLG1, DLG5, DLL4, DLX2, DRD2, EDN1, EDNRA, EGF, ENG, EPHA2, EPHA7, ERMN, ESR1, ESRP2, EXT1, EYA1, FEM1B, FGF1, FGF10, FGF13, FGF2, FGF7, FGF8, FGFR1, FGFR2, FIGNL2, FKBPL, FOXA1, FOXC2, FOXD1, FOXF1, FRS2, FZD5, GBX2, GCM1, GDF2, GDF7, GDNF, GLI2, GLI3, GNA13, GPC3, GRB2, GREB1L, GREM1, GRHL2, GZF1, HGF, HHIP, HNF1B, HOXA11, HOXA13, HOXA5, HOXB13, HOXB7, HOXD11, HOXD13, HS3ST3A1, HS3ST3B1, IHH, IL10, ILK, KDM5B, KDR, KRAS, LAMA1, LAMA5, LEF1, LGR4, LHX1, LRP5, LRRK2, MAGED1, MAP3K13, MDK, MECP2, MED1, MET, MIR15B, MIR16-1, MKS1, MMP14, MSX2, MYC, NFATC4, NKX2-1, NKX3-1, NOG, NOTCH1, NOTCH4, NPNT, NRARP, NRP1, NTN4, PAK1, PAX2, PAX8, PBX1, PDGFA, PGR, PHB2, PKD1, PKD2, PKHD1, PLXNA1, PLXND1, PML, PPP1CA, PPP3R1, PRDM1, PROX1, PTCH1, RASIP1, RBM15, RDH10, RERE, RSPO2, RSPO3, RTN4, SALL1, SEMA3C, SEMA3E, SETD2, SFRP1, SFRP2, SHH, SHOX2, SIRT6, SIX1, SIX2, SIX4, SLIT2, SMAD4, SMO, SNAI2, SOCS3, SOX10, SOX8, SOX9, SPINT1, SPINT2, SPRY1, SPRY2, SRC, SRF, ST14, STK4, SULF1, TACSTD2, TBX2, TBX20, TBX3, TCF21, TGFBR2, TGM2, TIE1, TIMELESS, TMED2, TMEM59L, TNC, TNF, TP63, VDR, VEGFA, WNT1, WNT2, WNT2B, WNT4, WNT5A, WNT6, WNT9B, WT1, YAP1
GO:0048638	regulation of developmental growth	330	5	1.15	0.00591	0.012542372881355932	ABL1, ACACB, ACTN3, ADCY10, ADNP, ADRB1, ADRB2, ADRB3, AFG3L2, AGR2, AGRN, AKAP6, AKT1, ANAPC2, APOE, APP, AR, ARHGAP4, ARX, ATP8A2, ATRN, BARHL2, BASP1, BBS2, BBS4, BCL11A, BCL2, BCL2L11, BDNF, BMP10, BMPR1A, BMPR2, CACNA2D2, CACNG7, CAPN3, CAV3, CDH1, CDH4, CDK1, CDK5, CDKL3, CDKL5, CDKN1A, CDKN1B, CGA, CHD7, CITED2, COL14A1, COLQ, CPNE5, CPNE6, CPNE9, CRABP2, CREB1, CSF1, CTDP1, CTTN, CXCL12, CXCR4, CYFIP1, DCC, DIO3, DIP2B, DISC1, DLL1, DNM2, DRAXIN, DRD2, DSCAM, DUSP10, DUSP6, EDN1, EFNA5, EIF4G2, EPHA7, EPPK1, ERBB4, EZR, FGF13, FGF2, FGF20, FGF8, FGF9, FGFR1, FGFR2, FGFR3, FLVCR1, FN1, FOSL2, FOXC1, FOXC2, FOXP1, FOXS1, FSTL4, FTO, FXN, G6PD, GAMT, GATA6, GDF15, GDF5, GDI1, GH1, GHR, GHRH, GHRHR, GHRL, GHSR, GJD4, GLI1, GOLGA4, GPAM, GPAT4, GPR21, GSK3A, GSK3B, HDAC3, HDAC6, HEY2, HLX, HNF1B, HOPX, HTRA2, IFRD1, IGF1, IGF2, IL7, INSR, ISLR2, IST1, ITSN2, JARID2, KCNK2, KIAA0319, L1CAM, LATS1, LATS2, LEP, LGMN, LIMK1, LPAR3, MACF1, MAEL, MAG, MAP1B, MAP2, MAP3K13, MAPK11, MAPK14, MAPT, MBD5, MECP2, MEF2C, MEGF8, MFSD2A, MIR1-1, MIR17HG, MIR199A1, MIR199B, MIR19A, MIR19B1, MIR200B, MIR204, MIR208A, MIR222, MIR25, MIR29B1, MIR509-1, MIR548C, MIR590, MIR873, MKKS, MSTN, MT3, MTM1, MUL1, MUSK, MYCBP2, MYH6, MYOD1, MYOZ1, NEDD4L, NGF, NIPBL, NKX2-5, NKX6-1, NOG, NOTCH1, NPPC, NPY1R, NRCAM, NRP1, NTN1, OLFM1, OSTN, PAFAH1B1, PARP2, PEX5, PI16, PIK3CA, PIM1, PLAA, PLAC8, PLCB1, PLS1, PLXNA3, PLXNA4, POU3F2, POU4F2, PPARA, PPARD, PPIB, PRKN, PRLH, PROX1, PTCH1, PTEN, PTPRS, PUM2, RAB21, RAG2, RAI1, RASAL1, RBP4, RBPJ, RGMA, RGS2, RGS4, RIMS1, RIMS2, RND2, RNF157, RNF6, RPS6KB1, RTN4, RTN4R, RUFY3, RUNX1, RYK, SASH3, SAV1, SEMA3A, SEMA3B, SEMA3C, SEMA3D, SEMA3E, SEMA3F, SEMA3G, SEMA4A, SEMA4B, SEMA4C, SEMA4D, SEMA4F, SEMA4G, SEMA5A, SEMA5B, SEMA6A, SEMA6B, SEMA6C, SEMA6D, SEMA7A, SERP1, SGPL1, SHTN1, SIN3A, SIX1, SIX4, SLC23A2, SLC6A3, SLC6A4, SLIT1, SMAD7, SMO, SMURF1, SOCS2, SOD1, SOX15, SPAAR, SPAG9, SPART, SPP1, SPTBN4, SRF, STAT3, STAT5A, STAT5B, STC2, STK3, STK4, SYT1, SYT14P1, SYT17, SYT2, SYT3, SYT4, TBX2, TBX20, TBX5, TGFBR1, TGFBR3, TLL2, TNR, TOMM70, TP73, TRIM46, TRPC5, TRPV2, TTL, TWF2, ULK1, ULK2, UNC13A, VEGFA, VGLL4, VIL1, WNT2, WNT3, WNT3A, WNT5A, WT1, WWC1, WWC2, WWC3, YAP1, YBX3, YY1, ZFPM2, ZFYVE27, ZMPSTE24, ZP3
GO:0035115	embryonic forelimb morphogenesis	33	2	0.12	0.00592	0.012542372881355932	ALDH1A2, ALX3, ALX4, CACNA1C, CRABP2, CTNNB1, EN1, HOXA11, HOXA13, HOXA9, HOXD9, IFT122, LNPK, MSX1, MSX2, NIPBL, OSR1, OSR2, RDH10, RECK, RPGRIP1L, RSPO2, RUNX2, SHH, SHOX2, TBX3, TBX5, TFAP2A, TP63, TWIST1, WNT3, WNT7A, ZNF358
GO:0050891	multicellular organismal-level water homeostasis	33	2	0.12	0.00592	0.012542372881355932	ADCY6, AKAP11, AKR1B1, AQP1, AQP2, AQP3, AQP4, AQP6, ATP6V1B1, AVP, BPIFA1, CFTR, CTNS, CYP11B2, CYP4A11, CYP4F12, CYP4F2, EXT1, EXT2, HAS2, HYAL2, INPP5K, MLLT6, MYO5B, PRKACA, PRKACB, PRKACG, SCNN1A, SCNN1B, SCNN1G, TRPV4, UMOD, WFS1
GO:0035303	regulation of dephosphorylation	106	3	0.37	0.00608	0.01256198347107438	ADORA1, AGTR2, AMBRA1, ANKLE2, ARPP19, BMP2, BOD1, CALM1, CALM2, CALM3, CAMTA1, CD300A, CD33, CDCA2, CDH5, CDK5RAP3, CHP1, CHP2, CHRM5, CNEP1R1, CRY2, DLC1, ENSA, FCRL3, FKBP1A, FKBP1B, GBA1, GNA12, GPLD1, GSK3B, HSP90AB1, HSP90B1, HTT, IFNG, IGBP1, IGBP1C, IKBKB, INPP5K, IQGAP1, ITGA1, LGALS3, LILRB2, MAGI2, MASTL, MEF2C, MFHAS1, MGAT5, MIR146A, MTMR1, MTMR2, MTMR3, MTMR4, MTMR9, MTOR, NCK1, NCK2, NCKAP1L, NSMF, NUAK1, PDGFRB, PIN1, PINK1, PLEK, PPIA, PPP1R12A, PPP1R14D, PPP1R15A, PPP1R15B, PPP1R16B, PPP1R17, PPP1R1B, PPP1R2, PPP1R2B, PPP1R2C, PPP1R2P1, PPP1R7, PPP1R8, PPP2R3C, PPP2R5A, PPP2R5D, PPP4R4, PPP6R1, PPP6R2, PPP6R3, PRKCD, PTBP1, PTPA, PTPRC, RIPK3, ROCK1, ROCK2, SMG5, SMG6, SMG7, SMPD1, SPPL3, SRC, STYXL1, SWAP70, TGFB1, TIPRL, TNF, TSC1, URI1, YWHAB, YWHAE
GO:0042472	inner ear morphogenesis	106	3	0.37	0.00608	0.01256198347107438	ALDH1A3, ANKRD24, ATOH1, ATP6V1B1, ATP8A2, BCR, BLOC1S5, CDH23, CEP290, CHD7, CHRNA10, CHRNA9, CLRN1, CLRN2, COL11A1, COL2A1, CTHRC1, DCANP1, DLX5, DLX6, DVL1, DVL2, EPHB2, EYA1, FGF10, FGF8, FGF9, FGFR1, FGFR2, FOXG1, FOXI1, FRZB, FZD2, FZD3, FZD6, GATA2, GATA3, GBX2, GRHL3, GRXCR2, HESX1, HMX2, HMX3, HOXA1, HPN, INSIG1, INSIG2, ITGA8, KCNQ1, KCNQ4, LHFPL5, LRIG1, LRIG3, MAFB, MYO15A, MYO3A, MYO3B, MYO6, MYO7A, NEUROG1, NHERF1, NTN1, OTOP1, OTX1, PAX2, PAX8, PDZD7, PLS1, POU3F4, POU4F3, PROX1, PRRX1, PTK7, SCRIB, SEC24B, SIX1, SIX4, SLC44A4, SLITRK6, SOBP, SOD1, SOX9, SPRY2, STOX1, STRC, TBX1, TBX18, TBX2, TBX3, TCAP, TECTA, TFAP2A, TIFAB, TMIE, TPRN, TRIOBP, TTC39C, USH1C, USH1G, WDPCP, WHRN, WNT1, WNT3A, WNT5A, ZEB1, ZIC1
GO:0097306	cellular response to alcohol	106	3	0.37	0.00608	0.01256198347107438	ABCA1, ACACA, ACE, ADAM15, ADCY1, ADCY2, ADCY3, ADCY5, ADCY6, ADCY7, ADCY8, AHR, AIFM1, AKAP8, AKR1C2, AKR1C3, AKT1, BLM, BRCA1, CCL7, CDH1, CDK4, CES1, CFTR, CREB1, CTNNA1, CTNNB1, CYBB, CYP1B1, CYP7A1, DAG1, DEFB104A, DEFB104B, DNMT3A, DYNAP, EFNA5, FBP1, FDX1, FOS, FOXO3, GLRA1, GLRA2, GNAI1, GNB1, GNG2, GOLPH3, GPLD1, GPR155, GRAMD1A, GRAMD1B, GRAMD1C, IGF1R, INHBA, INHBB, ITPR2, JUP, KCNMB1, KLF2, KLF4, KLF9, LANCL2, LARP1, LRP6, LRP8, MAP4K1, MDM2, MIR182, MIR185, MIR342, MIR96, MLC1, NPAS4, OSBPL7, P2RY4, P2RY6, PAX6, PCK1, PRKAA1, PRKAA2, PRKCE, PRKD1, PTCH1, PTGDR, PTGER2, PTGER4, PTGFR, RAD51, RECQL5, SCNN1A, SCNN1B, SCNN1D, SCNN1G, SFRP1, SGK1, SLC23A2, SLC5A5, SMO, SOD2, SPHK2, SPIDR, TNC, TNFSF4, TP53INP1, UCP1, UGT1A1, XRN1
GO:1901655	cellular response to ketone	107	3	0.37	0.00624	0.012786885245901639	ACACA, ACE, ACOD1, ADAM15, ADCY1, ADCY2, ADCY3, ADCY5, ADCY6, ADCY8, AHR, AIFM1, AKAP8, AKR1C2, AKR1C3, AKT1, AQP1, AR, ASS1, ATP5F1A, AXIN2, CASP9, CDK4, CFLAR, CFTR, CREB1, CRH, CYP1B1, DDIT4, DEFB104A, DEFB104B, EFNA5, EGFR, EIF4E, ELK1, FBP1, FBXO32, FDX1, FECH, FOS, FOXO3, GAS6, GJB2, GNAI1, GNB1, GNG2, GOLPH3, IGF1R, JAK2, KLF2, KLF4, KLF9, LARP1, MAP4K1, METTL21C, MIR342, MSN, MSTN, NCF1, NCOA4, NPAS4, NR3C1, P2RY4, P2RY6, PARK7, PAX6, PCK1, PCK2, POSTN, PRKAA1, PRKAA2, PRKCE, PRKD1, PTGDR, PTGER2, PTGER4, PTGFR, ROCK2, RPS6KB1, RWDD1, SCNN1A, SCNN1B, SCNN1D, SCNN1G, SERPINF1, SFRP1, SGK1, SIRT1, SLC39A9, SLC5A5, SMYD3, SOX10, SP1, SPHK2, SPP1, SRC, SRD5A1, TBX2, TFAP4, TNC, TNFSF4, TRERF1, UCP1, UGT3A2, USP8, VPS54, XRN1
GO:0006793	phosphorus metabolic process	2585	17	9.03	0.00646	0.013130081300813008	AADAT, AAK1, AASS, AATK, ABCA2, ABCA3, ABCA8, ABCC6, ABCD1, ABHD12, ABHD12B, ABHD14B, ABHD16A, ABHD16B, ABHD3, ABHD4, ABHD5, ABHD6, ABI1, ABI2, ABL1, ABL2, ACACA, ACACB, ACAT1, ACLY, ACMSD, ACOT1, ACOT11, ACOT12, ACOT2, ACOT4, ACOT6, ACOT7, ACOT8, ACOT9, ACP2, ACP3, ACP4, ACP5, ACP6, ACSBG1, ACSBG2, ACSF2, ACSF3, ACSL1, ACSL3, ACSL4, ACSL5, ACSL6, ACSM1, ACSM2A, ACSM2B, ACSM3, ACSM4, ACSM5, ACSM6, ACSS1, ACSS2, ACTB, ACTN3, ACVR1, ACVR1B, ACVR1C, ACVR2A, ACVR2B, ACVRL1, ACYP1, ACYP2, ADA, ADAL, ADAM10, ADAM17, ADAM9, ADAR, ADARB1, ADCK1, ADCK2, ADCK5, ADCY1, ADCY10, ADCY2, ADCY3, ADCY4, ADCY5, ADCY6, ADCY7, ADCY8, ADCY9, ADCYAP1, ADCYAP1R1, ADGRF5, ADIPOQ, ADK, ADM2, ADNP, ADORA1, ADPGK, ADRA2A, ADRA2B, ADRA2C, ADRB2, ADSL, ADSS1, ADSS2, ADTRP, AFMID, AGAP2, AGER, AGK, AGPAT1, AGPAT2, AGPAT3, AGPAT4, AGPAT5, AGT, AGTR2, AIDA, AJUBA, AK1, AK2, AK3, AK4, AK5, AK6, AK7, AK8, AK9, AKAP9, AKR1A1, AKT1, AKT1S1, AKT2, AKT3, AKTIP, ALDH18A1, ALDH1L1, ALDH1L2, ALDOA, ALDOB, ALDOC, ALK, ALOX15, ALOX15B, ALPG, ALPI, ALPK1, ALPK2, ALPK3, ALPL, ALPP, ALS2, AMBRA1, AMDHD2, AMHR2, AMPD1, AMPD2, AMPD3, ANG, ANGPT1, ANGPT4, ANGPTL3, ANKH, ANKK1, ANKLE2, ANKRD54, ANTKMT, APC, APLNR, APOA1, APOA2, APOA4, APOC1, APOC2, APOE, APP, APRT, AR, ARAF, AREG, ARHGEF2, ARHGEF5, ARL2, ARL2BP, ARPP19, ARR3, ARRB1, ARRB2, ASMTL, ASPDH, ATF2, ATG14, ATIC, ATM, ATP13A2, ATP1A2, ATP1B1, ATP2B4, ATP5F1A, ATP5F1B, ATP5F1C, ATP5F1D, ATP5F1E, ATP5F1EP2, ATP5IF1, ATP5MC1, ATP5MC2, ATP5MC3, ATP5ME, ATP5MF, ATP5MG, ATP5MGL, ATP5MJ, ATP5MK, ATP5PB, ATP5PD, ATP5PF, ATP5PO, ATP6, ATP6V0C, ATP6V1A, ATP6V1B1, ATP6V1B2, ATP8, ATPSCKMT, ATR, AURKA, AURKB, AURKC, AVP, AVPR1B, AXIN1, AXIN2, AXL, AZU1, B4GALNT2, BAAT, BAD, BAG4, BAK1, BANK1, BARD1, BAX, BAZ1B, BCAR3, BCCIP, BCKDK, BCL10, BCL2, BCR, BDKRB1, BDKRB2, BDNF, BECN1, BEND3, BGLAP, BIRC5, BIRC6, BLK, BLM, BMP2, BMP2K, BMP4, BMP6, BMP7, BMPR1A, BMPR1B, BMPR2, BMX, BOD1, BORA, BPGM, BPNT1, BPNT2, BRAF, BRAT1, BRD2, BRSK1, BRSK2, BST1, BTBD10, BTK, BTRC, BUB1, BUB1B, C3, C5AR1, C8orf44-SGK3, C9orf72, CAB39, CACNB4, CACTIN, CACUL1, CAD, CADM1, CADM4, CALCA, CALM1, CALM2, CALM3, CAMK1, CAMK1D, CAMK1G, CAMK2A, CAMK2B, CAMK2D, CAMK2G, CAMK2N1, CAMK2N2, CAMK4, CAMKK1, CAMKK2, CAMKV, CAMP, CAMTA1, CAPN2, CARD10, CARD11, CARD14, CARTPT, CASK, CASS4, CAV1, CAV3, CBFA2T3, CBL, CBLB, CBLC, CCDC88A, CCDC88C, CCL11, CCL19, CCL2, CCL5, CCN1, CCNA1, CCNA2, CCNB1, CCNB2, CCNB3, CCND1, CCND2, CCND3, CCNE1, CCNE2, CCNF, CCNG1, CCNG2, CCNH, CCNI, CCNI2, CCNJ, CCNJL, CCNK, CCNO, CCNP, CCNT1, CCNT2, CCNY, CCNYL1, CCNYL2, CCNYL3, CCR7, CD109, CD24, CD244, CD300A, CD33, CD36, CD38, CD3E, CD4, CD40, CD44, CD6, CD74, CD80, CD86, CDA, CDC14A, CDC14B, CDC14C, CDC25A, CDC25B, CDC25C, CDC37, CDC42BPA, CDC42BPB, CDC42BPG, CDC6, CDC7, CDCA2, CDH5, CDIPT, CDK1, CDK10, CDK11A, CDK11B, CDK12, CDK13, CDK14, CDK15, CDK16, CDK17, CDK18, CDK19, CDK2, CDK20, CDK2AP1, CDK3, CDK4, CDK5, CDK5R1, CDK5R2, CDK5RAP1, CDK5RAP3, CDK6, CDK7, CDK8, CDK9, CDKL1, CDKL2, CDKL3, CDKL4, CDKL5, CDKN1A, CDKN1B, CDKN1C, CDKN2A, CDKN2B, CDKN2C, CDKN2D, CDKN3, CDON, CDS1, CDS2, CEACAM1, CEMIP, CENPE, CEP43, CEP85, CEPT1, CERK, CERKL, CETP, CHAT, CHEK1, CHEK2, CHI3L1, CHKA, CHKB, CHMP6, CHP1, CHP2, CHPT1, CHRM5, CHRNA3, CHRNA7, CHUK, CIB1, CIITA, CILK1, CIMAP3, CISH, CIT, CKB, CKM, CKMT1A, CKMT1B, CKMT2, CLCF1, CLDN19, CLDN3, CLEC6A, CLIP3, CLK1, CLK2, CLK3, CLK4, CLN3, CLN8, CLP1, CLPX, CLSPN, CMAHP, CMPK1, CMPK2, CNEP1R1, CNKSR3, CNOT7, CNOT9, CNP, CNTF, COASY, COL6A1, COPS2, COPS8, COQ8A, CORO1C, COX11, CPS1, CREB1, CREBL2, CRH, CRIPTO, CRKL, CRLF1, CRLS1, CROT, CRY2, CRYL1, CSF1, CSF1R, CSF2, CSF3, CSGALNACT1, CSH1, CSH2, CSHL1, CSK, CSNK1A1, CSNK1A1L, CSNK1D, CSNK1E, CSNK1G1, CSNK1G2, CSNK1G3, CSNK2A1, CSNK2A2, CSNK2A3, CSNK2B, CSPG4, CTBP1, CTDNEP1, CTDP1, CTDSP1, CTDSP2, CTDSPL, CTF1, CTNS, CTPS1, CTPS2, CTSG, CTTNBP2NL, CWH43, CX3CL1, CX3CR1, CYP2W1, DAB2, DAB2IP, DAPK1, DAPK2, DAPK3, DAPP1, DAXX, DBI, DBNDD1, DBNDD2, DCAF1, DCAKD, DCK, DCLK1, DCLK2, DCLK3, DCTD, DCTPP1, DCXR, DDHD1, DDIT4, DDR1, DDR2, DDRGK1, DDX3X, DEFB114, DEPTOR, DERA, DGAT1, DGAT2, DGKA, DGKB, DGKD, DGKE, DGKG, DGKH, DGKI, DGKK, DGKQ, DGKZ, DGUOK, DHDDS, DHODH, DHRS7B, DHTKD1, DHX34, DIP2A, DIPK2A, DIRAS3, DKK1, DLAT, DLC1, DLD, DLG1, DLG2, DLG3, DLG4, DLST, DMAC2L, DMD, DMPK, DMTN, DNAJA1, DNAJC10, DNAJC19, DNAJC3, DNAJC30, DNAJC6, DNM1L, DNPH1, DOCK7, DOK7, DOLK, DOLPP1, DPAGT1, DPM1, DPM2, DPM3, DPYD, DPYS, DRD1, DRD2, DRD4, DSCAM, DSTYK, DTNBP1, DTYMK, DUSP1, DUSP10, DUSP11, DUSP12, DUSP13A, DUSP13B, DUSP14, DUSP15, DUSP16, DUSP18, DUSP19, DUSP2, DUSP21, DUSP22, DUSP23, DUSP26, DUSP28, DUSP29, DUSP3, DUSP4, DUSP5, DUSP6, DUSP7, DUSP8, DUSP9, DUT, DVL1, DVL2, DVL3, DYNAP, DYNLL1, DYRK1A, DYRK1B, DYRK2, DYRK3, DYRK4, ECT2, EDN1, EDN3, EDNRB, EEF1A1, EEF1A2, EEF2K, EFEMP1, EFL1, EFNA1, EFNA5, EFR3A, EFR3B, EGF, EGFR, EHD4, EIF2AK1, EIF2AK2, EIF2AK3, EIF2AK4, EIF4G1, EIF6, ELANE, ELOVL1, ELOVL2, ELOVL3, ELOVL4, ELOVL5, ELOVL6, ELOVL7, EMP2, ENG, ENO1, ENO2, ENO3, ENO4, ENPP1, ENPP2, ENPP3, ENPP6, ENPP7, ENSA, ENTPD1, ENTPD2, ENTPD3, ENTPD4, ENTPD5, ENTPD6, ENTPD7, ENTPD8, EP300, EPGN, EPHA1, EPHA10, EPHA2, EPHA3, EPHA4, EPHA5, EPHA6, EPHA7, EPHA8, EPHB1, EPHB2, EPHB3, EPHB4, EPHB6, EPHX2, EPO, ERBB2, ERBB3, ERBB4, ERC1, EREG, ERG, ERN1, ERN2, ERP29, ERRFI1, ETAA1, ETNK1, ETNK2, EXTL2, EZH2, F2, FABP3, FABP5, FADS1, FAM20A, FAM20B, FAM20C, FAM220A, FAM220BP, FAR1, FAR2, FAS, FASTK, FAXDC2, FBH1, FBLN1, FBP1, FBP2, FBXW11, FBXW7, FCGR1A, FCRL3, FCSK, FDFT1, FDPS, FECH, FER, FERMT2, FES, FGF1, FGF10, FGF16, FGF17, FGF18, FGF19, FGF2, FGF20, FGF21, FGF22, FGF23, FGF3, FGF4, FGF5, FGF6, FGF7, FGF8, FGF9, FGFR1, FGFR2, FGFR3, FGFR4, FGGY, FGR, FHIT, FIG4, FIGNL1, FIRRM, FIS1, FITM1, FITM2, FIZ1, FKBP1A, FKBP1B, FKBP8, FKRP, FLAD1, FLCN, FLOT1, FLT1, FLT3, FLT4, FMO1, FMO2, FMO5, FN1, FN3K, FN3KRP, FNIP1, FNIP2, FOXA2, FOXK1, FOXK2, FPR2, FRA10AC1, FRK, FUT8, FYN, FZD1, FZD7, FZD8, G6PC1, G6PC2, G6PC3, G6PD, GADD45A, GAK, GALK1, GALK2, GALR2, GALT, GAPDH, GAPDHS, GARS1, GART, GAS6, GATA1, GATA6, GBA1, GCDH, GCG, GCK, GCKR, GDA, GDE1, GDPD1, GDPD3, GFPT1, GFPT2, GFRA1, GFUS, GGNBP2, GGPS1, GH1, GH2, GHR, GIMAP7, GIT1, GJC2, GK, GK2, GK5, GLMN, GLYAT, GLYCTK, GMDS, GMFB, GMFG, GMPR, GMPR2, GMPS, GNA12, GNAI3, GNAQ, GNB3, GNE, GNPAT, GNPDA1, GNPDA2, GNPNAT1, GNPTAB, GNPTG, GPAA1, GPAM, GPAT2, GPAT3, GPAT4, GPCPD1, GPD1, GPD1L, GPD2, GPER1, GPHN, GPI, GPLD1, GPNMB, GPRC5A, GPRC5B, GPX4, GRB10, GREM1, GRK1, GRK2, GRK3, GRK4, GRK5, GRK6, GRK7, GRM5, GSK3A, GSK3B, GSKIP, GSTP1, GTF2H1, GTPBP1, GTPBP4, GUCA1A, GUCA1ANB-GUCA1A, GUCA1B, GUCY1A1, GUCY1A2, GUCY1B1, GUCY2C, GUCY2D, GUCY2F, GUK1, H6PD, HAAO, HACD1, HACD2, HADHA, HASPIN, HAX1, HBEGF, HCK, HCLS1, HCST, HDAC2, HDAC3, HDAC4, HDAC6, HDHD2, HDHD5, HEG1, HERC5, HES1, HES5, HEXB, HEXIM1, HEXIM2, HGF, HGS, HHEX, HIF1A, HINT1, HIPK1, HIPK2, HIPK3, HIPK4, HK1, HK2, HK3, HKDC1, HLA-DRB1, HMGA2, HMGCR, HMGCS1, HMGCS2, HNRNPU, HPRT1, HPX, HRAS, HRC, HRG, HSD17B12, HSD17B4, HSF1, HSP90AA1, HSP90AB1, HSP90B1, HSPA1A, HSPA1B, HSPA2, HSPA8, HSPB1, HTATIP2, HTD2, HTR2A, HTR2B, HTR2C, HTT, HUNK, HUS1, HYAL2, HYCC1, HYCC2, HYKK, IBTK, IDH1, IDH2, IDI1, IDI2, IDNK, IDO1, IDO2, IER3, IFNA1, IFNA10, IFNA13, IFNA14, IFNA16, IFNA17, IFNA2, IFNA21, IFNA4, IFNA5, IFNA6, IFNA7, IFNA8, IFNB1, IFNE, IFNG, IFNK, IFNL1, IFNL4, IFNW1, IGBP1, IGBP1C, IGF1, IGF1R, IGFBP3, IKBKB, IKBKE, IL11, IL12A, IL12B, IL13, IL15, IL18, IL1B, IL2, IL20, IL21, IL22RA2, IL23A, IL23R, IL24, IL3, IL31RA, IL34, IL4, IL5, IL6, IL6R, IL6ST, IL7, IL9, ILF3, ILK, ILKAP, IMPA1, IMPA2, IMPACT, IMPDH1, IMPDH2, INCA1, INHA, INHBA, INPP1, INPP4A, INPP4B, INPP5A, INPP5B, INPP5D, INPP5E, INPP5F, INPP5J, INPP5K, INPPL1, INS, INSM1, INSR, INSRR, IP6K1, IP6K2, IP6K3, IPMK, IPO5, IPO7, IPPK, IQGAP1, IQGAP3, IRAK1, IRAK2, IRAK3, IRAK4, IRGM, IRS2, ISL1, ISYNA1, ITGA1, ITGA5, ITGA6, ITGB1BP1, ITGB2, ITGB3, ITK, ITLN1, ITPA, ITPK1, ITPKA, ITPKB, ITPKC, JAK1, JAK2, JAK3, JMJD8, JTB, KALRN, KARS1, KAT2B, KCNAB2, KCTD20, KDM4D, KDR, KHK, KIF14, KIRREL1, KIRREL2, KIT, KITLG, KLHL31, KMO, KNDC1, KRAS, KSR1, KSR2, KYNU, LACC1, LACRT, LAT, LATS1, LATS2, LAX1, LCAT, LCK, LCLAT1, LCP2, LDB1, LDB2, LDHA, LDHB, LDHC, LDLR, LEP, LEPR, LGALS13, LGALS3, LHCGR, LHPP, LIF, LILRA5, LILRB2, LILRB4, LIMCH1, LIMD1, LIMK1, LIMK2, LIPA, LIPC, LIPE, LIPG, LIPH, LIPI, LMO4, LMTK2, LMTK3, LOC102724428, LOC344967, LONP1, LOX, LPCAT1, LPCAT2, LPCAT3, LPCAT4, LPGAT1, LPIN1, LPL, LRGUK, LRP4, LRP5, LRP6, LRP8, LRRC18, LRRC59, LRRK1, LRRK2, LTF, LTK, LYN, MACROH2A1, MAD2L2, MAGI2, MAGI3, MAK, MALT1, MAML1, MAP2K1, MAP2K2, MAP2K3, MAP2K4, MAP2K5, MAP2K6, MAP2K7, MAP3K1, MAP3K10, MAP3K11, MAP3K12, MAP3K13, MAP3K14, MAP3K15, MAP3K19, MAP3K2, MAP3K20, MAP3K21, MAP3K3, MAP3K4, MAP3K5, MAP3K6, MAP3K7, MAP3K8, MAP3K9, MAP4K1, MAP4K2, MAP4K3, MAP4K4, MAP4K5, MAPK1, MAPK10, MAPK11, MAPK12, MAPK13, MAPK14, MAPK15, MAPK3, MAPK4, MAPK6, MAPK7, MAPK8, MAPK8IP1, MAPK9, MAPKAP1, MAPKAPK2, MAPKAPK3, MAPKAPK5, MAPRE3, MAPT, MARCO, MARK1, MARK2, MARK3, MARK4, MAS1, MAST1, MAST2, MAST3, MAST4, MASTL, MATK, MAVS, MBD4, MBOAT1, MBOAT2, MBOAT7, MCCC2, MCEE, MCM7, MDH1, MDH1B, MDH2, ME1, ME2, MECP2, MEF2C, MELK, MEN1, MERTK, MET, MEX3B, MFHAS1, MFN1, MFSD2A, MGAT1, MGAT5, MICAL1, MIDN, MIF, MINK1, MINPP1, MIR103A1, MIR106B, MIR125B1, MIR128-1, MIR132, MIR137, MIR138-1, MIR146A, MIR15A, MIR19A, MIR19B1, MIR20A, MIR21, MIR212, MIR218-1, MIR219A1, MIR221, MIR24-1, MIR26B, MIR27B, MIR30B, MIR30C1, MIR34A, MIR483, MIR675, MIR711, MIR92A1, MKNK1, MKNK2, MLST8, MLXIPL, MLYCD, MMD, MMD2, MMP9, MMUT, MOB1A, MOB1B, MOB2, MOB3A, MOB3B, MOB3C, MOCOS, MOCS1, MOCS2, MOCS3, MOK, MORC3, MOS, MPC2, MPI, MPP1, MPPE1, MRE11, MRNIP, MST1, MST1R, MT3, MTCP1, MTHFD1, MTHFD2L, MTM1, MTMR1, MTMR10, MTMR11, MTMR12, MTMR14, MTMR2, MTMR3, MTMR4, MTMR6, MTMR7, MTMR8, MTMR9, MTOR, MUSK, MVD, MVK, MVP, MYADM, MYCNOS, MYDGF, MYH3, MYH4, MYH6, MYH7, MYH8, MYLK, MYLK2, MYLK3, MYLK4, MYO3A, MYO3B, MYOCD, MYOD1, NAAA, NADK, NADK2, NADSYN1, NAGK, NAMPT, NANP, NANS, NAPEPLD, NAPRT, NAXD, NAXE, NBN, NCF1, NCK1, NCK2, NCKAP1L, NCL, NCOR1, ND1, ND2, ND3, ND4, ND4L, ND5, ND6, NDUFA1, NDUFA10, NDUFA11, NDUFA12, NDUFA13, NDUFA2, NDUFA3, NDUFA5, NDUFA6, NDUFA7, NDUFA8, NDUFA9, NDUFAB1, NDUFB1, NDUFB10, NDUFB11, NDUFB2, NDUFB3, NDUFB4, NDUFB5, NDUFB6, NDUFB7, NDUFB8, NDUFB9, NDUFC1, NDUFC2, NDUFS1, NDUFS2, NDUFS3, NDUFS4, NDUFS5, NDUFS6, NDUFS7, NDUFS8, NDUFV1, NDUFV2, NDUFV3, NEDD9, NEIL1, NEIL2, NEK1, NEK10, NEK11, NEK2, NEK3, NEK4, NEK5, NEK6, NEK7, NEK8, NEK9, NF1, NF2, NFS1, NGF, NHERF1, NHLRC1, NIBAN1, NIM1K, NKX2-1, NKX3-1, NLK, NLRC5, NLRP12, NLRP2B, NME1, NME2, NME2P1, NME3, NME4, NME5, NME6, NME7, NME9, NMNAT1, NMNAT2, NMNAT3, NMRK1, NMRK2, NNMT, NNT, NOCT, NOD2, NOL9, NOP53, NOS1, NOS2, NOS3, NOX1, NOX4, NPM1, NPPA, NPPB, NPPC, NPR1, NPR2, NPRL2, NPTN, NQO1, NR1H2, NR1H3, NR1H4, NR2F2, NRG1, NRK, NRP1, NSD1, NSMF, NT5C, NT5C1A, NT5C1B, NT5C2, NT5C3A, NT5C3B, NT5E, NT5M, NTF3, NTF4, NTHL1, NTRK1, NTRK2, NTRK3, NTSR1, NUAK1, NUAK2, NUDT10, NUDT11, NUDT12, NUDT13, NUDT14, NUDT15, NUDT16, NUDT17, NUDT18, NUDT19, NUDT2, NUDT3, NUDT4, NUDT4B, NUDT5, NUDT7, NUDT8, NUDT9, NUPR1, NUS1, OBSCN, OC90, OCLN, OCRL, ODAM, OGDH, OGDHL, OGG1, OGT, OLA1, OPA1, OPRD1, ORMDL1, ORMDL3, OSBP, OSBPL10, OSBPL5, OSBPL8, OSM, OXSM, OXSR1, P2RX7, P2RY1, P2RY6, P3R3URF, PAFAH1B1, PAICS, PAK1, PAK2, PAK3, PAK4, PAK5, PAK6, PANK1, PANK2, PANK3, PANK4, PAPSS1, PAPSS2, PAQR3, PARD3, PARD6A, PARG, PARK7, PARP1, PARP10, PARP14, PARP16, PARP9, PASK, PAX6, PBK, PC, PCK1, PCK2, PCSK9, PCYT1A, PCYT1B, PCYT2, PDCD10, PDCD4, PDCL3, PDE10A, PDE1A, PDE2A, PDE4A, PDE4B, PDE4C, PDE4D, PDE5A, PDE7A, PDE7B, PDE8A, PDE8B, PDE9A, PDGFA, PDGFB, PDGFC, PDGFD, PDGFRA, PDGFRB, PDHA1, PDHA2, PDHB, PDHX, PDIK1L, PDK1, PDK2, PDK3, PDK4, PDP1, PDP2, PDPK1, PDXK, PDXP, PEAK1, PEAK3, PECAM1, PELI2, PEMT, PFAS, PFKFB1, PFKFB2, PFKFB3, PFKFB4, PFKL, PFKM, PFKP, PFN2, PGAM1, PGAM2, PGAM4, PGAM5, PGAP1, PGAP2, PGAP3, PGAP4, PGD, PGF, PGK1, PGK2, PGLS, PGM1, PGM3, PGP, PGS1, PHB1, PHB2, PHEX, PHIP, PHKG1, PHKG2, PHLPP1, PHLPP2, PHPT1, PI4K2A, PI4K2B, PI4KA, PI4KAP2, PI4KB, PIBF1, PICK1, PID1, PIGA, PIGB, PIGC, PIGF, PIGG, PIGH, PIGK, PIGL, PIGM, PIGN, PIGO, PIGP, PIGQ, PIGS, PIGT, PIGU, PIGV, PIGW, PIGX, PIGY, PIGZ, PIH1D1, PIK3C2A, PIK3C2B, PIK3C2G, PIK3C3, PIK3CA, PIK3CB, PIK3CD, PIK3CG, PIK3R1, PIK3R2, PIK3R3, PIK3R4, PIK3R5, PIK3R6, PIKFYVE, PILRB, PIM1, PIM2, PIM3, PIN1, PINK1, PIP4K2A, PIP4K2B, PIP4K2C, PIP4P1, PIP4P2, PIP5K1A, PIP5K1B, PIP5K1C, PIP5KL1, PIPOX, PIPSL, PISD, PITPNM1, PITPNM2, PITPNM3, PKD1, PKDCC, PKIA, PKIB, PKIG, PKLR, PKM, PKMYT1, PKN1, PKN2, PKN3, PLA1A, PLA2G10, PLA2G12A, PLA2G12B, PLA2G15, PLA2G1B, PLA2G2A, PLA2G2C, PLA2G2D, PLA2G2E, PLA2G2F, PLA2G3, PLA2G4A, PLA2G4B, PLA2G4C, PLA2G4D, PLA2G4E, PLA2G4F, PLA2G5, PLA2G6, PLA2G7, PLAA, PLAAT1, PLAAT2, PLAAT3, PLAAT4, PLAAT5, PLAUR, PLB1, PLBD1, PLBD2, PLCB1, PLCB2, PLCB3, PLCB4, PLCD1, PLCE1, PLCG1, PLCG2, PLCH1, PLCH2, PLD1, PLD2, PLEK, PLK1, PLK2, PLK3, PLK4, PLPP1, PLPP2, PLPP3, PLPP4, PLPP5, PLPP6, PLPPR1, PLPPR2, PLPPR3, PLPPR4, PLPPR5, PLSCR1, PLSCR3, PLXNB2, PMS2P1, PMS2P11, PMVK, PNCK, PNKP, PNLIPRP2, PNP, PNPLA3, PNPLA6, PNPLA7, PNPLA8, PNPO, POMK, PON1, PP2D1, PPA1, PPA2, PPARA, PPARG, PPARGC1A, PPARGC1B, PPAT, PPCDC, PPCS, PPEF1, PPEF2, PPIA, PPIP5K1, PPIP5K2, PPM1A, PPM1B, PPM1D, PPM1E, PPM1F, PPM1G, PPM1H, PPM1J, PPM1K, PPM1L, PPM1M, PPM1N, PPP1CA, PPP1CB, PPP1CC, PPP1R12A, PPP1R14A, PPP1R14B, PPP1R14C, PPP1R14D, PPP1R15A, PPP1R15B, PPP1R16B, PPP1R17, PPP1R1B, PPP1R2, PPP1R2B, PPP1R2C, PPP1R2P1, PPP1R7, PPP1R8, PPP1R9B, PPP2CA, PPP2CB, PPP2R1A, PPP2R1B, PPP2R2A, PPP2R3A, PPP2R3B, PPP2R3C, PPP2R5A, PPP2R5B, PPP2R5C, PPP2R5D, PPP2R5E, PPP3CA, PPP3CB, PPP3CC, PPP3R1, PPP3R2, PPP4R1, PPP4R3A, PPP4R3B, PPP4R3C, PPP4R4, PPP5C, PPP6C, PPP6R1, PPP6R2, PPP6R3, PPT1, PPT2, PPTC7, PRAG1, PRDX3, PRDX4, PRDX6, PRKAA1, PRKAA2, PRKAB1, PRKACA, PRKACB, PRKACG, PRKAG1, PRKAG2, PRKAG3, PRKAR1A, PRKAR1B, PRKAR2A, PRKAR2B, PRKCA, PRKCB, PRKCD, PRKCE, PRKCG, PRKCH, PRKCI, PRKCQ, PRKCZ, PRKD1, PRKD2, PRKD3, PRKDC, PRKG1, PRKG2, PRKN, PRKRIP1, PRKX, PRKY, PRLR, PRNP, PROCA1, PROM2, PROX1, PRP4K, PRPS1, PRPS1L1, PRPS2, PRPSAP1, PRPSAP2, PRR5, PRR5L, PRRC1, PRRT1, PRXL2C, PSEN1, PSKH1, PSKH2, PSMD10, PSPH, PSRC1, PSTK, PTAFR, PTBP1, PTDSS1, PTDSS2, PTEN, PTGES3, PTGIS, PTGS2, PTH, PTH1R, PTHLH, PTK2, PTK2B, PTK6, PTP4A1, PTP4A2, PTP4A3, PTPA, PTPDC1, PTPMT1, PTPN1, PTPN11, PTPN12, PTPN13, PTPN14, PTPN18, PTPN2, PTPN20, PTPN21, PTPN22, PTPN23, PTPN3, PTPN4, PTPN5, PTPN6, PTPN7, PTPN9, PTPRA, PTPRB, PTPRC, PTPRD, PTPRE, PTPRF, PTPRG, PTPRH, PTPRJ, PTPRK, PTPRM, PTPRN2, PTPRO, PTPRQ, PTPRR, PTPRS, PTPRT, PTPRU, PTPRZ1, PUDP, PWP1, PXYLP1, PYCARD, PYDC1, PYGL, QARS1, QPRT, RAB23, RAB38, RABGEF1, RAC1, RACK1, RAD17, RAD50, RAD51, RAF1, RALB, RALBP1, RAN, RAP1A, RAP2A, RAP2B, RAP2C, RAPGEF2, RARA, RARRES2, RASGRP1, RASIP1, RASSF2, RB1, RB1CC1, RBKS, RBL1, RBL2, RD3, RELN, RET, REXO2, RFK, RGCC, RGN, RGS14, RGS2, RHOA, RHOQ, RICTOR, RIOK1, RIOK2, RIOK3, RIPK1, RIPK2, RIPK3, RIPK4, RIT2, RNASEH2B, RNASEL, RNGTT, ROBO1, ROCK1, ROCK2, ROPN1, ROPN1B, ROPN1L, ROR1, ROR2, RORA, ROS1, RPE, RPEL1, RPIA, RPS3, RPS6KA1, RPS6KA2, RPS6KA3, RPS6KA4, RPS6KA5, RPS6KA6, RPS6KB1, RPS6KB2, RPS6KC1, RPS6KL1, RPTOR, RRM1, RRM2, RRM2B, RSKR, RSPO1, RTRAF, RUNX3, RYK, S100A12, S1PR2, SACM1L, SAMD8, SAMHD1, SAMSN1, SARM1, SASH1, SBF1, SBK1, SBK2, SBK3, SCARB1, SDCBP, SDHA, SDHAF2, SDHB, SDHC, SDHD, SELENOI, SEMA4D, SEMA7A, SEPHS1, SEPHS2, SERAC1, SERINC1, SERINC4, SERINC5, SERPINB3, SERTAD1, SESN2, SFN, SFRP1, SFRP2, SGK1, SGK2, SGK3, SGMS1, SGMS2, SGPP1, SGPP2, SH2D3A, SH2D3C, SH3GL2, SH3YL1, SHMT1, SHPK, SIK1, SIK2, SIK3, SIRPA, SIRT1, SIRT2, SIRT6, SLA2, SLAMF8, SLC11A1, SLC17A2, SLC17A4, SLC19A2, SLC19A3, SLC1A1, SLC20A1, SLC22A13, SLC25A1, SLC25A10, SLC25A13, SLC25A19, SLC25A25, SLC27A1, SLC27A2, SLC2A6, SLC30A5, SLC35A3, SLC44A1, SLC44A2, SLC44A3, SLC44A4, SLC44A5, SLC4A1, SLC4A4, SLC4A7, SLC52A2, SLC52A3, SLC5A8, SLC8A1, SLC8A2, SLC8A3, SLCO3A1, SLIT2, SLK, SMAD7, SMCR8, SMG1, SMG5, SMG6, SMG7, SMG8, SMO, SMPD1, SMPD2, SMPD3, SMPD4, SMPDL3A, SMPDL3B, SMUG1, SMYD3, SNCA, SNRK, SNX6, SNX9, SOCS1, SOCS2, SOCS3, SOCS4, SOCS5, SOCS6, SOCS7, SOD1, SORD, SOX9, SP7, SPAG9, SPATC1L, SPDYA, SPEG, SPHK1, SPHK2, SPINK1, SPN, SPPL3, SPRED1, SPRED2, SPRY1, SPRY2, SPRY3, SPRY4, SPTBN4, SPTLC1, SPTLC2, SQSTM1, SRC, SRCIN1, SRD5A3, SRMS, SRPK1, SRPK2, SRPK3, SRPX2, SSH1, SSH2, SSH3, STAP1, STAT2, STAT3, STK10, STK11, STK16, STK17A, STK17B, STK19, STK24, STK25, STK26, STK3, STK31, STK32A, STK32B, STK32C, STK33, STK35, STK36, STK38, STK38L, STK39, STK4, STK40, STOML2, STOX1, STRADA, STRADB, STYK1, STYX, STYXL1, STYXL2, SUCLA2, SUCLG1, SUCLG2, SULT1A1, SULT1A2, SULT1A3, SULT1A4, SULT1B1, SULT1C3, SULT1C4, SULT1E1, SULT2A1, SULT2B1, SWAP70, SYAP1, SYK, SYNJ1, SYNJ2, TAB1, TAB2, TADA3, TAF1, TAF7, TAFAZZIN, TALDO1, TAMM41, TAOK1, TAOK2, TAOK3, TARBP2, TARDBP, TBK1, TBPL1, TBX1, TCIM, TCL1A, TCL1B, TDG, TDO2, TEC, TECR, TEK, TENM1, TERF2IP, TESK1, TESK2, TF, TFAP4, TFRC, TGFA, TGFB1, TGFB2, TGFBR1, TGFBR2, THBS1, THBS4, THEM5, THNSL2, THPO, THTPA, THY1, TIE1, TIGAR, TIMM50, TIPRL, TJP2, TK1, TK2, TKFC, TKT, TLK1, TLK2, TLR2, TLR3, TLR4, TLR6, TLR7, TLR8, TLR9, TMED2, TMEM102, TMEM119, TMEM150A, TMEM38B, TMEM86B, TMSB4X, TNF, TNFAIP8L3, TNFRSF10A, TNFRSF10B, TNFRSF11A, TNFRSF14, TNFRSF18, TNFRSF1A, TNFSF11, TNFSF15, TNFSF18, TNIK, TNK1, TNK2, TNKS, TNKS1BP1, TNNI3K, TNS2, TNS3, TOLLIP, TOM1L1, TOP1, TP53, TP53I3, TP53RK, TPD52L1, TPI1, TPK1, TPST1, TPST2, TPTE, TPTE2, TPX2, TRAF2, TRAF3IP1, TRAF4, TRAF6, TREM2, TREX1, TRIB1, TRIB2, TRIB3, TRIM27, TRIM6, TRIM65, TRIO, TRPC5, TRPM6, TRPM7, TSC1, TSC2, TSG101, TSLP, TSPO, TSPYL2, TSSK1B, TSSK2, TSSK3, TSSK4, TSSK6, TTBK1, TTBK2, TTC36, TTC7A, TTC7B, TTK, TTN, TWF1, TXK, TXN, TYK2, TYMP, TYMS, TYRO3, UAP1, UAP1L1, UBASH3B, UBE2K, UBLCP1, UCHL1, UCK1, UCK2, UCKL1, UCN, UCP2, UGDH, UGGT1, UGGT2, UGP2, UHMK1, ULK1, ULK2, ULK3, ULK4, UMPS, UNC119, UNG, UPB1, UPP1, UPP2, UPRT, UQCC3, URI1, UVRAG, UXS1, VAC14, VAPA, VCP, VEGFA, VEGFB, VEGFC, VEGFD, VNN1, VPS25, VPS9D1, VRK1, VRK2, VRK3, VTN, WARS1, WDFY2, WEE1, WEE2, WNK1, WNK2, WNK3, WNK4, WNT1, WNT11, WNT3A, WNT5A, WNT9B, WWTR1, XDH, XRCC5, XRCC6, XYLB, YES1, YWHAB, YWHAE, YWHAG, YWHAZ, ZAP70, ZBED3, ZBTB20, ZBTB7A, ZC3H12A, ZFP91, ZFYVE28, ZGPAT, ZNF16, ZNF592, ZNF622, ZNF675
GO:0030947	regulation of vascular endothelial growth factor receptor signaling pathway	35	2	0.12	0.00664	0.01326923076923077	ARNT, CADM4, DAB2IP, DLL1, EMILIN1, EPN2, FGF10, FGF18, FGF9, FZD4, GRB10, HGS, HHEX, HIF1A, IL1B, ITGA5, ITGB3, MIR10A, MIR10B, MIR1224, MIR200C, MIR296, MMRN2, MT3, NEDD4, NIBAN2, NRP1, PDCD6, PRKCB, PRKD2, PTPN1, ROBO1, TMEM204, VEGFC, VTN
GO:0009135	purine nucleoside diphosphate metabolic process	110	3	0.38	0.00674	0.01326923076923077	ACTN3, ADPGK, AK1, AK2, AK3, AK4, AK5, ALDOA, ALDOB, ALDOC, APP, ARL2, BAD, BPGM, CARD11, CASK, CBFA2T3, COL6A1, DDIT4, DHTKD1, DLG1, DLG2, EIF6, ENO1, ENO2, ENO3, ENO4, ENTPD2, ENTPD4, EP300, FBP1, FKRP, FLCN, FOXK1, FOXK2, GALK1, GAPDH, GAPDHS, GCK, GIT1, GPD1, GPI, GUK1, HDAC4, HIF1A, HK1, HK2, HK3, HKDC1, HTR2A, IER3, IFNG, IGF1, INS, INSR, JMJD8, KAT2B, LDHA, LIPA, LRGUK, MAGI3, MLST8, MLXIPL, MPP1, MTOR, NCOR1, NT5E, NUDT18, NUDT9, NUPR1, OGDH, OGDHL, OGT, P2RX7, PFKFB1, PFKFB2, PFKL, PFKM, PFKP, PGAM1, PGAM2, PGAM4, PGK1, PGK2, PGM1, PKLR, PKM, PPARA, PPP2CA, PRKAA1, PRKAA2, PRKACA, PRKAG1, PRKAG2, PRKAG3, PRXL2C, PSEN1, RPTOR, SIRT6, SLC2A6, SLC4A1, SLC4A4, STAT3, TIGAR, TJP2, TPI1, TREX1, UCP2, ZBTB20, ZBTB7A
GO:0009179	purine ribonucleoside diphosphate metabolic process	110	3	0.38	0.00674	0.01326923076923077	ACTN3, ADPGK, AK1, AK2, AK3, AK4, AK5, ALDOA, ALDOB, ALDOC, APP, ARL2, BAD, BPGM, CARD11, CASK, CBFA2T3, COL6A1, DDIT4, DHTKD1, DLG1, DLG2, EIF6, ENO1, ENO2, ENO3, ENO4, ENTPD2, ENTPD4, EP300, FBP1, FKRP, FLCN, FOXK1, FOXK2, GALK1, GAPDH, GAPDHS, GCK, GIT1, GPD1, GPI, GUK1, HDAC4, HIF1A, HK1, HK2, HK3, HKDC1, HTR2A, IER3, IFNG, IGF1, INS, INSR, JMJD8, KAT2B, LDHA, LIPA, LRGUK, MAGI3, MLST8, MLXIPL, MPP1, MTOR, NCOR1, NT5E, NUDT18, NUDT9, NUPR1, OGDH, OGDHL, OGT, P2RX7, PFKFB1, PFKFB2, PFKL, PFKM, PFKP, PGAM1, PGAM2, PGAM4, PGK1, PGK2, PGM1, PKLR, PKM, PPARA, PPP2CA, PRKAA1, PRKAA2, PRKACA, PRKAG1, PRKAG2, PRKAG3, PRXL2C, PSEN1, RPTOR, SIRT6, SLC2A6, SLC4A1, SLC4A4, STAT3, TIGAR, TJP2, TPI1, TREX1, UCP2, ZBTB20, ZBTB7A
GO:0021700	developmental maturation	341	5	1.19	0.00677	0.01326923076923077	ABHD2, ACTL6B, ACTN3, ACVRL1, ADAM7, ADAMTS12, ADAMTS7, ADGRB3, ADGRL1, AGRN, AKR1B1, ALDH1A2, ANAPC2, ANG, ANGPTL8, ANKRD17, ANKRD27, ANKS1A, AP1G1, AP1M1, AP3D1, APP, ARCN1, ARHGEF15, ASCL1, ATP6AP1, ATP6AP2, ATP6V0A1, ATP6V0A4, ATP6V0D1, ATP6V1A, ATP6V1B1, ATP6V1B2, ATP6V1C1, ATP6V1D, ATP6V1E1, ATP6V1F, ATP6V1G1, ATP6V1G2, ATP6V1G3, ATP6V1H, AURKA, AXL, B4GALT5, B4GALT6, BAIAP3, BAP1, BCAN, BCL11A, BCL2, BFSP1, BFSP2, BHLHA15, BLOC1S3, BLOC1S5, BLOC1S6, BMP2, BNC1, BRCA2, BRD1, BSPH1, BTK, C1QA, C1QL1, C1QL2, C2CD6, C3, CABYR, CAMK2B, CATSPER2, CATSPER3, CATSPER4, CATSPERD, CATSPERE, CATSPERZ, CBFB, CCDC154, CCL19, CCL21, CCR6, CD63, CDC20, CDC25B, CDH3, CDH5, CDK5R1, CDK5R2, CDKN1A, CDKN1C, CEBPA, CEND1, CFTR, CHRDL1, CLCN3, CLEC7A, CLN5, CLSTN1, CNGB1, CNTN2, CNTNAP1, CNTNAP2, CTNNB1, CX3CL1, CX3CR1, DAB2IP, DAG1, DAZL, DCHS1, DDIT3, DEFB1, DIAPH3, DISC1, DLD, DLG4, DMC1, EBP, EDN1, EDNRA, EDNRB, EFCAB9, ELSPBP1, EPAS1, EPB42, EPHA8, EPO, ERCC2, EREG, EXT1, FAM20C, FAM210B, FARP2, FBXO5, FEM1B, FERMT1, FEV, FGFR1, FGFR3, FGG, FLVCR1, FOXA1, FOXJ1, FOXO3, FUT6, FZD5, G6PD, GAL, GATA2, GATA3, GBA1, GDF11, GH1, GHRHR, GJA1, GLDN, GPAT4, GREM1, HDAC6, HEATR3, HES1, HES5, HIF1A, HOXA5, HOXB13, IFT80, IGF1, IGSF21, IHH, IL15, IL21, INSL3, IQCF1, KCNB1, KCNE1, KCNIP2, KCNQ3, KDM1A, KDR, KIF14, KLF2, L3MBTL3, LEP, LGI4, LHX6, LRRK2, LTF, LYL1, MAEA, MAP1B, MAP3K13, MBTPS2, MECP2, MMP2, MOS, MSX2, MTCH1, MYOC, NEFL, NEMP1, NEURL1, NEUROD2, NF1, NFATC4, NFIA, NKX6-1, NLGN1, NOM1, NPPC, NPR2, NR4A2, NRCAM, NRXN1, NSUN2, NTN4, OOSP2, PAEP, PALM, PAX2, PCSK4, PFN1, PGR, PHOSPHO1, PICALM, PICK1, PLA2G10, PLA2G3, PLD6, PLXNB1, PPARG, PPP2R1A, PRKACA, PTBP3, PTEN, PTH, PTH1R, PTK2B, PTPRN, RAB32, RAB38, RAB3A, RAC2, RAC3, RB1, RBPJ, REC8, RECK, RELN, REN, RERE, RET, RFLNA, RFLNB, RFX3, RHEX, RHOA, RND1, ROCK1, ROPN1, ROPN1B, ROPN1L, RPS6KA2, RUNX2, RXFP2, RYR1, S1PR1, SCARF1, SCLT1, SEMA4D, SEMG1, SEMG2, SEZ6, SEZ6L, SEZ6L2, SHANK1, SHB, SIRT2, SIX3, SLC22A14, SLC24A4, SLC26A3, SLC26A6, SLFN14, SMIM45, SNAPIN, SNX10, SNX19, SOX10, SOX18, SOX8, SPINK1, SPINK5, SPTBN4, SRRM4, STXBP1, SYBU, SYP, TAL1, TBX6, TCP11, TCP11X1, TCP11X2, TDRD1, TDRD5, TDRD6, TDRD7, TDRKH, TFCP2L1, TGFB2, THBS3, TMEM79, TMIGD1, TMPRSS12, TRIM58, TRIP13, TRPC4AP, TUBB8, TUSC2, TUT4, TUT7, TYMS, UNC13A, UNC13B, UNC13C, VEGFA, VPS35, VSX1, WASHC5, WDR77, WEE2, WNT1, WNT10B, WNT5A, XYLT1, YTHDF2, YWHAZ, ZAR1, ZAR1L, ZBTB16, ZBTB7A, ZDHHC15, ZDHHC20, ZNF664-RFLNA
GO:0019220	regulation of phosphate metabolic process	1164	10	4.07	0.00686	0.01326923076923077	ABCA3, ABI1, ABL1, ACMSD, ACP4, ACSL3, ACTB, ACTN3, ACVR1, ACVR2A, ADAM17, ADAM9, ADAR, ADARB1, ADCY10, ADCY8, ADCYAP1, ADCYAP1R1, ADGRF5, ADIPOQ, ADNP, ADORA1, ADRA2A, ADRA2B, ADRA2C, ADRB2, ADTRP, AGAP2, AGER, AGT, AGTR2, AIDA, AKAP9, AKT1, AKT1S1, AKTIP, ALDOB, ALK, ALS2, AMBRA1, ANG, ANGPT1, ANGPT4, ANKLE2, ANKRD54, ANTKMT, APC, APLNR, APOA1, APOC1, APOC2, APOE, APP, AR, ARAF, AREG, ARHGEF2, ARHGEF5, ARL2, ARL2BP, ARPP19, ARR3, ARRB1, ARRB2, ATF2, ATG14, ATP2B4, ATP5IF1, ATPSCKMT, AVP, AVPR1B, AXIN1, AXIN2, AXL, AZU1, BAD, BAG4, BAK1, BANK1, BARD1, BAX, BCAR3, BCCIP, BCL10, BCL2, BDKRB1, BDKRB2, BDNF, BEND3, BLM, BMP2, BMP4, BMP6, BMP7, BOD1, BORA, BRAF, BRAT1, BST1, BTBD10, C3, C5AR1, C9orf72, CAB39, CACTIN, CACUL1, CADM1, CADM4, CALCA, CALM1, CALM2, CALM3, CAMK1, CAMK2N1, CAMK2N2, CAMKK2, CAMP, CAMTA1, CAPN2, CARD10, CARD14, CARTPT, CASS4, CAV1, CAV3, CBFA2T3, CBL, CBLB, CBLC, CCDC88A, CCDC88C, CCL19, CCL5, CCN1, CCNA1, CCNA2, CCNB1, CCNB2, CCNB3, CCND1, CCND2, CCND3, CCNE1, CCNE2, CCNF, CCNG1, CCNG2, CCNH, CCNI, CCNI2, CCNJ, CCNJL, CCNK, CCNO, CCNP, CCNT1, CCNT2, CCNY, CCNYL1, CCNYL2, CCNYL3, CCR7, CD109, CD24, CD244, CD300A, CD33, CD36, CD3E, CD4, CD40, CD44, CD6, CD74, CD80, CD86, CDA, CDC25A, CDC25C, CDC37, CDC6, CDCA2, CDH5, CDK12, CDK2AP1, CDK5R1, CDK5R2, CDK5RAP1, CDK5RAP3, CDK7, CDKN1A, CDKN1B, CDKN1C, CDKN2A, CDKN2B, CDKN2C, CDKN2D, CDKN3, CDON, CEACAM1, CEMIP, CENPE, CEP43, CEP85, CHI3L1, CHMP6, CHP1, CHP2, CHRM5, CHRNA3, CHRNA7, CIB1, CIMAP3, CLCF1, CLDN19, CLDN3, CLEC6A, CLIP3, CLN3, CLSPN, CNEP1R1, CNKSR3, CNOT7, CNOT9, CNTF, COPS8, CORO1C, CREBL2, CRH, CRIPTO, CRKL, CRLF1, CRY2, CSF1, CSF1R, CSF2, CSF3, CSH1, CSH2, CSHL1, CSNK1D, CSPG4, CTDSP1, CTDSP2, CTDSPL, CTF1, CX3CL1, CX3CR1, DAB2, DAB2IP, DAXX, DBNDD1, DBNDD2, DDIT4, DDR1, DDR2, DDRGK1, DDX3X, DEFB114, DEPTOR, DGKQ, DHX34, DIPK2A, DIRAS3, DKK1, DLC1, DLG3, DLG4, DMD, DMTN, DNAJA1, DNAJC10, DNAJC19, DNAJC3, DNAJC30, DNM1L, DOCK7, DOK7, DRD1, DRD2, DRD4, DSCAM, DSTYK, DTNBP1, DUSP1, DUSP10, DUSP16, DUSP19, DUSP22, DUSP3, DUSP6, DUSP7, DVL1, DVL2, DVL3, DYNAP, DYNLL1, ECT2, EDN1, EDN3, EDNRB, EEF1A1, EEF1A2, EEF2K, EFNA1, EFNA5, EGF, EGFR, EHD4, EIF2AK1, EIF2AK3, EIF4G1, EIF6, ELANE, EMP2, ENG, ENO1, ENPP1, ENPP2, ENPP7, ENSA, EP300, EPGN, EPHA1, EPHA2, EPHA4, EPHA7, EPHB2, EPHB4, EPO, ERBB2, ERBB3, ERBB4, EREG, ERN1, ERP29, ERRFI1, ETAA1, EZH2, F2, FABP3, FAM20A, FAS, FAXDC2, FBH1, FBLN1, FBP1, FBXW7, FCGR1A, FCRL3, FECH, FER, FERMT2, FGF1, FGF10, FGF16, FGF17, FGF18, FGF19, FGF2, FGF20, FGF21, FGF22, FGF23, FGF3, FGF4, FGF5, FGF6, FGF7, FGF8, FGF9, FGFR1, FGFR2, FGFR3, FGFR4, FGR, FIRRM, FIS1, FIZ1, FKBP1A, FKBP1B, FKBP8, FLCN, FLOT1, FLT1, FLT3, FLT4, FN1, FNIP1, FNIP2, FOXA2, FPR2, FYN, FZD1, FZD7, FZD8, GADD45A, GAPDHS, GAS6, GATA1, GBA1, GCG, GCK, GCKR, GFRA1, GGNBP2, GH1, GH2, GHR, GIT1, GJC2, GLMN, GNA12, GNAQ, GNB3, GPD1, GPD1L, GPER1, GPLD1, GPNMB, GPRC5A, GPRC5B, GRB10, GREM1, GRM5, GSK3A, GSK3B, GSKIP, GSTP1, GTF2H1, GTPBP4, GUCA1A, GUCA1ANB-GUCA1A, GUCA1B, HAX1, HBEGF, HCLS1, HDAC2, HDAC3, HDAC4, HDAC6, HEG1, HERC5, HES1, HES5, HEXIM1, HEXIM2, HGF, HGS, HHEX, HIF1A, HIPK2, HIPK3, HLA-DRB1, HMGA2, HNRNPU, HPX, HRAS, HRC, HRG, HSF1, HSP90AA1, HSP90AB1, HSP90B1, HSPA2, HSPB1, HTR2A, HTR2B, HTR2C, HTT, HUS1, HYAL2, IBTK, IDH1, IER3, IFNA1, IFNA10, IFNA13, IFNA14, IFNA16, IFNA17, IFNA2, IFNA21, IFNA4, IFNA5, IFNA6, IFNA7, IFNA8, IFNB1, IFNE, IFNG, IFNK, IFNL1, IFNW1, IGBP1, IGBP1C, IGF1, IGF1R, IGFBP3, IKBKB, IL11, IL12A, IL12B, IL13, IL15, IL18, IL1B, IL2, IL20, IL21, IL22RA2, IL23A, IL23R, IL24, IL3, IL31RA, IL34, IL4, IL5, IL6, IL6R, IL6ST, IL7, IL9, ILK, IMPACT, INCA1, INHA, INHBA, INPP5F, INPP5J, INPP5K, INS, INSM1, INSR, INSRR, IP6K2, IPO5, IPO7, IQGAP1, IQGAP3, IRAK1, IRAK3, IRGM, IRS2, ISL1, ITGA1, ITGA5, ITGA6, ITGB1BP1, ITGB2, ITGB3, ITLN1, ITPKB, JAK2, JMJD8, JTB, KAT2B, KCTD20, KDM4D, KDR, KIF14, KIRREL1, KIRREL2, KIT, KITLG, KLHL31, KNDC1, KRAS, KSR1, LACC1, LACRT, LAT, LATS1, LATS2, LAX1, LCP2, LDB1, LDB2, LDLR, LEP, LEPR, LGALS3, LHCGR, LIF, LILRA5, LILRB2, LILRB4, LIMCH1, LIMK2, LMO4, LONP1, LOX, LPCAT1, LRP4, LRP5, LRP6, LRP8, LRRK1, LRRK2, LTF, LTK, LYN, MACROH2A1, MAD2L2, MAGI2, MALT1, MAP2K1, MAP2K2, MAP2K3, MAP2K4, MAP2K5, MAP2K6, MAP2K7, MAP3K10, MAP3K11, MAP3K12, MAP3K13, MAP3K4, MAP3K5, MAP3K7, MAP4K2, MAPK1, MAPK8IP1, MAPKAP1, MAPRE3, MAPT, MARCO, MARK2, MAS1, MASTL, MAVS, MCM7, ME1, ME2, MEF2C, MEN1, MERTK, MET, MFHAS1, MFSD2A, MGAT5, MICAL1, MIDN, MIF, MIR103A1, MIR106B, MIR125B1, MIR128-1, MIR132, MIR137, MIR138-1, MIR146A, MIR15A, MIR19A, MIR19B1, MIR20A, MIR21, MIR212, MIR218-1, MIR219A1, MIR221, MIR24-1, MIR26B, MIR27B, MIR30B, MIR30C1, MIR34A, MIR483, MIR675, MIR711, MIR92A1, MLST8, MLXIPL, MMD, MMD2, MMP9, MOB1A, MOB1B, MOB2, MOB3A, MOB3B, MOB3C, MRE11, MRNIP, MST1, MST1R, MT3, MTCP1, MTMR1, MTMR2, MTMR3, MTMR4, MTMR9, MTOR, MUSK, MVP, MYADM, MYCNOS, MYDGF, MYOCD, NBN, NCF1, NCK1, NCK2, NCKAP1L, NCL, NCOR1, NDUFS4, NEDD9, NEK10, NF1, NF2, NGF, NHERF1, NHLRC1, NIBAN1, NKX3-1, NLRC5, NLRP12, NLRP2B, NNT, NOD2, NOP53, NOS1, NOS2, NOS3, NOX4, NPM1, NPPA, NPRL2, NPTN, NR1H4, NR2F2, NRG1, NRP1, NSD1, NSMF, NTF3, NTF4, NTRK1, NTRK2, NTRK3, NTSR1, NUAK1, NUPR1, OCLN, ODAM, OGT, OPRD1, OSBP, OSM, P2RX7, P2RY1, P2RY6, PAK1, PAK2, PAQR3, PARD3, PARD6A, PARK7, PARP1, PARP14, PARP9, PAX6, PBK, PDCD10, PDCD4, PDCL3, PDE4D, PDGFA, PDGFB, PDGFC, PDGFD, PDGFRA, PDGFRB, PDK1, PDK2, PDK3, PDK4, PDPK1, PECAM1, PELI2, PFKFB1, PFN2, PGAM1, PGF, PHB1, PHB2, PHIP, PIBF1, PID1, PIH1D1, PIK3CA, PIK3CG, PIK3R3, PIK3R5, PIK3R6, PILRB, PIN1, PINK1, PIP5KL1, PKIA, PKIB, PKIG, PKMYT1, PKN1, PLA2G1B, PLAUR, PLCG2, PLEK, PLK1, PLPP3, PLXNB2, PPARA, PPARG, PPARGC1A, PPARGC1B, PPEF2, PPIA, PPM1E, PPM1F, PPP1R12A, PPP1R14A, PPP1R14B, PPP1R14C, PPP1R14D, PPP1R15A, PPP1R15B, PPP1R16B, PPP1R17, PPP1R1B, PPP1R2, PPP1R2B, PPP1R2C, PPP1R2P1, PPP1R7, PPP1R8, PPP1R9B, PPP2CA, PPP2R1A, PPP2R3C, PPP2R5A, PPP2R5B, PPP2R5D, PPP4R4, PPP6R1, PPP6R2, PPP6R3, PRDX3, PRKAA1, PRKAA2, PRKACA, PRKAG1, PRKAG2, PRKAR1A, PRKAR1B, PRKAR2A, PRKAR2B, PRKCD, PRKCE, PRKCZ, PRKD1, PRKDC, PRKG1, PRKN, PRKRIP1, PRLR, PRNP, PROM2, PROX1, PRR5, PRR5L, PRRC1, PRXL2C, PSEN1, PSMD10, PSRC1, PTAFR, PTBP1, PTEN, PTGES3, PTGS2, PTH, PTH1R, PTK2, PTK2B, PTK6, PTPA, PTPN1, PTPN11, PTPN13, PTPN2, PTPN22, PTPN6, PTPRB, PTPRC, PTPRJ, PTPRO, PTPRQ, PTPRT, PWP1, PYCARD, PYDC1, QARS1, RAB38, RABGEF1, RAC1, RACK1, RAD17, RAD50, RAD51, RAF1, RALB, RALBP1, RAP1A, RAP2A, RAP2B, RAP2C, RAPGEF2, RARRES2, RASGRP1, RASIP1, RASSF2, RB1, RB1CC1, RBL1, RBL2, RD3, RELN, RET, RGCC, RGN, RGS14, RGS2, RHOA, RICTOR, RIPK1, RIPK2, RIPK3, RIT2, ROBO1, ROCK1, ROCK2, ROPN1, ROPN1B, ROPN1L, ROR1, ROR2, ROS1, RPS3, RPTOR, RSPO1, RTRAF, RYK, S100A12, S1PR2, SAMSN1, SASH1, SCARB1, SDCBP, SEMA4D, SEMA7A, SERPINB3, SERTAD1, SESN2, SFN, SFRP1, SFRP2, SH2D3A, SH2D3C, SH3GL2, SIRPA, SIRT1, SIRT2, SIRT6, SLAMF8, SLC11A1, SLC1A1, SLC27A1, SLC2A6, SLC4A1, SLC4A4, SLC8A1, SLC8A2, SLC8A3, SLCO3A1, SLIT2, SMAD7, SMCR8, SMG5, SMG6, SMG7, SMG8, SMO, SMPD1, SMPD3, SMYD3, SNCA, SNX6, SNX9, SOCS1, SOCS3, SOCS4, SOCS5, SOD1, SOX9, SPAG9, SPATC1L, SPDYA, SPHK1, SPHK2, SPINK1, SPN, SPPL3, SPRED1, SPRED2, SPRY1, SPRY2, SPRY3, SPRY4, SPTBN4, SQSTM1, SRC, SRCIN1, SRPX2, STAP1, STAT2, STAT3, STK11, STK38, STK4, STOX1, STRADA, STRADB, STYXL1, SWAP70, SYAP1, SYK, TAB1, TAB2, TADA3, TAF7, TAFAZZIN, TAOK2, TAOK3, TARBP2, TARDBP, TBK1, TBX1, TCIM, TCL1A, TCL1B, TEK, TENM1, TERF2IP, TESK1, TF, TFAP4, TFRC, TGFA, TGFB1, TGFB2, TGFBR2, THBS1, THBS4, THPO, THY1, TIE1, TIGAR, TIPRL, TLR3, TLR4, TLR6, TLR7, TLR8, TLR9, TMED2, TMEM102, TMEM119, TMSB4X, TNF, TNFRSF10A, TNFRSF10B, TNFRSF11A, TNFRSF14, TNFRSF18, TNFRSF1A, TNFSF11, TNFSF15, TNFSF18, TNIK, TNK2, TNKS1BP1, TOM1L1, TP53, TPD52L1, TPX2, TRAF2, TRAF3IP1, TRAF4, TRAF6, TREM2, TREX1, TRIB1, TRIB2, TRIB3, TRIM27, TRIM6, TRIM65, TRPC5, TSC1, TSC2, TSG101, TSLP, TSPO, TSPYL2, TTBK1, TTC36, TTN, TWF1, TXN, TYRO3, UBASH3B, UBE2K, UCHL1, UCN, UNC119, URI1, UVRAG, VCP, VEGFA, VEGFB, VEGFC, VEGFD, VPS25, VTN, WARS1, WDFY2, WEE2, WNK3, WNT1, WNT3A, WNT5A, WNT9B, WWTR1, XDH, XRCC5, XRCC6, YES1, YWHAB, YWHAE, YWHAG, ZBED3, ZBTB20, ZBTB7A, ZC3H12A, ZFP91, ZFYVE28, ZGPAT, ZNF16, ZNF592, ZNF622, ZNF675
GO:0002064	epithelial cell development	216	4	0.75	0.00689	0.01326923076923077	ABCA12, ABI2, ACTA2, ADAM7, ADAMTSL4, ADD1, ADIPOQ, AFDN, AKR1B1, AKT1, AR, ARHGEF26, ARID4A, ARID4B, ASXL1, ATF4, ATRX, B4GALT1, BAD, BCL11B, BFSP1, BFSP2, BHLHA15, BMAL1, BMP4, BMP5, BMP6, C1GALT1, CCDC88C, CCM2, CDH2, CDH5, CDK6, CDKN1A, CDSN, CEBPA, CLDN1, CLDN3, CLDN5, CLIC4, CLOCK, COL18A1, COL27A1, CRYGB, CXCR4, DACT2, DLL1, DMRT1, DNASE1L2, E2F4, EDNRA, EDNRB, EPAS1, EPB41L5, EPHA2, ESR1, EXPH5, EZR, F11R, F2RL1, FASN, FAT1, FEM1B, FER, FLNA, FLNB, FNDC3A, FOSL2, FOXA1, FOXC2, FOXJ1, FOXP3, FRMD6, FRS2, FRZB, FZD5, GATA1, GATA2, GDF11, GJA1, GPAT4, GPR4, GPX1, GRHL2, GSK3A, GSK3B, GSTM3, HAPLN2, HEG1, HIF1A, HOXA13, HOXA5, HOXB13, HPSE, HSD17B4, HYDIN, ICAM1, IFT74, IHH, IKBKB, IL1A, IL1B, IL6ST, INSM1, IQGAP1, JAG1, KCNE1, KDF1, KDR, KLF5, KRT2, LAMB2, MAGI2, MARVELD2, MET, MIR29B1, MIR541, MSN, MYADM, MYD88, MYO1E, NKX2-2, NKX3-2, NKX6-1, NOTCH1, NOTCH2, NPHS1, NPHS2, NTRK1, ONECUT1, ONECUT2, PALLD, PAX6, PDE2A, PDE4D, PDGFB, PDPK1, PECAM1, PGR, PKHD1, PLCB1, PLEC, PLOD3, PODXL, POF1B, PPP1R16B, PRDM1, PROC, PROX1, PTPRS, RAB13, RAB25, RAP1A, RAP1B, RAP2C, RAPGEF1, RAPGEF2, RAPGEF3, RARA, RARB, RARG, RDX, RFX3, RHEB, RILPL1, RILPL2, ROBO4, ROCK1, ROCK2, ROS1, S1PR2, S1PR3, SDC1, SFN, SIDT2, SIPA1, SIPA1L3, SIX3, SLC4A5, SLC9A4, SMO, SOX18, SOX8, SOX9, SPDEF, SPINT2, SRC, ST14, STC1, TBC1D20, TFCP2L1, TIGAR, TJP1, TJP2, TJP3, TLR9, TMEM79, TMIGD1, TMOD1, TNF, TNFRSF1A, TNMD, TP63, TYMS, VCL, VEGFA, VEZF1, VIM, VSIG1, WNT5A, WNT5B, WNT7A, WNT7B, YAP1, YIPF6, ZDHHC21
GO:0051174	regulation of phosphorus metabolic process	1165	10	4.07	0.00690	0.01326923076923077	ABCA3, ABI1, ABL1, ACMSD, ACP4, ACSL3, ACTB, ACTN3, ACVR1, ACVR2A, ADAM17, ADAM9, ADAR, ADARB1, ADCY10, ADCY8, ADCYAP1, ADCYAP1R1, ADGRF5, ADIPOQ, ADNP, ADORA1, ADRA2A, ADRA2B, ADRA2C, ADRB2, ADTRP, AGAP2, AGER, AGT, AGTR2, AIDA, AKAP9, AKT1, AKT1S1, AKTIP, ALDOB, ALK, ALS2, AMBRA1, ANG, ANGPT1, ANGPT4, ANKLE2, ANKRD54, ANTKMT, APC, APLNR, APOA1, APOC1, APOC2, APOE, APP, AR, ARAF, AREG, ARHGEF2, ARHGEF5, ARL2, ARL2BP, ARPP19, ARR3, ARRB1, ARRB2, ATF2, ATG14, ATP2B4, ATP5IF1, ATPSCKMT, AVP, AVPR1B, AXIN1, AXIN2, AXL, AZU1, BAD, BAG4, BAK1, BANK1, BARD1, BAX, BCAR3, BCCIP, BCL10, BCL2, BDKRB1, BDKRB2, BDNF, BEND3, BLM, BMP2, BMP4, BMP6, BMP7, BOD1, BORA, BRAF, BRAT1, BST1, BTBD10, C3, C5AR1, C9orf72, CAB39, CACTIN, CACUL1, CADM1, CADM4, CALCA, CALM1, CALM2, CALM3, CAMK1, CAMK2N1, CAMK2N2, CAMKK2, CAMP, CAMTA1, CAPN2, CARD10, CARD14, CARTPT, CASS4, CAV1, CAV3, CBFA2T3, CBL, CBLB, CBLC, CCDC88A, CCDC88C, CCL19, CCL5, CCN1, CCNA1, CCNA2, CCNB1, CCNB2, CCNB3, CCND1, CCND2, CCND3, CCNE1, CCNE2, CCNF, CCNG1, CCNG2, CCNH, CCNI, CCNI2, CCNJ, CCNJL, CCNK, CCNO, CCNP, CCNT1, CCNT2, CCNY, CCNYL1, CCNYL2, CCNYL3, CCR7, CD109, CD24, CD244, CD300A, CD33, CD36, CD3E, CD4, CD40, CD44, CD6, CD74, CD80, CD86, CDA, CDC25A, CDC25C, CDC37, CDC6, CDCA2, CDH5, CDK12, CDK2AP1, CDK5R1, CDK5R2, CDK5RAP1, CDK5RAP3, CDK7, CDKN1A, CDKN1B, CDKN1C, CDKN2A, CDKN2B, CDKN2C, CDKN2D, CDKN3, CDON, CEACAM1, CEMIP, CENPE, CEP43, CEP85, CHI3L1, CHMP6, CHP1, CHP2, CHRM5, CHRNA3, CHRNA7, CIB1, CIMAP3, CLCF1, CLDN19, CLDN3, CLEC6A, CLIP3, CLN3, CLSPN, CNEP1R1, CNKSR3, CNOT7, CNOT9, CNTF, COPS8, CORO1C, CREBL2, CRH, CRIPTO, CRKL, CRLF1, CRY2, CSF1, CSF1R, CSF2, CSF3, CSH1, CSH2, CSHL1, CSNK1D, CSPG4, CTDSP1, CTDSP2, CTDSPL, CTF1, CX3CL1, CX3CR1, DAB2, DAB2IP, DAXX, DBNDD1, DBNDD2, DDIT4, DDR1, DDR2, DDRGK1, DDX3X, DEFB114, DEPTOR, DGKQ, DHX34, DIPK2A, DIRAS3, DKK1, DLC1, DLG3, DLG4, DMD, DMTN, DNAJA1, DNAJC10, DNAJC19, DNAJC3, DNAJC30, DNM1L, DOCK7, DOK7, DRD1, DRD2, DRD4, DSCAM, DSTYK, DTNBP1, DUSP1, DUSP10, DUSP16, DUSP19, DUSP22, DUSP3, DUSP6, DUSP7, DVL1, DVL2, DVL3, DYNAP, DYNLL1, ECT2, EDN1, EDN3, EDNRB, EEF1A1, EEF1A2, EEF2K, EFNA1, EFNA5, EGF, EGFR, EHD4, EIF2AK1, EIF2AK3, EIF4G1, EIF6, ELANE, EMP2, ENG, ENO1, ENPP1, ENPP2, ENPP7, ENSA, EP300, EPGN, EPHA1, EPHA2, EPHA4, EPHA7, EPHB2, EPHB4, EPO, ERBB2, ERBB3, ERBB4, EREG, ERN1, ERP29, ERRFI1, ETAA1, EZH2, F2, FABP3, FAM20A, FAM20C, FAS, FAXDC2, FBH1, FBLN1, FBP1, FBXW7, FCGR1A, FCRL3, FECH, FER, FERMT2, FGF1, FGF10, FGF16, FGF17, FGF18, FGF19, FGF2, FGF20, FGF21, FGF22, FGF23, FGF3, FGF4, FGF5, FGF6, FGF7, FGF8, FGF9, FGFR1, FGFR2, FGFR3, FGFR4, FGR, FIRRM, FIS1, FIZ1, FKBP1A, FKBP1B, FKBP8, FLCN, FLOT1, FLT1, FLT3, FLT4, FN1, FNIP1, FNIP2, FOXA2, FPR2, FYN, FZD1, FZD7, FZD8, GADD45A, GAPDHS, GAS6, GATA1, GBA1, GCG, GCK, GCKR, GFRA1, GGNBP2, GH1, GH2, GHR, GIT1, GJC2, GLMN, GNA12, GNAQ, GNB3, GPD1, GPD1L, GPER1, GPLD1, GPNMB, GPRC5A, GPRC5B, GRB10, GREM1, GRM5, GSK3A, GSK3B, GSKIP, GSTP1, GTF2H1, GTPBP4, GUCA1A, GUCA1ANB-GUCA1A, GUCA1B, HAX1, HBEGF, HCLS1, HDAC2, HDAC3, HDAC4, HDAC6, HEG1, HERC5, HES1, HES5, HEXIM1, HEXIM2, HGF, HGS, HHEX, HIF1A, HIPK2, HIPK3, HLA-DRB1, HMGA2, HNRNPU, HPX, HRAS, HRC, HRG, HSF1, HSP90AA1, HSP90AB1, HSP90B1, HSPA2, HSPB1, HTR2A, HTR2B, HTR2C, HTT, HUS1, HYAL2, IBTK, IDH1, IER3, IFNA1, IFNA10, IFNA13, IFNA14, IFNA16, IFNA17, IFNA2, IFNA21, IFNA4, IFNA5, IFNA6, IFNA7, IFNA8, IFNB1, IFNE, IFNG, IFNK, IFNL1, IFNW1, IGBP1, IGBP1C, IGF1, IGF1R, IGFBP3, IKBKB, IL11, IL12A, IL12B, IL13, IL15, IL18, IL1B, IL2, IL20, IL21, IL22RA2, IL23A, IL23R, IL24, IL3, IL31RA, IL34, IL4, IL5, IL6, IL6R, IL6ST, IL7, IL9, ILK, IMPACT, INCA1, INHA, INHBA, INPP5F, INPP5J, INPP5K, INS, INSM1, INSR, INSRR, IP6K2, IPO5, IPO7, IQGAP1, IQGAP3, IRAK1, IRAK3, IRGM, IRS2, ISL1, ITGA1, ITGA5, ITGA6, ITGB1BP1, ITGB2, ITGB3, ITLN1, ITPKB, JAK2, JMJD8, JTB, KAT2B, KCTD20, KDM4D, KDR, KIF14, KIRREL1, KIRREL2, KIT, KITLG, KLHL31, KNDC1, KRAS, KSR1, LACC1, LACRT, LAT, LATS1, LATS2, LAX1, LCP2, LDB1, LDB2, LDLR, LEP, LEPR, LGALS3, LHCGR, LIF, LILRA5, LILRB2, LILRB4, LIMCH1, LIMK2, LMO4, LONP1, LOX, LPCAT1, LRP4, LRP5, LRP6, LRP8, LRRK1, LRRK2, LTF, LTK, LYN, MACROH2A1, MAD2L2, MAGI2, MALT1, MAP2K1, MAP2K2, MAP2K3, MAP2K4, MAP2K5, MAP2K6, MAP2K7, MAP3K10, MAP3K11, MAP3K12, MAP3K13, MAP3K4, MAP3K5, MAP3K7, MAP4K2, MAPK1, MAPK8IP1, MAPKAP1, MAPRE3, MAPT, MARCO, MARK2, MAS1, MASTL, MAVS, MCM7, ME1, ME2, MEF2C, MEN1, MERTK, MET, MFHAS1, MFSD2A, MGAT5, MICAL1, MIDN, MIF, MIR103A1, MIR106B, MIR125B1, MIR128-1, MIR132, MIR137, MIR138-1, MIR146A, MIR15A, MIR19A, MIR19B1, MIR20A, MIR21, MIR212, MIR218-1, MIR219A1, MIR221, MIR24-1, MIR26B, MIR27B, MIR30B, MIR30C1, MIR34A, MIR483, MIR675, MIR711, MIR92A1, MLST8, MLXIPL, MMD, MMD2, MMP9, MOB1A, MOB1B, MOB2, MOB3A, MOB3B, MOB3C, MRE11, MRNIP, MST1, MST1R, MT3, MTCP1, MTMR1, MTMR2, MTMR3, MTMR4, MTMR9, MTOR, MUSK, MVP, MYADM, MYCNOS, MYDGF, MYOCD, NBN, NCF1, NCK1, NCK2, NCKAP1L, NCL, NCOR1, NDUFS4, NEDD9, NEK10, NF1, NF2, NGF, NHERF1, NHLRC1, NIBAN1, NKX3-1, NLRC5, NLRP12, NLRP2B, NNT, NOD2, NOP53, NOS1, NOS2, NOS3, NOX4, NPM1, NPPA, NPRL2, NPTN, NR1H4, NR2F2, NRG1, NRP1, NSD1, NSMF, NTF3, NTF4, NTRK1, NTRK2, NTRK3, NTSR1, NUAK1, NUPR1, OCLN, ODAM, OGT, OPRD1, OSBP, OSM, P2RX7, P2RY1, P2RY6, PAK1, PAK2, PAQR3, PARD3, PARD6A, PARK7, PARP1, PARP14, PARP9, PAX6, PBK, PDCD10, PDCD4, PDCL3, PDE4D, PDGFA, PDGFB, PDGFC, PDGFD, PDGFRA, PDGFRB, PDK1, PDK2, PDK3, PDK4, PDPK1, PECAM1, PELI2, PFKFB1, PFN2, PGAM1, PGF, PHB1, PHB2, PHIP, PIBF1, PID1, PIH1D1, PIK3CA, PIK3CG, PIK3R3, PIK3R5, PIK3R6, PILRB, PIN1, PINK1, PIP5KL1, PKIA, PKIB, PKIG, PKMYT1, PKN1, PLA2G1B, PLAUR, PLCG2, PLEK, PLK1, PLPP3, PLXNB2, PPARA, PPARG, PPARGC1A, PPARGC1B, PPEF2, PPIA, PPM1E, PPM1F, PPP1R12A, PPP1R14A, PPP1R14B, PPP1R14C, PPP1R14D, PPP1R15A, PPP1R15B, PPP1R16B, PPP1R17, PPP1R1B, PPP1R2, PPP1R2B, PPP1R2C, PPP1R2P1, PPP1R7, PPP1R8, PPP1R9B, PPP2CA, PPP2R1A, PPP2R3C, PPP2R5A, PPP2R5B, PPP2R5D, PPP4R4, PPP6R1, PPP6R2, PPP6R3, PRDX3, PRKAA1, PRKAA2, PRKACA, PRKAG1, PRKAG2, PRKAR1A, PRKAR1B, PRKAR2A, PRKAR2B, PRKCD, PRKCE, PRKCZ, PRKD1, PRKDC, PRKG1, PRKN, PRKRIP1, PRLR, PRNP, PROM2, PROX1, PRR5, PRR5L, PRRC1, PRXL2C, PSEN1, PSMD10, PSRC1, PTAFR, PTBP1, PTEN, PTGES3, PTGS2, PTH, PTH1R, PTK2, PTK2B, PTK6, PTPA, PTPN1, PTPN11, PTPN13, PTPN2, PTPN22, PTPN6, PTPRB, PTPRC, PTPRJ, PTPRO, PTPRQ, PTPRT, PWP1, PYCARD, PYDC1, QARS1, RAB38, RABGEF1, RAC1, RACK1, RAD17, RAD50, RAD51, RAF1, RALB, RALBP1, RAP1A, RAP2A, RAP2B, RAP2C, RAPGEF2, RARRES2, RASGRP1, RASIP1, RASSF2, RB1, RB1CC1, RBL1, RBL2, RD3, RELN, RET, RGCC, RGN, RGS14, RGS2, RHOA, RICTOR, RIPK1, RIPK2, RIPK3, RIT2, ROBO1, ROCK1, ROCK2, ROPN1, ROPN1B, ROPN1L, ROR1, ROR2, ROS1, RPS3, RPTOR, RSPO1, RTRAF, RYK, S100A12, S1PR2, SAMSN1, SASH1, SCARB1, SDCBP, SEMA4D, SEMA7A, SERPINB3, SERTAD1, SESN2, SFN, SFRP1, SFRP2, SH2D3A, SH2D3C, SH3GL2, SIRPA, SIRT1, SIRT2, SIRT6, SLAMF8, SLC11A1, SLC1A1, SLC27A1, SLC2A6, SLC4A1, SLC4A4, SLC8A1, SLC8A2, SLC8A3, SLCO3A1, SLIT2, SMAD7, SMCR8, SMG5, SMG6, SMG7, SMG8, SMO, SMPD1, SMPD3, SMYD3, SNCA, SNX6, SNX9, SOCS1, SOCS3, SOCS4, SOCS5, SOD1, SOX9, SPAG9, SPATC1L, SPDYA, SPHK1, SPHK2, SPINK1, SPN, SPPL3, SPRED1, SPRED2, SPRY1, SPRY2, SPRY3, SPRY4, SPTBN4, SQSTM1, SRC, SRCIN1, SRPX2, STAP1, STAT2, STAT3, STK11, STK38, STK4, STOX1, STRADA, STRADB, STYXL1, SWAP70, SYAP1, SYK, TAB1, TAB2, TADA3, TAF7, TAFAZZIN, TAOK2, TAOK3, TARBP2, TARDBP, TBK1, TBX1, TCIM, TCL1A, TCL1B, TEK, TENM1, TERF2IP, TESK1, TF, TFAP4, TFRC, TGFA, TGFB1, TGFB2, TGFBR2, THBS1, THBS4, THPO, THY1, TIE1, TIGAR, TIPRL, TLR3, TLR4, TLR6, TLR7, TLR8, TLR9, TMED2, TMEM102, TMEM119, TMSB4X, TNF, TNFRSF10A, TNFRSF10B, TNFRSF11A, TNFRSF14, TNFRSF18, TNFRSF1A, TNFSF11, TNFSF15, TNFSF18, TNIK, TNK2, TNKS1BP1, TOM1L1, TP53, TPD52L1, TPX2, TRAF2, TRAF3IP1, TRAF4, TRAF6, TREM2, TREX1, TRIB1, TRIB2, TRIB3, TRIM27, TRIM6, TRIM65, TRPC5, TSC1, TSC2, TSG101, TSLP, TSPO, TSPYL2, TTBK1, TTC36, TTN, TWF1, TXN, TYRO3, UBASH3B, UBE2K, UCHL1, UCN, UNC119, URI1, UVRAG, VCP, VEGFA, VEGFB, VEGFC, VEGFD, VPS25, VTN, WARS1, WDFY2, WEE2, WNK3, WNT1, WNT3A, WNT5A, WNT9B, WWTR1, XDH, XRCC5, XRCC6, YES1, YWHAB, YWHAE, YWHAG, ZBED3, ZBTB20, ZBTB7A, ZC3H12A, ZFP91, ZFYVE28, ZGPAT, ZNF16, ZNF592, ZNF622, ZNF675
GO:0070633	transepithelial transport	36	2	0.13	0.00702	0.013396946564885498	ABCB1, ABCC1, ABCC2, ABCG2, ACTB, ACTG1, AHCYL1, AQP1, AQP8, BEST1, CFTR, CLCN7, CLCNKA, CLCNKB, CLDN18, CLDN19, CLDN3, CSF2, CXADR, EDN1, EDNRB, GPLD1, ITPR1, OSTM1, P2RY4, P2RY6, RHBG, RHCG, SCNN1B, SLC12A2, SLC1A1, SLC1A2, SLC1A3, SLC26A6, SLC5A1, SLC9A4
GO:0055023	positive regulation of cardiac muscle tissue growth	37	2	0.13	0.00740	0.014015151515151517	AKAP6, BMP10, BMPR1A, CDK1, EDN1, ERBB4, FGF2, FGF9, FGFR1, FGFR2, GATA6, GLI1, HEY2, IGF1, MAPK14, MEF2C, MIR17HG, MIR199A1, MIR19A, MIR19B1, MIR204, MIR208A, MIR222, MIR509-1, MIR548C, MIR590, NOTCH1, PARP2, PIM1, RBPJ, TBX2, TBX20, TBX5, TGFBR3, WNT2, YAP1, ZFPM2
GO:0032412	regulation of monoatomic ion transmembrane transporter activity	221	4	0.77	0.00746	0.014022556390977443	ABCB1, ACTN2, ACTN4, ADRA2A, ADRB2, AHCYL1, AHNAK, AKAP6, AKAP9, ALG10B, ANK2, ANK3, ANO9, ANTKMT, APP, ATP1A2, ATP1B1, ATP1B2, ATP1B3, ATP2A1, ATPSCKMT, CAB39, CACNA1D, CACNA2D1, CACNB1, CACNB2, CACNB3, CACNB4, CACNG2, CACNG3, CACNG4, CACNG5, CACNG7, CACNG8, CALM1, CALM2, CALM3, CAMK2D, CAPN1, CASQ1, CASQ2, CAV1, CAV3, CBARP, CCL2, CCR2, CFTR, CHP1, CHP2, CHRM3, CLIC2, CNIH2, CNIH3, COA8, COX17, CRACR2A, CRH, CRHBP, CRHR1, CTSS, DAPK1, DLG1, DLG4, DMD, DRD2, DRD3, DRD4, EDN1, EDNRA, EPHB2, EPO, FGF11, FGF12, FGF13, FGF14, FHL1, FKBP1A, FKBP1B, FKBP1C, FMR1, FXYD1, FXYD2, FXYD3, FXYD4, FXYD5, FXYD6, FXYD6P3, FXYD7, GAL, GALR2, GNB5, GOPC, GPD1L, GPR35, GRM5, GRP, GSTM2, GSTO1, HAP1, HECW1, HECW2, HOMER1, HPCA, HRC, HTT, IFNG, ITGB1, JPH1, JPH2, JPH3, JPH4, JSRP1, KCNAB1, KCNE1, KCNE2, KCNE3, KCNE4, KCNE5, KCNG1, KCNIP2, KCNRG, KCNS1, KCNS2, LRRC26, LRRC38, LRRC52, LRRC55, MAPK8IP2, MEF2C, MINK1, MIR1-1, MIR103A1, MIR133A1, MIR153-1, MIR192, MIR200C, MIR208A, MIR208B, MIR212, MIR24-1, MIR26A1, MIR30D, MIR448, MIR499A, MIR93, MMP9, NDUFA4, NEDD4, NEDD4L, NETO1, NIPSNAP2, NLGN1, NLGN2, NLGN3, NOS1, NOS1AP, NPPA, OPRM1, OSR1, OXSR1, P2RY6, PCSK9, PDZK1, PHB2, PIRT, PKD2, PLN, PPIF, PRKACA, PRKCE, PRNP, PRRT1, PTK2B, PTPN3, RANGRF, RELN, RNF207, RYR2, SCN1B, SCN2B, SCN3B, SCN4B, SELENON, SHANK1, SHANK3, SHISA6, SHISA7, SHISA8, SHISA9, SLC6A9, SLC9A1, SLMAP, SLN, SPHK2, SRI, STAC, STAC2, STAC3, STIM1, STIM2, STIMATE, STK39, STRIT1, SUMO1, TCAF1, TCAF2, TESC, TLR9, TMSB4X, TRDN, TREM2, TRPC6, UBQLN1, UTRN, VAMP2, VMP1, WNK2, WNK3, WWP2, YWHAE, YWHAH
GO:0019725	cellular homeostasis	824	8	2.88	0.00778	0.014338235294117646	ABCA12, ABCA2, ABCB6, ABCB7, ABCB8, ABCC6, ABCC8, ABL1, ACACB, ACE, ACO1, ADCY5, ADCY8, ADNP, ADORA1, ADRA2A, AFG3L2, AGER, AIM2, AKAP6, ALAS2, ALDOA, ALPL, AMBRA1, ANK2, ANKH, ANKRD9, ANO1, ANO6, ANXA6, AP3B1, APEX1, APLNR, APOE, APP, AQP1, AQP11, AQP4, ARF1, ASL, ATF4, ATG5, ATOX1, ATP12A, ATP13A1, ATP13A2, ATP13A3, ATP13A4, ATP13A5, ATP1A1, ATP1A2, ATP1A3, ATP1A4, ATP1B1, ATP1B2, ATP1B3, ATP2A1, ATP2A2, ATP2A3, ATP2B1, ATP2B2, ATP2B3, ATP2B4, ATP2C1, ATP2C2, ATP4A, ATP4B, ATP5F1B, ATP6AP1, ATP6AP2, ATP6V0A1, ATP6V0A2, ATP6V0A4, ATP6V0B, ATP6V0C, ATP6V0D1, ATP6V0D2, ATP6V0E1, ATP6V0E2, ATP6V1A, ATP6V1B1, ATP6V1B2, ATP6V1C1, ATP6V1D, ATP6V1E1, ATP6V1F, ATP6V1G1, ATP6V1G2, ATP6V1G3, ATP6V1H, ATP7A, ATP7B, AVP, AVPR1A, B2M, BAD, BAG3, BAIAP3, BAK1, BAP1, BAX, BCAP31, BCL2, BDH2, BDKRB1, BMP6, BNIP3, BOK, BOLA1, BOLA2, BOLA2B, BOLA3, BRSK2, C19orf12, C1QTNF12, C1QTNF3, C2CD2L, CA2, CA7, CACNA1C, CACNA1S, CACNB2, CACNB4, CALB1, CALB2, CALCA, CALCB, CALM1, CALM2, CALM3, CALR, CAMK2D, CAPN3, CARTPT, CASQ1, CASQ2, CASR, CAV1, CAV2, CAV3, CCDC115, CCDC186, CCDC22, CCDC47, CCDC51, CCL1, CCL11, CCL13, CCL14, CCL15, CCL19, CCL2, CCL21, CCL23, CCL3, CCL5, CCL7, CCL8, CCR1, CCR2, CCR5, CCR7, CD19, CD40, CDH23, CDH5, CDK16, CEMIP, CFL2, CFTR, CHD6, CHD7, CHERP, CHMP2B, CHP1, CHRNA1, CHRNA7, CIAO3, CLCN3, CLCN6, CLDN16, CLIC2, CLIC4, CLN3, CLN5, CLN6, CLNS1A, CLTRN, CMA1, CNGB1, CNNM4, CNR1, COL1A1, CORO1A, COX11, COX19, CP, CPB2, CREG1, CRH, CROCC, CSRP3, CTRC, CX3CL1, CXCL10, CXCL11, CXCL12, CXCL9, CYB561, CYB561A3, CYBA, CYBRD1, CYP7A1, DCTN1, DDIT3, DEDD2, DGAT2, DHRS7C, DIAPH1, DISC1, DMD, DMPK, DMXL1, DMXL2, DNAJB2, DRD1, DRD2, DRD3, DRD4, DRD5, DYNLL1, E2F4, EDN1, EDN2, EDN3, EDNRA, EFNA5, EGLN1, EGLN2, ELANE, ENPP1, ENY2, EPHA5, ERC2, ERFE, ERN1, ERO1A, ERP44, F2, F2R, F2RL3, FASLG, FATE1, FBXL5, FBXO4, FBXW7, FGF2, FGF21, FGF23, FGGY, FIS1, FITM2, FKBP1A, FKBP1B, FKBP1C, FLNA, FLVCR1, FOXA2, FOXA3, FOXK1, FOXK2, FOXO1, FOXO3, FRRS1, FTH1, FTH1P19, FTHL17, FTL, FTMT, FUNDC2, FXN, FXYD2, FZD9, GAA, GAS6, GATA4, GCG, GCK, GCLC, GCLM, GCM2, GDF2, GHITM, GHRL, GIT1, GJB6, GLRX2, GLRX3, GLRX5, GLS, GNB3, GP1BA, GP1BB, GP5, GP9, GPER1, GPLD1, GPR12, GPR27, GPR3, GPR68, GPR89A, GPR89B, GPX1, GRIA1, GRID2IP, GRIK2, GRINA, GRM1, GRM2, GRM5, GRN, GSR, GSTM2, GSTO1, GSTP1, HAAO, HAMP, HAP1, HCRTR1, HCRTR2, HEPHL1, HERPUD1, HEXB, HFE, HIF1A, HJV, HK1, HK2, HK3, HKDC1, HLA-DRB1, HMOX1, HPX, HRC, HSP90B1, HTR1B, HTR2A, HTR2B, HTR2C, HTT, HVCN1, IBTK, ICAM1, IDE, IFNB1, IFNG, IGF1R, IL13, IL1A, IL6, IMMT, IREB2, IRS2, ISCU, ITGB3, ITPR1, ITPR2, ITPR3, JAGN1, JPH1, JPH2, JPH3, JPH4, JSRP1, KAT5, KCNB1, KCNE3, KCNJ11, KCNJ2, KCNMA1, KCNN4, KCNQ1, KCTD17, KCTD7, KEL, KLF15, KLF7, KRIT1, LACC1, LACRT, LAMP1, LAMP2, LARGE1, LARGE2, LCK, LETM1, LHCGR, LIME1, LIN28A, LOX, LRP5, LRRC8A, LRRC8D, LRRC8E, LRRK2, LYN, MAIP1, MAP1A, MAPK1, MAPK3, MCL1, MCOLN1, MCU, MCUB, MCUR1, METTL21C, MICU1, MICU2, MICU3, MINPP1, MIR1-1, MIR103A1, MIR133A1, MIR146A, MIR15A, MIR16-1, MIR210, MIR320A, MIR320B1, MIR320B2, MIR320C1, MIR320C2, MIR320D1, MIR320D2, MIR320E, MIR337, MIR93, MIRLET7G, MLXIPL, MPC2, MSTN, MT1A, MT1B, MT1DP, MT1E, MT1F, MT1G, MT1H, MT1HL1, MT1M, MT1X, MT2A, MT3, MT4, MTLN, MTM1, MUC17, MYC, NADK, NAGLU, NCF1, NCOA4, NDFIP1, NDUFAF2, NELL2, NEO1, NEUROD1, NFE2L2, NGFR, NHERF1, NKX6-1, NME2, NNT, NOL3, NOS1, NOS2, NOS3, NOX1, NOX4, NPM1, NPPC, NPSR1, NPTN, NPTX1, NQO1, NR1D1, NR1H4, NTSR1, NUBP1, NUCKS1, OCA2, OGT, OPRK1, ORMDL1, ORMDL2, ORMDL3, OSBP, OXSR1, P2RX1, P2RX7, P2RY1, P2RY2, P2RY4, P2RY6, PACS2, PAX2, PAX6, PCK1, PCK2, PDE4D, PDE8B, PDPK1, PDX1, PDZD8, PFKM, PICALM, PIH1D1, PIK3CA, PIK3CB, PIK3R1, PIK3R2, PIM3, PINK1, PKD2, PKHD1, PLA2G6, PLAA, PLCB1, PLCB2, PLCB3, PLCB4, PLCD1, PLCE1, PLCG1, PLCG2, PLCH1, PLCH2, PLG, PLN, PML, PPARGC1A, PPP3CA, PPP3CB, PPT1, PRDX1, PRDX2, PRDX3, PRDX4, PRDX5, PRDX6, PRKAA1, PRKAA2, PRKACA, PRKCB, PRKCE, PRKD1, PRKN, PRND, PRNP, PSEN1, PTH, PTH1R, PTK2B, PTPN6, PTPRC, PTPRN, PTPRN2, RAB11B, RAB11FIP2, RAB11FIP5, RAB20, RAB38, RAB39A, RAB7A, RACK1, RAF1, RAP1GDS1, RBM4, RFX6, RGN, RHAG, RHCG, RHOT1, RHOT2, RMDN3, RNASEK, RNF135, RPTOR, RTN4, RYR1, RYR2, RYR3, S100A8, S100A9, SCARA5, SCGN, SCN7A, SCNN1A, SCNN1B, SCNN1D, SCNN1G, SCO1, SCO2, SCT, SCTR, SELENOK, SELENON, SELENOS, SELENOT, SERPINF1, SGCZ, SHANK3, SIDT2, SIN3A, SIRT1, SLAMF8, SLC10A7, SLC11A1, SLC11A2, SLC12A1, SLC12A2, SLC12A3, SLC12A4, SLC12A5, SLC12A6, SLC12A7, SLC12A8, SLC12A9, SLC1A1, SLC1A3, SLC22A12, SLC22A17, SLC24A1, SLC24A2, SLC24A3, SLC24A4, SLC24A5, SLC25A23, SLC25A27, SLC26A3, SLC26A6, SLC29A1, SLC2A10, SLC2A2, SLC30A1, SLC30A10, SLC30A2, SLC30A5, SLC30A7, SLC30A8, SLC30A9, SLC31A1, SLC31A2, SLC34A1, SLC34A2, SLC34A3, SLC35G1, SLC38A3, SLC39A10, SLC39A13, SLC39A14, SLC39A4, SLC39A6, SLC39A7, SLC39A8, SLC39A9, SLC40A1, SLC41A1, SLC45A2, SLC46A1, SLC4A1, SLC4A10, SLC4A11, SLC4A2, SLC4A3, SLC4A4, SLC4A5, SLC4A7, SLC4A8, SLC4A9, SLC66A1, SLC6A2, SLC7A11, SLC8A1, SLC8A2, SLC8A3, SLC8B1, SLC9A1, SLC9A2, SLC9A3, SLC9A4, SLC9A5, SLC9A6, SLC9A7, SLC9A8, SLC9A9, SLC9B1, SLC9B2, SLC9C1, SLC9C2, SMAD2, SMAD3, SMAD4, SMARCA4, SMARCB1, SMDT1, SNAPIN, SNCA, SNX10, SOD1, SOD2, SOX4, SPNS1, SPPL2C, SRF, SRI, STC1, STC2, STEAP2, STEAP4, STIM1, STIM2, STK39, STOML2, STX4, STXBP3, STXBP4, SV2A, SV2B, SYBU, SYPL2, TAOK1, TASL, TBXAS1, TCIRG1, TESMIN, TF, TFR2, TFRC, TGM2, TH, THADA, THY1, TIAM1, TM9SF4, TMBIM6, TMC8, TMCO1, TMEM106B, TMEM165, TMEM175, TMEM178A, TMEM199, TMEM203, TMEM38A, TMEM38B, TMEM64, TMEM9, TMPRSS3, TMPRSS6, TMTC4, TNNI3, TNS2, TPCN2, TPP2, TPT1, TRA2B, TRDN, TREM2, TRIM32, TRIM6, TRPA1, TRPC1, TRPC3, TRPC4, TRPC5, TRPC6, TRPC7, TRPM2, TRPM4, TRPM8, TRPV4, TSC22D4, TSPOAP1, TTC7A, TUNAR, TWNK, TXN, TXN2, TXNDC2, TXNRD1, TXNRD2, TXNRD3, TYRO3, UBASH3B, UBE2C, UBE2K, UBE2S, UBE3A, UCP2, UMOD, UNC13B, VAPB, VDR, VPS33A, VPS54, VSNL1, WDTC1, WFS1, WNK1, WNK3, WNK4, WNT5A, WNT7B, XBP1, XCL1, XCR1, XK, XPR1, YWHAE, ZBED6, ZBTB20, ZNF236
GO:0002062	chondrocyte differentiation	116	3	0.41	0.00780	0.014338235294117646	ACVRL1, ADAMTS12, ADAMTS7, AMELX, ARID5A, ATF2, AXIN2, BMP2, BMP4, BMP6, BMPR1A, BMPR1B, BMPR2, BPNT2, CCN2, CCN3, CCN4, CHADL, CHST11, CHSY1, COL11A1, COL27A1, COL2A1, COL3A1, COMP, CREB3L2, CTNNB1, CYTL1, ECM1, EFEMP1, EIF2AK3, EXT1, EXT2, FGF18, FGF9, FGFR1, FGFR3, FOSL2, GDF5, GDF6, GLG1, GLI3, GPLD1, GREM1, HIF1A, HMGA2, HOXA11, IFT80, IHH, LNPK, LOXL2, LTBP3, MAF, MAPK14, MATN1, MBOAT2, MDK, MEF2C, MEF2D, MEX3C, MSX2, MUSTN1, NFIB, NKX3-2, NPPC, NPR2, OSR1, OSR2, PKDCC, PRKG2, PTH, PTH1R, PTHLH, PTPN11, RARB, RARG, RB1, RFLNA, RFLNB, RUNX1, RUNX2, RUNX3, SCIN, SCX, SERPINH1, SFRP2, SHOX2, SIX2, SLC26A2, SLC39A14, SMAD3, SMAD7, SMPD3, SNAI2, SNX19, SOX5, SOX6, SOX9, SULF1, SULF2, TGFB1, TGFBI, TGFBR1, TGFBR2, TRIP11, TRPS1, TSKU, TWSG1, WNT10B, WNT2B, WNT5B, WNT7A, WNT9A, ZBTB16, ZNF219, ZNF664-RFLNA
GO:2001257	regulation of cation channel activity	116	3	0.41	0.00780	0.014338235294117646	ACTN2, AHNAK, AKAP6, ALG10B, ANK2, ANK3, ANTKMT, ATPSCKMT, CACNA2D1, CACNB1, CACNB2, CACNB3, CACNB4, CALM1, CALM2, CALM3, CAMK2D, CASQ1, CASQ2, CAV1, CBARP, CLIC2, CRACR2A, CRHR1, CTSS, DLG1, DMD, DRD2, DRD3, DRD4, EDN1, EDNRA, EPO, FGF11, FGF12, FGF13, FGF14, FKBP1A, FKBP1B, FKBP1C, FMR1, GAL, GALR2, GNB5, GPR35, GRP, GSTM2, GSTO1, HAP1, HOMER1, HPCA, HRC, HTT, ITGB1, JPH1, JPH2, JPH3, JPH4, JSRP1, KCNAB1, KCNE1, KCNE2, KCNE3, KCNE4, KCNE5, KCNG1, KCNIP2, KCNRG, KCNS1, KCNS2, LRRC26, LRRC38, LRRC52, LRRC55, MIR1-1, MIR103A1, MIR133A1, MIR153-1, MIR192, MIR200C, MIR208A, MIR208B, MIR212, MIR24-1, MIR26A1, MIR30D, MIR448, MIR499A, MIR93, MMP9, NETO1, NIPSNAP2, NOS1, NOS1AP, NPPA, P2RY6, PIRT, PKD2, PRKACA, RNF207, SCN1B, SELENON, SLMAP, SRI, STAC, STAC2, STAC3, STIM1, STIM2, STIMATE, SUMO1, TMSB4X, TRDN, TREM2, UBQLN1, VAMP2
GO:0051094	positive regulation of developmental process	1382	11	4.83	0.00798	0.014406474820143884	AAMDC, ABCB10, ABL1, ACACB, ACAN, ACE, ACIN1, ACTB, ACTL6A, ACTL6B, ACTN3, ACVR1, ACVR1B, ACVR2A, ACVR2B, ACVRL1, ADA, ADAM12, ADAM7, ADAM8, ADAM9, ADAMTS20, ADAMTS9, ADCY10, ADD1, ADGRB1, ADGRB3, ADGRL1, ADGRV1, ADIG, ADIPOQ, ADIRF, ADM, ADM2, ADNP, ADRA2B, ADRA2C, ADRB2, AGER, AGGF1, AGO2, AGR2, AGRN, AGT, AGTR1, AGTR2, AHI1, AKAP6, AKIRIN1, AKT1, AKT3, ALK, ALOX15B, ALOX5, ALX1, AMBRA1, AMELX, AMIGO1, AMIGO2, AMIGO3, AMOT, AMTN, ANAPC2, ANGPT2, ANGPT4, ANGPTL3, ANGPTL4, ANKRD27, ANKRD54, ANO6, ANXA1, ANXA3, AP3B1, AP3D1, APELA, APLNR, APOB, APOE, AQP1, AR, ARHGEF2, ARHGEF7, ARID1A, ARID1B, ARID2, ARID4A, ARID4B, ARMCX5-GPRASP2, ARNT, ARRB2, ARX, ASB4, ASCL1, ASIC2, ASPA, ASPM, ASXL2, ATAD5, ATF4, ATOH1, ATOH8, ATP11A, ATP2B1, ATP8A2, ATRAID, AURKA, AXIN2, AXL, B4GALT5, BAD, BAIAP2, BAMBI, BASP1, BAX, BBS2, BBS4, BCAN, BCL2, BCL6, BCL7A, BCL7B, BCL7C, BCL9L, BDNF, BEND6, BICRA, BICRAL, BIN1, BLOC1S5, BLOC1S6, BMAL1, BMP1, BMP10, BMP2, BMP4, BMP5, BMP6, BMP7, BMPER, BMPR1A, BMPR1B, BMPR2, BNC1, BNIP3, BOC, BRAF, BRCA1, BRD1, BRD2, BRD4, BRD7, BRD9, BRINP1, BRINP2, BRINP3, BRMS1, BRMS1L, BTC, BTG1, BTK, BTN2A2, C1QBP, C21orf91, C3, C3AR1, C5AR1, CACNA2D2, CACNG7, CAMK1, CAMK2B, CAMP, CAPN2, CAPN3, CAPRIN1, CAPRIN2, CARM1, CASP8, CAV3, CBFB, CBLN1, CBLN2, CCBE1, CCDC3, CCL11, CCL19, CCL24, CCN1, CCN2, CCN3, CCN4, CCN5, CCN6, CCND1, CCR1, CCR3, CD101, CD24, CD27, CD28, CD34, CD36, CD4, CD40, CD46, CD53, CD74, CD80, CD83, CD86, CDC20, CDH4, CDH5, CDK1, CDKL3, CDKL5, CDKN2B, CDON, CDS1, CDX2, CEACAM1, CEBPA, CEBPB, CEBPD, CELA1, CFL1, CFTR, CHD7, CHI3L1, CHODL, CHRNA7, CITED2, CLASP1, CLASP2, CLCF1, CLCN2, CLDN5, CLEC7A, CLIC1, CLSTN1, CLSTN2, CLSTN3, CMA1, CMKLR1, CNTF, COBL, COL1A1, CORO1B, CORO1C, CPEB3, CPNE1, CPNE5, CPNE6, CPNE9, CR1, CRABP2, CRB2, CREB1, CREBL2, CSF1, CSF2, CSF3, CTH, CTHRC1, CTNNB1, CTNNBIP1, CTSH, CUL7, CUX1, CUX2, CX3CL1, CX3CR1, CXCL12, CXCL8, CXCL9, CXCR2, CXCR4, CYB5D2, CYBB, CYFIP1, CYLD, CYP1B1, CYP26B1, CYP27B1, CYSLTR1, DAB1, DAB2, DAB2IP, DAG1, DBN1, DCN, DCSTAMP, DCT, DDAH1, DDHD1, DDHD2, DDR2, DHX36, DHX37, DICER1, DIO3, DISC1, DKK1, DKKL1, DLG4, DLG5, DLL1, DLX1, DLX2, DMRT1, DMRT2, DMRTA2, DNAI3, DNM1L, DPF1, DPF2, DPF3, DRD2, DSCAM, DUOXA1, DUSP10, DVL1, DVL2, DVL3, ECM1, ECT2, EDN1, EDN3, EEF2K, EEIG1, EFEMP2, EFNA5, EFNB2, EGF, EGFR, EGR2, EGR3, EHD1, EHD2, EIF4G1, EIF4G2, ELAPOR2, ELAVL4, ELL3, EMC10, EMILIN1, EMILIN2, EMP2, ENAM, ENG, ENPP2, EPHA1, EPHA4, EPHB1, EPHB2, EPHB3, EPO, ERAP1, ERBB3, ERBB4, ESRRB, ETS1, ETV2, ETV4, ETV5, EVI2B, EXOSC3, EXOSC6, EZH2, EZR, F11R, F3, FADD, FAM20C, FAM210B, FAXDC2, FBN2, FBXO5, FBXW8, FERMT2, FES, FEZF1, FEZF2, FFAR4, FGF1, FGF10, FGF18, FGF2, FGF20, FGF8, FGF9, FGFR1, FGFR2, FIS1, FKBP1B, FLNA, FLOT1, FLRT2, FLRT3, FLT1, FMR1, FN1, FNDC5, FOS, FOXA1, FOXA2, FOXC1, FOXC2, FOXD1, FOXG1, FOXJ1, FOXN1, FOXO3, FOXO6, FOXP3, FOXS1, FRS2, FRZB, FST, FUT1, FXR1, FXR2, FZD1, FZD3, FZD4, FZD9, GAB1, GAL, GAS6, GATA1, GATA2, GATA3, GATA4, GATA5, GATA6, GCM1, GCNT2, GDF10, GDF15, GDF2, GDF3, GDF5, GDF6, GDF7, GDI1, GDNF, GDPD2, GDPD5, GFAP, GH1, GHR, GHRH, GHRHR, GHRL, GHSR, GJA1, GJC2, GLI1, GLI2, GLI3, GLIPR2, GOLGA4, GPAM, GPC1, GPER1, GPM6B, GPR21, GPR68, GPRASP3, GPRC5B, GREM1, GRID2, GRIP1, GRM5, GRN, GSK3B, GSX2, HAP1, HAPLN1, HAPLN2, HAPLN3, HAPLN4, HAX1, HCLS1, HDAC1, HDAC2, HDAC6, HES1, HEY2, HEYL, HGF, HIF1A, HIF1A-AS2, HIF1AN, HIPK1, HIPK2, HK2, HLA-DRA, HLA-DRB1, HLA-G, HLX, HMCES, HMG20B, HMGA2, HMGB1, HMGB2, HMOX1, HNRNPU, HOPX, HOXA11, HOXA5, HOXB4, HOXB7, HOXC11, HOXD3, HPSE, HSF1, HSP90AB1, HSPA1A, HSPA1B, HSPB1, HSPB6, HTN1, HTR2A, HTR2C, HYAL1, ID2, ID4, IFITM1, IFNG, IGF1, IGF1R, IGF2, IGFBP3, IHH, IL10, IL12B, IL12RB1, IL13, IL15, IL15RA, IL17A, IL18, IL1A, IL1B, IL1RAP, IL1RAPL1, IL1RL2, IL2, IL20, IL23A, IL23R, IL2RA, IL2RG, IL33, IL34, IL36B, IL4, IL4I1, IL4R, IL5, IL6, IL6R, IL6ST, IL7, IL7R, ILK, IMPACT, ING1, ING2, INHBA, INPP5D, INS, INSM1, INSR, IPO7, IQGAP3, IRX3, ISG15, ISL1, ISLR2, IST1, ITGA5, ITGAX, ITGB1, ITGB3, ITGB8, ITPKA, ITPKB, ITSN2, JAG1, JAK1, JAK2, JCAD, JMJD8, JUNB, JUND, JUP, KAT2A, KAT5, KCTD11, KDF1, KDM1A, KDM2B, KDM4A, KDM5B, KDR, KHDC3L, KIT, KITLG, KL, KLF10, KLF4, KLF5, KLHL25, KMT5B, KMT5C, KRAS, KRT10, KRT17, KRT2, L1CAM, LAMA1, LAMA2, LAMB1, LAMB2, LAMC1, LBH, LBX2, LEF1, LEP, LGALS9, LGR4, LHX1, LIF, LIG4, LILRB2, LILRB4, LIMK1, LIN28A, LINGO2, LINGO4, LLPH, LMO3, LMOD3, LOXL2, LPAR1, LPAR3, LPL, LRG1, LRP2, LRP3, LRP5, LRP8, LRRC24, LRRC4B, LRRC8A, LRRN1, LRRN3, LRRTM1, LRRTM2, LRRTM3, LRTM2, LTA, LTBP3, LTF, LYN, MACF1, MACROH2A1, MACROH2A2, MAD2L2, MAG, MAGED1, MALT1, MAML1, MAMSTR, MAN2A1, MAP1B, MAP2K1, MAP2K2, MAP3K13, MAP3K5, MAP6, MAPK11, MAPK12, MAPK14, MAPK6, MAPK9, MAPKAPK5, MAPT, MARCHF5, MCU, MDK, MDM2, MECP2, MED1, MEDAG, MEF2C, MEGF8, MESP1, METRN, METRNL, MFF, MICOS10-NBL1, MIEF1, MIEF2, MIR1-1, MIR106A, MIR1224, MIR125A, MIR125B1, MIR126, MIR130A, MIR132, MIR133A1, MIR133B, MIR137, MIR140, MIR142, MIR143, MIR145, MIR146A, MIR150, MIR17, MIR17HG, MIR181A2, MIR181B1, MIR185, MIR18A, MIR1908, MIR199A1, MIR199B, MIR19A, MIR19B1, MIR200C, MIR204, MIR206, MIR208A, MIR20A, MIR20B, MIR21, MIR210, MIR214, MIR22, MIR221, MIR222, MIR27A, MIR27B, MIR29A, MIR29B1, MIR30A, MIR30B, MIR31, MIR342, MIR34A, MIR378A, MIR424, MIR431, MIR451A, MIR486-1, MIR499A, MIR509-1, MIR511, MIR519D, MIR548C, MIR548D1, MIR590, MIR9-1, MIR92A1, MIR99B, MIRLET7B, MIRLET7G, MIXL1, MKKS, MLH1, MMD, MMD2, MME, MMP14, MMRN2, MPL, MRTFB, MSH2, MSR1, MSX1, MSX2, MTCH2, MTDH, MTM1, MTOR, MTURN, MUL1, MUSTN1, MYB, MYC, MYDGF, MYF5, MYF6, MYLK3, MYOCD, MYOD1, MYOG, MYRF, NAP1L1, NAP1L2, NAPEPLD, NBL1, NCAN, NCKAP1L, NCOA1, NCOA2, NCOA3, NEDD4L, NEDD9, NEFL, NELL1, NEURL1, NEUROD1, NEUROD2, NEUROD4, NEUROG1, NEUROG3, NF2, NFATC2, NFATC3, NFE2L2, NFKB1, NFKBID, NFKBIZ, NGF, NGFR, NIBAN2, NID1, NIN, NINJ1, NIPBL, NKAP, NKX2-2, NKX2-5, NKX6-1, NKX6-2, NLGN1, NLGN2, NLGN3, NLRP3, NLRP5, NME2, NOCT, NODAL, NOG, NOS3, NOTCH1, NOTCH2, NOTCH4, NPNT, NPPC, NPTN, NR1H4, NR2C2, NR2E1, NR5A1, NRCAM, NRDC, NRG1, NRP1, NRXN1, NSD2, NTN1, NTRK1, NTRK2, NUDT21, NUMA1, NUMB, NUMBL, OBSL1, OCSTAMP, ODAPH, OGT, OLFM1, OLFM2, OLIG2, OPRM1, OSR1, OSR2, OTP, OTX2, OVOL2, OXTR, P2RX7, PA2G4, PACSIN1, PAFAH1B1, PAK4, PARP1, PARP2, PARP6, PAX2, PAX6, PAX8, PAXIP1, PBRM1, PCID2, PCK1, PCP4, PDCD6, PDCL3, PDE5A, PDGFB, PDPK1, PDPN, PEX5, PF4, PGAM5, PGF, PHF10, PHLDB1, PHLDB2, PHOX2B, PIAS1, PIEZO1, PIK3CD, PIK3R6, PIM1, PINK1, PITHD1, PKDCC, PKM, PLA2G10, PLA2G2A, PLA2G3, PLA2G5, PLAA, PLAAT4, PLAG1, PLCB1, PLCG1, PLD6, PLS1, PLXNA1, PLXNA2, PLXNA3, PLXNA4, PLXNB1, PLXNB2, PLXNB3, PLXNC1, PLXND1, PMS2, PNP, POU3F2, POU4F1, POU4F2, PPARD, PPARG, PPARGC1A, PPARGC1B, PPIB, PPP1CC, PPP1R13L, PPP2R3C, PPP3CA, PRDM14, PRKAA1, PRKCA, PRKCB, PRKCH, PRKCI, PRKCZ, PRKD1, PRKD2, PRKDC, PRKG2, PRKN, PRL, PRMT1, PRMT5, PROC, PROM1, PROX1, PSEN1, PTCH1, PTCH2, PTGIS, PTGS2, PTH, PTK2, PTK2B, PTN, PTPRC, PTPRD, PTPRZ1, PUM2, PWP1, QKI, RAB21, RAB7B, RACK1, RAG1, RAG2, RALA, RALBP1, RAMP2, RANBP3L, RAP1A, RAPGEF2, RAPGEF3, RARA, RARRES2, RASAL1, RASGRP1, RASSF10, RB1, RBBP4, RBBP7, RBM19, RBM24, RBM4, RBPJ, RCOR1, RELA, RELN, REST, RET, RETN, RFX3, RGCC, RGS14, RHEB, RHEX, RHOA, RHOB, RHOH, RIF1, RIMS1, RIMS2, RIN2, RIPK1, RIPK2, RIPOR2, RLN2, RND2, RNF112, RNF157, ROBO1, ROBO2, ROR2, RPS6KA1, RPS6KA3, RPS6KB1, RPTOR, RRAS, RREB1, RTN4, RUFY3, RUNX1, RUNX2, RUNX3, RXRA, RXRB, S100A1, S100B, S1PR2, SAP130, SAP30, SAP30L, SART1, SASH1, SASH3, SAV1, SCARF1, SCGB3A1, SCIN, SCUBE3, SCX, SDCBP, SEMA4A, SEMA4D, SEMA5A, SEMA7A, SERP1, SERPINB3, SERPINE1, SERPINE2, SERPINF1, SERPINF2, SETD3, SFN, SFRP1, SFRP2, SFRP4, SH3GL3, SHANK1, SHANK3, SHB, SHH, SHLD1, SHLD2, SHLD3, SHOC2, SHOX2, SHTN1, SIN3A, SINHCAF, SIRT1, SIRT2, SIRT6, SIX1, SIX4, SKIL, SLC20A2, SLC23A2, SLC39A12, SLC4A2, SLC6A3, SLC6A6, SLC7A5, SLC8A1, SLC9B2, SLIT2, SLITRK1, SLITRK2, SLITRK3, SLITRK4, SLITRK5, SLITRK6, SMAD1, SMAD2, SMAD3, SMAD4, SMAD5, SMAD7, SMAP1, SMARCA2, SMARCA4, SMARCB1, SMARCC1, SMARCC2, SMARCD1, SMARCD2, SMARCD3, SMARCE1, SMO, SMOC2, SMURF1, SMURF2, SMYD1, SNAI1, SNAI2, SNW1, SOCS1, SOCS2, SOCS3, SOCS5, SOD2, SORL1, SOX10, SOX11, SOX12, SOX13, SOX15, SOX17, SOX2, SOX4, SOX5, SOX6, SOX8, SOX9, SP1, SP7, SPAG9, SPDEF, SPEN, SPHK1, SPI1, SPINT1, SPIRE1, SPRY1, SPTBN4, SRC, SRF, SRPX2, SRRT, SRY, SS18, SS18L1, SSBP3, ST8SIA2, STAT1, STAT3, STAT5B, STAT6, STAU2, STIM1, STK11, STK24, STK25, STK3, STK4, STOX1, SUCO, SUDS3, SULT1E1, SULT2B1, SYAP1, SYCE3, SYDE1, SYK, SYNDIG1, SYT1, SYT14P1, SYT17, SYT2, SYT3, SYT4, TACSTD2, TAL1, TAPT1, TBC1D24, TBX1, TBX2, TBX20, TBX21, TBX5, TBXA2R, TCF12, TCF15, TCF3, TCF4, TCF7L2, TEAD4, TEK, TENM4, TENT5A, TERT, TESC, TESPA1, TET1, TFAP2A, TFE3, TFRC, TGFB1, TGFB1I1, TGFB2, TGFB3, TGFBR1, TGFBR2, TGFBR3, TGIF2, TGM2, THBS1, THBS2, THPO, TIAM1, TIAM2, TIE1, TJP1, TLE6, TLR2, TLR3, TLR9, TMEM100, TMEM106B, TMEM119, TMEM64, TMEM79, TMIGD2, TMPRSS12, TNF, TNFRSF11A, TNFRSF1A, TNFRSF1B, TNFSF11, TNFSF12, TNFSF13, TNFSF13B, TNFSF14, TNFSF4, TNFSF9, TNN, TNXB, TOX, TP53BP1, TP63, TP73, TPBG, TPH1, TRADD, TRAF6, TRAK1, TREM2, TRIB1, TRIM16, TRIM32, TRPC5, TRPM4, TRPV2, TSPO, TTBK1, TWF2, TWIST1, TYROBP, UFL1, UNC13A, UNC5C, UPF3B, UTP25, VASH2, VCAN, VDR, VEGFA, VEGFB, VEGFC, VEGFD, VEZF1, VHL, VIL1, VLDLR, VNN1, VPS35, VSIR, VSTM2A, VSTM5, VWC2, VWC2L, WARS2, WDFY2, WDR62, WIF1, WNK1, WNT1, WNT10B, WNT2, WNT2B, WNT3, WNT3A, WNT4, WNT5A, WNT5B, WNT6, WNT7A, WNT7B, WT1, WWTR1, XBP1, XKR8, XRCC2, XRCC5, XRCC6, YAP1, YBX3, ZAP70, ZBED2, ZBED3, ZBTB1, ZBTB16, ZBTB46, ZBTB7B, ZBTB7C, ZC3H12A, ZC4H2, ZDHHC15, ZDHHC6, ZEB1, ZEB2, ZFP36, ZFP36L1, ZFPM2, ZFYVE27, ZHX3, ZMIZ1, ZMYND8, ZNF16, ZNF219, ZNF268, ZNF304, ZNF322, ZNF335, ZNF365, ZNF385A, ZNF488, ZNF703, ZNHIT1, ZP3
GO:0043009	chordate embryonic development	659	7	2.3	0.00799	0.014406474820143884	ABI1, ABL1, ACTL6A, ACVR1, ACVR1B, ACVR1C, ACVR2A, ACVRL1, ADA, ADAM10, ADAMTS3, ADCY9, ADGRF5, ADM, AGBL4, AKAP3, AKT1, ALDH1A2, ALKBH1, ALX1, ALX3, ALX4, AMBRA1, AMOT, ANGPT1, ANKS6, APAF1, APBA1, APBA2, APBA3, APOB, AR, ARHGAP35, ARHGDIG, ARL13B, ARMC5, ARNT, ARNT2, ASCL2, ASF1B, ATF2, ATM, ATP11A, ATP6AP2, ATP7A, AXIN1, AXIN2, B9D1, BAP1, BBS4, BCL10, BCL2L1, BCL2L11, BCOR, BIRC6, BMI1, BMP2, BMP4, BMP5, BMP7, BMPR1A, BPTF, BRCA1, BRCA2, BRD2, BRK1, BTF3, BYSL, C1orf43, C2CD3, C6, CAMSAP3, CAPN2, CASP3, CASP8, CBY1, CC2D2A, CCDC24, CCDC62, CCM2, CCN1, CCNB1, CCNB1IP1, CCNB2, CDK20, CDKN1A, CDKN1C, CDX1, CDX2, CDX4, CEBPA, CEBPB, CECR2, CELF4, CELSR1, CENPU, CERT1, CHD7, CHD8, CHEK1, CHRD, CHST11, CIR1, CITED1, CITED2, CLUAP1, CMIP, CMTM3, CNOT1, CNOT2, CNOT3, COBL, COL11A1, COL1A1, COL2A1, COL3A1, COPS2, COPS3, CPT2, CRB2, CSF2, CTHRC1, CTNNB1, CTR9, CUL3, CUL4A, DACT1, DAD1, DBN1, DCHS1, DEAF1, DHX35, DIAPH3, DKK1, DLC1, DLG1, DLL1, DLL3, DLX1, DLX2, DMRT2, DNAAF2, DNAJB6, DSC3, DSCAML1, DVL1, DVL2, DVL3, DYNC2I1, DZIP1L, E2F7, E2F8, ECE1, EDN1, EDNRA, EGFR, EGLN1, EIF2S2, EIF4A3, ELF3, ELL, EMG1, EMX1, EN1, ENDOG, EOMES, EP300, EPAS1, EPB41L5, EPHA2, EPN1, ERCC2, ETNK2, ETV2, EXT1, EYA1, FBLL1, FBXW8, FERD3L, FGF8, FGF9, FGFR1, FGFR2, FKBP10, FKBP8, FKRP, FLCN, FLVCR1, FOLR1, FOSL1, FOXA1, FOXB1, FOXC1, FOXC2, FOXD3, FOXF1, FOXI3, FURIN, FUT8, FUZ, FZD1, FZD2, FZD3, FZD5, FZD6, GABPA, GATA1, GATA2, GATA3, GATA6, GBX2, GCM1, GDF3, GDF7, GGNBP2, GINS1, GINS4, GJA1, GJB3, GJB5, GLI2, GLI3, GLMN, GNA12, GNA13, GPI, GPR161, GRB2, GRHL2, GRHL3, GSC, HAND1, HAND2, HDAC3, HEG1, HES1, HES5, HES7, HEY1, HEY2, HIF1A, HINFP, HM13, HNF1B, HOPX, HORMAD1, HOXA1, HOXA11, HOXA2, HOXA3, HOXA4, HOXA5, HOXA6, HOXA7, HOXA9, HOXB1, HOXB2, HOXB3, HOXB4, HOXB5, HOXB6, HOXB7, HOXB8, HOXB9, HOXC11, HOXC4, HOXC5, HOXC6, HOXC9, HOXD1, HOXD10, HOXD3, HOXD4, HOXD9, HS3ST6, HS6ST1, HSD17B2, HYAL1, IFITM5, IFT122, IFT140, IFT172, IFT52, IFT57, IGF1, IGF2, IHH, IL10, INPP5B, INPP5K, INTS1, INTU, IRX5, ISL1, ITGB1, ITPK1, JAG2, JUNB, KAT2A, KAT5, KBTBD8, KDM2B, KDM4C, KDM8, KEAP1, KIAA1217, KIDINS220, KIF20B, KIFBP, KLF2, KLF4, KLHL12, KPNA7, KRT19, KRT8, LATS1, LATS2, LEF1, LFNG, LHX1, LHX2, LIAS, LIF, LIG4, LMO4, LPAR6, LRP2, LRP6, LUZP1, MAFF, MAFG, MAN2A1, MAP2K1, MAPK1, MARCKS, MATR3, MBD3, MBNL1, MBTD1, MDFI, MED1, MED12, MED21, MEGF8, MEOX1, MEOX2, MESP1, MESP2, MFN2, MFNG, MGAT1, MIB1, MKS1, MMP14, MMP16, MSGN1, MSH2, MSX1, MTHFD1, MTHFD1L, MTHFR, MYBPHL, MYF5, MYF6, MYH6, MYH9, MYO18B, MYO1E, N4BP2L2, NASP, NBN, NCAPG2, NCOA1, ND4, NDEL1, NDST1, NDUFA2, NECAB1, NEK2, NF1, NIPBL, NKD1, NKX2-5, NKX2-6, NKX3-1, NKX3-2, NLE1, NMT1, NODAL, NOG, NOLC1, NOS3, NOTCH1, NOTCH2, NPAT, NPM2, NR2F2, NRARP, NSDHL, NSRP1, NSUN2, NUP133, NXN, OCRL, OPA1, OSR1, OSR2, OTUD7B, OVOL2, PALB2, PAX2, PAX5, PAX6, PBX1, PCDH12, PCDH8, PCGF2, PCSK5, PDCD6, PDGFB, PDGFRA, PEF1, PELO, PEMT, PFN1, PHACTR4, PHF6, PHGDH, PHLDA2, PKD1, PKD2, PLCD3, PLCG1, PLG, PLK4, PLOD3, PLPP4, PLXNA2, PLXNB2, PNLDC1, POFUT1, POGLUT1, POLB, POLG2, POLR1B, POU5F1, PPP1CC, PPP4R4, PRDM1, PRDM14, PRICKLE1, PRKACA, PRKACB, PRKDC, PRMT1, PROX1, PRRX1, PSEN1, PSMC4, PSPH, PTCH1, PTH1R, PTK7, PTPN18, PTPRR, RAD51B, RALA, RARA, RARG, RBBP6, RBBP8, RBM46, RBP4, RBPJ, RCN1, RDH10, RGMA, RIC8A, RIPPLY1, RIPPLY2, RIPPLY3, RNASEH2B, RNF220, RPGRIP1L, RPL13, RPL7L1, RPS7, RRM2, RRN3, RRP7A, RSPO3, RTCB, RTF1, RTN4, RUNDC1, RUNX2, SALL4, SATB2, SBDS, SCO2, SCRIB, SCX, SDC4, SEC24B, SEC24C, SEC24D, SEMA3C, SEMA4C, SETD2, SF3B6, SFRP1, SFRP2, SH3PXD2A, SHH, SHOX2, SIN3A, SIX1, SIX2, SIX4, SKI, SKIL, SLC25A20, SLC25A34, SLC2A10, SLC30A1, SLC34A2, SLC35E2B, SLC39A1, SLC39A12, SLC39A3, SLC5A7, SMAD2, SMAD3, SMAD4, SMARCB1, SMG9, SMIM14, SMO, SNAI1, SOCS3, SOX10, SOX11, SOX15, SOX17, SOX18, SOX8, SOX9, SP3, SPECC1, SPIC, SPINT1, SPINT2, SRF, SSBP3, ST14, ST8SIA6, STIL, STK3, STK4, STMN3, SUFU, SULF1, SULF2, SUPT6H, SYF2, TAB1, TAF10, TAF8, TAPT1, TBC1D32, TBL1XR1, TBX1, TBX15, TBX18, TBX2, TBX3, TBX6, TBXT, TCAP, TCF15, TCOF1, TCTN1, TEAD2, TEAD4, TENT5C, TERF2, TET1, TFAP2A, TFEB, TGFB1, TGFB2, TGFB3, TGFBR1, TGFBR2, THOC2, TIE1, TM4SF1, TMED2, TMEM100, TMEM107, TMEM231, TP53, TRAF6, TRIM28, TRIM71, TRIP6, TSC1, TSC2, TTLL1, TTLL4, TTPA, TULP3, TWIST1, UBE2B, UBR3, UBTFL1, UCMA, UNK, UPB1, UPF3A, VANGL2, VASH1, VASH2, VASP, VEGFA, VPS54, WDPCP, WDR19, WDR74, WDTC1, WNT1, WNT11, WNT2, WNT3A, WNT5A, WNT7B, WNT8A, WNT9A, WNT9B, XAB2, XRCC2, XYLT1, YAP1, YBX1, YBX3, YTHDC1, ZBED6, ZEB1, ZFAND5, ZFP36L1, ZFPM2, ZIC3, ZMIZ1, ZNF335, ZNF358, ZNF568, ZNF830, ZP3, ZPR1
GO:0002009	morphogenesis of an epithelium	501	6	1.75	0.00801	0.014406474820143884	ABL1, ACTB, ACTG1, ACVR1, ACVRL1, ADAM17, ADAMTS12, ADAMTS16, ADM, AGT, AGTR2, AHI1, AIRE, AJAP1, AJUBA, ALDH1A2, ALDH1A3, APAF1, APLNR, AR, AREG, ARHGAP12, ARHGAP24, ARHGAP35, ARL13B, ASB2, ASTN2, ATP7A, BBS4, BBS5, BBS7, BCL10, BCL2, BMP2, BMP4, BMP5, BMP7, BRD2, BRSK1, BRSK2, BTBD7, BTRC, C2CD3, CA2, CA9, CAMSAP3, CARMIL2, CASP3, CASR, CAV3, CC2D2A, CCDC103, CCDC39, CCDC40, CCL11, CCM2, CCN1, CD151, CD44, CDC42, CDK20, CEACAM1, CECR2, CELSR1, CEP290, CITED1, CITED2, CLASP1, CLASP2, CLIC4, CLUAP1, COBL, COL4A1, COL5A1, CRYGS, CSF1, CSF1R, CSMD1, CSNK2B, CTHRC1, CTNNB1, CTNNBIP1, CTNS, CTSH, CTSZ, CXCL10, CXCR2, CXCR4, CYP7B1, DAG1, DCHS1, DDR1, DEAF1, DLC1, DLG1, DLG3, DLG5, DLL1, DLL4, DLX3, DNAAF1, DVL1, DVL2, DVL3, EDN1, EDNRA, EFNB2, EGF, EGFR, ENG, EPB41L5, EPHA2, EPHA4, EPHA7, ERBB4, ESR1, ESRP2, EXOC5, EXT1, EYA1, FAT1, FEM1B, FERMT1, FERMT2, FGF1, FGF10, FGF2, FGF7, FGF8, FGFR1, FGFR2, FIGNL2, FKBPL, FLG2, FLNA, FLRT3, FMN1, FOLR1, FOXA1, FOXC2, FOXD1, FOXE1, FOXF1, FOXF2, FOXH1, FOXN1, FOXN4, FOXP1, FOXQ1, FRAS1, FREM2, FRS2, FRZB, FST, FUZ, FZD1, FZD2, FZD3, FZD5, FZD6, GATA3, GATA4, GBX2, GCM1, GDF2, GDF7, GDNF, GJA1, GLI2, GLI3, GLMN, GNA13, GORAB, GPC3, GRB2, GREB1L, GREM1, GRHL2, GRHL3, GRSF1, GZF1, HAND1, HAND2, HBEGF, HES1, HES5, HESX1, HGF, HHIP, HIF1A, HNF1B, HOXA11, HOXA13, HOXA5, HOXB13, HOXB2, HOXB4, HOXB7, HOXD11, HOXD13, HS2ST1, HS3ST3A1, HS3ST3B1, HTN1, ID4, IFT122, IFT172, IFT20, IFT52, IFT57, IGFBP5, IHH, IL10, ILK, INTU, IRX1, IRX2, IRX3, ITGA5, ITGAV, ITGAX, ITGB1, ITGB3, ITGB5, JAG1, JAG2, JHY, KAT2A, KDF1, KDM2B, KDM5B, KDR, KIF20B, KIF26B, KLF4, KLHL3, KLK14, KRAS, KRT12, KRT16, KRT17, KRT25, KRT27, KRT28, KRT6A, KRT71, LAMA1, LAMA5, LBX1, LBX2, LEF1, LGR4, LGR5, LHX1, LHX2, LIAS, LIF, LIN7C, LMO4, LRG1, LRP2, LRP5, LUZP1, LZTS2, MAGED1, MDK, MED1, MED12, MEF2C, MEGF8, MESP1, MET, MIB1, MICAL2, MIR15B, MIR16-1, MIR21, MIR221, MKKS, MKS1, MMP12, MMP14, MMP2, MMRN2, MRTFA, MSN, MSX2, MTHFD1, MTHFD1L, MTHFR, MTOR, MTSS1, MYC, MYO9A, NAGLU, NDRG4, NFATC4, NGFR, NHERF1, NKD1, NKX2-1, NKX2-5, NKX3-1, NODAL, NOG, NOTCH1, NOTCH2, NOTCH4, NOTO, NPHP1, NPHP3, NPNT, NR3C1, NRARP, NRP1, NTN1, NTN4, OPA1, OPHN1, OSR1, OVOL2, PAFAH1B1, PAK1, PALS1, PAX2, PAX8, PBX1, PCDH8, PDCD10, PDGFA, PDPN, PDX1, PFN1, PGR, PHACTR4, PHB2, PHLDB2, PIK3CD, PKD1, PKD2, PKHD1, PLA2G10, PLET1, PLOD3, PLXNA1, PLXNB2, PLXND1, PML, PODXL, PPP1CA, PPP3R1, PRICKLE1, PRKACA, PRKACB, PRKD2, PRKX, PROX1, PSEN1, PTCH1, PTEN, PTK7, RAB10, RALA, RARA, RARG, RASIP1, RBM15, RBPJ, RDH10, RET, RGMA, RHOA, RHOB, RHOC, RIPK4, RNF207, RPGRIP1L, RPS7, RREB1, RSPO2, RSPO3, RYR2, SALL1, SALL4, SAPCD2, SCRIB, SDC4, SEC24B, SEMA3C, SEMA3E, SEMA4C, SERPINB5, SETD2, SETDB2, SFRP1, SFRP2, SH3BP1, SHH, SIRT6, SIX1, SIX2, SIX4, SKI, SLC39A12, SLIT2, SMAD3, SMAD4, SMO, SNAI1, SNAI2, SOCS3, SOS1, SOSTDC1, SOX10, SOX11, SOX17, SOX18, SOX8, SOX9, SPINT1, SPINT2, SPRY1, SPRY2, SRC, SRF, ST14, STARD13, STAT1, STIL, STK3, STK4, STOX1, SUFU, SULF1, SYNE4, TACSTD2, TBX18, TBX2, TBX20, TBX3, TBX4, TBX5, TBX6, TCAP, TCF15, TCF21, TCTN1, TEAD2, TFAP2A, TGFB1, TGFB1I1, TGFB2, TGFBR2, TGM2, TGM3, TIE1, TIMELESS, TMED2, TMEFF2, TMEM59L, TMEM79, TNC, TNF, TOR1A, TP63, TRAF3IP1, TRAF6, TRIM28, TRIM71, TSC1, TSC2, TTC8, TULP3, TWIST1, VANGL2, VASP, VCL, VDR, VEGFA, VEGFC, WDPCP, WDR1, WNK4, WNT1, WNT10A, WNT11, WNT16, WNT2, WNT2B, WNT3A, WNT4, WNT5A, WNT5B, WNT6, WNT7A, WNT7B, WNT9B, WT1, YAP1, ZDHHC7, ZIC3
GO:0018208	peptidyl-proline modification	39	2	0.14	0.00820	0.014539007092198582	CRTAP, EGLN1, EGLN2, EGLN3, FKBP10, FKBP1A, FKBP1B, FKBP1C, FKBP4, FKBP5, FKBP7, NKTR, NTMT1, OGFOD1, P3H2, P4HA1, P4HA2, P4HA3, P4HB, P4HTM, PIN1, PPIA, PPIAL4A, PPIAL4C, PPIAL4D, PPIAL4E, PPIAL4F, PPIAL4G, PPIAL4H, PPIB, PPIC, PPID, PPIE, PPIF, PPIG, PPIH, PPIL1, PPIL3, PPWD1
GO:0042044	fluid transport	39	2	0.14	0.00820	0.014539007092198582	AHCYL1, AQP1, AQP10, AQP11, AQP12A, AQP12B, AQP2, AQP3, AQP4, AQP5, AQP6, AQP7, AQP7B, AQP7P3, AQP8, AQP9, AVP, CFTR, CLDN18, CSF2, CTNS, EDN1, EDNRB, EXT1, EXT2, HAS2, HYAL2, INPP5K, ITPR1, LARGE1, MIP, MLLT6, NHERF4, SCNN1B, SLC14A1, SLC26A6, SLC4A11, SLC5A1, UPK3A
GO:0022898	regulation of transmembrane transporter activity	229	4	0.8	0.00844	0.014844827586206895	ABCB1, ACE2, ACTB, ACTN2, ACTN4, ADRA2A, ADRB2, AHCYL1, AHNAK, AKAP6, AKAP9, ALG10B, ANK2, ANK3, ANO9, ANTKMT, APP, ATP1A2, ATP1B1, ATP1B2, ATP1B3, ATP2A1, ATPSCKMT, BCL2, CAB39, CACNA1D, CACNA2D1, CACNB1, CACNB2, CACNB3, CACNB4, CACNG2, CACNG3, CACNG4, CACNG5, CACNG7, CACNG8, CALM1, CALM2, CALM3, CAMK2D, CAPN1, CASQ1, CASQ2, CAV1, CAV3, CBARP, CCL2, CCR2, CFTR, CHP1, CHP2, CHRM3, CLIC2, CLTRN, CNIH2, CNIH3, COA8, COX17, CRACR2A, CRH, CRHBP, CRHR1, CTSS, DAPK1, DLG1, DLG4, DMD, DRD2, DRD3, DRD4, EDN1, EDNRA, EPHB2, EPO, FGF11, FGF12, FGF13, FGF14, FHL1, FKBP1A, FKBP1B, FKBP1C, FMR1, FXYD1, FXYD2, FXYD3, FXYD4, FXYD5, FXYD6, FXYD6P3, FXYD7, GAL, GALR2, GNB5, GOPC, GPD1L, GPR35, GRM5, GRP, GSTM2, GSTO1, HAP1, HECW1, HECW2, HOMER1, HPCA, HRC, HTT, IFNG, INS, ITGB1, JPH1, JPH2, JPH3, JPH4, JSRP1, KCNAB1, KCNE1, KCNE2, KCNE3, KCNE4, KCNE5, KCNG1, KCNIP2, KCNRG, KCNS1, KCNS2, LRRC26, LRRC38, LRRC52, LRRC55, MAPK8IP2, MEF2C, MINK1, MIR1-1, MIR103A1, MIR133A1, MIR153-1, MIR192, MIR200C, MIR208A, MIR208B, MIR212, MIR24-1, MIR26A1, MIR30D, MIR448, MIR499A, MIR93, MMP9, NDUFA4, NEDD4, NEDD4L, NETO1, NIPSNAP2, NLGN1, NLGN2, NLGN3, NOS1, NOS1AP, NPPA, OPRM1, OSR1, OXSR1, P2RY6, PCSK9, PDZK1, PHB2, PIM1, PIRT, PKD2, PLN, PPIF, PRKACA, PRKCE, PRNP, PRRT1, PTK2B, PTPN3, RANGRF, RELN, RIPK1, RNF207, RYR2, SCN1B, SCN2B, SCN3B, SCN4B, SELENON, SHANK1, SHANK3, SHISA6, SHISA7, SHISA8, SHISA9, SLC6A9, SLC9A1, SLMAP, SLN, SNCA, SPHK2, SRI, STAC, STAC2, STAC3, STIM1, STIM2, STIMATE, STK39, STRIT1, SUMO1, TCAF1, TCAF2, TESC, TLR9, TMSB4X, TRDN, TREM2, TRPC6, UBQLN1, UTRN, VAMP2, VMP1, WNK2, WNK3, WWP2, YWHAE, YWHAH
GO:0009185	ribonucleoside diphosphate metabolic process	120	3	0.42	0.00856	0.014844827586206895	ACTN3, ADPGK, AK1, AK2, AK3, AK4, AK5, ALDOA, ALDOB, ALDOC, APP, ARL2, BAD, BPGM, CAD, CARD11, CASK, CBFA2T3, CMPK1, COL6A1, DDIT4, DHODH, DHTKD1, DLG1, DLG2, EIF6, ENO1, ENO2, ENO3, ENO4, ENTPD2, ENTPD4, ENTPD5, ENTPD7, EP300, FBP1, FKRP, FLCN, FOXK1, FOXK2, GALK1, GAPDH, GAPDHS, GCK, GIT1, GPD1, GPI, GUK1, HDAC4, HIF1A, HK1, HK2, HK3, HKDC1, HTR2A, IER3, IFNG, IGF1, INS, INSR, JMJD8, KAT2B, LDHA, LIPA, LRGUK, MAGI3, MLST8, MLXIPL, MPP1, MTOR, NCOR1, NT5E, NUDT18, NUDT5, NUDT9, NUPR1, OGDH, OGDHL, OGT, P2RX7, PFKFB1, PFKFB2, PFKL, PFKM, PFKP, PGAM1, PGAM2, PGAM4, PGK1, PGK2, PGM1, PKLR, PKM, PPARA, PPP2CA, PRKAA1, PRKAA2, PRKACA, PRKAG1, PRKAG2, PRKAG3, PRXL2C, PSEN1, RPTOR, RRM1, RRM2, RRM2B, SIRT6, SLC2A6, SLC4A1, SLC4A4, STAT3, TIGAR, TJP2, TPI1, TREX1, UCP2, UMPS, ZBTB20, ZBTB7A
GO:0008210	estrogen metabolic process	40	2	0.14	0.00861	0.014844827586206895	AKR1B15, CHST10, CYP19A1, CYP1A1, CYP1A2, CYP1B1, CYP2C8, CYP2C9, CYP2D6, CYP3A4, CYP3A5, CYP3A7, DHRS11, HSD17B1, HSD17B10, HSD17B11, HSD17B12, HSD17B2, HSD17B4, HSD17B7, HSD17B8, HSD3B1, PDGFRA, PLEKHA1, RDH8, SGPL1, SULT1A1, SULT1E1, TIPARP, UGT1A1, UGT1A3, UGT1A7, UGT2A3, UGT2B10, UGT2B11, UGT2B15, UGT2B17, UGT2B28, UGT2B4, UGT2B7
GO:0051385	response to mineralocorticoid	40	2	0.14	0.00861	0.014844827586206895	AANAT, ACE, AIFM1, AVPR1A, CARD9, CDKN1A, COMT, CRH, CSN1S1, CYBB, EDN1, FOS, FOSB, FOSL1, FOXO3, GPER1, HDAC6, HSD3B1, HSD3B2, HTR1B, IGF1R, INHBA, MAOB, NEFL, NPAS4, PARP1, PTPRC, RAN, RPL27, SCNN1A, SCNN1B, SCNN1D, SCNN1G, SGK1, SH3RF1, SLC12A3, SRC, STK39, TH, UCN3
GO:0030278	regulation of ossification	122	3	0.43	0.00895	0.015151006711409397	ACTN3, ACVR1, ACVR2A, ACVR2B, ADCY10, ADGRV1, ADRB2, AHSG, ALOX5, ANKH, ANO6, ATP2B1, ATRAID, BCL2, BCOR, BGLAP, BMP2, BMP2K, BMP4, BMP6, BMP7, BMPR1A, BMPR1B, BMPR2, CALCA, CALCR, CCDC134, CCL3, CCN1, CCR1, CHSY1, COMP, CSF1, CYP27B1, DDR2, DHRS3, DKK1, ECM1, EGR2, ENPP1, FAM20C, FBN2, FGF23, FZD9, GATA1, GDF10, GFRA4, GJA1, GPM6B, GREM1, HIF1A, IFITM5, INTU, ISG15, KL, KREMEN1, KREMEN2, LRP4, LTBP3, LTF, MAPK1, MAPK14, MAPK3, MATN1, MDK, MEF2C, MGP, MIR208A, NBR1, NELL1, NIPBL, NOTCH1, NOTUM, OSR1, OSR2, P2RX7, PBX1, PHOSPHO1, PKDCC, PTGER4, PTH, PTK2B, PTN, PTPN11, RBPJ, RFLNA, RFLNB, RUNX2, RXRA, RXRB, S1PR1, SETD2, SFRP1, SGMS2, SIX2, SLC20A2, SLC8A1, SMAD3, SMAD6, SMAD7, SOST, SOX11, SOX9, SRGN, STATH, TACR1, TENT5A, TFAP2A, TMEM119, TMEM53, TOB2, TPH1, TRPM4, TWIST1, TXLNG, VDR, WNT10B, WNT4, WNT5A, ZBTB16, ZMPSTE24, ZNF664-RFLNA
GO:0035136	forelimb morphogenesis	41	2	0.14	0.00903	0.015151006711409397	ALDH1A2, ALX3, ALX4, ARK2C, ATRX, CACNA1C, CRABP2, CTNNB1, EN1, FMN1, GDF5, HOXA11, HOXA13, HOXA9, HOXD10, HOXD9, IFT122, LNPK, MSX1, MSX2, NIPBL, OSR1, OSR2, RDH10, RECK, RPGRIP1L, RSPO2, RUNX2, SHH, SHOX2, TBX3, TBX5, TFAP2A, TFAP2B, TP63, TWIST1, VPS54, WNT3, WNT7A, ZBTB16, ZNF358
GO:0060421	positive regulation of heart growth	41	2	0.14	0.00903	0.015151006711409397	ACACB, AKAP6, BASP1, BMP10, BMPR1A, CDK1, EDN1, ERBB4, FGF2, FGF9, FGFR1, FGFR2, GATA6, GLI1, HEY2, IGF1, MAPK14, MEF2C, MIR17HG, MIR199A1, MIR19A, MIR19B1, MIR204, MIR208A, MIR222, MIR509-1, MIR548C, MIR590, NOTCH1, PARP2, PIM1, PROX1, RBPJ, TBX2, TBX20, TBX5, TGFBR3, WNT2, WT1, YAP1, ZFPM2
GO:0071542	dopaminergic neuron differentiation	41	2	0.14	0.00903	0.015151006711409397	CDNF, CSNK1D, CTNNB1, DKK1, DMRTA2, EN1, EN2, FERD3L, FGF20, FGF8, FOXA1, FOXA2, FZD1, GSK3B, HIF1A, HPRT1, LMX1A, LMX1B, LRP6, MANF, NR4A2, OTP, OTX2, PHOX2A, PHOX2B, PITX3, RSPO2, RYK, SFRP1, SFRP2, SHH, SMO, TIAM1, VEGFA, VEGFD, WNT1, WNT2, WNT3, WNT3A, WNT5A, WNT9B
GO:0009792	embryo development ending in birth or egg hatching	680	7	2.38	0.00941	0.015683333333333334	ABI1, ABL1, ACE, ACSL4, ACTL6A, ACVR1, ACVR1B, ACVR1C, ACVR2A, ACVRL1, ADA, ADAM10, ADAMTS3, ADCY9, ADGRF5, ADM, AGBL4, AKAP3, AKIRIN2, AKT1, ALDH1A2, ALKBH1, ALX1, ALX3, ALX4, AMBRA1, AMOT, ANGPT1, ANKS6, APAF1, APBA1, APBA2, APBA3, APOB, AR, ARHGAP35, ARHGDIG, ARL13B, ARMC5, ARNT, ARNT2, ASCL2, ASF1B, ATF2, ATM, ATP11A, ATP6AP2, ATP7A, AXIN1, AXIN2, B9D1, BAP1, BBS4, BCL10, BCL2L1, BCL2L11, BCOR, BIRC6, BMI1, BMP2, BMP4, BMP5, BMP7, BMPR1A, BPTF, BRCA1, BRCA2, BRD2, BRK1, BTF3, BYSL, C1orf43, C2CD3, C6, CAMSAP3, CAPN2, CASP3, CASP8, CBY1, CC2D2A, CCDC24, CCDC62, CCM2, CCN1, CCNB1, CCNB1IP1, CCNB2, CDK20, CDK5R1, CDKN1A, CDKN1C, CDX1, CDX2, CDX4, CEBPA, CEBPB, CECR2, CELF1, CELF4, CELSR1, CENPU, CERT1, CHD7, CHD8, CHEK1, CHRD, CHST11, CIR1, CITED1, CITED2, CLUAP1, CMIP, CMTM3, CNOT1, CNOT2, CNOT3, COBL, COL11A1, COL1A1, COL2A1, COL3A1, COPS2, COPS3, CPT2, CRB2, CRIPTO, CSF2, CTHRC1, CTNNB1, CTR9, CUL3, CUL4A, DACT1, DAD1, DBN1, DCHS1, DEAF1, DHX35, DIAPH3, DKK1, DLC1, DLG1, DLL1, DLL3, DLX1, DLX2, DMRT2, DNAAF2, DNAJB6, DSC3, DSCAML1, DVL1, DVL2, DVL3, DYNC2I1, DZIP1L, E2F7, E2F8, ECE1, EDN1, EDNRA, EGFR, EGLN1, EIF2S2, EIF4A3, ELF3, ELL, EMG1, EMP2, EMX1, EN1, ENDOG, EOMES, EP300, EPAS1, EPB41L5, EPHA2, EPN1, ERCC2, ETNK2, ETV2, EVX1, EXT1, EYA1, FBLL1, FBXW8, FERD3L, FGF2, FGF8, FGF9, FGFR1, FGFR2, FKBP10, FKBP8, FKRP, FLCN, FLVCR1, FOLR1, FOSL1, FOXA1, FOXB1, FOXC1, FOXC2, FOXD3, FOXF1, FOXI1, FOXI3, FURIN, FUT8, FUZ, FXN, FZD1, FZD2, FZD3, FZD5, FZD6, GABPA, GATA1, GATA2, GATA3, GATA6, GBX2, GCM1, GDF3, GDF7, GGNBP2, GINS1, GINS4, GJA1, GJB3, GJB5, GLI2, GLI3, GLMN, GNA12, GNA13, GPI, GPR161, GRB2, GRHL2, GRHL3, GSC, HAND1, HAND2, HDAC3, HEG1, HES1, HES5, HES7, HEY1, HEY2, HIF1A, HINFP, HM13, HNF1B, HOPX, HORMAD1, HOXA1, HOXA11, HOXA2, HOXA3, HOXA4, HOXA5, HOXA6, HOXA7, HOXA9, HOXB1, HOXB2, HOXB3, HOXB4, HOXB5, HOXB6, HOXB7, HOXB8, HOXB9, HOXC11, HOXC4, HOXC5, HOXC6, HOXC9, HOXD1, HOXD10, HOXD3, HOXD4, HOXD9, HS3ST6, HS6ST1, HSD17B2, HUS1, HYAL1, IFITM5, IFT122, IFT140, IFT172, IFT52, IFT57, IGF1, IGF2, IHH, IL10, INPP5B, INPP5K, INTS1, INTU, IRX5, ISL1, ITGB1, ITPK1, JAG2, JUNB, KAT2A, KAT5, KBTBD8, KDM2B, KDM4C, KDM8, KEAP1, KIAA1217, KIDINS220, KIF20B, KIFBP, KLF2, KLF4, KLHL12, KPNA7, KRT19, KRT8, LATS1, LATS2, LEF1, LFNG, LHX1, LHX2, LIAS, LIF, LIG4, LMO4, LPAR6, LRP2, LRP6, LUZP1, MAFF, MAFG, MAN2A1, MAP2K1, MAPK1, MARCKS, MATR3, MBD3, MBNL1, MBTD1, MDFI, MED1, MED12, MED21, MEGF8, MEOX1, MEOX2, MESP1, MESP2, MFN2, MFNG, MFRP, MGAT1, MIB1, MKS1, MMP14, MMP16, MSGN1, MSH2, MSX1, MTHFD1, MTHFD1L, MTHFR, MYBPHL, MYF5, MYF6, MYH6, MYH9, MYO18B, MYO1E, N4BP2L2, NASP, NBN, NCAPG2, NCOA1, ND4, NDEL1, NDST1, NDUFA2, NECAB1, NEK2, NF1, NIPBL, NKD1, NKX2-5, NKX2-6, NKX3-1, NKX3-2, NLE1, NMT1, NODAL, NOG, NOLC1, NOS3, NOTCH1, NOTCH2, NPAT, NPM2, NR2F2, NR5A2, NRARP, NSDHL, NSRP1, NSUN2, NUP133, NXN, OCRL, OPA1, OSR1, OSR2, OTUD7B, OVOL2, PALB2, PAX2, PAX5, PAX6, PBX1, PCDH12, PCDH8, PCGF2, PCSK5, PDCD6, PDGFB, PDGFRA, PEF1, PELO, PEMT, PFN1, PHACTR4, PHF6, PHGDH, PHLDA2, PKD1, PKD2, PLCD3, PLCG1, PLG, PLK4, PLOD3, PLPP4, PLXNA2, PLXNB2, PNLDC1, POFUT1, POGLUT1, POLB, POLG2, POLR1B, POU5F1, PPP1CC, PPP4R4, PRDM1, PRDM14, PRICKLE1, PRKACA, PRKACB, PRKDC, PRMT1, PROX1, PRRX1, PSEN1, PSMC4, PSPH, PTCH1, PTH1R, PTK7, PTPN18, PTPRR, RAD51B, RAI2, RALA, RARA, RARG, RBBP6, RBBP8, RBM46, RBP4, RBPJ, RCN1, RDH10, RGMA, RIC8A, RICTOR, RIPPLY1, RIPPLY2, RIPPLY3, RNASEH2B, RNF220, RPGRIP1L, RPL13, RPL7L1, RPS7, RRM2, RRN3, RRP7A, RSPO3, RTCB, RTF1, RTN4, RUNDC1, RUNX2, SALL4, SATB2, SBDS, SCEL, SCO2, SCRIB, SCX, SDC4, SEBOX, SEC24B, SEC24C, SEC24D, SEMA3C, SEMA4C, SETD2, SF3B6, SFRP1, SFRP2, SH3PXD2A, SHH, SHOX2, SIN3A, SIX1, SIX2, SIX4, SKI, SKIL, SLC25A20, SLC25A34, SLC2A10, SLC30A1, SLC34A2, SLC35E2B, SLC39A1, SLC39A12, SLC39A3, SLC5A7, SMAD2, SMAD3, SMAD4, SMARCB1, SMG9, SMIM14, SMO, SNAI1, SOCS3, SOX10, SOX11, SOX15, SOX17, SOX18, SOX8, SOX9, SP3, SPECC1, SPIC, SPINT1, SPINT2, SRF, SSBP3, ST14, ST8SIA6, STIL, STK3, STK4, STMN3, STOX2, SUFU, SULF1, SULF2, SUPT6H, SYF2, TAB1, TAF10, TAF8, TAPT1, TBC1D32, TBL1XR1, TBX1, TBX15, TBX18, TBX2, TBX3, TBX6, TBXT, TCAP, TCF15, TCOF1, TCTN1, TEAD2, TEAD4, TENT5C, TERF2, TET1, TFAP2A, TFEB, TGFB1, TGFB2, TGFB3, TGFBR1, TGFBR2, THOC2, TIE1, TLE6, TM4SF1, TMED2, TMEM100, TMEM107, TMEM231, TP53, TRAF6, TRIM28, TRIM71, TRIP6, TSC1, TSC2, TTLL1, TTLL4, TTPA, TULP3, TWIST1, UBE2B, UBR3, UBTFL1, UCMA, UNK, UPB1, UPF3A, USP22, VANGL2, VASH1, VASH2, VASP, VEGFA, VPS54, WDPCP, WDR19, WDR74, WDTC1, WNT1, WNT11, WNT2, WNT3A, WNT5A, WNT7B, WNT8A, WNT9A, WNT9B, XAB2, XRCC2, XYLT1, YAP1, YBX1, YBX3, YTHDC1, ZBED6, ZEB1, ZFAND5, ZFP36L1, ZFPM2, ZIC3, ZMIZ1, ZNF335, ZNF358, ZNF568, ZNF830, ZP3, ZPR1
GO:0002065	columnar/cuboidal epithelial cell differentiation	125	3	0.44	0.00956	0.01579113924050633	ABL1, AGR2, AKT1, ASCL1, B9D1, BAD, BCCIP, BHLHA15, BMAL1, BMP2, BMP4, BMP5, BMP6, BMP7, C1GALT1, CAV1, CBFA2T2, CDH2, CDK6, CDKN1A, CDX2, CEBPB, CLCN2, CLOCK, CTNNB1, DLG5, DLL1, DLX3, DSPP, EMX1, ENAM, EXT1, FAM20C, FASN, FGF2, FGF8, FGFR2, FOXA1, FST, FZD5, GATA2, GATA4, GATA5, GATA6, GDF11, GJA1, GPAT4, GSK3A, GSK3B, HES1, HIF1A, HOXA5, IL13, IL31RA, IL6ST, INSM1, IPO7, JAG1, KLF4, KLF5, LEF1, LHX3, MAP1B, MIR29B1, MIR541, MSX1, NEUROD1, NFIB, NKX2-2, NKX3-2, NKX6-1, NKX6-2, NKX6-3, NODAL, NOTCH1, NPY, NR5A2, ONECUT1, OTP, PAX6, PDPK1, PDX1, PERCC1, PGR, POU3F2, PRDM1, PROX1, PTK6, PYY, RARA, RARB, RARG, RBM4, RFX3, RFX6, RHEB, ROS1, RPTOR, SAV1, SERPINE1, SIDT2, SLC9A4, SMAD2, SMO, SOX11, SOX4, SOX9, SPDEF, SRC, TGFB1, TIGAR, TLR9, TMEM231, TMIGD1, TP63, TUBB, TYMS, VAX1, WDR77, WNT11, WNT4, WNT5A, YAP1, YIPF6, ZNF800
GO:0072593	reactive oxygen species metabolic process	238	4	0.83	0.00963	0.01579113924050633	AATF, ABCB7, ABCD1, ABCD2, ACE2, ACOD1, ACOX1, ACP5, ADCY10, ADGRB1, AGT, AGTR1, AKR1C1, AKR1C3, ALOX12, ALOX5, APOA4, ARF4, ARG2, ATG5, ATP5IF1, ATP7A, BCL2, BCO2, BCR, BECN1, BIRC2, BMP7, BNIP3, BRCA1, BST1, CAT, CBR1, CBS, CCN1, CCN2, CCN6, CCS, CD177, CD36, CDKN1A, CFLAR, CLCN3, CLEC7A, COA8, COL6A1, COQ7, CRP, CRYAB, CTNS, CYB5R4, CYBA, CYBB, CYP1A1, CYP1A2, CYP1B1, DCXR, DDIT4, DHFR, DHFRP1, DHRS4, DRD5, DUOX1, DUOX2, DUOXA1, DUOXA2, EDN1, EGFR, EIF6, ELAVL1, EPX, F2, F2RL1, FANCC, FBLN5, FOXM1, FOXO1, FOXO3, FPR2, FYN, G6PD, GADD45A, GBF1, GCH1, GLS2, GNAI2, GPX1, GPX3, GRB2, GRIN1, GSTP1, HBA1, HBA2, HBB, HBD, HBE1, HBG1, HBG2, HBM, HBQ1, HBZ, HDAC6, HIF1A, HK2, HP, HVCN1, IER3, IFI6, IL19, IMMP2L, INAVA, INS, ITGAM, ITGB2, LEP, LIPA, LOC102724560, LPO, LRRK2, MAOB, MAPK14, MAPT, MB, MIR181A2, MIR21, MIR24-1, MIR27B, MIR590, MIR675, MMP3, MPO, MPV17, MPV17L, MT3, NAGLU, NCF1, NCF1B, NCF1C, NCF2, NCF4, ND2, NDUFA13, NDUFS1, NDUFS3, NDUFS4, NFE2L2, NNT, NOS2, NOS3, NOX1, NOX3, NOX4, NOX5, NOXA1, NOXO1, NQO1, P2RX7, PAGE4, PARK7, PARL, PAX2, PDGFB, PDGFRB, PDK3, PDK4, PID1, PIKFYVE, PINK1, PLA2R1, PLCG2, PLIN5, PMAIP1, PON3, PPARA, PRCP, PRDX1, PRDX2, PRDX3, PRDX4, PRDX5, PREX1, PRG3, PRKCD, PRKN, PTK2B, PXDN, PXDNL, RAB27A, RAC1, RAC2, RFK, RHOA, RIPK1, RIPK3, RNF41, ROMO1, SESN1, SESN2, SFTPD, SH3PXD2A, SH3PXD2B, SIRT2, SIRT3, SIRT5, SLC18A2, SLC1A1, SLC25A33, SLC5A3, SNCA, SOD1, SOD2, SOD3, SPHK2, STK17A, SYK, TAFA4, TFAP2A, TGFB1, TGFBR2, THBS1, TIGAR, TLR4, TLR6, TNF, TP53, TPO, TRAP1, TSPO, TUSC2, TXN, TYROBP, UCP1, UCP2, VAV1, VDAC1, XDH, ZC3H12A, ZNF205
GO:0060429	epithelium development	1228	10	4.29	0.00984	0.01579113924050633	ABCA12, ABI1, ABI2, ABL1, ACADVL, ACAT1, ACER1, ACTA2, ACTB, ACTG1, ACTL8, ACVR1, ACVR1B, ACVR2B, ACVRL1, ADAM17, ADAM7, ADAM9, ADAMTS12, ADAMTS16, ADAMTSL2, ADAMTSL4, ADD1, ADIPOQ, ADM, AFDN, AGR2, AGT, AGTR2, AHI1, AIMP2, AIRE, AJAP1, AJUBA, AKR1B1, AKR1C1, AKR1C2, AKR1C3, AKT1, AKT2, ALDH1A2, ALDH1A3, ALDOC, ALOX12, ALOX12B, ALOX15B, ALOXE3, ALX4, AMBRA1, ANKRD24, ANXA1, ANXA4, ANXA7, AP3B1, APAF1, APCDD1, APELA, APLNR, APOLD1, AQP1, AQP11, AQP3, AR, AREG, ARG2, ARHGAP12, ARHGAP24, ARHGAP35, ARHGEF26, ARID4A, ARID4B, ARL13B, ARX, ASAH1, ASB2, ASCL1, ASCL3, ASTN2, ASXL1, ATF4, ATM, ATOH1, ATOH8, ATP2C2, ATP6AP2, ATP7A, ATRX, AXIN2, B4GALT1, B9D1, BAD, BARX1, BASP1, BAX, BBS4, BBS5, BBS7, BCCIP, BCL10, BCL11B, BCL2, BCR, BDH2, BFSP1, BFSP2, BHLHA15, BLTP1, BMAL1, BMI1, BMP2, BMP4, BMP5, BMP6, BMP7, BMPER, BMPR1A, BMPR2, BRCA2, BRD2, BRSK1, BRSK2, BTBD7, BTG1, BTRC, C1GALT1, C2CD3, C3, CA2, CA9, CALB1, CAMSAP3, CARMIL2, CASP14, CASP3, CASP6, CASR, CAT, CAV1, CAV3, CBFA2T2, CBR1, CBY1, CC2D2A, CCDC103, CCDC39, CCDC40, CCDC78, CCDC88C, CCL11, CCM2, CCN1, CCND1, CCNO, CD109, CD151, CD24, CD34, CD44, CDC42, CDH2, CDH23, CDH3, CDH5, CDHR2, CDK1, CDK20, CDK6, CDKN1A, CDKN1B, CDKN1C, CDKN2B, CDSN, CDX1, CDX2, CEACAM1, CEBPA, CEBPB, CECR2, CELSR1, CEP152, CEP290, CEP63, CER1, CERS3, CES1, CFLAR, CHD7, CHRD, CIMAP3, CITED1, CITED2, CLASP1, CLASP2, CLCN2, CLDN1, CLDN3, CLDN4, CLDN5, CLIC4, CLOCK, CLRN1, CLRN2, CLUAP1, CNFN, CNN3, COBL, COL18A1, COL27A1, COL2A1, COL4A1, COL5A1, COL6A1, CPS1, CPT1A, CRB2, CREB1, CRLF1, CRYGB, CRYGD, CRYGS, CSF1, CSF1R, CSMD1, CSNK2B, CSTA, CTHRC1, CTNNB1, CTNNBIP1, CTNS, CTSB, CTSH, CTSZ, CXCL10, CXCR2, CXCR4, CYP1A1, CYP26B1, CYP27B1, CYP7B1, CYSRT1, DAB2, DACT1, DACT2, DAG1, DCHS1, DDR1, DEAF1, DEUP1, DHRS9, DKK1, DKK4, DLC1, DLG1, DLG3, DLG5, DLL1, DLL3, DLL4, DLX3, DLX5, DLX6, DMBT1, DMRT1, DMRT2, DNAAF1, DNASE1L2, DNPH1, DSG4, DSP, DSPP, DUSP10, DVL1, DVL2, DVL3, DZIP1L, E2F4, E2F7, E2F8, ECE1, EDA, EDAR, EDF1, EDN1, EDNRA, EDNRB, EFNB2, EGF, EGFR, EHF, ELOVL1, EMX1, EN1, ENAM, ENG, EP300, EPAS1, EPB41L5, EPCAM, EPHA2, EPHA4, EPHA7, EPPK1, ERBB4, ERCC2, ERCC3, EREG, ERRFI1, ESR1, ESRP1, ESRP2, ETV2, ETV4, EVPL, EXOC5, EXPH5, EXT1, EXTL3, EYA1, EZH2, EZR, F11R, F2RL1, FA2H, FAM20C, FASN, FAT1, FEM1B, FER, FERD3L, FERMT1, FERMT2, FGF1, FGF10, FGF2, FGF20, FGF7, FGF8, FGFR1, FGFR2, FIGNL2, FKBP8, FKBPL, FLG, FLG2, FLNA, FLNB, FLRT3, FMN1, FN3K, FNDC3A, FOLR1, FOSL2, FOXA1, FOXB1, FOXC1, FOXC2, FOXD1, FOXE1, FOXE3, FOXF1, FOXF2, FOXH1, FOXI3, FOXJ1, FOXJ2, FOXL2, FOXN1, FOXN4, FOXP1, FOXP3, FOXQ1, FRAS1, FREM2, FRMD6, FRS2, FRZB, FST, FSTL1, FUZ, FZD1, FZD2, FZD3, FZD4, FZD5, FZD6, FZD7, FZR1, GAL, GATA1, GATA2, GATA3, GATA4, GATA5, GATA6, GBA1, GBX2, GCM1, GDF11, GDF2, GDF3, GDF7, GDNF, GJA1, GJA4, GJA5, GLI1, GLI2, GLI3, GLMN, GNA13, GORAB, GPAT4, GPC3, GPR161, GPR4, GPX1, GRB2, GREB1L, GREM1, GRHL1, GRHL2, GRHL3, GRSF1, GRXCR1, GRXCR2, GSC, GSDME, GSK3A, GSK3B, GSTA1, GSTA2, GSTK1, GSTM3, GZF1, HAND1, HAND2, HAPLN2, HBEGF, HDAC1, HDAC2, HDAC3, HEG1, HES1, HES5, HES7, HESX1, HEY1, HEY2, HEYL, HGF, HHIP, HIF1A, HNF1B, HNRNPH3, HOXA11, HOXA13, HOXA5, HOXA7, HOXB13, HOXB2, HOXB4, HOXB5, HOXB7, HOXC13, HOXD11, HOXD13, HPSE, HRNR, HS2ST1, HS3ST3A1, HS3ST3B1, HSD17B4, HSF4, HTN1, HYDIN, ICAM1, ID2, ID3, ID4, IFNG, IFT122, IFT140, IFT172, IFT20, IFT52, IFT57, IFT74, IGFBP5, IHH, IKBKB, IL10, IL13, IL17A, IL18, IL1A, IL1B, IL20, IL31RA, IL6ST, ILK, INHBA, INSM1, INTU, IPO7, IQGAP1, IQGAP3, IRF6, IRX1, IRX2, IRX3, ITGA2, ITGA5, ITGAV, ITGAX, ITGB1, ITGB3, ITGB5, ITPK1, IVL, JAG1, JAG2, JAK2, JHY, KANK2, KAT2A, KAT5, KAZN, KCNE1, KCNQ1, KDF1, KDM2B, KDM5B, KDM6B, KDR, KEAP1, KIF20B, KIF26B, KLF15, KLF2, KLF4, KLF5, KLF7, KLHL3, KLK14, KLK5, KRAS, KRIT1, KRT1, KRT10, KRT12, KRT13, KRT14, KRT15, KRT16, KRT17, KRT19, KRT2, KRT20, KRT23, KRT24, KRT25, KRT26, KRT27, KRT28, KRT3, KRT31, KRT32, KRT33A, KRT33B, KRT34, KRT35, KRT36, KRT37, KRT38, KRT39, KRT4, KRT40, KRT5, KRT6A, KRT6B, KRT6C, KRT7, KRT71, KRT72, KRT73, KRT74, KRT75, KRT76, KRT77, KRT78, KRT79, KRT80, KRT81, KRT82, KRT83, KRT84, KRT85, KRT86, KRT9, KRTAP6-1, KRTAP6-2, KRTAP6-3, LAMA1, LAMA5, LAMB2, LATS1, LATS2, LBH, LBX1, LBX2, LCE1A, LCE1B, LCE1C, LCE1D, LCE1E, LCE1F, LCE2A, LCE2B, LCE2C, LCE2D, LCE3A, LCE3B, LCE3C, LCE3D, LCE3E, LCE4A, LCE5A, LCE6A, LCE7A, LDB1, LDB2, LEF1, LFNG, LGALS3, LGR4, LGR5, LHFPL5, LHX1, LHX2, LHX3, LIAS, LIF, LIN7C, LIPA, LIPK, LIPM, LIPN, LMO4, LORICRIN, LOXL3, LRG1, LRP2, LRP4, LRP5, LRP6, LSR, LTA4H, LUZP1, LZTS2, MACROH2A1, MACROH2A2, MAF, MAFB, MAFF, MAFG, MAGED1, MAGI2, MANSC4, MAP1B, MAP2K1, MAP2K2, MAPK1, MARCKS, MARVELD2, MCIDAS, MCOLN3, MDK, MED1, MED12, MEF2C, MEGF8, MEOX1, MEOX2, MESP1, MESP2, MET, MFSD2A, MIB1, MICAL2, MIR1-1, MIR10A, MIR125B1, MIR150, MIR15B, MIR16-1, MIR181A2, MIR181B1, MIR18B, MIR199B, MIR200C, MIR204, MIR21, MIR221, MIR29B1, MIR302A, MIR34A, MIR495, MIR518B, MIR541, MIR99B, MKKS, MKS1, MMP12, MMP14, MMP2, MMP9, MMRN2, MRTFA, MSGN1, MSI1, MSN, MSX1, MSX2, MTHFD1, MTHFD1L, MTHFR, MTOR, MTSS1, MYADM, MYC, MYCL, MYD88, MYF5, MYF6, MYO1E, MYO6, MYO7A, MYO9A, MYSM1, NAGLU, NCOA3, NDP, NDRG4, NEUROD1, NEUROG3, NF1, NF2, NFATC4, NFIB, NFKBIZ, NGFR, NHERF1, NKD1, NKX2-1, NKX2-2, NKX2-5, NKX2-6, NKX3-1, NKX3-2, NKX6-1, NKX6-2, NKX6-3, NLE1, NME2, NODAL, NOG, NOM1, NOTCH1, NOTCH2, NOTCH4, NOTO, NPHP1, NPHP3, NPHS1, NPHS2, NPNT, NPPC, NPR2, NPY, NR0B1, NR2F2, NR3C1, NR5A1, NR5A2, NRARP, NRG1, NRP1, NSDHL, NSUN2, NTN1, NTN4, NTRK1, NUMA1, NUP133, ONECUT1, ONECUT2, OPA1, OPHN1, OPN3, ORAI1, OSR1, OTP, OVOL1, OVOL2, OVOL3, PAFAH1B1, PAK1, PALB2, PALLD, PALS1, PAX2, PAX6, PAX8, PBX1, PCDH8, PCK1, PCK2, PCNA, PDCD10, PDE2A, PDE4D, PDGFA, PDGFB, PDPK1, PDPN, PDX1, PDZD7, PECAM1, PELO, PERCC1, PFN1, PGK1, PGR, PHACTR4, PHB2, PHGDH, PHLDB2, PIAS4, PIH1D1, PIK3CD, PIP5K1A, PITX2, PITX3, PKD1, PKD2, PKHD1, PLA2G10, PLAAT1, PLAAT3, PLAAT4, PLCB1, PLEC, PLET1, PLK4, PLOD3, PLS1, PLXNA1, PLXNA2, PLXNA4, PLXNB2, PLXND1, PML, PODXL, POF1B, POFUT1, POGLUT1, POU2F3, POU3F1, POU3F2, POU3F3, POU4F3, PPARG, PPHLN1, PPL, PPP1CA, PPP1R16B, PPP2R3A, PPP3CA, PPP3R1, PRDM1, PRICKLE1, PRKACA, PRKACB, PRKCH, PRKD2, PRKDC, PRKX, PRLR, PROC, PROM1, PROX1, PSAP, PSAPL1, PSEN1, PTCH1, PTCH2, PTEN, PTER, PTK6, PTK7, PTPRO, PTPRS, PUM2, PYGO2, PYY, RAB10, RAB13, RAB25, RAD51B, RALA, RAP1A, RAP1B, RAP2C, RAPGEF1, RAPGEF2, RAPGEF3, RARA, RARB, RARG, RASIP1, RBBP6, RBBP9, RBM15, RBM4, RBPJ, RCN3, RDH10, RDX, REG3A, REG3G, RELA, RET, RFX3, RFX6, RGMA, RHCG, RHEB, RHOA, RHOB, RHOC, RILPL1, RILPL2, RIPK4, RIPPLY1, RIPPLY2, RNF207, RNF220, ROBO1, ROBO2, ROBO4, ROCK1, ROCK2, ROS1, RPGRIP1L, RPS7, RPTOR, RREB1, RSPO2, RSPO3, RTN4, RYR2, S100A7, S1PR1, S1PR2, S1PR3, SAFB2, SALL1, SALL4, SAPCD2, SAV1, SCEL, SCRIB, SCUBE1, SCX, SDC1, SDC4, SEC24B, SEMA3C, SEMA3E, SEMA4C, SERPINB5, SERPINE1, SERPINE2, SETD2, SETDB2, SETSIP, SFN, SFRP1, SFRP2, SFRP4, SGPP1, SH3BP1, SHARPIN, SHH, SIDT2, SIM1, SIPA1, SIPA1L3, SIRT6, SIX1, SIX2, SIX3, SIX4, SKI, SKIL, SLC22A1, SLC22A6, SLC39A12, SLC39A2, SLC39A7, SLC40A1, SLC44A4, SLC4A5, SLC4A7, SLC7A11, SLC9A2, SLC9A4, SLIT2, SLITRK6, SMAD1, SMAD2, SMAD3, SMAD4, SMAD5, SMAD6, SMAD7, SMARCB1, SMO, SNAI1, SNAI2, SOCS3, SOD1, SOS1, SOSTDC1, SOX10, SOX11, SOX17, SOX18, SOX21, SOX4, SOX8, SOX9, SPDEF, SPINK5, SPINT1, SPINT2, SPRED1, SPRED2, SPRED3, SPRR1A, SPRR1B, SPRR2B, SPRR2D, SPRR2E, SPRR2F, SPRR2G, SPRR3, SPRR4, SPRY1, SPRY2, SRC, SRF, SRSF6, SSBP3, ST14, STARD13, STAT1, STAT5B, STAT6, STC1, STIL, STK3, STK4, STMN1, STOX1, STRA6, STRC, SUFU, SULF1, SULT1B1, SULT2B1, SYNE4, TACSTD2, TAF10, TAGLN, TAGLN2, TBC1D20, TBC1D32, TBX1, TBX18, TBX2, TBX20, TBX3, TBX4, TBX5, TBX6, TBXT, TCAP, TCF15, TCF21, TCHH, TCTN1, TDRD7, TEAD2, TECTA, TFAP2A, TFAP2B, TFCP2L1, TGFB1, TGFB1I1, TGFB2, TGFBR2, TGM1, TGM2, TGM3, THRA, THRB, TIE1, TIGAR, TIMELESS, TJP1, TJP2, TJP3, TLR9, TMC1, TMED2, TMEFF2, TMEM100, TMEM107, TMEM132E, TMEM135, TMEM231, TMEM38B, TMEM59L, TMEM79, TMIGD1, TMOD1, TMPRSS11F, TNC, TNF, TNFRSF19, TNFRSF1A, TNFSF11, TNMD, TOLLIP, TOR1A, TP53, TP63, TP73, TPP1, TPRN, TRADD, TRAF3IP1, TRAF6, TRIM16, TRIM28, TRIM71, TRIOBP, TRPC4AP, TSC1, TSC2, TSG101, TST, TTC8, TUBB, TULP3, TWIST1, TXNIP, TYMS, UGCG, UMOD, UPK1A, UPK1B, UPK2, UPK3A, USH1C, USH2A, VANGL2, VASP, VAX1, VCL, VDAC1, VDR, VEGFA, VEGFC, VEZF1, VIL1, VIM, VSIG1, WDPCP, WDR1, WDR19, WDR77, WHRN, WNK4, WNT1, WNT10A, WNT10B, WNT11, WNT16, WNT2, WNT2B, WNT3, WNT3A, WNT4, WNT5A, WNT5B, WNT6, WNT7A, WNT7B, WNT9B, WT1, WWTR1, XDH, XRCC2, YAP1, YIPF6, ZBED2, ZDHHC21, ZDHHC7, ZEB1, ZFP36, ZFP36L1, ZIC3, ZMPSTE24, ZNF358, ZNF703, ZNF800
GO:0007595	lactation	43	2	0.15	0.00990	0.01579113924050633	APLN, ATP7A, ATP7B, CAD, CAV1, CCND1, CDO1, COX2, CREB1, CSN2, CSN3, DDR1, ERBB4, FOXB1, GHRHR, GJA1, GPAT4, HIF1A, HK2, MED1, MTCO2P12, MTX1, NCOA1, NCOR2, NEURL1, NME1, OAS2, OXTR, PRL, PRLR, SLC29A1, SLC6A3, SOCS2, STAT5A, STAT5B, UMPS, UPRT, USF2, VDR, VEGFA, XBP1, XDH, ZBTB7B
GO:0051353	positive regulation of oxidoreductase activity	43	2	0.15	0.00990	0.01579113924050633	ABL1, ABL2, AGT, AGTR1, AGTR2, AKT1, APOE, ATP7A, CDH3, COA8, COX17, CYP27B1, DHFR, DHFRP1, EDN1, EDN2, EDN3, FCER2, FGF23, FTMT, FXN, GCH1, GDNF, HIF1A, HTR2B, IFNG, IL1B, INS, NDUFA4, NOS1AP, NPR3, NUS1, PARK7, POR, RFK, S100A1, SCARB1, SIRT3, SNCA, TERF2, TERT, TNF, VDR
GO:0031324	negative regulation of cellular metabolic process	3157	19	11.03	0.00993	0.01579113924050633	A1CF, AASS, AATF, ABCA7, ABCB7, ABCC2, ABCD1, ABCD2, ABCE1, ABL1, ACACB, ACADL, ACADVL, ACD, ACE, ACMSD, ACOD1, ACOT8, ACP4, ACP5, ACTN3, ACTR6, ACTRT1, ACVR1B, ACVR2B, ACVRL1, ADAM10, ADAR, ADARB1, ADCY10, ADCY7, ADIPOQ, ADNP, ADRA1A, AEBP1, AEBP2, AFF2, AGER, AGO1, AGO2, AGO3, AGO4, AGT, AHR, AICDA, AIDA, AJUBA, AKAP8, AKIRIN2, AKR1C3, AKT1, AKT1S1, AKT3, ALDOB, ALKBH4, ALKBH5, ALX1, ANAPC2, ANG, ANGEL2, ANGPT1, ANKLE1, ANKLE2, ANKRD1, ANKRD2, ANXA1, ANXA2, ANXA4, ANXA7, AP2A1, APBB1, APBB2, APC, APEX1, APLN, APLNR, APOA1, APOA2, APOBEC1, APOBEC3A, APOBEC3B, APOBEC3C, APOBEC3D, APOBEC3F, APOBEC3G, APOBEC3H, APOC1, APOC3, APOD, APOE, APP, APPL2, AR, ARB2A, ARB2BP, ARG1, ARG2, ARID4A, ARID4B, ARID5A, ARID5B, ARK2N, ARPP19, ARRB1, ARRB2, ARX, ASB1, ASCL1, ASCL2, ASCL3, ATCAY, ATF2, ATF3, ATF4, ATF5, ATF7IP, ATF7IP2, ATG12, ATG14, ATG5, ATM, ATN1, ATOH8, ATP1A1, ATP2B1, ATP2B4, ATP8B1, ATR, ATRX, ATXN1, ATXN1L, AUNIP, AURKA, AURKB, AXIN1, AXIN2, AXL, BACE2, BACH1, BACH2, BAG4, BAHD1, BAK1, BANF1, BANK1, BAP1, BARD1, BARX2, BASP1, BATF3, BAX, BAZ1A, BAZ2A, BBS2, BBS4, BCDIN3D, BCL11A, BCL2, BCL2L12, BCL3, BCL6, BCL6B, BCL7A, BCLAF1, BCOR, BCORL1, BCR, BDKRB1, BDKRB2, BECN1, BEND3, BEND5, BEND6, BHLHE40, BHLHE41, BIN1, BIRC5, BLM, BMAL1, BMF, BMI1, BMP2, BMP4, BMP5, BMP6, BMP7, BMPR1A, BNIP3, BOD1, BOLL, BPI, BPTF, BRCA1, BRD7, BRIP1, BRMS1, BRMS1L, BST2, BTAF1, BTG2, BTK, BTN2A2, BTRC, C1D, C1QBP, C1QTNF12, C1QTNF3, C5AR2, C8orf88, C9orf72, CACNA2D1-AS1, CACNG7, CACTIN, CADM1, CADM4, CALCA, CALCR, CALM1, CALM2, CALM3, CALR, CAMK2N1, CAMK2N2, CAMSAP3, CAPN3, CAPRIN1, CAPRIN2, CARD16, CARD17P, CARD18, CARD8, CARHSP1, CARMN, CASC3, CASP3, CASP8AP2, CAST, CAV1, CAV3, CAVIN3, CBFA2T2, CBFA2T3, CBFB, CBL, CBLB, CBLC, CBX1, CBX2, CBX3, CBX4, CBX5, CBX6, CBX7, CBX8, CBY1, CC2D1A, CC2D1B, CCAR1, CCAR2, CCDC3, CCDC85B, CCL3, CCN2, CCND1, CCND3, CCNE1, CCR1, CCR7, CD109, CD200, CD200R1, CD22, CD24, CD274, CD28, CD2AP, CD300A, CD33, CD34, CD36, CD38, CD3E, CD46, CD83, CD84, CD96, CDA, CDC6, CDC73, CDK1, CDK2, CDK5, CDK5R1, CDK5RAP1, CDK5RAP3, CDK6, CDK8, CDKN1A, CDKN1B, CDKN1C, CDKN2A, CDKN2B, CDKN2B-AS1, CDKN2C, CDKN2D, CDT1, CDX2, CDX4, CDY1, CDY1B, CDY2A, CDY2B, CDYL, CDYL2, CEACAM1, CEBPA, CEBPB, CEBPD, CELA1, CELF1, CELF4, CENPF, CENPV, CEP43, CEP85, CERS1, CFLAR, CGAS, CGGBP1, CHAC1, CHD3, CHD4, CHD5, CHD8, CHEK1, CHID1, CHMP1A, CHMP6, CHP1, CHRNA7, CIART, CIB1, CIC, CIDEA, CIDEC, CIITA, CILP, CIPC, CIR1, CIRBP, CITED1, CITED2, CLDN19, CLDN3, CLDN5, CLEC16A, CLEC4A, CLK2, CLOCK, CLP1, CLTC, CMKLR1, CNBP, CNKSR3, CNOT1, CNOT10, CNOT11, CNOT2, CNOT3, CNOT4, CNOT6, CNOT6L, CNOT7, CNOT8, CNOT9, CNPY2, CNR1, COA8, COMMD7, COPS2, CORO1C, CPB2, CPEB1, CPEB2, CPEB3, CPEB4, CPNE1, CPTP, CR1, CREB1, CREB3L1, CREBBP, CREBZF, CREG1, CREM, CRH, CRKL, CRY1, CRY2, CRYAB, CRYBA1, CRYM, CSDC2, CSDE1, CSF2, CSK, CSNK2A1, CST7, CTBP1, CTBP2, CTC1, CTCF, CTDSP1, CTDSP2, CTDSPL, CTIF, CTNNB1, CTNNBIP1, CTNS, CTR9, CTSA, CTSZ, CUEDC2, CUL3, CUX1, CUX2, CX3CL1, CX3CR1, CXCL8, CXXC5, CYLD, CYP27B1, CYP2D6, CYP7A1, CYREN, DAB2, DAB2IP, DACH1, DACT1, DAP, DAPK1, DAPK3, DAPL1, DAXX, DAZ1, DAZ2, DAZ3, DAZ4, DAZL, DBI, DBNDD1, DBNDD2, DCAF1, DCAF5, DCP1A, DCP1B, DCP2, DCPS, DDIT3, DDIT4, DDRGK1, DDX17, DDX20, DDX21, DDX3X, DDX3Y, DDX4, DDX5, DDX54, DDX56, DDX6, DEAF1, DEDD, DEDD2, DEFB114, DEPDC1, DEPTOR, DFFA, DFFB, DGCR8, DGKQ, DHFR, DHFRP1, DHRS7B, DHX34, DHX36, DHX58, DHX9, DICER1, DIP2A, DIS3, DIS3L2, DKC1, DKK1, DKK3, DKKL1, DLG1, DLL1, DLL4, DLX1, DLX2, DLX4, DMAP1, DMBX1, DMD, DMRT1, DMTN, DNAJA1, DNAJA3, DNAJB1, DNAJB4, DNAJB6, DNAJC10, DNAJC15, DNAJC17, DNAJC2, DNAJC3, DND1, DNM3OS, DNMT1, DNMT3A, DNMT3B, DNMT3L, DOT1L, DPF2, DPPA3, DR1, DRAP1, DRD2, DROSHA, DTNBP1, DUSP1, DUSP10, DUSP16, DUSP19, DUSP22, DUSP26, DUSP3, DUSP6, DUSP7, DVL1, DXO, DYNLL1, DYRK1A, E2F1, E2F6, E2F7, E2F8, E4F1, EAPP, EDC3, EDC4, EDN1, EDNRB, EED, EFNA1, EGR1, EHMT1, EHMT2, EID1, EID2, EID2B, EIF2AK1, EIF2AK2, EIF2AK3, EIF2AK4, EIF2S1, EIF3E, EIF4A3, EIF4E, EIF4E2, EIF4EBP1, EIF4EBP2, EIF4EBP3, EIF4ENIF1, EIF4G1, EIF4G2, EIF6, ELANE, ELAVL1, ELAVL4, ELF3, ELF4, ELK3, ELK4, ELOB, ELOC, EMILIN1, EN1, ENC1, ENDOU, ENG, ENO1, ENPP1, ENPP7, ENSA, EOMES, EP300, EPC1, EPHA1, EPHA2, EPHA4, EPHB2, EPO, EPRS1, EPX, ERBIN, ERCC1, ERCC4, ERCC6, EREG, ERF, ERFE, ERI1, ERLIN1, ERLIN2, ERN1, ERN2, ERP29, ERRFI1, ESR1, ESR2, ESX1, ETF1, ETFBKMT, ETS2, ETV3, ETV5, ETV6, ETV7, EXD1, EXOSC10, EXOSC2, EXOSC3, EXOSC4, EXOSC5, EXOSC6, EXOSC7, EXOSC8, EXOSC9, EXTL3, EZH1, EZH2, EZR, F2, F2RL1, FABP4, FAM220A, FAM220BP, FANCB, FASLG, FASTK, FASTKD1, FASTKD2, FASTKD3, FASTKD5, FBH1, FBLN1, FBP1, FBXO5, FBXW11, FBXW7, FCGR2B, FCN3, FCRL3, FERD3L, FERMT1, FEZ1, FEZ2, FEZF1, FEZF2, FFAR1, FFAR4, FGF19, FGF2, FGF9, FGFR1, FGFR2, FHL2, FIS1, FKBP1A, FKBP1B, FKBP6, FKBP8, FLCN, FLNA, FLOT2, FLYWCH1, FMO1, FMO2, FMO4, FMR1, FN1, FNIP1, FNIP2, FOCAD, FOSB, FOXA1, FOXA2, FOXC1, FOXC2, FOXD1, FOXD3, FOXE1, FOXF1, FOXF2, FOXG1, FOXH1, FOXJ1, FOXK1, FOXK2, FOXL2, FOXM1, FOXN3, FOXO1, FOXO3, FOXP1, FOXP2, FOXP3, FOXP4, FOXQ1, FOXR1, FOXS1, FRK, FST, FTO, FURIN, FUS, FXR1, FXR2, FYN, FZD1, FZR1, G6PD, GABPA, GADD45A, GAPDH, GAS1, GAS6, GATA1, GATA2, GATA3, GATA4, GATA5, GATA6, GATAD2A, GATAD2B, GBA1, GBP1, GBP7, GCFC2, GCH1, GCK, GCKR, GCLC, GDF2, GDNF, GFI1, GFI1B, GGNBP2, GHRL, GHSR, GIGYF2, GIT1, GJA1, GLA, GLG1, GLI2, GLI3, GLIS1, GLIS2, GLIS3, GMNC, GMNN, GNAQ, GNL3L, GOLGA2, GPAT2, GPATCH3, GPD1L, GPER1, GPLD1, GPNMB, GPR18, GPRC5A, GPS2, GRB10, GRB7, GREM1, GSC, GSK3A, GSK3B, GSKIP, GSPT1, GSPT2, GSTP1, GTF2IRD1, GTPBP1, GTPBP4, GZF1, GZMA, GZMB, H1-0, H1-1, H1-10, H1-2, H1-3, H1-4, H1-5, H1-6, H1-7, H1-8, H1-9P, HABP4, HAMP, HAND1, HAND2, HAT1, HAVCR2, HBEGF, HBS1L, HCFC1, HCFC2, HCLS1, HCRT, HDAC1, HDAC10, HDAC2, HDAC3, HDAC4, HDAC5, HDAC6, HDAC7, HDAC8, HDAC9, HDGF, HEG1, HELB, HELLS, HELT, HELZ, HELZ2, HENMT1, HERC1, HES1, HES2, HES5, HES6, HES7, HESX1, HEXIM1, HEXIM2, HEY1, HEY2, HEYL, HFE, HGF, HHATL, HHEX, HIC1, HIC2, HIF1A, HIF1A-AS2, HIF1AN, HINFP, HIPK2, HIPK3, HIRA, HIVEP1, HJV, HK2, HLA-DRB1, HLA-F, HMBOX1, HMG20A, HMGA1, HMGA2, HMGB1, HMGB2, HMOX1, HMX1, HNF1B, HNF4A, HNRNPA0, HNRNPA1, HNRNPA2B1, HNRNPAB, HNRNPC, HNRNPD, HNRNPK, HNRNPL, HNRNPU, HOMER2, HOMER3, HOPX, HOXA10-AS, HOXA11-AS, HOXA2, HOXA7, HOXB-AS3, HOXB13, HOXB3, HOXB4, HOXB8, HOXC8, HOXD8, HOXD9, HP, HRAS, HSBP1, HSBP1L1, HSF1, HSF4, HSP90AB1, HSPA1A, HSPA1B, HSPA8, HSPB1, HYAL2, IBTK, ID1, ID2, ID3, ID4, IDO1, IER3, IFI16, IFI27, IFNA2, IFNB1, IFNG, IFNL1, IFRD2, IGBP1, IGF1, IGF2, IGF2BP1, IGF2BP2, IGF2BP3, IGFBP3, IGFBP5, IKBKB, IKBKE, IKZF1, IKZF4, IKZF5, IL10, IL10RA, IL12A, IL12B, IL13, IL13RA2, IL1B, IL1R2, IL1RL1, IL2, IL20RB, IL23A, IL23R, IL27RA, IL33, IL36RN, IL37, IL4, IL6, ILF3, ILRUN, IMPACT, INCA1, ING1, ING2, ING4, INHA, INHBA, INHBB, INPP5D, INPP5E, INPP5F, INPP5J, INPP5K, INPPL1, INS, INSIG1, INSIG2, INSM1, INSM2, IPO5, IPO7, IQGAP1, IQGAP3, IRAK3, IREB2, IRF1, IRF2, IRF2BP1, IRF2BP2, IRF2BPL, IRF3, IRF7, IRF8, IRGM, IRS2, IRX1, IRX2, IRX3, IRX4, ISL1, ITCH, ITGAM, ITGAV, ITGB1BP1, ITGB2, ITGB3, ITGB8, ITM2A, ITM2B, ITM2C, JAK3, JARID2, JAZF1, JDP2, JPH2, JUN, JUND, KANK2, KAT14, KAT2A, KAT2B, KAT5, KAT6A, KAT6B, KAT8, KCNIP3, KCNK2, KCTD1, KDM1A, KDM1B, KDM2A, KDM2B, KDM4A, KDM5A, KDM5B, KDM5C, KDM8, KDR, KHDRBS1, KHSRP, KIF25, KIRREL1, KIRREL2, KLF10, KLF11, KLF12, KLF16, KLF2, KLF3, KLF4, KLF5, KLF7, KLF8, KLHL15, KLHL22, KLHL25, KLHL31, KMT2A, KMT2D, KMT5A, KPNA7, L3MBTL1, L3MBTL2, L3MBTL3, L3MBTL4, LAG3, LANCL2, LAPTM4B, LAPTM5, LARP1, LARP1B, LARP4B, LARP7, LATS1, LATS2, LAX1, LBH, LBP, LCOR, LDB1, LDB2, LDLR, LEF1, LEFTY1, LEP, LEPR, LGALS3, LGALS9, LGALS9B, LGALS9C, LGMN, LGR4, LHX1, LHX2, LHX9, LIG3, LILRA4, LILRA5, LILRB1, LILRB4, LIMD1, LIMS1, LIN28A, LIN28B, LIN37, LL22NC03-63E9.3, LMCD1, LMNA, LMNB1, LMNB2, LMO1, LMO4, LOXL2, LOXL3, LPCAT1, LRIF1, LRIG2, LRP1, LRP3, LRP5, LRP6, LRPPRC, LRRC32, LRRFIP1, LRRK1, LRRK2, LSM1, LSM14A, LSM2, LSM4, LSM5, LSM6, LSM7, LTF, LYAR, LYN, LZTS1, MACIR, MACROH2A1, MACROH2A2, MAD2L2, MAEL, MAF, MAF1, MAFB, MAFF, MAFG, MAFK, MAGEA1, MAGEA10, MAGEA11, MAGEA12, MAGEA13P, MAGEA2, MAGEA2B, MAGEA3, MAGEA4, MAGEA6, MAGEA8, MAGEA9, MAGEA9B, MAGEB1, MAGEB10, MAGEB16, MAGEB17, MAGEB18, MAGEB2, MAGEB3, MAGEB4, MAGEB5, MAGEB6, MAGEB6B, MAGEC1, MAGEC2, MAGEC3, MAGED1, MAGED2, MAGED4, MAGED4B, MAGEE1, MAGEE2, MAGEF1, MAGEH1, MAGEL2, MAGOH, MAGOHB, MALAT1, MALRD1, MALSU1, MAP2K5, MAP3K10, MAP3K3, MAP3K7, MAPK14, MAPK8IP1, MAPKAPK2, MAPKBP1, MAPT, MAPT-AS1, MARK1, MAS1, MASTL, MAX, MAZ, MBD1, MBD2, MBD3, MBD3L1, MBD3L2, MBD3L2B, MBD3L3, MBD3L4, MBD3L5, MBIP, MBTD1, MC1R, MCIDAS, MCL1, MCPH1, MDFI, MDFIC, MDM2, MDM4, MECOM, MECP2, MED1, MED25, MEF2A, MEF2C, MEFV, MEG3, MEIOC, MEIS2, MEN1, MEPCE, MERTK, MESP1, MET, METTL1, METTL13, METTL14, METTL16, METTL3, METTL4, MEX3D, MFHAS1, MFSD12, MFSD2A, MGAT4D, MGAT5, MICAL1, MIDEAS, MIDN, MIER1, MIER2, MIER3, MIF, MIR1-1, MIR1-2, MIR100, MIR101-1, MIR101-2, MIR103A1, MIR103A2, MIR103B1, MIR103B2, MIR105-1, MIR105-2, MIR106A, MIR106B, MIR107, MIR10A, MIR10B, MIR1178, MIR1180, MIR1181, MIR1183, MIR1185-1, MIR1185-2, MIR1197, MIR1207, MIR1208, MIR122, MIR1224, MIR1225, MIR1226, MIR1227, MIR1237, MIR124-1, MIR124-2, MIR124-3, MIR1246, MIR1249, MIR1251, MIR1253, MIR1255B1, MIR125A, MIR125B1, MIR125B2, MIR126, MIR1260B, MIR1262, MIR1265, MIR127, MIR1271, MIR1275, MIR1277, MIR128-1, MIR1283-1, MIR1283-2, MIR1287, MIR129-1, MIR129-2, MIR1296, MIR1298, MIR1302-2, MIR1302-4, MIR1302-5, MIR1306, MIR1307, MIR130A, MIR130B, MIR132, MIR133A1, MIR133A1HG, MIR133A2, MIR133B, MIR134, MIR135A1, MIR135A2, MIR135B, MIR136, MIR137, MIR137HG, MIR138-1, MIR138-2, MIR139, MIR140, MIR141, MIR142, MIR143, MIR144, MIR145, MIR146A, MIR146B, MIR147A, MIR147B, MIR148A, MIR148B, MIR149, MIR150, MIR151A, MIR152, MIR153-1, MIR154, MIR155, MIR155HG, MIR15A, MIR15B, MIR16-1, MIR16-2, MIR17, MIR17HG, MIR181A1, MIR181A2, MIR181B1, MIR181B2, MIR181C, MIR181D, MIR182, MIR1827, MIR183, MIR184, MIR185, MIR186, MIR187, MIR188, MIR18A, MIR18B, MIR1908, MIR190A, MIR190B, MIR191, MIR1912, MIR192, MIR193A, MIR193B, MIR194-1, MIR194-2, MIR195, MIR196A1, MIR196A2, MIR196B, MIR197, MIR198, MIR199A1, MIR199A2, MIR199B, MIR19A, MIR19B1, MIR19B2, MIR200A, MIR200B, MIR200C, MIR202, MIR203A, MIR203B, MIR204, MIR205, MIR206, MIR208A, MIR208B, MIR20A, MIR20B, MIR21, MIR210, MIR211, MIR212, MIR214, MIR215, MIR216A, MIR216B, MIR217, MIR218-1, MIR218-2, MIR219A1, MIR219A2, MIR219B, MIR22, MIR221, MIR222, MIR223, MIR224, MIR2355, MIR23A, MIR23AHG, MIR23B, MIR24-1, MIR24-2, MIR25, MIR26A1, MIR26A2, MIR26B, MIR27A, MIR27B, MIR28, MIR296, MIR298, MIR299, MIR29A, MIR29B1, MIR29B2, MIR29B2CHG, MIR29C, MIR300, MIR301A, MIR301B, MIR302A, MIR302B, MIR302C, MIR302D, MIR302E, MIR3065, MIR3074, MIR30A, MIR30B, MIR30C1, MIR30C2, MIR30D, MIR30E, MIR31, MIR3120, MIR3142HG, MIR3148, MIR3173, MIR3179-2, MIR3180-2, MIR3180-3, MIR3180-4, MIR3180-5, MIR3184, MIR32, MIR320A, MIR320B1, MIR320B2, MIR320C1, MIR320C2, MIR320D1, MIR320D2, MIR320E, MIR323A, MIR323B, MIR324, MIR326, MIR328, MIR329-1, MIR329-2, MIR330, MIR331, MIR335, MIR337, MIR338, MIR339, MIR33A, MIR33B, MIR340, MIR342, MIR345, MIR346, MIR34A, MIR34AHG, MIR34B, MIR34BHG, MIR34C, MIR3529, MIR3591, MIR361, MIR3619, MIR362, MIR363, MIR365A, MIR3661, MIR367, MIR3677HG, MIR369, MIR370, MIR371A, MIR372, MIR373, MIR374A, MIR374B, MIR374C, MIR375, MIR376A2, MIR376B, MIR376C, MIR377, MIR378A, MIR379, MIR381, MIR382, MIR383, MIR384, MIR3909, MIR409, MIR410, MIR411, MIR412, MIR422A, MIR423, MIR424, MIR425, MIR4286, MIR429, MIR432, MIR433, MIR448, MIR449A, MIR449B, MIR449C, MIR4500, MIR450A1, MIR450A2, MIR450B, MIR4516, MIR451A, MIR451B, MIR452, MIR454, MIR455, MIR4632, MIR4686, MIR483, MIR484, MIR485, MIR486-1, MIR486-2, MIR487A, MIR487B, MIR488, MIR489, MIR490, MIR491, MIR492, MIR493, MIR494, MIR495, MIR496, MIR497, MIR498, MIR499A, MIR499B, MIR500A, MIR500B, MIR501, MIR502, MIR503, MIR504, MIR505, MIR506, MIR508, MIR509-1, MIR511, MIR514A1, MIR515-1, MIR516A1, MIR516A2, MIR516B1, MIR516B2, MIR517A, MIR517B, MIR517C, MIR518A1, MIR518A2, MIR518B, MIR518C, MIR518D, MIR518E, MIR518F, MIR519A1, MIR519A2, MIR519B, MIR519C, MIR519D, MIR519E, MIR520A, MIR520B, MIR520C, MIR520D, MIR520E, MIR520F, MIR520G, MIR520H, MIR521-1, MIR521-2, MIR522, MIR523, MIR524, MIR525, MIR526A1, MIR526A2, MIR526B, MIR527, MIR532, MIR539, MIR541, MIR542, MIR543, MIR544A, MIR548A3, MIR548AA2, MIR548AJ2, MIR548AZ, MIR548C, MIR548D1, MIR548D2, MIR548H2, MIR548H3, MIR548H4, MIR548M, MIR548P, MIR548X2, MIR549A, MIR550A1, MIR550A2, MIR550A3, MIR550B1, MIR550B2, MIR551A, MIR551B, MIR552, MIR553, MIR554, MIR556, MIR557, MIR558, MIR5588, MIR562, MIR563, MIR564, MIR567, MIR569, MIR572, MIR573, MIR574, MIR575, MIR576, MIR577, MIR578, MIR580, MIR581, MIR582, MIR583, MIR584, MIR586, MIR588, MIR589, MIR590, MIR592, MIR593, MIR595, MIR597, MIR599, MIR600, MIR601, MIR604, MIR605, MIR607, MIR608, MIR6086, MIR609, MIR611, MIR612, MIR613, MIR615, MIR616, MIR618, MIR621, MIR624, MIR625, MIR626, MIR628, MIR631, MIR632, MIR633, MIR636, MIR638, MIR639, MIR640, MIR642A, MIR642B, MIR643, MIR644A, MIR648, MIR649, MIR650, MIR651, MIR652, MIR653, MIR654, MIR655, MIR656, MIR657, MIR659, MIR660, MIR661, MIR662, MIR663A, MIR663B, MIR665, MIR668, MIR671, MIR675, MIR676, MIR6869, MIR7-1, MIR7-2, MIR7-3, MIR708, MIR711, MIR744, MIR758, MIR760, MIR761, MIR764, MIR765, MIR766, MIR767, MIR769, MIR770, MIR802, MIR873, MIR874, MIR875, MIR876, MIR877, MIR885, MIR887, MIR889, MIR891A, MIR891B, MIR892B, MIR9-1, MIR9-2, MIR9-2HG, MIR9-3, MIR920, MIR922, MIR924, MIR92A1, MIR92A2, MIR92B, MIR93, MIR934, MIR935, MIR936, MIR937, MIR938, MIR939, MIR940, MIR942, MIR944, MIR96, MIR98, MIR99A, MIR99B, MIRLET7A1, MIRLET7A2, MIRLET7A3, MIRLET7B, MIRLET7BHG, MIRLET7C, MIRLET7D, MIRLET7E, MIRLET7F1, MIRLET7F2, MIRLET7G, MIRLET7I, MITF, MKKS, MLH1, MLIP, MLST8, MLX, MLXIPL, MMP12, MMP3, MNT, MNX1, MORC1, MORC2, MORC3, MOSPD1, MOV10, MOV10L1, MPHOSPH8, MPV17L, MRPL13, MRTO4, MSC, MSH2, MSH3, MSH6, MSR1, MST1, MSX1, MSX2, MT3, MTA1, MTA2, MTA3, MTCL2, MTDH, MTERF3, MTM1, MTMR2, MTMR9, MTOR, MTPAP, MUC1, MUL1, MVP, MXD1, MXD3, MXD4, MXI1, MYADM, MYB, MYBBP1A, MYC, MYCN, MYCNOS, MYD88, MYF6, MYOCD, MYOZ1, MYOZ2, MYPOP, MYT1L, MZF1, N4BP1, N4BP2L2, NAB1, NAB2, NACC1, NACC2, NAF1, NANOG, NANOS1, NANOS2, NANOS3, NAT10, NAV3, NBAS, NBDY, NBN, NCBP1, NCBP2, NCBP3, NCK1, NCK2, NCKAP1L, NCL, NCOA2, NCOA5, NCOR1, NCOR2, NDFIP1, NDFIP2, NDN, NDRG2, NDUFA13, NEAT1, NEDD4, NEIL1, NELFA, NELFB, NELFCD, NELFE, NEUROG3, NF1, NF2, NFATC2, NFATC3, NFATC4, NFE2L3, NFIB, NFIC, NFIL3, NFIX, NFKB1, NFKBIL1, NFX1, NHLRC1, NHLRC3, NIBAN1, NIBAN2, NIF3L1, NIPBL, NKAP, NKRF, NKX2-1, NKX2-5, NKX3-1, NKX3-2, NKX6-1, NKX6-2, NKX6-3, NLRC3, NLRP12, NLRP2B, NLRP3, NLRP6, NLRP7, NLRX1, NMB, NMBR, NMI, NMNAT1, NMNAT2, NNT, NOC2L, NOCT, NOD2, NODAL, NOG, NOL3, NONO, NOP53, NORAD, NOS2, NOSTRIN, NOTCH1, NOTCH2, NOTCH3, NOTCH4, NPAS1, NPAT, NPC1, NPLOC4, NPM1, NPPA, NPPC, NPRL2, NPTN, NR0B1, NR0B2, NR1D1, NR1D2, NR1H2, NR1H3, NR1H4, NR1I2, NR1I3, NR2C1, NR2C2, NR2E1, NR2E3, NR2F1, NR2F2, NR2F6, NR3C1, NR4A2, NR4A3, NR6A1, NRARP, NRBP2, NRDE2, NRG1, NRIP1, NRIP2, NSD1, NSD2, NSMCE3, NSUN2, NT5C3B, NTF3, NTRK3, NTS, NUDT12, NUDT16, NUDT16L1, NUP155, NUPR1, NUPR2, OAS1, OAS3, OCLN, OGG1, OGT, OIP5-AS1, OLFM1, OLIG2, OLIG3, OPN3, OPRD1, ORC2, ORM1, ORMDL1, ORMDL2, ORMDL3, OSR1, OSR2, OTP, OTUB1, OTUB2, OTUD5, OTUD7B, OVOL1, OVOL2, PA2G4, PABPC1, PABPC4, PABPN1L, PAF1, PAGE4, PAIP1, PAIP2, PAIP2B, PAK2, PAN2, PAN3, PAQR3, PARD3, PARD6A, PARK7, PARN, PARP1, PARP10, PARP14, PARP15, PARP16, PARP3, PARP9, PARPBP, PASD1, PASK, PATL1, PATL2, PATZ1, PAWR, PAX2, PAX5, PAX6, PAX9, PBK, PBXIP1, PC, PCBP3, PCBP4, PCGF1, PCGF2, PCGF3, PCGF5, PCGF6, PCID2, PCIF1, PCNA, PDCD10, PDCD1LG2, PDCD4, PDE12, PDE2A, PDE4D, PDE8B, PDGFA, PDGFB, PDPK1, PDS5A, PDX1, PEG3, PELO, PER1, PER2, PER3, PEX14, PF4, PFDN5, PFKFB1, PGLYRP1, PGLYRP2, PGLYRP3, PGP, PGR, PHAX, PHB1, PHB2, PHC1, PHC2, PHC3, PHF12, PHF14, PHF19, PHF2, PHF21A, PHF23, PHF24, PHF6, PHF8, PIAS1, PIAS3, PIAS4, PIBF1, PICALM, PID1, PIF1, PIK3CA, PIK3CG, PINK1, PINX1, PIP5KL1, PITX1, PIWIL1, PIWIL2, PIWIL3, PIWIL4, PKIA, PKIB, PKIG, PKN1, PKP1, PKP3, PLA2G10, PLA2G3, PLAG1, PLAGL1, PLAT, PLAU, PLCB1, PLD6, PLEK, PLEKHN1, PLIN5, PLK1, PLK2, PLK3, PLPP3, PML, PNLDC1, PNPT1, PNRC1, PNRC2, POLDIP2, POLE3, POLQ, POLR2G, POMC, PON3, POT1, POU1F1, POU2F1, POU3F2, POU3F3, POU4F1, POU4F2, POU5F1, POU6F1, PPARA, PPARD, PPARG, PPARGC1B, PPEF2, PPHLN1, PPIA, PPID, PPIF, PPM1A, PPM1B, PPM1D, PPM1E, PPM1F, PPP1R11, PPP1R13L, PPP1R14D, PPP1R15A, PPP1R15B, PPP1R16B, PPP1R1B, PPP1R8, PPP2CA, PPP2CB, PPP2R1A, PPP2R5A, PPP2R5D, PPP3CA, PPP4R4, PRAME, PRAMEF1, PRAMEF10, PRAMEF11, PRAMEF12, PRAMEF13, PRAMEF14, PRAMEF15, PRAMEF17, PRAMEF18, PRAMEF19, PRAMEF2, PRAMEF20, PRAMEF22, PRAMEF25, PRAMEF27, PRAMEF33, PRAMEF4, PRAMEF5, PRAMEF6, PRAMEF7, PRAMEF8, PRAMEF9, PRDM1, PRDM11, PRDM12, PRDM13, PRDM14, PRDM16, PRDM2, PRDM5, PRDM6, PRDM8, PRDX3, PRDX5, PRG2, PRG3, PRICKLE1, PRKAA1, PRKAA2, PRKACA, PRKAG2, PRKAR1A, PRKAR1B, PRKAR2A, PRKAR2B, PRKCA, PRKCD, PRKCZ, PRKDC, PRKG1, PRKN, PRKRA, PRKRIP1, PRMT2, PRMT3, PRMT5, PRMT6, PRNP, PROP1, PROX1, PRR5L, PRRX1, PSEN1, PSG9, PSMC5, PSMD10, PSPC1, PTBP1, PTBP2, PTBP3, PTCH1, PTEN, PTGER4, PTGIS, PTH, PTK6, PTPA, PTPN1, PTPN11, PTPN13, PTPN2, PTPN22, PTPN3, PTPN6, PTPRB, PTPRC, PTPRJ, PTPRK, PTPRO, PTPRQ, PTPRS, PTPRT, PTRH2, PUM1, PUM2, PURA, PURB, PUS10, PUS7, PWP1, PYCARD, PYDC1, PYDC2, PYM1, QARS1, QKI, QSOX1, RABGEF1, RAC1, RACK1, RAD17, RAD21, RAD50, RADX, RALY, RAN, RAPGEF2, RARA, RARB, RARG, RASD1, RASIP1, RASSF2, RB1, RBAK, RBBP4, RBBP7, RBBP8, RBFOX2, RBL1, RBL2, RBM10, RBM15, RBM15B, RBM20, RBM24, RBM33, RBM4, RBM42, RBM46, RBM47, RBM8A, RBMS3, RBMX, RBPJ, RBX1, RC3H1, RC3H2, RCOR1, RCOR2, RCOR3, RD3, RECQL5, REL, RELA, RELB, RERE, RESF1, REST, RFC1, RFX3, RFX5, RGCC, RGN, RGS14, RGS2, RHOA, RIDA, RIF1, RING1, RIOX1, RIOX2, RIPK1, RIPPLY1, RIPPLY2, RIPPLY3, RITA1, RLIM, RMI2, RN7SK, RNA45SN1, RNA45SN2, RNA45SN3, RNA45SN4, RNA45SN5, RNASEH2B, RNASEL, RNF125, RNF128, RNF139, RNF168, RNF169, RNF2, RNF216, RNF41, RNF5, RNF8, RNH1, RNPS1, ROBO1, ROCK1, ROCK2, RORB, RORC, RPL10, RPL13A, RPL23, RPS13, RPS14, RPS26, RPS3, RPS6KA4, RPS6KA5, RPTOR, RRAGA, RRAGB, RRAGC, RRAGD, RREB1, RRP8, RSF1, RTEL1, RTF1, RTRAF, RUBCN, RUNX1, RUNX1T1, RUNX2, RUNX3, RUVBL2, RXRA, RYBP, S100A11, SALL1, SALL4, SAMD1, SAMD11, SAMD4A, SAMD4B, SAMD7, SAMSN1, SAP130, SAP18, SAP30, SAP30L, SARNP, SARS1, SATB1, SATB2, SBNO2, SCAF4, SCAF8, SCAI, SCFD1, SCGB1A1, SCMH1, SCML1, SCML2, SCML4, SCRT1, SCRT2, SCX, SDCBP, SDR16C5, SEC22B, SECISBP2, SELENOS, SEMA4D, SENP1, SENP3, SEPTIN14P20, SERBP1, SERPINA12, SERPINB1, SERPINB3, SERPINE1, SERPINE2, SERPINF1, SERPINF2, SESN2, SET, SETD5, SETDB1, SETDB2, SF1, SFMBT1, SFMBT2, SFN, SFPQ, SFRP1, SFRP2, SFSWAP, SFTPD, SGF29, SH3GL2, SHC1, SHFL, SHH, SHLD1, SHLD2, SHLD3, SHMT1, SHMT2, SHOX2, SHQ1, SIAH2, SIGIRR, SIGLEC1, SIK1, SIM2, SIN3A, SIN3B, SINHCAF, SIRPA, SIRT1, SIRT2, SIRT3, SIRT4, SIRT5, SIRT6, SIRT7, SIX1, SIX3, SIX4, SIX5, SKI, SKIC2, SKIC3, SKIC8, SKIL, SKOR1, SKOR2, SLA2, SLAMF1, SLC11A1, SLC18A2, SLC22A13, SLC24A3, SLC24A5, SLC27A1, SLC2A10, SLC35C2, SLC4A1, SLC7A5, SLC8A1, SLC8A3, SLFN11, SLFN14, SLIRP, SLIT2, SLIT3, SLX1A, SLX1B, SLX4, SMAD1, SMAD2, SMAD3, SMAD4, SMAD5, SMAD5-AS1, SMAD7, SMARCA2, SMARCA4, SMARCA5, SMARCC2, SMARCE1, SMCHD1, SMCR8, SMG1, SMG5, SMG6, SMG7, SMG8, SMG9, SMO, SMPD1, SMPD3, SMTNL1, SMURF2, SMYD1, SMYD2, SMYD5, SNAI1, SNAI2, SNAI3, SNCA, SND1, SNIP1, SNRNP70, SNW1, SNX12, SNX6, SOCS1, SOCS3, SOCS4, SOCS5, SORBS3, SORL1, SOX1, SOX10, SOX11, SOX12, SOX13, SOX14, SOX15, SOX18, SOX2, SOX21, SOX3, SOX30, SOX4, SOX6, SOX7, SOX8, SOX9, SP100, SP2, SP3, SP5, SPACA6-AS1, SPAG9, SPDEF, SPEN, SPHK1, SPI1, SPINDOC, SPINK1, SPINK5, SPINK7, SPOCD1, SPOUT1, SPRED1, SPRED2, SPRY1, SPRY2, SPRY3, SPRY4, SPTY2D1, SQSTM1, SRC, SRCIN1, SREBF1, SREBF2, SRF, SRGN, SRP9, SRRT, SRSF10, SRSF12, SRSF2, SRSF3, SRSF4, SRSF6, SRSF7, SRSF9, SRY, SSB, SSC5D, SSX1, STAP1, STAT1, STAT3, STAT6, STAU1, STC2, STK38, STK38L, STN1, STOX1, STRAP, STRN3, STYXL1, SUB1, SUDS3, SUFU, SUMO1, SUMO4, SUPT4H1, SUPT5H, SUPV3L1, SUV39H1, SUV39H2, SUZ12, SWAP70, SYNCRIP, SYT11, TAB2, TAB3, TADA3, TAF1, TAF15, TAF3, TAF7, TAF9B, TAGLN3, TAL1, TARBP2, TARDBP, TASOR, TASOR2, TBC1D14, TBK1, TBL1X, TBL1XR1, TBL1Y, TBR1, TBRG4, TBX15, TBX18, TBX2, TBX20, TBX21, TBX22, TBX3, TBX6, TBXT, TCEAL7, TCERG1, TCF21, TCF23, TCF25, TCF3, TCF7, TCF7L2, TCFL5, TCP10L, TDG, TDP2, TDRD1, TDRD12, TDRD5, TDRD6, TDRD7, TDRD9, TDRKH, TEN1, TENM2, TENT2, TENT4A, TENT4B, TENT5A, TENT5B, TENT5C, TENT5D, TERC, TERF1, TERF2, TERF2IP, TERT, TESK1, TET1, TEX15, TFAP2A, TFAP2B, TFAP2C, TFAP4, TFCP2L1, TFDP2, TFEC, TFIP11, TGFB1, TGFB2, TGFB3, TGIF1, TGIF2, TGIF2LX, TGIF2LY, THAP1, THAP11, THAP5, THAP7, THBS1, THRA, THRAP3, THRB, THY1, TIA1, TIAL1, TIGAR, TIGIT, TIMELESS, TIMP1, TIMP2, TIMP3, TIMP4, TINF2, TIPARP, TIPIN, TIPRL, TIRAP, TLE1, TLE2, TLE3, TLE4, TLE5, TLE6, TLE7, TLK2, TLR4, TLR6, TLR8, TMBIM6, TMED2, TMEFF2, TMEM39A, TMEM98, TMF1, TMPRSS6, TMX1, TNF, TNFAIP3, TNFRSF21, TNFRSF4, TNFSF11, TNFSF4, TNKS, TNKS1BP1, TNKS2, TNP1, TNRC6A, TNRC6B, TNRC6C, TOB1, TOB2, TP53, TP53BP1, TP53INP1, TP63, TPR, TRAF2, TRAF3IP1, TRAF3IP2, TRAF5, TRAF6, TRAIP, TRAP1, TRDMT1, TREM2, TRERF1, TRIB1, TRIB2, TRIB3, TRIM11, TRIM2, TRIM22, TRIM24, TRIM27, TRIM28, TRIM29, TRIM3, TRIM33, TRIM37, TRIM6, TRIM71, TRIP12, TRO, TRPS1, TRPV1, TRPV4, TRUB1, TSC1, TSC2, TSC22D4, TSG101, TSHZ3, TSKU, TSN, TSNAX, TSPO, TSPYL2, TTBK1, TTC36, TTC5, TTF1, TUSC2, TUSC8, TUT4, TUT7, TWIST1, TWIST2, TWSG1, TXN, TXNIP, TYMS, TYROBP, U2AF2, UBASH3B, UBE2D1, UBE2D3, UBE2I, UBQLN4, UBR2, UBR4, UBR5, UCHL1, UCN, UFD1, UGT1A8, UHRF1, UIMC1, UNK, UPF1, UPF2, UPF3A, UPF3B, UPK3B, URI1, USP17L2, USP2, USP3, USP30, USP36, USP47, USP7, USP9X, UXT, VAX1, VAX2, VDAC1, VDR, VEGFA, VGLL4, VHL, VIM, VIP, VPS25, VPS35, VPS72, VSIG4, VSIR, VSX2, WAPL, WARS1, WASHC1, WDR5, WDR6, WDR82, WDTC1, WFS1, WNK1, WNT1, WNT10B, WNT11, WNT4, WNT5A, WT1, WTIP, WWC1, WWC2, WWC3, WWP1, WWP2, WWTR1, XAF1, XCL1, XDH, XIAP, XIST, XPO5, XRCC1, XRCC5, XRCC6, XRN1, XRN2, YAF2, YAP1, YBX1, YBX3, YEATS2, YTHDC1, YTHDF1, YTHDF2, YTHDF3, YWHAB, YWHAE, YWHAG, YWHAQ, YWHAZ, YY1, ZAR1, ZAR1L, ZBED2, ZBED3, ZBED6, ZBTB1, ZBTB10, ZBTB12, ZBTB14, ZBTB16, ZBTB17, ZBTB18, ZBTB2, ZBTB20, ZBTB21, ZBTB25, ZBTB26, ZBTB32, ZBTB33, ZBTB34, ZBTB37, ZBTB38, ZBTB39, ZBTB4, ZBTB42, ZBTB45, ZBTB46, ZBTB49, ZBTB5, ZBTB6, ZBTB7A, ZBTB7B, ZBTB8A, ZC3H10, ZC3H12A, ZC3H12D, ZC3H14, ZC3H4, ZC3H6, ZC3H7A, ZC3H7B, ZC3H8, ZC3HAV1, ZCCHC17, ZCCHC7, ZEB1, ZEB2, ZFAT-AS1, ZFHX3, ZFP36, ZFP36L1, ZFP36L2, ZFPM1, ZFPM2, ZFTA, ZFYVE28, ZGLP1, ZGPAT, ZHX1, ZHX2, ZHX3, ZIC2, ZKSCAN3, ZMPSTE24, ZMYM2, ZMYM5, ZMYND11, ZMYND15, ZMYND8, ZNF12, ZNF131, ZNF133, ZNF134, ZNF136, ZNF140, ZNF141, ZNF148, ZNF174, ZNF175, ZNF202, ZNF205, ZNF217, ZNF219, ZNF224, ZNF239, ZNF24, ZNF253, ZNF254, ZNF256, ZNF263, ZNF268, ZNF274, ZNF281, ZNF282, ZNF296, ZNF304, ZNF318, ZNF345, ZNF350, ZNF354B, ZNF354C, ZNF366, ZNF410, ZNF418, ZNF423, ZNF425, ZNF431, ZNF445, ZNF451, ZNF469, ZNF488, ZNF503, ZNF512B, ZNF536, ZNF540, ZNF541, ZNF568, ZNF572, ZNF589, ZNF598, ZNF608, ZNF639, ZNF653, ZNF658, ZNF668, ZNF675, ZNF692, ZNF703, ZNF706, ZNF746, ZNF750, ZNF777, ZNF8, ZNF827, ZNF85, ZNF91, ZNF93, ZNFX1, ZP3, ZPBP2, ZRANB3, ZSCAN10, ZSCAN4, ZSWIM8
GO:0009132	nucleoside diphosphate metabolic process	127	3	0.44	0.00998	0.01579113924050633	ACTN3, ADPGK, AK1, AK2, AK3, AK4, AK5, ALDOA, ALDOB, ALDOC, APP, ARL2, BAD, BPGM, CAD, CARD11, CASK, CBFA2T3, CMPK1, CMPK2, COL6A1, DDIT4, DHODH, DHTKD1, DLG1, DLG2, DTYMK, EIF6, ENO1, ENO2, ENO3, ENO4, ENTPD1, ENTPD2, ENTPD3, ENTPD4, ENTPD5, ENTPD6, ENTPD7, ENTPD8, EP300, FBP1, FKRP, FLCN, FOXK1, FOXK2, GALK1, GAPDH, GAPDHS, GCK, GIT1, GPD1, GPI, GUK1, HDAC4, HIF1A, HK1, HK2, HK3, HKDC1, HTR2A, IER3, IFNG, IGF1, INS, INSR, JMJD8, KAT2B, LDHA, LIPA, LRGUK, MAGI3, MLST8, MLXIPL, MPP1, MTOR, NCOR1, NT5E, NUDT18, NUDT5, NUDT7, NUDT9, NUPR1, OGDH, OGDHL, OGT, P2RX7, PFKFB1, PFKFB2, PFKL, PFKM, PFKP, PGAM1, PGAM2, PGAM4, PGK1, PGK2, PGM1, PKLR, PKM, PPARA, PPP2CA, PRKAA1, PRKAA2, PRKACA, PRKAG1, PRKAG2, PRKAG3, PRXL2C, PSEN1, RPTOR, RRM1, RRM2, RRM2B, SIRT6, SLC2A6, SLC4A1, SLC4A4, STAT3, TIGAR, TJP2, TPI1, TREX1, UCP2, UMPS, ZBTB20, ZBTB7A
GO:0030282	bone mineralization	127	3	0.44	0.00998	0.01579113924050633	ACTN3, ACVR1, ACVR2A, ACVR2B, ADGRV1, ADRB2, AHSG, ALOX15, ALOX5, ALPL, ANKH, ANO6, ASPN, ATF4, ATP2B1, ATRAID, AXIN2, BCOR, BGLAP, BMP2, BMP2K, BMP4, BMP6, BMP7, BMPR1A, BMPR1B, BMPR2, CCDC154, CCL3, CCN1, CCR1, CER1, CLEC3B, COL1A2, COL6A1, COMP, CYP27B1, DDR2, ECM1, EIF2AK3, ENPP1, ERCC2, FAM20C, FBN2, FBXL15, FGF23, FGFR2, FGFR3, FGR, FKRP, FOSL2, FZD9, GATA1, GJA1, GPC3, GPM6B, GREM1, HIF1A, IBSP, IFITM5, IFT80, IGF1, ISG15, KL, KLF10, LEP, LGR4, LOX, LTBP3, LTF, MATN1, MEF2C, MGP, MINPP1, MIR208A, MMP13, NBR1, NELL1, NOTUM, OSR1, OSR2, P2RX7, PHEX, PHOSPHO1, PKDCC, PRICKLE1, PTGS2, PTH, PTH1R, PTHLH, PTK2B, PTN, RFLNA, RFLNB, ROR2, RSPO2, RUNX2, RXRA, RXRB, S1PR1, SBDS, SBNO2, SGMS2, SLC20A2, SLC24A3, SLC8A1, SMAD3, SMPD3, SNX10, SOX9, SRGN, STATH, TENT5A, TFAP2A, TMEM119, TMEM38B, TRPM4, TUFT1, TWIST1, TXLNG, VDR, WNT10B, WNT11, WNT4, ZBTB40, ZMPSTE24, ZNF664-RFLNA
GO:0046683	response to organophosphorus	128	3	0.45	0.01020	0.01583841463414634	AANAT, ABCC9, ADIPOQ, AHR, AKAP6, AKAP9, AKR1C1, AQP1, AQP8, AQP9, AREG, ASS1, BCKDHB, BIRC2, BRAF, BSG, CARM1, CDO1, CFTR, CIB2, CITED1, CNGA3, COL1A1, CPS1, CRHBP, CRLS1, CYP1B1, DGKQ, DMTN, DNTT, DUOX1, DUOX2, EEF2K, ENPP1, ERRFI1, EZR, FBP1, FDX1, FOS, FOSB, FOSL1, GATA1, GATA6, GPD1, GUCD1, HCN1, HCN2, HCN4, HMGCS2, HSP90B1, IGFBP5, IL1B, INHBB, INPP5K, ITPR2, KCNE1, KCNJ11, KCNJ8, KCNQ1, KDM1A, LPAR1, NDUFS4, NPR2, NT5E, P2RX1, P2RX2, P2RX3, P2RX4, P2RX5, P2RX6, P2RX7, P2RY1, P2RY11, P2RY12, P2RY2, P2RY4, P2RY6, PANX1, PCK1, PDE2A, PDE3A, PDXP, PENK, PER1, PFKFB1, PIK3CG, PKD2, PKLR, PNPT1, PTAFR, PTGS2, PTK2B, RAP1A, RAP1B, RAP1BL, RAPGEF1, RAPGEF2, RAPGEF3, RELA, REN, RFC3, RYR3, SDC1, SLC26A3, SLC26A6, SLC5A5, SLC6A3, SLC6A4, SRD5A1, SREBF1, SSH1, STAT1, STC1, TAF1, TEK, THBD, TLR7, TOP2B, TRIM16, TRPC3, TRPM4, TRPV1, TYMS, TYR, VGF, WNT10B, WT1, ZFP36L1
GO:0048706	embryonic skeletal system development	128	3	0.45	0.01020	0.01583841463414634	ACVR2A, ALX1, ALX3, ALX4, BMI1, BMP4, BMP7, CDK20, CHST11, COL11A1, COL1A1, COL2A1, CTNNB1, DEAF1, DLG1, DLX1, DLX2, DMRT2, DSCAML1, DYNC2I1, EDNRA, EIF4A3, EXT1, EYA1, FGF8, FGF9, FGFR2, FLVCR1, FOXC2, FUZ, GLI3, GRHL2, GSC, HAND2, HOXA1, HOXA11, HOXA2, HOXA3, HOXA4, HOXA5, HOXA6, HOXA7, HOXA9, HOXB1, HOXB2, HOXB3, HOXB4, HOXB5, HOXB6, HOXB7, HOXB8, HOXB9, HOXC11, HOXC4, HOXC5, HOXC6, HOXC9, HOXD1, HOXD10, HOXD3, HOXD4, HOXD9, HYAL1, IFT140, IHH, IRX5, KIAA1217, LHX1, MBTD1, MDFI, MED12, MEGF8, MKS1, MMP14, MMP16, MTHFD1, MTHFD1L, MYF5, NDST1, NIPBL, NKX3-2, NODAL, NOG, OSR1, OSR2, PAX5, PBX1, PCGF2, PCSK5, PDGFRA, PRRX1, RBP4, RDH10, RUNX2, SATB2, SCX, SETD2, SHH, SHOX2, SIX1, SIX2, SIX4, SLC2A10, SLC39A1, SLC39A3, SMAD2, SMAD3, SOX11, SP3, SULF1, SULF2, TAPT1, TBX1, TBX15, TFAP2A, TGFB3, TGFBR1, TGFBR2, TULP3, TWIST1, UCMA, WDR19, WNT11, WNT5A, WNT9A, WNT9B, XYLT1, ZEB1
GO:0051172	negative regulation of nitrogen compound metabolic process	2266	15	7.92	0.01025	0.01583841463414634	A1CF, AASS, AATF, ABCA7, ABCE1, ABL1, ACD, ACMSD, ACOT8, ACP4, ACP5, ACTN3, ACTR6, ACTRT1, ACVR2B, ADAR, ADARB1, ADGRB1, ADIPOQ, ADNP, AEBP1, AEBP2, AGAP2, AGO1, AGO2, AGO3, AGO4, AGT, AHR, AHSG, AICDA, AIDA, AJUBA, AKIRIN2, AKT1, AKT1S1, ALAD, ALDOB, ALX1, ANG, ANGEL2, ANGPT1, ANKLE1, ANKRD1, ANKRD2, ANXA2, ANXA8, ANXA8L1, AP2A1, APBB1, APBB2, APC, APCS, APEX1, APOBEC1, APOBEC3A, APOBEC3B, APOBEC3C, APOBEC3D, APOBEC3F, APOBEC3G, APOBEC3H, APOC1, APOD, APOE, AQP1, AQP11, AR, ARID4A, ARID4B, ARID5A, ARID5B, ARK2N, ARL6IP1, ARPP19, ARRB1, ARRB2, ARX, ASCL1, ASCL2, ASCL3, ATCAY, ATF2, ATF3, ATF4, ATF5, ATF7IP, ATG14, ATG5, ATM, ATN1, ATOH8, ATP13A2, ATP2B4, ATP8B1, ATR, ATRAID, ATXN1, ATXN1L, AUNIP, AURKB, AVP, AXIN1, AXIN2, AZIN1, AZIN2, BACE2, BACH1, BACH2, BAG2, BAG4, BAG5, BAG6, BAHD1, BAK1, BANK1, BANP, BAP1, BARD1, BARX2, BASP1, BATF3, BAX, BAZ2A, BCDIN3D, BCKDK, BCL11A, BCL2L12, BCL3, BCL6, BCL6B, BCL7A, BCLAF1, BCOR, BCORL1, BDKRB1, BDKRB2, BEND3, BEND5, BEND6, BEX1, BEX2, BEX3, BEX4, BHLHE40, BHLHE41, BIN1, BIRC5, BLM, BMAL1, BMI1, BMP2, BMP4, BMP6, BMP7, BOD1, BOLL, BPTF, BRCA1, BRD7, BRMS1, BRMS1L, BTAF1, BTG2, BTRC, C1D, C1QBP, C8orf88, C9orf72, CAAP1, CACTIN, CADM1, CADM4, CALCA, CALM1, CALM2, CALM3, CALR, CAMK2N1, CAMK2N2, CAMLG, CAMSAP3, CAPN3, CAPRIN1, CAPRIN2, CARD16, CARD18, CARD8, CASP8AP2, CAST, CAV1, CAV3, CBFA2T2, CBFA2T3, CBFB, CBL, CBLB, CBLC, CBX1, CBX2, CBX3, CBX4, CBX5, CBX6, CBX7, CBX8, CBY1, CC2D1A, CC2D1B, CCAR1, CCAR2, CCDC85B, CCND1, CCND3, CCNE1, CD109, CD300A, CD36, CD38, CD44, CD84, CDA, CDC6, CDC73, CDK2, CDK5, CDK5R1, CDK5RAP1, CDK5RAP3, CDK6, CDKN1A, CDKN1B, CDKN1C, CDKN2A, CDKN2D, CDT1, CDX2, CDX4, CDY1, CDY1B, CDY2A, CDY2B, CDYL, CDYL2, CEACAM1, CEBPA, CEBPB, CEBPD, CELA1, CELF1, CELF4, CENPF, CEP43, CEP63, CEP85, CERS1, CGAS, CGGBP1, CHAC1, CHD3, CHD4, CHD5, CHD8, CHEK1, CHMP6, CHP1, CHRNA7, CIART, CIB1, CIC, CIITA, CIPC, CIR1, CIRBP, CITED1, CITED2, CLN3, CLN8, CLOCK, CLTC, CLU, CNBP, CNKSR3, CNOT1, CNOT10, CNOT2, CNOT7, CNOT9, COMMD7, COPS2, COPS9, CORO1C, CPB2, CPEB1, CPEB2, CPEB3, CPEB4, CR1, CRB2, CREB1, CREB3L1, CREBBP, CREBZF, CREG1, CREM, CRKL, CRTAP, CRY1, CRY2, CRYAB, CRYM, CSDE1, CSF2, CSN2, CSNK2A1, CSNK2A2, CST1, CST2, CST3, CST4, CST5, CST7, CSTA, CSTB, CTBP1, CTBP2, CTC1, CTCF, CTDSP1, CTDSP2, CTDSPL, CTNNB1, CTNNBIP1, CTR9, CTSA, CTSZ, CUL3, CUX1, CUX2, CXXC5, CYP51A1, CYREN, DAB2, DAB2IP, DACH1, DACT1, DAP, DAPK1, DAPK3, DAPL1, DAXX, DAZ1, DAZ2, DAZ3, DAZ4, DAZL, DBI, DBNDD1, DBNDD2, DCAF1, DCP2, DCUN1D3, DDIT3, DDIT4, DDRGK1, DDX20, DDX21, DDX3X, DDX5, DDX54, DDX6, DEAF1, DEDD, DEDD2, DEFB114, DEPDC1, DEPTOR, DFFA, DFFB, DGKQ, DHFR, DHFRP1, DHRS7B, DHX34, DHX36, DHX9, DICER1, DKC1, DKK1, DKK3, DLG1, DLL4, DLX1, DLX2, DLX4, DMAP1, DMBX1, DMD, DMRT1, DMTN, DNAJA1, DNAJA3, DNAJB1, DNAJB4, DNAJB6, DNAJC1, DNAJC10, DNAJC17, DNAJC2, DNAJC3, DND1, DNMT1, DNMT3A, DNMT3B, DNMT3L, DPEP1, DPF2, DPPA3, DR1, DRAP1, DRD2, DTNBP1, DTX3L, DUSP1, DUSP10, DUSP16, DUSP19, DUSP22, DUSP26, DUSP3, DUSP6, DUSP7, DVL1, DYNLL1, DYRK1A, E2F1, E2F6, E2F7, E2F8, E4F1, EAPP, ECM1, EDN1, EDNRB, EED, EFNA1, EGFR, EGR1, EHMT1, EHMT2, EID1, EID2, EID2B, EIF2AK1, EIF2AK2, EIF2AK3, EIF2AK4, EIF2S1, EIF3E, EIF3H, EIF4A3, EIF4E, EIF4E2, EIF4EBP1, EIF4EBP2, EIF4EBP3, EIF4ENIF1, EIF4G1, EIF6, ELANE, ELAVL1, ELAVL4, ELF3, ELK3, ELK4, EN1, ENC1, ENO1, ENPP1, ENPP7, ENSA, EOMES, EP300, EPC1, EPHA1, EPHA4, EPHB2, EPO, EPPIN, EPRS1, ERCC1, ERCC4, ERCC6, EREG, ERF, ERN2, ERRFI1, ESR1, ESR2, ESX1, ETS2, ETV3, ETV5, ETV6, ETV7, EXOSC10, EZH1, EZH2, EZR, F2, F8A1, F8A2, F8A3, FABP1, FABP4, FAM220A, FAM220BP, FANCB, FASLG, FBH1, FBLN1, FBP1, FBXO5, FBXW11, FCN3, FERD3L, FETUB, FEZF1, FEZF2, FGF9, FGFR1, FGFR2, FHIT, FHL2, FIS1, FKBP1A, FKBP1B, FKBP8, FLCN, FLNA, FLOT2, FLYWCH1, FMN2, FMR1, FNIP1, FNIP2, FOSB, FOXA1, FOXC1, FOXC2, FOXD1, FOXD3, FOXE1, FOXF1, FOXF2, FOXG1, FOXH1, FOXJ1, FOXK1, FOXK2, FOXL2, FOXM1, FOXN3, FOXO1, FOXO3, FOXP1, FOXP2, FOXP3, FOXP4, FOXQ1, FOXR1, FOXS1, FRK, FRY, FSCB, FST, FURIN, FUS, FXYD1, FYN, FZD1, G6PD, GABARAPL2, GABPA, GADD45A, GAPDH, GAS1, GAS6, GATA1, GATA2, GATA3, GATA4, GATA5, GATA6, GATAD2A, GATAD2B, GBA1, GCFC2, GCLC, GDF2, GDNF, GFI1, GFI1B, GGA3, GGNBP2, GIGYF2, GIPC1, GIT1, GLA, GLG1, GLI2, GLI3, GLIS1, GLIS2, GLIS3, GMNC, GMNN, GNAQ, GNL3L, GPD1L, GPRC5A, GPS2, GPX1, GRB7, GREM1, GRIN2A, GRIN2C, GSC, GSK3A, GSK3B, GSKIP, GSTP1, GTF2IRD1, GTPBP4, GZF1, GZMA, GZMB, H1-0, H1-1, H1-10, H1-2, H1-3, H1-4, H1-5, H1-6, H1-7, H1-8, H1-9P, HABP4, HAMP, HAND1, HAP1, HBEGF, HCFC1, HCFC2, HCLS1, HCRT, HDAC1, HDAC10, HDAC2, HDAC3, HDAC4, HDAC5, HDAC6, HDAC7, HDAC8, HDAC9, HDGF, HEG1, HELB, HELT, HES1, HES2, HES5, HES6, HES7, HESX1, HEXIM1, HEXIM2, HEY1, HEY2, HEYL, HFE, HGF, HHATL, HHEX, HIC1, HIC2, HIF1A, HIF1AN, HINFP, HINT2, HIPK2, HIPK3, HIRA, HIVEP1, HJV, HMBOX1, HMG20A, HMG20B, HMGA1, HMGA2, HMGB1, HMGB2, HMGCR, HMX1, HNF1B, HNF4A, HNRNPA0, HNRNPA1, HNRNPA2B1, HNRNPAB, HNRNPC, HNRNPD, HNRNPK, HNRNPL, HNRNPU, HOPX, HOXA2, HOXA7, HOXB-AS3, HOXB13, HOXB3, HOXB4, HOXB8, HOXC8, HOXD8, HOXD9, HRG, HSBP1, HSBP1L1, HSF1, HSF4, HSP90AB1, HSPA1A, HSPA1B, HSPA8, HSPB1, HYAL2, IAPP, IBTK, ID1, ID2, ID3, ID4, IER3, IFI16, IFI27, IFI6, IFNA2, IFNG, IFNL1, IFRD2, IGBP1, IGF1, IGF2, IGF2BP1, IGF2BP2, IGF2BP3, IGFBP3, IGFBP5, IKBKB, IKBKE, IKZF1, IKZF4, IKZF5, IL10, IL1B, IL1R2, IL2, IL33, IL4, IL6, ILF3, IMPACT, INCA1, ING1, ING2, ING4, INHBB, INPP5E, INPP5F, INPP5J, INPP5K, INS, INSM1, INSM2, IPO5, IPO7, IRAK3, IREB2, IRF1, IRF2, IRF2BP1, IRF2BP2, IRF2BPL, IRF3, IRF7, IRF8, IRX1, IRX2, IRX3, IRX4, ISG15, ISL1, ITGAM, ITGAV, ITGB1BP1, ITGB2, ITGB3, ITM2A, ITM2B, ITM2C, IVNS1ABP, JAK3, JARID2, JAZF1, JDP2, JPH2, JUN, JUND, KANK2, KAT14, KAT2A, KAT2B, KAT5, KAT6A, KAT6B, KAT8, KCNIP3, KCNK2, KCTD1, KDM1A, KDM1B, KDM2A, KDM2B, KDM4A, KDM5A, KDM5B, KDM5C, KDM8, KHDRBS1, KHSRP, KIRREL1, KIRREL2, KLF10, KLF11, KLF12, KLF15, KLF16, KLF2, KLF3, KLF4, KLF5, KLF7, KLF8, KLHL15, KLHL31, KLHL40, KMT5A, KNG1, L3MBTL1, L3MBTL2, L3MBTL3, L3MBTL4, LAMP3, LAMTOR5, LANCL2, LAPTM4B, LARP1, LARP1B, LARP4B, LARP7, LATS1, LATS2, LAX1, LBH, LCOR, LDB1, LDB2, LDLR, LEF1, LEFTY1, LEP, LGALS3, LGR4, LHX1, LHX9, LIG3, LILRB2, LILRB4, LIMD1, LIMK1, LIMS1, LIN28A, LIN28B, LIN37, LMCD1, LMO1, LMO4, LOXL2, LOXL3, LPCAT1, LRIG2, LRP1, LRP5, LRP6, LRPPRC, LRRFIP1, LRRK1, LRRK2, LSM14A, LTF, LYAR, LYN, MACROH2A1, MACROH2A2, MAD2L1, MAD2L2, MAEL, MAF, MAF1, MAFB, MAFF, MAFG, MAFK, MAGEA1, MAGEA10, MAGEA11, MAGEA12, MAGEA13P, MAGEA2, MAGEA2B, MAGEA3, MAGEA4, MAGEA6, MAGEA8, MAGEA9, MAGEA9B, MAGEB1, MAGEB10, MAGEB16, MAGEB17, MAGEB18, MAGEB2, MAGEB3, MAGEB4, MAGEB5, MAGEB6, MAGEB6B, MAGEC1, MAGEC2, MAGEC3, MAGED1, MAGED2, MAGED4, MAGED4B, MAGEE1, MAGEE2, MAGEF1, MAGEH1, MAGEL2, MALSU1, MAP1A, MAP2K5, MAP3K10, MAPK14, MAPK8IP1, MAPKAPK2, MAPT, MAPT-AS1, MARCHF6-DT, MARCHF7, MAS1, MASTL, MAX, MAZ, MBD1, MBD2, MBD3, MBD3L1, MBD3L2, MBD3L2B, MBD3L3, MBD3L4, MBD3L5, MBIP, MBTD1, MCIDAS, MCPH1, MDFI, MDFIC, MDM2, MDM4, MECOM, MECP2, MED1, MED25, MEF2A, MEF2C, MEIOC, MEIS2, MEN1, MEPCE, MESP1, METTL1, METTL13, METTL16, MFHAS1, MGAT3, MGAT4D, MGAT5, MICAL1, MIDEAS, MIER1, MIER2, MIER3, MIF, MINAR1, MIR1-1, MIR100, MIR101-1, MIR103A1, MIR106A, MIR106B, MIR107, MIR10B, MIR125A, MIR125B1, MIR126, MIR1271, MIR128-1, MIR132, MIR133B, MIR134, MIR135B, MIR137, MIR138-1, MIR144, MIR145, MIR146A, MIR147A, MIR148A, MIR148B, MIR152, MIR153-1, MIR15A, MIR15B, MIR16-1, MIR17, MIR181A2, MIR181B1, MIR181C, MIR181D, MIR182, MIR186, MIR199A1, MIR19B1, MIR200B, MIR200C, MIR204, MIR205, MIR208A, MIR20A, MIR21, MIR210, MIR212, MIR214, MIR218-1, MIR219A1, MIR221, MIR24-1, MIR26B, MIR27A, MIR27B, MIR28, MIR298, MIR299, MIR29A, MIR29B1, MIR29C, MIR31, MIR323A, MIR339, MIR345, MIR346, MIR34A, MIR361, MIR365A, MIR378A, MIR379, MIR448, MIR455, MIR483, MIR495, MIR499A, MIR503, MIR518B, MIR520B, MIR520C, MIR520E, MIR590, MIR6086, MIR644A, MIR659, MIR675, MIR711, MIR874, MIR877, MIR892B, MIR9-1, MIR92A1, MIR939, MIR96, MIR98, MIRLET7A1, MIRLET7B, MIRLET7I, MITF, MLH1, MLIP, MLX, MLXIPL, MMP12, MMP9, MNT, MNX1, MORC1, MORC2, MORC3, MOSPD1, MPHOSPH8, MRPL13, MSC, MSH2, MSH3, MSH6, MSX1, MSX2, MTA1, MTA2, MTA3, MTDH, MTERF3, MTM1, MUC1, MVP, MXD1, MXD3, MXD4, MXI1, MYADM, MYB, MYBBP1A, MYC, MYCBP2, MYD88, MYF6, MYOCD, MYOZ1, MYOZ2, MYPOP, MYT1L, MZF1, N4BP1, N4BP2L2, NAB1, NAB2, NACC1, NACC2, NAF1, NAIP, NANOG, NANOS1, NANOS2, NANOS3, NAT10, NBAS, NBN, NCK1, NCK2, NCKAP1L, NCL, NCOA2, NCOA5, NCOA7, NCOR1, NCOR2, NDFIP1, NDN, NDUFA13, NEDD4, NEIL1, NELFA, NELFB, NELFCD, NELFE, NELL1, NEUROG3, NF1, NF2, NFATC2, NFATC3, NFATC4, NFE2L3, NFIB, NFIC, NFIL3, NFIX, NFKB1, NFX1, NHLRC1, NHLRC3, NIBAN1, NIBAN2, NIF3L1, NIPBL, NKAP, NKRF, NKX2-1, NKX2-5, NKX3-1, NKX3-2, NKX6-1, NKX6-2, NKX6-3, NLRP12, NLRP2B, NLRP7, NMNAT1, NMNAT2, NNT, NOC2L, NOCT, NODAL, NOG, NOL3, NONO, NOP53, NOS2, NOSTRIN, NOTCH1, NOTCH2, NOTCH3, NOTCH4, NPAS1, NPAT, NPM1, NPPA, NPPC, NQO1, NR0B1, NR0B2, NR1D1, NR1D2, NR1H2, NR1H3, NR1H4, NR1I2, NR1I3, NR2C1, NR2C2, NR2E1, NR2E3, NR2F1, NR2F2, NR2F6, NR3C1, NR4A2, NR4A3, NR6A1, NRARP, NRDE2, NRG1, NRIP1, NRIP2, NSD1, NSD2, NSMCE3, NSUN2, NTF3, NTRK2, NTRK3, NUDT16, NUDT16L1, NUPR1, NUPR2, NXN, OCLN, OGG1, OGT, OLIG2, OLIG3, OPHN1, ORC2, ORMDL1, ORMDL2, ORMDL3, OSR1, OSR2, OTP, OTUB1, OTUB2, OTUD7B, OVOL1, OVOL2, OXR1, P3H1, PA2G4, PABPC1, PAF1, PAIP1, PAIP2, PAIP2B, PAK2, PANO1, PAQR3, PARD3, PARD6A, PARK7, PARN, PARP1, PARP10, PARP14, PARP15, PARP16, PARP3, PARP9, PARPBP, PASD1, PATL2, PATZ1, PAWR, PAX2, PAX5, PAX6, PAX9, PBK, PBXIP1, PCBP3, PCBP4, PCGF1, PCGF2, PCGF6, PCID2, PCIF1, PCNA, PDCD4, PDCL3, PDE2A, PDE4D, PDGFB, PDPK1, PDS5A, PDX1, PEG3, PER1, PER2, PER3, PEX14, PFDN1, PFDN2, PFDN4, PFDN5, PFDN6, PFKFB1, PHAX, PHB1, PHB2, PHC1, PHC2, PHC3, PHF12, PHF14, PHF19, PHF20L1, PHF21A, PHF24, PHF6, PIAS1, PIAS3, PIAS4, PIBF1, PICALM, PID1, PIF1, PIH1D1, PIN1, PINX1, PIP5KL1, PITX1, PKIA, PKIB, PKIG, PKN1, PKP1, PKP3, PLAA, PLAGL1, PLAT, PLAU, PLAUR, PLCB1, PLK1, PLK3, PLPP3, PML, POLE3, POLQ, POT1, POU1F1, POU2F1, POU3F3, POU4F1, POU4F2, POU5F1, POU6F1, PPARA, PPARD, PPARG, PPARGC1B, PPEF2, PPHLN1, PPIA, PPID, PPM1A, PPM1E, PPM1F, PPP1R13L, PPP1R14D, PPP1R15A, PPP1R15B, PPP1R16B, PPP1R1B, PPP1R8, PPP2CA, PPP2R1A, PPP2R5D, PPP4R4, PRAME, PRAMEF1, PRAMEF10, PRAMEF11, PRAMEF12, PRAMEF13, PRAMEF14, PRAMEF15, PRAMEF17, PRAMEF18, PRAMEF19, PRAMEF2, PRAMEF20, PRAMEF22, PRAMEF25, PRAMEF27, PRAMEF33, PRAMEF4, PRAMEF5, PRAMEF6, PRAMEF7, PRAMEF8, PRAMEF9, PRDM1, PRDM11, PRDM12, PRDM13, PRDM14, PRDM16, PRDM2, PRDM5, PRDM6, PRDM8, PRDX5, PRG3, PRICKLE1, PRKAA1, PRKAA2, PRKACA, PRKAG2, PRKAR1A, PRKAR1B, PRKAR2A, PRKAR2B, PRKCD, PRKCE, PRKCG, PRKCZ, PRKDC, PRKN, PRKRIP1, PRMT2, PRMT3, PRMT5, PRMT6, PRNP, PROP1, PROX1, PRR5L, PRRX1, PSEN1, PSMC5, PSMD10, PSME3IP1, PSMF1, PSPC1, PTBP1, PTBP2, PTBP3, PTCH1, PTEN, PTGIS, PTK6, PTPA, PTPN1, PTPN13, PTPN2, PTPN22, PTPN3, PTPN6, PTPRB, PTPRC, PTPRJ, PTPRK, PTPRO, PTPRQ, PTPRT, PTX3, PURA, PURB, PUS7, PWP1, PYCARD, PYDC1, QARS1, QKI, QRICH2, RABGEF1, RACK1, RAD17, RAD50, RADX, RAF1, RALY, RARA, RARB, RARG, RASD1, RASIP1, RASSF2, RB1, RBAK, RBBP4, RBBP7, RBBP8, RBFOX2, RBL1, RBM10, RBM20, RBM24, RBM4, RBM42, RBM46, RBM47, RBMX, RBPJ, RCOR1, RCOR2, RCOR3, RD3, RECK, RECQL5, RELA, RELB, RERE, RESF1, REST, RFC1, RFFL, RFX3, RFX5, RGN, RGP1, RGS14, RGS2, RIC1, RIDA, RIF1, RILP, RING1, RIOX1, RIOX2, RIPPLY1, RIPPLY2, RIPPLY3, RITA1, RLIM, RMI2, RN7SK, RNF139, RNF168, RNF169, RNF2, RNF34, RNF8, RNPS1, ROCK1, ROCK2, RORB, RORC, RPL10, RPL11, RPL13A, RPL23, RPL5, RPS13, RPS14, RPS26, RPS3, RPS6KA1, RPS6KA3, RPS6KA5, RPS7, RREB1, RRP8, RSF1, RTEL1, RTF1, RTN1, RTN2, RTN3, RTN4, RTRAF, RUNX1, RUNX1T1, RUNX2, RUNX3, RUVBL2, RXRA, RYBP, S100A11, SALL1, SALL4, SAMD1, SAMD11, SAMD4A, SAMD4B, SAMD7, SAMSN1, SAP130, SAP18, SAP30, SAP30L, SARNP, SARS1, SATB1, SATB2, SBNO2, SCAF4, SCAF8, SCAI, SCGB1A1, SCMH1, SCML1, SCML2, SCML4, SCRT1, SCRT2, SCX, SDCBP, SDR16C5, SECISBP2, SEMA4D, SENP2, SENP3, SEPTIN14P20, SERBP1, SERPINA1, SERPINA10, SERPINA11, SERPINA12, SERPINA2, SERPINA3, SERPINA4, SERPINA5, SERPINA6, SERPINA7, SERPINA9, SERPINB1, SERPINB10, SERPINB11, SERPINB12, SERPINB13, SERPINB2, SERPINB3, SERPINB4, SERPINB5, SERPINB6, SERPINB7, SERPINB8, SERPINB9, SERPIND1, SERPINE1, SERPINE2, SERPINE3, SERPINF1, SERPINF2, SERPING1, SERPINH1, SERPINI1, SERPINI2, SESN2, SET, SETD5, SETDB1, SETDB2, SF1, SF3B3, SFMBT1, SFMBT2, SFN, SFPQ, SFRP1, SFRP2, SFSWAP, SGF29, SGTA, SH3GL2, SH3RF1, SH3RF2, SHC1, SHFL, SHH, SHLD1, SHLD2, SHLD3, SHMT1, SHMT2, SHOX2, SHQ1, SIAH2, SIM2, SIN3A, SIN3B, SINHCAF, SIRPA, SIRT1, SIRT2, SIRT4, SIRT6, SIRT7, SIX1, SIX3, SIX4, SIX5, SKI, SKIL, SKOR1, SKOR2, SLA2, SLC11A1, SLC2A10, SLC4A1, SLC8A1, SLC8A3, SLFN11, SLIRP, SLIT2, SLX1A, SLX1B, SLX4, SMAD2, SMAD3, SMAD4, SMAD5, SMAD7, SMARCA2, SMARCA4, SMARCA5, SMARCC1, SMARCC2, SMARCE1, SMCHD1, SMCR8, SMG6, SMO, SMPD1, SMPD3, SMTNL1, SMURF2, SMYD1, SMYD2, SNAI1, SNAI2, SNAI3, SNCA, SNRNP70, SNTA1, SNW1, SNX12, SNX3, SNX6, SOCS1, SOCS3, SOCS4, SOCS5, SORBS3, SORL1, SOX1, SOX10, SOX11, SOX12, SOX13, SOX14, SOX15, SOX18, SOX2, SOX21, SOX3, SOX30, SOX4, SOX6, SOX7, SOX8, SOX9, SP100, SP2, SP3, SP5, SPAG9, SPDEF, SPEN, SPHK1, SPI1, SPINDOC, SPINK1, SPINK2, SPINK5, SPOCK1, SPOCK2, SPOCK3, SPON1, SPOPL, SPRED1, SPRED2, SPRY1, SPRY2, SPRY3, SPRY4, SQSTM1, SRC, SRCIN1, SREBF1, SREBF2, SRF, SRP9, SRSF10, SRSF12, SRSF2, SRSF4, SRSF6, SRSF7, SRSF9, SRY, SSX1, STAT1, STAT3, STAT6, STK38, STN1, STRAP, STRN3, STYX, STYXL1, SUB1, SUDS3, SUFU, SUMO1, SUMO4, SUPT4H1, SUPT5H, SUV39H1, SUV39H2, SUZ12, SVBP, SVIP, SWAP70, SYNCRIP, TADA3, TAF1, TAF15, TAF3, TAF7, TAF9, TAF9B, TAGLN3, TAL1, TARBP2, TARDBP, TASOR, TBC1D24, TBL1X, TBL1XR1, TBL1Y, TBR1, TBX15, TBX18, TBX2, TBX20, TBX21, TBX22, TBX3, TBX6, TBXT, TCEAL7, TCERG1, TCF21, TCF23, TCF25, TCF3, TCF7, TCF7L2, TCFL5, TCP10L, TDG, TDP2, TEN1, TENM2, TENT2, TENT4A, TENT4B, TENT5A, TENT5B, TENT5C, TENT5D, TERF1, TERF2, TERF2IP, TESK1, TET1, TFAP2A, TFAP2B, TFAP2C, TFAP4, TFCP2L1, TFDP2, TFEC, TFIP11, TGFB1, TGIF1, TGIF2, TGIF2LX, TGIF2LY, THAP1, THAP11, THAP5, THAP7, THBS1, THRA, THRAP3, THRB, THY1, TIA1, TIGAR, TIMELESS, TIMP1, TIMP2, TIMP3, TIMP4, TINF2, TIPIN, TIPRL, TIRAP, TLE1, TLE2, TLE3, TLE4, TLE5, TLE6, TLE7, TLK2, TM4SF20, TMBIM6, TMED2, TMEM132A, TMEM98, TMPRSS6, TNF, TNFAIP3, TNFRSF4, TNFSF11, TNFSF4, TNKS, TNKS2, TNP1, TNRC6A, TNRC6B, TNRC6C, TOB1, TOB2, TP53, TP53BP1, TP63, TPPP, TPR, TRAF2, TRAF3IP1, TRAF3IP2, TRAF5, TRAF6, TRDMT1, TREM2, TRERF1, TRIAP1, TRIB1, TRIB2, TRIB3, TRIM11, TRIM2, TRIM21, TRIM22, TRIM24, TRIM27, TRIM28, TRIM29, TRIM3, TRIM33, TRIM37, TRIM39, TRIM40, TRIM44, TRIM6, TRIM71, TRO, TRPS1, TRPV1, TRPV4, TSC1, TSC2, TSC22D4, TSG101, TSHZ3, TSPO, TSPYL2, TTC36, TTF1, TWIST1, TWIST2, TXN, TXNIP, TYMS, U2AF2, UBASH3B, UBE2B, UBE2D1, UBE2D3, UBE2I, UBQLN4, UBXN1, UBXN2A, UCHL1, UCHL5, UFL1, UHRF1, UIMC1, UNK, UPF3A, URI1, USP14, USP17L2, USP2, USP25, USP26, USP3, USP38, USP4, USP44, USP47, USP5, USP7, USP8, USP9X, UXT, VAX1, VAX2, VBP1, VDR, VEGFA, VGLL4, VHL, VIP, VPS25, VPS28, VPS35, VPS72, VSX2, VTN, WAC, WAPL, WARS1, WDR5, WDR82, WDTC1, WFS1, WNK1, WNT1, WNT10B, WNT11, WNT4, WNT5A, WT1, WTIP, WWC1, WWC2, WWC3, WWP1, WWP2, WWTR1, XCL1, XDH, XIAP, XRCC1, XRCC5, XRCC6, XRN1, YAF2, YAP1, YBX1, YBX3, YEATS2, YWHAB, YWHAE, YWHAG, YWHAQ, YWHAZ, YY1, ZAR1, ZAR1L, ZBED2, ZBED3, ZBED6, ZBTB1, ZBTB10, ZBTB12, ZBTB14, ZBTB16, ZBTB17, ZBTB18, ZBTB2, ZBTB20, ZBTB21, ZBTB25, ZBTB26, ZBTB32, ZBTB33, ZBTB34, ZBTB37, ZBTB38, ZBTB39, ZBTB4, ZBTB42, ZBTB45, ZBTB46, ZBTB49, ZBTB5, ZBTB6, ZBTB7A, ZBTB7B, ZBTB8A, ZC3H10, ZC3H12A, ZC3H14, ZC3H4, ZC3H6, ZC3H8, ZCCHC17, ZEB1, ZEB2, ZFHX3, ZFP36, ZFPM1, ZFPM2, ZFTA, ZFYVE28, ZGLP1, ZGPAT, ZHX1, ZHX2, ZHX3, ZIC2, ZKSCAN3, ZMPSTE24, ZMYM2, ZMYM5, ZMYND11, ZMYND15, ZMYND8, ZNF12, ZNF131, ZNF133, ZNF134, ZNF136, ZNF140, ZNF141, ZNF148, ZNF174, ZNF175, ZNF202, ZNF205, ZNF217, ZNF219, ZNF224, ZNF239, ZNF24, ZNF253, ZNF254, ZNF256, ZNF263, ZNF268, ZNF274, ZNF281, ZNF282, ZNF296, ZNF304, ZNF318, ZNF345, ZNF350, ZNF354B, ZNF354C, ZNF366, ZNF418, ZNF423, ZNF425, ZNF431, ZNF451, ZNF469, ZNF488, ZNF503, ZNF512B, ZNF536, ZNF540, ZNF541, ZNF568, ZNF572, ZNF589, ZNF598, ZNF608, ZNF639, ZNF653, ZNF658, ZNF668, ZNF675, ZNF692, ZNF703, ZNF706, ZNF746, ZNF750, ZNF777, ZNF8, ZNF827, ZNF85, ZNF91, ZNF93, ZP3, ZRANB3, ZSCAN10, ZSCAN4
GO:0021762	substantia nigra development	44	2	0.15	0.01035	0.01583841463414634	ACTB, ATP5PB, ATP5PF, BASP1, CALM1, CALM2, CALM3, CASP5, CCDC14, CDC42, CKB, CNP, COX6B1, DYNLL1, FGF2, FGF9, G6PD, GLUD1, GNB4, H2BC12L, HSPA5, INA, MAOB, MAPKAP1, MBP, NDRG2, NDUFS3, PADI2, PLP1, POTEE, RAD1, RHOA, S100A1, SEC16A, SIRT2, SUDS3, SYNGR3, SYPL2, TTBK1, YWHAE, YWHAH, YWHAQ, ZNF148, ZNF430
GO:0071526	semaphorin-plexin signaling pathway	44	2	0.15	0.01035	0.01583841463414634	ARHGDIA, ECE1, EDN1, EDNRA, ERBB2, FARP2, FLNA, GDNF, HAND2, KDR, MET, NCAM1, NRP1, NRP2, PLXNA2, PLXNA3, PLXNA4, PLXNB1, PLXNB2, PLXNB3, PLXND1, RAC1, RHOA, SEMA3A, SEMA3B, SEMA3C, SEMA3D, SEMA3E, SEMA3F, SEMA3G, SEMA4A, SEMA4B, SEMA4C, SEMA4D, SEMA4F, SEMA4G, SEMA5A, SEMA5B, SEMA6A, SEMA6B, SEMA6C, SEMA6D, SEMA7A, SH3BP1
GO:0065008	regulation of biological quality	2940	18	10.27	0.01039	0.01583841463414634	A1CF, AACS, AAK1, AANAT, AARS1, AARS2, AARSD1, ABAT, ABCA1, ABCA12, ABCA3, ABCA4, ABCA7, ABCB1, ABCB4, ABCB5, ABCB8, ABCC1, ABCC8, ABCC9, ABCD1, ABCG1, ABHD17A, ABHD17B, ABHD17C, ABHD6, ABI2, ABI3, ABITRAM, ABL1, ABL2, ABTB3, ACAA2, ACE, ACE2, ACKR2, ACKR3, ACKR4, ACP4, ACSL4, ACSM3, ACTA2, ACTB, ACTG1, ACTN2, ACVR1C, ACVR2B, ACVRL1, ADA, ADAM10, ADAMTS13, ADAMTS16, ADAMTS18, ADCY1, ADCY10, ADCY5, ADCY6, ADCY8, ADCYAP1, ADCYAP1R1, ADD1, ADD2, ADD3, ADGRB1, ADGRB3, ADGRL1, ADGRV1, ADH1A, ADH1B, ADH1C, ADH4, ADH5, ADH6, ADH7, ADIPOQ, ADM, ADM2, ADM5, ADNP, ADORA1, ADORA2A, ADORA2B, ADRA1A, ADRA1B, ADRA1D, ADRA2A, ADRA2B, ADRA2C, ADRB1, ADRB2, ADRB3, ADTRP, AFM, AFP, AGER, AGO2, AGR2, AGRN, AGT, AGTR1, AGTR2, AGTRAP, AHSP, AIMP1, AK3, AKAP11, AKAP12, AKAP5, AKAP6, AKAP9, AKR1B1, AKR1B10, AKR1B15, AKR1C1, AKR1C2, AKR1C3, AKR1C4, AKR1D1, AKT1, AKT1S1, AKT3, ALB, ALDH1A1, ALDH1A2, ALDH1A3, ALDH8A1, ALDOA, ALKBH5, ALKBH7, ALOX12, ALOX12B, ALOX15, ALOX5, ALS2, AMIGO1, AMIGO2, AMIGO3, ANAPC2, ANGEL2, ANGPT1, ANK2, ANK3, ANO1, ANO3, ANO4, ANO6, ANO7, ANO9, ANXA1, ANXA2, ANXA5, ANXA8, AP2A1, AP2A2, AP2B1, AP2M1, AP2S1, AP3B1, APEX1, APLN, APLNR, APOA1, APOA2, APOBEC1, APOE, APOH, APP, APTX, AQP1, AQP11, AQP2, AQP3, AQP4, AQP5, AQP6, AR, ARAP1, ARC, ARF1, ARF4, ARF6, ARFGEF1, ARHGAP11B, ARHGAP15, ARHGAP18, ARHGAP22, ARHGAP28, ARHGAP33, ARHGAP35, ARHGAP4, ARHGAP40, ARHGAP42, ARHGAP44, ARHGAP5, ARHGEF15, ARHGEF18, ARL6IP5, ARMCX5-GPRASP2, ARNT, ARPC2, ARPC3, ARPC5, ARPC5L, ARRB2, ARV1, ASAP1, ASDURF, ASIC1, ASIC2, ASMT, ASPH, ASXL1, ATAD1, ATF2, ATF4, ATF7IP, ATG14, ATG5, ATG9A, ATG9B, ATP10A, ATP10B, ATP10D, ATP11A, ATP11B, ATP11C, ATP13A2, ATP1A1, ATP1A2, ATP1A3, ATP1A4, ATP1B1, ATP1B2, ATP1B3, ATP2A2, ATP2B1, ATP2B4, ATP5F1B, ATP5IF1, ATP6AP1, ATP6AP2, ATP6V0A1, ATP6V0A2, ATP6V0A4, ATP6V0B, ATP6V0C, ATP6V0D1, ATP6V0D2, ATP6V0E1, ATP6V0E2, ATP6V1A, ATP6V1B1, ATP6V1B2, ATP6V1D, ATP6V1F, ATP6V1H, ATP7A, ATP7B, ATP8A1, ATP8A2, ATP8B1, ATP8B2, ATP8B3, ATP8B4, ATP9A, ATP9B, AURKA, AVIL, AVP, AVPR1A, AVPR1B, AVPR2, AWAT2, AXIN2, AXL, AZU1, B4GALT1, B4GALT5, BACE2, BAD, BAG1, BAG2, BAG3, BAG4, BAG5, BAG6, BAIAP2, BAIAP2L1, BAIAP2L2, BAIAP3, BAK1, BAMBI, BARHL2, BAX, BBS1, BBS2, BBS4, BCAP31, BCAT2, BCHE, BCL2, BCL2L1, BCL2L11, BCL2L2, BCO1, BCO2, BCR, BDKRB1, BDKRB2, BDNF, BEST2, BID, BIN1, BLK, BLOC1S1, BLOC1S2, BLOC1S3, BLOC1S4, BLOC1S6, BMAL1, BMP2, BMP5, BMP6, BMP8A, BMPR2, BNIP3, BNIP3L, BOK, BOLL, BORCS5, BORCS6, BORCS7, BORCS8, BPIFA1, BRAF, BRK1, BRS3, BRSK1, BRSK2, BRWD1, BRWD3, BTC, BTG2, BTK, BTRC, BVES, C10orf90, C15orf62, C1GALT1C1, C1QL1, C1QL2, C1QL3, C1QTNF1, C1QTNF12, C1QTNF3, C22orf39, C2CD2L, C2CD4A, C2CD4B, C3AR1, C4BPB, C5AR1, C5AR2, CA2, CA7, CACNA1A, CACNA1C, CACNA1D, CACNA1G, CACNA1H, CACNA1I, CACNA2D1, CACNB2, CACNB3, CACNB4, CACNG2, CACNG3, CACNG4, CACNG5, CACNG7, CACNG8, CAD, CALB1, CALB2, CALCA, CALCR, CALM1, CALM2, CALM3, CALR, CALY, CAMK1, CAMK2A, CAMK2B, CAMK2D, CAMK2G, CAMKV, CAMLG, CAPG, CAPN10, CAPN3, CAPRIN1, CAPRIN2, CAPZA1, CAPZA2, CAPZA3, CAPZB, CARHSP1, CARMIL1, CARMIL2, CARTPT, CASP3, CASQ2, CASR, CATSPER1, CAV1, CAV3, CBLN1, CBLN2, CBS, CCAR2, CCDC115, CCDC186, CCDC51, CCDC88C, CCKAR, CCKBR, CCL1, CCL11, CCL13, CCL2, CCL21, CCL24, CCL26, CCL28, CCL3, CCL5, CCL7, CCN3, CCN6, CCND1, CCNH, CCR1, CCR10, CCR2, CCR3, CCR4, CCR5, CCR6, CCR7, CCR8, CCR9, CCRL2, CCT2, CCT3, CCT4, CCT5, CCT6A, CCT7, CCT8, CD24, CD36, CD38, CD40, CD40LG, CD52, CD55, CD59, CD81, CD9, CDC20, CDC37, CDC37L1, CDC42, CDC42EP1, CDC42EP2, CDC42EP3, CDC42EP4, CDC42EP5, CDC42SE1, CDC42SE2, CDC73, CDH1, CDH2, CDH4, CDH5, CDH8, CDHR2, CDHR5, CDK16, CDK5, CDK5R1, CDK5RAP1, CDK7, CDKL3, CDKL5, CDKN2AIP, CDO1, CEACAM1, CEL, CELA2A, CELF1, CELF4, CELSR2, CEP63, CFAP20, CFAP410, CFAP45, CFDP1, CFL1, CFL2, CFTR, CGA, CHCHD10, CHD4, CHD7, CHEK2, CHFR, CHGA, CHMP2B, CHMP3, CHP1, CHRDL1, CHRFAM7A, CHRM1, CHRM3, CHRNA1, CHRNA10, CHRNA2, CHRNA3, CHRNA4, CHRNA5, CHRNA6, CHRNA7, CHRNA9, CHRNB1, CHRNB2, CHRNB3, CHRNB4, CHRND, CHRNE, CHRNG, CHST10, CHST8, CHST9, CIB2, CIRBP, CLCN1, CLCN2, CLCN3, CLCN6, CLDN19, CLDN3, CLDN5, CLIC1, CLIC4, CLN3, CLN5, CLN6, CLN8, CLNS1A, CLOCK, CLPTM1L, CLSTN1, CLSTN2, CLSTN3, CLTRN, CLU, CMA1, CMKLR1, CMTM6, CNGB1, CNOT1, CNOT10, CNOT11, CNOT2, CNOT3, CNOT4, CNOT6, CNOT6L, CNOT7, CNOT8, CNOT9, CNP, CNR1, CNR2, CNTN4, CNTNAP1, COA8, COCH, COG3, COG7, COL1A2, COL3A1, COL6A1, COLQ, COMP, COMT, COPA, CORIN, CORO1A, CORO2B, COTL1, COX2, CPA3, CPB2, CPE, CPEB3, CPLX1, CPLX2, CPLX3, CPN2, CPQ, CPS1, CPT1A, CPT1C, CRABP2, CRACD, CREB1, CREBBP, CREBL2, CREG1, CRH, CRHBP, CRHR1, CRHR2, CRIPT, CRK, CRP, CRTAP, CRTC1, CRY1, CRY2, CRYAA, CRYAB, CRYM, CSDC2, CSDE1, CSF1R, CSF3, CSN2, CSN3, CSNK2A1, CSRP1, CSRP3, CSTPP1, CTNNA2, CTNNA3, CTNNB1, CTNNBIP1, CTNND1, CTNS, CTSA, CTSB, CTSG, CTSH, CTSK, CTSL, CTSZ, CTTN, CTTNBP2, CUL3, CUX2, CX3CL1, CX3CR1, CXADR, CXCL12, CXCL13, CXCR1, CXCR2, CXCR3, CXCR4, CXCR5, CXCR6, CYB5R4, CYBA, CYFIP1, CYFIP2, CYP11A1, CYP11B1, CYP11B2, CYP17A1, CYP19A1, CYP1A1, CYP1A2, CYP1B1, CYP21A2, CYP26A1, CYP26B1, CYP26C1, CYP27B1, CYP27C1, CYP2C18, CYP2C8, CYP2C9, CYP2D6, CYP2S1, CYP2W1, CYP3A4, CYP3A5, CYP3A7, CYP46A1, CYP4A11, CYP4F11, CYP4F12, CYP4F2, CYRIA, CYRIB, CYSLTR1, DAAM2, DAB2, DAB2IP, DACT1, DAD1, DAG1, DAPK3, DAZ1, DAZ2, DAZ3, DAZ4, DAZAP2, DAZL, DBH, DBN1, DCANP1, DCC, DCN, DCP1A, DCP1B, DCP2, DCPS, DCTN1, DDAH1, DDB1, DDI1, DDI2, DDIAS, DDO, DDOST, DDR1, DDRGK1, DDX49, DEFA5, DEPTOR, DERL1, DGAT1, DGAT2, DGKA, DGKB, DGKD, DGKE, DGKG, DGKH, DGKI, DGKK, DGKQ, DGKZ, DHCR7, DHRS11, DHRS2, DHRS3, DHRS4, DHRS7, DHRS9, DHX36, DHX9, DIAPH1, DIO1, DIO2, DIO3, DIP2B, DIS3, DIS3L2, DISC1, DISP1, DKC1, DKK1, DKK3, DLC1, DLD, DLG1, DLG3, DLG4, DLG5, DLL1, DMD, DMPK, DMTN, DMXL1, DMXL2, DNAAF10, DNAAF2, DNAJC16, DNAJC2, DND1, DNLZ, DNM1, DNM2, DNM3, DNMBP, DOC2B, DOCK4, DOCK5, DPM2, DPM3, DPP4, DRAXIN, DRD1, DRD2, DRD3, DRD4, DRD5, DSC2, DSCAM, DSG1, DSG2, DSP, DSTN, DTD1, DTD2, DTNBP1, DUOX1, DUOX2, DUOXA1, DUOXA2, DVL1, DVL3, DXO, DYNLL1, DYNLT1, E2F1, E2F4, ECE1, ECE2, ECSIT, EDN1, EDN2, EDN3, EDNRA, EDNRB, EEF2K, EFNA1, EFNA5, EFNB2, EFNB3, EGFR, EGLN1, EGR1, EGR2, EHD3, EIF2AK4, EIF4A3, EIF4EBP2, EIF4ENIF1, EIF4G1, EIF4G2, EIPR1, ELAVL1, ELAVL4, ELN, EMILIN1, EMILIN2, EMP2, ENPEP, ENPP4, ENSA, ENTPD1, ENTPD2, ENY2, EP300, EPAS1, EPB41L3, EPB42, EPHA4, EPHA5, EPHA7, EPHB1, EPHB2, EPHB3, EPO, EPS15, EPS8, ERAP1, ERAP2, ERBB2, ERBB4, ERBIN, ERC1, ERC2, ERMN, ERO1B, ESAM, ESR1, EVL, EXOC3L1, EXOSC2, EXOSC3, EXOSC5, EXOSC7, EXOSC8, EXOSC9, EXT1, EXT2, EYA2, EZR, F10, F11, F11R, F12, F13A1, F13B, F2, F2R, F2RL1, F2RL2, F2RL3, F3, F5, F7, F8, F9, FAAH, FAM107A, FAM171A1, FAM3B, FAM3D, FAP, FARP1, FASLG, FASTK, FASTKD1, FASTKD2, FASTKD3, FASTKD5, FBLIM1, FBLN1, FBXL3, FBXO4, FBXO7, FBXW11, FBXW7, FCER1G, FCGR2B, FCHSD1, FCHSD2, FDX1, FER, FERMT2, FERMT3, FES, FFAR1, FFAR2, FFAR3, FFAR4, FGA, FGB, FGD1, FGD2, FGD3, FGD4, FGD5, FGD6, FGF10, FGF12, FGF13, FGF23, FGFBP3, FGFR1, FGG, FGL1, FGR, FHL1, FHOD3, FIBP, FIS1, FKBP1B, FLI1, FLII, FLNA, FLOT1, FLOT2, FLRT2, FLRT3, FMN1, FMNL1, FMNL2, FMNL3, FMR1, FN1, FOSL2, FOXA1, FOXA2, FOXB1, FOXC1, FOXC2, FOXD1, FOXE1, FOXL2, FOXO1, FPR1, FPR2, FPR3, FRMPD4, FRRS1L, FSHB, FSTL4, FTO, FUNDC2, FURIN, FUS, FXR1, FXR2, FXYD1, FYN, FZD1, FZD4, FZD6, FZD9, G6PC2, GAA, GABBR1, GABRA1, GABRA2, GABRA3, GABRA4, GABRA5, GABRA6, GABRB1, GABRB2, GABRB3, GABRD, GABRE, GABRG1, GABRG2, GABRG3, GABRP, GABRQ, GABRR1, GABRR2, GABRR3, GAL, GALP, GALR1, GALR2, GAPDH, GAS2, GAS2L2, GAS6, GATA1, GATA2, GATA3, GATC, GBA1, GBA2, GBA3, GCG, GCGR, GCH1, GCK, GCLC, GCLM, GCNT4, GDF9, GDI1, GDNF, GET1, GET4, GFAP, GFI1, GGA3, GGCX, GHR, GHRH, GHRHR, GHRL, GHSR, GIGYF2, GIP, GIPC1, GIPR, GJA1, GJA5, GJC1, GJD2, GJD3, GLMP, GLP1R, GLRA1, GLRA2, GLRA3, GLRB, GLRX, GLRX3, GLUD1, GNA11, GNA12, GNA13, GNA14, GNA15, GNAI2, GNAQ, GNAS, GNAT2, GNAZ, GNB3, GNG3, GNL3L, GNRHR, GOLGA4, GOLGA7, GP1BA, GP1BB, GP5, GP6, GP9, GPAT4, GPC4, GPC6, GPD1L, GPER1, GPHN, GPI, GPIHBP1, GPLD1, GPM6A, GPR119, GPR158, GPR27, GPR32, GPR32P1, GPR33, GPR35, GPR37L1, GPR4, GPR6, GPR68, GPR88, GPR89A, GPR89B, GPRASP3, GPX1, GRB2, GRIA1, GRIA2, GRIA3, GRIA4, GRID1, GRID2, GRID2IP, GRIK1, GRIK2, GRIK3, GRIK4, GRIK5, GRIN1, GRIN2A, GRIN2B, GRIN2C, GRIN2D, GRIN3A, GRIN3B, GRIP1, GRIP2, GRIPAP1, GRK2, GRM1, GRM2, GRM5, GRN, GRP, GSG1L, GSK3A, GSK3B, GSN, GTPBP4, GUCA1B, GUCY1A1, H1-5, H6PD, HACD3, HADH, HAPSTR2, HAS2, HAX1, HBB, HCAR2, HCFC1, HCK, HCLS1, HCN1, HCN2, HCN3, HCN4, HCRT, HDAC3, HDAC6, HDAC8, HEG1, HEXB, HEY2, HFE, HGFAC, HIF1A, HIP1, HIP1R, HK2, HLA-DRB1, HMGB1, HMGCR, HNF1A, HNF1B, HNF4A, HNRNPA0, HNRNPC, HNRNPD, HNRNPU, HOMER1, HOXB-AS3, HP1BP3, HPCA, HPN, HPS4, HPS5, HPS6, HPSE, HRAS, HRC, HRG, HRH1, HRH2, HRH4, HSD11B2, HSD17B1, HSD17B10, HSD17B11, HSD17B12, HSD17B2, HSD17B3, HSD17B4, HSD17B6, HSD17B7, HSD17B8, HSD3B1, HSD3B2, HSP90AA1, HSP90AA2P, HSP90AA4P, HSP90AB1, HSP90AB2P, HSP90AB3P, HSP90AB4P, HSPA1A, HSPA1B, HSPA8, HSPB1, HSPD1, HTR1A, HTR1B, HTR1D, HTR2A, HTR2B, HTR2C, HTR3A, HTR3B, HTR3C, HTR3D, HTR3E, HTR4, HTR7, HTT, HVCN1, HYAL2, HYPK, IARS1, IARS2, ICAM5, ID2, IDE, IER3, IFI30, IFI6, IFIT1, IFNG, IFRD1, IFT46, IGF1, IGF1R, IGF2BP1, IGF2BP2, IGF2BP3, IGSF11, IGSF9, IKBKE, IL10, IL10RA, IL11, IL1B, IL1RAP, IL1RAPL1, IL1RAPL2, IL1RN, IL2, IL4I1, IL6, IL6ST, IL7R, ILDR1, ILDR2, ILK, INHA, INHBA, INHBB, INPP5K, INS, INSC, INSYN1, INSYN2A, INSYN2B, IP6K2, IQGAP3, IQSEC2, IREB2, IRGM, IRS1, IRS2, ISL1, ISLR2, ISOC2, IST1, ITGA1, ITGA2, ITGA4, ITGA7, ITGA9, ITGAV, ITGB1, ITGB1BP1, ITGB2, ITGB3, ITPK1, ITPKA, ITPR1, ITPR3, IYD, JAGN1, JAK2, JAM3, JMJD1C, JPH1, JPH2, JPH3, JPH4, JUP, KANK1, KANK2, KANK3, KANK4, KAT2A, KAT2B, KCNA1, KCNA2, KCNA4, KCNA5, KCNAB2, KCNB1, KCNC1, KCNC2, KCND2, KCND3, KCNE1, KCNE2, KCNE3, KCNE4, KCNE5, KCNH1, KCNH2, KCNH3, KCNH4, KCNH5, KCNH6, KCNH7, KCNH8, KCNIP2, KCNJ10, KCNJ11, KCNJ2, KCNJ3, KCNJ5, KCNJ8, KCNJ9, KCNK1, KCNK10, KCNK12, KCNK13, KCNK15, KCNK16, KCNK17, KCNK18, KCNK2, KCNK3, KCNK4, KCNK5, KCNK6, KCNK7, KCNK9, KCNMA1, KCNMB1, KCNMB2, KCNMB3, KCNMB4, KCNN2, KCNN4, KCNQ1, KCNQ3, KCNQ5, KCTD7, KDM1A, KDM5B, KDM8, KDR, KEL, KHSRP, KIAA0319, KIF1A, KIF5B, KIRREL1, KISS1, KIT, KL, KLF2, KLF7, KLK1, KLK6, KLK8, KLKB1, KMT2A, KNG1, KRAS, KRT1, KXD1, L1CAM, LACRT, LAMP1, LAMP2, LAMTOR4, LAMTOR5, LAPTM4B, LAPTM5, LARGE1, LARP1, LARP1B, LARP4B, LARS1, LARS2, LATS1, LCK, LEP, LGI1, LGMN, LHB, LHCGR, LHFPL4, LIF, LILRB2, LIMA1, LIMD1, LIMK1, LIN28B, LINGO2, LINGO4, LIPA, LIPE, LMAN1, LMNA, LMOD1, LMOD2, LMOD3, LNPEP, LNPK, LOC102724560, LPAR1, LPAR2, LPAR3, LRAT, LRFN1, LRFN2, LRFN3, LRFN4, LRFN5, LRP4, LRP5, LRP6, LRP8, LRRC24, LRRC4B, LRRC7, LRRC8A, LRRC8E, LRRK2, LRRN1, LRRN3, LRRTM1, LRRTM2, LRRTM3, LRTM2, LSM1, LSS, LST1, LTBP4, LYN, LZTS1, LZTS3, MACF1, MAFA, MAG, MANF, MAP1A, MAP1B, MAP2, MAP3K13, MAP3K7, MAPK1, MAPK14, MAPK8IP2, MAPK8IP3, MAPKAPK2, MAPT, MARCHF7, MARK2, MBOAT4, MC3R, MC4R, MCHR1, MCM8, MCTP1, MCU, MDGA1, MDM2, MDM4, MECP2, MED1, MEF2C, MEGF8, MEGF9, MEIOC, MEP1A, MERTK, METAP1, METTL1, METTL14, METTL16, METTL3, MEX3D, MFN1, MFSD1, MFSD2A, MFSD2B, MIDN, MIR1-1, MIR100, MIR101-1, MIR103B1, MIR106A, MIR106B, MIR125A, MIR125B1, MIR128-1, MIR130A, MIR130B, MIR133A1, MIR135B, MIR137, MIR140, MIR142, MIR145, MIR146A, MIR149, MIR151A, MIR153-1, MIR16-1, MIR17, MIR181A2, MIR181B1, MIR181C, MIR181D, MIR185, MIR18A, MIR190B, MIR191, MIR192, MIR193A, MIR195, MIR199A1, MIR199B, MIR19A, MIR19B1, MIR200B, MIR200C, MIR203A, MIR204, MIR206, MIR208A, MIR20A, MIR20B, MIR21, MIR210, MIR211, MIR212, MIR214, MIR223, MIR23A, MIR24-1, MIR26A1, MIR26B, MIR27A, MIR27B, MIR29A, MIR29B1, MIR29C, MIR302A, MIR302C, MIR30B, MIR30D, MIR320A, MIR320B1, MIR320B2, MIR320C1, MIR320C2, MIR320D1, MIR320D2, MIR320E, MIR324, MIR326, MIR328, MIR329-1, MIR337, MIR340, MIR342, MIR34B, MIR365A, MIR373, MIR409, MIR421, MIR423, MIR424, MIR4286, MIR431, MIR433, MIR483, MIR485, MIR486-1, MIR491, MIR495, MIR497, MIR501, MIR517A, MIR517C, MIR519A1, MIR519D, MIR520C, MIR541, MIR543, MIR544A, MIR545, MIR562, MIR564, MIR608, MIR625, MIR655, MIR663A, MIR665, MIR708, MIR885, MIR9-1, MIR92A1, MIR93, MIR95, MIR96, MIR98, MIRLET7A1, MIRLET7B, MIRLET7C, MIRLET7E, MKKS, MKLN1, MLH1, MLLT11, MLLT6, MLST8, MME, MMP2, MMRN1, MORC3, MOSMO, MOV10, MPC2, MPIG6B, MPP2, MPV17L, MSN, MSX1, MT3, MTCO2P12, MTLN, MTMR2, MTMR9, MTNR1B, MTOR, MTPN, MTRNR2L5, MTX1, MUC2, MUL1, MUSK, MYADM, MYB, MYCBP2, MYCNOS, MYD88, MYH10, MYH14, MYH6, MYH7, MYH9, MYL12A, MYL12B, MYL2, MYL3, MYL4, MYL9, MYLIP, MYLK3, MYO10, MYO3A, MYO3B, MYO5B, MYOC, MYRIP, NAA15, NAA16, NAA80, NADK, NAF1, NAGLU, NAIF1, NALCN, NANOS1, NANOS2, NANOS3, NAPG, NAV2, NCALD, NCDN, NCK1, NCK2, NCKAP1, NCKAP1L, NCLN, NCOA1, NCOR2, NCSTN, NDC80, NDP, NDST2, NDUFAF2, NDUFS1, NEB, NECTIN1, NEDD4, NEDD4L, NEDD9, NEFL, NEGR1, NENF, NETO1, NETO2, NEURL1, NEUROD1, NEUROD2, NEUROG1, NF1, NF2, NFATC4, NFE2, NFE2L2, NFKB1, NGEF, NGF, NHERF1, NIBAN2, NKX3-1, NKX6-1, NLGN1, NLGN2, NLGN3, NLGN4X, NLK, NLRP6, NMB, NME1, NNAT, NNT, NOCT, NOD2, NOG, NOP53, NORAD, NOS1, NOS1AP, NOS2, NOS3, NOX1, NPAS4, NPFF, NPHS1, NPM1, NPPA, NPPB, NPPC, NPR1, NPR2, NPR3, NPS, NPTN, NPTX1, NPVF, NPY, NPY1R, NR0B2, NR1D1, NR1H2, NR1H3, NR1H4, NR2E1, NR2F2, NR3C1, NR5A1, NRCAM, NRDE2, NRP1, NRP2, NRXN1, NSG1, NSMF, NSUN2, NT5C3B, NTN1, NTNG2, NTRK1, NTRK2, NTS, NTSR1, NTSR2, NUMB, NUP155, OAS2, OCA2, OCLN, OGT, OLFM1, OPHN1, OPRD1, OPRK1, OPRL1, OR51E2, ORAI1, OSBP, OSM, OTUD3, OXSR1, OXTR, P2RX1, P2RX2, P2RX3, P2RX4, P2RX5, P2RX6, P2RX7, P2RY1, P2RY12, P2RY2, P2RY4, P3H1, P4HB, PABPC1, PABPC4, PABPN1L, PAFAH1B1, PAFAH2, PAIP1, PAIP2, PAK3, PALM, PALM2AKAP2, PALM3, PALMD, PAN2, PAN3, PANK2, PANO1, PAPSS2, PARK7, PARN, PARP1, PARVA, PARVB, PASK, PATL1, PATL2, PAX2, PAX8, PCBP4, PCDH8, PCID2, PCK2, PCLO, PCM1, PCSK1, PCSK1N, PCSK2, PCSK4, PCSK5, PCSK6, PCSK7, PDCD10, PDCD6IP, PDCL3, PDE12, PDE2A, PDE3A, PDE4D, PDE8B, PDE9A, PDGFA, PDGFB, PDGFRA, PDIA2, PDIA3, PDLIM5, PDPN, PDRG1, PDSS2, PDX1, PDXP, PEAK3, PEAR1, PER2, PER3, PEX11A, PEX11B, PEX11G, PEX19, PEX2, PEX6, PF4, PFDN2, PFDN6, PFKFB2, PFKL, PFKM, PFN1, PFN2, PFN3, PFN4, PGRMC1, PHAX, PHB1, PHB2, PHIP, PHOX2B, PIAS4, PICALM, PICK1, PID1, PIEZO1, PIEZO2, PIH1D1, PIH1D2, PIK3C2A, PIK3CA, PIK3CB, PIK3CG, PIK3R1, PIK3R2, PIM1, PIM2, PIM3, PIN1, PINK1, PINX1, PIP5KL1, PKD1, PKD2, PKP2, PLA2G1B, PLA2G3, PLA2G4A, PLA2G6, PLA2G7, PLAT, PLAU, PLAUR, PLB1, PLCB1, PLCB3, PLCG2, PLCZ1, PLEC, PLEK, PLEKHA1, PLEKHG2, PLEKHH2, PLEKHN1, PLEKHO1, PLG, PLK1, PLK2, PLN, PLOD3, PLPP3, PLS1, PLSCR1, PLSCR2, PLSCR3, PLSCR4, PLSCR5, PLVAP, PLXNA1, PLXNA2, PLXNA3, PLXNA4, PLXNB1, PLXNB2, PLXNB3, PLXNC1, PLXND1, PMAIP1, PML, PNLDC1, PNLIP, PNPLA2, PNPLA4, PNPT1, POLR2E, POLR2G, POMC, POPDC2, POPDC3, PORCN, POSTN, POU4F2, PPA2, PPARA, PPARG, PPARGC1A, PPFIA1, PPFIA2, PPFIA3, PPIA, PPIB, PPIF, PPM1K, PPP1R15A, PPP1R1B, PPP2R3C, PPP3CA, PPP3CB, PPP3R1, PPT1, PRAG1, PRCP, PRDX2, PRDX3, PRELID1, PREX1, PRICKLE1, PRKACA, PRKACB, PRKACG, PRKAR1A, PRKAR1B, PRKCA, PRKCB, PRKCD, PRKCE, PRKCG, PRKCI, PRKCQ, PRKCZ, PRKD1, PRKDC, PRKG1, PRKN, PRKRA, PRL, PRLHR, PRLR, PRMT3, PRNP, PROC, PROCR, PROK2, PRORSD1P, PROS1, PROZ, PRPF40A, PRR16, PRRT1, PRRT2, PRSS56, PSEN1, PSMD9, PTAFR, PTEN, PTGDR, PTGER1, PTGER2, PTGER3, PTGER4, PTGES3, PTGFR, PTGIR, PTGS1, PTGS2, PTK2, PTK2B, PTN, PTP4A3, PTPN11, PTPN13, PTPN3, PTPN6, PTPRD, PTPRJ, PTPRN, PTPRN2, PTPRO, PTPRS, PTPRT, PUM1, PUM2, PYCARD, PYCR1, PYHIN1, PYURF, QKI, QRFP, QRSL1, RAB11A, RAB11B, RAB11FIP1, RAB11FIP2, RAB11FIP3, RAB11FIP5, RAB17, RAB1A, RAB20, RAB21, RAB22A, RAB27A, RAB38, RAB39A, RAB3A, RAB3B, RAB3GAP1, RAB44, RAB5A, RAB7A, RAB8A, RAB8B, RABL3, RAC1, RAC3, RACK1, RAD23A, RAF1, RALA, RAMP2, RANGRF, RAP1A, RAP1GAP2, RAP1GDS1, RAP2A, RAP2B, RAPGEF2, RAPGEF4, RAPSN, RARA, RARG, RASA1, RASGRF1, RASGRF2, RASIP1, RASL10B, RASSF2, RB1CC1, RBM10, RBM24, RBM33, RBM4, RBM46, RBM47, RBP1, RBP4, RC3H1, RC3H2, RDH10, RDH11, RDH12, RDH13, RDH14, RDH16, RDH5, RDH8, RDX, RELN, REN, RENBP, REST, RET, RETN, RETSAT, RFT1, RFX3, RFX6, RGMA, RGS14, RGS2, RGS4, RGS7BP, RHOA, RHOB, RHOG, RHOJ, RHOQ, RHOT1, RHOT2, RHOU, RIC3, RICTOR, RIDA, RILP, RIMS1, RIMS2, RIMS3, RIMS4, RIN3, RNASEK, RNASEL, RND2, RNF122, RNF128, RNF139, RNF149, RNF207, RNF5, RNF6, RNLS, ROBO2, ROCK1, ROCK2, ROR2, RPAP3, RPE65, RPH3AL, RPL11, RPL23, RPL5, RPS5, RPS6KA2, RPS6KA5, RPS7, RPTOR, RTF2, RTL10, RTN4, RTN4R, RUFY3, RUVBL1, RUVBL2, RYK, RYR2, S100B, S1PR2, S1PR3, S1PR4, SAA1, SAMD4A, SAMD4B, SAV1, SAXO1, SCG5, SCGB1A1, SCGN, SCIN, SCN10A, SCN11A, SCN1A, SCN1B, SCN2A, SCN2B, SCN3A, SCN3B, SCN4A, SCN4B, SCN5A, SCN7A, SCN8A, SCN9A, SCNN1A, SCNN1B, SCNN1D, SCNN1G, SCOC, SCPEP1, SCRIB, SCT, SCTR, SCUBE1, SDR16C5, SDR9C7, SEC16A, SEL1L, SELENOM, SELENOT, SELP, SEMA3A, SEMA3B, SEMA3C, SEMA3D, SEMA3E, SEMA3F, SEMA3G, SEMA4A, SEMA4B, SEMA4C, SEMA4D, SEMA4F, SEMA4G, SEMA5A, SEMA5B, SEMA6A, SEMA6B, SEMA6C, SEMA6D, SEMA7A, SENP1, SENP2, SEPTIN11, SEPTIN14P20, SEPTIN7, SERBP1, SERF1A, SERF1B, SERF2, SERP1, SERPINA1, SERPINA10, SERPINA7, SERPINB2, SERPINC1, SERPIND1, SERPINE1, SERPINE2, SERPINF2, SERPING1, SETD5, SEZ6, SFRP1, SGK1, SGPL1, SH2B3, SH3BP1, SH3GL2, SH3GLB1, SH3KBP1, SHANK1, SHANK2, SHANK3, SHH, SHISA6, SHISA7, SHISA8, SHISA9, SHOX2, SHROOM3, SHTN1, SIAH3, SIDT2, SIN3A, SIPA1L1, SIRT1, SIRT3, SIRT4, SIRT6, SIX1, SIX4, SLAMF8, SLC11A1, SLC12A1, SLC12A2, SLC12A3, SLC12A4, SLC12A5, SLC12A6, SLC12A7, SLC12A8, SLC12A9, SLC16A1, SLC16A10, SLC16A2, SLC17A4, SLC17A6, SLC17A7, SLC17A8, SLC18A2, SLC18A3, SLC1A1, SLC1A6, SLC1A7, SLC22A2, SLC22A3, SLC22A9, SLC24A1, SLC24A2, SLC24A4, SLC25A22, SLC25A27, SLC25A31, SLC25A33, SLC25A36, SLC25A4, SLC25A5, SLC25A6, SLC26A3, SLC26A5, SLC26A6, SLC26A7, SLC29A1, SLC2A2, SLC2A5, SLC30A5, SLC30A8, SLC34A1, SLC35F6, SLC38A1, SLC39A14, SLC39A8, SLC3A2, SLC45A2, SLC4A1, SLC4A10, SLC4A11, SLC4A2, SLC4A3, SLC4A4, SLC4A5, SLC4A7, SLC4A8, SLC4A9, SLC51B, SLC5A5, SLC66A2, SLC6A3, SLC6A4, SLC7A11, SLC7A5, SLC7A8, SLC8A1, SLC8A2, SLC8A3, SLC8B1, SLC9A1, SLC9A2, SLC9A3, SLC9A4, SLC9A5, SLC9A6, SLC9A7, SLC9A8, SLC9A9, SLC9B1, SLC9B2, SLC9C1, SLC9C2, SLCO1B1, SLCO1C1, SLCO4A1, SLIT1, SLIT2, SLITRK1, SLITRK2, SLITRK3, SLITRK4, SLITRK5, SLITRK6, SLMAP, SMAD2, SMAD3, SMAD4, SMAD7, SMO, SMPD3, SMTNL1, SMURF1, SNAP23, SNAP25, SNAPIN, SNCA, SNF8, SNTA1, SNX19, SNX27, SNX4, SNX6, SNX9, SOCS2, SOD1, SOD2, SOD3, SORCS2, SORCS3, SOX11, SOX17, SOX4, SOX8, SPAG1, SPART, SPG7, SPINK1, SPNS1, SPP1, SPPL3, SPTA1, SPTAN1, SPTB, SPTBN1, SPTBN2, SPTBN4, SPTBN5, SPX, SQSTM1, SRC, SRCIN1, SRD5A1, SRD5A2, SRD5A3, SREBF1, SRF, SRI, SRPX2, SSH1, SSH2, SSH3, SST, SSTR5, ST3GAL4, ST8SIA2, STARD3, STAT1, STAT5A, STAT5B, STATH, STAU1, STAU2, STC2, STK3, STK39, STK4, STOX1, STPG1, STRIP2, STUB1, STX12, STX1A, STX1B, STX3, STX4, STXBP1, STXBP3, STXBP4, SUCNR1, SUGT1, SULT1A1, SULT1B1, SULT1E1, SULT2A1, SUMO1, SVEP1, SVIL, SWAP70, SWSAP1, SYAP1, SYBU, SYK, SYNCRIP, SYNDIG1, SYNE1, SYNE3, SYNGAP1, SYNGR1, SYP, SYT12, SYT4, SYT7, SYTL4, SYVN1, TAC1, TAC3, TAC4, TACR1, TACR2, TACR3, TADA3, TAF1, TAF15, TAF9, TAF9B, TAFA4, TAMALIN, TANC1, TANC2, TAOK2, TAPBP, TARDBP, TARS2, TASL, TBC1D20, TBC1D24, TBCCD1, TBL1X, TBRG1, TBRG4, TBX18, TBX3, TBX5, TBXA2R, TBXAS1, TCF7L2, TCIRG1, TCP1, TEC, TEK, TELO2, TENM1, TENT4A, TENT4B, TENT5A, TENT5B, TENT5C, TENT5D, TERT, TESC, TF, TFAP2B, TFPI, TFPI2, TFR2, TG, TGFB1, THBD, THBS1, THBS2, THEM4, THRA, THRAP3, THRB, TIAM1, TIFAB, TIPARP, TIRAP, TJP1, TJP2, TJP3, TLCD1, TLCD2, TLN1, TLR2, TLR4, TM7SF3, TM9SF4, TMBIM6, TMEM102, TMEM106B, TMEM108, TMEM14A, TMEM161B, TMEM165, TMEM175, TMEM183A, TMEM183BP, TMEM199, TMEM25, TMEM30A, TMEM30B, TMEM41B, TMEM88, TMEM9, TMF1, TMIGD1, TMOD1, TMOD2, TMOD3, TMOD4, TMSB10, TMSB15A, TMSB15B, TMSB15C, TMSB4X, TMSB4Y, TMX1, TNF, TNFRSF1B, TNFSF11, TNIP2, TNKS1BP1, TNNC1, TNNI3, TNNI3K, TNR, TNRC6A, TNRC6B, TNRC6C, TOB1, TOMM7, TP53, TPBG, TPCN2, TPH1, TPM1, TPO, TRAF2, TRAF3IP2, TRAF5, TRAPPC11, TRDMT1, TRDN, TREM2, TREML1, TREX1, TRH, TRIAP1, TRIM21, TRIM24, TRIM37, TRIM39, TRIM44, TRIM46, TRIM71, TRIOBP, TRPC3, TRPC5, TRPC6, TRPM4, TRPV1, TRPV2, TRPV4, TRPV5, TRPV6, TSC1, TSHZ3, TSPAN1, TSPAN18, TSPAN32, TSPAN8, TSPO, TTI1, TTI2, TTL, TTLL6, TUBA1A, TUBB, TUBB1, TUNAR, TUSC2, TUT4, TUT7, TWF1, TWF2, TXK, TYRO3, TYROBP, UBASH3B, UBB, UBE2B, UBE2Q1, UBE3A, UBL4A, UCN, UCN3, UCP2, UGT1A1, UGT1A3, UGT1A7, UGT1A8, UGT1A9, UGT2A3, UGT2B10, UGT2B11, UGT2B15, UGT2B17, UGT2B28, UGT2B4, UGT2B7, ULK1, ULK2, UMOD, UMPS, UNC13B, UNC13C, UPF1, UPRT, UQCC2, URI1, USF1, USF2, USH1C, USP13, USP19, USP2, USP25, USP27X, USP28, USP29, USP33, USP36, USP4, USP53, USP7, USP8, USP9X, UTP25, UTS2, UTS2B, UTS2R, UXT, VAC14, VAMP2, VAMP7, VAMP8, VARS1, VARS2, VASP, VAV1, VAV2, VAV3, VCL, VCP, VDAC2, VDR, VEGFA, VEGFC, VGF, VHL, VIL1, VILL, VIM, VIP, VKORC1, VMP1, VPS11, VPS33A, VPS33B, VPS35, VSNL1, VSTM4, VSTM5, VTN, VWF, WAS, WASF3, WASHC2C, WASHC5, WASL, WDPCP, WDR1, WDR81, WDTC1, WFS1, WIZ, WNK1, WNK3, WNK4, WNT10B, WNT3, WNT3A, WNT4, WNT5A, WNT7A, WNT7B, WNT9B, WWP2, XBP1, XCR1, XDH, XK, XKR4, XKR5, XKR6, XKR7, XKR8, XKR9, YBX1, YBX3, YES1, YIPF5, YRDC, YTHDF1, YTHDF2, YTHDF3, YWHAE, YWHAG, YWHAH, YWHAZ, ZACN, ZAR1, ZBED3, ZBED6, ZBTB7B, ZC3H12A, ZC3H12D, ZC3H14, ZC3H18, ZCCHC17, ZDHHC15, ZDHHC2, ZDHHC21, ZDHHC5, ZEB2, ZFP36, ZFP36L1, ZFP36L2, ZFYVE27, ZMPSTE24, ZMYND8, ZNF205, ZNF207, ZNF385A, ZNF804A, ZSWIM7
GO:0043523	regulation of neuron apoptotic process	244	4	0.85	0.01048	0.015878787878787878	AARS1, ABL1, ADAM8, ADCY10, ADNP, ADORA2A, AGAP2, AIFM1, AKT1S1, ALKBH1, AMBRA1, ANGPT1, ARMCX5-GPRASP2, ASCL1, ATF4, ATM, ATP13A2, AXL, BACE1, BARHL1, BAX, BCL2, BCL2L1, BCL2L11, BDNF, BOK, BRAF, BTG2, CASP10, CASP12, CASP14, CASP2, CASP3, CASP4, CASP5, CASP6, CASP7, CASP8, CASP9, CCL2, CCL3, CCND1, CDC34, CDC42, CDK5, CDK5R1, CEBPB, CFLAR, CHL1, CITED1, CLCF1, CLN3, CLN8, CLU, CNTF, CNTFR, CORO1A, CPEB4, CRLF1, CTNNB1, CX3CL1, CX3CR1, DDIT3, DKK1, DLX1, DNAJC5, DRAXIN, EGLN2, EGLN3, EGR1, EN1, EN2, EPHA7, ERBB3, F2R, FAIM2, FASLG, FBXO7, FBXW7, FCGR2B, FGF20, FGF8, FOXB1, FOXO3, FOXQ1, FZD1, FZD9, G6PD, GATA3, GBA1, GBE1, GCH1, GCLC, GCLM, GDF5, GDNF, GFRAL, GPI, GPRASP3, GRID2, GRIK2, GRM4, GRN, GSK3A, GSK3B, HIF1A, HIPK2, HRAS, HTR2A, HTRA2, HYOU1, IL10, IL27RA, IL6ST, ISL1, ITGA1, JAK2, KCNB1, KDM2B, KDR, KIF14, KRAS, LGMN, LIG4, MAG, MAP2K4, MAP2K7, MAP3K11, MAP3K12, MCL1, MDK, MECP2, MEF2C, MIR125B1, MIR15B, MIR181C, MIR195, MIR200A, MIR98, MMP2, MSH2, MT3, MTNR1B, MYB, MYBL2, NAE1, NAIP, NDNF, NEFL, NES, NF1, NFATC4, NGF, NMNAT1, NONO, NPPC, NQO1, NR3C1, NR4A2, NRBP2, NRP1, NSMF, NTF3, NTF4, NTRK1, NTRK2, NUPR1, OXR1, PARK7, PARP1, PCDHGC3, PCDHGC4, PCDHGC5, PCSK9, PHB1, PIK3CA, PINK1, PITX3, PLA2G3, PLXND1, POU4F1, PPARGC1A, PPT1, PRKCG, PRKCI, PRKN, PRNP, PRODH, PSEN1, PTK2B, PTPRZ1, PYCR1, RAD21, RAPSN, RASA1, RETREG1, RHOA, RIPK1, ROCK1, SARM1, SEMA3E, SET, SIGMAR1, SIRT1, SIX1, SIX4, SLC1A1, SLC25A27, SNCA, SNCB, SNX6, SOD1, SOD2, SRPK2, ST8SIA2, STAMBP, STXBP1, SYNGAP1, TERT, TFAP2A, TFAP2B, TFAP2D, TGFB2, TGFB3, THAP11, TMBIM4, TNF, TOX3, TP53, TRAF7, TREM2, TRIM2, TYRO3, UBB, UBE2M, UCN, UCP2, UNC5B, VPS54, VSTM2L, WFS1, WNT1, XRCC2, ZPR1
GO:0098771	inorganic ion homeostasis	533	6	1.86	0.01068	0.01597058823529412	ABCB6, ABCB7, ABCC6, ABL1, ACO1, ADCY8, ADORA1, AFG3L2, AGT, AGTR1, AKAP6, ALAS2, ALPL, ANK2, ANK3, ANKH, ANKRD9, ANXA6, AP3B1, APLNR, APOE, APP, ARF1, ATF4, ATG5, ATOX1, ATP12A, ATP13A1, ATP13A2, ATP13A3, ATP13A4, ATP13A5, ATP1A1, ATP1A2, ATP1A3, ATP1A4, ATP1B1, ATP1B2, ATP1B3, ATP2A1, ATP2A2, ATP2A3, ATP2B1, ATP2B2, ATP2B3, ATP2B4, ATP2C1, ATP2C2, ATP4A, ATP4B, ATP6AP1, ATP6V0A2, ATP6V0D1, ATP6V1A, ATP6V1B1, ATP6V1G1, ATP7A, ATP7B, B2M, BAK1, BAX, BCAP31, BCL2, BDH2, BDKRB1, BMP6, BNIP3, BOK, BOLA1, BOLA2, BOLA2B, BOLA3, BTBD9, C19orf12, CA12, CACNA1C, CACNA1S, CACNB2, CACNB4, CALB1, CALB2, CALCA, CALCB, CALM1, CALM2, CALM3, CALR, CAMK2D, CAPN3, CASQ1, CASQ2, CASR, CAV1, CAV2, CAV3, CCDC115, CCDC22, CCDC47, CCL1, CCL11, CCL13, CCL14, CCL15, CCL19, CCL21, CCL23, CCL3, CCL5, CCL7, CCL8, CCR1, CCR2, CCR5, CCR7, CD19, CD40, CDH23, CDH5, CEMIP, CHD7, CHERP, CHRNA7, CIB2, CIB3, CLIC2, CLN3, CNGB1, CNNM1, CNNM2, CNNM3, CNNM4, CNR1, COMMD1, COMT, CORIN, CORO1A, COX19, CP, CSRP3, CTRC, CUTC, CX3CL1, CXCL10, CXCL11, CXCL12, CXCL9, CYB561, CYB561A3, CYBA, CYBRD1, CYP11B2, CYP27B1, CYP4A11, CYP4F12, CYP4F2, DDIT3, DHRS7C, DIAPH1, DISC1, DMD, DMPK, DRD1, DRD2, DRD3, DRD4, DRD5, EDN1, EDN2, EDN3, EDNRA, EDNRB, EGLN1, EIF2AK1, ELANE, ENPP1, ENPP3, EPAS1, EPB42, ERC2, ERFE, ERO1A, EXT1, EXT2, F2, F2R, F2RL3, FAM20A, FASLG, FATE1, FBXL5, FECH, FGF2, FGF23, FGFR1, FGFR4, FIS1, FKBP1A, FKBP1B, FKBP1C, FLNA, FLVCR1, FRRS1, FTH1, FTH1P19, FTHL17, FTL, FTMT, FXN, FXYD2, FZD9, GCM2, GDF2, GHITM, GLRX3, GLRX5, GP1BA, GP1BB, GP5, GP9, GPER1, GPR12, GPR3, GRIA1, GRID2IP, GRIK2, GRIN1, GRINA, GRM1, GRM5, GSTM2, GSTO1, HAMP, HAP1, HCRTR1, HCRTR2, HEPHL1, HERPUD1, HEXB, HFE, HIF1A, HJV, HMOX1, HPX, HRC, HSP90B1, HTR1B, HTR2A, HTR2B, HTR2C, HTT, HYAL2, IBTK, IFNG, IL13, IL1A, IMMT, IREB2, ISCU, ITGB3, ITPR1, ITPR2, ITPR3, JPH1, JPH2, JPH3, JPH4, JSRP1, KCNA1, KCNA5, KCNE3, KCNH2, KCNJ10, KCNJ2, KCNMA1, KCNQ1, KCTD17, KCTD7, KDR, KEL, KL, KLHL3, LACRT, LCK, LETM1, LHCGR, LIME1, LYN, MAIP1, MC3R, MCOLN1, MCU, MCUB, MCUR1, METTL21C, MICU1, MICU2, MICU3, MIR1-1, MIR133A1, MIR210, MIR93, MLLT6, MT1A, MT1B, MT1DP, MT1E, MT1F, MT1G, MT1H, MT1HL1, MT1M, MT1X, MT2A, MT3, MT4, MTLN, MYC, NAGLU, NCOA4, NDFIP1, NEO1, NHERF1, NOL3, NOS1, NPPB, NPPC, NPR1, NPSR1, NPTN, NT5E, NTSR1, NUBP1, OTC, P2RX1, P2RX7, P2RY1, P2RY4, P2RY6, PACS2, PDE4D, PDPK1, PDZD8, PICALM, PIK3CB, PKD2, PKHD1, PLCB1, PLCB2, PLCB3, PLCB4, PLCD1, PLCE1, PLCG1, PLCG2, PLCH1, PLCH2, PLN, PML, PRKACA, PRKCB, PRKCE, PRKD1, PRND, PRNP, PSEN1, PTH, PTH1R, PTK2B, PTPN6, PTPRC, RAP1GDS1, RGN, RHAG, RHBG, RHCE, RHCG, RHD, RMDN3, RYR1, RYR2, RYR3, S100A14, S100A8, S100A9, SCARA5, SCGN, SCN7A, SCNN1A, SCNN1B, SCNN1D, SCNN1G, SCO1, SCO2, SELENOK, SELENON, SFRP4, SGCD, SLC10A7, SLC11A1, SLC11A2, SLC12A1, SLC12A2, SLC12A3, SLC12A4, SLC12A5, SLC12A6, SLC12A7, SLC12A8, SLC12A9, SLC17A6, SLC17A7, SLC17A8, SLC1A1, SLC1A3, SLC22A17, SLC24A1, SLC24A2, SLC24A3, SLC24A4, SLC24A5, SLC25A23, SLC25A27, SLC30A1, SLC30A10, SLC30A2, SLC30A5, SLC30A7, SLC30A8, SLC30A9, SLC31A1, SLC31A2, SLC34A1, SLC34A2, SLC34A3, SLC35G1, SLC39A10, SLC39A13, SLC39A14, SLC39A4, SLC39A6, SLC39A7, SLC39A8, SLC39A9, SLC40A1, SLC41A1, SLC46A1, SLC8A1, SLC8A2, SLC8A3, SLC8B1, SLC9A1, SLC9B2, SMAD4, SMDT1, SNCA, SNX10, SOD1, SOD2, SPPL2C, SPX, SRI, STC1, STC2, STEAP2, STEAP4, STIM1, STIM2, STK39, STOML2, SV2A, SV2B, SYPL2, TBXAS1, TCIRG1, TF, TFR2, TFRC, TGM2, THADA, THY1, TMBIM6, TMC8, TMCO1, TMEM165, TMEM174, TMEM178A, TMEM199, TMEM203, TMEM38A, TMEM38B, TMEM64, TMPRSS3, TMPRSS6, TMTC2, TMTC4, TNFSF11, TNNI3, TPCN2, TPT1, TRDN, TRIM24, TRPA1, TRPC1, TRPC3, TRPC4, TRPC5, TRPC6, TRPC7, TRPM2, TRPM8, TRPV4, TRPV5, TRPV6, TSPOAP1, TTC7A, TUNAR, UBASH3B, UMOD, UPK3A, VAPB, VDR, VPS54, WFS1, WNK1, WNK4, WNT5A, XCL1, XCR1, XIAP, XK, XPR1, YWHAE, ZNHIT1
GO:0009892	negative regulation of metabolic process	3414	20	11.93	0.01072	0.01597058823529412	A1CF, AASS, AATF, ABCA2, ABCA7, ABCB7, ABCC2, ABCD1, ABCD2, ABCE1, ABHD6, ABL1, ACACB, ACADL, ACADVL, ACD, ACE, ACMSD, ACOD1, ACOT11, ACOT13, ACOT8, ACP4, ACP5, ACTN3, ACTR6, ACTRT1, ACVR1B, ACVR2B, ACVRL1, ADAM10, ADAM17, ADAMTS5, ADAR, ADARB1, ADCY10, ADCY7, ADGRB1, ADIPOQ, ADNP, ADORA1, ADRA1A, ADRA2A, AEBP1, AEBP2, AFF2, AGAP2, AGER, AGO1, AGO2, AGO3, AGO4, AGT, AHR, AHSG, AICDA, AIDA, AJUBA, AKAP8, AKIRIN2, AKR1C3, AKT1, AKT1S1, AKT3, ALAD, ALDH1A1, ALDOB, ALK, ALKBH4, ALKBH5, ALX1, ANAPC2, ANG, ANGEL2, ANGPT1, ANKLE1, ANKLE2, ANKRD1, ANKRD2, ANXA1, ANXA2, ANXA4, ANXA7, ANXA8, ANXA8L1, AP1AR, AP2A1, APBB1, APBB2, APC, APCS, APEX1, APLN, APLNR, APOA1, APOA2, APOBEC1, APOBEC3A, APOBEC3B, APOBEC3C, APOBEC3D, APOBEC3F, APOBEC3G, APOBEC3H, APOC1, APOC2, APOC3, APOD, APOE, APP, APPL2, AQP1, AQP11, AR, ARB2A, ARB2BP, ARG1, ARG2, ARID4A, ARID4B, ARID5A, ARID5B, ARK2N, ARL6IP1, ARPP19, ARRB1, ARRB2, ARRDC3, ARX, ASB1, ASCL1, ASCL2, ASCL3, ASXL3, ATCAY, ATF2, ATF3, ATF4, ATF5, ATF7IP, ATF7IP2, ATG12, ATG14, ATG5, ATM, ATN1, ATOH8, ATP13A2, ATP1A1, ATP2B1, ATP2B4, ATP8B1, ATR, ATRAID, ATRX, ATXN1, ATXN1L, AUNIP, AURKA, AURKB, AVP, AXIN1, AXIN2, AXL, AZIN1, AZIN2, BACE2, BACH1, BACH2, BAG2, BAG4, BAG5, BAG6, BAHD1, BAK1, BANF1, BANK1, BANP, BAP1, BARD1, BARX2, BASP1, BATF3, BAX, BAZ1A, BAZ2A, BBS2, BBS4, BCDIN3D, BCKDK, BCL11A, BCL2, BCL2L12, BCL3, BCL6, BCL6B, BCL7A, BCLAF1, BCOR, BCORL1, BCR, BDKRB1, BDKRB2, BECN1, BEND3, BEND5, BEND6, BEX1, BEX2, BEX3, BEX4, BHLHE40, BHLHE41, BIN1, BIRC5, BLM, BMAL1, BMF, BMI1, BMP2, BMP4, BMP5, BMP6, BMP7, BMPR1A, BNIP3, BOD1, BOLL, BPI, BPTF, BRCA1, BRD7, BRIP1, BRMS1, BRMS1L, BSCL2, BST2, BTAF1, BTG2, BTK, BTN2A2, BTRC, C1D, C1QBP, C1QTNF12, C1QTNF3, C5AR2, C8orf88, C9orf72, CAAP1, CACNA2D1-AS1, CACNG7, CACTIN, CADM1, CADM4, CALCA, CALCR, CALM1, CALM2, CALM3, CALR, CAMK2N1, CAMK2N2, CAMLG, CAMSAP3, CAPN3, CAPRIN1, CAPRIN2, CARD16, CARD17P, CARD18, CARD8, CARHSP1, CARMN, CASC3, CASP3, CASP8AP2, CAST, CAV1, CAV3, CAVIN3, CBFA2T2, CBFA2T3, CBFB, CBL, CBLB, CBLC, CBX1, CBX2, CBX3, CBX4, CBX5, CBX6, CBX7, CBX8, CBY1, CC2D1A, CC2D1B, CCAR1, CCAR2, CCDC3, CCDC85B, CCL3, CCN2, CCND1, CCND3, CCNE1, CCR1, CCR7, CD109, CD200, CD200R1, CD22, CD24, CD274, CD28, CD2AP, CD300A, CD33, CD34, CD36, CD38, CD3E, CD44, CD46, CD83, CD84, CD96, CDA, CDC6, CDC73, CDK1, CDK2, CDK5, CDK5R1, CDK5RAP1, CDK5RAP3, CDK6, CDK8, CDKN1A, CDKN1B, CDKN1C, CDKN2A, CDKN2B, CDKN2B-AS1, CDKN2C, CDKN2D, CDT1, CDX2, CDX4, CDY1, CDY1B, CDY2A, CDY2B, CDYL, CDYL2, CEACAM1, CEBPA, CEBPB, CEBPD, CELA1, CELF1, CELF4, CENPF, CENPV, CEP43, CEP63, CEP85, CERS1, CFLAR, CGAS, CGGBP1, CH25H, CHAC1, CHD3, CHD4, CHD5, CHD8, CHEK1, CHID1, CHMP1A, CHMP6, CHP1, CHRNA7, CIART, CIB1, CIC, CIDEA, CIDEC, CIITA, CILP, CIPC, CIR1, CIRBP, CITED1, CITED2, CLDN19, CLDN3, CLDN5, CLEC16A, CLEC4A, CLK2, CLN3, CLN8, CLOCK, CLP1, CLTC, CLU, CMKLR1, CNBP, CNKSR3, CNOT1, CNOT10, CNOT11, CNOT2, CNOT3, CNOT4, CNOT6, CNOT6L, CNOT7, CNOT8, CNOT9, CNPY2, CNR1, COA8, COMMD7, COPS2, COPS9, CORO1C, CPB2, CPEB1, CPEB2, CPEB3, CPEB4, CPNE1, CPTP, CR1, CRB2, CREB1, CREB3L1, CREBBP, CREBZF, CREG1, CREM, CRH, CRKL, CRTAP, CRTC3, CRY1, CRY2, CRYAB, CRYBA1, CRYM, CSDC2, CSDE1, CSF2, CSK, CSN2, CSNK2A1, CSNK2A2, CST1, CST2, CST3, CST4, CST5, CST7, CSTA, CSTB, CTBP1, CTBP2, CTC1, CTCF, CTDSP1, CTDSP2, CTDSPL, CTIF, CTNNB1, CTNNBIP1, CTNS, CTR9, CTSA, CTSZ, CUEDC2, CUL3, CUX1, CUX2, CX3CL1, CX3CR1, CXCL8, CXXC5, CYGB, CYLD, CYP27B1, CYP2D6, CYP51A1, CYP7A1, CYREN, DAB2, DAB2IP, DACH1, DACT1, DAP, DAPK1, DAPK3, DAPL1, DAXX, DAZ1, DAZ2, DAZ3, DAZ4, DAZL, DBI, DBNDD1, DBNDD2, DCAF1, DCAF5, DCP1A, DCP1B, DCP2, DCPS, DCUN1D3, DDIT3, DDIT4, DDRGK1, DDX17, DDX20, DDX21, DDX3X, DDX3Y, DDX4, DDX5, DDX54, DDX56, DDX6, DEAF1, DEDD, DEDD2, DEFB114, DEPDC1, DEPTOR, DFFA, DFFB, DGCR8, DGKQ, DHFR, DHFRP1, DHRS7B, DHX34, DHX36, DHX58, DHX9, DICER1, DIP2A, DIS3, DIS3L2, DKC1, DKK1, DKK3, DKKL1, DLG1, DLL1, DLL4, DLX1, DLX2, DLX4, DMAP1, DMBX1, DMD, DMRT1, DMTN, DNAJA1, DNAJA3, DNAJB1, DNAJB4, DNAJB6, DNAJC1, DNAJC10, DNAJC15, DNAJC17, DNAJC2, DNAJC3, DND1, DNM3OS, DNMT1, DNMT3A, DNMT3B, DNMT3L, DOCK7, DOT1L, DPEP1, DPF2, DPPA3, DR1, DRAP1, DRD2, DROSHA, DTNBP1, DTX3L, DUSP1, DUSP10, DUSP16, DUSP19, DUSP22, DUSP26, DUSP3, DUSP6, DUSP7, DVL1, DXO, DYNLL1, DYRK1A, E2F1, E2F6, E2F7, E2F8, E4F1, EAPP, ECM1, EDC3, EDC4, EDN1, EDNRB, EED, EFNA1, EGFR, EGR1, EHMT1, EHMT2, EID1, EID2, EID2B, EIF2AK1, EIF2AK2, EIF2AK3, EIF2AK4, EIF2S1, EIF3E, EIF3H, EIF4A3, EIF4E, EIF4E2, EIF4EBP1, EIF4EBP2, EIF4EBP3, EIF4ENIF1, EIF4G1, EIF4G2, EIF6, ELANE, ELAVL1, ELAVL4, ELF3, ELF4, ELK3, ELK4, ELOB, ELOC, EMILIN1, EN1, ENC1, ENDOU, ENG, ENO1, ENPP1, ENPP7, ENSA, EOMES, EP300, EPC1, EPHA1, EPHA2, EPHA4, EPHB2, EPO, EPPIN, EPRS1, EPX, ERBIN, ERCC1, ERCC4, ERCC6, EREG, ERF, ERFE, ERI1, ERLIN1, ERLIN2, ERN1, ERN2, ERP29, ERRFI1, ESR1, ESR2, ESX1, ETF1, ETFBKMT, ETS2, ETV3, ETV5, ETV6, ETV7, EXD1, EXOSC10, EXOSC2, EXOSC3, EXOSC4, EXOSC5, EXOSC6, EXOSC7, EXOSC8, EXOSC9, EXTL3, EZH1, EZH2, EZR, F2, F2RL1, F8A1, F8A2, F8A3, FABP1, FABP4, FAM220A, FAM220BP, FANCB, FASLG, FASTK, FASTKD1, FASTKD2, FASTKD3, FASTKD5, FBH1, FBLN1, FBP1, FBXO5, FBXW11, FBXW7, FCGR2B, FCN3, FCRL3, FERD3L, FERMT1, FETUB, FEZ1, FEZ2, FEZF1, FEZF2, FFAR1, FFAR4, FGF19, FGF2, FGF9, FGFR1, FGFR2, FHIT, FHL2, FIS1, FKBP1A, FKBP1B, FKBP6, FKBP8, FLCN, FLNA, FLOT2, FLYWCH1, FMC1, FMN2, FMO1, FMO2, FMO4, FMR1, FN1, FNIP1, FNIP2, FOCAD, FOSB, FOXA1, FOXA2, FOXC1, FOXC2, FOXD1, FOXD3, FOXE1, FOXF1, FOXF2, FOXG1, FOXH1, FOXJ1, FOXK1, FOXK2, FOXL2, FOXM1, FOXN3, FOXO1, FOXO3, FOXP1, FOXP2, FOXP3, FOXP4, FOXQ1, FOXR1, FOXS1, FRK, FRY, FSCB, FST, FTO, FURIN, FUS, FXR1, FXR2, FXYD1, FYN, FZD1, FZR1, G6PD, GABARAPL2, GABPA, GADD45A, GAPDH, GAS1, GAS6, GATA1, GATA2, GATA3, GATA4, GATA5, GATA6, GATAD2A, GATAD2B, GBA1, GBP1, GBP7, GCFC2, GCH1, GCHFR, GCK, GCKR, GCLC, GDF2, GDNF, GFI1, GFI1B, GGA3, GGNBP2, GHRL, GHSR, GIGYF2, GIPC1, GIT1, GJA1, GLA, GLG1, GLI2, GLI3, GLIS1, GLIS2, GLIS3, GMNC, GMNN, GNAQ, GNL3L, GOLGA2, GPAT2, GPATCH3, GPD1L, GPER1, GPLD1, GPNMB, GPR18, GPRC5A, GPS2, GPX1, GRB10, GRB7, GREM1, GRIN2A, GRIN2C, GRN, GSC, GSK3A, GSK3B, GSKIP, GSPT1, GSPT2, GSTP1, GTF2IRD1, GTPBP1, GTPBP4, GZF1, GZMA, GZMB, H1-0, H1-1, H1-10, H1-2, H1-3, H1-4, H1-5, H1-6, H1-7, H1-8, H1-9P, HABP4, HAMP, HAND1, HAND2, HAP1, HAT1, HAVCR2, HBEGF, HBS1L, HCAR1, HCAR2, HCFC1, HCFC2, HCLS1, HCRT, HDAC1, HDAC10, HDAC2, HDAC3, HDAC4, HDAC5, HDAC6, HDAC7, HDAC8, HDAC9, HDGF, HEG1, HELB, HELLS, HELT, HELZ, HELZ2, HENMT1, HERC1, HES1, HES2, HES5, HES6, HES7, HESX1, HEXIM1, HEXIM2, HEY1, HEY2, HEYL, HFE, HGF, HHATL, HHEX, HIC1, HIC2, HIF1A, HIF1A-AS2, HIF1AN, HINFP, HINT2, HIPK2, HIPK3, HIRA, HIVEP1, HJV, HK2, HLA-DRB1, HLA-F, HMBOX1, HMG20A, HMG20B, HMGA1, HMGA2, HMGB1, HMGB2, HMGCR, HMOX1, HMX1, HNF1B, HNF4A, HNRNPA0, HNRNPA1, HNRNPA2B1, HNRNPAB, HNRNPC, HNRNPD, HNRNPK, HNRNPL, HNRNPU, HOMER2, HOMER3, HOPX, HOXA10-AS, HOXA11-AS, HOXA2, HOXA7, HOXB-AS3, HOXB13, HOXB3, HOXB4, HOXB8, HOXC10, HOXC8, HOXD8, HOXD9, HP, HRAS, HRG, HSBP1, HSBP1L1, HSF1, HSF4, HSP90AB1, HSPA1A, HSPA1B, HSPA8, HSPB1, HYAL2, IAPP, IBTK, ID1, ID2, ID3, ID4, IDO1, IER3, IFI16, IFI27, IFI6, IFNA2, IFNB1, IFNG, IFNL1, IFRD2, IGBP1, IGF1, IGF2, IGF2BP1, IGF2BP2, IGF2BP3, IGFBP3, IGFBP5, IKBKB, IKBKE, IKZF1, IKZF4, IKZF5, IL10, IL10RA, IL12A, IL12B, IL13, IL13RA2, IL15, IL18R1, IL1B, IL1R2, IL1RL1, IL2, IL20RB, IL23A, IL23R, IL27RA, IL33, IL36RN, IL37, IL4, IL6, ILF3, ILRUN, IMPACT, INCA1, ING1, ING2, ING4, INHA, INHBA, INHBB, INPP5D, INPP5E, INPP5F, INPP5J, INPP5K, INPPL1, INS, INSIG1, INSIG2, INSM1, INSM2, IP6K1, IPO5, IPO7, IQGAP1, IQGAP3, IRAK3, IREB2, IRF1, IRF2, IRF2BP1, IRF2BP2, IRF2BPL, IRF3, IRF7, IRF8, IRGM, IRS2, IRX1, IRX2, IRX3, IRX4, ISG15, ISL1, ITCH, ITGAM, ITGAV, ITGB1BP1, ITGB2, ITGB3, ITGB8, ITM2A, ITM2B, ITM2C, IVNS1ABP, JAK3, JARID2, JAZF1, JDP2, JPH2, JUN, JUND, KANK2, KAT14, KAT2A, KAT2B, KAT5, KAT6A, KAT6B, KAT8, KCNIP3, KCNK2, KCTD1, KDM1A, KDM1B, KDM2A, KDM2B, KDM4A, KDM5A, KDM5B, KDM5C, KDM8, KDR, KHDRBS1, KHSRP, KIF25, KIRREL1, KIRREL2, KLF10, KLF11, KLF12, KLF15, KLF16, KLF2, KLF3, KLF4, KLF5, KLF7, KLF8, KLHL15, KLHL22, KLHL25, KLHL31, KLHL40, KMT2A, KMT2D, KMT5A, KNG1, KPNA7, L3MBTL1, L3MBTL2, L3MBTL3, L3MBTL4, LAG3, LAMA4, LAMP3, LAMTOR5, LANCL2, LAPTM4B, LAPTM5, LARP1, LARP1B, LARP4B, LARP7, LATS1, LATS2, LAX1, LBH, LBP, LCOR, LDB1, LDB2, LDLR, LEF1, LEFTY1, LEP, LEPR, LGALS3, LGALS9, LGALS9B, LGALS9C, LGMN, LGR4, LHX1, LHX2, LHX9, LIG3, LILRA4, LILRA5, LILRB1, LILRB2, LILRB4, LIMD1, LIMK1, LIMS1, LIN28A, LIN28B, LIN37, LL22NC03-63E9.3, LMCD1, LMNA, LMNB1, LMNB2, LMO1, LMO4, LNPEP, LOXL2, LOXL3, LPCAT1, LRIF1, LRIG2, LRP1, LRP3, LRP5, LRP6, LRPPRC, LRRC32, LRRFIP1, LRRK1, LRRK2, LSM1, LSM14A, LSM2, LSM4, LSM5, LSM6, LSM7, LTF, LYAR, LYN, LZTS1, MACIR, MACROH2A1, MACROH2A2, MAD2L1, MAD2L2, MAEL, MAF, MAF1, MAFB, MAFF, MAFG, MAFK, MAGEA1, MAGEA10, MAGEA11, MAGEA12, MAGEA13P, MAGEA2, MAGEA2B, MAGEA3, MAGEA4, MAGEA6, MAGEA8, MAGEA9, MAGEA9B, MAGEB1, MAGEB10, MAGEB16, MAGEB17, MAGEB18, MAGEB2, MAGEB3, MAGEB4, MAGEB5, MAGEB6, MAGEB6B, MAGEC1, MAGEC2, MAGEC3, MAGED1, MAGED2, MAGED4, MAGED4B, MAGEE1, MAGEE2, MAGEF1, MAGEH1, MAGEL2, MAGOH, MAGOHB, MALAT1, MALRD1, MALSU1, MAP1A, MAP2K5, MAP2K6, MAP3K10, MAP3K3, MAP3K7, MAPK14, MAPK8IP1, MAPKAPK2, MAPKBP1, MAPT, MAPT-AS1, MARCHF6-DT, MARCHF7, MARK1, MAS1, MASTL, MAX, MAZ, MBD1, MBD2, MBD3, MBD3L1, MBD3L2, MBD3L2B, MBD3L3, MBD3L4, MBD3L5, MBIP, MBTD1, MC1R, MCIDAS, MCL1, MCPH1, MDFI, MDFIC, MDM2, MDM4, MECOM, MECP2, MED1, MED25, MEF2A, MEF2C, MEFV, MEG3, MEIOC, MEIS2, MEN1, MEPCE, MERTK, MESP1, MET, METTL1, METTL13, METTL14, METTL16, METTL3, METTL4, MEX3D, MFHAS1, MFSD12, MFSD2A, MGAT3, MGAT4D, MGAT5, MICAL1, MIDEAS, MIDN, MIER1, MIER2, MIER3, MIF, MINAR1, MIR1-1, MIR1-2, MIR100, MIR101-1, MIR101-2, MIR103A1, MIR103A2, MIR103B1, MIR103B2, MIR105-1, MIR105-2, MIR106A, MIR106B, MIR107, MIR10A, MIR10B, MIR1178, MIR1180, MIR1181, MIR1183, MIR1185-1, MIR1185-2, MIR1197, MIR1207, MIR1208, MIR122, MIR1224, MIR1225, MIR1226, MIR1227, MIR1237, MIR124-1, MIR124-2, MIR124-3, MIR1246, MIR1249, MIR1251, MIR1253, MIR1255B1, MIR125A, MIR125B1, MIR125B2, MIR126, MIR1260B, MIR1262, MIR1265, MIR127, MIR1271, MIR1275, MIR1277, MIR128-1, MIR1283-1, MIR1283-2, MIR1287, MIR129-1, MIR129-2, MIR1296, MIR1298, MIR1302-2, MIR1302-4, MIR1302-5, MIR1306, MIR1307, MIR130A, MIR130B, MIR132, MIR133A1, MIR133A1HG, MIR133A2, MIR133B, MIR134, MIR135A1, MIR135A2, MIR135B, MIR136, MIR137, MIR137HG, MIR138-1, MIR138-2, MIR139, MIR140, MIR141, MIR142, MIR143, MIR144, MIR145, MIR146A, MIR146B, MIR147A, MIR147B, MIR148A, MIR148B, MIR149, MIR150, MIR151A, MIR152, MIR153-1, MIR154, MIR155, MIR155HG, MIR15A, MIR15B, MIR16-1, MIR16-2, MIR17, MIR17HG, MIR181A1, MIR181A2, MIR181B1, MIR181B2, MIR181C, MIR181D, MIR182, MIR1827, MIR183, MIR184, MIR185, MIR186, MIR187, MIR188, MIR18A, MIR18B, MIR1908, MIR190A, MIR190B, MIR191, MIR1912, MIR192, MIR193A, MIR193B, MIR194-1, MIR194-2, MIR195, MIR196A1, MIR196A2, MIR196B, MIR197, MIR198, MIR199A1, MIR199A2, MIR199B, MIR19A, MIR19B1, MIR19B2, MIR200A, MIR200B, MIR200C, MIR202, MIR203A, MIR203B, MIR204, MIR205, MIR206, MIR208A, MIR208B, MIR20A, MIR20B, MIR21, MIR210, MIR211, MIR212, MIR214, MIR215, MIR216A, MIR216B, MIR217, MIR218-1, MIR218-2, MIR219A1, MIR219A2, MIR219B, MIR22, MIR221, MIR222, MIR223, MIR224, MIR2355, MIR23A, MIR23AHG, MIR23B, MIR24-1, MIR24-2, MIR25, MIR26A1, MIR26A2, MIR26B, MIR27A, MIR27B, MIR28, MIR296, MIR298, MIR299, MIR29A, MIR29B1, MIR29B2, MIR29B2CHG, MIR29C, MIR300, MIR301A, MIR301B, MIR302A, MIR302B, MIR302C, MIR302D, MIR302E, MIR3065, MIR3074, MIR30A, MIR30B, MIR30C1, MIR30C2, MIR30D, MIR30E, MIR31, MIR3120, MIR3142HG, MIR3148, MIR3173, MIR3179-2, MIR3180-2, MIR3180-3, MIR3180-4, MIR3180-5, MIR3184, MIR32, MIR320A, MIR320B1, MIR320B2, MIR320C1, MIR320C2, MIR320D1, MIR320D2, MIR320E, MIR323A, MIR323B, MIR324, MIR326, MIR328, MIR329-1, MIR329-2, MIR330, MIR331, MIR335, MIR337, MIR338, MIR339, MIR33A, MIR33B, MIR340, MIR342, MIR345, MIR346, MIR34A, MIR34AHG, MIR34B, MIR34BHG, MIR34C, MIR3529, MIR3591, MIR361, MIR3619, MIR362, MIR363, MIR365A, MIR3661, MIR367, MIR3677HG, MIR369, MIR370, MIR371A, MIR372, MIR373, MIR374A, MIR374B, MIR374C, MIR375, MIR376A2, MIR376B, MIR376C, MIR377, MIR378A, MIR379, MIR381, MIR382, MIR383, MIR384, MIR3909, MIR409, MIR410, MIR411, MIR412, MIR422A, MIR423, MIR424, MIR425, MIR4286, MIR429, MIR432, MIR433, MIR448, MIR449A, MIR449B, MIR449C, MIR4500, MIR450A1, MIR450A2, MIR450B, MIR4516, MIR451A, MIR451B, MIR452, MIR454, MIR455, MIR4632, MIR4686, MIR483, MIR484, MIR485, MIR486-1, MIR486-2, MIR487A, MIR487B, MIR488, MIR489, MIR490, MIR491, MIR492, MIR493, MIR494, MIR495, MIR496, MIR497, MIR498, MIR499A, MIR499B, MIR500A, MIR500B, MIR501, MIR502, MIR503, MIR504, MIR505, MIR506, MIR508, MIR509-1, MIR511, MIR514A1, MIR515-1, MIR516A1, MIR516A2, MIR516B1, MIR516B2, MIR517A, MIR517B, MIR517C, MIR518A1, MIR518A2, MIR518B, MIR518C, MIR518D, MIR518E, MIR518F, MIR519A1, MIR519A2, MIR519B, MIR519C, MIR519D, MIR519E, MIR520A, MIR520B, MIR520C, MIR520D, MIR520E, MIR520F, MIR520G, MIR520H, MIR521-1, MIR521-2, MIR522, MIR523, MIR524, MIR525, MIR526A1, MIR526A2, MIR526B, MIR527, MIR532, MIR539, MIR541, MIR542, MIR543, MIR544A, MIR548A3, MIR548AA2, MIR548AJ2, MIR548AZ, MIR548C, MIR548D1, MIR548D2, MIR548H2, MIR548H3, MIR548H4, MIR548M, MIR548P, MIR548X2, MIR549A, MIR550A1, MIR550A2, MIR550A3, MIR550B1, MIR550B2, MIR551A, MIR551B, MIR552, MIR553, MIR554, MIR556, MIR557, MIR558, MIR5588, MIR562, MIR563, MIR564, MIR567, MIR569, MIR572, MIR573, MIR574, MIR575, MIR576, MIR577, MIR578, MIR580, MIR581, MIR582, MIR583, MIR584, MIR586, MIR588, MIR589, MIR590, MIR592, MIR593, MIR595, MIR597, MIR599, MIR600, MIR601, MIR604, MIR605, MIR607, MIR608, MIR6086, MIR609, MIR611, MIR612, MIR613, MIR615, MIR616, MIR618, MIR621, MIR624, MIR625, MIR626, MIR628, MIR631, MIR632, MIR633, MIR636, MIR638, MIR639, MIR640, MIR642A, MIR642B, MIR643, MIR644A, MIR648, MIR649, MIR650, MIR651, MIR652, MIR653, MIR654, MIR655, MIR656, MIR657, MIR659, MIR660, MIR661, MIR662, MIR663A, MIR663B, MIR665, MIR668, MIR671, MIR675, MIR676, MIR6869, MIR7-1, MIR7-2, MIR7-3, MIR708, MIR711, MIR744, MIR758, MIR760, MIR761, MIR764, MIR765, MIR766, MIR767, MIR769, MIR770, MIR802, MIR873, MIR874, MIR875, MIR876, MIR877, MIR885, MIR887, MIR889, MIR891A, MIR891B, MIR892B, MIR9-1, MIR9-2, MIR9-2HG, MIR9-3, MIR920, MIR922, MIR924, MIR92A1, MIR92A2, MIR92B, MIR93, MIR934, MIR935, MIR936, MIR937, MIR938, MIR939, MIR940, MIR942, MIR944, MIR96, MIR98, MIR99A, MIR99B, MIRLET7A1, MIRLET7A2, MIRLET7A3, MIRLET7B, MIRLET7BHG, MIRLET7C, MIRLET7D, MIRLET7E, MIRLET7F1, MIRLET7F2, MIRLET7G, MIRLET7I, MITF, MKKS, MLH1, MLIP, MLST8, MLX, MLXIPL, MMP12, MMP3, MMP9, MNT, MNX1, MORC1, MORC2, MORC3, MOSPD1, MOV10, MOV10L1, MPHOSPH8, MPV17L, MRPL13, MRTO4, MSC, MSH2, MSH3, MSH6, MSR1, MST1, MSX1, MSX2, MT3, MTA1, MTA2, MTA3, MTCL2, MTDH, MTERF3, MTM1, MTMR2, MTMR9, MTOR, MTPAP, MUC1, MUL1, MVP, MXD1, MXD3, MXD4, MXI1, MYADM, MYB, MYBBP1A, MYC, MYCBP2, MYCN, MYCNOS, MYD88, MYF6, MYOCD, MYOZ1, MYOZ2, MYPOP, MYT1L, MZF1, N4BP1, N4BP2L2, NAB1, NAB2, NACC1, NACC2, NAF1, NAIP, NANOG, NANOS1, NANOS2, NANOS3, NAT10, NAV3, NBAS, NBDY, NBN, NCBP1, NCBP2, NCBP3, NCK1, NCK2, NCKAP1L, NCL, NCOA2, NCOA5, NCOA7, NCOR1, NCOR2, NDFIP1, NDFIP2, NDN, NDRG2, NDUFA13, NEAT1, NEDD4, NEIL1, NELFA, NELFB, NELFCD, NELFE, NELL1, NEUROG3, NF1, NF2, NFATC2, NFATC3, NFATC4, NFE2L3, NFIB, NFIC, NFIL3, NFIX, NFKB1, NFKBIL1, NFX1, NHLRC1, NHLRC3, NIBAN1, NIBAN2, NIF3L1, NIPBL, NKAP, NKRF, NKX2-1, NKX2-5, NKX3-1, NKX3-2, NKX6-1, NKX6-2, NKX6-3, NLRC3, NLRP12, NLRP2B, NLRP3, NLRP6, NLRP7, NLRX1, NMB, NMBR, NMI, NMNAT1, NMNAT2, NNT, NOC2L, NOCT, NOD2, NODAL, NOG, NOL3, NONO, NOP53, NORAD, NOS2, NOSTRIN, NOTCH1, NOTCH2, NOTCH3, NOTCH4, NOVA1, NOVA2, NPAS1, NPAT, NPC1, NPLOC4, NPM1, NPPA, NPPC, NPR3, NPRL2, NPTN, NQO1, NR0B1, NR0B2, NR1D1, NR1D2, NR1H2, NR1H3, NR1H4, NR1I2, NR1I3, NR2C1, NR2C2, NR2E1, NR2E3, NR2F1, NR2F2, NR2F6, NR3C1, NR4A2, NR4A3, NR6A1, NRARP, NRBP2, NRDC, NRDE2, NRG1, NRIP1, NRIP2, NSD1, NSD2, NSMCE3, NSUN2, NT5C3B, NTF3, NTRK2, NTRK3, NTS, NUDT12, NUDT16, NUDT16L1, NUP155, NUPR1, NUPR2, NXN, OAS1, OAS3, OCLN, OGG1, OGT, OIP5-AS1, OLFM1, OLIG2, OLIG3, OPHN1, OPN3, OPRD1, OPTN, ORC2, ORM1, ORMDL1, ORMDL2, ORMDL3, OSR1, OSR2, OTP, OTUB1, OTUB2, OTUD5, OTUD7B, OVOL1, OVOL2, OXR1, P3H1, PA2G4, PABPC1, PABPC4, PABPN1L, PAF1, PAGE4, PAIP1, PAIP2, PAIP2B, PAK2, PAN2, PAN3, PANO1, PAQR3, PARD3, PARD6A, PARK7, PARN, PARP1, PARP10, PARP14, PARP15, PARP16, PARP3, PARP9, PARPBP, PASD1, PASK, PATL1, PATL2, PATZ1, PAWR, PAX2, PAX5, PAX6, PAX9, PBK, PBXIP1, PC, PCBP3, PCBP4, PCGF1, PCGF2, PCGF3, PCGF5, PCGF6, PCID2, PCIF1, PCNA, PCSK9, PCTP, PDCD10, PDCD1LG2, PDCD4, PDCL3, PDE12, PDE2A, PDE3B, PDE4D, PDE8B, PDGFA, PDGFB, PDPK1, PDS5A, PDX1, PEG3, PELO, PER1, PER2, PER3, PEX14, PF4, PFDN1, PFDN2, PFDN4, PFDN5, PFDN6, PFKFB1, PGAM5, PGLYRP1, PGLYRP2, PGLYRP3, PGP, PGR, PHAX, PHB1, PHB2, PHC1, PHC2, PHC3, PHF12, PHF14, PHF19, PHF2, PHF20L1, PHF21A, PHF23, PHF24, PHF6, PHF8, PIAS1, PIAS3, PIAS4, PIBF1, PICALM, PID1, PIF1, PIH1D1, PIK3CA, PIK3CG, PIN1, PINK1, PINX1, PIP5KL1, PITX1, PIWIL1, PIWIL2, PIWIL3, PIWIL4, PKIA, PKIB, PKIG, PKN1, PKP1, PKP3, PLA2G10, PLA2G3, PLAA, PLAG1, PLAGL1, PLAT, PLAU, PLAUR, PLCB1, PLCL1, PLCL2, PLD6, PLEK, PLEKHN1, PLIN5, PLK1, PLK2, PLK3, PLPP3, PML, PNLDC1, PNPT1, PNRC1, PNRC2, POLDIP2, POLE3, POLQ, POLR2G, POMC, PON3, POT1, POU1F1, POU2F1, POU3F2, POU3F3, POU4F1, POU4F2, POU5F1, POU6F1, PPARA, PPARD, PPARG, PPARGC1B, PPEF2, PPHLN1, PPIA, PPID, PPIF, PPM1A, PPM1B, PPM1D, PPM1E, PPM1F, PPP1R11, PPP1R13L, PPP1R14D, PPP1R15A, PPP1R15B, PPP1R16B, PPP1R1B, PPP1R8, PPP2CA, PPP2CB, PPP2R1A, PPP2R5A, PPP2R5D, PPP3CA, PPP4R4, PRAME, PRAMEF1, PRAMEF10, PRAMEF11, PRAMEF12, PRAMEF13, PRAMEF14, PRAMEF15, PRAMEF17, PRAMEF18, PRAMEF19, PRAMEF2, PRAMEF20, PRAMEF22, PRAMEF25, PRAMEF27, PRAMEF33, PRAMEF4, PRAMEF5, PRAMEF6, PRAMEF7, PRAMEF8, PRAMEF9, PRDM1, PRDM11, PRDM12, PRDM13, PRDM14, PRDM16, PRDM2, PRDM5, PRDM6, PRDM8, PRDX3, PRDX5, PRG2, PRG3, PRICKLE1, PRKAA1, PRKAA2, PRKACA, PRKAG2, PRKAR1A, PRKAR1B, PRKAR2A, PRKAR2B, PRKCA, PRKCD, PRKCE, PRKCG, PRKCZ, PRKDC, PRKG1, PRKN, PRKRA, PRKRIP1, PRMT2, PRMT3, PRMT5, PRMT6, PRNP, PROP1, PROX1, PRR5L, PRRX1, PSEN1, PSG9, PSMC5, PSMD10, PSME3IP1, PSMF1, PSPC1, PTBP1, PTBP2, PTBP3, PTCH1, PTEN, PTGER4, PTGIS, PTH, PTK6, PTPA, PTPN1, PTPN11, PTPN13, PTPN2, PTPN22, PTPN3, PTPN6, PTPRB, PTPRC, PTPRJ, PTPRK, PTPRO, PTPRQ, PTPRS, PTPRT, PTRH2, PTX3, PUM1, PUM2, PURA, PURB, PUS10, PUS7, PWP1, PYCARD, PYDC1, PYDC2, PYM1, QARS1, QKI, QRICH2, QSOX1, RABGEF1, RAC1, RACK1, RAD17, RAD21, RAD50, RADX, RAF1, RALY, RAN, RAPGEF2, RARA, RARB, RARG, RASD1, RASIP1, RASSF2, RB1, RBAK, RBBP4, RBBP7, RBBP8, RBFOX2, RBL1, RBL2, RBM10, RBM15, RBM15B, RBM20, RBM24, RBM33, RBM4, RBM42, RBM46, RBM47, RBM8A, RBMS3, RBMX, RBPJ, RBX1, RC3H1, RC3H2, RCOR1, RCOR2, RCOR3, RD3, RECK, RECQL5, REL, RELA, RELB, RERE, RESF1, REST, RFC1, RFFL, RFX3, RFX5, RGCC, RGN, RGP1, RGS14, RGS2, RHEB, RHOA, RIC1, RIDA, RIF1, RILP, RING1, RIOX1, RIOX2, RIPK1, RIPPLY1, RIPPLY2, RIPPLY3, RITA1, RLIM, RMI2, RN7SK, RNA45SN1, RNA45SN2, RNA45SN3, RNA45SN4, RNA45SN5, RNASEH2B, RNASEL, RNF125, RNF128, RNF139, RNF168, RNF169, RNF2, RNF216, RNF34, RNF41, RNF5, RNF8, RNH1, RNPS1, ROBO1, ROCK1, ROCK2, RORB, RORC, RPL10, RPL11, RPL13A, RPL23, RPL5, RPS13, RPS14, RPS19, RPS26, RPS3, RPS6KA1, RPS6KA3, RPS6KA4, RPS6KA5, RPS7, RPTOR, RRAGA, RRAGB, RRAGC, RRAGD, RREB1, RRP8, RSF1, RTEL1, RTF1, RTN1, RTN2, RTN3, RTN4, RTRAF, RUBCN, RUNX1, RUNX1T1, RUNX2, RUNX3, RUVBL2, RXRA, RYBP, S100A11, SALL1, SALL4, SAMD1, SAMD11, SAMD4A, SAMD4B, SAMD7, SAMSN1, SAP130, SAP18, SAP30, SAP30L, SARNP, SARS1, SATB1, SATB2, SBNO2, SCAF4, SCAF8, SCAI, SCAP, SCFD1, SCGB1A1, SCMH1, SCML1, SCML2, SCML4, SCRT1, SCRT2, SCX, SDCBP, SDR16C5, SEC22B, SECISBP2, SELENOS, SEMA4D, SENP1, SENP2, SENP3, SEPTIN14P20, SERBP1, SERPINA1, SERPINA10, SERPINA11, SERPINA12, SERPINA2, SERPINA3, SERPINA4, SERPINA5, SERPINA6, SERPINA7, SERPINA9, SERPINB1, SERPINB10, SERPINB11, SERPINB12, SERPINB13, SERPINB2, SERPINB3, SERPINB4, SERPINB5, SERPINB6, SERPINB7, SERPINB8, SERPINB9, SERPIND1, SERPINE1, SERPINE2, SERPINE3, SERPINF1, SERPINF2, SERPING1, SERPINH1, SERPINI1, SERPINI2, SESN2, SET, SETD5, SETDB1, SETDB2, SF1, SF3B3, SFMBT1, SFMBT2, SFN, SFPQ, SFRP1, SFRP2, SFSWAP, SFTPD, SGF29, SGTA, SH3GL2, SH3RF1, SH3RF2, SHC1, SHFL, SHH, SHLD1, SHLD2, SHLD3, SHMT1, SHMT2, SHOX2, SHQ1, SIAH2, SIGIRR, SIGLEC1, SIK1, SIM2, SIN3A, SIN3B, SINHCAF, SIRPA, SIRT1, SIRT2, SIRT3, SIRT4, SIRT5, SIRT6, SIRT7, SIX1, SIX3, SIX4, SIX5, SKI, SKIC2, SKIC3, SKIC8, SKIL, SKOR1, SKOR2, SLA2, SLAMF1, SLAMF8, SLC11A1, SLC18A2, SLC22A13, SLC24A3, SLC24A5, SLC27A1, SLC2A10, SLC35C2, SLC4A1, SLC7A5, SLC8A1, SLC8A3, SLFN11, SLFN14, SLIRP, SLIT2, SLIT3, SLX1A, SLX1B, SLX4, SMAD1, SMAD2, SMAD3, SMAD4, SMAD5, SMAD5-AS1, SMAD7, SMARCA2, SMARCA4, SMARCA5, SMARCC1, SMARCC2, SMARCE1, SMCHD1, SMCR8, SMG1, SMG5, SMG6, SMG7, SMG8, SMG9, SMO, SMPD1, SMPD3, SMTNL1, SMURF2, SMYD1, SMYD2, SMYD5, SNAI1, SNAI2, SNAI3, SNCA, SND1, SNIP1, SNRNP70, SNTA1, SNW1, SNX12, SNX3, SNX6, SOCS1, SOCS3, SOCS4, SOCS5, SOD1, SORBS3, SORL1, SOX1, SOX10, SOX11, SOX12, SOX13, SOX14, SOX15, SOX18, SOX2, SOX21, SOX3, SOX30, SOX4, SOX6, SOX7, SOX8, SOX9, SP100, SP2, SP3, SP5, SPACA6-AS1, SPAG9, SPDEF, SPEN, SPHK1, SPI1, SPINDOC, SPINK1, SPINK2, SPINK5, SPINK7, SPOCD1, SPOCK1, SPOCK2, SPOCK3, SPON1, SPOPL, SPOUT1, SPRED1, SPRED2, SPRY1, SPRY2, SPRY3, SPRY4, SPTY2D1, SQSTM1, SRC, SRCIN1, SREBF1, SREBF2, SRF, SRGN, SRP9, SRRT, SRSF10, SRSF12, SRSF2, SRSF3, SRSF4, SRSF6, SRSF7, SRSF9, SRY, SSB, SSC5D, SSX1, STAP1, STAT1, STAT3, STAT6, STAU1, STC2, STK11, STK38, STK38L, STN1, STOX1, STRAP, STRN3, STYX, STYXL1, SUB1, SUDS3, SUFU, SUMO1, SUMO4, SUPT4H1, SUPT5H, SUPV3L1, SUV39H1, SUV39H2, SUZ12, SVBP, SVIP, SWAP70, SYNCRIP, SYT11, TAB2, TAB3, TADA3, TAF1, TAF15, TAF3, TAF7, TAF9, TAF9B, TAGLN3, TAL1, TARBP2, TARDBP, TASOR, TASOR2, TBC1D14, TBC1D24, TBK1, TBL1X, TBL1XR1, TBL1Y, TBR1, TBRG4, TBX15, TBX18, TBX2, TBX20, TBX21, TBX22, TBX3, TBX6, TBXT, TCEAL7, TCERG1, TCF21, TCF23, TCF25, TCF3, TCF7, TCF7L2, TCFL5, TCP10L, TDG, TDP2, TDRD1, TDRD12, TDRD5, TDRD6, TDRD7, TDRD9, TDRKH, TEN1, TENM2, TENT2, TENT4A, TENT4B, TENT5A, TENT5B, TENT5C, TENT5D, TERC, TERF1, TERF2, TERF2IP, TERT, TESK1, TET1, TEX15, TFAP2A, TFAP2B, TFAP2C, TFAP4, TFCP2L1, TFDP2, TFE3, TFEC, TFIP11, TGFB1, TGFB2, TGFB3, TGIF1, TGIF2, TGIF2LX, TGIF2LY, THAP1, THAP11, THAP5, THAP7, THBS1, THRA, THRAP3, THRB, THY1, TIA1, TIAL1, TIGAR, TIGIT, TIMELESS, TIMP1, TIMP2, TIMP3, TIMP4, TINF2, TIPARP, TIPIN, TIPRL, TIRAP, TLE1, TLE2, TLE3, TLE4, TLE5, TLE6, TLE7, TLK2, TLR4, TLR6, TLR8, TM4SF20, TMBIM6, TMED2, TMEFF2, TMEM132A, TMEM39A, TMEM98, TMF1, TMPRSS6, TMX1, TNF, TNFAIP3, TNFRSF21, TNFRSF4, TNFSF11, TNFSF4, TNKS, TNKS1BP1, TNKS2, TNP1, TNRC6A, TNRC6B, TNRC6C, TOB1, TOB2, TP53, TP53BP1, TP53INP1, TP63, TPPP, TPR, TRAF2, TRAF3IP1, TRAF3IP2, TRAF5, TRAF6, TRAIP, TRAP1, TRAT1, TRDMT1, TREM2, TRERF1, TRIAP1, TRIB1, TRIB2, TRIB3, TRIM11, TRIM2, TRIM21, TRIM22, TRIM24, TRIM27, TRIM28, TRIM29, TRIM3, TRIM33, TRIM37, TRIM39, TRIM40, TRIM44, TRIM6, TRIM71, TRIP12, TRO, TRPS1, TRPV1, TRPV4, TRUB1, TSC1, TSC2, TSC22D4, TSG101, TSHZ3, TSKU, TSN, TSNAX, TSPO, TSPYL2, TTBK1, TTC36, TTC5, TTF1, TUSC2, TUSC8, TUT4, TUT7, TWIST1, TWIST2, TWSG1, TXN, TXNIP, TYMS, TYROBP, U2AF2, UBASH3B, UBE2B, UBE2D1, UBE2D3, UBE2I, UBQLN4, UBR2, UBR4, UBR5, UBXN1, UBXN2A, UCHL1, UCHL5, UCN, UFD1, UFL1, UGT1A1, UGT1A8, UHRF1, UIMC1, UNK, UPF1, UPF2, UPF3A, UPF3B, UPK3B, URI1, USP14, USP17L2, USP2, USP25, USP26, USP3, USP30, USP36, USP38, USP4, USP44, USP47, USP5, USP7, USP8, USP9X, UXT, VAX1, VAX2, VBP1, VDAC1, VDR, VEGFA, VGLL4, VHL, VIM, VIP, VPS25, VPS28, VPS35, VPS72, VSIG4, VSIR, VSX2, VTN, WAC, WAPL, WARS1, WASHC1, WDR5, WDR6, WDR82, WDTC1, WFS1, WNK1, WNT1, WNT10B, WNT11, WNT4, WNT5A, WT1, WTIP, WWC1, WWC2, WWC3, WWP1, WWP2, WWTR1, XAF1, XCL1, XDH, XIAP, XIST, XPO5, XRCC1, XRCC5, XRCC6, XRN1, XRN2, YAF2, YAP1, YBX1, YBX3, YEATS2, YTHDC1, YTHDF1, YTHDF2, YTHDF3, YWHAB, YWHAE, YWHAG, YWHAQ, YWHAZ, YY1, ZAR1, ZAR1L, ZBED2, ZBED3, ZBED6, ZBTB1, ZBTB10, ZBTB12, ZBTB14, ZBTB16, ZBTB17, ZBTB18, ZBTB2, ZBTB20, ZBTB21, ZBTB25, ZBTB26, ZBTB32, ZBTB33, ZBTB34, ZBTB37, ZBTB38, ZBTB39, ZBTB4, ZBTB42, ZBTB45, ZBTB46, ZBTB49, ZBTB5, ZBTB6, ZBTB7A, ZBTB7B, ZBTB8A, ZC3H10, ZC3H12A, ZC3H12D, ZC3H14, ZC3H4, ZC3H6, ZC3H7A, ZC3H7B, ZC3H8, ZC3HAV1, ZCCHC17, ZCCHC7, ZDHHC7, ZEB1, ZEB2, ZFAT-AS1, ZFHX3, ZFP36, ZFP36L1, ZFP36L2, ZFPM1, ZFPM2, ZFTA, ZFYVE28, ZGLP1, ZGPAT, ZHX1, ZHX2, ZHX3, ZIC2, ZKSCAN3, ZMPSTE24, ZMYM2, ZMYM5, ZMYND11, ZMYND15, ZMYND8, ZNF12, ZNF131, ZNF133, ZNF134, ZNF136, ZNF140, ZNF141, ZNF148, ZNF174, ZNF175, ZNF202, ZNF205, ZNF217, ZNF219, ZNF224, ZNF239, ZNF24, ZNF253, ZNF254, ZNF256, ZNF263, ZNF268, ZNF274, ZNF281, ZNF282, ZNF296, ZNF304, ZNF318, ZNF345, ZNF350, ZNF354B, ZNF354C, ZNF366, ZNF410, ZNF418, ZNF423, ZNF425, ZNF431, ZNF445, ZNF451, ZNF469, ZNF488, ZNF503, ZNF512B, ZNF536, ZNF540, ZNF541, ZNF568, ZNF572, ZNF589, ZNF598, ZNF608, ZNF639, ZNF653, ZNF658, ZNF668, ZNF675, ZNF692, ZNF703, ZNF706, ZNF746, ZNF750, ZNF777, ZNF8, ZNF827, ZNF85, ZNF91, ZNF93, ZNFX1, ZP3, ZPBP2, ZRANB3, ZSCAN10, ZSCAN4, ZSWIM8
GO:0048701	embryonic cranial skeleton morphogenesis	45	2	0.16	0.01081	0.01597058823529412	BMP4, CHST11, DLX2, EIF4A3, FGF8, FGFR2, FOXC2, GLI3, GRHL2, HOXA1, HOXA2, IFT140, IRX5, LHX1, MED12, MMP14, MMP16, MTHFD1, MTHFD1L, NDST1, NIPBL, NODAL, PAX5, PDGFRA, PRRX1, RDH10, RUNX2, SETD2, SIX1, SIX2, SIX4, SLC39A1, SLC39A3, SMAD2, SMAD3, TBX1, TBX15, TFAP2A, TGFB3, TGFBR1, TGFBR2, TULP3, TWIST1, WDR19, WNT9B
GO:0060428	lung epithelium development	45	2	0.16	0.01081	0.01597058823529412	ADAMTSL2, AGR2, AIMP2, ASCL1, BMP4, CDC42, COL6A1, CREB1, CTNNB1, ERRFI1, FGF10, FGF7, FGFR2, FOSL2, FOXA1, FOXJ1, GATA6, GRHL2, HOXA5, IL13, KLF2, KRAS, LTA4H, MAP2K1, MAP2K2, NFIB, NKX2-1, PKD1, PPP3R1, RBBP9, RBPJ, RCN3, SAV1, SHH, SOX9, SPDEF, SRSF6, STRA6, THRA, THRB, TMEM38B, TP73, WNT2, WNT7B, YAP1
GO:0010595	positive regulation of endothelial cell migration	131	3	0.46	0.01086	0.01597058823529412	AAMP, ABL1, ADAM17, ADGRA2, AGT, AKT1, AKT3, ANGPT1, ANGPT4, ANXA1, ANXA3, ATOH8, ATP5F1A, ATP5F1B, BCAR1, BCAS3, CALR, CCBE1, CD40, CIB1, CRIPTO, EDN1, EGF, EMC10, ETS1, FGF1, FGF16, FGF18, FGF2, FGFBP1, FGFR1, FLT4, FOXC2, FOXP1, FUT1, GATA2, GATA3, GFUS, GPI, GPLD1, GRN, HDAC7, HDAC9, HIF1A, HMGB1, HMOX1, HSPB1, ITGB1BP1, ITGB3, JCAD, KDR, LGMN, MAP2K3, MAP3K3, MET, MIR101-1, MIR10A, MIR10B, MIR126, MIR132, MIR135B, MIR143, MIR146A, MIR150, MIR1908, MIR199A1, MIR200A, MIR21, MIR210, MIR221, MIR23A, MIR27A, MIR27B, MIR296, MIR29A, MIR30A, MIR31, MIR342, MIR487B, MIR499A, MIR939, MIRLET7F1, NFE2L2, NOS3, NRP1, NRP2, NUS1, P2RX4, PDCD6, PDGFB, PDPK1, PIK3C2A, PIK3CB, PIK3CD, PIK3CG, PLCG1, PLG, PLK2, PLPP3, PRKCA, PRKD1, PRKD2, PROX1, PTGS2, PTK2B, RAC1, RHOB, RHOJ, RIN2, ROCK2, RRAS, SASH1, SCARB1, SEMA5A, SIRT1, SMOC2, SP1, SPARC, SRPX2, STAT5A, TEK, TGFB1, TGFBR3, THBS1, TMSB4X, VEGFA, VEGFC, WNT5A, WNT7A, ZC3H12A, ZNF580
GO:0010817	regulation of hormone levels	539	6	1.88	0.01124	0.016432748538011695	AACS, AANAT, ABAT, ABCA12, ABCC8, ACE, ACE2, ACSL4, ACVR1C, ACVR2B, ADAM10, ADCY5, ADCY8, ADCYAP1, ADH1A, ADH1B, ADH1C, ADH4, ADH6, ADH7, ADIPOQ, ADM, ADORA1, ADRA2A, AFP, AGT, AGTR1, AIMP1, AKR1B1, AKR1B10, AKR1B15, AKR1C1, AKR1C2, AKR1C3, AKR1C4, AKR1D1, ALDH1A1, ALDH1A2, ALDH1A3, ALDH8A1, ALOX5, ANO1, ANXA1, AQP1, ARNT, ASMT, ATP1A1, ATP6AP2, AWAT2, BACE2, BAD, BAIAP3, BBS1, BCAT2, BCHE, BCO1, BCO2, BLK, BMAL1, BMP2, BMP5, BMP6, BMP8A, BRSK2, BTK, C1QTNF1, C1QTNF12, C1QTNF3, C2CD2L, CACNA1H, CAMK2G, CAPN10, CARTPT, CASR, CCDC186, CCKAR, CCL5, CCN3, CD38, CDK16, CEL, CELA2A, CFTR, CGA, CHD7, CHGA, CHRM3, CHST10, CHST8, CHST9, CLCN2, CLOCK, CLTRN, CMA1, CNR1, CORIN, CPA3, CPE, CPLX1, CPLX3, CPQ, CPT1A, CRABP2, CREB1, CRH, CRHBP, CRHR1, CRY1, CRY2, CRYM, CTNS, CTSB, CTSG, CTSK, CTSL, CTSZ, CYB5R4, CYP11A1, CYP11B1, CYP11B2, CYP17A1, CYP19A1, CYP1A1, CYP1A2, CYP1B1, CYP21A2, CYP26A1, CYP26B1, CYP26C1, CYP27B1, CYP27C1, CYP2C18, CYP2C8, CYP2C9, CYP2D6, CYP2S1, CYP2W1, CYP3A4, CYP3A5, CYP3A7, CYP46A1, DAB2, DDO, DGAT1, DGAT2, DGKQ, DHCR7, DHRS11, DHRS2, DHRS3, DHRS4, DHRS7, DHRS9, DIO1, DIO2, DIO3, DISP1, DKK3, DOC2B, DPP4, DRD2, DUOX1, DUOX2, DUOXA1, DUOXA2, DYNLL1, ECE1, ECE2, EDN1, EDN3, EDNRB, EFNA5, EGFR, EGR1, EIPR1, ENPEP, ENSA, ENY2, EPHA5, ERO1B, ESR1, EXOC3L1, F2, F2RL1, F2RL2, FAM3B, FAM3D, FDX1, FFAR1, FFAR2, FFAR3, FFAR4, FGA, FGB, FGF23, FGFR1, FGG, FKBP1B, FOXA1, FOXA2, FOXD1, FOXE1, FOXL2, FOXO1, FSHB, FURIN, FZD4, G6PC2, GABBR1, GAL, GALR1, GATA3, GCG, GCK, GCNT4, GDF9, GFI1, GHR, GHRH, GHRHR, GHRL, GHSR, GIP, GIPR, GJA1, GLP1R, GLUD1, GNA11, GNAZ, GNB3, GNRHR, GPER1, GPLD1, GPR119, GPR27, GPR68, GRP, H6PD, HADH, HCAR2, HFE, HIF1A, HLA-DRB1, HNF1A, HNF1B, HNF4A, HPN, HSD17B1, HSD17B10, HSD17B11, HSD17B12, HSD17B2, HSD17B3, HSD17B4, HSD17B6, HSD17B7, HSD17B8, HSD3B1, HSD3B2, HTR1A, HTR2C, IDE, IFNG, IGF1R, IL11, IL1B, IL1RN, IL4I1, IL6, ILDR1, ILDR2, INHA, INHBA, INHBB, INS, IRS1, IRS2, ISL1, ITPR1, IYD, JAGN1, JAK2, KCNA5, KCNB1, KCNJ11, KCNQ1, KDM5B, KISS1, KLF7, KLK6, LEP, LHB, LHCGR, LIF, LIPE, LRAT, LRP5, LRRC8A, LTBP4, LYN, MAFA, MBOAT4, MC4R, MCU, MED1, MEP1A, MIDN, MME, MPC2, MTNR1B, MYB, MYRIP, NADK, NAGLU, NDST2, NDUFAF2, NEUROD1, NFKB1, NIBAN2, NKX3-1, NKX6-1, NLGN2, NMB, NNAT, NOS2, NPVF, NR0B2, NR1D1, NR1H4, NR3C1, NR5A1, OPRK1, ORAI1, OSBP, OSM, P2RY1, P4HB, PAPSS2, PARK7, PASK, PAX8, PCK2, PCLO, PCSK1, PCSK1N, PCSK2, PCSK4, PCSK5, PCSK6, PCSK7, PDE8B, PDGFRA, PDX1, PER2, PFKFB2, PFKL, PFKM, PICK1, PIM3, PLA2G3, PLA2G6, PLA2G7, PLB1, PLCB1, PLEKHA1, PNLIP, PNPLA2, PNPLA4, POMC, PPARG, PPP3CA, PPP3CB, PRKACA, PRKAR1A, PRKCB, PRKCE, PRKD1, PRKN, PRLHR, PRMT3, PSMD9, PTPN11, PTPRN, PTPRN2, RAB11B, RAB11FIP1, RAB11FIP2, RAB11FIP3, RAB11FIP5, RAB1A, RAB3A, RAB44, RAB8B, RAF1, RAPGEF4, RASL10B, RBM4, RBP1, RBP4, RDH10, RDH11, RDH12, RDH13, RDH14, RDH16, RDH5, RDH8, REN, REST, RETN, RETSAT, RFX3, RFX6, RIMS2, RPE65, RPH3AL, SCG5, SCNN1B, SCPEP1, SCT, SDR16C5, SDR9C7, SELENOM, SELENOT, SERP1, SERPINA7, SFRP1, SGPL1, SHH, SIDT2, SIN3A, SIRT3, SIRT4, SIRT6, SLC16A1, SLC16A10, SLC16A2, SLC17A4, SLC18A2, SLC22A9, SLC25A22, SLC26A7, SLC2A2, SLC30A5, SLC30A8, SLC39A14, SLC3A2, SLC5A5, SLC7A5, SLC7A8, SLC8B1, SLC9B2, SLCO1B1, SLCO1C1, SLCO4A1, SMAD2, SMAD4, SMPD3, SNAP23, SNAP25, SNX19, SNX4, SOX11, SOX4, SOX8, SPINK1, SPP1, SRD5A1, SRD5A2, SRD5A3, SREBF1, SRI, SSTR5, STARD3, STAT5B, STC2, STUB1, STX1A, STX4, STXBP3, STXBP4, SULT1A1, SULT1B1, SULT1E1, SULT2A1, SYBU, SYT7, SYTL4, TACR1, TACR2, TARDBP, TBX3, TCF7L2, TCIRG1, TFAP2B, TFR2, TG, TIAM1, TIPARP, TM7SF3, TMF1, TNF, TNFSF11, TPO, TRH, TRPM4, TRPV4, TRPV6, TSPO, TUBB1, TUNAR, UBE2Q1, UCN, UCN3, UCP2, UGT1A1, UGT1A3, UGT1A7, UGT1A8, UGT1A9, UGT2A3, UGT2B10, UGT2B11, UGT2B15, UGT2B17, UGT2B28, UGT2B4, UGT2B7, UQCC2, VAMP7, VAMP8, VGF, VIP, VSNL1, WNK4, WNT4, YIPF5, ZBED6, ZMPSTE24
GO:0043666	regulation of phosphoprotein phosphatase activity	47	2	0.16	0.01175	0.01691091954022988	AGTR2, BOD1, CALM1, CALM2, CALM3, CD300A, CD33, CRY2, FCRL3, FKBP1A, FKBP1B, GNA12, GSK3B, HSP90AB1, HSP90B1, HTT, IKBKB, ITGA1, LGALS3, MAGI2, MASTL, MGAT5, MTOR, NCKAP1L, NUAK1, PDGFRB, PPP1R12A, PPP1R14D, PPP1R15A, PPP1R15B, PPP1R1B, PPP1R2, PPP1R2B, PPP1R2C, PPP1R2P1, PPP4R4, PPP6R1, PPP6R2, PPP6R3, PTPA, PTPRC, ROCK1, ROCK2, STYXL1, TIPRL, TNF, TSC1
GO:0055078	sodium ion homeostasis	47	2	0.16	0.01175	0.01691091954022988	AGT, AGTR1, ATP12A, ATP1A1, ATP1A2, ATP1A3, ATP1A4, ATP1B1, ATP1B2, ATP1B3, ATP4A, ATP4B, ATP6V1B1, COMT, CORIN, CYP11B2, CYP4A11, CYP4F12, CYP4F2, DRD2, EDN1, EDNRA, EDNRB, EXT1, EXT2, FXYD2, IL1A, MC3R, MLLT6, NPPB, NPR1, SCN7A, SCNN1A, SCNN1B, SCNN1D, SCNN1G, SLC12A1, SLC12A2, SLC12A3, SLC1A3, SLC8A1, SLC9A1, SLC9B2, SPX, TMPRSS3, UMOD, UPK3A
GO:0009154	purine ribonucleotide catabolic process	135	3	0.47	0.01177	0.01691091954022988	ABCD1, ACAT1, ACOT7, ACTN3, ADA, ADPGK, ALDOA, ALDOB, ALDOC, AMPD3, APP, ARL2, BPGM, CBFA2T3, COL6A1, DDIT4, DHTKD1, EIF6, ENO1, ENO2, ENO3, ENO4, ENTPD4, EP300, FBP1, FITM2, FKRP, FLCN, FOXK1, FOXK2, GALK1, GAPDH, GAPDHS, GCK, GDA, GIT1, GPD1, GPI, HDAC4, HIF1A, HINT1, HK1, HK2, HK3, HKDC1, HPRT1, HTR2A, IER3, IFNG, IGF1, INS, INSR, ITPA, JMJD8, KAT2B, LDHA, LIPA, MLST8, MLXIPL, MLYCD, MTOR, NCOR1, NT5C, NT5C1A, NT5C2, NT5E, NUDT10, NUDT11, NUDT18, NUDT19, NUDT3, NUDT4, NUDT4B, NUDT7, NUDT8, NUDT9, NUPR1, OGDH, OGDHL, OGT, P2RX7, PDE10A, PDE1A, PDE2A, PDE4A, PDE4B, PDE4C, PDE4D, PDE5A, PDE7A, PDE7B, PDE8A, PDE8B, PDE9A, PFKFB1, PFKFB2, PFKL, PFKM, PFKP, PGAM1, PGAM2, PGAM4, PGK1, PGK2, PGM1, PKLR, PKM, PNP, PPARA, PPP2CA, PRKAA1, PRKAA2, PRKACA, PRKAG1, PRKAG2, PRKAG3, PRXL2C, PSEN1, RPTOR, SIRT6, SLC2A6, SLC4A1, SLC4A4, STAT3, SUCLA2, SUCLG1, SUCLG2, TIGAR, TPI1, TREX1, UCP2, VNN1, XDH, ZBTB20, ZBTB7A
GO:0045892	negative regulation of DNA-templated transcription	1264	10	4.42	0.01191	0.016963276836158194	AASS, ACTR6, ACTRT1, ACVR2B, ADIPOQ, AEBP1, AEBP2, AHR, AJUBA, AKIRIN2, ALX1, ANKRD1, ANKRD2, APBB1, APBB2, APEX1, AR, ARID4A, ARID4B, ARID5A, ARID5B, ARK2N, ARX, ASCL1, ASCL2, ASCL3, ATF2, ATF3, ATF4, ATF5, ATF7IP, ATN1, ATOH8, ATP8B1, ATXN1, ATXN1L, AURKB, AXIN1, BACH1, BACH2, BAHD1, BAP1, BARX2, BASP1, BATF3, BAZ2A, BCL11A, BCL3, BCL6, BCL6B, BCL7A, BCLAF1, BCOR, BCORL1, BEND3, BEND5, BEND6, BHLHE40, BHLHE41, BIN1, BIRC5, BMAL1, BMI1, BMP2, BMP4, BMP6, BMP7, BPTF, BRCA1, BRD7, BRMS1, BRMS1L, BTAF1, BTG2, BTRC, C1D, C1QBP, CALCA, CALR, CAPN3, CASP8AP2, CAV1, CBFA2T2, CBFA2T3, CBFB, CBX1, CBX2, CBX3, CBX4, CBX5, CBX6, CBX7, CBX8, CBY1, CC2D1A, CC2D1B, CCAR1, CCAR2, CCDC85B, CCND1, CCND3, CCNE1, CD36, CD38, CDC73, CDK2, CDK5, CDK5R1, CDK6, CDKN1B, CDKN1C, CDKN2A, CDX2, CDX4, CDY1, CDY1B, CDY2A, CDY2B, CDYL, CDYL2, CEBPA, CEBPB, CEBPD, CELA1, CENPF, CGGBP1, CHD3, CHD4, CHD5, CHD8, CIART, CIC, CIITA, CIPC, CIR1, CITED1, CITED2, CLOCK, CNBP, CNOT1, CNOT2, CNOT7, COMMD7, COPS2, CPEB3, CREB1, CREB3L1, CREBBP, CREBZF, CREG1, CREM, CRY1, CRY2, CRYAB, CRYM, CSF2, CTBP1, CTBP2, CTCF, CTNNB1, CTNNBIP1, CTR9, CUL3, CUX1, CUX2, CXXC5, DAB2, DAB2IP, DACH1, DACT1, DAP, DAXX, DCAF1, DDIT3, DDX20, DDX21, DDX5, DDX54, DEAF1, DEDD, DEDD2, DEPDC1, DHRS7B, DICER1, DKK1, DKK3, DLG1, DLL4, DLX1, DLX2, DLX4, DMAP1, DMBX1, DMRT1, DNAJA3, DNAJB1, DNAJB4, DNAJB6, DNAJC17, DNMT1, DNMT3A, DNMT3B, DNMT3L, DPF2, DR1, DRAP1, DUSP22, DUSP26, E2F1, E2F6, E2F7, E2F8, E4F1, EAPP, EDN1, EDNRB, EED, EFNA1, EGR1, EHMT1, EHMT2, EID1, EID2, EID2B, ELANE, ELF3, ELK3, ELK4, EN1, ENO1, EOMES, EP300, EPC1, EPO, EREG, ERF, ERN2, ESR1, ESR2, ESX1, ETS2, ETV3, ETV5, ETV6, ETV7, EZH1, EZH2, EZR, FABP4, FAM220A, FAM220BP, FASLG, FBP1, FBXW11, FERD3L, FEZF1, FEZF2, FGF9, FGFR1, FGFR2, FHL2, FLCN, FLNA, FLYWCH1, FNIP1, FNIP2, FOSB, FOXA1, FOXC1, FOXC2, FOXD1, FOXD3, FOXE1, FOXF1, FOXF2, FOXG1, FOXH1, FOXJ1, FOXK1, FOXK2, FOXL2, FOXM1, FOXN3, FOXO1, FOXO3, FOXP1, FOXP2, FOXP3, FOXP4, FOXQ1, FOXR1, FOXS1, FRK, FST, FZD1, GABPA, GADD45A, GAS6, GATA1, GATA2, GATA3, GATA4, GATA5, GATA6, GATAD2A, GATAD2B, GCFC2, GCLC, GFI1, GFI1B, GLI2, GLI3, GLIS1, GLIS2, GLIS3, GMNN, GPS2, GREM1, GSC, GTF2IRD1, GZF1, H1-2, H1-3, H1-4, H1-5, HAMP, HAND1, HCFC1, HCFC2, HCLS1, HDAC1, HDAC10, HDAC2, HDAC3, HDAC4, HDAC5, HDAC6, HDAC7, HDAC8, HDAC9, HDGF, HELT, HES1, HES2, HES5, HES6, HES7, HESX1, HEXIM1, HEXIM2, HEY1, HEY2, HEYL, HHEX, HIC1, HIC2, HIF1A, HIF1AN, HINFP, HIPK2, HIRA, HIVEP1, HJV, HMBOX1, HMG20A, HMGA1, HMGA2, HMGB1, HMGB2, HMX1, HNF1B, HNF4A, HNRNPA2B1, HNRNPK, HNRNPL, HNRNPU, HOPX, HOXA2, HOXA7, HOXB13, HOXB3, HOXB4, HOXB8, HOXC8, HOXD8, HOXD9, HSBP1, HSBP1L1, HSF1, HSF4, HSPA1A, HSPA8, ID1, ID2, ID3, ID4, IFI16, IFI27, IFNA2, IFNG, IFNL1, IGBP1, IGF2, IKZF1, IKZF4, IKZF5, IL33, IL4, ILF3, IMPACT, ING1, ING2, ING4, INPP5K, INSM1, INSM2, IRF1, IRF2, IRF2BP1, IRF2BP2, IRF2BPL, IRF3, IRF7, IRF8, IRX1, IRX2, IRX3, IRX4, ISL1, JARID2, JAZF1, JDP2, JPH2, JUN, JUND, KANK2, KAT14, KAT2A, KAT2B, KAT5, KAT6A, KAT6B, KAT8, KCNIP3, KCTD1, KDM1A, KDM1B, KDM2A, KDM2B, KDM4A, KDM5A, KDM5B, KDM5C, KDM8, KHDRBS1, KLF10, KLF11, KLF12, KLF16, KLF2, KLF3, KLF4, KLF5, KLF7, KLF8, KMT5A, L3MBTL1, L3MBTL2, L3MBTL3, L3MBTL4, LANCL2, LARP7, LBH, LCOR, LDB1, LDB2, LEF1, LEFTY1, LEP, LGR4, LHX1, LHX9, LILRB4, LIMD1, LIMS1, LIN37, LMCD1, LMO1, LMO4, LOXL2, LOXL3, LRRFIP1, LYAR, MACROH2A1, MACROH2A2, MAD2L2, MAEL, MAF, MAF1, MAFB, MAFF, MAFG, MAFK, MAGEA1, MAGEA10, MAGEA11, MAGEA12, MAGEA13P, MAGEA2, MAGEA2B, MAGEA3, MAGEA4, MAGEA6, MAGEA8, MAGEA9, MAGEA9B, MAGEB1, MAGEB10, MAGEB16, MAGEB17, MAGEB18, MAGEB2, MAGEB3, MAGEB4, MAGEB5, MAGEB6, MAGEB6B, MAGEC1, MAGEC2, MAGEC3, MAGED1, MAGED2, MAGED4, MAGED4B, MAGEE1, MAGEE2, MAGEF1, MAGEH1, MAGEL2, MAP2K5, MAP3K10, MAX, MAZ, MBD1, MBD2, MBD3, MBD3L1, MBD3L2, MBD3L2B, MBD3L3, MBD3L4, MBD3L5, MBIP, MBTD1, MCPH1, MDFI, MDFIC, MDM2, MDM4, MECOM, MECP2, MED1, MED25, MEF2A, MEF2C, MEIS2, MEN1, MEPCE, MESP1, METTL13, MIDEAS, MIER1, MIER2, MIER3, MITF, MLIP, MLX, MLXIPL, MMP12, MNT, MNX1, MORC1, MORC3, MOSPD1, MSC, MSX1, MSX2, MTA1, MTA2, MTA3, MTDH, MTERF3, MUC1, MXD1, MXD3, MXD4, MXI1, MYB, MYBBP1A, MYC, MYF6, MYOCD, MYOZ1, MYOZ2, MYPOP, MYT1L, MZF1, N4BP2L2, NAB1, NAB2, NACC1, NACC2, NANOG, NCK1, NCK2, NCOA2, NCOA5, NCOR1, NCOR2, NDN, NDUFA13, NEDD4, NELFA, NELFB, NELFCD, NELFE, NEUROG3, NFATC2, NFATC3, NFATC4, NFE2L3, NFIB, NFIC, NFIL3, NFIX, NFKB1, NFX1, NIBAN2, NIF3L1, NIPBL, NKAP, NKRF, NKX2-1, NKX2-5, NKX3-1, NKX3-2, NKX6-1, NKX6-2, NKX6-3, NMNAT1, NOC2L, NODAL, NOG, NONO, NOP53, NOSTRIN, NOTCH1, NOTCH2, NOTCH3, NOTCH4, NPAS1, NPAT, NR0B1, NR0B2, NR1D1, NR1D2, NR1H2, NR1H3, NR1H4, NR1I2, NR1I3, NR2C1, NR2C2, NR2E1, NR2E3, NR2F1, NR2F2, NR2F6, NR3C1, NR4A2, NR4A3, NR6A1, NRARP, NRG1, NRIP1, NRIP2, NSD1, NSD2, NSMCE3, NUPR2, OGT, OLIG2, OLIG3, ORC2, OSR1, OSR2, OTP, OTUD7B, OVOL1, OVOL2, PA2G4, PAF1, PARP1, PARP10, PARP14, PARP15, PARP9, PASD1, PATZ1, PAWR, PAX2, PAX5, PAX6, PAX9, PBXIP1, PCBP3, PCGF1, PCGF2, PCGF6, PCID2, PCNA, PDCD4, PDE2A, PDGFB, PDX1, PEG3, PER1, PER2, PER3, PEX14, PFDN5, PHB1, PHB2, PHC1, PHC2, PHC3, PHF12, PHF14, PHF19, PHF21A, PHF24, PHF6, PIAS1, PIAS3, PIAS4, PITX1, PKIA, PKIG, PLAGL1, PLCB1, PLK1, PLK3, PML, POLE3, POU1F1, POU2F1, POU3F3, POU4F1, POU4F2, POU5F1, POU6F1, PPARA, PPARD, PPARG, PPARGC1B, PPHLN1, PPID, PPM1A, PPM1F, PPP1R13L, PRAME, PRAMEF1, PRAMEF10, PRAMEF11, PRAMEF12, PRAMEF13, PRAMEF14, PRAMEF15, PRAMEF17, PRAMEF18, PRAMEF19, PRAMEF2, PRAMEF20, PRAMEF22, PRAMEF25, PRAMEF27, PRAMEF33, PRAMEF4, PRAMEF5, PRAMEF6, PRAMEF7, PRAMEF8, PRAMEF9, PRDM1, PRDM11, PRDM12, PRDM13, PRDM14, PRDM16, PRDM2, PRDM5, PRDM6, PRDM8, PRDX5, PRICKLE1, PRKN, PRMT2, PRMT5, PRMT6, PROP1, PROX1, PRRX1, PSEN1, PSMC5, PSMD10, PSPC1, PTCH1, PTPN2, PTPRK, PURA, PURB, QARS1, RALY, RARA, RARB, RARG, RASD1, RB1, RBAK, RBBP4, RBBP7, RBBP8, RBFOX2, RBL1, RBM10, RBPJ, RCOR1, RCOR2, RCOR3, RECQL5, RELA, RELB, RERE, REST, RFC1, RFX3, RFX5, RIF1, RING1, RIOX1, RIOX2, RIPPLY1, RIPPLY2, RIPPLY3, RITA1, RLIM, RN7SK, RNF168, RNF2, RNF8, RORB, RORC, RPL10, RPL23, RPS14, RPS6KA5, RREB1, RRP8, RSF1, RTF1, RUNX1, RUNX1T1, RUNX2, RUNX3, RUVBL2, RXRA, RYBP, SALL1, SALL4, SAMD1, SAMD11, SAMD7, SAP130, SAP18, SAP30, SAP30L, SARNP, SARS1, SATB1, SATB2, SBNO2, SCAF4, SCAF8, SCAI, SCGB1A1, SCMH1, SCML1, SCML2, SCML4, SCRT1, SCRT2, SCX, SDCBP, SDR16C5, SEMA4D, SET, SETD5, SETDB2, SF1, SFMBT1, SFMBT2, SFN, SFPQ, SFRP1, SFRP2, SGF29, SHC1, SHH, SHOX2, SIAH2, SIM2, SIN3A, SIN3B, SINHCAF, SIRT1, SIRT2, SIRT6, SIRT7, SIX1, SIX3, SIX4, SIX5, SKI, SKIL, SKOR1, SKOR2, SLA2, SMAD2, SMAD3, SMAD4, SMAD5, SMAD7, SMARCA2, SMARCA4, SMARCA5, SMARCC2, SMARCE1, SMO, SMTNL1, SMURF2, SMYD1, SMYD2, SNAI1, SNAI2, SNAI3, SNCA, SNW1, SNX6, SORBS3, SOX1, SOX10, SOX11, SOX12, SOX13, SOX14, SOX15, SOX18, SOX2, SOX21, SOX3, SOX30, SOX4, SOX6, SOX7, SOX8, SOX9, SP100, SP2, SP3, SP5, SPDEF, SPEN, SPI1, SPINDOC, SQSTM1, SREBF1, SREBF2, SRF, SRSF2, SRY, SSX1, STAT1, STAT3, STAT6, STRAP, STRN3, SUDS3, SUFU, SUMO1, SUMO4, SUPT4H1, SUPT5H, SUV39H1, SUV39H2, SUZ12, TADA3, TAF1, TAF3, TAF7, TAF9B, TAGLN3, TAL1, TBL1X, TBL1XR1, TBL1Y, TBR1, TBX15, TBX18, TBX2, TBX20, TBX21, TBX22, TBX3, TBX6, TBXT, TCEAL7, TCERG1, TCF21, TCF23, TCF25, TCF3, TCF7, TCF7L2, TCFL5, TCP10L, TDG, TDP2, TENM2, TET1, TFAP2A, TFAP2B, TFAP2C, TFAP4, TFCP2L1, TFDP2, TFEC, TGFB1, TGIF1, TGIF2, TGIF2LX, TGIF2LY, THAP1, THAP11, THAP5, THAP7, THRA, THRB, TIMELESS, TLE1, TLE2, TLE3, TLE4, TLE5, TLE6, TLE7, TMPRSS6, TNF, TNFRSF4, TNFSF11, TNFSF4, TNP1, TOB1, TOB2, TP53, TP63, TPR, TRAF6, TRERF1, TRIB3, TRIM11, TRIM22, TRIM24, TRIM27, TRIM28, TRIM29, TRIM33, TRIM37, TRIM6, TRO, TRPS1, TRPV1, TRPV4, TSC22D4, TSG101, TSHZ3, TWIST1, TWIST2, TXN, TXNIP, UBE2D1, UBE2D3, UBE2I, UHRF1, UIMC1, URI1, USP2, USP3, USP47, USP9X, UXT, VAX1, VAX2, VDR, VEGFA, VGLL4, VHL, VPS72, VSX2, WDR5, WDR82, WDTC1, WFS1, WNT10B, WNT11, WNT4, WNT5A, WT1, WTIP, WWC1, WWC2, WWC3, WWP1, WWP2, WWTR1, XCL1, XRCC5, XRCC6, YAF2, YAP1, YBX1, YBX3, YEATS2, YWHAQ, YWHAZ, YY1, ZBED2, ZBED6, ZBTB1, ZBTB10, ZBTB12, ZBTB14, ZBTB16, ZBTB17, ZBTB18, ZBTB2, ZBTB20, ZBTB21, ZBTB25, ZBTB26, ZBTB32, ZBTB33, ZBTB34, ZBTB37, ZBTB38, ZBTB39, ZBTB4, ZBTB42, ZBTB45, ZBTB46, ZBTB49, ZBTB5, ZBTB6, ZBTB7A, ZBTB7B, ZBTB8A, ZC3H4, ZC3H6, ZC3H8, ZEB1, ZEB2, ZFHX3, ZFP36, ZFPM1, ZFPM2, ZFTA, ZGLP1, ZGPAT, ZHX1, ZHX2, ZHX3, ZIC2, ZKSCAN3, ZMYM2, ZMYM5, ZMYND11, ZMYND15, ZMYND8, ZNF12, ZNF131, ZNF133, ZNF134, ZNF136, ZNF140, ZNF141, ZNF148, ZNF174, ZNF175, ZNF202, ZNF205, ZNF217, ZNF219, ZNF224, ZNF239, ZNF24, ZNF253, ZNF254, ZNF256, ZNF263, ZNF268, ZNF274, ZNF281, ZNF282, ZNF296, ZNF304, ZNF318, ZNF345, ZNF350, ZNF354B, ZNF354C, ZNF366, ZNF418, ZNF423, ZNF425, ZNF431, ZNF451, ZNF469, ZNF488, ZNF503, ZNF512B, ZNF536, ZNF540, ZNF541, ZNF568, ZNF572, ZNF589, ZNF608, ZNF639, ZNF653, ZNF658, ZNF668, ZNF675, ZNF692, ZNF703, ZNF706, ZNF746, ZNF750, ZNF777, ZNF8, ZNF827, ZNF85, ZNF91, ZNF93, ZP3, ZSCAN10
GO:0046883	regulation of hormone secretion	254	4	0.89	0.01200	0.016963276836158194	AACS, ABAT, ABCA12, ABCC8, ACSL4, ACVR1C, ADCY5, ADCY8, ADCYAP1, ADIPOQ, ADORA1, ADRA2A, AGT, AGTR1, AIMP1, ALOX5, ANO1, ANXA1, BAD, BAIAP3, BLK, BMAL1, BMP6, BMP8A, BRSK2, C1QTNF1, C1QTNF12, C1QTNF3, C2CD2L, CAPN10, CARTPT, CASR, CCKAR, CCL5, CCN3, CD38, CDK16, CELA2A, CFTR, CHD7, CHGA, CHRM3, CLOCK, CNR1, CPT1A, CREB1, CRH, CRHBP, CRHR1, CRY1, CRY2, CYP19A1, DAB2, DOC2B, DRD2, DYNLL1, EDN1, EDN3, EFNA5, EGFR, EIPR1, ENSA, ENY2, EPHA5, F2, F2RL1, F2RL2, FAM3D, FFAR1, FFAR2, FFAR3, FFAR4, FGA, FGB, FGF23, FGFR1, FGG, FKBP1B, FOXA2, FOXL2, FOXO1, G6PC2, GABBR1, GAL, GALR1, GCG, GCK, GDF9, GHRH, GHRHR, GHRL, GHSR, GIP, GIPR, GJA1, GLUD1, GNA11, GNAZ, GPER1, GPLD1, GPR27, GPR68, GRP, HADH, HCAR2, HFE, HIF1A, HLA-DRB1, HNF4A, HTR1A, HTR2C, IFNG, IL11, IL1B, IL6, ILDR1, INHA, INHBA, INHBB, INS, IRS1, IRS2, ISL1, ITPR1, JAGN1, JAK2, KCNA5, KCNB1, KCNJ11, KDM5B, KISS1, KLF7, LEP, LIF, LRP5, LRRC8A, MCU, MIDN, MPC2, MTNR1B, MYB, MYRIP, NADK, NDUFAF2, NEUROD1, NKX3-1, NKX6-1, NLGN2, NMB, NNAT, NOS2, NPVF, NR0B2, NR1D1, NR1H4, OPRK1, ORAI1, OSBP, OSM, P2RY1, PASK, PAX8, PCK2, PDE8B, PDX1, PER2, PFKFB2, PFKL, PFKM, PICK1, PIM3, PLA2G3, PLA2G6, PLCB1, POMC, PPARG, PPP3CA, PPP3CB, PRKACA, PRKAR1A, PRKCB, PRKCE, PRKD1, PRKN, PSMD9, PTPN11, RAB11FIP1, RAB11FIP3, RAB11FIP5, RAB8B, RAPGEF4, RASL10B, RBP4, REN, REST, RETN, RFX3, RFX6, RPH3AL, SCG5, SCT, SELENOT, SERP1, SFRP1, SIDT2, SIRT3, SIRT4, SIRT6, SLC16A1, SLC25A22, SLC2A2, SLC30A8, SLC8B1, SLC9B2, SMAD4, SNAP25, SNX4, SOX11, SOX4, SPINK1, SPP1, SREBF1, SRI, SSTR5, STX1A, STX4, STXBP4, SYBU, SYT7, SYTL4, TACR1, TACR2, TARDBP, TCF7L2, TCIRG1, TFAP2B, TFR2, TIAM1, TM7SF3, TMF1, TNF, TNFSF11, TRH, TRPM4, TSPO, TUNAR, UCN, UCN3, UCP2, UQCC2, VAMP7, VAMP8, VSNL1, ZBED6
GO:0051208	sequestering of calcium ion	136	3	0.48	0.01201	0.016963276836158194	ABL1, AKAP6, ANK2, ANXA6, APLNR, ATG5, ATP1A2, ATP7B, BAX, BDKRB1, CACNA1C, CACNA1S, CALM1, CALM2, CALM3, CALR, CAMK2D, CAPN3, CASQ1, CASQ2, CCL19, CCL21, CCL3, CCR5, CCR7, CD19, CEMIP, CHD7, CHERP, CLIC2, CORO1A, CX3CL1, CXCL10, CXCL11, CXCL9, CYBA, DDIT3, DHRS7C, DIAPH1, DMD, DRD1, DRD2, ERO1A, F2, F2R, F2RL3, FASLG, FGF2, FKBP1A, FKBP1B, FKBP1C, FLNA, GHITM, GP1BA, GP1BB, GP5, GP9, GPER1, GSTM2, GSTO1, HAP1, HRC, HSP90B1, HTR2A, HTR2B, HTR2C, HTT, IBTK, IL13, ITGB3, ITPR1, ITPR2, ITPR3, JPH1, JPH2, JPH3, JPH4, JSRP1, LACRT, LCK, LETM1, LHCGR, LIME1, LYN, MCOLN1, METTL21C, MIR1-1, MIR133A1, MIR93, MTLN, NOL3, NOS1, NPSR1, NTSR1, P2RX7, P2RY6, PDE4D, PDPK1, PKD2, PLCB1, PLCB2, PLCB3, PLCB4, PLCD1, PLCE1, PLCG1, PLCG2, PLCH1, PLCH2, PLN, PRKACA, PRKCE, PRKD1, PSEN1, PTK2B, PTPN6, PTPRC, RYR1, RYR2, RYR3, SELENON, SLC25A23, SLC8A1, SLC8B1, SNCA, SRI, THY1, TMEM38A, TMEM38B, TPCN2, TRDN, TRPC1, TRPM2, UBASH3B, XCL1, XCR1
GO:0016601	Rac protein signal transduction	48	2	0.17	0.01223	0.01698611111111111	ABI2, AIF1, ALS2, ARF6, ARHGAP17, ARHGAP24, ARHGAP44, AUTS2, BRK1, CADM4, CDH13, CRK, CRKL, CYFIP1, DBNL, DOCK5, ELMO1, EPS8, FARP1, FARP2, FNTA, GABARAP, GARRE1, HACD3, HACE1, KBTBD6, KBTBD7, KRAS, LRP4, MIR29B1, NCKAP1, NF1, NISCH, OGT, PIK3CB, PIK3CG, RAC1, RAC3, RASGRF1, RHOG, RHOU, SH3BP1, SSX2IP, STMN3, TEK, TIAM1, WASF1, WASF2
GO:0060043	regulation of cardiac muscle cell proliferation	48	2	0.17	0.01223	0.01698611111111111	BMP10, BMPR1A, CDK1, CITED2, ERBB4, FGF2, FGF20, FGF9, FGFR1, FGFR2, GATA6, GLI1, HEY2, JARID2, KCNK2, MAPK11, MAPK14, MEF2C, MIR1-1, MIR17HG, MIR199A1, MIR199B, MIR19B1, MIR200B, MIR204, MIR222, MIR509-1, MIR548C, MIR590, MIR873, NKX2-5, NOG, NOTCH1, PIM1, RBP4, RBPJ, RUNX1, SAV1, TBX2, TBX20, TBX5, TGFBR1, TGFBR3, TP73, VGLL4, WNT2, YAP1, ZFPM2
GO:2000378	negative regulation of reactive oxygen species metabolic process	48	2	0.17	0.01223	0.01698611111111111	AATF, ABCB7, ABCD1, ABCD2, ACP5, ADCY10, ATG5, BCL2, BCR, BECN1, BNIP3, BRCA1, CFLAR, COA8, CRYAB, CTNS, FYN, G6PD, HDAC6, HIF1A, HK2, HP, INS, MIR181A2, MIR21, MIR590, MIR675, MMP3, MPV17L, MT3, PAGE4, PARK7, PAX2, PINK1, PLIN5, PON3, PPARA, PRKN, RHOA, SIRT2, SIRT3, SIRT5, SLC18A2, TFAP2A, TIGAR, TP53, TRAP1, VDAC1
GO:0045927	positive regulation of growth	258	4	0.9	0.01265	0.01728494623655914	ACACB, ACTN3, ADAM10, ADAM17, ADCY10, ADNP, AGR2, AGRN, AKAP6, AKT1, ANAPC2, ARMC12, ARX, ATP8A2, AVP, AVPR1A, BASP1, BBS2, BBS4, BCL2, BDNF, BMP10, BMPR1A, BMPR2, BRAT1, CACNA2D2, CACNG7, CAPN3, CD38, CDC42, CDH4, CDK1, CDKL5, CDKN2AIP, CEP43, CHD7, CIB1, CPNE5, CPNE6, CPNE9, CRABP2, CREB1, CSF1, CSH1, CSH2, CSHL1, CSNK2A1, CSNK2A3, CXCL12, CXCL16, CXCR4, CYFIP1, DDX3X, DDX49, DERL2, DIO3, DISC1, DLL1, DNPH1, DRD2, DSCAM, EDN1, EFNA5, EGFR, EIF4G1, EIF4G2, ERBB2, ERBB4, EXOSC2, EXOSC4, EXOSC9, EXTL3, EZR, F2, FGF2, FGF8, FGF9, FGFR1, FGFR2, FN1, FOXS1, FXN, GATA6, GDI1, GH1, GH2, GHR, GHRH, GHRHR, GHRL, GHSR, GLI1, GOLGA4, GPAM, GPR21, H3-3A, H3-3B, H3-5, HBEGF, HDGFL2, HEY2, HLX, HOPX, HPN, HYAL1, IGF1, IGF2, IGFBP1, IL2, IL7, IL9, INO80, INS, INSR, ISLR2, IST1, ITSN2, KDM2B, KLHL22, KRT17, L1CAM, LEP, LGI1, LIMK1, LPAR3, MACF1, MAP1B, MAP2K5, MAP3K13, MAPK14, MAPKAP1, MAPT, MECP2, MEF2C, MEGF8, MFSD2A, MIR17HG, MIR199A1, MIR19A, MIR19B1, MIR204, MIR208A, MIR222, MIR509-1, MIR548C, MIR590, MKKS, MLST8, MMP14, MTM1, MTOR, MTPN, MUL1, MYOD1, N6AMT1, NCBP1, NEDD4L, NGF, NIPBL, NOTCH1, NRP1, NTN1, PABIR1, PAFAH1B1, PARP2, PEX5, PIM1, PLAA, PLCB1, PLS1, POU3F2, POU4F2, PPARD, PPIB, PPM1F, PRKN, PROX1, PRR5, PRSS2, PSMD10, PTK2B, PUM2, RAG2, RASAL1, RBPJ, RFTN1, RICTOR, RIMS1, RIMS2, RND2, RNF157, RPS6KA1, RPS6KA3, RPS6KB1, RPTOR, RUFY3, S100A8, S100A9, SASH3, SDCBP, SEMA4D, SEMA5A, SEMA7A, SERP1, SFN, SFRP1, SFRP2, SHTN1, SLC23A2, SLC25A33, SLC44A4, SLC6A3, SLC9A1, SMAD7, SMO, SMURF1, SOX15, SPHK1, SPTBN4, SRF, STAT5B, SUPV3L1, SYT1, SYT14P1, SYT17, SYT2, SYT3, SYT4, TAF9B, TBX2, TBX20, TBX5, TEAD1, TFCP2L1, TGFB2, TGFBR1, TGFBR3, TRIM32, TRPC5, TRPV2, TWF2, UCN, UNC13A, USP47, VEGFA, VIL1, WFS1, WNT2, WNT3, WNT3A, WT1, YAP1, YBX3, ZFPM2, ZFYVE27, ZNF639, ZP3, ZPR1
GO:0006979	response to oxidative stress	398	5	1.39	0.01266	0.01728494623655914	ABCB11, ABCC1, ABCD1, ABL1, ADAM9, ADCYAP1R1, ADIPOQ, ADPRS, AGAP3, AIF1, AIFM1, AIFM2, AKT1, ALAD, ALDH3B1, ALOX5, ALS2, ANGPTL7, ANKZF1, APOA4, APOD, APOE, APP, AQP1, AREG, ARL6IP5, ARNT, ATF2, ATF4, ATM, ATOX1, ATP13A2, ATP2A2, ATP7A, AXL, BAK1, BANF1, BCL2, BECN1, BMAL1, BMP7, BNIP3, BRF2, BTG1, BTK, C19orf12, CAMKK2, CAPN2, CASP3, CAT, CBX8, CCS, CD36, CD38, CDK1, CHCHD2, CHCHD4, CHRNA4, CHUK, COA8, COL1A1, COL6A1, COMT, COX1, CPEB2, CRK, CRYAB, CRYGD, CYB5B, CYGB, CYP1B1, DAPK1, DDR2, DGKK, DHFR, DHFRP1, DHRS2, DUOX1, DUOX2, ECT2, EDN1, EDNRA, EGFR, EIF2S1, EPAS1, EPX, ERCC1, ERCC2, ERCC3, ERCC6, ERCC6L2, ERCC8, ERMP1, ERN1, ERO1A, ETFDH, ETV5, EZH2, FABP1, FANCC, FANCD2, FBLN5, FER, FGF8, FKBP1B, FOS, FOSL1, FOXO1, FOXO3, FOXO4, FOXP1, FUT8, FXN, FYN, G6PD, GCH1, GCLC, GCLM, GGT7, GJB2, GLRX2, GPR37, GPR37L1, GPX1, GPX2, GPX3, GPX4, GPX5, GPX6, GPX7, GPX8, GSR, GSS, GSTP1, HAO1, HBA1, HBA2, HBB, HDAC2, HDAC6, HGF, HIF1A, HM13, HMOX1, HMOX2, HP, HSF1, HSPA1A, HSPA1B, HTRA2, HYAL1, HYAL2, IDH1, IL18BP, IL18RAP, IL1A, IL6, IPCEF1, JAK2, JUN, KAT2B, KCNA5, KDM6B, KEAP1, KLF2, KLF4, KRT1, LIAS, LONP1, LPO, LRRK2, MACROH2A1, MAP1LC3A, MAP2K4, MAP3K5, MAPK1, MAPK13, MAPK3, MAPK7, MAPK8, MAPK9, MAPKAP1, MAPT, MB, MBL2, MCTP1, MDM2, MEAK7, MET, MGAT3, MGST1, MICB, MIR103A1, MIR107, MIR132, MIR133A1, MIR135A1, MIR17, MIR21, MIR34A, MIR92A1, MIRLET7B, MMP14, MMP2, MMP3, MMP9, MPO, MPV17, MSRA, MSRB2, MSRB3, MT3, MTF1, MYB, NAGLU, NAPRT, NCF1, NCOA7, ND1, ND3, ND5, NDUFA12, NDUFA6, NDUFB4, NDUFS2, NDUFS8, NEIL1, NET1, NFE2L2, NME2, NME8, NOS3, NQO1, NR4A2, NUDT1, NUDT15, NUDT2, OGG1, OSER1, OXR1, OXSR1, PARK7, PARP1, PAWR, PAX2, PCGF2, PCNA, PDCD10, PDGFD, PDGFRA, PDK2, PDLIM1, PENK, PEX10, PEX12, PEX13, PEX14, PEX2, PEX5, PINK1, PJVK, PKD2, PLA2R1, PLEKHA1, PLK3, PNKP, PNPLA8, PNPT1, PPARGC1A, PPARGC1B, PPIA, PPIF, PPP1R15B, PPP2CB, PRDX1, PRDX2, PRDX3, PRDX4, PRDX5, PRDX6, PRKAA1, PRKAA2, PRKCD, PRKD1, PRKN, PRKRA, PRNP, PRR5L, PSEN1, PSIP1, PSMB5, PTGS1, PTGS2, PTK2B, PTPRK, PTPRN, PXDN, PXDNL, PXN, PYCR1, PYCR2, PYROXD1, RACK1, RAD52, RBM11, RBPMS, RCAN1, RELA, RGS14, RHOB, RIPK1, RIPK3, RLIG1, RNF112, ROMO1, RPS3, RRM2B, RWDD1, S100A7, SCARA3, SCGB1A1, SDC1, SELENOK, SELENON, SELENOP, SELENOS, SESN1, SESN2, SESN3, SETX, SGK2, SIRPA, SIRT1, SIRT2, SLC1A1, SLC23A2, SLC25A14, SLC25A24, SLC4A11, SLC7A11, SMPD3, SNCA, SOD1, SOD2, SOD3, SP1, SPHK1, SRC, SRXN1, STAT1, STAT6, STAU1, STAU2, STC2, STK24, STK25, STK26, STOX1, STX2, STX4, SUMO4, TACR1, TAT, TBC1D24, THG1L, TLDC2, TMEM161A, TMIGD1, TNFAIP3, TOP2B, TOR1A, TP53, TP53INP1, TPM1, TPO, TRAP1, TREX1, TRIM25, TRPA1, TRPM2, TXN, TXN2, TXNIP, TXNRD2, UBE3A, UCN, UCP1, UCP2, UCP3, VKORC1L1, VNN1, VRK2, WNT16, WRN, XRCC1, ZC3H12A, ZNF277, ZNF580
GO:0008542	visual learning	49	2	0.17	0.01272	0.01728494623655914	ABCA7, ABCC8, ADAM2, APP, ATP1A2, B3GAT1, B4GALT2, BRAF, CDK5, CHRNB2, COMT, CTNS, DBH, DDHD2, DRD1, DRD2, DRD3, FOXB1, GRIN1, GRIN2A, HIF1A, HMGCR, HRH1, IFT20, ITGB1, KIT, KMT2A, KRAS, LRRN4, MECP2, MEIS2, NDRG4, NETO1, NF1, NOG, NPS, PDE1B, PDE8B, PIAS1, PPP1R1B, RAG1, RGS14, RIC8A, SLC7A11, SYNGAP1, TAFA2, TANC1, TTC36, TUBA1A
GO:0055082	intracellular chemical homeostasis	722	7	2.52	0.01278	0.01728494623655914	ABCA12, ABCA2, ABCB6, ABCB7, ABCC6, ABCC8, ABL1, ACACB, ACE, ACO1, ADCY5, ADCY8, ADNP, ADORA1, ADRA2A, AFG3L2, AGER, AKAP6, ALAS2, ANK2, ANKRD9, ANO1, ANXA6, AP3B1, APLNR, APOE, APP, AQP1, AQP11, AQP4, ARF1, ASL, ATF4, ATG5, ATOX1, ATP12A, ATP13A1, ATP13A2, ATP13A3, ATP13A4, ATP13A5, ATP1A1, ATP1A2, ATP1A3, ATP1A4, ATP1B1, ATP1B2, ATP1B3, ATP2A1, ATP2A2, ATP2A3, ATP2B1, ATP2B2, ATP2B3, ATP2B4, ATP2C1, ATP2C2, ATP4A, ATP4B, ATP5F1B, ATP6AP1, ATP6AP2, ATP6V0A1, ATP6V0A2, ATP6V0A4, ATP6V0B, ATP6V0C, ATP6V0D1, ATP6V0D2, ATP6V0E1, ATP6V0E2, ATP6V1A, ATP6V1B1, ATP6V1B2, ATP6V1D, ATP6V1F, ATP6V1G1, ATP6V1H, ATP7A, ATP7B, AVP, AVPR1A, B2M, BAD, BAIAP3, BAK1, BAX, BCAP31, BCL2, BDH2, BDKRB1, BMP6, BNIP3, BOK, BOLA1, BOLA2, BOLA2B, BOLA3, BRSK2, C19orf12, C1QTNF12, C1QTNF3, C2CD2L, CA2, CA7, CACNA1C, CACNA1S, CACNB2, CACNB4, CALB1, CALB2, CALCA, CALCB, CALM1, CALM2, CALM3, CALR, CAMK2D, CAPN3, CARTPT, CASQ1, CASQ2, CASR, CAV1, CAV2, CAV3, CCDC115, CCDC186, CCDC22, CCDC47, CCL1, CCL11, CCL13, CCL14, CCL15, CCL19, CCL21, CCL23, CCL3, CCL5, CCL7, CCL8, CCR1, CCR2, CCR5, CCR7, CD19, CD40, CDH23, CDH5, CDK16, CEMIP, CFTR, CHD7, CHERP, CHP1, CHRNA7, CIAO3, CLCN3, CLDN16, CLIC2, CLIC4, CLN3, CLN5, CLN6, CLTRN, CMA1, CNGB1, CNNM4, CNR1, COL1A1, CORO1A, COX11, COX19, CP, CPB2, CREG1, CRH, CSRP3, CTRC, CX3CL1, CXCL10, CXCL11, CXCL12, CXCL9, CYB561, CYB561A3, CYBA, CYBRD1, CYP7A1, DDIT3, DGAT2, DHRS7C, DIAPH1, DISC1, DMD, DMPK, DMXL1, DMXL2, DRD1, DRD2, DRD3, DRD4, DRD5, DYNLL1, EDN1, EDN2, EDN3, EDNRA, EFNA5, EGLN1, ELANE, ENPP1, ENY2, EPHA5, ERC2, ERFE, ERN1, ERO1A, F2, F2R, F2RL3, FASLG, FATE1, FBXL5, FGF2, FGF21, FGF23, FIS1, FITM2, FKBP1A, FKBP1B, FKBP1C, FLNA, FLVCR1, FOXA2, FOXA3, FOXK1, FOXK2, FOXO1, FOXO3, FRRS1, FTH1, FTH1P19, FTHL17, FTL, FTMT, FUNDC2, FXN, FXYD2, FZD9, GAS6, GATA4, GCG, GCK, GCLC, GCLM, GCM2, GDF2, GHITM, GHRL, GJB6, GLRX3, GLRX5, GLS, GP1BA, GP1BB, GP5, GP9, GPER1, GPLD1, GPR12, GPR27, GPR3, GPR68, GPR89A, GPR89B, GPX1, GRIA1, GRID2IP, GRIK2, GRINA, GRM1, GRM2, GRM5, GRN, GSTM2, GSTO1, GSTP1, HAMP, HAP1, HCRTR1, HCRTR2, HEPHL1, HERPUD1, HEXB, HFE, HIF1A, HJV, HK1, HK2, HK3, HKDC1, HLA-DRB1, HMOX1, HPX, HRC, HSP90B1, HTR1B, HTR2A, HTR2B, HTR2C, HTT, HVCN1, IBTK, ICAM1, IFNG, IGF1R, IL13, IL1A, IMMT, IREB2, IRS2, ISCU, ITGB3, ITPR1, ITPR2, ITPR3, JAGN1, JPH1, JPH2, JPH3, JPH4, JSRP1, KAT5, KCNB1, KCNE3, KCNJ11, KCNJ2, KCNMA1, KCNQ1, KCTD17, KCTD7, KEL, KLF15, KLF7, LACC1, LACRT, LAMP1, LAMP2, LCK, LETM1, LHCGR, LIME1, LIN28A, LRP5, LRRC8A, LRRC8D, LRRK2, LYN, MAIP1, MAPK1, MAPK3, MCOLN1, MCU, MCUB, MCUR1, METTL21C, MICU1, MICU2, MICU3, MINPP1, MIR1-1, MIR103A1, MIR133A1, MIR146A, MIR15A, MIR16-1, MIR210, MIR320A, MIR320B1, MIR320B2, MIR320C1, MIR320C2, MIR320D1, MIR320D2, MIR320E, MIR337, MIR93, MIRLET7G, MLXIPL, MPC2, MT1A, MT1B, MT1DP, MT1E, MT1F, MT1G, MT1H, MT1HL1, MT1M, MT1X, MT2A, MT3, MT4, MTLN, MYC, NADK, NAGLU, NCF1, NCOA4, NDFIP1, NDUFAF2, NEO1, NEUROD1, NGFR, NHERF1, NKX6-1, NME2, NNT, NOL3, NOS1, NOX1, NOX4, NPPC, NPSR1, NPTN, NPTX1, NR1D1, NR1H4, NTSR1, NUBP1, NUCKS1, OCA2, OGT, OPRK1, ORMDL1, ORMDL2, ORMDL3, OSBP, P2RX1, P2RX7, P2RY1, P2RY2, P2RY4, P2RY6, PACS2, PAX2, PAX6, PCK1, PCK2, PDE4D, PDE8B, PDPK1, PDX1, PDZD8, PICALM, PIH1D1, PIK3CA, PIK3CB, PIK3R1, PIK3R2, PIM3, PKD2, PKHD1, PLA2G6, PLCB1, PLCB2, PLCB3, PLCB4, PLCD1, PLCE1, PLCG1, PLCG2, PLCH1, PLCH2, PLN, PML, PPARGC1A, PPP3CA, PPP3CB, PPT1, PRKAA1, PRKAA2, PRKACA, PRKCB, PRKCE, PRKD1, PRND, PRNP, PSEN1, PTH, PTH1R, PTK2B, PTPN6, PTPRC, PTPRN, PTPRN2, RAB11B, RAB11FIP2, RAB11FIP5, RAB20, RAB38, RAB39A, RAB7A, RACK1, RAF1, RAP1GDS1, RBM4, RFX6, RGN, RHAG, RHCG, RMDN3, RNASEK, RPTOR, RTN4, RYR1, RYR2, RYR3, S100A8, S100A9, SCARA5, SCGN, SCNN1A, SCNN1B, SCNN1D, SCNN1G, SCO1, SCO2, SCT, SCTR, SELENOK, SELENON, SELENOT, SERPINF1, SIDT2, SIN3A, SIRT1, SLAMF8, SLC10A7, SLC11A1, SLC11A2, SLC12A2, SLC12A5, SLC12A6, SLC12A7, SLC1A1, SLC1A3, SLC22A17, SLC24A1, SLC24A2, SLC24A3, SLC24A4, SLC24A5, SLC25A23, SLC25A27, SLC26A3, SLC26A6, SLC29A1, SLC2A2, SLC30A1, SLC30A10, SLC30A2, SLC30A5, SLC30A7, SLC30A8, SLC30A9, SLC31A1, SLC31A2, SLC34A1, SLC34A2, SLC34A3, SLC35G1, SLC38A3, SLC39A10, SLC39A13, SLC39A14, SLC39A4, SLC39A6, SLC39A7, SLC39A8, SLC39A9, SLC40A1, SLC41A1, SLC45A2, SLC46A1, SLC4A1, SLC4A10, SLC4A11, SLC4A2, SLC4A3, SLC4A4, SLC4A5, SLC4A7, SLC4A8, SLC4A9, SLC66A1, SLC7A11, SLC8A1, SLC8A2, SLC8A3, SLC8B1, SLC9A1, SLC9A2, SLC9A3, SLC9A4, SLC9A5, SLC9A6, SLC9A7, SLC9A8, SLC9A9, SLC9B1, SLC9B2, SLC9C1, SLC9C2, SMAD2, SMAD3, SMAD4, SMARCA4, SMARCB1, SMDT1, SNAPIN, SNCA, SOD1, SOD2, SOX4, SPNS1, SPPL2C, SRF, SRI, STC1, STC2, STEAP2, STEAP4, STIM1, STIM2, STK39, STOML2, STX4, STXBP3, STXBP4, SV2A, SV2B, SYBU, SYPL2, TASL, TBXAS1, TCIRG1, TESMIN, TF, TFR2, TFRC, TGM2, TH, THADA, THY1, TIAM1, TM9SF4, TMBIM6, TMC8, TMCO1, TMEM106B, TMEM165, TMEM175, TMEM178A, TMEM199, TMEM203, TMEM38A, TMEM38B, TMEM64, TMEM9, TMPRSS3, TMPRSS6, TMTC4, TNNI3, TPCN2, TPP2, TPT1, TRA2B, TRDN, TREM2, TRPA1, TRPC1, TRPC3, TRPC4, TRPC5, TRPC6, TRPC7, TRPM2, TRPM4, TRPM8, TRPV4, TSPOAP1, TTC7A, TUNAR, TWNK, UBASH3B, UBE3A, UCP2, UMOD, UNC13B, VAPB, VDR, VPS33A, VPS54, VSNL1, WDTC1, WFS1, WNK1, WNK4, WNT5A, WNT7B, XBP1, XCL1, XCR1, XK, XPR1, YWHAE, ZBED6, ZBTB20, ZNF236
GO:0097305	response to alcohol	259	4	0.91	0.01281	0.01728494623655914	A2M, AANAT, ABAT, ABCA1, ABCA2, ABCB11, ACACA, ACE, ADAM15, ADCY1, ADCY2, ADCY3, ADCY5, ADCY6, ADCY7, ADCY8, ADCYAP1R1, ADH6, ADH7, ADIPOQ, AHR, AIFM1, AKAP8, AKR1C2, AKR1C3, AKT1, ALAD, ATP5F1A, AVP, AVPR1A, BAK1, BCL2L1, BGLAP, BIRC2, BLM, BRCA1, CAD, CARD9, CASP8, CAT, CBL, CCL19, CCL21, CCL3, CCL7, CCR5, CCR7, CD14, CD27, CDA, CDH1, CDK1, CDK4, CDKN1A, CDO1, CES1, CFTR, CHRNB2, CLDN1, CLDN18, CLDN3, CLDN5, CLDN7, CNR1, COMT, CPT1A, CREB1, CRH, CRHBP, CRHR1, CSF3, CSN1S1, CTNNA1, CTNNB1, CTSK, CYBB, CYP1B1, CYP7A1, CYP8B1, CYTB, DAG1, DBH, DEFB104A, DEFB104B, DMAP1, DNMT3A, DRD2, DRD4, DYNAP, EFNA5, EHMT2, EIF4G1, EPS8, F7, FBP1, FDX1, FECH, FGFR2, FKRP, FOS, FOSB, FOSL1, FOXO3, FOXP3, FYN, G6PD, GABBR1, GLB1, GLRA1, GLRA2, GNAI1, GNB1, GNG2, GNRH1, GOLPH3, GOT2, GPLD1, GPR155, GRAMD1A, GRAMD1B, GRAMD1C, GRIN1, GRIN2A, GRIN2B, GRIN3A, H6PD, HDAC2, HDAC6, HMGCS2, HNRNPD, HPGD, HSD3B1, HSD3B2, HTR1B, IGF1R, IGFBP7, IL13, IL2, INHBA, INHBB, ITPR2, JUP, KCNC2, KCNMB1, KLF2, KLF4, KLF9, LANCL2, LARP1, LEP, LIPA, LRP6, LRP8, MAOB, MAP4K1, MDM2, MIR182, MIR185, MIR342, MIR96, MLC1, MSTN, MYD88, ND4, NEFL, NPAS4, NPPC, NQO1, NR0B2, OGG1, OPRK1, OPRM1, OSBPL7, P2RY4, P2RY6, PARP1, PAX6, PCK1, PENK, PMVK, POLB, PPARA, PPP1R9B, PRKAA1, PRKAA2, PRKCB, PRKCE, PRKD1, PSMD14, PTCH1, PTGDR, PTGER2, PTGER4, PTGFR, PTH, PTK2B, PTPRC, RAD51, RARA, RECQL5, RGS19, RGS2, RGS4, RGS7, RPL15, RPL27, RPS6KB1, S100A8, SCN11A, SCNN1A, SCNN1B, SCNN1D, SCNN1G, SDF4, SETD7, SFRP1, SGK1, SH3RF1, SLC10A1, SLC12A3, SLC23A2, SLC2A4, SLC5A5, SLC6A3, SLIT2, SLIT3, SMAD2, SMO, SOD1, SOD2, SPHK2, SPIDR, SPINK1, SREBF1, ST6GAL1, STK39, TACR1, TBXA2R, TBXAS1, TGFB1, TGFBR1, TGFBR2, TGFBR3, TH, TNC, TNF, TNFRSF11A, TNFSF4, TP53INP1, TSPO, TUFM, TYMS, UCN3, UCP1, UGT1A1, USP46, VCAM1, XRN1, ZNF212
GO:1902679	negative regulation of RNA biosynthetic process	1279	10	4.47	0.01286	0.01728494623655914	AASS, ACTR6, ACTRT1, ACVR2B, ADIPOQ, AEBP1, AEBP2, AHR, AICDA, AJUBA, AKIRIN2, ALX1, ANKRD1, ANKRD2, APBB1, APBB2, APEX1, APOBEC3A, APOBEC3B, APOBEC3C, APOBEC3D, APOBEC3F, APOBEC3G, APOBEC3H, AR, ARID4A, ARID4B, ARID5A, ARID5B, ARK2N, ARX, ASCL1, ASCL2, ASCL3, ATF2, ATF3, ATF4, ATF5, ATF7IP, ATN1, ATOH8, ATP8B1, ATXN1, ATXN1L, AURKB, AXIN1, BACH1, BACH2, BAHD1, BAP1, BARX2, BASP1, BATF3, BAZ2A, BCL11A, BCL3, BCL6, BCL6B, BCL7A, BCLAF1, BCOR, BCORL1, BEND3, BEND5, BEND6, BHLHE40, BHLHE41, BIN1, BIRC5, BMAL1, BMI1, BMP2, BMP4, BMP6, BMP7, BPTF, BRCA1, BRD7, BRMS1, BRMS1L, BTAF1, BTG2, BTRC, C1D, C1QBP, CALCA, CALR, CAPN3, CASP8AP2, CAV1, CBFA2T2, CBFA2T3, CBFB, CBX1, CBX2, CBX3, CBX4, CBX5, CBX6, CBX7, CBX8, CBY1, CC2D1A, CC2D1B, CCAR1, CCAR2, CCDC85B, CCND1, CCND3, CCNE1, CD36, CD38, CDC73, CDK2, CDK5, CDK5R1, CDK6, CDKN1B, CDKN1C, CDKN2A, CDX2, CDX4, CDY1, CDY1B, CDY2A, CDY2B, CDYL, CDYL2, CEBPA, CEBPB, CEBPD, CELA1, CENPF, CGGBP1, CHD3, CHD4, CHD5, CHD8, CIART, CIC, CIITA, CIPC, CIR1, CITED1, CITED2, CLOCK, CNBP, CNOT1, CNOT2, CNOT7, COMMD7, COPS2, CPEB3, CREB1, CREB3L1, CREBBP, CREBZF, CREG1, CREM, CRY1, CRY2, CRYAB, CRYM, CSF2, CTBP1, CTBP2, CTCF, CTNNB1, CTNNBIP1, CTR9, CUL3, CUX1, CUX2, CXXC5, DAB2, DAB2IP, DACH1, DACT1, DAP, DAXX, DCAF1, DDIT3, DDX20, DDX21, DDX5, DDX54, DEAF1, DEDD, DEDD2, DEPDC1, DHRS7B, DICER1, DKK1, DKK3, DLG1, DLL4, DLX1, DLX2, DLX4, DMAP1, DMBX1, DMRT1, DNAJA3, DNAJB1, DNAJB4, DNAJB6, DNAJC17, DNMT1, DNMT3A, DNMT3B, DNMT3L, DPF2, DR1, DRAP1, DUSP22, DUSP26, E2F1, E2F6, E2F7, E2F8, E4F1, EAPP, EDN1, EDNRB, EED, EFNA1, EGR1, EHMT1, EHMT2, EID1, EID2, EID2B, ELANE, ELF3, ELK3, ELK4, EN1, ENO1, EOMES, EP300, EPC1, EPO, EREG, ERF, ERN2, ESR1, ESR2, ESX1, ETS2, ETV3, ETV5, ETV6, ETV7, EZH1, EZH2, EZR, FABP4, FAM220A, FAM220BP, FASLG, FBP1, FBXW11, FCN3, FERD3L, FEZF1, FEZF2, FGF9, FGFR1, FGFR2, FHL2, FLCN, FLNA, FLYWCH1, FNIP1, FNIP2, FOSB, FOXA1, FOXC1, FOXC2, FOXD1, FOXD3, FOXE1, FOXF1, FOXF2, FOXG1, FOXH1, FOXJ1, FOXK1, FOXK2, FOXL2, FOXM1, FOXN3, FOXO1, FOXO3, FOXP1, FOXP2, FOXP3, FOXP4, FOXQ1, FOXR1, FOXS1, FRK, FST, FZD1, GABPA, GADD45A, GAS6, GATA1, GATA2, GATA3, GATA4, GATA5, GATA6, GATAD2A, GATAD2B, GCFC2, GCLC, GFI1, GFI1B, GLI2, GLI3, GLIS1, GLIS2, GLIS3, GMNN, GPS2, GREM1, GSC, GTF2IRD1, GZF1, H1-2, H1-3, H1-4, H1-5, HAMP, HAND1, HCFC1, HCFC2, HCLS1, HDAC1, HDAC10, HDAC2, HDAC3, HDAC4, HDAC5, HDAC6, HDAC7, HDAC8, HDAC9, HDGF, HELT, HES1, HES2, HES5, HES6, HES7, HESX1, HEXIM1, HEXIM2, HEY1, HEY2, HEYL, HHEX, HIC1, HIC2, HIF1A, HIF1AN, HINFP, HIPK2, HIRA, HIVEP1, HJV, HMBOX1, HMG20A, HMGA1, HMGA2, HMGB1, HMGB2, HMX1, HNF1B, HNF4A, HNRNPA2B1, HNRNPK, HNRNPL, HNRNPU, HOPX, HOXA2, HOXA7, HOXB13, HOXB3, HOXB4, HOXB8, HOXC8, HOXD8, HOXD9, HSBP1, HSBP1L1, HSF1, HSF4, HSPA1A, HSPA8, ID1, ID2, ID3, ID4, IFI16, IFI27, IFNA2, IFNG, IFNL1, IGBP1, IGF2, IKZF1, IKZF4, IKZF5, IL33, IL4, ILF3, IMPACT, ING1, ING2, ING4, INPP5K, INSM1, INSM2, IRF1, IRF2, IRF2BP1, IRF2BP2, IRF2BPL, IRF3, IRF7, IRF8, IRX1, IRX2, IRX3, IRX4, ISL1, JARID2, JAZF1, JDP2, JPH2, JUN, JUND, KANK2, KAT14, KAT2A, KAT2B, KAT5, KAT6A, KAT6B, KAT8, KCNIP3, KCTD1, KDM1A, KDM1B, KDM2A, KDM2B, KDM4A, KDM5A, KDM5B, KDM5C, KDM8, KHDRBS1, KLF10, KLF11, KLF12, KLF16, KLF2, KLF3, KLF4, KLF5, KLF7, KLF8, KMT5A, L3MBTL1, L3MBTL2, L3MBTL3, L3MBTL4, LANCL2, LARP7, LBH, LCOR, LDB1, LDB2, LEF1, LEFTY1, LEP, LGR4, LHX1, LHX9, LILRB4, LIMD1, LIMS1, LIN37, LMCD1, LMO1, LMO4, LOXL2, LOXL3, LRRFIP1, LYAR, MACROH2A1, MACROH2A2, MAD2L2, MAEL, MAF, MAF1, MAFB, MAFF, MAFG, MAFK, MAGEA1, MAGEA10, MAGEA11, MAGEA12, MAGEA13P, MAGEA2, MAGEA2B, MAGEA3, MAGEA4, MAGEA6, MAGEA8, MAGEA9, MAGEA9B, MAGEB1, MAGEB10, MAGEB16, MAGEB17, MAGEB18, MAGEB2, MAGEB3, MAGEB4, MAGEB5, MAGEB6, MAGEB6B, MAGEC1, MAGEC2, MAGEC3, MAGED1, MAGED2, MAGED4, MAGED4B, MAGEE1, MAGEE2, MAGEF1, MAGEH1, MAGEL2, MAP2K5, MAP3K10, MAX, MAZ, MBD1, MBD2, MBD3, MBD3L1, MBD3L2, MBD3L2B, MBD3L3, MBD3L4, MBD3L5, MBIP, MBTD1, MCPH1, MDFI, MDFIC, MDM2, MDM4, MECOM, MECP2, MED1, MED25, MEF2A, MEF2C, MEIS2, MEN1, MEPCE, MESP1, METTL13, MIDEAS, MIER1, MIER2, MIER3, MITF, MLIP, MLX, MLXIPL, MMP12, MNT, MNX1, MORC1, MORC2, MORC3, MOSPD1, MPHOSPH8, MSC, MSX1, MSX2, MTA1, MTA2, MTA3, MTDH, MTERF3, MUC1, MXD1, MXD3, MXD4, MXI1, MYB, MYBBP1A, MYC, MYF6, MYOCD, MYOZ1, MYOZ2, MYPOP, MYT1L, MZF1, N4BP2L2, NAB1, NAB2, NACC1, NACC2, NANOG, NCK1, NCK2, NCOA2, NCOA5, NCOR1, NCOR2, NDN, NDUFA13, NEDD4, NELFA, NELFB, NELFCD, NELFE, NEUROG3, NFATC2, NFATC3, NFATC4, NFE2L3, NFIB, NFIC, NFIL3, NFIX, NFKB1, NFX1, NIBAN2, NIF3L1, NIPBL, NKAP, NKRF, NKX2-1, NKX2-5, NKX3-1, NKX3-2, NKX6-1, NKX6-2, NKX6-3, NMNAT1, NOC2L, NODAL, NOG, NONO, NOP53, NOSTRIN, NOTCH1, NOTCH2, NOTCH3, NOTCH4, NPAS1, NPAT, NR0B1, NR0B2, NR1D1, NR1D2, NR1H2, NR1H3, NR1H4, NR1I2, NR1I3, NR2C1, NR2C2, NR2E1, NR2E3, NR2F1, NR2F2, NR2F6, NR3C1, NR4A2, NR4A3, NR6A1, NRARP, NRG1, NRIP1, NRIP2, NSD1, NSD2, NSMCE3, NUPR2, OGT, OLIG2, OLIG3, ORC2, OSR1, OSR2, OTP, OTUD7B, OVOL1, OVOL2, PA2G4, PAF1, PARP1, PARP10, PARP14, PARP15, PARP9, PASD1, PATZ1, PAWR, PAX2, PAX5, PAX6, PAX9, PBXIP1, PCBP3, PCGF1, PCGF2, PCGF6, PCID2, PCNA, PDCD4, PDE2A, PDGFB, PDX1, PEG3, PER1, PER2, PER3, PEX14, PFDN5, PHB1, PHB2, PHC1, PHC2, PHC3, PHF12, PHF14, PHF19, PHF21A, PHF24, PHF6, PIAS1, PIAS3, PIAS4, PITX1, PKIA, PKIG, PLAGL1, PLCB1, PLK1, PLK3, PML, POLE3, POU1F1, POU2F1, POU3F3, POU4F1, POU4F2, POU5F1, POU6F1, PPARA, PPARD, PPARG, PPARGC1B, PPHLN1, PPID, PPM1A, PPM1F, PPP1R13L, PRAME, PRAMEF1, PRAMEF10, PRAMEF11, PRAMEF12, PRAMEF13, PRAMEF14, PRAMEF15, PRAMEF17, PRAMEF18, PRAMEF19, PRAMEF2, PRAMEF20, PRAMEF22, PRAMEF25, PRAMEF27, PRAMEF33, PRAMEF4, PRAMEF5, PRAMEF6, PRAMEF7, PRAMEF8, PRAMEF9, PRDM1, PRDM11, PRDM12, PRDM13, PRDM14, PRDM16, PRDM2, PRDM5, PRDM6, PRDM8, PRDX5, PRICKLE1, PRKN, PRMT2, PRMT5, PRMT6, PROP1, PROX1, PRRX1, PSEN1, PSMC5, PSMD10, PSPC1, PTCH1, PTPN2, PTPRK, PURA, PURB, QARS1, RALY, RARA, RARB, RARG, RASD1, RB1, RBAK, RBBP4, RBBP7, RBBP8, RBFOX2, RBL1, RBM10, RBPJ, RCOR1, RCOR2, RCOR3, RECQL5, RELA, RELB, RERE, RESF1, REST, RFC1, RFX3, RFX5, RGN, RIF1, RING1, RIOX1, RIOX2, RIPPLY1, RIPPLY2, RIPPLY3, RITA1, RLIM, RN7SK, RNF168, RNF2, RNF8, RORB, RORC, RPL10, RPL23, RPS14, RPS6KA5, RREB1, RRP8, RSF1, RTF1, RUNX1, RUNX1T1, RUNX2, RUNX3, RUVBL2, RXRA, RYBP, SALL1, SALL4, SAMD1, SAMD11, SAMD7, SAP130, SAP18, SAP30, SAP30L, SARNP, SARS1, SATB1, SATB2, SBNO2, SCAF4, SCAF8, SCAI, SCGB1A1, SCMH1, SCML1, SCML2, SCML4, SCRT1, SCRT2, SCX, SDCBP, SDR16C5, SEMA4D, SET, SETD5, SETDB1, SETDB2, SF1, SFMBT1, SFMBT2, SFN, SFPQ, SFRP1, SFRP2, SGF29, SHC1, SHH, SHOX2, SIAH2, SIM2, SIN3A, SIN3B, SINHCAF, SIRT1, SIRT2, SIRT6, SIRT7, SIX1, SIX3, SIX4, SIX5, SKI, SKIL, SKOR1, SKOR2, SLA2, SMAD2, SMAD3, SMAD4, SMAD5, SMAD7, SMARCA2, SMARCA4, SMARCA5, SMARCC2, SMARCE1, SMO, SMTNL1, SMURF2, SMYD1, SMYD2, SNAI1, SNAI2, SNAI3, SNCA, SNW1, SNX6, SORBS3, SOX1, SOX10, SOX11, SOX12, SOX13, SOX14, SOX15, SOX18, SOX2, SOX21, SOX3, SOX30, SOX4, SOX6, SOX7, SOX8, SOX9, SP100, SP2, SP3, SP5, SPDEF, SPEN, SPI1, SPINDOC, SQSTM1, SREBF1, SREBF2, SRF, SRSF2, SRY, SSX1, STAT1, STAT3, STAT6, STRAP, STRN3, SUDS3, SUFU, SUMO1, SUMO4, SUPT4H1, SUPT5H, SUV39H1, SUV39H2, SUZ12, TADA3, TAF1, TAF3, TAF7, TAF9B, TAGLN3, TAL1, TASOR, TBL1X, TBL1XR1, TBL1Y, TBR1, TBX15, TBX18, TBX2, TBX20, TBX21, TBX22, TBX3, TBX6, TBXT, TCEAL7, TCERG1, TCF21, TCF23, TCF25, TCF3, TCF7, TCF7L2, TCFL5, TCP10L, TDG, TDP2, TENM2, TET1, TFAP2A, TFAP2B, TFAP2C, TFAP4, TFCP2L1, TFDP2, TFEC, TGFB1, TGIF1, TGIF2, TGIF2LX, TGIF2LY, THAP1, THAP11, THAP5, THAP7, THRA, THRB, TIMELESS, TLE1, TLE2, TLE3, TLE4, TLE5, TLE6, TLE7, TMPRSS6, TNF, TNFRSF4, TNFSF11, TNFSF4, TNP1, TOB1, TOB2, TP53, TP63, TPR, TRAF6, TRERF1, TRIB3, TRIM11, TRIM22, TRIM24, TRIM27, TRIM28, TRIM29, TRIM33, TRIM37, TRIM6, TRO, TRPS1, TRPV1, TRPV4, TSC22D4, TSG101, TSHZ3, TWIST1, TWIST2, TXN, TXNIP, UBE2D1, UBE2D3, UBE2I, UHRF1, UIMC1, URI1, USP2, USP3, USP47, USP9X, UXT, VAX1, VAX2, VDR, VEGFA, VGLL4, VHL, VPS72, VSX2, WDR5, WDR82, WDTC1, WFS1, WNT10B, WNT11, WNT4, WNT5A, WT1, WTIP, WWC1, WWC2, WWC3, WWP1, WWP2, WWTR1, XCL1, XRCC5, XRCC6, YAF2, YAP1, YBX1, YBX3, YEATS2, YWHAQ, YWHAZ, YY1, ZBED2, ZBED6, ZBTB1, ZBTB10, ZBTB12, ZBTB14, ZBTB16, ZBTB17, ZBTB18, ZBTB2, ZBTB20, ZBTB21, ZBTB25, ZBTB26, ZBTB32, ZBTB33, ZBTB34, ZBTB37, ZBTB38, ZBTB39, ZBTB4, ZBTB42, ZBTB45, ZBTB46, ZBTB49, ZBTB5, ZBTB6, ZBTB7A, ZBTB7B, ZBTB8A, ZC3H4, ZC3H6, ZC3H8, ZEB1, ZEB2, ZFHX3, ZFP36, ZFPM1, ZFPM2, ZFTA, ZGLP1, ZGPAT, ZHX1, ZHX2, ZHX3, ZIC2, ZKSCAN3, ZMYM2, ZMYM5, ZMYND11, ZMYND15, ZMYND8, ZNF12, ZNF131, ZNF133, ZNF134, ZNF136, ZNF140, ZNF141, ZNF148, ZNF174, ZNF175, ZNF202, ZNF205, ZNF217, ZNF219, ZNF224, ZNF239, ZNF24, ZNF253, ZNF254, ZNF256, ZNF263, ZNF268, ZNF274, ZNF281, ZNF282, ZNF296, ZNF304, ZNF318, ZNF345, ZNF350, ZNF354B, ZNF354C, ZNF366, ZNF418, ZNF423, ZNF425, ZNF431, ZNF451, ZNF469, ZNF488, ZNF503, ZNF512B, ZNF536, ZNF540, ZNF541, ZNF568, ZNF572, ZNF589, ZNF608, ZNF639, ZNF653, ZNF658, ZNF668, ZNF675, ZNF692, ZNF703, ZNF706, ZNF746, ZNF750, ZNF777, ZNF8, ZNF827, ZNF85, ZNF91, ZNF93, ZP3, ZSCAN10
GO:0032409	regulation of transporter activity	260	4	0.91	0.01298	0.017291666666666667	ABCB1, ACE2, ACTB, ACTN2, ACTN4, ADIPOQ, ADRA2A, ADRB2, AHCYL1, AHNAK, AKAP6, AKAP9, ALG10B, ANK2, ANK3, ANO9, ANTKMT, APOA2, APP, ATP1A2, ATP1B1, ATP1B2, ATP1B3, ATP2A1, ATPSCKMT, BCL2, CAB39, CACNA1D, CACNA2D1, CACNB1, CACNB2, CACNB3, CACNB4, CACNG2, CACNG3, CACNG4, CACNG5, CACNG7, CACNG8, CALM1, CALM2, CALM3, CAMK2D, CAPN1, CASQ1, CASQ2, CAV1, CAV3, CBARP, CCL2, CCR2, CFTR, CHP1, CHP2, CHRM3, CLIC2, CLTRN, CNIH2, CNIH3, COA8, COX17, CRACR2A, CRH, CRHBP, CRHR1, CTSS, CTTNBP2NL, DAPK1, DLG1, DLG4, DMD, DRD2, DRD3, DRD4, EDN1, EDNRA, EPHB2, EPO, FGF11, FGF12, FGF13, FGF14, FHL1, FKBP1A, FKBP1B, FKBP1C, FMR1, FXYD1, FXYD2, FXYD3, FXYD4, FXYD5, FXYD6, FXYD6P3, FXYD7, GAL, GALR2, GNB5, GOPC, GPD1L, GPR35, GRM5, GRP, GSTM2, GSTO1, HAP1, HECW1, HECW2, HOMER1, HPCA, HRC, HTT, IFNG, INS, ITGB1, JPH1, JPH2, JPH3, JPH4, JSRP1, KCNAB1, KCNE1, KCNE2, KCNE3, KCNE4, KCNE5, KCNG1, KCNIP2, KCNRG, KCNS1, KCNS2, KCTD7, LRRC26, LRRC38, LRRC52, LRRC55, MAPK8IP2, MEF2C, MINK1, MIR1-1, MIR103A1, MIR128-1, MIR129-1, MIR133A1, MIR133B, MIR153-1, MIR17, MIR186, MIR192, MIR200C, MIR208A, MIR208B, MIR212, MIR24-1, MIR26A1, MIR30C1, MIR30D, MIR326, MIR33A, MIR33B, MIR34A, MIR34B, MIR448, MIR451A, MIR495, MIR499A, MIR508, MIR613, MIR873, MIR9-1, MIR93, MMP9, NDFIP1, NDFIP2, NDUFA4, NEDD4, NEDD4L, NETO1, NIPSNAP2, NLGN1, NLGN2, NLGN3, NOS1, NOS1AP, NPPA, NR1H3, OPRM1, OSR1, OXSR1, P2RY6, PCSK9, PDZK1, PHB2, PIM1, PIRT, PKD2, PLN, PON1, PPARG, PPIF, PRKACA, PRKCD, PRKCE, PRNP, PRRT1, PTK2B, PTPN3, RANGRF, RELN, RIPK1, RNF207, RXRA, RYR2, SCN1B, SCN2B, SCN3B, SCN4B, SELENON, SGK1, SGK2, SHANK1, SHANK3, SHISA6, SHISA7, SHISA8, SHISA9, SLC6A9, SLC9A1, SLMAP, SLN, SNCA, SPHK2, SRI, STAC, STAC2, STAC3, STIM1, STIM2, STIMATE, STK39, STRIT1, SUMO1, SYNGR3, TCAF1, TCAF2, TESC, TLR9, TMSB4X, TRDN, TREM2, TRPC6, UBQLN1, UTRN, VAMP2, VMP1, WNK2, WNK3, WWP2, YWHAE, YWHAH
GO:0030036	actin cytoskeleton organization	726	7	2.54	0.01315	0.017291666666666667	ABI1, ABI2, ABI3, ABITRAM, ABL1, ABL2, ACTA1, ACTB, ACTBL2, ACTC1, ACTG1, ACTL8, ACTL9, ACTN1, ACTN2, ACTN3, ACTN4, ACTR2, ACTR3, ADD1, ADD2, ADD3, ADPRHL1, ADRA2A, AGAP2, AIF1, AIF1L, AKAP11, AKAP13, ALDOA, ALKBH4, ALMS1, ALOX15, AMOT, AMOTL1, AMOTL2, ANG, ANKRD1, ANKRD23, ANLN, ANTXR1, ANXA1, AP1AR, APOA1, AQP1, AQP2, AQP5-AS1, ARAP1, ARF1, ARF6, ARFGEF1, ARFIP1, ARFIP2, ARHGAP12, ARHGAP17, ARHGAP18, ARHGAP25, ARHGAP26, ARHGAP28, ARHGAP35, ARHGAP40, ARHGAP44, ARHGAP6, ARHGEF10, ARHGEF10L, ARHGEF11, ARHGEF15, ARHGEF17, ARHGEF18, ARHGEF19, ARHGEF2, ARHGEF5, ARPC1A, ARPC1B, ARPC2, ARPC3, ARPC4, ARPC5, ARPC5L, ARPIN, ARRB1, ASAP3, ASB2, ATP2C1, ATXN3, AUTS2, AVIL, BAG4, BAIAP2, BAIAP2L1, BAIAP2L2, BBS4, BCAR1, BCAS3, BCL2, BCL6, BCR, BIN1, BIN3, BMP10, BRAF, BRK1, BRSK2, BST1, BST2, C15orf62, C9orf72, CALD1, CALR, CAP1, CAP2, CAPG, CAPN10, CAPN3, CAPZA1, CAPZA2, CAPZA3, CAPZB, CARMIL1, CARMIL2, CARMIL3, CASQ1, CATIP, CAV3, CAVIN3, CCDC88A, CCL11, CCL21, CCL24, CCL26, CCN2, CCR7, CD2AP, CD47, CDC42, CDC42BPA, CDC42BPB, CDC42BPG, CDC42EP1, CDC42EP2, CDC42EP3, CDC42EP4, CDC42EP5, CDK10, CDK5R1, CELSR1, CFL1, CFL2, CFLAR, CGNL1, CLASP1, CLASP2, CLDN19, CLDN3, CLN3, CLRN1, CNN1, CNN2, CNN3, COBL, CORO1A, CORO1B, CORO1C, CORO2B, CORO6, CORO7, COTL1, CPNE6, CRACD, CRK, CSF1R, CSF3, CSRP1, CSRP2, CSRP3, CTNNA2, CTTN, CUL3, CX3CL1, CXADR, CXCL1, CXCL12, CYFIP1, CYFIP2, CYRIA, CYRIB, CYTH2, DAAM1, DAAM2, DAPK3, DBN1, DBNL, DIAPH1, DIAPH2, DIAPH3, DIXDC1, DLC1, DLG1, DMTN, DNAI3, DNAJB6, DNM2, DOCK2, DPYSL3, DSTN, DTNBP1, DVL2, DVL3, ECT2, EDN1, EEF2K, EFNA5, EHD2, ELMO1, ELMO2, ELMO3, ELN, EMP2, ENAH, EPB41, EPB41L1, EPB41L2, EPB41L3, EPB41L4A, EPB41L4B, EPB41L5, EPHA1, EPHA3, EPHA5, EPS8, ERMN, ESAM, ESPN, ESPNL, EVL, EZR, F11R, F2RL1, FAM107A, FAM171A1, FARP1, FARP2, FAT1, FCHSD1, FCHSD2, FER, FERMT2, FGD1, FGD2, FGD3, FGD4, FGD5, FGD6, FGF10, FGF7, FHDC1, FHL3, FHOD1, FHOD3, FLII, FLNA, FLNB, FLNC, FMN1, FMN2, FMNL1, FMNL2, FMNL3, FOXJ1, FRMD3, FRMD5, FRMD7, FSCN1, FSCN2, FSCN3, FZD10, GAS2, GAS2L1, GAS2L2, GAS2L3, GAS7, GBA2, GDPD2, GHRL, GHSR, GMFB, GMFG, GPM6B, GPR65, GRB2, GRHL3, GSN, HAX1, HCK, HCLS1, HDAC6, HIP1, HIP1R, HMCN1, HRAS, HRG, HSP90B1, IKBKB, IL1A, INF2, INPP5K, INPPL1, INSRR, IQGAP1, IQGAP2, IQGAP3, IQSEC1, IQSEC2, IQSEC3, ITGB1, ITGB1BP1, ITGB3, ITGB5, ITPKA, JAK2, JAM3, JMY, KANK1, KANK2, KANK3, KANK4, KASH5, KBTBD13, KCTD13, KHDC3L, KIRREL1, KIT, KLHL1, KLHL17, KLHL41, KPTN, KRAS, KRT19, KRT8, LATS1, LCP1, LDB3, LIMA1, LIMCH1, LIMD2, LIMK1, LIMK2, LLGL1, LLGL2, LMOD1, LMOD2, LMOD3, LPAR1, LRP1, MAD2L2, MAGEL2, MARCKS, MARCKSL1, MEF2A, MEGF9, MET, MICAL1, MICAL2, MICAL3, MICALL2, MINK1, MIR1-1, MIR138-1, MIR143, MIR145, MIR149, MIR20A, MIR21, MIR214, MIR335, MKKS, MKLN1, MLST8, MRAS, MRTFA, MSRB1, MSRB2, MTOR, MTPN, MTSS1, MYADM, MYBPC1, MYBPC2, MYBPC3, MYBPH, MYH10, MYH11, MYH14, MYH3, MYH6, MYH7, MYH9, MYL2, MYL9, MYLK3, MYO15A, MYO18A, MYO18B, MYO19, MYO1A, MYO1B, MYO1C, MYO1D, MYO1E, MYO1F, MYO1G, MYO1H, MYO3A, MYO3B, MYO5A, MYO5B, MYO5C, MYO6, MYO7A, MYO7B, MYOC, MYOM1, MYOM2, MYOM3, MYOZ1, MYOZ2, MYPN, NAA80, NCK1, NCK2, NCKAP1, NCKAP1L, NEB, NEBL, NEDD9, NF1, NF2, NHERF1, NISCH, NKX2-5, NLRP5, NOS1AP, NOSTRIN, NPHP1, NPHP4, NPHS1, NPHS2, NRAP, NRP1, NUAK2, OBSCN, OBSL1, ODAM, OOEP, OPHN1, OR2A4, PACSIN1, PACSIN2, PAFAH1B1, PAK1, PAK2, PAK3, PALLD, PARVB, PAWR, PDCD6IP, PDCL3, PDGFA, PDGFRA, PDGFRB, PDLIM1, PDLIM2, PDLIM3, PDLIM4, PDLIM5, PDLIM7, PDPK1, PDXP, PEAK3, PFN1, PFN2, PFN3, PFN4, PGM5, PHACTR1, PHACTR2, PHACTR3, PHACTR4, PHLDB2, PHPT1, PICK1, PIK3CA, PIK3R1, PIK3R2, PIP5K1A, PIP5K1C, PLA2G1B, PLEC, PLEK, PLEKHG2, PLEKHH2, PLS1, PLS3, POF1B, POTEE, POTEF, POTEI, POTEJ, POTEKP, PPARGC1B, PPFIA1, PPM1E, PPM1F, PPP1R9A, PPP1R9B, PREX1, PRICKLE4, PRKAR1A, PRKCD, PRKCE, PRKCI, PRKD1, PRKG1, PRKN, PROX1, PSTPIP1, PSTPIP2, PTGER4, PTK2B, PTK7, PTPN1, PXN, PYCARD, RAB13, RAC1, RAC2, RAC3, RACGAP1, RALA, RAN, RAP1GDS1, RAP2A, RAPGEF3, RASA1, RDX, RFLNA, RFLNB, RGCC, RGS4, RHOA, RHOB, RHOBTB1, RHOBTB2, RHOC, RHOD, RHOF, RHOG, RHOH, RHOJ, RHOQ, RHOT1, RHOT2, RHOU, RHOV, RHPN1, RHPN2, RHPN2P1, RICTOR, RND1, RND2, RND3, RNH1, ROCK1, ROCK2, RTKN, RUFY3, S100A10, S1PR1, S1PR2, SAMD14, SCIN, SDC4, SDCBP, SEMA5A, SERPINF2, SETD3, SFRP1, SH2B2, SH3BP1, SH3D21, SH3KBP1, SHANK1, SHANK3, SHC1, SHROOM1, SHROOM2, SHROOM3, SHROOM4, SHTN1, SIGLEC15, SIPA1L1, SIX4, SLC4A2, SLC9A1, SLIT2, SMAD3, SMAD4, SMIM22, SMTN, SMTNL1, SMTNL2, SNX9, SORBS1, SORBS3, SPATC1L, SPECC1, SPECC1L, SPIRE1, SPIRE2, SPTA1, SPTAN1, SPTB, SPTBN1, SPTBN2, SPTBN4, SPTBN5, SRC, SRCIN1, SRF, SSH1, SSH2, SSH3, STARD13, STARD8, STAU2, STMN1, STRIP1, SVIL, SWAP70, SYDE1, SYNPO, SYNPO2, SYNPO2L, TACR1, TACSTD2, TAGLN2, TAGLN3, TAOK1, TAOK2, TBCK, TCAP, TENM1, TESK1, TESK2, TF, TGFB3, TGFBR1, TJP1, TLE6, TLN1, TMEFF2, TMOD1, TMOD2, TMOD3, TMOD4, TMSB10, TMSB15A, TMSB15B, TMSB15C, TMSB4X, TMSB4Y, TNF, TNFAIP1, TNIK, TNNT1, TNNT2, TNNT3, TNXB, TPM1, TPM2, TPM3, TPM4, TRIM27, TRIM32, TRIOBP, TRIP10, TRPM2, TRPM7, TRPV4, TSC1, TTC17, TTC8, TTN, TWF1, TWF2, TYROBP, USH1C, VASP, VIL1, VILL, VPS4A, WAS, WASF1, WASF2, WASF3, WASH3P, WASH6P, WASHC1, WASHC2A, WASHC2C, WASHC3, WASHC4, WASHC5, WASL, WDR1, WHAMM, WIPF1, WIPF3, WNT11, WNT4, XIRP1, XIRP2, ZBED3, ZEB2, ZNF664-RFLNA, ZYX
GO:0010648	negative regulation of cell communication	1484	11	5.19	0.01322	0.017291666666666667	AATF, ABCA7, ABCC8, ABHD6, ABL1, ABL2, ACAA2, ACE2, ACHE, ACKR3, ACOD1, ACP4, ACTN3, ACVR1, ACVR1C, ADA, ADAM17, ADAMTS12, ADAMTSL2, ADAR, ADCY8, ADGRA2, ADGRG3, ADIPOQ, ADIPOR1, ADM, ADNP, ADORA1, ADRA2A, ADRB2, AGER, AGT, AGTR2, AHSG, AIDA, AIM2, AJUBA, AKT1, AKT1S1, ALPK2, AMBP, AMER1, AMER2, AMFR, ANKRD6, APC, APC2, APCDD1, APCDD1L, APELA, APLN, APLNR, APLP1, APOA1, APOD, APOE, APPL1, AR, ARC, ARF1, ARG1, ARHGAP12, ARHGAP24, ARHGAP25, ARHGAP35, ARHGAP42, ARHGAP44, ARHGEF2, ARID4A, ARID4B, ARMC10, ARR3, ARRB1, ARRB2, ARRDC1, ARRDC3, ASAH2, ASH1L, ASPN, ASXL1, ATAD1, ATAD5, ATF3, ATF4, ATF6B, ATM, ATP2B4, ATXN3, AURKB, AVP, AVPR1A, AXIN1, AXIN2, AZI2, BAG5, BAK1, BAMBI, BANF1, BANK1, BARX1, BAX, BCHE, BCL2, BCL2L1, BCL2L2, BCL3, BCL6, BCL9L, BDKRB2, BDNF, BECN2, BEND6, BFAR, BICC1, BICD1, BID, BIRC6, BIRC7, BMAL1, BMI1, BMP2, BMP4, BMP5, BMP7, BMP8A, BMPER, BMT2, BOK, BPIFB1, BRAP, BRCA1, BRMS1, BRMS1L, BTN2A2, BTRC, C12orf43, C1QBP, C1QL4, C1QTNF3, C3orf33, C8orf44-SGK3, CAAP1, CACTIN, CADM1, CADM4, CALR, CARD16, CARD19, CARD8, CARTPT, CASC2, CASP8, CASTOR1, CASTOR2, CASTOR3P, CAV1, CAV2, CAV3, CAVIN3, CBFA2T2, CBL, CBLB, CBLC, CBLN1, CBY1, CCAR2, CCDC125, CCDC22, CCDC3, CCDC88C, CCL5, CCN3, CCNC, CD109, CD160, CD22, CD2AP, CD300A, CD300LF, CD38, CD3E, CD44, CD46, CD74, CDC34, CDH2, CDH3, CDK20, CDK3, CDK5RAP3, CDKN2D, CEACAM1, CER1, CFLAR, CGAS, CGNL1, CHAC1, CHD8, CHGA, CHMP6, CHP1, CHRD, CHRDL1, CHRDL2, CHRNA10, CHST11, CIB1, CIDEA, CILP, CISH, CIT, CITED1, CLEC12B, CLOCK, CLU, CNKSR3, CNOT1, CNOT2, CNOT7, CNOT9, CNR2, COL2A1, CPNE1, CPTP, CREB3, CREB3L1, CRH, CRHBP, CRIM1, CRTC3, CRY1, CRY2, CRYBA1, CSF2, CSK, CSNK1A1, CSNK1A1L, CSNK1E, CSNK2A1, CSNK2A2, CTDSPL2, CTH, CTHRC1, CTNNA1, CTNNB1, CTNNBIP1, CTNND1, CTTN, CUL3, CX3CL1, CX3CR1, CXCL12, CXCL8, CXXC4, CYLD, CYP26A1, CYP26B1, CYP26C1, CYP7B1, CYRIB, DAB1, DAB2, DAB2IP, DACT1, DACT2, DACT3, DAG1, DAND5, DCN, DCST1, DDIAS, DDIT3, DDIT4, DDIT4L, DDRGK1, DDX3X, DEFB114, DEFB118, DEPDC5, DEPTOR, DGKD, DGKG, DGKZ, DHRS3, DHX58, DICER1, DKK1, DKK2, DKK3, DKK4, DKKL1, DLC1, DLG1, DLG5, DLK1, DLK2, DLL1, DLL3, DLL4, DLX1, DLX2, DNAJA1, DNAJB9, DRAXIN, DRD1, DRD2, DRD3, DRD5, DUSP1, DUSP10, DUSP13B, DUSP16, DUSP19, DUSP2, DUSP22, DUSP26, DUSP29, DUSP3, DUSP4, DUSP5, DUSP6, DUSP7, DUSP8, DUSP9, DYRK1A, DYRK2, DYRK3, ECM1, EDN1, EFNA1, EGFL7, EGFR, EGR1, EID2, EIF4E2, ELF1, ELL3, EMD, EMILIN1, ENDOG, ENO1, ENPP1, ENTREP1, ENY2, EPHA2, EPHA4, EPHB2, EPM2A, EPN2, EPO, ERBB3, ERBIN, ERRFI1, ESR1, EYA1, EYA2, EYA3, EYA4, EZH2, EZR, F2RL1, FAIM, FAIM2, FAM3D, FAM89B, FBLN1, FBN1, FBN2, FBP1, FBXL2, FBXO7, FBXW7, FCGR2B, FCRL3, FERMT1, FFAR2, FFAR4, FGA, FGB, FGF10, FGF2, FGF23, FGF9, FGG, FHL2, FIGNL1, FKBP1A, FKBP1B, FKTN, FLCN, FMR1, FNIP1, FOXH1, FOXM1, FOXO1, FOXO3, FOXP1, FRMD8, FRMD8P1, FRZB, FST, FSTL3, FSTL4, FUZ, FXN, FYN, FZD1, FZD6, FZD9, G3BP1, GABBR1, GAS6, GATA1, GATA2, GATA3, GATA4, GBA1, GBP1, GBP7, GCLC, GCLM, GDF15, GDF3, GDNF, GFRAL, GGNBP2, GHITM, GHRL, GHSR, GIGYF2, GIPR, GJA1, GLG1, GLI1, GLI3, GLIS2, GLRA1, GNAI2, GNAZ, GPATCH3, GPC1, GPC3, GPD1L, GPER1, GPR108, GPR155, GPR161, GPR21, GPR35, GPR37L1, GPRASP1, GPRC5A, GPS2, GPX1, GRAMD4, GRB10, GRB14, GREM1, GREM2, GRIA1, GRID2, GRID2IP, GRIK2, GRIK3, GRINA, GRK2, GRK3, GRM2, GRM5, GSC, GSK3A, GSK3B, GSTP1, GTF2H2, H2BC11, HACD3, HADH, HAPSTR1, HCRT, HDAC1, HDAC2, HDAC3, HDAC7, HECW1, HEG1, HELLS, HERC4, HERPUD1, HEY1, HEY2, HEYL, HGF, HGS, HHEX, HHIP, HIC1, HIF1A, HIF1AN, HIPK2, HIPK3, HJV, HLA-G, HMGB2, HMGXB4, HMOX1, HOMER2, HOMER3, HRG, HSP90AB1, HSPA1A, HSPA1B, HSPA5, HSPA8, HSPB1, HTR1B, HTR2A, HTR2B, HTRA1, HTRA2, HTRA3, HTRA4, HTT, HYAL2, HYOU1, ICAM1, IER3, IFI35, IFI6, IFT122, IFT172, IFT80, IGBP1, IGF1, IGF1R, IGFBP1, IGFBP2, IGFBP3, IGFBP4, IGFBP5, IGFBP6, IGSF1, IL10, IL11, IL12A, IL12B, IL17RD, IL19, IL1A, IL1B, IL1R2, IL1RN, IL36RN, IL6, IL7, ING1, ING2, INHA, INHBA, INHBB, INPP5A, INPP5D, INPP5E, INPP5F, INPP5K, INPPL1, INS, INSIG1, INSIG2, INTS9, INVS, IQSEC2, IRAK3, IRF4, IRGM, IRS1, ISG15, ISL1, ITCH, ITFG2, ITGA1, ITGA3, ITGA6, ITGAV, ITGB1, ITGB1BP1, ITPR1, ITPRIP, IVNS1ABP, JADE1, JAGN1, KANK1, KANK2, KBTBD6, KBTBD7, KCNB1, KCNJ11, KCTD10, KCTD13, KCTD21, KCTD6, KDM1A, KICS2, KIF26A, KIF7, KLF7, KLHL31, KLK14, KPTN, KREMEN1, LACRT, LAPTM5, LATS1, LATS2, LAX1, LBH, LDLRAD4, LEMD2, LEMD3, LEP, LEPROT, LEPROTL1, LFNG, LGALS3, LGMN, LGR4, LIF, LILRA2, LILRA4, LILRB2, LILRB4, LIMD1, LITAF, LMBR1L, LMNA, LMO3, LONP1, LPAR1, LPXN, LRP1, LRP2, LRP4, LRPAP1, LRRC14, LRRK2, LTBP1, LTF, LYN, LYPLAL1, LZTR1, LZTS2, MAD2L1BP, MAD2L2, MAGEA1, MAGEA3, MAGI2, MAP2K3, MAP2K5, MAPK14, MAPK3, MAPK7, MAPK8IP1, MAPK8IP2, MAPKAP1, MAPKAPK5, MAPKBP1, MAPT, MARCHF7, MARK3, MARVELD3, MAVS, MAZ, MCC, MCL1, MDFI, MDK, MDM2, MECOM, MEFV, MEGF8, MEIS3, MEN1, MESP1, MET, METTL3, MFHAS1, MFN2, MGRN1, MICOS10-NBL1, MIDN, MIF, MINAR1, MIOS, MIR1-1, MIR100, MIR101-1, MIR103A1, MIR106A, MIR107, MIR1224, MIR125A, MIR125B1, MIR1271, MIR130A, MIR132, MIR133A1, MIR133B, MIR135A1, MIR138-1, MIR140, MIR142, MIR145, MIR146A, MIR149, MIR152, MIR15A, MIR15B, MIR16-1, MIR17, MIR181A2, MIR181B1, MIR185, MIR18A, MIR195, MIR199A1, MIR199B, MIR19A, MIR19B1, MIR200B, MIR200C, MIR203A, MIR204, MIR205, MIR206, MIR20A, MIR21, MIR210, MIR214, MIR218-1, MIR221, MIR222, MIR223, MIR23A, MIR24-1, MIR26A1, MIR26B, MIR27A, MIR27B, MIR29A, MIR29B1, MIR29C, MIR302B, MIR302C, MIR30C2, MIR323A, MIR329-1, MIR340, MIR342, MIR34A, MIR34B, MIR34C, MIR361, MIR365A, MIR372, MIR373, MIR375, MIR376C, MIR424, MIR449A, MIR483, MIR497, MIR498, MIR503, MIR508, MIR519A1, MIR519D, MIR520C, MIR564, MIR573, MIR665, MIR708, MIR766, MIR874, MIR885, MIR9-1, MIR92A1, MIR92B, MIR93, MIR98, MIR99A, MIRLET7A1, MIRLET7B, MIRLET7C, MIRLET7E, MIRLET7F1, MIRLET7G, MKRN2, MLLT3, MMP12, MMP14, MMP9, MMRN2, MNT, MOSMO, MPIG6B, MPV17L, MRAP, MRAP2, MSTN, MTM1, MTMR4, MTNR1B, MTOR, MUC1, MUL1, MVP, MYADM, MYC, MYOC, MYOCD, MYOZ1, MYOZ2, NAIP, NANOS3, NBL1, NCK1, NCK2, NCL, NCLN, NCOA5, NCOR1, NCOR2, NDRG2, NDRG4, NDUFA13, NDUFAF2, NDUFS3, NECAB2, NEDD4, NEURL1, NEUROD1, NF1, NF2, NFATC4, NFE2L2, NFKBIA, NFKBIL1, NGFR, NHERF1, NHERF4, NIBAN2, NKD1, NKD2, NKIRAS1, NKIRAS2, NKX2-1, NKX2-5, NKX3-1, NLK, NLRC3, NLRC5, NLRP12, NLRP2, NLRP2B, NLRP3, NLRP6, NLRX1, NMB, NME5, NMI, NOC2L, NOD2, NODAL, NOG, NOL3, NOMO1, NOMO3, NONO, NOP53, NOS3, NOTCH1, NOTUM, NPC1, NPHP3, NPHP4, NPLOC4, NPPA, NPRL2, NPRL3, NPVF, NPY5R, NR0B1, NR1D1, NR1H2, NR1H3, NR1H4, NR4A2, NRARP, NRP1, NRROS, NUP62, NXN, OAS1, OAS3, OGT, ONECUT1, ONECUT2, OPA1, OPRK1, OPRL1, OPRM1, OPTN, OSM, OTOP1, OTUD3, OTUD4, OTUD5, OTUD7B, OVOL2, P2RX7, PADI2, PAFAH1B1, PAK1IP1, PAK5, PALM, PALM3, PAQR3, PARK7, PARL, PARP1, PARP14, PAWR, PBK, PBLD, PCBP2, PCDH17, PCGF2, PDCD4, PDCD6, PDE10A, PDE11A, PDE2A, PDE3A, PDE3B, PDE4B, PDE4D, PDE8B, PDPK1, PDX1, PEA15, PEBP1, PEG10, PELI3, PER1, PF4, PFDN5, PFKL, PHACTR4, PHB1, PHB2, PHF14, PHIP, PHLDA3, PHLPP1, PHPT1, PIAS2, PIAS4, PIBF1, PICK1, PID1, PIH1D1, PIK3CB, PIK3IP1, PIK3R2, PIM3, PIN1, PINK1, PIP4K2A, PIP4K2B, PIP4K2C, PKHD1, PLAUR, PLCL2, PLEK, PLEKHA1, PLIN5, PLK2, PMEPA1, PPARA, PPARG, PPEF2, PPIA, PPIF, PPM1A, PPM1B, PPM1N, PPP1R10, PPP1R15A, PPP1R15B, PPP2CA, PPP2CB, PPP2R1A, PPP3CA, PPP6C, PRAME, PRAP1, PRDM14, PRDM15, PRDM16, PRDX2, PRELID1, PRICKLE1, PRKAA1, PRKAA2, PRKACA, PRKACB, PRKCB, PRKCD, PRKCQ, PRKCZ, PRKDC, PRKN, PRMT1, PRNP, PRR5L, PRRT1, PSCA, PSEN1, PSMD10, PSMD9, PSME3, PTCH1, PTCH2, PTEN, PTGIR, PTGS2, PTK2B, PTPN1, PTPN11, PTPN12, PTPN18, PTPN2, PTPN22, PTPN3, PTPN6, PTPRC, PTPRD, PTPRE, PTPRJ, PTPRO, PTPRR, PTPRS, PTPRT, PTPRU, PTTG1IP, PVRIG, PXDN, PYCARD, PYCR1, PYDC1, PYDC2, PYDC5, QARS1, RAB11FIP1, RAB11FIP3, RAB11FIP5, RAB7A, RAB7B, RABGEF1, RACK1, RAF1, RANBP9, RASA2, RASA3, RASA4, RASA4B, RASAL1, RASAL3, RASIP1, RASL11B, RASSF2, RB1, RB1CC1, RBBP4, RBBP7, RBMS3, RBPMS2, RBX1, RCAN1, RELA, REST, RFFL, RGS1, RGS10, RGS11, RGS12, RGS13, RGS14, RGS16, RGS17, RGS18, RGS19, RGS2, RGS20, RGS21, RGS22, RGS3, RGS4, RGS5, RGS6, RGS7, RGS7BP, RGS8, RGS9, RGS9BP, RHOA, RHOH, RIOK3, RIPK1, RIPOR2, RITA1, RNF113A, RNF115, RNF125, RNF126, RNF149, RNF152, RNF167, RNF170, RNF213, RNF34, RNF43, ROBO1, RORA, RPGRIP1L, RPH3AL, RPS6KA1, RPS6KA6, RPS6KB1, RRM2B, RRN3, RTKN2, RUBCN, RUNX2, RUVBL2, SAG, SAMHD1, SAP130, SAP30, SAP30L, SARM1, SCAI, SCG2, SCRT2, SCYL2, SDHAF2, SEC13, SEC14L1, SEH1L, SELENOS, SEMA6A, SERPINB3, SERPINE1, SERPINE2, SESN1, SESN2, SESN3, SFRP1, SFRP2, SFRP4, SFRP5, SGK3, SH2B3, SH2D1A, SH3BP1, SH3BP4, SH3RF1, SH3RF2, SHANK2, SHANK3, SHH, SHISA2, SHISA3, SHISA6, SIAH2, SIGIRR, SIN3A, SINHCAF, SIRPA, SIRT1, SIRT2, SIRT3, SIRT4, SKI, SKIL, SKOR1, SKOR2, SLA2, SLAMF1, SLC24A1, SLC24A2, SLC24A4, SLC25A31, SLC25A4, SLC25A5, SLC25A6, SLC27A4, SLC2A10, SLC35C1, SLC35F6, SLC39A8, SLC6A1, SLC6A4, SLIT2, SLIT3, SMAD4, SMAD5, SMAD6, SMAD7, SMARCA4, SMIM30, SMPD1, SMPDL3B, SMURF1, SMURF2, SNAI1, SNAI2, SNCA, SNIP1, SNX13, SNX25, SNX6, SOCS1, SOCS2, SOCS3, SOCS4, SOCS5, SOCS6, SOCS7, SOD2, SORCS2, SORCS3, SORL1, SOST, SOSTDC1, SOX10, SOX13, SOX17, SOX2, SOX30, SOX9, SPAAR, SPART, SPI1, SPINK1, SPRED1, SPRED2, SPRED3, SPRY1, SPRY2, SPRY3, SPRY4, SQSTM1, SRC, SREBF1, SRF, SRMS, SSTR4, STAMBP, STAP1, STAT1, STAT2, STAU2, STK11, STK3, STK38, STK4, STMN1, STMN3, STRADB, STRAP, STRN3, STUB1, STXBP1, STYXL2, SUDS3, SUFU, SULF1, SULF2, SYNGAP1, SYNJ2BP, SYT4, SYTL4, SYVN1, SZT2, TACR2, TAF9, TAF9B, TANK, TAOK3, TARBP2, TAX1BP1, TAX1BP3, TBC1D10C, TBC1D7, TBC1D7-LOC100130357, TBK1, TBX18, TBX20, TCF21, TCF7L2, TCIM, TERT, TET1, TGFB2, TGFB3, TGFBR1, TGFBR3, THBS1, THY1, TKFC, TLE1, TLE2, TLE3, TLE4, TLE5, TLE6, TLE7, TLR4, TLR6, TLR9, TMBIM1, TMBIM6, TMED2, TMEM127, TMEM131L, TMEM14A, TMEM161A, TMEM170B, TMEM196, TMEM53, TMEM64, TMEM88, TMEM88B, TMPRSS6, TMSB4X, TNF, TNFAIP1, TNFAIP3, TNFAIP6, TNFAIP8L1, TNIP1, TNIP3, TNN, TNR, TNS2, TOB1, TP53, TP63, TPBG, TPBGL, TPRG1L, TPT1, TRABD2A, TRABD2B, TRAIP, TRAP1, TREM2, TREX1, TRIAP1, TRIB1, TRIM11, TRIM15, TRIM31, TRIM32, TRIM33, TRIM39, TRIM40, TRIM59, TRIM60, TRIM67, TRIM72, TSC1, TSC2, TSG101, TSKU, TSPAN15, TSPAN6, TSPO, TTLL12, TULP3, TWIST1, TWSG1, TXNDC12, TYRO3, UACA, UBAC2, UBASH3A, UBASH3B, UBE2B, UBE2D1, UBE2D3, UBE2N, UBE2W, UBE3A, UBQLN1, UBQLN2, UBR1, UBR2, UCHL1, UCMA, UCN, UCP2, UFD1, UFL1, ULK3, UNC5B, URI1, USP10, USP15, USP18, USP20, USP47, USP7, VASN, VCP, VDAC2, VEPH1, VGLL4, VHL, VPS11, VPS18, VPS25, VRK3, VSNL1, VWC2, VWC2L, WDR24, WDR59, WDR91, WFIKKN1, WFIKKN2, WFS1, WIF1, WNK2, WNT1, WNT11, WNT16, WNT4, WNT5A, WTIP, WWC1, WWC2, WWC3, WWOX, WWP2, WWTR1, XBP1, XDH, XIAP, YAP1, YBX3, YJU2, YTHDF2, YTHDF3, YWHAB, YWHAG, YWHAZ, ZBTB7A, ZC3H12A, ZC3HC1, ZDHHC12, ZDHHC18, ZFYVE28, ZGPAT, ZMYND11, ZNF366, ZNF385A, ZNF451, ZNF536, ZNF592, ZNF653, ZNF675, ZNRF3, ZNRF4
GO:0032924	activin receptor signaling pathway	50	2	0.17	0.01322	0.017291666666666667	ACVR1, ACVR1B, ACVR1C, ACVR2A, ACVR2B, ACVRL1, BMP10, BMPR2, CER1, CFC1, CFC1B, CITED2, CRIPTO, CRIPTO3, CSNK2B, DACT2, DAND5, DMRT1, FGF10, FGF9, FKBP1A, FOXH1, FST, FSTL3, GDF2, GDF6, GDF7, HJV, IGSF1, INHBA, INHBB, LEMD3, MAGI2, NCLN, NODAL, NOG, NOMO1, NOMO3, SKI, SMAD2, SMAD3, SMAD4, SMAD6, SMAD7, SMURF1, TGFBR1, TGFBR2, TGIF2, WIF1, ZC3H3
GO:0009261	ribonucleotide catabolic process	141	3	0.49	0.01323	0.017291666666666667	ABCD1, ACAT1, ACOT7, ACTN3, ADA, ADPGK, ALDOA, ALDOB, ALDOC, AMPD3, APP, ARL2, BPGM, CBFA2T3, COL6A1, DDIT4, DHTKD1, DPYD, DPYS, EIF6, ENO1, ENO2, ENO3, ENO4, ENTPD4, ENTPD5, ENTPD7, EP300, FBP1, FITM2, FKRP, FLCN, FOXK1, FOXK2, GALK1, GAPDH, GAPDHS, GCK, GDA, GIT1, GPD1, GPI, HDAC4, HIF1A, HINT1, HK1, HK2, HK3, HKDC1, HPRT1, HTR2A, IER3, IFNG, IGF1, INS, INSR, ITPA, JMJD8, KAT2B, LDHA, LIPA, MLST8, MLXIPL, MLYCD, MTOR, NCOR1, NT5C, NT5C1A, NT5C2, NT5E, NUDT10, NUDT11, NUDT18, NUDT19, NUDT3, NUDT4, NUDT4B, NUDT7, NUDT8, NUDT9, NUPR1, OGDH, OGDHL, OGT, P2RX7, PDE10A, PDE1A, PDE2A, PDE4A, PDE4B, PDE4C, PDE4D, PDE5A, PDE7A, PDE7B, PDE8A, PDE8B, PDE9A, PFKFB1, PFKFB2, PFKL, PFKM, PFKP, PGAM1, PGAM2, PGAM4, PGK1, PGK2, PGM1, PKLR, PKM, PNP, PPARA, PPP2CA, PRKAA1, PRKAA2, PRKACA, PRKAG1, PRKAG2, PRKAG3, PRXL2C, PSEN1, RPTOR, SIRT6, SLC2A6, SLC4A1, SLC4A4, STAT3, SUCLA2, SUCLG1, SUCLG2, TIGAR, TPI1, TREX1, UCP2, UPB1, UPP1, VNN1, XDH, ZBTB20, ZBTB7A
GO:0023057	negative regulation of signaling	1485	11	5.19	0.01328	0.017291666666666667	AATF, ABCA7, ABCC8, ABHD6, ABL1, ABL2, ACAA2, ACE2, ACHE, ACKR3, ACOD1, ACP4, ACTN3, ACVR1, ACVR1C, ADA, ADAM17, ADAMTS12, ADAMTSL2, ADAR, ADCY8, ADGRA2, ADGRG3, ADIPOQ, ADIPOR1, ADM, ADNP, ADORA1, ADRA2A, ADRB2, AGER, AGT, AGTR2, AHSG, AIDA, AIM2, AJUBA, AKT1, AKT1S1, ALPK2, AMBP, AMER1, AMER2, AMFR, ANKRD6, AP1AR, APC, APC2, APCDD1, APCDD1L, APELA, APLN, APLNR, APLP1, APOA1, APOD, APOE, APPL1, AR, ARC, ARF1, ARG1, ARHGAP12, ARHGAP24, ARHGAP25, ARHGAP35, ARHGAP42, ARHGAP44, ARHGEF2, ARID4A, ARID4B, ARMC10, ARR3, ARRB1, ARRB2, ARRDC1, ARRDC3, ASAH2, ASH1L, ASPN, ASXL1, ATAD1, ATAD5, ATF3, ATF4, ATF6B, ATM, ATP2B4, ATXN3, AURKB, AVP, AXIN1, AXIN2, AZI2, BAG5, BAK1, BAMBI, BANF1, BANK1, BARX1, BAX, BCHE, BCL2, BCL2L1, BCL2L2, BCL3, BCL6, BCL9L, BDKRB2, BDNF, BECN2, BEND6, BFAR, BICC1, BICD1, BID, BIRC6, BIRC7, BMAL1, BMI1, BMP2, BMP4, BMP5, BMP7, BMP8A, BMPER, BMT2, BOK, BPIFB1, BRAP, BRCA1, BRMS1, BRMS1L, BTN2A2, BTRC, C12orf43, C1QBP, C1QL4, C1QTNF3, C3orf33, C8orf44-SGK3, CAAP1, CACTIN, CADM1, CADM4, CALR, CARD16, CARD19, CARD8, CARTPT, CASC2, CASP8, CASTOR1, CASTOR2, CASTOR3P, CAV1, CAV2, CAV3, CAVIN3, CBFA2T2, CBL, CBLB, CBLC, CBLN1, CBY1, CCAR2, CCDC125, CCDC22, CCDC3, CCDC88C, CCL5, CCN3, CCNC, CD109, CD160, CD22, CD2AP, CD300A, CD300LF, CD38, CD3E, CD44, CD46, CD74, CDC34, CDH2, CDH3, CDK20, CDK3, CDK5RAP3, CDKN2D, CEACAM1, CER1, CFLAR, CGAS, CGNL1, CHAC1, CHD8, CHGA, CHMP6, CHP1, CHRD, CHRDL1, CHRDL2, CHRNA10, CHST11, CIB1, CIDEA, CILP, CISH, CIT, CITED1, CLEC12B, CLOCK, CLU, CNKSR3, CNOT1, CNOT2, CNOT7, CNOT9, CNR2, COL2A1, CPNE1, CPTP, CREB3, CREB3L1, CRH, CRHBP, CRIM1, CRTC3, CRY1, CRY2, CRYBA1, CSF2, CSK, CSNK1A1, CSNK1A1L, CSNK1E, CSNK2A1, CSNK2A2, CTDSPL2, CTH, CTHRC1, CTNNA1, CTNNB1, CTNNBIP1, CTNND1, CTTN, CUL3, CX3CL1, CX3CR1, CXCL12, CXCL8, CXXC4, CYLD, CYP26A1, CYP26B1, CYP26C1, CYP7B1, CYRIB, DAB1, DAB2, DAB2IP, DACT1, DACT2, DACT3, DAG1, DAND5, DCN, DCST1, DDIAS, DDIT3, DDIT4, DDIT4L, DDRGK1, DDX3X, DEFB114, DEFB118, DEPDC5, DEPTOR, DGKD, DGKG, DGKZ, DHRS3, DHX58, DICER1, DKK1, DKK2, DKK3, DKK4, DKKL1, DLC1, DLG1, DLG5, DLK1, DLK2, DLL1, DLL3, DLL4, DLX1, DLX2, DNAJA1, DNAJB9, DRAXIN, DRD1, DRD2, DRD3, DRD5, DUSP1, DUSP10, DUSP13B, DUSP16, DUSP19, DUSP2, DUSP22, DUSP26, DUSP29, DUSP3, DUSP4, DUSP5, DUSP6, DUSP7, DUSP8, DUSP9, DYRK1A, DYRK2, DYRK3, ECM1, EDN1, EFNA1, EGFL7, EGFR, EGR1, EID2, EIF4E2, ELF1, ELL3, EMD, EMILIN1, ENDOG, ENO1, ENPP1, ENTREP1, ENY2, EPHA2, EPHA4, EPHB2, EPM2A, EPN2, EPO, ERBB3, ERBIN, ERRFI1, ESR1, EYA1, EYA2, EYA3, EYA4, EZH2, EZR, F2RL1, FAIM, FAIM2, FAM3D, FAM89B, FBLN1, FBN1, FBN2, FBP1, FBXL2, FBXO7, FBXW7, FCGR2B, FCRL3, FERMT1, FFAR2, FFAR4, FGA, FGB, FGF10, FGF2, FGF23, FGF9, FGG, FHL2, FIGNL1, FKBP1A, FKBP1B, FKTN, FLCN, FMR1, FNIP1, FOXH1, FOXM1, FOXO1, FOXO3, FOXP1, FRMD8, FRMD8P1, FRZB, FST, FSTL3, FSTL4, FUZ, FXN, FYN, FZD1, FZD6, FZD9, G3BP1, GABBR1, GAS6, GATA1, GATA2, GATA3, GATA4, GBA1, GBP1, GBP7, GCLC, GCLM, GDF15, GDF3, GDNF, GFRAL, GGNBP2, GHITM, GHRL, GHSR, GIGYF2, GIPR, GJA1, GLG1, GLI1, GLI3, GLIS2, GNAI2, GNAZ, GPATCH3, GPC1, GPC3, GPD1L, GPER1, GPR108, GPR155, GPR161, GPR21, GPR37L1, GPRASP1, GPRC5A, GPS2, GPX1, GRAMD4, GRB10, GRB14, GREM1, GREM2, GRIA1, GRID2, GRID2IP, GRIK2, GRIK3, GRINA, GRK2, GRK3, GRM2, GRM5, GSC, GSK3A, GSK3B, GSTP1, GTF2H2, H2BC11, HACD3, HADH, HAPSTR1, HDAC1, HDAC2, HDAC3, HDAC7, HECW1, HEG1, HELLS, HERC4, HERPUD1, HEY1, HEY2, HEYL, HGF, HGS, HHEX, HHIP, HIC1, HIF1A, HIF1AN, HIPK2, HIPK3, HJV, HLA-G, HMGB2, HMGXB4, HMOX1, HOMER2, HOMER3, HRG, HSP90AB1, HSPA1A, HSPA1B, HSPA5, HSPA8, HSPB1, HTR1B, HTR2A, HTR2B, HTRA1, HTRA2, HTRA3, HTRA4, HTT, HYAL2, HYOU1, ICAM1, IER3, IFI35, IFI6, IFT122, IFT172, IFT80, IGBP1, IGF1, IGF1R, IGFBP1, IGFBP2, IGFBP3, IGFBP4, IGFBP5, IGFBP6, IGSF1, IL10, IL11, IL12A, IL12B, IL17RD, IL19, IL1A, IL1B, IL1R2, IL1RN, IL36RN, IL6, IL7, ING1, ING2, INHA, INHBA, INHBB, INPP5A, INPP5D, INPP5E, INPP5F, INPP5K, INPPL1, INS, INSIG1, INSIG2, INTS9, INVS, IQSEC2, IRAK3, IRF4, IRGM, IRS1, ISG15, ISL1, ITCH, ITFG2, ITGA1, ITGA3, ITGA6, ITGAV, ITGB1, ITGB1BP1, ITPR1, ITPRIP, IVNS1ABP, JADE1, JAGN1, KANK1, KANK2, KBTBD6, KBTBD7, KCNB1, KCNJ11, KCTD10, KCTD13, KCTD21, KCTD6, KDM1A, KICS2, KIF26A, KIF7, KLF7, KLHL31, KLK14, KPTN, KREMEN1, LACRT, LAPTM5, LATS1, LATS2, LAX1, LBH, LDLR, LDLRAD4, LEMD2, LEMD3, LEP, LEPROT, LEPROTL1, LFNG, LGALS3, LGMN, LGR4, LIF, LILRA2, LILRA4, LILRB2, LILRB4, LIMD1, LITAF, LMBR1L, LMNA, LMO3, LONP1, LPAR1, LPXN, LRP1, LRP2, LRP4, LRPAP1, LRRC14, LRRK2, LTBP1, LTF, LYN, LYPLAL1, LZTR1, LZTS2, MAD2L1BP, MAD2L2, MAGEA1, MAGEA3, MAGI2, MAP2K3, MAP2K5, MAPK14, MAPK3, MAPK7, MAPK8IP1, MAPK8IP2, MAPKAP1, MAPKAPK5, MAPKBP1, MAPT, MARCHF7, MARK3, MARVELD3, MAVS, MAZ, MCC, MCL1, MDFI, MDK, MDM2, MECOM, MEFV, MEGF8, MEIS3, MEN1, MESP1, MET, METTL3, MFHAS1, MFN2, MGRN1, MICOS10-NBL1, MIDN, MIF, MINAR1, MIOS, MIR1-1, MIR100, MIR101-1, MIR103A1, MIR106A, MIR107, MIR1224, MIR125A, MIR125B1, MIR1271, MIR130A, MIR132, MIR133A1, MIR133B, MIR135A1, MIR138-1, MIR140, MIR142, MIR145, MIR146A, MIR149, MIR152, MIR15A, MIR15B, MIR16-1, MIR17, MIR181A2, MIR181B1, MIR185, MIR18A, MIR195, MIR199A1, MIR199B, MIR19A, MIR19B1, MIR200B, MIR200C, MIR203A, MIR204, MIR205, MIR206, MIR20A, MIR21, MIR210, MIR214, MIR218-1, MIR221, MIR222, MIR223, MIR23A, MIR24-1, MIR26A1, MIR26B, MIR27A, MIR27B, MIR29A, MIR29B1, MIR29C, MIR302B, MIR302C, MIR30C2, MIR323A, MIR329-1, MIR340, MIR342, MIR34A, MIR34B, MIR34C, MIR361, MIR365A, MIR372, MIR373, MIR375, MIR376C, MIR424, MIR449A, MIR483, MIR497, MIR498, MIR503, MIR508, MIR519A1, MIR519D, MIR520C, MIR564, MIR573, MIR665, MIR708, MIR766, MIR874, MIR885, MIR9-1, MIR92A1, MIR92B, MIR93, MIR98, MIR99A, MIRLET7A1, MIRLET7B, MIRLET7C, MIRLET7E, MIRLET7F1, MIRLET7G, MKRN2, MLLT3, MMP12, MMP14, MMP9, MMRN2, MNT, MOSMO, MPIG6B, MPV17L, MRAP, MRAP2, MSTN, MTM1, MTMR4, MTNR1B, MTOR, MUC1, MUL1, MVP, MYADM, MYC, MYOC, MYOCD, MYOZ1, MYOZ2, NAIP, NANOS3, NBL1, NCK1, NCK2, NCL, NCLN, NCOA5, NCOR1, NCOR2, NDRG2, NDRG4, NDUFA13, NDUFAF2, NDUFS3, NECAB2, NEDD4, NEURL1, NEUROD1, NF1, NF2, NFATC4, NFE2L2, NFKBIA, NFKBIL1, NGFR, NHERF1, NHERF4, NIBAN2, NKD1, NKD2, NKIRAS1, NKIRAS2, NKX2-1, NKX2-5, NKX3-1, NLK, NLRC3, NLRC5, NLRP12, NLRP2, NLRP2B, NLRP3, NLRP6, NLRX1, NMB, NME5, NMI, NOC2L, NOD2, NODAL, NOG, NOL3, NOMO1, NOMO3, NONO, NOP53, NOS3, NOTCH1, NOTUM, NPC1, NPHP3, NPHP4, NPLOC4, NPPA, NPRL2, NPRL3, NPVF, NPY5R, NR0B1, NR1D1, NR1H2, NR1H3, NR1H4, NR4A2, NRARP, NRP1, NRROS, NUP62, NXN, OAS1, OAS3, OGT, ONECUT1, ONECUT2, OPA1, OPRK1, OPRL1, OPRM1, OPTN, OSM, OTOP1, OTUD3, OTUD4, OTUD5, OTUD7B, OVOL2, P2RX7, PADI2, PAFAH1B1, PAK1IP1, PAK5, PALM, PALM3, PAQR3, PARK7, PARL, PARP1, PARP14, PAWR, PBK, PBLD, PCBP2, PCDH17, PCGF2, PCSK9, PDCD4, PDCD6, PDE10A, PDE11A, PDE2A, PDE3A, PDE3B, PDE4B, PDE4D, PDE8B, PDPK1, PDX1, PEA15, PEBP1, PEG10, PELI3, PER1, PF4, PFDN5, PFKL, PHACTR4, PHB1, PHB2, PHF14, PHIP, PHLDA3, PHLPP1, PHPT1, PIAS2, PIAS4, PIBF1, PICK1, PID1, PIH1D1, PIK3CB, PIK3IP1, PIK3R2, PIM3, PIN1, PINK1, PIP4K2A, PIP4K2B, PIP4K2C, PKHD1, PLAUR, PLCL2, PLEK, PLEKHA1, PLIN5, PLK2, PMEPA1, PPARA, PPARG, PPEF2, PPIA, PPIF, PPM1A, PPM1B, PPM1N, PPP1R10, PPP1R15A, PPP1R15B, PPP2CA, PPP2CB, PPP2R1A, PPP3CA, PPP3CB, PPP6C, PRAME, PRAP1, PRDM14, PRDM15, PRDM16, PRDX2, PRELID1, PRICKLE1, PRKAA1, PRKAA2, PRKACA, PRKACB, PRKCB, PRKCD, PRKCQ, PRKCZ, PRKDC, PRKN, PRMT1, PRNP, PRR5L, PRRT1, PSCA, PSEN1, PSMD10, PSMD9, PSME3, PTCH1, PTCH2, PTEN, PTGIR, PTGS2, PTK2B, PTPN1, PTPN11, PTPN12, PTPN18, PTPN2, PTPN22, PTPN3, PTPN6, PTPRC, PTPRD, PTPRE, PTPRJ, PTPRO, PTPRR, PTPRS, PTPRT, PTPRU, PTTG1IP, PVRIG, PXDN, PYCARD, PYCR1, PYDC1, PYDC2, PYDC5, QARS1, RAB11FIP1, RAB11FIP3, RAB11FIP5, RAB7A, RAB7B, RABGEF1, RACK1, RAF1, RANBP9, RASA2, RASA3, RASA4, RASA4B, RASAL1, RASAL3, RASIP1, RASL11B, RASSF2, RB1, RB1CC1, RBBP4, RBBP7, RBMS3, RBPMS2, RBX1, RCAN1, RELA, REST, RFFL, RGS1, RGS10, RGS11, RGS12, RGS13, RGS14, RGS16, RGS17, RGS18, RGS19, RGS2, RGS20, RGS21, RGS22, RGS3, RGS4, RGS5, RGS6, RGS7, RGS7BP, RGS8, RGS9, RGS9BP, RHOA, RHOH, RIOK3, RIPK1, RIPOR2, RITA1, RNF113A, RNF115, RNF125, RNF126, RNF149, RNF152, RNF167, RNF170, RNF213, RNF34, RNF43, ROBO1, RORA, RPGRIP1L, RPH3AL, RPS6KA1, RPS6KA6, RPS6KB1, RRM2B, RRN3, RTKN2, RUBCN, RUNX2, RUVBL2, SAG, SAMHD1, SAP130, SAP30, SAP30L, SARM1, SCAI, SCG2, SCRT2, SCYL2, SDHAF2, SEC13, SEC14L1, SEH1L, SELENOS, SEMA6A, SERPINB3, SERPINE1, SERPINE2, SESN1, SESN2, SESN3, SFRP1, SFRP2, SFRP4, SFRP5, SGK3, SH2B3, SH2D1A, SH3BP1, SH3BP4, SH3RF1, SH3RF2, SHANK2, SHANK3, SHH, SHISA2, SHISA3, SHISA6, SIAH2, SIGIRR, SIN3A, SINHCAF, SIRPA, SIRT1, SIRT2, SIRT3, SIRT4, SKI, SKIL, SKOR1, SKOR2, SLA2, SLAMF1, SLC24A1, SLC24A2, SLC24A4, SLC25A31, SLC25A4, SLC25A5, SLC25A6, SLC27A4, SLC2A10, SLC35C1, SLC35F6, SLC39A8, SLC6A1, SLC6A4, SLIT2, SLIT3, SMAD4, SMAD5, SMAD6, SMAD7, SMARCA4, SMIM30, SMPD1, SMPDL3B, SMURF1, SMURF2, SNAI1, SNAI2, SNCA, SNIP1, SNX13, SNX25, SNX6, SOCS1, SOCS2, SOCS3, SOCS4, SOCS5, SOCS6, SOCS7, SOD2, SORCS2, SORCS3, SORL1, SOST, SOSTDC1, SOX10, SOX13, SOX17, SOX2, SOX30, SOX9, SPAAR, SPART, SPI1, SPINK1, SPRED1, SPRED2, SPRED3, SPRY1, SPRY2, SPRY3, SPRY4, SQSTM1, SRC, SREBF1, SRF, SRMS, SSTR4, STAMBP, STAP1, STAT1, STAT2, STAU2, STK11, STK3, STK38, STK4, STMN1, STMN3, STRADB, STRAP, STRN3, STUB1, STXBP1, STYXL2, SUDS3, SUFU, SULF1, SULF2, SYNGAP1, SYNJ2BP, SYT4, SYTL4, SYVN1, SZT2, TACR2, TAF9, TAF9B, TANK, TAOK3, TARBP2, TAX1BP1, TAX1BP3, TBC1D10C, TBC1D7, TBC1D7-LOC100130357, TBK1, TBX18, TBX20, TCF21, TCF7L2, TCIM, TERT, TET1, TGFB2, TGFB3, TGFBR1, TGFBR3, THBS1, THY1, TKFC, TLE1, TLE2, TLE3, TLE4, TLE5, TLE6, TLE7, TLR4, TLR6, TLR9, TMBIM1, TMBIM6, TMED2, TMEM127, TMEM131L, TMEM14A, TMEM161A, TMEM170B, TMEM196, TMEM53, TMEM64, TMEM88, TMEM88B, TMPRSS6, TMSB4X, TNF, TNFAIP1, TNFAIP3, TNFAIP6, TNFAIP8L1, TNIP1, TNIP3, TNN, TNR, TNS2, TOB1, TP53, TP63, TPBG, TPBGL, TPRG1L, TPT1, TRABD2A, TRABD2B, TRAIP, TRAP1, TRAT1, TREM2, TREX1, TRIAP1, TRIB1, TRIM11, TRIM15, TRIM31, TRIM32, TRIM33, TRIM39, TRIM40, TRIM59, TRIM60, TRIM67, TRIM72, TSC1, TSC2, TSG101, TSKU, TSPAN15, TSPAN6, TSPO, TTLL12, TULP3, TWIST1, TWSG1, TXNDC12, TYRO3, UACA, UBAC2, UBASH3A, UBASH3B, UBE2B, UBE2D1, UBE2D3, UBE2N, UBE2W, UBE3A, UBQLN1, UBQLN2, UBR1, UBR2, UCHL1, UCMA, UCN, UCP2, UFD1, UFL1, ULK3, UNC5B, URI1, USP10, USP15, USP18, USP20, USP47, USP7, VASN, VCP, VDAC2, VEPH1, VGLL4, VHL, VPS11, VPS18, VPS25, VRK3, VSNL1, VWC2, VWC2L, WDR24, WDR59, WDR91, WFIKKN1, WFIKKN2, WFS1, WIF1, WNK2, WNT1, WNT11, WNT16, WNT4, WNT5A, WTIP, WWC1, WWC2, WWC3, WWOX, WWP2, WWTR1, XBP1, XDH, XIAP, YAP1, YBX3, YJU2, YTHDF2, YTHDF3, YWHAB, YWHAG, YWHAZ, ZBTB7A, ZC3H12A, ZC3HC1, ZDHHC12, ZDHHC18, ZFYVE28, ZGPAT, ZMYND11, ZNF366, ZNF385A, ZNF451, ZNF536, ZNF592, ZNF653, ZNF675, ZNRF3, ZNRF4
GO:0014074	response to purine-containing compound	143	3	0.5	0.01374	0.017783505154639175	AANAT, ABCC9, ADA, ADIPOQ, ADORA1, ADORA2A, ADSS2, AHR, AKAP6, AKAP9, AQP1, AQP8, AQP9, AREG, ASS1, ATF1, BCKDHB, BIRC2, BRAF, BSG, CACNA1S, CAD, CARM1, CASQ2, CDO1, CFTR, CHEK1, CIB2, CITED1, CNGA3, COL1A1, CPS1, CREB1, CRHBP, CYP1B1, DGKQ, DMTN, DNTT, DUOX1, DUOX2, EEF2K, ENPP1, EZR, FBP1, FDX1, FOS, FOSB, FOSL1, GATA1, GATA6, GPD1, GSTM2, GUCD1, HCN1, HCN2, HCN4, HDAC2, HMGCS2, HSP90B1, IGFBP5, IL1B, INHBB, INPP5K, ITPR2, KCNE1, KCNJ11, KCNJ8, KCNQ1, KDM1A, NDUFS4, NPR2, NT5E, P2RX1, P2RX2, P2RX3, P2RX4, P2RX5, P2RX6, P2RX7, P2RY1, P2RY11, P2RY12, P2RY2, P2RY4, P2RY6, PANX1, PCK1, PDE2A, PDE3A, PDXP, PENK, PER1, PFKFB1, PIK3CG, PKD2, PKLR, PNPT1, PRKAA1, PTAFR, PTGS2, PTK2B, RAP1A, RAP1B, RAP1BL, RAPGEF1, RAPGEF2, RAPGEF3, RELA, REN, RYR1, RYR2, RYR3, SDC1, SELENON, SLC26A3, SLC26A6, SLC5A5, SLC6A1, SLC6A3, SLC6A4, SLC8A1, SRD5A1, SREBF1, SSH1, STAT1, STC1, TAF1, TEK, THBD, TLR7, TMEM38A, TMEM38B, TOP2B, TRPC3, TRPM2, TRPM4, TRPV1, TYR, VGF, WNT10B, WT1, XRN1, ZFP36L1
GO:0007420	brain development	733	7	2.56	0.01380	0.017783505154639175	AARS1, AATK, ABAT, ABCB6, ABL1, ACTB, ADGRG1, AFF2, AFG2A, AGTPBP1, AGTR2, AHI1, AIM2, AK8, AKIRIN2, AKNA, AKT3, ALDH1A2, ALDH1A3, ALK, AMIGO1, AMIGO2, AMIGO3, ANAPC7, ANP32B, ANXA3, APAF1, APLP1, APOD, APP, AQP1, ARCN1, ARHGAP11B, ARHGAP35, ARL13B, ARNT2, ARX, ASCL1, ASPM, ATAT1, ATF2, ATF5, ATG16L1, ATIC, ATM, ATOH1, ATP1A2, ATP1B2, ATP2B4, ATP5PB, ATP5PF, ATP7A, ATRN, ATRX, ATXN1, ATXN1L, AVPR1A, AVPR2, AXL, B2M, B4GALT2, BAG6, BARHL1, BASP1, BAX, BBS1, BBS2, BBS4, BBS7, BCAN, BCL11B, BCL2, BCR, BGLAP, BMERB1, BMI1, BMP2, BMP4, BMP5, BMP7, BMPR1A, BNIP3, BPTF, BRCA2, BRINP1, BTBD3, BTG2, C12orf57, C21orf91, C2CD3, CA10, CALM1, CALM2, CALM3, CASP3, CASP5, CBLN1, CBS, CCDC134, CCDC14, CCDC141, CCDC39, CCDC85C, CCKAR, CD3E, CDC42, CDH1, CDH2, CDK5, CDK5R1, CDK5R2, CDK5RAP1, CDK5RAP2, CDK5RAP3, CDK6, CDON, CELSR2, CEND1, CENPF, CEP120, CEP290, CFAP43, CHD5, CHD7, CHD8, CHRNB2, CIC, CITED1, CKB, CLN5, CLP1, CMA1, CNP, CNTN1, CNTN4, CNTN5, CNTNAP2, COL3A1, COL4A1, COMT, COQ8B, CORO1C, COX1, COX6B1, CREB1, CRH, CRK, CRKL, CSF1R, CSNK1D, CSNK2A2, CTNNA2, CTNNB1, CTNS, CX3CR1, CXCL12, CXCR2, CXCR4, DAB1, DAB2IP, DCLK1, DCLK2, DCT, DDIT4, DHX37, DISC1, DIXDC1, DKK1, DLC1, DLG5, DLL1, DLX1, DLX2, DLX5, DMBX1, DMRTA2, DNAH5, DNAJB1, DNAJC30, DOCK7, DPCD, DRAXIN, DRD1, DRD2, DSCAML1, DYNC2H1, DYNLL1, E2F1, EEF1AKMT4-ECE2, EFHC1, EFNA2, EGF, EGFR, EGR2, EIF2B5, ELAVL4, EML1, EMX1, EMX2, EN1, EN2, EOMES, EPHA5, EPHA7, EPHB1, EPHB2, EPHB3, EPOR, ERBB4, EXT1, EZH1, EZH2, FAIM2, FANCC, FANCD2, FAT4, FBXO45, FBXW11, FCGR2B, FEZ1, FEZF1, FEZF2, FGF10, FGF13, FGF2, FGF8, FGF9, FGFR1, FGFR2, FKRP, FLNA, FOXB1, FOXC1, FOXG1, FOXJ1, FOXO3, FOXP1, FOXP2, FOXR1, FRS2, FUT1, FUT10, FXR1, FXR2, FYN, FZD1, FZD3, FZD4, FZD6, G6PD, GART, GAS8, GATA2, GBA1, GBX2, GDF10, GDF7, GHRH, GHRHR, GIT1, GIT2, GLI1, GLI2, GLI3, GLUD1, GNB4, GNPAT, GPR158, GPR37L1, GRHL2, GRIA1, GRID2, GRIN1, GRIN2A, GRIN2B, GRIN2C, GRIN2D, GSC, GSK3B, GSX1, GSX2, H2AX, H2BC12L, HAP1, HDAC1, HERC1, HES1, HES5, HESX1, HIF1A, HMX2, HMX3, HNF1B, HNRNPD, HOOK3, HOXA2, HOXB1, HOXB2, HOXB3, HPRT1, HSD3B1, HSD3B2, HSPA5, HSPG2, HTR5A, HTR6, HTRA2, HYDIN, ID2, ID4, IER3IP1, IFT172, IGF1R, IGF2BP1, IMMP2L, INA, INHBA, INHBB, IRS2, ISL1, ITGAM, ITGB1, JHY, KAT2A, KCNA1, KCNA2, KCNA3, KCNC1, KCNC2, KCNE1, KDM1A, KDM2B, KDM4B, KDM6B, KDM7A, KIF14, KIF26A, KIF27, KIRREL3, KLHL1, KNDC1, KRAS, LAMB1, LARGE1, LDB1, LEF1, LHX1, LHX2, LHX3, LHX5, LHX6, LHX8, LMX1A, LOC102724560, LPAR1, LRP2, LRP6, LRP8, LRRK2, MACO1, MACROD2, MACROH2A2, MAFB, MAOB, MAP1S, MAP2K1, MAPKAP1, MAS1, MAST1, MATCAP1, MBOAT7, MBP, MCPH1, MDGA1, MDK, MECP2, MED1, MEIS1, MEIS2, MEIS3, MEIS3P1, METTL14, METTL3, MFSD2A, MGARP, MINK1, MKKS, MNAT1, MSX1, MTPN, MYO16, NAGLU, NANOS1, NAPA, NARS1, NCOA1, NCOA6, NCOR2, NCSTN, ND4, NDE1, NDEL1, NDNF, NDRG2, NDST1, NDUFS3, NDUFS4, NEFL, NES, NEUROD1, NEUROD2, NEUROD6, NEUROG1, NEUROG2, NEUROG3, NF1, NF2, NFASC, NFIB, NHLH2, NIN, NIPBL, NKX2-1, NKX2-2, NKX2-6, NLGN4X, NME5, NNAT, NODAL, NOG, NOTCH1, NOTCH2NLA, NOTCH2NLB, NOTCH2NLC, NOTCH3, NPY, NR0B1, NR2E1, NR2F2, NR4A2, NRCAM, NRG3, NRP1, NRP2, NSUN5, NTRK2, NUMB, NUMBL, ODAD2, ODAD3, ODAD4, OGDH, OLIG2, OPHN1, OTP, OTX1, OTX2, OXTR, P2RY12, PADI2, PAFAH1B1, PALS1, PAX2, PAX5, PAX6, PBX1, PBX2, PBX3, PBX4, PCDH18, PCDH9, PCM1, PCSK1, PDSS2, PEX13, PEX5, PGAP1, PHACTR1, PHF8, PHGDH, PHLPP2, PHOX2A, PHOX2B, PITPNM1, PITX1, PITX2, PITX3, PLCB1, PLP1, PLXNA1, PLXNA2, PLXNA3, PLXNA4, PLXNB2, POMGNT1, POMK, POMT2, POTEE, POU1F1, POU3F1, POU3F2, POU3F3, POU3F4, POU4F1, POU6F1, PPP1R9B, PPT1, PRDM13, PRDM8, PRKDC, PRKG1, PROP1, PROX1, PSEN1, PSMG1, PTCH1, PTCHD1, PTEN, PTF1A, PTPN11, PTPRS, PYGO2, QARS1, RAB18, RAB3GAP1, RAC3, RAD1, RAN, RAPGEF2, RARA, RARB, RAX, RBBP4, RBBP7, RBPJ, RELN, RERE, RFX4, RHOA, ROBO1, ROBO2, ROGDI, RORA, RPGRIP1L, RRM1, RTN1, RTN3, RTN4, RTN4R, RTN4RL1, RYK, S100A1, S1PR1, SALL1, SCN2A, SCN5A, SCRIB, SCT, SCYL2, SDF4, SEC16A, SEC24B, SECISBP2, SELENOP, SEMA3A, SEMA3E, SEMA4C, SEMA5A, SEMA6B, SEMA6D, SEMA7A, SERPINE2, SETD1A, SETD2, SEZ6, SFRP1, SFRP2, SHANK3, SHH, SHROOM2, SHROOM4, SIN3A, SIRT2, SIX3, SKI, SKOR2, SLC1A1, SLC1A2, SLC23A1, SLC25A46, SLC2A1, SLC32A1, SLC38A2, SLC4A10, SLC6A17, SLC6A3, SLC6A4, SLC7A11, SLIT1, SLIT2, SLITRK5, SMAD1, SMARCA1, SMG9, SMO, SOS1, SOX1, SOX11, SOX12, SOX14, SOX15, SOX2, SOX21, SOX3, SOX4, SOX6, SPEF2, SPHK1, SPHK2, SPTBN2, SRC, SRD5A1, SRD5A2, SRF, SRGAP2, SRGAP2C, SRY, SSBP3, SSTR1, SSTR2, SSTR3, SSTR4, STIL, STK36, STXBP3, SUDS3, SUN1, SUN2, SYNE2, SYNGR3, SYPL2, SZT2, TACC1, TACC2, TACC3, TAF1, TAL2, TBC1D23, TBR1, TBX19, TBX3, TCTN1, TFAP2D, TGFBR2, TH, TMEM108, TMEM14B, TMX2, TNR, TOP2B, TOX, TP53, TRA2B, TRAPPC9, TRNP1, TSC1, TSKU, TTBK1, TTBK2, TTC21B, TTC8, TTLL1, TUBA1A, TUBB2A, TUBB2B, TUBGCP2, TULP3, TWSG1, TYRO3, TYROBP, UBA6, UBB, UBE3A, UCHL5, UFC1, UFM1, UGP2, UNC5C, UNCX, UPF3B, UQCRQ, UTP3, VAX1, VAX2, VCX, VCX2, VCX3A, VCX3B, VCY, VCY1B, VPS51, WDR37, WDR47, WDR62, WDR89, WHRN, WLS, WNT1, WNT2, WNT2B, WNT3, WNT3A, WNT4, WNT5A, WNT7A, WNT7B, WNT9B, XRCC1, XRN2, YWHAE, YWHAH, YWHAQ, ZDHHC16, ZEB1, ZIC1, ZIC2, ZIC3, ZMIZ1, ZNF148, ZNF335, ZNF365, ZNF430, ZSWIM6
GO:0006195	purine nucleotide catabolic process	144	3	0.5	0.01400	0.017869897959183673	ABCD1, ACAT1, ACOT7, ACTN3, ADA, ADPGK, ALDOA, ALDOB, ALDOC, AMPD3, APP, ARL2, BPGM, CBFA2T3, COL6A1, DDIT4, DHTKD1, DNPH1, EIF6, ENO1, ENO2, ENO3, ENO4, ENTPD4, EP300, FBP1, FITM2, FKRP, FLCN, FOXK1, FOXK2, GALK1, GAPDH, GAPDHS, GCK, GDA, GIT1, GPD1, GPI, HDAC4, HIF1A, HINT1, HK1, HK2, HK3, HKDC1, HPRT1, HTR2A, IER3, IFNG, IGF1, INS, INSR, ITPA, JMJD8, KAT2B, LDHA, LIPA, MLST8, MLXIPL, MLYCD, MTOR, NCOR1, NT5C, NT5C1A, NT5C1B, NT5C2, NT5E, NUDT10, NUDT11, NUDT12, NUDT13, NUDT15, NUDT16, NUDT17, NUDT18, NUDT19, NUDT3, NUDT4, NUDT4B, NUDT7, NUDT8, NUDT9, NUPR1, OGDH, OGDHL, OGT, P2RX7, PDE10A, PDE1A, PDE2A, PDE4A, PDE4B, PDE4C, PDE4D, PDE5A, PDE7A, PDE7B, PDE8A, PDE8B, PDE9A, PFKFB1, PFKFB2, PFKL, PFKM, PFKP, PGAM1, PGAM2, PGAM4, PGK1, PGK2, PGM1, PKLR, PKM, PNP, PPARA, PPP2CA, PRKAA1, PRKAA2, PRKACA, PRKAG1, PRKAG2, PRKAG3, PRXL2C, PSEN1, RPTOR, SAMHD1, SARM1, SIRT6, SLC2A6, SLC4A1, SLC4A4, STAT3, SUCLA2, SUCLG1, SUCLG2, TIGAR, TPI1, TREX1, UCP2, VNN1, XDH, ZBTB20, ZBTB7A
GO:0009141	nucleoside triphosphate metabolic process	266	4	0.93	0.01401	0.017869897959183673	ABCC6, ACTN3, ADA, ADCY10, ADK, ADPGK, AK1, AK2, AK3, AK4, AK5, ALDOA, ALDOB, ALDOC, ANTKMT, APP, ARL2, ATP1A2, ATP1B1, ATP5F1A, ATP5F1B, ATP5F1C, ATP5F1D, ATP5F1E, ATP5F1EP2, ATP5IF1, ATP5MC1, ATP5MC2, ATP5MC3, ATP5ME, ATP5MF, ATP5MG, ATP5MGL, ATP5MJ, ATP5MK, ATP5PB, ATP5PD, ATP5PF, ATP5PO, ATP6, ATP6V0C, ATP6V1A, ATP6V1B1, ATP6V1B2, ATP8, ATPSCKMT, BAD, BEND3, BPGM, CAD, CBFA2T3, CLPX, CMPK2, COL6A1, COX11, CTNS, CTPS1, CTPS2, DCTPP1, DDIT4, DGUOK, DHTKD1, DMAC2L, DNAJC30, DNM1L, DTYMK, DUT, EFL1, EIF6, ENO1, ENO2, ENO3, ENO4, ENPP1, ENPP3, ENTPD3, ENTPD4, ENTPD7, EP300, FBP1, FIGNL1, FIS1, FKRP, FLCN, FOXK1, FOXK2, GALK1, GAPDH, GAPDHS, GCK, GIMAP7, GIT1, GNAI3, GPD1, GPI, GTPBP1, HDAC4, HIF1A, HK1, HK2, HK3, HKDC1, HSPA1A, HSPA1B, HSPA8, HTR2A, IER3, IFNG, IGF1, IL4, IMPDH1, IMPDH2, INS, INSR, ITPA, JMJD8, KAT2B, LDHA, LDHC, LIPA, LRRK2, MFN1, MIR675, MLST8, MLXIPL, MTOR, MYH3, MYH4, MYH6, MYH7, MYH8, NADK, NCOR1, ND1, ND2, ND3, ND4, ND4L, ND5, ND6, NDUFA1, NDUFA10, NDUFA11, NDUFA12, NDUFA13, NDUFA2, NDUFA3, NDUFA5, NDUFA6, NDUFA7, NDUFA8, NDUFA9, NDUFAB1, NDUFB1, NDUFB10, NDUFB11, NDUFB2, NDUFB3, NDUFB4, NDUFB5, NDUFB6, NDUFB7, NDUFB8, NDUFB9, NDUFC1, NDUFC2, NDUFS1, NDUFS2, NDUFS3, NDUFS4, NDUFS5, NDUFS6, NDUFS7, NDUFS8, NDUFV1, NDUFV2, NDUFV3, NME1, NME2, NME2P1, NME3, NME4, NME5, NME6, NME7, NME9, NMNAT1, NT5E, NUDT15, NUDT16, NUDT2, NUDT5, NUPR1, OGDH, OGDHL, OGT, OLA1, OPA1, P2RX7, PARG, PARP1, PFKFB1, PFKFB2, PFKL, PFKM, PFKP, PGAM1, PGAM2, PGAM4, PGK1, PGK2, PGM1, PID1, PINK1, PKLR, PKM, PPARA, PPARGC1A, PPP2CA, PRKAA1, PRKAA2, PRKACA, PRKAG1, PRKAG2, PRKAG3, PRXL2C, PSEN1, RAB23, RAN, RHOQ, RPTOR, RRM2B, SAMHD1, SDHA, SDHB, SDHC, SDHD, SIRT6, SLC25A13, SLC25A25, SLC2A6, SLC4A1, SLC4A4, SMPDL3A, SPHK2, STAT3, STOML2, TAFAZZIN, TBPL1, TGFB1, TIGAR, TMSB4X, TPI1, TREM2, TREX1, TSPO, TYMS, UCK1, UCK2, UCKL1, UCP2, UQCC3, VCP, VPS9D1, ZBTB20, ZBTB7A
GO:0080090	regulation of primary metabolic process	5756	29	20.11	0.01416	0.017902010050251257	A1CF, A2ML1, AADAC, AARS1, AASS, AATF, ABAT, ABCA2, ABCA3, ABCA7, ABCB10, ABCB11, ABCD1, ABCD2, ABCE1, ABCG1, ABCG4, ABHD14B, ABHD5, ABHD6, ABI1, ABL1, ABLIM3, ABRA, ABRAXAS1, ABT1, ACACB, ACADL, ACADM, ACADVL, ACD, ACE, ACER1, ACER2, ACMSD, ACO1, ACOD1, ACOT8, ACP4, ACSL3, ACSS2, ACTB, ACTL6A, ACTL6B, ACTN1, ACTN2, ACTN3, ACTN4, ACTR2, ACTR3, ACTR5, ACTR6, ACTR8, ACTRT1, ACVR1, ACVR1B, ACVR1C, ACVR2A, ACVR2B, ACVRL1, ADAM17, ADAM8, ADAM9, ADAR, ADARB1, ADCY1, ADCY10, ADCY8, ADCYAP1, ADCYAP1R1, ADGRB1, ADGRF1, ADGRF5, ADGRG3, ADIPOQ, ADIPOR1, ADIRF, ADM, ADNP, ADNP2, ADORA1, ADORA2A, ADORA3, ADRA2A, ADRA2B, ADRA2C, ADRB2, ADTRP, AEBP1, AEBP2, AFAP1L2, AFF2, AFF3, AGAP2, AGBL4, AGER, AGO1, AGO2, AGO3, AGO4, AGRN, AGT, AGTPBP1, AGTR1, AGTR2, AHCYL1, AHDC1, AHI1, AHNAK, AHNAK2, AHR, AHRR, AHSG, AICDA, AIDA, AIFM1, AIM2, AIMP2, AIP, AIRE, AJUBA, AKAP17A, AKAP8L, AKAP9, AKIRIN1, AKIRIN2, AKNA, AKR1C3, AKT1, AKT1S1, AKT2, AKTIP, ALAD, ALDH2, ALDOB, ALG10B, ALK, ALKBH1, ALKBH5, ALS2, ALX1, ALX3, ALX4, AMBRA1, AMER1, ANG, ANGEL2, ANGPT1, ANGPT4, ANGPTL3, ANGPTL8, ANHX, ANKLE1, ANKLE2, ANKRD1, ANKRD17, ANKRD2, ANKRD23, ANKRD31, ANKRD42, ANKRD49, ANKRD54, ANP32B, ANTKMT, ANXA2, ANXA3, ANXA4, ANXA8, ANXA8L1, AP2A1, AP3B1, AP3D1, APAF1, APBB1, APBB2, APBB3, APC, APC2, APCS, APEX1, APH1A, APH1B, APLF, APLN, APLNR, APLP1, APOA1, APOA2, APOA4, APOA5, APOB, APOBEC1, APOBEC3A, APOBEC3B, APOBEC3C, APOBEC3D, APOBEC3F, APOBEC3G, APOBEC3H, APOC1, APOC2, APOC3, APOD, APOE, APP, APPL2, AQP1, AQP11, AQP8, AR, ARAF, ARB2A, AREG, ARF4, ARGFX, ARHGEF11, ARHGEF2, ARHGEF5, ARID1A, ARID1B, ARID2, ARID3A, ARID3B, ARID3C, ARID4A, ARID4B, ARID5A, ARID5B, ARK2N, ARL2, ARL2BP, ARL6IP1, ARL6IP5, ARMC5, ARMCX3, ARNT, ARNT2, ARPP19, ARR3, ARRB1, ARRB2, ARRDC3, ARRDC4, ARV1, ARX, ASAH1, ASB11, ASB5, ASB9, ASCC1, ASCC2, ASCL1, ASCL2, ASCL3, ASCL4, ASCL5, ASH1L, ASH2L, ASPH, ASPSCR1, ASTL, ASXL1, ASXL2, ASXL3, ATAD2, ATAD2B, ATAD5, ATCAY, ATF1, ATF2, ATF3, ATF4, ATF5, ATF6, ATF6B, ATF7, ATF7IP, ATF7IP2, ATG10, ATG101, ATG13, ATG14, ATG5, ATG7, ATM, ATMIN, ATN1, ATOH1, ATOH7, ATOH8, ATP13A2, ATP1A1, ATP1B4, ATP2A3, ATP2B4, ATP5IF1, ATP8B1, ATPSCKMT, ATR, ATRAID, ATRIP, ATRX, ATXN1, ATXN1L, ATXN2, ATXN3, ATXN7, ATXN7L3, AUNIP, AURKA, AURKAIP1, AURKB, AUTS2, AVIL, AVP, AVPR1A, AVPR1B, AXIN1, AXIN2, AZIN1, AZIN2, AZU1, BABAM1, BABAM2, BACE1-AS, BACE2, BACH1, BACH2, BAD, BAG2, BAG4, BAG5, BAG6, BAHD1, BAK1, BAMBI, BANK1, BANP, BAP1, BARD1, BARHL1, BARHL2, BARX1, BARX2, BASP1, BATF, BATF2, BATF3, BAX, BAZ1A, BAZ1B, BAZ2A, BAZ2B, BBC3, BBS4, BBS7, BBX, BCAP31, BCAR3, BCAS3, BCCIP, BCDIN3D, BCKDK, BCL10, BCL11A, BCL11B, BCL2, BCL2L10, BCL2L12, BCL2L13, BCL3, BCL6, BCL6B, BCL7A, BCL7B, BCL7C, BCL9, BCL9L, BCLAF1, BCLAF3, BCOR, BCORL1, BDKRB1, BDKRB2, BDNF, BEND3, BEND5, BEND6, BEX1, BEX2, BEX3, BEX4, BGLAP, BHLHA15, BHLHA9, BHLHE22, BHLHE23, BHLHE40, BHLHE41, BHMT, BICRA, BICRAL, BID, BIN1, BIRC2, BIRC3, BIRC5, BIRC7, BIRC8, BLID, BLM, BMAL1, BMAL2, BMI1, BMP10, BMP2, BMP4, BMP5, BMP6, BMP7, BMPR1A, BMPR1B, BMPR2, BNC1, BNC2, BOD1, BOK, BOLL, BORA, BORCS8-MEF2B, BPTF, BRAF, BRAT1, BRCA1, BRCA2, BRCC3, BRD1, BRD2, BRD3, BRD4, BRD7, BRD8, BRD9, BRDT, BRF1, BRF2, BRIP1, BRMS1, BRMS1L, BRPF1, BRPF3, BRWD1, BRWD3, BSCL2, BST1, BSX, BTAF1, BTG1, BTG2, BTK, BTRC, BUD23, BUD31, BZW1, BZW2, C14orf39, C1D, C1QBP, C1QTNF1, C1QTNF12, C1QTNF2, C1QTNF3, C2CD3, C3, C3orf33, C4BPA, C4BPB, C5AR1, C6orf52, C8orf44-SGK3, C8orf88, C9orf72, CAAP1, CAB39, CACNG7, CACTIN, CACUL1, CADM1, CADM4, CALCA, CALCOCO1, CALCR, CALM1, CALM2, CALM3, CALR, CAMK1, CAMK1D, CAMK2A, CAMK2D, CAMK2N1, CAMK2N2, CAMK4, CAMKK2, CAMLG, CAMP, CAMSAP3, CAMTA1, CAMTA2, CAND1, CAND2, CAPN2, CAPN3, CAPRIN1, CAPRIN2, CARD10, CARD11, CARD14, CARD16, CARD18, CARD8, CARD9, CARF, CARHSP1, CARM1, CARTPT, CASC2, CASC3, CASK, CASP1, CASP10, CASP2, CASP3, CASP8, CASP8AP2, CASP9, CASS4, CAST, CASZ1, CAV1, CAV3, CAVIN4, CBFA2T2, CBFA2T3, CBFB, CBL, CBLB, CBLC, CBX1, CBX2, CBX3, CBX4, CBX5, CBX6, CBX7, CBX8, CBY1, CC2D1A, CC2D1B, CCAR1, CCAR2, CCAT1, CCBE1, CCDC117, CCDC124, CCDC22, CCDC3, CCDC62, CCDC85B, CCDC88A, CCDC88C, CCL19, CCL21, CCL5, CCN1, CCNA1, CCNA2, CCNB1, CCNB2, CCNB3, CCNC, CCND1, CCND2, CCND3, CCNE1, CCNE2, CCNF, CCNG1, CCNG2, CCNH, CCNI, CCNI2, CCNJ, CCNJL, CCNK, CCNL1, CCNL2, CCNO, CCNP, CCNQ, CCNT1, CCNT2, CCNY, CCNYL1, CCNYL2, CCNYL3, CCPG1, CCR7, CCT2, CCT3, CCT4, CCT5, CCT6A, CCT7, CCT8, CD109, CD200, CD24, CD244, CD274, CD28, CD300A, CD33, CD36, CD38, CD3E, CD4, CD40, CD40LG, CD44, CD6, CD74, CD80, CD81, CD84, CD86, CDA, CDC14B, CDC20, CDC20B, CDC25A, CDC25C, CDC37, CDC42, CDC5L, CDC6, CDC7, CDC73, CDCA2, CDCA7, CDCA7L, CDH1, CDH13, CDH5, CDK1, CDK11A, CDK11B, CDK12, CDK13, CDK2, CDK20, CDK2AP1, CDK4, CDK5, CDK5R1, CDK5R2, CDK5RAP1, CDK5RAP2, CDK5RAP3, CDK6, CDK7, CDK8, CDK9, CDKN1A, CDKN1B, CDKN1C, CDKN2A, CDKN2B, CDKN2C, CDKN2D, CDKN3, CDON, CDT1, CDX1, CDX2, CDX4, CDY1, CDY1B, CDY2A, CDY2B, CDYL, CDYL2, CEACAM1, CEBPA, CEBPB, CEBPD, CEBPE, CEBPG, CEBPZ, CELA1, CELF1, CELF2, CELF3, CELF4, CELF5, CELF6, CELSR2, CEMIP, CENATAC, CENPE, CENPF, CENPJ, CENPS, CENPX, CEP290, CEP295, CEP43, CEP63, CEP85, CERS1, CERS2, CES1, CFLAR, CGA, CGAS, CGGBP1, CH25H, CHAC1, CHCHD10, CHCHD2, CHD1, CHD2, CHD3, CHD4, CHD5, CHD6, CHD7, CHD8, CHEK1, CHEK2, CHFR, CHI3L1, CHMP6, CHP1, CHP2, CHRAC1, CHRM5, CHRNA3, CHRNA7, CHRNB2, CHTF18, CHTF8, CHUK, CHURC1, CIAO1, CIART, CIB1, CIC, CIDEA, CIDEB, CIDEC, CIITA, CIPC, CIR1, CIRBP, CITED1, CITED2, CITED4, CIZ1, CKAP2, CKS1B, CKS2, CLCF1, CLCN2, CLDN19, CLDN3, CLDN4, CLEC3B, CLEC6A, CLEC7A, CLIP3, CLK1, CLK2, CLK3, CLK4, CLN3, CLN6, CLN8, CLNS1A, CLOCK, CLSPN, CLTC, CLU, CMKLR1, CNBP, CNDP1, CNEP1R1, CNKSR3, CNOT1, CNOT10, CNOT11, CNOT2, CNOT3, CNOT4, CNOT6, CNOT6L, CNOT7, CNOT8, CNOT9, CNR1, CNTF, COA3, COL1A1, COL4A3, COMMD1, COMMD6, COMMD7, COP1, COPS2, COPS3, COPS4, COPS5, COPS6, COPS7A, COPS7B, COPS8, COPS9, CORO1C, CPB2, CPEB1, CPEB2, CPEB3, CPEB4, CPHXL, CPHXL2, CPT1A, CR1, CRABP2, CRADD, CRB2, CREB1, CREB3, CREB3L1, CREB3L2, CREB3L3, CREB3L4, CREB5, CREBBP, CREBL2, CREBRF, CREBZF, CREG1, CREM, CRH, CRIPTO, CRK, CRKL, CRLF1, CRLF3, CRNN, CRTAP, CRTC1, CRTC2, CRTC3, CRX, CRY1, CRY2, CRYAB, CRYM, CSDC2, CSDE1, CSF1, CSF1R, CSF2, CSF3, CSH1, CSH2, CSHL1, CSN2, CSNK1A1, CSNK1D, CSNK1E, CSNK2A1, CSNK2A2, CSNK2A3, CSPG4, CSRNP1, CSRNP2, CSRNP3, CSRP3, CST1, CST2, CST3, CST4, CST5, CST7, CSTA, CSTB, CTBP1, CTBP2, CTC1, CTCF, CTCFL, CTDNEP1, CTDP1, CTDSP1, CTDSP2, CTDSPL, CTDSPL2, CTF1, CTIF, CTNNB1, CTNNBIP1, CTR9, CTSA, CTSC, CTSD, CTSH, CTSK, CTSL, CTSS, CTSV, CTSZ, CUL3, CUL4A, CUL4B, CUX1, CUX2, CWC22, CX3CL1, CX3CR1, CXCL10, CXCL8, CXXC1, CXXC5, CYCS, CYFIP1, CYFIP2, CYLD, CYP1B1, CYP27B1, CYP51A1, CYP7A1, CYREN, CYTL1, DAB2, DAB2IP, DACH1, DACH2, DACT1, DAGLB, DAOA, DAP, DAPK1, DAPK3, DAPL1, DAXX, DAZ1, DAZ2, DAZ3, DAZ4, DAZAP1, DAZL, DBF4, DBF4B, DBI, DBNDD1, DBNDD2, DBP, DBX1, DBX2, DCAF1, DCAF5, DCAF6, DCN, DCP1A, DCP1B, DCP2, DCPS, DCUN1D1, DCUN1D2, DCUN1D3, DCUN1D4, DCUN1D5, DDA1, DDB1, DDIT3, DDIT4, DDN, DDR2, DDRGK1, DDX1, DDX11, DDX17, DDX20, DDX21, DDX25, DDX3X, DDX49, DDX5, DDX54, DDX6, DEAF1, DEDD, DEDD2, DEFB114, DEK, DENND4A, DEPDC1, DEPTOR, DERL1, DESI1, DET1, DFFA, DFFB, DGCR8, DGKQ, DHFR, DHFRP1, DHH, DHRS7B, DHX29, DHX33, DHX34, DHX36, DHX9, DIABLO, DICER1, DIMT1, DIO2, DIP2A, DIP2B, DIPK2A, DIRAS3, DIS3, DIS3L2, DISC1, DISP3, DKC1, DKK1, DKK3, DKKL1, DLC1, DLG1, DLG3, DLG4, DLL1, DLL4, DLX1, DLX2, DLX3, DLX4, DLX5, DLX6, DMAP1, DMBX1, DMD, DMRT1, DMRT2, DMRT3, DMRTA1, DMRTA2, DMRTB1, DMRTC1, DMRTC1B, DMRTC2, DMTF1, DMTN, DNA2, DNAAF4, DNAJA1, DNAJA3, DNAJB1, DNAJB2, DNAJB4, DNAJB6, DNAJC1, DNAJC10, DNAJC15, DNAJC17, DNAJC19, DNAJC2, DNAJC3, DNAJC30, DND1, DNM1L, DNM2, DNM3OS, DNMT1, DNMT3A, DNMT3B, DNMT3L, DOCK7, DOK7, DOT1L, DPEP1, DPF1, DPF2, DPF3, DPPA3, DPRX, DR1, DRAP1, DRD1, DRD2, DRD4, DRGX, DROSHA, DSCC1, DTL, DTNBP1, DTX1, DTX3L, DUS3L, DUSP1, DUSP10, DUSP16, DUSP19, DUSP22, DUSP26, DUSP3, DUSP6, DUSP7, DUX1, DUX3, DUX4, DUX5, DUXA, DUXB, DVL1, DVL2, DVL3, DXO, DYNAP, DYRK1A, DYRK1B, DYRK2, E2F1, E2F2, E2F3, E2F4, E2F5, E2F6, E2F7, E2F8, E4F1, EAF1, EAF2, EAPP, EBF1, EBF2, EBF3, EBF4, ECD, ECM1, ECSCR, ECT2, EDA, EDA2R, EDF1, EDN1, EDN3, EDNRB, EDRF1, EED, EEF1A1, EEF1A2, EEF2, EEF2K, EEFSEC, EFCAB7, EFEMP1, EFNA1, EFNA3, EFNA5, EGF, EGFR, EGLN1, EGLN2, EGLN3, EGR1, EGR2, EGR3, EGR4, EHD4, EHF, EHMT1, EHMT2, EID1, EID2, EID2B, EID3, EIF1, EIF1B, EIF2A, EIF2AK1, EIF2AK2, EIF2AK3, EIF2AK4, EIF2B2, EIF2B4, EIF2B5, EIF2S1, EIF3B, EIF3C, EIF3D, EIF3E, EIF3H, EIF3K, EIF4A2, EIF4A3, EIF4B, EIF4E, EIF4E1B, EIF4E2, EIF4E3, EIF4EBP1, EIF4EBP2, EIF4EBP3, EIF4ENIF1, EIF4G1, EIF4G2, EIF4G3, EIF4H, EIF5, EIF5A, EIF5A2, EIF5AL1, EIF5B, EIF6, ELANE, ELAVL1, ELAVL2, ELAVL4, ELF1, ELF2, ELF3, ELF4, ELF5, ELK1, ELK3, ELK4, ELL, ELL2, ELL3, ELOA, ELOA2, ELOB, ELOC, ELOVL5, ELP1, ELP2, ELP3, ELP4, ELP5, ELP6, EMP2, EMSY, EMX1, EMX2, EN1, EN2, ENC1, ENDOG, ENDOU, ENG, ENO1, ENPP1, ENPP2, ENPP7, ENSA, ENY2, EOMES, EP300, EP400, EPAS1, EPC1, EPC2, EPCAM, EPGN, EPHA1, EPHA4, EPHA5, EPHA7, EPHB2, EPHX2, EPM2AIP1, EPO, EPOP, EPPIN, EPRS1, ERBB2, ERBB4, ERBIN, ERC1, ERCC1, ERCC2, ERCC4, ERCC6, ERCC8, EREG, ERF, ERFE, ERFL, ERG, ERLIN1, ERLIN2, ERN1, ERN2, ERP29, ERRFI1, ERV3-1-ZNF117, ESCO1, ESCO2, ESR1, ESR2, ESRP1, ESRP2, ESRRA, ESRRB, ESRRG, ESX1, ETAA1, ETF1, ETFBKMT, ETS1, ETS2, ETV1, ETV2, ETV3, ETV3L, ETV4, ETV5, ETV6, ETV7, EVX1, EVX2, EWSR1, EXOSC10, EXOSC2, EXOSC3, EXOSC5, EXOSC6, EXOSC7, EXOSC8, EXOSC9, EYA1, EYA2, EYA3, EYA4, EZH1, EZH2, EZR, F12, F2, F2R, F2RL1, F3, F8A1, F8A2, F8A3, FABP1, FABP3, FABP4, FABP5, FADD, FADS1, FAF1, FAM107A, FAM161A, FAM162A, FAM168A, FAM170A, FAM20A, FAM220A, FAM220BP, FAM50A, FAM83D, FANCB, FANCI, FANCM, FANK1, FAS, FASLG, FASTK, FASTKD1, FASTKD2, FASTKD3, FASTKD5, FAXDC2, FBH1, FBLN1, FBP1, FBXL19, FBXL20, FBXL5, FBXO2, FBXO22, FBXO33, FBXO4, FBXO5, FBXW11, FBXW7, FBXW8, FCGR1A, FCN3, FCRL3, FECH, FER, FERD3L, FERMT2, FETUB, FEV, FEZF1, FEZF2, FGF1, FGF10, FGF16, FGF17, FGF18, FGF19, FGF2, FGF20, FGF21, FGF22, FGF23, FGF3, FGF4, FGF5, FGF6, FGF7, FGF8, FGF9, FGFR1, FGFR2, FGFR3, FGFR4, FGR, FHIT, FHL2, FHL5, FHOD1, FIGLA, FIGNL1, FIRRM, FIS1, FITM2, FIZ1, FKBP1A, FKBP1B, FKBP8, FKTN, FLCN, FLI1, FLNA, FLOT1, FLOT2, FLT1, FLT3, FLT4, FLYWCH1, FMC1, FMN2, FMO1, FMO2, FMO4, FMO5, FMR1, FN1, FNIP1, FNIP2, FNTA, FOS, FOSB, FOSL1, FOSL2, FOXA1, FOXA2, FOXA3, FOXB1, FOXB2, FOXC1, FOXC2, FOXD1, FOXD2, FOXD3, FOXD4, FOXD4L1, FOXD4L3, FOXD4L4, FOXD4L5, FOXD4L6, FOXE1, FOXE3, FOXF1, FOXF2, FOXG1, FOXH1, FOXI1, FOXI2, FOXI3, FOXJ1, FOXJ2, FOXJ3, FOXK1, FOXK2, FOXL1, FOXL2, FOXL3-OT1, FOXM1, FOXN1, FOXN2, FOXN3, FOXN4, FOXO1, FOXO3, FOXO3B, FOXO4, FOXO6, FOXP1, FOXP2, FOXP3, FOXP4, FOXQ1, FOXR1, FOXR2, FOXS1, FPR2, FRK, FRY, FSCB, FSHB, FST, FSTL3, FTO, FUBP3, FURIN, FUS, FXR1, FXR2, FXYD1, FYN, FZD1, FZD2, FZD4, FZD5, FZD6, FZD7, FZD8, FZR1, G3BP2, G6PD, GABARAP, GABARAPL2, GABPA, GABPB1, GABPB2, GADD45A, GAL, GALR1, GALR2, GALR3, GAPDH, GAPDHS, GAS1, GAS6, GATA1, GATA2, GATA3, GATA4, GATA5, GATA6, GATAD1, GATAD2A, GATAD2B, GBA1, GBX1, GBX2, GCFC2, GCG, GCGR, GCH1, GCK, GCKR, GCLC, GCM1, GCM2, GCN1, GDF2, GDF6, GDF7, GDNF, GEMIN5, GFAP, GFER, GFI1, GFI1B, GFRA1, GGA1, GGA3, GGNBP2, GH1, GH2, GHR, GHRHR, GHSR, GIGYF2, GIP, GIPC1, GIT1, GJA8, GJC2, GLG1, GLI1, GLI2, GLI3, GLI4, GLIS1, GLIS2, GLIS3, GLMN, GLMP, GLO1, GLRX2, GMEB1, GMEB2, GMNC, GMNN, GNA12, GNAQ, GNB3, GNL3, GNL3L, GNMT, GOLGA2, GOLGB1, GOLM1, GON4L, GPATCH3, GPBP1, GPBP1L1, GPC3, GPD1, GPD1L, GPER1, GPLD1, GPNMB, GPR37, GPRC5A, GPRC5B, GPRC6A, GPS1, GPS2, GPT, GPX1, GRAMD4, GRB7, GREM1, GRHL1, GRHL2, GRHL3, GRIN1, GRIN2A, GRIN2B, GRIN2C, GRM5, GRN, GRSF1, GSAP, GSC, GSC2, GSK3A, GSK3B, GSKIP, GSN, GSPT1, GSTP1, GSX1, GSX2, GTF2A1, GTF2A1L, GTF2A2, GTF2F1, GTF2F2, GTF2H1, GTF2H2, GTF2H2C, GTF2H2C_2, GTF2H3, GTF2I, GTF2IRD1, GTF2IRD2, GTF2IRD2B, GTPBP1, GTPBP4, GUCA1A, GUCA1ANB-GUCA1A, GUCA1B, GUF1, GZF1, GZMA, GZMB, H1-0, H1-1, H1-10, H1-2, H1-3, H1-4, H1-5, H1-6, H1-7, H1-8, H1-9P, H2AX, H2AZ1, H6PD, HABP4, HAMP, HAND1, HAND2, HAP1, HAS2, HAS3, HAVCR2, HAX1, HBEGF, HBP1, HBS1L, HCAR1, HCAR2, HCFC1, HCFC2, HCK, HCLS1, HCRT, HDAC1, HDAC10, HDAC2, HDAC3, HDAC4, HDAC5, HDAC6, HDAC7, HDAC8, HDAC9, HDGF, HDGFL2, HDX, HEATR1, HECTD1, HEG1, HELB, HELQ, HELT, HELZ2, HERC5, HERPUD1, HES1, HES2, HES3, HES4, HES5, HES6, HES7, HESX1, HEXB, HEXIM1, HEXIM2, HEY1, HEY2, HEYL, HFE, HGF, HGS, HHATL, HHEX, HIC1, HIC2, HIF1A, HIF1A-AS2, HIF1AN, HIF3A, HINFP, HINT1, HINT2, HIP1, HIP1R, HIPK2, HIPK3, HIRA, HIVEP1, HIVEP2, HIVEP3, HJV, HLA-DRB1, HLF, HLTF, HLX, HMBOX1, HMCES, HMG20A, HMG20B, HMGA1, HMGA2, HMGB1, HMGB2, HMGB3, HMGB4, HMGCR, HMGN1, HMGN5, HMOX1, HMX1, HMX2, HMX3, HNF1A, HNF1B, HNF4A, HNF4G, HNRNPA0, HNRNPA1, HNRNPA2B1, HNRNPAB, HNRNPC, HNRNPD, HNRNPF, HNRNPH1, HNRNPH2, HNRNPH3, HNRNPK, HNRNPL, HNRNPLL, HNRNPU, HOMEZ, HOPX, HOXA1, HOXA10, HOXA11, HOXA13, HOXA2, HOXA3, HOXA4, HOXA5, HOXA6, HOXA7, HOXA9, HOXB-AS3, HOXB1, HOXB13, HOXB2, HOXB3, HOXB4, HOXB5, HOXB6, HOXB7, HOXB8, HOXB9, HOXC10, HOXC11, HOXC12, HOXC13, HOXC4, HOXC5, HOXC6, HOXC8, HOXC9, HOXD1, HOXD10, HOXD11, HOXD12, HOXD13, HOXD3, HOXD4, HOXD8, HOXD9, HP1BP3, HPGD, HPN, HPRT1, HPX, HR, HRAS, HRC, HRG, HRURF, HSBP1, HSBP1L1, HSD17B13, HSF1, HSF2, HSF4, HSF5, HSFX1, HSFX2, HSFX3, HSFX4, HSFY1, HSFY2, HSP90AA1, HSP90AB1, HSP90B1, HSPA1A, HSPA1B, HSPA2, HSPA5, HSPA8, HSPB1, HSPBP1, HSPD1, HSPE1, HTATIP2, HTR1A, HTR2A, HTR2B, HTR2C, HTRA2, HTT, HUS1, HUWE1, HYAL2, IAPP, IBTK, ICE1, ICE2, ID1, ID2, ID3, ID4, IDE, IDH1, IER2, IER3, IER5, IFI16, IFI27, IFI6, IFNA1, IFNA10, IFNA13, IFNA14, IFNA16, IFNA17, IFNA2, IFNA21, IFNA4, IFNA5, IFNA6, IFNA7, IFNA8, IFNB1, IFNE, IFNG, IFNGR1, IFNK, IFNL1, IFNW1, IFRD2, IFT52, IFT57, IFT74, IGBP1, IGF1, IGF1R, IGF2, IGF2BP1, IGF2BP2, IGF2BP3, IGFBP3, IGFBP4, IGFBP5, IGFBP7, IGSF1, IHH, IKBKB, IKBKE, IKBKG, IKZF1, IKZF2, IKZF3, IKZF4, IKZF5, IL10, IL11, IL12A, IL12B, IL13, IL15, IL17A, IL17D, IL17F, IL18, IL18R1, IL18RAP, IL1A, IL1B, IL1R2, IL1RAP, IL2, IL20, IL21, IL22RA2, IL23A, IL23R, IL24, IL25, IL26, IL27RA, IL3, IL31RA, IL33, IL34, IL4, IL4I1, IL5, IL6, IL6R, IL6ST, IL7, IL7R, IL9, ILDR1, ILDR2, ILF2, ILF3, ILK, IMPACT, INAVA, INCA1, ING1, ING2, ING3, ING4, ING5, INHBA, INHBB, INO80, INO80B, INO80C, INO80D, INO80E, INPP5B, INPP5E, INPP5F, INPP5J, INPP5K, INS, INSIG1, INSIG2, INSM1, INSM2, INSR, INTS1, INTS10, INTS11, INTS12, INTS13, INTS14, INTS2, INTS3, INTS4, INTS5, INTS6, INTS7, INTS8, INTS9, IP6K2, IPO5, IPO7, IPPK, IQGAP1, IQGAP3, IRAK1, IRAK2, IRAK3, IREB2, IRF1, IRF2, IRF2BP1, IRF2BP2, IRF2BPL, IRF3, IRF4, IRF5, IRF6, IRF7, IRF8, IRF9, IRGM, IRS1, IRS2, IRX1, IRX2, IRX3, IRX4, IRX5, IRX6, ISG15, ISL1, ISL2, IST1, ISX, ITCH, ITGA1, ITGA2, ITGA5, ITGA6, ITGA8, ITGAM, ITGAV, ITGB1BP1, ITGB2, ITGB3, ITGB3BP, ITLN1, ITM2A, ITM2B, ITM2C, ITPKB, IVNS1ABP, IWS1, JADE1, JADE2, JADE3, JAG1, JAK2, JAK3, JARID2, JAZF1, JDP2, JMJD1C, JMJD4, JMJD6, JMJD8, JMY, JPH2, JTB, JUN, JUNB, JUND, JUP, KANK2, KANSL1, KANSL2, KANSL3, KARS1, KAT14, KAT2A, KAT2B, KAT5, KAT6A, KAT6B, KAT7, KAT8, KBTBD8, KCNE2, KCNH2, KCNIP3, KCNK2, KCTD1, KDM1A, KDM1B, KDM2A, KDM2B, KDM3A, KDM3B, KDM4A, KDM4C, KDM4D, KDM5A, KDM5B, KDM5C, KDM5D, KDM6B, KDM7A, KDM8, KDR, KEAP1, KHDC1, KHDC1L, KHDC3L, KHDRBS1, KHDRBS2, KHDRBS3, KHK, KHSRP, KIF14, KIRREL1, KIRREL2, KIT, KITLG, KLF1, KLF10, KLF11, KLF12, KLF13, KLF14, KLF15, KLF16, KLF17, KLF18, KLF2, KLF3, KLF4, KLF5, KLF6, KLF7, KLF8, KLF9, KLHL15, KLHL25, KLHL31, KLHL40, KLKB1, KMT2A, KMT2B, KMT2C, KMT2D, KMT2E, KMT5A, KMT5B, KMT5C, KNDC1, KNG1, KPNA1, KPNA2, KPNA6, KRAS, KRBA2, KRBOX1, KRBOX4, KRBOX5, KRT13, KRT17, KSR1, L3MBTL1, L3MBTL2, L3MBTL3, L3MBTL4, LACC1, LACRT, LACTB, LAMP3, LAMTOR5, LANCL2, LAPTM4B, LAPTM5, LARP1, LARP1B, LARP4, LARP4B, LARP6, LARP7, LAT, LATS1, LATS2, LAX1, LBH, LBHD1, LBX1, LBX2, LCK, LCMT1, LCOR, LCORL, LCP2, LDB1, LDB2, LDLR, LDLRAD3, LDLRAP1, LEF1, LEFTY1, LEO1, LEP, LEPR, LEUTX, LGALS3, LGALS9, LGMN, LGR4, LHCGR, LHX1, LHX2, LHX3, LHX4, LHX5, LHX6, LHX8, LHX9, LIF, LIG3, LILRA2, LILRA5, LILRB1, LILRB2, LILRB4, LIMCH1, LIMD1, LIME1, LIMK1, LIMK2, LIMS1, LIN28A, LIN28B, LIN37, LIN52, LIN54, LIN9, LIPG, LITAF, LMCD1, LMO1, LMO2, LMO3, LMO4, LMO7, LMX1A, LMX1B, LONP1, LONP2, LOX, LOXL2, LOXL3, LPAR5, LPCAT1, LPCAT3, LPGAT1, LPIN1, LPIN2, LPIN3, LRIF1, LRIG2, LRP1, LRP2, LRP4, LRP5, LRP6, LRP8, LRPPRC, LRRC14, LRRFIP1, LRRFIP2, LRRK1, LRRK2, LRRTM3, LSM1, LSM14A, LSM14B, LTF, LUM, LYAR, LYL1, LYN, MACC1, MACROH2A1, MACROH2A2, MAD2L1, MAD2L2, MAEL, MAF, MAF1, MAFA, MAFB, MAFF, MAFG, MAFK, MAGEA1, MAGEA10, MAGEA11, MAGEA12, MAGEA13P, MAGEA2, MAGEA2B, MAGEA3, MAGEA4, MAGEA6, MAGEA8, MAGEA9, MAGEA9B, MAGEB1, MAGEB10, MAGEB16, MAGEB17, MAGEB18, MAGEB2, MAGEB3, MAGEB4, MAGEB5, MAGEB6, MAGEB6B, MAGEC1, MAGEC2, MAGEC3, MAGED1, MAGED2, MAGED4, MAGED4B, MAGEE1, MAGEE2, MAGEF1, MAGEH1, MAGEL2, MAGI2, MAGOH, MAGOHB, MAK, MALAT1, MALRD1, MALSU1, MALT1, MAML1, MAML2, MAML3, MAMLD1, MAMSTR, MAOB, MAP1A, MAP2K1, MAP2K2, MAP2K3, MAP2K4, MAP2K5, MAP2K6, MAP2K7, MAP3K10, MAP3K11, MAP3K12, MAP3K13, MAP3K4, MAP3K5, MAP3K7, MAP4K2, MAPK1, MAPK12, MAPK14, MAPK15, MAPK3, MAPK7, MAPK8, MAPK8IP1, MAPK9, MAPKAP1, MAPKAPK2, MAPKAPK5, MAPRE3, MAPT, MAPT-AS1, MARCHF2, MARCHF6-DT, MARCHF7, MARCO, MARK2, MARS1, MAS1, MASTL, MAVS, MAX, MAZ, MBD1, MBD2, MBD3, MBD3L1, MBD3L2, MBD3L2B, MBD3L3, MBD3L4, MBD3L5, MBIP, MBNL1, MBNL2, MBNL3, MBOAT7, MBP, MBTD1, MBTPS1, MBTPS2, MC1R, MCIDAS, MCM2, MCM3, MCM4, MCM5, MCM6, MCM7, MCPH1, MCRS1, MDC1, MDFI, MDFIC, MDK, MDM2, MDM4, ME1, ME2, MEAF6, MECOM, MECP2, MED1, MED10, MED11, MED12, MED12L, MED13, MED13L, MED14, MED15, MED16, MED17, MED18, MED19, MED20, MED21, MED22, MED23, MED24, MED25, MED26, MED27, MED28, MED29, MED30, MED31, MED4, MED6, MED7, MED8, MED9, MEF2A, MEF2B, MEF2C, MEF2D, MEFV, MEIOC, MEIOSIN, MEIS1, MEIS2, MEIS3, MEIS3P1, MELTF, MEN1, MEOX1, MEOX2, MEPCE, MESP1, MESP2, MET, METAP1, METTL1, METTL13, METTL14, METTL16, METTL18, METTL23, METTL3, METTL4, METTL5, METTL8, MEX3D, MFHAS1, MFSD2A, MFSD8, MGA, MGAT3, MGAT4D, MGAT5, MGMT, MICAL1, MICAL2, MID1IP1, MID2, MIDEAS, MIDN, MIER1, MIER2, MIER3, MIF, MIF4GD, MINAR1, MIR1-1, MIR100, MIR101-1, MIR103A1, MIR103B1, MIR106A, MIR106B, MIR107, MIR10B, MIR1246, MIR125A, MIR125B1, MIR126, MIR127, MIR1271, MIR128-1, MIR130A, MIR130B, MIR132, MIR133A1, MIR133B, MIR134, MIR135B, MIR137, MIR138-1, MIR140, MIR142, MIR144, MIR145, MIR146A, MIR147A, MIR148A, MIR148B, MIR149, MIR151A, MIR152, MIR153-1, MIR15A, MIR15B, MIR16-1, MIR17, MIR181A2, MIR181B1, MIR181C, MIR181D, MIR182, MIR185, MIR186, MIR18A, MIR190B, MIR191, MIR192, MIR193A, MIR195, MIR199A1, MIR199B, MIR19A, MIR19B1, MIR200B, MIR200C, MIR203A, MIR204, MIR205, MIR206, MIR208A, MIR20A, MIR20B, MIR21, MIR210, MIR211, MIR212, MIR214, MIR217, MIR218-1, MIR219A1, MIR221, MIR223, MIR23A, MIR24-1, MIR26A1, MIR26B, MIR27A, MIR27B, MIR28, MIR298, MIR299, MIR29A, MIR29B1, MIR29C, MIR302A, MIR302C, MIR30B, MIR30C1, MIR31, MIR320A, MIR323A, MIR326, MIR329-1, MIR337, MIR339, MIR33A, MIR340, MIR342, MIR345, MIR346, MIR34A, MIR34B, MIR361, MIR365A, MIR373, MIR378A, MIR379, MIR423, MIR424, MIR4286, MIR448, MIR455, MIR483, MIR485, MIR486-1, MIR491, MIR495, MIR497, MIR498, MIR499A, MIR501, MIR503, MIR508, MIR517A, MIR517C, MIR518B, MIR519A1, MIR519D, MIR520B, MIR520C, MIR520E, MIR543, MIR544A, MIR548P, MIR562, MIR564, MIR590, MIR608, MIR6086, MIR613, MIR625, MIR644A, MIR655, MIR659, MIR663A, MIR665, MIR675, MIR708, MIR711, MIR766, MIR874, MIR877, MIR885, MIR892B, MIR9-1, MIR9-1HG, MIR92A1, MIR93, MIR939, MIR96, MIR98, MIRLET7A1, MIRLET7B, MIRLET7C, MIRLET7E, MIRLET7I, MIS18A, MITF, MIXL1, MKNK1, MKNK2, MKRN2, MKX, MLF1, MLF2, MLH1, MLIP, MLLT1, MLLT10, MLLT11, MLLT3, MLLT6, MLST8, MLX, MLXIP, MLXIPL, MLYCD, MMD, MMD2, MMP12, MMP14, MMP9, MMS19, MN1, MNAT1, MNT, MNX1, MOB1A, MOB1B, MOB2, MOB3A, MOB3B, MOB3C, MORC1, MORC2, MORC3, MORF4L1, MORF4L2, MOSPD1, MOV10, MPHOSPH8, MPV17, MPV17L2, MRE11, MRGBP, MRNIP, MRPL12, MRPL13, MRPS27, MRTFA, MRTFB, MSANTD1, MSC, MSGN1, MSH2, MSH3, MSH6, MSI1, MSI2, MSL1, MSL2, MSL3, MSL3B, MSN, MST1, MST1R, MSTN, MSX1, MSX2, MT3, MTA1, MTA2, MTA3, MTBP, MTCH1, MTCL2, MTCP1, MTDH, MTERF1, MTERF2, MTERF3, MTERF4, MTF1, MTF2, MTG1, MTG2, MTIF2, MTLN, MTM1, MTMR1, MTMR2, MTMR3, MTMR4, MTMR9, MTOR, MTPN, MTRES1, MTURN, MUC1, MUL1, MUSK, MUSTN1, MVP, MXD1, MXD3, MXD4, MXI1, MYADM, MYB, MYBBP1A, MYBL1, MYBL2, MYC, MYCBP, MYCBP2, MYCL, MYCN, MYD88, MYDGF, MYF5, MYF6, MYH9, MYLIP, MYNN, MYOCD, MYOD1, MYOG, MYOZ1, MYOZ2, MYPOP, MYRF, MYRFL, MYSM1, MYT1, MYT1L, MZF1, N4BP1, N4BP2L2, NAA15, NAA16, NAB1, NAB2, NABP2, NACC1, NACC2, NAF1, NAIP, NAMPT, NANOG, NANOGNB, NANOGP1, NANOGP8, NANOS1, NANOS2, NANOS3, NAT10, NAT14, NBAS, NBN, NCBP1, NCBP2, NCF1, NCK1, NCK2, NCKAP1L, NCL, NCOA1, NCOA2, NCOA3, NCOA4, NCOA5, NCOA6, NCOA7, NCOR1, NCOR2, NCSTN, NDFIP1, NDFIP2, NDN, NDP, NDUFA13, NDUFS4, NEAT1, NECAB1, NECAB2, NECAB3, NEDD4, NEDD4L, NEDD8, NEDD9, NEIL1, NEK10, NEK2, NEK3, NEK4, NEK7, NELFA, NELFB, NELFCD, NELFE, NELL1, NEO1, NEURL1, NEUROD1, NEUROD2, NEUROD4, NEUROD6, NEUROG1, NEUROG2, NEUROG3, NF1, NF2, NFAM1, NFAT5, NFATC1, NFATC2, NFATC2IP, NFATC3, NFATC4, NFE2, NFE2L1, NFE2L2, NFE2L3, NFE4, NFIA, NFIB, NFIC, NFIL3, NFILZ, NFIX, NFKB1, NFKB2, NFKBIA, NFKBIB, NFKBIE, NFKBIL1, NFKBIZ, NFRKB, NFX1, NFXL1, NFYA, NFYB, NFYC, NGDN, NGF, NGFR, NGRN, NHERF1, NHLH1, NHLH2, NHLRC1, NHLRC3, NIBAN1, NIBAN2, NIF3L1, NIPBL, NKAP, NKD1, NKD2, NKRF, NKX1-1, NKX1-2, NKX2-1, NKX2-2, NKX2-3, NKX2-4, NKX2-5, NKX2-6, NKX2-8, NKX3-1, NKX3-2, NKX6-1, NKX6-2, NKX6-3, NLK, NLN, NLRC3, NLRC4, NLRC5, NLRP1, NLRP12, NLRP2, NLRP2B, NLRP3, NLRP7, NMD3, NME2, NMI, NMNAT1, NMNAT2, NNMT, NNT, NOBOX, NOC2L, NOCT, NOD1, NOD2, NODAL, NOG, NOL11, NOL3, NOLC1, NONO, NOP53, NORAD, NOS1, NOS1AP, NOS2, NOS3, NOSTRIN, NOTCH1, NOTCH2, NOTCH3, NOTCH4, NOTO, NOVA1, NOVA2, NOX4, NPAS1, NPAS2, NPAS3, NPAS4, NPAT, NPC2, NPM1, NPM2, NPNT, NPPA, NPPC, NPTN, NQO1, NR0B1, NR0B2, NR1D1, NR1D2, NR1H2, NR1H3, NR1H4, NR1I2, NR1I3, NR2C1, NR2C2, NR2E1, NR2E3, NR2F1, NR2F2, NR2F6, NR3C1, NR3C2, NR4A1, NR4A2, NR4A3, NR5A1, NR5A2, NR6A1, NRARP, NRDC, NRDE2, NRF1, NRG1, NRIP1, NRIP2, NRL, NRP1, NSD1, NSD2, NSD3, NSF, NSMAF, NSMCE1, NSMCE2, NSMCE3, NSMCE4A, NSMF, NSRP1, NSUN2, NSUN3, NSUN5, NT5C3B, NTF3, NTF4, NTN1, NTN3, NTRK1, NTRK2, NTRK3, NTS, NTSR1, NUAK1, NUB1, NUCKS1, NUDT15, NUDT16, NUDT16L1, NUFIP1, NUGGC, NUP62, NUP85, NUP98, NUPR1, NUPR2, NVL, NWD1, NXN, OAS1, OAS2, OAS3, OASL, OAZ1, OAZ2, OAZ3, OBI1, OCLN, ODAM, ODC1, OGFOD1, OGG1, OGT, OLIG1, OLIG2, OLIG3, ONECUT1, ONECUT2, ONECUT3, OOEP, OPA3, OPHN1, OPRD1, OR7D2, ORC2, ORC3, ORC5, ORMDL1, ORMDL2, ORMDL3, OSBP, OSBPL7, OSM, OSR1, OSR2, OTP, OTUB1, OTUB2, OTUD4, OTUD7B, OTULIN, OTX1, OTX2, OVOL1, OVOL2, OVOL3, OXR1, P2RX7, P2RY1, P2RY6, P3H1, PA2G4, PABIR1, PABPC1, PABPC4, PABPN1L, PACSIN3, PADI6, PAEP, PAF1, PAGE4, PAGR1, PAIP1, PAIP2, PAIP2B, PAK1, PAK2, PAK6, PAN2, PAN3, PANK2, PANO1, PAOX, PAQR3, PARD3, PARD6A, PARG, PARK7, PARL, PARM1, PARN, PARP1, PARP10, PARP14, PARP15, PARP16, PARP3, PARP4, PARP9, PARPBP, PASD1, PASK, PATL1, PATL2, PATZ1, PAWR, PAX1, PAX2, PAX3, PAX4, PAX5, PAX6, PAX7, PAX8, PAX9, PAXBP1, PAXIP1, PBK, PBRM1, PBX1, PBX2, PBX3, PBX4, PBXIP1, PCBD1, PCBD2, PCBP1, PCBP2, PCBP3, PCBP4, PCGF1, PCGF2, PCGF3, PCGF5, PCGF6, PCID2, PCIF1, PCK1, PCNA, PCSK9, PDCD10, PDCD2, PDCD4, PDCD5, PDCD6, PDCL3, PDE12, PDE2A, PDE3A, PDE3B, PDE4D, PDE8A, PDE8B, PDGFA, PDGFB, PDGFC, PDGFD, PDGFRB, PDIK1L, PDK1, PDK2, PDK3, PDK4, PDLIM1, PDPK1, PDS5A, PDX1, PECAM1, PEF1, PEG3, PELI1, PELI2, PELO, PELP1, PER1, PER2, PER3, PERM1, PERP, PEX14, PF4, PFDN1, PFDN2, PFDN4, PFDN5, PFDN6, PFKFB1, PFKM, PFN1, PFN2, PGAM1, PGBD1, PGF, PGP, PGR, PHAX, PHB1, PHB2, PHC1, PHC2, PHC3, PHF1, PHF10, PHF12, PHF13, PHF14, PHF19, PHF2, PHF20, PHF20L1, PHF21A, PHF23, PHF24, PHF5A, PHF6, PHF8, PHIP, PHKG2, PHLDA2, PHOX2A, PHOX2B, PIAS1, PIAS2, PIAS3, PIAS4, PIBF1, PICALM, PID1, PIDD1, PIF1, PIH1D1, PIK3CA, PIK3CG, PIK3R1, PIK3R2, PIK3R3, PIK3R5, PIK3R6, PILRB, PIM1, PIM2, PIN1, PINK1, PINX1, PIP5KL1, PITHD1, PITX1, PITX2, PITX3, PIWIL1, PIWIL2, PIWIL3, PIWIL4, PKD1, PKD2, PKHD1, PKIA, PKIB, PKIG, PKM, PKMYT1, PKN1, PKNOX1, PKNOX2, PKP1, PKP3, PLA2G10, PLA2G1B, PLA2G3, PLA2G6, PLAA, PLAC8, PLAG1, PLAGL1, PLAGL2, PLAT, PLAU, PLAUR, PLCB1, PLCG2, PLD1, PLEK, PLEKHN1, PLGRKT, PLIN5, PLK1, PLK2, PLK3, PLPP1, PLPP3, PLSCR1, PLXNB2, PM20D2, PMAIP1, PMF1, PML, PMS2, PMS2P3, PNKD, PNKP, PNLDC1, PNPLA2, PNPT1, POFUT1, POGK, POGZ, POLDIP3, POLE3, POLG2, POLH, POLQ, POLR2A, POLR2G, POLR2K, POLR2L, POLR3C, POLR3F, POLR3G, POMC, POMT1, POMT2, POT1, POU1F1, POU2AF1, POU2AF2, POU2AF3, POU2F1, POU2F2, POU2F3, POU3F1, POU3F2, POU3F3, POU3F4, POU4F1, POU4F2, POU4F3, POU5F1, POU5F1B, POU5F2, POU6F1, POU6F2, PPARA, PPARD, PPARG, PPARGC1A, PPARGC1B, PPEF2, PPHLN1, PPIA, PPID, PPIE, PPM1A, PPM1D, PPM1E, PPM1F, PPP1CA, PPP1R10, PPP1R12A, PPP1R13L, PPP1R14D, PPP1R15A, PPP1R15B, PPP1R16B, PPP1R1B, PPP1R2, PPP1R2B, PPP1R2C, PPP1R2P1, PPP1R3A, PPP1R3B, PPP1R3C, PPP1R3D, PPP1R3E, PPP1R3F, PPP1R3G, PPP1R7, PPP1R8, PPP1R9B, PPP2CA, PPP2CB, PPP2R1A, PPP2R5A, PPP2R5B, PPP2R5D, PPP3CA, PPP3CB, PPP3R1, PPP4C, PPP4R2, PPP4R3B, PPP4R4, PPP6R1, PPP6R2, PPP6R3, PPRC1, PQBP1, PRAME, PRAMEF1, PRAMEF10, PRAMEF11, PRAMEF12, PRAMEF13, PRAMEF14, PRAMEF15, PRAMEF17, PRAMEF18, PRAMEF19, PRAMEF2, PRAMEF20, PRAMEF22, PRAMEF25, PRAMEF27, PRAMEF33, PRAMEF4, PRAMEF5, PRAMEF6, PRAMEF7, PRAMEF8, PRAMEF9, PRDM1, PRDM10, PRDM11, PRDM12, PRDM13, PRDM14, PRDM15, PRDM16, PRDM2, PRDM4, PRDM5, PRDM6, PRDM7, PRDM8, PRDM9, PRDX3, PRDX5, PRDX6, PRELID1, PRG3, PRICKLE1, PRIM2, PRKAA1, PRKAA2, PRKACA, PRKACB, PRKAG1, PRKAG2, PRKAR1A, PRKAR1B, PRKAR2A, PRKAR2B, PRKCA, PRKCB, PRKCD, PRKCE, PRKCG, PRKCH, PRKCI, PRKCQ, PRKCZ, PRKD1, PRKD2, PRKDC, PRKG1, PRKN, PRKRA, PRKRIP1, PRL, PRLR, PRMT1, PRMT2, PRMT3, PRMT5, PRMT6, PRNP, PROM2, PROP1, PROX1, PROX2, PRPF19, PRPF6, PRR16, PRR5, PRR5L, PRR7, PRRC1, PRRX1, PRRX2, PRSS22, PRSS37, PRX, PRXL2C, PSAP, PSAPL1, PSEN1, PSENEN, PSMA3, PSMA6, PSMB8, PSMB9, PSMC1, PSMC2, PSMC3, PSMC3IP, PSMC4, PSMC5, PSMC6, PSMD1, PSMD10, PSMD14, PSMD2, PSMD3, PSMD9, PSME1, PSME2, PSME3, PSME3IP1, PSMF1, PSPC1, PSRC1, PTAFR, PTBP1, PTBP2, PTBP3, PTCD2, PTCD3, PTCH1, PTEN, PTF1A, PTGES2, PTGES3, PTGIS, PTGS2, PTH, PTH1R, PTK2, PTK2B, PTK6, PTMA, PTMS, PTOV1, PTP4A3, PTPA, PTPN1, PTPN11, PTPN13, PTPN2, PTPN22, PTPN3, PTPN6, PTPRB, PTPRC, PTPRJ, PTPRK, PTPRN, PTPRO, PTPRQ, PTPRT, PTTG1IP, PTX3, PUF60, PUM1, PUM2, PUM3, PURA, PURB, PURG, PUS7, PWP1, PWWP2A, PWWP2B, PXYLP1, PYCARD, PYDC1, PYDC2, PYGO1, PYHIN1, PYM1, QARS1, QKI, QRICH1, QRICH2, RAB1A, RAB1B, RAB38, RAB3GAP1, RAB3GAP2, RAB7A, RAB7B, RABGEF1, RABL3, RAC1, RACK1, RAD17, RAD21, RAD23A, RAD23B, RAD50, RAD51, RAD51AP1, RAD52, RADX, RAF1, RAI1, RALB, RALBP1, RALY, RAMP1, RANBP2, RANBP9, RAP1A, RAP2A, RAP2B, RAP2C, RAPGEF2, RARA, RARB, RARG, RARRES2, RASA1, RASAL2, RASD1, RASD2, RASGRP1, RASIP1, RASL11A, RASSF2, RASSF5, RAX, RAX2, RB1, RB1CC1, RBAK, RBBP4, RBBP6, RBBP7, RBBP8, RBCK1, RBFOX1, RBFOX2, RBFOX3, RBL1, RBL2, RBM10, RBM11, RBM12, RBM12B, RBM14, RBM15, RBM15B, RBM20, RBM22, RBM23, RBM24, RBM25, RBM3, RBM33, RBM38, RBM39, RBM4, RBM42, RBM46, RBM47, RBM4B, RBM5, RBM7, RBM8A, RBMX, RBMXL1, RBMY1A1, RBMY1B, RBMY1C, RBMY1D, RBMY1E, RBMY1F, RBMY1J, RBPJ, RBPJL, RBPMS, RBPMS2, RBX1, RC3H1, RC3H2, RCC1L, RCHY1, RCN3, RCOR1, RCOR2, RCOR3, RD3, RDH10, RDX, RECK, RECQL5, REL, RELA, RELB, RELN, REPIN1, RERE, RESF1, REST, RET, REXO4, RFC1, RFC2, RFC3, RFC4, RFC5, RFFL, RFPL1, RFPL2, RFPL3, RFPL4A, RFPL4AL1, RFX1, RFX2, RFX3, RFX4, RFX5, RFX6, RFX7, RFX8, RFXANK, RFXAP, RGCC, RGMA, RGMB, RGN, RGP1, RGS14, RGS2, RHBDD1, RHBDD3, RHBDF1, RHEBL1, RHOA, RHOBTB3, RHOG, RHOH, RHOQ, RHOXF1, RHOXF2, RHOXF2B, RIC1, RICTOR, RIDA, RIF1, RIGI, RILP, RING1, RIOK1, RIOK2, RIOX1, RIOX2, RIPK1, RIPK2, RIPK3, RIPK4, RIPPLY1, RIPPLY2, RIPPLY3, RIT2, RITA1, RLF, RLIM, RMI2, RMND1, RN7SK, RNASEL, RNF10, RNF111, RNF128, RNF139, RNF14, RNF141, RNF168, RNF169, RNF180, RNF185, RNF187, RNF19A, RNF2, RNF20, RNF213, RNF220, RNF25, RNF31, RNF34, RNF4, RNF40, RNF41, RNF6, RNF8, RNFT1, RNFT2, RNPS1, ROBO1, ROCK1, ROCK2, ROPN1, ROPN1B, ROPN1L, ROR1, RORA, RORB, RORC, RPA2, RPAP2, RPL10, RPL11, RPL13A, RPL23, RPL26, RPL38, RPL5, RPL6, RPRD1B, RPS13, RPS14, RPS2, RPS26, RPS27L, RPS3, RPS4X, RPS6KA1, RPS6KA2, RPS6KA3, RPS6KA4, RPS6KA5, RPS6KB1, RPS6KB2, RPS7, RPS9, RPTOR, RPUSD3, RPUSD4, RREB1, RRN3, RRP1B, RRP8, RSF1, RSPO1, RTEL1, RTF1, RTKN2, RTN1, RTN2, RTN3, RTN4, RTRAF, RUBCNL, RUNX1, RUNX1T1, RUNX2, RUNX3, RUVBL1, RUVBL2, RWDD3, RXRA, RXRB, RXRG, RYBP, S100A10, S100A11, S100A12, S100A8, S100A9, S1PR1, S1PR2, SAE1, SAFB, SAFB2, SALL1, SALL2, SALL3, SALL4, SAMD1, SAMD11, SAMD4A, SAMD4B, SAMD7, SAMD8, SAMSN1, SAP130, SAP18, SAP25, SAP30, SAP30BP, SAP30L, SARNP, SARS1, SASH1, SATB1, SATB2, SBNO1, SBNO2, SCAF4, SCAF8, SCAI, SCAND1, SCAND2P, SCAP, SCARB1, SCARB2, SCGB1A1, SCMH1, SCML1, SCML2, SCML4, SCRT1, SCRT2, SCT, SCX, SDCBP, SDHAF3, SDR16C5, SEBOX, SEC14L2, SEC22B, SECISBP2, SECISBP2L, SELENOS, SELENOT, SEMA4D, SEMA7A, SEMG1, SEMG2, SENP1, SENP2, SENP3, SEPSECS, SEPTIN14P20, SEPTIN4, SERBP1, SERP1, SERPINA1, SERPINA10, SERPINA11, SERPINA12, SERPINA2, SERPINA3, SERPINA4, SERPINA5, SERPINA6, SERPINA7, SERPINA9, SERPINB1, SERPINB10, SERPINB11, SERPINB12, SERPINB13, SERPINB2, SERPINB3, SERPINB4, SERPINB5, SERPINB6, SERPINB7, SERPINB8, SERPINB9, SERPIND1, SERPINE1, SERPINE2, SERPINE3, SERPINF1, SERPINF2, SERPING1, SERPINH1, SERPINI1, SERPINI2, SERTAD1, SERTAD2, SERTAD3, SESN2, SET, SETBP1, SETD2, SETD3, SETD4, SETD5, SETD6, SETD7, SETDB1, SETDB2, SETMAR, SETSIP, SETX, SF1, SF3B1, SF3B3, SF3B4, SF3B5, SFMBT1, SFMBT2, SFN, SFPQ, SFR1, SFRP1, SFRP2, SFRP4, SFRP5, SFSWAP, SGF29, SGK1, SGK3, SGSM3, SGTA, SH2B1, SH2D3A, SH2D3C, SH3BGRL, SH3D19, SH3GL2, SH3RF1, SH3RF2, SH3RF3, SHC1, SHFL, SHH, SHLD1, SHLD2, SHLD3, SHMT1, SHMT2, SHOX, SHOX2, SHQ1, SIAH2, SIGIRR, SIK1, SIM1, SIM2, SIN3A, SIN3B, SINHCAF, SIRPA, SIRT1, SIRT2, SIRT3, SIRT4, SIRT6, SIRT7, SIX1, SIX2, SIX3, SIX4, SIX5, SIX6, SKAP1, SKI, SKIDA1, SKIL, SKOR1, SKOR2, SKP1, SKP2, SLA2, SLC11A1, SLC15A4, SLC1A1, SLC22A13, SLC22A2, SLC25A37, SLC27A1, SLC2A10, SLC2A13, SLC2A4RG, SLC2A6, SLC30A9, SLC35B4, SLC38A2, SLC38A3, SLC39A5, SLC39A8, SLC40A1, SLC45A3, SLC4A1, SLC4A4, SLC51B, SLC6A3, SLC6A9, SLC7A11, SLC7A7, SLC8A1, SLC8A2, SLC8A3, SLC9A1, SLCO3A1, SLF1, SLF2, SLFN11, SLIRP, SLIT2, SLTM, SLX1A, SLX1B, SLX4, SMAD1, SMAD2, SMAD3, SMAD4, SMAD5, SMAD6, SMAD7, SMAD9, SMARCA1, SMARCA2, SMARCA4, SMARCA5, SMARCAD1, SMARCAL1, SMARCB1, SMARCC1, SMARCC2, SMARCD1, SMARCD2, SMARCD3, SMARCE1, SMC3, SMC5, SMC6, SMCHD1, SMCR8, SMG1, SMG5, SMG6, SMG8, SMO, SMOC2, SMPD1, SMPD3, SMTNL1, SMU1, SMURF1, SMURF2, SMYD1, SMYD2, SMYD3, SNAI1, SNAI2, SNAI3, SNCA, SNF8, SNRNP70, SNTA1, SNW1, SNX12, SNX3, SNX33, SNX5, SNX6, SNX9, SOAT1, SOCS1, SOCS3, SOCS4, SOCS5, SOD1, SOD2, SOHLH1, SOHLH2, SON, SORBS1, SORBS3, SORL1, SOS1, SOST, SOX1, SOX10, SOX11, SOX12, SOX13, SOX14, SOX15, SOX17, SOX18, SOX2, SOX21, SOX3, SOX30, SOX4, SOX5, SOX6, SOX7, SOX8, SOX9, SP1, SP100, SP110, SP140, SP140L, SP2, SP3, SP4, SP5, SP6, SP7, SP8, SP9, SPAG8, SPAG9, SPATC1L, SPDEF, SPDYA, SPEN, SPHK1, SPHK2, SPI1, SPIB, SPIC, SPIDR, SPIN1, SPIN2A, SPIN2B, SPIN3, SPIN4, SPINDOC, SPINK1, SPINK2, SPINK5, SPIRE1, SPIRE2, SPN, SPOCK1, SPOCK2, SPOCK3, SPON1, SPOP, SPOPL, SPP1, SPPL3, SPRED1, SPRED2, SPRTN, SPRY1, SPRY2, SPRY3, SPRY4, SPSB4, SPTBN4, SPTY2D1, SPZ1, SQSTM1, SRA1, SRC, SRCAP, SRCIN1, SREBF1, SREBF2, SRF, SRP9, SRPK1, SRPK2, SRPK3, SRRM1, SRRM4, SRRT, SRSF1, SRSF10, SRSF12, SRSF2, SRSF3, SRSF4, SRSF6, SRSF7, SRSF9, SRY, SS18, SS18L1, SSB, SSBP1, SSBP2, SSBP3, SSBP4, SSH1, SSU72, SSU72L1, SSU72L2, SSU72L3, SSU72L4, SSU72L5, SSU72L6, SSX1, SSX2, SSX2B, SSX3, SSX4, SSX4B, SSX5, SSX6P, SSX7, SSX8P, SSX9P, ST18, ST20, STAR, STARD4, STAT1, STAT2, STAT3, STAT4, STAT5A, STAT5B, STAT6, STH, STING1, STK11, STK16, STK3, STK35, STK36, STK38, STK4, STN1, STOX1, STOX2, STPG4, STRA8, STRADA, STRADB, STRAP, STRN3, STUB1, STX5, STYX, STYXL1, SUB1, SUCNR1, SUDS3, SUFU, SUMO1, SUMO2, SUMO4, SUPT16H, SUPT20H, SUPT20HL1, SUPT20HL2, SUPT3H, SUPT4H1, SUPT5H, SUPT6H, SUPT7L, SUPV3L1, SUV39H1, SUV39H2, SUZ12, SVBP, SVIP, SWAP70, SYAP1, SYK, SYNCRIP, SYT14P1, TAB1, TAB2, TACC1, TACO1, TACR3, TADA1, TADA2A, TADA2B, TADA3, TAF1, TAF10, TAF11, TAF11L11, TAF11L12, TAF11L13, TAF11L14, TAF11L2, TAF11L3, TAF11L4, TAF11L7, TAF11L9, TAF12, TAF13, TAF15, TAF1D, TAF1L, TAF2, TAF3, TAF4, TAF4B, TAF5, TAF5L, TAF6, TAF6L, TAF7, TAF8, TAF9, TAF9B, TAFAZZIN, TAGLN3, TAL1, TAL2, TANK, TAOK1, TAOK2, TAOK3, TARBP1, TARBP2, TARDBP, TASOR, TASP1, TAX1BP1, TBC1D10A, TBC1D24, TBC1D7, TBC1D7-LOC100130357, TBK1, TBL1X, TBL1XR1, TBL1Y, TBP, TBR1, TBRG4, TBX1, TBX10, TBX15, TBX18, TBX19, TBX2, TBX20, TBX21, TBX22, TBX3, TBX4, TBX5, TBX6, TBXT, TCEA1, TCEA2, TCEAL7, TCERG1, TCF12, TCF15, TCF20, TCF21, TCF23, TCF24, TCF25, TCF3, TCF4, TCF7, TCF7L1, TCF7L2, TCFL5, TCIM, TCL1A, TCL1B, TCOF1, TCP1, TCP10L, TDG, TDP2, TDRD3, TEAD1, TEAD2, TEAD3, TEAD4, TEF, TEK, TEN1, TENM1, TENM2, TENT2, TENT4A, TENT4B, TENT5A, TENT5B, TENT5C, TENT5D, TERF1, TERF2, TERF2IP, TERT, TESC, TESK1, TESMIN, TET1, TET2, TET3, TEX15, TF, TFAM, TFAP2A, TFAP2B, TFAP2C, TFAP2D, TFAP2E, TFAP4, TFCP2, TFCP2L1, TFDP1, TFDP2, TFDP3, TFE3, TFEB, TFEC, TFF3, TFIP11, TFPT, TFR2, TFRC, TGFA, TGFB1, TGFB1I1, TGFB2, TGFB3, TGFBR1, TGFBR2, TGFBRAP1, TGIF1, TGIF2, TGIF2LX, TGIF2LY, THAP1, THAP10, THAP11, THAP3, THAP5, THAP7, THBS1, THBS4, THOC1, THOC5, THPO, THRA, THRAP3, THRB, THRSP, THY1, TIA1, TIAL1, TICAM1, TICAM2, TICRR, TIGAR, TIMELESS, TIMP1, TIMP2, TIMP3, TIMP4, TINF2, TIPARP, TIPIN, TIPRL, TIRAP, TLE1, TLE2, TLE3, TLE4, TLE5, TLE6, TLE7, TLK2, TLR2, TLR3, TLR4, TLR6, TLR7, TLR8, TLR9, TLX1, TLX2, TLX3, TM4SF20, TM6SF2, TM9SF2, TMBIM6, TMED10, TMED2, TMEM102, TMEM119, TMEM132A, TMEM161A, TMEM168, TMEM259, TMEM9, TMEM98, TMF1, TMIGD3, TMPRSS6, TMSB4X, TMTC3, TMX1, TNF, TNFAIP1, TNFAIP3, TNFRSF10A, TNFRSF10B, TNFRSF11A, TNFRSF14, TNFRSF18, TNFRSF1A, TNFRSF1B, TNFRSF4, TNFSF10, TNFSF11, TNFSF12, TNFSF13, TNFSF15, TNFSF18, TNFSF4, TNFSF8, TNIK, TNIP1, TNIP2, TNIP3, TNK2, TNKS, TNKS1BP1, TNKS2, TNNI2, TNP1, TNP2, TNRC6A, TNRC6B, TNRC6C, TOB1, TOB2, TOLLIP, TOM1L1, TOP2A, TOP2B, TOPORS, TOX, TOX2, TOX3, TOX4, TP53, TP53BP1, TP53INP1, TP53INP2, TP63, TP73, TPD52L1, TPPP, TPR, TPRX1, TPRX2, TPRXL, TPX2, TRA2A, TRA2B, TRABD2A, TRABD2B, TRADD, TRAF1, TRAF2, TRAF3, TRAF3IP1, TRAF3IP2, TRAF4, TRAF5, TRAF6, TRAF7, TRAK1, TRAP1, TRDMT1, TREM2, TRERF1, TREX1, TRIAP1, TRIB1, TRIB2, TRIB3, TRIM11, TRIM13, TRIM14, TRIM15, TRIM16, TRIM2, TRIM21, TRIM22, TRIM24, TRIM25, TRIM26, TRIM27, TRIM28, TRIM29, TRIM3, TRIM31, TRIM32, TRIM33, TRIM34, TRIM37, TRIM38, TRIM39, TRIM40, TRIM44, TRIM5, TRIM52, TRIM58, TRIM6, TRIM62, TRIM65, TRIM67, TRIM68, TRIM71, TRIM8, TRIP11, TRIP4, TRMT10C, TRMT112, TRNAU1AP, TRO, TRPC5, TRPS1, TRPV1, TRPV4, TRRAP, TRUB1, TRUB2, TSC1, TSC2, TSC22D1, TSC22D2, TSC22D3, TSC22D4, TSFM, TSG101, TSHZ1, TSHZ2, TSHZ3, TSLP, TSPAN15, TSPAN17, TSPAN5, TSPO, TSPYL2, TSPYL5, TSSK4, TSTD1, TTBK1, TTC21B, TTC36, TTC39B, TTC5, TTF1, TTN, TULP3, TUT4, TUT7, TWF1, TWIST1, TWIST2, TXK, TXN, TXNIP, TYMS, TYSND1, U2AF2, UACA, UBA2, UBASH3B, UBB, UBE2B, UBE2C, UBE2D1, UBE2D3, UBE2E1, UBE2I, UBE2K, UBE2L3, UBE2N, UBE2S, UBE2V1, UBE2V2, UBE3A, UBP1, UBQLN1, UBQLN2, UBQLN3, UBQLN4, UBR3, UBR4, UBTF, UBTFL1, UBTFL6, UBXN1, UBXN2A, UCHL1, UCHL5, UCN, UCP1, UFL1, UGT1A1, UGT1A8, UHMK1, UHRF1, UIMC1, ULK1, UNC119, UNCX, UNK, UPF1, UPF3A, UPF3B, UQCC2, URI1, USF1, USF2, USF3, USP1, USP13, USP14, USP16, USP17L2, USP19, USP2, USP21, USP22, USP25, USP26, USP3, USP36, USP37, USP38, USP4, USP44, USP47, USP5, USP50, USP51, USP7, USP8, USP9X, UTF1, UTP15, UTP4, UVRAG, UXT, VAX1, VAX2, VBP1, VCP, VDR, VEGFA, VEGFB, VEGFC, VEGFD, VENTX, VEZF1, VGLL1, VGLL2, VGLL3, VGLL4, VHL, VIM, VIP, VPS11, VPS25, VPS28, VPS35, VPS72, VRTN, VSIR, VSX1, VSX2, VTN, WAC, WAPL, WARS1, WAS, WASHC1, WASL, WBP1L, WBP2, WBP2NL, WDFY2, WDR43, WDR48, WDR5, WDR75, WDR77, WDR82, WDR91, WDTC1, WEE1, WFS1, WIZ, WNK1, WNK3, WNT1, WNT10B, WNT11, WNT2, WNT3A, WNT4, WNT5A, WNT6, WNT7A, WNT8A, WNT9B, WRAP53, WRN, WRNIP1, WT1, WTAP, WTIP, WWC1, WWC2, WWC3, WWOX, WWP1, WWP2, WWTR1, XBP1, XCL1, XDH, XIAP, XIST, XPC, XPO1, XRCC1, XRCC5, XRCC6, XRN1, YAF2, YAP1, YBX1, YBX2, YBX3, YEATS2, YEATS4, YES1, YLPM1, YTHDC1, YTHDF1, YTHDF2, YTHDF3, YWHAB, YWHAE, YWHAG, YWHAH, YWHAQ, YWHAZ, YY1, YY1AP1, YY2, ZAR1, ZAR1L, ZBED1, ZBED2, ZBED3, ZBED4, ZBED6, ZBTB1, ZBTB10, ZBTB11, ZBTB12, ZBTB14, ZBTB16, ZBTB17, ZBTB18, ZBTB2, ZBTB20, ZBTB21, ZBTB22, ZBTB24, ZBTB25, ZBTB26, ZBTB3, ZBTB32, ZBTB33, ZBTB34, ZBTB37, ZBTB38, ZBTB39, ZBTB4, ZBTB40, ZBTB41, ZBTB42, ZBTB43, ZBTB45, ZBTB46, ZBTB47, ZBTB48, ZBTB49, ZBTB5, ZBTB6, ZBTB7A, ZBTB7B, ZBTB7C, ZBTB8A, ZBTB8B, ZBTB9, ZC3H10, ZC3H12A, ZC3H12D, ZC3H14, ZC3H18, ZC3H4, ZC3H6, ZC3H8, ZC3HAV1, ZC4H2, ZCCHC13, ZCCHC17, ZCCHC4, ZCWPW1, ZDHHC2, ZEB1, ZEB2, ZER1, ZFAND2A, ZFAT, ZFHX2, ZFHX3, ZFHX4, ZFP1, ZFP14, ZFP2, ZFP28, ZFP3, ZFP30, ZFP36, ZFP36L1, ZFP36L2, ZFP37, ZFP41, ZFP42, ZFP57, ZFP62, ZFP64, ZFP69, ZFP69B, ZFP82, ZFP90, ZFP91, ZFP92, ZFPL1, ZFPM1, ZFPM2, ZFTA, ZFX, ZFY, ZFYVE28, ZGLP1, ZGPAT, ZHX1, ZHX2, ZHX3, ZIC1, ZIC2, ZIC3, ZIC4, ZIC5, ZIK1, ZIM2, ZIM3, ZKSCAN1, ZKSCAN2, ZKSCAN3, ZKSCAN4, ZKSCAN5, ZKSCAN7, ZKSCAN8, ZMIZ1, ZMIZ2, ZMPSTE24, ZMYM2, ZMYM5, ZMYND11, ZMYND15, ZMYND8, ZNF10, ZNF100, ZNF101, ZNF107, ZNF112, ZNF114, ZNF117, ZNF12, ZNF121, ZNF124, ZNF131, ZNF132, ZNF133, ZNF134, ZNF135, ZNF136, ZNF138, ZNF14, ZNF140, ZNF141, ZNF142, ZNF143, ZNF146, ZNF148, ZNF154, ZNF155, ZNF157, ZNF16, ZNF160, ZNF165, ZNF169, ZNF17, ZNF174, ZNF175, ZNF177, ZNF18, ZNF180, ZNF181, ZNF182, ZNF184, ZNF189, ZNF19, ZNF195, ZNF197, ZNF2, ZNF20, ZNF202, ZNF205, ZNF208, ZNF211, ZNF212, ZNF213, ZNF214, ZNF215, ZNF217, ZNF219, ZNF22, ZNF221, ZNF222, ZNF223, ZNF224, ZNF225, ZNF226, ZNF227, ZNF229, ZNF23, ZNF230, ZNF232, ZNF233, ZNF234, ZNF235, ZNF236, ZNF239, ZNF24, ZNF248, ZNF25, ZNF250, ZNF251, ZNF253, ZNF254, ZNF256, ZNF257, ZNF26, ZNF260, ZNF263, ZNF264, ZNF266, ZNF267, ZNF268, ZNF273, ZNF274, ZNF275, ZNF276, ZNF28, ZNF280A, ZNF280B, ZNF280C, ZNF280D, ZNF281, ZNF282, ZNF283, ZNF284, ZNF285, ZNF286A, ZNF286B, ZNF287, ZNF292, ZNF296, ZNF3, ZNF30, ZNF300, ZNF302, ZNF304, ZNF311, ZNF316, ZNF317, ZNF318, ZNF319, ZNF32, ZNF320, ZNF322, ZNF324, ZNF324B, ZNF326, ZNF329, ZNF331, ZNF333, ZNF334, ZNF335, ZNF337, ZNF33A, ZNF33B, ZNF34, ZNF341, ZNF343, ZNF345, ZNF347, ZNF35, ZNF350, ZNF354A, ZNF354B, ZNF354C, ZNF355P, ZNF358, ZNF362, ZNF365, ZNF366, ZNF367, ZNF37A, ZNF382, ZNF383, ZNF384, ZNF385A, ZNF391, ZNF394, ZNF395, ZNF396, ZNF397, ZNF398, ZNF404, ZNF407, ZNF408, ZNF41, ZNF410, ZNF414, ZNF415, ZNF416, ZNF417, ZNF418, ZNF419, ZNF420, ZNF423, ZNF425, ZNF426, ZNF429, ZNF43, ZNF430, ZNF431, ZNF432, ZNF433, ZNF436, ZNF438, ZNF439, ZNF44, ZNF440, ZNF441, ZNF442, ZNF443, ZNF444, ZNF445, ZNF446, ZNF449, ZNF45, ZNF451, ZNF454, ZNF460, ZNF461, ZNF462, ZNF467, ZNF468, ZNF469, ZNF470, ZNF471, ZNF473, ZNF479, ZNF48, ZNF480, ZNF483, ZNF484, ZNF485, ZNF486, ZNF487, ZNF488, ZNF490, ZNF491, ZNF492, ZNF493, ZNF496, ZNF497, ZNF500, ZNF501, ZNF502, ZNF503, ZNF506, ZNF507, ZNF510, ZNF511, ZNF512, ZNF512B, ZNF513, ZNF514, ZNF516, ZNF517, ZNF518A, ZNF518B, ZNF519, ZNF521, ZNF524, ZNF525, ZNF526, ZNF527, ZNF528, ZNF529, ZNF530, ZNF532, ZNF534, ZNF536, ZNF540, ZNF541, ZNF542P, ZNF543, ZNF544, ZNF546, ZNF547, ZNF548, ZNF549, ZNF550, ZNF551, ZNF552, ZNF554, ZNF555, ZNF556, ZNF557, ZNF558, ZNF559, ZNF559-ZNF177, ZNF560, ZNF561, ZNF562, ZNF563, ZNF564, ZNF565, ZNF566, ZNF567, ZNF568, ZNF569, ZNF57, ZNF570, ZNF571, ZNF572, ZNF573, ZNF574, ZNF575, ZNF576, ZNF577, ZNF578, ZNF579, ZNF580, ZNF581, ZNF582, ZNF583, ZNF584, ZNF585A, ZNF585B, ZNF586, ZNF587, ZNF587B, ZNF589, ZNF592, ZNF593, ZNF594, ZNF595, ZNF596, ZNF597, ZNF598, ZNF599, ZNF600, ZNF605, ZNF606, ZNF607, ZNF608, ZNF609, ZNF610, ZNF611, ZNF613, ZNF614, ZNF615, ZNF616, ZNF618, ZNF619, ZNF620, ZNF621, ZNF623, ZNF624, ZNF625, ZNF626, ZNF627, ZNF628, ZNF629, ZNF630, ZNF638, ZNF639, ZNF641, ZNF644, ZNF646, ZNF648, ZNF649, ZNF652, ZNF653, ZNF654, ZNF655, ZNF658, ZNF658B, ZNF66, ZNF660, ZNF660-ZNF197, ZNF662, ZNF664, ZNF665, ZNF667, ZNF668, ZNF669, ZNF670, ZNF671, ZNF672, ZNF674, ZNF675, ZNF676, ZNF677, ZNF678, ZNF679, ZNF680, ZNF681, ZNF682, ZNF683, ZNF684, ZNF687, ZNF688, ZNF689, ZNF69, ZNF691, ZNF692, ZNF695, ZNF696, ZNF697, ZNF699, ZNF7, ZNF70, ZNF700, ZNF701, ZNF702P, ZNF703, ZNF704, ZNF705A, ZNF705B, ZNF705D, ZNF705EP, ZNF705G, ZNF706, ZNF707, ZNF708, ZNF709, ZNF71, ZNF710, ZNF711, ZNF713, ZNF714, ZNF716, ZNF717, ZNF718, ZNF721, ZNF722, ZNF723, ZNF724, ZNF726, ZNF726P1, ZNF727, ZNF728, ZNF729, ZNF730, ZNF732, ZNF735, ZNF736, ZNF737, ZNF738, ZNF74, ZNF740, ZNF746, ZNF747, ZNF749, ZNF750, ZNF75A, ZNF75CP, ZNF75D, ZNF76, ZNF761, ZNF763, ZNF764, ZNF765, ZNF765-ZNF761, ZNF766, ZNF768, ZNF77, ZNF770, ZNF771, ZNF772, ZNF773, ZNF774, ZNF775, ZNF776, ZNF777, ZNF778, ZNF780A, ZNF780B, ZNF781, ZNF782, ZNF783, ZNF784, ZNF785, ZNF786, ZNF787, ZNF788P, ZNF789, ZNF79, ZNF790, ZNF791, ZNF792, ZNF793, ZNF799, ZNF8, ZNF80, ZNF800, ZNF805, ZNF808, ZNF81, ZNF813, ZNF814, ZNF816, ZNF818P, ZNF821, ZNF823, ZNF826P, ZNF827, ZNF829, ZNF83, ZNF833P, ZNF835, ZNF836, ZNF837, ZNF84, ZNF840P, ZNF841, ZNF844, ZNF845, ZNF846, ZNF85, ZNF850, ZNF852, ZNF853, ZNF860, ZNF861P, ZNF862, ZNF865, ZNF875, ZNF876P, ZNF878, ZNF879, ZNF880, ZNF883, ZNF888, ZNF891, ZNF892, ZNF90, ZNF91, ZNF92, ZNF93, ZNF98, ZNF99, ZNHIT1, ZNHIT3, ZP3, ZPR1, ZRANB3, ZSCAN1, ZSCAN10, ZSCAN12, ZSCAN16, ZSCAN18, ZSCAN2, ZSCAN20, ZSCAN21, ZSCAN22, ZSCAN23, ZSCAN25, ZSCAN26, ZSCAN29, ZSCAN30, ZSCAN31, ZSCAN32, ZSCAN4, ZSCAN5A, ZSCAN5B, ZSCAN5C, ZSCAN5DP, ZSCAN9, ZSWIM8, ZXDA, ZXDB, ZXDC, ZYG11B, ZZZ3
GO:0043066	negative regulation of apoptotic process	917	8	3.2	0.01424	0.017902010050251257	AARS1, AATF, ABL1, ACAA2, ACKR3, ACTC1, ACVR1, ADA, ADAM8, ADAMTS20, ADAR, ADNP, ADORA1, ADORA2A, AGAP2, AGO4, AHI1, AIPL1, AKR1A1, AKR1B1, AKT1, ALKBH1, ALOX12, AMBRA1, ANGPT1, ANGPT4, ANGPTL4, ANKLE2, ANXA1, ANXA4, ANXA5, APBB2, API5, APIP, APOH, AQP1, AR, ARAF, AREL1, ARF4, ARG2, ARHGAP10, ARHGDIA, ARHGEF2, ARL6IP1, ARMC10, ARMCX5-GPRASP2, ASAH2, ASCL1, ASIC2, ASNS, ATAD3A, ATAD5, ATF4, ATF5, ATG5, ATOH1, AURKA, AURKB, AVEN, AVP, AXL, AZU1, BABAM2, BAG1, BAG3, BAG4, BAG5, BAG6, BAK1, BARD1, BARHL1, BAX, BCL10, BCL11B, BCL2, BCL2A1, BCL2L1, BCL2L10, BCL2L12, BCL2L2, BCL3, BCL6, BDKRB2, BDNF, BECN1, BFAR, BID, BIRC2, BIRC3, BIRC5, BIRC6, BIRC7, BIRC8, BMI1, BMP4, BMP5, BMP7, BNIP1, BNIP2, BNIP3, BNIP3L, BOK, BRAF, BRCA1, BTC, BTG2, C8orf17, C8orf44-SGK3, CAAP1, CAMK1D, CAPN3, CARD14, CARD16, CASP2, CAST, CAT, CAV1, CBL, CBS, CBX4, CCAR2, CCL19, CCL2, CCL21, CCL5, CCN1, CCND1, CCND2, CCNG1, CCR5, CCR7, CD27, CD28, CD38, CD40LG, CD44, CD74, CDC73, CDH5, CDK1, CDKN1A, CDKN1B, CDKN2D, CEACAM5, CEACAM6, CEBPB, CFDP1, CFL1, CFLAR, CHD8, CHL1, CHST11, CIAPIN1, CIB1, CIDEA, CITED1, CITED2, CLCF1, CLDN7, CLEC5A, CLN3, CLN8, CLU, CNTF, CNTFR, COL2A1, COMP, COPS5, CORO1A, CPEB4, CREB1, CREB3, CREB3L1, CRIPTO, CRLF1, CRYAA, CRYAB, CSF1R, CSF2, CSNK2A1, CSNK2A2, CTH, CTNNA1, CTNNB1, CTNS, CTSH, CTTN, CX3CL1, CX3CR1, CXCL12, CXCR2, DAB2, DAD1, DAPK1, DDAH2, DDB1, DDIAS, DDR2, DDRGK1, DDX3X, DFFA, DHRS2, DIPK2A, DKK1, DLL1, DLX1, DNAJA1, DNAJA3, DNAJB6, DNAJC3, DNAJC5, DNMT1, DOCK8, DPEP1, DRAXIN, DSTYK, DYRK3, EDN1, EDNRB, EEF2K, EFNA1, EGFR, EGR3, EIF2AK2, ELL3, EN1, EN2, ENO1, EPO, ERBB2, ERBB3, ERBB4, ERCC5, ERFE, ESR1, EVI2B, EYA1, EYA2, EYA3, EYA4, F2R, FABP1, FADD, FAIM, FAIM2, FANK1, FAS, FATE1, FBXO7, FCMR, FFAR4, FGA, FGB, FGF10, FGF20, FGF21, FGF4, FGF8, FGFR2, FGG, FHL2, FIGNL1, FKBP8, FLNA, FLT4, FMN2, FMR1-AS1, FNIP1, FOXB1, FOXC1, FOXC2, FOXE3, FOXO1, FOXP1, FOXQ1, FSTL1, FXN, FYN, FZD1, FZD3, FZD9, GAS6, GATA1, GATA2, GATA3, GATA4, GATA6, GBA1, GBE1, GCG, GCH1, GCLC, GCLM, GDF5, GDNF, GFER, GFRAL, GHITM, GHRL, GHSR, GLI3, GLO1, GNAI2, GOLPH3, GPAM, GPI, GPRASP3, GPX1, GREM1, GRIA4, GRIK2, GRINA, GRK5, GRN, GSK3B, GSTP1, HAND2, HAX1, HCK, HCLS1, HDAC1, HDAC2, HDAC3, HELLS, HERPUD1, HEY2, HGF, HHIP, HIF1A, HIGD1A, HIGD2A, HIP1R, HIPK2, HIPK3, HMGA2, HMGB2, HMGN5, HMOX1, HNF1B, HNRNPK, HPN, HRAS, HSF1, HSP90AB1, HSP90B1, HSPA1A, HSPA1B, HSPA5, HSPA9, HSPB1, HSPB2, HSPB6, HSPD1, HTATIP2, HTR2B, HTRA2, HTT, HYOU1, HYPK, ICAM1, IDO1, IER3, IFI6, IFIT3, IGBP1, IGF1, IGF1R, IHH, IL10, IL13, IL19, IL1A, IL1B, IL2, IL27RA, IL2RB, IL31RA, IL4, IL6, IL6ST, IL7, IL7R, ING2, INS, INSL3, INTS1, IRF7, IRS2, ISL1, ITCH, ITGA5, ITGA6, ITGAV, ITGB1, ITGB3, ITGB3BP, ITPKB, ITPRIP, IVNS1ABP, JAK2, JAK3, KDM1A, KDM2B, KDR, KHDC3L, KIF14, KIFAP3, KITLG, KLF4, KLHL20, KRAS, KRIT1, KRT18, LACRT, LAMP3, LAMTOR5, LEF1, LEP, LGALS3, LGMN, LHX3, LHX4, LIG4, LILRB1, LIMS2, LMNA, LOC102724560, LRP2, LRP6, LRRK2, LTF, LTK, LYPD3, MAD2L1, MAEA, MAEL, MAG, MAGEA3, MAGEA4, MALT1, MAP2K4, MAP2K5, MAP3K12, MAP4K4, MAPK7, MAPK8, MAPK8IP1, MAPK8IP2, MAPK8IP3, MAPKAP1, MARCHF7, MAZ, MCL1, MDK, MDM2, MDM4, MECP2, MED1, MEF2C, MEIS3, MERTK, MGMT, MICAL1, MIEN1, MIF, MIR106B, MIR126, MIR132, MIR133A1, MIR138-1, MIR142, MIR145, MIR15B, MIR17, MIR17HG, MIR181C, MIR182, MIR195, MIR199A1, MIR19A, MIR19B1, MIR200B, MIR20A, MIR21, MIR210, MIR221, MIR222, MIR24-1, MIR29B1, MIR30B, MIR30E, MIR361, MIR495, MIR590, MIR92A1, MIRLET7B, MIRLET7F1, MITF, MLST8, MMP9, MNAT1, MNT, MPO, MPV17L, MRE11, MSH2, MSX1, MSX2, MT3, MTDH, MTNR1B, MTOR, MTRNR2L1, MTRNR2L10, MTRNR2L11, MTRNR2L12, MTRNR2L13, MTRNR2L2, MTRNR2L3, MTRNR2L4, MTRNR2L5, MTRNR2L6, MTRNR2L7, MTRNR2L8, MTRNR2L9, MUC1, MYC, MYDGF, MYO18A, MYOCD, NAA15, NAA16, NAA35, NAA38, NAIP, NANOS3, NAT8B, NCKAP1L, NDNF, NDUFA13, NDUFAF4, NDUFS3, NEFL, NES, NEUROD1, NFATC4, NFE2L2, NFKB1, NGF, NIBAN2, NKX2-5, NKX2-6, NKX3-2, NME2, NME5, NMNAT1, NNT, NOC2L, NOD2, NOG, NOL3, NONO, NOS3, NOTCH1, NOTCH2, NPC1, NPM1, NPPC, NPY5R, NQO1, NR1H4, NR2E1, NR4A2, NRBP2, NRP1, NTF3, NTF4, NTRK1, NTRK2, NTSR1, NUAK2, NUGGC, NUP62, NUPR1, OGG1, OPA1, OPN3, ORMDL3, OSR1, OXR1, PA2G4, PAGE4, PAK2, PAK4, PAK5, PALB2, PARK7, PARL, PAX2, PAX7, PAX8, PCDHGC3, PCDHGC4, PCDHGC5, PCGF2, PCID2, PDCD1, PDCD10, PDCD4, PDE3A, PDK4, PDPK1, PDPN, PDX1, PEA15, PELI3, PF4, PHB2, PHIP, PIAS1, PIDD1, PIH1D1, PIK3CA, PIK3CB, PIK3CG, PIK3R1, PIK3R3, PIM1, PIM2, PIM3, PINK1, PIP, PKHD1, PLA2G3, PLAC8, PLAUR, PLK1, PLK2, PLK3, PLXND1, POU3F3, POU3F4, POU4F1, PPARA, PPARGC1A, PPIA, PPIF, PPP1R10, PPT1, PRAME, PRAMEF1, PRAMEF10, PRAMEF11, PRAMEF12, PRAMEF13, PRAMEF14, PRAMEF15, PRAMEF17, PRAMEF18, PRAMEF19, PRAMEF2, PRAMEF20, PRAMEF22, PRAMEF25, PRAMEF27, PRAMEF33, PRAMEF4, PRAMEF5, PRAMEF6, PRAMEF7, PRAMEF8, PRAMEF9, PRAP1, PRDM9, PRDX2, PRDX3, PRDX5, PRELID1, PRKAA1, PRKAA2, PRKCA, PRKCD, PRKCG, PRKCH, PRKCI, PRKCQ, PRKCZ, PRKDC, PRKN, PRLR, PRNP, PROC, PROK2, PROP1, PRR5, PSEN1, PSMD10, PSME3, PSMG2, PTCRA, PTGFR, PTGS2, PTH, PTK2, PTK2B, PTMA, PTMS, PTPN1, PTPRZ1, PTRH2, PTTG1IP, PYCR1, QARS1, RACK1, RAD21, RAF1, RAG1, RAMP2, RASA1, RB1, RB1CC1, RELA, RETREG1, RFFL, RGL2, RGN, RHBDD1, RHOA, RICTOR, RIPK1, RNF144B, RNF157, RNF34, ROCK1, RPL10, RPS3A, RPS6KA1, RPS6KA3, RPS6KB1, RRM2B, RRN3, RTKN2, RXFP2, SCG2, SCRT2, SCX, SELENOS, SEMA3E, SEMA4D, SEMA5A, SERPINB13, SERPINB2, SERPINB9, SERPINE1, SET, SETX, SFN, SFRP1, SFRP2, SGK3, SH3RF1, SH3RF2, SHC1, SHH, SIAH2, SIN3A, SIRT1, SIRT4, SIRT5, SIX1, SIX4, SLC1A1, SLC25A27, SLC25A31, SLC25A4, SLC25A5, SLC25A6, SLC35F6, SLC39A10, SLC40A1, SLC46A2, SLC7A5, SLC9A1, SMAD3, SMAD5, SMAD6, SMG9, SMO, SNAI1, SNAI2, SNCA, SNCB, SNX6, SOCS2, SOCS3, SOD1, SOD2, SON, SOX10, SOX8, SOX9, SPHK1, SPRY2, SRC, SRSF6, ST3GAL1, ST6GAL1, STAMBP, STAT5B, STIL, STK40, STRADB, STUB1, STXBP1, SUPV3L1, SYCP2, SYNE1, SYNGAP1, SYVN1, TAF9, TAF9B, TAX1BP1, TBX1, TBX3, TCF7L2, TCIM, TEK, TENT5B, TERT, TEX11, TFAP2A, TFAP2B, TFAP2D, TFRC, TGFB3, TGFBR1, THAP11, THBS1, TIMP1, TJP1, TLE1, TMBIM1, TMBIM4, TMBIM6, TMEM14A, TMEM161A, TMF1, TMIGD1, TNF, TNFAIP3, TNFAIP8, TNFRSF10D, TNFRSF18, TNFRSF6B, TNFSF18, TNIP2, TOX3, TP53, TPT1, TRAF2, TRAP1, TREM2, TRIAP1, TRIM32, TSC22D1, TSC22D3, TSLP, TWIST1, TWIST2, TXNDC12, TXNDC5, TYRO3, UBE2B, UBE2Z, UCN, UCP2, UFL1, UFM1, UNC5B, UNG, URI1, USP47, VDAC1, VDAC2, VEGFA, VHL, VIP, VPS54, VSTM2L, VTCN1, WDR73, WFS1, WNK3, WNT1, WNT16, WNT4, WNT5A, WNT7A, WT1, XBP1, XIAP, XRCC2, YAP1, YBX3, YME1L1, YWHAZ, ZC3H12A, ZC3HC1, ZFAND6, ZMYND11, ZNF16, ZNF268, ZNF304, ZNF385A, ZNF830, ZPR1
GO:1904707	positive regulation of vascular associated smooth muscle cell proliferation	52	2	0.18	0.01425	0.017902010050251257	ADAMTS1, BMPR1A, CALCRL, DDR2, DNMT1, EDN1, ERN1, FGF2, FGF9, FGFR2, FOXJ2, FRS2, GJA1, GNAI2, HPGD, HTR1B, IGF1, IGFBP5, IL10, JAK2, JUN, LDLRAP1, MAP3K5, MAP3K7, MDM2, MEF2D, MFN2, MIR130A, MIR135B, MIR146A, MIR17, MIR208A, MIR20A, MIR21, MIR214, MIR221, MIR222, MIR26A1, MIR27A, MIR27B, MIR301A, MIR448, MIR499A, MMP2, MMP9, NF1, NR4A3, P2RY6, PDGFB, SRC, TERT, TNF
GO:0006357	regulation of transcription by RNA polymerase II	2581	16	9.02	0.01445	0.0180625	AASS, AATF, ABHD14B, ABL1, ABLIM3, ABRA, ABT1, ACTB, ACTL6A, ACTL6B, ACTN4, ACTR2, ACTR3, ACVR1, ACVR2A, ACVR2B, ACVRL1, ADCYAP1, ADIRF, ADNP, ADNP2, ADRB2, AEBP1, AEBP2, AGO1, AGO2, AGRN, AHI1, AHR, AHRR, AIRE, AJUBA, AKAP8L, AKIRIN1, AKIRIN2, AKNA, AKT1, ALX1, ALX3, ALX4, AMBRA1, ANHX, ANKRD1, ANKRD2, ANKRD23, ANXA2, ANXA4, AP3B1, AP3D1, APBB1, APBB2, APEX1, APP, AR, ARF4, ARGFX, ARHGEF2, ARID1A, ARID1B, ARID2, ARID3A, ARID3B, ARID3C, ARID4A, ARID4B, ARID5A, ARID5B, ARMCX3, ARNT, ARNT2, ARRB1, ARX, ASCL1, ASCL2, ASCL3, ASCL4, ASCL5, ASH1L, ASH2L, ASXL1, ASXL2, ASXL3, ATAD2, ATAD2B, ATF1, ATF2, ATF3, ATF4, ATF5, ATF6, ATF6B, ATF7, ATF7IP, ATM, ATMIN, ATN1, ATOH1, ATOH7, ATOH8, ATP2B4, ATRX, ATXN1, ATXN1L, ATXN7, ATXN7L3, AURKB, AUTS2, BACH1, BACH2, BARHL1, BARHL2, BARX1, BARX2, BATF, BATF2, BATF3, BAZ1A, BAZ1B, BAZ2B, BBS7, BBX, BCAS3, BCL11A, BCL11B, BCL2L12, BCL3, BCL6, BCL6B, BCL7A, BCL7B, BCL7C, BCL9, BCL9L, BCLAF1, BCLAF3, BCOR, BCORL1, BEND3, BEX1, BHLHA15, BHLHA9, BHLHE22, BHLHE23, BHLHE40, BHLHE41, BICRA, BICRAL, BIN1, BMAL1, BMAL2, BMI1, BMP2, BMP4, BMP5, BMP6, BMP7, BMPR1A, BMPR1B, BMPR2, BORCS8-MEF2B, BPTF, BRCA1, BRD1, BRD2, BRD3, BRD4, BRD7, BRD8, BRD9, BRIP1, BRMS1, BRMS1L, BRPF1, BRPF3, BRWD1, BRWD3, BSX, BTG2, BUD31, C1QBP, CALCOCO1, CALR, CAMK1, CAMK2D, CAMTA1, CAMTA2, CAND1, CAPRIN2, CARF, CASK, CASZ1, CAV1, CAVIN4, CBFA2T2, CBFB, CBX1, CBX2, CBX3, CBX4, CBX5, CBX6, CBX7, CBX8, CC2D1A, CC2D1B, CCAT1, CCDC62, CCN1, CCNC, CCND1, CCND3, CCNE1, CCNH, CCNK, CCNL1, CCNL2, CCNQ, CCNT1, CCNT2, CCPG1, CD28, CD36, CD40, CD81, CDC5L, CDC73, CDH13, CDK1, CDK12, CDK13, CDK2, CDK2AP1, CDK4, CDK5RAP3, CDK6, CDK7, CDK8, CDK9, CDKN1C, CDON, CDX1, CDX2, CDX4, CEBPA, CEBPB, CEBPD, CEBPE, CEBPG, CEBPZ, CELA1, CGA, CGGBP1, CHCHD2, CHD1, CHD2, CHD3, CHD4, CHD5, CHD6, CHD7, CHD8, CHP2, CHUK, CIAO1, CIC, CIITA, CIR1, CITED1, CITED2, CKAP2, CKS2, CLOCK, CNBP, CNOT1, CNOT2, CNOT7, COPS2, COPS5, CPEB3, CPHXL, CPHXL2, CREB1, CREB3, CREB3L1, CREB3L2, CREB3L3, CREB3L4, CREB5, CREBBP, CREBL2, CREBRF, CREBZF, CREG1, CREM, CRK, CRLF3, CRTC1, CRTC2, CRTC3, CRX, CRY1, CRY2, CRYM, CSF3, CSRNP1, CSRNP2, CSRNP3, CSRP3, CTBP1, CTBP2, CTCF, CTCFL, CTDP1, CTDSP1, CTDSP2, CTDSPL, CTDSPL2, CTNNB1, CTNNBIP1, CTR9, CUL3, CUX1, CUX2, CX3CL1, CXCL10, CXXC5, CYTL1, DAB2, DAB2IP, DACH1, DACH2, DACT1, DBP, DBX1, DBX2, DCAF1, DCAF6, DCN, DDIT3, DDN, DDRGK1, DDX17, DDX20, DDX21, DDX3X, DDX5, DEAF1, DEK, DGKQ, DHX36, DHX9, DICER1, DKK1, DLG1, DLL1, DLL4, DLX1, DLX2, DLX3, DLX4, DLX5, DLX6, DMAP1, DMBX1, DMRT1, DMRT2, DMRT3, DMRTA1, DMRTA2, DMRTB1, DMRTC2, DMTF1, DNAJA3, DNAJB1, DNAJB4, DNAJC17, DNMT1, DNMT3A, DNMT3B, DNMT3L, DOT1L, DPF1, DPF2, DPF3, DPRX, DR1, DRAP1, DRD2, DRGX, DUSP22, DUSP26, DUX1, DUX3, DUX4, DUX5, DUXA, DUXB, DVL1, DVL2, DVL3, DYRK1A, E2F1, E2F2, E2F3, E2F4, E2F5, E2F6, E2F7, E2F8, E4F1, EAF2, EAPP, EBF1, EBF2, EBF3, EBF4, ECD, ECM1, EDN1, EDNRB, EED, EFCAB7, EFNA1, EGFR, EGLN1, EGR1, EGR2, EGR3, EGR4, EHF, EHMT1, EHMT2, EID1, EID2, EIF5A, ELANE, ELF1, ELF2, ELF3, ELF4, ELF5, ELK1, ELK3, ELK4, ELL, ELL2, ELL3, ELOA, ELOC, ELP2, ELP3, ELP4, EMX1, EMX2, EN1, EN2, ENG, ENO1, ENY2, EOMES, EP300, EPAS1, EPC1, EPC2, EPCAM, EPO, EPOP, ERCC1, ERCC6, ERF, ERFL, ERG, ERV3-1-ZNF117, ESR1, ESR2, ESRRA, ESRRB, ESRRG, ESX1, ETS1, ETS2, ETV1, ETV2, ETV3, ETV3L, ETV4, ETV5, ETV6, ETV7, EVX1, EVX2, EXOSC9, EYA1, EZH1, EZH2, EZR, F2RL1, FADD, FAM220A, FAM220BP, FASLG, FBP1, FBXL19, FERD3L, FEV, FEZF1, FEZF2, FGF1, FGF10, FGF2, FGF4, FGF9, FGFR1, FGFR2, FHL2, FHL5, FHOD1, FIGLA, FIZ1, FLCN, FLI1, FLYWCH1, FNIP1, FNIP2, FOS, FOSB, FOSL1, FOSL2, FOXA1, FOXA2, FOXA3, FOXB1, FOXB2, FOXC1, FOXC2, FOXD1, FOXD2, FOXD3, FOXD4, FOXD4L1, FOXD4L3, FOXD4L4, FOXD4L5, FOXD4L6, FOXE1, FOXE3, FOXF1, FOXF2, FOXG1, FOXH1, FOXI1, FOXI2, FOXI3, FOXJ1, FOXJ2, FOXJ3, FOXK1, FOXK2, FOXL1, FOXL2, FOXL3-OT1, FOXM1, FOXN1, FOXN2, FOXN3, FOXN4, FOXO1, FOXO3, FOXO3B, FOXO4, FOXO6, FOXP1, FOXP2, FOXP3, FOXP4, FOXQ1, FOXR1, FOXR2, FOXS1, FRK, FSHB, FST, FSTL3, FUBP3, FUS, FZD5, GABPA, GABPB1, GABPB2, GADD45A, GAL, GALR1, GALR2, GALR3, GATA1, GATA2, GATA3, GATA4, GATA5, GATA6, GATAD2A, GATAD2B, GBX1, GBX2, GCM1, GCM2, GDF2, GDNF, GFI1, GFI1B, GLI1, GLI2, GLI3, GLI4, GLIS1, GLIS2, GLIS3, GLMP, GLO1, GMEB1, GMEB2, GPBP1, GPER1, GPS2, GREM1, GRHL1, GRHL2, GRHL3, GRIN1, GSC, GSC2, GSK3A, GSX1, GSX2, GTF2A1, GTF2A2, GTF2F1, GTF2F2, GTF2H2, GTF2H2C, GTF2H2C_2, GTF2I, GTF2IRD1, GTF2IRD2, GTF2IRD2B, GZF1, H1-2, H1-3, H1-4, H1-5, H2AZ1, HAMP, HAND1, HAND2, HAVCR2, HAX1, HBP1, HCFC1, HCFC2, HCLS1, HDAC1, HDAC10, HDAC2, HDAC3, HDAC4, HDAC5, HDAC6, HDAC7, HDAC8, HDAC9, HDGF, HDX, HELT, HELZ2, HES1, HES2, HES3, HES4, HES5, HES6, HES7, HESX1, HEXB, HEXIM1, HEXIM2, HEY1, HEY2, HEYL, HGF, HHEX, HIC1, HIC2, HIF1A, HIF3A, HINFP, HIPK2, HIRA, HIVEP1, HIVEP2, HIVEP3, HJV, HLF, HLTF, HLX, HMBOX1, HMG20A, HMGA1, HMGA2, HMGB1, HMGB2, HMGB3, HMGB4, HMOX1, HMX1, HMX2, HMX3, HNF1A, HNF1B, HNF4A, HNF4G, HNRNPA2B1, HNRNPK, HNRNPU, HOMEZ, HOPX, HOXA1, HOXA10, HOXA11, HOXA13, HOXA2, HOXA3, HOXA4, HOXA5, HOXA6, HOXA7, HOXA9, HOXB1, HOXB13, HOXB2, HOXB3, HOXB4, HOXB5, HOXB6, HOXB7, HOXB8, HOXB9, HOXC10, HOXC11, HOXC12, HOXC13, HOXC4, HOXC5, HOXC6, HOXC8, HOXC9, HOXD1, HOXD10, HOXD11, HOXD12, HOXD13, HOXD3, HOXD4, HOXD8, HOXD9, HR, HRAS, HSBP1, HSF1, HSF2, HSF4, HSF5, HSFX1, HSFX2, HSFX3, HSFX4, HSFY1, HSFY2, HSPA1A, HSPA5, HTATIP2, HYAL2, ID1, ID2, ID3, ID4, IER2, IER5, IFI16, IFI27, IFNB1, IFNG, IFT74, IGBP1, IGF1, IGF2, IHH, IKBKB, IKBKG, IKZF1, IKZF2, IKZF3, IKZF4, IKZF5, IL10, IL11, IL17A, IL17F, IL18, IL1A, IL1B, IL2, IL23A, IL25, IL26, IL33, IL4, IL4I1, IL6, IMPACT, ING1, ING2, ING3, INHBA, INO80, INSM1, INSM2, IRF1, IRF2, IRF2BP1, IRF2BP2, IRF2BPL, IRF3, IRF4, IRF5, IRF6, IRF7, IRF8, IRF9, IRX1, IRX2, IRX3, IRX4, IRX5, IRX6, ISL1, ISL2, ISX, ITGA6, ITGA8, ITGB1BP1, JADE1, JADE2, JADE3, JAG1, JAK2, JARID2, JAZF1, JDP2, JMJD1C, JMJD6, JMY, JPH2, JUN, JUNB, JUND, JUP, KANK2, KANSL3, KAT14, KAT2A, KAT2B, KAT5, KAT6A, KAT6B, KAT7, KAT8, KCNIP3, KDM1A, KDM1B, KDM2A, KDM2B, KDM3A, KDM3B, KDM4C, KDM5A, KDM6B, KDM7A, KHDRBS1, KLF1, KLF10, KLF11, KLF12, KLF13, KLF14, KLF15, KLF16, KLF17, KLF18, KLF2, KLF3, KLF4, KLF5, KLF6, KLF7, KLF8, KLF9, KMT2A, KMT2C, KMT2D, KMT5A, KPNA6, LARP7, LBX1, LBX2, LCOR, LCORL, LDB1, LDB2, LEF1, LEFTY1, LEO1, LEP, LEUTX, LHX1, LHX2, LHX3, LHX4, LHX5, LHX6, LHX8, LHX9, LIF, LILRB1, LIME1, LIN37, LIN9, LITAF, LMCD1, LMO1, LMO2, LMO3, LMO4, LMO7, LMX1A, LMX1B, LOXL2, LPIN1, LPIN2, LPIN3, LRP5, LRP6, LRRFIP1, LUM, LYAR, LYL1, MACC1, MACROH2A1, MACROH2A2, MAD2L2, MAEL, MAF, MAFA, MAFB, MAFF, MAFG, MAFK, MAGEA1, MAGEA10, MAGEA11, MAGEA12, MAGEA13P, MAGEA2, MAGEA2B, MAGEA3, MAGEA4, MAGEA6, MAGEA8, MAGEA9, MAGEA9B, MAGEB1, MAGEB10, MAGEB16, MAGEB17, MAGEB18, MAGEB2, MAGEB3, MAGEB4, MAGEB5, MAGEB6, MAGEB6B, MAGEC1, MAGEC2, MAGEC3, MAGED1, MAGED2, MAGED4, MAGED4B, MAGEE1, MAGEE2, MAGEF1, MAGEH1, MAGEL2, MAML1, MAML2, MAML3, MAMLD1, MAMSTR, MAP2K5, MAPK1, MAPK14, MAPK3, MAPK7, MAVS, MAX, MAZ, MBD2, MBD3, MBD3L1, MBD3L2, MBD3L2B, MBD3L3, MBD3L4, MBD3L5, MBIP, MBTPS2, MC1R, MCIDAS, MCPH1, MCRS1, MDC1, MDFI, MDM2, MDM4, MECOM, MECP2, MED1, MED10, MED11, MED12, MED12L, MED13, MED13L, MED14, MED15, MED16, MED17, MED18, MED19, MED20, MED21, MED22, MED23, MED24, MED25, MED26, MED27, MED28, MED29, MED30, MED31, MED4, MED6, MED7, MED8, MED9, MEF2A, MEF2B, MEF2C, MEF2D, MEIOSIN, MEIS1, MEIS2, MEIS3, MEIS3P1, MEN1, MEOX1, MEOX2, MEPCE, MESP1, MESP2, MET, METTL13, METTL23, MGA, MICAL2, MIDEAS, MIER1, MIER2, MIER3, MIR9-1HG, MITF, MIXL1, MKRN2, MKX, MLIP, MLLT10, MLLT6, MLX, MLXIP, MLXIPL, MMP12, MNAT1, MNT, MNX1, MORC3, MOSPD1, MRGBP, MRTFA, MRTFB, MSC, MSGN1, MSX1, MSX2, MTA1, MTA2, MTA3, MTDH, MTF1, MUC1, MXD1, MXD3, MXD4, MXI1, MYB, MYBBP1A, MYBL1, MYBL2, MYC, MYCL, MYCN, MYD88, MYDGF, MYF5, MYF6, MYNN, MYOCD, MYOD1, MYOG, MYOZ1, MYOZ2, MYPOP, MYRF, MYSM1, MYT1, MYT1L, MZF1, N4BP2L2, NACC1, NACC2, NAMPT, NANOG, NANOGNB, NANOGP1, NANOGP8, NCBP1, NCBP2, NCK1, NCK2, NCL, NCOA1, NCOA2, NCOA3, NCOA5, NCOA6, NCOA7, NCOR1, NCOR2, NDN, NEDD4, NEDD8, NELFA, NELFE, NEUROD1, NEUROD2, NEUROD4, NEUROD6, NEUROG1, NEUROG2, NEUROG3, NFAT5, NFATC1, NFATC2, NFATC2IP, NFATC3, NFATC4, NFE2, NFE2L1, NFE2L2, NFE2L3, NFE4, NFIA, NFIB, NFIC, NFIL3, NFIX, NFKB1, NFKB2, NFKBIA, NFKBIZ, NFX1, NFXL1, NFYA, NFYB, NFYC, NHLH1, NHLH2, NIF3L1, NIPBL, NKAP, NKRF, NKX1-1, NKX1-2, NKX2-1, NKX2-2, NKX2-3, NKX2-4, NKX2-5, NKX2-6, NKX2-8, NKX3-1, NKX3-2, NKX6-1, NKX6-2, NKX6-3, NLRC5, NLRP3, NME2, NOBOX, NOC2L, NOD2, NODAL, NOG, NOP53, NOS1, NOTCH1, NOTCH2, NOTCH3, NOTCH4, NOTO, NPAS1, NPAS2, NPAS3, NPAS4, NPAT, NPM1, NPNT, NR0B1, NR0B2, NR1D1, NR1D2, NR1H2, NR1H3, NR1H4, NR1I2, NR1I3, NR2C1, NR2C2, NR2E1, NR2E3, NR2F1, NR2F2, NR2F6, NR3C1, NR3C2, NR4A1, NR4A2, NR4A3, NR5A1, NR5A2, NR6A1, NRARP, NRF1, NRIP1, NRIP2, NRL, NSD1, NSD2, NSMCE3, NTN1, NTN3, NUCKS1, NUFIP1, NUPR2, OGT, OLIG1, OLIG2, OLIG3, ONECUT1, ONECUT2, ONECUT3, ORC2, OSM, OSR1, OSR2, OTP, OTUD7B, OTX1, OTX2, OVOL1, OVOL2, OVOL3, P2RY1, PAF1, PAGR1, PARK7, PARP1, PARP15, PARP9, PASD1, PATZ1, PAWR, PAX1, PAX2, PAX3, PAX4, PAX5, PAX6, PAX7, PAX8, PAX9, PAXBP1, PAXIP1, PBRM1, PBX1, PBX2, PBX3, PBX4, PCBP1, PCBP2, PCBP3, PCGF1, PCGF2, PCGF3, PCGF5, PCGF6, PCID2, PCK1, PCNA, PDE2A, PDLIM1, PDX1, PEG3, PELP1, PER1, PER2, PER3, PF4, PFKM, PFN1, PGBD1, PGR, PHB1, PHF10, PHF12, PHF14, PHF19, PHF2, PHF20, PHF20L1, PHF21A, PHF6, PHF8, PHIP, PHOX2A, PHOX2B, PIAS1, PIAS2, PIAS3, PIAS4, PID1, PIK3R1, PIK3R2, PIN1, PITX1, PITX2, PITX3, PKD1, PKD2, PKIA, PKIG, PKN1, PKNOX1, PKNOX2, PLA2G1B, PLAC8, PLAG1, PLAGL1, PLAGL2, PLK1, PLK3, PLSCR1, POGZ, POLE3, POMC, POU1F1, POU2AF1, POU2F1, POU2F2, POU2F3, POU3F1, POU3F2, POU3F3, POU3F4, POU4F1, POU4F2, POU4F3, POU5F1, POU5F1B, POU5F2, POU6F1, POU6F2, PPARA, PPARD, PPARG, PPARGC1A, PPARGC1B, PPID, PPM1A, PPM1D, PPP1R12A, PPP1R13L, PPP2R5B, PPP3CA, PPP3CB, PPP3R1, PPRC1, PRDM1, PRDM10, PRDM12, PRDM13, PRDM14, PRDM15, PRDM16, PRDM2, PRDM4, PRDM5, PRDM6, PRKAR1A, PRKCB, PRKD1, PRKD2, PRKDC, PRKN, PRMT6, PROP1, PROX1, PROX2, PRPF6, PRRX1, PRRX2, PSEN1, PSMC3, PSMC5, PSMC6, PSMD10, PTAFR, PTBP1, PTCH1, PTF1A, PTH, PTMA, PTMS, PTOV1, PTPN2, PTPRN, PURA, PURB, PURG, PWWP2A, PWWP2B, PYGO1, RAD21, RAF1, RAI1, RALY, RARA, RARB, RARG, RAX, RAX2, RB1, RBAK, RBBP4, RBBP7, RBBP8, RBL1, RBL2, RBM10, RBM14, RBM15, RBMX, RBPJ, RBPJL, RCOR1, RCOR2, RCOR3, REL, RELA, RELB, REPIN1, REST, RFC1, RFX1, RFX2, RFX3, RFX4, RFX5, RFX6, RFX7, RFX8, RFXANK, RFXAP, RGCC, RGMA, RHOA, RHOQ, RHOXF1, RHOXF2, RHOXF2B, RIF1, RIGI, RIPK1, RIPK2, RIPPLY1, RIPPLY2, RIPPLY3, RIT2, RITA1, RLF, RLIM, RNASEL, RNF10, RNF14, RNF2, RNF20, RNF4, RNF40, RORA, RORB, RORC, RPAP2, RPL10, RPL23, RPRD1B, RPS14, RPS6KA1, RPS6KA3, RPS6KA4, RPS6KA5, RREB1, RRP1B, RTF1, RTRAF, RUNX1, RUNX2, RUNX3, RUVBL1, RUVBL2, RXRA, RXRB, RXRG, RYBP, S100A10, S1PR1, SAFB, SAFB2, SALL1, SALL2, SALL3, SALL4, SAMD1, SAMD11, SAMD7, SAP130, SAP18, SAP30, SAP30L, SARNP, SARS1, SATB1, SATB2, SBNO2, SCAF4, SCAF8, SCAND2P, SCGB1A1, SCRT1, SCRT2, SCX, SDCBP, SDR16C5, SEBOX, SEMA4D, SENP1, SERPINF2, SERTAD1, SETD3, SETD4, SETSIP, SETX, SF3B1, SFN, SFPQ, SFRP2, SFRP5, SGF29, SHH, SHOX, SHOX2, SIM1, SIM2, SIN3A, SIN3B, SINHCAF, SIRT1, SIRT2, SIRT6, SIRT7, SIX1, SIX2, SIX3, SIX4, SIX5, SIX6, SKAP1, SKI, SKIDA1, SKIL, SKOR1, SKOR2, SLA2, SLC11A1, SLC2A4RG, SLC30A9, SLC38A3, SLC40A1, SLC9A1, SLTM, SMAD1, SMAD2, SMAD3, SMAD4, SMAD5, SMAD6, SMAD7, SMAD9, SMARCA1, SMARCA2, SMARCA4, SMARCA5, SMARCAL1, SMARCB1, SMARCC1, SMARCC2, SMARCD1, SMARCD2, SMARCD3, SMARCE1, SMO, SMURF2, SMYD2, SMYD3, SNAI1, SNAI2, SNAI3, SNCA, SNF8, SNW1, SOD2, SOHLH1, SOHLH2, SORBS3, SOS1, SOX1, SOX10, SOX11, SOX12, SOX13, SOX14, SOX15, SOX17, SOX18, SOX2, SOX21, SOX3, SOX30, SOX4, SOX5, SOX6, SOX7, SOX8, SOX9, SP1, SP100, SP110, SP140, SP140L, SP2, SP3, SP4, SP5, SP6, SP7, SP8, SP9, SPAG8, SPDEF, SPEN, SPI1, SPIB, SPIC, SQSTM1, SRCAP, SREBF1, SREBF2, SRF, SRY, SS18, SS18L1, SSBP2, SSBP3, SSBP4, SSU72, SSU72L1, SSU72L2, SSU72L3, SSU72L4, SSU72L5, SSU72L6, SSX1, ST18, STAT1, STAT2, STAT3, STAT4, STAT5A, STAT5B, STAT6, STING1, STK16, STOX1, STOX2, STRA8, STRAP, SUB1, SUDS3, SUFU, SUMO2, SUPT20H, SUPT20HL1, SUPT20HL2, SUPT3H, SUPT4H1, SUPT5H, SUPT6H, SUV39H1, SUV39H2, SUZ12, TADA1, TADA2A, TADA2B, TADA3, TAF1, TAF10, TAF11, TAF12, TAF13, TAF1L, TAF2, TAF3, TAF4, TAF4B, TAF5, TAF5L, TAF6, TAF6L, TAF7, TAF8, TAF9, TAF9B, TAGLN3, TAL1, TAL2, TARBP1, TBK1, TBL1X, TBL1XR1, TBL1Y, TBP, TBR1, TBX1, TBX10, TBX15, TBX18, TBX19, TBX2, TBX20, TBX21, TBX22, TBX3, TBX4, TBX5, TBX6, TBXT, TCEA1, TCERG1, TCF12, TCF15, TCF20, TCF21, TCF23, TCF24, TCF25, TCF3, TCF4, TCF7, TCF7L1, TCF7L2, TCFL5, TCP10L, TDG, TEAD1, TEAD2, TEAD3, TEAD4, TEF, TENM2, TET1, TET2, TET3, TFAP2A, TFAP2B, TFAP2C, TFAP2D, TFAP2E, TFAP4, TFCP2, TFCP2L1, TFDP1, TFDP2, TFDP3, TFE3, TFEB, TFEC, TFR2, TGFB1, TGFB3, TGIF1, TGIF2, TGIF2LX, TGIF2LY, THAP1, THAP10, THAP11, THAP3, THAP5, THAP7, THRA, THRAP3, THRB, TIAL1, TLE4, TLE5, TLE6, TLR2, TLR3, TLR4, TLR7, TLR9, TLX1, TLX2, TLX3, TMF1, TMPRSS6, TNF, TNFRSF1A, TNFSF11, TNFSF8, TNIP1, TNIP2, TNIP3, TNKS, TOP2A, TOX, TOX2, TOX3, TOX4, TP53, TP53BP1, TP63, TP73, TPR, TPRX1, TPRX2, TPRXL, TRAF6, TRAK1, TRERF1, TRIAP1, TRIB3, TRIM27, TRIM28, TRIM29, TRIM33, TRIM37, TRO, TRPS1, TRPV1, TRPV4, TRRAP, TSC22D1, TSC22D2, TSC22D3, TSC22D4, TSG101, TSHZ1, TSHZ2, TSHZ3, TSTD1, TTC21B, TTC5, TWIST1, TWIST2, TXK, TXN, TXNIP, UBE2D1, UBE2D3, UBE2E1, UBE2I, UBE3A, UBP1, UCN, UCP1, UHRF1, UNCX, URI1, USF1, USF2, USF3, USP16, USP2, USP22, USP3, USP9X, UTF1, UXT, VAX1, VAX2, VDR, VEGFA, VENTX, VEZF1, VGLL1, VGLL2, VGLL3, VHL, VPS72, VRTN, VSX1, VSX2, WAS, WASL, WBP2, WDR5, WDR77, WDTC1, WFS1, WIZ, WNT1, WNT10B, WNT2, WNT3A, WNT5A, WNT7A, WNT8A, WT1, WWC1, WWC2, WWC3, WWOX, WWP2, WWTR1, XBP1, XRCC6, YAP1, YBX1, YBX3, YEATS2, YEATS4, YES1, YWHAZ, YY1, YY2, ZBED1, ZBED2, ZBED3, ZBED4, ZBED6, ZBTB1, ZBTB10, ZBTB11, ZBTB12, ZBTB14, ZBTB16, ZBTB17, ZBTB18, ZBTB2, ZBTB20, ZBTB21, ZBTB22, ZBTB24, ZBTB25, ZBTB26, ZBTB3, ZBTB32, ZBTB33, ZBTB34, ZBTB37, ZBTB38, ZBTB39, ZBTB4, ZBTB40, ZBTB41, ZBTB42, ZBTB43, ZBTB45, ZBTB46, ZBTB47, ZBTB48, ZBTB49, ZBTB5, ZBTB6, ZBTB7A, ZBTB7B, ZBTB7C, ZBTB8A, ZBTB8B, ZBTB9, ZC3H12A, ZC3H8, ZEB1, ZEB2, ZFAT, ZFHX2, ZFHX3, ZFHX4, ZFP1, ZFP14, ZFP2, ZFP28, ZFP3, ZFP30, ZFP36, ZFP37, ZFP41, ZFP42, ZFP57, ZFP62, ZFP64, ZFP69, ZFP69B, ZFP82, ZFP90, ZFP91, ZFP92, ZFPM1, ZFPM2, ZFX, ZFY, ZGLP1, ZGPAT, ZHX1, ZHX2, ZHX3, ZIC1, ZIC2, ZIC3, ZIC4, ZIC5, ZIK1, ZIM2, ZIM3, ZKSCAN1, ZKSCAN2, ZKSCAN3, ZKSCAN4, ZKSCAN5, ZKSCAN7, ZKSCAN8, ZMIZ1, ZMIZ2, ZMYM5, ZMYND8, ZNF10, ZNF100, ZNF101, ZNF107, ZNF112, ZNF114, ZNF117, ZNF12, ZNF121, ZNF124, ZNF131, ZNF132, ZNF133, ZNF134, ZNF135, ZNF136, ZNF138, ZNF14, ZNF140, ZNF141, ZNF142, ZNF143, ZNF146, ZNF148, ZNF154, ZNF157, ZNF16, ZNF160, ZNF165, ZNF169, ZNF17, ZNF174, ZNF175, ZNF177, ZNF18, ZNF180, ZNF181, ZNF182, ZNF184, ZNF189, ZNF19, ZNF195, ZNF197, ZNF2, ZNF20, ZNF202, ZNF205, ZNF208, ZNF211, ZNF212, ZNF213, ZNF215, ZNF217, ZNF219, ZNF221, ZNF224, ZNF225, ZNF226, ZNF227, ZNF229, ZNF23, ZNF232, ZNF236, ZNF239, ZNF24, ZNF248, ZNF25, ZNF250, ZNF251, ZNF253, ZNF254, ZNF256, ZNF257, ZNF26, ZNF260, ZNF263, ZNF264, ZNF266, ZNF267, ZNF268, ZNF273, ZNF274, ZNF275, ZNF276, ZNF28, ZNF280A, ZNF280B, ZNF280C, ZNF280D, ZNF281, ZNF283, ZNF284, ZNF286A, ZNF286B, ZNF287, ZNF292, ZNF296, ZNF3, ZNF30, ZNF300, ZNF302, ZNF304, ZNF311, ZNF316, ZNF317, ZNF319, ZNF32, ZNF320, ZNF322, ZNF324, ZNF324B, ZNF331, ZNF333, ZNF334, ZNF335, ZNF337, ZNF33A, ZNF33B, ZNF34, ZNF341, ZNF343, ZNF345, ZNF347, ZNF35, ZNF350, ZNF354A, ZNF354B, ZNF354C, ZNF355P, ZNF358, ZNF362, ZNF366, ZNF367, ZNF37A, ZNF382, ZNF383, ZNF384, ZNF391, ZNF394, ZNF395, ZNF396, ZNF397, ZNF398, ZNF404, ZNF407, ZNF408, ZNF41, ZNF410, ZNF415, ZNF416, ZNF417, ZNF418, ZNF419, ZNF420, ZNF423, ZNF425, ZNF426, ZNF429, ZNF43, ZNF430, ZNF431, ZNF432, ZNF433, ZNF436, ZNF438, ZNF439, ZNF44, ZNF440, ZNF441, ZNF442, ZNF443, ZNF444, ZNF445, ZNF446, ZNF449, ZNF451, ZNF454, ZNF460, ZNF461, ZNF462, ZNF467, ZNF468, ZNF469, ZNF470, ZNF471, ZNF473, ZNF479, ZNF48, ZNF480, ZNF483, ZNF484, ZNF485, ZNF486, ZNF487, ZNF490, ZNF491, ZNF492, ZNF493, ZNF496, ZNF497, ZNF500, ZNF501, ZNF502, ZNF506, ZNF507, ZNF510, ZNF512B, ZNF513, ZNF514, ZNF516, ZNF517, ZNF518A, ZNF518B, ZNF519, ZNF521, ZNF524, ZNF525, ZNF526, ZNF527, ZNF528, ZNF529, ZNF530, ZNF534, ZNF536, ZNF540, ZNF541, ZNF543, ZNF544, ZNF546, ZNF547, ZNF548, ZNF549, ZNF550, ZNF551, ZNF552, ZNF554, ZNF555, ZNF556, ZNF557, ZNF558, ZNF559, ZNF559-ZNF177, ZNF560, ZNF561, ZNF562, ZNF563, ZNF564, ZNF565, ZNF566, ZNF567, ZNF568, ZNF569, ZNF57, ZNF570, ZNF571, ZNF572, ZNF573, ZNF574, ZNF575, ZNF577, ZNF578, ZNF579, ZNF580, ZNF581, ZNF582, ZNF583, ZNF584, ZNF585A, ZNF585B, ZNF586, ZNF587, ZNF587B, ZNF589, ZNF593, ZNF594, ZNF595, ZNF596, ZNF597, ZNF599, ZNF600, ZNF605, ZNF606, ZNF607, ZNF608, ZNF609, ZNF610, ZNF611, ZNF613, ZNF614, ZNF615, ZNF616, ZNF619, ZNF620, ZNF621, ZNF623, ZNF624, ZNF625, ZNF626, ZNF627, ZNF628, ZNF629, ZNF630, ZNF639, ZNF641, ZNF644, ZNF646, ZNF648, ZNF649, ZNF652, ZNF653, ZNF655, ZNF658, ZNF658B, ZNF66, ZNF660, ZNF660-ZNF197, ZNF662, ZNF664, ZNF665, ZNF667, ZNF668, ZNF669, ZNF670, ZNF671, ZNF672, ZNF674, ZNF675, ZNF676, ZNF677, ZNF678, ZNF679, ZNF680, ZNF681, ZNF682, ZNF683, ZNF684, ZNF689, ZNF69, ZNF691, ZNF692, ZNF695, ZNF696, ZNF697, ZNF699, ZNF7, ZNF70, ZNF700, ZNF701, ZNF704, ZNF705A, ZNF705B, ZNF705D, ZNF705EP, ZNF705G, ZNF707, ZNF708, ZNF709, ZNF71, ZNF710, ZNF711, ZNF713, ZNF714, ZNF716, ZNF717, ZNF718, ZNF721, ZNF722, ZNF723, ZNF724, ZNF726, ZNF726P1, ZNF727, ZNF728, ZNF729, ZNF730, ZNF732, ZNF735, ZNF736, ZNF737, ZNF74, ZNF740, ZNF746, ZNF749, ZNF750, ZNF75A, ZNF75CP, ZNF75D, ZNF76, ZNF761, ZNF763, ZNF764, ZNF765, ZNF765-ZNF761, ZNF766, ZNF768, ZNF77, ZNF770, ZNF771, ZNF772, ZNF773, ZNF774, ZNF776, ZNF778, ZNF780A, ZNF780B, ZNF782, ZNF784, ZNF785, ZNF786, ZNF787, ZNF789, ZNF79, ZNF790, ZNF791, ZNF792, ZNF793, ZNF799, ZNF8, ZNF80, ZNF805, ZNF808, ZNF81, ZNF813, ZNF814, ZNF816, ZNF821, ZNF823, ZNF827, ZNF829, ZNF83, ZNF835, ZNF836, ZNF837, ZNF84, ZNF840P, ZNF841, ZNF844, ZNF845, ZNF846, ZNF85, ZNF850, ZNF852, ZNF853, ZNF860, ZNF865, ZNF875, ZNF876P, ZNF878, ZNF879, ZNF880, ZNF883, ZNF888, ZNF891, ZNF892, ZNF90, ZNF91, ZNF92, ZNF93, ZNF98, ZNF99, ZNHIT1, ZSCAN1, ZSCAN10, ZSCAN12, ZSCAN16, ZSCAN18, ZSCAN2, ZSCAN20, ZSCAN21, ZSCAN22, ZSCAN23, ZSCAN25, ZSCAN26, ZSCAN29, ZSCAN30, ZSCAN31, ZSCAN32, ZSCAN4, ZSCAN5A, ZSCAN5B, ZSCAN5C, ZSCAN5DP, ZSCAN9, ZXDA, ZXDB, ZXDC, ZZZ3
GO:0003007	heart morphogenesis	269	4	0.94	0.01454	0.01808457711442786	ABCC9, ACTC1, ACVR1, ACVRL1, ADAM15, ADAMTS1, ADAMTS5, ADGRG6, ADPRHL1, AHI1, ALDH1A2, ALPK2, ANKRD1, APC, APLNR, ARID2, ARL13B, ASB2, ASXL1, ATF2, AXIN2, BBS5, BBS7, BMP10, BMP2, BMP4, BMP5, BMP7, BMPR1A, BMPR2, C2CD3, CAV3, CCDC103, CCDC39, CCDC40, CCM2L, CCN1, CDC42, CERT1, CHD7, CITED2, CLDN5, CLUAP1, COL11A1, COL2A1, COL5A1, CPE, CPLANE2, CRKL, CTNNB1, DAG1, DCHS1, DHRS3, DKK1, DLC1, DLL1, DLL4, DNAAF1, DNAH11, DSP, DVL1, DVL2, EDN1, EDNRA, EFNA1, EGLN1, ELN, EMP2, ENG, EPHB4, EXT1, EYA1, FGF8, FGFR2, FGFRL1, FHL2, FKBP1A, FKRP, FLNA, FLRT2, FOLR1, FOXC1, FOXC2, FOXF1, FOXH1, FOXN4, FZD1, FZD2, GAA, GATA3, GATA4, GATA5, GATA6, GJA1, GJA5, GNG5, GRHL2, GSK3A, HAND1, HAND2, HAS2, HEG1, HES1, HEY1, HEY2, HEYL, HIF1A, HTR2B, IFT172, IFT52, IFT57, IHH, ILK, INSR, ISL1, JAG1, KCNJ8, LBX1, LEFTY1, LEMD2, LRP2, MDM2, MDM4, MED1, MEF2C, MEGF8, MESP1, MESP2, MIB1, MICAL2, MIR1-1, MIR17, MIR17HG, MIR195, MIR19A, MIR19B1, MIR20A, MIR21, MKKS, MKS1, MSX1, MSX2, MTOR, MYBPC3, MYH6, MYH7, MYL2, MYL3, MYLK2, NAGLU, NDRG4, NIPBL, NKX2-5, NODAL, NOG, NOS3, NOTCH1, NOTCH2, NOTO, NPHP3, NPY1R, NPY2R, NPY5R, NRG1, NRP1, NRP2, NSD2, OLFM1, OVOL2, PARVA, PDCD4, PIM1, PITX2, PKD2, PKP2, PLXND1, POU4F1, PPP1R13L, PRICKLE1, PROX1, PSEN1, PTCD2, PTCH1, PTK2, RBM15, RBM20, RBP4, RBPJ, RNF207, ROBO1, ROBO2, RTN4, RYR1, RYR2, S1PR1, SAV1, SEC24B, SEMA3C, SETDB2, SFRP2, SHH, SHOX2, SIX1, SLIT2, SLIT3, SMAD2, SMAD3, SMAD4, SMAD6, SMAD7, SMARCD3, SMO, SNAI1, SNAI2, SOS1, SOX11, SOX17, SOX18, SOX4, SOX9, SPRY1, SRF, STIL, SUFU, SYNPO2L, TAB1, TAFAZZIN, TBX1, TBX19, TBX2, TBX20, TBX3, TBX5, TBX6, TBXT, TCAP, TEAD2, TEK, TGFB1, TGFB2, TGFBR1, TGFBR2, TGFBR3, TH, TMED2, TMEM100, TNNC1, TNNI1, TNNI3, TNNT2, TP53, TPM1, TREX1, TTN, TWIST1, VANGL2, VEGFA, WNT11, WNT16, WNT2, WNT3A, WNT5A, XIRP2, YAP1, ZFPM1, ZFPM2, ZIC3, ZMIZ1, ZMPSTE24
GO:0006220	pyrimidine nucleotide metabolic process	53	2	0.19	0.01478	0.018125	AK3, AK5, CAD, CDA, CMPK1, CMPK2, CTPS1, CTPS2, DCK, DCTD, DCTPP1, DHODH, DPYD, DPYS, DTYMK, DUT, ENPP3, ENTPD4, ENTPD5, ENTPD7, MBD4, NEIL1, NEIL2, NME1, NME2, NME2P1, NME3, NME4, NME5, NME6, NME7, NME9, NT5C, NT5M, NTHL1, OGG1, PRPS1, SHMT1, SLC4A7, SMUG1, TBPL1, TDG, TYMP, TYMS, UCK1, UCK2, UCKL1, UMPS, UNG, UPB1, UPP1, UPP2, UPRT
GO:0046622	positive regulation of organ growth	53	2	0.19	0.01478	0.018125	ACACB, AKAP6, AKT1, ARX, BASP1, BMP10, BMPR1A, CACNA2D2, CDK1, EDN1, ERBB4, FGF2, FGF8, FGF9, FGFR1, FGFR2, GATA6, GLI1, HEY2, HLX, IGF1, IGF2, IL7, MAPK14, MEF2C, MIR17HG, MIR199A1, MIR19A, MIR19B1, MIR204, MIR208A, MIR222, MIR509-1, MIR548C, MIR590, NOTCH1, PARP2, PIM1, PROX1, RAG2, RBPJ, SASH3, SERP1, SMO, TBX2, TBX20, TBX5, TGFBR3, WNT2, WT1, YAP1, YBX3, ZFPM2
GO:0035264	multicellular organism growth	147	3	0.51	0.01479	0.018125	ADARB1, ADRB1, ADRB2, ADRB3, AFG3L2, APBA1, APBA2, APP, AR, ARID5B, ATF5, ATM, ATN1, ATP8A2, ATRN, ATRX, BBS2, BBS4, BCL2, CACNA2D2, CCM2, CDKN1C, CELA1, CHD7, CLIC4, COL3A1, COMP, COMT, CREB1, CSF1, CTC1, DIO3, DRD2, EN1, EP300, ERCC1, ERCC2, ERCC6, ETNK2, EXT1, EZR, FKBP8, FLVCR1, FOSL2, FOXS1, FTO, FXN, G6PC1, GAMT, GDF15, GDF5, GH1, GHR, GHRH, GHRHR, GHRL, GHSR, GIGYF2, GPAM, GPAT4, GPR21, GRHL2, HDAC3, HEG1, HELT, HESX1, HOXA5, HTRA2, IGF2, IHH, KAT2A, KLF2, LARGE1, LGMN, MBD5, MFSD2A, MKKS, MTOR, NIPBL, NOTCH2, NPPC, NPR2, NPY1R, ODAD3, PALB2, PEX5, PIK3CA, PKDCC, PLAC8, PLAG1, PLEC, PLEKHA1, PLS1, POU3F2, PPIB, PPP1R13L, PRICKLE1, PRLH, PTCH1, PTPN11, RAI1, RARA, RARB, RARG, RASAL2, RBBP6, RC3H2, RMI1, SCNN1B, SELENOM, SGPL1, SLC12A5, SLC1A2, SLC25A25, SLC4A10, SLC6A3, SLITRK1, SLITRK6, SMO, SMPD3, SOCS2, SOD1, SOS1, SPTBN2, SPTBN4, STAT3, STAT5A, STAT5B, STC2, STIL, STK40, TAF10, TAL2, TBL1XR1, TMED2, TNS2, TP53, TTC8, VIL1, WDR11, WDR48, WDTC1, WWTR1, XRCC2, ZFP36L1, ZFX, ZMPSTE24
GO:0007010	cytoskeleton organization	1510	11	5.28	0.01490	0.018170731707317072	AAAS, ABI1, ABI2, ABI3, ABITRAM, ABL1, ABL2, ABLIM1, ABLIM2, ABLIM3, ABRAXAS1, ABRAXAS2, ACTA1, ACTB, ACTBL2, ACTC1, ACTG1, ACTL6B, ACTL7A, ACTL7B, ACTL8, ACTL9, ACTN1, ACTN2, ACTN3, ACTN4, ACTR2, ACTR3, ADD1, ADD2, ADD3, ADPRHL1, ADRA2A, AGAP2, AGFG1, AGRN, AIF1, AIF1L, AJUBA, AKAP11, AKAP13, AKAP9, ALDOA, ALKBH4, ALMS1, ALOX15, AMOT, AMOTL1, AMOTL2, ANG, ANK1, ANK2, ANK3, ANKFN1, ANKRD1, ANKRD23, ANKRD53, ANLN, ANTXR1, ANXA1, AP1AR, APC, APC2, APOA1, APOE, AQP1, AQP2, AQP5-AS1, ARAP1, ARAP3, ARC, ARF1, ARF6, ARFGEF1, ARFIP1, ARFIP2, ARHGAP10, ARHGAP12, ARHGAP17, ARHGAP18, ARHGAP25, ARHGAP26, ARHGAP28, ARHGAP35, ARHGAP4, ARHGAP40, ARHGAP44, ARHGAP6, ARHGEF10, ARHGEF10L, ARHGEF11, ARHGEF15, ARHGEF17, ARHGEF18, ARHGEF19, ARHGEF2, ARHGEF28, ARHGEF5, ARHGEF7, ARL2, ARMC2, ARPC1A, ARPC1B, ARPC2, ARPC3, ARPC4, ARPC5, ARPC5L, ARPIN, ARRB1, ASAP3, ASB2, ASPM, ATAT1, ATF2, ATF5, ATP2C1, ATP8A2, ATRX, ATXN3, ATXN7, AUNIP, AURKA, AURKB, AURKC, AUTS2, AVIL, AXIN1, BAG4, BAIAP2, BAIAP2L1, BAIAP2L2, BBLN, BBOF1, BBS1, BBS2, BBS4, BCAR1, BCAS3, BCCIP, BCL2, BCL2L10, BCL6, BCR, BFSP1, BFSP2, BICD1, BICD2, BIN1, BIN3, BIRC5, BMERB1, BMP10, BORA, BRAF, BRCA1, BRCA2, BRK1, BRSK1, BRSK2, BRWD1, BRWD3, BST1, BST2, C10orf90, C15orf62, C2CD3, C9orf72, CALD1, CALR, CAMSAP1, CAMSAP2, CAMSAP3, CAP1, CAP2, CAPG, CAPN10, CAPN2, CAPN3, CAPN6, CAPZA1, CAPZA2, CAPZA3, CAPZB, CARMIL1, CARMIL2, CARMIL3, CASQ1, CATIP, CAV3, CAVIN3, CC2D2A, CCDC102B, CCDC103, CCDC120, CCDC13, CCDC170, CCDC187, CCDC39, CCDC40, CCDC42, CCDC57, CCDC6, CCDC61, CCDC63, CCDC65, CCDC66, CCDC68, CCDC69, CCDC78, CCDC8, CCDC88A, CCDC88B, CCDC88C, CCL11, CCL13, CCL2, CCL21, CCL24, CCL26, CCL3, CCL7, CCN2, CCNB1, CCNB2, CCNF, CCNL1, CCNL2, CCP110, CCR7, CCSAP, CCSER2, CD2AP, CD47, CDC14A, CDC14B, CDC14C, CDC20, CDC20B, CDC42, CDC42BPA, CDC42BPB, CDC42BPG, CDC42EP1, CDC42EP2, CDC42EP3, CDC42EP4, CDC42EP5, CDCA8, CDH5, CDK1, CDK10, CDK2, CDK2AP2, CDK5, CDK5R1, CDK5RAP2, CDKN1B, CECR2, CELSR1, CENATAC, CENPA, CENPE, CENPH, CENPJ, CEP120, CEP126, CEP131, CEP135, CEP152, CEP19, CEP192, CEP20, CEP250, CEP295, CEP295NL, CEP350, CEP43, CEP44, CEP63, CEP68, CEP70, CEP72, CEP76, CEP85, CEP97, CETN1, CETN2, CETN3, CFAP100, CFAP157, CFAP206, CFAP410, CFAP43, CFAP44, CFAP46, CFAP47, CFAP58, CFAP65, CFAP69, CFAP73, CFAP74, CFAP91, CFAP97D1, CFL1, CFL2, CFLAR, CGN, CGNL1, CHD3, CHEK1, CHEK2, CHMP1A, CHMP1B, CHMP2A, CHMP2B, CHMP3, CHMP4A, CHMP4B, CHMP4BP1, CHMP4C, CHMP5, CHMP6, CHMP7, CHORDC1, CHP1, CIB1, CKAP2, CKAP5, CLASP1, CLASP2, CLDN19, CLDN3, CLIC4, CLIP1, CLIP2, CLIP3, CLIP4, CLN3, CLN8, CLRN1, CLTC, CLUAP1, CLXN, CNN1, CNN2, CNN3, CNTLN, CNTNAP1, CNTROB, COBL, CORO1A, CORO1B, CORO1C, CORO2B, CORO6, CORO7, COTL1, CPLANE2, CPNE6, CRACD, CRIPT, CRK, CROCC, CRYAB, CSAG1, CSF1R, CSF3, CSNK1A1, CSNK1D, CSPG5, CSRP1, CSRP2, CSRP3, CTNNA2, CTNNB1, CTTN, CUL3, CUL7, CUL9, CX3CL1, CXADR, CXCL1, CXCL12, CYFIP1, CYFIP2, CYLC1, CYLC2, CYLD, CYRIA, CYRIB, CYTH2, DAAM1, DAAM2, DAG1, DAPK3, DAW1, DBN1, DBNL, DCAF13, DCLK2, DCTN1, DCTN2, DCTN6, DCX, DDB1, DES, DEUP1, DIAPH1, DIAPH2, DIAPH3, DISC1, DIXDC1, DLC1, DLG1, DLGAP5, DMD, DMTN, DNAAF1, DNAAF10, DNAAF11, DNAAF2, DNAAF3, DNAAF4, DNAAF5, DNAAF6, DNAAF8, DNAH1, DNAH17, DNAH2, DNAH5, DNAH7, DNAH8, DNAI1, DNAI2, DNAI3, DNAI4, DNAJB13, DNAJB6, DNAL1, DNM2, DOCK2, DOCK7, DPYSL2, DPYSL3, DRC1, DRC7, DRG1, DSP, DST, DSTN, DTNBP1, DVL1, DVL2, DVL3, DYNC1H1, DYNC1LI1, DYNC1LI2, DYNLT1, DYRK1A, DZIP1, E2F4, ECT2, EDN1, EEF2K, EFHC1, EFNA5, EHD2, ELMO1, ELMO2, ELMO3, ELN, EML1, EML2, EML3, EML4, EMP2, ENAH, ENKD1, EPB41, EPB41L1, EPB41L2, EPB41L3, EPB41L4A, EPB41L4B, EPB41L5, EPB42, EPHA1, EPHA3, EPHA5, EPPK1, EPS8, ERBIN, ERMN, ESAM, ESPL1, ESPN, ESPNL, EVL, EVPL, EVPLL, EZR, F11R, F2RL1, FAM107A, FAM110A, FAM171A1, FAM83H, FARP1, FARP2, FAT1, FBXO5, FBXW11, FBXW5, FCHSD1, FCHSD2, FER, FERMT2, FES, FGD1, FGD2, FGD3, FGD4, FGD5, FGD6, FGF10, FGF13, FGF7, FHDC1, FHL3, FHOD1, FHOD3, FIGN, FIGNL1, FIGNL2, FITM2, FKBP4, FLII, FLNA, FLNB, FLNC, FMN1, FMN2, FMNL1, FMNL2, FMNL3, FOXJ1, FRMD3, FRMD5, FRMD7, FSCN1, FSCN2, FSCN3, FSD1, FSIP2, FTCD, FZD10, GABARAP, GADD45A, GAN, GAPDH, GAS2, GAS2L1, GAS2L2, GAS2L3, GAS7, GAS8, GBA2, GCC2, GDPD2, GEN1, GFAP, GHRL, GHSR, GIT1, GJA1, GMFB, GMFG, GNAI1, GOLGA2, GPM6B, GPR35, GPR65, GPSM1, GPSM2, GRB2, GRHL3, GSK3A, GSK3B, GSN, GTF2B, HAUS1, HAUS2, HAUS3, HAUS4, HAUS5, HAUS6, HAUS7, HAUS8, HAX1, HCK, HCLS1, HDAC3, HDAC6, HDGFL3, HEPACAM2, HIP1, HIP1R, HLA-DRB1, HMCN1, HNRNPU, HOATZ, HOOK1, HOOK2, HOOK3, HRAS, HRG, HSP90B1, HSPA1A, HSPA1B, HTT, HYDIN, IFT172, IFT56, IKBKB, IL1A, INA, INCENP, INF2, INO80, INPP5K, INPPL1, INSC, INSRR, INTS13, IQCA1, IQCA1L, IQCG, IQCJ-SCHIP1, IQGAP1, IQGAP2, IQGAP3, IQSEC1, IQSEC2, IQSEC3, ITGB1, ITGB1BP1, ITGB3, ITGB5, ITPKA, JAK2, JAM3, JHY, JMY, KANK1, KANK2, KANK3, KANK4, KASH5, KAT2A, KAT2B, KAT5, KATNA1, KATNAL1, KATNAL2, KATNB1, KATNBL1, KBTBD13, KCTD13, KHDC3L, KIAA0753, KIAA1614, KIF11, KIF18A, KIF18B, KIF19, KIF20A, KIF23, KIF24, KIF25, KIF2A, KIF2B, KIF2C, KIF3A, KIF3B, KIF4A, KIF4B, KIFBP, KIFC1, KIFC2, KIRREL1, KISS1, KIT, KIZ, KLHL1, KLHL17, KLHL20, KLHL24, KLHL41, KNSTRN, KPNB1, KPTN, KRAS, KRT1, KRT10, KRT12, KRT13, KRT14, KRT15, KRT16, KRT17, KRT18, KRT19, KRT2, KRT20, KRT23, KRT24, KRT25, KRT26, KRT27, KRT28, KRT3, KRT31, KRT32, KRT33A, KRT33B, KRT34, KRT35, KRT36, KRT37, KRT38, KRT39, KRT4, KRT40, KRT5, KRT6A, KRT6B, KRT6C, KRT7, KRT71, KRT72, KRT73, KRT74, KRT75, KRT76, KRT77, KRT78, KRT79, KRT8, KRT80, KRT81, KRT82, KRT83, KRT84, KRT85, KRT86, KRT9, LARGE1, LARP4, LATS1, LCP1, LDB3, LIMA1, LIMCH1, LIMD1, LIMD2, LIMK1, LIMK2, LLGL1, LLGL2, LMNA, LMNB1, LMNB2, LMOD1, LMOD2, LMOD3, LORICRIN, LPAR1, LRCH3, LRGUK, LRP1, LRRC43, LRRC61, LSM14A, LZTS2, MACF1, MAD2L1, MAD2L2, MAEA, MAGEL2, MAP10, MAP1A, MAP1B, MAP1S, MAP2, MAP3K20, MAP4, MAP6, MAP6D1, MAP7, MAP7D1, MAP7D2, MAP7D3, MAP9, MAPK1, MAPK15, MAPK3, MAPKAP1, MAPRE1, MAPRE2, MAPRE3, MAPT, MARCKS, MARCKSL1, MARK1, MARK2, MARK4, MAST1, MAST2, MAST3, MAST4, MCIDAS, MCPH1, MDK, MDM1, MECP2, MEF2A, MEGF9, MEIG1, MET, MICAL1, MICAL2, MICAL3, MICALL2, MID1, MID1IP1, MINK1, MIR1-1, MIR138-1, MIR143, MIR145, MIR149, MIR20A, MIR21, MIR214, MIR335, MISP, MKKS, MKLN1, MLH1, MLST8, MNS1, MOS, MRAS, MRTFA, MSN, MSRB1, MSRB2, MTCL1, MTM1, MTOR, MTPN, MTSS1, MYADM, MYBL2, MYBPC1, MYBPC2, MYBPC3, MYBPH, MYCBP2, MYH10, MYH11, MYH14, MYH3, MYH6, MYH7, MYH9, MYL2, MYL9, MYLK3, MYO15A, MYO18A, MYO18B, MYO19, MYO1A, MYO1B, MYO1C, MYO1D, MYO1E, MYO1F, MYO1G, MYO1H, MYO3A, MYO3B, MYO5A, MYO5B, MYO5C, MYO6, MYO7A, MYO7B, MYOC, MYOM1, MYOM2, MYOM3, MYOZ1, MYOZ2, MYPN, MZT1, NAA80, NAT10, NAV1, NAV3, NCK1, NCK2, NCKAP1, NCKAP1L, NCKAP5, NCKAP5L, NCKIPSD, NCOR1, NDC80, NDE1, NDEL1, NEB, NEBL, NECTIN2, NEDD1, NEDD9, NEFH, NEFL, NEFM, NEK2, NEK6, NEK7, NES, NEURL1, NEXN, NF1, NF2, NHERF1, NIN, NINL, NISCH, NKX2-5, NLGN1, NLRP5, NME7, NOS1AP, NOSTRIN, NPHP1, NPHP4, NPHS1, NPHS2, NPM1, NRAP, NRP1, NSFL1C, NTMT1, NUAK2, NUBP1, NUDC, NUF2, NUMA1, NUP62, NUSAP1, OBSCN, OBSL1, OCLN, ODAD1, ODAD2, ODAD3, ODAD4, ODAM, ODF2, OOEP, OPHN1, OR2A4, P2RX7, PACSIN1, PACSIN2, PACSIN3, PADI6, PAFAH1B1, PAK1, PAK2, PAK3, PAK4, PAK5, PAK6, PALLD, PALM, PARD3, PARD3B, PARD6A, PARD6B, PARD6G, PARP3, PARVB, PAWR, PAX6, PCLAF, PCLO, PCM1, PCNT, PDCD6IP, PDCL3, PDE4DIP, PDGFA, PDGFRA, PDGFRB, PDLIM1, PDLIM2, PDLIM3, PDLIM4, PDLIM5, PDLIM7, PDPK1, PDXP, PDZD8, PEAK3, PEX14, PFDN2, PFN1, PFN2, PFN3, PFN4, PGM5, PHACTR1, PHACTR2, PHACTR3, PHACTR4, PHIP, PHLDB1, PHLDB2, PHPT1, PIBF1, PICK1, PIERCE1, PIERCE2, PIK3CA, PIK3R1, PIK3R2, PIP5K1A, PIP5K1C, PKD1, PKD2, PKHD1, PKP1, PKP2, PLA2G1B, PLA2G3, PLD2, PLEC, PLEK, PLEKHG2, PLEKHH2, PLK1, PLK2, PLK3, PLK4, PLS1, PLS3, PLXNA3, PLXNB1, POC1B, POF1B, POLDIP2, POTEE, POTEF, POTEI, POTEJ, POTEKP, PPARGC1B, PPFIA1, PPL, PPM1E, PPM1F, PPP1R12A, PPP1R35, PPP1R9A, PPP1R9B, PPP2R1A, PPP2R3C, PRC1, PREX1, PRICKLE1, PRICKLE4, PRKAA1, PRKAA2, PRKAR1A, PRKCD, PRKCE, PRKCI, PRKCZ, PRKD1, PRKG1, PRKN, PROX1, PRPF40A, PRR5, PRUNE1, PSRC1, PSTPIP1, PSTPIP2, PTEN, PTGER4, PTK2, PTK2B, PTK7, PTPA, PTPN1, PXN, PYCARD, RAB11A, RAB13, RAB6C, RAC1, RAC2, RAC3, RACGAP1, RAE1, RAF1, RALA, RAN, RANBP1, RANBP10, RANBP9, RANGRF, RAP1GDS1, RAP2A, RAPGEF3, RASA1, RBM14, RCC1, RDX, RFLNA, RFLNB, RGCC, RGS14, RGS4, RHO, RHOA, RHOB, RHOBTB1, RHOBTB2, RHOC, RHOD, RHOF, RHOG, RHOH, RHOJ, RHOQ, RHOT1, RHOT2, RHOU, RHOV, RHPN1, RHPN2, RHPN2P1, RICTOR, RMDN1, RND1, RND2, RND3, RNF19A, RNF4, RNH1, ROCK1, ROCK2, RP1, RP1L1, RPS3, RSPH1, RSPH4A, RSPH6A, RSPH9, RTKN, RTTN, RUFY3, S100A10, S100A8, S100A9, S1PR1, S1PR2, SAC3D1, SAMD14, SAPCD2, SASS6, SBDS, SCIN, SDC4, SDCBP, SDCCAG8, SEMA5A, SEMA6A, SENP6, SEPTIN1, SERPINF2, SETD2, SETD3, SFRP1, SGO1, SH2B2, SH3BGRL3, SH3BP1, SH3D19, SH3D21, SH3KBP1, SHANK1, SHANK3, SHC1, SHH, SHROOM1, SHROOM2, SHROOM3, SHROOM4, SHTN1, SIGLEC15, SIK3, SIPA1, SIPA1L1, SIPA1L3, SIRT1, SIX4, SKA1, SKA2, SKA3, SLAIN1, SLAIN2, SLC16A1, SLC39A12, SLC4A2, SLC9A1, SLIT2, SLK, SMAD3, SMAD4, SMC1A, SMC3, SMIM22, SMTN, SMTNL1, SMTNL2, SNCA, SNX9, SOD1, SON, SORBS1, SORBS2, SORBS3, SOX9, SPACA9, SPAG1, SPAG16, SPAG17, SPAG5, SPAG6, SPAST, SPATA17, SPATA4, SPATA7, SPATC1L, SPC25, SPDL1, SPECC1, SPECC1L, SPEF1, SPEF2, SPICE1, SPIRE1, SPIRE2, SPRY1, SPRY2, SPTA1, SPTAN1, SPTB, SPTBN1, SPTBN2, SPTBN4, SPTBN5, SRC, SRCIN1, SRF, SRGAP2, SRGAP2C, SS18, SSH1, SSH2, SSH3, SSNA1, SSX2IP, STAG1, STAG2, STARD13, STARD8, STARD9, STAU2, STIL, STK36, STMN1, STMN2, STMN3, STMN4, STMND1, STRIP1, STRIP2, SUGT1, SUN1, SUN2, SVIL, SWAP70, SYDE1, SYNE2, SYNE3, SYNM, SYNPO, SYNPO2, SYNPO2L, TACC1, TACC2, TACC3, TACR1, TACSTD2, TAGLN2, TAGLN3, TAOK1, TAOK2, TBC1D21, TBCB, TBCD, TBCE, TBCEL, TBCK, TCAP, TCHH, TEKT2, TENM1, TESK1, TESK2, TF, TGFB3, TGFBR1, THY1, TIMD4, TJP1, TLE6, TLN1, TLN2, TMEFF2, TMEM67, TMOD1, TMOD2, TMOD3, TMOD4, TMSB10, TMSB15A, TMSB15B, TMSB15C, TMSB4X, TMSB4Y, TNF, TNFAIP1, TNFAIP3, TNIK, TNKS, TNNT1, TNNT2, TNNT3, TNXB, TOGARAM1, TOGARAM2, TOR1A, TPGS1, TPM1, TPM2, TPM3, TPM4, TPPP, TPPP2, TPPP3, TPR, TPX2, TRAF3IP1, TRDN, TRIM27, TRIM32, TRIM36, TRIM37, TRIM46, TRIM54, TRIOBP, TRIP10, TRPM2, TRPM7, TRPV4, TSC1, TSPAN32, TTBK2, TTC12, TTC17, TTC8, TTK, TTL, TTLL1, TTLL11, TTLL13, TTLL2, TTLL3, TTLL4, TTLL5, TTLL6, TTLL7, TTLL9, TTN, TUBA1A, TUBA1B, TUBA1C, TUBA3C, TUBA3D, TUBA3E, TUBA4A, TUBA4B, TUBA8, TUBAL3, TUBB, TUBB1, TUBB2A, TUBB2B, TUBB3, TUBB4A, TUBB4B, TUBB6, TUBB8, TUBB8B, TUBD1, TUBE1, TUBG1, TUBG2, TUBGCP2, TUBGCP3, TUBGCP4, TUBGCP5, TUBGCP6, TWF1, TWF2, TXNDC9, TYROBP, UBE2B, UBXN2B, UGT8, UHRF1, ULK4, USH1C, USP33, UVRAG, UXT, VASP, VCP, VIL1, VILL, VIM, VPS4A, VPS4B, VPS54, WAS, WASF1, WASF2, WASF3, WASH3P, WASH6P, WASHC1, WASHC2A, WASHC2C, WASHC3, WASHC4, WASHC5, WASL, WDPCP, WDR1, WDR47, WDR62, WDR73, WEE1, WHAMM, WIPF1, WIPF3, WNT11, WNT3A, WNT4, WRAP73, WTIP, XIRP1, XIRP2, XPO1, XRCC2, XRCC3, YEATS4, ZBED3, ZEB2, ZMYM3, ZMYM4, ZMYM6, ZMYND10, ZNF135, ZNF207, ZNF664-RFLNA, ZPR1, ZRANB1, ZW10, ZYX
GO:0070169	positive regulation of biomineral tissue development	54	2	0.19	0.01531	0.01833732057416268	ACTN3, ACVR1, ACVR2A, ACVR2B, ADGRV1, ADRB2, ALOX5, AMELX, AMTN, ANO6, ATF4, ATP2B1, ATRAID, BMP2, BMP4, BMP6, BMP7, BMPR1A, BMPR1B, BMPR2, CCN1, CEBPB, CFTR, ENAM, FAM20C, FBN2, FBXO5, FZD9, GPM6B, ISG15, KL, LTF, MEF2C, NELL1, ODAPH, OSR1, OSR2, P2RX7, PKDCC, PTH, PTN, RXRA, RXRB, SLC20A2, SLC4A2, SLC8A1, SMAD3, TENT5A, TFAP2A, TMEM119, VDR, WNT10B, WNT4, WNT6
GO:0008277	regulation of G protein-coupled receptor signaling pathway	149	3	0.52	0.01533	0.01833732057416268	ABHD6, ACP3, ADA, ADCYAP1, ADM, ADRB2, AIPL1, APELA, APLN, APLNR, APLP1, ARR3, ARRB1, ARRB2, ARRDC3, ATP2B4, BECN2, BICD1, C3, CALCR, CAMK2A, CAMKMT, CCL5, CHGA, CRTC3, CRY1, CXCL8, DGKQ, DRD2, DRD3, DYNLT1, EDN1, F2, FGF8, FRMPD1, GAS2L2, GIPR, GIT1, GIT2, GNAI2, GNAT1, GNG4, GNG7, GPER1, GPR158, GPR27, GPRASP1, GRK1, GRK2, GRK3, GRK4, GRK5, GRK6, GRK7, GRM5, GRP, GSK3A, GTF2H2, GUCY2D, GUCY2F, HIF1A, HOMER2, HTR1B, HTR2B, INPP5A, ITGB3, KCTD12, KCTD16, KCTD8, KLK14, KLK5, KLK6, MET, MGLL, MGRN1, MIR1-1, MIR101-1, MIR133A1, MIR20A, MIR30E, MRAP, MRAP2, NECAB2, NMT1, NMT2, NOS1, OPRL1, PADI2, PDC, PDCL, PDE4A, PDE4B, PDE6G, PDE6H, PHB1, PHF24, PLCB1, PLEK, PPP1R9B, PPP3CA, PRKCA, PRMT5, PTGDR2, RAMP1, RAMP2, RAMP3, RASGRP4, RGS10, RGS11, RGS12, RGS13, RGS14, RGS16, RGS18, RGS2, RGS20, RGS3, RGS4, RGS5, RGS6, RGS7, RGS9, RIC8B, RNF113A, ROBO1, ROCK1, ROCK2, RPGRIP1L, RPH3AL, SAG, SH2B3, SLC24A4, SLC39A14, SLIT2, SLIT3, SNCA, SSTR4, STMN1, SYP, TMOD2, TREM2, TUB, TULP3, UBQLN2, USP20, USP33, YWHAB, ZDHHC3, ZDHHC7
GO:0072523	purine-containing compound catabolic process	149	3	0.52	0.01533	0.01833732057416268	ABCD1, ACAT1, ACOT7, ACTN3, ADA, ADA2, ADAL, ADPGK, ALDOA, ALDOB, ALDOC, AMPD3, APP, ARL2, BPGM, CBFA2T3, COL6A1, DDIT4, DHTKD1, DNPH1, DPYD, EIF6, ENO1, ENO2, ENO3, ENO4, ENPP4, ENTPD4, EP300, FBP1, FITM2, FKRP, FLCN, FOXK1, FOXK2, GALK1, GAPDH, GAPDHS, GCK, GDA, GIT1, GPD1, GPI, HDAC4, HIF1A, HINT1, HK1, HK2, HK3, HKDC1, HPRT1, HTR2A, IER3, IFNG, IGF1, INS, INSR, ITPA, JMJD8, KAT2B, LDHA, LIPA, MLST8, MLXIPL, MLYCD, MTOR, NCOR1, NT5C, NT5C1A, NT5C1B, NT5C2, NT5E, NUDT1, NUDT10, NUDT11, NUDT12, NUDT13, NUDT15, NUDT16, NUDT17, NUDT18, NUDT19, NUDT3, NUDT4, NUDT4B, NUDT7, NUDT8, NUDT9, NUPR1, OGDH, OGDHL, OGT, P2RX7, PDE10A, PDE1A, PDE2A, PDE4A, PDE4B, PDE4C, PDE4D, PDE5A, PDE7A, PDE7B, PDE8A, PDE8B, PDE9A, PFKFB1, PFKFB2, PFKL, PFKM, PFKP, PGAM1, PGAM2, PGAM4, PGK1, PGK2, PGM1, PKLR, PKM, PNP, PPARA, PPP2CA, PRKAA1, PRKAA2, PRKACA, PRKAG1, PRKAG2, PRKAG3, PRXL2C, PSEN1, RPTOR, SAMHD1, SARM1, SIRT6, SLC2A6, SLC4A1, SLC4A4, STAT3, SUCLA2, SUCLG1, SUCLG2, TIGAR, TPI1, TREX1, UCP2, VNN1, XDH, ZBTB20, ZBTB7A
GO:2000377	regulation of reactive oxygen species metabolic process	149	3	0.52	0.01533	0.01833732057416268	AATF, ABCB7, ABCD1, ABCD2, ACE2, ACOD1, ACP5, ADCY10, ADGRB1, AGT, AGTR1, AKR1C1, AKR1C3, ALOX5, ARF4, ARG2, ATG5, BCL2, BCO2, BCR, BECN1, BIRC2, BMP7, BNIP3, BRCA1, BST1, CBR1, CCN6, CD177, CD36, CDKN1A, CFLAR, CLCN3, CLEC7A, COA8, COQ7, CRP, CRYAB, CTNS, CYBA, CYP1B1, DCXR, DHFR, DHFRP1, DHRS4, DUOXA1, DUOXA2, EGFR, EIF6, ELAVL1, F2, F2RL1, FBLN5, FOXM1, FOXO1, FOXO3, FPR2, FYN, G6PD, GADD45A, GCH1, GNAI2, GRB2, GRIN1, GSTP1, HDAC6, HIF1A, HK2, HP, HVCN1, IER3, INS, ITGAM, ITGB2, LEP, LRRK2, MAPK14, MAPT, MIR181A2, MIR21, MIR24-1, MIR27B, MIR590, MIR675, MMP3, MPV17, MPV17L, MT3, NFE2L2, NNT, NOXA1, NOXO1, PAGE4, PARK7, PARL, PAX2, PDGFB, PDGFRB, PDK3, PID1, PIKFYVE, PINK1, PLCG2, PLIN5, PON3, PPARA, PRCP, PRDX2, PRKCD, PRKN, PTK2B, RAB27A, RAC1, RAC2, RHOA, RIPK1, RIPK3, RNF41, ROMO1, SIRT2, SIRT3, SIRT5, SLC18A2, SLC25A33, SLC5A3, SNCA, SOD1, SOD2, SPHK2, STK17A, SYK, TFAP2A, TGFB1, TGFBR2, THBS1, TIGAR, TLR4, TLR6, TNF, TP53, TRAP1, TSPO, TUSC2, TYROBP, UCP1, VDAC1, XDH, ZC3H12A, ZNF205
GO:0098657	import into cell	938	8	3.28	0.01612	0.019116279069767442	AAK1, ABCA1, ABCA13, ABCA2, ABCA7, ABCC8, ABCC9, ABL1, ABL2, ACE2, ACHE, ACKR2, ACKR3, ACKR4, ACSL1, ACSL3, ACSL5, ACTB, ACTG1, ADGRB1, ADIPOQ, ADM, ADORA1, ADORA2A, ADRB2, AGER, AHI1, AHSG, AIF1, AKAP5, AKT1, AKT2, ALOX15, AMN, AMPH, ANGPT1, ANK2, ANKFY1, ANKRD13A, ANKRD13B, ANKRD13D, ANO6, ANXA1, ANXA11, ANXA2, ANXA2P2, ANXA3, AP1G1, AP1S1, AP2A1, AP2A2, AP2B1, AP2M1, AP2S1, AP3B2, AP3D1, AP3M1, AP3M2, AP3S1, AP3S2, APELA, APLN, APLP1, APOA1, APOA2, APOA5, APOBR, APOC1, APOC2, APOC3, APOE, APP, APPL1, APPL2, AQP8, ARC, ARF1, ARF6, ARFGAP1, ARHGAP12, ARHGAP25, ARHGAP27, ARL6IP1, ARL6IP5, ARL8B, ARR3, ARRB1, ARRB2, ASGR1, ASGR2, ATAD1, ATG3, ATG5, ATP12A, ATP1A1, ATP1A2, ATP1A3, ATP1A4, ATP1B1, ATP1B2, ATP1B3, ATP2B4, ATP4A, ATP4B, ATP6V1H, ATP9A, ATP9B, ATXN2, AXL, AZU1, B2M, BCL2L1, BCR, BECN1, BICD1, BIN1, BIN2, BIN3, BLTP1, BMP2K, BTBD9, BTK, C1orf43, C2, C3, C4A, C4B, C4BPA, C4BPB, C9orf72, CACNA1A, CACNA1B, CACNA1C, CACNA1D, CACNA1E, CACNA1F, CACNA1G, CACNA1H, CACNA1I, CACNA1S, CACNA2D1, CACNG2, CACNG3, CACNG4, CACNG5, CACNG7, CACNG8, CALCRL, CALR, CALY, CAMK1D, CANX, CAP1, CARMIL1, CAV1, CAV2, CAV3, CBL, CBLL1, CCDC32, CCL19, CCL2, CCL21, CCR2, CD14, CD151, CD163, CD177, CD209, CD22, CD300A, CD300LF, CD302, CD320, CD36, CD47, CD63, CD81, CD9, CD93, CDC42, CDC42SE1, CDC42SE2, CDH13, CDK5, CEACAM1, CEACAM4, CEBPE, CFP, CLCN3, CLCN5, CLEC10A, CLEC4F, CLEC4M, CLEC7A, CLEC9A, CLINT1, CLIP3, CLN3, CLN8, CLTA, CLTB, CLTC, CLTCL1, CLTRN, CLU, CNGA3, CNN2, COLEC10, COLEC11, COLEC12, CORO1A, CORO1C, CREG1, CRP, CRYBA1, CSK, CSNK1D, CSNK1E, CSNK1G1, CSNK1G2, CSNK1G3, CTBP1, CTSL, CTTN, CUBN, CXCL16, CXCL8, CXCR1, CXCR2, CYBA, CYTH2, DAB2, DBNL, DENND1A, DENND1B, DENND1C, DGKD, DGKQ, DKK1, DLG1, DLG4, DLL1, DMBT1, DNAJC13, DNAJC6, DNER, DNM1, DNM1L, DNM2, DNM3, DOCK1, DOCK2, DPP4, DPYSL2, DRD1, DRD2, DRD3, DRD4, DTNBP1, DYSF, EEA1, EEF2K, EFNB2, EGF, EGFEM1P, EHBP1, EHD1, EHD2, EHD3, EHD4, EIF2AK1, ELANE, ELMO1, ELMO2, ELMO3, ENDOU, ENPP1, ENPP2, ENTHD1, ENTREP1, EPHA3, EPN1, EPN2, EPN3, EPRS1, EPS15, EPS15L1, EQTN, ESYT2, EZR, F2RL1, FABP3, FCER1G, FCER2, FCGR1A, FCGR2A, FCGR2B, FCGR2C, FCHO1, FCHO2, FCHSD2, FCMR, FCN1, FCN2, FCN3, FGR, FKBP15, FLOT1, FMR1, FNBP1, FNBP1L, FOLR1, FPR2, FXYD2, FYN, GAK, GAPVD1, GAS6, GATA2, GDNF, GFAP, GHR, GPC3, GPM6B, GPR107, GRB2, GREM1, GRIA1, GRK2, GRK3, GRK4, GRM1, GRM6, GSG1L, GSN, GTF2H2, GULP1, H1-1, HAVCR1, HCK, HCN2, HCN4, HEATR5A, HEATR5B, HFE, HGS, HIP1, HIP1R, HMGB1, HMMR, HNRNPK, HOOK2, HPCA, HRAS, HSPG2, HTR1B, HTR2B, ICAM3, ICAM5, IFNG, IGF2R, IL10RA, IL15, IL15RA, IL2RB, IL2RG, IL4, ILDR1, INPP5F, INPPL1, INSR, IRF8, IRS2, ISCU, ITCH, ITGA2, ITGA4, ITGAL, ITGAM, ITGAV, ITGB1, ITGB2, ITGB3, ITSN1, ITSN2, JMJD6, JPT2, KCNE2, KCNH2, KCNJ1, KCNJ10, KCNJ11, KCNJ12, KCNJ13, KCNJ14, KCNJ15, KCNJ16, KCNJ18, KCNJ2, KCNJ3, KCNJ4, KCNJ5, KCNJ6, KCNJ8, KCNJ9, KCNK5, KCNK9, KCNQ1, KCNQ3, LBP, LDLR, LDLRAD3, LDLRAP1, LEP, LEPR, LETMD1, LGALS3, LGALS3BP, LILRB1, LILRB4, LIMK1, LIPA, LMAN2, LMBR1L, LMBRD1, LPAR1, LRP1, LRP10, LRP12, LRP1B, LRP2, LRP3, LRP4, LRP5, LRP6, LRP8, LRPAP1, LRRC8A, LRRC8B, LRRC8C, LRRC8E, LRRK2, LRRTM1, LRRTM2, LRSAM1, LY75, LYAR, LYN, LYST, LYVE1, M6PR, MAGI2, MAPK1, MAPK3, MAPKAPK2, MAPKAPK3, MARCHF2, MARCHF3, MARCO, MBL2, MCTP1, MEGF10, MERTK, MESD, MET, MFGE8, MIA3, MIB1, MICALL1, MIR103A1, MIR17, MIR181B1, MIR183, MIR185, MIR199A1, MIR200C, MIR205, MIR208A, MIR208B, MIR20A, MIR210, MIR24-1, MIR27A, MIR27B, MIR448, MIR92B, MKLN1, MLC1, MRC1, MRC2, MS4A1, MSR1, MST1R, MTMR2, MTMR6, MTMR9, MYCBPAP, MYD88, MYH9, MYO15A, MYO18A, MYO1A, MYO1B, MYO1C, MYO1D, MYO1E, MYO1F, MYO1G, MYO1H, MYO6, MYO7A, MYO7B, NALF1, NALF2, NCF2, NCF4, NCKAP1L, NCKIPSD, NDP, NECAB2, NECAP1, NECAP2, NEDD4, NEDD4L, NEU3, NEURL1B, NEURL3, NHERF1, NLGN1, NLGN2, NLGN3, NLGN4X, NLGN4Y, NME1, NOD2, NOS1, NOSTRIN, NPC1, NR1H2, NR1H3, NTF3, NTSR1, NUMB, OCIAD1, OCIAD2, OLR1, OPHN1, P2RX1, P2RX7, P2RY6, PACSIN1, PACSIN2, PACSIN3, PAK1, PARK7, PCSK9, PDLIM7, PEAR1, PECAM1, PER2, PI4KB, PICALM, PICK1, PIK3C2A, PIK3C3, PIK3CA, PIK3CB, PIK3CG, PIKFYVE, PIP4P2, PIP5K1A, PIP5K1C, PLA2G5, PLA2G6, PLA2R1, PLCG2, PLD2, PLD4, PLPP4, PLSCR1, PPP3CA, PPP3CB, PPP3CC, PPP3R1, PPP3R2, PPT1, PRG4, PRKCD, PRKCE, PRKCG, PRKD1, PRKN, PRNP, PROM2, PRTN3, PSEN1, PSTPIP1, PTK2, PTPN1, PTPRC, PTPRJ, PTX3, PYCARD, RAB11FIP2, RAB14, RAB17, RAB1A, RAB20, RAB21, RAB22A, RAB27A, RAB27B, RAB31, RAB34, RAB39A, RAB3B, RAB4A, RAB4B, RAB5A, RAB5B, RAB5C, RAB7A, RAB7B, RABEP1, RABEP2, RABEPK, RABGAP1L, RABGEF1, RAC1, RAC3, RACK1, RALA, RALB, RALBP1, RAMP1, RAMP2, RAMP3, RARA, REPS1, REPS2, RGS2, RGS4, RHOBTB1, RHOBTB2, RHOJ, RHOQ, RHOU, RHOV, RIN1, RIN2, RIN3, RINL, RIT2, RNASEK, ROCK1, RPS6KB1, RSPO1, RUBCN, RUFY1, RUFY2, SAG, SCAMP1, SCAMP5, SCARA3, SCARA5, SCARB1, SCARB2, SCARF1, SCARF2, SCNN1A, SCNN1B, SCNN1D, SCNN1G, SCRIB, SCYL2, SDC1, SDCBP, SELE, SERPINE1, SFRP4, SFTPA1, SFTPD, SGIP1, SH3BP1, SH3BP4, SH3GL1, SH3GL2, SH3GL3, SH3KBP1, SHH, SHOC2, SIGLEC1, SIRPA, SIRPB1, SIRPG, SLAMF1, SLC11A1, SLC12A1, SLC12A2, SLC12A3, SLC12A4, SLC12A5, SLC12A6, SLC12A7, SLC12A8, SLC15A1, SLC15A2, SLC15A3, SLC15A4, SLC16A2, SLC17A7, SLC17A8, SLC18A1, SLC18A2, SLC18A3, SLC18B1, SLC19A1, SLC1A1, SLC1A2, SLC1A3, SLC1A4, SLC1A5, SLC1A6, SLC1A7, SLC22A1, SLC22A2, SLC22A3, SLC22A4, SLC24A1, SLC24A2, SLC24A4, SLC27A1, SLC27A2, SLC27A4, SLC27A5, SLC27A6, SLC28A1, SLC29A1, SLC29A2, SLC29A4, SLC2A1, SLC2A10, SLC2A3, SLC2A4, SLC2A5, SLC30A1, SLC30A8, SLC34A1, SLC36A1, SLC36A4, SLC38A1, SLC38A2, SLC38A3, SLC38A4, SLC38A5, SLC39A10, SLC39A11, SLC39A12, SLC39A14, SLC39A4, SLC39A5, SLC39A6, SLC39A8, SLC3A2, SLC43A1, SLC43A2, SLC46A1, SLC46A2, SLC47A1, SLC5A1, SLC5A2, SLC5A3, SLC5A6, SLC6A1, SLC6A11, SLC6A12, SLC6A13, SLC6A14, SLC6A2, SLC6A20, SLC6A3, SLC6A4, SLC6A5, SLC6A6, SLC6A7, SLC6A9, SLC7A1, SLC7A11, SLC7A2, SLC7A3, SLC7A5, SLC7A8, SLC8A1, SLC8A2, SLC8A3, SLC9A1, SLC9A2, SLC9A3, SLC9A4, SLC9A5, SLC9A6, SLC9A7, SLC9A9, SLC9B2, SLC9C1, SLC9C2, SMAP1, SMPD1, SNAP25, SNAP91, SNCA, SNCB, SNCG, SNX1, SNX10, SNX12, SNX17, SNX18, SNX3, SNX33, SNX5, SNX9, SOD1, SORL1, SORT1, SPACA3, SPG11, SPHK1, SPON2, SPX, SRC, SRPX, SSC5D, STAB1, STAB2, STAP1, STBD1, STEAP2, STON1, STON2, STRA6, STX1A, STX1B, SURF4, SYK, SYNE1, SYNGR3, SYNJ1, SYNJ2, SYNJ2BP, SYNRG, SYP, SYT1, SYT11, SYT2, SYT4, SYT5, SYT7, SYT8, TAFA4, TBC1D24, TBC1D2B, TBC1D5, TEX261, TF, TFR2, TFRC, TGM2, THBS1, TICAM2, TIMD4, TLR2, TLR4, TM9SF4, TMEM108, TMEM175, TNF, TNK2, TOM1, TOR1A, TPCN1, TPCN2, TREM2, TREX1, TRIP10, TRPM1, TRPM2, TRPM4, TRPV1, TRPV2, TRPV3, TRPV4, TRPV5, TRPV6, TSC2, TSG101, TSPO2, TUB, TULP1, TUSC2, TYRO3, TYROBP, UBE3A, UBQLN2, UNC119, UNC13D, USH1G, USP20, USP33, VAC14, VAMP2, VAMP4, VAMP7, VAV1, VAV2, VAV3, VEGFA, VIPAS39, VLDLR, VPS28, VPS33B, VTN, WASF1, WASF2, WASL, WDR54, WNT3A, WNT5A, XKR4, XKR5, XKR6, XKR7, XKR8, XKR9, YES1, ZFYVE16, ZFYVE9
GO:0007611	learning or memory	278	4	0.97	0.01622	0.019116279069767442	AAAS, ABCA7, ABCC8, ABL1, ACSS2, ADAM2, ADCY1, ADCY3, ADCY8, ADGRB3, ADGRF1, ADNP, AFF2, AGER, AMFR, APOE, APP, ARC, ARF4, ARL6IP5, ARMCX5-GPRASP2, ASIC1, ATAD1, ATP1A2, ATP8A1, ATXN1, ATXN1L, B2M, B3GAT1, B4GALT2, BCHE, BDNF, BGLAP, BRAF, BRINP1, BRSK1, BTBD9, BTG2, C1QL1, CALB1, CAMK2N1, CAMK4, CASP3, CCL11, CCND2, CDK5, CHRNA7, CHRNB2, CHST10, CIC, CLDN5, CLN3, CLN8, CLSTN2, CNR1, CNTNAP2, COMT, CPEB3, CREB1, CRH, CRHBP, CRTC1, CSMD1, CTNS, CUX2, CX3CR1, DBH, DCANP1, DDHD2, DKK1, DLG4, DNAAF4, DNAH11, DRD1, DRD2, DRD3, DRD5, EGFR, EGR2, EHMT2, EIF2AK4, EIF4A3, EIF4EBP2, ELAVL4, EN1, EP300, EPHB2, FEN1, FGF13, FOS, FOSL1, FOXB1, FOXO6, FYN, FZD9, GABRA5, GALR2, GALR3, GATM, GHSR, GIP, GIT1, GLP1R, GM2A, GPI, GPR88, GPRASP3, GRIA1, GRIN1, GRIN2A, GRIN2B, GRM5, GRPR, HIF1A, HMGCR, HRH1, HTR2A, HTT, IFT20, INSR, ITGA3, ITGA5, ITGA8, ITGB1, ITPR3, JPH3, JPH4, KAT2A, KAT2B, KCNK10, KCNK2, KCNK4, KIT, KLK8, KMT2A, KRAS, LARGE1, LDLR, LGMN, LHX8, LILRB2, LMX1A, LRRC66, LRRN4, MAN2B1, MAP1A, MAPK1, MAPK8IP2, MAPT, MDK, MECP2, MEF2C, MEIS2, MME, MUSK, NCSTN, NDRG4, NEDD9, NETO1, NEUROD2, NEUROG1, NF1, NFATC4, NGF, NLGN3, NLGN4X, NLGN4Y, NOG, NPAS4, NPS, NPTX2, NRXN1, NRXN2, NRXN3, NTAN1, NTF3, NTF4, NTRK1, NTRK2, NTSR1, OPRK1, OPRL1, OXTR, PAFAH1B1, PAIP2, PAK5, PAK6, PAX6, PDE1B, PDE8B, PGRMC1, PIAS1, PICALM, PJA2, PLCB1, PLK2, POMK, PPP1R1B, PPP1R9B, PPP3CB, PPT1, PRKAR1B, PRKAR2B, PRKCG, PRKCZ, PRKN, PRNP, PRRT1, PSEN1, PTCHD1, PTEN, PTGS2, PTN, PTPRZ1, RAG1, RAPGEF3, RASGRF1, RCAN1, RELN, RGS14, RIC8A, RPS6KB1, S100B, SCN2A, SERPINF1, SGK1, SHANK1, SHANK2, SHANK3, SHISA7, SLC11A2, SLC12A5, SLC1A1, SLC24A2, SLC2A4, SLC6A1, SLC6A4, SLC7A11, SLC8A2, SLC8A3, SNAP25, SORCS3, SPECC1, SPG11, SRC, SRF, STRA6, SYNGAP1, SYNJ1, SYT11, SYT4, TACO1, TACR1, TACR2, TAFA2, TANC1, TBR1, TH, THRA, TIFAB, TLR2, TMOD2, TNR, TPBG, TREM2, TSC1, TTBK1, TTC36, TUBA1A, UBA6, UBE3A, UCN, VDAC1, VDAC3, VIP, VLDLR, YTHDF1, ZNF385A
GO:0061178	regulation of insulin secretion involved in cellular response to glucose stimulus	56	2	0.2	0.01640	0.019116279069767442	ABCA12, ABCC8, ADCY5, ADCY8, ADRA2A, ANO1, BAD, BAIAP3, BRSK2, C1QTNF12, C2CD2L, CDK16, CFTR, CRH, DYNLL1, EFNA5, ENY2, EPHA5, FKBP1B, FOXA2, GCG, GHRL, GPLD1, GPR27, GPR68, HIF1A, HLA-DRB1, JAGN1, KLF7, LRP5, MPC2, NADK, NDUFAF2, NR1D1, NR1H4, OSBP, PDE8B, PDX1, PIM3, PLA2G6, PPP3CB, PRKCE, RFX6, SIDT2, SLC2A2, SLC9B2, SRI, STX4, STXBP4, SYBU, TIAM1, TRPM4, TUNAR, UCP2, VSNL1, ZBED6
GO:2000648	positive regulation of stem cell proliferation	56	2	0.2	0.01640	0.019116279069767442	ATXN1L, CCNE1, CITED1, CTNNB1, ELL3, EPCAM, FERMT2, FGF10, FGF2, FGF4, FGF8, FGF9, FGFR1, GJA1, HMGA2, HMX2, HNRNPU, HOXA3, KAT7, KDM1A, KDR, KITLG, LTBP3, MIR320A, MIR320B1, MIR320B2, MIR320C1, MIR320C2, MIR320D1, MIR320D2, MIR320E, MIR93, N4BP2L2, NANOG, NR2E1, OSR2, PBX1, PDCD2, PRRX1, PTPRC, RUNX2, SHOX2, SIRT6, SOX11, SOX9, TBX3, TERT, TGFB1, TGFBR1, THPO, TIAL1, TP63, VEGFC, WNT1, WNT10B, WNT5A
GO:0023051	regulation of signaling	3554	20	12.42	0.01644	0.019116279069767442	AACS, AAK1, AATF, ABAT, ABCA1, ABCA12, ABCA7, ABCC8, ABHD6, ABL1, ABL2, ABR, ABRA, ACAA2, ACE, ACE2, ACHE, ACKR3, ACOD1, ACP3, ACP4, ACSL4, ACTA2, ACTN3, ACTN4, ACTRT1, ACVR1, ACVR1B, ACVR1C, ACVR2A, ACVR2B, ACVRL1, ADA, ADAM10, ADAM17, ADAM8, ADAM9, ADAMTS12, ADAMTS20, ADAMTS3, ADAMTSL2, ADAR, ADCY1, ADCY10, ADCY5, ADCY8, ADCYAP1, ADCYAP1R1, ADGRA2, ADGRB1, ADGRG1, ADGRG3, ADGRV1, ADIPOQ, ADIPOR1, ADISSP, ADM, ADNP, ADORA1, ADORA2A, ADORA2B, ADORA3, ADRA1A, ADRA1B, ADRA2A, ADRA2B, ADRA2C, ADRB2, ADRB3, AFAP1L2, AGER, AGO3, AGPAT1, AGPAT2, AGR2, AGT, AGTR1, AGTR2, AHSG, AIDA, AIM2, AIMP1, AIP, AIPL1, AJUBA, AKAP12, AKAP13, AKAP5, AKAP6, AKAP7, AKIP1, AKR1C2, AKR1C3, AKT1, AKT1S1, AKT3, ALK, ALKAL1, ALKAL2, ALOX12B, ALOX15, ALOX15B, ALOX5, ALPK1, ALPK2, ALS2, AMBP, AMBRA1, AMER1, AMER2, AMER3, AMFR, AMH, AMOT, ANAPC15, ANAPC2, ANGPT1, ANKRD1, ANKRD13C, ANKRD17, ANKRD54, ANKRD6, ANO1, ANXA1, ANXA2, AP1AR, APAF1, APBA1, APBA2, APC, APC2, APCDD1, APCDD1L, APELA, APIP, APLN, APLNR, APLP1, APOA1, APOC3, APOD, APOE, APOL3, APP, APPL1, APPL2, AQP5-AS1, AR, ARAF, ARAP1, ARC, ARF1, ARF6, ARFGAP1, ARFGEF1, ARFGEF2, ARFGEF3, ARG1, ARHGAP1, ARHGAP10, ARHGAP11A, ARHGAP11B, ARHGAP12, ARHGAP15, ARHGAP17, ARHGAP18, ARHGAP19, ARHGAP20, ARHGAP21, ARHGAP22, ARHGAP23, ARHGAP24, ARHGAP25, ARHGAP26, ARHGAP27, ARHGAP28, ARHGAP29, ARHGAP30, ARHGAP31, ARHGAP32, ARHGAP35, ARHGAP39, ARHGAP4, ARHGAP40, ARHGAP42, ARHGAP44, ARHGAP45, ARHGAP5, ARHGAP6, ARHGAP8, ARHGAP9, ARHGDIA, ARHGDIB, ARHGEF1, ARHGEF10, ARHGEF10L, ARHGEF11, ARHGEF12, ARHGEF15, ARHGEF17, ARHGEF18, ARHGEF19, ARHGEF2, ARHGEF25, ARHGEF28, ARHGEF3, ARHGEF4, ARHGEF40, ARHGEF5, ARHGEF9, ARID4A, ARID4B, ARK2C, ARL6IP5, ARMC10, ARMC9, ARMH4, ARNT, ARR3, ARRB1, ARRB2, ARRDC1, ARRDC3, ASAH2, ASCL1, ASH1L, ASIC1, ASPM, ASPN, ASXL1, ASXL2, ATAD1, ATAD5, ATAT1, ATF3, ATF4, ATF6, ATF6B, ATM, ATP1A2, ATP2A2, ATP2B4, ATP2C1, ATP6AP2, ATP6V0C, ATP6V1C2, ATR, ATXN3, AURKA, AURKB, AUTS2, AVP, AVPI1, AVPR1B, AVPR2, AXIN1, AXIN2, AXL, AZI2, BABAM2, BACE1, BAD, BAG4, BAG5, BAIAP2, BAIAP3, BAK1, BAMBI, BANF1, BANK1, BARD1, BARX1, BAX, BBC3, BCAP31, BCAR3, BCHE, BCL10, BCL2, BCL2L1, BCL2L11, BCL2L12, BCL2L14, BCL2L2, BCL3, BCL6, BCL9L, BCLAF1, BCR, BDKRB2, BDNF, BECN1, BECN2, BEGAIN, BEND6, BFAR, BGLAP, BICC1, BICD1, BID, BIRC2, BIRC3, BIRC5, BIRC6, BIRC7, BIRC8, BLK, BMAL1, BMI1, BMP10, BMP2, BMP2K, BMP4, BMP5, BMP6, BMP7, BMP8A, BMPER, BMPR1A, BMPR1B, BMPR2, BMT2, BOK, BOP1, BPIFB1, BRAF, BRAP, BRCA1, BRCA2, BRCC3, BRD4, BRMS1, BRMS1L, BRSK1, BRSK2, BST1, BST2, BTBD9, BTK, BTN2A2, BTRC, BUD31, BVES, C10orf71, C12orf43, C18orf32, C1QBP, C1QL4, C1QTNF1, C1QTNF12, C1QTNF3, C1QTNF4, C22orf39, C2CD2L, C2CD3, C3, C3orf33, C5AR1, C8orf44-SGK3, C9orf72, CA2, CA7, CA8, CAAP1, CACNA1A, CACNA1B, CACNA2D2, CACNB4, CACNG2, CACNG3, CACNG4, CACNG5, CACNG7, CACNG8, CACTIN, CADM1, CADM4, CALB1, CALB2, CALCR, CALM1, CALM2, CALM3, CALR, CAMK2A, CAMK2B, CAMKMT, CAMKV, CAMTA1, CANT1, CAPN1, CAPN10, CAPN3, CAPRIN2, CARD11, CARD16, CARD19, CARD8, CARD9, CARM1, CARTPT, CASC2, CASK, CASP1, CASP10, CASP2, CASP4, CASP8, CASR, CASS4, CASTOR1, CASTOR2, CASTOR3P, CAT, CAV1, CAV2, CAV3, CAVIN3, CBFA2T2, CBL, CBLB, CBLC, CBLN1, CBLN2, CBS, CBY1, CC2D1A, CCAR2, CCBE1, CCDC125, CCDC22, CCDC3, CCDC88A, CCDC88C, CCKAR, CCL1, CCL11, CCL13, CCL14, CCL15, CCL16, CCL17, CCL18, CCL19, CCL2, CCL20, CCL21, CCL22, CCL23, CCL24, CCL25, CCL26, CCL3, CCL3L1, CCL3L3, CCL4, CCL4L1, CCL5, CCL7, CCL8, CCN1, CCN2, CCN3, CCN4, CCNB1, CCNC, CCNK, CCNY, CCNYL1, CCNYL2, CCNYL3, CCR1, CCR2, CCR7, CD109, CD14, CD160, CD177, CD180, CD19, CD22, CD226, CD24, CD27, CD28, CD2AP, CD300A, CD300LF, CD36, CD38, CD3E, CD4, CD40, CD44, CD46, CD47, CD55, CD63, CD74, CD80, CD81, CD86, CDC20, CDC34, CDC37, CDC42, CDC42SE1, CDC42SE2, CDC73, CDCA8, CDH1, CDH11, CDH13, CDH2, CDH3, CDH5, CDK10, CDK13, CDK14, CDK16, CDK20, CDK3, CDK5, CDK5RAP2, CDK5RAP3, CDKL5, CDKN1C, CDKN2AIP, CDKN2B, CDKN2D, CDON, CEACAM1, CELA2A, CELF4, CENPJ, CEP55, CER1, CFLAR, CFTR, CGA, CGAS, CGNL1, CHAC1, CHD5, CHD7, CHD8, CHEK1, CHEK2, CHERP, CHGA, CHI3L1, CHMP2B, CHMP5, CHMP6, CHN1, CHN2, CHP1, CHP2, CHRD, CHRDL1, CHRDL2, CHRM1, CHRM2, CHRM3, CHRNA10, CHRNA2, CHRNA3, CHRNA5, CHRNA6, CHRNA7, CHRNB2, CHRNB3, CHRNB4, CHST11, CHSY1, CHUK, CIB1, CIBAR1, CIDEA, CILP, CISH, CIT, CITED1, CITED2, CLEC12B, CLEC16A, CLEC4D, CLEC6A, CLEC7A, CLN3, CLOCK, CLSTN1, CLSTN2, CLSTN3, CLU, CMAHP, CMKLR1, CMTM3, CNIH2, CNIH3, CNKSR2, CNKSR3, CNOT1, CNOT2, CNOT7, CNOT9, CNR1, CNR2, CNRIP1, CNTN4, CNTN6, CNTNAP4, COL1A1, COL2A1, COL3A1, COPS3, COPS5, CORO7, CPEB3, CPLANE2, CPLX1, CPLX2, CPLX3, CPLX4, CPNE1, CPT1A, CPTP, CRADD, CRB2, CRBN, CREB1, CREB3, CREB3L1, CREBBP, CRH, CRHBP, CRHR1, CRHR2, CRIM1, CRIPTO, CRK, CRKL, CRLF2, CRLF3, CRNN, CRTC3, CRY1, CRY2, CRYBA1, CSF1, CSF1R, CSF2, CSF3, CSH1, CSH2, CSHL1, CSK, CSNK1A1, CSNK1A1L, CSNK1D, CSNK1E, CSNK1G1, CSNK1G2, CSNK1G3, CSNK2A1, CSNK2A2, CSNK2B, CSPG4, CSPG5, CTBP2, CTDNEP1, CTDSPL2, CTH, CTHRC1, CTNNA1, CTNNB1, CTNNBIP1, CTNND1, CTNND2, CTNS, CTSC, CTSD, CTSH, CTSK, CTSL, CTSS, CTSV, CTTN, CUL1, CUL3, CUL4A, CUX2, CX3CL1, CX3CR1, CXCL12, CXCL17, CXCL8, CXCR4, CXXC4, CXXC5, CYBA, CYFIP1, CYFIP2, CYLD, CYP19A1, CYP1B1, CYP26A1, CYP26B1, CYP26C1, CYP27B1, CYP46A1, CYP7B1, CYRIB, CYTH1, CYTH2, CYTH3, CYTH4, DAAM2, DAB1, DAB2, DAB2IP, DACT1, DACT2, DACT3, DAG1, DAND5, DAPK1, DAPK2, DAPK3, DBH, DBN1, DCC, DCDC2, DCN, DCST1, DDIAS, DDIT3, DDIT4, DDIT4L, DDRGK1, DDT, DDX1, DDX21, DDX3X, DDX5, DDX60, DEDD2, DEF6, DEFB114, DEFB118, DENND1A, DENND2B, DENND3, DENND4A, DENND4B, DENND4C, DEPDC1B, DEPDC5, DEPTOR, DGKD, DGKE, DGKG, DGKI, DGKQ, DGKZ, DHH, DHRS3, DHX15, DHX33, DHX36, DHX58, DICER1, DIPK2A, DISC1, DIXDC1, DKK1, DKK2, DKK3, DKK4, DKKL1, DLC1, DLG1, DLG4, DLG5, DLGAP1, DLGAP2, DLGAP3, DLGAP4, DLK1, DLK2, DLL1, DLL3, DLL4, DLX1, DLX2, DLX5, DMPK, DMRT1, DNAAF4, DNAJA1, DNAJB9, DNAJC27, DNM1, DNM1L, DNMBP, DOC2B, DOCK2, DOCK3, DOCK8, DOK1, DOK2, DOK3, DOK4, DOK5, DOK6, DOT1L, DRAXIN, DRD1, DRD2, DRD3, DRD4, DRD5, DSTYK, DTNBP1, DTX1, DUSP1, DUSP10, DUSP13B, DUSP16, DUSP19, DUSP2, DUSP22, DUSP26, DUSP29, DUSP3, DUSP4, DUSP5, DUSP6, DUSP7, DUSP8, DUSP9, DVL1, DVL2, DVL3, DYNC1LI1, DYNC2H1, DYNLL1, DYNLT1, DYRK1A, DYRK2, DYRK3, DYSF, ECE1, ECM1, ECT2, EDA, EDA2R, EDAR, EDN1, EDN2, EDN3, EDNRA, EDNRB, EEF1E1, EFCAB7, EFHB, EFNA1, EFNA5, EFNB3, EGF, EGFL7, EGFR, EGR1, EGR2, EID2, EIF2A, EIF2AK2, EIF2AK3, EIF2AK4, EIF4A3, EIF4E, EIF4E2, EIF4EBP2, EIF5A, EIPR1, ELANE, ELAPOR2, ELF1, ELL3, ELP2, EMD, EMILIN1, EMP2, ENDOG, ENG, ENHO, ENO1, ENPP1, ENSA, ENTREP1, ENY2, EP300, EPGN, EPHA2, EPHA4, EPHA5, EPHA7, EPHA8, EPHB1, EPHB2, EPM2A, EPN2, EPO, EPS15, EPS8, EPS8L1, EPS8L2, EPS8L3, ERBB2, ERBB3, ERBB4, ERBIN, ERC1, ERC2, ERFE, ERN1, ERP29, ERRFI1, ESM1, ESR1, ETAA1, EVC, EXTL3, EYA1, EYA2, EYA3, EYA4, EZH2, EZR, F10, F11R, F2, F2R, F2RL1, F2RL2, F2RL3, F3, F7, FABP5, FADD, FAF1, FAIM, FAIM2, FAM107A, FAM110C, FAM13A, FAM13B, FAM20C, FAM3D, FAM53B, FAM83B, FAM83D, FAM89B, FANCA, FANCD2, FAS, FASLG, FBH1, FBLN1, FBN1, FBN2, FBP1, FBXL15, FBXL17, FBXL2, FBXL20, FBXO2, FBXO4, FBXO45, FBXO7, FBXO8, FBXO9, FBXW11, FBXW7, FCGR2B, FCMR, FCRL3, FEM1B, FER, FER1L4, FER1L5, FERMT1, FERMT2, FFAR1, FFAR2, FFAR3, FFAR4, FGA, FGB, FGD1, FGD2, FGD3, FGD4, FGD5, FGF1, FGF10, FGF18, FGF19, FGF2, FGF20, FGF21, FGF23, FGF4, FGF8, FGF9, FGFBP1, FGFBP3, FGFR1, FGFR2, FGFR3, FGFR4, FGG, FGR, FHL2, FICD, FIGNL1, FIS1, FKBP1A, FKBP1B, FKBP8, FKTN, FLCN, FLNA, FLOT1, FLOT2, FLT1, FLT3, FLT4, FMR1, FN1, FNIP1, FNIP2, FNTA, FOLR1, FOXA1, FOXA2, FOXD1, FOXH1, FOXL1, FOXL2, FOXM1, FOXO1, FOXO3, FOXP1, FPR2, FRAT1, FRMD1, FRMD6, FRMD7, FRMD8, FRMD8P1, FRMPD1, FRRS1L, FRS2, FRZB, FSHB, FSHR, FST, FSTL1, FSTL3, FSTL4, FSTL5, FURIN, FUT7, FUZ, FXN, FXR1, FXR2, FYN, FZD1, FZD10, FZD4, FZD6, FZD7, FZD9, G0S2, G3BP1, G6PC2, GABARAP, GABBR1, GABRR1, GADD45A, GADD45B, GADD45G, GAL, GALNT11, GALR1, GAPDH, GAREM1, GARNL3, GAS1, GAS2, GAS2L2, GAS6, GAS8, GATA1, GATA2, GATA3, GATA4, GATA5, GATA6, GBA1, GBF1, GBP1, GBP2, GBP5, GBP7, GCG, GCK, GCLC, GCLM, GCNT2, GCSAM, GCSAML, GDF15, GDF2, GDF3, GDF5, GDF6, GDF7, GDF9, GDNF, GEN1, GFAP, GFI1, GFRAL, GGNBP2, GH1, GH2, GHITM, GHR, GHRH, GHRHR, GHRL, GHSR, GID8, GIGYF2, GIP, GIPC1, GIPR, GIT1, GIT2, GJA1, GKAP1, GLCE, GLG1, GLI1, GLI3, GLIPR2, GLIS2, GLRX2, GLUD1, GMIP, GNA11, GNA12, GNA13, GNAI1, GNAI2, GNAQ, GNAT1, GNAZ, GNG4, GNG7, GOLPH3, GOLT1B, GORAB, GPAT3, GPATCH3, GPBAR1, GPC1, GPC2, GPC3, GPC4, GPC5, GPC6, GPD1L, GPER1, GPHB5, GPLD1, GPNMB, GPR108, GPR137, GPR137B, GPR137C, GPR143, GPR155, GPR158, GPR161, GPR17, GPR174, GPR18, GPR183, GPR199P, GPR20, GPR21, GPR27, GPR3, GPR35, GPR37, GPR37L1, GPR4, GPR55, GPR61, GPR62, GPR65, GPR68, GPR89A, GPRASP1, GPRC5A, GPRC5B, GPS2, GPX1, GRAMD4, GRAP, GRAP2, GRB10, GRB14, GRB2, GREM1, GREM2, GRIA1, GRIA2, GRIA3, GRIA4, GRID1, GRID2, GRID2IP, GRIK1, GRIK2, GRIK3, GRIK4, GRIK5, GRIN1, GRIN2A, GRIN2B, GRIN2C, GRIN2D, GRIN3A, GRIN3B, GRINA, GRK1, GRK2, GRK3, GRK4, GRK5, GRK6, GRK7, GRM1, GRM2, GRM3, GRM4, GRM5, GRM6, GRM7, GRM8, GRP, GSC, GSDME, GSK3A, GSK3B, GSKIP, GSTP1, GSX2, GTF2H2, GUCA1A, GUCA1ANB-GUCA1A, GUCY1A1, GUCY1A2, GUCY1B1, GUCY2D, GUCY2F, H2BC11, HACD3, HADH, HAND2, HAP1, HAPSTR1, HAVCR2, HAX1, HBEGF, HCAR2, HCFC2, HCLS1, HCRT, HCRTR1, HCST, HDAC1, HDAC2, HDAC3, HDAC6, HDAC7, HECW1, HEG1, HELLS, HERC4, HERPUD1, HES1, HES5, HEXIM1, HEY1, HEY2, HEYL, HFE, HGF, HGS, HHEX, HHIP, HIC1, HIF1A, HIF1AN, HINT1, HIP1, HIP1R, HIPK1, HIPK2, HIPK3, HIPK4, HJV, HLA-DRB1, HLA-G, HMGB1, HMGB2, HMGCR, HMGXB4, HMOX1, HNF1B, HNF4A, HNRNPK, HOMER1, HOMER2, HOMER3, HOXA13, HPSE, HPX, HRAS, HRG, HRH1, HRH4, HSP90AB1, HSPA1A, HSPA1B, HSPA5, HSPA8, HSPB1, HTR1A, HTR1B, HTR2A, HTR2B, HTR2C, HTR6, HTRA1, HTRA2, HTRA3, HTRA4, HTT, HYAL2, HYOU1, IAPP, ICAM1, IER3, IFI35, IFI6, IFIT5, IFNA1, IFNA10, IFNA13, IFNA14, IFNA16, IFNA17, IFNA2, IFNA21, IFNA4, IFNA5, IFNA6, IFNA7, IFNA8, IFNAR1, IFNAR2, IFNB1, IFNE, IFNG, IFNK, IFNL1, IFNW1, IFT122, IFT140, IFT172, IFT20, IFT80, IFT81, IGBP1, IGBP1C, IGF1, IGF1R, IGF2, IGFBP1, IGFBP2, IGFBP3, IGFBP4, IGFBP5, IGFBP6, IGFBP7, IGFBPL1, IGSF1, IGSF11, IHH, IKBKB, IKBKE, IKBKG, IL10, IL10RA, IL10RB, IL11, IL12A, IL12B, IL17F, IL17RD, IL18, IL18R1, IL19, IL1A, IL1B, IL1R1, IL1R2, IL1RN, IL20RA, IL23A, IL23R, IL26, IL34, IL36RN, IL4, IL5, IL6, IL6R, IL6ST, IL7, IL7R, IL9, ILDR1, ILK, INA, INAVA, INCA1, INCENP, ING1, ING2, ING4, ING5, INHA, INHBA, INHBB, INPP5A, INPP5D, INPP5E, INPP5F, INPP5K, INPPL1, INS, INSIG1, INSIG2, INSL3, INSR, INTS9, INTU, INVS, IQCJ-SCHIP1, IQGAP1, IQGAP3, IQSEC1, IQSEC2, IQSEC3, IRAK1, IRAK1BP1, IRAK2, IRAK3, IRAK4, IRF1, IRF3, IRF4, IRF7, IRGM, IRS1, IRS2, ISG15, ISL1, ITCH, ITFG2, ITGA1, ITGA3, ITGA5, ITGA6, ITGA8, ITGAV, ITGB1, ITGB1BP1, ITGB3, ITGB6, ITGB8, ITM2C, ITPKA, ITPKB, ITPR1, ITPR3, ITPRIP, ITSN1, IVNS1ABP, JADE1, JAG1, JAG2, JAGN1, JAK2, JAK3, JCAD, JMJD8, JPH3, JPH4, JPT2, JRK, JUP, KALRN, KANK1, KANK2, KAT2A, KAT6A, KAZALD1, KBTBD6, KBTBD7, KCNA5, KCNB1, KCNJ10, KCNJ11, KCNMB4, KCNN4, KCNQ3, KCP, KCTD10, KCTD12, KCTD13, KCTD16, KCTD21, KCTD6, KCTD8, KDM1A, KDM4C, KDM5B, KDM5D, KDM8, KDR, KIAA0319, KICS2, KIF14, KIF16B, KIF26A, KIF5B, KIF7, KISS1, KIT, KITLG, KL, KLB, KLF14, KLF15, KLF2, KLF7, KLHDC10, KLHL22, KLHL31, KLK14, KLK5, KLK6, KMO, KMT2A, KMT2D, KMT5A, KNL1, KPNA1, KPTN, KRAS, KREMEN1, KSR1, KSR2, LACRT, LAMA1, LAMA2, LAMB1, LAMB2, LAMC1, LAMTOR1, LAMTOR2, LAMTOR3, LAMTOR4, LAMTOR5, LANCL2, LAPTM5, LARGE1, LARS1, LATS1, LATS2, LAX1, LBH, LBP, LBX2, LCK, LCMT1, LDLR, LDLRAD4, LEF1, LEMD2, LEMD3, LEP, LEPROT, LEPROTL1, LFNG, LGALS1, LGALS3, LGALS9, LGI1, LGMN, LGR4, LGR5, LGR6, LHCGR, LIF, LILRA2, LILRA4, LILRA5, LILRB2, LILRB4, LIMD1, LIME1, LIMS1, LIMS2, LIN28A, LIPA, LITAF, LLGL1, LLGL2, LMBR1L, LMCD1, LMNA, LMO3, LMO7, LOC102724560, LONP1, LOX, LOXL3, LPAR1, LPAR2, LPAR3, LPAR4, LPAR6, LPXN, LRCH4, LRFN2, LRG1, LRIG2, LRIT3, LRP1, LRP2, LRP4, LRP5, LRP8, LRPAP1, LRRC14, LRRC19, LRRC32, LRRC4, LRRC4C, LRRC8A, LRRIQ1, LRRK1, LRRK2, LRRTM1, LRRTM2, LSM14A, LTB, LTBP1, LTBP4, LTBR, LTF, LTK, LURAP1, LURAP1L, LY86, LY96, LYN, LYNX1, LYPD6, LYPLAL1, LZTR1, LZTS1, LZTS2, MACF1, MAD1L1, MAD2L1, MAD2L1BP, MAD2L2, MADD, MAGEA1, MAGEA3, MAGED1, MAGI2, MAL, MALT1, MAOA, MAP1A, MAP1B, MAP2K1, MAP2K2, MAP2K3, MAP2K4, MAP2K5, MAP2K6, MAP2K7, MAP3K10, MAP3K11, MAP3K12, MAP3K13, MAP3K20, MAP3K3, MAP3K4, MAP3K5, MAP3K7, MAP4K1, MAP4K2, MAP4K4, MAPK1, MAPK14, MAPK3, MAPK7, MAPK8, MAPK8IP1, MAPK8IP2, MAPK8IP3, MAPK9, MAPKAP1, MAPKAPK2, MAPKAPK5, MAPKBP1, MAPRE2, MAPT, MARCHF7, MARCO, MARK3, MARK4, MARVELD3, MAS1, MAVS, MAZ, MBD5, MBIP, MC1R, MCC, MCF2, MCF2L, MCL1, MCTP1, MCTP2, MCU, MDFI, MDFIC, MDK, MDM2, MECOM, MECP2, MED1, MEF2C, MEFV, MEGF8, MEIS3, MEN1, MESP1, MET, METTL3, MFAP3, MFHAS1, MFN2, MFNG, MGAT5, MGLL, MGRN1, MIB2, MICOS10-NBL1, MID1, MID2, MIDN, MIER1, MIF, MINAR1, MINK1, MIOS, MIR1-1, MIR100, MIR101-1, MIR103A1, MIR106A, MIR107, MIR10A, MIR10B, MIR1224, MIR1246, MIR125A, MIR125B1, MIR126, MIR1260B, MIR1271, MIR130A, MIR132, MIR133A1, MIR133B, MIR135A1, MIR138-1, MIR140, MIR142, MIR145, MIR146A, MIR149, MIR152, MIR15A, MIR15B, MIR16-1, MIR17, MIR181A2, MIR181B1, MIR181D, MIR182, MIR183, MIR185, MIR186, MIR18A, MIR195, MIR198, MIR199A1, MIR199B, MIR19A, MIR19B1, MIR200B, MIR200C, MIR203A, MIR204, MIR205, MIR206, MIR208A, MIR20A, MIR21, MIR210, MIR212, MIR214, MIR218-1, MIR221, MIR222, MIR223, MIR23A, MIR24-1, MIR26A1, MIR26B, MIR27A, MIR27B, MIR296, MIR29A, MIR29B1, MIR29C, MIR302B, MIR302C, MIR30B, MIR30C2, MIR30E, MIR320A, MIR320B1, MIR320B2, MIR320C1, MIR320C2, MIR320D1, MIR320D2, MIR320E, MIR323A, MIR324, MIR329-1, MIR337, MIR340, MIR342, MIR346, MIR34A, MIR34B, MIR34C, MIR361, MIR365A, MIR372, MIR373, MIR375, MIR376C, MIR421, MIR424, MIR433, MIR449A, MIR483, MIR497, MIR498, MIR501, MIR503, MIR508, MIR519A1, MIR519D, MIR520C, MIR541, MIR545, MIR564, MIR573, MIR665, MIR675, MIR708, MIR766, MIR874, MIR885, MIR9-1, MIR92A1, MIR92B, MIR93, MIR95, MIR96, MIR98, MIR99A, MIRLET7A1, MIRLET7B, MIRLET7C, MIRLET7E, MIRLET7F1, MIRLET7G, MKRN2, MKS1, MLF1, MLLT3, MLST8, MMD2, MME, MMP12, MMP14, MMP2, MMP8, MMP9, MMRN2, MN1, MNT, MOB3B, MOS, MOSMO, MPC2, MPIG6B, MPP2, MPV17L, MRAP, MRAP2, MST1, MST1L, MST1R, MSTN, MSX1, MSX2, MT3, MTCH1, MTDH, MTM1, MTMR2, MTMR4, MTNR1B, MTOR, MTURN, MUC1, MUL1, MVB12A, MVB12B, MVP, MYADM, MYB, MYC, MYD88, MYDGF, MYO1C, MYO9A, MYO9B, MYOC, MYOCD, MYOF, MYORG, MYOZ1, MYOZ2, MYRIP, MZB1, NACC2, NADK, NAGK, NAIP, NALCN, NANOS3, NBL1, NBR1, NCAM1, NCDN, NCF1, NCK1, NCK2, NCKAP1L, NCL, NCLN, NCOA1, NCOA3, NCOA5, NCOR1, NCOR2, NCSTN, NDC80, NDFIP1, NDFIP2, NDRG2, NDRG4, NDST1, NDUFA13, NDUFAF2, NDUFS3, NECAB2, NECTIN2, NEDD4, NEFH, NEFL, NEK10, NEK6, NEK7, NEK8, NELFE, NENF, NEO1, NEPRO, NET1, NETO1, NEU3, NEURL1, NEUROD1, NEUROD2, NF1, NF2, NFAM1, NFAT5, NFATC4, NFE2L2, NFKB1, NFKBIA, NFKBIB, NFKBIL1, NGDN, NGEF, NGF, NGFR, NHERF1, NHERF4, NIBAN2, NID1, NINJ1, NKD1, NKD2, NKIRAS1, NKIRAS2, NKX2-1, NKX2-5, NKX3-1, NKX6-1, NLE1, NLGN1, NLGN2, NLGN3, NLGN4X, NLGN4Y, NLK, NLRC3, NLRC5, NLRP12, NLRP2, NLRP2B, NLRP3, NLRP6, NLRX1, NMB, NME5, NMI, NMNAT1, NMT1, NMT2, NMU, NMUR1, NMUR2, NNAT, NOC2L, NOD1, NOD2, NODAL, NOG, NOL3, NOMO1, NOMO3, NONO, NOP2, NOP53, NOS1, NOS1AP, NOS2, NOS3, NOTCH1, NOTCH2, NOTCH2NLA, NOTCH2NLB, NOTCH2NLC, NOTUM, NOX1, NOX4, NPAS4, NPC1, NPFFR2, NPHP3, NPHP4, NPLOC4, NPM1, NPNT, NPPA, NPPC, NPR1, NPRL2, NPRL3, NPS, NPSR1, NPTN, NPVF, NPY5R, NR0B1, NR0B2, NR1D1, NR1H2, NR1H3, NR1H4, NR2C1, NR2E1, NR3C2, NR4A2, NRARP, NREP, NRG1, NRG3, NRK, NRP1, NRROS, NRXN1, NSF, NSG1, NSMF, NTF3, NTF4, NTNG1, NTNG2, NTRK1, NTRK2, NTRK3, NTS, NTSR1, NUAK1, NUAK2, NUCKS1, NUMA1, NUP62, NUP93, NUPR1, NXN, OAS1, OAS3, OASL, OBSCN, OCIAD1, OCIAD2, OGT, ONECUT1, ONECUT2, OPA1, OPHN1, OPRK1, OPRL1, OPRM1, OPTN, OR2AT4, OR51E2, ORAI1, OSBP, OSBPL8, OSM, OTOF, OTOP1, OTUB1, OTUD3, OTUD4, OTUD5, OTUD7B, OTULIN, OTX2, OVOL2, OXTR, P2RX1, P2RX2, P2RX3, P2RX4, P2RX5, P2RX7, P2RY1, P2RY10, P2RY12, P2RY4, P2RY6, P2RY8, P4HB, PACSIN2, PADI2, PAFAH1B1, PAGE4, PAGR1, PAIP2, PAK1, PAK1IP1, PAK2, PAK3, PAK4, PAK5, PAK6, PALM, PALM3, PALS1, PAQR3, PARK7, PARL, PARP1, PARP14, PARP9, PASK, PATE4, PAWR, PAX8, PBK, PBLD, PBXIP1, PCBP2, PCDH17, PCDH8, PCGF2, PCID2, PCK2, PCSK6, PCSK9, PDC, PDCD10, PDCD4, PDCD6, PDCL, PDE10A, PDE11A, PDE2A, PDE3A, PDE3B, PDE4A, PDE4B, PDE4D, PDE5A, PDE6G, PDE6H, PDE8A, PDE8B, PDE9A, PDGFA, PDGFB, PDGFC, PDGFD, PDGFRA, PDGFRB, PDIA3, PDK2, PDPK1, PDX1, PEA15, PEBP1, PEG10, PELI1, PELI2, PELI3, PELO, PER1, PER2, PEX5L, PF4, PFDN5, PFKFB2, PFKL, PFKM, PFN1, PFN2, PHACTR4, PHB1, PHB2, PHF14, PHF24, PHIP, PHLDA3, PHLPP1, PHPT1, PIAS2, PIAS4, PIBF1, PICK1, PID1, PIDD1, PIGBOS1, PIGU, PIH1D1, PIK3AP1, PIK3CA, PIK3CB, PIK3CG, PIK3IP1, PIK3R1, PIK3R2, PIK3R5, PIK3R6, PIM1, PIM2, PIM3, PIN1, PINK1, PIP4K2A, PIP4K2B, PIP4K2C, PIP4P1, PIP5K1A, PIP5K1B, PIP5K1C, PJA2, PKD2, PKHD1, PKN1, PLA2G1B, PLA2G2A, PLA2G3, PLA2G5, PLA2G6, PLA2R1, PLAGL2, PLAT, PLAU, PLAUR, PLCB1, PLCG1, PLCG2, PLCL1, PLCL2, PLEK, PLEKHA1, PLEKHA4, PLEKHF1, PLEKHG1, PLEKHG3, PLEKHG4, PLEKHG4B, PLEKHG5, PLEKHG6, PLG, PLIN5, PLK2, PLK3, PLPP3, PLPPR4, PLSCR1, PLXNB1, PMAIP1, PMEPA1, PML, PNKD, POFUT1, POGLUT1, POMC, POSTN, PPARA, PPARD, PPARG, PPEF2, PPFIA2, PPFIA3, PPIA, PPIF, PPM1A, PPM1B, PPM1N, PPP1CA, PPP1R10, PPP1R15A, PPP1R15B, PPP1R16B, PPP1R2, PPP1R2B, PPP1R2C, PPP1R2P1, PPP1R9A, PPP1R9B, PPP2CA, PPP2CB, PPP2R1A, PPP2R1B, PPP2R5B, PPP3CA, PPP3CB, PPP3CC, PPP3R1, PPP3R2, PPP5C, PPP6C, PRAG1, PRAME, PRAP1, PRCP, PRDM11, PRDM14, PRDM15, PRDM16, PRDX1, PRDX2, PRELID1, PREPL, PREX1, PREX2, PRICKLE1, PRKAA1, PRKAA2, PRKACA, PRKACB, PRKAR1A, PRKAR1B, PRKAR2B, PRKCA, PRKCB, PRKCD, PRKCE, PRKCG, PRKCH, PRKCI, PRKCQ, PRKCZ, PRKD1, PRKD2, PRKDC, PRKN, PRKRA, PRL, PRLR, PRMT1, PRMT2, PRMT5, PRMT6, PRNP, PRODH, PROK1, PROX1, PRR5, PRR5L, PRRT1, PRRT2, PRRX1, PRXL2C, PSCA, PSD, PSD2, PSD3, PSD4, PSEN1, PSMD10, PSMD9, PSME3, PTBP1, PTCH1, PTCH2, PTEN, PTGDR2, PTGIR, PTGIS, PTGS2, PTH, PTK2, PTK2B, PTK6, PTK7, PTN, PTP4A3, PTPMT1, PTPN1, PTPN11, PTPN12, PTPN13, PTPN18, PTPN2, PTPN22, PTPN23, PTPN3, PTPN6, PTPRA, PTPRC, PTPRD, PTPRE, PTPRJ, PTPRO, PTPRR, PTPRS, PTPRT, PTPRU, PTTG1IP, PUM1, PUM2, PVRIG, PWP1, PXDN, PXK, PXN, PYCARD, PYCR1, PYDC1, PYDC2, PYDC5, PYHIN1, QARS1, RAB11FIP1, RAB11FIP3, RAB11FIP5, RAB29, RAB34, RAB3A, RAB3GAP1, RAB5A, RAB7A, RAB7B, RAB8A, RAB8B, RABGEF1, RABL3, RAC1, RACGAP1, RACK1, RAD51, RAD9A, RAF1, RALA, RALB, RALBP1, RALGAPA1, RALGAPA2, RALGAPB, RALGPS1, RAMP1, RAMP2, RAMP3, RANBP9, RAP1A, RAP1B, RAP1BL, RAP1GAP, RAP1GAP2, RAP1GDS1, RAP2A, RAPGEF2, RAPGEF3, RAPGEF4, RAPSN, RARA, RASA2, RASA3, RASA4, RASA4B, RASAL1, RASAL3, RASD2, RASGEF1A, RASGRF1, RASGRF2, RASGRP1, RASGRP4, RASIP1, RASL10B, RASL11B, RASSF2, RB1, RB1CC1, RBBP4, RBBP7, RBCK1, RBM4, RBM47, RBMS3, RBP4, RBPJ, RBPMS2, RBX1, RC3H1, RC3H2, RCAN1, RCN3, RDH11, RDX, RECK, REL, RELA, RELL1, RELL2, RELN, REN, REST, RET, RETN, RFFL, RFNG, RFPL1, RFPL2, RFPL3, RFPL4A, RFPL4AL1, RFWD3, RFX3, RFX6, RGL2, RGMA, RGN, RGS1, RGS10, RGS11, RGS12, RGS13, RGS14, RGS16, RGS17, RGS18, RGS19, RGS2, RGS20, RGS21, RGS22, RGS3, RGS4, RGS5, RGS6, RGS7, RGS7BP, RGS8, RGS9, RGS9BP, RHBDF1, RHBDF2, RHEB, RHO, RHOA, RHOC, RHOD, RHOF, RHOH, RHOU, RIC8B, RICTOR, RIMS1, RIMS2, RIMS3, RIMS4, RIOK3, RIPK1, RIPK2, RIPK3, RIPOR2, RIT2, RITA1, RNASEH2B, RNF111, RNF113A, RNF115, RNF125, RNF126, RNF13, RNF14, RNF146, RNF149, RNF152, RNF167, RNF170, RNF183, RNF185, RNF19A, RNF213, RNF220, RNF31, RNF34, RNF41, RNF43, RNF6, ROBO1, ROBO2, ROCK1, ROCK2, ROR1, ROR2, RORA, ROS1, RPA2, RPF2, RPGRIP1L, RPH3AL, RPL11, RPL23, RPL26, RPL37, RPL5, RPS12, RPS15, RPS20, RPS3, RPS6KA1, RPS6KA6, RPS6KB1, RPS7, RPTOR, RRAGA, RRAGB, RRAGC, RRAGD, RRAS, RRM2B, RRN3, RRS1, RS1, RSAD2, RSPO1, RSPO2, RSPO3, RSPO4, RTKN2, RTN4, RTN4R, RUBCN, RUNDC3A, RUNX2, RUVBL1, RUVBL2, RWDD3, RXFP2, RXRA, RXRB, RYK, S100A12, S100A13, S100A4, S100A7, S100A8, S100A9, S100B, S1PR2, SAFB2, SAG, SALL1, SAMHD1, SAP130, SAP30, SAP30L, SARM1, SASH1, SCAI, SCEL, SCG2, SCG5, SCGN, SCHIP1, SCIMP, SCRIB, SCRT2, SCT, SCTR, SCUBE1, SCUBE3, SCYL2, SDCBP, SDHAF2, SEC13, SEC14L1, SECTM1, SEH1L, SELENOK, SELENOS, SELENOT, SELP, SEMA3A, SEMA3E, SEMA4C, SEMA4D, SEMA5A, SEMA6A, SEMA7A, SENP2, SEPTIN4, SEPTIN5, SERINC3, SERP1, SERPINA12, SERPINB3, SERPINE1, SERPINE2, SERPINF2, SESN1, SESN2, SESN3, SETD9, SEZ6, SEZ6L, SEZ6L2, SFPQ, SFRP1, SFRP2, SFRP4, SFRP5, SGK1, SGK3, SGMS1, SGSM3, SH2B1, SH2B2, SH2B3, SH2D1A, SH3BP1, SH3BP4, SH3RF1, SH3RF2, SH3RF3, SH3TC2, SHANK1, SHANK2, SHANK3, SHARPIN, SHC1, SHH, SHISA2, SHISA3, SHISA5, SHISA6, SHISA7, SHISA8, SHISA9, SHKBP1, SHOC2, SHOX2, SIAH1, SIAH2, SIDT2, SIGIRR, SIK2, SIK3, SIN3A, SINHCAF, SIPA1, SIPA1L1, SIPA1L2, SIPA1L3, SIRPA, SIRT1, SIRT2, SIRT3, SIRT4, SIRT6, SKI, SKIL, SKOR1, SKOR2, SKP2, SLA, SLA2, SLAMF1, SLC12A2, SLC15A2, SLC15A3, SLC15A4, SLC16A1, SLC18A3, SLC1A1, SLC1A3, SLC20A1, SLC24A1, SLC24A2, SLC24A4, SLC25A22, SLC25A31, SLC25A4, SLC25A5, SLC25A6, SLC27A4, SLC2A10, SLC2A2, SLC2A4, SLC30A1, SLC30A10, SLC30A8, SLC35B2, SLC35C1, SLC35C2, SLC35F6, SLC38A1, SLC38A2, SLC38A9, SLC39A10, SLC39A14, SLC39A8, SLC44A2, SLC46A2, SLC4A10, SLC4A8, SLC6A1, SLC6A4, SLC6A6, SLC6A9, SLC7A10, SLC7A11, SLC8A2, SLC8A3, SLC8B1, SLC9A1, SLC9B2, SLIT2, SLIT3, SLURP2, SMAD2, SMAD3, SMAD4, SMAD5, SMAD5-AS1, SMAD6, SMAD7, SMARCA4, SMARCB1, SMCR8, SMIM30, SMO, SMOC2, SMPD1, SMPDL3B, SMURF1, SMURF2, SMYD2, SNAI1, SNAI2, SNAP25, SNAPIN, SNCA, SNCAIP, SNCG, SNIP1, SNW1, SNX13, SNX14, SNX25, SNX3, SNX4, SNX5, SNX6, SOCS1, SOCS2, SOCS3, SOCS4, SOCS5, SOCS6, SOCS7, SOD1, SOD2, SORBS1, SORBS3, SORCS2, SORCS3, SORL1, SOS1, SOS2, SOST, SOSTDC1, SOX10, SOX11, SOX13, SOX17, SOX2, SOX30, SOX4, SOX7, SOX9, SP100, SPAAR, SPAG9, SPART, SPATA13, SPATA2, SPATC1L, SPEF1, SPHK1, SPHK2, SPI1, SPIN1, SPINK1, SPP1, SPPL2A, SPPL2B, SPPL3, SPRED1, SPRED2, SPRED3, SPRING1, SPRY1, SPRY2, SPRY3, SPRY4, SPTBN1, SQSTM1, SRARP, SRC, SREBF1, SREBF2, SRF, SRGAP2, SRGAP3, SRI, SRMS, SRPX, SSH1, SSTR4, SSTR5, SSX2IP, STAMBP, STAMBPL1, STAP1, STARD13, STARD8, STAT1, STAT2, STAT3, STAU1, STAU2, STIMATE, STING1, STK11, STK19, STK25, STK3, STK36, STK38, STK39, STK4, STK40, STMN1, STMN3, STMP1, STOX1, STRADB, STRAP, STRN3, STUB1, STX1A, STX1B, STX3, STX4, STXBP1, STXBP4, STXBP5, STYX, STYXL1, STYXL2, SUDS3, SUFU, SULF1, SULF2, SUMO4, SV2B, SV2C, SWAP70, SYAP1, SYBU, SYDE1, SYDE2, SYK, SYN1, SYN3, SYNE1, SYNGAP1, SYNGR1, SYNJ2BP, SYNPO2L, SYP, SYT1, SYT11, SYT12, SYT14P1, SYT4, SYT7, SYTL4, SYVN1, SZT2, TAB1, TAB2, TAB3, TACR1, TACR2, TAF1, TAF9, TAF9B, TAFA1, TAFA4, TAGAP, TANK, TAOK1, TAOK2, TAOK3, TARBP2, TARDBP, TASL, TAX1BP1, TAX1BP3, TBC1D10C, TBC1D16, TBC1D24, TBC1D7, TBC1D7-LOC100130357, TBCK, TBK1, TBL1X, TBL1XR1, TBX1, TBX18, TBX20, TCF21, TCF7L1, TCF7L2, TCIM, TCIRG1, TCTN1, TEDC1, TEDC2, TEK, TELO2, TENM1, TERF2IP, TERT, TESPA1, TET1, TFAP2B, TFG, TFR2, TFRC, TGFA, TGFB1, TGFB1I1, TGFB2, TGFB3, TGFBR1, TGFBR2, TGFBR3, TGFBR3L, TGM2, THBS1, THPO, THRA, THRB, THY1, TIAL1, TIAM1, TIAM2, TICAM1, TICAM2, TIFA, TIFAB, TIMP1, TIRAP, TKFC, TLE1, TLE2, TLE3, TLE4, TLE5, TLE6, TLE7, TLR1, TLR2, TLR3, TLR4, TLR6, TLR7, TLR9, TM2D3, TM7SF3, TMBIM1, TMBIM4, TMBIM6, TMC8, TMED2, TMED4, TMEM100, TMEM101, TMEM106A, TMEM108, TMEM127, TMEM131L, TMEM132A, TMEM14A, TMEM161A, TMEM170B, TMEM196, TMEM198, TMEM204, TMEM237, TMEM25, TMEM33, TMEM53, TMEM64, TMEM88, TMEM88B, TMEM9, TMEM9B, TMF1, TMOD2, TMPRSS6, TMSB4X, TNF, TNFAIP1, TNFAIP3, TNFAIP6, TNFAIP8L1, TNFAIP8L3, TNFRSF10B, TNFRSF11A, TNFRSF12A, TNFRSF19, TNFRSF1A, TNFSF10, TNFSF11, TNFSF12, TNFSF14, TNIK, TNIP1, TNIP2, TNIP3, TNKS, TNKS2, TNN, TNR, TNS2, TNXB, TOB1, TP53, TP53RK, TP63, TP73, TPBG, TPBGL, TPD52L1, TPR, TPRG1L, TPT1, TRABD2A, TRABD2B, TRADD, TRAF1, TRAF2, TRAF3, TRAF3IP2, TRAF4, TRAF5, TRAF6, TRAF7, TRAIP, TRAP1, TRAT1, TREM2, TREML4, TREX1, TRH, TRIAP1, TRIB1, TRIM11, TRIM13, TRIM15, TRIM16, TRIM21, TRIM22, TRIM24, TRIM25, TRIM26, TRIM3, TRIM31, TRIM32, TRIM33, TRIM34, TRIM38, TRIM39, TRIM40, TRIM41, TRIM44, TRIM5, TRIM52, TRIM55, TRIM56, TRIM58, TRIM59, TRIM6, TRIM60, TRIM62, TRIM67, TRIM68, TRIM72, TRIM8, TRIO, TRIP6, TRPM4, TRPV4, TSC1, TSC2, TSC22D1, TSG101, TSHZ3, TSKU, TSLP, TSPAN14, TSPAN15, TSPAN5, TSPAN6, TSPEAR, TSPO, TSPYL2, TSPYL5, TTC21B, TTC23, TTI1, TTI2, TTLL12, TUB, TUBB2B, TUBD1, TULP3, TUNAR, TWIST1, TWSG1, TXK, TXN, TXNDC12, TXNDC15, TYK2, TYRO3, TYROBP, UACA, UBA5, UBAC2, UBASH3A, UBASH3B, UBB, UBD, UBE2B, UBE2D1, UBE2D3, UBE2K, UBE2N, UBE2O, UBE2V1, UBE2W, UBE3A, UBQLN1, UBQLN2, UBR1, UBR2, UBR5, UCHL1, UCHL5, UCMA, UCN, UCN3, UCP2, UFD1, UFL1, UFM1, UFSP2, UGCG, ULK1, ULK3, ULK4, UNC13A, UNC13B, UNC13C, UNC5B, UNC5CL, UQCC2, URB2, URI1, USP1, USP10, USP15, USP17L2, USP18, USP2, USP20, USP26, USP27X, USP29, USP32, USP33, USP34, USP4, USP44, USP46, USP47, USP50, USP7, USP8, USP9X, VAMP2, VAMP3, VAMP7, VAMP8, VAPA, VASN, VAV1, VAV2, VAV3, VCP, VDAC2, VDR, VEGFA, VEGFC, VEPH1, VGF, VGLL4, VHL, VNN1, VPS11, VPS18, VPS25, VPS35, VRK2, VRK3, VSNL1, VTN, VWA2, VWC2, VWC2L, VWF, WAC, WASF1, WBP2, WDFY1, WDR11, WDR24, WDR48, WDR54, WDR59, WDR76, WDR83, WDR91, WFIKKN1, WFIKKN2, WFS1, WIF1, WLS, WNK1, WNK2, WNT1, WNT10B, WNT11, WNT16, WNT3, WNT3A, WNT4, WNT5A, WNT5B, WNT7A, WNT7B, WTIP, WWC1, WWC2, WWC3, WWOX, WWP2, WWTR1, XBP1, XCL1, XCL2, XDH, XIAP, XRCC3, YAP1, YBX3, YJEFN3, YJU2, YTHDF1, YTHDF2, YTHDF3, YWHAB, YWHAG, YWHAH, YWHAZ, ZAP70, ZBED3, ZBED6, ZBP1, ZBTB7A, ZBTB7B, ZC3H12A, ZC3H3, ZC3HC1, ZCCHC3, ZDHHC12, ZDHHC13, ZDHHC17, ZDHHC18, ZDHHC2, ZDHHC3, ZDHHC5, ZDHHC7, ZEB1, ZEB2, ZFAND2B, ZFAND6, ZFYVE28, ZGPAT, ZIC1, ZMIZ1, ZMPSTE24, ZMYND11, ZMYND8, ZNF366, ZNF385A, ZNF423, ZNF451, ZNF536, ZNF592, ZNF622, ZNF653, ZNF675, ZNF703, ZNHIT1, ZNRF1, ZNRF3, ZNRF4, ZRANB1, ZSWIM2, ZWINT
GO:0007612	learning	153	3	0.53	0.01644	0.019116279069767442	AAAS, ABCA7, ABCC8, ABL1, ADAM2, ADCY3, ADGRB3, APP, ARC, ARF4, ASIC1, ATAD1, ATP1A2, ATP8A1, ATXN1, ATXN1L, B3GAT1, B4GALT2, BCHE, BRAF, BRSK1, BTG2, C1QL1, CDK5, CHRNB2, CHST10, CIC, CLDN5, CLN3, CLN8, CLSTN2, CNTNAP2, COMT, CRH, CSMD1, CTNS, DBH, DDHD2, DKK1, DLG4, DRD1, DRD2, DRD3, DRD5, EIF2AK4, EIF4A3, ELAVL4, EN1, EPHB2, FGF13, FOS, FOSL1, FOXB1, FYN, GABRA5, GIT1, GPR88, GRIN1, GRIN2A, GRM5, HIF1A, HMGCR, HRH1, HTT, IFT20, INSR, ITGB1, JPH3, JPH4, KIT, KMT2A, KRAS, LGMN, LRRN4, MAP1A, MAPK8IP2, MECP2, MEIS2, NDRG4, NETO1, NEUROD2, NF1, NLGN3, NLGN4X, NLGN4Y, NOG, NPAS4, NPS, NPTX2, NRXN1, NRXN2, NRXN3, NTRK2, NTSR1, OPRK1, OPRL1, PAK5, PAK6, PDE1B, PDE8B, PGRMC1, PIAS1, PLCB1, PPP1R1B, PPP1R9B, PPP3CB, PPT1, PRKAR2B, PRKN, PTGS2, PTN, RAG1, RAPGEF3, RELN, RGS14, RIC8A, SHANK1, SHANK2, SHANK3, SLC12A5, SLC1A1, SLC24A2, SLC6A1, SLC7A11, SLC8A2, SLC8A3, SNAP25, SORCS3, SPECC1, SRF, STRA6, SYNGAP1, SYNJ1, SYT11, TACO1, TACR1, TACR2, TAFA2, TANC1, TBR1, TH, TLR2, TNR, TPBG, TSC1, TTC36, TUBA1A, UBA6, UBE3A, UCN, VDAC1, VDAC3, YTHDF1
GO:0010646	regulation of cell communication	3559	20	12.44	0.01668	0.019305555555555555	AACS, AAK1, AATF, ABAT, ABCA1, ABCA12, ABCA7, ABCC8, ABHD6, ABL1, ABL2, ABR, ABRA, ACAA2, ACE, ACE2, ACHE, ACKR3, ACOD1, ACP3, ACP4, ACSL4, ACTA2, ACTN3, ACTN4, ACTRT1, ACVR1, ACVR1B, ACVR1C, ACVR2A, ACVR2B, ACVRL1, ADA, ADAM10, ADAM17, ADAM8, ADAM9, ADAMTS12, ADAMTS20, ADAMTS3, ADAMTSL2, ADAR, ADCY1, ADCY10, ADCY5, ADCY8, ADCYAP1, ADCYAP1R1, ADGRA2, ADGRB1, ADGRG1, ADGRG3, ADGRV1, ADIPOQ, ADIPOR1, ADISSP, ADM, ADNP, ADORA1, ADORA2A, ADORA2B, ADORA3, ADRA1A, ADRA1B, ADRA2A, ADRA2B, ADRA2C, ADRB2, ADRB3, AFAP1L2, AGER, AGO3, AGPAT1, AGPAT2, AGR2, AGT, AGTR1, AGTR2, AHSG, AIDA, AIM2, AIMP1, AIP, AIPL1, AJUBA, AKAP12, AKAP13, AKAP5, AKAP6, AKAP7, AKIP1, AKR1C2, AKR1C3, AKT1, AKT1S1, AKT3, ALK, ALKAL1, ALKAL2, ALOX12B, ALOX15, ALOX15B, ALOX5, ALPK1, ALPK2, ALS2, AMBP, AMBRA1, AMER1, AMER2, AMER3, AMFR, AMH, AMOT, ANAPC15, ANAPC2, ANGPT1, ANK2, ANK3, ANKRD1, ANKRD13C, ANKRD17, ANKRD54, ANKRD6, ANO1, ANXA1, APAF1, APBA1, APBA2, APC, APC2, APCDD1, APCDD1L, APELA, APIP, APLN, APLNR, APLP1, APOA1, APOC3, APOD, APOE, APOL3, APP, APPL1, APPL2, AQP5-AS1, AR, ARAF, ARAP1, ARC, ARF1, ARF6, ARFGAP1, ARFGEF1, ARFGEF2, ARFGEF3, ARG1, ARHGAP1, ARHGAP10, ARHGAP11A, ARHGAP11B, ARHGAP12, ARHGAP15, ARHGAP17, ARHGAP18, ARHGAP19, ARHGAP20, ARHGAP21, ARHGAP22, ARHGAP23, ARHGAP24, ARHGAP25, ARHGAP26, ARHGAP27, ARHGAP28, ARHGAP29, ARHGAP30, ARHGAP31, ARHGAP32, ARHGAP35, ARHGAP39, ARHGAP4, ARHGAP40, ARHGAP42, ARHGAP44, ARHGAP45, ARHGAP5, ARHGAP6, ARHGAP8, ARHGAP9, ARHGDIA, ARHGDIB, ARHGEF1, ARHGEF10, ARHGEF10L, ARHGEF11, ARHGEF12, ARHGEF15, ARHGEF17, ARHGEF18, ARHGEF19, ARHGEF2, ARHGEF25, ARHGEF28, ARHGEF3, ARHGEF4, ARHGEF40, ARHGEF5, ARHGEF9, ARID4A, ARID4B, ARK2C, ARL6IP5, ARMC10, ARMC9, ARMH4, ARNT, ARR3, ARRB1, ARRB2, ARRDC1, ARRDC3, ASAH2, ASCL1, ASH1L, ASIC1, ASPM, ASPN, ASXL1, ASXL2, ATAD1, ATAD5, ATAT1, ATF3, ATF4, ATF6, ATF6B, ATM, ATP1A2, ATP2A2, ATP2B4, ATP2C1, ATP6AP2, ATP6V0C, ATP6V1C2, ATR, ATXN3, AURKA, AURKB, AUTS2, AVP, AVPI1, AVPR1A, AVPR1B, AVPR2, AXIN1, AXIN2, AXL, AZI2, BABAM2, BACE1, BAD, BAG4, BAG5, BAIAP2, BAIAP3, BAK1, BAMBI, BANF1, BANK1, BARD1, BARX1, BAX, BBC3, BCAP31, BCAR3, BCHE, BCL10, BCL2, BCL2L1, BCL2L11, BCL2L12, BCL2L14, BCL2L2, BCL3, BCL6, BCL9L, BCLAF1, BCR, BDKRB2, BDNF, BECN1, BECN2, BEGAIN, BEND6, BFAR, BGLAP, BICC1, BICD1, BID, BIRC2, BIRC3, BIRC5, BIRC6, BIRC7, BIRC8, BLK, BMAL1, BMI1, BMP10, BMP2, BMP2K, BMP4, BMP5, BMP6, BMP7, BMP8A, BMPER, BMPR1A, BMPR1B, BMPR2, BMT2, BOK, BOP1, BPIFB1, BRAF, BRAP, BRCA1, BRCA2, BRCC3, BRD4, BRMS1, BRMS1L, BRSK1, BRSK2, BST1, BST2, BTBD9, BTK, BTN2A2, BTRC, BUD31, C10orf71, C12orf43, C18orf32, C1QBP, C1QL4, C1QTNF1, C1QTNF12, C1QTNF3, C1QTNF4, C22orf39, C2CD2L, C2CD3, C3, C3orf33, C5AR1, C8orf44-SGK3, C9orf72, CA2, CA7, CA8, CAAP1, CACNA1A, CACNA1B, CACNA2D2, CACNB4, CACNG2, CACNG3, CACNG4, CACNG5, CACNG7, CACNG8, CACTIN, CADM1, CADM4, CALB1, CALB2, CALCR, CALM1, CALM2, CALM3, CALR, CAMK2A, CAMK2B, CAMK2D, CAMKMT, CAMKV, CAMTA1, CANT1, CAPN1, CAPN10, CAPN3, CAPRIN2, CARD11, CARD16, CARD19, CARD8, CARD9, CARM1, CARTPT, CASC2, CASK, CASP1, CASP10, CASP2, CASP4, CASP8, CASQ2, CASR, CASS4, CASTOR1, CASTOR2, CASTOR3P, CAT, CAV1, CAV2, CAV3, CAVIN3, CBFA2T2, CBL, CBLB, CBLC, CBLN1, CBLN2, CBS, CBY1, CC2D1A, CCAR2, CCBE1, CCDC125, CCDC22, CCDC3, CCDC88A, CCDC88C, CCKAR, CCL1, CCL11, CCL13, CCL14, CCL15, CCL16, CCL17, CCL18, CCL19, CCL2, CCL20, CCL21, CCL22, CCL23, CCL24, CCL25, CCL26, CCL3, CCL3L1, CCL3L3, CCL4, CCL4L1, CCL5, CCL7, CCL8, CCN1, CCN2, CCN3, CCN4, CCNB1, CCNC, CCNK, CCNY, CCNYL1, CCNYL2, CCNYL3, CCR1, CCR2, CCR7, CD109, CD14, CD160, CD177, CD180, CD19, CD22, CD226, CD24, CD27, CD28, CD2AP, CD300A, CD300LF, CD36, CD38, CD3E, CD4, CD40, CD44, CD46, CD47, CD55, CD63, CD74, CD80, CD81, CD86, CDC20, CDC34, CDC37, CDC42, CDC42SE1, CDC42SE2, CDC73, CDCA8, CDH1, CDH11, CDH13, CDH2, CDH3, CDH5, CDK10, CDK13, CDK14, CDK16, CDK20, CDK3, CDK5, CDK5RAP2, CDK5RAP3, CDKL5, CDKN1C, CDKN2AIP, CDKN2B, CDKN2D, CDON, CEACAM1, CELA2A, CELF4, CENPJ, CEP55, CER1, CFLAR, CFTR, CGA, CGAS, CGNL1, CHAC1, CHD5, CHD7, CHD8, CHEK1, CHEK2, CHERP, CHGA, CHI3L1, CHMP2B, CHMP6, CHN1, CHN2, CHP1, CHP2, CHRD, CHRDL1, CHRDL2, CHRM1, CHRM2, CHRM3, CHRNA10, CHRNA2, CHRNA3, CHRNA5, CHRNA6, CHRNA7, CHRNB2, CHRNB3, CHRNB4, CHST11, CHSY1, CHUK, CIB1, CIBAR1, CIDEA, CILP, CISH, CIT, CITED1, CITED2, CLEC12B, CLEC16A, CLEC4D, CLEC6A, CLEC7A, CLN3, CLOCK, CLSTN1, CLSTN2, CLSTN3, CLU, CMAHP, CMKLR1, CMTM3, CNIH2, CNIH3, CNKSR2, CNKSR3, CNOT1, CNOT2, CNOT7, CNOT9, CNR1, CNR2, CNRIP1, CNTN4, CNTN6, CNTNAP4, COL1A1, COL2A1, COL3A1, COPS3, COPS5, CORO7, CPEB3, CPLANE2, CPLX1, CPLX2, CPLX3, CPLX4, CPNE1, CPT1A, CPTP, CRADD, CRB2, CRBN, CREB1, CREB3, CREB3L1, CREBBP, CRH, CRHBP, CRHR1, CRHR2, CRIM1, CRIPTO, CRK, CRKL, CRLF2, CRLF3, CRNN, CRTC3, CRY1, CRY2, CRYBA1, CSF1, CSF1R, CSF2, CSF3, CSH1, CSH2, CSHL1, CSK, CSNK1A1, CSNK1A1L, CSNK1D, CSNK1E, CSNK1G1, CSNK1G2, CSNK1G3, CSNK2A1, CSNK2A2, CSNK2B, CSPG4, CSPG5, CTBP2, CTDNEP1, CTDSPL2, CTH, CTHRC1, CTNNA1, CTNNB1, CTNNBIP1, CTNND1, CTNND2, CTNS, CTSC, CTSD, CTSH, CTSK, CTSL, CTSS, CTSV, CTTN, CUL1, CUL3, CUL4A, CUX2, CX3CL1, CX3CR1, CXADR, CXCL12, CXCL17, CXCL8, CXCR4, CXXC4, CXXC5, CYBA, CYFIP1, CYFIP2, CYLD, CYP19A1, CYP1B1, CYP26A1, CYP26B1, CYP26C1, CYP27B1, CYP46A1, CYP7B1, CYRIB, CYTH1, CYTH2, CYTH3, CYTH4, DAAM2, DAB1, DAB2, DAB2IP, DACT1, DACT2, DACT3, DAG1, DAND5, DAPK1, DAPK2, DAPK3, DBH, DBN1, DCC, DCDC2, DCN, DCST1, DDIAS, DDIT3, DDIT4, DDIT4L, DDO, DDRGK1, DDT, DDX1, DDX21, DDX3X, DDX5, DDX60, DEDD2, DEF6, DEFB114, DEFB118, DENND1A, DENND2B, DENND3, DENND4A, DENND4B, DENND4C, DEPDC1B, DEPDC5, DEPTOR, DGKD, DGKE, DGKG, DGKI, DGKQ, DGKZ, DHH, DHRS3, DHX15, DHX33, DHX36, DHX58, DICER1, DIPK2A, DISC1, DIXDC1, DKK1, DKK2, DKK3, DKK4, DKKL1, DLC1, DLG1, DLG4, DLG5, DLGAP1, DLGAP2, DLGAP3, DLGAP4, DLK1, DLK2, DLL1, DLL3, DLL4, DLX1, DLX2, DLX5, DMPK, DMRT1, DNAAF4, DNAJA1, DNAJB9, DNAJC27, DNM1, DNM1L, DNMBP, DOC2B, DOCK2, DOCK3, DOCK8, DOK1, DOK2, DOK3, DOK4, DOK5, DOK6, DOT1L, DRAXIN, DRD1, DRD2, DRD3, DRD4, DRD5, DSTYK, DTNBP1, DTX1, DUSP1, DUSP10, DUSP13B, DUSP16, DUSP19, DUSP2, DUSP22, DUSP26, DUSP29, DUSP3, DUSP4, DUSP5, DUSP6, DUSP7, DUSP8, DUSP9, DVL1, DVL2, DVL3, DYNC1LI1, DYNC2H1, DYNLL1, DYNLT1, DYRK1A, DYRK2, DYRK3, DYSF, ECM1, ECT2, EDA, EDA2R, EDAR, EDN1, EDN2, EDN3, EDNRA, EDNRB, EEF1E1, EFCAB7, EFHB, EFNA1, EFNA5, EFNB3, EGF, EGFL7, EGFR, EGR1, EGR2, EID2, EIF2A, EIF2AK2, EIF2AK3, EIF2AK4, EIF4A3, EIF4E, EIF4E2, EIF4EBP2, EIF5A, EIPR1, ELANE, ELAPOR2, ELF1, ELL3, ELP2, EMD, EMILIN1, EMP2, ENDOG, ENG, ENHO, ENO1, ENPP1, ENSA, ENTREP1, ENY2, EP300, EPGN, EPHA2, EPHA4, EPHA5, EPHA7, EPHA8, EPHB1, EPHB2, EPM2A, EPN2, EPO, EPS8, EPS8L1, EPS8L2, EPS8L3, ERBB2, ERBB3, ERBB4, ERBIN, ERC1, ERC2, ERFE, ERN1, ERP29, ERRFI1, ESM1, ESR1, ETAA1, EVC, EXTL3, EYA1, EYA2, EYA3, EYA4, EZH2, EZR, F10, F11R, F2, F2R, F2RL1, F2RL2, F2RL3, F3, F7, FABP5, FADD, FAF1, FAIM, FAIM2, FAM107A, FAM110C, FAM13A, FAM13B, FAM20C, FAM3D, FAM53B, FAM83B, FAM83D, FAM89B, FANCA, FANCD2, FAS, FASLG, FBH1, FBLN1, FBN1, FBN2, FBP1, FBXL15, FBXL17, FBXL2, FBXL20, FBXO2, FBXO4, FBXO45, FBXO7, FBXO8, FBXO9, FBXW11, FBXW7, FCGR2B, FCMR, FCRL3, FEM1B, FER, FER1L4, FER1L5, FERMT1, FERMT2, FFAR1, FFAR2, FFAR3, FFAR4, FGA, FGB, FGD1, FGD2, FGD3, FGD4, FGD5, FGF1, FGF10, FGF12, FGF18, FGF19, FGF2, FGF20, FGF21, FGF23, FGF4, FGF8, FGF9, FGFBP1, FGFBP3, FGFR1, FGFR2, FGFR3, FGFR4, FGG, FGR, FHL2, FICD, FIGNL1, FIS1, FKBP1A, FKBP1B, FKBP8, FKTN, FLCN, FLNA, FLOT1, FLOT2, FLT1, FLT3, FLT4, FMR1, FN1, FNIP1, FNIP2, FNTA, FOLR1, FOXA1, FOXA2, FOXD1, FOXH1, FOXL1, FOXL2, FOXM1, FOXO1, FOXO3, FOXP1, FPR2, FRAT1, FRMD1, FRMD6, FRMD7, FRMD8, FRMD8P1, FRMPD1, FRRS1L, FRS2, FRZB, FSHB, FSHR, FST, FSTL1, FSTL3, FSTL4, FSTL5, FURIN, FUT7, FUZ, FXN, FXR1, FXR2, FYN, FZD1, FZD10, FZD4, FZD6, FZD7, FZD9, G0S2, G3BP1, G6PC2, GABARAP, GABBR1, GABRR1, GADD45A, GADD45B, GADD45G, GAL, GALNT11, GALR1, GAPDH, GAREM1, GARNL3, GAS1, GAS2, GAS2L2, GAS6, GAS8, GATA1, GATA2, GATA3, GATA4, GATA5, GATA6, GBA1, GBF1, GBP1, GBP2, GBP5, GBP7, GCG, GCK, GCLC, GCLM, GCNT2, GCSAM, GCSAML, GDF15, GDF2, GDF3, GDF5, GDF6, GDF7, GDF9, GDNF, GEN1, GFAP, GFI1, GFRAL, GGNBP2, GH1, GH2, GHITM, GHR, GHRH, GHRHR, GHRL, GHSR, GID8, GIGYF2, GIP, GIPC1, GIPR, GIT1, GIT2, GJA1, GJA5, GKAP1, GLCE, GLG1, GLI1, GLI3, GLIPR2, GLIS2, GLRA1, GLRX2, GLUD1, GMIP, GNA11, GNA12, GNA13, GNAI1, GNAI2, GNAQ, GNAT1, GNAZ, GNG4, GNG7, GOLPH3, GOLT1B, GORAB, GPAT3, GPATCH3, GPBAR1, GPC1, GPC2, GPC3, GPC4, GPC5, GPC6, GPD1L, GPER1, GPHB5, GPLD1, GPNMB, GPR108, GPR137, GPR137B, GPR137C, GPR143, GPR155, GPR158, GPR161, GPR17, GPR174, GPR18, GPR183, GPR199P, GPR20, GPR21, GPR27, GPR3, GPR35, GPR37, GPR37L1, GPR4, GPR55, GPR61, GPR62, GPR65, GPR68, GPR89A, GPRASP1, GPRC5A, GPRC5B, GPS2, GPX1, GRAMD4, GRAP, GRAP2, GRB10, GRB14, GRB2, GREM1, GREM2, GRIA1, GRIA2, GRIA3, GRIA4, GRID1, GRID2, GRID2IP, GRIK1, GRIK2, GRIK3, GRIK4, GRIK5, GRIN1, GRIN2A, GRIN2B, GRIN2C, GRIN2D, GRIN3A, GRIN3B, GRINA, GRK1, GRK2, GRK3, GRK4, GRK5, GRK6, GRK7, GRM1, GRM2, GRM3, GRM4, GRM5, GRM6, GRM7, GRM8, GRP, GSC, GSDME, GSK3A, GSK3B, GSKIP, GSTP1, GSX2, GTF2H2, GUCA1A, GUCA1ANB-GUCA1A, GUCY1A1, GUCY1A2, GUCY1B1, GUCY2D, GUCY2F, H2BC11, HACD3, HADH, HAND2, HAP1, HAPSTR1, HAVCR2, HAX1, HBEGF, HCAR2, HCFC2, HCLS1, HCRT, HCRTR1, HCST, HDAC1, HDAC2, HDAC3, HDAC6, HDAC7, HECW1, HEG1, HELLS, HERC4, HERPUD1, HES1, HES5, HEXIM1, HEY1, HEY2, HEYL, HFE, HGF, HGS, HHEX, HHIP, HIC1, HIF1A, HIF1AN, HINT1, HIP1, HIP1R, HIPK1, HIPK2, HIPK3, HIPK4, HJV, HLA-DRB1, HLA-G, HMGB1, HMGB2, HMGCR, HMGXB4, HMOX1, HNF1B, HNF4A, HNRNPK, HOMER1, HOMER2, HOMER3, HOXA13, HPSE, HPX, HRAS, HRC, HRG, HRH1, HRH4, HSP90AB1, HSPA1A, HSPA1B, HSPA5, HSPA8, HSPB1, HTR1A, HTR1B, HTR2A, HTR2B, HTR2C, HTR6, HTRA1, HTRA2, HTRA3, HTRA4, HTT, HYAL2, HYOU1, IAPP, ICAM1, IER3, IFI35, IFI6, IFIT5, IFNA1, IFNA10, IFNA13, IFNA14, IFNA16, IFNA17, IFNA2, IFNA21, IFNA4, IFNA5, IFNA6, IFNA7, IFNA8, IFNAR1, IFNAR2, IFNB1, IFNE, IFNG, IFNK, IFNL1, IFNW1, IFT122, IFT140, IFT172, IFT20, IFT80, IFT81, IGBP1, IGBP1C, IGF1, IGF1R, IGF2, IGFBP1, IGFBP2, IGFBP3, IGFBP4, IGFBP5, IGFBP6, IGFBP7, IGFBPL1, IGSF1, IGSF11, IHH, IKBKB, IKBKE, IKBKG, IL10, IL10RA, IL10RB, IL11, IL12A, IL12B, IL17F, IL17RD, IL18, IL18R1, IL19, IL1A, IL1B, IL1R1, IL1R2, IL1RN, IL20RA, IL23A, IL23R, IL26, IL34, IL36RN, IL4, IL5, IL6, IL6R, IL6ST, IL7, IL7R, IL9, ILDR1, ILK, INA, INAVA, INCA1, INCENP, ING1, ING2, ING4, ING5, INHA, INHBA, INHBB, INPP5A, INPP5D, INPP5E, INPP5F, INPP5K, INPPL1, INS, INSIG1, INSIG2, INSL3, INSR, INTS9, INTU, INVS, IQCJ-SCHIP1, IQGAP1, IQGAP3, IQSEC1, IQSEC2, IQSEC3, IRAK1, IRAK1BP1, IRAK2, IRAK3, IRAK4, IRF1, IRF3, IRF4, IRF7, IRGM, IRS1, IRS2, IRX3, ISG15, ISL1, ITCH, ITFG2, ITGA1, ITGA2, ITGA3, ITGA5, ITGA6, ITGA8, ITGAV, ITGB1, ITGB1BP1, ITGB3, ITGB6, ITGB8, ITM2C, ITPKA, ITPKB, ITPR1, ITPR3, ITPRIP, ITSN1, IVNS1ABP, JADE1, JAG1, JAG2, JAGN1, JAK2, JAK3, JCAD, JMJD8, JPH3, JPH4, JPT2, JRK, JUP, KALRN, KANK1, KANK2, KAT2A, KAT6A, KAZALD1, KBTBD6, KBTBD7, KCNA5, KCNB1, KCNJ10, KCNJ11, KCNMB4, KCNN4, KCNQ3, KCP, KCTD10, KCTD12, KCTD13, KCTD16, KCTD21, KCTD6, KCTD8, KDM1A, KDM4C, KDM5B, KDM5D, KDM8, KDR, KIAA0319, KICS2, KIF14, KIF26A, KIF5B, KIF7, KISS1, KIT, KITLG, KL, KLB, KLF14, KLF15, KLF2, KLF7, KLHDC10, KLHL22, KLHL31, KLK14, KLK5, KLK6, KMO, KMT2A, KMT2D, KMT5A, KNL1, KPNA1, KPTN, KRAS, KREMEN1, KSR1, KSR2, LACRT, LAMA1, LAMA2, LAMB1, LAMB2, LAMC1, LAMTOR1, LAMTOR2, LAMTOR3, LAMTOR4, LAMTOR5, LANCL2, LAPTM5, LARGE1, LARS1, LATS1, LATS2, LAX1, LBH, LBP, LBX2, LCK, LCMT1, LDLRAD4, LEF1, LEMD2, LEMD3, LEP, LEPROT, LEPROTL1, LFNG, LGALS1, LGALS3, LGALS9, LGI1, LGMN, LGR4, LGR5, LGR6, LHCGR, LIF, LILRA2, LILRA4, LILRA5, LILRB2, LILRB4, LIMD1, LIME1, LIMS1, LIMS2, LIN28A, LIPA, LITAF, LLGL1, LLGL2, LMBR1L, LMCD1, LMNA, LMO3, LOC102724560, LONP1, LOX, LOXL3, LPAR1, LPAR2, LPAR3, LPAR4, LPAR6, LPXN, LRCH4, LRFN2, LRG1, LRIG2, LRIT3, LRP1, LRP2, LRP4, LRP5, LRP8, LRPAP1, LRRC14, LRRC19, LRRC32, LRRC4, LRRC4C, LRRC8A, LRRIQ1, LRRK1, LRRK2, LRRTM1, LRRTM2, LSM14A, LTB, LTBP1, LTBP4, LTBR, LTF, LTK, LURAP1, LURAP1L, LY86, LY96, LYN, LYNX1, LYPD6, LYPLAL1, LZTR1, LZTS1, LZTS2, MACF1, MAD1L1, MAD2L1, MAD2L1BP, MAD2L2, MADD, MAGEA1, MAGEA3, MAGED1, MAGI2, MAL, MALT1, MAOA, MAP1A, MAP1B, MAP2K1, MAP2K2, MAP2K3, MAP2K4, MAP2K5, MAP2K6, MAP2K7, MAP3K10, MAP3K11, MAP3K12, MAP3K13, MAP3K20, MAP3K3, MAP3K4, MAP3K5, MAP3K7, MAP4K1, MAP4K2, MAP4K4, MAPK1, MAPK14, MAPK3, MAPK7, MAPK8, MAPK8IP1, MAPK8IP2, MAPK8IP3, MAPK9, MAPKAP1, MAPKAPK2, MAPKAPK5, MAPKBP1, MAPRE2, MAPT, MARCHF7, MARCO, MARK3, MARK4, MARVELD3, MAS1, MAVS, MAZ, MBD5, MBIP, MC1R, MCC, MCF2, MCF2L, MCL1, MCTP1, MCTP2, MCU, MDFI, MDFIC, MDK, MDM2, MECOM, MECP2, MED1, MEF2C, MEFV, MEGF8, MEIS3, MEN1, MESP1, MET, METTL3, MFAP3, MFHAS1, MFN2, MFNG, MGAT5, MGLL, MGRN1, MIB2, MICOS10-NBL1, MID1, MID2, MIDN, MIER1, MIF, MINAR1, MINK1, MIOS, MIR1-1, MIR100, MIR101-1, MIR103A1, MIR106A, MIR107, MIR10A, MIR10B, MIR1224, MIR1246, MIR125A, MIR125B1, MIR126, MIR1260B, MIR1271, MIR130A, MIR132, MIR133A1, MIR133B, MIR135A1, MIR138-1, MIR140, MIR142, MIR145, MIR146A, MIR149, MIR152, MIR15A, MIR15B, MIR16-1, MIR17, MIR181A2, MIR181B1, MIR181D, MIR182, MIR183, MIR185, MIR186, MIR18A, MIR195, MIR198, MIR199A1, MIR199B, MIR19A, MIR19B1, MIR200B, MIR200C, MIR203A, MIR204, MIR205, MIR206, MIR208A, MIR20A, MIR21, MIR210, MIR212, MIR214, MIR218-1, MIR221, MIR222, MIR223, MIR23A, MIR24-1, MIR26A1, MIR26B, MIR27A, MIR27B, MIR296, MIR29A, MIR29B1, MIR29C, MIR302B, MIR302C, MIR30B, MIR30C2, MIR30E, MIR320A, MIR320B1, MIR320B2, MIR320C1, MIR320C2, MIR320D1, MIR320D2, MIR320E, MIR323A, MIR324, MIR329-1, MIR337, MIR340, MIR342, MIR346, MIR34A, MIR34B, MIR34C, MIR361, MIR365A, MIR372, MIR373, MIR375, MIR376C, MIR421, MIR424, MIR433, MIR449A, MIR483, MIR497, MIR498, MIR501, MIR503, MIR508, MIR519A1, MIR519D, MIR520C, MIR541, MIR545, MIR564, MIR573, MIR665, MIR675, MIR708, MIR766, MIR874, MIR885, MIR9-1, MIR92A1, MIR92B, MIR93, MIR95, MIR96, MIR98, MIR99A, MIRLET7A1, MIRLET7B, MIRLET7C, MIRLET7E, MIRLET7F1, MIRLET7G, MKRN2, MKS1, MLF1, MLLT3, MLST8, MMD2, MME, MMP12, MMP14, MMP2, MMP8, MMP9, MMRN2, MN1, MNT, MOB3B, MOS, MOSMO, MPC2, MPIG6B, MPP2, MPV17L, MRAP, MRAP2, MST1, MST1L, MST1R, MSTN, MSX1, MSX2, MT3, MTCH1, MTDH, MTM1, MTMR2, MTMR4, MTNR1B, MTOR, MTURN, MUC1, MUL1, MVB12A, MVB12B, MVP, MYADM, MYB, MYC, MYD88, MYDGF, MYO1C, MYO9A, MYO9B, MYOC, MYOCD, MYOF, MYORG, MYOZ1, MYOZ2, MYRIP, MZB1, NACC2, NADK, NAGK, NAIP, NALCN, NANOS3, NBL1, NBR1, NCAM1, NCDN, NCF1, NCK1, NCK2, NCKAP1L, NCL, NCLN, NCOA1, NCOA3, NCOA5, NCOR1, NCOR2, NCSTN, NDC80, NDFIP1, NDFIP2, NDRG2, NDRG4, NDST1, NDUFA13, NDUFAF2, NDUFS3, NECAB2, NECTIN2, NEDD4, NEFH, NEFL, NEK10, NEK6, NEK7, NEK8, NELFE, NENF, NEO1, NEPRO, NET1, NETO1, NEU3, NEURL1, NEUROD1, NEUROD2, NF1, NF2, NFAM1, NFAT5, NFATC4, NFE2L2, NFKB1, NFKBIA, NFKBIB, NFKBIL1, NGDN, NGEF, NGF, NGFR, NHERF1, NHERF4, NIBAN2, NID1, NINJ1, NKD1, NKD2, NKIRAS1, NKIRAS2, NKX2-1, NKX2-5, NKX3-1, NKX6-1, NLE1, NLGN1, NLGN2, NLGN3, NLGN4X, NLGN4Y, NLK, NLRC3, NLRC5, NLRP12, NLRP2, NLRP2B, NLRP3, NLRP6, NLRX1, NMB, NME5, NMI, NMNAT1, NMT1, NMT2, NMU, NMUR1, NMUR2, NNAT, NOC2L, NOD1, NOD2, NODAL, NOG, NOL3, NOMO1, NOMO3, NONO, NOP2, NOP53, NOS1, NOS1AP, NOS2, NOS3, NOTCH1, NOTCH2, NOTCH2NLA, NOTCH2NLB, NOTCH2NLC, NOTUM, NOX1, NOX4, NPAS4, NPC1, NPFFR2, NPHP3, NPHP4, NPLOC4, NPM1, NPNT, NPPA, NPPC, NPR1, NPRL2, NPRL3, NPS, NPSR1, NPTN, NPVF, NPY5R, NR0B1, NR0B2, NR1D1, NR1H2, NR1H3, NR1H4, NR2C1, NR2E1, NR3C2, NR4A2, NRARP, NREP, NRG1, NRG3, NRK, NRP1, NRROS, NRXN1, NSG1, NSMF, NTF3, NTF4, NTNG1, NTNG2, NTRK1, NTRK2, NTRK3, NTS, NTSR1, NUAK1, NUAK2, NUCKS1, NUMA1, NUP62, NUP93, NUPR1, NXN, OAS1, OAS3, OASL, OBSCN, OCIAD1, OCIAD2, OGT, ONECUT1, ONECUT2, OPA1, OPHN1, OPRK1, OPRL1, OPRM1, OPTN, OR2AT4, OR51E2, ORAI1, OSBP, OSBPL8, OSM, OTOF, OTOP1, OTUB1, OTUD3, OTUD4, OTUD5, OTUD7B, OTULIN, OTX2, OVOL2, OXTR, P2RX1, P2RX2, P2RX3, P2RX4, P2RX5, P2RX7, P2RY1, P2RY10, P2RY12, P2RY4, P2RY6, P2RY8, P4HB, PACSIN2, PADI2, PAFAH1B1, PAGE4, PAGR1, PAIP2, PAK1, PAK1IP1, PAK2, PAK3, PAK4, PAK5, PAK6, PALM, PALM3, PALS1, PAQR3, PARK7, PARL, PARP1, PARP14, PARP9, PASK, PATE4, PAWR, PAX8, PBK, PBLD, PBXIP1, PCBP2, PCDH17, PCDH8, PCGF2, PCID2, PCK2, PCSK6, PCSK9, PDC, PDCD10, PDCD4, PDCD6, PDCL, PDE10A, PDE11A, PDE2A, PDE3A, PDE3B, PDE4A, PDE4B, PDE4D, PDE5A, PDE6G, PDE6H, PDE8A, PDE8B, PDE9A, PDGFA, PDGFB, PDGFC, PDGFD, PDGFRA, PDGFRB, PDIA3, PDK2, PDPK1, PDX1, PEA15, PEBP1, PEG10, PELI1, PELI2, PELI3, PELO, PER1, PER2, PEX5L, PF4, PFDN5, PFKFB2, PFKL, PFKM, PFN1, PFN2, PHACTR4, PHB1, PHB2, PHF14, PHF24, PHIP, PHLDA3, PHLPP1, PHPT1, PIAS2, PIAS4, PIBF1, PICK1, PID1, PIDD1, PIGBOS1, PIGU, PIH1D1, PIK3AP1, PIK3CA, PIK3CB, PIK3CG, PIK3IP1, PIK3R1, PIK3R2, PIK3R5, PIK3R6, PIM1, PIM2, PIM3, PIN1, PINK1, PIP4K2A, PIP4K2B, PIP4K2C, PIP4P1, PIP5K1A, PIP5K1B, PIP5K1C, PJA2, PKD2, PKHD1, PKN1, PLA2G1B, PLA2G2A, PLA2G3, PLA2G5, PLA2G6, PLA2R1, PLAGL2, PLAT, PLAU, PLAUR, PLCB1, PLCG1, PLCG2, PLCL1, PLCL2, PLEK, PLEKHA1, PLEKHA4, PLEKHF1, PLEKHG1, PLEKHG3, PLEKHG4, PLEKHG4B, PLEKHG5, PLEKHG6, PLG, PLIN5, PLK2, PLK3, PLPP3, PLPPR4, PLSCR1, PLXNB1, PMAIP1, PMEPA1, PML, PNKD, POFUT1, POGLUT1, POMC, POSTN, PPARA, PPARD, PPARG, PPEF2, PPFIA2, PPFIA3, PPIA, PPIF, PPM1A, PPM1B, PPM1N, PPP1CA, PPP1R10, PPP1R15A, PPP1R15B, PPP1R16B, PPP1R2, PPP1R2B, PPP1R2C, PPP1R2P1, PPP1R9A, PPP1R9B, PPP2CA, PPP2CB, PPP2R1A, PPP2R1B, PPP2R5B, PPP3CA, PPP3CB, PPP3CC, PPP3R1, PPP3R2, PPP5C, PPP6C, PRAG1, PRAME, PRAP1, PRCP, PRDM11, PRDM14, PRDM15, PRDM16, PRDX1, PRDX2, PRELID1, PREPL, PREX1, PREX2, PRICKLE1, PRKAA1, PRKAA2, PRKACA, PRKACB, PRKAR1A, PRKAR1B, PRKAR2B, PRKCA, PRKCB, PRKCD, PRKCE, PRKCG, PRKCH, PRKCI, PRKCQ, PRKCZ, PRKD1, PRKD2, PRKDC, PRKN, PRKRA, PRL, PRLR, PRMT1, PRMT2, PRMT5, PRMT6, PRNP, PRODH, PROK1, PROX1, PRR5, PRR5L, PRRT1, PRRT2, PRRX1, PRXL2C, PSCA, PSD, PSD2, PSD3, PSD4, PSEN1, PSMD10, PSMD9, PSME3, PTBP1, PTCH1, PTCH2, PTEN, PTGDR2, PTGIR, PTGIS, PTGS2, PTH, PTK2, PTK2B, PTK6, PTK7, PTN, PTP4A3, PTPMT1, PTPN1, PTPN11, PTPN12, PTPN13, PTPN18, PTPN2, PTPN22, PTPN23, PTPN3, PTPN6, PTPRA, PTPRC, PTPRD, PTPRE, PTPRJ, PTPRO, PTPRR, PTPRS, PTPRT, PTPRU, PTTG1IP, PUM1, PUM2, PVRIG, PWP1, PXDN, PXK, PXN, PYCARD, PYCR1, PYDC1, PYDC2, PYDC5, PYHIN1, QARS1, RAB11FIP1, RAB11FIP3, RAB11FIP5, RAB29, RAB34, RAB3A, RAB3GAP1, RAB5A, RAB7A, RAB7B, RAB8A, RAB8B, RABGEF1, RABL3, RAC1, RACGAP1, RACK1, RAD51, RAD9A, RAF1, RALA, RALB, RALBP1, RALGAPA1, RALGAPA2, RALGAPB, RALGPS1, RAMP1, RAMP2, RAMP3, RANBP9, RAP1A, RAP1B, RAP1BL, RAP1GAP, RAP1GAP2, RAP1GDS1, RAP2A, RAPGEF2, RAPGEF3, RAPGEF4, RAPSN, RARA, RASA2, RASA3, RASA4, RASA4B, RASAL1, RASAL3, RASD2, RASGEF1A, RASGRF1, RASGRF2, RASGRP1, RASGRP4, RASIP1, RASL10B, RASL11B, RASSF2, RB1, RB1CC1, RBBP4, RBBP7, RBCK1, RBM4, RBM47, RBMS3, RBP4, RBPJ, RBPMS2, RBX1, RC3H1, RC3H2, RCAN1, RCN3, RDH11, RDX, RECK, REL, RELA, RELL1, RELL2, RELN, REN, REST, RET, RETN, RFFL, RFNG, RFPL1, RFPL2, RFPL3, RFPL4A, RFPL4AL1, RFWD3, RFX3, RFX6, RGL2, RGMA, RGN, RGS1, RGS10, RGS11, RGS12, RGS13, RGS14, RGS16, RGS17, RGS18, RGS19, RGS2, RGS20, RGS21, RGS22, RGS3, RGS4, RGS5, RGS6, RGS7, RGS7BP, RGS8, RGS9, RGS9BP, RHBDF1, RHBDF2, RHEB, RHO, RHOA, RHOC, RHOD, RHOF, RHOH, RHOU, RIC8B, RICTOR, RIMS1, RIMS2, RIMS3, RIMS4, RIOK3, RIPK1, RIPK2, RIPK3, RIPOR2, RIT2, RITA1, RNASEH2B, RNF111, RNF113A, RNF115, RNF125, RNF126, RNF13, RNF14, RNF146, RNF149, RNF152, RNF167, RNF170, RNF183, RNF185, RNF19A, RNF213, RNF220, RNF31, RNF34, RNF41, RNF43, RNF6, ROBO1, ROBO2, ROCK1, ROCK2, ROR1, ROR2, RORA, ROS1, RPA2, RPF2, RPGRIP1L, RPH3AL, RPL11, RPL23, RPL26, RPL37, RPL5, RPS12, RPS15, RPS20, RPS3, RPS6KA1, RPS6KA6, RPS6KB1, RPS7, RPTOR, RRAGA, RRAGB, RRAGC, RRAGD, RRAS, RRM2B, RRN3, RRS1, RS1, RSAD2, RSPO1, RSPO2, RSPO3, RSPO4, RTKN2, RTN4, RTN4R, RUBCN, RUNDC3A, RUNX2, RUVBL1, RUVBL2, RWDD3, RXFP2, RXRA, RXRB, RYK, RYR2, S100A12, S100A13, S100A4, S100A7, S100A8, S100A9, S100B, S1PR2, SAFB2, SAG, SALL1, SAMHD1, SAP130, SAP30, SAP30L, SARM1, SASH1, SCAI, SCEL, SCG2, SCG5, SCGN, SCHIP1, SCIMP, SCRT2, SCT, SCTR, SCUBE1, SCUBE3, SCYL2, SDCBP, SDHAF2, SEC13, SEC14L1, SECTM1, SEH1L, SELENOK, SELENOS, SELENOT, SELP, SEMA3A, SEMA3E, SEMA4C, SEMA4D, SEMA5A, SEMA6A, SEMA7A, SENP2, SEPTIN4, SEPTIN5, SERINC3, SERP1, SERPINA12, SERPINB3, SERPINE1, SERPINE2, SERPINF2, SESN1, SESN2, SESN3, SETD9, SEZ6, SEZ6L, SEZ6L2, SFPQ, SFRP1, SFRP2, SFRP4, SFRP5, SGK1, SGK3, SGMS1, SGSM3, SH2B1, SH2B2, SH2B3, SH2D1A, SH3BP1, SH3BP4, SH3RF1, SH3RF2, SH3RF3, SH3TC2, SHANK1, SHANK2, SHANK3, SHARPIN, SHC1, SHH, SHISA2, SHISA3, SHISA5, SHISA6, SHISA7, SHISA8, SHISA9, SHKBP1, SHOC2, SHOX2, SIAH1, SIAH2, SIDT2, SIGIRR, SIK2, SIK3, SIN3A, SINHCAF, SIPA1, SIPA1L1, SIPA1L2, SIPA1L3, SIRPA, SIRT1, SIRT2, SIRT3, SIRT4, SIRT6, SKI, SKIL, SKOR1, SKOR2, SKP2, SLA, SLA2, SLAMF1, SLC12A2, SLC15A2, SLC15A3, SLC15A4, SLC16A1, SLC18A3, SLC1A1, SLC1A3, SLC20A1, SLC24A1, SLC24A2, SLC24A4, SLC25A22, SLC25A31, SLC25A4, SLC25A5, SLC25A6, SLC27A4, SLC2A10, SLC2A2, SLC2A4, SLC30A1, SLC30A10, SLC30A8, SLC35B2, SLC35C1, SLC35C2, SLC35F6, SLC38A1, SLC38A2, SLC38A9, SLC39A10, SLC39A14, SLC39A8, SLC44A2, SLC46A2, SLC4A10, SLC4A8, SLC6A1, SLC6A4, SLC6A6, SLC6A9, SLC7A10, SLC7A11, SLC8A1, SLC8A2, SLC8A3, SLC8B1, SLC9A1, SLC9B2, SLIT2, SLIT3, SLURP2, SMAD2, SMAD3, SMAD4, SMAD5, SMAD5-AS1, SMAD6, SMAD7, SMARCA4, SMARCB1, SMCR8, SMIM30, SMO, SMOC2, SMPD1, SMPDL3B, SMURF1, SMURF2, SMYD2, SNAI1, SNAI2, SNAP25, SNAPIN, SNCA, SNCAIP, SNCG, SNIP1, SNW1, SNX13, SNX14, SNX25, SNX3, SNX4, SNX5, SNX6, SOCS1, SOCS2, SOCS3, SOCS4, SOCS5, SOCS6, SOCS7, SOD1, SOD2, SORBS1, SORBS3, SORCS2, SORCS3, SORL1, SOS1, SOS2, SOST, SOSTDC1, SOX10, SOX11, SOX13, SOX17, SOX2, SOX30, SOX4, SOX7, SOX9, SP100, SPAAR, SPAG9, SPART, SPATA13, SPATA2, SPATC1L, SPEF1, SPHK1, SPHK2, SPI1, SPIN1, SPINK1, SPP1, SPPL2A, SPPL2B, SPPL3, SPRED1, SPRED2, SPRED3, SPRING1, SPRY1, SPRY2, SPRY3, SPRY4, SPTBN1, SQSTM1, SRARP, SRC, SREBF1, SREBF2, SRF, SRGAP2, SRGAP3, SRI, SRMS, SRPX, SSH1, SSTR4, SSTR5, SSX2IP, STAMBP, STAMBPL1, STAP1, STARD13, STARD8, STAT1, STAT2, STAT3, STAU1, STAU2, STIMATE, STING1, STK11, STK19, STK25, STK3, STK36, STK38, STK39, STK4, STK40, STMN1, STMN3, STMP1, STOX1, STRADB, STRAP, STRN3, STUB1, STX1A, STX1B, STX3, STX4, STXBP1, STXBP4, STXBP5, STYX, STYXL1, STYXL2, SUDS3, SUFU, SULF1, SULF2, SUMO4, SV2B, SV2C, SWAP70, SYAP1, SYBU, SYDE1, SYDE2, SYK, SYN1, SYN3, SYNE1, SYNGAP1, SYNGR1, SYNJ2BP, SYNPO2L, SYP, SYT1, SYT11, SYT12, SYT14P1, SYT4, SYT7, SYTL4, SYVN1, SZT2, TAB1, TAB2, TAB3, TACR1, TACR2, TAF1, TAF9, TAF9B, TAFA1, TAFA4, TAGAP, TANK, TAOK1, TAOK2, TAOK3, TARBP2, TARDBP, TASL, TAX1BP1, TAX1BP3, TBC1D10C, TBC1D24, TBC1D7, TBC1D7-LOC100130357, TBCK, TBK1, TBL1X, TBL1XR1, TBX1, TBX18, TBX20, TBX5, TCF21, TCF7L1, TCF7L2, TCIM, TCIRG1, TCTN1, TEDC1, TEDC2, TEK, TELO2, TENM1, TERF2IP, TERT, TESPA1, TET1, TFAP2B, TFG, TFR2, TFRC, TGFA, TGFB1, TGFB1I1, TGFB2, TGFB3, TGFBR1, TGFBR2, TGFBR3, TGFBR3L, TGM2, THBS1, THPO, THRA, THRB, THY1, TIAL1, TIAM1, TIAM2, TICAM1, TICAM2, TIFA, TIFAB, TIMP1, TIRAP, TKFC, TLE1, TLE2, TLE3, TLE4, TLE5, TLE6, TLE7, TLR1, TLR2, TLR3, TLR4, TLR6, TLR7, TLR9, TM2D3, TM7SF3, TMBIM1, TMBIM4, TMBIM6, TMC8, TMED2, TMED4, TMEM100, TMEM101, TMEM106A, TMEM108, TMEM127, TMEM131L, TMEM132A, TMEM14A, TMEM161A, TMEM170B, TMEM196, TMEM198, TMEM204, TMEM237, TMEM25, TMEM33, TMEM53, TMEM64, TMEM88, TMEM88B, TMEM9, TMEM9B, TMF1, TMOD2, TMPRSS6, TMSB4X, TNF, TNFAIP1, TNFAIP3, TNFAIP6, TNFAIP8L1, TNFAIP8L3, TNFRSF10B, TNFRSF11A, TNFRSF12A, TNFRSF19, TNFRSF1A, TNFSF10, TNFSF11, TNFSF12, TNFSF14, TNIK, TNIP1, TNIP2, TNIP3, TNKS, TNKS2, TNN, TNR, TNS2, TNXB, TOB1, TP53, TP53RK, TP63, TP73, TPBG, TPBGL, TPD52L1, TPR, TPRG1L, TPT1, TRABD2A, TRABD2B, TRADD, TRAF1, TRAF2, TRAF3, TRAF3IP2, TRAF4, TRAF5, TRAF6, TRAF7, TRAIP, TRAP1, TRAT1, TRDN, TREM2, TREML4, TREX1, TRH, TRIAP1, TRIB1, TRIM11, TRIM13, TRIM15, TRIM16, TRIM21, TRIM22, TRIM24, TRIM25, TRIM26, TRIM3, TRIM31, TRIM32, TRIM33, TRIM34, TRIM38, TRIM39, TRIM40, TRIM41, TRIM44, TRIM5, TRIM52, TRIM55, TRIM56, TRIM58, TRIM59, TRIM6, TRIM60, TRIM62, TRIM67, TRIM68, TRIM72, TRIM8, TRIO, TRIP6, TRPM4, TRPV4, TSC1, TSC2, TSC22D1, TSG101, TSHZ3, TSKU, TSLP, TSPAN14, TSPAN15, TSPAN5, TSPAN6, TSPEAR, TSPO, TSPYL2, TSPYL5, TTC21B, TTC23, TTI1, TTI2, TTLL12, TUB, TUBB2B, TUBD1, TULP3, TUNAR, TWIST1, TWSG1, TXK, TXN, TXNDC12, TXNDC15, TYK2, TYMP, TYRO3, TYROBP, UACA, UBA5, UBAC2, UBASH3A, UBASH3B, UBB, UBD, UBE2B, UBE2D1, UBE2D3, UBE2K, UBE2N, UBE2O, UBE2V1, UBE2W, UBE3A, UBQLN1, UBQLN2, UBR1, UBR2, UBR5, UCHL1, UCHL5, UCMA, UCN, UCN3, UCP2, UFD1, UFL1, UFM1, UFSP2, UGCG, ULK1, ULK3, ULK4, UNC13A, UNC13B, UNC13C, UNC5B, UNC5CL, UQCC2, URB2, URI1, USP1, USP10, USP15, USP17L2, USP18, USP2, USP20, USP26, USP27X, USP29, USP32, USP33, USP34, USP4, USP44, USP46, USP47, USP50, USP7, USP8, USP9X, VAMP2, VAMP7, VAMP8, VAPA, VASN, VAV1, VAV2, VAV3, VCP, VDAC2, VDR, VEGFA, VEGFC, VEPH1, VGF, VGLL4, VHL, VNN1, VPS11, VPS18, VPS25, VPS35, VRK2, VRK3, VSNL1, VTN, VWA2, VWC2, VWC2L, VWF, WAC, WASF1, WBP2, WDFY1, WDR11, WDR24, WDR48, WDR54, WDR59, WDR76, WDR83, WDR91, WFIKKN1, WFIKKN2, WFS1, WIF1, WLS, WNK1, WNK2, WNT1, WNT10B, WNT11, WNT16, WNT3, WNT3A, WNT4, WNT5A, WNT5B, WNT7A, WNT7B, WTIP, WWC1, WWC2, WWC3, WWOX, WWP2, WWTR1, XBP1, XCL1, XCL2, XDH, XIAP, XRCC3, YAP1, YBX3, YJEFN3, YJU2, YTHDF1, YTHDF2, YTHDF3, YWHAB, YWHAG, YWHAH, YWHAZ, ZAP70, ZBED3, ZBED6, ZBP1, ZBTB7A, ZBTB7B, ZC3H12A, ZC3H3, ZC3HC1, ZCCHC3, ZDHHC12, ZDHHC13, ZDHHC17, ZDHHC18, ZDHHC2, ZDHHC3, ZDHHC5, ZDHHC7, ZEB1, ZEB2, ZFAND2B, ZFAND6, ZFYVE28, ZGPAT, ZIC1, ZMIZ1, ZMPSTE24, ZMYND11, ZMYND8, ZNF366, ZNF385A, ZNF423, ZNF451, ZNF536, ZNF592, ZNF622, ZNF653, ZNF675, ZNF703, ZNHIT1, ZNRF1, ZNRF3, ZNRF4, ZRANB1, ZSWIM2, ZWINT
GO:0001755	neural crest cell migration	57	2	0.2	0.01696	0.019429223744292238	ACVR1, BMP4, BMP7, CDC42, CORO1C, EDN1, EDN3, EDNRA, EDNRB, EFNB1, ERBB4, FN1, FOLR1, GBX2, GDNF, HAND2, HIF1A, HTR2B, ISL1, KITLG, LAMA5, NRP1, NRP2, NRTN, OVOL2, PAX6, PHACTR4, PHOX2B, PITX2, RADIL, RET, SEMA3A, SEMA3B, SEMA3C, SEMA3D, SEMA3E, SEMA3F, SEMA3G, SEMA4A, SEMA4B, SEMA4C, SEMA4D, SEMA4F, SEMA4G, SEMA5A, SEMA5B, SEMA6A, SEMA6B, SEMA6C, SEMA6D, SEMA7A, SHH, SMO, SOX10, SOX8, TBX1, TWIST1
GO:0007632	visual behavior	57	2	0.2	0.01696	0.019429223744292238	ABCA7, ABCC8, ADAM2, APP, ATP1A2, B3GAT1, B4GALT2, BRAF, CDK5, CHRNB2, COMT, CTNS, DBH, DDHD2, DRD1, DRD2, DRD3, DYNLRB1, FOXB1, GNAT1, GNAT2, GRIN1, GRIN2A, HIF1A, HMGCR, HOXA1, HRH1, IFT20, ITGB1, KIT, KMT2A, KRAS, LRRN4, MECP2, MEIS2, NDRG4, NETO1, NF1, NOG, NPHP1, NPHP4, NPS, OPN4, PDE1B, PDE8B, PIAS1, PPP1R1B, RAG1, RGS14, RIC8A, SLC1A2, SLC7A11, SYNGAP1, TAFA2, TANC1, TTC36, TUBA1A
GO:1902532	negative regulation of intracellular signal transduction	591	6	2.07	0.01702	0.019429223744292238	ABCA7, ABL1, ABL2, ACE2, ACKR3, ACTN3, ADGRG3, ADIPOQ, ADIPOR1, AGT, AIDA, AIM2, AJUBA, AKT1, AKT1S1, AMBP, APLNR, APOE, ARHGAP12, ARHGAP24, ARHGAP25, ARHGAP35, ARHGAP42, ARHGAP44, ARHGEF2, ARMC10, ARRB2, ASH1L, ATAD5, ATF3, ATF4, ATM, ATP2B4, ATXN3, AZI2, BAG5, BANK1, BCL2, BCL2L1, BCL2L2, BCL6, BDKRB2, BID, BMAL1, BMP2, BMP7, BMT2, BTN2A2, C1QL4, C1QTNF3, C3orf33, CACTIN, CARD19, CARD8, CASC2, CASP8, CASTOR1, CASTOR2, CASTOR3P, CAV1, CAV3, CAVIN3, CBLC, CCAR2, CCDC125, CCDC22, CCN3, CD22, CD2AP, CD300A, CD44, CD74, CDC34, CDK5RAP3, CDKN2D, CGNL1, CHP1, CHRNA10, CIB1, CILP, CIT, CLU, CNKSR3, CPNE1, CREB3, CREB3L1, CRYBA1, CSK, CTNNB1, CUL3, CXCL12, CYLD, CYRIB, DAB2, DAB2IP, DACT1, DAG1, DDIAS, DDIT3, DDIT4, DDX3X, DEFB114, DEPDC5, DEPTOR, DGKD, DGKG, DKK1, DLC1, DLG1, DLG5, DNAJA1, DRD2, DRD3, DUSP1, DUSP10, DUSP13B, DUSP16, DUSP19, DUSP2, DUSP26, DUSP29, DUSP3, DUSP4, DUSP5, DUSP6, DUSP7, DUSP8, DUSP9, DYRK1A, DYRK2, DYRK3, EFNA1, EID2, ELL3, EMILIN1, ENDOG, ENO1, EPHA2, EPHA4, EPHB2, EPM2A, EPO, ESR1, EZR, F2RL1, FAM89B, FBLN1, FBP1, FBXO7, FHL2, FIGNL1, FKTN, FLCN, FNIP1, FOXM1, FOXO1, FYN, FZD1, GATA4, GBA1, GBP1, GPD1L, GPER1, GPS2, GPX1, GREM1, GRINA, GSK3A, GSK3B, GSTP1, HACD3, HAPSTR1, HDAC1, HDAC3, HDAC7, HEG1, HELLS, HERPUD1, HIF1A, HIPK3, HLA-G, HOMER2, HOMER3, HSPA1A, HSPB1, HTRA2, HYAL2, HYOU1, IFI35, IGBP1, IGF1R, IL10, IL1B, ING2, INPP5E, INPP5K, INS, IRAK3, IRGM, ITCH, ITFG2, ITGA3, ITGB1, ITGB1BP1, ITPR1, IVNS1ABP, KANK1, KCTD10, KCTD13, KDM1A, KICS2, KLHL31, KPTN, LAX1, LDLRAD4, LEMD2, LIF, LILRB4, LIMD1, LITAF, LMO3, LPAR1, LRP1, LRRK2, LYN, LZTR1, MAD2L1BP, MAGEA3, MAGI2, MAP2K3, MAPK14, MAPK3, MAPK7, MAPK8IP1, MAPKAP1, MAPKAPK5, MAPKBP1, MARCHF7, MARK3, MARVELD3, MDM2, MECOM, MEN1, MET, MFN2, MGRN1, MIF, MINAR1, MIOS, MIR101-1, MIR130A, MIR132, MIR133A1, MIR133B, MIR138-1, MIR140, MIR145, MIR146A, MIR149, MIR15A, MIR15B, MIR16-1, MIR17, MIR185, MIR195, MIR199A1, MIR19A, MIR200C, MIR204, MIR205, MIR206, MIR20A, MIR21, MIR218-1, MIR221, MIR223, MIR23A, MIR26A1, MIR26B, MIR27A, MIR27B, MIR29A, MIR29B1, MIR29C, MIR30C2, MIR323A, MIR34A, MIR34B, MIR34C, MIR365A, MIR375, MIR424, MIR449A, MIR483, MIR497, MIR503, MIR508, MIR766, MIR885, MIR9-1, MIR92A1, MIR92B, MIRLET7F1, MIRLET7G, MKRN2, MMP9, MSTN, MTM1, MTNR1B, MTOR, MUC1, MUL1, MYADM, MYC, MYOC, MYOZ1, MYOZ2, NCOR1, NDRG2, NDUFA13, NDUFS3, NF1, NF2, NFE2L2, NFKBIA, NFKBIL1, NHERF1, NHERF4, NKIRAS1, NKIRAS2, NLK, NLRC3, NLRP12, NLRP2, NLRP3, NLRP6, NLRX1, NME5, NMI, NOC2L, NOG, NOL3, NONO, NOP53, NPC1, NPPA, NPRL2, NPRL3, NR1D1, NR1H4, NUP62, OPA1, OPRL1, OPTN, OTUD3, OTUD7B, OVOL2, P2RX7, PAFAH1B1, PAQR3, PARK7, PARL, PBK, PDCD4, PDCD6, PDE10A, PDE11A, PDE2A, PDE3A, PDE3B, PDE4D, PDX1, PEBP1, PER1, PHB1, PHLDA3, PHLPP1, PIK3CB, PIK3IP1, PIK3R2, PIN1, PINK1, PKHD1, PLAUR, PLEK, PLEKHA1, PMEPA1, PPARA, PPARG, PPEF2, PPIA, PPIF, PPM1A, PPM1B, PPM1N, PPP1R10, PPP2CA, PPP2CB, PPP2R1A, PRAP1, PRDM15, PRKAA1, PRKAA2, PRKACA, PRKACB, PRKCD, PRKN, PRMT1, PRNP, PSCA, PSMD10, PTEN, PTGS2, PTPN1, PTPN2, PTPN22, PTPN6, PTPRC, PTPRJ, PTPRR, PTTG1IP, PYCARD, PYCR1, PYDC2, QARS1, RABGEF1, RACK1, RANBP9, RASA2, RASA3, RASA4, RASA4B, RASAL1, RASAL3, RASIP1, RASSF2, RCAN1, RELA, RFFL, RGS14, RGS2, RHOH, RIOK3, RIPK1, RIPOR2, RNF149, RNF152, RNF167, RNF34, RORA, RPS6KA1, RPS6KA6, RRM2B, RRN3, RTKN2, RUBCN, SCAI, SEC13, SEH1L, SELENOS, SEMA6A, SERPINB3, SERPINE2, SESN1, SESN2, SESN3, SFRP2, SFRP5, SH2B3, SH3BP1, SH3BP4, SH3RF2, SHANK2, SIRPA, SIRT1, SIRT3, SKI, SLA2, SLC24A4, SLC39A8, SLIT2, SMAD4, SMAD6, SMAD7, SMPD1, SNAI1, SNAI2, SNIP1, SOD2, SPAAR, SPI1, SPINK1, SPRED1, SPRED2, SPRED3, SPRY1, SPRY2, SPRY3, SPRY4, SRC, STAMBP, STAT1, STK11, STK38, STMN1, STMN3, STYXL2, SYNGAP1, SYNJ2BP, SYVN1, SZT2, TAF9, TAF9B, TANK, TAOK3, TBC1D10C, TBC1D7, TBC1D7-LOC100130357, TBK1, TBX20, TGFB2, TGFBR3, THBS1, TLE1, TLR4, TLR9, TMBIM6, TMEM127, TMEM161A, TMSB4X, TNFAIP1, TNFAIP3, TNFAIP8L1, TNIP1, TNIP3, TPT1, TRAP1, TREM2, TRIAP1, TRIM15, TRIM32, TRIM39, TRIM40, TRIM59, TRIM60, TRIM67, TSC1, TSC2, TSPAN6, TWIST1, TXNDC12, UACA, UBE2B, UBE2D1, UBE2N, UBE2W, UBE3A, UBR1, UBR2, UCHL1, UCMA, URI1, USP10, USP20, USP47, USP7, VDAC2, VEPH1, VGLL4, VHL, VRK3, WDR24, WDR59, WDR91, WFS1, WNK2, WNT1, WTIP, WWC1, WWC2, WWC3, XBP1, XDH, YBX3, YJU2, YWHAG, YWHAZ, ZC3H12A, ZMYND11, ZNF385A, ZNF675
GO:1901698	response to nitrogen compound	1140	9	3.98	0.01717	0.01951136363636364	AANAT, ABAT, ABCA1, ABCC1, ABCC8, ABCC9, ABL1, ACE, ACHE, ACTA1, ACTB, ACTN2, ACVR1C, ADA, ADAMTS13, ADCY5, ADCY6, ADCY8, ADIPOQ, ADIPOR1, ADM, ADORA1, ADORA2A, ADRB2, ADSS2, ADTRP, AGER, AGRN, AGRP, AGT, AGTR1, AGTR2, AGTRAP, AHCYL1, AHR, AHSG, AIFM1, AKAP6, AKAP9, AKT1, AKT2, ALAD, ALK, ALPL, AMFR, AMIGO1, ANKZF1, ANO1, AOC1, AP3S1, APC, APLP1, APOE, APP, APPL1, APPL2, AQP1, AQP11, AQP8, AQP9, AREG, ARHGEF2, ARID1B, ARRB2, ASCL1, ASIC1, ASS1, ATF1, ATF2, ATF6, ATP1A3, ATP2B1, ATP2B4, ATP4B, ATP5F1A, ATP7A, ATRX, ATXN3, AUP1, BACE1, BAG6, BAIAP2, BCAP31, BCAR1, BCAR3, BCHE, BCKDHB, BCL11A, BCL2L1, BCL2L2, BGLAP, BIRC2, BLM, BMP7, BMT2, BRAF, BRCA1, BRIP1, BRSK2, BSG, BTG1, BTG2, C1QTNF12, C2CD5, C5AR1, CA2, CACNA1A, CACNA1B, CACNA1S, CACNA2D1, CACNB1, CACNG4, CAD, CALCR, CALR, CALR3, CALY, CAMK2A, CAMP, CANX, CAPN10, CAPN2, CARD9, CARM1, CASP3, CASP4, CASP6, CASP7, CASQ2, CASR, CASTOR1, CASTOR2, CASTOR3P, CAT, CAV1, CAV2, CAV3, CBS, CCDC47, CCL19, CCNA2, CCNG1, CCR7, CD36, CD40, CD68, CD81, CD9, CDA, CDC6, CDH1, CDH13, CDK1, CDK2, CDK5, CDK5R1, CDKN1A, CDKN1B, CDO1, CEACAM1, CEBPB, CELA2A, CES1, CFLAR, CFTR, CGAS, CHEK1, CHMP5, CHRM1, CHRM2, CHRM3, CHRM4, CHRM5, CHRNA1, CHRNA2, CHRNA3, CHRNA4, CHRNA5, CHRNA6, CHRNA7, CHRNB1, CHRNB2, CHRNB3, CHRNB4, CHRND, CHRNE, CHRNG, CHUK, CIB2, CITED1, CLGN, CNGA3, CNR1, CNR2, COL16A1, COL1A1, COL1A2, COL3A1, COL4A1, COL4A6, COL5A2, COL6A1, COLEC12, COMT, CPEB1, CPEB2, CPEB3, CPEB4, CPS1, CPT1A, CREB1, CRH, CRHBP, CRHR1, CRHR2, CRK, CRKL, CRLS1, CRY1, CRY2, CSH1, CSH2, CSHL1, CSK, CSRP3, CTNNA1, CTNNB1, CTSD, CTSK, CUL3, CXCL12, CXCR4, CYBB, CYC1, CYFIP1, CYP11A1, CYP11B1, CYP11B2, CYP1B1, CYTB, DAG1, DAXX, DBH, DDI1, DDI2, DDR2, DDX1, DDX11, DDX21, DEFB124, DENND4C, DERL1, DERL2, DERL3, DGKQ, DHFR, DHFRP1, DHX15, DHX36, DHX9, DIAPH1, DMTN, DNAI1, DNAJB12, DNAJB2, DNAJB9, DNAJC10, DNMT1, DNMT3A, DNTT, DPEP1, DRD1, DRD2, DRD3, DRD4, DRD5, DTNBP1, DUOX1, DUOX2, ECHDC3, ECPAS, EDEM1, EDEM2, EDEM3, EDN1, EDNRA, EDNRB, EEF2K, EFTUD2, EGFR, EGLN1, EGR1, EGR2, EHMT2, EIF2B1, EIF2B2, EIF2B3, EIF2B4, EIF2B5, EIF2S1, EIF4EBP2, EIF6, ELAVL4, EN1, ENPP1, EP300, EPG5, EPHA4, EPHB2, EPM2AIP1, EPRS1, ERBIN, EREG, ERFE, ERLEC1, ERLIN1, ERLIN2, ERRFI1, EXT1, EZH2, EZR, F7, FADD, FAF1, FAF2, FAM8A1, FAT1, FBN1, FBP1, FBXO17, FBXO2, FBXO27, FBXO44, FBXO6, FCER1G, FCGR2B, FCSK, FDX1, FER, FFAR3, FGF21, FLNA, FLOT1, FLT3, FOLR1, FOLR2, FOS, FOSB, FOSL1, FOSL2, FOXC2, FOXO1, FOXO3, FOXO4, FOXP3, FOXRED2, FPR2, FUT7, FYN, GAB1, GABRB1, GABRB2, GABRB3, GABRG2, GAL, GALP, GATA1, GATA6, GCG, GCGR, GCK, GCLC, GCLM, GCNT1, GDF10, GDF15, GET4, GFER, GH1, GH2, GHR, GHRHR, GHRL, GHSR, GIP, GJA1, GJB2, GKAP1, GLDC, GLP1R, GLP2R, GLRA1, GLRA2, GNA11, GNA14, GNA15, GNAI1, GNAI2, GNAI3, GNAL, GNAO1, GNAQ, GNAS, GNB1, GNB5, GNG2, GNRHR, GNRHR2, GOLPH3, GOT1, GPD1, GPER1, GPIHBP1, GPLD1, GPR173, GPR21, GPRC6A, GPT, GPX1, GRB10, GRB14, GRB2, GRIA1, GRIN1, GRIN2A, GRIN2D, GRK2, GRM2, GRM5, GSK3A, GSK3B, GSTM1, GSTM2, GSTM3, GUCD1, GUCY1B1, HADH, HADHA, HCFC2, HCN1, HCN2, HCN3, HCN4, HDAC2, HDAC5, HDAC6, HDAC9, HERPUD1, HES1, HLCS, HM13, HMGCS2, HNRNPD, HOMER1, HOMER2, HPCA, HPRT1, HRAS, HRH1, HRH3, HRH4, HSD11B2, HSF1, HSP90AA1, HSP90B1, HSPA5, HTR1A, HTR1B, HTR2A, HTR3A, HTR3B, HTR3C, HTR3D, HTR3E, ICAM1, IDE, IFIH1, IFIT1, IFNA1, IFNA10, IFNA13, IFNA14, IFNA16, IFNA17, IFNA2, IFNA21, IFNA4, IFNA5, IFNA6, IFNA7, IFNA8, IFNB1, IFNE, IFNK, IFNW1, IGF1, IGF1R, IGF2, IGFBP1, IGFBP5, IL10, IL1A, IL1B, IL2, IL6, INAVA, INHBA, INHBB, INPP5K, INPPL1, INS, INSIG1, INSIG2, INSR, INSRR, IPO5, IRAK3, IRF3, IRF5, IRS1, IRS2, IRS4, ITGA2, ITGA4, ITGB1, ITGB2, ITGB3, ITPR1, ITPR2, JAG1, JAK1, JAK2, JAK3, JKAMP, JUP, KANK1, KAT2B, KAT7, KBTBD2, KCNB1, KCNC1, KCNC2, KCNE1, KCNJ11, KCNJ8, KCNQ1, KDM1A, KHK, KL, KLF1, KLF11, KLF15, KLF16, KLF2, KLF3, KLF4, KLHL22, KYNU, LAMTOR1, LAMTOR2, LAMTOR3, LAMTOR4, LAMTOR5, LARGE1, LARP1, LARS1, LDLR, LDOC1, LEP, LEPROT, LEPROTL1, LGMN, LHCGR, LIPA, LOC102724560, LONP1, LPIN1, LPIN2, LPIN3, LPL, LRP1, LRP5, LRP6, LRRK2, LTA4H, LY6G6D, LY6H, LYN, LYPD1, MAN1A1, MAN1A2, MAN1B1, MAN1C1, MAP1B, MAP3K5, MAP3K7, MAPK1, MAPK13, MAPK14, MAPK3, MARCHF6, MAS1, MAS1L, MAVS, MBD1, MBD5, MC4R, MDM2, MEAK7, MECP2, MEF2C, MGARP, MGST2, MIA3, MIR103A1, MIR106B, MIR107, MIR1271, MIR135A1, MIR140, MIR143, MIR145, MIR146A, MIR15B, MIR195, MIR200A, MIR200C, MIR20A, MIR224, MIR27B, MIR302A, MIR342, MIR379, MIR421, MIR4286, MIR455, MIR545, MIR758, MIR762, MIR92A1, MIR95, MIR98, MIRLET7F1, MMP12, MMP13, MMP2, MMP24-AS1-EDEM2, MMP3, MMP9, MRGPRX1, MSTN, MTARC1, MTARC2, MTCL2, MTHFR, MTOR, MTR, MTRNR2L5, MUL1, MYD88, MYO1C, MYO5A, MYRF, MZB1, NAGK, NCCRP1, NCK1, NCL, NCOA1, NCOA2, NCOA5, NCOR2, NCSTN, ND5, NDEL1, NDUFS4, NEFL, NEURL1, NFE2L2, NFKB1, NFKBIA, NFKBIZ, NGLY1, NHERF1, NKX6-1, NLRP1, NME2, NNMT, NOD1, NOD2, NONO, NOTCH1, NPC1, NPLOC4, NPM1, NPPC, NPR2, NQO1, NR1H4, NR4A1, NR4A2, NR4A3, NR5A1, NSG1, NSG2, NSMCE3, NSMF, NT5E, NTRK2, NUCKS1, NUDC, OGG1, OGT, OPRK1, OPRM1, OS9, OSBPL8, OTC, OTOP1, OXTR, P2RX1, P2RX2, P2RX3, P2RX4, P2RX5, P2RX6, P2RX7, P2RY1, P2RY11, P2RY12, P2RY2, P2RY4, P2RY6, PALM, PANX1, PARP1, PAX6, PCK1, PCK2, PCNA, PCSK1, PCSK9, PDCD4, PDE12, PDE1B, PDE2A, PDE3A, PDE3B, PDGFC, PDGFD, PDGFRA, PDK2, PDK4, PDPK1, PDX1, PDXP, PELI1, PENK, PER1, PFKFB1, PHEX, PHIP, PID1, PIK3C2A, PIK3CA, PIK3CG, PIK3R1, PIK3R2, PIK3R3, PIP4K2A, PIP4K2B, PIP4K2C, PITX3, PKD2, PKLR, PKM, PLA2G1B, PLCB1, PMAIP1, PNPLA3, PNPT1, POMC, POU4F2, PPARA, PPARG, PPP1R1B, PPP1R9B, PPP2R2A, PPP3CA, PPP5C, PQBP1, PRKAA1, PRKACA, PRKAR1A, PRKCA, PRKCB, PRKCD, PRKCE, PRKCG, PRKCI, PRKCQ, PRKCZ, PRKD1, PRKDC, PRKN, PRLH, PRMT5, PRNP, PSEN1, PSMB2, PSMC6, PTAFR, PTGER1, PTGS2, PTK2, PTK2B, PTPN1, PTPN11, PTPN2, PTPN22, PTPRA, PTPRE, PXN, RAB10, RAB13, RAB31, RAB44, RAB8A, RAD51, RAF1, RALB, RAMP3, RANBP2, RANGAP1, RAP1A, RAP1B, RAP1BL, RAP1GDS1, RAPGEF1, RAPGEF2, RAPGEF3, RARRES2, RB1, RBM4, RBX1, RCN3, RECQL5, REG1A, REG1B, REG3A, REG3G, RELA, REN, RETN, RFTN1, RFTN2, RGS10, RGS17, RGS2, RGS4, RGS7, RGS8, RGS9, RHBDD1, RHBDD2, RHOQ, RIGI, RIOK3, RIPK2, RNF103, RNF121, RNF139, RNF175, RNF185, RNF5, RNFT1, RNFT2, ROCK1, ROCK2, RPL23, RPS6KB1, RPTOR, RRAGA, RRAGB, RRAGC, RRAGD, RRM2B, RTF2, RYR1, RYR2, RYR3, SCAP, SCN11A, SCNN1A, SCNN1B, SCNN1D, SCNN1G, SDC1, SDF2L1, SDK1, SEC61B, SEL1L, SEL1L2, SELENON, SELENOS, SERPINA12, SERPINF1, SESN1, SESN2, SESN3, SETD2, SFRP1, SGCB, SGTA, SH2B2, SH3BP4, SHC1, SHMT1, SHOC2, SIK2, SIN3A, SIRT1, SIX1, SLC18A2, SLC1A1, SLC1A2, SLC1A3, SLC22A12, SLC24A4, SLC25A33, SLC26A3, SLC26A6, SLC27A1, SLC27A4, SLC2A1, SLC2A4, SLC2A8, SLC30A10, SLC34A1, SLC38A9, SLC39A14, SLC3A2, SLC5A5, SLC6A1, SLC6A3, SLC6A4, SLC7A5, SLC8A1, SLC9A1, SLIT2, SLURP2, SMAD3, SMARCC1, SMPD1, SMPD3, SNX5, SNX6, SOCS1, SOCS2, SOCS3, SOCS5, SORBS1, SORL1, SORT1, SOS1, SOS2, SOX9, SP1, SP7, SPAAR, SPIDR, SPINK1, SRC, SRD5A1, SRD5A2, SREBF1, SREBF2, SRSF4, SRSF6, SRSF9, SSH1, SST, ST8SIA2, STAMBPL1, STAT1, STAT2, STAT3, STAT4, STAT5A, STAT5B, STAT6, STC1, STC2, STING1, STK11, STT3B, STUB1, STXBP3, STXBP4, SULT1A3, SULT1A4, SVIP, SYAP1, SYK, SYVN1, TACR3, TAF1, TAF9, TBC1D4, TCF12, TDO2, TEK, TFF1, TGFB1, TGFBR3, TGM2, TH, THBD, TIAM1, TICAM1, TICAM2, TIMELESS, TIMP1, TLR2, TLR3, TLR4, TLR6, TLR7, TLR9, TMBIM6, TMEM129, TMEM259, TMEM38A, TMEM38B, TMEM67, TMUB1, TMUB2, TMX1, TNF, TNFAIP3, TNFRSF11A, TNFSF10, TNFSF4, TNIK, TNS2, TOMM70, TOP2B, TOR1A, TP53, TP73, TPR, TRAF2, TRARG1, TRDMT1, TREM2, TREX1, TRIB3, TRIM13, TRIM16, TRIM24, TRIM25, TRIM41, TRIM44, TRIM72, TRPC3, TRPM2, TRPM4, TRPV1, TRPV4, TSC1, TSC2, TSHR, TSPO, TUBA1A, TWIST2, TXN, TXNIP, TYK2, TYMS, TYR, UBAC2, UBE2G2, UBE2J1, UBE2J2, UBE3A, UBE4A, UBE4B, UBQLN1, UBQLN2, UBR1, UBR2, UBXN1, UBXN10, UBXN2A, UBXN4, UBXN6, UBXN8, UCP2, UCP3, UFD1, UFL1, UGGT1, UGGT2, UMOD, UMODL1, UPRT, UQCRC1, UROS, USF1, USO1, USP13, USP14, USP19, USP25, VAMP2, VCAM1, VCP, VGF, VIM, VKORC1, VPS13C, VPS35, VWA2, WDTC1, WFS1, WNT1, WNT10B, WT1, XBP1, XRN1, YOD1, YWHAG, ZBED3, ZBTB7B, ZCCHC3, ZDHHC7, ZEB1, ZFP36L1, ZNF106, ZNF592
GO:0031960	response to corticosteroid	156	3	0.55	0.01731	0.019581447963800902	A2M, AANAT, ABCA3, ACE, ACSBG1, ADAM9, ADIPOQ, ADM, AGL, AIFM1, AKR1C3, ALAD, ALPL, ANXA1, ANXA3, APOA2, AQP1, AREG, ASS1, ATP5F1A, AVPR1A, AXIN2, BCHE, BCKDHB, BCL2, BCL2L11, BGLAP, BMP6, CAD, CALCR, CARD9, CASP3, CASP9, CDKN1A, CDO1, CFLAR, CLDN1, COMT, CPN1, CPS1, CRH, CSN1S1, CYBB, CYP1B1, DDIT4, EDN1, EGFR, EIF4E, EPO, FAM107A, FBXO32, FECH, FIBIN, FKRP, FLT3, FOS, FOSB, FOSL1, FOSL2, FOXO3, GBA1, GHR, GHRHR, GHSR, GJB2, GLB1, GOT1, GPER1, GPR83, GSK3A, HDAC6, HMGCS2, HNRNPU, HSD11B2, HSD3B1, HSD3B2, HTR1B, IGF1R, IGFBP2, IGFBP7, IL10, IL1RN, IL22, IL6, INHBA, ISL1, JAK2, KLF9, MAOB, METTL21C, MSTN, MYOD1, ND3, NEFL, NPAS4, NR3C1, PAPPA, PARP1, PCK1, PCK2, PCNA, PCSK1, PDCD7, PDX1, PFKFB1, PIK3CA, PTAFR, PTGDS, PTGS2, PTPRC, PTPRU, RAN, REST, RPL27, RPS6KB1, SCGB1A1, SCNN1A, SCNN1B, SCNN1D, SCNN1G, SDC1, SERPINF1, SGK1, SH3RF1, SLC12A3, SLIT2, SLIT3, SMYD3, SOX30, SRC, SRD5A1, SSTR2, SSTR3, SSTR4, SSTR5, STC1, STK39, TAT, TBX2, TFAP4, TH, TNF, TRIM63, TYMS, UBE2L3, UCN, UCN3, UCP2, UCP3, UGT1A1, USP8, WNT7B, ZFP36, ZFP36L1, ZFP36L2, ZNF764
GO:0048754	branching morphogenesis of an epithelial tube	157	3	0.55	0.01760	0.019819819819819822	ABL1, ACVR1, ADAMTS16, AGT, AGTR2, AR, AREG, BCL2, BMP2, BMP4, BMP7, BTRC, CASR, CAV3, CCL11, CELSR1, CITED1, CLIC4, COL4A1, CSF1, CSMD1, CTNNB1, CTNNBIP1, CTSH, CTSZ, DAG1, DCHS1, DDR1, DLG1, DLG5, DLL4, EDN1, EDNRA, EGF, ENG, EPHA2, ESR1, ESRP2, EXT1, EYA1, FGF1, FGF10, FGF2, FGF8, FGFR2, FKBPL, FOXA1, FOXC2, FOXD1, FOXF1, GBX2, GDF2, GDF7, GDNF, GLI2, GLI3, GNA13, GPC3, GREB1L, GREM1, GZF1, HHIP, HNF1B, HOXA11, HOXA5, HOXB7, HOXD11, HS3ST3A1, HS3ST3B1, IHH, ILK, KDM5B, KDR, KRAS, LAMA1, LAMA5, LEF1, LGR4, LHX1, LRP5, MAGED1, MDK, MED1, MET, MIR15B, MIR16-1, MKS1, MMP14, MSX2, MYC, NFATC4, NKX2-1, NKX3-1, NOG, NOTCH1, NOTCH4, NPNT, NRARP, NRP1, PAK1, PAX2, PAX8, PBX1, PGR, PHB2, PKD1, PKD2, PKHD1, PLXND1, PML, PPP1CA, PPP3R1, PTCH1, RASIP1, RBM15, RDH10, RSPO2, SALL1, SEMA3E, SFRP2, SHH, SIRT6, SIX1, SIX2, SIX4, SLIT2, SMAD4, SMO, SOX8, SOX9, SPRY1, SPRY2, SRC, SRF, STK4, TACSTD2, TBX2, TBX20, TBX3, TCF21, TGFBR2, TIE1, TIMELESS, TMEM59L, TNC, TNF, VDR, VEGFA, WNT1, WNT2, WNT2B, WNT4, WNT5A, WNT6, WNT9B, WT1, YAP1
GO:0048731	system development	4072	22	14.23	0.01798	0.02004424778761062	A2M, AAMP, AARS1, AATK, ABAT, ABCA12, ABCA2, ABCA3, ABCB5, ABCB6, ABCC8, ABCC9, ABCD1, ABCD2, ABI1, ABI2, ABI3, ABITRAM, ABL1, ABL2, ABT1, ACACB, ACADM, ACAN, ACAP3, ACAT1, ACD, ACE, ACER3, ACHE, ACKR3, ACO2, ACOD1, ACP4, ACP5, ACSBG1, ACSL3, ACSL4, ACSL6, ACTA2, ACTB, ACTBL2, ACTC1, ACTG1, ACTL6A, ACTL6B, ACTL9, ACTN2, ACTN3, ACVR1, ACVR1B, ACVR1C, ACVR2A, ACVR2B, ACVRL1, ADA, ADAM10, ADAM12, ADAM15, ADAM17, ADAM18, ADAM2, ADAM20, ADAM21, ADAM22, ADAM23, ADAM29, ADAM30, ADAM32, ADAM8, ADAMTS1, ADAMTS12, ADAMTS16, ADAMTS18, ADAMTS2, ADAMTS4, ADAMTS5, ADAMTS6, ADAMTS7, ADAMTS9, ADAMTSL2, ADAP2, ADAR, ADARB1, ADCY1, ADCY10, ADCY6, ADCYAP1, ADD2, ADGRA2, ADGRB1, ADGRB2, ADGRB3, ADGRF1, ADGRF5, ADGRG1, ADGRG6, ADGRL1, ADGRL3, ADGRV1, ADIPOQ, ADIPOR2, ADM, ADM2, ADNP, ADNP2, ADORA1, ADORA2A, ADPRHL1, ADRA1A, ADRA2B, ADRA2C, ADTRP, AFF2, AFG2A, AFG3L2, AFP, AGBL4, AGER, AGGF1, AGO1, AGO2, AGO4, AGR2, AGRN, AGT, AGTPBP1, AGTR1, AGTR2, AHI1, AHR, AHSG, AICDA, AIM2, AIMP1, AIMP2, AIRE, AK8, AKAP13, AKAP6, AKIRIN2, AKNA, AKR1B1, AKR1C3, AKT1, AKT2, AKT3, ALCAM, ALDH1A2, ALDH1A3, ALDH3A2, ALDH5A1, ALK, ALKAL1, ALKAL2, ALKBH1, ALOX15B, ALOX5, ALPK2, ALPK3, ALPL, ALS2, ALX1, ALX3, ALX4, AMBRA1, AMELX, AMER1, AMH, AMHR2, AMIGO1, AMIGO2, AMIGO3, AMOT, AMOTL1, AMOTL2, ANAPC2, ANAPC7, ANG, ANGPT1, ANGPT2, ANGPT4, ANGPTL3, ANGPTL4, ANGPTL6, ANGPTL7, ANK2, ANK3, ANKH, ANKLE2, ANKRD1, ANKRD11, ANKRD17, ANKRD24, ANKRD27, ANKS1A, ANKS6, ANO1, ANOS1, ANP32B, ANPEP, ANTXR1, ANXA1, ANXA2, ANXA3, AP1B1, AP2A1, AP2B1, AP3B1, APAF1, APBA1, APBA2, APBB1, APBB2, APC, APC2, APCDD1, APELA, APH1A, APLF, APLN, APLNR, APLP1, APLP2, APOA1, APOA4, APOB, APOD, APOE, APOH, APOLD1, APP, APPL2, AQP1, AQP11, AQP2, AQP5, AR, ARC, ARCN1, AREG, ARF4, ARF6, ARG2, ARHGAP11B, ARHGAP22, ARHGAP24, ARHGAP26, ARHGAP33, ARHGAP35, ARHGAP4, ARHGAP44, ARHGEF10, ARHGEF15, ARHGEF2, ARHGEF25, ARHGEF28, ARHGEF40, ARHGEF7, ARHGEF9, ARID1A, ARID1B, ARID2, ARID4A, ARID4B, ARID5A, ARID5B, ARK2C, ARL13B, ARL3, ARMC5, ARMCX5-GPRASP2, ARNT2, ARRB2, ARSB, ARSL, ARTN, ARX, ASAP1, ASB1, ASB2, ASB4, ASCL1, ASCL2, ASCL3, ASH1L, ASIC2, ASPA, ASPM, ASS1, ASTN1, ASTN2, ASXL1, ATAD5, ATAT1, ATCAY, ATF1, ATF2, ATF4, ATF5, ATF6, ATG16L1, ATG5, ATG9A, ATG9B, ATIC, ATL1, ATM, ATN1, ATOH1, ATOH7, ATOH8, ATP1A2, ATP1B2, ATP2B2, ATP2B4, ATP5F1B, ATP5IF1, ATP5PB, ATP5PF, ATP6AP1, ATP6AP2, ATP7A, ATP8A2, ATP8B1, ATP9A, ATRN, ATRX, ATXN1, ATXN10, ATXN1L, ATXN3, AURKA, AUTS2, AVIL, AVPR1A, AVPR2, AXIN2, AXL, AZU1, B2M, B3GNT2, B3GNT5, B4GALNT1, B4GALT1, B4GALT2, B4GALT5, B4GALT6, B4GAT1, B9D1, BAAT, BAD, BAG5, BAG6, BAIAP2, BAK1, BARHL1, BARHL2, BARX1, BARX2, BASP1, BATF, BAX, BBS1, BBS2, BBS4, BBS5, BBS7, BBX, BCAN, BCAR3, BCAS1, BCAS3, BCCIP, BCHE, BCL10, BCL11A, BCL11B, BCL2, BCL2L1, BCL2L11, BCL2L2, BCL3, BCL6, BCOR, BCR, BDNF, BECN1, BEND6, BEX1, BFSP1, BFSP2, BGLAP, BGN, BHLHA15, BHLHE22, BHLHE23, BHLHE40, BHLHE41, BICC1, BICDL1, BIK, BIN1, BIRC7, BLOC1S1, BLOC1S2, BLOC1S3, BLOC1S4, BLOC1S5, BLOC1S6, BMAL1, BMERB1, BMI1, BMP1, BMP10, BMP2, BMP3, BMP4, BMP5, BMP6, BMP7, BMP8A, BMP8B, BMPER, BMPR1A, BMPR1B, BMPR2, BNC2, BNIP3, BOC, BOK, BORCS8, BORCS8-MEF2B, BPGM, BPNT1, BPNT2, BPTF, BRAF, BRCA1, BRCA2, BRD2, BRINP1, BRINP2, BRINP3, BRIP1, BRSK1, BRSK2, BSG, BSN, BTBD1, BTBD2, BTBD3, BTBD6, BTBD7, BTD, BTG1, BTG2, BTG4, BVES, C12orf57, C1GALT1, C1QA, C1QL1, C1QL2, C1QL3, C21orf91, C2CD3, C3, C3AR1, C3orf70, C5AR1, C9orf72, CA10, CABLES1, CABP4, CACNA1C, CACNA1G, CACNA1S, CACNB4, CACNG7, CACYBP, CAD, CADM1, CALB1, CALCRL, CALD1, CALM1, CALM2, CALM3, CALR, CAMK1, CAMK1D, CAMK2A, CAMK2B, CAMK2G, CAMP, CAMSAP1, CAMSAP2, CAMSAP3, CAPG, CAPRIN1, CAPRIN2, CARD10, CARM1, CASP2, CASP3, CASP5, CASP7, CASP8, CASP9, CASZ1, CAT, CAV1, CAV3, CBFA2T2, CBL, CBLB, CBLN1, CBLN2, CBLN4, CBS, CBY1, CC2D2A, CCBE1, CCDC103, CCDC134, CCDC14, CCDC141, CCDC154, CCDC182, CCDC39, CCDC40, CCDC85C, CCDC88A, CCK, CCKAR, CCKBR, CCL11, CCL2, CCL24, CCL3, CCM2, CCM2L, CCN1, CCN2, CCN3, CCN4, CCN6, CCNB2, CCND1, CCR2, CCR3, CCR4, CCR6, CD160, CD24, CD248, CD274, CD28, CD2AP, CD320, CD34, CD38, CD3E, CD40, CD40LG, CD44, CD47, CD9, CDC20, CDC42, CDH1, CDH11, CDH13, CDH17, CDH2, CDH23, CDH4, CDH5, CDH9, CDHR1, CDK1, CDK16, CDK20, CDK5, CDK5R1, CDK5R2, CDK5RAP1, CDK5RAP2, CDK5RAP3, CDK6, CDKL3, CDKL5, CDKN1A, CDKN1B, CDKN1C, CDKN2B, CDKN2C, CDNF, CDON, CDX1, CDX2, CDX4, CEACAM1, CEBPA, CEBPB, CEBPG, CECR2, CELA1, CELF4, CELSR1, CELSR2, CELSR3, CEMIP2, CEND1, CENPF, CEP120, CEP290, CEP85L, CER1, CERS2, CERS5, CERT1, CFAP418, CFAP43, CFC1, CFC1B, CFL1, CFLAR, CGA, CHAC1, CHAD, CHADL, CHD4, CHD5, CHD7, CHD8, CHERP, CHI3L1, CHL1, CHN1, CHODL, CHRD, CHRDL1, CHRDL2, CHRM1, CHRM2, CHRM3, CHRNA3, CHRNA7, CHRNB2, CHST11, CHST8, CHSY1, CIB1, CIC, CIMAP3, CIT, CITED1, CITED2, CKB, CLC, CLCF1, CLCN2, CLDN1, CLDN11, CLDN18, CLDN3, CLDN5, CLEC14A, CLEC3A, CLIC4, CLMN, CLMP, CLN5, CLN8, CLOCK, CLP1, CLRN1, CLRN2, CLSTN1, CLSTN2, CLSTN3, CLU, CLUAP1, CMA1, CMKLR1, CMTM8, CNGB1, CNMD, CNP, CNR1, CNTF, CNTFR, CNTN1, CNTN2, CNTN4, CNTN5, CNTN6, CNTNAP1, CNTNAP2, CNTRL, COBL, COL10A1, COL11A1, COL11A2, COL13A1, COL14A1, COL15A1, COL18A1, COL19A1, COL1A1, COL1A2, COL27A1, COL2A1, COL3A1, COL4A1, COL4A2, COL4A3, COL4A4, COL5A1, COL5A2, COL6A1, COL8A1, COL8A2, COL9A2, COLQ, COMP, COMT, COPS2, COQ8B, CORO1C, COX1, COX6B1, COX7B, CPAMD8, CPB2, CPE, CPEB3, CPLANE2, CPLX2, CPNE1, CPNE5, CPNE6, CPNE9, CPS1, CPT1A, CRABP2, CRB1, CRB2, CREB1, CREB3L1, CREB3L2, CRELD1, CRH, CRHR1, CRIM1, CRIP1, CRIPT, CRIPTO, CRIPTO3, CRISPLD2, CRK, CRKL, CRLF1, CRMP1, CRPPA, CRTAC1, CRX, CRYAA, CRYAB, CRYBA1, CRYBA2, CRYBA4, CRYBB1, CRYBB2, CRYBB3, CRYBG3, CRYGA, CRYGB, CRYGC, CRYGD, CRYGN, CRYGS, CSDE1, CSF1, CSF1R, CSGALNACT1, CSK, CSMD1, CSMD3, CSNK1D, CSNK2A2, CSPG4, CSPG5, CSRNP1, CSRP3, CST7, CTC1, CTDP1, CTDSP1, CTF1, CTH, CTHRC1, CTNNA1, CTNNA2, CTNNB1, CTNNBIP1, CTNNBL1, CTNND2, CTNS, CTSC, CTSH, CTSK, CTSZ, CTTN, CUL3, CUL4B, CUL7, CUX1, CUX2, CX3CL1, CX3CR1, CXADR, CXCL1, CXCL10, CXCL12, CXCL13, CXCL17, CXCL8, CXCR2, CXCR3, CXCR4, CXCR5, CYB5D2, CYBB, CYFIP1, CYFIP2, CYP19A1, CYP1A1, CYP1A2, CYP1B1, CYP26A1, CYP26B1, CYP26C1, CYP46A1, CYP4A11, CYP4A22, CYP7B1, CYREN, CYSLTR1, CYTL1, DAAM2, DAB1, DAB2, DAB2IP, DACT1, DACT2, DAG1, DAGLA, DAGLB, DAND5, DAW1, DBN1, DBNL, DBX1, DCAF1, DCANP1, DCC, DCDC2, DCHS1, DCHS2, DCLK1, DCLK2, DCLRE1C, DCN, DCT, DCTN1, DCTN5, DCX, DDAH1, DDC, DDIT3, DDIT4, DDR1, DDR2, DDRGK1, DDX56, DDX6, DEAF1, DEGS1, DENND5A, DGKG, DGUOK, DHCR24, DHFR, DHFRP1, DHH, DHRS3, DHX30, DHX36, DHX37, DIAPH3, DICER1, DIO3, DIP2A, DIP2B, DIPK2A, DISC1, DISP1, DISP3, DIXDC1, DKK1, DKK3, DLC1, DLG1, DLG4, DLG5, DLL1, DLL3, DLL4, DLX1, DLX2, DLX3, DLX5, DLX6, DMBX1, DMC1, DMD, DMRT1, DMRT2, DMRT3, DMRTA1, DMRTA2, DNAAF1, DNAAF11, DNAAF3, DNAAF4, DNAH11, DNAH5, DNAI1, DNAJB1, DNAJB11, DNAJC19, DNAJC30, DNER, DNM2, DNM3, DNMT1, DNMT3A, DOC2A, DOCK10, DOCK7, DOK4, DOK5, DPCD, DPF1, DPF2, DPF3, DPPA2, DPPA4, DPYSL2, DPYSL3, DPYSL4, DPYSL5, DRAXIN, DRC1, DRD1, DRD2, DRD3, DRGX, DRP2, DSCAM, DSCAML1, DSG2, DSP, DTNB, DTNBP1, DTX1, DUOXA1, DUSP10, DUSP15, DUSP6, DUT, DVL1, DVL2, DVL3, DYM, DYNC2H1, DYNC2I1, DYNLL1, DYNLT1, DYRK1A, DZANK1, DZIP1, DZIP1L, E2F1, E2F2, E2F7, E2F8, EAF2, EBP, ECE1, ECM1, ECRG4, ECSCR, ECT2, EDA, EDAR, EDN1, EDN2, EDN3, EDNRA, EDNRB, EED, EEF1AKMT4-ECE2, EEF2K, EFEMP1, EFEMP2, EFHC1, EFHC2, EFHD1, EFNA1, EFNA2, EFNA3, EFNA4, EFNA5, EFNB1, EFNB2, EFNB3, EGF, EGFL7, EGFR, EGLN1, EGR1, EGR2, EGR3, EHD1, EHMT2, EIF2AK3, EIF2AK4, EIF2B1, EIF2B2, EIF2B3, EIF2B4, EIF2B5, EIF2S2, EIF4A3, EIF4E, EIF4ENIF1, EIF4G1, EIF4G2, ELAPOR2, ELAVL3, ELAVL4, ELK1, ELK3, ELL3, ELN, ELP3, EMB, EMC10, EMILIN1, EMILIN2, EML1, EMP2, EMX1, EMX2, EN1, EN2, ENAH, ENC1, ENG, ENPEP, EOMES, EP300, EPAS1, EPB41L3, EPB41L5, EPB42, EPCAM, EPGN, EPHA1, EPHA10, EPHA2, EPHA3, EPHA4, EPHA5, EPHA6, EPHA7, EPHA8, EPHB1, EPHB2, EPHB3, EPHB4, EPHB6, EPN1, EPN2, EPO, EPOP, EPOR, EPYC, ERAP1, ERBB2, ERBB3, ERBB4, ERCC1, ERCC2, ERCC3, ERCC6, EREG, ERRFI1, ESM1, ESR1, ESRP1, ESRP2, ESS2, ETS1, ETS2, ETV1, ETV2, ETV5, ETV6, EVC, EVL, EVX1, EXO1, EXOSC3, EXOSC6, EXT1, EXT2, EXTL1, EYA1, EZH1, EZH2, F2, F3, FA2H, FABP7, FADD, FAIM2, FAM151B, FAM20C, FANCA, FANCC, FANCD2, FANCG, FAP, FARP1, FARP2, FASLG, FAT1, FAT3, FAT4, FBN1, FBN2, FBXL17, FBXO38, FBXO45, FBXO7, FBXW11, FBXW7, FBXW8, FCGR2B, FEM1B, FER, FERD3L, FES, FEV, FEZ1, FEZ2, FEZF1, FEZF2, FGF1, FGF10, FGF11, FGF12, FGF13, FGF14, FGF17, FGF18, FGF19, FGF2, FGF20, FGF3, FGF4, FGF5, FGF6, FGF7, FGF8, FGF9, FGFBP1, FGFR1, FGFR2, FGFR3, FGFRL1, FGL1, FGR, FHL2, FHOD3, FIG4, FIGNL2, FJX1, FKBP10, FKBP1A, FKBP1B, FKBP4, FKBP8, FKBPL, FKRP, FKTN, FLCN, FLNA, FLOT1, FLRT1, FLRT2, FLRT3, FLT1, FLT4, FLVCR1, FMN1, FMNL3, FMR1, FN1, FNDC3A, FOLR1, FOS, FOSL1, FOSL2, FOXA1, FOXA2, FOXB1, FOXC1, FOXC2, FOXD1, FOXE1, FOXE3, FOXF1, FOXF2, FOXG1, FOXH1, FOXI3, FOXJ1, FOXJ2, FOXL1, FOXL2, FOXN1, FOXN3, FOXN4, FOXO1, FOXO3, FOXO4, FOXO6, FOXP1, FOXP2, FOXP3, FOXR1, FOXS1, FPGS, FRAS1, FREM1, FREM2, FRMD7, FRS2, FRY, FRYL, FRZB, FSCN2, FSHB, FSHR, FST, FSTL4, FTSJ1, FUT1, FUT10, FUT9, FUZ, FXR1, FXR2, FYN, FZD1, FZD10, FZD2, FZD3, FZD4, FZD5, FZD6, FZD7, FZD8, FZD9, FZR1, G6PD, GAA, GAB1, GABRA1, GABRA2, GABRA3, GABRA4, GABRA5, GABRA6, GABRB1, GABRB2, GABRB3, GABRE, GABRG1, GABRG2, GABRG3, GADD45A, GAK, GAL3ST1, GALC, GALNT11, GALR2, GAP43, GART, GAS2, GAS6, GAS7, GAS8, GATA1, GATA2, GATA3, GATA4, GATA5, GATA6, GBA1, GBA2, GBX1, GBX2, GCM1, GCM2, GCNT1, GCNT3, GCNT4, GDA, GDF10, GDF11, GDF2, GDF3, GDF5, GDF6, GDF7, GDF9, GDI1, GDNF, GDPD5, GFAP, GFER, GFI1, GFRA1, GFRA2, GFRA3, GFRA4, GFRAL, GGNBP2, GH1, GHR, GHRH, GHRHR, GHRL, GHSR, GIGYF2, GIP, GIPR, GIT1, GIT2, GJA1, GJA10, GJA4, GJA5, GJA8, GJB1, GJB6, GJC1, GJC2, GJC3, GJE1, GLDN, GLG1, GLI1, GLI2, GLI3, GLIS2, GLMN, GLRB, GLUD1, GLUL, GMFB, GNA11, GNA13, GNAS, GNAT1, GNAT2, GNB1, GNB4, GNG5, GNG8, GNGT1, GNPAT, GNRH1, GOLGA4, GORASP1, GPC1, GPC2, GPC3, GPC4, GPER1, GPLD1, GPM6A, GPM6B, GPNMB, GPR149, GPR15, GPR157, GPR158, GPR161, GPR17, GPR173, GPR183, GPR37, GPR37L1, GPR4, GPR68, GPRASP3, GPRC5B, GPRIN1, GPRIN2, GPRIN3, GPSM1, GPX1, GRB2, GREB1L, GREM1, GRHL2, GRHL3, GRIA1, GRID2, GRIK1, GRIN1, GRIN2A, GRIN2B, GRIN2C, GRIN2D, GRIN3A, GRIP1, GRK2, GRM5, GRM6, GRM7, GRN, GRXCR1, GRXCR2, GSC, GSDME, GSK3A, GSK3B, GSN, GSS, GSTM3, GSTP1, GSX1, GSX2, GTF2I, GUCD1, GYS1, GZF1, H2AX, H2BC12L, HAND1, HAND2, HAP1, HAPLN1, HAPLN2, HAPLN3, HAPLN4, HAS2, HAVCR2, HCN1, HCN4, HDAC1, HDAC11, HDAC2, HDAC3, HDAC4, HDAC5, HDAC6, HDAC7, HDAC9, HDGFL3, HECTD1, HECW1, HECW2, HEG1, HELLS, HELT, HERC1, HES1, HES2, HES3, HES4, HES5, HES6, HES7, HESX1, HEXA, HEXB, HEXIM1, HEY1, HEY2, HEYL, HGF, HGS, HHEX, HHIP, HIF1A, HIF1AN, HIF3A, HIKESHI, HIP1R, HIPK1, HIPK2, HK2, HLA-B, HLA-E, HLA-G, HLTF, HLX, HMCES, HMCN2, HMG20A, HMG20B, HMGA2, HMGB1, HMGB2, HMGCS2, HMOX1, HMX2, HMX3, HNF1A, HNF1B, HNRNPD, HNRNPU, HOOK3, HOPX, HOXA1, HOXA10, HOXA11, HOXA13, HOXA2, HOXA3, HOXA4, HOXA5, HOXA6, HOXA7, HOXA9, HOXB1, HOXB13, HOXB2, HOXB3, HOXB4, HOXB5, HOXB6, HOXB7, HOXB8, HOXB9, HOXC10, HOXC11, HOXC4, HOXC5, HOXC6, HOXC8, HOXC9, HOXD1, HOXD10, HOXD11, HOXD12, HOXD13, HOXD3, HOXD4, HOXD8, HOXD9, HPCA, HPCAL4, HPGD, HPN, HPRT1, HPSE, HRAS, HRG, HS2ST1, HS3ST3A1, HS3ST3B1, HS6ST1, HSD11B1, HSD17B1, HSD17B3, HSD17B4, HSD3B1, HSD3B2, HSF4, HSP90AA1, HSPA5, HSPB1, HSPB6, HSPB7, HSPD1, HSPG2, HTATIP2, HTN1, HTR2B, HTR5A, HTR6, HTRA2, HYAL1, HYAL2, HYAL3, HYCC1, HYDIN, ICAM5, ICOS, ID1, ID2, ID3, ID4, IDH1, IDO1, IER2, IER3IP1, IFITM5, IFNG, IFNGR1, IFRD1, IFT122, IFT140, IFT172, IFT20, IFT25, IFT27, IFT52, IFT57, IFT74, IFT80, IFT88, IGF1, IGF1R, IGF2, IGF2BP1, IGF2BP2, IGF2BP3, IGF2R, IGFBP5, IGSF10, IGSF21, IGSF3, IGSF8, IGSF9, IGSF9B, IHH, IL10, IL12A, IL12B, IL13, IL15, IL15RA, IL17F, IL18, IL1A, IL1B, IL1RAP, IL1RAPL1, IL1RAPL2, IL2, IL27RA, IL2RA, IL3, IL33, IL34, IL4, IL6, IL6R, IL6ST, IL7R, ILK, IMMP2L, IMPACT, IMPG2, INA, ING2, INHA, INHBA, INHBB, INPP5F, INPP5J, INPPL1, INS, INSC, INSIG1, INSIG2, INSL3, INSM1, INSM2, INSR, INTU, IQGAP1, IQSEC1, IRAK3, IRF2BPL, IRS2, IRX1, IRX2, IRX3, IRX4, IRX5, IRX6, ISL1, ISL2, ISLR2, ISM1, IST1, ITCH, ITGA1, ITGA2, ITGA2B, ITGA3, ITGA4, ITGA5, ITGA6, ITGA8, ITGAM, ITGAV, ITGAX, ITGB1, ITGB1BP1, ITGB3, ITGB4, ITGB6, ITGB8, ITM2B, ITM2C, ITPK1, ITPKA, ITSN2, JAG1, JAG2, JAK1, JAK2, JAM2, JAM3, JARID2, JCAD, JHY, JMJD6, JMJD8, JPH2, JRKL, JUNB, JUP, KALRN, KANK1, KANK2, KAT2A, KAT2B, KAT5, KAT8, KATNB1, KCNA1, KCNA2, KCNA3, KCNB1, KCNC1, KCNC2, KCNE1, KCNIP2, KCNJ10, KCNJ11, KCNJ8, KCNK2, KCNQ1, KCNQ2, KCNQ3, KCTD11, KDM1A, KDM2B, KDM4A, KDM4B, KDM5B, KDM6A, KDM6B, KDM7A, KDR, KEL, KERA, KHDC3L, KIAA0319, KIAA0319L, KIAA1217, KIAA1755, KIDINS220, KIF13B, KIF14, KIF18A, KIF1A, KIF20B, KIF26A, KIF26B, KIF27, KIF2A, KIF5A, KIF5B, KIF5C, KIFAP3, KIFBP, KIRREL3, KIT, KITLG, KLF15, KLF2, KLF4, KLF5, KLF7, KLHL1, KLHL10, KLHL3, KLK3, KLK6, KLK8, KMT2A, KMT5B, KMT5C, KNDC1, KRAS, KREMEN1, KRIT1, KRT1, KRT12, L1CAM, LAMA1, LAMA2, LAMA5, LAMB1, LAMB2, LAMC3, LARGE1, LBX1, LCTL, LDB1, LDB2, LDB3, LDLR, LECT2, LEF1, LEFTY1, LEMD2, LENEP, LEP, LEPR, LFNG, LGALS8, LGALS9, LGI1, LGI2, LGI4, LGR4, LGR5, LGR6, LHB, LHCGR, LHFPL4, LHFPL5, LHX1, LHX2, LHX3, LHX4, LHX5, LHX6, LHX8, LHX9, LIAS, LIF, LIG4, LILRB1, LILRB2, LILRB4, LIM2, LIMK1, LIMK2, LIMS2, LIN28A, LINC01587, LINGO2, LINGO4, LIPA, LLGL1, LLPH, LMNA, LMO4, LMX1A, LMX1B, LNPK, LNX2, LOC102724560, LOX, LOXL1, LOXL2, LOXL3, LPAR1, LPAR3, LPCAT1, LPIN1, LRCH4, LRFN1, LRFN3, LRFN4, LRFN5, LRG1, LRIG1, LRIG2, LRP1, LRP12, LRP2, LRP4, LRP5, LRP6, LRP8, LRRC10, LRRC17, LRRC24, LRRC27, LRRC4, LRRC4B, LRRC4C, LRRC7, LRRK1, LRRK2, LRRN1, LRRN3, LRRTM1, LRRTM2, LRRTM3, LRTM1, LRTM2, LSAMP, LSM1, LSR, LST1, LTA, LTA4H, LTB, LTBP3, LTBR, LTF, LTK, LUZP1, LY6H, LYL1, LYN, LYPLA2, LZTS1, LZTS2, LZTS3, MAB21L1, MAB21L2, MACF1, MACO1, MACROD2, MACROH2A2, MAD1L1, MAD2L2, MAF, MAFB, MAG, MAGED1, MAGI2, MAL, MAL2, MALL, MAMDC2, MAML1, MAMLD1, MAN1A2, MAN2A1, MANF, MAOB, MAP1A, MAP1B, MAP1S, MAP2, MAP2K1, MAP2K2, MAP2K3, MAP2K4, MAP2K5, MAP2K6, MAP3K13, MAP3K3, MAP4, MAP4K4, MAP6, MAPK1, MAPK11, MAPK14, MAPK3, MAPK6, MAPK7, MAPK8IP2, MAPK8IP3, MAPKAP1, MAPKAPK5, MAPT, MARCHF7, MARCKS, MARCKSL1, MARK1, MARK2, MARK4, MARVELD1, MAS1, MAST1, MATCAP1, MATN1, MATN2, MATN3, MATR3, MB, MBD1, MBD3, MBD5, MBNL1, MBOAT1, MBOAT2, MBOAT7, MBP, MBTD1, MBTPS2, MCAM, MCF2, MCM3AP, MCOLN3, MCPH1, MDFI, MDGA1, MDGA2, MDK, MDM1, MDM2, MDM4, MEA1, MECP2, MED1, MED12, MEF2A, MEF2B, MEF2C, MEF2D, MEGF11, MEGF8, MEIS1, MEIS2, MEIS3, MEIS3P1, MEOX2, MEPE, MERTK, MESP1, MESP2, MET, METRN, METTL14, METTL3, MEX3C, MFAP2, MFAP5, MFGE8, MFN2, MFRP, MFSD2A, MFSD8, MGARP, MGP, MIA3, MIB1, MICAL2, MICALL1, MICALL2, MICOS10-NBL1, MIGA2, MINAR1, MINAR2, MINK1, MIOS, MIP, MIR1-1, MIR100, MIR101-1, MIR106B, MIR10A, MIR10B, MIR1224, MIR125A, MIR125B1, MIR126, MIR1298, MIR130A, MIR132, MIR133A1, MIR133B, MIR135B, MIR137, MIR138-1, MIR140, MIR142, MIR143, MIR145, MIR146A, MIR149, MIR150, MIR153-1, MIR15A, MIR15B, MIR16-1, MIR17, MIR17HG, MIR181B1, MIR181C, MIR185, MIR188, MIR18A, MIR1908, MIR193A, MIR195, MIR196A1, MIR199A1, MIR199B, MIR19A, MIR19B1, MIR200B, MIR200C, MIR204, MIR205, MIR206, MIR208A, MIR20A, MIR20B, MIR21, MIR210, MIR212, MIR214, MIR217, MIR219A1, MIR22, MIR221, MIR222, MIR223, MIR2355, MIR23A, MIR24-1, MIR25, MIR26A1, MIR27A, MIR27B, MIR296, MIR29A, MIR29B1, MIR29C, MIR30A, MIR30B, MIR30C1, MIR30E, MIR31, MIR320A, MIR329-1, MIR342, MIR34A, MIR34B, MIR34C, MIR361, MIR375, MIR377, MIR378A, MIR410, MIR424, MIR431, MIR451A, MIR483, MIR487B, MIR492, MIR494, MIR495, MIR497, MIR499A, MIR503, MIR505, MIR509-1, MIR511, MIR541, MIR548C, MIR590, MIR640, MIR873, MIR885, MIR9-1, MIR92A1, MIR939, MIR99B, MIRLET7A1, MIRLET7B, MIRLET7F1, MIRLET7G, MITF, MIXL1, MKKS, MKS1, MLH1, MMD, MMD2, MME, MMP12, MMP13, MMP14, MMP16, MMP17, MMP19, MMP2, MMP21, MMP24, MMP9, MMRN2, MNAT1, MNX1, MOBP, MOG, MOSMO, MOSPD3, MOV10, MPST, MPV17, MPZ, MSC, MSH2, MSH3, MSH4, MSH6, MSI1, MSI2, MST1R, MSX1, MSX2, MT3, MTCH1, MTDH, MTERF4, MTF1, MTHFD1, MTHFD1L, MTHFR, MTMR2, MTNR1B, MTOR, MTPN, MTR, MTSS1, MUL1, MUSK, MUSTN1, MXRA8, MYB, MYBPC3, MYC, MYCBP2, MYCL, MYD88, MYDGF, MYEF2, MYF5, MYH11, MYH6, MYH7, MYH9, MYL2, MYL3, MYL7, MYLIP, MYLK, MYLK2, MYLK3, MYO16, MYO18B, MYO1E, MYO6, MYO7A, MYO9A, MYOC, MYOCD, MYOM1, MYOM2, MYOT, MYPN, MYRF, MYT1, MYT1L, N4BP3, NAA15, NAB1, NAB2, NAGLU, NAIP, NANOS1, NAP1L1, NAP1L2, NAPA, NARS1, NASP, NAV1, NAV2, NAV3, NAXE, NBL1, NBN, NCAM1, NCAM2, NCAN, NCDN, NCK1, NCK2, NCKAP1, NCKAP1L, NCKIPSD, NCL, NCMAP, NCOA1, NCOA4, NCOA6, NCOR2, NCS1, NCSTN, ND4, NDE1, NDEL1, NDFIP1, NDN, NDNF, NDP, NDRG1, NDRG2, NDRG4, NDST1, NDUFS2, NDUFS3, NDUFS4, NDUFV2, NEB, NEBL, NECTIN1, NECTIN3, NEDD4, NEDD4L, NEFH, NEFL, NEGR1, NEK3, NEK8, NELL1, NELL2, NEO1, NEPRO, NES, NEU4, NEURL1, NEUROD1, NEUROD2, NEUROD4, NEUROD6, NEUROG1, NEUROG2, NEUROG3, NEXMIF, NEXN, NF1, NF2, NFASC, NFATC1, NFATC2, NFATC3, NFATC4, NFE2L2, NFIA, NFIB, NFKB2, NFKBIZ, NGEF, NGF, NGFR, NGRN, NHEJ1, NHERF1, NHLH1, NHLH2, NHS, NIBAN2, NID1, NIF3L1, NIN, NINJ1, NINJ2, NIPBL, NKD1, NKIRAS1, NKIRAS2, NKX2-1, NKX2-2, NKX2-3, NKX2-5, NKX2-6, NKX2-8, NKX3-1, NKX3-2, NKX6-1, NKX6-2, NLE1, NLGN1, NLGN2, NLGN3, NLGN4X, NLGN4Y, NME1, NME2, NME5, NMNAT2, NMUR2, NNAT, NODAL, NOG, NOS3, NOTCH1, NOTCH2, NOTCH2NLA, NOTCH2NLB, NOTCH2NLC, NOTCH3, NOTCH4, NOTO, NOTUM, NOVA1, NOVA2, NOX1, NOX4, NOX5, NPAS1, NPAS2, NPAS4, NPC1, NPHP1, NPHP3, NPHP4, NPHS1, NPHS2, NPNT, NPPA, NPPB, NPPC, NPR1, NPR2, NPR3, NPRL3, NPTN, NPTX1, NPY, NPY1R, NPY2R, NPY5R, NR0B1, NR1D1, NR2C2, NR2E1, NR2E3, NR2F1, NR2F2, NR2F6, NR3C1, NR4A1, NR4A2, NR5A1, NRAP, NRARP, NRBP2, NRCAM, NRDC, NREP, NRG1, NRG2, NRG3, NRGN, NRIP1, NRL, NRN1, NRN1L, NRP1, NRP2, NRROS, NRSN1, NRSN2, NRTN, NRXN1, NRXN2, NRXN3, NSD2, NSDHL, NSMF, NSUN5, NTF3, NTF4, NTM, NTN1, NTN3, NTN4, NTN5, NTNG1, NTNG2, NTRK1, NTRK2, NTRK3, NUDT1, NUMB, NUMBL, NUP107, NUP133, NUP160, NUP85, NUPR1, NUS1, NXN, NYAP1, NYAP2, OBSL1, ODAD2, ODAD3, ODAD4, ODC1, OGDH, OGN, OGT, OLFM1, OLFM3, OLIG1, OLIG2, OLIG3, OMG, OMP, ONECUT1, ONECUT2, OPA1, OPALIN, OPCML, OPHN1, OPN4, OPN5, OPRM1, OPTC, OR10A4, OR10J5, ORC3, ORMDL1, ORMDL3, OSR1, OSR2, OSTN, OTC, OTOR, OTP, OTULIN, OTX1, OTX2, OVOL1, OVOL2, OXTR, P2RX4, P2RX5, P2RX7, P2RY1, P2RY12, P3H1, PACSIN1, PADI2, PAFAH1B1, PAFAH1B3, PAK1, PAK2, PAK3, PAK4, PAK6, PALLD, PALM, PALS1, PANK2, PAPPA2, PAPSS1, PAPSS2, PAQR3, PARD3, PARD6B, PARP2, PARP3, PARP6, PARVA, PATZ1, PAX1, PAX2, PAX3, PAX5, PAX6, PAX8, PAXIP1, PBX1, PBX2, PBX3, PBX4, PBXIP1, PCARE, PCDH1, PCDH10, PCDH12, PCDH17, PCDH18, PCDH9, PCDHA1, PCDHA10, PCDHA11, PCDHA12, PCDHA13, PCDHA2, PCDHA3, PCDHA4, PCDHA5, PCDHA6, PCDHA7, PCDHA8, PCDHA9, PCDHAC1, PCDHAC2, PCDHB1, PCDHB10, PCDHB11, PCDHB12, PCDHB13, PCDHB14, PCDHB15, PCDHB16, PCDHB18P, PCDHB2, PCDHB3, PCDHB4, PCDHB5, PCDHB6, PCDHB7, PCDHB8, PCDHB9, PCDHGA1, PCDHGA10, PCDHGA11, PCDHGA12, PCDHGA2, PCDHGA3, PCDHGA4, PCDHGA5, PCDHGA6, PCDHGA7, PCDHGA8, PCDHGA9, PCDHGB1, PCDHGB2, PCDHGB3, PCDHGB4, PCDHGB5, PCDHGB6, PCDHGB7, PCDHGC3, PCDHGC4, PCDHGC5, PCGF2, PCID2, PCK1, PCK2, PCLO, PCM1, PCNA, PCP4, PCSK1, PCSK2, PCSK5, PCSK9, PCYT1B, PDCD1, PDCD10, PDCD4, PDCD6, PDCL3, PDE2A, PDE3B, PDE6A, PDE6B, PDE6C, PDGFA, PDGFB, PDGFC, PDGFD, PDGFRA, PDGFRB, PDLIM1, PDLIM2, PDLIM3, PDLIM4, PDLIM5, PDLIM7, PDPK1, PDPN, PDSS2, PDX1, PDZD7, PECAM1, PENK, PER2, PERCC1, PEX13, PEX5, PEX7, PF4, PFDN5, PFN1, PGAP1, PGF, PGK1, PGR, PGRMC1, PHACTR1, PHACTR4, PHEX, PHF10, PHF14, PHF2, PHF8, PHGDH, PHLPP1, PHLPP2, PHOSPHO1, PHOX2A, PHOX2B, PI16, PIAS4, PICALM, PICK1, PIGT, PIK3C2A, PIK3CA, PIK3CB, PIK3CD, PIK3CG, PIK3R3, PIK3R6, PIKFYVE, PIM1, PIN1, PITPNA, PITPNM1, PITX1, PITX2, PITX3, PJVK, PKD1, PKD1L3, PKD2, PKDCC, PKHD1, PKM, PKN1, PKNOX1, PKP2, PLA2G10, PLA2G3, PLAA, PLAAT1, PLAAT3, PLAG1, PLCB1, PLCD3, PLCE1, PLCG1, PLEC, PLEKHA1, PLEKHA5, PLEKHG4, PLEKHG4B, PLG, PLK2, PLK5, PLLP, PLN, PLOD3, PLP1, PLPP3, PLPPR1, PLPPR4, PLPPR5, PLS1, PLS3, PLXDC1, PLXNA1, PLXNA2, PLXNA3, PLXNA4, PLXNB1, PLXNB2, PLXNB3, PLXNC1, PLXND1, PML, PMP22, PMS2, PNPT1, PODXL, POFUT1, POGLUT1, POLB, POLL, POLQ, POMGNT1, POMGNT2, POMK, POMT2, POPDC2, POPDC3, POSTN, POTEE, POTEF, POTEI, POTEJ, POTEKP, POU1F1, POU3F1, POU3F2, POU3F3, POU3F4, POU4F1, POU4F2, POU4F3, POU6F1, POU6F2, PPARA, PPARD, PPARG, PPARGC1B, PPFIA2, PPIA, PPIB, PPP1CA, PPP1CC, PPP1R13L, PPP1R16B, PPP1R17, PPP1R9A, PPP1R9B, PPP2R3C, PPP2R5B, PPP2R5D, PPP3CA, PPP3CB, PPP3R1, PPT1, PQBP1, PRAG1, PRCP, PRDM1, PRDM12, PRDM13, PRDM6, PRDM8, PRDX1, PRDX2, PRDX4, PRELP, PREX1, PREX2, PRICKLE1, PRICKLE4, PRKACA, PRKACB, PRKACG, PRKAR1A, PRKCA, PRKCB, PRKCG, PRKCH, PRKCI, PRKCQ, PRKCSH, PRKCZ, PRKD1, PRKD2, PRKDC, PRKG1, PRKG2, PRKN, PRKRA, PRKX, PRL, PRLH, PRLR, PRMT1, PRMT5, PROK1, PROK2, PROM1, PROP1, PROX1, PROX2, PRPH2, PRPS1, PRPS1L1, PRPSAP2, PRRX1, PRSS56, PRTG, PRUNE1, PRX, PSAP, PSAPL1, PSD, PSEN1, PSG9, PSKH1, PSMG1, PSPN, PTBP1, PTCD2, PTCH1, PTCHD1, PTEN, PTF1A, PTGER4, PTGES3, PTGIS, PTGS2, PTH, PTH1R, PTHLH, PTK2, PTK2B, PTK6, PTK7, PTN, PTPN11, PTPN13, PTPN14, PTPN3, PTPN9, PTPRB, PTPRC, PTPRD, PTPRF, PTPRG, PTPRJ, PTPRM, PTPRN, PTPRO, PTPRS, PTPRZ1, PTS, PTX3, PUM2, PURA, PXDN, PYGO1, PYGO2, PYY, QARS1, QKI, RAB10, RAB11A, RAB13, RAB17, RAB18, RAB21, RAB23, RAB26, RAB29, RAB33B, RAB35, RAB3A, RAB3GAP1, RAB6A, RAB6B, RAB8A, RAC1, RAC3, RACGAP1, RAD1, RAF1, RAG1, RAG2, RAI1, RALA, RAMP1, RAMP2, RAN, RANBP3L, RAP1A, RAP1GAP, RAP2A, RAPGEF1, RAPGEF2, RAPGEF3, RAPGEF5, RAPGEFL1, RAPH1, RARA, RARB, RARG, RARRES2, RASA1, RASAL1, RASGRF1, RASIP1, RASSF10, RASSF2, RAX, RB1, RB1CC1, RBBP4, RBBP7, RBBP9, RBFOX1, RBFOX2, RBFOX3, RBM15, RBM20, RBM24, RBM45, RBMY1B, RBP4, RBPJ, RBPMS2, RC3H1, RC3H2, RCN1, RCN3, RD3, RDH10, RDH13, REC8, RECK, RELA, RELN, REN, RERE, REST, RET, RETN, RETREG3, RFLNA, RFLNB, RFNG, RFX3, RFX4, RFX6, RGCC, RGMA, RGN, RGS14, RGS2, RGS4, RGS9, RHBDD3, RHEB, RHO, RHOA, RHOB, RHOBTB3, RHOJ, RIC8A, RIF1, RIMS1, RIMS2, RIN2, RING1, RIPK3, RIPPLY2, RIPPLY3, RIT2, RITA1, RLN2, RND1, RND2, RNF10, RNF103, RNF112, RNF157, RNF168, RNF207, RNF213, RNF220, RNF38, RNF6, RNF8, RNH1, RO60, ROBO1, ROBO2, ROBO3, ROBO4, ROCK1, ROCK2, ROGDI, ROM1, ROR1, ROR2, RORA, RORB, RP1, RP1L1, RPE65, RPGRIP1, RPGRIP1L, RPL13, RPL13A, RPL24, RPL38, RPS15, RPS6KA1, RPS6KA2, RPS6KA3, RPS6KA5, RPS6KA6, RPS7, RRAS, RRAS2, RRM1, RRM2B, RS1, RSPO2, RSPO3, RTCA, RTN1, RTN3, RTN4, RTN4IP1, RTN4R, RTN4RL1, RTN4RL2, RUFY3, RUNX1, RUNX2, RUNX3, RXFP1, RXFP2, RYK, RYR1, RYR2, S100A1, S100A10, S100A6, S100A7, S100A8, S100A9, S100B, S1PR1, S1PR5, SAFB2, SALL1, SALL2, SALL4, SAMD11, SAMD14, SAMD7, SAMHD1, SANBR, SARM1, SARS1, SASH1, SAT1, SATB2, SAV1, SBDS, SBF2, SCAPER, SCARB2, SCARF1, SCG2, SCIN, SCLT1, SCN11A, SCN1A, SCN1B, SCN2A, SCN2B, SCN3B, SCN5A, SCN8A, SCO2, SCRG1, SCRIB, SCRT1, SCRT2, SCT, SCUBE1, SCX, SCYL1, SCYL2, SCYL3, SDC1, SDC2, SDC4, SDCBP, SDCBP2, SDCCAG8, SDF4, SDHA, SDK1, SDK2, SEC16A, SEC24B, SEC61A1, SEC63, SECISBP2, SELENON, SELENOP, SEMA3A, SEMA3B, SEMA3C, SEMA3D, SEMA3E, SEMA3F, SEMA3G, SEMA4A, SEMA4B, SEMA4C, SEMA4D, SEMA4F, SEMA4G, SEMA5A, SEMA5B, SEMA6A, SEMA6B, SEMA6C, SEMA6D, SEMA7A, SEPTIN14, SEPTIN4, SERF1A, SERF1B, SERINC5, SERP1, SERPINA10, SERPINA5, SERPINB5, SERPINB7, SERPINE1, SERPINE2, SERPINF1, SERPINF2, SERPINH1, SERPINI1, SETD1A, SETD2, SETD5, SETDB2, SETX, SEZ6, SEZ6L, SEZ6L2, SF1, SF3A2, SFRP1, SFRP2, SFRP4, SFRP5, SFTPD, SGCB, SGCD, SGCG, SGCZ, SGK1, SGPL1, SH2B2, SH2D2A, SH3GL1, SH3GL2, SH3GL3, SH3PXD2B, SH3RF1, SH3TC2, SHANK1, SHANK2, SHANK3, SHB, SHC1, SHC3, SHH, SHLD1, SHLD2, SHLD3, SHOC2, SHOX, SHOX2, SHROOM2, SHROOM4, SHTN1, SIAH1, SIDT2, SIGLEC15, SIGMAR1, SIK1, SIM1, SIM2, SIN3A, SIPA1L1, SIPA1L3, SIRT1, SIRT2, SIRT6, SIX1, SIX2, SIX3, SIX4, SIX5, SIX6, SKI, SKIL, SKOR2, SLC10A7, SLC11A2, SLC12A2, SLC12A5, SLC12A6, SLC15A4, SLC17A6, SLC17A7, SLC17A8, SLC1A1, SLC1A2, SLC1A3, SLC22A1, SLC22A6, SLC23A1, SLC23A2, SLC24A4, SLC25A25, SLC25A46, SLC26A2, SLC2A1, SLC2A10, SLC2A12, SLC31A1, SLC32A1, SLC34A1, SLC38A10, SLC38A2, SLC39A1, SLC39A12, SLC39A14, SLC39A3, SLC39A5, SLC40A1, SLC44A4, SLC45A3, SLC46A2, SLC4A10, SLC4A2, SLC4A5, SLC4A7, SLC5A3, SLC6A17, SLC6A3, SLC6A4, SLC7A11, SLC7A5, SLC8A1, SLC8A3, SLC9A1, SLC9A6, SLC9B2, SLIT1, SLIT2, SLIT3, SLITRK1, SLITRK2, SLITRK3, SLITRK4, SLITRK5, SLITRK6, SMAD1, SMAD2, SMAD3, SMAD4, SMAD5, SMAD6, SMAD7, SMARCA1, SMARCA2, SMARCA4, SMARCB1, SMARCC1, SMARCC2, SMARCD1, SMARCD3, SMARCE1, SMCHD1, SMG9, SMIM45, SMN1, SMN2, SMO, SMOC1, SMOC2, SMPD1, SMPD3, SMURF1, SMYD1, SMYD2, SMYD4, SNAI1, SNAI2, SNAP25, SNAPIN, SNCA, SNORC, SNPH, SNTG2, SNW1, SNX10, SNX17, SNX19, SNX3, SOCS2, SOCS3, SOD1, SOD2, SORBS2, SORL1, SOS1, SOX1, SOX10, SOX11, SOX12, SOX13, SOX14, SOX15, SOX17, SOX18, SOX2, SOX21, SOX3, SOX4, SOX5, SOX6, SOX8, SOX9, SP1, SP100, SP3, SP5, SPAG6, SPAG9, SPARC, SPART, SPAST, SPATA2, SPATA22, SPDEF, SPEF2, SPEN, SPG11, SPG7, SPHK1, SPHK2, SPINK5, SPINT1, SPINT2, SPNS2, SPO11, SPOCK1, SPOCK2, SPP1, SPP2, SPRED1, SPRED2, SPRED3, SPRY1, SPRY2, SPRY3, SPTBN1, SPTBN2, SPTBN4, SRC, SRCIN1, SRD5A1, SRD5A2, SREBF1, SRF, SRGAP2, SRGAP2B, SRGAP2C, SRI, SRP54, SRPK2, SRPX2, SRRM4, SRRT, SRSF1, SRSF6, SRY, SS18L1, SSBP3, SSNA1, SSTR1, SSTR2, SSTR3, SSTR4, ST14, ST8SIA2, ST8SIA4, STAB1, STAB2, STAP1, STARD13, STAT1, STAT3, STAT5B, STAT6, STAU2, STC1, STIL, STIM1, STK11, STK24, STK25, STK3, STK36, STK4, STK40, STMN1, STMN2, STMN3, STMN4, STMND1, STRA6, STRAP, STRC, STRN, STX1B, STX3, STXBP1, STXBP3, STYXL1, SUDS3, SUFU, SULF1, SULF2, SULT4A1, SUN1, SUN2, SUPT6H, SUZ12, SVBP, SVEP1, SWAP70, SYBU, SYCP2, SYK, SYN1, SYNDIG1, SYNE1, SYNE2, SYNGAP1, SYNGR3, SYNJ2BP, SYNPO2L, SYPL2, SYT1, SYT14P1, SYT17, SYT2, SYT3, SYT4, SZT2, TAB1, TAB2, TACC1, TACC2, TACC3, TACSTD2, TAF1, TAF10, TAF4, TAFA1, TAFA3, TAFA5, TAFAZZIN, TAGLN3, TAL1, TAL2, TANC2, TAOK1, TAOK2, TAOK3, TAPT1, TBC1D20, TBC1D23, TBC1D24, TBC1D32, TBCB, TBCD, TBCE, TBR1, TBX1, TBX15, TBX18, TBX19, TBX2, TBX20, TBX21, TBX3, TBX4, TBX5, TBX6, TBXA2R, TBXT, TCAP, TCF12, TCF15, TCF21, TCF25, TCF3, TCF4, TCF7L2, TCIRG1, TCOF1, TCTN1, TDP2, TDRD7, TEAD2, TEAD3, TEAD4, TECTA, TEK, TENM1, TENM2, TENM3, TENM4, TERT, TEX11, TEX19, TFAP2A, TFAP2B, TFAP2C, TFAP2D, TFCP2L1, TFDP2, TFPT, TFRC, TG, TGFA, TGFB1, TGFB2, TGFB3, TGFBI, TGFBR1, TGFBR2, TGFBR3, TGIF2, TGM2, TH, THAP11, THBS1, THBS2, THBS3, THBS4, THOC2, THOC6, THRA, THRB, THSD7A, THY1, TIAM1, TIAM2, TIE1, TIFAB, TIGAR, TIMELESS, TIMM8A, TIMP1, TIPARP, TJP1, TLE5, TLL1, TLR2, TLR3, TLR4, TLR9, TLX2, TLX3, TMC1, TMED2, TMEM100, TMEM106B, TMEM107, TMEM108, TMEM119, TMEM126A, TMEM132E, TMEM135, TMEM14B, TMEM163, TMEM204, TMEM215, TMEM223, TMEM231, TMEM30A, TMEM38B, TMEM41B, TMEM59L, TMEM65, TMEM98, TMF1, TMIGD1, TMIGD2, TMOD1, TMOD2, TMX2, TNC, TNF, TNFAIP2, TNFAIP3, TNFAIP6, TNFRSF11A, TNFRSF11B, TNFRSF12A, TNFRSF1A, TNFRSF1B, TNFRSF21, TNFSF10, TNFSF11, TNFSF12, TNFSF13, TNFSF4, TNIK, TNMD, TNN, TNNC1, TNNI1, TNNI3, TNNT2, TNR, TNS2, TNXB, TOMM70, TOP2B, TOR1A, TOX, TP53, TP53BP1, TP63, TP73, TPBG, TPM1, TPP1, TPPP, TPRN, TRA2B, TRAF3IP1, TRAF3IP2, TRAF6, TRAK1, TRAK2, TRAPPC2, TRAPPC4, TRAPPC6B, TRAPPC9, TREM2, TREX1, TRIM11, TRIM3, TRIM32, TRIM45, TRIM46, TRIM67, TRIM71, TRIO, TRIOBP, TRIP11, TRNP1, TRPC4, TRPC5, TRPS1, TRPV1, TRPV2, TRPV4, TSC1, TSC2, TSC22D4, TSKU, TSPAN12, TSPAN18, TSPAN2, TSPO, TSPY1, TSPY10, TSPY2, TSPY3, TSPY4, TSPY8, TSPY9, TTBK1, TTBK2, TTC21B, TTC36, TTC8, TTC9, TTL, TTLL1, TTLL5, TTLL7, TTN, TTPA, TUB, TUBA1A, TUBB1, TUBB2A, TUBB2B, TUBB3, TUBGCP2, TULP1, TULP3, TUNAR, TWF1, TWF2, TWIST1, TWSG1, TYMP, TYMS, TYR, TYRO3, TYROBP, UBA6, UBB, UBE2Q1, UBE3A, UBP1, UCHL1, UCHL5, UCMA, UCN, UCP2, UFC1, UFD1, UFL1, UFM1, UGCG, UGDH, UGP2, UGT1A1, UGT1A10, UGT1A7, UGT1A8, UGT1A9, UGT8, UHMK1, ULK1, ULK2, ULK4, UMOD, UMODL1, UNC119, UNC119B, UNC13A, UNC45B, UNC5A, UNC5B, UNC5C, UNC5D, UNCX, UNG, UNK, UPB1, UPF2, UPF3B, UPK3A, UQCRQ, USH1C, USH1G, USH2A, USP1, USP33, USP45, USP9X, UST, UTF1, UTP11, UTP3, UTY, VANGL2, VAPA, VASH1, VASH2, VASP, VAV2, VAV3, VAX1, VAX2, VCAM1, VCAN, VCL, VCX, VCX2, VCX3A, VCX3B, VCY, VCY1B, VDR, VEGFA, VEGFB, VEGFC, VEGFD, VEZF1, VGF, VGLL4, VIM, VIT, VKORC1, VLDLR, VPS13A, VPS13B, VPS35, VPS4B, VPS51, VPS52, VPS54, VSTM4, VSTM5, VSX1, VTN, VWC2, VWC2L, VXN, WARS1, WARS2, WASF1, WASF2, WASF3, WASHC5, WASL, WDPCP, WDR1, WDR11, WDR19, WDR37, WDR47, WDR48, WDR5, WDR62, WDR77, WDR89, WEE1, WFIKKN1, WFIKKN2, WFS1, WHRN, WIF1, WLS, WNK1, WNK4, WNT1, WNT10A, WNT10B, WNT11, WNT16, WNT2, WNT2B, WNT3, WNT3A, WNT4, WNT5A, WNT5B, WNT6, WNT7A, WNT7B, WNT8A, WNT8B, WNT9A, WNT9B, WT1, WWOX, WWP1, WWTR1, XBP1, XDH, XIRP2, XK, XKR8, XRCC1, XRCC2, XRCC4, XRCC5, XRN2, XYLT1, YAP1, YBX3, YIPF6, YJEFN3, YTHDF1, YTHDF2, YWHAE, YWHAG, YWHAH, YWHAQ, YWHAZ, YY1, ZBTB1, ZBTB14, ZBTB16, ZBTB45, ZC3H12A, ZC4H2, ZDHHC12, ZDHHC15, ZDHHC16, ZDHHC17, ZDHHC2, ZEB1, ZEB2, ZFAND5, ZFHX2, ZFHX3, ZFP36L1, ZFP42, ZFPM1, ZFPM2, ZFX, ZFYVE27, ZHX2, ZIC1, ZIC2, ZIC3, ZIC4, ZIC5, ZMIZ1, ZMPSTE24, ZMYND8, ZNF148, ZNF212, ZNF219, ZNF24, ZNF296, ZNF304, ZNF335, ZNF354C, ZNF358, ZNF365, ZNF423, ZNF430, ZNF488, ZNF513, ZNF521, ZNF536, ZNF609, ZNF664-RFLNA, ZNF76, ZNF800, ZNF804A, ZNF830, ZNG1A, ZP3, ZPR1, ZSWIM6
GO:0051179	localization	5335	27	18.64	0.01804	0.02004424778761062	A1CF, AAAS, AACS, AAGAB, AAK1, ABAT, ABCA1, ABCA10, ABCA12, ABCA13, ABCA2, ABCA3, ABCA4, ABCA5, ABCA6, ABCA7, ABCA8, ABCA9, ABCB1, ABCB10, ABCB11, ABCB4, ABCB5, ABCB6, ABCB7, ABCB8, ABCB9, ABCC1, ABCC10, ABCC11, ABCC12, ABCC2, ABCC3, ABCC4, ABCC5, ABCC6, ABCC8, ABCC9, ABCD1, ABCD2, ABCD3, ABCD4, ABCE1, ABCG1, ABCG2, ABCG4, ABCG5, ABCG8, ABHD17A, ABHD17B, ABHD17C, ABHD5, ABI3, ABL1, ABL2, ABLIM3, ABRA, ABRAXAS1, ABRAXAS2, ACAA2, ACACB, ACAP1, ACAP2, ACD, ACE, ACE2, ACHE, ACKR2, ACKR3, ACKR4, ACO1, ACSL1, ACSL3, ACSL4, ACSL5, ACTB, ACTG1, ACTN2, ACTN4, ACTR10, ACTR1A, ACTR2, ACTR3, ACVR1C, ACVR2B, ADA, ADAM10, ADAM11, ADAM8, ADAM9, ADAMTS8, ADAMTS9, ADCY10, ADCY5, ADCY8, ADCYAP1, ADCYAP1R1, ADGRB1, ADGRE2, ADGRV1, ADIPOQ, ADM, ADORA1, ADORA2A, ADORA2B, ADORA3, ADRA1A, ADRA2A, ADRA2B, ADRA2C, ADRB2, ADTRP, AFDN, AFG3L2, AFM, AFP, AFTPH, AGAP1, AGAP2, AGBL4, AGER, AGFG1, AGK, AGR2, AGRN, AGT, AGTPBP1, AGTR1, AGXT, AHCTF1, AHCYL1, AHI1, AHNAK, AHSG, AIF1, AIFM1, AIMP1, AIP, AJUBA, AKAIN1, AKAP10, AKAP11, AKAP3, AKAP4, AKAP5, AKAP6, AKAP8, AKAP8L, AKAP9, AKIRIN2, AKR1C1, AKR1C4, AKT1, AKT2, AKTIP, ALB, ALG10B, ALKBH5, ALKBH7, ALMS1, ALOX12B, ALOX15, ALOX5, ALS2, ALS2CL, ALYREF, AMIGO1, AMN, AMOT, AMPH, ANG, ANGPT1, ANGPTL3, ANK1, ANK2, ANK3, ANKFN1, ANKFY1, ANKH, ANKLE1, ANKRD1, ANKRD13A, ANKRD13B, ANKRD13C, ANKRD13D, ANKRD27, ANKRD50, ANKRD53, ANKRD54, ANKS4B, ANO1, ANO10, ANO2, ANO3, ANO4, ANO5, ANO6, ANO7, ANO8, ANO9, ANP32A, ANP32B, ANP32CP, ANTKMT, ANXA1, ANXA11, ANXA2, ANXA2P2, ANXA3, ANXA6, ANXA8, ANXA8L1, ANXA9, AP1AR, AP1B1, AP1G1, AP1G2, AP1M1, AP1M2, AP1S1, AP1S2, AP1S3, AP2A1, AP2A2, AP2B1, AP2M1, AP2S1, AP3B1, AP3B2, AP3D1, AP3M1, AP3M2, AP3S1, AP3S2, AP4B1, AP4E1, AP4M1, AP4S1, AP5B1, AP5M1, AP5S1, AP5Z1, APBA1, APBA2, APBA3, APBB1, APBB3, APC, APELA, APLF, APLN, APLNR, APLP1, APOA1, APOA2, APOA4, APOA5, APOB, APOBEC1, APOBR, APOC1, APOC2, APOC3, APOC4, APOD, APOE, APOF, APOH, APOL1, APOL2, APOL3, APOL4, APOL5, APOL6, APOLD1, APOM, APOO, APP, APPBP2, APPL1, APPL2, AQP1, AQP10, AQP11, AQP12A, AQP12B, AQP2, AQP3, AQP4, AQP5, AQP6, AQP7, AQP7B, AQP7P3, AQP8, AQP9, AR, ARAP3, ARC, ARCN1, ARF1, ARF3, ARF4, ARF5, ARF6, ARFGAP1, ARFGAP2, ARFGAP3, ARFGEF1, ARFGEF2, ARFIP1, ARFIP2, ARFRP1, ARHGAP1, ARHGAP11B, ARHGAP12, ARHGAP17, ARHGAP21, ARHGAP25, ARHGAP27, ARHGAP33, ARHGAP44, ARHGAP8, ARHGDIA, ARHGDIG, ARHGEF16, ARHGEF18, ARHGEF2, ARHGEF5, ARIH2, ARL1, ARL11, ARL13A, ARL13B, ARL14, ARL17B, ARL2, ARL2BP, ARL3, ARL4A, ARL4C, ARL4D, ARL5A, ARL5B, ARL5C, ARL6, ARL6IP1, ARL6IP5, ARL8A, ARL8B, ARMC1, ARMCX3, ARPP19, ARR3, ARRB1, ARRB2, ARRDC1, ARRDC2, ARRDC3, ARRDC4, ARRDC5, ARSB, ARV1, ASAP1, ASB15, ASB3, ASGR1, ASGR2, ASIC1, ASIC2, ASIC3, ASIC4, ASIC5, ASIP, ASPM, ASPSCR1, ASTN2, ATAD1, ATCAY, ATF2, ATF4, ATG10, ATG13, ATG14, ATG16L1, ATG16L2, ATG2A, ATG2B, ATG3, ATG4A, ATG4B, ATG4C, ATG4D, ATG5, ATG7, ATG9A, ATG9B, ATM, ATOX1, ATP10A, ATP10B, ATP10D, ATP11A, ATP11B, ATP11C, ATP12A, ATP13A1, ATP13A2, ATP13A3, ATP13A4, ATP13A5, ATP1A1, ATP1A2, ATP1A3, ATP1A4, ATP1B1, ATP1B2, ATP1B3, ATP1B4, ATP2A1, ATP2A2, ATP2A3, ATP2B1, ATP2B2, ATP2B3, ATP2B4, ATP2C1, ATP2C2, ATP4A, ATP4B, ATP5F1A, ATP5F1B, ATP5F1C, ATP5F1D, ATP5F1E, ATP5F1EP2, ATP5IF1, ATP5MC1, ATP5MC2, ATP5MC3, ATP5ME, ATP5MF, ATP5MG, ATP5MGL, ATP5PB, ATP5PD, ATP5PF, ATP5PO, ATP6, ATP6AP1, ATP6AP2, ATP6V0A1, ATP6V0A2, ATP6V0A4, ATP6V0B, ATP6V0C, ATP6V0D1, ATP6V0D2, ATP6V0E1, ATP6V0E2, ATP6V1A, ATP6V1B1, ATP6V1B2, ATP6V1C1, ATP6V1C2, ATP6V1D, ATP6V1E1, ATP6V1E2, ATP6V1F, ATP6V1G1, ATP6V1G2, ATP6V1G3, ATP6V1H, ATP7A, ATP7B, ATP8, ATP8A1, ATP8A2, ATP8B1, ATP8B2, ATP8B3, ATP8B4, ATP9A, ATP9B, ATPSCKMT, ATR, ATRAID, ATRX, ATXN1, ATXN2, ATXN3, AUP1, AURKA, AURKB, AURKC, AVP, AVPR1A, AVPR1B, AXIN1, AXIN2, AXL, AZGP1, AZIN1, AZIN2, AZU1, B2M, B3GAT3, B4GALNT1, B4GALNT2, B9D1, BACH2, BAD, BAG3, BAG4, BAG6, BAIAP2, BAIAP3, BAK1, BANP, BAP1, BARD1, BAX, BBIP1, BBS1, BBS12, BBS2, BBS4, BBS5, BBS7, BBS9, BCAP29, BCAP31, BCL2, BCL2A1, BCL2L1, BCL2L11, BCL2L2, BCL3, BCL6, BCR, BCS1L, BDH2, BDKRB1, BDKRB2, BDNF, BECN1, BECN2, BEST1, BEST2, BEST3, BEST4, BET1, BET1L, BGLAP, BHLHA15, BHLHE40-AS1, BICD1, BICD2, BICDL1, BICDL2, BID, BIN1, BIN2, BIN3, BIRC5, BLK, BLOC1S1, BLOC1S2, BLOC1S3, BLOC1S4, BLOC1S5, BLOC1S6, BLTP1, BLTP3B, BLZF1, BMAL1, BMP2, BMP2K, BMP4, BMP6, BMP8A, BMPER, BNIP1, BNIP3, BNIP3L, BOD1, BOK, BORA, BORCS5, BORCS6, BORCS7, BORCS8, BPGM, BPIFA1, BRAF, BRAT1, BRCA1, BRCA2, BRD2, BRD3, BRSK1, BRSK2, BSCL2, BSG, BSN, BSND, BSPRY, BTBD9, BTF3, BTK, BUB1B, BUB3, BVES, BYSL, C11orf65, C12orf50, C17orf75, C1orf43, C1QL2, C1QL3, C1QTNF1, C1QTNF12, C1QTNF3, C1QTNF5, C2, C2CD2L, C2CD3, C2CD5, C2CD6, C2orf83, C3, C4A, C4B, C4BPA, C4BPB, C9orf72, CA2, CA4, CA7, CA9, CAB39, CABP1, CABYR, CACFD1, CACHD1, CACNA1A, CACNA1B, CACNA1C, CACNA1D, CACNA1E, CACNA1F, CACNA1G, CACNA1H, CACNA1I, CACNA1S, CACNA2D1, CACNA2D2, CACNA2D3, CACNA2D4, CACNB1, CACNB2, CACNB3, CACNB4, CACNG1, CACNG2, CACNG3, CACNG4, CACNG5, CACNG6, CACNG7, CACNG8, CAD, CADPS, CADPS2, CALCRL, CALHM1, CALHM2, CALHM3, CALHM4, CALHM5, CALHM6, CALM1, CALM2, CALM3, CALR, CALY, CAMK1, CAMK1D, CAMK2A, CAMK2B, CAMK2D, CAMK2G, CAMLG, CAMSAP3, CANX, CAP1, CAPN1, CAPN10, CAPN3, CARD10, CARMIL1, CARTPT, CASC3, CASK, CASQ1, CASQ2, CASR, CATSPER1, CATSPER2, CATSPER3, CATSPER4, CAV1, CAV2, CAV3, CAVIN1, CBARP, CBL, CBLB, CBLIF, CBLL1, CBLN1, CBLN4, CBY1, CC2D2A, CC2D2B, CCDC103, CCDC120, CCDC14, CCDC141, CCDC186, CCDC22, CCDC32, CCDC38, CCDC39, CCDC40, CCDC47, CCDC51, CCDC66, CCDC68, CCDC88A, CCDC88B, CCDC88C, CCDC91, CCDC93, CCHCR1, CCKAR, CCKBR, CCL19, CCL2, CCL21, CCL3, CCL4, CCL5, CCL8, CCN3, CCNB1, CCND1, CCNE1, CCNE2, CCR1, CCR2, CCR5, CCR7, CCT2, CCT3, CCT4, CCT5, CCT6A, CCT7, CCT8, CCT8L2, CCZ1, CCZ1B, CD14, CD151, CD163, CD177, CD19, CD2, CD200, CD209, CD22, CD24, CD247, CD2AP, CD300A, CD300LF, CD302, CD320, CD33, CD36, CD38, CD3G, CD4, CD47, CD63, CD68, CD74, CD81, CD84, CD9, CD93, CDAN1, CDC23, CDC37, CDC42, CDC42SE1, CDC42SE2, CDCA5, CDCA8, CDH1, CDH13, CDH17, CDH2, CDH23, CDH3, CDH5, CDK1, CDK16, CDK2, CDK20, CDK5, CDK5R1, CDK5R2, CDK5RAP2, CDK5RAP3, CDK9, CDKN1A, CDKN1B, CDO1, CDR2L, CDS1, CDS2, CDT1, CDX2, CEACAM1, CEACAM4, CEBPB, CEBPE, CECR2, CEL, CELA2A, CELSR1, CELSR2, CEMIP, CENPA, CENPC, CENPE, CENPF, CENPJ, CENPQ, CEP112, CEP120, CEP128, CEP131, CEP135, CEP19, CEP192, CEP250, CEP290, CEP295, CEP350, CEP41, CEP55, CEP68, CEP72, CEP83, CER1, CERT1, CES1, CETN2, CETN3, CETP, CFAP221, CFAP43, CFAP45, CFAP53, CFAP54, CFAP58, CFHR4, CFL1, CFP, CFTR, CGA, CGNL1, CHAMP1, CHAT, CHCHD10, CHCHD4, CHD7, CHERP, CHGA, CHKA, CHM, CHML, CHMP1A, CHMP1B, CHMP2A, CHMP2B, CHMP3, CHMP4A, CHMP4B, CHMP4BP1, CHMP4C, CHMP5, CHMP6, CHMP7, CHP1, CHP2, CHRDL1, CHRFAM7A, CHRM1, CHRM3, CHRM5, CHRNA1, CHRNA10, CHRNA2, CHRNA3, CHRNA4, CHRNA5, CHRNA6, CHRNA7, CHRNA9, CHRNB1, CHRNB2, CHRNB3, CHRNB4, CHRND, CHRNE, CHRNG, CHST11, CHTOP, CIB1, CIDEA, CIDEB, CIDEC, CILK1, CITED1, CIZ1, CKAP5, CKLF, CLASP1, CLASP2, CLBA1, CLCA1, CLCA2, CLCA3P, CLCA4, CLCC1, CLCN1, CLCN2, CLCN3, CLCN4, CLCN5, CLCN6, CLCN7, CLCNKA, CLCNKB, CLDN1, CLDN10, CLDN15, CLDN16, CLDN17, CLDN18, CLDN19, CLDN3, CLDN4, CLEC10A, CLEC16A, CLEC4F, CLEC4M, CLEC7A, CLEC9A, CLIC1, CLIC2, CLIC3, CLIC4, CLIC5, CLIC6, CLINT1, CLIP3, CLMN, CLN3, CLN5, CLN8, CLNK, CLNS1A, CLOCK, CLPTM1L, CLSTN1, CLSTN3, CLTA, CLTB, CLTC, CLTCL1, CLTRN, CLU, CLUAP1, CLUH, CMTM6, CNEP1R1, CNGA1, CNGA2, CNGA3, CNGA4, CNGB1, CNGB3, CNIH1, CNIH2, CNIH3, CNIH4, CNKSR3, CNN2, CNNM1, CNNM2, CNNM3, CNNM4, CNP, CNPY4, CNR1, CNST, CNTLN, CNTN1, CNTN2, CNTNAP1, CNTNAP2, COA8, COG1, COG2, COG3, COG4, COG5, COG6, COG7, COG8, COL1A1, COL6A1, COLEC10, COLEC11, COLEC12, COLQ, COMMD1, COMMD3, COMMD9, COMP, COMT, COPA, COPB1, COPB2, COPE, COPG1, COPG2, COPS5, COPZ1, COPZ2, CORIN, CORO1A, CORO1B, CORO1C, CORO2B, CORO7, COX1, COX15, COX17, COX18, COX2, COX3, COX4I1, COX4I2, COX5A, COX5B, COX6B1, COX7A1, COX7A2L, COX7B, COX8A, CP, CPB2, CPE, CPLANE2, CPLX1, CPLX2, CPLX3, CPLX4, CPNE1, CPSF6, CPT1A, CPT1B, CPT2, CPTP, CR1, CRABP1, CRABP2, CRACR2A, CRACR2B, CRB1, CRB3, CRBN, CREB1, CREB3L1, CREB3L2, CREBBP, CREBL2, CREG1, CRH, CRHBP, CRHR1, CRIPT, CRK, CRKL, CROCC, CROT, CRP, CRY1, CRY2, CRYAA, CRYAB, CRYBA1, CRYM, CRYZL2P-SEC16B, CSE1L, CSF2, CSK, CSN2, CSN3, CSNK1D, CSNK1E, CSNK1G1, CSNK1G2, CSNK1G3, CSNK2A2, CSPG5, CSRP3, CTAGE1, CTAGE15, CTAGE4, CTAGE6, CTAGE8, CTAGE9, CTBP1, CTBP2, CTCF, CTCFL, CTDNEP1, CTDSPL2, CTNNA1, CTNNB1, CTNS, CTSA, CTSD, CTSL, CTSS, CTTN, CTTNBP2NL, CUBN, CUL3, CUL5, CUTA, CUTC, CX3CL1, CXADR, CXCL10, CXCL11, CXCL12, CXCL16, CXCL8, CXCL9, CXCR1, CXCR2, CXCR4, CYB561A3, CYB561D1, CYB561D2, CYB5A, CYB5R1, CYB5R2, CYB5R4, CYB5RL, CYBA, CYBB, CYBRD1, CYC1, CYFIP1, CYGB, CYLD, CYP19A1, CYP27B1, CYP46A1, CYP4A11, CYP4F2, CYP51A1, CYP7A1, CYP8B1, CYSLTR1, CYTB, CYTH1, CYTH2, CYTH3, DAB1, DAB2, DAG1, DAND5, DAPK1, DAW1, DBI, DBN1, DBNL, DCANP1, DCD, DCHS1, DCLK1, DCLK2, DCP1A, DCP2, DCTN1, DCTN2, DDIT3, DDR1, DDRGK1, DDX1, DDX19A, DDX19B, DDX25, DDX39A, DDX39B, DDX3X, DDX42, DEF6, DEF8, DENND10, DENND1A, DENND1B, DENND1C, DENND2A, DENND3, DENND4C, DENND5A, DENND5B, DERL1, DERL2, DERL3, DESI1, DGAT1, DGAT2, DGKD, DGKQ, DHCR24, DHRS7C, DHX36, DHX9, DIAPH1, DIAPH3, DISC1, DISP1, DISP2, DISP3, DKC1, DKK1, DLG1, DLG2, DLG3, DLG4, DLG5, DLGAP5, DLL1, DMAC2L, DMAP1, DMBT1, DMD, DMPK, DMTN, DNAAF1, DNAAF11, DNAAF2, DNAAF4, DNAH1, DNAH11, DNAH5, DNAH9, DNAI1, DNAJA1, DNAJA3, DNAJB6, DNAJC1, DNAJC13, DNAJC14, DNAJC15, DNAJC19, DNAJC27, DNAJC5, DNAJC6, DNER, DNLZ, DNM1, DNM1L, DNM2, DNM3, DOC2A, DOC2B, DOCK1, DOCK2, DOCK7, DOP1A, DOP1B, DPCD, DPH3, DPP10, DPP4, DPP6, DPY30, DPYSL2, DRD1, DRD2, DRD3, DRD4, DSN1, DSP, DST, DTNBP1, DTX3L, DUOXA1, DUOXA2, DUSP16, DVL1, DVL2, DVL3, DYNC1H1, DYNC1I1, DYNC1I2, DYNC1LI1, DYNC1LI2, DYNC2H1, DYNC2I1, DYNC2I2, DYNC2LI1, DYNLL1, DYNLT1, DYNLT2B, DYSF, DZIP1, DZIP1L, E2F3, ECT2, EDEM1, EDEM2, EDN1, EDN3, EDNRA, EDNRB, EEA1, EEF2K, EEPD1, EFCAB7, EFHB, EFNA5, EFNB2, EFR3A, EFR3B, EGF, EGFEM1P, EGFR, EGR2, EHBP1, EHD1, EHD2, EHD3, EHD4, EIF2AK1, EIF2AK3, EIF2D, EIF4A3, EIF4E, EIF4ENIF1, EIF4G1, EIF6, EIPR1, ELANE, ELAVL1, ELMO1, ELMO2, ELMO3, EMB, EMC1, EMC10, EMC2, EMC3, EMC4, EMC6, EMC7, EMC8, EMC9, EMD, EML3, EML4, EMP2, ENDOU, ENG, ENKD1, ENPP1, ENPP2, ENPP7, ENSA, ENTHD1, ENTR1, ENTREP1, ENY2, EP300, EPB41, EPB41L2, EPB41L3, EPB41L5, EPCIP, EPG5, EPHA2, EPHA3, EPHA5, EPHB2, EPN1, EPN2, EPN3, EPO, EPPIN, EPRS1, EPS15, EPS15L1, EQTN, ERBB2, ERBB3, ERBB4, ERBIN, ERC1, ERC2, ERCC3, ERFE, ERGIC1, ERGIC2, ERGIC3, ERLEC1, ERO1A, ERP29, ERRFI1, ERVK-16, ESAM, ESCO2, ESPL1, ESR1, ESYT1, ESYT2, ESYT3, EVI5, EXOC1, EXOC2, EXOC3, EXOC3L1, EXOC3L2, EXOC3L4, EXOC4, EXOC5, EXOC6, EXOC6B, EXOC7, EXOC8, EXOSC10, EXPH5, EXT1, EXT2, EYA2, EZH2, EZR, F11R, F2, F2R, F2RL1, F2RL2, F2RL3, F8A1, F8A2, F8A3, FABP1, FABP12, FABP2, FABP3, FABP4, FABP5, FABP5P3, FABP6, FABP7, FABP9, FAF1, FAF2, FAM149B1, FAM3B, FAM3D, FAM47E, FAM53A, FAM53B, FAM53C, FAM83D, FAM83H, FAM91A1, FAM98A, FARP1, FASLG, FBL, FBLN5, FBN1, FBN2, FBXL20, FBXO22, FBXO4, FBXO45, FBXO7, FBXW11, FBXW7, FCER1A, FCER1G, FCER2, FCGR1A, FCGR2A, FCGR2B, FCGR2C, FCGR3A, FCGRT, FCHO1, FCHO2, FCHSD2, FCMR, FCN1, FCN2, FCN3, FCRL3, FER1L4, FER1L5, FERMT1, FERMT2, FERRY3, FES, FEZ1, FFAR1, FFAR2, FFAR3, FFAR4, FGA, FGB, FGF10, FGF11, FGF12, FGF13, FGF14, FGF19, FGF2, FGF20, FGF21, FGF23, FGF7, FGF9, FGFR1, FGG, FGR, FHIP1A, FHIP1B, FHL1, FHOD1, FIS1, FITM1, FITM2, FKBP15, FKBP1A, FKBP1B, FKBP1C, FKBP4, FKBP8, FKRP, FLCN, FLNA, FLOT1, FLOT2, FLVCR1, FLVCR2, FMN2, FMR1, FNBP1, FNBP1L, FNTA, FOLR1, FOLR2, FOLR3, FOSL2, FOXA2, FOXB1, FOXD1, FOXF1, FOXJ1, FOXL2, FOXO1, FPR2, FRAS1, FRAT1, FRAT2, FREY1, FRMD4A, FRMD6, FRMD8, FRMPD1, FRRS1L, FSIP2, FTH1, FTH1P19, FTHL17, FTL, FTMT, FTO, FUBP3, FURIN, FUT10, FUZ, FXN, FXR1, FXR2, FXYD1, FXYD2, FXYD3, FXYD4, FXYD5, FXYD6, FXYD6P3, FXYD7, FYB1, FYB2, FYCO1, FYN, FYTTD1, FZD4, FZD5, FZD9, G3BP2, G6PC1, G6PC2, G6PC3, G6PD, GAA, GAB2, GABARAP, GABARAPL2, GABBR1, GABRA1, GABRA2, GABRA3, GABRA4, GABRA5, GABRA6, GABRB1, GABRB2, GABRB3, GABRD, GABRE, GABRG1, GABRG2, GABRG3, GABRP, GABRQ, GABRR1, GABRR2, GABRR3, GAK, GAL, GALR1, GALR2, GAPVD1, GAS1, GAS2L1, GAS2L2, GAS6, GAS8, GATA1, GATA2, GATA3, GBA1, GBF1, GBP1, GBP2, GBP5, GC, GCC2, GCG, GCGR, GCK, GCKR, GCLC, GCNT3, GDAP1, GDF9, GDI1, GDI2, GDNF, GEM, GET1, GET3, GET4, GFAP, GFY, GGA1, GGA2, GGA3, GH1, GHITM, GHR, GHRH, GHRHR, GHRL, GHSR, GIP, GIPC1, GIPR, GIT1, GIT2, GJA1, GJA10, GJA3, GJA4, GJA5, GJA8, GJA9, GJB1, GJB2, GJB3, GJB4, GJB5, GJB6, GJB7, GJC1, GJC2, GJC3, GJD2, GJD2-DT, GJD3, GJD4, GJE1, GLE1, GLI3, GLIS2, GLMP, GLP1R, GLRA1, GLRA2, GLRA3, GLRB, GLTP, GLTPD2, GLUD1, GLUL, GM2A, GNA11, GNAI1, GNAI2, GNAT1, GNAT2, GNAZ, GNB2, GNB5, GNGT1, GNL3, GNL3L, GNPTAB, GNPTG, GNRHR, GOLGA2, GOLGA4, GOLGA5, GOLGA7, GOLGA7B, GOLGB1, GOLPH3, GOLPH3L, GOLT1A, GOLT1B, GOPC, GORASP1, GORASP2, GOSR1, GOSR2, GOT2, GP1BA, GP1BB, GP2, GP5, GP9, GPAA1, GPAT4, GPC1, GPC2, GPC3, GPC4, GPC5, GPC6, GPD1L, GPER1, GPHN, GPIHBP1, GPLD1, GPM6A, GPM6B, GPR107, GPR108, GPR119, GPR137B, GPR143, GPR155, GPR158, GPR15LG, GPR27, GPR35, GPR68, GPR89A, GPR89B, GPRASP1, GPS2, GPSM1, GPSM2, GRAMD1A, GRAMD1B, GRAMD1C, GRAMD2A, GRB10, GRB2, GREM1, GRIA1, GRIA2, GRIA3, GRIA4, GRID1, GRID2, GRIK1, GRIK2, GRIK3, GRIK4, GRIK5, GRIN1, GRIN2A, GRIN2B, GRIN2C, GRIN2D, GRIN3A, GRIN3B, GRIP1, GRIP2, GRIPAP1, GRK2, GRK3, GRK4, GRM1, GRM2, GRM4, GRM5, GRM6, GRM7, GRN, GRP, GRPEL1, GRPEL2, GRXCR2, GSDMA, GSDMD, GSDME, GSG1L, GSK3A, GSK3B, GSN, GSTM2, GSTO1, GSTP1, GTF2H2, GUCA1B, GULP1, H1-1, H1-5, H2AC4, H2AC8, H2BC11, H4C1, H4C11, H4C12, H4C13, H4C14, H4C15, H4C16, H4C2, H4C3, H4C4, H4C5, H4C6, H4C8, H4C9, HACL1, HADH, HAMP, HAP1, HAS2, HASPIN, HAVCR1, HAX1, HBA1, HBA2, HBB, HBD, HBE1, HBG1, HBG2, HBM, HBQ1, HBZ, HCAR2, HCK, HCLS1, HCN1, HCN2, HCN3, HCN4, HCRT, HDAC3, HDAC6, HDGF, HDLBP, HEATR3, HEATR5A, HEATR5B, HECW1, HECW2, HEG1, HEPACAM, HEPH, HEPHL1, HERC2, HERPUD1, HES1, HEXA, HEXB, HFE, HGS, HGSNAT, HHEX, HIF1A, HIKESHI, HILPDA, HINFP, HIP1, HIP1R, HK1, HK2, HLA-DRB1, HLA-F, HM13, HMGB1, HMGCR, HMGXB4, HMMR, HNF1A, HNF1B, HNF4A, HNRNPA1, HNRNPA1L2, HNRNPA2B1, HNRNPK, HNRNPU, HOMER1, HOMER2, HOMER3, HOOK1, HOOK2, HOOK3, HPCA, HPN, HPS1, HPS3, HPS4, HPS5, HPS6, HPSE, HPX, HRAS, HRC, HRG, HRH2, HRH3, HSBP1, HSF1, HSP90AA1, HSP90AB1, HSP90B1, HSPA1A, HSPA1L, HSPA4, HSPA5, HSPA8, HSPA9, HSPB1, HSPD1, HSPG2, HTATIP2, HTATSF1, HTR1A, HTR1B, HTR2A, HTR2B, HTR2C, HTR3A, HTR3B, HTR3C, HTR3D, HTR3E, HTR4, HTRA2, HTT, HUWE1, HVCN1, HYAL2, HYAL3, HYCC1, HYCC2, HYOU1, IBTK, ICA1, ICA1L, ICAM3, ICAM5, ICE1, ICMT, ID1, ID4, IER3, IER3IP1, IFFO1, IFI27, IFIT1, IFNG, IFT122, IFT140, IFT172, IFT20, IFT22, IFT25, IFT27, IFT43, IFT46, IFT52, IFT56, IFT57, IFT70A, IFT70B, IFT74, IFT80, IFT81, IFT88, IGF1, IGF1R, IGF2BP1, IGF2BP2, IGF2BP3, IGF2R, IGSF11, IK, IKBKB, IKBKE, IKBKG, IL10, IL10RA, IL11, IL12A, IL12B, IL13, IL13RA2, IL15, IL15RA, IL16, IL1A, IL1B, IL1RAPL1, IL1RN, IL2RB, IL2RG, IL33, IL4, IL4R, IL6, ILDR1, ILDR2, ILRUN, IMMP1L, IMMP2L, IMPG2, INCENP, ING1, INHA, INHBA, INHBB, INPP5E, INPP5F, INPP5K, INPPL1, INS, INSC, INSIG1, INSIG2, INSR, INTS13, INTU, INVS, IPCEF1, IPO11, IPO13, IPO4, IPO5, IPO7, IPO8, IPO9, IQSEC2, IRAG2, IREB2, IRF8, IRGM, IRS1, IRS2, ISCU, ISG15, ISL1, IST1, ITCH, ITGA2, ITGA3, ITGA4, ITGA8, ITGAL, ITGAM, ITGAV, ITGB1, ITGB1BP1, ITGB2, ITGB3, ITGB7, ITLN1, ITPR1, ITPR2, ITPR3, ITSN1, ITSN2, IWS1, JAGN1, JAK1, JAK2, JAKMIP1, JAM3, JARID2, JHY, JMJD6, JPH1, JPH2, JPH3, JPH4, JPT2, JSRP1, JUP, KALRN, KASH5, KAT2A, KAT2B, KAT5, KAT7, KATNB1, KATNIP, KCNA1, KCNA10, KCNA2, KCNA3, KCNA4, KCNA5, KCNA6, KCNA7, KCNAB1, KCNAB2, KCNAB3, KCNB1, KCNB2, KCNC1, KCNC2, KCNC3, KCNC4, KCND1, KCND2, KCND3, KCNE1, KCNE2, KCNE3, KCNE4, KCNE5, KCNF1, KCNG1, KCNG2, KCNG3, KCNG4, KCNH1, KCNH2, KCNH3, KCNH4, KCNH5, KCNH6, KCNH7, KCNH8, KCNIP1, KCNIP2, KCNIP3, KCNIP4, KCNJ1, KCNJ10, KCNJ11, KCNJ12, KCNJ13, KCNJ14, KCNJ15, KCNJ16, KCNJ18, KCNJ2, KCNJ3, KCNJ4, KCNJ5, KCNJ6, KCNJ8, KCNJ9, KCNK1, KCNK10, KCNK12, KCNK13, KCNK15, KCNK16, KCNK17, KCNK18, KCNK2, KCNK3, KCNK4, KCNK5, KCNK6, KCNK7, KCNK9, KCNMA1, KCNMB1, KCNMB2, KCNMB3, KCNMB4, KCNN1, KCNN2, KCNN3, KCNN4, KCNQ1, KCNQ2, KCNQ3, KCNQ4, KCNQ5, KCNRG, KCNS1, KCNS2, KCNS3, KCNT1, KCNT2, KCNU1, KCNV1, KCNV2, KCTD7, KDELR1, KDELR2, KDELR3, KDM1A, KDM5B, KEL, KHDC3L, KHDRBS1, KHSRP, KIAA0586, KIAA0753, KIAA1614, KICS2, KIF13A, KIF13B, KIF14, KIF16B, KIF17, KIF18A, KIF1A, KIF1B, KIF1C, KIF20A, KIF20B, KIF22, KIF25, KIF27, KIF28P, KIF2B, KIF2C, KIF3A, KIF3B, KIF4A, KIF5A, KIF5B, KIF5C, KIFAP3, KIFBP, KIFC1, KISS1, KIT, KLC2, KLC3, KLF15, KLF5, KLF7, KLHL12, KLHL20, KLHL21, KLHL3, KLRC2, KLRF2, KMO, KNL1, KNSTRN, KNTC1, KPNA1, KPNA2, KPNA3, KPNA4, KPNA5, KPNA6, KPNA7, KPNB1, KPTN, KRT18, KRT20, KRT5, KTN1, KXD1, LACRT, LAMA5, LAMP1, LAMP2, LAMP3, LAMP5, LAMTOR1, LAMTOR2, LAMTOR3, LAMTOR4, LAMTOR5, LAPTM4B, LAPTM5, LARGE1, LARP7, LASP1, LAT, LAT2, LATS1, LATS2, LBP, LCA5, LCA5L, LCAT, LCK, LCN2, LCP1, LDAF1, LDAH, LDLR, LDLRAD3, LDLRAP1, LEF1, LEMD2, LEP, LEPR, LEPROT, LEPROTL1, LETM1, LETMD1, LGALS3, LGALS3BP, LGALS9, LGI1, LGI3, LHCGR, LHFPL4, LHFPL5, LIF, LILRA2, LILRA5, LILRB1, LILRB2, LILRB4, LIMA1, LIME1, LIMK1, LIMK2, LIMS1, LIN7A, LIN7B, LIN7C, LIPA, LIPC, LIPG, LLGL1, LLGL2, LMAN1, LMAN1L, LMAN2, LMAN2L, LMBR1L, LMBRD1, LMNA, LMNB1, LMNB2, LMTK2, LOC101928510, LOC101929130, LONP2, LPA, LPAR1, LPCAT3, LPL, LRAT, LRBA, LRIG2, LRP1, LRP10, LRP12, LRP1B, LRP2, LRP3, LRP4, LRP5, LRP6, LRP8, LRPAP1, LRPPRC, LRRC15, LRRC26, LRRC38, LRRC4, LRRC52, LRRC55, LRRC7, LRRC8A, LRRC8B, LRRC8C, LRRC8D, LRRC8E, LRRK2, LRRTM1, LRRTM2, LRSAM1, LRWD1, LSG1, LSR, LTBP1, LTBP2, LTBP4, LTF, LTV1, LUZP4, LY75, LYAR, LYN, LYPD1, LYPLA1, LYSET, LYST, LYVE1, LZTFL1, LZTS2, M6PR, MACF1, MACIR, MACROH2A1, MACROH2A2, MAD1L1, MAD2L1, MADCAM1, MAFA, MAGED1, MAGED2, MAGEL2, MAGI2, MAGOH, MAGOHB, MAGT1, MAIP1, MAJIN, MAK, MAL, MALT1, MAMDC4, MAN1A1, MAOB, MAP1A, MAP1B, MAP1LC3C, MAP1S, MAP2, MAP2K1, MAP2K2, MAP2K6, MAP4, MAP4K2, MAP6, MAP6D1, MAP7, MAPK1, MAPK14, MAPK15, MAPK3, MAPK8, MAPK8IP1, MAPK8IP2, MAPK8IP3, MAPK9, MAPKAPK2, MAPKAPK3, MAPRE1, MAPRE2, MAPRE3, MAPT, MARCHF2, MARCHF3, MARCHF5, MARCO, MARK1, MARK2, MARK3, MARK4, MARVELD3, MAVS, MB, MBL2, MBTPS1, MC4R, MCC, MCFD2, MCHR1, MCL1, MCM3AP, MCM8, MCM9, MCOLN1, MCOLN2, MCOLN3, MCPH1, MCRS1, MCTP1, MCTP2, MCU, MCUB, MCUR1, MDC1, MDFI, MDFIC, MDM2, MDN1, MEAK7, MECP2, MED1, MEF2A, MEF2C, MEGF10, MEIG1, MEIOC, MELTF, MEPCE, MERTK, MESD, MET, METTL21C, MEX3D, MFF, MFGE8, MFHAS1, MFN1, MFN2, MFSD1, MFSD10, MFSD12, MFSD14A, MFSD14B, MFSD14CP, MFSD2A, MFSD2B, MFSD3, MFSD4A, MFSD4B, MFSD5, MFSD8, MFSD9, MGARP, MGAT3, MGRN1, MGST1, MIA2, MIA3, MIB1, MICAL1, MICAL3, MICALL1, MICALL2, MICOS10-NBL1, MICU1, MICU2, MICU3, MID1, MID2, MIDN, MIEF1, MIEF2, MIF, MILR1, MINK1, MIOS, MIP, MIPEP, MIR1-1, MIR103A1, MIR107, MIR10B, MIR128-1, MIR129-1, MIR130B, MIR133A1, MIR133B, MIR143, MIR144, MIR145, MIR146A, MIR148A, MIR153-1, MIR17, MIR181B1, MIR183, MIR185, MIR186, MIR192, MIR199A1, MIR199B, MIR19A, MIR19B1, MIR200C, MIR205, MIR206, MIR208A, MIR208B, MIR20A, MIR21, MIR210, MIR212, MIR223, MIR24-1, MIR26A1, MIR27A, MIR27B, MIR29A, MIR29B1, MIR29C, MIR301B, MIR302A, MIR30C1, MIR30D, MIR326, MIR328, MIR33A, MIR33B, MIR34A, MIR34B, MIR424, MIR448, MIR451A, MIR495, MIR499A, MIR508, MIR520B, MIR520E, MIR613, MIR758, MIR766, MIR873, MIR9-1, MIR92B, MIR93, MIS12, MISP, MKKS, MKLN1, MLC1, MLH1, MLH3, MLLT6, MLPH, MMD, MMD2, MMGT1, MMP12, MMP14, MMP24-AS1-EDEM2, MMP9, MMS22L, MOAP1, MOGAT2, MON1A, MON1B, MON2, MORC3, MOS, MOSPD2, MPC1, MPC1L, MPC2, MPEG1, MPP4, MPP7, MPPE1, MPV17, MPV17L, MRAP, MRAP2, MRC1, MRC2, MREG, MRGPRX2, MRLN, MRNIP, MRPL18, MRS2, MS4A1, MSH2, MSN, MSR1, MST1R, MSTO1, MSX1, MT3, MTBP, MTCH1, MTCH2, MTCL1, MTCO2P12, MTERF4, MTLN, MTM1, MTMR2, MTMR6, MTMR9, MTNR1B, MTOR, MTRNR2L5, MTTP, MTX1, MTX2, MTX3, MUC1, MUC2, MUL1, MUSK, MVB12A, MVB12B, MVP, MX2, MYADM, MYB, MYBPC3, MYCBP2, MYCBPAP, MYD88, MYH10, MYH9, MYL12A, MYLK, MYLK2, MYO10, MYO15A, MYO18A, MYO19, MYO1A, MYO1B, MYO1C, MYO1D, MYO1E, MYO1F, MYO1G, MYO1H, MYO5A, MYO5B, MYO5C, MYO6, MYO7A, MYO7B, MYOF, MYOM1, MYRIP, MYZAP, MZT1, NABP2, NACA, NACA2, NACA4P, NACAD, NACC2, NADK, NAF1, NAGLU, NAGPA, NAIF1, NALCN, NALF1, NALF2, NAPA, NAPB, NAPG, NASP, NAXE, NBAS, NBEA, NBEAL1, NBEAL2, NBL1, NCALD, NCBP1, NCBP2, NCBP3, NCF1, NCF2, NCF4, NCKAP1L, NCKIPSD, NCLN, NCOA1, NCOA4, NCOR2, NCS1, ND4, ND5, NDC1, NDC80, NDE1, NDEL1, NDFIP1, NDFIP2, NDP, NDRG4, NDUFA13, NDUFA4, NDUFA9, NDUFAF2, NDUFS7, NEAT1, NECAB2, NECAB3, NECAP1, NECAP2, NECTIN1, NECTIN2, NECTIN3, NEDD4, NEDD4L, NEDD8, NEDD9, NEFH, NEFL, NEK10, NEK2, NELFE, NEMF, NEO1, NETO1, NETO2, NEU3, NEURL1, NEURL1B, NEURL3, NEUROD1, NEUROG1, NF1, NF2, NFE2L2, NFKB1, NFKBIA, NFKBIE, NGB, NGFR, NHERF1, NHERF2, NHERF4, NHLRC1, NHP2, NIBAN2, NIN, NIPA1, NIPA2, NIPAL1, NIPAL2, NIPAL3, NIPAL4, NIPBL, NIPSNAP2, NKAIN1, NKAIN2, NKAIN3, NKAIN4, NKD2, NKG7, NKX2-5, NKX3-1, NKX6-1, NLGN1, NLGN2, NLGN3, NLGN4X, NLGN4Y, NLRP5, NLRP6, NMB, NMD3, NME1, NME4, NME5, NMT1, NMUR1, NMUR2, NNAT, NNT, NOD2, NOL3, NOL6, NOL8, NOMO1, NOMO2, NOMO3, NOP10, NOP53, NOP58, NOP9, NOS1, NOS1AP, NOS2, NOS3, NOSTRIN, NOTCH1, NOX1, NOX5, NPAP1, NPC1, NPC1L1, NPC2, NPEPPS, NPHP1, NPHP3, NPHP4, NPHS1, NPIPA1, NPLOC4, NPM1, NPNT, NPPA, NPPB, NPR1, NPSR1, NPTN, NPTX1, NPVF, NPY5R, NR0B1, NR0B2, NR1D1, NR1H2, NR1H3, NR1H4, NR1I2, NR3C1, NR4A1, NR4A3, NR5A1, NRBP1, NRCAM, NRDE2, NRG1, NRIP1, NRP1, NRROS, NRXN1, NRXN2, NSD2, NSF, NSFL1C, NSG1, NSG2, NSL1, NSUN2, NTF3, NTN1, NTRK2, NTSR1, NUAK2, NUBP1, NUDC, NUDCD3, NUF2, NUMA1, NUMB, NUP107, NUP133, NUP153, NUP155, NUP160, NUP188, NUP205, NUP210, NUP214, NUP35, NUP37, NUP42, NUP43, NUP50, NUP54, NUP58, NUP62, NUP62CL, NUP85, NUP88, NUP93, NUP98, NUS1, NUSAP1, NUTF2, NVL, NXF1, NXF2, NXF2B, NXF3, NXF5, NXT1, NXT2, OAS2, OAZ1, OAZ2, OAZ3, OBSCN, OBSL1, OC90, OCA2, OCIAD1, OCIAD2, OCLN, ODAD3, ODAD4, ODF2, ODR4, OFD1, OGT, OLFM2, OLR1, OOEP, OPA1, OPHN1, OPN3, OPRD1, OPRK1, OPRM1, OPTN, OR51E2, ORAI1, ORAI2, ORAI3, ORMDL3, OS9, OSBP, OSBP2, OSBPL10, OSBPL11, OSBPL1A, OSBPL2, OSBPL3, OSBPL5, OSBPL6, OSBPL7, OSBPL8, OSBPL9, OSCP1, OSM, OSR1, OSTM1, OSTN, OTOF, OTOP1, OTOP2, OTOP3, OTUD7B, OXA1L, OXSR1, OXTR, P2RX1, P2RX2, P2RX3, P2RX4, P2RX5, P2RX6, P2RX7, P2RY1, P2RY12, P2RY2, P2RY4, P2RY6, P3H1, P4HB, PABPN1, PACC1, PACRG, PACS1, PACS2, PACSIN1, PACSIN2, PACSIN3, PADI6, PAF1, PAFAH1B1, PAK1, PAK2, PALM, PALS1, PAM16, PANX1, PANX2, PANX3, PAQR3, PARD3, PARD3B, PARD6A, PARD6B, PARD6G, PARK7, PARL, PARN, PARP1, PARP11, PARP3, PARP9, PASK, PAX6, PAX8, PCARE, PCDH17, PCDHGA3, PCID2, PCK2, PCLO, PCM1, PCNT, PCSK1, PCSK5, PCSK6, PCSK9, PCTP, PDCD10, PDCD5, PDCD6, PDCD6IP, PDE4B, PDE4D, PDE8B, PDGFB, PDGFRB, PDIA2, PDIA4, PDLIM7, PDPK1, PDX1, PDZD11, PDZD7, PDZD8, PDZK1, PDZK1P1, PEA15, PEAR1, PECAM1, PEF1, PEG10, PER1, PER2, PEX1, PEX10, PEX12, PEX13, PEX14, PEX16, PEX19, PEX2, PEX26, PEX3, PEX5, PEX5L, PEX6, PEX7, PFKFB2, PFKL, PFKM, PFN2, PFN4, PGAP1, PGRMC1, PGRMC2, PHAF1, PHAX, PHB2, PHETA1, PHETA2, PHLDB2, PHYHIP, PI4KB, PIAS1, PIAS4, PIBF1, PICALM, PICK1, PID1, PIEZO1, PIEZO2, PIGR, PIGW, PIH1D1, PIK3C2A, PIK3C3, PIK3CA, PIK3CB, PIK3CD, PIK3CG, PIK3R1, PIK3R2, PIK3R4, PIKFYVE, PIM1, PIM3, PIN1, PINK1, PINX1, PIP4K2A, PIP4K2B, PIP4P1, PIP4P2, PIP5K1A, PIP5K1C, PIRT, PISD, PITPNA, PITPNB, PITPNC1, PITPNM1, PITPNM2, PITPNM3, PITRM1, PKD1, PKD1L1, PKD1L2, PKD1L3, PKD2, PKD2L1, PKD2L2, PKDCC, PKDREJ, PKHD1, PKIA, PKIG, PKP2, PKP3, PLA2G10, PLA2G12A, PLA2G12B, PLA2G1B, PLA2G2A, PLA2G2C, PLA2G2D, PLA2G2E, PLA2G2F, PLA2G3, PLA2G4A, PLA2G4C, PLA2G4E, PLA2G4F, PLA2G5, PLA2G6, PLA2R1, PLAA, PLAAT2, PLAAT3, PLCB1, PLCB2, PLCB3, PLCB4, PLCD1, PLCE1, PLCG1, PLCG2, PLCH1, PLCH2, PLCZ1, PLD1, PLD2, PLD4, PLEC, PLEK, PLEKHA1, PLEKHA3, PLEKHA8, PLEKHA8P1, PLEKHF1, PLEKHF2, PLEKHJ1, PLEKHM1, PLEKHM2, PLIN2, PLIN3, PLIN5, PLK1, PLK3, PLLP, PLN, PLOD3, PLP1, PLP2, PLPP3, PLPP4, PLPPR4, PLRG1, PLS1, PLSCR1, PLSCR2, PLSCR3, PLSCR4, PLSCR5, PLTP, PLXNA2, PMAIP1, PMF1, PML, PMP2, PMPCA, PMPCB, PNKD, PNLIP, PNPLA2, PNPLA8, PNPT1, POFUT2, POLA2, POLDIP3, POLR1A, POLR2M, POM121, POM121B, POM121C, POM121L2, POMC, POMGNT1, PON1, PON3, PORCN, POT1, POU3F3, POU4F2, PPARA, PPARD, PPARG, PPBP, PPFIA1, PPFIA2, PPFIA3, PPHLN1, PPIA, PPID, PPIF, PPIL2, PPM1A, PPM1F, PPM1K, PPP1CC, PPP1R10, PPP1R12A, PPP1R15A, PPP1R9B, PPP2R5A, PPP3CA, PPP3CB, PPP3CC, PPP3R1, PPP3R2, PPP6C, PPT1, PPY, PRAF2, PRAM1, PRAP1, PREB, PRELID1, PRELID2, PRELID3A, PRELID3B, PREPL, PRF1, PRG4, PRICKLE1, PRKAA1, PRKAA2, PRKACA, PRKAG1, PRKAG2, PRKAR1A, PRKAR1B, PRKCB, PRKCD, PRKCE, PRKCG, PRKCH, PRKCI, PRKCZ, PRKD1, PRKG1, PRKG2, PRKN, PRL, PRLR, PRNP, PROCA1, PROM2, PRPF19, PRPF31, PRPF6, PRPH2, PRR5L, PRRT1, PRRT2, PRSS12, PRSS8, PRTN3, PSAP, PSEN1, PSEN2, PSMD10, PSMD9, PSRC1, PSTPIP1, PTAFR, PTCH1, PTEN, PTGDR, PTGDS, PTGER3, PTGES, PTGES2, PTGS2, PTH, PTK2, PTK2B, PTN, PTP4A3, PTPN1, PTPN11, PTPN14, PTPN2, PTPN23, PTPN3, PTPN6, PTPN9, PTPRC, PTPRJ, PTPRK, PTPRN, PTPRN2, PTPRU, PTTG1IP, PTX3, PUM2, PURA, PXK, PYCARD, PYGO1, PYHIN1, QKI, RAB10, RAB11A, RAB11B, RAB11FIP1, RAB11FIP2, RAB11FIP3, RAB11FIP4, RAB11FIP5, RAB12, RAB13, RAB14, RAB15, RAB17, RAB18, RAB19, RAB1A, RAB1B, RAB1C, RAB20, RAB21, RAB22A, RAB23, RAB24, RAB25, RAB26, RAB27A, RAB27B, RAB28, RAB29, RAB2A, RAB2B, RAB30, RAB31, RAB32, RAB33B, RAB34, RAB35, RAB36, RAB37, RAB38, RAB39A, RAB39B, RAB3A, RAB3B, RAB3C, RAB3D, RAB3GAP1, RAB3GAP2, RAB3IL1, RAB3IP, RAB40A, RAB40AL, RAB40B, RAB40C, RAB41, RAB43, RAB44, RAB4A, RAB4B, RAB5A, RAB5B, RAB5C, RAB5IF, RAB6A, RAB6B, RAB6C, RAB6D, RAB7A, RAB7B, RAB8A, RAB8B, RAB9A, RAB9B, RABEP1, RABEP2, RABEPK, RABGAP1L, RABGEF1, RABIF, RABL2A, RABL2B, RABL3, RAC1, RAC2, RAC3, RACGAP1, RACK1, RAD21, RAE1, RAF1, RALA, RALB, RALBP1, RAMP1, RAMP2, RAMP3, RAN, RANBP1, RANBP17, RANBP2, RANBP3, RANBP3L, RANBP6, RANGAP1, RANGRF, RAP1A, RAP1B, RAP1BL, RAP1GDS1, RAP2A, RAPGEF2, RAPGEF3, RAPGEF4, RAPGEF6, RAPSN, RARA, RASEF, RASGRP1, RASL10B, RASSF5, RASSF9, RB1, RBFOX1, RBM15B, RBM22, RBM33, RBM4, RBM8A, RBP1, RBP2, RBP4, RBP5, RBP7, RBSN, RCC2, RCN3, RCSD1, RCVRN, RD3, RDX, REEP1, REEP2, REEP5, REEP6, RELCH, RELN, REM1, REN, REP15, REPS1, REPS2, RER1, REST, RETN, RFPL1, RFPL2, RFPL3, RFPL4A, RFPL4AL1, RFT1, RFTN1, RFTN2, RFX3, RFX6, RGCC, RGP1, RGPD1, RGPD2, RGPD3, RGPD4, RGPD5, RGPD6, RGPD8, RGS14, RGS2, RGS4, RGS7, RGS9, RHAG, RHBDD1, RHBDD3, RHBDF1, RHBDF2, RHBG, RHCE, RHCG, RHD, RHNO1, RHOB, RHOBTB1, RHOBTB2, RHOBTB3, RHOG, RHOJ, RHOQ, RHOT1, RHOT2, RHOU, RHOV, RIC1, RIC3, RILP, RILPL1, RILPL2, RIMS1, RIMS2, RIMS3, RIMS4, RIN1, RIN2, RIN3, RINL, RINT1, RIOK2, RIPK1, RIPOR1, RIPOR2, RIT2, RITA1, RMDN1, RN7SL1, RN7SL2, RN7SL3, RNASEK, RNASEL, RNF126, RNF128, RNF13, RNF139, RNF167, RNF185, RNF186, RNF207, RNF213, RNF26, RNF31, RNF4, RNF5, ROCK1, ROCK2, ROM1, ROMO1, ROPN1, ROPN1B, ROPN1L, RP2, RPA1, RPA2, RPAIN, RPF2, RPGR, RPH3A, RPH3AL, RPL11, RPL23, RPS15, RPS6KB1, RRAGA, RRAGB, RRAGC, RRAGD, RRBP1, RRP7A, RRS1, RSAD2, RSC1A1, RSL1D1, RSPH4A, RSPO1, RSRC1, RTBDN, RTL10, RTN2, RTN3, RTN4, RTP1, RTP2, RTP3, RTP4, RTP5, RTRAF, RUBCN, RUBCNL, RUFY1, RUFY2, RUFY3, RUVBL1, RUVBL2, RXRA, RYR1, RYR2, RYR3, S100A10, S100A13, S100A6, S100A8, S100A9, SAA1, SAE1, SAG, SAMD9, SAMM50, SAPCD2, SAR1A, SAR1B, SARAF, SARM1, SARNP, SCAMP1, SCAMP2, SCAMP3, SCAMP4, SCAMP5, SCAP, SCARA3, SCARA5, SCARB1, SCARB2, SCARF1, SCARF2, SCFD1, SCFD2, SCG2, SCG3, SCG5, SCIN, SCN10A, SCN11A, SCN1A, SCN1B, SCN2A, SCN2B, SCN3A, SCN3B, SCN4A, SCN4B, SCN5A, SCN7A, SCN8A, SCN9A, SCNN1A, SCNN1B, SCNN1D, SCNN1G, SCP2, SCRIB, SCRN1, SCT, SCYL1, SCYL2, SCYL3, SDAD1, SDC1, SDC4, SDCBP, SDCBP2, SDF4, SDHD, SEC13, SEC14L1, SEC16A, SEC16B, SEC22A, SEC22B, SEC22C, SEC23A, SEC23B, SEC23IP, SEC24A, SEC24B, SEC24C, SEC24D, SEC31A, SEC31B, SEC61A1, SEC61A2, SEC61B, SEC61G, SEC62, SEC63, SEH1L, SEL1L, SELE, SELENBP1, SELENOK, SELENOM, SELENON, SELENOS, SELENOT, SEMG1, SENP2, SEPTIN1, SEPTIN14, SEPTIN2, SEPTIN4, SEPTIN5, SEPTIN8, SERAC1, SERGEF, SERINC3, SERINC5, SERP1, SERPINA5, SERPINA7, SERPINE1, SERPINE2, SESN2, SESTD1, SETD2, SFN, SFRP1, SFRP4, SFT2D1, SFT2D2, SFT2D3, SFTPA1, SFTPD, SFXN1, SFXN2, SFXN3, SFXN4, SFXN5, SGCB, SGCD, SGF29, SGIP1, SGK1, SGK2, SGO1, SGPP1, SGSM2, SGSM3, SGTA, SGTB, SH3BP1, SH3BP4, SH3GL1, SH3GL2, SH3GL3, SH3GLB1, SH3KBP1, SH3PXD2B, SH3TC2, SHANK1, SHANK3, SHH, SHISA6, SHISA7, SHISA8, SHISA9, SHOC2, SHQ1, SHROOM2, SHROOM3, SIAH3, SIDT1, SIDT2, SIGLEC1, SIGMAR1, SIK1, SIL1, SIN3A, SIRPA, SIRPB1, SIRPG, SIRT1, SIRT2, SIRT3, SIRT4, SIRT6, SIRT7, SIX1, SIX2, SIX4, SKA1, SKA2, SKA3, SKAP1, SKP1, SLAMF1, SLBP, SLC10A1, SLC10A2, SLC10A3, SLC10A4, SLC10A5, SLC10A6, SLC10A7, SLC11A1, SLC11A2, SLC12A1, SLC12A2, SLC12A3, SLC12A4, SLC12A5, SLC12A6, SLC12A7, SLC12A8, SLC12A9, SLC13A1, SLC13A2, SLC13A3, SLC13A4, SLC13A5, SLC14A1, SLC14A2, SLC15A1, SLC15A2, SLC15A3, SLC15A4, SLC15A5, SLC16A1, SLC16A10, SLC16A11, SLC16A12, SLC16A13, SLC16A14, SLC16A2, SLC16A3, SLC16A4, SLC16A5, SLC16A6, SLC16A7, SLC16A8, SLC16A9, SLC17A1, SLC17A2, SLC17A3, SLC17A4, SLC17A5, SLC17A6, SLC17A7, SLC17A8, SLC17A9, SLC18A1, SLC18A2, SLC18A3, SLC18B1, SLC19A1, SLC19A2, SLC19A3, SLC1A1, SLC1A2, SLC1A3, SLC1A4, SLC1A5, SLC1A6, SLC1A7, SLC20A1, SLC20A2, SLC22A1, SLC22A10, SLC22A11, SLC22A12, SLC22A13, SLC22A14, SLC22A15, SLC22A16, SLC22A17, SLC22A18, SLC22A2, SLC22A20P, SLC22A23, SLC22A24, SLC22A25, SLC22A3, SLC22A31, SLC22A4, SLC22A5, SLC22A6, SLC22A7, SLC22A8, SLC22A9, SLC23A1, SLC23A2, SLC23A3, SLC24A1, SLC24A2, SLC24A3, SLC24A4, SLC24A5, SLC25A1, SLC25A10, SLC25A11, SLC25A12, SLC25A13, SLC25A14, SLC25A15, SLC25A16, SLC25A17, SLC25A18, SLC25A19, SLC25A2, SLC25A20, SLC25A21, SLC25A22, SLC25A23, SLC25A24, SLC25A25, SLC25A26, SLC25A27, SLC25A28, SLC25A29, SLC25A3, SLC25A30, SLC25A31, SLC25A32, SLC25A33, SLC25A36, SLC25A37, SLC25A38, SLC25A39, SLC25A4, SLC25A40, SLC25A41, SLC25A42, SLC25A43, SLC25A44, SLC25A45, SLC25A46, SLC25A47, SLC25A48, SLC25A5, SLC25A51, SLC25A52, SLC25A53, SLC25A6, SLC26A1, SLC26A10P, SLC26A11, SLC26A2, SLC26A3, SLC26A4, SLC26A5, SLC26A6, SLC26A7, SLC26A8, SLC26A9, SLC27A1, SLC27A2, SLC27A3, SLC27A4, SLC27A5, SLC27A6, SLC28A1, SLC28A2, SLC28A3, SLC29A1, SLC29A2, SLC29A3, SLC29A4, SLC2A1, SLC2A10, SLC2A11, SLC2A12, SLC2A13, SLC2A14, SLC2A2, SLC2A3, SLC2A4, SLC2A5, SLC2A6, SLC2A7, SLC2A8, SLC2A9, SLC30A1, SLC30A10, SLC30A2, SLC30A3, SLC30A4, SLC30A5, SLC30A6, SLC30A7, SLC30A8, SLC30A9, SLC31A1, SLC31A2, SLC32A1, SLC33A1, SLC34A1, SLC34A2, SLC34A3, SLC35A1, SLC35A2, SLC35A3, SLC35A4, SLC35A5, SLC35B1, SLC35B2, SLC35B3, SLC35B4, SLC35C1, SLC35C2, SLC35D1, SLC35D2, SLC35D3, SLC35E1, SLC35E2A, SLC35E2B, SLC35E3, SLC35E4, SLC35F1, SLC35F2, SLC35F3, SLC35F6, SLC35G1, SLC36A1, SLC36A2, SLC36A3, SLC36A4, SLC37A1, SLC37A2, SLC37A3, SLC37A4, SLC38A1, SLC38A10, SLC38A11, SLC38A2, SLC38A3, SLC38A4, SLC38A5, SLC38A6, SLC38A7, SLC38A8, SLC38A9, SLC39A1, SLC39A10, SLC39A11, SLC39A12, SLC39A13, SLC39A14, SLC39A2, SLC39A3, SLC39A4, SLC39A5, SLC39A6, SLC39A7, SLC39A8, SLC39A9, SLC3A1, SLC3A2, SLC40A1, SLC41A1, SLC41A2, SLC41A3, SLC43A1, SLC43A2, SLC43A3, SLC44A1, SLC44A2, SLC44A3, SLC44A4, SLC44A5, SLC45A1, SLC45A2, SLC45A3, SLC45A4, SLC46A1, SLC46A2, SLC46A3, SLC47A1, SLC47A2, SLC48A1, SLC49A3, SLC49A4, SLC4A1, SLC4A10, SLC4A11, SLC4A2, SLC4A3, SLC4A4, SLC4A5, SLC4A7, SLC4A8, SLC4A9, SLC50A1, SLC51A, SLC51B, SLC52A1, SLC52A2, SLC52A3, SLC5A1, SLC5A10, SLC5A11, SLC5A12, SLC5A2, SLC5A3, SLC5A4, SLC5A5, SLC5A6, SLC5A7, SLC5A8, SLC5A9, SLC66A1, SLC66A1LP, SLC66A2, SLC6A1, SLC6A11, SLC6A12, SLC6A13, SLC6A14, SLC6A15, SLC6A16, SLC6A17, SLC6A18, SLC6A19, SLC6A2, SLC6A20, SLC6A3, SLC6A4, SLC6A5, SLC6A6, SLC6A7, SLC6A8, SLC6A9, SLC7A1, SLC7A10, SLC7A11, SLC7A13, SLC7A14, SLC7A2, SLC7A3, SLC7A4, SLC7A5, SLC7A5P1, SLC7A5P2, SLC7A6, SLC7A6OS, SLC7A7, SLC7A8, SLC7A9, SLC8A1, SLC8A2, SLC8A3, SLC8B1, SLC9A1, SLC9A2, SLC9A3, SLC9A4, SLC9A5, SLC9A6, SLC9A7, SLC9A8, SLC9A9, SLC9B1, SLC9B1P1, SLC9B2, SLC9C1, SLC9C2, SLCO1A2, SLCO1B1, SLCO1B3, SLCO1B3-SLCO1B7, SLCO1B7, SLCO1C1, SLCO2A1, SLCO2B1, SLCO3A1, SLCO4A1, SLCO4C1, SLCO5A1, SLCO6A1, SLF1, SLF2, SLIT1, SLITRK3, SLMAP, SLN, SLU7, SMAD2, SMAD3, SMAD4, SMAD7, SMAP1, SMC5, SMCR8, SMDT1, SMG1, SMG5, SMG6, SMG7, SMIM22, SMO, SMPD1, SMPD3, SMURF1, SMYD3, SNAP23, SNAP25, SNAP25-AS1, SNAP29, SNAP47, SNAP91, SNAPIN, SNCA, SNCAIP, SNCB, SNCG, SNF8, SNPH, SNTA1, SNUPN, SNX1, SNX10, SNX11, SNX12, SNX13, SNX14, SNX15, SNX16, SNX17, SNX18, SNX19, SNX2, SNX20, SNX21, SNX22, SNX24, SNX25, SNX27, SNX3, SNX30, SNX31, SNX32, SNX33, SNX4, SNX5, SNX6, SNX7, SNX8, SNX9, SOAT1, SOAT2, SOCS2, SOD1, SORBS1, SORCS1, SORCS2, SORL1, SORT1, SOST, SOX11, SOX30, SOX4, SOX9, SP100, SPA17, SPACA3, SPAG16, SPAG17, SPAG5, SPAG6, SPAG9, SPAST, SPATA17, SPATA7, SPC24, SPC25, SPCS1, SPCS2, SPCS3, SPDL1, SPDYA, SPEF2, SPG11, SPG7, SPHK1, SPHK2, SPI1, SPICE1, SPIDR, SPINK1, SPIRE1, SPIRE2, SPNS1, SPNS2, SPNS3, SPO11, SPON2, SPOP, SPOUT1, SPP1, SPRN, SPRY1, SPRY2, SPTBN1, SPTBN2, SPTBN4, SPTBN5, SPTSSA, SPX, SQLE, SQSTM1, SRC, SRCIN1, SREBF1, SREBF2, SRGN, SRI, SRP14, SRP19, SRP54, SRP68, SRP72, SRP9, SRPRA, SRPRB, SRPX, SRRM1, SRSF1, SRSF10, SRSF3, SRSF7, SSB, SSC5D, SSH1, SSNA1, SSR1, SSR2, SSR3, SSTR4, SSTR5, SSX2IP, STAB1, STAB2, STAC, STAC2, STAC3, STAG1, STAM, STAM2, STAP1, STAR, STARD10, STARD3, STARD3NL, STARD4, STARD5, STARD6, STAT3, STAT5A, STAT5B, STATH, STAU1, STAU2, STBD1, STC1, STC2, STEAP2, STEAP3, STEAP4, STEEP1, STIL, STIM1, STIM2, STIMATE, STING1, STK11, STK11IP, STK25, STK3, STK36, STK39, STK4, STOM, STOML1, STOML2, STON1, STON2, STPG1, STRA6, STRADA, STRADB, STRIT1, STX10, STX11, STX12, STX16, STX17, STX18, STX19, STX1A, STX1B, STX2, STX3, STX4, STX5, STX6, STX7, STX8, STXBP1, STXBP2, STXBP3, STXBP4, STXBP5, STXBP5L, STXBP6, STYX, SUCNR1, SUFU, SUMO1, SUMO3, SUMO4, SUN1, SUN2, SUPT6H, SUPT7L, SURF1, SURF4, SV2A, SV2B, SV2C, SVBP, SVIP, SVOP, SVOPL, SWAP70, SYBU, SYCN, SYCP1, SYK, SYN1, SYN2, SYN3, SYNDIG1, SYNE1, SYNE2, SYNE3, SYNGAP1, SYNGR1, SYNGR2, SYNGR3, SYNJ1, SYNJ2, SYNJ2BP, SYNRG, SYP, SYS1, SYT1, SYT10, SYT11, SYT12, SYT13, SYT15, SYT17, SYT2, SYT3, SYT4, SYT5, SYT6, SYT7, SYT8, SYT9, SYTL1, SYTL2, SYTL3, SYTL4, SYTL5, SYVN1, SZT2, TACR1, TACR2, TAF3, TAF7, TAF8, TAFA4, TAMALIN, TANC2, TANGO2, TANGO6, TAOK2, TAP1, TAP2, TAPBP, TARDBP, TASOR, TAX1BP1, TAX1BP3, TBC1D10A, TBC1D10B, TBC1D10C, TBC1D13, TBC1D14, TBC1D17, TBC1D20, TBC1D23, TBC1D24, TBC1D2B, TBC1D32, TBC1D4, TBC1D5, TBC1D8B, TBCCD1, TBRG1, TBX3, TCAF1, TCAF2, TCF7L2, TCIRG1, TCN1, TCN2, TCP1, TCTN1, TCTN2, TECPR2, TENM1, TERB1, TERB2, TERF1, TERF2, TERF2IP, TERT, TESC, TESK1, TESPA1, TEX14, TEX2, TEX261, TF, TFAP2B, TFEB, TFF2, TFG, TFR2, TFRC, TG, TGFB1, TGFB2, TGFB3, TGFBI, TGFBR2, TGFBRAP1, TGM2, TH, THBS1, THEM4, THOC1, THOC2, THOC3, THOC5, THOC6, THOC7, THY1, TIA1, TIAM1, TICAM2, TIFAB, TIMD4, TIMM10, TIMM10B, TIMM13, TIMM17A, TIMM17B, TIMM21, TIMM22, TIMM23, TIMM23B, TIMM29, TIMM44, TIMM50, TIMM8A, TIMM8B, TIMM9, TINAGL1, TINF2, TJP1, TJP2, TJP3, TLE6, TLK1, TLK2, TLR2, TLR4, TLR9, TM7SF3, TM9SF1, TM9SF2, TM9SF3, TM9SF4, TMBIM1, TMBIM6, TMC1, TMC2, TMC3, TMC4, TMC5, TMC6, TMC7, TMC8, TMCC1, TMCO1, TMCO3, TMCO6, TMED1, TMED10, TMED2, TMED3, TMED4, TMED5, TMED6, TMED7, TMED9, TMEM102, TMEM106B, TMEM107, TMEM108, TMEM109, TMEM115, TMEM120A, TMEM129, TMEM132A, TMEM144, TMEM147, TMEM14A, TMEM14C, TMEM150A, TMEM150C, TMEM163, TMEM165, TMEM167A, TMEM167B, TMEM175, TMEM184A, TMEM184B, TMEM184C, TMEM201, TMEM230, TMEM231, TMEM232, TMEM241, TMEM30A, TMEM30B, TMEM35A, TMEM37, TMEM38A, TMEM38B, TMEM41B, TMEM50A, TMEM50B, TMEM53, TMEM59, TMEM63A, TMEM63B, TMEM63C, TMEM79, TMEM87A, TMEM87B, TMEM88, TMEM9, TMEM97, TMEM98, TMF1, TMIGD1, TMSB10, TMSB15A, TMSB15B, TMSB15C, TMSB4X, TMSB4Y, TMX1, TNF, TNFAIP2, TNFAIP3, TNFAIP6, TNFAIP8L3, TNFRSF11A, TNFRSF1A, TNFRSF1B, TNFSF11, TNIK, TNK2, TNKS, TNKS2, TNNC1, TNPO1, TNPO2, TNPO3, TNS4, TOLLIP, TOM1, TOM1L1, TOM1L2, TOMM20, TOMM20L, TOMM22, TOMM34, TOMM40, TOMM40L, TOMM5, TOMM6, TOMM7, TOMM70, TONSL, TOPBP1, TOPORS, TOR1A, TOR1AIP1, TOR1AIP2, TOR1B, TP53, TP53INP2, TPBG, TPCN1, TPCN2, TPD52, TPGS1, TPH1, TPP1, TPR, TPRG1L, TPT1, TPTE, TPTE2, TRAF3IP1, TRAF3IP2, TRAK1, TRAK2, TRAM1, TRAM1L1, TRAM2, TRAPPC1, TRAPPC10, TRAPPC11, TRAPPC12, TRAPPC13, TRAPPC2, TRAPPC2B, TRAPPC2L, TRAPPC3, TRAPPC3L, TRAPPC4, TRAPPC5, TRAPPC6A, TRAPPC6B, TRAPPC8, TRAPPC9, TRARG1, TRAT1, TRDN, TREM2, TREX1, TRH, TRIAP1, TRIB3, TRIM17, TRIM21, TRIM22, TRIM23, TRIM25, TRIM27, TRIM28, TRIM29, TRIM3, TRIM34, TRIM37, TRIM38, TRIM40, TRIM46, TRIM5, TRIM58, TRIM6, TRIM67, TRIM68, TRIM69, TRIM72, TRIM8, TRIP10, TRIP11, TRMT10B, TRPA1, TRPC1, TRPC3, TRPC4, TRPC4AP, TRPC5, TRPC6, TRPC7, TRPM1, TRPM2, TRPM3, TRPM4, TRPM5, TRPM6, TRPM7, TRPM8, TRPV1, TRPV2, TRPV3, TRPV4, TRPV5, TRPV6, TSC1, TSC2, TSG101, TSKU, TSNARE1, TSPAN10, TSPAN13, TSPAN14, TSPAN15, TSPAN17, TSPAN18, TSPAN33, TSPAN5, TSPO, TSPO2, TST, TTBK2, TTC21A, TTC21B, TTC39B, TTC7A, TTC7B, TTC8, TTC9-DT, TTK, TTL, TTLL1, TTN, TTPA, TTYH1, TTYH2, TTYH3, TUB, TUBA1A, TUBA1B, TUBA1C, TUBB, TUBB1, TULP1, TULP2, TULP3, TUNAR, TUSC2, TUSC3, TVP23A, TVP23B, TVP23C, TWF1, TWF2, TXLNA, TXN, TXNIP, TYK2, TYRO3, TYROBP, UBA5, UBAC2, UBAP1, UBASH3B, UBB, UBE2B, UBE2D3, UBE2G2, UBE2I, UBE2J1, UBE2J2, UBE2L3, UBE2O, UBE2Q1, UBE3A, UBL4A, UBL4B, UBL5, UBQLN1, UBQLN2, UBR3, UBR5, UBXN2B, UBXN6, UCHL1, UCN, UCN3, UCP1, UCP2, UCP3, UEVLD, UFD1, UFL1, UFM1, UGCG, UGT1A3, UGT8, UHMK1, ULK1, UMOD, UMPS, UNC119, UNC119B, UNC13A, UNC13B, UNC13C, UNC13D, UNC50, UNC80, UNC93B1, UPF1, UPF2, UPF3A, UPF3B, UPK3A, UPRT, UQCC2, UQCR10, UQCRC1, UQCRFS1, UQCRFS1P1, UQCRH, USE1, USF2, USH1C, USH1G, USH2A, USO1, USP17L2, USP20, USP33, USP36, USP4, USP6, USP6NL, USP7, USP8, USP9X, UTP25, UTRN, UVRAG, UXT, VAC14, VAMP1, VAMP2, VAMP3, VAMP4, VAMP5, VAMP7, VAMP8, VANGL2, VAPA, VAPB, VAV1, VAV2, VAV3, VCL, VCP, VCPIP1, VDAC1, VDAC2, VDAC3, VDR, VEGFA, VEGFC, VGF, VIL1, VIP, VIPAS39, VLDLR, VMP1, VPS11, VPS13A, VPS13B, VPS13C, VPS13D, VPS16, VPS18, VPS25, VPS26A, VPS26B, VPS26C, VPS28, VPS29, VPS33A, VPS33B, VPS35, VPS35L, VPS36, VPS37A, VPS37B, VPS37C, VPS37D, VPS39, VPS41, VPS45, VPS4A, VPS4B, VPS50, VPS51, VPS52, VPS53, VPS54, VPS8, VPS9D1, VRK1, VSNL1, VSTM2A, VTA1, VTI1A, VTI1B, VTN, WAPL, WAS, WASF1, WASF2, WASH3P, WASH6P, WASHC1, WASHC2A, WASHC2C, WASHC3, WASHC4, WASHC5, WASL, WBP2, WDPCP, WDR11, WDR19, WDR35, WDR41, WDR44, WDR45, WDR45B, WDR54, WDR72, WDR81, WDR83OS, WDR91, WFS1, WHAMM, WHRN, WIPF3, WIPI1, WIPI2, WLS, WNK1, WNK2, WNK3, WNK4, WNT11, WNT3A, WNT5A, WNT7A, WRAP53, WRN, WWC1, WWP1, WWP2, WWTR1, XBP1, XCL1, XCR1, XDH, XK, XKR4, XKR5, XKR6, XKR7, XKR8, XKR9, XPA, XPO1, XPO4, XPO5, XPO6, XPO7, XPOT, XPR1, XRCC4, XRCC5, YAP1, YBX1, YES1, YIF1A, YIF1B, YIPF1, YIPF2, YIPF4, YIPF5, YIPF6, YIPF7, YJEFN3, YKT6, YOD1, YRDC, YTHDC1, YWHAB, YWHAE, YWHAG, YWHAH, YWHAQ, YWHAZ, YY1, ZACN, ZBED3, ZBED6, ZBTB16, ZBTB7A, ZBTB7B, ZC3H11A, ZC3H11B, ZC3H12A, ZC3H3, ZDHHC1, ZDHHC11, ZDHHC11B, ZDHHC12, ZDHHC13, ZDHHC14, ZDHHC15, ZDHHC17, ZDHHC18, ZDHHC19, ZDHHC2, ZDHHC20, ZDHHC21, ZDHHC22, ZDHHC23, ZDHHC24, ZDHHC3, ZDHHC4, ZDHHC5, ZDHHC6, ZDHHC7, ZDHHC8, ZDHHC9, ZFAND1, ZFAND2A, ZFAND2B, ZFAND6, ZFP36, ZFP36L1, ZFPL1, ZFYVE1, ZFYVE16, ZFYVE27, ZFYVE9, ZG16, ZIC1, ZMAT3, ZMPSTE24, ZMYND10, ZMYND8, ZNF205, ZNF205-AS1, ZNF207, ZNF385A, ZNF423, ZNF827, ZNHIT3, ZNHIT6, ZP3, ZP4, ZPR1, ZW10, ZWILCH, ZWINT
GO:0090497	mesenchymal cell migration	59	2	0.21	0.01810	0.02004424778761062	ACVR1, BMP4, BMP7, CDC42, CDH2, CORO1C, EDN1, EDN3, EDNRA, EDNRB, EFNB1, ERBB4, FN1, FOLR1, GBX2, GDNF, HAND2, HIF1A, HTR2B, ISL1, KITLG, LAMA5, NRP1, NRP2, NRTN, OVOL2, PAX6, PHACTR4, PHOX2B, PITX2, RADIL, RET, SEMA3A, SEMA3B, SEMA3C, SEMA3D, SEMA3E, SEMA3F, SEMA3G, SEMA4A, SEMA4B, SEMA4C, SEMA4D, SEMA4F, SEMA4G, SEMA5A, SEMA5B, SEMA6A, SEMA6B, SEMA6C, SEMA6D, SEMA7A, SHH, SMO, SOX10, SOX8, TBX1, TPBG, TWIST1
GO:0048585	negative regulation of response to stimulus	1764	12	6.16	0.01812	0.02004424778761062	A2M, AATF, ABCA7, ABL1, ABL2, ACAA2, ACE2, ACKR3, ACOD1, ACP4, ACP5, ACTN3, ACVR1, ADA, ADAM17, ADAMTS12, ADAMTS18, ADAMTSL2, ADAR, ADCYAP1R1, ADGRA2, ADGRG3, ADIPOQ, ADIPOR1, ADM, ADORA1, ADORA2A, ADRA2A, ADRB2, ADTRP, AGT, AGTR2, AHR, AHSG, AIDA, AIF1, AIM2, AJAP1, AJUBA, AKT1, AKT1S1, ALOX12, ALOX15, ALOX5, ALPK2, AMBP, AMER1, AMER2, AMFR, ANGPT2, ANKRD6, ANXA1, ANXA2, AOAH, APC, APC2, APCDD1, APCDD1L, APCS, APELA, APLN, APLNR, APLP1, APOA1, APOD, APOE, APOH, APPL1, APPL2, AQP11, AR, ARG1, ARG2, ARHGAP12, ARHGAP24, ARHGAP25, ARHGAP35, ARHGAP42, ARHGAP44, ARHGEF2, ARID4A, ARID4B, ARMC10, ARNT, ARR3, ARRB1, ARRB2, ARRDC1, ARRDC3, ASAH2, ASCL2, ASH1L, ASPN, ASXL1, ATAD5, ATF3, ATF4, ATF6B, ATG12, ATG5, ATM, ATP2B4, ATXN3, AUNIP, AURKB, AVP, AXIN1, AXIN2, AZI2, BACE1, BAG5, BAK1, BAMBI, BANF1, BANK1, BARX1, BAX, BBS2, BBS4, BCL2, BCL2L1, BCL2L2, BCL3, BCL6, BCL9L, BCR, BDKRB2, BDNF, BECN2, BEND6, BFAR, BICC1, BICD1, BID, BIRC6, BIRC7, BMAL1, BMI1, BMP2, BMP4, BMP5, BMP7, BMPER, BMT2, BOK, BPIFB1, BRAP, BRCA1, BRMS1, BRMS1L, BTN2A2, BTRC, C12orf43, C1QBP, C1QL4, C1QTNF1, C1QTNF12, C1QTNF3, C3orf33, C4BPA, C4BPB, C5, C5AR2, C8orf44-SGK3, CAAP1, CACTIN, CADM1, CADM4, CALR, CARD16, CARD19, CARD8, CARTPT, CASC2, CASK, CASP8, CASTOR1, CASTOR2, CASTOR3P, CAV1, CAV2, CAV3, CAVIN3, CBFA2T2, CBL, CBLB, CBLC, CBY1, CCAR2, CCDC125, CCDC22, CCDC3, CCDC88C, CCL2, CCL5, CCN3, CCNC, CCR2, CD109, CD160, CD200, CD200R1, CD22, CD2AP, CD300A, CD300LF, CD3E, CD44, CD46, CD55, CD59, CD74, CD80, CD9, CD96, CDC34, CDH2, CDH3, CDH5, CDK20, CDK3, CDK5RAP3, CDKN2D, CEACAM1, CEP63, CER1, CERS2, CFLAR, CGAS, CGNL1, CHAC1, CHD8, CHMP6, CHP1, CHRD, CHRDL1, CHRDL2, CHRNA10, CHST11, CIB1, CIDEA, CILP, CISH, CIT, CITED1, CLASP1, CLASP2, CLDN19, CLDN3, CLEC12B, CLEC4G, CLOCK, CLU, CNKSR3, CNOT1, CNOT2, CNOT7, CNOT9, CNTNAP2, COL2A1, COL3A1, CORO1B, CPB2, CPNE1, CPTP, CR1, CR1L, CR2, CREB3, CREB3L1, CRHBP, CRIM1, CRK, CRTC3, CRY1, CRY2, CRYBA1, CSF2, CSK, CSNK1A1, CSNK1A1L, CSNK1E, CSNK2A1, CSNK2A2, CST7, CTDSPL2, CTH, CTHRC1, CTNNA1, CTNNA2, CTNNB1, CTNNBIP1, CTNND1, CTTN, CUL3, CX3CL1, CX3CR1, CXCL12, CXCL13, CXCL17, CXCL8, CXXC4, CYLD, CYP19A1, CYP26A1, CYP26B1, CYP26C1, CYP7B1, CYREN, CYRIB, DAB1, DAB2, DAB2IP, DACT1, DACT2, DACT3, DAG1, DAND5, DCN, DCST1, DDAH1, DDIAS, DDIT3, DDIT4, DDIT4L, DDRGK1, DDT, DDX3X, DEFB114, DEFB118, DEPDC5, DEPTOR, DGKD, DGKG, DGKZ, DHRS3, DHX58, DICER1, DKK1, DKK2, DKK3, DKK4, DKKL1, DLC1, DLG1, DLG5, DLK1, DLK2, DLL1, DLL3, DLL4, DLX1, DLX2, DNAJA1, DNAJB9, DPP4, DRAXIN, DRD1, DRD2, DRD3, DTX4, DUSP1, DUSP10, DUSP13B, DUSP16, DUSP19, DUSP2, DUSP22, DUSP26, DUSP29, DUSP3, DUSP4, DUSP5, DUSP6, DUSP7, DUSP8, DUSP9, DVL1, DYRK1A, DYRK2, DYRK3, ECM1, EDN1, EFNA1, EGFL7, EGFR, EGR1, EID2, EIF4E2, ELANE, ELF1, ELF4, ELL3, EMD, EMILIN1, ENDOG, ENO1, ENPP1, ENPP3, ENTREP1, ENY2, EPHA2, EPHA4, EPHB2, EPM2A, EPN2, EPO, EPPK1, ERBB3, ERBIN, ERCC1, ERCC4, ERCC6, ERRFI1, ESR1, EXTL3, EYA1, EYA2, EYA3, EYA4, EZH2, EZR, F11, F12, F2, F2RL1, FAIM, FAIM2, FAM3A, FAM89B, FANCB, FAP, FBH1, FBLN1, FBN1, FBN2, FBP1, FBXL2, FBXO7, FBXW7, FCGR2B, FCRL3, FEM1A, FER, FERMT1, FFAR4, FGA, FGB, FGF10, FGF2, FGF9, FGG, FGL2, FGR, FHL2, FIGNL1, FIGNL2, FKBP1A, FKBP1B, FKTN, FLCN, FNDC4, FNIP1, FOXF1, FOXH1, FOXJ1, FOXM1, FOXO1, FOXO3, FOXP1, FOXP3, FPR2, FRMD8, FRMD8P1, FRZB, FST, FSTL3, FSTL4, FURIN, FUZ, FXN, FXR1, FYN, FZD1, FZD6, FZD9, G3BP1, GAS6, GATA1, GATA2, GATA3, GATA4, GBA1, GBP1, GBP7, GCLC, GCLM, GDF15, GDF3, GDNF, GFER, GFRAL, GGNBP2, GGT7, GHITM, GHRL, GHSR, GIGYF2, GIPR, GIT1, GLG1, GLI1, GLI3, GLIS2, GNAI2, GP1BA, GPATCH3, GPC1, GPC3, GPD1L, GPER1, GPR108, GPR155, GPR161, GPR17, GPR18, GPR21, GPR31, GPR37L1, GPRASP1, GPRC5A, GPS2, GPX1, GRAMD4, GRB10, GRB14, GREM1, GREM2, GRID2, GRIN3A, GRINA, GRK2, GRK3, GRM5, GRN, GSC, GSK3A, GSK3B, GSTP1, GTF2H2, H2BC11, HACD3, HAMP, HAPSTR1, HAVCR2, HCK, HDAC1, HDAC2, HDAC3, HDAC6, HDAC7, HECW1, HEG1, HELB, HELLS, HERC4, HERPUD1, HEY1, HEY2, HEYL, HFE, HGF, HGS, HHEX, HHIP, HIC1, HIF1A, HIF1AN, HIPK2, HIPK3, HJV, HLA-A, HLA-B, HLA-DRB1, HLA-E, HLA-F, HLA-G, HLX, HMGA2, HMGB2, HMGXB4, HMOX1, HOMER2, HOMER3, HRG, HSF1, HSPA1A, HSPA1B, HSPA5, HSPA8, HSPB1, HTR1B, HTR2B, HTRA1, HTRA2, HTRA3, HTRA4, HTT, HYAL2, HYOU1, ICAM1, IER3, IFI16, IFI35, IFI6, IFNA2, IFNB1, IFNL1, IFT122, IFT172, IFT80, IGBP1, IGF1, IGF1R, IGFBP1, IGFBP2, IGFBP3, IGFBP4, IGFBP5, IGFBP6, IGSF1, IL10, IL10RA, IL12A, IL12B, IL13, IL17A, IL17RD, IL19, IL1A, IL1B, IL1R2, IL1RL1, IL1RN, IL2, IL20RB, IL22, IL22RA1, IL22RA2, IL27RA, IL2RA, IL33, IL36RN, IL4, IL4I1, IL4R, IL6, IL7, IL7R, ILRUN, ING1, ING2, INPP5A, INPP5D, INPP5E, INPP5F, INPP5K, INPPL1, INS, INSIG1, INSIG2, INTS9, INVS, IRAK3, IRF4, IRGM, IRS1, ISG15, ISL1, ITCH, ITFG2, ITGA1, ITGA3, ITGA6, ITGAV, ITGB1, ITGB1BP1, ITPR1, ITPRIP, IVNS1ABP, JADE1, JAGN1, JAK3, KANK1, KANK2, KAT5, KBTBD6, KBTBD7, KCTD10, KCTD13, KCTD21, KCTD6, KDM1A, KIAA0319, KICS2, KIF26A, KIF7, KIR2DL4, KLF4, KLF7, KLHL15, KLHL31, KLK14, KLKB1, KLRC1, KLRC4-KLRK1, KLRD1, KLRK1, KMT5A, KNG1, KPTN, KREMEN1, KRT1, LACRT, LAPTM5, LATS1, LATS2, LAX1, LBH, LDLR, LDLRAD4, LEMD2, LEMD3, LEP, LEPROT, LEPROTL1, LFNG, LGALS3, LGALS9, LGMN, LGR4, LIF, LILRA2, LILRA4, LILRB1, LILRB4, LIMD1, LITAF, LMBR1L, LMNA, LMO3, LONP1, LOXL3, LPAR1, LPCAT3, LPXN, LRFN5, LRIG2, LRP1, LRP2, LRP4, LRPAP1, LRRC14, LRRK2, LTBP1, LTF, LYAR, LYN, LYPLAL1, LZTR1, LZTS2, MACIR, MAD2L1BP, MAD2L2, MAGEA1, MAGEA3, MAGEF1, MAGI2, MAP2K3, MAP2K5, MAPK14, MAPK3, MAPK7, MAPK8IP1, MAPK8IP2, MAPKAP1, MAPKAPK5, MAPKBP1, MARCHF7, MARK3, MARVELD3, MAVS, MAZ, MCC, MCL1, MCTP1, MDFI, MDK, MDM2, MEAK7, MECOM, MEFV, MEGF8, MEIS3, MEN1, MESP1, MET, METRNL, METTL3, MFHAS1, MFN2, MGRN1, MICA, MICB, MICOS10-NBL1, MIF, MINAR1, MIOS, MIR1-1, MIR100, MIR101-1, MIR103A1, MIR105-1, MIR106A, MIR107, MIR1224, MIR125A, MIR125B1, MIR126, MIR1271, MIR129-1, MIR1298, MIR130A, MIR132, MIR133A1, MIR133B, MIR135A1, MIR138-1, MIR140, MIR141, MIR142, MIR145, MIR146A, MIR149, MIR152, MIR15A, MIR15B, MIR16-1, MIR17, MIR181A2, MIR181B1, MIR181C, MIR185, MIR186, MIR187, MIR18A, MIR195, MIR199A1, MIR199B, MIR19A, MIR19B1, MIR200B, MIR200C, MIR203A, MIR204, MIR205, MIR206, MIR20A, MIR21, MIR210, MIR214, MIR218-1, MIR221, MIR222, MIR223, MIR23A, MIR24-1, MIR25, MIR26A1, MIR26B, MIR27A, MIR27B, MIR29A, MIR29B1, MIR29C, MIR302B, MIR302C, MIR302E, MIR30C2, MIR31, MIR323A, MIR326, MIR329-1, MIR340, MIR342, MIR34A, MIR34B, MIR34C, MIR361, MIR365A, MIR372, MIR373, MIR375, MIR376C, MIR3909, MIR424, MIR4286, MIR449A, MIR451A, MIR483, MIR488, MIR495, MIR497, MIR498, MIR503, MIR508, MIR519A1, MIR519D, MIR520C, MIR564, MIR573, MIR590, MIR665, MIR6869, MIR708, MIR766, MIR873, MIR874, MIR885, MIR892B, MIR9-1, MIR920, MIR92A1, MIR92B, MIR93, MIR98, MIR99A, MIRLET7A1, MIRLET7B, MIRLET7C, MIRLET7E, MIRLET7F1, MIRLET7G, MKKS, MKRN2, MLIP, MLLT3, MMP12, MMP14, MMP26, MMP28, MMP9, MMRN1, MMRN2, MNT, MOSMO, MPIG6B, MPV17L, MRAP, MRAP2, MSTN, MTM1, MTMR4, MTNR1B, MTOR, MUC1, MUL1, MVK, MVP, MYADM, MYC, MYOC, MYOCD, MYOZ1, MYOZ2, NAIP, NANOS3, NBL1, NCK1, NCK2, NCKAP1L, NCL, NCLN, NCOA5, NCOA7, NCOR1, NCOR2, NDFIP1, NDRG2, NDRG4, NDUFA13, NDUFAF2, NDUFS3, NECAB2, NEDD4, NENF, NEO1, NEURL1, NEUROD1, NF1, NF2, NFATC4, NFE2L2, NFKB1, NFKBIA, NFKBIL1, NGFR, NHERF1, NHERF4, NIBAN2, NKD1, NKD2, NKIRAS1, NKIRAS2, NKX2-1, NKX2-5, NKX3-1, NLK, NLRC3, NLRC5, NLRP12, NLRP2, NLRP2B, NLRP3, NLRP4, NLRP6, NLRX1, NME5, NMI, NOC2L, NOD2, NODAL, NOG, NOL3, NOMO1, NOMO3, NONO, NOP53, NOS3, NOTCH1, NOTUM, NPC1, NPHP3, NPHP4, NPLOC4, NPPA, NPRL2, NPRL3, NPY5R, NR0B1, NR1D1, NR1D2, NR1H2, NR1H3, NR1H4, NR4A2, NRARP, NRP1, NRROS, NT5C2, NT5E, NUDT16L1, NUP62, NXN, OAS1, OAS3, OGG1, OGT, ONECUT1, ONECUT2, OPA1, OPRL1, OPTN, OTOP1, OTUB1, OTUB2, OTUD3, OTUD4, OTUD5, OTUD7B, OTULIN, OVOL2, OXR1, P2RX7, PADI2, PAFAH1B1, PAK1IP1, PAK5, PALM, PALM3, PAQR3, PARK7, PARL, PARP1, PARP14, PARP3, PARPBP, PAWR, PBK, PBLD, PCBP2, PCGF2, PDCD1, PDCD4, PDCD6, PDE10A, PDE11A, PDE2A, PDE3A, PDE3B, PDE4B, PDE4D, PDE8B, PDGFA, PDGFB, PDGFRA, PDPK1, PDX1, PEA15, PEBP1, PEG10, PELI3, PER1, PF4, PFDN5, PGLYRP1, PGLYRP2, PGLYRP3, PHACTR4, PHB1, PHB2, PHF14, PHIP, PHLDA3, PHLDB2, PHLPP1, PHPT1, PIAS2, PIAS4, PIBF1, PID1, PIH1D1, PIK3CB, PIK3IP1, PIK3R2, PIM3, PIN1, PINK1, PIP4K2A, PIP4K2B, PIP4K2C, PKHD1, PLA2G10, PLAT, PLAU, PLAUR, PLCG1, PLCL2, PLEK, PLEKHA1, PLG, PLIN5, PLK2, PLXNA3, PMEPA1, POLQ, PPARA, PPARD, PPARG, PPEF2, PPIA, PPIF, PPM1A, PPM1B, PPM1N, PPP1R10, PPP1R15A, PPP1R15B, PPP2CA, PPP2CB, PPP2R1A, PPP3CA, PPP3CB, PPP6C, PRAME, PRAP1, PRDM14, PRDM15, PRDM16, PRDX2, PRELID1, PRICKLE1, PRKAA1, PRKAA2, PRKACA, PRKACB, PRKCB, PRKCD, PRKCQ, PRKCZ, PRKDC, PRKG1, PRKN, PRMT1, PRNP, PROC, PROS1, PRR5L, PSCA, PSEN1, PSMA1, PSMB4, PSMD10, PSME3, PTCH1, PTCH2, PTEN, PTGER4, PTGIR, PTGIS, PTGS2, PTPN1, PTPN12, PTPN18, PTPN2, PTPN22, PTPN3, PTPN6, PTPRC, PTPRD, PTPRE, PTPRJ, PTPRO, PTPRR, PTPRS, PTPRT, PTPRU, PTTG1IP, PVRIG, PXDN, PYCARD, PYCR1, PYDC1, PYDC2, PYDC5, QARS1, RAB7A, RAB7B, RABGEF1, RACK1, RADX, RAF1, RANBP9, RASA2, RASA3, RASA4, RASA4B, RASAL1, RASAL3, RASIP1, RASL11B, RASSF2, RB1, RB1CC1, RBBP4, RBBP7, RBMS3, RBPMS2, RBX1, RC3H1, RC3H2, RCAN1, RECQL5, REG3A, RELA, RFFL, RGMA, RGS1, RGS10, RGS11, RGS12, RGS13, RGS14, RGS16, RGS17, RGS18, RGS19, RGS2, RGS20, RGS21, RGS22, RGS3, RGS4, RGS5, RGS6, RGS7, RGS7BP, RGS8, RGS9, RGS9BP, RHBDF2, RHOA, RHOH, RIF1, RIN3, RIOK3, RIPK1, RIPOR2, RITA1, RMI2, RNF113A, RNF115, RNF125, RNF126, RNF149, RNF152, RNF167, RNF169, RNF170, RNF213, RNF26, RNF34, RNF43, ROBO1, ROBO2, RORA, RPGRIP1L, RPH3AL, RPS19, RPS3, RPS6KA1, RPS6KA6, RPS6KB1, RRM2B, RRN3, RTCA, RTEL1, RTKN2, RTN4R, RTN4RL1, RUBCN, RUNX2, RUVBL2, RYK, SAA1, SAG, SAMHD1, SAMSN1, SAP130, SAP30, SAP30L, SARM1, SCAI, SCG2, SCRT2, SCYL2, SDHAF2, SEC13, SEC14L1, SEH1L, SELENOS, SEMA3A, SEMA3B, SEMA3C, SEMA3D, SEMA3E, SEMA3F, SEMA3G, SEMA4A, SEMA4B, SEMA4C, SEMA4D, SEMA4F, SEMA4G, SEMA5A, SEMA5B, SEMA6A, SEMA6B, SEMA6C, SEMA6D, SEMA7A, SENP3, SERPINB2, SERPINB3, SERPINB4, SERPINB9, SERPINE1, SERPINE2, SERPINF2, SERPING1, SESN1, SESN2, SESN3, SFRP1, SFRP2, SFRP4, SFRP5, SGK3, SGTA, SH2B3, SH2D1A, SH3BP1, SH3BP4, SH3RF1, SH3RF2, SHANK2, SHARPIN, SHH, SHISA2, SHISA3, SHISA6, SHLD1, SHLD2, SHLD3, SIAH2, SIGIRR, SIGLEC10, SIN3A, SINHCAF, SIRPA, SIRT1, SIRT2, SIRT3, SKI, SKIL, SKOR1, SKOR2, SLA2, SLAMF1, SLAMF8, SLC12A2, SLC24A4, SLC25A31, SLC25A4, SLC25A5, SLC25A6, SLC27A4, SLC2A10, SLC35C1, SLC35F6, SLC39A8, SLC6A3, SLIT1, SLIT2, SLIT3, SMAD3, SMAD4, SMAD5, SMAD6, SMAD7, SMARCA4, SMCHD1, SMCR8, SMIM30, SMPD1, SMPDL3B, SMURF1, SMURF2, SNAI1, SNAI2, SNCA, SNIP1, SNX13, SNX25, SNX6, SOCS1, SOCS2, SOCS3, SOCS4, SOCS5, SOCS6, SOCS7, SOD1, SOD2, SORL1, SOST, SOSTDC1, SOX10, SOX13, SOX17, SOX2, SOX30, SOX9, SPAAR, SPART, SPI1, SPINK1, SPINK5, SPN, SPP1, SPRED1, SPRED2, SPRED3, SPRY1, SPRY2, SPRY3, SPRY4, SPX, SQSTM1, SRC, SRMS, SSTR4, ST6GAL1, STAMBP, STAP1, STAT1, STAT2, STAT3, STAT6, STK11, STK3, STK38, STK4, STMN1, STMN3, STRADB, STRAP, STRN3, STUB1, STYXL2, SUDS3, SUFU, SULF1, SULF2, SUSD4, SVEP1, SVIP, SYK, SYNGAP1, SYNJ2BP, SYT11, SYVN1, SZT2, TAF9, TAF9B, TAFA3, TAFA5, TANK, TAOK3, TARBP2, TAX1BP1, TAX1BP3, TBC1D10C, TBC1D24, TBC1D7, TBC1D7-LOC100130357, TBK1, TBX18, TBX20, TBX21, TCF21, TCF7L2, TCIM, TEK, TERF2, TERT, TET1, TFIP11, TFPI, TGFB1, TGFB2, TGFB3, TGFBR1, TGFBR3, THBD, THBS1, THY1, TKFC, TLE1, TLE2, TLE3, TLE4, TLE5, TLE6, TLE7, TLR4, TLR6, TLR9, TMBIM1, TMBIM6, TMED2, TMEM127, TMEM131L, TMEM14A, TMEM161A, TMEM170B, TMEM196, TMEM53, TMEM64, TMEM88, TMEM88B, TMPRSS6, TMSB4X, TMX1, TNF, TNFAIP1, TNFAIP3, TNFAIP6, TNFAIP8L1, TNFAIP8L2, TNFRSF14, TNFRSF1A, TNFRSF1B, TNFSF4, TNIP1, TNIP3, TNN, TNR, TNS2, TOB1, TP53, TP53BP1, TP63, TPBG, TPBGL, TPT1, TRABD2A, TRABD2B, TRAF3IP1, TRAFD1, TRAIP, TRAP1, TREM2, TREX1, TRIAP1, TRIB1, TRIM11, TRIM15, TRIM21, TRIM27, TRIM31, TRIM32, TRIM33, TRIM38, TRIM39, TRIM40, TRIM45, TRIM59, TRIM60, TRIM65, TRIM67, TRIM72, TSC1, TSC2, TSG101, TSKU, TSPAN15, TSPAN6, TSPAN8, TTLL12, TULP3, TWIST1, TWSG1, TXNDC12, TYRO3, UACA, UBAC2, UBASH3A, UBASH3B, UBE2B, UBE2D1, UBE2D3, UBE2N, UBE2W, UBE3A, UBQLN1, UBQLN2, UBQLN4, UBR1, UBR2, UBXN1, UBXN2A, UCHL1, UCMA, UCN, UCP2, UFD1, UFL1, ULK3, UNC5B, URI1, USF1, USP10, USP14, USP15, USP18, USP20, USP25, USP38, USP47, USP7, VASN, VCP, VDAC2, VEPH1, VGLL4, VHL, VPS11, VPS13C, VPS18, VPS25, VPS35, VRK3, VSIG4, VTN, VWC2, VWC2L, WDR24, WDR41, WDR59, WDR91, WFDC1, WFIKKN1, WFIKKN2, WFS1, WIF1, WNK2, WNT1, WNT11, WNT16, WNT3, WNT3A, WNT4, WNT5A, WTIP, WWC1, WWC2, WWC3, WWOX, WWP2, WWTR1, XBP1, XCL1, XDH, XIAP, XRCC1, YAP1, YBX3, YES1, YJU2, YTHDF2, YTHDF3, YWHAB, YWHAG, YWHAZ, ZBTB7A, ZBTB7B, ZC3H12A, ZC3HC1, ZDHHC12, ZDHHC18, ZFP36, ZFYVE28, ZGPAT, ZMYND11, ZNF366, ZNF385A, ZNF451, ZNF536, ZNF592, ZNF653, ZNF675, ZNRF3, ZNRF4
GO:1903532	positive regulation of secretion by cell	288	4	1.01	0.01822	0.020066079295154183	AACS, ABAT, ABCC8, ABCG1, ACHE, ACSL4, ADAM8, ADAM9, ADCY8, ADCYAP1, ADORA2A, ADORA2B, AIMP1, ANG, ANKRD1, ANO1, ANXA2, AP1G1, APBB1, APBB3, ARF6, ATP13A2, AVP, AVPR1A, BAD, BAIAP3, BGLAP, BLK, BMP2, BMP6, C1QTNF1, C1QTNF12, C1QTNF3, C2CD2L, CADPS, CADPS2, CAPN10, CASR, CD177, CD2AP, CD33, CD38, CDK5, CDK5R2, CFTR, CHMP2A, CHRM3, CHRNB2, CLASP1, CLASP2, CPB2, CREB1, CRH, CXCL12, CYP19A1, DAB2, DNM1L, DOC2B, DRD2, DTNBP1, DYNLL1, EDN1, EDN3, EGFR, EXPH5, F2, F2RL1, F2RL2, FFAR1, FFAR2, FFAR4, FGA, FGB, FGFR1, FGG, FGR, FOXL2, FRMD4A, GAB2, GABBR1, GAL, GALR1, GATA1, GATA2, GCG, GCK, GDNF, GHRH, GHRHR, GHRL, GIP, GIPR, GLUD1, GNA11, GOLPH3, GOLPH3L, GPER1, GPLD1, GPR158, GPR27, GPR68, GRK2, GRP, HCAR2, HFE, HGS, HIF1A, HLA-DRB1, HLA-F, HYAL3, IER3IP1, IFNG, IGF1, IL13, IL1A, IL1B, IL4R, ILDR1, INHA, INHBA, INHBB, INS, IRS2, ISL1, ITGAM, ITGB2, ITPR1, JAK2, KCNB1, KCNN4, KISS1, KLRC2, KMO, LAMP1, LEP, LRRC8A, MAP2K6, MCU, MIF, MIR199B, MPC2, MYB, MYH10, MYO18A, MYOM1, MYRIP, NADK, NKX3-1, NKX6-1, NLGN1, NLGN2, NMB, NNAT, NR0B2, NR1H2, NR1H4, NTSR1, OPRK1, OR51E2, ORAI1, OSBP, OXTR, P2RX4, P2RX7, P2RY1, PARD6A, PCK2, PCSK1, PDCD6IP, PDX1, PFKFB2, PFKM, PINK1, PLA2G10, PLA2G1B, PLA2G3, PLA2G4A, PLA2G6, PLCB1, PPARG, PPIA, PPID, PPP3CB, PRKACA, PRKAR1A, PRKCB, PRKCE, PRKD1, PSMD9, PTAFR, PTGES, PTPN11, PTPN23, RAB15, RAB27A, RAB27B, RAB2B, RAB3A, RAB3D, RAB3GAP1, RAB5A, RAB7A, RAB8B, RAB9A, RAPGEF4, RASL10B, RBP4, RETN, RFX6, RGCC, RPH3AL, S100A10, SCAMP5, SCT, SDC1, SDC4, SDCBP, SEC24A, SELENOT, SERP1, SIRT3, SIRT6, SLC12A2, SLC18A3, SLC2A2, SLC30A8, SLC4A8, SLC6A4, SMAD4, SMPD3, SNAP25, SNCA, SNF8, SNX4, SOX11, SOX4, SPHK2, SPINK1, SPP1, SRI, STAM, STX1A, STX1B, STX4, STXBP1, STXBP5, SYBU, SYK, SYT1, SYT10, SYT4, SYT7, SYTL4, TACR1, TACR2, TARDBP, TCF7L2, TFR2, TGFB1, TGFB2, TGFB3, TLR2, TLR4, TM7SF3, TMED10, TMEM132A, TMF1, TNFRSF11A, TNFSF11, TREM2, TRH, TRPM4, TSG101, TTN, TUNAR, UCN, UCN3, UNC13B, UNC13D, VAMP7, VAMP8, VEGFC, VPS35, VPS4A, VPS4B, VSNL1, WLS, ZP3
GO:0060041	retina development in camera-type eye	160	3	0.56	0.01850	0.020285087719298246	ACHE, ACTL6A, ACVR2B, ACVRL1, AGTPBP1, AHI1, ARHGEF15, ATOH7, ATP2B2, ATP2B4, ATP8A2, BARHL2, BAX, BBS4, BMPR1B, BMPR2, CABP4, CALB1, CASP2, CDON, CELF4, CHD7, CLCN2, CLIC4, CLN8, CNTF, COL4A1, CRB1, CRB2, CYP1B1, DCX, DIO3, DLL1, DLL4, DLX1, DLX2, DSCAM, DTNBP1, FAT3, FJX1, FOXN4, FZD4, GDF11, GNAT1, GNAT2, GNB1, GPM6A, GRM6, HCN1, HES1, HIF1A, HIPK1, HIPK2, HPCA, IHH, IMPG2, JMJD6, LAMA1, LAMB2, LAMC3, LARGE1, LHX1, LHX2, LPCAT1, LRP5, MAN2A1, MDM1, MED1, MEGF11, MERTK, MFRP, MFSD2A, NAGLU, NDP, NECTIN1, NECTIN3, NEUROD1, NEUROD4, NFIA, NFIB, NOTCH1, NPHP1, NPHP4, NR2E1, NR2E3, NRL, NRP1, NTRK2, OPN4, PAX2, PAX6, PDE6A, PDE6B, PDE6C, PDGFRA, PDGFRB, PFDN5, POU4F2, PRDM1, PROM1, PROX1, PRPH2, PSEN1, PTF1A, PTPRM, RBP4, RD3, RDH13, RET, RHO, RHOJ, ROM1, RORB, RP1, RP1L1, RPE65, RPGRIP1, RPGRIP1L, RPL24, RRM1, RS1, SAMD11, SAMD7, SCAPER, SDK1, SDK2, SERPINF1, SIX3, SKI, SLC17A7, SLC17A8, SLC1A1, SLC4A5, SMARCA4, SMARCD3, SOX8, SOX9, STAT3, TBC1D32, TCIRG1, TFAP2A, TFAP2B, TGFB2, TGIF2, THRB, THY1, TMEM135, TSPAN12, TTC8, TTLL5, TUB, TULP1, USH1C, USP45, VAX2, VSTM4, VSX1, XRN2, ZHX2, ZNF513
GO:0001961	positive regulation of cytokine-mediated signaling pathway	60	2	0.21	0.01869	0.020315217391304347	ADAM17, AGPAT1, AGPAT2, AXL, C1QTNF4, CASP1, CASP4, CD300LF, CD74, CPNE1, CSF1, CXCR4, EDN1, FADD, GAS6, GFI1, HIF1A, HPX, HSPA1A, HSPA1B, IKBKE, IL1R1, IL7, IRF3, IRF7, IRGM, LAPTM5, LSM14A, MAVS, MED1, MIR1246, MMP12, MMP8, NLRC5, NLRP6, PAFAH1B1, PARP14, PARP9, PRKN, RBM47, RIPK1, RIPK2, RNF185, STING1, TBK1, TICAM2, TRAF2, TREM2, TRIM32, TRIM41, TRIM44, TRIM56, TRIM6, TSLP, TXK, UBE2K, USP27X, USP29, WNT5A, ZBP1
GO:0060038	cardiac muscle cell proliferation	60	2	0.21	0.01869	0.020315217391304347	ABL1, ARID2, BMP10, BMPR1A, CDK1, CITED2, DIPK2A, ERBB4, FES, FGF2, FGF20, FGF9, FGFR1, FGFR2, FOXC1, FOXC2, GATA6, GLI1, HEY2, JARID2, KCNK2, MAPK11, MAPK14, MEF2C, MIR1-1, MIR17HG, MIR199A1, MIR199B, MIR19B1, MIR200B, MIR204, MIR222, MIR509-1, MIR548C, MIR590, MIR873, NDRG4, NKX2-5, NOG, NOTCH1, PIM1, PRKAR1A, RBP4, RBPJ, RUNX1, SAV1, SKI, SMAD1, TBX2, TBX20, TBX5, TENM4, TGFB2, TGFBR1, TGFBR3, TP73, VGLL4, WNT2, YAP1, ZFPM2
GO:0051171	regulation of nitrogen compound metabolic process	5614	28	19.62	0.01890	0.020454545454545454	A1CF, A2ML1, AARS1, AASS, AATF, ABAT, ABCA2, ABCA3, ABCA7, ABCB10, ABCB7, ABCE1, ABCG1, ABCG4, ABHD14B, ABI1, ABL1, ABLIM3, ABRA, ABRAXAS1, ABT1, ACD, ACE, ACER2, ACMSD, ACO1, ACOD1, ACOT8, ACP4, ACP5, ACSL3, ACSS2, ACTB, ACTL6A, ACTL6B, ACTN1, ACTN2, ACTN3, ACTN4, ACTR2, ACTR3, ACTR5, ACTR6, ACTR8, ACTRT1, ACVR1, ACVR1B, ACVR1C, ACVR2A, ACVR2B, ACVRL1, ADAM17, ADAM8, ADAM9, ADAR, ADARB1, ADCY1, ADCY10, ADCY8, ADCYAP1, ADGRB1, ADGRG3, ADIPOQ, ADIRF, ADNP, ADNP2, ADORA1, ADORA2A, ADORA3, ADRA2A, ADRA2B, ADRA2C, ADRB2, ADTRP, AEBP1, AEBP2, AFAP1L2, AFF2, AFF3, AGAP2, AGBL4, AGER, AGO1, AGO2, AGO3, AGO4, AGRN, AGT, AGTPBP1, AGTR1, AGTR2, AGXT2, AHCYL1, AHDC1, AHI1, AHNAK, AHNAK2, AHR, AHRR, AHSG, AICDA, AIDA, AIFM1, AIM2, AIMP2, AIP, AIRE, AJUBA, AKAP17A, AKAP8L, AKAP9, AKIRIN1, AKIRIN2, AKNA, AKT1, AKT1S1, AKT2, AKTIP, ALAD, ALDH2, ALDOB, ALG10B, ALK, ALKBH1, ALKBH5, ALS2, ALX1, ALX3, ALX4, AMBRA1, AMER1, ANG, ANGEL2, ANGPT1, ANGPT4, ANGPTL8, ANHX, ANKLE1, ANKLE2, ANKRD1, ANKRD17, ANKRD2, ANKRD23, ANKRD31, ANKRD42, ANKRD49, ANKRD54, ANP32B, ANTKMT, ANXA2, ANXA3, ANXA4, ANXA8, ANXA8L1, AP2A1, AP3B1, AP3D1, APAF1, APBB1, APBB2, APBB3, APC, APC2, APCS, APEX1, APH1A, APH1B, APLF, APLN, APLNR, APLP1, APOA1, APOBEC1, APOBEC3A, APOBEC3B, APOBEC3C, APOBEC3D, APOBEC3F, APOBEC3G, APOBEC3H, APOC1, APOD, APOE, APP, AQP1, AQP11, AR, ARAF, ARB2A, AREG, ARF4, ARGFX, ARHGEF11, ARHGEF2, ARHGEF5, ARID1A, ARID1B, ARID2, ARID3A, ARID3B, ARID3C, ARID4A, ARID4B, ARID5A, ARID5B, ARK2N, ARL2, ARL2BP, ARL6IP1, ARL6IP5, ARMCX3, ARNT, ARNT2, ARPP19, ARR3, ARRB1, ARRB2, ARRDC3, ARRDC4, ARX, ASB11, ASB5, ASB9, ASCC1, ASCC2, ASCL1, ASCL2, ASCL3, ASCL4, ASCL5, ASH1L, ASH2L, ASL, ASPH, ASPSCR1, ASS1, ASTL, ASXL1, ASXL2, ASXL3, ATAD2, ATAD2B, ATAD5, ATCAY, ATF1, ATF2, ATF3, ATF4, ATF5, ATF6, ATF6B, ATF7, ATF7IP, ATF7IP2, ATG10, ATG101, ATG13, ATG14, ATG5, ATG7, ATM, ATMIN, ATN1, ATOH1, ATOH7, ATOH8, ATP13A2, ATP1B4, ATP2A3, ATP2B4, ATP5IF1, ATP8B1, ATPSCKMT, ATR, ATRAID, ATRIP, ATRX, ATXN1, ATXN1L, ATXN2, ATXN3, ATXN7, ATXN7L3, AUNIP, AURKA, AURKAIP1, AURKB, AUTS2, AVP, AXIN1, AXIN2, AZIN1, AZIN2, AZU1, BABAM1, BABAM2, BACE1-AS, BACE2, BACH1, BACH2, BAD, BAG2, BAG4, BAG5, BAG6, BAHD1, BAK1, BAMBI, BANK1, BANP, BAP1, BARD1, BARHL1, BARHL2, BARX1, BARX2, BASP1, BATF, BATF2, BATF3, BAX, BAZ1A, BAZ1B, BAZ2A, BAZ2B, BBC3, BBS7, BBX, BCAP31, BCAR3, BCAS3, BCCIP, BCDIN3D, BCKDK, BCL10, BCL11A, BCL11B, BCL2, BCL2L10, BCL2L12, BCL2L13, BCL3, BCL6, BCL6B, BCL7A, BCL7B, BCL7C, BCL9, BCL9L, BCLAF1, BCLAF3, BCOR, BCORL1, BCR, BDKRB1, BDKRB2, BDNF, BEND3, BEND5, BEND6, BEX1, BEX2, BEX3, BEX4, BHLHA15, BHLHA9, BHLHE22, BHLHE23, BHLHE40, BHLHE41, BHMT, BICRA, BICRAL, BID, BIN1, BIRC2, BIRC3, BIRC5, BIRC7, BIRC8, BLID, BLM, BMAL1, BMAL2, BMI1, BMP10, BMP2, BMP4, BMP5, BMP6, BMP7, BMPR1A, BMPR1B, BMPR2, BNC1, BNC2, BOD1, BOK, BOLL, BORA, BORCS8-MEF2B, BPTF, BRAF, BRAT1, BRCA1, BRCA2, BRCC3, BRD1, BRD2, BRD3, BRD4, BRD7, BRD8, BRD9, BRDT, BRF1, BRF2, BRIP1, BRMS1, BRMS1L, BRPF1, BRPF3, BRWD1, BRWD3, BST1, BSX, BTAF1, BTG1, BTG2, BTK, BTRC, BUD23, BUD31, BZW1, BZW2, C14orf39, C1D, C1QBP, C2CD3, C3, C3orf33, C4BPA, C4BPB, C5AR1, C6orf52, C8orf44-SGK3, C8orf88, C9orf72, CAAP1, CAB39, CACNG7, CACTIN, CACUL1, CADM1, CADM4, CALCA, CALCOCO1, CALCR, CALM1, CALM2, CALM3, CALR, CAMK1, CAMK1D, CAMK2A, CAMK2D, CAMK2N1, CAMK2N2, CAMK4, CAMKK2, CAMLG, CAMP, CAMSAP3, CAMTA1, CAMTA2, CAND1, CAND2, CAPN2, CAPN3, CAPRIN1, CAPRIN2, CARD10, CARD11, CARD14, CARD16, CARD18, CARD8, CARD9, CARF, CARHSP1, CARM1, CARTPT, CASC2, CASC3, CASK, CASP1, CASP10, CASP2, CASP3, CASP8, CASP8AP2, CASP9, CASS4, CAST, CASZ1, CAV1, CAV3, CAVIN4, CBFA2T2, CBFA2T3, CBFB, CBL, CBLB, CBLC, CBX1, CBX2, CBX3, CBX4, CBX5, CBX6, CBX7, CBX8, CBY1, CC2D1A, CC2D1B, CCAR1, CCAR2, CCAT1, CCBE1, CCDC117, CCDC124, CCDC22, CCDC62, CCDC85B, CCDC88A, CCDC88C, CCL19, CCL21, CCL5, CCN1, CCNA1, CCNA2, CCNB1, CCNB2, CCNB3, CCNC, CCND1, CCND2, CCND3, CCNE1, CCNE2, CCNF, CCNG1, CCNG2, CCNH, CCNI, CCNI2, CCNJ, CCNJL, CCNK, CCNL1, CCNL2, CCNO, CCNP, CCNQ, CCNT1, CCNT2, CCNY, CCNYL1, CCNYL2, CCNYL3, CCPG1, CCR7, CCT2, CCT3, CCT4, CCT5, CCT6A, CCT7, CCT8, CD109, CD200, CD24, CD274, CD28, CD300A, CD33, CD36, CD38, CD3E, CD4, CD40, CD40LG, CD44, CD47, CD6, CD74, CD80, CD81, CD84, CD86, CDA, CDC14B, CDC20, CDC20B, CDC25A, CDC25C, CDC37, CDC42, CDC5L, CDC6, CDC7, CDC73, CDCA2, CDCA7, CDCA7L, CDH1, CDH13, CDH5, CDK1, CDK11A, CDK11B, CDK12, CDK13, CDK2, CDK20, CDK2AP1, CDK4, CDK5, CDK5R1, CDK5R2, CDK5RAP1, CDK5RAP2, CDK5RAP3, CDK6, CDK7, CDK8, CDK9, CDKN1A, CDKN1B, CDKN1C, CDKN2A, CDKN2B, CDKN2C, CDKN2D, CDKN3, CDON, CDT1, CDX1, CDX2, CDX4, CDY1, CDY1B, CDY2A, CDY2B, CDYL, CDYL2, CEACAM1, CEBPA, CEBPB, CEBPD, CEBPE, CEBPG, CEBPZ, CELA1, CELF1, CELF2, CELF3, CELF4, CELF5, CELF6, CELSR2, CEMIP, CENATAC, CENPE, CENPF, CENPJ, CENPS, CENPX, CEP290, CEP295, CEP43, CEP63, CEP85, CERS1, CFLAR, CGA, CGAS, CGGBP1, CHAC1, CHCHD10, CHCHD2, CHD1, CHD2, CHD3, CHD4, CHD5, CHD6, CHD7, CHD8, CHEK1, CHEK2, CHFR, CHI3L1, CHMP6, CHP1, CHP2, CHRAC1, CHRNA3, CHRNA7, CHRNB2, CHTF18, CHTF8, CHUK, CHURC1, CIAO1, CIART, CIB1, CIC, CIDEA, CIITA, CIPC, CIR1, CIRBP, CITED1, CITED2, CITED4, CIZ1, CKAP2, CKS1B, CKS2, CLCF1, CLDN19, CLDN3, CLDN4, CLEC3B, CLEC6A, CLEC7A, CLIP3, CLK1, CLK2, CLK3, CLK4, CLN3, CLN6, CLN8, CLNS1A, CLOCK, CLSPN, CLTC, CLU, CLYBL, CMKLR1, CNBP, CNDP1, CNEP1R1, CNKSR3, CNOT1, CNOT10, CNOT11, CNOT2, CNOT3, CNOT4, CNOT6, CNOT6L, CNOT7, CNOT8, CNOT9, CNTF, COA3, COL1A1, COL4A3, COMMD1, COMMD6, COMMD7, COP1, COPS2, COPS3, COPS4, COPS5, COPS6, COPS7A, COPS7B, COPS8, COPS9, CORO1C, CPB2, CPEB1, CPEB2, CPEB3, CPEB4, CPHXL, CPHXL2, CR1, CRABP2, CRADD, CRB2, CREB1, CREB3, CREB3L1, CREB3L2, CREB3L3, CREB3L4, CREB5, CREBBP, CREBL2, CREBRF, CREBZF, CREG1, CREM, CRH, CRIPTO, CRK, CRKL, CRLF1, CRLF3, CRNN, CRTAP, CRTC1, CRTC2, CRTC3, CRX, CRY1, CRY2, CRYAB, CRYM, CSDC2, CSDE1, CSF1, CSF1R, CSF2, CSF3, CSH1, CSH2, CSHL1, CSN2, CSNK1A1, CSNK1D, CSNK1E, CSNK2A1, CSNK2A2, CSNK2A3, CSPG4, CSRNP1, CSRNP2, CSRNP3, CSRP3, CST1, CST2, CST3, CST4, CST5, CST7, CSTA, CSTB, CTBP1, CTBP2, CTC1, CTCF, CTCFL, CTDP1, CTDSP1, CTDSP2, CTDSPL, CTDSPL2, CTF1, CTIF, CTNNB1, CTNNBIP1, CTNS, CTR9, CTSA, CTSC, CTSD, CTSH, CTSK, CTSL, CTSS, CTSV, CTSZ, CUL3, CUL4A, CUL4B, CUX1, CUX2, CWC22, CX3CL1, CX3CR1, CXCL10, CXCL8, CXXC1, CXXC5, CYCS, CYFIP1, CYFIP2, CYLD, CYP1B1, CYP51A1, CYREN, CYTL1, DAB2, DAB2IP, DACH1, DACH2, DACT1, DAOA, DAP, DAPK1, DAPK3, DAPL1, DAXX, DAZ1, DAZ2, DAZ3, DAZ4, DAZAP1, DAZL, DBF4, DBF4B, DBI, DBNDD1, DBNDD2, DBP, DBX1, DBX2, DCAF1, DCAF6, DCN, DCP1A, DCP1B, DCP2, DCPS, DCUN1D1, DCUN1D2, DCUN1D3, DCUN1D4, DCUN1D5, DDA1, DDAH1, DDAH2, DDB1, DDIT3, DDIT4, DDN, DDR2, DDRGK1, DDX1, DDX11, DDX17, DDX20, DDX21, DDX25, DDX3X, DDX49, DDX5, DDX54, DDX6, DEAF1, DEDD, DEDD2, DEFB114, DEK, DENND4A, DEPDC1, DEPTOR, DERL1, DESI1, DET1, DFFA, DFFB, DGCR8, DGKQ, DHFR, DHFRP1, DHRS7B, DHX29, DHX33, DHX34, DHX36, DHX9, DIABLO, DICER1, DIMT1, DIO2, DIP2A, DIP2B, DIPK2A, DIRAS3, DIS3, DIS3L2, DISC1, DKC1, DKK1, DKK3, DLC1, DLG1, DLG3, DLG4, DLL1, DLL4, DLX1, DLX2, DLX3, DLX4, DLX5, DLX6, DMAP1, DMBX1, DMD, DMRT1, DMRT2, DMRT3, DMRTA1, DMRTA2, DMRTB1, DMRTC1, DMRTC1B, DMRTC2, DMTF1, DMTN, DNA2, DNAAF4, DNAJA1, DNAJA3, DNAJB1, DNAJB2, DNAJB4, DNAJB6, DNAJC1, DNAJC10, DNAJC17, DNAJC2, DNAJC3, DNAJC30, DND1, DNM1L, DNM2, DNM3OS, DNMT1, DNMT3A, DNMT3B, DNMT3L, DOCK7, DOK7, DOT1L, DPEP1, DPF1, DPF2, DPF3, DPPA3, DPRX, DR1, DRAP1, DRD1, DRD2, DRD4, DRGX, DROSHA, DSCC1, DTL, DTNBP1, DTX1, DTX3L, DUOXA1, DUOXA2, DUS3L, DUSP1, DUSP10, DUSP16, DUSP19, DUSP22, DUSP26, DUSP3, DUSP6, DUSP7, DUX1, DUX3, DUX4, DUX5, DUXA, DUXB, DVL1, DVL2, DVL3, DXO, DYNAP, DYNLL1, DYRK1A, DYRK1B, E2F1, E2F2, E2F3, E2F4, E2F5, E2F6, E2F7, E2F8, E4F1, EAF1, EAF2, EAPP, EBF1, EBF2, EBF3, EBF4, ECD, ECM1, ECSCR, ECT2, EDA, EDA2R, EDF1, EDN1, EDN3, EDNRB, EDRF1, EED, EEF1A1, EEF1A2, EEF2, EEF2K, EEFSEC, EFCAB7, EFEMP1, EFNA1, EFNA3, EFNA5, EGF, EGFR, EGLN1, EGLN2, EGLN3, EGR1, EGR2, EGR3, EGR4, EHD4, EHF, EHMT1, EHMT2, EID1, EID2, EID2B, EID3, EIF1, EIF1B, EIF2A, EIF2AK1, EIF2AK2, EIF2AK3, EIF2AK4, EIF2B2, EIF2B4, EIF2B5, EIF2S1, EIF3B, EIF3C, EIF3D, EIF3E, EIF3H, EIF3K, EIF4A2, EIF4A3, EIF4B, EIF4E, EIF4E1B, EIF4E2, EIF4E3, EIF4EBP1, EIF4EBP2, EIF4EBP3, EIF4ENIF1, EIF4G1, EIF4G2, EIF4G3, EIF4H, EIF5, EIF5A, EIF5A2, EIF5AL1, EIF5B, EIF6, ELANE, ELAVL1, ELAVL2, ELAVL4, ELF1, ELF2, ELF3, ELF4, ELF5, ELK1, ELK3, ELK4, ELL, ELL2, ELL3, ELOA, ELOA2, ELOB, ELOC, ELP1, ELP2, ELP3, ELP4, ELP5, ELP6, EMP2, EMSY, EMX1, EMX2, EN1, EN2, ENC1, ENDOG, ENG, ENO1, ENPP1, ENPP2, ENPP7, ENSA, ENY2, EOMES, EP300, EP400, EPAS1, EPC1, EPC2, EPCAM, EPGN, EPHA1, EPHA4, EPHA5, EPHA7, EPHB2, EPO, EPOP, EPPIN, EPRS1, ERBB2, ERBB4, ERBIN, ERC1, ERCC1, ERCC2, ERCC4, ERCC6, ERCC8, EREG, ERF, ERFL, ERG, ERN1, ERN2, ERP29, ERRFI1, ERV3-1-ZNF117, ESCO1, ESCO2, ESR1, ESR2, ESRP1, ESRP2, ESRRA, ESRRB, ESRRG, ESX1, ETAA1, ETF1, ETS1, ETS2, ETV1, ETV2, ETV3, ETV3L, ETV4, ETV5, ETV6, ETV7, EVX1, EVX2, EWSR1, EXOSC10, EXOSC2, EXOSC3, EXOSC5, EXOSC6, EXOSC7, EXOSC8, EXOSC9, EYA1, EYA2, EYA3, EYA4, EZH1, EZH2, EZR, F12, F2, F2R, F2RL1, F3, F8A1, F8A2, F8A3, FABP1, FABP3, FABP4, FADD, FADS1, FAF1, FAM107A, FAM161A, FAM162A, FAM168A, FAM170A, FAM20A, FAM220A, FAM220BP, FAM50A, FAM83D, FANCB, FANCI, FANCM, FANK1, FAS, FASLG, FASTK, FASTKD1, FASTKD2, FASTKD3, FASTKD5, FAXDC2, FBH1, FBLN1, FBP1, FBXL19, FBXL20, FBXL5, FBXO2, FBXO22, FBXO33, FBXO4, FBXO5, FBXW11, FBXW7, FBXW8, FCGR1A, FCN3, FCRL3, FECH, FER, FERD3L, FERMT2, FETUB, FEV, FEZF1, FEZF2, FGF1, FGF10, FGF16, FGF17, FGF18, FGF19, FGF2, FGF20, FGF21, FGF22, FGF23, FGF3, FGF4, FGF5, FGF6, FGF7, FGF8, FGF9, FGFR1, FGFR2, FGFR3, FGFR4, FGR, FHIT, FHL2, FHL5, FHOD1, FIGLA, FIGNL1, FIRRM, FIS1, FIZ1, FKBP1A, FKBP1B, FKBP8, FKTN, FLCN, FLI1, FLNA, FLOT1, FLOT2, FLT1, FLT3, FLT4, FLYWCH1, FMN2, FMR1, FN1, FNIP1, FNIP2, FNTA, FOS, FOSB, FOSL1, FOSL2, FOXA1, FOXA2, FOXA3, FOXB1, FOXB2, FOXC1, FOXC2, FOXD1, FOXD2, FOXD3, FOXD4, FOXD4L1, FOXD4L3, FOXD4L4, FOXD4L5, FOXD4L6, FOXE1, FOXE3, FOXF1, FOXF2, FOXG1, FOXH1, FOXI1, FOXI2, FOXI3, FOXJ1, FOXJ2, FOXJ3, FOXK1, FOXK2, FOXL1, FOXL2, FOXL3-OT1, FOXM1, FOXN1, FOXN2, FOXN3, FOXN4, FOXO1, FOXO3, FOXO3B, FOXO4, FOXO6, FOXP1, FOXP2, FOXP3, FOXP4, FOXQ1, FOXR1, FOXR2, FOXS1, FPR2, FRK, FRY, FSCB, FSHB, FST, FSTL3, FTO, FUBP3, FURIN, FUS, FXR1, FXR2, FXYD1, FYN, FZD1, FZD2, FZD4, FZD5, FZD6, FZD7, FZD8, FZR1, G3BP2, G6PD, GABARAP, GABARAPL2, GABPA, GABPB1, GABPB2, GADD45A, GAL, GALR1, GALR2, GALR3, GAPDH, GAPDHS, GAS1, GAS6, GATA1, GATA2, GATA3, GATA4, GATA5, GATA6, GATAD1, GATAD2A, GATAD2B, GBA1, GBX1, GBX2, GCFC2, GCG, GCH1, GCHFR, GCK, GCLC, GCM1, GCM2, GCN1, GDF2, GDF6, GDF7, GDNF, GEMIN5, GFAP, GFER, GFI1, GFI1B, GFRA1, GGA1, GGA3, GGNBP2, GH1, GH2, GHR, GHRHR, GIGYF2, GIPC1, GIT1, GJA8, GJC2, GLA, GLG1, GLI1, GLI2, GLI3, GLI4, GLIS1, GLIS2, GLIS3, GLMN, GLMP, GLO1, GLRX2, GMEB1, GMEB2, GMNC, GMNN, GNA12, GNAQ, GNL3, GNL3L, GOLGA2, GOLGB1, GON4L, GPATCH3, GPBP1, GPBP1L1, GPC3, GPD1, GPD1L, GPER1, GPLD1, GPNMB, GPR37, GPRC5A, GPRC5B, GPS1, GPS2, GPX1, GRAMD4, GRB7, GREM1, GRHL1, GRHL2, GRHL3, GRIN1, GRIN2A, GRIN2B, GRIN2C, GRM5, GRN, GRSF1, GSAP, GSC, GSC2, GSK3A, GSK3B, GSKIP, GSN, GSPT1, GSTP1, GSX1, GSX2, GTF2A1, GTF2A1L, GTF2A2, GTF2F1, GTF2F2, GTF2H1, GTF2H2, GTF2H2C, GTF2H2C_2, GTF2H3, GTF2I, GTF2IRD1, GTF2IRD2, GTF2IRD2B, GTPBP1, GTPBP4, GUCA1A, GUCA1ANB-GUCA1A, GUCA1B, GUF1, GZF1, GZMA, GZMB, H1-0, H1-1, H1-10, H1-2, H1-3, H1-4, H1-5, H1-6, H1-7, H1-8, H1-9P, H2AX, H2AZ1, HABP4, HAMP, HAND1, HAND2, HAP1, HAS2, HAS3, HAVCR2, HAX1, HBB, HBEGF, HBP1, HBS1L, HCFC1, HCFC2, HCK, HCLS1, HCRT, HDAC1, HDAC10, HDAC2, HDAC3, HDAC4, HDAC5, HDAC6, HDAC7, HDAC8, HDAC9, HDGF, HDGFL2, HDX, HEATR1, HECTD1, HEG1, HELB, HELQ, HELT, HELZ2, HERC5, HERPUD1, HES1, HES2, HES3, HES4, HES5, HES6, HES7, HESX1, HEXB, HEXIM1, HEXIM2, HEY1, HEY2, HEYL, HFE, HGF, HGS, HHATL, HHEX, HIC1, HIC2, HIF1A, HIF1A-AS2, HIF1AN, HIF3A, HINFP, HINT1, HINT2, HIP1, HIP1R, HIPK2, HIPK3, HIRA, HIVEP1, HIVEP2, HIVEP3, HJV, HLA-DRB1, HLF, HLTF, HLX, HMBOX1, HMCES, HMG20A, HMG20B, HMGA1, HMGA2, HMGB1, HMGB2, HMGB3, HMGB4, HMGCR, HMGN1, HMGN5, HMOX1, HMX1, HMX2, HMX3, HNF1A, HNF1B, HNF4A, HNF4G, HNRNPA0, HNRNPA1, HNRNPA2B1, HNRNPAB, HNRNPC, HNRNPD, HNRNPF, HNRNPH1, HNRNPH2, HNRNPH3, HNRNPK, HNRNPL, HNRNPLL, HNRNPU, HOMEZ, HOPX, HOXA1, HOXA10, HOXA11, HOXA13, HOXA2, HOXA3, HOXA4, HOXA5, HOXA6, HOXA7, HOXA9, HOXB-AS3, HOXB1, HOXB13, HOXB2, HOXB3, HOXB4, HOXB5, HOXB6, HOXB7, HOXB8, HOXB9, HOXC10, HOXC11, HOXC12, HOXC13, HOXC4, HOXC5, HOXC6, HOXC8, HOXC9, HOXD1, HOXD10, HOXD11, HOXD12, HOXD13, HOXD3, HOXD4, HOXD8, HOXD9, HP1BP3, HPN, HPRT1, HPX, HR, HRAS, HRC, HRG, HRURF, HSBP1, HSBP1L1, HSF1, HSF2, HSF4, HSF5, HSFX1, HSFX2, HSFX3, HSFX4, HSFY1, HSFY2, HSP90AA1, HSP90AB1, HSP90B1, HSPA1A, HSPA1B, HSPA2, HSPA5, HSPA8, HSPB1, HSPBP1, HSPD1, HSPE1, HTATIP2, HTR1A, HTR2A, HTR2B, HTRA2, HTT, HUS1, HUWE1, HYAL2, IAPP, IBTK, ICE1, ICE2, ID1, ID2, ID3, ID4, IDE, IER2, IER3, IER5, IFI16, IFI27, IFI6, IFNA1, IFNA10, IFNA13, IFNA14, IFNA16, IFNA17, IFNA2, IFNA21, IFNA4, IFNA5, IFNA6, IFNA7, IFNA8, IFNB1, IFNE, IFNG, IFNGR1, IFNK, IFNL1, IFNW1, IFRD2, IFT52, IFT57, IFT74, IGBP1, IGF1, IGF1R, IGF2, IGF2BP1, IGF2BP2, IGF2BP3, IGFBP3, IGFBP5, IGSF1, IHH, IKBKB, IKBKE, IKBKG, IKZF1, IKZF2, IKZF3, IKZF4, IKZF5, IL10, IL11, IL12A, IL12B, IL13, IL15, IL17A, IL17D, IL17F, IL18, IL18R1, IL18RAP, IL1A, IL1B, IL1R2, IL1RAP, IL2, IL20, IL21, IL22RA2, IL23A, IL23R, IL24, IL25, IL26, IL27RA, IL3, IL31RA, IL33, IL34, IL4, IL4I1, IL5, IL6, IL6R, IL6ST, IL7, IL7R, IL9, ILDR1, ILDR2, ILF2, ILF3, ILK, IMPACT, INAVA, INCA1, ING1, ING2, ING3, ING4, ING5, INHBA, INHBB, INO80, INO80B, INO80C, INO80D, INO80E, INPP5B, INPP5E, INPP5F, INPP5J, INPP5K, INS, INSM1, INSM2, INSR, INTS1, INTS10, INTS11, INTS12, INTS13, INTS14, INTS2, INTS3, INTS4, INTS5, INTS6, INTS7, INTS8, INTS9, IP6K2, IPO5, IPO7, IPPK, IQGAP1, IQGAP3, IRAK1, IRAK2, IRAK3, IREB2, IRF1, IRF2, IRF2BP1, IRF2BP2, IRF2BPL, IRF3, IRF4, IRF5, IRF6, IRF7, IRF8, IRF9, IRGM, IRX1, IRX2, IRX3, IRX4, IRX5, IRX6, ISG15, ISL1, ISL2, IST1, ISX, ITCH, ITGA1, ITGA2, ITGA5, ITGA6, ITGA8, ITGAM, ITGAV, ITGB1BP1, ITGB2, ITGB3, ITGB3BP, ITLN1, ITM2A, ITM2B, ITM2C, ITPKB, IVNS1ABP, IWS1, JADE1, JADE2, JADE3, JAG1, JAK2, JAK3, JARID2, JAZF1, JDP2, JMJD1C, JMJD4, JMJD6, JMJD8, JMY, JPH2, JTB, JUN, JUNB, JUND, JUP, KANK2, KANSL1, KANSL2, KANSL3, KARS1, KAT14, KAT2A, KAT2B, KAT5, KAT6A, KAT6B, KAT7, KAT8, KBTBD8, KCNE2, KCNH2, KCNIP3, KCNK2, KCTD1, KDM1A, KDM1B, KDM2A, KDM2B, KDM3A, KDM3B, KDM4A, KDM4C, KDM4D, KDM5A, KDM5B, KDM5C, KDM5D, KDM6B, KDM7A, KDM8, KDR, KEAP1, KHDC1, KHDC1L, KHDC3L, KHDRBS1, KHDRBS2, KHDRBS3, KHSRP, KIF14, KIRREL1, KIRREL2, KIT, KITLG, KLF1, KLF10, KLF11, KLF12, KLF13, KLF14, KLF15, KLF16, KLF17, KLF18, KLF2, KLF3, KLF4, KLF5, KLF6, KLF7, KLF8, KLF9, KLHL15, KLHL25, KLHL31, KLHL40, KLKB1, KLRC4-KLRK1, KLRK1, KMT2A, KMT2B, KMT2C, KMT2D, KMT2E, KMT5A, KMT5B, KMT5C, KNDC1, KNG1, KPNA1, KPNA2, KPNA6, KRAS, KRBA2, KRBOX1, KRBOX4, KRBOX5, KRT13, KRT17, KSR1, L3MBTL1, L3MBTL2, L3MBTL3, L3MBTL4, LACC1, LACRT, LAMP3, LAMTOR5, LANCL2, LAPTM4B, LAPTM5, LARP1, LARP1B, LARP4, LARP4B, LARP6, LARP7, LAT, LATS1, LATS2, LAX1, LBH, LBHD1, LBX1, LBX2, LCK, LCOR, LCORL, LCP2, LDB1, LDB2, LDLR, LDLRAD3, LEF1, LEFTY1, LEO1, LEP, LEPR, LEUTX, LGALS3, LGALS9, LGMN, LGR4, LHX1, LHX2, LHX3, LHX4, LHX5, LHX6, LHX8, LHX9, LIF, LIG3, LILRA2, LILRA5, LILRB1, LILRB2, LILRB4, LIMCH1, LIMD1, LIME1, LIMK1, LIMK2, LIMS1, LIN28A, LIN28B, LIN37, LIN52, LIN54, LIN9, LIPG, LITAF, LMCD1, LMO1, LMO2, LMO3, LMO4, LMO7, LMX1A, LMX1B, LONP1, LOX, LOXL2, LOXL3, LPAR5, LPCAT1, LPIN1, LPIN2, LPIN3, LRIF1, LRIG2, LRP1, LRP2, LRP4, LRP5, LRP6, LRP8, LRPPRC, LRRC14, LRRFIP1, LRRFIP2, LRRK1, LRRK2, LRRTM3, LSM1, LSM14A, LSM14B, LTF, LUM, LYAR, LYL1, LYN, MACC1, MACROH2A1, MACROH2A2, MAD2L1, MAD2L2, MAEL, MAF, MAF1, MAFA, MAFB, MAFF, MAFG, MAFK, MAGEA1, MAGEA10, MAGEA11, MAGEA12, MAGEA13P, MAGEA2, MAGEA2B, MAGEA3, MAGEA4, MAGEA6, MAGEA8, MAGEA9, MAGEA9B, MAGEB1, MAGEB10, MAGEB16, MAGEB17, MAGEB18, MAGEB2, MAGEB3, MAGEB4, MAGEB5, MAGEB6, MAGEB6B, MAGEC1, MAGEC2, MAGEC3, MAGED1, MAGED2, MAGED4, MAGED4B, MAGEE1, MAGEE2, MAGEF1, MAGEH1, MAGEL2, MAGI2, MAGOH, MAGOHB, MAK, MALAT1, MALSU1, MALT1, MAML1, MAML2, MAML3, MAMLD1, MAMSTR, MAOB, MAP1A, MAP2K1, MAP2K2, MAP2K3, MAP2K4, MAP2K5, MAP2K6, MAP2K7, MAP3K10, MAP3K11, MAP3K12, MAP3K13, MAP3K4, MAP3K5, MAP3K7, MAP4K2, MAPK1, MAPK12, MAPK14, MAPK15, MAPK3, MAPK7, MAPK8, MAPK8IP1, MAPK9, MAPKAP1, MAPKAPK2, MAPKAPK5, MAPRE3, MAPT, MAPT-AS1, MARCHF2, MARCHF6-DT, MARCHF7, MARCO, MARK2, MARS1, MAS1, MASTL, MAVS, MAX, MAZ, MBD1, MBD2, MBD3, MBD3L1, MBD3L2, MBD3L2B, MBD3L3, MBD3L4, MBD3L5, MBIP, MBNL1, MBNL2, MBNL3, MBP, MBTD1, MBTPS2, MC1R, MCIDAS, MCM2, MCM3, MCM4, MCM5, MCM6, MCM7, MCPH1, MCRS1, MDC1, MDFI, MDFIC, MDK, MDM2, MDM4, ME1, ME2, MEAF6, MECOM, MECP2, MED1, MED10, MED11, MED12, MED12L, MED13, MED13L, MED14, MED15, MED16, MED17, MED18, MED19, MED20, MED21, MED22, MED23, MED24, MED25, MED26, MED27, MED28, MED29, MED30, MED31, MED4, MED6, MED7, MED8, MED9, MEF2A, MEF2B, MEF2C, MEF2D, MEFV, MEIOC, MEIOSIN, MEIS1, MEIS2, MEIS3, MEIS3P1, MELTF, MEN1, MEOX1, MEOX2, MEPCE, MESP1, MESP2, MET, METAP1, METTL1, METTL13, METTL14, METTL16, METTL18, METTL23, METTL3, METTL4, METTL5, METTL8, MEX3D, MFHAS1, MFSD2A, MFSD8, MGA, MGAT3, MGAT4D, MGAT5, MGMT, MICAL1, MICAL2, MID2, MIDEAS, MIER1, MIER2, MIER3, MIF, MIF4GD, MINAR1, MIR1-1, MIR100, MIR101-1, MIR103A1, MIR103B1, MIR106A, MIR106B, MIR107, MIR10B, MIR1246, MIR125A, MIR125B1, MIR126, MIR127, MIR1271, MIR128-1, MIR130A, MIR130B, MIR132, MIR133A1, MIR133B, MIR134, MIR135B, MIR137, MIR138-1, MIR140, MIR142, MIR144, MIR145, MIR146A, MIR147A, MIR148A, MIR148B, MIR149, MIR151A, MIR152, MIR153-1, MIR15A, MIR15B, MIR16-1, MIR17, MIR181A2, MIR181B1, MIR181C, MIR181D, MIR182, MIR185, MIR186, MIR18A, MIR190B, MIR191, MIR192, MIR193A, MIR195, MIR199A1, MIR199B, MIR19A, MIR19B1, MIR200B, MIR200C, MIR203A, MIR204, MIR205, MIR206, MIR208A, MIR20A, MIR20B, MIR21, MIR210, MIR211, MIR212, MIR214, MIR217, MIR218-1, MIR219A1, MIR221, MIR223, MIR23A, MIR24-1, MIR26A1, MIR26B, MIR27A, MIR27B, MIR28, MIR298, MIR299, MIR29A, MIR29B1, MIR29C, MIR302A, MIR302C, MIR30B, MIR31, MIR320A, MIR323A, MIR326, MIR329-1, MIR337, MIR339, MIR340, MIR342, MIR345, MIR346, MIR34A, MIR34B, MIR361, MIR365A, MIR373, MIR378A, MIR379, MIR423, MIR424, MIR4286, MIR448, MIR455, MIR483, MIR485, MIR486-1, MIR491, MIR495, MIR497, MIR498, MIR499A, MIR501, MIR503, MIR508, MIR517A, MIR517C, MIR518B, MIR519A1, MIR519D, MIR520B, MIR520C, MIR520E, MIR543, MIR544A, MIR562, MIR564, MIR590, MIR608, MIR6086, MIR613, MIR625, MIR644A, MIR655, MIR659, MIR663A, MIR665, MIR675, MIR708, MIR711, MIR874, MIR877, MIR885, MIR892B, MIR9-1, MIR9-1HG, MIR92A1, MIR93, MIR939, MIR96, MIR98, MIR99B, MIRLET7A1, MIRLET7B, MIRLET7C, MIRLET7E, MIRLET7I, MIS18A, MITF, MIXL1, MKNK1, MKNK2, MKRN2, MKX, MLF1, MLF2, MLH1, MLIP, MLLT1, MLLT10, MLLT11, MLLT3, MLLT6, MLST8, MLX, MLXIP, MLXIPL, MMD, MMD2, MMP12, MMP14, MMP9, MMS19, MN1, MNAT1, MNT, MNX1, MOB1A, MOB1B, MOB2, MOB3A, MOB3B, MOB3C, MORC1, MORC2, MORC3, MORF4L1, MORF4L2, MOSPD1, MOV10, MPHOSPH8, MPV17, MPV17L2, MRE11, MRGBP, MRNIP, MRPL12, MRPL13, MRPS27, MRTFA, MRTFB, MSANTD1, MSC, MSGN1, MSH2, MSH3, MSH6, MSI1, MSI2, MSL1, MSL2, MSL3, MSL3B, MSN, MST1, MST1R, MSTN, MSX1, MSX2, MT3, MTA1, MTA2, MTA3, MTBP, MTCH1, MTCP1, MTDH, MTERF1, MTERF2, MTERF3, MTERF4, MTF1, MTF2, MTG1, MTG2, MTIF2, MTM1, MTOR, MTPN, MTRES1, MTURN, MUC1, MUL1, MUSK, MUSTN1, MVP, MXD1, MXD3, MXD4, MXI1, MYADM, MYB, MYBBP1A, MYBL1, MYBL2, MYC, MYCBP, MYCBP2, MYCL, MYCN, MYD88, MYDGF, MYF5, MYF6, MYH9, MYLIP, MYNN, MYOCD, MYOD1, MYOG, MYOZ1, MYOZ2, MYPOP, MYRF, MYRFL, MYSM1, MYT1, MYT1L, MZF1, N4BP1, N4BP2L2, NAA15, NAA16, NAB1, NAB2, NABP2, NACC1, NACC2, NAF1, NAIP, NAMPT, NANOG, NANOGNB, NANOGP1, NANOGP8, NANOS1, NANOS2, NANOS3, NAT10, NAT14, NBAS, NBN, NCBP1, NCBP2, NCF1, NCK1, NCK2, NCKAP1L, NCL, NCOA1, NCOA2, NCOA3, NCOA4, NCOA5, NCOA6, NCOA7, NCOR1, NCOR2, NCSTN, NDFIP1, NDFIP2, NDN, NDP, NDUFA13, NDUFS4, NEAT1, NECAB1, NECAB2, NECAB3, NEDD4, NEDD4L, NEDD8, NEDD9, NEIL1, NEK10, NEK2, NEK3, NEK4, NEK7, NELFA, NELFB, NELFCD, NELFE, NELL1, NEO1, NEURL1, NEUROD1, NEUROD2, NEUROD4, NEUROD6, NEUROG1, NEUROG2, NEUROG3, NF1, NF2, NFAM1, NFAT5, NFATC1, NFATC2, NFATC2IP, NFATC3, NFATC4, NFE2, NFE2L1, NFE2L2, NFE2L3, NFE4, NFIA, NFIB, NFIC, NFIL3, NFILZ, NFIX, NFKB1, NFKB2, NFKBIA, NFKBIB, NFKBIE, NFKBIL1, NFKBIZ, NFRKB, NFX1, NFXL1, NFYA, NFYB, NFYC, NGDN, NGF, NGFR, NGRN, NHERF1, NHLH1, NHLH2, NHLRC1, NHLRC3, NIBAN1, NIBAN2, NIF3L1, NIPBL, NKAP, NKD1, NKD2, NKRF, NKX1-1, NKX1-2, NKX2-1, NKX2-2, NKX2-3, NKX2-4, NKX2-5, NKX2-6, NKX2-8, NKX3-1, NKX3-2, NKX6-1, NKX6-2, NKX6-3, NLK, NLRC3, NLRC4, NLRC5, NLRP1, NLRP12, NLRP2, NLRP2B, NLRP3, NLRP7, NMD3, NME2, NMI, NMNAT1, NMNAT2, NNMT, NNT, NOBOX, NOC2L, NOCT, NOD1, NOD2, NODAL, NOG, NOL11, NOL3, NOLC1, NONO, NOP53, NORAD, NOS1, NOS1AP, NOS2, NOS3, NOSIP, NOSTRIN, NOTCH1, NOTCH2, NOTCH3, NOTCH4, NOTO, NOVA1, NOVA2, NOX4, NPAS1, NPAS2, NPAS3, NPAS4, NPAT, NPM1, NPM2, NPNT, NPPA, NPPC, NPTN, NQO1, NR0B1, NR0B2, NR1D1, NR1D2, NR1H2, NR1H3, NR1H4, NR1I2, NR1I3, NR2C1, NR2C2, NR2E1, NR2E3, NR2F1, NR2F2, NR2F6, NR3C1, NR3C2, NR4A1, NR4A2, NR4A3, NR5A1, NR5A2, NR6A1, NRARP, NRDC, NRDE2, NRF1, NRG1, NRIP1, NRIP2, NRL, NRP1, NSD1, NSD2, NSD3, NSF, NSMAF, NSMCE1, NSMCE2, NSMCE3, NSMCE4A, NSMF, NSRP1, NSUN2, NSUN3, NSUN5, NT5C3B, NTF3, NTF4, NTN1, NTN3, NTRK1, NTRK2, NTRK3, NTS, NUAK1, NUB1, NUCKS1, NUDT15, NUDT16, NUDT16L1, NUFIP1, NUGGC, NUP62, NUP85, NUP98, NUPR1, NUPR2, NVL, NWD1, NXN, OAS1, OAS2, OAS3, OASL, OAZ1, OAZ2, OAZ3, OBI1, OCLN, ODAM, ODC1, OGFOD1, OGG1, OGT, OLIG1, OLIG2, OLIG3, ONECUT1, ONECUT2, ONECUT3, OOEP, OPHN1, OPRD1, OR7D2, ORC2, ORC3, ORC5, ORMDL1, ORMDL2, ORMDL3, OSBP, OSBPL7, OSM, OSR1, OSR2, OTP, OTUB1, OTUB2, OTUD4, OTUD7B, OTULIN, OTX1, OTX2, OVOL1, OVOL2, OVOL3, OXR1, P2RX4, P2RX7, P2RY1, P3H1, PA2G4, PABIR1, PABPC1, PABPC4, PABPN1L, PACSIN3, PADI6, PAEP, PAF1, PAGE4, PAGR1, PAIP1, PAIP2, PAIP2B, PAK1, PAK2, PAK6, PAN2, PAN3, PANO1, PAOX, PAQR3, PARD3, PARD6A, PARG, PARK7, PARL, PARM1, PARN, PARP1, PARP10, PARP14, PARP15, PARP16, PARP3, PARP4, PARP9, PARPBP, PASD1, PASK, PATL1, PATL2, PATZ1, PAWR, PAX1, PAX2, PAX3, PAX4, PAX5, PAX6, PAX7, PAX8, PAX9, PAXBP1, PAXIP1, PBK, PBRM1, PBX1, PBX2, PBX3, PBX4, PBXIP1, PCBD1, PCBD2, PCBP1, PCBP2, PCBP3, PCBP4, PCGF1, PCGF2, PCGF3, PCGF5, PCGF6, PCID2, PCIF1, PCK1, PCNA, PCSK9, PDCD10, PDCD2, PDCD4, PDCD5, PDCD6, PDCL3, PDE12, PDE2A, PDE3A, PDE4D, PDE8A, PDGFA, PDGFB, PDGFC, PDGFD, PDGFRB, PDIK1L, PDK1, PDK2, PDK3, PDK4, PDLIM1, PDPK1, PDS5A, PDX1, PECAM1, PEF1, PEG3, PELI1, PELI2, PELO, PELP1, PER1, PER2, PER3, PERM1, PERP, PEX14, PF4, PFDN1, PFDN2, PFDN4, PFDN5, PFDN6, PFKFB1, PFKM, PFN1, PFN2, PGAM1, PGBD1, PGF, PGR, PHAX, PHB1, PHB2, PHC1, PHC2, PHC3, PHF1, PHF10, PHF12, PHF13, PHF14, PHF19, PHF2, PHF20, PHF20L1, PHF21A, PHF23, PHF24, PHF5A, PHF6, PHF8, PHIP, PHOX2A, PHOX2B, PIAS1, PIAS2, PIAS3, PIAS4, PIBF1, PICALM, PID1, PIDD1, PIF1, PIH1D1, PIK3CA, PIK3CB, PIK3CG, PIK3R1, PIK3R2, PIK3R3, PIK3R5, PIK3R6, PILRB, PIM1, PIM2, PIN1, PINK1, PINX1, PIP5KL1, PITHD1, PITX1, PITX2, PITX3, PIWIL1, PIWIL2, PIWIL3, PIWIL4, PKD1, PKD2, PKHD1, PKIA, PKIB, PKIG, PKM, PKMYT1, PKN1, PKNOX1, PKNOX2, PKP1, PKP3, PLA2G10, PLA2G1B, PLA2G6, PLAA, PLAC8, PLAG1, PLAGL1, PLAGL2, PLAT, PLAU, PLAUR, PLCB1, PLCG2, PLD1, PLEKHN1, PLGRKT, PLK1, PLK2, PLK3, PLPP3, PLSCR1, PLXNB2, PM20D2, PMAIP1, PMF1, PML, PMS2, PMS2P3, PNKD, PNKP, PNLDC1, PNPT1, POFUT1, POGK, POGZ, POLDIP3, POLE3, POLG2, POLH, POLQ, POLR2A, POLR2G, POLR2K, POLR2L, POLR3C, POLR3F, POLR3G, POMC, POMT1, POMT2, POT1, POU1F1, POU2AF1, POU2AF2, POU2AF3, POU2F1, POU2F2, POU2F3, POU3F1, POU3F2, POU3F3, POU3F4, POU4F1, POU4F2, POU4F3, POU5F1, POU5F1B, POU5F2, POU6F1, POU6F2, PPARA, PPARD, PPARG, PPARGC1A, PPARGC1B, PPEF2, PPHLN1, PPIA, PPID, PPIE, PPM1A, PPM1D, PPM1E, PPM1F, PPP1CA, PPP1R10, PPP1R12A, PPP1R13L, PPP1R14D, PPP1R15A, PPP1R15B, PPP1R16B, PPP1R1B, PPP1R2, PPP1R2B, PPP1R2C, PPP1R2P1, PPP1R7, PPP1R8, PPP1R9B, PPP2CA, PPP2CB, PPP2R1A, PPP2R5A, PPP2R5B, PPP2R5D, PPP3CA, PPP3CB, PPP3R1, PPP4C, PPP4R2, PPP4R3B, PPP4R4, PPP6R1, PPP6R2, PPP6R3, PPRC1, PQBP1, PRAME, PRAMEF1, PRAMEF10, PRAMEF11, PRAMEF12, PRAMEF13, PRAMEF14, PRAMEF15, PRAMEF17, PRAMEF18, PRAMEF19, PRAMEF2, PRAMEF20, PRAMEF22, PRAMEF25, PRAMEF27, PRAMEF33, PRAMEF4, PRAMEF5, PRAMEF6, PRAMEF7, PRAMEF8, PRAMEF9, PRDM1, PRDM10, PRDM11, PRDM12, PRDM13, PRDM14, PRDM15, PRDM16, PRDM2, PRDM4, PRDM5, PRDM6, PRDM7, PRDM8, PRDM9, PRDX3, PRDX5, PRDX6, PRELID1, PRG3, PRICKLE1, PRIM2, PRKAA1, PRKAA2, PRKACA, PRKACB, PRKAG1, PRKAG2, PRKAR1A, PRKAR1B, PRKAR2A, PRKAR2B, PRKCA, PRKCB, PRKCD, PRKCE, PRKCG, PRKCH, PRKCI, PRKCQ, PRKCZ, PRKD1, PRKD2, PRKDC, PRKN, PRKRA, PRKRIP1, PRL, PRLR, PRMT1, PRMT2, PRMT3, PRMT5, PRMT6, PRNP, PROM2, PROP1, PROX1, PROX2, PRPF19, PRPF6, PRR16, PRR5, PRR5L, PRR7, PRRC1, PRRX1, PRRX2, PRSS22, PRSS37, PRX, PRXL2C, PSEN1, PSENEN, PSMA3, PSMA6, PSMB8, PSMB9, PSMC1, PSMC2, PSMC3, PSMC3IP, PSMC4, PSMC5, PSMC6, PSMD1, PSMD10, PSMD14, PSMD2, PSMD3, PSMD9, PSME1, PSME2, PSME3, PSME3IP1, PSMF1, PSPC1, PSRC1, PTAFR, PTBP1, PTBP2, PTBP3, PTCD2, PTCD3, PTCH1, PTEN, PTF1A, PTGES2, PTGES3, PTGIS, PTGS2, PTH, PTK2, PTK2B, PTK6, PTMA, PTMS, PTOV1, PTP4A3, PTPA, PTPN1, PTPN11, PTPN13, PTPN2, PTPN22, PTPN3, PTPN6, PTPRB, PTPRC, PTPRJ, PTPRK, PTPRN, PTPRO, PTPRQ, PTPRT, PTTG1IP, PTX3, PUF60, PUM1, PUM2, PUM3, PURA, PURB, PURG, PUS7, PWP1, PWWP2A, PWWP2B, PXYLP1, PYCARD, PYDC1, PYDC2, PYGO1, PYHIN1, PYM1, QARS1, QKI, QRICH1, QRICH2, RAB1A, RAB1B, RAB38, RAB3GAP1, RAB3GAP2, RAB7A, RAB7B, RABGEF1, RABL3, RAC1, RACK1, RAD17, RAD21, RAD23A, RAD23B, RAD50, RAD51, RAD51AP1, RAD52, RADX, RAF1, RAI1, RALB, RALBP1, RALY, RAMP1, RANBP9, RAP1A, RAP2A, RAP2B, RAP2C, RAPGEF2, RARA, RARB, RARG, RARRES2, RASA1, RASAL2, RASD1, RASD2, RASGRP1, RASIP1, RASL11A, RASSF2, RASSF5, RAX, RAX2, RB1, RB1CC1, RBAK, RBBP4, RBBP6, RBBP7, RBBP8, RBCK1, RBFOX1, RBFOX2, RBFOX3, RBL1, RBL2, RBM10, RBM11, RBM12, RBM12B, RBM14, RBM15, RBM15B, RBM20, RBM22, RBM23, RBM24, RBM25, RBM3, RBM33, RBM38, RBM39, RBM4, RBM42, RBM46, RBM47, RBM4B, RBM5, RBM7, RBM8A, RBMX, RBMXL1, RBMY1A1, RBMY1B, RBMY1C, RBMY1D, RBMY1E, RBMY1F, RBMY1J, RBPJ, RBPJL, RBPMS, RBPMS2, RBX1, RC3H1, RC3H2, RCC1L, RCHY1, RCN3, RCOR1, RCOR2, RCOR3, RD3, RDX, RECK, RECQL5, REL, RELA, RELB, RELN, REPIN1, RERE, RESF1, REST, RET, REXO4, RFC1, RFC2, RFC3, RFC4, RFC5, RFFL, RFPL1, RFPL2, RFPL3, RFPL4A, RFPL4AL1, RFX1, RFX2, RFX3, RFX4, RFX5, RFX6, RFX7, RFX8, RFXANK, RFXAP, RGCC, RGMA, RGMB, RGN, RGP1, RGS14, RGS2, RHBDD1, RHBDD3, RHBDF1, RHEBL1, RHOA, RHOBTB3, RHOG, RHOH, RHOQ, RHOXF1, RHOXF2, RHOXF2B, RIC1, RICTOR, RIDA, RIF1, RIGI, RILP, RING1, RIOK1, RIOK2, RIOX1, RIOX2, RIPK1, RIPK2, RIPK3, RIPK4, RIPPLY1, RIPPLY2, RIPPLY3, RIT2, RITA1, RLF, RLIM, RMI2, RMND1, RN7SK, RNASEL, RNF10, RNF111, RNF128, RNF139, RNF14, RNF141, RNF168, RNF169, RNF180, RNF185, RNF187, RNF19A, RNF2, RNF20, RNF220, RNF25, RNF31, RNF34, RNF4, RNF40, RNF41, RNF6, RNF8, RNFT1, RNFT2, RNPS1, ROBO1, ROCK1, ROCK2, ROPN1, ROPN1B, ROPN1L, ROR1, RORA, RORB, RORC, RPA2, RPAP2, RPL10, RPL11, RPL13A, RPL23, RPL26, RPL38, RPL5, RPL6, RPRD1B, RPS13, RPS14, RPS2, RPS26, RPS27L, RPS3, RPS4X, RPS6KA1, RPS6KA2, RPS6KA3, RPS6KA4, RPS6KA5, RPS6KB1, RPS6KB2, RPS7, RPS9, RPTOR, RPUSD3, RPUSD4, RREB1, RRN3, RRP1B, RRP8, RSF1, RSPO1, RTEL1, RTF1, RTKN2, RTN1, RTN2, RTN3, RTN4, RTRAF, RUNX1, RUNX1T1, RUNX2, RUNX3, RUVBL1, RUVBL2, RWDD3, RXRA, RXRB, RXRG, RYBP, S100A10, S100A11, S100A12, S100A8, S100A9, S1PR1, S1PR2, SAE1, SAFB, SAFB2, SALL1, SALL2, SALL3, SALL4, SAMD1, SAMD11, SAMD4A, SAMD4B, SAMD7, SAMD8, SAMSN1, SAP130, SAP18, SAP25, SAP30, SAP30BP, SAP30L, SARNP, SARS1, SASH1, SATB1, SATB2, SBNO1, SBNO2, SCAF4, SCAF8, SCAI, SCAND1, SCAND2P, SCARB1, SCARB2, SCGB1A1, SCMH1, SCML1, SCML2, SCML4, SCRT1, SCRT2, SCX, SDCBP, SDR16C5, SEBOX, SEC14L2, SEC22B, SECISBP2, SECISBP2L, SELENOS, SELENOT, SEMA4D, SEMA7A, SEMG1, SEMG2, SENP1, SENP2, SENP3, SEPSECS, SEPTIN14P20, SEPTIN4, SERBP1, SERP1, SERPINA1, SERPINA10, SERPINA11, SERPINA12, SERPINA2, SERPINA3, SERPINA4, SERPINA5, SERPINA6, SERPINA7, SERPINA9, SERPINB1, SERPINB10, SERPINB11, SERPINB12, SERPINB13, SERPINB2, SERPINB3, SERPINB4, SERPINB5, SERPINB6, SERPINB7, SERPINB8, SERPINB9, SERPIND1, SERPINE1, SERPINE2, SERPINE3, SERPINF1, SERPINF2, SERPING1, SERPINH1, SERPINI1, SERPINI2, SERTAD1, SERTAD2, SERTAD3, SESN2, SET, SETBP1, SETD2, SETD3, SETD4, SETD5, SETD6, SETD7, SETDB1, SETDB2, SETMAR, SETSIP, SETX, SF1, SF3B1, SF3B3, SF3B4, SF3B5, SFMBT1, SFMBT2, SFN, SFPQ, SFR1, SFRP1, SFRP2, SFRP4, SFRP5, SFSWAP, SGF29, SGK1, SGK3, SGSM3, SGTA, SH2B1, SH2D3A, SH2D3C, SH3BGRL, SH3D19, SH3GL2, SH3RF1, SH3RF2, SH3RF3, SHC1, SHFL, SHH, SHLD1, SHLD2, SHLD3, SHMT1, SHMT2, SHOX, SHOX2, SHQ1, SIAH2, SIGIRR, SIK1, SIM1, SIM2, SIN3A, SIN3B, SINHCAF, SIRPA, SIRT1, SIRT2, SIRT3, SIRT4, SIRT6, SIRT7, SIX1, SIX2, SIX3, SIX4, SIX5, SIX6, SKAP1, SKI, SKIDA1, SKIL, SKOR1, SKOR2, SKP1, SKP2, SLA2, SLC11A1, SLC15A4, SLC1A1, SLC22A2, SLC25A37, SLC2A10, SLC2A13, SLC2A4RG, SLC2A6, SLC30A9, SLC38A2, SLC38A3, SLC39A5, SLC39A8, SLC40A1, SLC4A1, SLC4A4, SLC51B, SLC6A3, SLC6A9, SLC7A11, SLC7A7, SLC8A1, SLC8A2, SLC8A3, SLC9A1, SLCO1C1, SLCO3A1, SLF1, SLF2, SLFN11, SLIRP, SLIT2, SLTM, SLX1A, SLX1B, SLX4, SMAD1, SMAD2, SMAD3, SMAD4, SMAD5, SMAD6, SMAD7, SMAD9, SMARCA1, SMARCA2, SMARCA4, SMARCA5, SMARCAD1, SMARCAL1, SMARCB1, SMARCC1, SMARCC2, SMARCD1, SMARCD2, SMARCD3, SMARCE1, SMC3, SMC5, SMC6, SMCHD1, SMCR8, SMG1, SMG5, SMG6, SMG8, SMO, SMOC2, SMPD1, SMPD3, SMTNL1, SMU1, SMURF1, SMURF2, SMYD1, SMYD2, SMYD3, SNAI1, SNAI2, SNAI3, SNCA, SNF8, SNRNP70, SNTA1, SNW1, SNX12, SNX3, SNX33, SNX5, SNX6, SNX9, SOAT1, SOCS1, SOCS3, SOCS4, SOCS5, SOD1, SOD2, SOHLH1, SOHLH2, SON, SORBS3, SORL1, SOS1, SOST, SOX1, SOX10, SOX11, SOX12, SOX13, SOX14, SOX15, SOX17, SOX18, SOX2, SOX21, SOX3, SOX30, SOX4, SOX5, SOX6, SOX7, SOX8, SOX9, SP1, SP100, SP110, SP140, SP140L, SP2, SP3, SP4, SP5, SP6, SP7, SP8, SP9, SPAG8, SPAG9, SPATC1L, SPDEF, SPDYA, SPEN, SPHK1, SPHK2, SPI1, SPIB, SPIC, SPIDR, SPIN1, SPIN2A, SPIN2B, SPIN3, SPIN4, SPINDOC, SPINK1, SPINK2, SPINK5, SPIRE1, SPIRE2, SPN, SPOCK1, SPOCK2, SPOCK3, SPON1, SPOP, SPOPL, SPP1, SPPL3, SPRED1, SPRED2, SPRTN, SPRY1, SPRY2, SPRY3, SPRY4, SPSB4, SPTBN4, SPTY2D1, SPZ1, SQSTM1, SRA1, SRC, SRCAP, SRCIN1, SREBF1, SREBF2, SRF, SRP9, SRPK1, SRPK2, SRPK3, SRRD, SRRM1, SRRM4, SRRT, SRSF1, SRSF10, SRSF12, SRSF2, SRSF3, SRSF4, SRSF6, SRSF7, SRSF9, SRY, SS18, SS18L1, SSB, SSBP1, SSBP2, SSBP3, SSBP4, SSH1, SSU72, SSU72L1, SSU72L2, SSU72L3, SSU72L4, SSU72L5, SSU72L6, SSX1, SSX2, SSX2B, SSX3, SSX4, SSX4B, SSX5, SSX6P, SSX7, SSX8P, SSX9P, ST18, ST20, STAT1, STAT2, STAT3, STAT4, STAT5A, STAT5B, STAT6, STH, STING1, STK11, STK16, STK3, STK35, STK36, STK38, STK4, STN1, STOX1, STOX2, STPG4, STRA8, STRADA, STRADB, STRAP, STRN3, STUB1, STX5, STYX, STYXL1, SUB1, SUCNR1, SUDS3, SUFU, SUMO1, SUMO2, SUMO4, SUPT16H, SUPT20H, SUPT20HL1, SUPT20HL2, SUPT3H, SUPT4H1, SUPT5H, SUPT6H, SUPT7L, SUPV3L1, SUV39H1, SUV39H2, SUZ12, SVBP, SVIP, SWAP70, SYAP1, SYK, SYNCRIP, SYT14P1, TAB1, TAB2, TACC1, TACO1, TACR3, TADA1, TADA2A, TADA2B, TADA3, TAF1, TAF10, TAF11, TAF11L11, TAF11L12, TAF11L13, TAF11L14, TAF11L2, TAF11L3, TAF11L4, TAF11L7, TAF11L9, TAF12, TAF13, TAF15, TAF1D, TAF1L, TAF2, TAF3, TAF4, TAF4B, TAF5, TAF5L, TAF6, TAF6L, TAF7, TAF8, TAF9, TAF9B, TAFAZZIN, TAGLN3, TAL1, TAL2, TANK, TAOK1, TAOK2, TAOK3, TARBP1, TARBP2, TARDBP, TASOR, TASP1, TAX1BP1, TBC1D10A, TBC1D24, TBC1D7, TBC1D7-LOC100130357, TBK1, TBL1X, TBL1XR1, TBL1Y, TBP, TBR1, TBRG4, TBX1, TBX10, TBX15, TBX18, TBX19, TBX2, TBX20, TBX21, TBX22, TBX3, TBX4, TBX5, TBX6, TBXT, TCEA1, TCEA2, TCEAL7, TCERG1, TCF12, TCF15, TCF20, TCF21, TCF23, TCF24, TCF25, TCF3, TCF4, TCF7, TCF7L1, TCF7L2, TCFL5, TCIM, TCL1A, TCL1B, TCOF1, TCP1, TCP10L, TDG, TDP2, TDRD3, TEAD1, TEAD2, TEAD3, TEAD4, TEF, TEK, TEN1, TENM1, TENM2, TENT2, TENT4A, TENT4B, TENT5A, TENT5B, TENT5C, TENT5D, TERF1, TERF2, TERF2IP, TERT, TESC, TESK1, TESMIN, TET1, TET2, TET3, TEX15, TF, TFAM, TFAP2A, TFAP2B, TFAP2C, TFAP2D, TFAP2E, TFAP4, TFCP2, TFCP2L1, TFDP1, TFDP2, TFDP3, TFE3, TFEB, TFEC, TFIP11, TFPT, TFR2, TFRC, TGFA, TGFB1, TGFB1I1, TGFB2, TGFB3, TGFBR1, TGFBR2, TGFBRAP1, TGIF1, TGIF2, TGIF2LX, TGIF2LY, THAP1, THAP10, THAP11, THAP3, THAP5, THAP7, THBS1, THBS4, THOC1, THOC5, THPO, THRA, THRAP3, THRB, THY1, TIA1, TIAL1, TICAM1, TICAM2, TICRR, TIGAR, TIMELESS, TIMP1, TIMP2, TIMP3, TIMP4, TINF2, TIPARP, TIPIN, TIPRL, TIRAP, TLE1, TLE2, TLE3, TLE4, TLE5, TLE6, TLE7, TLK2, TLR2, TLR3, TLR4, TLR6, TLR7, TLR8, TLR9, TLX1, TLX2, TLX3, TM4SF20, TM9SF2, TMBIM6, TMED10, TMED2, TMEM102, TMEM106A, TMEM119, TMEM132A, TMEM14A, TMEM14B, TMEM14C, TMEM14DP, TMEM14EP, TMEM161A, TMEM168, TMEM259, TMEM9, TMEM98, TMF1, TMIGD3, TMPRSS6, TMSB4X, TMTC3, TMX1, TNF, TNFAIP1, TNFAIP3, TNFRSF10A, TNFRSF10B, TNFRSF11A, TNFRSF14, TNFRSF18, TNFRSF1A, TNFRSF1B, TNFRSF4, TNFSF10, TNFSF11, TNFSF12, TNFSF13, TNFSF15, TNFSF18, TNFSF4, TNFSF8, TNIK, TNIP1, TNIP2, TNIP3, TNK2, TNKS, TNKS1BP1, TNKS2, TNNI2, TNP1, TNP2, TNRC6A, TNRC6B, TNRC6C, TOB1, TOB2, TOLLIP, TOM1L1, TOP2A, TOP2B, TOPORS, TOX, TOX2, TOX3, TOX4, TP53, TP53BP1, TP53INP1, TP53INP2, TP63, TP73, TPD52L1, TPPP, TPR, TPRX1, TPRX2, TPRXL, TPX2, TRA2A, TRA2B, TRABD2A, TRABD2B, TRADD, TRAF1, TRAF2, TRAF3, TRAF3IP1, TRAF3IP2, TRAF4, TRAF5, TRAF6, TRAF7, TRAK1, TRAP1, TRDMT1, TREM2, TRERF1, TREX1, TRIAP1, TRIB1, TRIB2, TRIB3, TRIM11, TRIM13, TRIM14, TRIM15, TRIM16, TRIM2, TRIM21, TRIM22, TRIM24, TRIM25, TRIM26, TRIM27, TRIM28, TRIM29, TRIM3, TRIM31, TRIM32, TRIM33, TRIM34, TRIM37, TRIM38, TRIM39, TRIM40, TRIM44, TRIM5, TRIM52, TRIM58, TRIM6, TRIM62, TRIM65, TRIM67, TRIM68, TRIM71, TRIM8, TRIP11, TRIP4, TRMT10C, TRMT112, TRNAU1AP, TRO, TRPC5, TRPS1, TRPV1, TRPV4, TRRAP, TRUB1, TRUB2, TSC1, TSC2, TSC22D1, TSC22D2, TSC22D3, TSC22D4, TSFM, TSG101, TSHZ1, TSHZ2, TSHZ3, TSLP, TSPAN15, TSPAN17, TSPAN5, TSPO, TSPYL2, TSPYL5, TSSK4, TSTD1, TTBK1, TTC21B, TTC36, TTC5, TTF1, TTN, TULP3, TUT4, TUT7, TWF1, TWIST1, TWIST2, TXK, TXN, TXNIP, TYMS, U2AF2, UACA, UBA2, UBASH3B, UBB, UBE2B, UBE2C, UBE2D1, UBE2D3, UBE2E1, UBE2I, UBE2K, UBE2L3, UBE2N, UBE2S, UBE2V1, UBE2V2, UBE3A, UBP1, UBQLN1, UBQLN2, UBQLN3, UBQLN4, UBR3, UBTF, UBTFL1, UBTFL6, UBXN1, UBXN2A, UCHL1, UCHL5, UCN, UCP1, UFL1, UHMK1, UHRF1, UIMC1, ULK1, UNC119, UNCX, UNK, UPF1, UPF3A, UPF3B, UQCC2, URI1, USF1, USF2, USF3, USP1, USP13, USP14, USP16, USP17L2, USP19, USP2, USP21, USP22, USP25, USP26, USP3, USP36, USP37, USP38, USP4, USP44, USP47, USP5, USP50, USP51, USP7, USP8, USP9X, UTF1, UTP15, UTP4, UVRAG, UXT, VAX1, VAX2, VBP1, VCP, VDR, VEGFA, VEGFB, VEGFC, VEGFD, VENTX, VEZF1, VGLL1, VGLL2, VGLL3, VGLL4, VHL, VIM, VIP, VPS11, VPS25, VPS28, VPS35, VPS72, VRTN, VSIR, VSX1, VSX2, VTN, WAC, WAPL, WARS1, WAS, WASHC1, WASL, WBP1L, WBP2, WBP2NL, WDFY2, WDR43, WDR48, WDR5, WDR75, WDR77, WDR82, WDR91, WDTC1, WEE1, WFS1, WIZ, WNK1, WNK3, WNT1, WNT10B, WNT11, WNT2, WNT3A, WNT4, WNT5A, WNT6, WNT7A, WNT8A, WNT9B, WRAP53, WRN, WRNIP1, WT1, WTAP, WTIP, WWC1, WWC2, WWC3, WWOX, WWP1, WWP2, WWTR1, XBP1, XCL1, XDH, XIAP, XIST, XPC, XPO1, XRCC1, XRCC5, XRCC6, XRN1, YAF2, YAP1, YBX1, YBX2, YBX3, YEATS2, YEATS4, YES1, YLPM1, YTHDC1, YTHDF1, YTHDF2, YTHDF3, YWHAB, YWHAE, YWHAG, YWHAH, YWHAQ, YWHAZ, YY1, YY1AP1, YY2, ZAR1, ZAR1L, ZBED1, ZBED2, ZBED3, ZBED4, ZBED6, ZBTB1, ZBTB10, ZBTB11, ZBTB12, ZBTB14, ZBTB16, ZBTB17, ZBTB18, ZBTB2, ZBTB20, ZBTB21, ZBTB22, ZBTB24, ZBTB25, ZBTB26, ZBTB3, ZBTB32, ZBTB33, ZBTB34, ZBTB37, ZBTB38, ZBTB39, ZBTB4, ZBTB40, ZBTB41, ZBTB42, ZBTB43, ZBTB45, ZBTB46, ZBTB47, ZBTB48, ZBTB49, ZBTB5, ZBTB6, ZBTB7A, ZBTB7B, ZBTB7C, ZBTB8A, ZBTB8B, ZBTB9, ZC3H10, ZC3H12A, ZC3H12D, ZC3H14, ZC3H18, ZC3H4, ZC3H6, ZC3H8, ZC3HAV1, ZC4H2, ZCCHC13, ZCCHC17, ZCCHC4, ZCWPW1, ZDHHC2, ZEB1, ZEB2, ZER1, ZFAND2A, ZFAT, ZFHX2, ZFHX3, ZFHX4, ZFP1, ZFP14, ZFP2, ZFP28, ZFP3, ZFP30, ZFP36, ZFP36L1, ZFP36L2, ZFP37, ZFP41, ZFP42, ZFP57, ZFP62, ZFP64, ZFP69, ZFP69B, ZFP82, ZFP90, ZFP91, ZFP92, ZFPL1, ZFPM1, ZFPM2, ZFTA, ZFX, ZFY, ZFYVE28, ZGLP1, ZGPAT, ZHX1, ZHX2, ZHX3, ZIC1, ZIC2, ZIC3, ZIC4, ZIC5, ZIK1, ZIM2, ZIM3, ZKSCAN1, ZKSCAN2, ZKSCAN3, ZKSCAN4, ZKSCAN5, ZKSCAN7, ZKSCAN8, ZMIZ1, ZMIZ2, ZMPSTE24, ZMYM2, ZMYM5, ZMYND11, ZMYND15, ZMYND8, ZNF10, ZNF100, ZNF101, ZNF107, ZNF112, ZNF114, ZNF117, ZNF12, ZNF121, ZNF124, ZNF131, ZNF132, ZNF133, ZNF134, ZNF135, ZNF136, ZNF138, ZNF14, ZNF140, ZNF141, ZNF142, ZNF143, ZNF146, ZNF148, ZNF154, ZNF155, ZNF157, ZNF16, ZNF160, ZNF165, ZNF169, ZNF17, ZNF174, ZNF175, ZNF177, ZNF18, ZNF180, ZNF181, ZNF182, ZNF184, ZNF189, ZNF19, ZNF195, ZNF197, ZNF2, ZNF20, ZNF202, ZNF205, ZNF208, ZNF211, ZNF212, ZNF213, ZNF214, ZNF215, ZNF217, ZNF219, ZNF22, ZNF221, ZNF222, ZNF223, ZNF224, ZNF225, ZNF226, ZNF227, ZNF229, ZNF23, ZNF230, ZNF232, ZNF233, ZNF234, ZNF235, ZNF236, ZNF239, ZNF24, ZNF248, ZNF25, ZNF250, ZNF251, ZNF253, ZNF254, ZNF256, ZNF257, ZNF26, ZNF260, ZNF263, ZNF264, ZNF266, ZNF267, ZNF268, ZNF273, ZNF274, ZNF275, ZNF276, ZNF28, ZNF280A, ZNF280B, ZNF280C, ZNF280D, ZNF281, ZNF282, ZNF283, ZNF284, ZNF285, ZNF286A, ZNF286B, ZNF287, ZNF292, ZNF296, ZNF3, ZNF30, ZNF300, ZNF302, ZNF304, ZNF311, ZNF316, ZNF317, ZNF318, ZNF319, ZNF32, ZNF320, ZNF322, ZNF324, ZNF324B, ZNF326, ZNF329, ZNF331, ZNF333, ZNF334, ZNF335, ZNF337, ZNF33A, ZNF33B, ZNF34, ZNF341, ZNF343, ZNF345, ZNF347, ZNF35, ZNF350, ZNF354A, ZNF354B, ZNF354C, ZNF355P, ZNF358, ZNF362, ZNF365, ZNF366, ZNF367, ZNF37A, ZNF382, ZNF383, ZNF384, ZNF385A, ZNF391, ZNF394, ZNF395, ZNF396, ZNF397, ZNF398, ZNF404, ZNF407, ZNF408, ZNF41, ZNF410, ZNF414, ZNF415, ZNF416, ZNF417, ZNF418, ZNF419, ZNF420, ZNF423, ZNF425, ZNF426, ZNF429, ZNF43, ZNF430, ZNF431, ZNF432, ZNF433, ZNF436, ZNF438, ZNF439, ZNF44, ZNF440, ZNF441, ZNF442, ZNF443, ZNF444, ZNF445, ZNF446, ZNF449, ZNF45, ZNF451, ZNF454, ZNF460, ZNF461, ZNF462, ZNF467, ZNF468, ZNF469, ZNF470, ZNF471, ZNF473, ZNF479, ZNF48, ZNF480, ZNF483, ZNF484, ZNF485, ZNF486, ZNF487, ZNF488, ZNF490, ZNF491, ZNF492, ZNF493, ZNF496, ZNF497, ZNF500, ZNF501, ZNF502, ZNF503, ZNF506, ZNF507, ZNF510, ZNF511, ZNF512, ZNF512B, ZNF513, ZNF514, ZNF516, ZNF517, ZNF518A, ZNF518B, ZNF519, ZNF521, ZNF524, ZNF525, ZNF526, ZNF527, ZNF528, ZNF529, ZNF530, ZNF532, ZNF534, ZNF536, ZNF540, ZNF541, ZNF542P, ZNF543, ZNF544, ZNF546, ZNF547, ZNF548, ZNF549, ZNF550, ZNF551, ZNF552, ZNF554, ZNF555, ZNF556, ZNF557, ZNF558, ZNF559, ZNF559-ZNF177, ZNF560, ZNF561, ZNF562, ZNF563, ZNF564, ZNF565, ZNF566, ZNF567, ZNF568, ZNF569, ZNF57, ZNF570, ZNF571, ZNF572, ZNF573, ZNF574, ZNF575, ZNF576, ZNF577, ZNF578, ZNF579, ZNF580, ZNF581, ZNF582, ZNF583, ZNF584, ZNF585A, ZNF585B, ZNF586, ZNF587, ZNF587B, ZNF589, ZNF592, ZNF593, ZNF594, ZNF595, ZNF596, ZNF597, ZNF598, ZNF599, ZNF600, ZNF605, ZNF606, ZNF607, ZNF608, ZNF609, ZNF610, ZNF611, ZNF613, ZNF614, ZNF615, ZNF616, ZNF618, ZNF619, ZNF620, ZNF621, ZNF623, ZNF624, ZNF625, ZNF626, ZNF627, ZNF628, ZNF629, ZNF630, ZNF638, ZNF639, ZNF641, ZNF644, ZNF646, ZNF648, ZNF649, ZNF652, ZNF653, ZNF654, ZNF655, ZNF658, ZNF658B, ZNF66, ZNF660, ZNF660-ZNF197, ZNF662, ZNF664, ZNF665, ZNF667, ZNF668, ZNF669, ZNF670, ZNF671, ZNF672, ZNF674, ZNF675, ZNF676, ZNF677, ZNF678, ZNF679, ZNF680, ZNF681, ZNF682, ZNF683, ZNF684, ZNF687, ZNF688, ZNF689, ZNF69, ZNF691, ZNF692, ZNF695, ZNF696, ZNF697, ZNF699, ZNF7, ZNF70, ZNF700, ZNF701, ZNF702P, ZNF703, ZNF704, ZNF705A, ZNF705B, ZNF705D, ZNF705EP, ZNF705G, ZNF706, ZNF707, ZNF708, ZNF709, ZNF71, ZNF710, ZNF711, ZNF713, ZNF714, ZNF716, ZNF717, ZNF718, ZNF721, ZNF722, ZNF723, ZNF724, ZNF726, ZNF726P1, ZNF727, ZNF728, ZNF729, ZNF730, ZNF732, ZNF735, ZNF736, ZNF737, ZNF738, ZNF74, ZNF740, ZNF746, ZNF747, ZNF749, ZNF750, ZNF75A, ZNF75CP, ZNF75D, ZNF76, ZNF761, ZNF763, ZNF764, ZNF765, ZNF765-ZNF761, ZNF766, ZNF768, ZNF77, ZNF770, ZNF771, ZNF772, ZNF773, ZNF774, ZNF775, ZNF776, ZNF777, ZNF778, ZNF780A, ZNF780B, ZNF781, ZNF782, ZNF783, ZNF784, ZNF785, ZNF786, ZNF787, ZNF788P, ZNF789, ZNF79, ZNF790, ZNF791, ZNF792, ZNF793, ZNF799, ZNF8, ZNF80, ZNF800, ZNF805, ZNF808, ZNF81, ZNF813, ZNF814, ZNF816, ZNF818P, ZNF821, ZNF823, ZNF826P, ZNF827, ZNF829, ZNF83, ZNF833P, ZNF835, ZNF836, ZNF837, ZNF84, ZNF840P, ZNF841, ZNF844, ZNF845, ZNF846, ZNF85, ZNF850, ZNF852, ZNF853, ZNF860, ZNF861P, ZNF862, ZNF865, ZNF875, ZNF876P, ZNF878, ZNF879, ZNF880, ZNF883, ZNF888, ZNF891, ZNF892, ZNF90, ZNF91, ZNF92, ZNF93, ZNF98, ZNF99, ZNHIT1, ZNHIT3, ZP3, ZPR1, ZRANB3, ZSCAN1, ZSCAN10, ZSCAN12, ZSCAN16, ZSCAN18, ZSCAN2, ZSCAN20, ZSCAN21, ZSCAN22, ZSCAN23, ZSCAN25, ZSCAN26, ZSCAN29, ZSCAN30, ZSCAN31, ZSCAN32, ZSCAN4, ZSCAN5A, ZSCAN5B, ZSCAN5C, ZSCAN5DP, ZSCAN9, ZSWIM8, ZXDA, ZXDB, ZXDC, ZYG11B, ZZZ3
GO:0051402	neuron apoptotic process	292	4	1.02	0.01907	0.020504291845493558	AARS1, ABL1, ADAM8, ADARB1, ADCY10, ADNP, ADORA2A, AGAP2, AGTR2, AIFM1, AKT1S1, AKT2, ALKBH1, AMBRA1, ANGPT1, APAF1, APP, ARMCX5-GPRASP2, ASCL1, ATF2, ATF4, ATM, ATN1, ATP13A2, AXL, BACE1, BARHL1, BAX, BCL2, BCL2L1, BCL2L11, BDNF, BID, BNIP3, BOK, BRAF, BTG2, CASP10, CASP12, CASP14, CASP2, CASP3, CASP4, CASP5, CASP6, CASP7, CASP8, CASP9, CCL2, CCL3, CCND1, CDC34, CDC42, CDK5, CDK5R1, CEBPB, CFLAR, CHL1, CIT, CITED1, CLCF1, CLN3, CLN8, CLU, CNTF, CNTFR, COL6A1, COL6A2, COL6A3, CORO1A, CPEB4, CRH, CRLF1, CTNNB1, CX3CL1, CX3CR1, DAXX, DDIT3, DIABLO, DIO3, DKK1, DLX1, DNAJC5, DRAXIN, EGLN2, EGLN3, EGR1, ELK1, EN1, EN2, EPHA7, ERBB3, F2R, FADD, FAIM2, FAM162A, FAS, FASLG, FBXO7, FBXW7, FCGR2B, FGF20, FGF8, FOXB1, FOXO3, FOXQ1, FZD1, FZD9, G6PD, GAPDH, GATA3, GBA1, GBE1, GCH1, GCLC, GCLM, GDF5, GDNF, GFRAL, GPI, GPRASP3, GPX1, GRID2, GRIK2, GRM4, GRN, GSK3A, GSK3B, HIF1A, HIPK2, HRAS, HTR2A, HTRA2, HYOU1, IL10, IL27RA, IL6ST, ISL1, ITGA1, JAK2, KCNB1, KCNQ3, KDM2B, KDR, KIF14, KRAS, LGMN, LIG4, MAG, MAP2K4, MAP2K7, MAP3K11, MAP3K12, MAP3K5, MCL1, MDK, MECP2, MEF2C, MIR125B1, MIR15B, MIR181C, MIR195, MIR200A, MIR98, MMP2, MSH2, MT3, MTNR1B, MYB, MYBL2, NAE1, NAIP, NCSTN, NDNF, NDP, NEFL, NES, NF1, NFATC4, NGF, NGFR, NLRP1, NMNAT1, NONO, NPPC, NPR2, NQO1, NR3C1, NR4A2, NRBP2, NRP1, NSMF, NTF3, NTF4, NTRK1, NTRK2, NUPR1, OXR1, PARK7, PARP1, PARP2, PCDHGC3, PCDHGC4, PCDHGC5, PCSK9, PHB1, PIGT, PIK3CA, PINK1, PITX3, PLA2G3, PLXND1, POLB, POU4F1, POU4F3, PPARGC1A, PPT1, PRKCG, PRKCI, PRKN, PRNP, PRODH, PSEN1, PTK2B, PTPRZ1, PYCR1, RAD21, RAPSN, RASA1, RB1, RETREG1, RHOA, RIPK1, ROCK1, SARM1, SCN2A, SEMA3E, SET, SIAH1, SIGMAR1, SIRT1, SIX1, SIX4, SLC1A1, SLC25A27, SNCA, SNCB, SNX6, SOD1, SOD2, SPG11, SRPK2, ST8SIA2, STAMBP, STXBP1, SYNGAP1, TERT, TFAP2A, TFAP2B, TFAP2D, TGFB2, TGFB3, THAP11, THRB, TMBIM4, TMBIM6, TMTC4, TNF, TNFRSF21, TOX3, TP53, TP63, TRAF7, TREM2, TRIM2, TRPC5, TUBA1A, TYRO3, UBB, UBE2M, UCN, UCP2, UNC5B, USP53, VPS54, VSTM2L, WFS1, WNT1, XIAP, XRCC2, ZNF212, ZPR1
GO:0043524	negative regulation of neuron apoptotic process	162	3	0.57	0.01911	0.020504291845493558	AARS1, ADAM8, ADNP, ADORA2A, AGAP2, ALKBH1, AMBRA1, ANGPT1, ARMCX5-GPRASP2, ATF4, AXL, BARHL1, BAX, BCL2, BCL2L1, BDNF, BOK, BRAF, BTG2, CCL2, CCND1, CEBPB, CHL1, CITED1, CLCF1, CLN3, CLN8, CLU, CNTF, CNTFR, CORO1A, CPEB4, CRLF1, CTNNB1, CX3CL1, CX3CR1, DLX1, DNAJC5, DRAXIN, EN1, EN2, ERBB3, F2R, FAIM2, FBXO7, FGF20, FGF8, FOXB1, FOXQ1, FZD1, FZD9, GBA1, GBE1, GCLC, GCLM, GDF5, GDNF, GFRAL, GPI, GPRASP3, GRIK2, GRN, HIF1A, HIPK2, HRAS, HTRA2, HYOU1, IL10, IL27RA, IL6ST, ISL1, JAK2, KDM2B, KDR, KIF14, KRAS, LGMN, LIG4, MAG, MAP2K4, MAP3K12, MDK, MECP2, MEF2C, MIR15B, MIR181C, MIR195, MSH2, MT3, MTNR1B, NAIP, NDNF, NEFL, NES, NFATC4, NGF, NMNAT1, NONO, NPPC, NR4A2, NRBP2, NRP1, NTF3, NTF4, NTRK1, NTRK2, OXR1, PARK7, PCDHGC3, PCDHGC4, PCDHGC5, PIK3CA, PINK1, PLA2G3, PLXND1, POU4F1, PPARGC1A, PPT1, PRKCG, PRKCI, PRKN, PSEN1, PTK2B, PTPRZ1, PYCR1, RAD21, RASA1, RETREG1, RHOA, ROCK1, SEMA3E, SET, SIRT1, SIX1, SIX4, SLC1A1, SLC25A27, SNCA, SNCB, SNX6, SOD1, SOD2, STAMBP, STXBP1, SYNGAP1, TERT, TFAP2B, TFAP2D, TGFB3, THAP11, TMBIM4, TOX3, TYRO3, UCN, UCP2, UNC5B, VPS54, VSTM2L, WFS1, WNT1, XRCC2, ZPR1
GO:0031113	regulation of microtubule polymerization	61	2	0.21	0.01928	0.02051063829787234	ABL1, AKAP9, ANKRD53, ARHGEF7, ARL2, CAMSAP1, CAMSAP2, CAMSAP3, CAV3, CDH5, CDK5R1, CDK5RAP2, CDKN1B, CKAP5, CLASP1, CLIP1, CLIP3, DCTN1, DRG1, DYRK1A, EML2, FES, FKBP4, GBA2, GIT1, HAUS1, HAUS2, HAUS3, HAUS4, HAUS5, HAUS6, HAUS7, HAUS8, HSPA1A, HSPA1B, MAP1B, MAP2, MAPRE1, MAPRE3, MAPT, MECP2, MET, NAV3, NME7, NUMA1, OCLN, PAK1, PDE4DIP, PRUNE1, PSRC1, RAC1, RPS3, SLAIN1, SLAIN2, SLC39A12, SNCA, STMN1, STMN2, TBCD, TOGARAM1, TUBB4A
GO:0048010	vascular endothelial growth factor receptor signaling pathway	61	2	0.21	0.01928	0.02051063829787234	ARNT, AXL, BCAR1, CADM4, CLEC14A, DAB2IP, DLL1, EMILIN1, EPN2, FGF10, FGF18, FGF9, FLT1, FLT4, FOXC1, FOXC2, FYN, FZD4, GRB10, HGS, HHEX, HIF1A, HSPB1, IL1B, ITGA5, ITGB3, KDR, MAPK14, MAPKAPK2, MAPKAPK3, MIR10A, MIR10B, MIR1224, MIR200C, MIR296, MMRN2, MT3, NEDD4, NIBAN2, NRP1, PAK2, PDCD6, PGF, PRKCB, PRKD1, PRKD2, PTK2, PTK2B, PTPN1, ROBO1, SLC31A1, SRC, SULF1, TMEM204, VAV1, VAV2, VEGFA, VEGFB, VEGFC, VEGFD, VTN
GO:0048511	rhythmic process	297	4	1.04	0.02015	0.021328451882845184	A2M, AANAT, ADAMTS1, ADCY1, ADIPOQ, ADNP, ADORA1, ADORA2A, ADRB1, AFP, AGRP, AHR, AMH, ASS1, ATF4, ATF5, ATG7, ATOH7, AXL, BHLHE40, BHLHE41, BMAL1, BMAL2, BMPR1B, BTBD9, BTRC, C3orf70, CA12, CARTPT, CASP2, CASP3, CAVIN3, CBX3, CCAR2, CDK1, CDK5, CDK5R1, CGA, CHRNB2, CIART, CIPC, CLDN4, CLOCK, COL6A1, CREB1, CREBBP, CREM, CRH, CRTC1, CRY1, CRY2, CSF2, CSNK1D, CSNK1E, CSNK2A1, CUL4A, CYP1B1, DBP, DDB1, DDX5, DHX9, DNM1L, DRD2, DRD3, DRD4, DTL, DYRK1A, EGFR, EGR1, EGR3, ENOX1, ENOX2, EP300, EREG, ESR1, EZH2, F7, FBXL17, FBXL21P, FBXL3, FBXW11, FBXW7, FOXO3, FSHB, FSHR, FXR1, FZD4, GABRB1, GAS2, GDF10, GDF9, GFPT1, GHRH, GHRL, GNA11, GNAQ, GPR149, GPR157, GPR176, GRIN3A, GSK3B, HAS2, HCRTR2, HDAC1, HDAC2, HDAC3, HEBP1, HES7, HLF, HNF4A, HNRNPD, HNRNPU, HOMER1, HTR7, HUWE1, ID1, ID2, ID3, ID4, IGF1R, IMPDH2, INHBA, KAT2B, KAT5, KCNA2, KCND2, KCNH7, KDM2A, KDM5A, KDM5B, KDM5C, KDM8, KISS1, KLF10, KLF9, KMT2A, LEP, LGR4, LHCGR, MAGED1, MAGEL2, MAP2K6, MAPK10, MAPK8, MAPK9, MC3R, MDK, METTL3, MMP2, MSTN, MTA1, MTNR1A, MTNR1B, MTOR, MTTP, MYBBP1A, MYCBP2, NAGLU, NAMPT, NCOA1, NCOA2, NCOR1, NCOR2, NDUFA9, NFIL3, NFILZ, NFKB2, NFYA, NGFR, NHLH2, NKX2-1, NLGN1, NMS, NOCT, NONO, NOS2, NOS3, NOTCH1, NPAS2, NPPC, NPR2, NPS, NPY5R, NR0B2, NR1D1, NR1D2, NR1H3, NR2F6, NR5A1, NRIP1, NTRK1, NTRK2, NUDT12, OGT, OPN3, OPN4, OPN5, OPRK1, OPRL1, OXTR, PARP1, PASD1, PCNA, PDE6B, PDGFRA, PER1, PER2, PER3, PGR, PHLPP1, PIWIL2, PLEKHA1, PML, PPARA, PPARG, PPARGC1A, PPP1CA, PPP1CB, PPP1CC, PRKAA1, PRKAA2, PRKCG, PRKDC, PRKG1, PRMT5, PROK2, PROKR1, PROKR2, PROX1, PSPC1, PTEN, PTGDS, PTN, PTPRN, PTX3, RACK1, RAI1, RBM4, RBM4B, RELB, RETN, ROBO2, ROCK2, RORA, RORB, RORC, RPE65, SCAPER, SCN11A, SCN9A, SERPINF1, SETX, SFPQ, SGPL1, SIAH2, SIK1, SIN3A, SIRT1, SIRT6, SLC26A6, SLC6A4, SLIT2, SLIT3, SOX14, SP1, SPSB4, SRC, SREBF1, SRRD, STAT5B, SUV39H1, SUV39H2, TARDBP, TEF, TGFB2, TGFB3, TH, THRAP3, TIMELESS, TNF, TNFAIP6, TNFRSF11A, TOP1, TOP2A, TP53, TPH1, TWIST1, TYMS, TYRO3, UBE3A, USP2, USP7, USP9X, ZFHX3, ZNF830, ZP3, ZPBP2
GO:0048732	gland development	449	5	1.57	0.02027	0.021328451882845184	ABL1, ACADM, ACAT1, ACER1, ACO2, ADA, AIRE, AKT1, AKT2, ALDH1A2, ALDH1A3, ALOX15B, APLN, APOA1, AR, AREG, ARF6, ARHGAP35, ARHGAP5, ARID5B, ARMC5, ASCL1, ASCL3, ASH1L, ASS1, ASXL1, ATF2, ATM, ATP2C2, ATP7A, ATP7B, AURKA, BAAT, BAX, BCL11B, BCL2, BCL2L11, BMP2, BMP4, BMP7, BMPR1A, BRAF, BRCA2, BSX, BTBD7, BTRC, CACNB4, CAD, CADM1, CAPN1, CAV1, CAV3, CCDC39, CCDC40, CCKBR, CCL11, CCNB2, CCND1, CDC42, CDH1, CDK5RAP3, CDKN1B, CDKN1C, CDKN2B, CDO1, CEACAM1, CEBPA, CEBPB, CEBPG, CELA1, CFLAR, CGA, CITED2, CLCN2, CLDN1, COBL, COX2, CPB2, CPS1, CPT1A, CREB1, CRH, CRHR1, CRIP1, CRIPTO, CRKL, CSF1, CSF1R, CSMD1, CSN2, CSN3, CSNK2A2, CTC1, CTNNB1, CTNS, CUL3, CYP19A1, CYP1A1, CYP1B1, CYP7B1, DAG1, DDR1, DEAF1, DKK3, DNAAF1, DRD2, DUT, E2F7, E2F8, EAF2, EDA, EDAR, EDN1, EDNRA, EGF, EGFR, ELF3, ELK1, EPHA2, EPHB3, ERBB4, ERRFI1, ESR1, ESRP2, EXT1, EZH2, FA2H, FADD, FASN, FBXW7, FEM1B, FGF1, FGF10, FGF2, FGF7, FGF8, FGFR1, FGFR2, FGL1, FKBP4, FOXA1, FOXB1, FOXC1, FOXE1, FOXF1, FOXH1, FOXI3, FOXN1, FPGS, FRS2, FRZB, GATA2, GATA3, GATA6, GCM2, GDF7, GFER, GHRH, GHRHR, GJA1, GLI1, GLI2, GLI3, GPAT4, GPX1, GSX1, GUCD1, HAND2, HES1, HESX1, HGF, HIF1A, HIPK2, HK2, HLX, HMGCS2, HNF1A, HNF1B, HNRNPD, HOXA10, HOXA11, HOXA13, HOXA3, HOXA5, HOXA9, HOXB13, HOXB3, HOXB9, HOXD13, HOXD3, HOXD9, HPN, ID2, ID4, IGF2, IGF2R, IGFBP5, IGSF3, IHH, IL10, IL6, INHBB, INSM1, INSR, IQGAP3, IRF6, IRS2, ISL1, ITGA2, JAK2, JARID2, KDM5B, KRT76, LAMA1, LAMA5, LATS1, LBH, LEF1, LHX3, LIMS2, LIPA, LMO4, LRP5, LSR, MAD1L1, MAFB, MAN2A1, MAP2K1, MAP2K2, MAPK1, MAPK3, MDK, MED1, MESP1, MET, MMP2, MPST, MSN, MSX1, MSX2, MTCO2P12, MTX1, NAGLU, NCOA1, NCOR2, NEURL1, NF1, NFIB, NFKB1, NHERF1, NKX2-1, NKX2-3, NKX2-5, NKX2-8, NKX3-1, NME1, NODAL, NOG, NOTCH1, NOTCH2, NOTCH4, NPC1, NPHP3, NR0B1, NR3C1, NR5A1, NRG1, NRG3, NRP1, NTN1, NTN4, OAS2, ONECUT1, ONECUT2, ORAI1, OTC, OTP, OXTR, PAX6, PAX8, PBX1, PCK1, PCK2, PCNA, PCSK1, PCSK9, PDGFA, PDGFRA, PDX1, PGR, PHB2, PHF2, PIK3CA, PITX1, PITX2, PKD1, PKD2, PLAG1, PLXNA1, PLXND1, PML, PNPT1, POLB, POU1F1, POU3F2, PRDX2, PRKCSH, PRL, PRLR, PRMT5, PROP1, PROX1, PSAP, PSAPL1, PSEN1, PTCD2, PTCH1, PTF1A, PTN, PTPN3, PYGO2, RAF1, RAG1, RAP1GAP, RARA, RARG, RB1CC1, RBPJ, RELA, RGN, RHBDD3, RIPK3, ROBO1, RPGRIP1L, RPS15, RPS6KA1, RREB1, RTN4, RXFP1, SALL1, SCRIB, SEC63, SEMA3C, SERPINA10, SERPINA5, SERPINB5, SERPINE2, SERPINF1, SFRP1, SHH, SIX1, SIX3, SIX4, SLC29A1, SLC46A2, SLC6A3, SLC7A5, SMAD2, SMAD3, SMAD4, SMARCB1, SMARCC1, SMO, SNAI2, SOCS2, SOD1, SOD2, SOSTDC1, SOX10, SOX2, SOX3, SOX9, SP3, SRC, SRD5A1, SRF, SRP54, SRSF1, STAT5A, STAT5B, STAT6, STK11, STRA6, SULF1, SULF2, TAF10, TBX1, TBX19, TBX2, TBX3, TCF21, TFCP2L1, TG, TGFA, TGFB1, TGFB2, TGFB3, TGFBR1, TGFBR2, TGFBR3, TGM2, THRA, TNC, TNF, TNFAIP3, TNFRSF11A, TNFSF11, TP63, TPH1, TSPO, TUBB1, TWSG1, TYMS, TYR, UBE3A, UCP2, UGT1A1, UGT1A10, UGT1A7, UGT1A8, UGT1A9, UMPS, UPB1, UPF2, UPRT, USF2, VDR, VEGFA, VTN, WDR77, WLS, WNT1, WNT10A, WNT11, WNT2, WNT3, WNT3A, WNT4, WNT5A, WNT7B, WT1, XBP1, XDH, ZBTB1, ZBTB7B, ZDHHC21, ZIC3, ZMPSTE24, ZNF703
GO:0062207	regulation of pattern recognition receptor signaling pathway	166	3	0.58	0.02037	0.021328451882845184	ACOD1, AKT1, ANKRD17, APPL1, APPL2, ARRB2, ATAT1, AURKB, BANF1, BIRC2, BIRC3, BPIFB1, BRCC3, BTK, C1QBP, CACTIN, CARD8, CAV1, CD14, CD300A, CD300LF, CD36, CGAS, CPTP, CSNK1A1, CYBA, DAB2IP, DDX3X, DDX60, DHX33, DHX58, EIF2AK2, ERBIN, ESR1, F2RL1, FBXL2, FCRL3, FLOT1, GBP2, GBP5, GFI1, GPATCH3, GPR108, GPS2, GRAMD4, HCFC2, HMGB1, HSPA1A, HSPA1B, HSPA8, IFI35, IRAK3, IRF1, IRF4, IRF7, IRGM, ITCH, LBP, LGR4, LILRA2, LILRA4, LRCH4, LRRC14, LTF, LYN, LYPLAL1, MAPK8, MARK4, MAVS, MEFV, MFHAS1, MIR140, MIR146A, MIR149, MIR17, MIR19A, MIR200B, MIR200C, MIR20A, MIR708, MYD88, NAGK, NEK7, NFKBIL1, NINJ1, NLRC3, NLRP2B, NLRP6, NLRX1, NOD2, NOP53, NPLOC4, NR1D1, NR1H3, OASL, OTUD4, PARP1, PCBP2, PDPK1, PELI1, PIK3R1, PJA2, PLCG2, PPP2CA, PPP6C, PRKD1, PRKDC, PTPN22, PTPRS, PUM1, PUM2, PYDC2, PYDC5, RAB7B, RIOK3, RNF125, RNF170, RSAD2, RTN4, S100A8, S100A9, SARM1, SEC14L1, SIRT2, SLC15A2, SLC15A3, SLC15A4, SLC46A2, SMPDL3B, SQSTM1, SRC, STMP1, TARBP2, TASL, TAX1BP1, TICAM2, TIRAP, TKFC, TLR1, TLR4, TLR6, TLR9, TNFAIP3, TREM2, TREML4, TREX1, TRIM11, TRIM15, TRIM3, TRIM31, TRIM32, TSPAN6, TYRO3, UBQLN1, UFD1, USP15, USP17L2, USP50, WDFY1, XIAP, ZCCHC3, ZDHHC12, ZDHHC18, ZDHHC5, ZNRF1, ZNRF4
GO:0035295	tube development	1174	9	4.1	0.02039	0.021328451882845184	AAMP, ABCA12, ABCA3, ABCC8, ABL1, ACAT1, ACE, ACKR3, ACTG1, ACVR1, ACVR2B, ACVRL1, ADA, ADAM12, ADAM15, ADAM7, ADAM8, ADAMTS1, ADAMTS12, ADAMTS16, ADAMTS2, ADAMTS9, ADAMTSL2, ADGRA2, ADGRB1, ADGRB2, ADGRB3, ADGRF5, ADGRG1, ADIPOR2, ADM, ADM2, ADRA2B, ADTRP, AGGF1, AGO1, AGO2, AGR2, AGT, AGTR1, AGTR2, AHI1, AIMP1, AIMP2, AKR1B1, AKT1, AKT3, ALDH1A2, ALOX5, ALX4, AMBRA1, AMOT, AMOTL1, AMOTL2, ANG, ANGPT1, ANGPT2, ANGPT4, ANGPTL3, ANGPTL4, ANGPTL6, ANPEP, ANXA1, ANXA2, ANXA3, AP3B1, APAF1, APELA, APLN, APLNR, APOB, APOD, APOE, APOH, APOLD1, AQP1, AQP11, AQP2, AR, AREG, ARG2, ARHGAP22, ARHGAP24, ARHGAP35, ARID2, ARL13B, ASB2, ASB4, ASCL1, ASS1, ASXL1, ATF2, ATOH8, ATP2B4, ATP5F1B, ATP5IF1, ATP6AP2, ATP7A, ATRX, ATXN1L, B4GALT1, BAG6, BAK1, BASP1, BAX, BBS4, BBS5, BBS7, BCAS3, BCL10, BCL2, BCL2L11, BMI1, BMP2, BMP4, BMP5, BMP7, BMPER, BMPR1A, BMPR2, BRCA1, BRD2, BRIP1, BSG, BTG1, BTRC, C1GALT1, C2CD3, C3, C3AR1, C5AR1, CALB1, CALCRL, CALD1, CAMP, CARD10, CASP3, CASP8, CASR, CAT, CAV1, CAV3, CBFA2T2, CBY1, CC2D2A, CCBE1, CCDC103, CCDC134, CCDC39, CCDC40, CCKBR, CCL11, CCL2, CCL24, CCM2, CCN1, CCN2, CCN3, CCN6, CCR2, CCR3, CD160, CD24, CD34, CD40, CD47, CDC42, CDH13, CDH2, CDH5, CDK20, CDKN1A, CDX2, CEACAM1, CEBPA, CECR2, CELA1, CELSR1, CEMIP2, CEP290, CER1, CHD7, CHD8, CHI3L1, CHRD, CHRNA7, CIB1, CIMAP3, CITED1, CITED2, CLCN2, CLDN18, CLDN5, CLEC14A, CLIC4, CLMP, CLUAP1, CMA1, CNMD, COBL, COL15A1, COL18A1, COL27A1, COL2A1, COL3A1, COL4A1, COL4A2, COL4A3, COL6A1, COL8A1, COL8A2, COMP, CPS1, CREB1, CREB3L1, CRH, CRIPTO, CRISPLD2, CRKL, CRLF1, CSF1, CSF1R, CSMD1, CSNK2B, CSPG4, CTHRC1, CTNNB1, CTNNBIP1, CTNS, CTSH, CTSZ, CUL7, CX3CL1, CX3CR1, CXCL10, CXCL13, CXCL17, CXCL8, CXCR2, CXCR3, CXCR4, CYBB, CYP1A1, CYP1A2, CYP1B1, CYSLTR1, DAB2IP, DACT1, DACT2, DAG1, DCHS1, DCN, DDAH1, DDR1, DEAF1, DLC1, DLG1, DLG5, DLL1, DLL4, DNAAF1, DPPA4, DVL1, DVL2, DVL3, DZIP1L, E2F2, E2F7, E2F8, ECE1, ECM1, ECSCR, EDA, EDAR, EDN1, EDN2, EDNRA, EDNRB, EFEMP2, EFNA1, EFNA3, EFNB2, EGF, EGFL7, EGFR, EGLN1, EGR3, EIF2AK3, EIF4G1, ELK1, ELK3, EMC10, EMILIN1, EMILIN2, EMP2, EMX2, EN1, ENG, ENPEP, EP300, EPAS1, EPB41L5, EPCAM, EPGN, EPHA1, EPHA2, EPHA4, EPHA7, EPHB1, EPHB2, EPHB3, EPHB4, EPN1, EPN2, ERAP1, ERBB2, EREG, ERRFI1, ESM1, ESR1, ESRP2, ETS1, ETV2, EXT1, EYA1, F3, FAP, FASLG, FBXW7, FER, FERD3L, FGF1, FGF10, FGF18, FGF2, FGF6, FGF7, FGF8, FGF9, FGFBP1, FGFR1, FGFR2, FKBP10, FKBP8, FKBPL, FLNA, FLT1, FLT4, FMN1, FMNL3, FN1, FOLR1, FOSL2, FOXA1, FOXB1, FOXC1, FOXC2, FOXD1, FOXE1, FOXF1, FOXF2, FOXH1, FOXJ1, FOXJ2, FOXL1, FOXN1, FOXN4, FOXO4, FOXP1, FUT1, FUZ, FZD1, FZD2, FZD3, FZD4, FZD5, FZD6, FZD8, GAB1, GADD45A, GATA2, GATA3, GATA4, GATA5, GATA6, GBX2, GDF11, GDF2, GDF7, GDNF, GHRL, GHSR, GJA1, GJA5, GJB1, GJB2, GJB5, GJC1, GLI1, GLI2, GLI3, GLMN, GLUL, GNA13, GPC3, GPLD1, GPNMB, GPR15, GPR161, GPR4, GPX1, GREB1L, GREM1, GRHL2, GRHL3, GRN, GSC, GTF2I, GZF1, HAND1, HAND2, HAS2, HDAC5, HDAC7, HDAC9, HECA, HEG1, HES1, HES5, HESX1, HEY1, HEY2, HEYL, HGS, HHEX, HHIP, HIF1A, HIF1AN, HIF3A, HIKESHI, HIPK1, HIPK2, HK2, HLA-G, HLX, HMGA2, HMGCS2, HMOX1, HNF1B, HOPX, HOXA1, HOXA11, HOXA13, HOXA3, HOXA5, HOXA7, HOXB13, HOXB3, HOXB7, HOXD11, HOXD13, HPGD, HPSE, HRG, HS2ST1, HS3ST3A1, HS3ST3B1, HS6ST1, HSD11B1, HSPB1, HSPB6, HSPG2, HTATIP2, HTN1, HYAL1, ID1, ID2, IFT122, IFT140, IFT172, IFT25, IFT52, IFT57, IGFBP5, IHH, IL10, IL12A, IL12B, IL13, IL17F, IL18, IL1A, IL1B, IL6, IL6ST, ILK, ING2, INHBB, INTU, IRX1, IRX2, IRX3, ISL1, ISM1, ITGA2B, ITGA3, ITGA5, ITGAV, ITGAX, ITGB1, ITGB1BP1, ITGB3, ITGB6, ITGB8, ITPK1, JAG1, JAK1, JAM3, JCAD, JMJD6, JMJD8, JUNB, JUP, KAT2A, KAT5, KCNQ1, KDM2B, KDM5B, KDR, KIF18A, KIF20B, KIF26B, KIT, KLF2, KLF4, KLF5, KLHL3, KLK3, KRAS, KRIT1, KRT1, LAMA1, LAMA5, LBX1, LDLR, LEF1, LEP, LEPR, LGR4, LGR5, LHCGR, LHX1, LHX2, LHX3, LIAS, LIF, LIPA, LMO4, LOX, LOXL2, LOXL3, LRG1, LRP1, LRP2, LRP5, LTA4H, LTBP3, LUZP1, LZTS2, MAGED1, MAN1A2, MAN2A1, MAP2K1, MAP2K2, MAP2K5, MAP3K3, MAPK1, MAPK14, MAPK3, MAPK7, MARCKS, MCAM, MDK, MECP2, MED1, MED12, MEF2C, MEGF8, MEIS1, MEOX2, MESP1, MET, MFGE8, MIA3, MIB1, MICAL2, MINAR1, MINAR2, MIR1-1, MIR101-1, MIR106B, MIR10A, MIR10B, MIR1224, MIR125A, MIR125B1, MIR126, MIR1298, MIR130A, MIR132, MIR137, MIR138-1, MIR143, MIR145, MIR146A, MIR149, MIR150, MIR153-1, MIR15A, MIR15B, MIR16-1, MIR17, MIR17HG, MIR181B1, MIR185, MIR188, MIR18A, MIR1908, MIR193A, MIR196A1, MIR199A1, MIR199B, MIR19A, MIR19B1, MIR200B, MIR200C, MIR205, MIR206, MIR20A, MIR20B, MIR21, MIR210, MIR212, MIR214, MIR217, MIR22, MIR221, MIR222, MIR2355, MIR23A, MIR24-1, MIR26A1, MIR27A, MIR27B, MIR296, MIR29A, MIR29B1, MIR29C, MIR30A, MIR30B, MIR30C1, MIR30E, MIR31, MIR320A, MIR329-1, MIR342, MIR34A, MIR34B, MIR34C, MIR361, MIR375, MIR377, MIR378A, MIR410, MIR424, MIR451A, MIR483, MIR487B, MIR492, MIR494, MIR495, MIR497, MIR503, MIR505, MIR640, MIR885, MIR92A1, MIR939, MIR99B, MIRLET7A1, MIRLET7B, MIRLET7F1, MIRLET7G, MIXL1, MKKS, MKS1, MME, MMP12, MMP14, MMP19, MMP2, MMRN2, MSX2, MTDH, MTHFD1, MTHFD1L, MTHFR, MTSS1, MYC, MYDGF, MYH9, MYLK, MYO18B, MYO1E, MYOCD, NAA15, NAGLU, NAXE, NCL, NDNF, NDP, NDRG4, NF1, NFATC3, NFATC4, NFE2L2, NFIA, NFIB, NGFR, NIBAN2, NINJ1, NIPBL, NKIRAS1, NKIRAS2, NKX2-1, NKX2-2, NKX2-3, NKX2-5, NKX2-6, NKX2-8, NKX3-1, NKX3-2, NODAL, NOG, NOS3, NOTCH1, NOTCH2, NOTCH3, NOTCH4, NOTO, NOX1, NOX5, NPHP3, NPNT, NPPB, NPPC, NPR1, NPR2, NPR3, NPRL3, NPY, NR2E1, NR2F2, NR3C1, NR4A1, NRARP, NRCAM, NRP1, NRP2, NTN1, NTRK2, NUP133, NUS1, ODAD4, OPA1, OR10J5, OSR1, OTC, OTULIN, OVOL2, OXTR, PAK1, PAK4, PANK2, PARVA, PAX2, PAX6, PAX8, PAXIP1, PBX1, PCSK5, PDCD10, PDCD6, PDCL3, PDE3B, PDGFA, PDGFC, PDGFRA, PDGFRB, PDPK1, PDPN, PDX1, PERCC1, PF4, PFN1, PGF, PGK1, PGR, PHACTR4, PHB2, PHEX, PHF14, PHGDH, PIK3C2A, PIK3CA, PIK3CB, PIK3CD, PIK3CG, PIK3R3, PIK3R6, PITX2, PKD1, PKD2, PKDCC, PKHD1, PKM, PKNOX1, PLCD3, PLCG1, PLK2, PLOD3, PLXDC1, PLXNA2, PLXNA4, PLXNB2, PLXND1, PML, PODXL, POFUT1, POU3F3, PPARG, PPP1CA, PPP1R16B, PPP3R1, PRCP, PRDM1, PRICKLE1, PRKACA, PRKACB, PRKCA, PRKCB, PRKD1, PRKD2, PRKX, PRL, PROK1, PROK2, PROM1, PROX1, PRRX1, PSEN1, PTCH1, PTGES3, PTGIS, PTGS2, PTK2, PTK2B, PTK6, PTK7, PTPN6, PTPRB, PTPRJ, PTPRM, PXDN, PYY, QKI, RAB3A, RALA, RAMP1, RAMP2, RAP1A, RAPGEF2, RAPGEF3, RARA, RARB, RARG, RARRES2, RASA1, RASIP1, RB1, RBBP9, RBM15, RBP4, RBPJ, RBPMS2, RC3H2, RCN3, RDH10, REC8, RECK, RELA, RET, RGCC, RGMA, RHOA, RHOB, RHOJ, RIN2, RLN2, RNF207, RNF213, RNF220, RNH1, ROBO1, ROBO2, ROBO4, ROCK1, ROCK2, RORA, RPGRIP1L, RPL13A, RPS7, RRAS, RSPO2, RSPO3, RUNX1, RXFP1, RYR2, S100A1, S100A7, S1PR1, SALL1, SALL4, SARS1, SASH1, SAT1, SAV1, SCAPER, SCG2, SCRIB, SCT, SDC1, SDC4, SDCCAG8, SEC24B, SELENON, SEMA3C, SEMA3E, SEMA4A, SEMA4C, SEMA5A, SEMA6A, SERPINE1, SERPINE2, SERPINF1, SERPINF2, SETD2, SETDB2, SFRP1, SFRP2, SFRP5, SFTPD, SGCD, SGPL1, SH2D2A, SHB, SHC1, SHH, SHOX2, SIM1, SIM2, SIRT1, SIRT6, SIX1, SIX2, SIX4, SKI, SLC12A2, SLC12A6, SLC1A1, SLC22A1, SLC22A6, SLC23A1, SLC31A1, SLC39A12, SLC4A2, SLC7A11, SLIT2, SMAD1, SMAD2, SMAD3, SMAD4, SMAD5, SMAD6, SMAD7, SMO, SMOC2, SMPD3, SOS1, SOSTDC1, SOX10, SOX11, SOX17, SOX18, SOX4, SOX8, SOX9, SP1, SP100, SP3, SPARC, SPATA2, SPDEF, SPHK1, SPINK5, SPINT1, SPINT2, SPRED1, SPRY1, SPRY2, SRC, SREBF1, SRF, SRPK2, SRPX2, SRSF6, SSBP3, ST14, STAB1, STAB2, STARD13, STAT1, STAT3, STIL, STIM1, STK3, STK4, STK40, STOX1, STRA6, SUFU, SULF1, SYK, SYNJ2BP, TAB1, TACSTD2, TAFA5, TAL1, TBC1D20, TBC1D32, TBX1, TBX18, TBX2, TBX20, TBX3, TBX4, TBX5, TBX6, TBXA2R, TCAP, TCF21, TCTN1, TEAD2, TEK, TERT, TFAP2B, TGFA, TGFB1, TGFB2, TGFB3, TGFBI, TGFBR1, TGFBR2, TGFBR3, TGM2, THBS1, THBS2, THBS4, THRA, THRB, THSD7A, THY1, TIE1, TIGAR, TIMELESS, TIPARP, TJP1, TLR3, TLR9, TMED2, TMEM100, TMEM107, TMEM215, TMEM38B, TMEM59L, TMIGD1, TMIGD2, TNC, TNF, TNFAIP2, TNFAIP3, TNFRSF12A, TNFSF12, TNMD, TNN, TNNI3, TP63, TP73, TRAF4, TRAF6, TRIM71, TSC1, TSC2, TSPAN12, TSPAN18, TTC8, TULP3, TWIST1, TYMP, TYMS, UBB, UBP1, UMOD, UNC5B, VANGL2, VASH1, VASH2, VASP, VAV2, VAV3, VDR, VEGFA, VEGFB, VEGFC, VEGFD, VEZF1, VPS4B, VPS52, VSTM4, WARS1, WARS2, WASF2, WDPCP, WDR19, WDR48, WNK1, WNK4, WNT1, WNT11, WNT2, WNT2B, WNT3A, WNT4, WNT5A, WNT6, WNT7A, WNT7B, WNT9B, WT1, WWTR1, XBP1, XDH, YAP1, YIPF6, YJEFN3, ZC3H12A, ZEB1, ZFP36L1, ZFPM2, ZIC3, ZMIZ1, ZNF304, ZNF354C, ZNF358
GO:0009166	nucleotide catabolic process	167	3	0.58	0.02069	0.021432926829268294	ABCD1, ACAT1, ACOT7, ACTN3, ADA, ADPGK, ALDOA, ALDOB, ALDOC, AMPD3, APP, ARL2, BPGM, CBFA2T3, CNP, COL6A1, DCTPP1, DDIT4, DERA, DHTKD1, DNPH1, DPYD, DPYS, DUT, EIF6, ENO1, ENO2, ENO3, ENO4, ENTPD4, ENTPD5, ENTPD7, EP300, FBP1, FHIT, FITM2, FKRP, FLCN, FOXK1, FOXK2, GALK1, GAPDH, GAPDHS, GCK, GDA, GIT1, GPD1, GPI, HDAC4, HIF1A, HINT1, HK1, HK2, HK3, HKDC1, HPRT1, HTR2A, IER3, IFNG, IGF1, INS, INSR, ITPA, JMJD8, KAT2B, LDHA, LIPA, MBD4, MLST8, MLXIPL, MLYCD, MTOR, NCOR1, NEIL1, NEIL2, NT5C, NT5C1A, NT5C1B, NT5C2, NT5E, NT5M, NTHL1, NUDT10, NUDT11, NUDT12, NUDT13, NUDT15, NUDT16, NUDT17, NUDT18, NUDT19, NUDT3, NUDT4, NUDT4B, NUDT7, NUDT8, NUDT9, NUPR1, OGDH, OGDHL, OGG1, OGT, P2RX7, PDE10A, PDE1A, PDE2A, PDE4A, PDE4B, PDE4C, PDE4D, PDE5A, PDE7A, PDE7B, PDE8A, PDE8B, PDE9A, PFKFB1, PFKFB2, PFKL, PFKM, PFKP, PGAM1, PGAM2, PGAM4, PGK1, PGK2, PGM1, PKLR, PKM, PNP, PPARA, PPP2CA, PRKAA1, PRKAA2, PRKACA, PRKAG1, PRKAG2, PRKAG3, PRXL2C, PSEN1, RPTOR, SAMHD1, SARM1, SIRT6, SLC2A6, SLC4A1, SLC4A4, SMUG1, STAT3, SUCLA2, SUCLG1, SUCLG2, TDG, TIGAR, TPI1, TREX1, TYMP, UCP2, UNG, UPB1, UPP1, UPP2, VCP, VNN1, XDH, ZBTB20, ZBTB7A
GO:0040008	regulation of growth	618	6	2.16	0.02072	0.021432926829268294	ABL1, ACACB, ACTN3, ACVR1B, ACVRL1, ADAM10, ADAM15, ADAM17, ADCY10, ADIPOR1, ADNP, ADRB1, ADRB2, ADRB3, AFG3L2, AGR2, AGRN, AGT, AGTR1, AGTR2, AKAP6, AKT1, ALOX15B, ANAPC2, APOE, APP, AR, ARHGAP4, ARHGEF11, ARMC12, ARX, ATAD3A, ATP8A2, ATRN, AVP, AVPR1A, BAP1, BARHL2, BASP1, BBS2, BBS4, BCAR1, BCL11A, BCL2, BCL2L1, BCL2L11, BCL6, BDKRB1, BDNF, BLTP1, BMP10, BMPR1A, BMPR2, BNIPL, BRAT1, BRCA1, BST2, BTG1, C8orf44-SGK3, CACNA2D2, CACNG7, CAMK2D, CAPN3, CAPRIN2, CAV3, CCAR2, CCDC85B, CCN3, CCNB2, CD38, CDA, CDC42, CDC73, CDH1, CDH4, CDHR2, CDK1, CDK11A, CDK11B, CDK5, CDKL3, CDKL5, CDKN1A, CDKN1B, CDKN2A, CDKN2AIP, CDKN2C, CDKN2D, CEACAM1, CEP43, CGA, CGRRF1, CHD7, CHPT1, CIB1, CISH, CITED2, CLSTN1, CLSTN3, COL14A1, COLQ, CPNE5, CPNE6, CPNE9, CRABP2, CREB1, CRKL, CRLF3, CRYAB, CSF1, CSH1, CSH2, CSHL1, CSNK2A1, CSNK2A3, CTDP1, CTTN, CXCL12, CXCL16, CXCR4, CYFIP1, CYP27B1, DAB2, DACT3, DCAF1, DCBLD2, DCC, DCSTAMP, DCUN1D3, DCUN1D5, DDR1, DDX3X, DDX49, DERL2, DIO3, DIP2B, DISC1, DLL1, DNAJB2, DNM2, DNPH1, DRAXIN, DRD2, DSCAM, DUSP10, DUSP6, EAF2, EBAG9, EDN1, EFNA5, EGFR, EGLN2, EI24, EIF4G1, EIF4G2, ENO1, ENPP1, EPHA7, EPPK1, ERBB2, ERBB4, ESR2, EXOSC2, EXOSC4, EXOSC9, EXTL3, EZR, F2, FAM107A, FBP1, FGF13, FGF2, FGF20, FGF8, FGF9, FGFR1, FGFR2, FGFR3, FHL1, FLVCR1, FN1, FOSL2, FOXC1, FOXC2, FOXP1, FOXS1, FRZB, FSTL4, FTO, FXN, G6PD, GAMT, GAP43, GATA6, GDF15, GDF2, GDF5, GDF9, GDI1, GH1, GH2, GHR, GHRH, GHRHR, GHRL, GHSR, GJA1, GJD4, GLI1, GNG4, GOLGA4, GPAM, GPAT4, GPC3, GPR21, GREM1, GSK3A, GSK3B, H3-3A, H3-3B, H3-5, HBEGF, HDAC3, HDAC6, HDGFL2, HEY2, HIF1A, HLX, HNF1B, HNF4A, HOPX, HOXB13, HPN, HRG, HSPA1A, HSPA1B, HTRA2, HYAL1, HYAL2, IFRD1, IGF1, IGF2, IGFBP1, IGFBP3, IGFBP4, IGFBP5, IGFBP7, IGFBPL1, IHH, IL17RB, IL2, IL7, IL9, ING1, ING4, ING5, INHBA, INO80, INS, INSR, IP6K2, ISLR2, IST1, ITCH, ITSN2, JADE1, JADE2, JADE3, JARID2, KAT7, KAZALD1, KCNK2, KDM2B, KIAA0319, KIF14, KIF26A, KLHL22, KRT17, L1CAM, LAMTOR1, LAMTOR2, LATS1, LATS2, LEP, LGI1, LGMN, LIMK1, LMX1A, LPAR3, LRP12, LTBP4, MACF1, MAD2L2, MAEL, MAG, MAP1B, MAP2, MAP2K5, MAP3K13, MAPK11, MAPK14, MAPKAP1, MAPT, MBD5, MEAF6, MECP2, MEF2C, MEG3, MEGF8, MFSD2A, MINAR1, MIR1-1, MIR17HG, MIR199A1, MIR199B, MIR19A, MIR19B1, MIR200B, MIR204, MIR208A, MIR222, MIR25, MIR29B1, MIR509-1, MIR548C, MIR590, MIR873, MKKS, MLST8, MMP14, MSTN, MSX1, MT1A, MT1B, MT1E, MT1F, MT1G, MT1H, MT1M, MT1X, MT2A, MT3, MTM1, MTOR, MTPN, MUC12, MUL1, MUSK, MYCBP2, MYH6, MYL2, MYOCD, MYOD1, MYOZ1, N6AMT1, NAIF1, NANOS1, NCBP1, NDRG3, NDUFA13, NDUFS3, NEDD4L, NET1, NGF, NIPBL, NKX2-5, NKX6-1, NME6, NOG, NOTCH1, NPM1, NPPB, NPPC, NPR1, NPY1R, NRCAM, NRG3, NRP1, NTN1, NUBP1, OGFR, OLFM1, OSGIN1, OSGIN2, OSTN, PABIR1, PAFAH1B1, PAK4, PAK5, PAPPA2, PARP2, PEX5, PHB1, PI16, PIK3CA, PIM1, PLAA, PLAC8, PLCB1, PLS1, PLXNA3, PLXNA4, PML, PNPT1, POU3F2, POU4F2, PPARA, PPARD, PPIB, PPM1F, PPP1R9B, PPP2CA, PPP2R1A, PPT1, PRDM11, PRKCB, PRKCQ, PRKN, PRLH, PROX1, PRR5, PRSS2, PSMD10, PSRC1, PTCH1, PTCH2, PTEN, PTK2B, PTK6, PTPRJ, PTPRS, PUM2, RAB21, RACK1, RAG2, RAI1, RASAL1, RASGRP2, RB1, RBBP7, RBP4, RBPJ, RERG, RFTN1, RGMA, RGS2, RGS4, RICTOR, RIMS1, RIMS2, RND2, RNF157, RNF6, ROS1, RPS6KA1, RPS6KA3, RPS6KB1, RPTOR, RTN4, RTN4R, RUFY3, RUNX1, RYK, S100A8, S100A9, SASH3, SAV1, SCGB3A1, SDCBP, SELENOP, SEMA3A, SEMA3B, SEMA3C, SEMA3D, SEMA3E, SEMA3F, SEMA3G, SEMA4A, SEMA4B, SEMA4C, SEMA4D, SEMA4F, SEMA4G, SEMA5A, SEMA5B, SEMA6A, SEMA6B, SEMA6C, SEMA6D, SEMA7A, SERP1, SERPINE2, SERTAD2, SERTAD3, SESN2, SFN, SFRP1, SFRP2, SGK1, SGK2, SGK3, SGPL1, SH3BP4, SHTN1, SIN3A, SIPA1, SIX1, SIX4, SLC23A2, SLC25A33, SLC44A4, SLC6A3, SLC6A4, SLC9A1, SLIT1, SLIT2, SLIT3, SMAD3, SMAD4, SMAD7, SMARCA2, SMARCA4, SMO, SMURF1, SOCS2, SOCS6, SOD1, SOX15, SOX17, SPAAR, SPAG9, SPART, SPHK1, SPHK2, SPOCK1, SPP1, SPTBN4, SRF, ST20, ST7L, STAT3, STAT5A, STAT5B, STC2, STK11, STK3, STK4, SUPV3L1, SYT1, SYT14P1, SYT17, SYT2, SYT3, SYT4, TAF9B, TAOK2, TBX2, TBX20, TBX5, TCHP, TEAD1, TFCP2L1, TGFB1, TGFB2, TGFBR1, TGFBR3, TKT, TLE5, TLL2, TMEM196, TMEM97, TMPRSS4, TNC, TNR, TOMM70, TP53, TP53TG5, TP73, TRIM32, TRIM40, TRIM46, TRPC5, TRPV2, TSG101, TSPYL2, TTL, TWF2, UCN, ULK1, ULK2, UNC13A, URI1, USP47, VEGFA, VGLL4, VIL1, VPS54, WFDC1, WFS1, WNT11, WNT2, WNT3, WNT3A, WNT5A, WRN, WT1, WWC1, WWC2, WWC3, YAP1, YBX3, YY1, ZFPM2, ZFYVE27, ZMPSTE24, ZNF639, ZP3, ZPR1
GO:0009968	negative regulation of signal transduction	1381	10	4.83	0.02096	0.021432926829268294	AATF, ABCA7, ABL1, ABL2, ACAA2, ACE2, ACKR3, ACOD1, ACP4, ACTN3, ACVR1, ADA, ADAM17, ADAMTS12, ADAMTSL2, ADAR, ADGRA2, ADGRG3, ADIPOQ, ADIPOR1, ADM, ADRB2, AGT, AGTR2, AHSG, AIDA, AIM2, AJUBA, AKT1, AKT1S1, ALPK2, AMBP, AMER1, AMER2, AMFR, ANKRD6, APC, APC2, APCDD1, APCDD1L, APELA, APLN, APLNR, APLP1, APOA1, APOD, APOE, APPL1, AR, ARG1, ARHGAP12, ARHGAP24, ARHGAP25, ARHGAP35, ARHGAP42, ARHGAP44, ARHGEF2, ARID4A, ARID4B, ARMC10, ARR3, ARRB1, ARRB2, ARRDC1, ARRDC3, ASAH2, ASH1L, ASPN, ASXL1, ATAD5, ATF3, ATF4, ATF6B, ATM, ATP2B4, ATXN3, AURKB, AVP, AXIN1, AXIN2, AZI2, BAG5, BAK1, BAMBI, BANF1, BANK1, BARX1, BAX, BCL2, BCL2L1, BCL2L2, BCL3, BCL6, BCL9L, BDKRB2, BDNF, BECN2, BEND6, BFAR, BICC1, BICD1, BID, BIRC6, BIRC7, BMAL1, BMI1, BMP2, BMP4, BMP5, BMP7, BMPER, BMT2, BOK, BPIFB1, BRAP, BRCA1, BRMS1, BRMS1L, BTN2A2, BTRC, C12orf43, C1QBP, C1QL4, C1QTNF3, C3orf33, C8orf44-SGK3, CAAP1, CACTIN, CADM1, CADM4, CALR, CARD16, CARD19, CARD8, CASC2, CASP8, CASTOR1, CASTOR2, CASTOR3P, CAV1, CAV2, CAV3, CAVIN3, CBFA2T2, CBL, CBLB, CBLC, CBY1, CCAR2, CCDC125, CCDC22, CCDC3, CCDC88C, CCL5, CCN3, CCNC, CD109, CD160, CD22, CD2AP, CD300A, CD300LF, CD3E, CD44, CD46, CD74, CDC34, CDH2, CDH3, CDK20, CDK3, CDK5RAP3, CDKN2D, CEACAM1, CER1, CFLAR, CGAS, CGNL1, CHAC1, CHD8, CHMP6, CHP1, CHRD, CHRDL1, CHRDL2, CHRNA10, CHST11, CIB1, CIDEA, CILP, CISH, CIT, CITED1, CLEC12B, CLOCK, CLU, CNKSR3, CNOT1, CNOT2, CNOT7, CNOT9, COL2A1, CPNE1, CPTP, CREB3, CREB3L1, CRHBP, CRIM1, CRTC3, CRY1, CRY2, CRYBA1, CSF2, CSK, CSNK1A1, CSNK1A1L, CSNK1E, CSNK2A1, CSNK2A2, CTDSPL2, CTH, CTHRC1, CTNNA1, CTNNB1, CTNNBIP1, CTNND1, CTTN, CUL3, CX3CL1, CX3CR1, CXCL12, CXCL8, CXXC4, CYLD, CYP26A1, CYP26B1, CYP26C1, CYP7B1, CYRIB, DAB1, DAB2, DAB2IP, DACT1, DACT2, DACT3, DAG1, DAND5, DCN, DCST1, DDIAS, DDIT3, DDIT4, DDIT4L, DDRGK1, DDX3X, DEFB114, DEFB118, DEPDC5, DEPTOR, DGKD, DGKG, DGKZ, DHRS3, DHX58, DICER1, DKK1, DKK2, DKK3, DKK4, DKKL1, DLC1, DLG1, DLG5, DLK1, DLK2, DLL1, DLL3, DLL4, DLX1, DLX2, DNAJA1, DNAJB9, DRAXIN, DRD2, DRD3, DUSP1, DUSP10, DUSP13B, DUSP16, DUSP19, DUSP2, DUSP22, DUSP26, DUSP29, DUSP3, DUSP4, DUSP5, DUSP6, DUSP7, DUSP8, DUSP9, DYRK1A, DYRK2, DYRK3, ECM1, EFNA1, EGFL7, EGFR, EGR1, EID2, EIF4E2, ELF1, ELL3, EMD, EMILIN1, ENDOG, ENO1, ENPP1, ENTREP1, EPHA2, EPHA4, EPHB2, EPM2A, EPN2, EPO, ERBB3, ERBIN, ERRFI1, ESR1, EYA1, EYA2, EYA3, EYA4, EZH2, EZR, F2RL1, FAIM, FAIM2, FAM89B, FBLN1, FBN1, FBN2, FBP1, FBXL2, FBXO7, FBXW7, FCGR2B, FCRL3, FERMT1, FGA, FGB, FGF10, FGF2, FGF9, FGG, FHL2, FIGNL1, FKBP1A, FKTN, FLCN, FNIP1, FOXH1, FOXM1, FOXO1, FOXO3, FOXP1, FRMD8, FRMD8P1, FRZB, FST, FSTL3, FSTL4, FUZ, FXN, FYN, FZD1, FZD6, FZD9, G3BP1, GAS6, GATA1, GATA2, GATA3, GATA4, GBA1, GBP1, GBP7, GCLC, GCLM, GDF15, GDF3, GDNF, GFRAL, GGNBP2, GHITM, GIGYF2, GIPR, GLG1, GLI1, GLI3, GLIS2, GNAI2, GPATCH3, GPC1, GPC3, GPD1L, GPER1, GPR108, GPR155, GPR161, GPR21, GPR37L1, GPRASP1, GPRC5A, GPS2, GPX1, GRAMD4, GRB10, GRB14, GREM1, GREM2, GRINA, GRK2, GRK3, GRM5, GSC, GSK3A, GSK3B, GSTP1, GTF2H2, H2BC11, HACD3, HAPSTR1, HDAC1, HDAC2, HDAC3, HDAC7, HECW1, HEG1, HELLS, HERC4, HERPUD1, HEY1, HEY2, HEYL, HGF, HGS, HHEX, HHIP, HIC1, HIF1A, HIF1AN, HIPK2, HIPK3, HJV, HLA-G, HMGB2, HMGXB4, HMOX1, HOMER2, HOMER3, HRG, HSPA1A, HSPA1B, HSPA5, HSPA8, HSPB1, HTR1B, HTR2B, HTRA1, HTRA2, HTRA3, HTRA4, HTT, HYAL2, HYOU1, ICAM1, IER3, IFI35, IFI6, IFT122, IFT172, IFT80, IGBP1, IGF1, IGF1R, IGFBP1, IGFBP2, IGFBP3, IGFBP4, IGFBP5, IGFBP6, IGSF1, IL10, IL12A, IL12B, IL17RD, IL19, IL1A, IL1B, IL1R2, IL1RN, IL36RN, IL6, IL7, ING1, ING2, INPP5A, INPP5D, INPP5E, INPP5F, INPP5K, INPPL1, INS, INSIG1, INSIG2, INTS9, INVS, IRAK3, IRF4, IRGM, IRS1, ISG15, ISL1, ITCH, ITFG2, ITGA1, ITGA3, ITGA6, ITGAV, ITGB1, ITGB1BP1, ITPR1, ITPRIP, IVNS1ABP, JADE1, KANK1, KANK2, KBTBD6, KBTBD7, KCTD10, KCTD13, KCTD21, KCTD6, KDM1A, KICS2, KIF26A, KIF7, KLHL31, KLK14, KPTN, KREMEN1, LACRT, LAPTM5, LATS1, LATS2, LAX1, LBH, LDLRAD4, LEMD2, LEMD3, LEPROT, LEPROTL1, LFNG, LGALS3, LGMN, LGR4, LIF, LILRA2, LILRA4, LILRB4, LIMD1, LITAF, LMBR1L, LMNA, LMO3, LONP1, LPAR1, LPXN, LRP1, LRP2, LRP4, LRPAP1, LRRC14, LRRK2, LTBP1, LTF, LYN, LYPLAL1, LZTR1, LZTS2, MAD2L1BP, MAD2L2, MAGEA1, MAGEA3, MAGI2, MAP2K3, MAP2K5, MAPK14, MAPK3, MAPK7, MAPK8IP1, MAPK8IP2, MAPKAP1, MAPKAPK5, MAPKBP1, MARCHF7, MARK3, MARVELD3, MAVS, MAZ, MCC, MCL1, MDFI, MDK, MDM2, MECOM, MEFV, MEGF8, MEIS3, MEN1, MESP1, MET, METTL3, MFHAS1, MFN2, MGRN1, MICOS10-NBL1, MIF, MINAR1, MIOS, MIR1-1, MIR100, MIR101-1, MIR103A1, MIR106A, MIR107, MIR1224, MIR125A, MIR125B1, MIR1271, MIR130A, MIR132, MIR133A1, MIR133B, MIR135A1, MIR138-1, MIR140, MIR142, MIR145, MIR146A, MIR149, MIR152, MIR15A, MIR15B, MIR16-1, MIR17, MIR181A2, MIR181B1, MIR185, MIR18A, MIR195, MIR199A1, MIR199B, MIR19A, MIR19B1, MIR200B, MIR200C, MIR203A, MIR204, MIR205, MIR206, MIR20A, MIR21, MIR210, MIR214, MIR218-1, MIR221, MIR222, MIR223, MIR23A, MIR24-1, MIR26A1, MIR26B, MIR27A, MIR27B, MIR29A, MIR29B1, MIR29C, MIR302B, MIR302C, MIR30C2, MIR323A, MIR329-1, MIR340, MIR342, MIR34A, MIR34B, MIR34C, MIR361, MIR365A, MIR372, MIR373, MIR375, MIR376C, MIR424, MIR449A, MIR483, MIR497, MIR498, MIR503, MIR508, MIR519A1, MIR519D, MIR520C, MIR564, MIR573, MIR665, MIR708, MIR766, MIR874, MIR885, MIR9-1, MIR92A1, MIR92B, MIR93, MIR98, MIR99A, MIRLET7A1, MIRLET7B, MIRLET7C, MIRLET7E, MIRLET7F1, MIRLET7G, MKRN2, MLLT3, MMP12, MMP14, MMP9, MMRN2, MNT, MOSMO, MPIG6B, MPV17L, MRAP, MRAP2, MSTN, MTM1, MTMR4, MTNR1B, MTOR, MUC1, MUL1, MVP, MYADM, MYC, MYOC, MYOCD, MYOZ1, MYOZ2, NAIP, NANOS3, NBL1, NCK1, NCK2, NCL, NCLN, NCOA5, NCOR1, NCOR2, NDRG2, NDRG4, NDUFA13, NDUFS3, NECAB2, NEDD4, NEURL1, NEUROD1, NF1, NF2, NFATC4, NFE2L2, NFKBIA, NFKBIL1, NGFR, NHERF1, NHERF4, NIBAN2, NKD1, NKD2, NKIRAS1, NKIRAS2, NKX2-1, NKX2-5, NKX3-1, NLK, NLRC3, NLRC5, NLRP12, NLRP2, NLRP2B, NLRP3, NLRP6, NLRX1, NME5, NMI, NOC2L, NOD2, NODAL, NOG, NOL3, NOMO1, NOMO3, NONO, NOP53, NOS3, NOTCH1, NOTUM, NPC1, NPHP3, NPHP4, NPLOC4, NPPA, NPRL2, NPRL3, NR0B1, NR1D1, NR1H2, NR1H3, NR1H4, NR4A2, NRARP, NRP1, NRROS, NUP62, NXN, OAS1, OAS3, OGT, ONECUT1, ONECUT2, OPA1, OPRL1, OPTN, OTOP1, OTUD3, OTUD4, OTUD5, OTUD7B, OVOL2, P2RX7, PADI2, PAFAH1B1, PAK1IP1, PAK5, PALM, PALM3, PAQR3, PARK7, PARL, PARP1, PARP14, PAWR, PBK, PBLD, PCBP2, PCGF2, PDCD4, PDCD6, PDE10A, PDE11A, PDE2A, PDE3A, PDE3B, PDE4B, PDE4D, PDPK1, PDX1, PEA15, PEBP1, PEG10, PELI3, PER1, PF4, PFDN5, PHACTR4, PHB1, PHB2, PHF14, PHIP, PHLDA3, PHLPP1, PHPT1, PIAS2, PIAS4, PIBF1, PID1, PIH1D1, PIK3CB, PIK3IP1, PIK3R2, PIN1, PINK1, PIP4K2A, PIP4K2B, PIP4K2C, PKHD1, PLAUR, PLCL2, PLEK, PLEKHA1, PLIN5, PMEPA1, PPARA, PPARG, PPEF2, PPIA, PPIF, PPM1A, PPM1B, PPM1N, PPP1R10, PPP1R15A, PPP1R15B, PPP2CA, PPP2CB, PPP2R1A, PPP3CA, PPP6C, PRAME, PRAP1, PRDM14, PRDM15, PRDM16, PRDX2, PRELID1, PRICKLE1, PRKAA1, PRKAA2, PRKACA, PRKACB, PRKCB, PRKCD, PRKCQ, PRKCZ, PRKDC, PRKN, PRMT1, PRNP, PRR5L, PSCA, PSEN1, PSMD10, PSME3, PTCH1, PTCH2, PTEN, PTGIR, PTGS2, PTPN1, PTPN12, PTPN18, PTPN2, PTPN22, PTPN3, PTPN6, PTPRC, PTPRD, PTPRE, PTPRJ, PTPRO, PTPRR, PTPRS, PTPRT, PTPRU, PTTG1IP, PVRIG, PXDN, PYCARD, PYCR1, PYDC1, PYDC2, PYDC5, QARS1, RAB7A, RAB7B, RABGEF1, RACK1, RAF1, RANBP9, RASA2, RASA3, RASA4, RASA4B, RASAL1, RASAL3, RASIP1, RASL11B, RASSF2, RB1, RB1CC1, RBBP4, RBBP7, RBMS3, RBPMS2, RBX1, RCAN1, RELA, RFFL, RGS1, RGS10, RGS11, RGS12, RGS13, RGS14, RGS16, RGS17, RGS18, RGS19, RGS2, RGS20, RGS21, RGS22, RGS3, RGS4, RGS5, RGS6, RGS7, RGS7BP, RGS8, RGS9, RGS9BP, RHOA, RHOH, RIOK3, RIPK1, RIPOR2, RITA1, RNF113A, RNF115, RNF125, RNF126, RNF149, RNF152, RNF167, RNF170, RNF213, RNF34, RNF43, ROBO1, RORA, RPGRIP1L, RPH3AL, RPS6KA1, RPS6KA6, RPS6KB1, RRM2B, RRN3, RTKN2, RUBCN, RUNX2, RUVBL2, SAG, SAMHD1, SAP130, SAP30, SAP30L, SARM1, SCAI, SCG2, SCRT2, SCYL2, SDHAF2, SEC13, SEC14L1, SEH1L, SELENOS, SEMA6A, SERPINB3, SERPINE1, SERPINE2, SESN1, SESN2, SESN3, SFRP1, SFRP2, SFRP4, SFRP5, SGK3, SH2B3, SH2D1A, SH3BP1, SH3BP4, SH3RF1, SH3RF2, SHANK2, SHH, SHISA2, SHISA3, SHISA6, SIAH2, SIGIRR, SIN3A, SINHCAF, SIRPA, SIRT1, SIRT2, SIRT3, SKI, SKIL, SKOR1, SKOR2, SLA2, SLAMF1, SLC24A4, SLC25A31, SLC25A4, SLC25A5, SLC25A6, SLC27A4, SLC2A10, SLC35C1, SLC35F6, SLC39A8, SLIT2, SLIT3, SMAD4, SMAD5, SMAD6, SMAD7, SMARCA4, SMIM30, SMPD1, SMPDL3B, SMURF1, SMURF2, SNAI1, SNAI2, SNCA, SNIP1, SNX13, SNX25, SNX6, SOCS1, SOCS2, SOCS3, SOCS4, SOCS5, SOCS6, SOCS7, SOD2, SORL1, SOST, SOSTDC1, SOX10, SOX13, SOX17, SOX2, SOX30, SOX9, SPAAR, SPART, SPI1, SPINK1, SPRED1, SPRED2, SPRED3, SPRY1, SPRY2, SPRY3, SPRY4, SQSTM1, SRC, SRMS, SSTR4, STAMBP, STAP1, STAT1, STAT2, STK11, STK3, STK38, STK4, STMN1, STMN3, STRADB, STRAP, STRN3, STUB1, STYXL2, SUDS3, SUFU, SULF1, SULF2, SYNGAP1, SYNJ2BP, SYVN1, SZT2, TAF9, TAF9B, TANK, TAOK3, TARBP2, TAX1BP1, TAX1BP3, TBC1D10C, TBC1D7, TBC1D7-LOC100130357, TBK1, TBX18, TBX20, TCF21, TCF7L2, TCIM, TERT, TET1, TGFB2, TGFB3, TGFBR1, TGFBR3, THBS1, THY1, TKFC, TLE1, TLE2, TLE3, TLE4, TLE5, TLE6, TLE7, TLR4, TLR6, TLR9, TMBIM1, TMBIM6, TMED2, TMEM127, TMEM131L, TMEM14A, TMEM161A, TMEM170B, TMEM196, TMEM53, TMEM64, TMEM88, TMEM88B, TMPRSS6, TMSB4X, TNF, TNFAIP1, TNFAIP3, TNFAIP6, TNFAIP8L1, TNIP1, TNIP3, TNN, TNS2, TOB1, TP53, TP63, TPBG, TPBGL, TPT1, TRABD2A, TRABD2B, TRAIP, TRAP1, TREM2, TREX1, TRIAP1, TRIB1, TRIM11, TRIM15, TRIM31, TRIM32, TRIM33, TRIM39, TRIM40, TRIM59, TRIM60, TRIM67, TRIM72, TSC1, TSC2, TSG101, TSKU, TSPAN15, TSPAN6, TTLL12, TULP3, TWIST1, TWSG1, TXNDC12, TYRO3, UACA, UBAC2, UBASH3A, UBASH3B, UBE2B, UBE2D1, UBE2D3, UBE2N, UBE2W, UBE3A, UBQLN1, UBQLN2, UBR1, UBR2, UCHL1, UCMA, UFD1, UFL1, ULK3, UNC5B, URI1, USP10, USP15, USP18, USP20, USP47, USP7, VASN, VCP, VDAC2, VEPH1, VGLL4, VHL, VPS11, VPS18, VPS25, VRK3, VWC2, VWC2L, WDR24, WDR59, WDR91, WFIKKN1, WFIKKN2, WFS1, WIF1, WNK2, WNT1, WNT11, WNT16, WNT4, WNT5A, WTIP, WWC1, WWC2, WWC3, WWOX, WWP2, WWTR1, XBP1, XDH, XIAP, YAP1, YBX3, YJU2, YTHDF2, YTHDF3, YWHAB, YWHAG, YWHAZ, ZBTB7A, ZC3H12A, ZC3HC1, ZDHHC12, ZDHHC18, ZFYVE28, ZGPAT, ZMYND11, ZNF366, ZNF385A, ZNF451, ZNF536, ZNF592, ZNF653, ZNF675, ZNRF3, ZNRF4
GO:0021545	cranial nerve development	64	2	0.22	0.02109	0.021432926829268294	ACKR3, ADARB1, ATOH7, ATP8B1, CHD7, CHRNB2, CITED2, CNGB1, CTNNB1, DCANP1, DRGX, EGR2, EPHB1, EPHB2, ERBB3, EXT1, GLI3, HES1, HOXA1, HOXA3, HOXB1, HOXB2, HOXB3, HOXD3, ISL1, KCNA1, KCNA2, KCNA3, KCNC1, KCNC2, LPAR1, MAFB, NAV2, NDP, NEUROG1, NKX2-2, NPR2, NRP1, NRP2, NTRK1, PAX2, PHOX2A, PHOX2B, PLXNA1, PLXNA3, PLXNA4, POU4F1, POU4F3, RPL24, SALL1, SCN8A, SEMA3A, SEMA3F, SIX1, SIX4, SLC1A3, SLC24A4, SLC25A46, SLITRK6, TBX1, TCIRG1, TFAP2A, TIFAB, TMEM126A
GO:0040014	regulation of multicellular organism growth	64	2	0.22	0.02109	0.021432926829268294	ADRB1, ADRB2, ADRB3, AFG3L2, APP, ATP8A2, ATRN, BBS2, BBS4, BCL2, CACNA2D2, CHD7, CREB1, CSF1, DIO3, DRD2, EZR, FOSL2, FOXS1, FTO, FXN, GAMT, GDF15, GDF5, GH1, GHR, GHRH, GHRHR, GHRL, GHSR, GPAM, GPAT4, GPR21, HDAC3, HTRA2, IGF2, LGMN, MBD5, MFSD2A, MKKS, NIPBL, NPPC, NPY1R, PEX5, PIK3CA, PLAC8, PLS1, POU3F2, PPIB, PRLH, PTCH1, RAI1, SGPL1, SLC6A3, SMO, SOCS2, SOD1, SPTBN4, STAT3, STAT5A, STAT5B, STC2, VIL1, ZMPSTE24
GO:0062208	positive regulation of pattern recognition receptor signaling pathway	64	2	0.22	0.02109	0.021432926829268294	ANKRD17, ATAT1, BRCC3, BTK, CAV1, CD14, CD36, CYBA, DDX3X, DDX60, DHX33, DHX58, F2RL1, FLOT1, GBP2, GBP5, HMGB1, HSPA1A, HSPA1B, IFI35, LBP, LRCH4, LTF, MAPK8, MARK4, MAVS, MFHAS1, MYD88, NAGK, NEK7, NINJ1, NR1H3, OASL, PELI1, PJA2, PLCG2, PPP2CA, PRKD1, PTPN22, PUM1, PUM2, RSAD2, RTN4, SLC15A3, SLC15A4, SLC46A2, STMP1, TASL, TICAM2, TIRAP, TLR1, TLR4, TLR6, TLR9, TREML4, TRIM15, TRIM3, USP15, USP17L2, USP50, WDFY1, ZCCHC3, ZDHHC5, ZNRF1
GO:0071384	cellular response to corticosteroid stimulus	64	2	0.22	0.02109	0.021432926829268294	ACE, AIFM1, AKR1C3, ANXA1, AQP1, ASS1, ATP5F1A, AXIN2, BCL2L11, CASP9, CFLAR, CRH, CYP1B1, DDIT4, EDN1, EGFR, EIF4E, FAM107A, FBXO32, FECH, FLT3, FOXO3, GJB2, GPER1, GSK3A, HMGCS2, HNRNPU, IGF1R, ISL1, JAK2, KLF9, METTL21C, MSTN, MYOD1, ND3, NPAS4, NR3C1, PCK1, PCK2, RAN, REST, RPS6KB1, SCNN1A, SCNN1B, SCNN1D, SCNN1G, SERPINF1, SGK1, SMYD3, SRD5A1, SSTR2, SSTR3, SSTR4, SSTR5, STC1, TBX2, TFAP4, UBE2L3, UGT1A1, USP8, ZFP36, ZFP36L1, ZFP36L2, ZNF764
GO:0006874	intracellular calcium ion homeostasis	302	4	1.06	0.02128	0.021538461538461538	ABL1, ADCY8, ADORA1, AFG3L2, AKAP6, ANK2, ANXA6, APLNR, APOE, APP, ATF4, ATG5, ATP13A1, ATP13A2, ATP13A3, ATP13A4, ATP13A5, ATP1A2, ATP1B1, ATP2A1, ATP2A2, ATP2A3, ATP2B1, ATP2B2, ATP2B3, ATP2B4, ATP2C1, ATP2C2, ATP7B, BAK1, BAX, BCAP31, BCL2, BDKRB1, BNIP3, BOK, C19orf12, CACNA1C, CACNA1S, CACNB2, CACNB4, CALB1, CALB2, CALCA, CALCB, CALM1, CALM2, CALM3, CALR, CAMK2D, CAPN3, CASQ1, CASQ2, CASR, CAV1, CAV2, CAV3, CCDC47, CCL1, CCL11, CCL13, CCL14, CCL15, CCL19, CCL21, CCL23, CCL3, CCL5, CCL7, CCL8, CCR1, CCR2, CCR5, CCR7, CD19, CD40, CDH23, CDH5, CEMIP, CHD7, CHERP, CHRNA7, CLIC2, CLN3, CNGB1, CNR1, CORO1A, CSRP3, CTRC, CX3CL1, CXCL10, CXCL11, CXCL12, CXCL9, CYBA, DDIT3, DHRS7C, DIAPH1, DISC1, DMD, DMPK, DRD1, DRD2, DRD3, DRD4, DRD5, EDN1, EDN2, EDN3, EDNRA, ELANE, ERC2, ERO1A, F2, F2R, F2RL3, FASLG, FATE1, FGF2, FIS1, FKBP1A, FKBP1B, FKBP1C, FLNA, FZD9, GCM2, GHITM, GP1BA, GP1BB, GP5, GP9, GPER1, GPR12, GPR3, GRIA1, GRID2IP, GRIK2, GRINA, GRM1, GRM5, GSTM2, GSTO1, HAP1, HCRTR1, HCRTR2, HERPUD1, HEXB, HRC, HSP90B1, HTR1B, HTR2A, HTR2B, HTR2C, HTT, IBTK, IL13, IMMT, ITGB3, ITPR1, ITPR2, ITPR3, JPH1, JPH2, JPH3, JPH4, JSRP1, KCTD17, KEL, LACRT, LCK, LETM1, LHCGR, LIME1, LYN, MAIP1, MCOLN1, MCU, MCUB, MCUR1, METTL21C, MICU1, MICU2, MICU3, MIR1-1, MIR133A1, MIR93, MTLN, NOL3, NOS1, NPPC, NPSR1, NPTN, NTSR1, P2RX1, P2RX7, P2RY1, P2RY4, P2RY6, PACS2, PDE4D, PDPK1, PDZD8, PIK3CB, PKD2, PKHD1, PLCB1, PLCB2, PLCB3, PLCB4, PLCD1, PLCE1, PLCG1, PLCG2, PLCH1, PLCH2, PLN, PML, PRKACA, PRKCB, PRKCE, PRKD1, PSEN1, PTH, PTH1R, PTK2B, PTPN6, PTPRC, RAP1GDS1, RGN, RMDN3, RYR1, RYR2, RYR3, SCGN, SELENOK, SELENON, SLC10A7, SLC24A1, SLC24A2, SLC24A3, SLC24A4, SLC24A5, SLC25A23, SLC25A27, SLC30A1, SLC35G1, SLC8A1, SLC8A2, SLC8A3, SLC8B1, SMDT1, SNCA, SPPL2C, SRI, STC1, STC2, STIM1, STIM2, STOML2, SV2A, SV2B, SYPL2, TCIRG1, TGM2, THADA, THY1, TMBIM6, TMCO1, TMEM165, TMEM178A, TMEM203, TMEM38A, TMEM38B, TMEM64, TMTC4, TNNI3, TPCN2, TPT1, TRDN, TRPA1, TRPC1, TRPC3, TRPC4, TRPC5, TRPC6, TRPC7, TRPM2, TRPM8, TRPV4, TSPOAP1, TUNAR, UBASH3B, UMOD, VAPB, VDR, VPS54, WFS1, WNT5A, XCL1, XCR1, XK, YWHAE
GO:0006366	transcription by RNA polymerase II	2701	16	9.44	0.02154	0.021713709677419354	AASS, AATF, ABHD14B, ABL1, ABLIM3, ABRA, ABT1, ACTB, ACTL6A, ACTL6B, ACTN4, ACTR2, ACTR3, ACVR1, ACVR2A, ACVR2B, ACVRL1, ADCYAP1, ADIRF, ADNP, ADNP2, ADRB2, ADRM1, AEBP1, AEBP2, AGO1, AGO2, AGRN, AHI1, AHR, AHRR, AIRE, AJUBA, AKAP8L, AKIRIN1, AKIRIN2, AKNA, AKT1, ALX1, ALX3, ALX4, AMBRA1, ANHX, ANKRD1, ANKRD2, ANKRD23, ANXA2, ANXA4, AP3B1, AP3D1, APBB1, APBB2, APEX1, APP, AR, ARF4, ARGFX, ARHGEF2, ARID1A, ARID1B, ARID2, ARID3A, ARID3B, ARID3C, ARID4A, ARID4B, ARID5A, ARID5B, ARMCX3, ARNT, ARNT2, ARRB1, ARRB2, ARX, ASCL1, ASCL2, ASCL3, ASCL4, ASCL5, ASH1L, ASH2L, ASXL1, ASXL2, ASXL3, ATAD2, ATAD2B, ATF1, ATF2, ATF3, ATF4, ATF5, ATF6, ATF6B, ATF7, ATF7IP, ATM, ATMIN, ATN1, ATOH1, ATOH7, ATOH8, ATP2B4, ATRX, ATXN1, ATXN1L, ATXN7, ATXN7L3, AURKB, AUTS2, AXIN1, BACH1, BACH2, BARHL1, BARHL2, BARX1, BARX2, BATF, BATF2, BATF3, BAZ1A, BAZ1B, BAZ2B, BBS7, BBX, BCAS3, BCL11A, BCL11B, BCL2L12, BCL3, BCL6, BCL6B, BCL7A, BCL7B, BCL7C, BCL9, BCL9L, BCLAF1, BCLAF3, BCOR, BCORL1, BEND3, BEX1, BHLHA15, BHLHA9, BHLHE22, BHLHE23, BHLHE40, BHLHE41, BICRA, BICRAL, BIN1, BMAL1, BMAL2, BMI1, BMP2, BMP4, BMP5, BMP6, BMP7, BMPR1A, BMPR1B, BMPR2, BORCS8-MEF2B, BPTF, BRCA1, BRD1, BRD2, BRD3, BRD4, BRD7, BRD8, BRD9, BRIP1, BRMS1, BRMS1L, BRPF1, BRPF3, BRWD1, BRWD3, BSX, BTG2, BUD31, C1QBP, C5AR1, CALCOCO1, CALR, CAMK1, CAMK2D, CAMTA1, CAMTA2, CAND1, CAPRIN2, CARF, CASK, CASZ1, CAV1, CAVIN4, CBFA2T2, CBFB, CBX1, CBX2, CBX3, CBX4, CBX5, CBX6, CBX7, CBX8, CC2D1A, CC2D1B, CCAT1, CCDC124, CCDC62, CCN1, CCNC, CCND1, CCND3, CCNE1, CCNH, CCNK, CCNL1, CCNL2, CCNQ, CCNT1, CCNT2, CCPG1, CD28, CD36, CD40, CD81, CDC5L, CDC73, CDH13, CDK1, CDK12, CDK13, CDK2, CDK2AP1, CDK4, CDK5RAP3, CDK6, CDK7, CDK8, CDK9, CDKN1C, CDON, CDX1, CDX2, CDX4, CEBPA, CEBPB, CEBPD, CEBPE, CEBPG, CEBPZ, CELA1, CGA, CGGBP1, CHCHD2, CHD1, CHD2, CHD3, CHD4, CHD5, CHD6, CHD7, CHD8, CHP2, CHUK, CIAO1, CIC, CIITA, CIR1, CITED1, CITED2, CKAP2, CKS2, CLOCK, CNBP, CNOT1, CNOT2, CNOT7, COPS2, COPS5, CPEB3, CPHXL, CPHXL2, CREB1, CREB3, CREB3L1, CREB3L2, CREB3L3, CREB3L4, CREB5, CREBBP, CREBL2, CREBRF, CREBZF, CREG1, CREM, CRK, CRLF3, CRTC1, CRTC2, CRTC3, CRX, CRY1, CRY2, CRYM, CSF3, CSRNP1, CSRNP2, CSRNP3, CSRP3, CTBP1, CTBP2, CTCF, CTCFL, CTDP1, CTDSP1, CTDSP2, CTDSPL, CTDSPL2, CTNNB1, CTNNBIP1, CTR9, CUL3, CUX1, CUX2, CX3CL1, CXCL10, CXXC5, CYTL1, DAB2, DAB2IP, DACH1, DACH2, DACT1, DBP, DBX1, DBX2, DCAF1, DCAF6, DCN, DDIT3, DDN, DDRGK1, DDX17, DDX20, DDX21, DDX3X, DDX5, DEAF1, DEK, DGKQ, DHX36, DHX9, DICER1, DKK1, DLG1, DLL1, DLL4, DLX1, DLX2, DLX3, DLX4, DLX5, DLX6, DMAP1, DMBX1, DMRT1, DMRT2, DMRT3, DMRTA1, DMRTA2, DMRTB1, DMRTC2, DMTF1, DNAJA3, DNAJB1, DNAJB4, DNAJC17, DNMT1, DNMT3A, DNMT3B, DNMT3L, DOT1L, DPF1, DPF2, DPF3, DPRX, DPY30, DR1, DRAP1, DRD2, DRGX, DTX1, DUSP22, DUSP26, DUX1, DUX3, DUX4, DUX5, DUXA, DUXB, DVL1, DVL2, DVL3, DYRK1A, E2F1, E2F2, E2F3, E2F4, E2F5, E2F6, E2F7, E2F8, E4F1, EAF1, EAF2, EAPP, EBF1, EBF2, EBF3, EBF4, ECD, ECM1, EDN1, EDNRB, EED, EFCAB7, EFNA1, EGFR, EGLN1, EGR1, EGR2, EGR3, EGR4, EHF, EHMT1, EHMT2, EID1, EID2, EIF5A, ELANE, ELF1, ELF2, ELF3, ELF4, ELF5, ELK1, ELK3, ELK4, ELL, ELL2, ELL3, ELOA, ELOA2, ELOB, ELOC, ELOF1, ELP2, ELP3, ELP4, EMX1, EMX2, EN1, EN2, ENG, ENO1, ENY2, EOMES, EP300, EPAS1, EPC1, EPC2, EPCAM, EPO, EPOP, ERCC1, ERCC2, ERCC3, ERCC6, ERF, ERFL, ERG, ERV3-1-ZNF117, ESR1, ESR2, ESRRA, ESRRB, ESRRG, ESX1, ETS1, ETS2, ETV1, ETV2, ETV3, ETV3L, ETV4, ETV5, ETV6, ETV7, EVX1, EVX2, EXOSC9, EYA1, EZH1, EZH2, EZR, F2RL1, FADD, FAM170A, FAM220A, FAM220BP, FAM47E, FASLG, FBP1, FBXL19, FERD3L, FEV, FEZF1, FEZF2, FGF1, FGF10, FGF2, FGF4, FGF9, FGFR1, FGFR2, FHL2, FHL5, FHOD1, FIGLA, FIZ1, FLCN, FLI1, FLNA, FLYWCH1, FNIP1, FNIP2, FOS, FOSB, FOSL1, FOSL2, FOXA1, FOXA2, FOXA3, FOXB1, FOXB2, FOXC1, FOXC2, FOXD1, FOXD2, FOXD3, FOXD4, FOXD4L1, FOXD4L3, FOXD4L4, FOXD4L5, FOXD4L6, FOXE1, FOXE3, FOXF1, FOXF2, FOXG1, FOXH1, FOXI1, FOXI2, FOXI3, FOXJ1, FOXJ2, FOXJ3, FOXK1, FOXK2, FOXL1, FOXL2, FOXL3-OT1, FOXM1, FOXN1, FOXN2, FOXN3, FOXN4, FOXO1, FOXO3, FOXO3B, FOXO4, FOXO6, FOXP1, FOXP2, FOXP3, FOXP4, FOXQ1, FOXR1, FOXR2, FOXS1, FRK, FSHB, FST, FSTL3, FUBP3, FUS, FZD5, GABPA, GABPB1, GABPB2, GADD45A, GAL, GALR1, GALR2, GALR3, GATA1, GATA2, GATA3, GATA4, GATA5, GATA6, GATAD2A, GATAD2B, GBX1, GBX2, GCM1, GCM2, GDF2, GDNF, GFI1, GFI1B, GLI1, GLI2, GLI3, GLI4, GLIS1, GLIS2, GLIS3, GLMP, GLO1, GLYR1, GMEB1, GMEB2, GPBP1, GPER1, GPS2, GREM1, GRHL1, GRHL2, GRHL3, GRIN1, GSC, GSC2, GSK3A, GSX1, GSX2, GTF2A1, GTF2A1L, GTF2A2, GTF2B, GTF2E1, GTF2E2, GTF2F1, GTF2F2, GTF2H1, GTF2H2, GTF2H2C, GTF2H2C_2, GTF2H3, GTF2H4, GTF2H5, GTF2I, GTF2IRD1, GTF2IRD2, GTF2IRD2B, GZF1, H1-2, H1-3, H1-4, H1-5, H2AZ1, HAMP, HAND1, HAND2, HAVCR2, HAX1, HBP1, HCFC1, HCFC2, HCLS1, HDAC1, HDAC10, HDAC2, HDAC3, HDAC4, HDAC5, HDAC6, HDAC7, HDAC8, HDAC9, HDGF, HDX, HELT, HELZ2, HES1, HES2, HES3, HES4, HES5, HES6, HES7, HESX1, HEXB, HEXIM1, HEXIM2, HEY1, HEY2, HEYL, HGF, HHEX, HIC1, HIC2, HIF1A, HIF3A, HINFP, HIPK2, HIRA, HIVEP1, HIVEP2, HIVEP3, HJV, HLF, HLTF, HLX, HMBOX1, HMG20A, HMGA1, HMGA2, HMGB1, HMGB2, HMGB3, HMGB4, HMOX1, HMX1, HMX2, HMX3, HNF1A, HNF1B, HNF4A, HNF4G, HNRNPA2B1, HNRNPK, HNRNPU, HOMEZ, HOPX, HOXA1, HOXA10, HOXA11, HOXA13, HOXA2, HOXA3, HOXA4, HOXA5, HOXA6, HOXA7, HOXA9, HOXB1, HOXB13, HOXB2, HOXB3, HOXB4, HOXB5, HOXB6, HOXB7, HOXB8, HOXB9, HOXC10, HOXC11, HOXC12, HOXC13, HOXC4, HOXC5, HOXC6, HOXC8, HOXC9, HOXD1, HOXD10, HOXD11, HOXD12, HOXD13, HOXD3, HOXD4, HOXD8, HOXD9, HR, HRAS, HSBP1, HSF1, HSF2, HSF2BP, HSF4, HSF5, HSFX1, HSFX2, HSFX3, HSFX4, HSFY1, HSFY2, HSPA1A, HSPA5, HTATIP2, HYAL2, ICE1, ICE2, ID1, ID2, ID3, ID4, IER2, IER5, IFI16, IFI27, IFNB1, IFNG, IFT74, IGBP1, IGF1, IGF2, IHH, IKBKB, IKBKG, IKZF1, IKZF2, IKZF3, IKZF4, IKZF5, IL10, IL11, IL17A, IL17F, IL18, IL1A, IL1B, IL2, IL23A, IL25, IL26, IL33, IL4, IL4I1, IL6, IMPACT, ING1, ING2, ING3, INHBA, INO80, INSM1, INSM2, INTS1, INTS10, INTS11, INTS12, INTS13, INTS14, INTS2, INTS3, INTS4, INTS5, INTS6, INTS7, INTS8, INTS9, IRF1, IRF2, IRF2BP1, IRF2BP2, IRF2BPL, IRF3, IRF4, IRF5, IRF6, IRF7, IRF8, IRF9, IRX1, IRX2, IRX3, IRX4, IRX5, IRX6, ISL1, ISL2, ISX, ITGA6, ITGA8, ITGB1BP1, IWS1, JADE1, JADE2, JADE3, JAG1, JAK2, JARID2, JAZF1, JDP2, JMJD1C, JMJD6, JMY, JPH2, JUN, JUNB, JUND, JUP, KANK2, KANSL3, KAT14, KAT2A, KAT2B, KAT5, KAT6A, KAT6B, KAT7, KAT8, KCNIP3, KDM1A, KDM1B, KDM2A, KDM2B, KDM3A, KDM3B, KDM4C, KDM5A, KDM6B, KDM7A, KHDRBS1, KLF1, KLF10, KLF11, KLF12, KLF13, KLF14, KLF15, KLF16, KLF17, KLF18, KLF2, KLF3, KLF4, KLF5, KLF6, KLF7, KLF8, KLF9, KMT2A, KMT2C, KMT2D, KMT5A, KPNA6, LARP7, LBX1, LBX2, LCOR, LCORL, LDB1, LDB2, LEF1, LEFTY1, LEO1, LEP, LEUTX, LHX1, LHX2, LHX3, LHX4, LHX5, LHX6, LHX8, LHX9, LIF, LILRB1, LIME1, LIN37, LIN9, LITAF, LMCD1, LMO1, LMO2, LMO3, LMO4, LMO7, LMX1A, LMX1B, LOXL2, LPIN1, LPIN2, LPIN3, LRP5, LRP6, LRRFIP1, LUM, LYAR, LYL1, MACC1, MACROH2A1, MACROH2A2, MAD2L2, MAEL, MAF, MAFA, MAFB, MAFF, MAFG, MAFK, MAGEA1, MAGEA10, MAGEA11, MAGEA12, MAGEA13P, MAGEA2, MAGEA2B, MAGEA3, MAGEA4, MAGEA6, MAGEA8, MAGEA9, MAGEA9B, MAGEB1, MAGEB10, MAGEB16, MAGEB17, MAGEB18, MAGEB2, MAGEB3, MAGEB4, MAGEB5, MAGEB6, MAGEB6B, MAGEC1, MAGEC2, MAGEC3, MAGED1, MAGED2, MAGED4, MAGED4B, MAGEE1, MAGEE2, MAGEF1, MAGEH1, MAGEL2, MAML1, MAML2, MAML3, MAMLD1, MAMSTR, MAP2K5, MAPK1, MAPK14, MAPK3, MAPK7, MAVS, MAX, MAZ, MBD1, MBD2, MBD3, MBD3L1, MBD3L2, MBD3L2B, MBD3L3, MBD3L4, MBD3L5, MBIP, MBTPS2, MC1R, MCIDAS, MCPH1, MCRS1, MDC1, MDFI, MDM2, MDM4, MECOM, MECP2, MED1, MED10, MED11, MED12, MED12L, MED13, MED13L, MED14, MED15, MED16, MED17, MED18, MED19, MED20, MED21, MED22, MED23, MED24, MED25, MED26, MED27, MED28, MED29, MED30, MED31, MED4, MED6, MED7, MED8, MED9, MEF2A, MEF2B, MEF2C, MEF2D, MEIOSIN, MEIS1, MEIS2, MEIS3, MEIS3P1, MEN1, MEOX1, MEOX2, MEPCE, MESP1, MESP2, MET, METTL13, METTL23, MGA, MICAL2, MIDEAS, MIER1, MIER2, MIER3, MIR9-1HG, MITF, MIXL1, MKRN2, MKX, MLIP, MLLT10, MLLT6, MLX, MLXIP, MLXIPL, MMP12, MNAT1, MNT, MNX1, MORC3, MOSPD1, MRGBP, MRTFA, MRTFB, MSC, MSGN1, MSX1, MSX2, MTA1, MTA2, MTA3, MTDH, MTF1, MUC1, MXD1, MXD3, MXD4, MXI1, MYB, MYBBP1A, MYBL1, MYBL2, MYC, MYCL, MYCN, MYD88, MYDGF, MYF5, MYF6, MYNN, MYOCD, MYOD1, MYOG, MYOZ1, MYOZ2, MYPOP, MYRF, MYSM1, MYT1, MYT1L, MZF1, N4BP2L2, N6AMT1, NACC1, NACC2, NAMPT, NANOG, NANOGNB, NANOGP1, NANOGP8, NCAPG2, NCBP1, NCBP2, NCBP3, NCK1, NCK2, NCL, NCOA1, NCOA2, NCOA3, NCOA5, NCOA6, NCOA7, NCOR1, NCOR2, NDN, NDP, NEDD4, NEDD8, NELFA, NELFB, NELFCD, NELFE, NEUROD1, NEUROD2, NEUROD4, NEUROD6, NEUROG1, NEUROG2, NEUROG3, NFAT5, NFATC1, NFATC2, NFATC2IP, NFATC3, NFATC4, NFE2, NFE2L1, NFE2L2, NFE2L3, NFE4, NFIA, NFIB, NFIC, NFIL3, NFIX, NFKB1, NFKB2, NFKBIA, NFKBIZ, NFX1, NFXL1, NFYA, NFYB, NFYC, NHLH1, NHLH2, NIF3L1, NIPBL, NKAP, NKRF, NKX1-1, NKX1-2, NKX2-1, NKX2-2, NKX2-3, NKX2-4, NKX2-5, NKX2-6, NKX2-8, NKX3-1, NKX3-2, NKX6-1, NKX6-2, NKX6-3, NLRC5, NLRP3, NME2, NOBOX, NOC2L, NOCT, NOD2, NODAL, NOG, NOP53, NOS1, NOTCH1, NOTCH2, NOTCH3, NOTCH4, NOTO, NPAS1, NPAS2, NPAS3, NPAS4, NPAT, NPM1, NPNT, NR0B1, NR0B2, NR1D1, NR1D2, NR1H2, NR1H3, NR1H4, NR1I2, NR1I3, NR2C1, NR2C2, NR2E1, NR2E3, NR2F1, NR2F2, NR2F6, NR3C1, NR3C2, NR4A1, NR4A2, NR4A3, NR5A1, NR5A2, NR6A1, NRARP, NRF1, NRIP1, NRIP2, NRL, NSD1, NSD2, NSMCE3, NTN1, NTN3, NUCKS1, NUFIP1, NUPR2, OGT, OLIG1, OLIG2, OLIG3, ONECUT1, ONECUT2, ONECUT3, ORC2, OSM, OSR1, OSR2, OTP, OTUD7B, OTX1, OTX2, OVOL1, OVOL2, OVOL3, P2RY1, PAAF1, PADI2, PAF1, PAGR1, PARK7, PARP1, PARP15, PARP9, PASD1, PATZ1, PAWR, PAX1, PAX2, PAX3, PAX4, PAX5, PAX6, PAX7, PAX8, PAX9, PAXBP1, PAXIP1, PBRM1, PBX1, PBX2, PBX3, PBX4, PCBP1, PCBP2, PCBP3, PCF11, PCGF1, PCGF2, PCGF3, PCGF5, PCGF6, PCID2, PCK1, PCNA, PDE2A, PDLIM1, PDX1, PEG3, PELP1, PER1, PER2, PER3, PF4, PFKM, PFN1, PGBD1, PGR, PHB1, PHF10, PHF12, PHF14, PHF19, PHF2, PHF20, PHF20L1, PHF21A, PHF6, PHF8, PHIP, PHOX2A, PHOX2B, PIAS1, PIAS2, PIAS3, PIAS4, PID1, PIK3R1, PIK3R2, PIN1, PIR, PITX1, PITX2, PITX3, PKD1, PKD2, PKIA, PKIG, PKN1, PKNOX1, PKNOX2, PLA2G1B, PLAC8, PLAG1, PLAGL1, PLAGL2, PLK1, PLK3, PLSCR1, PMF1, POGZ, POLE3, POLR2A, POLR2B, POLR2C, POLR2D, POLR2E, POLR2F, POLR2G, POLR2H, POLR2I, POLR2J, POLR2J2, POLR2J3, POLR2K, POLR2L, POLR2M, POMC, POU1F1, POU2AF1, POU2F1, POU2F2, POU2F3, POU3F1, POU3F2, POU3F3, POU3F4, POU4F1, POU4F2, POU4F3, POU5F1, POU5F1B, POU5F2, POU6F1, POU6F2, PPARA, PPARD, PPARG, PPARGC1A, PPARGC1B, PPID, PPM1A, PPM1D, PPP1R12A, PPP1R13L, PPP2R5B, PPP3CA, PPP3CB, PPP3R1, PPRC1, PRDM1, PRDM10, PRDM12, PRDM13, PRDM14, PRDM15, PRDM16, PRDM2, PRDM4, PRDM5, PRDM6, PRKAR1A, PRKCB, PRKD1, PRKD2, PRKDC, PRKN, PRMT6, PROP1, PROX1, PROX2, PRPF6, PRRX1, PRRX2, PSEN1, PSMC3, PSMC5, PSMC6, PSMD10, PTAFR, PTBP1, PTCH1, PTF1A, PTH, PTMA, PTMS, PTOV1, PTPN2, PTPRN, PURA, PURB, PURG, PWWP2A, PWWP2B, PYGO1, RAD21, RAF1, RAI1, RALY, RARA, RARB, RARG, RAX, RAX2, RB1, RBAK, RBBP4, RBBP5, RBBP7, RBBP8, RBL1, RBL2, RBM10, RBM14, RBM15, RBMX, RBPJ, RBPJL, RCOR1, RCOR2, RCOR3, RECQL5, REL, RELA, RELB, REPIN1, REST, RFC1, RFX1, RFX2, RFX3, RFX4, RFX5, RFX6, RFX7, RFX8, RFXANK, RFXAP, RGCC, RGMA, RHOA, RHOQ, RHOXF1, RHOXF2, RHOXF2B, RIF1, RIGI, RIPK1, RIPK2, RIPPLY1, RIPPLY2, RIPPLY3, RIT2, RITA1, RLF, RLIM, RN7SK, RNASEL, RNF10, RNF14, RNF168, RNF2, RNF20, RNF4, RNF40, RNF8, RORA, RORB, RORC, RPAP1, RPAP2, RPL10, RPL23, RPRD1A, RPRD1B, RPS14, RPS6KA1, RPS6KA3, RPS6KA4, RPS6KA5, RREB1, RRP1B, RTF1, RTRAF, RUNX1, RUNX2, RUNX3, RUVBL1, RUVBL2, RXRA, RXRB, RXRG, RYBP, S100A10, S1PR1, SAFB, SAFB2, SALL1, SALL2, SALL3, SALL4, SAMD1, SAMD11, SAMD7, SAP130, SAP18, SAP30, SAP30L, SARNP, SARS1, SART3, SATB1, SATB2, SBNO2, SCAF1, SCAF4, SCAF8, SCAND2P, SCGB1A1, SCRT1, SCRT2, SCX, SDCBP, SDR16C5, SEBOX, SEMA4D, SENP1, SERPINF2, SERTAD1, SETD2, SETD3, SETD4, SETSIP, SETX, SF3B1, SFN, SFPQ, SFRP2, SFRP5, SGF29, SHH, SHOX, SHOX2, SIM1, SIM2, SIN3A, SIN3B, SINHCAF, SIRT1, SIRT2, SIRT6, SIRT7, SIX1, SIX2, SIX3, SIX4, SIX5, SIX6, SKAP1, SKI, SKIC8, SKIDA1, SKIL, SKOR1, SKOR2, SLA2, SLC11A1, SLC2A4RG, SLC30A9, SLC38A3, SLC40A1, SLC9A1, SLTM, SMAD1, SMAD2, SMAD3, SMAD4, SMAD5, SMAD6, SMAD7, SMAD9, SMARCA1, SMARCA2, SMARCA4, SMARCA5, SMARCAL1, SMARCB1, SMARCC1, SMARCC2, SMARCD1, SMARCD2, SMARCD3, SMARCE1, SMO, SMURF2, SMYD2, SMYD3, SNAI1, SNAI2, SNAI3, SNAPC1, SNAPC2, SNAPC3, SNAPC4, SNAPC5, SNCA, SNF8, SNW1, SOD2, SOHLH1, SOHLH2, SORBS3, SOS1, SOX1, SOX10, SOX11, SOX12, SOX13, SOX14, SOX15, SOX17, SOX18, SOX2, SOX21, SOX3, SOX30, SOX4, SOX5, SOX6, SOX7, SOX8, SOX9, SP1, SP100, SP110, SP140, SP140L, SP2, SP3, SP4, SP5, SP6, SP7, SP8, SP9, SPAG8, SPDEF, SPEN, SPHK2, SPI1, SPIB, SPIC, SQSTM1, SRCAP, SREBF1, SREBF2, SRF, SRY, SS18, SS18L1, SSBP2, SSBP3, SSBP4, SSU72, SSU72L1, SSU72L2, SSU72L3, SSU72L4, SSU72L5, SSU72L6, SSX1, ST18, STAT1, STAT2, STAT3, STAT4, STAT5A, STAT5B, STAT6, STING1, STK16, STOX1, STOX2, STRA8, STRAP, SUB1, SUDS3, SUFU, SUMO2, SUPT16H, SUPT20H, SUPT20HL1, SUPT20HL2, SUPT3H, SUPT4H1, SUPT5H, SUPT6H, SUV39H1, SUV39H2, SUZ12, TADA1, TADA2A, TADA2B, TADA3, TAF1, TAF10, TAF11, TAF11L10, TAF11L11, TAF11L12, TAF11L13, TAF11L14, TAF11L2, TAF11L3, TAF11L4, TAF11L6, TAF11L7, TAF11L8, TAF11L9, TAF12, TAF13, TAF1A, TAF1C, TAF1L, TAF2, TAF3, TAF4, TAF4B, TAF5, TAF5L, TAF6, TAF6L, TAF7, TAF7L, TAF8, TAF9, TAF9B, TAGLN3, TAL1, TAL2, TARBP1, TBK1, TBL1X, TBL1XR1, TBL1Y, TBP, TBPL1, TBPL2, TBR1, TBX1, TBX10, TBX15, TBX18, TBX19, TBX2, TBX20, TBX21, TBX22, TBX3, TBX4, TBX5, TBX6, TBXT, TCEA1, TCEA2, TCEA3, TCERG1, TCF12, TCF15, TCF20, TCF21, TCF23, TCF24, TCF25, TCF3, TCF4, TCF7, TCF7L1, TCF7L2, TCFL5, TCP10L, TDG, TEAD1, TEAD2, TEAD3, TEAD4, TEF, TENM2, TET1, TET2, TET3, TFAP2A, TFAP2B, TFAP2C, TFAP2D, TFAP2E, TFAP4, TFCP2, TFCP2L1, TFDP1, TFDP2, TFDP3, TFE3, TFEB, TFEC, TFR2, TGFB1, TGFB3, TGIF1, TGIF2, TGIF2LX, TGIF2LY, THAP1, THAP10, THAP11, THAP3, THAP5, THAP7, THRA, THRAP3, THRB, TIAL1, TLE4, TLE5, TLE6, TLR2, TLR3, TLR4, TLR7, TLR9, TLX1, TLX2, TLX3, TMF1, TMPRSS6, TNF, TNFRSF1A, TNFSF11, TNFSF8, TNIP1, TNIP2, TNIP3, TNKS, TOP2A, TOX, TOX2, TOX3, TOX4, TP53, TP53BP1, TP63, TP73, TPR, TPRX1, TPRX2, TPRXL, TRAF6, TRAK1, TRERF1, TRIAP1, TRIB3, TRIM24, TRIM27, TRIM28, TRIM29, TRIM33, TRIM37, TRIP11, TRIP13, TRMT112, TRO, TRPS1, TRPV1, TRPV4, TRRAP, TSC22D1, TSC22D2, TSC22D3, TSC22D4, TSG101, TSHZ1, TSHZ2, TSHZ3, TSTD1, TTC21B, TTC5, TTF2, TWIST1, TWIST2, TXK, TXN, TXNIP, UBE2D1, UBE2D3, UBE2E1, UBE2I, UBE3A, UBP1, UCN, UCP1, UHRF1, UNCX, URI1, USF1, USF2, USF3, USP15, USP16, USP2, USP21, USP22, USP3, USP9X, UTF1, UXT, VAX1, VAX2, VDR, VEGFA, VENTX, VEZF1, VGLL1, VGLL2, VGLL3, VHL, VPS72, VRTN, VSX1, VSX2, WAS, WASL, WBP2, WDR43, WDR5, WDR77, WDTC1, WFS1, WIZ, WNK1, WNT1, WNT10B, WNT2, WNT3A, WNT5A, WNT7A, WNT8A, WT1, WWC1, WWC2, WWC3, WWOX, WWP2, WWTR1, XBP1, XRCC6, XRN2, YAP1, YBX1, YBX2, YBX3, YEATS2, YEATS4, YES1, YWHAZ, YY1, YY2, ZBED1, ZBED2, ZBED3, ZBED4, ZBED6, ZBTB1, ZBTB10, ZBTB11, ZBTB12, ZBTB14, ZBTB16, ZBTB17, ZBTB18, ZBTB2, ZBTB20, ZBTB21, ZBTB22, ZBTB24, ZBTB25, ZBTB26, ZBTB3, ZBTB32, ZBTB33, ZBTB34, ZBTB37, ZBTB38, ZBTB39, ZBTB4, ZBTB40, ZBTB41, ZBTB42, ZBTB43, ZBTB45, ZBTB46, ZBTB47, ZBTB48, ZBTB49, ZBTB5, ZBTB6, ZBTB7A, ZBTB7B, ZBTB7C, ZBTB8A, ZBTB8B, ZBTB9, ZC3H12A, ZC3H8, ZEB1, ZEB2, ZFAT, ZFHX2, ZFHX3, ZFHX4, ZFP1, ZFP14, ZFP2, ZFP28, ZFP3, ZFP30, ZFP36, ZFP37, ZFP41, ZFP42, ZFP57, ZFP62, ZFP64, ZFP69, ZFP69B, ZFP82, ZFP90, ZFP91, ZFP92, ZFPM1, ZFPM2, ZFX, ZFY, ZGLP1, ZGPAT, ZHX1, ZHX2, ZHX3, ZIC1, ZIC2, ZIC3, ZIC4, ZIC5, ZIK1, ZIM2, ZIM3, ZKSCAN1, ZKSCAN2, ZKSCAN3, ZKSCAN4, ZKSCAN5, ZKSCAN7, ZKSCAN8, ZMIZ1, ZMIZ2, ZMYM5, ZMYND11, ZMYND8, ZNF10, ZNF100, ZNF101, ZNF107, ZNF112, ZNF114, ZNF117, ZNF12, ZNF121, ZNF124, ZNF131, ZNF132, ZNF133, ZNF134, ZNF135, ZNF136, ZNF138, ZNF14, ZNF140, ZNF141, ZNF142, ZNF143, ZNF146, ZNF148, ZNF154, ZNF157, ZNF16, ZNF160, ZNF165, ZNF169, ZNF17, ZNF174, ZNF175, ZNF177, ZNF18, ZNF180, ZNF181, ZNF182, ZNF184, ZNF189, ZNF19, ZNF195, ZNF197, ZNF2, ZNF20, ZNF202, ZNF205, ZNF208, ZNF211, ZNF212, ZNF213, ZNF215, ZNF217, ZNF219, ZNF221, ZNF224, ZNF225, ZNF226, ZNF227, ZNF229, ZNF23, ZNF232, ZNF236, ZNF239, ZNF24, ZNF248, ZNF25, ZNF250, ZNF251, ZNF253, ZNF254, ZNF256, ZNF257, ZNF26, ZNF260, ZNF263, ZNF264, ZNF266, ZNF267, ZNF268, ZNF273, ZNF274, ZNF275, ZNF276, ZNF28, ZNF280A, ZNF280B, ZNF280C, ZNF280D, ZNF281, ZNF283, ZNF284, ZNF286A, ZNF286B, ZNF287, ZNF292, ZNF296, ZNF3, ZNF30, ZNF300, ZNF302, ZNF304, ZNF311, ZNF316, ZNF317, ZNF319, ZNF32, ZNF320, ZNF322, ZNF324, ZNF324B, ZNF331, ZNF333, ZNF334, ZNF335, ZNF337, ZNF33A, ZNF33B, ZNF34, ZNF341, ZNF343, ZNF345, ZNF347, ZNF35, ZNF350, ZNF354A, ZNF354B, ZNF354C, ZNF355P, ZNF358, ZNF362, ZNF366, ZNF367, ZNF37A, ZNF382, ZNF383, ZNF384, ZNF391, ZNF394, ZNF395, ZNF396, ZNF397, ZNF398, ZNF404, ZNF407, ZNF408, ZNF41, ZNF410, ZNF415, ZNF416, ZNF417, ZNF418, ZNF419, ZNF420, ZNF423, ZNF425, ZNF426, ZNF429, ZNF43, ZNF430, ZNF431, ZNF432, ZNF433, ZNF436, ZNF438, ZNF439, ZNF44, ZNF440, ZNF441, ZNF442, ZNF443, ZNF444, ZNF445, ZNF446, ZNF449, ZNF451, ZNF454, ZNF460, ZNF461, ZNF462, ZNF467, ZNF468, ZNF469, ZNF470, ZNF471, ZNF473, ZNF479, ZNF48, ZNF480, ZNF483, ZNF484, ZNF485, ZNF486, ZNF487, ZNF490, ZNF491, ZNF492, ZNF493, ZNF496, ZNF497, ZNF500, ZNF501, ZNF502, ZNF506, ZNF507, ZNF510, ZNF512B, ZNF513, ZNF514, ZNF516, ZNF517, ZNF518A, ZNF518B, ZNF519, ZNF521, ZNF524, ZNF525, ZNF526, ZNF527, ZNF528, ZNF529, ZNF530, ZNF534, ZNF536, ZNF540, ZNF541, ZNF543, ZNF544, ZNF546, ZNF547, ZNF548, ZNF549, ZNF550, ZNF551, ZNF552, ZNF554, ZNF555, ZNF556, ZNF557, ZNF558, ZNF559, ZNF559-ZNF177, ZNF560, ZNF561, ZNF562, ZNF563, ZNF564, ZNF565, ZNF566, ZNF567, ZNF568, ZNF569, ZNF57, ZNF570, ZNF571, ZNF572, ZNF573, ZNF574, ZNF575, ZNF577, ZNF578, ZNF579, ZNF580, ZNF581, ZNF582, ZNF583, ZNF584, ZNF585A, ZNF585B, ZNF586, ZNF587, ZNF587B, ZNF589, ZNF593, ZNF594, ZNF595, ZNF596, ZNF597, ZNF599, ZNF600, ZNF605, ZNF606, ZNF607, ZNF608, ZNF609, ZNF610, ZNF611, ZNF613, ZNF614, ZNF615, ZNF616, ZNF619, ZNF620, ZNF621, ZNF623, ZNF624, ZNF625, ZNF626, ZNF627, ZNF628, ZNF629, ZNF630, ZNF639, ZNF641, ZNF644, ZNF646, ZNF648, ZNF649, ZNF652, ZNF653, ZNF655, ZNF658, ZNF658B, ZNF66, ZNF660, ZNF660-ZNF197, ZNF662, ZNF664, ZNF665, ZNF667, ZNF668, ZNF669, ZNF670, ZNF671, ZNF672, ZNF674, ZNF675, ZNF676, ZNF677, ZNF678, ZNF679, ZNF680, ZNF681, ZNF682, ZNF683, ZNF684, ZNF689, ZNF69, ZNF691, ZNF692, ZNF695, ZNF696, ZNF697, ZNF699, ZNF7, ZNF70, ZNF700, ZNF701, ZNF704, ZNF705A, ZNF705B, ZNF705D, ZNF705EP, ZNF705G, ZNF707, ZNF708, ZNF709, ZNF71, ZNF710, ZNF711, ZNF713, ZNF714, ZNF716, ZNF717, ZNF718, ZNF721, ZNF722, ZNF723, ZNF724, ZNF726, ZNF726P1, ZNF727, ZNF728, ZNF729, ZNF730, ZNF732, ZNF735, ZNF736, ZNF737, ZNF74, ZNF740, ZNF746, ZNF749, ZNF750, ZNF75A, ZNF75CP, ZNF75D, ZNF76, ZNF761, ZNF763, ZNF764, ZNF765, ZNF765-ZNF761, ZNF766, ZNF768, ZNF77, ZNF770, ZNF771, ZNF772, ZNF773, ZNF774, ZNF776, ZNF778, ZNF780A, ZNF780B, ZNF782, ZNF784, ZNF785, ZNF786, ZNF787, ZNF789, ZNF79, ZNF790, ZNF791, ZNF792, ZNF793, ZNF799, ZNF8, ZNF80, ZNF805, ZNF808, ZNF81, ZNF813, ZNF814, ZNF816, ZNF821, ZNF823, ZNF827, ZNF829, ZNF83, ZNF835, ZNF836, ZNF837, ZNF84, ZNF840P, ZNF841, ZNF844, ZNF845, ZNF846, ZNF85, ZNF850, ZNF852, ZNF853, ZNF860, ZNF865, ZNF875, ZNF876P, ZNF878, ZNF879, ZNF880, ZNF883, ZNF888, ZNF891, ZNF892, ZNF90, ZNF91, ZNF92, ZNF93, ZNF98, ZNF99, ZNHIT1, ZSCAN1, ZSCAN10, ZSCAN12, ZSCAN16, ZSCAN18, ZSCAN2, ZSCAN20, ZSCAN21, ZSCAN22, ZSCAN23, ZSCAN25, ZSCAN26, ZSCAN29, ZSCAN30, ZSCAN31, ZSCAN32, ZSCAN4, ZSCAN5A, ZSCAN5B, ZSCAN5C, ZSCAN5DP, ZSCAN9, ZXDA, ZXDB, ZXDC, ZZZ3
GO:0051253	negative regulation of RNA metabolic process	1395	10	4.87	0.02232	0.02234	A1CF, AASS, ABCE1, ACTR6, ACTRT1, ACVR2B, ADIPOQ, AEBP1, AEBP2, AHR, AICDA, AJUBA, AKIRIN2, ALX1, ANGEL2, ANKRD1, ANKRD2, APBB1, APBB2, APEX1, APOBEC1, APOBEC3A, APOBEC3B, APOBEC3C, APOBEC3D, APOBEC3F, APOBEC3G, APOBEC3H, AR, ARID4A, ARID4B, ARID5A, ARID5B, ARK2N, ARX, ASCL1, ASCL2, ASCL3, ATF2, ATF3, ATF4, ATF5, ATF7IP, ATN1, ATOH8, ATP8B1, ATXN1, ATXN1L, AURKB, AXIN1, AXIN2, BACH1, BACH2, BAG4, BAHD1, BAP1, BARD1, BARX2, BASP1, BATF3, BAZ2A, BCDIN3D, BCL11A, BCL3, BCL6, BCL6B, BCL7A, BCLAF1, BCOR, BCORL1, BEND3, BEND5, BEND6, BHLHE40, BHLHE41, BIN1, BIRC5, BMAL1, BMI1, BMP2, BMP4, BMP6, BMP7, BOLL, BPTF, BRCA1, BRD7, BRMS1, BRMS1L, BTAF1, BTG2, BTRC, C1D, C1QBP, CALCA, CALR, CAPN3, CASP8AP2, CAV1, CBFA2T2, CBFA2T3, CBFB, CBX1, CBX2, CBX3, CBX4, CBX5, CBX6, CBX7, CBX8, CBY1, CC2D1A, CC2D1B, CCAR1, CCAR2, CCDC85B, CCND1, CCND3, CCNE1, CD36, CD38, CDC73, CDK2, CDK5, CDK5R1, CDK6, CDKN1B, CDKN1C, CDKN2A, CDX2, CDX4, CDY1, CDY1B, CDY2A, CDY2B, CDYL, CDYL2, CEBPA, CEBPB, CEBPD, CELA1, CELF4, CENPF, CGGBP1, CHD3, CHD4, CHD5, CHD8, CIART, CIC, CIITA, CIPC, CIR1, CIRBP, CITED1, CITED2, CLOCK, CNBP, CNOT1, CNOT2, CNOT7, COMMD7, COPS2, CPEB3, CREB1, CREB3L1, CREBBP, CREBZF, CREG1, CREM, CRY1, CRY2, CRYAB, CRYM, CSDE1, CSF2, CTBP1, CTBP2, CTCF, CTNNB1, CTNNBIP1, CTR9, CUL3, CUX1, CUX2, CXXC5, DAB2, DAB2IP, DACH1, DACT1, DAP, DAXX, DAZ1, DAZ2, DAZ3, DAZ4, DAZL, DCAF1, DDIT3, DDX20, DDX21, DDX5, DDX54, DEAF1, DEDD, DEDD2, DEPDC1, DHRS7B, DHX34, DHX36, DHX9, DICER1, DKC1, DKK1, DKK3, DLG1, DLL4, DLX1, DLX2, DLX4, DMAP1, DMBX1, DMRT1, DNAJA3, DNAJB1, DNAJB4, DNAJB6, DNAJC17, DND1, DNMT1, DNMT3A, DNMT3B, DNMT3L, DPF2, DR1, DRAP1, DUSP22, DUSP26, DYRK1A, E2F1, E2F6, E2F7, E2F8, E4F1, EAPP, EDN1, EDNRB, EED, EFNA1, EGR1, EHMT1, EHMT2, EID1, EID2, EID2B, EIF4ENIF1, ELANE, ELAVL1, ELAVL4, ELF3, ELK3, ELK4, EN1, ENO1, EOMES, EP300, EPC1, EPO, EREG, ERF, ERN2, ESR1, ESR2, ESX1, ETS2, ETV3, ETV5, ETV6, ETV7, EZH1, EZH2, EZR, FABP4, FAM220A, FAM220BP, FASLG, FBP1, FBXW11, FCN3, FERD3L, FEZF1, FEZF2, FGF9, FGFR1, FGFR2, FHL2, FLCN, FLNA, FLYWCH1, FMR1, FNIP1, FNIP2, FOSB, FOXA1, FOXC1, FOXC2, FOXD1, FOXD3, FOXE1, FOXF1, FOXF2, FOXG1, FOXH1, FOXJ1, FOXK1, FOXK2, FOXL2, FOXM1, FOXN3, FOXO1, FOXO3, FOXP1, FOXP2, FOXP3, FOXP4, FOXQ1, FOXR1, FOXS1, FRK, FST, FUS, FZD1, GABPA, GADD45A, GAS6, GATA1, GATA2, GATA3, GATA4, GATA5, GATA6, GATAD2A, GATAD2B, GCFC2, GCLC, GDNF, GFI1, GFI1B, GLI2, GLI3, GLIS1, GLIS2, GLIS3, GMNN, GPS2, GREM1, GSC, GTF2IRD1, GZF1, H1-2, H1-3, H1-4, H1-5, HAMP, HAND1, HCFC1, HCFC2, HCLS1, HDAC1, HDAC10, HDAC2, HDAC3, HDAC4, HDAC5, HDAC6, HDAC7, HDAC8, HDAC9, HDGF, HELT, HES1, HES2, HES5, HES6, HES7, HESX1, HEXIM1, HEXIM2, HEY1, HEY2, HEYL, HHEX, HIC1, HIC2, HIF1A, HIF1AN, HINFP, HIPK2, HIRA, HIVEP1, HJV, HMBOX1, HMG20A, HMGA1, HMGA2, HMGB1, HMGB2, HMX1, HNF1B, HNF4A, HNRNPA0, HNRNPA2B1, HNRNPAB, HNRNPC, HNRNPD, HNRNPK, HNRNPL, HNRNPU, HOPX, HOXA2, HOXA7, HOXB-AS3, HOXB13, HOXB3, HOXB4, HOXB8, HOXC8, HOXD8, HOXD9, HSBP1, HSBP1L1, HSF1, HSF4, HSPA1A, HSPA8, ID1, ID2, ID3, ID4, IFI16, IFI27, IFNA2, IFNG, IFNL1, IGBP1, IGF2, IGF2BP1, IGF2BP2, IGF2BP3, IKBKE, IKZF1, IKZF4, IKZF5, IL33, IL4, IL6, ILF3, IMPACT, ING1, ING2, ING4, INPP5K, INSM1, INSM2, IREB2, IRF1, IRF2, IRF2BP1, IRF2BP2, IRF2BPL, IRF3, IRF7, IRF8, IRX1, IRX2, IRX3, IRX4, ISL1, JARID2, JAZF1, JDP2, JPH2, JUN, JUND, KANK2, KAT14, KAT2A, KAT2B, KAT5, KAT6A, KAT6B, KAT8, KCNIP3, KCTD1, KDM1A, KDM1B, KDM2A, KDM2B, KDM4A, KDM5A, KDM5B, KDM5C, KDM8, KHDRBS1, KLF10, KLF11, KLF12, KLF16, KLF2, KLF3, KLF4, KLF5, KLF7, KLF8, KMT5A, L3MBTL1, L3MBTL2, L3MBTL3, L3MBTL4, LANCL2, LARP1, LARP1B, LARP4B, LARP7, LBH, LCOR, LDB1, LDB2, LEF1, LEFTY1, LEP, LGR4, LHX1, LHX9, LILRB4, LIMD1, LIMS1, LIN28A, LIN28B, LIN37, LMCD1, LMO1, LMO4, LOXL2, LOXL3, LRPPRC, LRRFIP1, LYAR, MACROH2A1, MACROH2A2, MAD2L2, MAEL, MAF, MAF1, MAFB, MAFF, MAFG, MAFK, MAGEA1, MAGEA10, MAGEA11, MAGEA12, MAGEA13P, MAGEA2, MAGEA2B, MAGEA3, MAGEA4, MAGEA6, MAGEA8, MAGEA9, MAGEA9B, MAGEB1, MAGEB10, MAGEB16, MAGEB17, MAGEB18, MAGEB2, MAGEB3, MAGEB4, MAGEB5, MAGEB6, MAGEB6B, MAGEC1, MAGEC2, MAGEC3, MAGED1, MAGED2, MAGED4, MAGED4B, MAGEE1, MAGEE2, MAGEF1, MAGEH1, MAGEL2, MAP2K5, MAP3K10, MAPK14, MAPKAPK2, MAX, MAZ, MBD1, MBD2, MBD3, MBD3L1, MBD3L2, MBD3L2B, MBD3L3, MBD3L4, MBD3L5, MBIP, MBTD1, MCPH1, MDFI, MDFIC, MDM2, MDM4, MECOM, MECP2, MED1, MED25, MEF2A, MEF2C, MEIOC, MEIS2, MEN1, MEPCE, MESP1, METTL1, METTL13, METTL16, MIDEAS, MIER1, MIER2, MIER3, MITF, MLIP, MLX, MLXIPL, MMP12, MNT, MNX1, MORC1, MORC2, MORC3, MOSPD1, MPHOSPH8, MSC, MSX1, MSX2, MTA1, MTA2, MTA3, MTDH, MTERF3, MUC1, MXD1, MXD3, MXD4, MXI1, MYB, MYBBP1A, MYC, MYD88, MYF6, MYOCD, MYOZ1, MYOZ2, MYPOP, MYT1L, MZF1, N4BP2L2, NAB1, NAB2, NACC1, NACC2, NAF1, NANOG, NBAS, NCK1, NCK2, NCOA2, NCOA5, NCOR1, NCOR2, NDN, NDUFA13, NEDD4, NELFA, NELFB, NELFCD, NELFE, NEUROG3, NFATC2, NFATC3, NFATC4, NFE2L3, NFIB, NFIC, NFIL3, NFIX, NFKB1, NFX1, NIBAN2, NIF3L1, NIPBL, NKAP, NKRF, NKX2-1, NKX2-5, NKX3-1, NKX3-2, NKX6-1, NKX6-2, NKX6-3, NMNAT1, NOC2L, NOCT, NODAL, NOG, NONO, NOP53, NOSTRIN, NOTCH1, NOTCH2, NOTCH3, NOTCH4, NPAS1, NPAT, NPM1, NR0B1, NR0B2, NR1D1, NR1D2, NR1H2, NR1H3, NR1H4, NR1I2, NR1I3, NR2C1, NR2C2, NR2E1, NR2E3, NR2F1, NR2F2, NR2F6, NR3C1, NR4A2, NR4A3, NR6A1, NRARP, NRDE2, NRG1, NRIP1, NRIP2, NSD1, NSD2, NSMCE3, NSUN2, NUDT16, NUPR2, OGT, OLIG2, OLIG3, ORC2, OSR1, OSR2, OTP, OTUD7B, OVOL1, OVOL2, PA2G4, PABPC1, PAF1, PAIP1, PARN, PARP1, PARP10, PARP14, PARP15, PARP9, PASD1, PATZ1, PAWR, PAX2, PAX5, PAX6, PAX9, PBXIP1, PCBP3, PCBP4, PCGF1, PCGF2, PCGF6, PCID2, PCNA, PDCD4, PDE2A, PDGFB, PDX1, PEG3, PER1, PER2, PER3, PEX14, PFDN5, PHAX, PHB1, PHB2, PHC1, PHC2, PHC3, PHF12, PHF14, PHF19, PHF21A, PHF24, PHF6, PIAS1, PIAS3, PIAS4, PITX1, PKIA, PKIG, PKP1, PKP3, PLAGL1, PLCB1, PLK1, PLK3, PML, POLE3, POU1F1, POU2F1, POU3F3, POU4F1, POU4F2, POU5F1, POU6F1, PPARA, PPARD, PPARG, PPARGC1B, PPHLN1, PPID, PPM1A, PPM1F, PPP1R13L, PRAME, PRAMEF1, PRAMEF10, PRAMEF11, PRAMEF12, PRAMEF13, PRAMEF14, PRAMEF15, PRAMEF17, PRAMEF18, PRAMEF19, PRAMEF2, PRAMEF20, PRAMEF22, PRAMEF25, PRAMEF27, PRAMEF33, PRAMEF4, PRAMEF5, PRAMEF6, PRAMEF7, PRAMEF8, PRAMEF9, PRDM1, PRDM11, PRDM12, PRDM13, PRDM14, PRDM16, PRDM2, PRDM5, PRDM6, PRDM8, PRDX5, PRICKLE1, PRKN, PRMT2, PRMT5, PRMT6, PROP1, PROX1, PRRX1, PSEN1, PSMC5, PSMD10, PSPC1, PTBP1, PTBP2, PTBP3, PTCH1, PTPN2, PTPRK, PURA, PURB, QARS1, QKI, RALY, RARA, RARB, RARG, RASD1, RB1, RBAK, RBBP4, RBBP7, RBBP8, RBFOX2, RBL1, RBM10, RBM20, RBM24, RBM42, RBM46, RBM47, RBMX, RBPJ, RCOR1, RCOR2, RCOR3, RECQL5, RELA, RELB, RERE, RESF1, REST, RFC1, RFX3, RFX5, RGN, RIF1, RING1, RIOX1, RIOX2, RIPPLY1, RIPPLY2, RIPPLY3, RITA1, RLIM, RN7SK, RNF168, RNF2, RNF8, RNPS1, RORB, RORC, RPL10, RPL23, RPS13, RPS14, RPS26, RPS6KA5, RREB1, RRP8, RSF1, RTF1, RUNX1, RUNX1T1, RUNX2, RUNX3, RUVBL2, RXRA, RYBP, SALL1, SALL4, SAMD1, SAMD11, SAMD7, SAP130, SAP18, SAP30, SAP30L, SARNP, SARS1, SATB1, SATB2, SBNO2, SCAF4, SCAF8, SCAI, SCGB1A1, SCMH1, SCML1, SCML2, SCML4, SCRT1, SCRT2, SCX, SDCBP, SDR16C5, SECISBP2, SEMA4D, SEPTIN14P20, SET, SETD5, SETDB1, SETDB2, SF1, SFMBT1, SFMBT2, SFN, SFPQ, SFRP1, SFRP2, SFSWAP, SGF29, SHC1, SHH, SHOX2, SHQ1, SIAH2, SIM2, SIN3A, SIN3B, SINHCAF, SIRT1, SIRT2, SIRT6, SIRT7, SIX1, SIX3, SIX4, SIX5, SKI, SKIL, SKOR1, SKOR2, SLA2, SLC11A1, SLIRP, SMAD2, SMAD3, SMAD4, SMAD5, SMAD7, SMARCA2, SMARCA4, SMARCA5, SMARCC2, SMARCE1, SMO, SMTNL1, SMURF2, SMYD1, SMYD2, SNAI1, SNAI2, SNAI3, SNCA, SNW1, SNX6, SORBS3, SOX1, SOX10, SOX11, SOX12, SOX13, SOX14, SOX15, SOX18, SOX2, SOX21, SOX3, SOX30, SOX4, SOX6, SOX7, SOX8, SOX9, SP100, SP2, SP3, SP5, SPDEF, SPEN, SPI1, SPINDOC, SQSTM1, SREBF1, SREBF2, SRF, SRSF10, SRSF12, SRSF2, SRSF4, SRSF6, SRSF7, SRSF9, SRY, SSX1, STAT1, STAT3, STAT6, STRAP, STRN3, SUDS3, SUFU, SUMO1, SUMO4, SUPT4H1, SUPT5H, SUV39H1, SUV39H2, SUZ12, SYNCRIP, TADA3, TAF1, TAF15, TAF3, TAF7, TAF9B, TAGLN3, TAL1, TARDBP, TASOR, TBL1X, TBL1XR1, TBL1Y, TBR1, TBX15, TBX18, TBX2, TBX20, TBX21, TBX22, TBX3, TBX6, TBXT, TCEAL7, TCERG1, TCF21, TCF23, TCF25, TCF3, TCF7, TCF7L2, TCFL5, TCP10L, TDG, TDP2, TENM2, TENT2, TENT4A, TENT4B, TENT5A, TENT5B, TENT5C, TENT5D, TET1, TFAP2A, TFAP2B, TFAP2C, TFAP4, TFCP2L1, TFDP2, TFEC, TGFB1, TGIF1, TGIF2, TGIF2LX, TGIF2LY, THAP1, THAP11, THAP5, THAP7, THRA, THRAP3, THRB, TIMELESS, TIRAP, TLE1, TLE2, TLE3, TLE4, TLE5, TLE6, TLE7, TMBIM6, TMPRSS6, TNF, TNFRSF4, TNFSF11, TNFSF4, TNP1, TOB1, TOB2, TP53, TP63, TPR, TRAF2, TRAF3IP2, TRAF5, TRAF6, TRDMT1, TRERF1, TRIB3, TRIM11, TRIM22, TRIM24, TRIM27, TRIM28, TRIM29, TRIM33, TRIM37, TRIM6, TRO, TRPS1, TRPV1, TRPV4, TSC22D4, TSG101, TSHZ3, TWIST1, TWIST2, TXN, TXNIP, U2AF2, UBE2D1, UBE2D3, UBE2I, UHRF1, UIMC1, UPF3A, URI1, USP2, USP3, USP47, USP9X, UXT, VAX1, VAX2, VDR, VEGFA, VGLL4, VHL, VIP, VPS72, VSX2, WDR5, WDR82, WDTC1, WFS1, WNT10B, WNT11, WNT4, WNT5A, WT1, WTIP, WWC1, WWC2, WWC3, WWP1, WWP2, WWTR1, XCL1, XRCC5, XRCC6, YAF2, YAP1, YBX1, YBX3, YEATS2, YWHAQ, YWHAZ, YY1, ZAR1, ZBED2, ZBED6, ZBTB1, ZBTB10, ZBTB12, ZBTB14, ZBTB16, ZBTB17, ZBTB18, ZBTB2, ZBTB20, ZBTB21, ZBTB25, ZBTB26, ZBTB32, ZBTB33, ZBTB34, ZBTB37, ZBTB38, ZBTB39, ZBTB4, ZBTB42, ZBTB45, ZBTB46, ZBTB49, ZBTB5, ZBTB6, ZBTB7A, ZBTB7B, ZBTB8A, ZC3H10, ZC3H14, ZC3H4, ZC3H6, ZC3H8, ZCCHC17, ZEB1, ZEB2, ZFHX3, ZFP36, ZFPM1, ZFPM2, ZFTA, ZGLP1, ZGPAT, ZHX1, ZHX2, ZHX3, ZIC2, ZKSCAN3, ZMPSTE24, ZMYM2, ZMYM5, ZMYND11, ZMYND15, ZMYND8, ZNF12, ZNF131, ZNF133, ZNF134, ZNF136, ZNF140, ZNF141, ZNF148, ZNF174, ZNF175, ZNF202, ZNF205, ZNF217, ZNF219, ZNF224, ZNF239, ZNF24, ZNF253, ZNF254, ZNF256, ZNF263, ZNF268, ZNF274, ZNF281, ZNF282, ZNF296, ZNF304, ZNF318, ZNF345, ZNF350, ZNF354B, ZNF354C, ZNF366, ZNF418, ZNF423, ZNF425, ZNF431, ZNF451, ZNF469, ZNF488, ZNF503, ZNF512B, ZNF536, ZNF540, ZNF541, ZNF568, ZNF572, ZNF589, ZNF608, ZNF639, ZNF653, ZNF658, ZNF668, ZNF675, ZNF692, ZNF703, ZNF706, ZNF746, ZNF750, ZNF777, ZNF8, ZNF827, ZNF85, ZNF91, ZNF93, ZP3, ZSCAN10
GO:0035773	insulin secretion involved in cellular response to glucose stimulus	66	2	0.23	0.02234	0.02234	ABCA12, ABCC8, ADCY5, ADCY8, ADRA2A, ANO1, BAD, BAIAP3, BRSK2, C1QTNF12, C2CD2L, CCDC186, CDK16, CFTR, CLTRN, CRH, DYNLL1, EFNA5, ENY2, EPHA5, FKBP1B, FOXA2, GCG, GHRL, GPLD1, GPR27, GPR68, HIF1A, HLA-DRB1, JAGN1, KLF7, LRP5, MPC2, NADK, NDUFAF2, NR1D1, NR1H4, OSBP, PDE8B, PDX1, PIM3, PLA2G6, PPP3CB, PRKCE, PTPRN, PTPRN2, RAB11B, RAB11FIP2, RAB11FIP5, RAF1, RBM4, RFX6, SELENOT, SIDT2, SLC2A2, SLC9B2, SRI, STX4, STXBP4, SYBU, TIAM1, TRPM4, TUNAR, UCP2, VSNL1, ZBED6
