GO.ID	Term	Annotated	Significant	Expected	classicFisher	fdr	gene_ratio	DEGs
GO:0007057	spindle assembly involved in female meiosis I	5	4	0.07	2e-7	1.6164021164021165e-5	0.8	Aurka, Ccnb2, Cenpe, Ndc80
GO:0016321	female meiosis chromosome segregation	7	4	0.1	1.4e-6	9.217672413793104e-5	0.5714285714285714	Ncaph, Plk1, Top2a, Ttk
GO:0051256	mitotic spindle midzone assembly	9	5	0.13	7e-8	6.110000000000001e-6	0.5555555555555556	Aurkb, Birc5, Cdca8, Kif23, Prc1
GO:0051231	spindle elongation	12	6	0.17	7e-9	7.374137931034482e-7	0.5	Aurkb, Birc5, Cdca8, Kif11, Kif23, Prc1
GO:0000022	mitotic spindle elongation	10	5	0.14	1.4e-7	1.1750000000000001e-5	0.5	Aurkb, Birc5, Cdca8, Kif23, Prc1
GO:1905821	positive regulation of chromosome condensation	8	4	0.11	2.8e-6	1.774688796680498e-4	0.5	Ncapg, Ncaph, Smc2, Smc4
GO:0010032	meiotic chromosome condensation	6	3	0.09	5.6e-5	0.002486627906976744	0.5	Ncaph, Smc2, Smc4
GO:0031536	positive regulation of exit from mitosis	6	3	0.09	5.6e-5	0.002486627906976744	0.5	Birc5, Cdca5, Ube2c
GO:0140507	granzyme-mediated programmed cell death signaling pathway	11	5	0.16	2.5e-7	1.968427835051546e-5	0.45454545454545453	Gzma, Gzmb, Gzmc, Nkg7, Prf1
GO:0044785	metaphase/anaphase transition of meiotic cell cycle	7	3	0.1	9.7e-5	0.004081749311294766	0.42857142857142855	Cdc20, Knl1, Ttk
GO:0007056	spindle assembly involved in female meiosis	12	5	0.17	4.2e-7	3.1143203883495146e-5	0.4166666666666667	Aurka, Ccnb2, Cenpe, Ndc80, Ska1
GO:0051255	spindle midzone assembly	12	5	0.17	4.2e-7	3.1143203883495146e-5	0.4166666666666667	Aurkb, Birc5, Cdca8, Kif23, Prc1
GO:0051307	meiotic chromosome separation	12	5	0.17	4.2e-7	3.1143203883495146e-5	0.4166666666666667	Espl1, Knl1, Ncaph, Top2a, Ttk
GO:0140971	regulation of AIM2 inflammasome complex assembly	12	5	0.17	4.2e-7	3.1143203883495146e-5	0.4166666666666667	Gbp2, Gm12250, Ifi206, Ifi213, Mndal
GO:0051988	regulation of attachment of spindle microtubules to kinetochore	22	9	0.32	9.3e-12	1.4065099009900991e-9	0.4090909090909091	Aurkb, Birc5, Ccnb1, Cdca8, Cdk1, Cenpe, Ect2, Knstrn, Nek2
GO:0051383	kinetochore organization	20	8	0.29	1.7e-10	2.1639583333333336e-8	0.4	Cenpa, Cenpe, Cenph, Dlgap5, Ndc80, Nuf2, Smc2, Smc4
GO:0002399	MHC class II protein complex assembly	10	4	0.14	8.1e-6	4.4666967509025276e-4	0.4	H2-Aa, H2-Ab1, H2-DMb1, H2-Eb1
GO:0002503	peptide antigen assembly with MHC class II protein complex	10	4	0.14	8.1e-6	4.4666967509025276e-4	0.4	H2-Aa, H2-Ab1, H2-DMb1, H2-Eb1
GO:1902423	regulation of attachment of mitotic spindle microtubules to kinetochore	10	4	0.14	8.1e-6	4.4666967509025276e-4	0.4	Aurkb, Birc5, Cdca8, Cdk1
GO:0051987	positive regulation of attachment of spindle microtubules to kinetochore	13	5	0.19	6.8e-7	4.8311627906976744e-5	0.38461538461538464	Aurkb, Birc5, Ccnb1, Cdca8, Cenpe
GO:0090232	positive regulation of spindle checkpoint	13	5	0.19	6.8e-7	4.8311627906976744e-5	0.38461538461538464	Aurkb, Birc5, Cdca8, Knl1, Ndc80
GO:0007076	mitotic chromosome condensation	16	6	0.23	5.8e-8	5.121098265895954e-6	0.375	Cdca5, Ncapg, Ncaph, Nusap1, Smc2, Smc4
GO:0090306	meiotic spindle assembly	16	6	0.23	5.8e-8	5.121098265895954e-6	0.375	Aspm, Aurka, Ccnb2, Cenpe, Ndc80, Ska1
GO:0045627	positive regulation of T-helper 1 cell differentiation	8	3	0.11	1.5e-4	0.00611	0.375	Anxa1, Irf1, Ripk2
GO:0060332	positive regulation of response to type II interferon	8	3	0.11	1.5e-4	0.00611	0.375	Igtp, Irgm1, Nlrc5
GO:0060335	positive regulation of type II interferon-mediated signaling pathway	8	3	0.11	1.5e-4	0.00611	0.375	Igtp, Irgm1, Nlrc5
GO:0062033	positive regulation of mitotic sister chromatid segregation	8	3	0.11	1.5e-4	0.00611	0.375	Aurkb, Cdk1, Ska1
GO:1902425	positive regulation of attachment of mitotic spindle microtubules to kinetochore	8	3	0.11	1.5e-4	0.00611	0.375	Aurkb, Birc5, Cdca8
GO:1901970	positive regulation of mitotic sister chromatid separation	19	7	0.27	5e-9	5.378521126760564e-7	0.3684210526315789	Aurkb, Birc5, Cdc20, Cdca8, Cenpe, Ska1, Ube2c
GO:0051984	positive regulation of chromosome segregation	30	11	0.43	1.8e-13	3.480379746835443e-11	0.36666666666666664	Aurkb, Birc5, Ccnb1, Cdc6, Cdca8, Cdk1, Cenpe, Ncaph, Ska1, Smc2, Smc4
GO:0051315	attachment of mitotic spindle microtubules to kinetochore	25	9	0.36	3.7e-11	5.282009345794392e-9	0.36	Aurkb, Birc5, Cdca8, Cdk1, Cenpe, Kif2c, Ndc80, Nuf2, Ska1
GO:0060623	regulation of chromosome condensation	14	5	0.2	1e-6	6.729074889867841e-5	0.35714285714285715	Ccnb1, Ncapg, Ncaph, Smc2, Smc4
GO:0140970	AIM2 inflammasome complex assembly	14	5	0.2	1e-6	6.729074889867841e-5	0.35714285714285715	Gbp2, Gm12250, Ifi206, Ifi213, Mndal
GO:1905820	positive regulation of chromosome separation	29	10	0.42	4.8e-12	7.6375e-10	0.3448275862068966	Aurkb, Birc5, Cdc20, Cdca8, Cenpe, Ncaph, Ska1, Smc2, Smc4, Ube2c
GO:0044771	meiotic cell cycle phase transition	15	5	0.21	1.5e-6	9.833690987124463e-5	0.3333333333333333	Ccnb2, Cdc20, Knl1, Ndc80, Ttk
GO:0090267	positive regulation of mitotic cell cycle spindle assembly checkpoint	12	4	0.17	1.9e-5	9.804898648648648e-4	0.3333333333333333	Aurkb, Birc5, Cdca8, Ndc80
GO:0140972	negative regulation of AIM2 inflammasome complex assembly	9	3	0.13	2.3e-4	0.008783125000000001	0.3333333333333333	Ifi206, Ifi213, Mndal
GO:0008608	attachment of spindle microtubules to kinetochore	50	16	0.72	6.3e-18	2.6008783783783785e-15	0.32	Aurkb, Birc5, Ccnb1, Cdca8, Cdk1, Cenpe, Ect2, Kif2c, Knl1, Knstrn, Ndc80, Nek2, Nuf2, Sgo1, Ska1, Spc24
GO:0035458	cellular response to interferon-beta	64	20	0.92	7e-22	4.648913043478261e-19	0.3125	Acod1, Gbp2, Gbp6, Gm12185, Gm12250, Gm4841, Ifi204, Ifi206, Ifi211, Ifi213, Ifi47, Igtp, Iigp1, Iigp1c, Irf1, Irgm1, Mndal, Oas1a, Tgtp1, Tgtp2
GO:0007144	female meiosis I	13	4	0.19	2.7e-5	0.0013304032258064516	0.3076923076923077	Aurka, Ccnb2, Cenpe, Ndc80
GO:1903490	positive regulation of mitotic cytokinesis	13	4	0.19	2.7e-5	0.0013304032258064516	0.3076923076923077	Aurkb, Birc5, Cdca8, Ect2
GO:0090231	regulation of spindle checkpoint	27	8	0.39	2.8e-9	3.121897810218978e-7	0.2962962962962963	Aurka, Aurkb, Birc5, Ccnb1, Cdca8, Knl1, Ndc80, Ska1
GO:1901978	positive regulation of cell cycle checkpoint	17	5	0.24	3.1e-6	1.9327551020408161e-4	0.29411764705882354	Aurkb, Birc5, Cdca8, Knl1, Ndc80
GO:0090266	regulation of mitotic cell cycle spindle assembly checkpoint	24	7	0.34	3.2e-8	2.9624242424242427e-6	0.2916666666666667	Aurkb, Birc5, Ccnb1, Cdca8, Knl1, Ndc80, Ska1
GO:1903504	regulation of mitotic spindle checkpoint	24	7	0.34	3.2e-8	2.9624242424242427e-6	0.2916666666666667	Aurkb, Birc5, Ccnb1, Cdca8, Knl1, Ndc80, Ska1
GO:0035456	response to interferon-beta	73	21	1.05	4.6e-22	3.3459523809523806e-19	0.2876712328767123	Acod1, Bst2, Gbp2, Gbp6, Gm12185, Gm12250, Gm4841, Ifi204, Ifi206, Ifi211, Ifi213, Ifi47, Igtp, Iigp1, Iigp1c, Irf1, Irgm1, Mndal, Oas1a, Tgtp1, Tgtp2
GO:0007094	mitotic spindle assembly checkpoint signaling	49	14	0.7	4.6e-15	1.325754716981132e-12	0.2857142857142857	Aurkb, Birc5, Bub1, Ccnb1, Cdc20, Cdca8, Cenpe, Knl1, Ndc80, Nuf2, Plk1, Ska1, Spc24, Ttk
GO:0071173	spindle assembly checkpoint signaling	49	14	0.7	4.6e-15	1.325754716981132e-12	0.2857142857142857	Aurkb, Birc5, Bub1, Ccnb1, Cdc20, Cdca8, Cenpe, Knl1, Ndc80, Nuf2, Plk1, Ska1, Spc24, Ttk
GO:0002396	MHC protein complex assembly	14	4	0.2	3.7e-5	0.0017283639143730884	0.2857142857142857	H2-Aa, H2-Ab1, H2-DMb1, H2-Eb1
GO:0002501	peptide antigen assembly with MHC protein complex	14	4	0.2	3.7e-5	0.0017283639143730884	0.2857142857142857	H2-Aa, H2-Ab1, H2-DMb1, H2-Eb1
GO:0051299	centrosome separation	14	4	0.2	3.7e-5	0.0017283639143730884	0.2857142857142857	Aurka, Kif11, Kif15, Nek2
GO:1902412	regulation of mitotic cytokinesis	14	4	0.2	3.7e-5	0.0017283639143730884	0.2857142857142857	Aurkb, Birc5, Cdca8, Ect2
GO:0000212	meiotic spindle organization	25	7	0.36	4.4e-8	4.048795180722891e-6	0.28	Aspm, Aurka, Ccnb2, Cenpe, Espl1, Ndc80, Ska1
GO:0001562	response to protozoan	43	12	0.62	6e-13	1.0183333333333333e-10	0.27906976744186046	Arg1, Batf2, Gbp10, Gbp2, Gbp6, Gm12250, Igtp, Iigp1, Nkg7, Spn, Tgtp1, Tgtp2
GO:0042832	defense response to protozoan	40	11	0.57	6.7e-12	1.0443112244897959e-9	0.275	Arg1, Batf2, Gbp10, Gbp2, Gbp6, Gm12250, Igtp, Iigp1, Nkg7, Tgtp1, Tgtp2
GO:0033046	negative regulation of sister chromatid segregation	51	14	0.73	8.7e-15	2.143427419354839e-12	0.27450980392156865	Aurkb, Birc5, Bub1, Ccnb1, Cdc20, Cdca8, Cenpe, Knl1, Ndc80, Nuf2, Plk1, Ska1, Spc24, Ttk
GO:0033048	negative regulation of mitotic sister chromatid segregation	51	14	0.73	8.7e-15	2.143427419354839e-12	0.27450980392156865	Aurkb, Birc5, Bub1, Ccnb1, Cdc20, Cdca8, Cenpe, Knl1, Ndc80, Nuf2, Plk1, Ska1, Spc24, Ttk
GO:0045841	negative regulation of mitotic metaphase/anaphase transition	51	14	0.73	8.7e-15	2.143427419354839e-12	0.27450980392156865	Aurkb, Birc5, Bub1, Ccnb1, Cdc20, Cdca8, Cenpe, Knl1, Ndc80, Nuf2, Plk1, Ska1, Spc24, Ttk
GO:0071174	mitotic spindle checkpoint signaling	51	14	0.73	8.7e-15	2.143427419354839e-12	0.27450980392156865	Aurkb, Birc5, Bub1, Ccnb1, Cdc20, Cdca8, Cenpe, Knl1, Ndc80, Nuf2, Plk1, Ska1, Spc24, Ttk
GO:2000816	negative regulation of mitotic sister chromatid separation	51	14	0.73	8.7e-15	2.143427419354839e-12	0.27450980392156865	Aurkb, Birc5, Bub1, Ccnb1, Cdc20, Cdca8, Cenpe, Knl1, Ndc80, Nuf2, Plk1, Ska1, Spc24, Ttk
GO:0031577	spindle checkpoint signaling	55	15	0.79	1e-15	3.2500000000000003e-13	0.2727272727272727	Aurka, Aurkb, Birc5, Bub1, Ccnb1, Cdc20, Cdca8, Cenpe, Knl1, Ndc80, Nuf2, Plk1, Ska1, Spc24, Ttk
GO:0033034	positive regulation of myeloid cell apoptotic process	11	3	0.16	4.4e-4	0.0150695067264574	0.2727272727272727	Anxa1, Cd44, Cdkn2a
GO:0045625	regulation of T-helper 1 cell differentiation	11	3	0.16	4.4e-4	0.0150695067264574	0.2727272727272727	Anxa1, Irf1, Ripk2
GO:0070934	CRD-mediated mRNA stabilization	11	3	0.16	4.4e-4	0.0150695067264574	0.2727272727272727	Igf2bp2, Igf2bp3, Pabpc1
GO:0030261	chromosome condensation	37	10	0.53	7.6e-11	1.0365178571428572e-8	0.2702702702702703	Ccnb1, Cdca5, Cdk1, Hmga2, Ncapg, Ncaph, Nusap1, Smc2, Smc4, Top2a
GO:0045842	positive regulation of mitotic metaphase/anaphase transition	15	4	0.21	5e-5	0.0022529498525073748	0.26666666666666666	Cdc20, Cenpe, Ska1, Ube2c
GO:0060330	regulation of response to type II interferon	15	4	0.21	5e-5	0.0022529498525073748	0.26666666666666666	Arg1, Igtp, Irgm1, Nlrc5
GO:0060334	regulation of type II interferon-mediated signaling pathway	15	4	0.21	5e-5	0.0022529498525073748	0.26666666666666666	Arg1, Igtp, Irgm1, Nlrc5
GO:0090235	regulation of metaphase plate congression	15	4	0.21	5e-5	0.0022529498525073748	0.26666666666666666	Aurkb, Birc5, Cdca8, Cdk1
GO:1902100	negative regulation of metaphase/anaphase transition of cell cycle	53	14	0.76	1.6e-14	3.5941176470588235e-12	0.2641509433962264	Aurkb, Birc5, Bub1, Ccnb1, Cdc20, Cdca8, Cenpe, Knl1, Ndc80, Nuf2, Plk1, Ska1, Spc24, Ttk
GO:1905819	negative regulation of chromosome separation	53	14	0.76	1.6e-14	3.5941176470588235e-12	0.2641509433962264	Aurkb, Birc5, Bub1, Ccnb1, Cdc20, Cdca8, Cenpe, Knl1, Ndc80, Nuf2, Plk1, Ska1, Spc24, Ttk
GO:0033047	regulation of mitotic sister chromatid segregation	58	15	0.83	2.5e-15	7.793367346938775e-13	0.25862068965517243	Aurkb, Birc5, Bub1, Ccnb1, Cdc20, Cdca8, Cdk1, Cenpe, Knl1, Ndc80, Nuf2, Plk1, Ska1, Spc24, Ttk
GO:0051985	negative regulation of chromosome segregation	55	14	0.79	2.8e-14	6.198550724637682e-12	0.2545454545454545	Aurkb, Birc5, Bub1, Ccnb1, Cdc20, Cdca8, Cenpe, Knl1, Ndc80, Nuf2, Plk1, Ska1, Spc24, Ttk
GO:0010965	regulation of mitotic sister chromatid separation	60	15	0.86	4.4e-15	1.3178431372549019e-12	0.25	Aurkb, Birc5, Bub1, Ccnb1, Cdc20, Cdca8, Cenpe, Knl1, Ndc80, Nuf2, Plk1, Ska1, Spc24, Ttk, Ube2c
GO:0019886	antigen processing and presentation of exogenous peptide antigen via MHC class II	20	5	0.29	7.5e-6	4.211856617647059e-4	0.25	Cd74, H2-Aa, H2-Ab1, H2-DMb1, H2-Eb1
GO:0034501	protein localization to kinetochore	16	4	0.23	6.5e-5	0.002804731638418079	0.25	Aurkb, Cdk1, Knl1, Ttk
GO:0051382	kinetochore assembly	16	4	0.23	6.5e-5	0.002804731638418079	0.25	Cenpa, Cenpe, Cenph, Dlgap5
GO:0071639	positive regulation of monocyte chemotactic protein-1 production	16	4	0.23	6.5e-5	0.002804731638418079	0.25	Oas1a, Oas3, Trpv4, Twist1
GO:1902101	positive regulation of metaphase/anaphase transition of cell cycle	16	4	0.23	6.5e-5	0.002804731638418079	0.25	Cdc20, Cenpe, Ska1, Ube2c
GO:1903083	protein localization to condensed chromosome	16	4	0.23	6.5e-5	0.002804731638418079	0.25	Aurkb, Cdk1, Knl1, Ttk
GO:0007100	mitotic centrosome separation	12	3	0.17	5.8e-4	0.019093750000000003	0.25	Aurka, Kif11, Nek2
GO:0042532	negative regulation of tyrosine phosphorylation of STAT protein	12	3	0.17	5.8e-4	0.019093750000000003	0.25	Irf1, Socs1, Socs3
GO:1904415	regulation of xenophagy	12	3	0.17	5.8e-4	0.019093750000000003	0.25	Igtp, Irgm1, Ripk2
GO:1904417	positive regulation of xenophagy	12	3	0.17	5.8e-4	0.019093750000000003	0.25	Igtp, Irgm1, Ripk2
GO:1905818	regulation of chromosome separation	74	18	1.06	1.3e-17	5.091666666666667e-15	0.24324324324324326	Aurkb, Birc5, Bub1, Ccnb1, Cdc20, Cdca8, Cenpe, Knl1, Ncaph, Ndc80, Nuf2, Plk1, Ska1, Smc2, Smc4, Spc24, Ttk, Ube2c
GO:0007080	mitotic metaphase chromosome alignment	62	15	0.89	7.4e-15	2.0551818181818184e-12	0.24193548387096775	Aurkb, Birc5, Ccnb1, Cdca5, Cdca8, Cdk1, Cenpe, Kif14, Kif22, Kif2c, Kifc1, Ndc80, Nuf2, Ska1, Ttk
GO:0051304	chromosome separation	83	20	1.19	2.3e-19	1.2114655172413793e-16	0.24096385542168675	Aurkb, Birc5, Bub1, Ccnb1, Cdc20, Cdca8, Cenpe, Espl1, Knl1, Ncaph, Ndc80, Nuf2, Plk1, Ska1, Smc2, Smc4, Spc24, Top2a, Ttk, Ube2c
GO:0051306	mitotic sister chromatid separation	63	15	0.9	9.6e-15	2.327619047619048e-12	0.23809523809523808	Aurkb, Birc5, Bub1, Ccnb1, Cdc20, Cdca8, Cenpe, Knl1, Ndc80, Nuf2, Plk1, Ska1, Spc24, Ttk, Ube2c
GO:0160049	negative regulation of cGAS/STING signaling pathway	17	4	0.24	8.5e-5	0.003636904761904762	0.23529411764705882	Aurkb, Cgas, Igtp, Irgm1
GO:0045839	negative regulation of mitotic nuclear division	61	14	0.87	1.3e-13	2.612828947368421e-11	0.22950819672131148	Aurkb, Birc5, Bub1, Ccnb1, Cdc20, Cdca8, Cenpe, Knl1, Ndc80, Nuf2, Plk1, Ska1, Spc24, Ttk
GO:0051310	metaphase chromosome alignment	99	22	1.42	2.4e-20	1.3577777777777778e-17	0.2222222222222222	Aurkb, Birc5, Ccnb1, Cdca5, Cdca8, Cdk1, Cenpe, Cenpf, Ect2, Kif14, Kif22, Kif2c, Kifc1, Knl1, Knstrn, Ndc80, Nek2, Nuf2, Sgo1, Ska1, Spc24, Ttk
GO:0060333	type II interferon-mediated signaling pathway	23	5	0.33	1.6e-5	8.312925170068027e-4	0.21739130434782608	Arg1, Igtp, Irf1, Irgm1, Nlrc5
GO:0002829	negative regulation of type 2 immune response	14	3	0.2	9.4e-4	0.029243380855397145	0.21428571428571427	Anxa1, Arg1, Irf1
GO:0007096	regulation of exit from mitosis	14	3	0.2	9.4e-4	0.029243380855397145	0.21428571428571427	Birc5, Cdca5, Ube2c
GO:0051784	negative regulation of nuclear division	66	14	0.95	4.3e-13	7.72735294117647e-11	0.21212121212121213	Aurkb, Birc5, Bub1, Ccnb1, Cdc20, Cdca8, Cenpe, Knl1, Ndc80, Nuf2, Plk1, Ska1, Spc24, Ttk
GO:0002495	antigen processing and presentation of peptide antigen via MHC class II	24	5	0.34	2e-5	0.0010183333333333333	0.20833333333333334	Cd74, H2-Aa, H2-Ab1, H2-DMb1, H2-Eb1
GO:0071459	protein localization to chromosome, centromeric region	24	5	0.34	2e-5	0.0010183333333333333	0.20833333333333334	Aurkb, Cdk1, Cenpa, Knl1, Ttk
GO:0007143	female meiotic nuclear division	44	9	0.63	1e-8	1.0320945945945946e-6	0.20454545454545456	Aurka, Ccnb2, Cenpe, Ncaph, Ndc80, Plk1, Ska1, Top2a, Ttk
GO:0000070	mitotic sister chromatid segregation	184	37	2.64	1e-30	2.5458333333333337e-27	0.20108695652173914	Aurkb, Birc5, Bub1, Ccnb1, Cdc20, Cdca5, Cdca8, Cdk1, Cenpe, Espl1, Kif11, Kif14, Kif15, Kif18b, Kif22, Kif23, Kif2c, Kifc1, Knl1, Knstrn, Mybl2, Ncapg, Ncaph, Ndc80, Nek2, Nuf2, Nusap1, Plk1, Prc1, Ska1, Smc2, Smc4, Spc24, Tpx2, Ttk, Ube2c, Uhrf1
GO:0045132	meiotic chromosome segregation	90	18	1.29	5.4e-16	1.7931521739130435e-13	0.2	Aspm, Aurka, Brip1, Ccnb2, Cenpe, Espl1, Fancd2, Knl1, Ncaph, Ndc80, Nuf2, Plk1, Sgo1, Ska1, Smc2, Smc4, Top2a, Ttk
GO:0141086	negative regulation of inflammasome-mediated signaling pathway	25	5	0.36	2.4e-5	0.001205921052631579	0.2	Ifi206, Ifi213, Igtp, Irgm1, Mndal
GO:0002903	negative regulation of B cell apoptotic process	15	3	0.21	0.00116	0.034539961013645225	0.2	Aurkb, Cd44, Cd74
GO:0033084	regulation of immature T cell proliferation in thymus	15	3	0.21	0.00116	0.034539961013645225	0.2	Cdkn2a, Ripk2, Tnfrsf9
GO:0034112	positive regulation of homotypic cell-cell adhesion	15	3	0.21	0.00116	0.034539961013645225	0.2	Ccl5, Emilin1, Lgals1
GO:0043518	negative regulation of DNA damage response, signal transduction by p53 class mediator	15	3	0.21	0.00116	0.034539961013645225	0.2	Cd44, Cd74, Twist1
GO:0051303	establishment of chromosome localization	112	22	1.6	4.1e-19	2.0875833333333333e-16	0.19642857142857142	Aurkb, Birc5, Ccnb1, Cdca5, Cdca8, Cdk1, Cenpe, Cenpf, Ect2, Kif14, Kif22, Kif2c, Kifc1, Knl1, Knstrn, Ndc80, Nek2, Nuf2, Sgo1, Ska1, Spc24, Ttk
GO:0002504	antigen processing and presentation of peptide or polysaccharide antigen via MHC class II	26	5	0.37	3e-5	0.0014501582278481013	0.19230769230769232	Cd74, H2-Aa, H2-Ab1, H2-DMb1, H2-Eb1
GO:0060339	negative regulation of type I interferon-mediated signaling pathway	26	5	0.37	3e-5	0.0014501582278481013	0.19230769230769232	Isg15, Nlrc5, Oas1a, Oas3, Usp18
GO:0002902	regulation of B cell apoptotic process	21	4	0.3	2e-4	0.007734177215189874	0.19047619047619047	Aurkb, Cd44, Cd74, Myc
GO:0033083	regulation of immature T cell proliferation	16	3	0.23	0.00142	0.040695121951219514	0.1875	Cdkn2a, Ripk2, Tnfrsf9
GO:0051782	negative regulation of cell division	16	3	0.23	0.00142	0.040695121951219514	0.1875	Aspm, Aurkb, Myc
GO:0098792	xenophagy	16	3	0.23	0.00142	0.040695121951219514	0.1875	Igtp, Irgm1, Ripk2
GO:0090307	mitotic spindle assembly	75	14	1.07	2.8e-12	4.5500000000000003e-10	0.18666666666666668	Aurkb, Birc5, Cdc20, Cdca8, Kif11, Kif15, Kif23, Kifc1, Mybl2, Nek2, Plk1, Prc1, Tpx2, Uhrf1
GO:0050000	chromosome localization	119	22	1.7	1.6e-18	7.188235294117646e-16	0.18487394957983194	Aurkb, Birc5, Ccnb1, Cdca5, Cdca8, Cdk1, Cenpe, Cenpf, Ect2, Kif14, Kif22, Kif2c, Kifc1, Knl1, Knstrn, Ndc80, Nek2, Nuf2, Sgo1, Ska1, Spc24, Ttk
GO:0140896	cGAS/STING signaling pathway	22	4	0.32	2.5e-4	0.009475806451612905	0.18181818181818182	Aurkb, Cgas, Igtp, Irgm1
GO:0030071	regulation of mitotic metaphase/anaphase transition	89	16	1.27	1.4e-13	2.741666666666667e-11	0.1797752808988764	Aurkb, Birc5, Bub1, Ccnb1, Cdc20, Cdc6, Cdca8, Cenpe, Knl1, Ndc80, Nuf2, Plk1, Ska1, Spc24, Ttk, Ube2c
GO:0045071	negative regulation of viral genome replication	56	10	0.8	6.1e-9	6.470659722222222e-7	0.17857142857142858	Bst2, Ccl5, Hmga2, Ifi206, Ifi213, Isg15, Mndal, Oas1a, Oas3, Rsad2
GO:0007064	mitotic sister chromatid cohesion	28	5	0.4	4.4e-5	0.0020183183183183186	0.17857142857142858	Bub1, Cdc20, Cdca5, Esco2, Sgo1
GO:0035455	response to interferon-alpha	28	5	0.4	4.4e-5	0.0020183183183183186	0.17857142857142858	Bst2, Ifi204, Myc, Oas1a, Tgtp1
GO:0051983	regulation of chromosome segregation	130	23	1.86	7.6e-19	3.6278125e-16	0.17692307692307693	Aurkb, Birc5, Bub1, Ccnb1, Cdc20, Cdc6, Cdca2, Cdca8, Cdk1, Cenpe, Kif2c, Knl1, Mki67, Ncaph, Ndc80, Nuf2, Plk1, Ska1, Smc2, Smc4, Spc24, Ttk, Ube2c
GO:0033080	immature T cell proliferation in thymus	17	3	0.24	0.0017	0.046788288288288286	0.17647058823529413	Cdkn2a, Ripk2, Tnfrsf9
GO:0035457	cellular response to interferon-alpha	17	3	0.24	0.0017	0.046788288288288286	0.17647058823529413	Ifi204, Myc, Oas1a
GO:0000819	sister chromatid segregation	224	39	3.21	1e-30	2.5458333333333337e-27	0.17410714285714285	Aurkb, Birc5, Bub1, Ccnb1, Cdc20, Cdc6, Cdca5, Cdca8, Cdk1, Cenpe, Espl1, Kif11, Kif14, Kif15, Kif18b, Kif22, Kif23, Kif2c, Kifc1, Knl1, Knstrn, Mybl2, Ncapg, Ncaph, Ndc80, Nek2, Nuf2, Nusap1, Plk1, Prc1, Ska1, Smc2, Smc4, Spc24, Top2a, Tpx2, Ttk, Ube2c, Uhrf1
GO:1902099	regulation of metaphase/anaphase transition of cell cycle	92	16	1.32	2.4e-13	4.525925925925926e-11	0.17391304347826086	Aurkb, Birc5, Bub1, Ccnb1, Cdc20, Cdc6, Cdca8, Cenpe, Knl1, Ndc80, Nuf2, Plk1, Ska1, Spc24, Ttk, Ube2c
GO:0072567	chemokine (C-X-C motif) ligand 2 production	23	4	0.33	2.9e-4	0.010725786924939468	0.17391304347826086	Ccl5, Cd74, Oas1a, Oas3
GO:2000341	regulation of chemokine (C-X-C motif) ligand 2 production	23	4	0.33	2.9e-4	0.010725786924939468	0.17391304347826086	Ccl5, Cd74, Oas1a, Oas3
GO:0032467	positive regulation of cytokinesis	41	7	0.59	1.7e-6	1.1003177966101694e-4	0.17073170731707318	Aurkb, Birc5, Cdc6, Cdca8, Ect2, Kif14, Kif23
GO:0007091	metaphase/anaphase transition of mitotic cell cycle	94	16	1.35	3.3e-13	6.147256097560976e-11	0.1702127659574468	Aurkb, Birc5, Bub1, Ccnb1, Cdc20, Cdc6, Cdca8, Cenpe, Knl1, Ndc80, Nuf2, Plk1, Ska1, Spc24, Ttk, Ube2c
GO:0045063	T-helper 1 cell differentiation	24	4	0.34	3.5e-4	0.012549882629107981	0.16666666666666666	Anxa1, Irf1, Ripk2, Spn
GO:0044784	metaphase/anaphase transition of cell cycle	97	16	1.39	5.5e-13	9.546875000000001e-11	0.16494845360824742	Aurkb, Birc5, Bub1, Ccnb1, Cdc20, Cdc6, Cdca8, Cenpe, Knl1, Ndc80, Nuf2, Plk1, Ska1, Spc24, Ttk, Ube2c
GO:0033045	regulation of sister chromatid segregation	105	17	1.5	1.4e-13	2.741666666666667e-11	0.1619047619047619	Aurkb, Birc5, Bub1, Ccnb1, Cdc20, Cdc6, Cdca8, Cdk1, Cenpe, Knl1, Ndc80, Nuf2, Plk1, Ska1, Spc24, Ttk, Ube2c
GO:0007052	mitotic spindle organization	130	21	1.86	1.8e-16	6.248863636363636e-14	0.16153846153846155	Aurka, Aurkb, Birc5, Ccnb1, Cdc20, Cdca8, Cenpe, Cenph, Dlgap5, Kif11, Kif15, Kif23, Kifc1, Mybl2, Ndc80, Nek2, Nuf2, Plk1, Prc1, Tpx2, Uhrf1
GO:0002478	antigen processing and presentation of exogenous peptide antigen	31	5	0.44	7.3e-5	0.0031322331460674154	0.16129032258064516	Cd74, H2-Aa, H2-Ab1, H2-DMb1, H2-Eb1
GO:0002828	regulation of type 2 immune response	31	5	0.44	7.3e-5	0.0031322331460674154	0.16129032258064516	Anxa1, Arg1, Cd74, Irf1, Rsad2
GO:0007088	regulation of mitotic nuclear division	114	18	1.63	4.2e-14	9.035915492957746e-12	0.15789473684210525	Aurkb, Birc5, Bub1, Ccnb1, Cdc20, Cdca2, Cdca8, Cenpe, Knl1, Mki67, Ndc80, Nuf2, Nusap1, Plk1, Ska1, Spc24, Ttk, Ube2c
GO:0070269	pyroptotic inflammatory response	38	6	0.54	1.5e-5	7.819965870307168e-4	0.15789473684210525	Gbp2, Gm12250, Gzma, Gzmb, Gzmc, Zbp1
GO:1901976	regulation of cell cycle checkpoint	51	8	0.73	5.9e-7	4.3120813397129186e-5	0.1568627450980392	Aurka, Aurkb, Birc5, Ccnb1, Cdca8, Knl1, Ndc80, Ska1
GO:0031640	killing of cells of another organism	77	12	1.1	9.3e-10	1.13646e-7	0.15584415584415584	Arg1, Cxcl10, Cxcl9, Gbp2, Gm12250, Gzma, Gzmb, Gzmc, Igtp, Lgals3, Nkg7, Prf1
GO:0141061	disruption of cell in another organism	77	12	1.1	9.3e-10	1.13646e-7	0.15584415584415584	Arg1, Cxcl10, Cxcl9, Gbp2, Gm12250, Gzma, Gzmb, Gzmc, Igtp, Lgals3, Nkg7, Prf1
GO:0098813	nuclear chromosome segregation	302	47	4.33	1e-30	2.5458333333333337e-27	0.15562913907284767	Aspm, Aurka, Aurkb, Birc5, Brip1, Bub1, Ccnb1, Ccnb2, Cdc20, Cdc6, Cdca5, Cdca8, Cdk1, Cenpe, Cenpf, Ect2, Espl1, Fancd2, Kif11, Kif14, Kif15, Kif18b, Kif22, Kif23, Kif2c, Kifc1, Knl1, Knstrn, Mybl2, Ncapg, Ncaph, Ndc80, Nek2, Nuf2, Nusap1, Plk1, Prc1, Sgo1, Ska1, Smc2, Smc4, Spc24, Top2a, Tpx2, Ttk, Ube2c, Uhrf1
GO:0002483	antigen processing and presentation of endogenous peptide antigen	26	4	0.37	4.8e-4	0.0162212389380531	0.15384615384615385	H2-Q4, Raet1d, Tap1, Ulbp1
GO:0019885	antigen processing and presentation of endogenous peptide antigen via MHC class I	26	4	0.37	4.8e-4	0.0162212389380531	0.15384615384615385	H2-Q4, Raet1d, Tap1, Ulbp1
GO:0071605	monocyte chemotactic protein-1 production	26	4	0.37	4.8e-4	0.0162212389380531	0.15384615384615385	Oas1a, Oas3, Trpv4, Twist1
GO:0071637	regulation of monocyte chemotactic protein-1 production	26	4	0.37	4.8e-4	0.0162212389380531	0.15384615384615385	Oas1a, Oas3, Trpv4, Twist1
GO:0140014	mitotic nuclear division	266	40	3.81	2.7e-29	4.2770000000000003e-26	0.15037593984962405	Aurka, Aurkb, Birc5, Bub1, Ccnb1, Cdc20, Cdca2, Cdca5, Cdca8, Cdk1, Cenpe, Espl1, Kif11, Kif14, Kif15, Kif18b, Kif22, Kif23, Kif2c, Kifc1, Knl1, Knstrn, Mki67, Mybl2, Ncapg, Ncaph, Ndc80, Nek2, Nuf2, Nusap1, Plk1, Prc1, Ska1, Smc2, Smc4, Spc24, Tpx2, Ttk, Ube2c, Uhrf1
GO:0141060	disruption of anatomical structure in another organism	80	12	1.15	1.5e-9	1.7098880597014924e-7	0.15	Arg1, Cxcl10, Cxcl9, Gbp2, Gm12250, Gzma, Gzmb, Gzmc, Igtp, Lgals3, Nkg7, Prf1
GO:0051225	spindle assembly	135	20	1.93	5.5e-15	1.5557870370370372e-12	0.14814814814814814	Aspm, Aurka, Aurkb, Birc5, Ccnb2, Cdc20, Cdca8, Cenpe, Kif11, Kif15, Kif23, Kifc1, Mybl2, Ndc80, Nek2, Plk1, Prc1, Ska1, Tpx2, Uhrf1
GO:0034508	centromere complex assembly	27	4	0.39	5.6e-4	0.018636165577342045	0.14814814814814814	Cenpa, Cenpe, Cenph, Dlgap5
GO:0046426	negative regulation of receptor signaling pathway via JAK-STAT	27	4	0.39	5.6e-4	0.018636165577342045	0.14814814814814814	Hmga2, Irf1, Socs1, Socs3
GO:2001251	negative regulation of chromosome organization	95	14	1.36	7.8e-11	1.0543805309734514e-8	0.14736842105263157	Aurkb, Birc5, Bub1, Ccnb1, Cdc20, Cdca8, Cenpe, Knl1, Ndc80, Nuf2, Plk1, Ska1, Spc24, Ttk
GO:1902850	microtubule cytoskeleton organization involved in mitosis	164	24	2.35	1.3e-17	5.091666666666667e-15	0.14634146341463414	Aurka, Aurkb, Birc5, Ccnb1, Cdc20, Cdca8, Cdk1, Cenpa, Cenpe, Cenph, Dlgap5, Kif11, Kif15, Kif23, Kifc1, Mybl2, Ndc80, Nek2, Nuf2, Nusap1, Plk1, Prc1, Tpx2, Uhrf1
GO:0045824	negative regulation of innate immune response	96	14	1.38	9e-11	1.1954347826086958e-8	0.14583333333333334	Acod1, Arg1, Aurkb, Ifi206, Ifi213, Isg15, Mndal, Nlrc5, Nmi, Oas1a, Oas3, Smpdl3b, Tap1, Usp18
GO:0048002	antigen processing and presentation of peptide antigen	62	9	0.89	2.3e-7	1.8393979057591623e-5	0.14516129032258066	Cd74, H2-Aa, H2-Ab1, H2-DMb1, H2-Eb1, H2-Q4, Raet1d, Tap1, Ulbp1
GO:2000108	positive regulation of leukocyte apoptotic process	35	5	0.5	1.3e-4	0.005381436314363143	0.14285714285714285	Anxa1, Ccl5, Cd44, Cdkn2a, Myc
GO:0001783	B cell apoptotic process	28	4	0.4	6.4e-4	0.020624472573839665	0.14285714285714285	Aurkb, Cd44, Cd74, Myc
GO:0019883	antigen processing and presentation of endogenous antigen	28	4	0.4	6.4e-4	0.020624472573839665	0.14285714285714285	H2-Q4, Raet1d, Tap1, Ulbp1
GO:0045581	negative regulation of T cell differentiation	50	7	0.72	6.7e-6	3.81875e-4	0.14	Anxa1, Cd44, Cd74, Cdkn2a, Irf1, Lgals1, Socs1
GO:0006925	inflammatory cell apoptotic process	29	4	0.42	7.4e-4	0.02340269151138716	0.13793103448275862	Anxa1, Ccl5, Cd44, Cdkn2a
GO:0010800	positive regulation of peptidyl-threonine phosphorylation	29	4	0.42	7.4e-4	0.02340269151138716	0.13793103448275862	Igtp, Irgm1, Plk1, Ripk2
GO:0046639	negative regulation of alpha-beta T cell differentiation	29	4	0.42	7.4e-4	0.02340269151138716	0.13793103448275862	Anxa1, Irf1, Lgals1, Socs1
GO:1904893	negative regulation of receptor signaling pathway via STAT	29	4	0.42	7.4e-4	0.02340269151138716	0.13793103448275862	Hmga2, Irf1, Socs1, Socs3
GO:0060338	regulation of type I interferon-mediated signaling pathway	44	6	0.63	3.6e-5	0.0017077639751552794	0.13636363636363635	Isg15, Nlrc5, Oas1a, Oas3, Usp18, Zbp1
GO:0019884	antigen processing and presentation of exogenous antigen	37	5	0.53	1.7e-4	0.006727331606217617	0.13513513513513514	Cd74, H2-Aa, H2-Ab1, H2-DMb1, H2-Eb1
GO:1901992	positive regulation of mitotic cell cycle phase transition	97	13	1.39	1.3e-9	1.5043560606060607e-7	0.13402061855670103	Anxa1, Birc5, Ccnb1, Ccnd2, Cdc20, Cdca5, Cdk1, Cenpe, Dbf4, Dtl, Rrm2, Ska1, Ube2c
GO:0007051	spindle organization	203	27	2.91	1.4e-18	6.48030303030303e-16	0.1330049261083744	Aspm, Aurka, Aurkb, Birc5, Ccnb1, Ccnb2, Cdc20, Cdca8, Cenpe, Cenph, Dlgap5, Espl1, Ezr, Kif11, Kif15, Kif23, Kifc1, Knstrn, Mybl2, Ndc80, Nek2, Nuf2, Plk1, Prc1, Ska1, Tpx2, Uhrf1
GO:0051783	regulation of nuclear division	143	19	2.05	2e-13	3.8187500000000004e-11	0.13286713286713286	Aurkb, Birc5, Bub1, Ccnb1, Cdc20, Cdca2, Cdca8, Cenpe, Knl1, Mki67, Ndc80, Nuf2, Nusap1, Plk1, Rad51ap1, Ska1, Spc24, Ttk, Ube2c
GO:0030224	monocyte differentiation	38	5	0.54	2e-4	0.007734177215189874	0.13157894736842105	Cd74, Ifi206, Ifi213, Mndal, Myc
GO:0032465	regulation of cytokinesis	84	11	1.2	3.1e-8	2.9050613496932514e-6	0.13095238095238096	Aurka, Aurkb, Birc5, Cdc6, Cdca8, Ect2, Kif14, Kif20a, Kif23, Plk1, Prc1
GO:0045069	regulation of viral genome replication	84	11	1.2	3.1e-8	2.9050613496932514e-6	0.13095238095238096	Bst2, Ccl5, Hmga2, Ifi206, Ifi213, Isg15, Mndal, Oas1a, Oas3, Rsad2, Top2a
GO:0043392	negative regulation of DNA binding	46	6	0.66	4.7e-5	0.0021494760479041915	0.13043478260869565	Gzma, Hmga2, Ifi206, Ifi213, Mndal, Nek2
GO:0007059	chromosome segregation	409	53	5.86	1e-30	2.5458333333333337e-27	0.1295843520782396	Aspm, Aurka, Aurkb, Birc5, Brip1, Bub1, Ccnb1, Ccnb2, Cdc20, Cdc6, Cdca2, Cdca5, Cdca8, Cdk1, Cenpe, Cenpf, Cenph, Dlgap5, Ect2, Esco2, Espl1, Fancd2, Kif11, Kif14, Kif15, Kif18b, Kif22, Kif23, Kif2c, Kifc1, Knl1, Knstrn, Mki67, Mybl2, Ncapg, Ncaph, Ndc80, Nek2, Nuf2, Nup37, Nusap1, Plk1, Prc1, Sgo1, Ska1, Smc2, Smc4, Spc24, Top2a, Tpx2, Ttk, Ube2c, Uhrf1
GO:1901989	positive regulation of cell cycle phase transition	117	15	1.68	1.3e-10	1.697222222222222e-8	0.1282051282051282	Anxa1, Aurka, Birc5, Ccnb1, Ccnd2, Cdc20, Cdca5, Cdk1, Cenpe, Dbf4, Dtl, Ezh2, Rrm2, Ska1, Ube2c
GO:0002832	negative regulation of response to biotic stimulus	126	16	1.8	3.5e-11	5.043632075471699e-9	0.12698412698412698	Acod1, Arg1, Aurkb, Ifi206, Ifi213, Igtp, Irgm1, Isg15, Mndal, Nlrc5, Nmi, Oas1a, Oas3, Smpdl3b, Tap1, Usp18
GO:0048525	negative regulation of viral process	79	10	1.13	1.8e-7	1.4703208556149733e-5	0.12658227848101267	Bst2, Ccl5, Hmga2, Ifi206, Ifi213, Isg15, Mndal, Oas1a, Oas3, Rsad2
GO:0007093	mitotic cell cycle checkpoint signaling	144	18	2.06	2.6e-12	4.2704301075268816e-10	0.125	Aurkb, Birc5, Bub1, Ccnb1, Cdc20, Cdc6, Cdca8, Cdk1, Cenpe, Dtl, Fancd2, Knl1, Ndc80, Nuf2, Plk1, Ska1, Spc24, Ttk
GO:0034341	response to type II interferon	136	17	1.95	1.1e-11	1.6473039215686274e-9	0.125	Acod1, Arg1, Bst2, Capg, Ccl5, Cd74, Ciita, Gbp10, Gbp2, Gbp6, Igtp, Irf1, Irgm1, Nlrc5, Tgtp1, Ubd, Vim
GO:0045620	negative regulation of lymphocyte differentiation	56	7	0.8	1.5e-5	7.819965870307168e-4	0.125	Anxa1, Cd44, Cd74, Cdkn2a, Irf1, Lgals1, Socs1
GO:0141085	regulation of inflammasome-mediated signaling pathway	56	7	0.8	1.5e-5	7.819965870307168e-4	0.125	Gbp2, Gm12250, Ifi206, Ifi213, Igtp, Irgm1, Mndal
GO:0002418	immune response to tumor cell	32	4	0.46	0.00108	0.032732142857142855	0.125	Klrk1, Nkg7, Prf1, Ulbp1
GO:0043516	regulation of DNA damage response, signal transduction by p53 class mediator	32	4	0.46	0.00108	0.032732142857142855	0.125	Cd44, Cd74, Cdkn2a, Twist1
GO:0006270	DNA replication initiation	33	4	0.47	0.00121	0.035680984555984556	0.12121212121212122	Cdc6, Mcm10, Mcm3, Mcm5
GO:0140888	interferon-mediated signaling pathway	84	10	1.2	3.3e-7	2.5330402010050255e-5	0.11904761904761904	Arg1, Igtp, Irf1, Irgm1, Isg15, Nlrc5, Oas1a, Oas3, Usp18, Zbp1
GO:0045840	positive regulation of mitotic nuclear division	42	5	0.6	3.2e-4	0.01166587112171838	0.11904761904761904	Cdc20, Cenpe, Nusap1, Ska1, Ube2c
GO:0043372	positive regulation of CD4-positive, alpha-beta T cell differentiation	34	4	0.49	0.00136	0.03949429657794677	0.11764705882352941	Anxa1, Irf1, Ripk2, Socs1
GO:0140013	meiotic nuclear division	189	22	2.71	4e-14	8.728571428571428e-12	0.1164021164021164	Aspm, Aurka, Birc5, Brip1, Ccnb2, Cdc20, Cenpe, Espl1, Fancd2, Knl1, Ncaph, Ndc80, Nuf2, Plk1, Rad51ap1, Rad54l, Sgo1, Ska1, Smc2, Smc4, Top2a, Ttk
GO:0071346	cellular response to type II interferon	113	13	1.62	8.5e-9	8.892979452054795e-7	0.11504424778761062	Acod1, Arg1, Capg, Ccl5, Ciita, Gbp10, Gbp2, Gbp6, Igtp, Irf1, Irgm1, Nlrc5, Vim
GO:0033260	nuclear DNA replication	35	4	0.5	0.00152	0.0429962962962963	0.11428571428571428	Dbf4, Mcm3, Mcm5, Tk1
GO:0051642	centrosome localization	35	4	0.5	0.00152	0.0429962962962963	0.11428571428571428	Aspm, Aurka, Dlgap5, Ezr
GO:2000515	negative regulation of CD4-positive, alpha-beta T cell activation	35	4	0.5	0.00152	0.0429962962962963	0.11428571428571428	Anxa1, Cd44, Irf1, Lgals1
GO:0061982	meiosis I cell cycle process	123	14	1.76	2.6e-9	2.920220588235294e-7	0.11382113821138211	Aurka, Birc5, Brip1, Ccnb2, Cdc20, Cenpe, Espl1, Fancd2, Knl1, Ndc80, Plk1, Rad51ap1, Rad54l, Top2a
GO:0042092	type 2 immune response	44	5	0.63	4e-4	0.014013761467889907	0.11363636363636363	Anxa1, Arg1, Cd74, Irf1, Rsad2
GO:0090068	positive regulation of cell cycle process	256	29	3.67	5.9e-18	2.503402777777778e-15	0.11328125	Anxa1, Aurka, Aurkb, Birc5, Bub1, Ccnb1, Ccnd2, Cdc20, Cdc6, Cdca5, Cdca8, Cdk1, Cenpe, Dbf4, Dtl, Ect2, Ezh2, Kif14, Kif23, Knl1, Ncaph, Ndc80, Nusap1, Rad51ap1, Rrm2, Ska1, Smc2, Smc4, Ube2c
GO:0007127	meiosis I	115	13	1.65	1.1e-8	1.1201666666666665e-6	0.11304347826086956	Aurka, Birc5, Brip1, Ccnb2, Cenpe, Espl1, Fancd2, Knl1, Ndc80, Plk1, Rad51ap1, Rad54l, Top2a
GO:0000280	nuclear division	425	48	6.09	2.8e-29	4.2770000000000003e-26	0.11294117647058824	Aspm, Aurka, Aurkb, Birc5, Brip1, Bub1, Ccnb1, Ccnb2, Cdc20, Cdca2, Cdca5, Cdca8, Cdk1, Cenpe, Espl1, Fancd2, Kif11, Kif14, Kif15, Kif18b, Kif22, Kif23, Kif2c, Kifc1, Knl1, Knstrn, Mki67, Mybl2, Ncapg, Ncaph, Ndc80, Nek2, Nuf2, Nusap1, Plk1, Prc1, Rad51ap1, Rad54l, Sgo1, Ska1, Smc2, Smc4, Spc24, Top2a, Tpx2, Ttk, Ube2c, Uhrf1
GO:0045931	positive regulation of mitotic cell cycle	133	15	1.91	7.9e-10	9.810772357723577e-8	0.11278195488721804	Anxa1, Aurka, Birc5, Ccnb1, Ccnd2, Cdc20, Cdca5, Cdk1, Cenpe, Dbf4, Dtl, Eif4ebp1, Rrm2, Ska1, Ube2c
GO:0042267	natural killer cell mediated cytotoxicity	71	8	1.02	7.8e-6	4.364285714285714e-4	0.11267605633802817	Fcgr4, Gzmb, Gzmc, Klrk1, Nkg7, Raet1d, Tap1, Ulbp1
GO:1903046	meiotic cell cycle process	216	24	3.09	7.6e-15	2.0730357142857147e-12	0.1111111111111111	Aspm, Aurka, Birc5, Brip1, Ccnb2, Cdc20, Cenpe, Espl1, Fancd2, Knl1, Mcm3, Mcm5, Ncaph, Ndc80, Nuf2, Plk1, Rad51ap1, Rad54l, Sgo1, Ska1, Smc2, Smc4, Top2a, Ttk
GO:0039532	negative regulation of cytoplasmic pattern recognition receptor signaling pathway	63	7	0.9	3.2e-5	0.001541955835962145	0.1111111111111111	Aurkb, Cgas, Ifi206, Ifi213, Igtp, Irgm1, Mndal
GO:0046636	negative regulation of alpha-beta T cell activation	45	5	0.64	4.4e-4	0.0150695067264574	0.1111111111111111	Anxa1, Cd44, Irf1, Lgals1, Socs1
GO:2000516	positive regulation of CD4-positive, alpha-beta T cell activation	45	5	0.64	4.4e-4	0.0150695067264574	0.1111111111111111	Anxa1, Irf1, Irgm1, Ripk2, Socs1
GO:0061842	microtubule organizing center localization	36	4	0.52	0.00169	0.04668128390596745	0.1111111111111111	Aspm, Aurka, Dlgap5, Ezr
GO:2000780	negative regulation of double-strand break repair	36	4	0.52	0.00169	0.04668128390596745	0.1111111111111111	Cgas, Hmga2, Plk1, Twist1
GO:0019882	antigen processing and presentation	109	12	1.56	5.3e-8	4.790384615384615e-6	0.11009174311926606	Cd74, Fcgr4, H2-Aa, H2-Ab1, H2-DMb1, H2-Eb1, H2-Q4, Psmb8, Psmb9, Raet1d, Tap1, Ulbp1
GO:0141084	inflammasome-mediated signaling pathway	64	7	0.92	3.5e-5	0.0016654984423676012	0.109375	Gbp2, Gm12250, Ifi206, Ifi213, Igtp, Irgm1, Mndal
GO:0000281	mitotic cytokinesis	92	10	1.32	7.9e-7	5.510159817351598e-5	0.10869565217391304	Aurkb, Birc5, Cdca8, Cenpa, Ckap2, Ect2, Kif20a, Kif23, Nusap1, Plk1
GO:0032728	positive regulation of interferon-beta production	46	5	0.66	4.9e-4	0.01652262693156733	0.10869565217391304	Hmgb2, Irf1, Isg15, Oas1a, Oas3
GO:1901991	negative regulation of mitotic cell cycle phase transition	175	19	2.51	8e-12	1.2343434343434345e-9	0.10857142857142857	Aurkb, Birc5, Bub1, Ccnb1, Cdc20, Cdc6, Cdca8, Cdk1, Cenpe, Dtl, Ezh2, Gpnmb, Knl1, Ndc80, Nuf2, Plk1, Ska1, Spc24, Ttk
GO:1903900	regulation of viral life cycle	120	13	1.72	1.8e-8	1.7738709677419353e-6	0.10833333333333334	Bst2, Ccl5, Cd74, Hmga2, Ifi206, Ifi213, Isg15, Lgals1, Mndal, Oas1a, Oas3, Rsad2, Top2a
GO:0002228	natural killer cell mediated immunity	75	8	1.07	1.2e-5	6.454225352112677e-4	0.10666666666666667	Fcgr4, Gzmb, Gzmc, Klrk1, Nkg7, Raet1d, Tap1, Ulbp1
GO:0048285	organelle fission	483	51	6.92	1.1e-29	2.1003124999999998e-26	0.10559006211180125	Aspm, Aurka, Aurkb, Birc5, Brip1, Bub1, Ccnb1, Ccnb2, Cdc20, Cdca2, Cdca5, Cdca8, Cdk1, Cenpe, Espl1, Fancd2, Igtp, Irgm1, Kif11, Kif14, Kif15, Kif18b, Kif22, Kif23, Kif2c, Kifc1, Knl1, Knstrn, Mki67, Mtfr2, Mybl2, Ncapg, Ncaph, Ndc80, Nek2, Nuf2, Nusap1, Plk1, Prc1, Rad51ap1, Rad54l, Sgo1, Ska1, Smc2, Smc4, Spc24, Top2a, Tpx2, Ttk, Ube2c, Uhrf1
GO:0007131	reciprocal meiotic recombination	48	5	0.69	6e-4	0.01958333333333333	0.10416666666666667	Brip1, Fancd2, Rad51ap1, Rad54l, Top2a
GO:0140527	reciprocal homologous recombination	48	5	0.69	6e-4	0.01958333333333333	0.10416666666666667	Brip1, Fancd2, Rad51ap1, Rad54l, Top2a
GO:0051321	meiotic cell cycle	279	29	4	6.2e-17	2.3098780487804876e-14	0.1039426523297491	3830403N18Rik, Aspm, Aurka, Birc5, Brip1, Ccnb2, Cdc20, Cenpe, Espl1, Exo1, Fancd2, Hmga2, Knl1, Mcm3, Mcm5, Mki67, Ncaph, Ndc80, Nek2, Nuf2, Plk1, Rad51ap1, Rad54l, Sgo1, Ska1, Smc2, Smc4, Top2a, Ttk
GO:0007062	sister chromatid cohesion	58	6	0.83	1.8e-4	0.007068123393316196	0.10344827586206896	Bub1, Cdc20, Cdca5, Esco2, Kif22, Sgo1
GO:0050777	negative regulation of immune response	186	19	2.66	2.4e-11	3.4914285714285718e-9	0.10215053763440861	Acod1, Anxa1, Arg1, Aurkb, Ifi206, Ifi213, Irf1, Isg15, Lgals1, Lgals3, Mndal, Nlrc5, Nmi, Oas1a, Oas3, Smpdl3b, Spn, Tap1, Usp18
GO:0046633	alpha-beta T cell proliferation	49	5	0.7	6.6e-4	0.021179621848739495	0.10204081632653061	Cd44, Irf1, Irgm1, Myc, Ripk2
GO:0001961	positive regulation of cytokine-mediated signaling pathway	60	6	0.86	2.1e-4	0.008100378787878788	0.1	Cd74, Igtp, Irgm1, Nlrc5, Ripk2, Zbp1
GO:0051785	positive regulation of nuclear division	61	6	0.87	2.3e-4	0.008783125000000001	0.09836065573770492	Cdc20, Cenpe, Nusap1, Rad51ap1, Ska1, Ube2c
GO:0000075	cell cycle checkpoint signaling	194	19	2.78	4.9e-11	6.866743119266054e-9	0.0979381443298969	Aurka, Aurkb, Birc5, Bub1, Ccnb1, Cdc20, Cdc6, Cdca8, Cdk1, Cenpe, Dtl, Fancd2, Knl1, Ndc80, Nuf2, Plk1, Ska1, Spc24, Ttk
GO:0051276	chromosome organization	515	50	7.38	2.1e-27	2.6731250000000004e-24	0.0970873786407767	Aurkb, Birc5, Brip1, Bub1, Ccnb1, Cdc20, Cdc6, Cdca5, Cdca8, Cdk1, Cenpa, Cenpe, Cenph, Dlgap5, Esco2, Espl1, Fancd2, Hmga2, Hmgb2, Kif11, Kif14, Kif15, Kif18b, Kif22, Kif23, Kif2c, Kifc1, Knl1, Knstrn, Mybl2, Myc, Ncapg, Ncaph, Ndc80, Nek2, Nuf2, Nusap1, Plk1, Prc1, Rad54l, Sgo1, Ska1, Smc2, Smc4, Spc24, Top2a, Tpx2, Ttk, Ube2c, Uhrf1
GO:0033044	regulation of chromosome organization	237	23	3.39	5.1e-13	8.954310344827587e-11	0.0970464135021097	Aurkb, Birc5, Bub1, Ccnb1, Cdc20, Cdc6, Cdca8, Cdk1, Cenpe, Knl1, Myc, Ncapg, Ncaph, Ndc80, Nek2, Nuf2, Plk1, Ska1, Smc2, Smc4, Spc24, Ttk, Ube2c
GO:0007019	microtubule depolymerization	62	6	0.89	2.6e-4	0.009757985257985257	0.0967741935483871	Aurkb, Ckap2, Kif18b, Kif2c, Tpx2, Trpv4
GO:0032722	positive regulation of chemokine production	74	7	1.06	9.1e-5	0.0038504847645429363	0.0945945945945946	Ccl5, Cd74, Oas1a, Oas3, Ripk2, Trpv4, Twist1
GO:0048146	positive regulation of fibroblast proliferation	74	7	1.06	9.1e-5	0.0038504847645429363	0.0945945945945946	Anxa2, Ccna2, Ccnb1, Cd74, Cdc6, Hmga2, Myc
GO:2001252	positive regulation of chromosome organization	106	10	1.52	2.9e-6	1.822942386831276e-4	0.09433962264150944	Aurkb, Bub1, Cdk1, Myc, Ncapg, Ncaph, Nek2, Ska1, Smc2, Smc4
GO:0019079	viral genome replication	117	11	1.68	9.6e-7	6.546428571428571e-5	0.09401709401709402	Bst2, Ccl5, Hmga2, Ifi206, Ifi213, Isg15, Mndal, Oas1a, Oas3, Rsad2, Top2a
GO:0051653	spindle localization	64	6	0.92	3e-4	0.011015625	0.09375	Aspm, Cenpa, Ndc80, Nusap1, Plk1, Ska1
GO:0050868	negative regulation of T cell activation	129	12	1.85	3.4e-7	2.5967499999999998e-5	0.09302325581395349	Anxa1, Arg1, Cd44, Cd74, Cdkn2a, Gpnmb, H2-Aa, Irf1, Lgals1, Lgals3, Socs1, Spn
GO:0045787	positive regulation of cell cycle	334	31	4.78	1.3e-16	4.618023255813953e-14	0.09281437125748503	Anxa1, Aurka, Aurkb, Birc5, Bub1, Ccnb1, Ccnd2, Cdc20, Cdc6, Cdca5, Cdca8, Cdk1, Cenpe, Dbf4, Dtl, Ect2, Eif4ebp1, Ezh2, Kif14, Kif23, Knl1, Myc, Ncaph, Ndc80, Nusap1, Rad51ap1, Rrm2, Ska1, Smc2, Smc4, Ube2c
GO:0043370	regulation of CD4-positive, alpha-beta T cell differentiation	54	5	0.77	0.00103	0.03165643863179075	0.09259259259259259	Anxa1, Irf1, Lgals1, Ripk2, Socs1
GO:0032608	interferon-beta production	65	6	0.93	3.3e-4	0.011916666666666667	0.09230769230769231	Hmgb2, Irf1, Isg15, Nmi, Oas1a, Oas3
GO:0032648	regulation of interferon-beta production	65	6	0.93	3.3e-4	0.011916666666666667	0.09230769230769231	Hmgb2, Irf1, Isg15, Nmi, Oas1a, Oas3
GO:0060337	type I interferon-mediated signaling pathway	65	6	0.93	3.3e-4	0.011916666666666667	0.09230769230769231	Isg15, Nlrc5, Oas1a, Oas3, Usp18, Zbp1
GO:0071357	cellular response to type I interferon	65	6	0.93	3.3e-4	0.011916666666666667	0.09230769230769231	Isg15, Nlrc5, Oas1a, Oas3, Usp18, Zbp1
GO:2000514	regulation of CD4-positive, alpha-beta T cell activation	77	7	1.1	1.2e-4	0.004994550408719346	0.09090909090909091	Anxa1, Cd44, Irf1, Irgm1, Lgals1, Ripk2, Socs1
GO:0060760	positive regulation of response to cytokine stimulus	66	6	0.95	3.6e-4	0.01281818181818182	0.09090909090909091	Cd74, Igtp, Irgm1, Nlrc5, Ripk2, Zbp1
GO:0035825	homologous recombination	55	5	0.79	0.00113	0.034112154150197624	0.09090909090909091	Brip1, Fancd2, Rad51ap1, Rad54l, Top2a
GO:0051607	defense response to virus	289	26	4.14	8.7e-14	1.7719e-11	0.08996539792387544	Acod1, Bst2, Ccl5, Cd8a, Cgas, Cxcl10, Cxcl9, Gbp2, Gm12250, Ifi206, Ifi213, Igtp, Irf1, Irgm1, Isg15, Mlkl, Mndal, Nlrc5, Oas1a, Oas3, Prf1, Rsad2, Slfn9, Spn, Usp18, Zbp1
GO:1903047	mitotic cell cycle process	740	66	10.6	1e-30	2.5458333333333337e-27	0.0891891891891892	Anxa1, Aurka, Aurkb, Birc5, Bub1, Ccna2, Ccnb1, Ccnb2, Ccnd2, Cdc20, Cdc6, Cdca2, Cdca5, Cdca8, Cdk1, Cdkn2a, Cenpa, Cenpe, Cenpf, Cenph, Ckap2, Cks1b, Dbf4, Dlgap5, Dtl, Ect2, Eif4ebp1, Espl1, Ezh2, Fancd2, Foxm1, Gpnmb, Kif11, Kif14, Kif15, Kif18b, Kif20a, Kif22, Kif23, Kif2c, Kifc1, Knl1, Knstrn, Mcm3, Mki67, Mybl2, Myc, Ncapg, Ncaph, Ndc80, Nek2, Nuf2, Nusap1, Plk1, Prc1, Rrm2, Ska1, Smc2, Smc4, Spc24, Tk1, Tpx2, Ttk, Ubd, Ube2c, Uhrf1
GO:0051445	regulation of meiotic cell cycle	57	5	0.82	0.00132	0.03855258126195029	0.08771929824561403	Aspm, Cdc20, Knl1, Rad51ap1, Ttk
GO:0000045	autophagosome assembly	126	11	1.8	2e-6	1.2836134453781512e-4	0.0873015873015873	Gm12185, Gm12250, Gm4841, Ifi47, Igtp, Iigp1, Iigp1c, Irgm1, Rab19, Tgtp1, Tgtp2
GO:0045930	negative regulation of mitotic cell cycle	230	20	3.29	1.3e-10	1.697222222222222e-8	0.08695652173913043	Aurkb, Birc5, Bub1, Ccnb1, Cdc20, Cdc6, Cdca8, Cdk1, Cenpe, Dtl, Ezh2, Fancd2, Gpnmb, Knl1, Ndc80, Nuf2, Plk1, Ska1, Spc24, Ttk
GO:0001906	cell killing	207	18	2.97	1.1e-9	1.3025193798449613e-7	0.08695652173913043	Arg1, Cxcl10, Cxcl9, Fcgr4, Gbp2, Gm12250, Gzma, Gzmb, Gzmc, H2-Q4, Igtp, Klrk1, Lgals3, Nkg7, Prf1, Raet1d, Tap1, Ulbp1
GO:0050792	regulation of viral process	150	13	2.15	2.5e-7	1.968427835051546e-5	0.08666666666666667	Bst2, Ccl5, Cd74, Hmga2, Ifi206, Ifi213, Isg15, Lgals1, Mndal, Oas1a, Oas3, Rsad2, Top2a
GO:1901990	regulation of mitotic cell cycle phase transition	335	29	4.8	8e-15	2.143427419354839e-12	0.08656716417910448	Anxa1, Aurkb, Birc5, Bub1, Ccnb1, Ccnd2, Cdc20, Cdc6, Cdca5, Cdca8, Cdk1, Cdkn2a, Cenpe, Cenpf, Dbf4, Dtl, Ezh2, Gpnmb, Kif14, Knl1, Ndc80, Nuf2, Plk1, Rrm2, Ska1, Spc24, Ttk, Ubd, Ube2c
GO:0001960	negative regulation of cytokine-mediated signaling pathway	81	7	1.16	1.6e-4	0.0064146981627296595	0.08641975308641975	Arg1, Ccl5, Isg15, Nlrc5, Oas1a, Oas3, Usp18
GO:0061640	cytoskeleton-dependent cytokinesis	116	10	1.66	6.6e-6	3.7758426966292137e-4	0.08620689655172414	Aurkb, Birc5, Cdca8, Cenpa, Ckap2, Ect2, Kif20a, Kif23, Nusap1, Plk1
GO:0001913	T cell mediated cytotoxicity	58	5	0.83	0.00143	0.040904962546816484	0.08620689655172414	Gzmb, H2-Q4, Prf1, Raet1d, Ulbp1
GO:0070228	regulation of lymphocyte apoptotic process	70	6	1	5e-4	0.016822687224669605	0.08571428571428572	Aurkb, Ccl5, Cd44, Cd74, Lgals3, Myc
GO:0051781	positive regulation of cell division	82	7	1.17	1.7e-4	0.006727331606217617	0.08536585365853659	Aurkb, Birc5, Cdc6, Cdca8, Ect2, Kif14, Kif23
GO:0071479	cellular response to ionizing radiation	82	7	1.17	1.7e-4	0.006727331606217617	0.08536585365853659	Ccnd2, Ddias, Ect2, Ifi206, Ifi213, Mndal, Rad51ap1
GO:0045143	homologous chromosome segregation	59	5	0.85	0.00155	0.04352251838235294	0.0847457627118644	Brip1, Espl1, Fancd2, Knl1, Plk1
GO:0051293	establishment of spindle localization	59	5	0.85	0.00155	0.04352251838235294	0.0847457627118644	Cenpa, Ndc80, Nusap1, Plk1, Ska1
GO:0070192	chromosome organization involved in meiotic cell cycle	59	5	0.85	0.00155	0.04352251838235294	0.0847457627118644	Brip1, Fancd2, Ncaph, Smc2, Smc4
GO:0051301	cell division	618	52	8.85	1.5e-25	1.6366071428571429e-22	0.08414239482200647	Aspm, Aurka, Aurkb, Birc5, Brip1, Bub1, Ccna2, Ccnb1, Ccnb2, Ccnd2, Cdc20, Cdc6, Cdca2, Cdca3, Cdca5, Cdca8, Cdk1, Cdkn2a, Cenpa, Cenpe, Ckap2, Cks1b, Ect2, Ercc6l, Hmga2, Kif11, Kif14, Kif18b, Kif20a, Kif23, Kif2c, Kifc1, Knl1, Knstrn, Mis18bp1, Myc, Ncaph, Ndc80, Nek2, Nuf2, Nup37, Nusap1, Plk1, Prc1, Sgo1, Ska1, Smc2, Smc4, Spc24, Top2a, Tpx2, Ube2c
GO:0034340	response to type I interferon	72	6	1.03	5.8e-4	0.019093750000000003	0.08333333333333333	Isg15, Nlrc5, Oas1a, Oas3, Usp18, Zbp1
GO:0034142	toll-like receptor 4 signaling pathway	60	5	0.86	0.00167	0.046296279491833035	0.08333333333333333	Acod1, Ifi35, Nmi, Oas1a, Ripk2
GO:0140374	antiviral innate immune response	60	5	0.86	0.00167	0.046296279491833035	0.08333333333333333	Cxcl10, Oas1a, Oas3, Usp18, Zbp1
GO:0060761	negative regulation of response to cytokine stimulus	85	7	1.22	2.2e-4	0.008443467336683419	0.08235294117647059	Arg1, Ccl5, Isg15, Nlrc5, Oas1a, Oas3, Usp18
GO:0009615	response to virus	365	30	5.23	1.1e-14	2.585e-12	0.0821917808219178	Acod1, Bst2, Ccl5, Cd8a, Cgas, Cxcl10, Cxcl9, Gbp2, Gm12250, Ifi206, Ifi213, Ifi27l2a, Igtp, Irf1, Irgm1, Isg15, Lcn2, Mlkl, Mndal, Nlrc5, Nmi, Oas1a, Oas3, Prf1, Rsad2, Slfn9, Spn, Tgtp1, Usp18, Zbp1
GO:1903038	negative regulation of leukocyte cell-cell adhesion	146	12	2.09	1.3e-6	8.596320346320346e-5	0.0821917808219178	Anxa1, Arg1, Cd44, Cd74, Cdkn2a, Gpnmb, H2-Aa, Irf1, Lgals1, Lgals3, Socs1, Spn
GO:1905037	autophagosome organization	134	11	1.92	3.7e-6	2.2250984251968503e-4	0.08208955223880597	Gm12185, Gm12250, Gm4841, Ifi47, Igtp, Iigp1, Iigp1c, Irgm1, Rab19, Tgtp1, Tgtp2
GO:0044839	cell cycle G2/M phase transition	160	13	2.29	5.3e-7	3.8921875e-5	0.08125	Aurkb, Birc5, Ccna2, Ccnb1, Ccnb2, Cdc6, Cdk1, Cenpf, Dtl, Foxm1, Kif14, Ndc80, Plk1
GO:0031348	negative regulation of defense response	247	20	3.54	4.7e-10	5.8846311475409834e-8	0.08097165991902834	Acod1, Arg1, Aurkb, Cd44, Ifi206, Ifi213, Igtp, Irgm1, Isg15, Mndal, Nlrc5, Nmi, Oas1a, Oas3, Pbk, Smpdl3b, Socs3, Spn, Tap1, Usp18
GO:0051302	regulation of cell division	173	14	2.48	2e-7	1.6164021164021165e-5	0.08092485549132948	Aspm, Aurka, Aurkb, Birc5, Cdc6, Cdca8, Ect2, Kif14, Kif18b, Kif20a, Kif23, Myc, Plk1, Prc1
GO:0001909	leukocyte mediated cytotoxicity	136	11	1.95	4.2e-6	2.477027027027027e-4	0.08088235294117647	Arg1, Fcgr4, Gzmb, Gzmc, H2-Q4, Klrk1, Nkg7, Prf1, Raet1d, Tap1, Ulbp1
GO:0044772	mitotic cell cycle phase transition	433	35	6.2	9.1e-17	3.309583333333333e-14	0.08083140877598152	Anxa1, Aurkb, Birc5, Bub1, Ccna2, Ccnb1, Ccnb2, Ccnd2, Cdc20, Cdc6, Cdca5, Cdca8, Cdk1, Cdkn2a, Cenpe, Cenpf, Cks1b, Dbf4, Dtl, Eif4ebp1, Ezh2, Foxm1, Gpnmb, Kif14, Knl1, Myc, Ndc80, Nuf2, Plk1, Rrm2, Ska1, Spc24, Ttk, Ubd, Ube2c
GO:1901988	negative regulation of cell cycle phase transition	261	21	3.74	1.9e-10	2.3985537190082642e-8	0.08045977011494253	Aurka, Aurkb, Birc5, Bub1, Ccnb1, Cdc20, Cdc6, Cdca8, Cdk1, Cenpe, Dtl, Ezh2, Fancd2, Gpnmb, Knl1, Ndc80, Nuf2, Plk1, Ska1, Spc24, Ttk
GO:0035710	CD4-positive, alpha-beta T cell activation	125	10	1.79	1.3e-5	6.943181818181817e-4	0.08	Anxa1, Cd44, Irf1, Irgm1, Lgals1, Nkg7, Ripk2, Rsad2, Socs1, Spn
GO:0018107	peptidyl-threonine phosphorylation	88	7	1.26	2.7e-4	0.010083740831295844	0.07954545454545454	Cdk1, Igtp, Irgm1, Pbk, Plk1, Ripk2, Ttk
GO:1903707	negative regulation of hemopoiesis	114	9	1.63	3.9e-5	0.0018107142857142857	0.07894736842105263	Anxa1, Cd44, Cd74, Cdkn2a, Irf1, Irgm1, Lgals1, Myc, Socs1
GO:0042130	negative regulation of T cell proliferation	76	6	1.09	7.7e-4	0.02430113636363636	0.07894736842105263	Arg1, Cd44, Cdkn2a, Gpnmb, H2-Aa, Spn
GO:0000278	mitotic cell cycle	863	68	12.36	1e-30	2.5458333333333337e-27	0.07879490150637311	Anxa1, Aurka, Aurkb, Birc5, Bub1, Ccna2, Ccnb1, Ccnb2, Ccnd2, Cdc20, Cdc6, Cdca2, Cdca5, Cdca8, Cdk1, Cdkn2a, Cenpa, Cenpe, Cenpf, Cenph, Ckap2, Cks1b, Dbf4, Dlgap5, Dtl, Ect2, Eif4ebp1, Espl1, Ezh2, Fancd2, Foxm1, Gpnmb, Kif11, Kif14, Kif15, Kif18b, Kif20a, Kif22, Kif23, Kif2c, Kifc1, Knl1, Knstrn, Mcm3, Mki67, Mybl2, Myc, Ncapg, Ncaph, Ndc80, Nek2, Nuf2, Nusap1, Plk1, Prc1, Rrm2, Ska1, Smc2, Smc4, Spc24, Tk1, Tpx2, Ttk, Tuba1c, Tubb6, Ubd, Ube2c, Uhrf1
GO:0001959	regulation of cytokine-mediated signaling pathway	153	12	2.19	2.1e-6	1.342154811715481e-4	0.0784313725490196	Arg1, Ccl5, Cd74, Igtp, Irgm1, Isg15, Nlrc5, Oas1a, Oas3, Ripk2, Usp18, Zbp1
GO:0000910	cytokinesis	179	14	2.56	3.1e-7	2.4036802030456854e-5	0.0782122905027933	Aurka, Aurkb, Birc5, Cdc6, Cdca8, Cenpa, Ckap2, Ect2, Kif14, Kif20a, Kif23, Nusap1, Plk1, Prc1
GO:0070301	cellular response to hydrogen peroxide	77	6	1.1	8.3e-4	0.0260869341563786	0.07792207792207792	Anxa1, Cdk1, Cdkn2a, Ect2, Ezh2, Lcn2
GO:0042129	regulation of T cell proliferation	180	14	2.58	3.3e-7	2.5330402010050255e-5	0.07777777777777778	Anxa1, Arg1, Ccl5, Cd44, Cdkn2a, Gpnmb, H2-Aa, H2-DMb1, Irf1, Irgm1, Lgals3, Ripk2, Spn, Tnfrsf9
GO:0039531	regulation of cytoplasmic pattern recognition receptor signaling pathway	129	10	1.85	1.7e-5	8.802542372881357e-4	0.07751937984496124	Aurkb, Cgas, Gbp2, Gm12250, Ifi206, Ifi213, Igtp, Irgm1, Mndal, Rsad2
GO:0000086	G2/M transition of mitotic cell cycle	143	11	2.05	6.9e-6	3.9036111111111113e-4	0.07692307692307693	Aurkb, Birc5, Ccna2, Ccnb1, Cdc6, Cdk1, Cenpf, Dtl, Foxm1, Kif14, Plk1
GO:0062207	regulation of pattern recognition receptor signaling pathway	183	14	2.62	4.1e-7	3.100371287128713e-5	0.07650273224043716	Acod1, Aurkb, Cgas, Gbp2, Gm12250, Ifi206, Ifi213, Ifi35, Igtp, Irf1, Irgm1, Mndal, Rsad2, Smpdl3b
GO:0007346	regulation of mitotic cell cycle	497	38	7.12	2.5e-17	9.546875e-15	0.07645875251509054	Anxa1, Aurka, Aurkb, Birc5, Bub1, Ccnb1, Ccnd2, Cdc20, Cdc6, Cdca2, Cdca5, Cdca8, Cdk1, Cdkn2a, Cenpe, Cenpf, Cks1b, Dbf4, Dlgap5, Dtl, Eif4ebp1, Ezh2, Fancd2, Gpnmb, Kif14, Knl1, Mki67, Myc, Ndc80, Nuf2, Nusap1, Plk1, Rrm2, Ska1, Spc24, Ttk, Ubd, Ube2c
GO:0002698	negative regulation of immune effector process	118	9	1.69	5.1e-5	0.0022912500000000003	0.07627118644067797	Anxa1, Arg1, Bst2, Irf1, Lgals1, Lgals3, Spn, Tap1, Twist1
GO:0010948	negative regulation of cell cycle process	302	23	4.33	7.5e-11	1.0320945945945947e-8	0.076158940397351	Aurka, Aurkb, Birc5, Bub1, Ccnb1, Cdc20, Cdc6, Cdca8, Cdk1, Cenpe, Dtl, Ezh2, Fancd2, Gpnmb, Kifc1, Knl1, Ndc80, Nek2, Nuf2, Plk1, Ska1, Spc24, Ttk
GO:0051101	regulation of DNA binding	106	8	1.52	1.4e-4	0.005779729729729729	0.07547169811320754	Gzma, Hmga2, Hmgb2, Ifi206, Ifi213, Mndal, Nek2, Twist1
GO:0051250	negative regulation of lymphocyte activation	160	12	2.29	3.4e-6	2.0941532258064518e-4	0.075	Anxa1, Arg1, Cd44, Cd74, Cdkn2a, Gpnmb, H2-Aa, Irf1, Lgals1, Lgals3, Socs1, Spn
GO:0031343	positive regulation of cell killing	80	6	1.15	0.00101	0.03123026315789474	0.075	Arg1, H2-Q4, Klrk1, Prf1, Raet1d, Ulbp1
GO:0042742	defense response to bacterium	227	17	3.25	3.1e-8	2.9050613496932514e-6	0.07488986784140969	Emilin1, Gbp10, Gbp2, Gbp6, Gm12250, Gzmb, Hmgb2, Igtp, Iigp1, Irgm1, Isg15, Klrk1, Lcn2, Oas1a, Oas3, Ripk2, Spn
GO:0032479	regulation of type I interferon production	134	10	1.92	2.3e-5	0.0011594884488448846	0.07462686567164178	Acod1, Cgas, Hmgb2, Igtp, Irf1, Irgm1, Isg15, Nmi, Oas1a, Oas3
GO:0072332	intrinsic apoptotic signaling pathway by p53 class mediator	94	7	1.35	4e-4	0.014013761467889907	0.07446808510638298	Cd44, Cd74, Ifi204, Ifi206, Ifi213, Mndal, Myc
GO:0022408	negative regulation of cell-cell adhesion	202	15	2.89	2.3e-7	1.8393979057591623e-5	0.07425742574257425	Anxa1, Arg1, Cd44, Cd74, Cdkn2a, Cdsn, Epcam, Gpnmb, H2-Aa, Irf1, Lgals1, Lgals3, Socs1, Spn, Trpv4
GO:0002753	cytoplasmic pattern recognition receptor signaling pathway	189	14	2.71	6e-7	4.3642857142857146e-5	0.07407407407407407	Aurkb, Cgas, Gbp2, Gm12250, Ifi206, Ifi213, Igtp, Irf1, Irgm1, Mndal, Oas1a, Oas3, Ripk2, Rsad2
GO:1902106	negative regulation of leukocyte differentiation	108	8	1.55	1.6e-4	0.0064146981627296595	0.07407407407407407	Anxa1, Cd44, Cd74, Cdkn2a, Irf1, Lgals1, Myc, Socs1
GO:2000106	regulation of leukocyte apoptotic process	108	8	1.55	1.6e-4	0.0064146981627296595	0.07407407407407407	Anxa1, Aurkb, Ccl5, Cd44, Cd74, Cdkn2a, Lgals3, Myc
GO:0050830	defense response to Gram-positive bacterium	81	6	1.16	0.00108	0.032732142857142855	0.07407407407407407	Gbp10, Gbp2, Gbp6, Hmgb2, Klrk1, Ripk2
GO:0043367	CD4-positive, alpha-beta T cell differentiation	95	7	1.36	4.3e-4	0.014961845102505696	0.07368421052631578	Anxa1, Irf1, Lgals1, Ripk2, Rsad2, Socs1, Spn
GO:0060759	regulation of response to cytokine stimulus	163	12	2.33	4.1e-6	2.4368677042801553e-4	0.0736196319018405	Arg1, Ccl5, Cd74, Igtp, Irgm1, Isg15, Nlrc5, Oas1a, Oas3, Ripk2, Usp18, Zbp1
GO:0051100	negative regulation of binding	136	10	1.95	2.7e-5	0.0013304032258064516	0.07352941176470588	Aurka, Aurkb, Cdkn2a, Gzma, Hmga2, Ifi206, Ifi213, Mndal, Myc, Nek2
GO:0002286	T cell activation involved in immune response	109	8	1.56	1.7e-4	0.006727331606217617	0.07339449541284404	Anxa1, Cd74, H2-DMb1, Irf1, Lgals1, Lgals3, Ripk2, Spn
GO:0002220	innate immune response activating cell surface receptor signaling pathway	82	6	1.17	0.00115	0.034511296660117874	0.07317073170731707	Acod1, Ifi35, Klrk1, Nmi, Oas1a, Ripk2
GO:0032606	type I interferon production	138	10	1.98	3e-5	0.0014501582278481013	0.07246376811594203	Acod1, Cgas, Hmgb2, Igtp, Irf1, Irgm1, Isg15, Nmi, Oas1a, Oas3
GO:0010389	regulation of G2/M transition of mitotic cell cycle	111	8	1.59	2e-4	0.007734177215189874	0.07207207207207207	Aurkb, Ccnb1, Cdc6, Cdk1, Cenpf, Dtl, Kif14, Plk1
GO:1901987	regulation of cell cycle phase transition	445	32	6.37	5.6e-14	1.1717808219178081e-11	0.07191011235955057	Anxa1, Aurka, Aurkb, Birc5, Bub1, Ccnb1, Ccnd2, Cdc20, Cdc6, Cdca5, Cdca8, Cdk1, Cdkn2a, Cenpe, Cenpf, Dbf4, Dtl, Ezh2, Fancd2, Gpnmb, Kif14, Knl1, Ndc80, Nuf2, Plk1, Rrm2, Ska1, Spc24, Tcim, Ttk, Ubd, Ube2c
GO:0018210	peptidyl-threonine modification	98	7	1.4	5.2e-4	0.017457142857142855	0.07142857142857142	Cdk1, Igtp, Irgm1, Pbk, Plk1, Ripk2, Ttk
GO:0032481	positive regulation of type I interferon production	84	6	1.2	0.0013	0.0381875	0.07142857142857142	Cgas, Hmgb2, Irf1, Isg15, Oas1a, Oas3
GO:0072091	regulation of stem cell proliferation	99	7	1.42	5.5e-4	0.018423793859649127	0.0707070707070707	Cd109, Epcam, Foxm1, Hmga2, Hmgb2, Irf6, Irgm1
GO:0002218	activation of innate immune response	314	22	4.5	9.7e-10	1.1759325396825397e-7	0.07006369426751592	Acod1, Aurkb, Cgas, Gbp2, Gm12250, Ifi204, Ifi206, Ifi211, Ifi213, Ifi35, Igtp, Irf1, Irgm1, Klrk1, Mndal, Nmi, Oas1a, Oas3, Ripk2, Rsad2, Smpdl3b, Zbp1
GO:0044770	cell cycle phase transition	544	38	7.79	4.9e-16	1.6632777777777777e-13	0.06985294117647059	Anxa1, Aurka, Aurkb, Birc5, Bub1, Ccna2, Ccnb1, Ccnb2, Ccnd2, Cdc20, Cdc6, Cdca5, Cdca8, Cdk1, Cdkn2a, Cenpe, Cenpf, Cks1b, Dbf4, Dtl, Eif4ebp1, Ezh2, Fancd2, Foxm1, Gpnmb, Kif14, Knl1, Myc, Ndc80, Nuf2, Plk1, Rrm2, Ska1, Spc24, Tcim, Ttk, Ubd, Ube2c
GO:0010564	regulation of cell cycle process	732	51	10.49	2.4e-21	1.4664e-18	0.06967213114754098	Anxa1, Aurka, Aurkb, Birc5, Bub1, Ccnb1, Ccnd2, Cdc20, Cdc6, Cdca2, Cdca5, Cdca8, Cdk1, Cdkn2a, Cenpe, Cenpf, Dbf4, Dtl, Ect2, Ezh2, Fancd2, Gpnmb, Hmga2, Kif11, Kif14, Kif20a, Kif23, Kif2c, Kifc1, Knl1, Knstrn, Mki67, Myc, Ncaph, Ndc80, Nek2, Nuf2, Nusap1, Plk1, Prc1, Rad51ap1, Rrm2, Ska1, Smc2, Smc4, Spc24, Tcim, Tpx2, Ttk, Ubd, Ube2c
GO:0045087	innate immune response	847	59	12.13	9.8e-25	9.979666666666666e-22	0.06965761511216056	Acod1, Anxa1, Arg1, Aurkb, Bst2, C1ra, C1s1, Capg, Ccl5, Cd74, Cgas, Ciita, Cxcl10, Cybb, Fcgr4, Gbp10, Gbp2, Gbp6, Gm12185, Gm12250, Gm4841, Gzmb, Gzmc, Herc6, Hmgb2, Ifi204, Ifi206, Ifi211, Ifi213, Ifi35, Ifi47, Igtp, Iigp1, Iigp1c, Irf1, Irgm1, Isg15, Klrk1, Lcn2, Lgals3, Mndal, Nkg7, Nlrc5, Nmi, Oas1a, Oas3, Raet1d, Ripk2, Rsad2, Smpdl3b, Tap1, Tgtp1, Tgtp2, Ubd, Ube2l6, Ulbp1, Usp18, Vim, Zbp1
GO:0002833	positive regulation of response to biotic stimulus	407	28	5.83	6.7e-12	1.0443112244897959e-9	0.0687960687960688	Acod1, Arg1, Aurkb, Cd74, Cgas, Emilin1, Gbp2, Gm12250, Hmgb2, Ifi204, Ifi206, Ifi211, Ifi213, Ifi35, Igtp, Irf1, Irgm1, Klrk1, Mndal, Nlrc5, Nmi, Oas1a, Oas3, Ripk2, Rsad2, Smpdl3b, Ulbp1, Zbp1
GO:0032642	regulation of chemokine production	103	7	1.48	7e-4	0.022369246861924687	0.06796116504854369	Ccl5, Cd74, Oas1a, Oas3, Ripk2, Trpv4, Twist1
GO:0045089	positive regulation of innate immune response	383	26	5.49	5.4e-11	7.498636363636364e-9	0.06788511749347259	Acod1, Aurkb, Cd74, Cgas, Gbp2, Gm12250, Hmgb2, Ifi204, Ifi206, Ifi211, Ifi213, Ifi35, Igtp, Irf1, Irgm1, Klrk1, Mndal, Nlrc5, Nmi, Oas1a, Oas3, Ripk2, Rsad2, Smpdl3b, Ulbp1, Zbp1
GO:0048144	fibroblast proliferation	148	10	2.12	5.5e-5	0.002463709677419355	0.06756756756756757	Anxa2, Ccna2, Ccnb1, Cd74, Cdc6, Cdk1, Cks1b, Hmga2, Myc, Socs1
GO:0050672	negative regulation of lymphocyte proliferation	89	6	1.27	0.00176	0.04817921146953406	0.06741573033707865	Arg1, Cd44, Cdkn2a, Gpnmb, H2-Aa, Spn
GO:0002758	innate immune response-activating signaling pathway	284	19	4.07	2.9e-8	2.76859375e-6	0.06690140845070422	Acod1, Aurkb, Cgas, Gbp2, Gm12250, Ifi206, Ifi213, Ifi35, Igtp, Irf1, Irgm1, Klrk1, Mndal, Nmi, Oas1a, Oas3, Ripk2, Rsad2, Smpdl3b
GO:0002683	negative regulation of immune system process	510	34	7.31	7.7e-14	1.5894256756756756e-11	0.06666666666666667	Acod1, Anxa1, Arg1, Aurkb, Bst2, Cd44, Cd74, Cdkn2a, Cgas, Emilin1, Ezr, Gpnmb, H2-Aa, Ifi206, Ifi213, Igtp, Irf1, Irgm1, Isg15, Klrk1, Lgals1, Lgals3, Mndal, Myc, Nlrc5, Nmi, Oas1a, Oas3, Smpdl3b, Socs1, Spn, Tap1, Twist1, Usp18
GO:0042098	T cell proliferation	225	15	3.22	9.1e-7	6.289705882352941e-5	0.06666666666666667	Anxa1, Arg1, Ccl5, Cd44, Cdkn2a, Gpnmb, H2-Aa, H2-DMb1, Irf1, Irgm1, Lgals3, Myc, Ripk2, Spn, Tnfrsf9
GO:0034502	protein localization to chromosome	120	8	1.72	3.4e-4	0.01222	0.06666666666666667	Aurkb, Cdk1, Cenpa, Esco2, Ezh2, Knl1, Plk1, Ttk
GO:0045088	regulation of innate immune response	453	30	6.49	3e-12	4.823684210526315e-10	0.06622516556291391	Acod1, Arg1, Aurkb, Cd74, Cgas, Gbp2, Gm12250, Hmgb2, Ifi204, Ifi206, Ifi211, Ifi213, Ifi35, Igtp, Irf1, Irgm1, Isg15, Klrk1, Mndal, Nlrc5, Nmi, Oas1a, Oas3, Ripk2, Rsad2, Smpdl3b, Tap1, Ulbp1, Usp18, Zbp1
GO:0140546	defense response to symbiont	907	60	12.99	5.3e-24	5.05984375e-21	0.06615214994487321	Acod1, Anxa1, Arg1, Aurkb, Bst2, C1ra, C1s1, Capg, Ccl5, Cd74, Cgas, Ciita, Cxcl10, Cxcl9, Cybb, Fcgr4, Gbp10, Gbp2, Gbp6, Gm12185, Gm12250, Gm4841, Gzmb, Gzmc, Herc6, Hmgb2, Ifi204, Ifi206, Ifi211, Ifi213, Ifi35, Ifi47, Igtp, Iigp1, Iigp1c, Irf1, Irgm1, Isg15, Klrk1, Lcn2, Lgals3, Mndal, Nkg7, Nlrc5, Nmi, Oas1a, Oas3, Raet1d, Ripk2, Rsad2, Smpdl3b, Tap1, Tgtp1, Tgtp2, Ubd, Ube2l6, Ulbp1, Usp18, Vim, Zbp1
GO:0007292	female gamete generation	167	11	2.39	3e-5	0.0014501582278481013	0.0658682634730539	Aspm, Aurka, Ccnb1, Ccnb2, Cenpe, Ncaph, Ndc80, Plk1, Ska1, Top2a, Ttk
GO:0002456	T cell mediated immunity	137	9	1.96	1.6e-4	0.0064146981627296595	0.06569343065693431	Arg1, Cd8a, Gzmb, H2-Q4, Prf1, Raet1d, Rsad2, Spn, Ulbp1
GO:0007098	centrosome cycle	137	9	1.96	1.6e-4	0.0064146981627296595	0.06569343065693431	Aurka, Kif11, Kif15, Kifc1, Ndc80, Nek2, Pclaf, Plk1, Sgo1
GO:0048145	regulation of fibroblast proliferation	122	8	1.75	3.8e-4	0.013467517401392112	0.06557377049180328	Anxa2, Ccna2, Ccnb1, Cd74, Cdc6, Hmga2, Myc, Socs1
GO:0002221	pattern recognition receptor signaling pathway	276	18	3.95	1e-7	8.533519553072625e-6	0.06521739130434782	Acod1, Aurkb, Cgas, Gbp2, Gm12250, Ifi206, Ifi213, Ifi35, Igtp, Irf1, Irgm1, Mndal, Nmi, Oas1a, Oas3, Ripk2, Rsad2, Smpdl3b
GO:0002695	negative regulation of leukocyte activation	184	12	2.64	1.4e-5	7.374137931034482e-4	0.06521739130434782	Anxa1, Arg1, Cd44, Cd74, Cdkn2a, Gpnmb, H2-Aa, Irf1, Lgals1, Lgals3, Socs1, Spn
GO:0046631	alpha-beta T cell activation	184	12	2.64	1.4e-5	7.374137931034482e-4	0.06521739130434782	Anxa1, Cd44, Igtp, Irf1, Irgm1, Lgals1, Myc, Nkg7, Ripk2, Rsad2, Socs1, Spn
GO:0000082	G1/S transition of mitotic cell cycle	217	14	3.11	3.1e-6	1.9327551020408161e-4	0.06451612903225806	Anxa1, Ccna2, Ccnb1, Ccnb2, Ccnd2, Cdk1, Cdkn2a, Dbf4, Eif4ebp1, Ezh2, Gpnmb, Kif14, Myc, Rrm2
GO:1902749	regulation of cell cycle G2/M phase transition	124	8	1.78	4.2e-4	0.014647260273972604	0.06451612903225806	Aurkb, Ccnb1, Cdc6, Cdk1, Cenpf, Dtl, Kif14, Plk1
GO:0010212	response to ionizing radiation	156	10	2.23	8.6e-5	0.0036591922005571034	0.0641025641025641	Ccnd2, Ddias, Ect2, Fancd2, Ifi206, Ifi213, Mndal, Myc, Rad51ap1, Rad54l
GO:0140694	membraneless organelle assembly	423	27	6.06	9e-11	1.1954347826086958e-8	0.06382978723404255	Aspm, Aurka, Aurkb, Birc5, Ccnb2, Cdc20, Cdca8, Cenpa, Cenpe, Cenph, Dlgap5, Ezr, Kif11, Kif15, Kif23, Kifc1, Krt8, Mybl2, Ndc80, Neb, Nek2, Plk1, Prc1, Rps6-ps4, Ska1, Tpx2, Uhrf1
GO:0050866	negative regulation of cell activation	204	13	2.92	8e-6	4.45985401459854e-4	0.06372549019607843	Anxa1, Arg1, Cd44, Cd74, Cdkn2a, Emilin1, Gpnmb, H2-Aa, Irf1, Lgals1, Lgals3, Socs1, Spn
GO:0050670	regulation of lymphocyte proliferation	236	15	3.38	1.7e-6	1.1003177966101694e-4	0.0635593220338983	Anxa1, Arg1, Ccl5, Cd44, Cd74, Cdkn2a, Gpnmb, H2-Aa, H2-DMb1, Irf1, Irgm1, Lgals3, Ripk2, Spn, Tnfrsf9
GO:0045786	negative regulation of cell cycle	379	24	5.43	1.2e-9	1.3992366412213741e-7	0.0633245382585752	Aurka, Aurkb, Birc5, Bub1, Ccnb1, Cdc20, Cdc6, Cdca8, Cdk1, Cdkn2a, Cenpe, Dtl, Ezh2, Fancd2, Gpnmb, Kifc1, Knl1, Ndc80, Nek2, Nuf2, Plk1, Ska1, Spc24, Ttk
GO:0098542	defense response to other organism	1061	67	15.2	9.3e-26	1.09275e-22	0.06314797360980208	Acod1, Anxa1, Arg1, Aurkb, Batf2, Bst2, C1ra, C1s1, Capg, Ccl5, Cd74, Cd8a, Cgas, Ciita, Cxcl10, Cxcl9, Cybb, Emilin1, Fcgr4, Gbp10, Gbp2, Gbp6, Gm12185, Gm12250, Gm4841, Gzmb, Gzmc, Herc6, Hmgb2, Ifi204, Ifi206, Ifi211, Ifi213, Ifi35, Ifi47, Igtp, Iigp1, Iigp1c, Irf1, Irgm1, Isg15, Klrk1, Lcn2, Lgals3, Mlkl, Mndal, Nkg7, Nlrc5, Nmi, Oas1a, Oas3, Prf1, Raet1d, Ripk2, Rsad2, Slfn9, Smpdl3b, Spn, Tap1, Tgtp1, Tgtp2, Ubd, Ube2l6, Ulbp1, Usp18, Vim, Zbp1
GO:0031349	positive regulation of defense response	508	32	7.28	2e-12	3.3206521739130435e-10	0.06299212598425197	Acod1, Arg1, Aurkb, Ccl5, Cd74, Cgas, Emilin1, Gbp2, Gm12250, Hmgb2, Ifi204, Ifi206, Ifi211, Ifi213, Ifi35, Igtp, Irf1, Irgm1, Klrk1, Lgals1, Mndal, Nkg7, Nlrc5, Nmi, Oas1a, Oas3, Ripk2, Rsad2, Smpdl3b, Trpv4, Ulbp1, Zbp1
GO:0022402	cell cycle process	1258	79	18.02	1.5e-30	3.273214285714286e-27	0.06279809220985691	Anxa1, Aspm, Aurka, Aurkb, Birc5, Brip1, Bub1, Ccna2, Ccnb1, Ccnb2, Ccnd2, Cdc20, Cdc6, Cdca2, Cdca5, Cdca8, Cdk1, Cdkn2a, Cenpa, Cenpe, Cenpf, Cenph, Ckap2, Cks1b, Dbf4, Dlgap5, Dtl, Ect2, Eif4ebp1, Esco2, Espl1, Ezh2, Ezr, Fancd2, Foxm1, Gpnmb, Hmga2, Kif11, Kif14, Kif15, Kif18b, Kif20a, Kif22, Kif23, Kif2c, Kifc1, Knl1, Knstrn, Mcm3, Mcm5, Mki67, Mybl2, Myc, Ncapg, Ncaph, Ndc80, Nek2, Nuf2, Nup37, Nusap1, Pclaf, Plk1, Prc1, Rad51ap1, Rad54l, Rrm2, Sgo1, Ska1, Smc2, Smc4, Spc24, Tcim, Tk1, Top2a, Tpx2, Ttk, Ubd, Ube2c, Uhrf1
GO:0032102	negative regulation of response to external stimulus	367	23	5.26	3.4e-9	3.7363309352517984e-7	0.06267029972752043	Acod1, Anxa2, Arg1, Aurkb, Cd109, Cd44, Ifi206, Ifi213, Igtp, Irgm1, Isg15, Klrk1, Mndal, Nlrc5, Nmi, Oas1a, Oas3, Pbk, Smpdl3b, Socs3, Spn, Tap1, Usp18
GO:0032944	regulation of mononuclear cell proliferation	240	15	3.44	2e-6	1.2836134453781512e-4	0.0625	Anxa1, Arg1, Ccl5, Cd44, Cd74, Cdkn2a, Gpnmb, H2-Aa, H2-DMb1, Irf1, Irgm1, Lgals3, Ripk2, Spn, Tnfrsf9
GO:0031341	regulation of cell killing	112	7	1.6	0.00115	0.034511296660117874	0.0625	Arg1, H2-Q4, Klrk1, Prf1, Raet1d, Tap1, Ulbp1
GO:0032602	chemokine production	112	7	1.6	0.00115	0.034511296660117874	0.0625	Ccl5, Cd74, Oas1a, Oas3, Ripk2, Trpv4, Twist1
GO:0046634	regulation of alpha-beta T cell activation	113	7	1.62	0.00121	0.035680984555984556	0.061946902654867256	Anxa1, Cd44, Irf1, Irgm1, Lgals1, Ripk2, Socs1
GO:0050729	positive regulation of inflammatory response	146	9	2.09	2.6e-4	0.009757985257985257	0.06164383561643835	Ccl5, Gbp2, Gm12250, Ifi35, Lgals1, Nkg7, Nmi, Trpv4, Zbp1
GO:0002449	lymphocyte mediated immunity	293	18	4.2	2.5e-7	1.968427835051546e-5	0.06143344709897611	Arg1, C1ra, C1s1, Cd74, Cd8a, Exo1, Fcgr4, Gzmb, Gzmc, H2-Q4, Klrk1, Nkg7, Prf1, Raet1d, Rsad2, Spn, Tap1, Ulbp1
GO:0002831	regulation of response to biotic stimulus	538	33	7.71	1.8e-12	3.0214285714285713e-10	0.06133828996282528	Acod1, Arg1, Aurkb, Ccl5, Cd74, Cgas, Emilin1, Gbp2, Gm12250, Hmgb2, Ifi204, Ifi206, Ifi211, Ifi213, Ifi35, Igtp, Irf1, Irgm1, Isg15, Klrk1, Mndal, Nlrc5, Nmi, Oas1a, Oas3, Ripk2, Rsad2, Smpdl3b, Spn, Tap1, Ulbp1, Usp18, Zbp1
GO:0046632	alpha-beta T cell differentiation	131	8	1.88	6e-4	0.01958333333333333	0.061068702290076333	Anxa1, Igtp, Irf1, Lgals1, Ripk2, Rsad2, Socs1, Spn
GO:0044843	cell cycle G1/S phase transition	246	15	3.52	2.8e-6	1.774688796680498e-4	0.06097560975609756	Anxa1, Ccna2, Ccnb1, Ccnb2, Ccnd2, Cdk1, Cdkn2a, Dbf4, Eif4ebp1, Ezh2, Gpnmb, Kif14, Myc, Rrm2, Tcim
GO:0071222	cellular response to lipopolysaccharide	214	13	3.07	1.3e-5	6.943181818181817e-4	0.06074766355140187	Acod1, Cxcl10, Cxcl9, Fcgr4, Gbp10, Gbp2, Gbp6, Hmgb2, Igtp, Irgm1, Klrk1, Ripk2, Vim
GO:0031023	microtubule organizing center organization	149	9	2.13	3e-4	0.011015625	0.06040268456375839	Aurka, Kif11, Kif15, Kifc1, Ndc80, Nek2, Pclaf, Plk1, Sgo1
GO:0030216	keratinocyte differentiation	116	7	1.66	0.00141	0.040637264150943396	0.0603448275862069	Anxa1, Cd109, Cdkn2a, Cdsn, Ezh2, Irf6, Krt80
GO:0000226	microtubule cytoskeleton organization	658	39	9.43	4.3e-14	9.122569444444443e-12	0.05927051671732523	Aspm, Aurka, Aurkb, Birc5, Ccnb1, Ccnb2, Cdc20, Cdca8, Cdk1, Cenpa, Cenpe, Cenph, Ckap2, Dlgap5, Espl1, Ezr, Kif11, Kif15, Kif18b, Kif20a, Kif23, Kif2c, Kifc1, Knstrn, Mybl2, Ndc80, Nek2, Nuf2, Nusap1, Pclaf, Plk1, Prc1, Sgo1, Ska1, Tpx2, Trpv4, Tuba1c, Tubb6, Uhrf1
GO:0050863	regulation of T cell activation	355	21	5.08	4.6e-8	4.20748502994012e-6	0.059154929577464786	Anxa1, Arg1, Ccl5, Cd44, Cd74, Cdkn2a, Cgas, Fancd2, Gpnmb, H2-Aa, H2-Ab1, H2-DMb1, H2-Eb1, Irf1, Irgm1, Lgals1, Lgals3, Ripk2, Socs1, Spn, Tnfrsf9
GO:0072331	signal transduction by p53 class mediator	153	9	2.19	3.7e-4	0.013143604651162792	0.058823529411764705	Cd44, Cd74, Cdkn2a, Ifi204, Ifi206, Ifi213, Mndal, Myc, Twist1
GO:0071219	cellular response to molecule of bacterial origin	222	13	3.18	2e-5	0.0010183333333333333	0.05855855855855856	Acod1, Cxcl10, Cxcl9, Fcgr4, Gbp10, Gbp2, Gbp6, Hmgb2, Igtp, Irgm1, Klrk1, Ripk2, Vim
GO:0072089	stem cell proliferation	137	8	1.96	8.1e-4	0.02551082474226804	0.058394160583941604	Cd109, Epcam, Foxm1, Hmga2, Hmgb2, Irf6, Irgm1, Mki67
GO:0071621	granulocyte chemotaxis	120	7	1.72	0.00172	0.047168761220825854	0.058333333333333334	Anxa1, Ccl5, Cd74, Cxcl10, Cxcl9, Lgals3, Trpv4
GO:1903039	positive regulation of leukocyte cell-cell adhesion	258	15	3.7	5e-6	2.9375e-4	0.05813953488372093	Anxa1, Ccl5, Cd44, Cd74, H2-Aa, H2-Ab1, H2-DMb1, H2-Eb1, Has2, Irf1, Irgm1, Lgals1, Ripk2, Socs1, Spn
GO:0071887	leukocyte apoptotic process	138	8	1.98	8.5e-4	0.026660677618069815	0.057971014492753624	Anxa1, Aurkb, Ccl5, Cd44, Cd74, Cdkn2a, Lgals3, Myc
GO:0070663	regulation of leukocyte proliferation	259	15	3.71	5.2e-6	3.031679389312977e-4	0.05791505791505792	Anxa1, Arg1, Ccl5, Cd44, Cd74, Cdkn2a, Gpnmb, H2-Aa, H2-DMb1, Irf1, Irgm1, Lgals3, Ripk2, Spn, Tnfrsf9
GO:0002285	lymphocyte activation involved in immune response	190	11	2.72	9.6e-5	0.004050828729281768	0.05789473684210526	Anxa1, Cd74, Exo1, Fcgr4, H2-DMb1, Irf1, Lgals1, Lgals3, Nkg7, Ripk2, Spn
GO:0051726	regulation of cell cycle	1043	60	14.94	6.4e-21	3.76e-18	0.05752636625119847	Anxa1, Aspm, Aurka, Aurkb, Birc5, Bub1, Ccnb1, Ccnd2, Cdc20, Cdc6, Cdca2, Cdca5, Cdca8, Cdk1, Cdkn2a, Cenpe, Cenpf, Cks1b, Dbf4, Ddias, Dlgap5, Dtl, Ect2, Eif4ebp1, Ezh2, Fancd2, Foxm1, Gpnmb, Hmga2, Irf1, Kif11, Kif14, Kif20a, Kif23, Kif2c, Kifc1, Knl1, Knstrn, Mki67, Myc, Ncaph, Ndc80, Nek2, Nuf2, Nusap1, Pclaf, Plk1, Prc1, Prr11, Rad51ap1, Rrm2, Ska1, Smc2, Smc4, Spc24, Tcim, Tpx2, Ttk, Ubd, Ube2c
GO:0050727	regulation of inflammatory response	351	20	5.03	1.8e-7	1.4703208556149733e-5	0.05698005698005698	Acod1, Anxa1, Ccl5, Cd44, Fancd2, Gbp2, Gm12250, Ifi35, Igtp, Irgm1, Lgals1, Nkg7, Nmi, Pbk, Smpdl3b, Socs3, Spn, Trpv4, Usp18, Zbp1
GO:0002460	adaptive immune response based on somatic recombination of immune receptors built from immunoglobulin superfamily domains	317	18	4.54	7.8e-7	5.465366972477064e-5	0.056782334384858045	Anxa1, Arg1, C1ra, C1s1, Cd74, Cd8a, Exo1, Fcgr4, Gzmb, H2-Q4, Irf1, Lgals1, Prf1, Raet1d, Ripk2, Rsad2, Spn, Ulbp1
GO:0002819	regulation of adaptive immune response	212	12	3.04	5.8e-5	0.0025679710144927534	0.05660377358490566	Anxa1, Arg1, Cd44, Cd74, H2-Q4, Irf1, Lgals1, Raet1d, Ripk2, Rsad2, Spn, Ulbp1
GO:0045580	regulation of T cell differentiation	179	10	2.56	2.6e-4	0.009757985257985257	0.055865921787709494	Anxa1, Cd44, Cd74, Cdkn2a, Fancd2, H2-Aa, Irf1, Lgals1, Ripk2, Socs1
GO:0019058	viral life cycle	233	13	3.34	3.3e-5	0.0015801724137931034	0.055793991416309016	Bst2, Ccl5, Cd74, Hmga2, Ifi206, Ifi213, Isg15, Lgals1, Mndal, Oas1a, Oas3, Rsad2, Top2a
GO:0050870	positive regulation of T cell activation	233	13	3.34	3.3e-5	0.0015801724137931034	0.055793991416309016	Anxa1, Ccl5, Cd74, H2-Aa, H2-Ab1, H2-DMb1, H2-Eb1, Irf1, Irgm1, Lgals1, Ripk2, Socs1, Spn
GO:0050778	positive regulation of immune response	705	39	10.1	3.8e-13	6.910119047619048e-11	0.05531914893617021	Acod1, Anxa1, Aurkb, C1ra, C1s1, Cd44, Cd74, Cd8a, Cgas, Ezr, Gbp2, Gm12250, H2-Aa, H2-Ab1, H2-DMb1, H2-Eb1, H2-Q4, Hmgb2, Ifi204, Ifi206, Ifi211, Ifi213, Ifi35, Igtp, Irf1, Irgm1, Klrk1, Lgals3, Mndal, Nlrc5, Nmi, Oas1a, Oas3, Raet1d, Ripk2, Rsad2, Smpdl3b, Ulbp1, Zbp1
GO:0071478	cellular response to radiation	181	10	2.59	2.9e-4	0.010725786924939468	0.055248618784530384	Aurkb, Ccnd2, Ddias, Ect2, Ifi206, Ifi213, Mndal, Pbk, Rad51ap1, Timp1
GO:0051656	establishment of organelle localization	477	26	6.83	5.8e-9	6.195454545454545e-7	0.05450733752620545	Aurkb, Birc5, Ccnb1, Cdca5, Cdca8, Cdk1, Cenpa, Cenpe, Cenpf, Ect2, Ezr, Kif14, Kif22, Kif2c, Kifc1, Knl1, Knstrn, Ndc80, Nek2, Nuf2, Nusap1, Plk1, Sgo1, Ska1, Spc24, Ttk
GO:0007049	cell cycle	1580	86	22.63	5.6e-29	7.776363636363638e-26	0.05443037974683544	3830403N18Rik, Anxa1, Aspm, Aurka, Aurkb, Birc5, Brip1, Bub1, Ccna2, Ccnb1, Ccnb2, Ccnd2, Cdc20, Cdc6, Cdca2, Cdca5, Cdca8, Cdk1, Cdkn2a, Cenpa, Cenpe, Cenpf, Cenph, Ckap2, Cks1b, Dbf4, Ddias, Dlgap5, Dtl, Ect2, Eif4ebp1, Esco2, Espl1, Exo1, Ezh2, Ezr, Fancd2, Foxm1, Gpnmb, Hmga2, Irf1, Kif11, Kif14, Kif15, Kif18b, Kif20a, Kif22, Kif23, Kif2c, Kifc1, Knl1, Knstrn, Mcm3, Mcm5, Mki67, Mybl2, Myc, Ncapg, Ncaph, Ndc80, Nek2, Nuf2, Nup37, Nusap1, Pclaf, Plk1, Prc1, Prr11, Rad51ap1, Rad54l, Rrm2, Sgo1, Ska1, Smc2, Smc4, Spc24, Tcim, Tk1, Top2a, Tpx2, Ttk, Tuba1c, Tubb6, Ubd, Ube2c, Uhrf1
GO:0050728	negative regulation of inflammatory response	149	8	2.13	0.00139	0.04013657844990548	0.053691275167785234	Acod1, Cd44, Igtp, Irgm1, Pbk, Smpdl3b, Socs3, Spn
GO:1903037	regulation of leukocyte cell-cell adhesion	356	19	5.1	9.8e-7	6.65311111111111e-5	0.05337078651685393	Anxa1, Arg1, Ccl5, Cd44, Cd74, Cdkn2a, Gpnmb, H2-Aa, H2-Ab1, H2-DMb1, H2-Eb1, Has2, Irf1, Irgm1, Lgals1, Lgals3, Ripk2, Socs1, Spn
GO:0071345	cellular response to cytokine stimulus	867	46	12.42	1e-14	2.38671875e-12	0.0530565167243368	Acod1, Arg1, Capg, Ccl5, Cd44, Cd74, Ciita, Cxcl10, Cxcl9, Ddias, Dok1, Gbp10, Gbp2, Gbp6, Gm12185, Gm12250, Gm4841, Has2, Ifi204, Ifi206, Ifi211, Ifi213, Ifi47, Igtp, Iigp1, Iigp1c, Irf1, Irgm1, Isg15, Klf5, Krt8, Mndal, Mybl2, Myc, Nlrc5, Oas1a, Oas3, Pcolce, Ripk2, Socs1, Socs3, Tgtp1, Tgtp2, Usp18, Vim, Zbp1
GO:0050776	regulation of immune response	871	46	12.48	1.2e-14	2.777272727272727e-12	0.05281285878300804	Acod1, Anxa1, Arg1, Aurkb, C1ra, C1s1, Cd44, Cd74, Cd8a, Cgas, Ezr, Fcgr4, Gbp2, Gm12250, H2-Aa, H2-Ab1, H2-DMb1, H2-Eb1, H2-Q4, Hmgb2, Ifi204, Ifi206, Ifi211, Ifi213, Ifi35, Igtp, Irf1, Irgm1, Isg15, Klrk1, Lgals1, Lgals3, Mndal, Nlrc5, Nmi, Oas1a, Oas3, Raet1d, Ripk2, Rsad2, Smpdl3b, Spn, Tap1, Ulbp1, Usp18, Zbp1
GO:0031347	regulation of defense response	779	41	11.16	4.5e-13	7.992732558139535e-11	0.05263157894736842	Acod1, Anxa1, Arg1, Aurkb, Ccl5, Cd44, Cd74, Cgas, Emilin1, Fancd2, Gbp2, Gm12250, Hmgb2, Ifi204, Ifi206, Ifi211, Ifi213, Ifi35, Igtp, Irf1, Irgm1, Isg15, Klrk1, Lgals1, Mndal, Nkg7, Nlrc5, Nmi, Oas1a, Oas3, Pbk, Ripk2, Rsad2, Smpdl3b, Socs3, Spn, Tap1, Trpv4, Ulbp1, Usp18, Zbp1
GO:0002250	adaptive immune response	419	22	6	1.8e-7	1.4703208556149733e-5	0.05250596658711217	Anxa1, Arg1, C1ra, C1s1, Cd44, Cd74, Cd8a, Exo1, Fcgr4, Gzmb, H2-DMb1, H2-Q4, Irf1, Klrk1, Lgals1, Prf1, Raet1d, Ripk2, Rsad2, Spn, Tap1, Ulbp1
GO:0022409	positive regulation of cell-cell adhesion	305	16	4.37	8.9e-6	4.855267857142857e-4	0.05245901639344262	Anxa1, Ccl5, Cd44, Cd74, Emilin1, H2-Aa, H2-Ab1, H2-DMb1, H2-Eb1, Has2, Irf1, Irgm1, Lgals1, Ripk2, Socs1, Spn
GO:0046651	lymphocyte proliferation	305	16	4.37	8.9e-6	4.855267857142857e-4	0.05245901639344262	Anxa1, Arg1, Ccl5, Cd44, Cd74, Cdkn2a, Gpnmb, H2-Aa, H2-DMb1, Irf1, Irgm1, Lgals3, Myc, Ripk2, Spn, Tnfrsf9
GO:0071216	cellular response to biotic stimulus	249	13	3.57	6.5e-5	0.002804731638418079	0.05220883534136546	Acod1, Cxcl10, Cxcl9, Fcgr4, Gbp10, Gbp2, Gbp6, Hmgb2, Igtp, Irgm1, Klrk1, Ripk2, Vim
GO:0051707	response to other organism	1388	72	19.88	1.2e-22	1.078235294117647e-19	0.05187319884726225	Acod1, Anxa1, Arg1, Aurkb, Batf2, Bst2, C1ra, C1s1, Capg, Ccl5, Cd74, Cd8a, Cgas, Ciita, Cxcl10, Cxcl9, Cybb, Emilin1, Fcgr4, Gbp10, Gbp2, Gbp6, Gm12185, Gm12250, Gm4841, Gzma, Gzmb, Gzmc, Herc6, Hmgb2, Ifi204, Ifi206, Ifi211, Ifi213, Ifi27l2a, Ifi35, Ifi44, Ifi47, Igtp, Iigp1, Iigp1c, Irf1, Irgm1, Isg15, Klrk1, Krt8, Lcn2, Lgals3, Mlkl, Mndal, Nkg7, Nlrc5, Nmi, Oas1a, Oas3, Prf1, Psmb9, Raet1d, Ripk2, Rsad2, Slfn9, Smpdl3b, Spn, Tap1, Tgtp1, Tgtp2, Ubd, Ube2l6, Ulbp1, Usp18, Vim, Zbp1
GO:0043207	response to external biotic stimulus	1391	72	19.92	1.4e-22	1.1880555555555555e-19	0.05176132278936017	Acod1, Anxa1, Arg1, Aurkb, Batf2, Bst2, C1ra, C1s1, Capg, Ccl5, Cd74, Cd8a, Cgas, Ciita, Cxcl10, Cxcl9, Cybb, Emilin1, Fcgr4, Gbp10, Gbp2, Gbp6, Gm12185, Gm12250, Gm4841, Gzma, Gzmb, Gzmc, Herc6, Hmgb2, Ifi204, Ifi206, Ifi211, Ifi213, Ifi27l2a, Ifi35, Ifi44, Ifi47, Igtp, Iigp1, Iigp1c, Irf1, Irgm1, Isg15, Klrk1, Krt8, Lcn2, Lgals3, Mlkl, Mndal, Nkg7, Nlrc5, Nmi, Oas1a, Oas3, Prf1, Psmb9, Raet1d, Ripk2, Rsad2, Slfn9, Smpdl3b, Spn, Tap1, Tgtp1, Tgtp2, Ubd, Ube2l6, Ulbp1, Usp18, Vim, Zbp1
GO:0034097	response to cytokine	966	50	13.84	1.5e-15	4.7734375e-13	0.051759834368530024	Acod1, Arg1, Bst2, Capg, Ccl5, Cd44, Cd74, Ciita, Cxcl10, Cxcl9, Ddias, Dok1, Gbp10, Gbp2, Gbp6, Gm12185, Gm12250, Gm4841, Has2, Ifi204, Ifi206, Ifi211, Ifi213, Ifi47, Igtp, Iigp1, Iigp1c, Irf1, Irgm1, Isg15, Klf5, Krt8, Mndal, Mybl2, Myc, Nlrc5, Oas1a, Oas3, Pcolce, Ripk2, Socs1, Socs3, Tgtp1, Tgtp2, Timp1, Tyms, Ubd, Usp18, Vim, Zbp1
GO:0032103	positive regulation of response to external stimulus	638	33	9.14	1.7e-10	2.1639583333333336e-8	0.05172413793103448	Acod1, Arg1, Aurkb, Ccl5, Cd74, Cgas, Cxcl10, Emilin1, Gbp2, Gm12250, Hmgb2, Ifi204, Ifi206, Ifi211, Ifi213, Ifi35, Igtp, Irf1, Irgm1, Klrk1, Lgals1, Mndal, Nkg7, Nlrc5, Nmi, Oas1a, Oas3, Ripk2, Rsad2, Smpdl3b, Trpv4, Ulbp1, Zbp1
GO:0007159	leukocyte cell-cell adhesion	388	20	5.56	8.7e-7	6.0405681818181824e-5	0.05154639175257732	Anxa1, Arg1, Ccl5, Cd44, Cd74, Cdkn2a, Ezr, Gpnmb, H2-Aa, H2-Ab1, H2-DMb1, H2-Eb1, Has2, Irf1, Irgm1, Lgals1, Lgals3, Ripk2, Socs1, Spn
GO:0032943	mononuclear cell proliferation	311	16	4.45	1.1e-5	5.958333333333333e-4	0.05144694533762058	Anxa1, Arg1, Ccl5, Cd44, Cd74, Cdkn2a, Gpnmb, H2-Aa, H2-DMb1, Irf1, Irgm1, Lgals3, Myc, Ripk2, Spn, Tnfrsf9
GO:0002253	activation of immune response	527	27	7.55	1.1e-8	1.1201666666666665e-6	0.051233396584440226	Acod1, Aurkb, C1ra, C1s1, Cd8a, Cgas, Ezr, Gbp2, Gm12250, Ifi204, Ifi206, Ifi211, Ifi213, Ifi35, Igtp, Irf1, Irgm1, Klrk1, Lgals3, Mndal, Nmi, Oas1a, Oas3, Ripk2, Rsad2, Smpdl3b, Zbp1
GO:1901652	response to peptide	981	50	14.05	2.8e-15	8.554000000000001e-13	0.0509683995922528	Acod1, Arg1, Bst2, Capg, Ccl5, Cd44, Cd74, Ciita, Cxcl10, Cxcl9, Ddias, Dok1, Gbp10, Gbp2, Gbp6, Gm12185, Gm12250, Gm4841, Has2, Ifi204, Ifi206, Ifi211, Ifi213, Ifi47, Igtp, Iigp1, Iigp1c, Irf1, Irgm1, Isg15, Klf5, Krt8, Mndal, Mybl2, Myc, Nlrc5, Oas1a, Oas3, Pcolce, Ripk2, Socs1, Socs3, Tgtp1, Tgtp2, Timp1, Tyms, Ubd, Usp18, Vim, Zbp1
GO:0002822	regulation of adaptive immune response based on somatic recombination of immune receptors built from immunoglobulin superfamily domains	197	10	2.82	5.6e-4	0.018636165577342045	0.050761421319796954	Anxa1, Arg1, H2-Q4, Irf1, Lgals1, Raet1d, Ripk2, Rsad2, Spn, Ulbp1
GO:0002263	cell activation involved in immune response	277	14	3.97	4.9e-5	0.0022342537313432835	0.05054151624548736	Anxa1, Cd74, Exo1, Fcgr4, H2-DMb1, Ifi35, Irf1, Lgals1, Lgals3, Nkg7, Nmi, Ripk2, Spn, Tcim
GO:0009607	response to biotic stimulus	1430	72	20.48	6.9e-22	4.648913043478261e-19	0.05034965034965035	Acod1, Anxa1, Arg1, Aurkb, Batf2, Bst2, C1ra, C1s1, Capg, Ccl5, Cd74, Cd8a, Cgas, Ciita, Cxcl10, Cxcl9, Cybb, Emilin1, Fcgr4, Gbp10, Gbp2, Gbp6, Gm12185, Gm12250, Gm4841, Gzma, Gzmb, Gzmc, Herc6, Hmgb2, Ifi204, Ifi206, Ifi211, Ifi213, Ifi27l2a, Ifi35, Ifi44, Ifi47, Igtp, Iigp1, Iigp1c, Irf1, Irgm1, Isg15, Klrk1, Krt8, Lcn2, Lgals3, Mlkl, Mndal, Nkg7, Nlrc5, Nmi, Oas1a, Oas3, Prf1, Psmb9, Raet1d, Ripk2, Rsad2, Slfn9, Smpdl3b, Spn, Tap1, Tgtp1, Tgtp2, Ubd, Ube2l6, Ulbp1, Usp18, Vim, Zbp1
GO:0007162	negative regulation of cell adhesion	298	15	4.27	2.8e-5	0.0013708333333333333	0.050335570469798654	Anxa1, Arg1, Cd44, Cd74, Cdkn2a, Cdsn, Epcam, Gpnmb, H2-Aa, Irf1, Lgals1, Lgals3, Socs1, Spn, Trpv4
GO:0007033	vacuole organization	239	12	3.42	1.8e-4	0.007068123393316196	0.0502092050209205	Anxa2, Gm12185, Gm12250, Gm4841, Ifi47, Igtp, Iigp1, Iigp1c, Irgm1, Rab19, Tgtp1, Tgtp2
GO:0002252	immune effector process	603	30	8.64	3.1e-9	3.431340579710145e-7	0.04975124378109453	Anxa1, Arg1, Bst2, C1ra, C1s1, Cd74, Cd8a, Cgas, Exo1, Fcgr4, Gzmb, Gzmc, H2-DMb1, H2-Q4, Ifi35, Irf1, Klrk1, Lgals1, Lgals3, Nkg7, Nmi, Prf1, Raet1d, Ripk2, Rsad2, Spn, Tap1, Tcim, Twist1, Ulbp1
GO:0018105	peptidyl-serine phosphorylation	201	10	2.88	6.6e-4	0.021179621848739495	0.04975124378109453	Aurka, Cd44, Cdk1, Igtp, Irgm1, Map4k1, Pbk, Plk1, Ripk2, Ttk
GO:0006955	immune response	1520	75	21.77	2.5e-22	2.0098684210526312e-19	0.049342105263157895	Acod1, Anxa1, Arg1, Aurkb, Bst2, C1ra, C1s1, Capg, Ccl5, Cd44, Cd74, Cd8a, Cgas, Ciita, Cxcl10, Cxcl9, Cybb, Exo1, Ezr, Fcgr4, Gbp10, Gbp2, Gbp6, Gm12185, Gm12250, Gm4841, Gzmb, Gzmc, H2-Aa, H2-Ab1, H2-DMb1, H2-Eb1, H2-Q4, Herc6, Hmgb2, Ifi204, Ifi206, Ifi211, Ifi213, Ifi35, Ifi44, Ifi47, Igtp, Iigp1, Iigp1c, Irf1, Irgm1, Isg15, Klrk1, Lcn2, Lgals1, Lgals3, Mndal, Nkg7, Nlrc5, Nmi, Oas1a, Oas3, Prf1, Raet1d, Ripk2, Rsad2, Smpdl3b, Spn, Tap1, Tcim, Tgtp1, Tgtp2, Twist1, Ubd, Ube2l6, Ulbp1, Usp18, Vim, Zbp1
GO:0051098	regulation of binding	326	16	4.67	2e-5	0.0010183333333333333	0.049079754601226995	Anxa2, Aurka, Aurkb, Cdkn2a, Gzma, Hmga2, Hmgb2, Ifi206, Ifi213, Mndal, Myc, Nek2, Plk1, Ripk2, Trib3, Twist1
GO:1902806	regulation of cell cycle G1/S phase transition	184	9	2.64	0.00137	0.039709203036053124	0.04891304347826087	Anxa1, Ccnd2, Cdkn2a, Dbf4, Ezh2, Gpnmb, Kif14, Rrm2, Tcim
GO:0044419	biological process involved in interspecies interaction between organisms	1517	74	21.73	1e-21	6.364583333333333e-19	0.04878048780487805	Acod1, Anxa1, Arg1, Aurkb, Batf2, Bst2, C1ra, C1s1, Capg, Ccl5, Cd74, Cd8a, Cgas, Ciita, Cxcl10, Cxcl9, Cybb, Emilin1, Fcgr4, Gbp10, Gbp2, Gbp6, Gm12185, Gm12250, Gm4841, Gzma, Gzmb, Gzmc, Herc6, Hmga2, Hmgb2, Ifi204, Ifi206, Ifi211, Ifi213, Ifi27l2a, Ifi35, Ifi44, Ifi47, Igtp, Iigp1, Iigp1c, Irf1, Irgm1, Isg15, Klrk1, Krt8, Lcn2, Lgals1, Lgals3, Mlkl, Mndal, Nkg7, Nlrc5, Nmi, Oas1a, Oas3, Prf1, Psmb9, Raet1d, Ripk2, Rsad2, Slfn9, Smpdl3b, Spn, Tap1, Tgtp1, Tgtp2, Ubd, Ube2l6, Ulbp1, Usp18, Vim, Zbp1
GO:0022407	regulation of cell-cell adhesion	474	23	6.79	3.7e-7	2.8118159203980102e-5	0.04852320675105485	Anxa1, Arg1, Ccl5, Cd44, Cd74, Cdkn2a, Cdsn, Emilin1, Epcam, Gpnmb, H2-Aa, H2-Ab1, H2-DMb1, H2-Eb1, Has2, Irf1, Irgm1, Lgals1, Lgals3, Ripk2, Socs1, Spn, Trpv4
GO:0010639	negative regulation of organelle organization	371	18	5.31	7.2e-6	4.05830258302583e-4	0.04851752021563342	Aurkb, Birc5, Bub1, Capg, Ccnb1, Cdc20, Cdca8, Cenpe, Ckap2, Kifc1, Knl1, Ndc80, Nuf2, Plk1, Ska1, Spc24, Tpx2, Ttk
GO:0045814	negative regulation of gene expression, epigenetic	186	9	2.66	0.00148	0.04217723880597015	0.04838709677419355	Ezh2, H2ac23, H2ac24, Hmga2, Ifi206, Ifi213, Mndal, Myc, Uhrf1
GO:0006952	defense response	1572	76	22.52	4e-22	3.0550000000000003e-19	0.04834605597964377	Acod1, Anxa1, Arg1, Aurkb, Batf2, Bst2, C1ra, C1s1, Capg, Ccl5, Cd44, Cd74, Cd8a, Cgas, Ciita, Cxcl10, Cxcl9, Cybb, Emilin1, Ezh2, Fancd2, Fcgr4, Gbp10, Gbp2, Gbp6, Gm12185, Gm12250, Gm4841, Gzma, Gzmb, Gzmc, Herc6, Hmgb2, Ifi204, Ifi206, Ifi211, Ifi213, Ifi35, Ifi47, Igtp, Iigp1, Iigp1c, Irf1, Irgm1, Isg15, Klrk1, Lcn2, Lgals1, Lgals3, Mlkl, Mndal, Nkg7, Nlrc5, Nmi, Oas1a, Oas3, Pbk, Prf1, Raet1d, Ripk2, Rsad2, Slfn9, Smpdl3b, Socs3, Spn, Tap1, Tgtp1, Tgtp2, Timp1, Trpv4, Ubd, Ube2l6, Ulbp1, Usp18, Vim, Zbp1
GO:0002443	leukocyte mediated immunity	393	19	5.63	4.2e-6	2.477027027027027e-4	0.04834605597964377	Arg1, Bst2, C1ra, C1s1, Cd74, Cd8a, Exo1, Fcgr4, Gzmb, Gzmc, H2-Q4, Klrk1, Nkg7, Prf1, Raet1d, Rsad2, Spn, Tap1, Ulbp1
GO:0045619	regulation of lymphocyte differentiation	209	10	2.99	8.9e-4	0.027801124744376276	0.04784688995215311	Anxa1, Cd44, Cd74, Cdkn2a, Fancd2, H2-Aa, Irf1, Lgals1, Ripk2, Socs1
GO:0002764	immune response-regulating signaling pathway	482	23	6.9	5e-7	3.689613526570048e-5	0.04771784232365145	Acod1, Aurkb, Cd8a, Cgas, Ezr, Fcgr4, Gbp2, Gm12250, Ifi206, Ifi213, Ifi35, Igtp, Irf1, Irgm1, Klrk1, Lgals3, Mndal, Nmi, Oas1a, Oas3, Ripk2, Rsad2, Smpdl3b
GO:0002757	immune response-activating signaling pathway	462	22	6.62	9.2e-7	6.33018018018018e-5	0.047619047619047616	Acod1, Aurkb, Cd8a, Cgas, Ezr, Gbp2, Gm12250, Ifi206, Ifi213, Ifi35, Igtp, Irf1, Irgm1, Klrk1, Lgals3, Mndal, Nmi, Oas1a, Oas3, Ripk2, Rsad2, Smpdl3b
GO:0002366	leukocyte activation involved in immune response	273	13	3.91	1.6e-4	0.0064146981627296595	0.047619047619047616	Anxa1, Cd74, Exo1, Fcgr4, H2-DMb1, Ifi35, Irf1, Lgals1, Lgals3, Nkg7, Nmi, Ripk2, Spn
GO:0009617	response to bacterium	631	30	9.04	8.7e-9	9.04030612244898e-7	0.04754358161648178	Acod1, Cxcl10, Cxcl9, Emilin1, Fcgr4, Gbp10, Gbp2, Gbp6, Gm12250, Gzma, Gzmb, Herc6, Hmgb2, Ifi204, Ifi44, Igtp, Iigp1, Irgm1, Isg15, Klrk1, Lcn2, Nlrc5, Oas1a, Oas3, Psmb9, Ripk2, Spn, Tgtp1, Usp18, Vim
GO:0030217	T cell differentiation	317	15	4.54	5.6e-5	0.002486627906976744	0.0473186119873817	Anxa1, Cd44, Cd74, Cd8a, Cdkn2a, Fancd2, H2-Aa, Igtp, Irf1, Lgals1, Ripk2, Rsad2, Socs1, Spn, Tnfrsf9
GO:0018209	peptidyl-serine modification	213	10	3.05	0.00103	0.03165643863179075	0.046948356807511735	Aurka, Cd44, Cdk1, Igtp, Irgm1, Map4k1, Pbk, Plk1, Ripk2, Ttk
GO:0070661	leukocyte proliferation	343	16	4.91	3.8e-5	0.0017696646341463416	0.04664723032069971	Anxa1, Arg1, Ccl5, Cd44, Cd74, Cdkn2a, Gpnmb, H2-Aa, H2-DMb1, Irf1, Irgm1, Lgals3, Myc, Ripk2, Spn, Tnfrsf9
GO:0002697	regulation of immune effector process	386	18	5.53	1.2e-5	6.454225352112677e-4	0.046632124352331605	Anxa1, Arg1, Bst2, Cd74, Cgas, H2-DMb1, H2-Q4, Irf1, Klrk1, Lgals1, Lgals3, Raet1d, Ripk2, Rsad2, Spn, Tap1, Twist1, Ulbp1
GO:0042110	T cell activation	560	26	8.02	1.5e-7	1.2452445652173913e-5	0.04642857142857143	Anxa1, Arg1, Ccl5, Cd44, Cd74, Cd8a, Cdkn2a, Cgas, Fancd2, Gpnmb, H2-Aa, H2-Ab1, H2-DMb1, H2-Eb1, Igtp, Irf1, Irgm1, Lgals1, Lgals3, Myc, Nkg7, Ripk2, Rsad2, Socs1, Spn, Tnfrsf9
GO:0051249	regulation of lymphocyte activation	477	22	6.83	1.6e-6	1.0444444444444443e-4	0.04612159329140461	Anxa1, Arg1, Ccl5, Cd44, Cd74, Cdkn2a, Cgas, Fancd2, Gpnmb, H2-Aa, H2-Ab1, H2-DMb1, H2-Eb1, Irf1, Irgm1, Lgals1, Lgals3, Ripk2, Socs1, Spn, Tnfrsf9, Ulbp1
GO:0030522	intracellular receptor signaling pathway	371	17	5.31	2.7e-5	0.0013304032258064516	0.04582210242587601	Aurkb, Cgas, Ezh2, Gbp2, Gm12250, Hmga2, Ifi206, Ifi213, Igtp, Irf1, Irgm1, Mndal, Oas1a, Oas3, Ripk2, Rsad2, Twist1
GO:0006260	DNA replication	262	12	3.75	4.1e-4	0.014331235697940503	0.04580152671755725	Ccna2, Cdc6, Cdk1, Dbf4, Dtl, Esco2, Exo1, Mcm10, Mcm3, Mcm5, Pclaf, Tk1
GO:0001818	negative regulation of cytokine production	286	13	4.1	2.6e-4	0.009757985257985257	0.045454545454545456	Acod1, Anxa1, Arg1, Bst2, Ezh2, Ezr, Gpnmb, Igtp, Irgm1, Nmi, Oas1a, Oas3, Twist1
GO:0019221	cytokine-mediated signaling pathway	467	21	6.69	4e-6	2.396078431372549e-4	0.044967880085653104	Arg1, Ccl5, Cd44, Cd74, Cxcl10, Cxcl9, Dok1, Igtp, Iigp1, Irf1, Irgm1, Isg15, Krt8, Nlrc5, Oas1a, Oas3, Ripk2, Socs1, Socs3, Usp18, Zbp1
GO:0051251	positive regulation of lymphocyte activation	312	14	4.47	1.7e-4	0.006727331606217617	0.04487179487179487	Anxa1, Ccl5, Cd74, H2-Aa, H2-Ab1, H2-DMb1, H2-Eb1, Irf1, Irgm1, Lgals1, Ripk2, Socs1, Spn, Ulbp1
GO:0007017	microtubule-based process	959	43	13.74	2.3e-11	3.4109223300970877e-9	0.04483837330552659	Aspm, Aurka, Aurkb, Birc5, Ccnb1, Ccnb2, Cdc20, Cdca8, Cdk1, Cenpa, Cenpe, Cenph, Ckap2, Dlgap5, Espl1, Ezr, Insl6, Kif11, Kif14, Kif15, Kif18b, Kif20a, Kif22, Kif23, Kif2c, Kifc1, Knstrn, Mybl2, Ndc80, Nek2, Neto1, Nuf2, Nusap1, Pclaf, Plk1, Prc1, Sgo1, Ska1, Tpx2, Trpv4, Tuba1c, Tubb6, Uhrf1
GO:0002684	positive regulation of immune system process	1049	46	15.03	8.7e-12	1.328925e-9	0.0438512869399428	Acod1, Anxa1, Arg1, Aurkb, C1ra, C1s1, Ccl5, Cd44, Cd74, Cd8a, Cgas, Cxcl10, Ezr, Gbp2, Gm12250, H2-Aa, H2-Ab1, H2-DMb1, H2-Eb1, H2-Q4, Hmgb2, Ifi204, Ifi206, Ifi211, Ifi213, Ifi35, Igtp, Irf1, Irgm1, Klrk1, Lgals1, Lgals3, Mndal, Nlrc5, Nmi, Oas1a, Oas3, Raet1d, Ripk2, Rsad2, Smpdl3b, Socs1, Spn, Trpv4, Ulbp1, Zbp1
GO:0051640	organelle localization	616	27	8.82	2.6e-7	2.0366666666666666e-5	0.04383116883116883	Aspm, Aurkb, Birc5, Ccnb1, Cdca5, Cdca8, Cdk1, Cenpa, Cenpe, Cenpf, Ect2, Ezr, Kif14, Kif22, Kif2c, Kifc1, Knl1, Knstrn, Ndc80, Nek2, Nuf2, Nusap1, Plk1, Sgo1, Ska1, Spc24, Ttk
GO:0001819	positive regulation of cytokine production	480	21	6.88	6.1e-6	3.5029135338345864e-4	0.04375	Anxa1, Ccl5, Cd74, Cgas, Cybb, Hmgb2, Hpse, Ifi206, Ifi213, Irf1, Isg15, Klrk1, Mndal, Oas1a, Oas3, Ripk2, Rsad2, Spn, Trpv4, Twist1, Ulbp1
GO:0051347	positive regulation of transferase activity	320	14	4.58	2.2e-4	0.008443467336683419	0.04375	Ccnd2, Cd74, Cdc20, Cenpe, Ect2, Ezh2, Hmga2, Igtp, Irgm1, Kif14, Plk1, Tcim, Tpx2, Trib3
GO:0002696	positive regulation of leukocyte activation	343	15	4.91	1.3e-4	0.005381436314363143	0.043731778425655975	Anxa1, Ccl5, Cd74, H2-Aa, H2-Ab1, H2-DMb1, H2-Eb1, Irf1, Irgm1, Klrk1, Lgals1, Ripk2, Socs1, Spn, Ulbp1
GO:0051129	negative regulation of cellular component organization	760	33	10.89	1.4e-8	1.3977124183006534e-6	0.04342105263157895	Anxa2, Aurkb, Birc5, Bub1, Capg, Ccnb1, Cdc20, Cdca8, Cenpe, Ckap2, Cxcl10, Eif4ebp1, Emilin1, Ifi206, Ifi213, Igtp, Irgm1, Kif14, Kifc1, Knl1, Lgals1, Lgals3, Mndal, Ndc80, Nuf2, Plk1, Rps6-ps4, Ska1, Spc24, Tpx2, Trpv4, Ttk, Vim
GO:0032101	regulation of response to external stimulus	1040	45	14.9	2.4e-11	3.4914285714285718e-9	0.04326923076923077	Acod1, Anxa1, Anxa2, Arg1, Aurkb, Ccl5, Cd109, Cd44, Cd74, Cgas, Cxcl10, Emilin1, Fancd2, Gbp2, Gm12250, Hmgb2, Hpse, Ifi204, Ifi206, Ifi211, Ifi213, Ifi35, Igtp, Irf1, Irgm1, Isg15, Klrk1, Lgals1, Mndal, Nkg7, Nlrc5, Nmi, Oas1a, Oas3, Pbk, Ripk2, Rsad2, Smpdl3b, Socs3, Spn, Tap1, Trpv4, Ulbp1, Usp18, Zbp1
GO:0006954	inflammatory response	768	33	11	1.8e-8	1.7738709677419353e-6	0.04296875	Acod1, Anxa1, Ccl5, Cd44, Cxcl10, Cxcl9, Cybb, Ezh2, Fancd2, Fcgr4, Gbp2, Gm12250, Gzma, Gzmb, Gzmc, Hmgb2, Ifi206, Ifi213, Ifi35, Igtp, Irgm1, Lgals1, Mndal, Nkg7, Nmi, Pbk, Smpdl3b, Socs3, Spn, Timp1, Trpv4, Usp18, Zbp1
GO:0006302	double-strand break repair	303	13	4.34	4.5e-4	0.015343191964285715	0.0429042904290429	Brip1, Cdca5, Cgas, Esco2, Fancd2, Foxm1, Hmga2, Mcm3, Mcm5, Plk1, Rad51ap1, Rad54l, Twist1
GO:0032984	protein-containing complex disassembly	258	11	3.7	0.00128	0.03767244701348748	0.04263565891472868	Atad2, Aurkb, Capg, Ckap2, Igtp, Irgm1, Kif18b, Kif2c, Myc, Tpx2, Trpv4
GO:1903131	mononuclear cell differentiation	518	22	7.42	5.9e-6	3.4008490566037736e-4	0.04247104247104247	Anxa1, Batf2, Cd44, Cd74, Cd8a, Cdkn2a, Ezh2, Fancd2, H2-Aa, Ifi206, Ifi213, Igtp, Irf1, Lgals1, Mndal, Myc, Ripk2, Rsad2, Socs1, Spn, Tnfrsf9, Ubd
GO:0002699	positive regulation of immune effector process	259	11	3.71	0.00132	0.03855258126195029	0.04247104247104247	Anxa1, Arg1, Cd74, H2-DMb1, H2-Q4, Irf1, Klrk1, Raet1d, Ripk2, Rsad2, Ulbp1
GO:0002694	regulation of leukocyte activation	546	23	7.82	4.1e-6	2.4368677042801553e-4	0.04212454212454213	Anxa1, Arg1, Ccl5, Cd44, Cd74, Cdkn2a, Cgas, Fancd2, Gpnmb, H2-Aa, H2-Ab1, H2-DMb1, H2-Eb1, Irf1, Irgm1, Klrk1, Lgals1, Lgals3, Ripk2, Socs1, Spn, Tnfrsf9, Ulbp1
GO:0002573	myeloid leukocyte differentiation	263	11	3.77	0.00149	0.04238314711359404	0.04182509505703422	Anxa2, Batf2, Ccl5, Cd109, Cd74, Ifi206, Ifi213, Mndal, Myc, Socs1, Ubd
GO:0016032	viral process	312	13	4.47	5.9e-4	0.019381182795698927	0.041666666666666664	Bst2, Ccl5, Cd74, Hmga2, Ifi206, Ifi213, Isg15, Lgals1, Mndal, Oas1a, Oas3, Rsad2, Top2a
GO:0050867	positive regulation of cell activation	366	15	5.24	2.7e-4	0.010083740831295844	0.040983606557377046	Anxa1, Ccl5, Cd74, H2-Aa, H2-Ab1, H2-DMb1, H2-Eb1, Irf1, Irgm1, Klrk1, Lgals1, Ripk2, Socs1, Spn, Ulbp1
GO:0046649	lymphocyte activation	781	32	11.19	8.9e-8	7.6375e-6	0.040973111395646605	Anxa1, Arg1, Ccl5, Cd44, Cd74, Cd8a, Cdkn2a, Cgas, Exo1, Ezh2, Fancd2, Fcgr4, Gpnmb, H2-Aa, H2-Ab1, H2-DMb1, H2-Eb1, Igtp, Irf1, Irgm1, Klrk1, Lgals1, Lgals3, Myc, Nkg7, Prf1, Ripk2, Rsad2, Socs1, Spn, Tnfrsf9, Ulbp1
GO:0001817	regulation of cytokine production	757	31	10.84	1.5e-7	1.2452445652173913e-5	0.04095112285336856	Acod1, Anxa1, Arg1, Bst2, Ccl5, Cd74, Cgas, Cybb, Ezh2, Ezr, Gpnmb, Hmgb2, Hpse, Ifi206, Ifi213, Igtp, Irf1, Irgm1, Isg15, Klrk1, Mndal, Nmi, Oas1a, Oas3, Ripk2, Rsad2, Socs1, Spn, Trpv4, Twist1, Ulbp1
GO:0071214	cellular response to abiotic stimulus	342	14	4.9	4.4e-4	0.0150695067264574	0.04093567251461988	Aurkb, Ccnd2, Ciita, Ddias, Ect2, Ifi206, Ifi213, Irf1, Mndal, Pbk, Piezo2, Rad51ap1, Timp1, Trpv4
GO:0104004	cellular response to environmental stimulus	342	14	4.9	4.4e-4	0.0150695067264574	0.04093567251461988	Aurkb, Ccnd2, Ciita, Ddias, Ect2, Ifi206, Ifi213, Irf1, Mndal, Pbk, Piezo2, Rad51ap1, Timp1, Trpv4
GO:0050865	regulation of cell activation	597	24	8.55	5.6e-6	3.240151515151515e-4	0.04020100502512563	Anxa1, Arg1, Ccl5, Cd44, Cd74, Cdkn2a, Cgas, Emilin1, Fancd2, Gpnmb, H2-Aa, H2-Ab1, H2-DMb1, H2-Eb1, Irf1, Irgm1, Klrk1, Lgals1, Lgals3, Ripk2, Socs1, Spn, Tnfrsf9, Ulbp1
GO:0010638	positive regulation of organelle organization	527	21	7.55	2.5e-5	0.0012479575163398694	0.03984819734345351	Anxa1, Anxa2, Aurka, Aurkb, Bub1, Cdc20, Cdk1, Cenpe, Igtp, Irgm1, Myc, Ncapg, Ncaph, Nek2, Nusap1, Rad51ap1, Ska1, Smc2, Smc4, Trpv4, Ube2c
GO:0002682	regulation of immune system process	1487	59	21.3	3.8e-13	6.910119047619048e-11	0.03967720242098184	Acod1, Anxa1, Arg1, Aurkb, Bst2, C1ra, C1s1, Ccl5, Cd44, Cd74, Cd8a, Cdkn2a, Cgas, Cxcl10, Emilin1, Ezr, Fancd2, Fcgr4, Gbp2, Gm12250, Gpnmb, H2-Aa, H2-Ab1, H2-DMb1, H2-Eb1, H2-Q4, Hmgb2, Ifi204, Ifi206, Ifi211, Ifi213, Ifi35, Igtp, Irf1, Irgm1, Isg15, Klrk1, Lgals1, Lgals3, Mndal, Myc, Nlrc5, Nmi, Oas1a, Oas3, Raet1d, Ripk2, Rsad2, Smpdl3b, Socs1, Spn, Tap1, Tcim, Tnfrsf9, Trpv4, Twist1, Ulbp1, Usp18, Zbp1
GO:0002521	leukocyte differentiation	637	25	9.12	5.4e-6	3.1363117870722435e-4	0.03924646781789639	Anxa1, Anxa2, Batf2, Ccl5, Cd109, Cd44, Cd74, Cd8a, Cdkn2a, Ezh2, Fancd2, H2-Aa, Ifi206, Ifi213, Igtp, Irf1, Lgals1, Mndal, Myc, Ripk2, Rsad2, Socs1, Spn, Tnfrsf9, Ubd
GO:1903706	regulation of hemopoiesis	408	16	5.84	2.8e-4	0.01043170731707317	0.0392156862745098	Anxa1, Ccl5, Cd44, Cd74, Cdkn2a, Fancd2, H2-Aa, Hmgb2, Irf1, Irgm1, Isg15, Lgals1, Myc, Ripk2, Socs1, Tcim
GO:0009605	response to external stimulus	2174	85	31.14	6.4e-19	3.1535483870967743e-16	0.0390984360625575	Acod1, Anxa1, Anxa2, Arg1, Aurkb, Batf2, Bst2, C1ra, C1s1, Capg, Ccl5, Cd109, Cd44, Cd74, Cd8a, Cgas, Ciita, Col11a1, Cxcl10, Cxcl9, Cybb, Emilin1, Fancd2, Fcgr4, Gbp10, Gbp2, Gbp6, Gm12185, Gm12250, Gm4841, Gzma, Gzmb, Gzmc, Herc6, Hmgb2, Hpse, Ifi204, Ifi206, Ifi211, Ifi213, Ifi27l2a, Ifi35, Ifi44, Ifi47, Igtp, Iigp1, Iigp1c, Irf1, Irgm1, Isg15, Klrk1, Krt8, Lcn2, Lgals1, Lgals3, Mlkl, Mndal, Myc, Nkg7, Nlrc5, Nmi, Oas1a, Oas3, Pbk, Piezo2, Prf1, Psmb9, Raet1d, Ripk2, Rsad2, Slfn9, Smpdl3b, Socs3, Spn, Strc, Tap1, Tgtp1, Tgtp2, Trpv4, Ubd, Ube2l6, Ulbp1, Usp18, Vim, Zbp1
GO:0032496	response to lipopolysaccharide	333	13	4.77	0.00108	0.032732142857142855	0.03903903903903904	Acod1, Cxcl10, Cxcl9, Fcgr4, Gbp10, Gbp2, Gbp6, Hmgb2, Igtp, Irgm1, Klrk1, Ripk2, Vim
GO:0002376	immune system process	2330	90	33.37	8.1e-20	4.418839285714286e-17	0.03862660944206009	Acod1, Anxa1, Arg1, Aurkb, Batf2, Bst2, C1ra, C1s1, Capg, Ccl5, Ccnb2, Cd44, Cd74, Cd8a, Cdkn2a, Cgas, Ciita, Cxcl10, Cxcl9, Cybb, Emilin1, Exo1, Ezh2, Ezr, Fancd2, Fcgr4, Gbp10, Gbp2, Gbp6, Gm12185, Gm12250, Gm4841, Gpnmb, Gzmb, Gzmc, H2-Aa, H2-Ab1, H2-DMb1, H2-Eb1, H2-Q4, Herc6, Hmgb2, Ifi204, Ifi206, Ifi211, Ifi213, Ifi35, Ifi44, Ifi47, Igtp, Iigp1, Iigp1c, Irf1, Irf6, Irgm1, Isg15, Klrk1, Lcn2, Lgals1, Lgals3, Mndal, Myc, Nkg7, Nlrc5, Nmi, Oas1a, Oas3, Prf1, Psmb8, Psmb9, Raet1d, Ripk2, Rsad2, Six1, Smpdl3b, Socs1, Spn, Tap1, Tcim, Tgtp1, Tgtp2, Tnfrsf9, Trpv4, Twist1, Ubd, Ube2l6, Ulbp1, Usp18, Vim, Zbp1
GO:0008284	positive regulation of cell population proliferation	932	36	13.35	5.7e-8	5.0916666666666665e-6	0.03862660944206009	Anxa1, Anxa2, Arg1, Aspm, Ccl5, Ccna2, Ccnb1, Ccnd2, Cd74, Cdc20, Cdc6, Cdca7l, Cdk1, Cxcl10, Epcam, Ezh2, Foxm1, H2-DMb1, Has2, Hmga2, Hmgb2, Hpse, Irgm1, Kif14, Klf5, Lgals3, Myc, Prc1, Ripk2, Rps6-ps4, Sinhcaf, Six1, Spn, Timp1, Twist1, Vim
GO:0080134	regulation of response to stress	1349	52	19.32	3.8e-11	5.374537037037037e-9	0.0385470719051149	Acod1, Anxa1, Anxa2, Arg1, Aurkb, Ccl5, Cd109, Cd44, Cd74, Cdkn2a, Cgas, Ddias, Emilin1, Eya4, Fancd2, Foxm1, Gbp2, Gm12250, Hmga2, Hmgb2, Hpse, Ifi204, Ifi206, Ifi211, Ifi213, Ifi35, Igtp, Irf1, Irgm1, Isg15, Klrk1, Lgals1, Mndal, Nkg7, Nlrc5, Nmi, Oas1a, Oas3, Pbk, Plk1, Rad51ap1, Ripk2, Rsad2, Smpdl3b, Socs3, Spn, Tap1, Trpv4, Twist1, Ulbp1, Usp18, Zbp1
GO:0006259	DNA metabolic process	935	36	13.39	6.1e-8	5.355028735632185e-6	0.038502673796791446	Aurkb, Brip1, Ccna2, Cdc6, Cdca5, Cdk1, Cdkn2a, Cgas, Dbf4, Dtl, Ercc6l, Esco2, Exo1, Eya4, Ezh2, Fancd2, Foxm1, Gzma, Hmga2, Hmgb2, Kif22, Mcm10, Mcm3, Mcm5, Myc, Nek2, Pclaf, Plk1, Rad51ap1, Rad54l, Smc2, Smc4, Tk1, Top2a, Twist1, Uhrf1
GO:0045321	leukocyte activation	942	36	13.49	7.4e-8	6.4224431818181825e-6	0.03821656050955414	Anxa1, Arg1, Batf2, Ccl5, Cd44, Cd74, Cd8a, Cdkn2a, Cgas, Exo1, Ezh2, Fancd2, Fcgr4, Gpnmb, H2-Aa, H2-Ab1, H2-DMb1, H2-Eb1, Ifi35, Igtp, Irf1, Irgm1, Klrk1, Lgals1, Lgals3, Myc, Nkg7, Nmi, Prf1, Ripk2, Rsad2, Socs1, Spn, Tnfrsf9, Ubd, Ulbp1
GO:0022411	cellular component disassembly	420	16	6.02	3.9e-4	0.013758083140877597	0.0380952380952381	Atad2, Aurka, Aurkb, Capg, Cdk1, Cdkn2a, Ckap2, Igtp, Irgm1, Kif18b, Kif2c, Myc, Plk1, Top2a, Tpx2, Trpv4
GO:0030098	lymphocyte differentiation	420	16	6.02	3.9e-4	0.013758083140877597	0.0380952380952381	Anxa1, Cd44, Cd74, Cd8a, Cdkn2a, Ezh2, Fancd2, H2-Aa, Igtp, Irf1, Lgals1, Ripk2, Rsad2, Socs1, Spn, Tnfrsf9
GO:0006281	DNA repair	582	22	8.34	3.5e-5	0.0016654984423676012	0.037800687285223365	Brip1, Cdca5, Cgas, Dtl, Ercc6l, Esco2, Exo1, Eya4, Fancd2, Foxm1, Hmga2, Kif22, Mcm3, Mcm5, Pclaf, Plk1, Rad51ap1, Rad54l, Smc2, Smc4, Twist1, Uhrf1
GO:0001775	cell activation	1064	40	15.24	2e-8	1.9335443037974685e-6	0.03759398496240601	Anxa1, Arg1, Batf2, Ccl5, Cd44, Cd74, Cd8a, Cdkn2a, Cgas, Cxcl10, Emilin1, Exo1, Ezh2, Fancd2, Fcgr4, Gpnmb, H2-Aa, H2-Ab1, H2-DMb1, H2-Eb1, Ifi35, Igtp, Irf1, Irgm1, Klf5, Klrk1, Lgals1, Lgals3, Myc, Nkg7, Nmi, Prf1, Ripk2, Rsad2, Socs1, Spn, Tcim, Tnfrsf9, Ubd, Ulbp1
GO:0050678	regulation of epithelial cell proliferation	399	15	5.72	6.7e-4	0.021455450733752622	0.03759398496240601	Arg1, Birc5, Ccl5, Ccnd2, Cd109, Cdkn2a, Cnmd, Has2, Hmga2, Hmgb2, Irf6, Myc, Six1, Twist1, Uhrf1
GO:0001816	cytokine production	826	31	11.83	9.6e-7	6.546428571428571e-5	0.03753026634382567	Acod1, Anxa1, Arg1, Bst2, Ccl5, Cd74, Cgas, Cybb, Ezh2, Ezr, Gpnmb, Hmgb2, Hpse, Ifi206, Ifi213, Igtp, Irf1, Irgm1, Isg15, Klrk1, Mndal, Nmi, Oas1a, Oas3, Ripk2, Rsad2, Socs1, Spn, Trpv4, Twist1, Ulbp1
GO:0070925	organelle assembly	1017	38	14.57	5.5e-8	4.941911764705883e-6	0.03736479842674533	Aspm, Aurka, Aurkb, Birc5, Ccnb2, Cdc20, Cdca8, Cenpa, Cenpe, Cenph, Dlgap5, Ezr, Gm12185, Gm12250, Gm4841, Ifi47, Igtp, Iigp1, Iigp1c, Irgm1, Kif11, Kif15, Kif23, Kifc1, Krt8, Mybl2, Ndc80, Neb, Nek2, Plk1, Prc1, Rab19, Rps6-ps4, Ska1, Tgtp1, Tgtp2, Tpx2, Uhrf1
GO:0002237	response to molecule of bacterial origin	349	13	5	0.00164	0.045797074954296156	0.03724928366762178	Acod1, Cxcl10, Cxcl9, Fcgr4, Gbp10, Gbp2, Gbp6, Hmgb2, Igtp, Irgm1, Klrk1, Ripk2, Vim
GO:0030097	hemopoiesis	988	35	14.15	6.9e-7	4.879513888888889e-5	0.0354251012145749	3830403N18Rik, Anxa1, Anxa2, Batf2, Ccl5, Cd109, Cd44, Cd74, Cd8a, Cdkn2a, Ddias, Esco2, Ezh2, Fancd2, H2-Aa, Herc6, Hmgb2, Ifi206, Ifi213, Igtp, Irf1, Irgm1, Isg15, Lgals1, Melk, Mndal, Myc, Ripk2, Rsad2, Socs1, Spn, Tcim, Tnfrsf9, Top2a, Ubd
GO:0043068	positive regulation of programmed cell death	650	23	9.31	6.5e-5	0.002804731638418079	0.03538461538461538	Anxa1, Arg1, Bub1, Ccl5, Cd44, Cdkn2a, Ect2, Emilin1, Gzma, Irf1, Klrk1, Lcn2, Lgals1, Melk, Mybl2, Myc, Prf1, Ripk2, Rps6-ps4, Socs1, Top2a, Ubd, Zbp1
GO:0006974	DNA damage response	877	31	12.56	3.3e-6	2.0407894736842108e-4	0.03534777651083238	Brip1, Cd44, Cd74, Cdca5, Cdk1, Cdkn2a, Cgas, Ddias, Dtl, Ercc6l, Esco2, Exo1, Eya4, Fancd2, Foxm1, Hmga2, Ifi204, Kif22, Mcm10, Mcm3, Mcm5, Myc, Pclaf, Plk1, Rad51ap1, Rad54l, Smc2, Smc4, Top2a, Twist1, Uhrf1
GO:0019953	sexual reproduction	972	34	13.92	1.3e-6	8.596320346320346e-5	0.03497942386831276	3830403N18Rik, Aspm, Aurka, Birc5, Brip1, Ccnb1, Ccnb2, Cdc20, Cenpe, Ddias, Espl1, Exo1, Fancd2, H19, Hmga2, Hmgb2, Insl6, Knl1, Mcm3, Mcm5, Mki67, Ncaph, Ndc80, Nek2, Nuf2, Plk1, Rad51ap1, Rad54l, Sgo1, Ska1, Smc2, Smc4, Top2a, Ttk
GO:0033043	regulation of organelle organization	1181	41	16.92	1.2e-7	1.0127071823204419e-5	0.03471634208298052	Anxa1, Anxa2, Aurka, Aurkb, Birc5, Bst2, Bub1, Capg, Ccnb1, Cdc20, Cdc6, Cdca2, Cdca8, Cdk1, Cenpe, Ckap2, Ect2, Ezr, Igtp, Irgm1, Kifc1, Knl1, Mki67, Myc, Ncapg, Ncaph, Ndc80, Neb, Nek2, Nuf2, Nusap1, Plk1, Rad51ap1, Ska1, Smc2, Smc4, Spc24, Tpx2, Trpv4, Ttk, Ube2c
GO:0009314	response to radiation	461	16	6.6	0.00104	0.03183567134268537	0.03470715835140998	Aurkb, Ccnd2, Ddias, Dtl, Ect2, Fancd2, Ifi206, Ifi213, Mndal, Myc, Neto1, Pbk, Pclaf, Rad51ap1, Rad54l, Timp1
GO:0007010	cytoskeleton organization	1447	49	20.73	1.2e-8	1.205921052631579e-6	0.033863165169315826	Anxa1, Arpc1b, Aspm, Aurka, Aurkb, Birc5, Bst2, Capg, Ccnb1, Ccnb2, Cdc20, Cdca8, Cdk1, Cenpa, Cenpe, Cenph, Ckap2, Dlgap5, Ect2, Espl1, Ezr, Kif11, Kif15, Kif18b, Kif20a, Kif23, Kif2c, Kifc1, Knstrn, Krt8, Krt80, Mybl2, Ndc80, Neb, Nek2, Nuf2, Nusap1, Pclaf, Plk1, Prc1, Sgo1, Ska1, Tpm3-rs7, Tpx2, Trpv4, Tuba1c, Tubb6, Uhrf1, Vim
GO:0050673	epithelial cell proliferation	480	16	6.88	0.00158	0.044283486238532115	0.03333333333333333	Arg1, Birc5, Ccl5, Ccnd2, Cd109, Cdkn2a, Cnmd, Has2, Hmga2, Hmgb2, Irf6, Mki67, Myc, Six1, Twist1, Uhrf1
GO:0043065	positive regulation of apoptotic process	632	21	9.05	3.2e-4	0.01166587112171838	0.03322784810126582	Anxa1, Bub1, Ccl5, Cd44, Cdkn2a, Ect2, Emilin1, Gzma, Irf1, Klrk1, Lcn2, Lgals1, Melk, Mybl2, Myc, Ripk2, Rps6-ps4, Socs1, Top2a, Ubd, Zbp1
GO:0051052	regulation of DNA metabolic process	482	16	6.9	0.00165	0.04590846994535519	0.03319502074688797	Aurkb, Ccna2, Cdk1, Cdkn2a, Cgas, Dbf4, Esco2, Eya4, Foxm1, Gzma, Hmga2, Myc, Nek2, Plk1, Rad51ap1, Twist1
GO:0042127	regulation of cell population proliferation	1628	54	23.32	3.6e-9	3.927857142857143e-7	0.033169533169533166	Anxa1, Anxa2, Arg1, Aspm, Birc5, Brip1, Ccl5, Ccna2, Ccnb1, Ccnd2, Cd109, Cd44, Cd74, Cdc20, Cdc6, Cdca7l, Cdk1, Cdkn2a, Cnmd, Cxcl10, Cxcl9, Emilin1, Epcam, Ezh2, Foxm1, Gpnmb, H19, H2-Aa, H2-DMb1, Has2, Hmga2, Hmgb2, Hpse, Ifi35, Irf1, Irf6, Irgm1, Kif14, Klf5, Lgals3, Myc, Nmi, Prc1, Ripk2, Rps6-ps4, Sinhcaf, Six1, Socs1, Spn, Timp1, Tnfrsf9, Twist1, Uhrf1, Vim
GO:0010629	negative regulation of gene expression	1105	36	15.83	3.3e-6	2.0407894736842108e-4	0.03257918552036199	Acod1, Anxa1, Arg1, Aurka, Brip1, Bst2, Ccnb1, Cdk1, Eif4ebp1, Emilin1, Ezh2, Ezr, Gpnmb, Gzmb, Gzmc, H19, H2ac23, H2ac24, Hmga2, Hmgb2, Ifi206, Ifi213, Igf2bp2, Igf2bp3, Igtp, Irgm1, Mndal, Myc, Nmi, Oas1a, Oas3, Pabpc1, Twist1, Tyms, Uhrf1, Vim
GO:0001501	skeletal system development	528	17	7.56	0.00165	0.04590846994535519	0.032196969696969696	Alx1, Anxa2, Cnmd, Col11a1, Col2a1, Col9a1, Has2, Hmga2, Lgals3, Myc, Six1, Slc26a2, Tbx15, Timp1, Trpv4, Twist1, Tyms
GO:0001934	positive regulation of protein phosphorylation	565	18	8.09	0.00136	0.03949429657794677	0.03185840707964602	Anxa2, Ccl5, Ccnd2, Cd44, Cd74, Cenpe, Ect2, Ezh2, Gpnmb, Hmga2, Igtp, Irgm1, Kif14, Plk1, Ripk2, Spn, Tcim, Tpx2
GO:0031401	positive regulation of protein modification process	724	23	10.37	3.1e-4	0.011355515587529974	0.031767955801104975	Anxa2, Birc5, Ccl5, Ccnd2, Cd44, Cd74, Cdc20, Cdkn2a, Cenpe, Ect2, Ezh2, Gpnmb, Hmga2, Igtp, Irgm1, Kif14, Nmi, Plk1, Ripk2, Spn, Tcim, Tpx2, Trib3
GO:1902532	negative regulation of intracellular signal transduction	696	22	9.97	4.5e-4	0.015343191964285715	0.031609195402298854	Aurka, Aurkb, Cd44, Cd74, Cgas, Ddias, Dok1, Emilin1, Ezh2, Ezr, Foxm1, Hmga2, Ifi206, Ifi213, Ifi35, Igtp, Irgm1, Mndal, Nmi, Pbk, Ska1, Twist1
GO:0012501	programmed cell death	2003	63	28.69	1e-9	1.202755905511811e-7	0.03145282076884673	Anxa1, Anxa2, Arg1, Aurka, Aurkb, Birc5, Bub1, Ccl5, Ccnd2, Cd44, Cd74, Cdk1, Cdkn2a, Cdsn, Ckap2, Col2a1, Cxcl10, Ddias, Ect2, Emilin1, Emp1, Emp3, Epcam, Eya4, Gzma, Gzmb, Gzmc, Hmga2, Hmgb2, Ifi204, Ifi206, Ifi213, Ifi27l2a, Insl6, Irf1, Kif14, Klrk1, Krt8, Lcn2, Lgals1, Lgals3, Melk, Mlkl, Mndal, Mybl2, Myc, Nkg7, Plk1, Prf1, Ripk2, Rps6-ps4, Six1, Socs1, Spn, Tcim, Timp1, Tnfrsf9, Top2a, Tpx2, Trib3, Twist1, Ubd, Zbp1
GO:0008219	cell death	2004	63	28.71	1.1e-9	1.3025193798449613e-7	0.03143712574850299	Anxa1, Anxa2, Arg1, Aurka, Aurkb, Birc5, Bub1, Ccl5, Ccnd2, Cd44, Cd74, Cdk1, Cdkn2a, Cdsn, Ckap2, Col2a1, Cxcl10, Ddias, Ect2, Emilin1, Emp1, Emp3, Epcam, Eya4, Gzma, Gzmb, Gzmc, Hmga2, Hmgb2, Ifi204, Ifi206, Ifi213, Ifi27l2a, Insl6, Irf1, Kif14, Klrk1, Krt8, Lcn2, Lgals1, Lgals3, Melk, Mlkl, Mndal, Mybl2, Myc, Nkg7, Plk1, Prf1, Ripk2, Rps6-ps4, Six1, Socs1, Spn, Tcim, Timp1, Tnfrsf9, Top2a, Tpx2, Trib3, Twist1, Ubd, Zbp1
GO:0008283	cell population proliferation	1980	62	28.36	1.8e-9	2.0366666666666668e-7	0.031313131313131314	Anxa1, Anxa2, Arg1, Aspm, Birc5, Brip1, Ccl5, Ccna2, Ccnb1, Ccnd2, Cd109, Cd44, Cd74, Cdc20, Cdc6, Cdca7l, Cdk1, Cdkn2a, Cks1b, Cnmd, Col9a1, Cxcl10, Cxcl9, Emilin1, Epcam, Ezh2, Foxm1, Gpnmb, H19, H2-Aa, H2-DMb1, Has2, Hmga2, Hmgb2, Hpse, Ifi35, Irf1, Irf6, Irgm1, Kif14, Klf5, Lgals3, Map4k1, Mcm10, Melk, Mki67, Myc, Ndc80, Nmi, Prc1, Ripk2, Rps6-ps4, Sinhcaf, Six1, Slc26a2, Socs1, Spn, Timp1, Tnfrsf9, Twist1, Uhrf1, Vim
GO:0009968	negative regulation of signal transduction	1344	42	19.25	1.3e-6	8.596320346320346e-5	0.03125	Acod1, Arg1, Aurka, Aurkb, Ccl5, Cd109, Cd44, Cd74, Cgas, Cnmd, Col2a1, Ddias, Dok1, Emilin1, Eya4, Ezh2, Ezr, Foxm1, Hmga2, Hmgb2, Ifi206, Ifi213, Ifi35, Igtp, Irf1, Irgm1, Isg15, Lgals3, Mndal, Nlrc5, Nmi, Oas1a, Oas3, Pbk, Sinhcaf, Ska1, Smpdl3b, Socs1, Socs3, Tcim, Twist1, Usp18
GO:0071396	cellular response to lipid	577	18	8.26	0.00172	0.047168761220825854	0.03119584055459272	Acod1, Anxa1, Ccna2, Cxcl10, Cxcl9, Eif4ebp1, Fcgr4, Gbp10, Gbp2, Gbp6, Hmga2, Hmgb2, Igtp, Irgm1, Klrk1, Map4k1, Ripk2, Vim
GO:0006950	response to stress	3661	114	52.44	2.3e-18	1.0037857142857143e-15	0.03113903305107894	Acod1, AI506816, Anxa1, Anxa2, Arg1, Aurka, Aurkb, Batf2, Brip1, Bst2, C1ra, C1s1, Capg, Ccl5, Ccna2, Cd109, Cd44, Cd74, Cd8a, Cdca5, Cdk1, Cdkn2a, Cgas, Ciita, Cxcl10, Cxcl9, Cybb, Ddias, Dtl, Ect2, Eif4ebp1, Emilin1, Ercc6l, Esco2, Exo1, Eya4, Ezh2, Fancd2, Fcgr4, Foxm1, Gbp10, Gbp2, Gbp6, Gm12185, Gm12250, Gm4841, Gzma, Gzmb, Gzmc, Has2, Herc6, Hmga2, Hmgb2, Hpse, Ifi204, Ifi206, Ifi211, Ifi213, Ifi35, Ifi47, Igtp, Iigp1, Iigp1c, Irf1, Irgm1, Isg15, Kif22, Klrk1, Krt8, Lcn2, Lgals1, Lgals3, Mcm10, Mcm3, Mcm5, Mlkl, Mndal, Myc, Nkg7, Nlrc5, Nmi, Oas1a, Oas3, Pbk, Pclaf, Plk1, Prf1, Rad51ap1, Rad54l, Raet1d, Ripk2, Rsad2, Slfn9, Smc2, Smc4, Smpdl3b, Socs3, Spn, Tap1, Tcim, Tgtp1, Tgtp2, Timp1, Top2a, Trib3, Trpv4, Twist1, Ubd, Ube2l6, Uhrf1, Ulbp1, Usp18, Vim, Zbp1
GO:0030155	regulation of cell adhesion	776	24	11.12	3.4e-4	0.01222	0.030927835051546393	Anxa1, Arg1, Ccl5, Cd44, Cd74, Cdkn2a, Cdsn, Emilin1, Epcam, Gpnmb, H2-Aa, H2-Ab1, H2-DMb1, H2-Eb1, Has2, Irf1, Irgm1, Kif14, Lgals1, Lgals3, Ripk2, Socs1, Spn, Trpv4
GO:0001932	regulation of protein phosphorylation	876	26	12.55	3.6e-4	0.01281818181818182	0.02968036529680365	Anxa2, Ccl5, Ccnb1, Ccnd2, Cd109, Cd44, Cd74, Cdkn2a, Cenpe, Ect2, Ezh2, Gpnmb, Hmga2, Igtp, Irf1, Irgm1, Kif14, Pbk, Plk1, Ripk2, Socs1, Socs3, Spn, Tcim, Tpx2, Trib3
GO:0010628	positive regulation of gene expression	1185	35	16.97	3.7e-5	0.0017283639143730884	0.029535864978902954	Anxa1, Anxa2, Atad2, Ccl5, Cd44, Cd74, Cdk1, Cdkn2a, Cgas, Cybb, Emilin1, Ezr, Hmga2, Hmgb2, Hpse, Ifi206, Ifi213, Igf2bp2, Igf2bp3, Irf1, Isg15, Klrk1, Lcn2, Mndal, Myc, Oas1a, Oas3, Pabpc1, Ripk2, Rsad2, Spn, Trpv4, Twist1, Ulbp1, Vim
GO:0006915	apoptotic process	1936	57	27.73	8.4e-8	7.249152542372881e-6	0.029442148760330578	Anxa1, Anxa2, Aurka, Aurkb, Birc5, Bub1, Ccl5, Ccnd2, Cd44, Cd74, Cdk1, Cdkn2a, Ckap2, Col2a1, Cxcl10, Ddias, Ect2, Emilin1, Emp1, Emp3, Epcam, Eya4, Gzma, Gzmb, Hmga2, Hmgb2, Ifi204, Ifi206, Ifi213, Ifi27l2a, Insl6, Irf1, Kif14, Klrk1, Krt8, Lcn2, Lgals1, Lgals3, Melk, Mndal, Mybl2, Myc, Plk1, Ripk2, Rps6-ps4, Six1, Socs1, Spn, Tcim, Timp1, Tnfrsf9, Top2a, Tpx2, Trib3, Twist1, Ubd, Zbp1
GO:0006468	protein phosphorylation	1163	34	16.66	5.9e-5	0.0026046965317919075	0.029234737747205503	Anxa2, Aurka, Aurkb, Birc5, Ccl5, Ccnb1, Ccnd2, Cd109, Cd44, Cd74, Cdk1, Cdkn2a, Cenpe, Ect2, Ezh2, Gpnmb, Hmga2, Igtp, Irf1, Irgm1, Kif14, Map4k1, Melk, Nek2, Pbk, Plk1, Ripk2, Socs1, Socs3, Spn, Tcim, Tpx2, Trib3, Ttk
GO:0048585	negative regulation of response to stimulus	1686	49	24.15	1.2e-6	8.039473684210527e-5	0.029062870699881376	Acod1, Anxa1, Anxa2, Arg1, Aurka, Aurkb, Ccl5, Cd109, Cd44, Cd74, Cgas, Cnmd, Col2a1, Ddias, Dok1, Emilin1, Eya4, Ezh2, Ezr, Foxm1, Hmga2, Hmgb2, Ifi206, Ifi213, Ifi35, Igtp, Irf1, Irgm1, Isg15, Klrk1, Lgals1, Lgals3, Mndal, Nlrc5, Nmi, Oas1a, Oas3, Pbk, Plk1, Sinhcaf, Ska1, Smpdl3b, Socs1, Socs3, Spn, Tap1, Tcim, Twist1, Usp18
GO:0042325	regulation of phosphorylation	931	27	13.34	4e-4	0.014013761467889907	0.02900107411385607	Anxa2, Ccl5, Ccnb1, Ccnd2, Cd109, Cd44, Cd74, Cdkn2a, Cenpe, Ect2, Ezh2, Gpnmb, Hmga2, Igtp, Irf1, Irgm1, Kif14, Nlrc5, Pbk, Plk1, Ripk2, Socs1, Socs3, Spn, Tcim, Tpx2, Trib3
GO:0048584	positive regulation of response to stimulus	2263	65	32.42	2e-8	1.9335443037974685e-6	0.028722934158197082	Acod1, Anxa1, Arg1, Aspm, Aurkb, Birc5, Bub1, C1ra, C1s1, Ccl5, Cd44, Cd74, Cd8a, Cdca8, Cdkn2a, Cgas, Cxcl10, Emilin1, Eya4, Ezh2, Ezr, Foxm1, Gbp2, Gm12250, Gpnmb, H2-Aa, H2-Ab1, H2-DMb1, H2-Eb1, H2-Q4, Hmgb2, Hpse, Ifi204, Ifi206, Ifi211, Ifi213, Ifi35, Igtp, Irf1, Irgm1, Klrk1, Knl1, Lgals1, Lgals3, Lpar2, Map4k1, Mndal, Myc, Ndc80, Neto1, Nkg7, Nlrc5, Nmi, Oas1a, Oas3, Rad51ap1, Raet1d, Ripk2, Rsad2, Smpdl3b, Tcim, Trpv4, Ubd, Ulbp1, Zbp1
GO:0043067	regulation of programmed cell death	1570	45	22.49	5.2e-6	3.031679389312977e-4	0.028662420382165606	Anxa1, Arg1, Aurka, Aurkb, Birc5, Bub1, Ccl5, Ccnd2, Cd44, Cd74, Cdk1, Cdkn2a, Cdsn, Col2a1, Cxcl10, Ddias, Ect2, Emilin1, Epcam, Eya4, Gzma, Hmga2, Hmgb2, Insl6, Irf1, Kif14, Klrk1, Lcn2, Lgals1, Lgals3, Melk, Mybl2, Myc, Plk1, Prf1, Ripk2, Rps6-ps4, Six1, Socs1, Tcim, Timp1, Top2a, Twist1, Ubd, Zbp1
GO:0098609	cell-cell adhesion	839	24	12.02	0.00103	0.03165643863179075	0.028605482717520857	Anxa1, Arg1, Ccl5, Cd44, Cd74, Cdkn2a, Cdsn, Emilin1, Epcam, Ezr, Gpnmb, H2-Aa, H2-Ab1, H2-DMb1, H2-Eb1, Has2, Irf1, Irgm1, Lgals1, Lgals3, Ripk2, Socs1, Spn, Trpv4
GO:0023057	negative regulation of signaling	1476	42	21.14	1.4e-5	7.374137931034482e-4	0.028455284552845527	Acod1, Arg1, Aurka, Aurkb, Ccl5, Cd109, Cd44, Cd74, Cgas, Cnmd, Col2a1, Ddias, Dok1, Emilin1, Eya4, Ezh2, Ezr, Foxm1, Hmga2, Hmgb2, Ifi206, Ifi213, Ifi35, Igtp, Irf1, Irgm1, Isg15, Lgals3, Mndal, Nlrc5, Nmi, Oas1a, Oas3, Pbk, Sinhcaf, Ska1, Smpdl3b, Socs1, Socs3, Tcim, Twist1, Usp18
GO:0010648	negative regulation of cell communication	1479	42	21.19	1.4e-5	7.374137931034482e-4	0.028397565922920892	Acod1, Arg1, Aurka, Aurkb, Ccl5, Cd109, Cd44, Cd74, Cgas, Cnmd, Col2a1, Ddias, Dok1, Emilin1, Eya4, Ezh2, Ezr, Foxm1, Hmga2, Hmgb2, Ifi206, Ifi213, Ifi35, Igtp, Irf1, Irgm1, Isg15, Lgals3, Mndal, Nlrc5, Nmi, Oas1a, Oas3, Pbk, Sinhcaf, Ska1, Smpdl3b, Socs1, Socs3, Tcim, Twist1, Usp18
GO:0016310	phosphorylation	1254	35	17.96	1.1e-4	0.004603424657534247	0.027910685805422646	Anxa2, Aurka, Aurkb, Birc5, Ccl5, Ccnb1, Ccnd2, Cd109, Cd44, Cd74, Cdk1, Cdkn2a, Cenpe, Ect2, Ezh2, Gpnmb, Hmga2, Igtp, Irf1, Irgm1, Kif14, Map4k1, Melk, Nek2, Nlrc5, Pbk, Plk1, Ripk2, Socs1, Socs3, Spn, Tcim, Tpx2, Trib3, Ttk
GO:0051241	negative regulation of multicellular organismal process	1152	32	16.5	2.5e-4	0.009475806451612905	0.027777777777777776	Acod1, Anxa1, Anxa2, Arg1, Bst2, Ccnd2, Cd44, Cd74, Cdkn2a, Cnmd, Cxcl10, Emilin1, Ezh2, Ezr, Gpnmb, H19, H2-Aa, Hmga2, Igtp, Irf1, Irgm1, Lgals1, Lgals3, Myc, Nmi, Oas1a, Oas3, Sinhcaf, Socs1, Spn, Timp1, Twist1
GO:0042981	regulation of apoptotic process	1521	42	21.79	2.8e-5	0.0013708333333333333	0.027613412228796843	Anxa1, Aurka, Aurkb, Birc5, Bub1, Ccl5, Ccnd2, Cd44, Cd74, Cdk1, Cdkn2a, Col2a1, Cxcl10, Ddias, Ect2, Emilin1, Epcam, Eya4, Gzma, Hmga2, Hmgb2, Insl6, Irf1, Kif14, Klrk1, Lcn2, Lgals1, Lgals3, Melk, Mybl2, Myc, Plk1, Ripk2, Rps6-ps4, Six1, Socs1, Tcim, Timp1, Top2a, Twist1, Ubd, Zbp1
GO:1901701	cellular response to oxygen-containing compound	1216	33	17.42	3e-4	0.011015625	0.027138157894736843	Acod1, Anxa1, Birc5, Brip1, Ccna2, Cdk1, Cdkn2a, Cxcl10, Cxcl9, Cybb, Ddias, Ect2, Eif4ebp1, Ezh2, Ezr, Fcgr4, Gbp10, Gbp2, Gbp6, Hmgb2, Igtp, Irf1, Irgm1, Klrk1, Lcn2, Map4k1, Ripk2, Rps6-ps4, Six1, Socs1, Socs3, Trib3, Vim
GO:0051240	positive regulation of multicellular organismal process	1717	46	24.59	2.3e-5	0.0011594884488448846	0.026790914385556204	Alx1, Anxa1, Anxa2, Aspm, Ccl5, Ccnb1, Ccnd2, Cd74, Cdk1, Cgas, Cnmd, Cybb, Emilin1, Ezh2, Ezr, Fcgr4, H2-Aa, H2-Ab1, H2-DMb1, H2-Eb1, Hmga2, Hmgb2, Hpse, Ifi206, Ifi213, Irf1, Irgm1, Isg15, Klrk1, Lcn2, Lgals1, Lgals3, Mndal, Myc, Oas1a, Oas3, Ripk2, Rsad2, Sinhcaf, Six1, Socs1, Spn, Trpv4, Twist1, Ulbp1, Vim
GO:0022414	reproductive process	1463	39	20.96	1.2e-4	0.004994550408719346	0.026657552973342446	3830403N18Rik, Acod1, Aspm, Aurka, Birc5, Brip1, Ccnb1, Ccnb2, Cd44, Cdc20, Cenpe, Ddias, Espl1, Exo1, Fancd2, H19, Has2, Hmga2, Hmgb2, Insl6, Knl1, Krt8, Mcm3, Mcm5, Mki67, Ncaph, Ndc80, Nek2, Nuf2, Plk1, Rad51ap1, Rad54l, Sgo1, Ska1, Smc2, Smc4, Timp1, Top2a, Ttk
GO:0031399	regulation of protein modification process	1133	30	16.23	8.6e-4	0.02691905737704918	0.0264783759929391	Anxa2, Birc5, Ccl5, Ccnb1, Ccnd2, Cd109, Cd44, Cd74, Cdc20, Cdkn2a, Cenpe, Ect2, Ezh2, Gpnmb, Hmga2, Igtp, Irf1, Irgm1, Isg15, Kif14, Nmi, Pbk, Plk1, Ripk2, Socs1, Socs3, Spn, Tcim, Tpx2, Trib3
GO:0019220	regulation of phosphate metabolic process	1061	28	15.2	0.00135	0.039353530534351144	0.02639019792648445	Anxa2, Ccl5, Ccnb1, Ccnd2, Cd109, Cd44, Cd74, Cdkn2a, Cenpe, Ect2, Ezh2, Gpnmb, Hmga2, Igtp, Irf1, Irgm1, Kif14, Myc, Nlrc5, Pbk, Plk1, Ripk2, Socs1, Socs3, Spn, Tcim, Tpx2, Trib3
GO:0051174	regulation of phosphorus metabolic process	1063	28	15.23	0.00138	0.039923295454545454	0.02634054562558796	Anxa2, Ccl5, Ccnb1, Ccnd2, Cd109, Cd44, Cd74, Cdkn2a, Cenpe, Ect2, Ezh2, Gpnmb, Hmga2, Igtp, Irf1, Irgm1, Kif14, Myc, Nlrc5, Pbk, Plk1, Ripk2, Socs1, Socs3, Spn, Tcim, Tpx2, Trib3
GO:0010558	negative regulation of macromolecule biosynthetic process	2056	54	29.45	6.8e-6	3.861338289962826e-4	0.026264591439688716	Acod1, Alx1, Anxa1, Arg1, Aurka, Aurkb, Birc5, Brip1, Bst2, Ccnb1, Cdk1, Cdkn2a, Cenpf, Ciita, Depdc1a, Eif4ebp1, Emilin1, Ezh2, Ezr, Foxm1, Gpnmb, Gzmb, Gzmc, H19, H2ac23, H2ac24, Hmga2, Hmgb2, Ifi206, Ifi213, Igf2bp2, Igf2bp3, Igtp, Irf1, Irgm1, Klf5, Magea13, Mndal, Myc, Nmi, Oas1a, Oas3, Pabpc1, Plk1, Sinhcaf, Six1, Tbx15, Tfcp2l1, Trib3, Trpv4, Twist1, Tyms, Uhrf1, Vim
GO:0033554	cellular response to stress	1828	48	26.18	2.5e-5	0.0012479575163398694	0.0262582056892779	Anxa1, Brip1, Ccna2, Cd44, Cd74, Cdca5, Cdk1, Cdkn2a, Cgas, Cybb, Ddias, Dtl, Ect2, Eif4ebp1, Ercc6l, Esco2, Exo1, Eya4, Ezh2, Fancd2, Foxm1, Has2, Hmga2, Ifi204, Ifi206, Ifi213, Igtp, Kif22, Lcn2, Mcm10, Mcm3, Mcm5, Mndal, Myc, Pbk, Pclaf, Plk1, Rad51ap1, Rad54l, Ripk2, Smc2, Smc4, Tcim, Top2a, Trib3, Trpv4, Twist1, Uhrf1
GO:0051094	positive regulation of developmental process	1411	37	20.21	2.5e-4	0.009475806451612905	0.026222537207654145	Alx1, Anxa1, Aspm, Aurka, Ccl5, Ccnb1, Ccnd2, Cd74, Cdc20, Cdk1, Cdkn2a, Cxcl9, Cybb, Ect2, Emilin1, Ezh2, Ezr, H2-Aa, Hmga2, Hmgb2, Hpse, Ifi204, Igtp, Irf1, Irgm1, Isg15, Klf5, Lcn2, Lgals3, Myc, Ripk2, Sinhcaf, Six1, Socs1, Socs3, Twist1, Vim
GO:0006996	organelle organization	3434	90	49.19	1.2e-9	1.3992366412213741e-7	0.026208503203261502	Anxa1, Anxa2, Arpc1b, Aspm, Aurka, Aurkb, Birc5, Brip1, Bst2, Bub1, Capg, Ccnb1, Ccnb2, Cdc20, Cdc6, Cdca2, Cdca5, Cdca8, Cdk1, Cdkn2a, Cenpa, Cenpe, Cenph, Ckap2, Dlgap5, Ect2, Esco2, Espl1, Ezr, Fancd2, Gm12185, Gm12250, Gm4841, Hmga2, Hmgb2, Ifi27l2a, Ifi47, Igtp, Iigp1, Iigp1c, Irgm1, Kif11, Kif14, Kif15, Kif18b, Kif20a, Kif22, Kif23, Kif2c, Kifc1, Knl1, Knstrn, Krt8, Krt80, Mki67, Mtfr2, Mybl2, Myc, Ncapg, Ncaph, Ndc80, Neb, Nek2, Nuf2, Nusap1, Pclaf, Pi4k2b, Plk1, Prc1, Rab19, Rad51ap1, Rad54l, Rps6-ps4, Sgo1, Ska1, Smc2, Smc4, Spc24, Tgtp1, Tgtp2, Top2a, Tpm3-rs7, Tpx2, Trpv4, Ttk, Tuba1c, Tubb6, Ube2c, Uhrf1, Vim
GO:0006338	chromatin remodeling	1151	30	16.49	0.0011	0.033272277227722774	0.026064291920069503	Asf1b, Atad2, Aurka, Aurkb, Brip1, Bub1, Cdk1, Cenpa, Ciita, Ercc6l, Eya4, Ezh2, H19, H2ac23, H2ac24, Hmga2, Ifi206, Ifi213, Map4k1, Mcm3, Mcm5, Melk, Mndal, Myc, Nek2, Pbk, Rad54l, Ripk2, Ttk, Uhrf1
GO:0051247	positive regulation of protein metabolic process	1083	28	15.51	0.00182	0.04973255813953489	0.02585410895660203	Anxa2, Aurka, Birc5, Ccl5, Ccnd2, Cd44, Cd74, Cdc20, Cdkn2a, Cenpe, Dtl, Ect2, Ezh2, Ezr, Gpnmb, Hmga2, Igtp, Irgm1, Kif14, Nmi, Pabpc1, Plk1, Ripk2, Spn, Tcim, Tpx2, Trib3, Uhrf1
GO:0010605	negative regulation of macromolecule metabolic process	2482	63	35.55	2.9e-6	1.822942386831276e-4	0.025382755842062853	Acod1, Alx1, Anxa1, Anxa2, Arg1, Aurka, Aurkb, Birc5, Brip1, Bst2, Ccnb1, Cd109, Cdk1, Cdkn2a, Cenpf, Cgas, Ciita, Depdc1a, Eif4ebp1, Emilin1, Ezh2, Ezr, Foxm1, Gpnmb, Gzma, Gzmb, Gzmc, H19, H2ac23, H2ac24, Hmga2, Hmgb2, Ifi206, Ifi213, Igf2bp2, Igf2bp3, Igtp, Irf1, Irgm1, Isg15, Klf5, Magea13, Mndal, Myc, Nmi, Oas1a, Oas3, Pabpc1, Pbk, Plk1, Sinhcaf, Six1, Socs1, Socs3, Tbx15, Tfcp2l1, Timp1, Trib3, Trpv4, Twist1, Tyms, Uhrf1, Vim
GO:0009890	negative regulation of biosynthetic process	2138	54	30.62	2.1e-5	0.0010656976744186045	0.025257249766136577	Acod1, Alx1, Anxa1, Arg1, Aurka, Aurkb, Birc5, Brip1, Bst2, Ccnb1, Cdk1, Cdkn2a, Cenpf, Ciita, Depdc1a, Eif4ebp1, Emilin1, Ezh2, Ezr, Foxm1, Gpnmb, Gzmb, Gzmc, H19, H2ac23, H2ac24, Hmga2, Hmgb2, Ifi206, Ifi213, Igf2bp2, Igf2bp3, Igtp, Irf1, Irgm1, Klf5, Magea13, Mndal, Myc, Nmi, Oas1a, Oas3, Pabpc1, Plk1, Sinhcaf, Six1, Tbx15, Tfcp2l1, Trib3, Trpv4, Twist1, Tyms, Uhrf1, Vim
GO:0022607	cellular component assembly	2971	75	42.56	2.7e-7	2.1042091836734695e-5	0.02524402558061259	Anxa2, Asf1b, Aspm, Atad2, Aurka, Aurkb, Birc5, Brip1, Capg, Ccl5, Ccnb1, Ccnb2, Cd74, Cdc20, Cdca8, Cdk1, Cenpa, Cenpe, Cenph, Dlgap5, Ect2, Eif4ebp1, Emilin1, Emp1, Emp3, Ezr, Gbp2, Gm12185, Gm12250, Gm4841, H2-Aa, H2-Ab1, H2-DMb1, H2-Eb1, Has2, Ifi206, Ifi213, Ifi47, Igtp, Iigp1, Iigp1c, Irgm1, Isg15, Kif11, Kif14, Kif15, Kif23, Kifc1, Klf5, Krt8, Lgals3, Mlkl, Mndal, Mybl2, Ndc80, Neb, Nek2, Oas1a, Plk1, Prc1, Prf1, Rab19, Ripk2, Rps6-ps4, Rrm2, Six1, Ska1, Tgtp1, Tgtp2, Tk1, Tpx2, Trpv4, Ubd, Ube2c, Uhrf1
GO:0051128	regulation of cellular component organization	2551	64	36.54	3.5e-6	2.1299800796812748e-4	0.025088200705605645	Anxa1, Anxa2, Aurka, Aurkb, Birc5, Bst2, Bub1, Capg, Ccnb1, Cd44, Cdc20, Cdc6, Cdca2, Cdca8, Cdk1, Cdkn2a, Cenpe, Ckap2, Cxcl10, Cxcl9, Ect2, Eif4ebp1, Emilin1, Ezh2, Ezr, Gbp2, Gm12250, Has2, Ifi206, Ifi213, Igtp, Irgm1, Isg15, Kif14, Kifc1, Klf5, Knl1, Lcn2, Lgals1, Lgals3, Mki67, Mndal, Myc, Ncapg, Ncaph, Ndc80, Neb, Nek2, Nuf2, Nusap1, Plk1, Rad51ap1, Rps6-ps4, Six1, Ska1, Smc2, Smc4, Spc24, Tamalin, Tpx2, Trpv4, Ttk, Ube2c, Vim
GO:0035556	intracellular signal transduction	2836	69	40.62	3.7e-6	2.2250984251968503e-4	0.024330042313117067	Aurka, Aurkb, Birc5, Bub1, Ccl5, Ccna2, Ccnb1, Cd44, Cd74, Cd8a, Cdc20, Cdc6, Cdca8, Cdk1, Cdkn2a, Cenpe, Cgas, Cybb, Ddias, Depdc1a, Dok1, Dtl, Ect2, Eif4ebp1, Emilin1, Ezh2, Ezr, Fancd2, Foxm1, Gbp2, Gm12250, Gpnmb, Hmga2, Hpse, Ifi204, Ifi206, Ifi213, Ifi27l2a, Ifi35, Igtp, Irf1, Irgm1, Kif14, Knl1, Lpar2, Map4k1, Melk, Mndal, Myc, Ndc80, Nmi, Nuf2, Oas1a, Oas3, Pbk, Plk1, Ripk2, Rps6-ps4, Rsad2, Ska1, Socs1, Socs3, Spc24, Tcim, Trib3, Trpv4, Ttk, Twist1, Ubd
GO:0043933	protein-containing complex organization	1711	41	24.51	7.2e-4	0.02296033402922756	0.02396259497369959	Asf1b, Atad2, Aurkb, Capg, Ccnb1, Cd74, Cdk1, Cenpa, Cenpe, Cenph, Ckap2, Dlgap5, Ect2, Eif4ebp1, Gbp2, Gm12250, H2-Aa, H2-Ab1, H2-DMb1, H2-Eb1, Ifi206, Ifi213, Igtp, Irgm1, Isg15, Kif14, Kif18b, Kif2c, Lgals3, Mlkl, Mndal, Myc, Oas1a, Prf1, Ripk2, Rps6-ps4, Rrm2, Tk1, Tpx2, Trpv4, Ube2c
GO:0044085	cellular component biogenesis	3232	76	46.29	3.6e-6	2.1821428571428572e-4	0.023514851485148515	Anxa2, Asf1b, Aspm, Atad2, Aurka, Aurkb, Birc5, Brip1, Capg, Ccl5, Ccnb1, Ccnb2, Cd74, Cdc20, Cdca8, Cdk1, Cdkn2a, Cenpa, Cenpe, Cenph, Dlgap5, Ect2, Eif4ebp1, Emilin1, Emp1, Emp3, Ezr, Gbp2, Gm12185, Gm12250, Gm4841, H2-Aa, H2-Ab1, H2-DMb1, H2-Eb1, Has2, Ifi206, Ifi213, Ifi47, Igtp, Iigp1, Iigp1c, Irgm1, Isg15, Kif11, Kif14, Kif15, Kif23, Kifc1, Klf5, Krt8, Lgals3, Mlkl, Mndal, Mybl2, Ndc80, Neb, Nek2, Oas1a, Plk1, Prc1, Prf1, Rab19, Ripk2, Rps6-ps4, Rrm2, Six1, Ska1, Tgtp1, Tgtp2, Tk1, Tpx2, Trpv4, Ubd, Ube2c, Uhrf1
GO:0009892	negative regulation of metabolic process	2701	63	38.69	4.3e-5	0.001990378787878788	0.02332469455757127	Acod1, Alx1, Anxa1, Anxa2, Arg1, Aurka, Aurkb, Birc5, Brip1, Bst2, Ccnb1, Cd109, Cdk1, Cdkn2a, Cenpf, Cgas, Ciita, Depdc1a, Eif4ebp1, Emilin1, Ezh2, Ezr, Foxm1, Gpnmb, Gzma, Gzmb, Gzmc, H19, H2ac23, H2ac24, Hmga2, Hmgb2, Ifi206, Ifi213, Igf2bp2, Igf2bp3, Igtp, Irf1, Irgm1, Isg15, Klf5, Magea13, Mndal, Myc, Nmi, Oas1a, Oas3, Pabpc1, Pbk, Plk1, Sinhcaf, Six1, Socs1, Socs3, Tbx15, Tfcp2l1, Timp1, Trib3, Trpv4, Twist1, Tyms, Uhrf1, Vim
GO:0010604	positive regulation of macromolecule metabolic process	3136	73	44.92	8.8e-6	4.8352517985611514e-4	0.023278061224489797	Alx1, Anxa1, Anxa2, Atad2, Aurka, Aurkb, Birc5, Ccl5, Ccna2, Ccnb1, Ccnd2, Cd44, Cd74, Cdc20, Cdk1, Cdkn2a, Cenpe, Cgas, Ciita, Ckap2, Cybb, Dbf4, Dtl, Ect2, Emilin1, Epcam, Eya4, Ezh2, Ezr, Foxm1, Gpnmb, Has2, Hmga2, Hmgb2, Hpse, Ifi206, Ifi213, Igf2bp2, Igf2bp3, Igtp, Irf1, Irf6, Irgm1, Isg15, Kif14, Klf5, Klrk1, Lcn2, Mndal, Mybl2, Myc, Nek2, Nlrc5, Nmi, Oas1a, Oas3, Pabpc1, Plk1, Rad51ap1, Ripk2, Rsad2, Six1, Spn, Tbx15, Tcim, Top2a, Tpx2, Trib3, Trpv4, Twist1, Uhrf1, Ulbp1, Vim
GO:0042221	response to chemical	3404	79	48.76	3.5e-6	2.1299800796812748e-4	0.023207990599294948	Acod1, Anxa1, Anxa2, Arg1, Birc5, Brip1, Bst2, Capg, Ccl5, Ccna2, Cd44, Cd74, Cdk1, Cdkn2a, Cgas, Ciita, Cxcl10, Cxcl9, Cybb, Ddias, Dok1, Ect2, Eif4ebp1, Ezh2, Ezr, Fancd2, Fcgr4, Gbp10, Gbp2, Gbp6, Gm12185, Gm12250, Gm4841, Has2, Hmga2, Hmgb2, Hpse, Ifi204, Ifi206, Ifi211, Ifi213, Ifi47, Igtp, Iigp1, Iigp1c, Irf1, Irgm1, Isg15, Klf5, Klrk1, Krt8, Lcn2, Lgals3, Map4k1, Mndal, Mybl2, Myc, Nlrc5, Oas1a, Oas3, Pcolce, Rad54l, Ripk2, Rps6-ps4, Six1, Slc47a1, Socs1, Socs3, Tgtp1, Tgtp2, Timp1, Trib3, Trpv4, Twist1, Tyms, Ubd, Usp18, Vim, Zbp1
GO:0051246	regulation of protein metabolic process	1856	43	26.59	0.00104	0.03183567134268537	0.023168103448275863	Anxa2, Aurka, Birc5, Ccl5, Ccnb1, Ccnd2, Cd109, Cd44, Cd74, Cdc20, Cdkn2a, Cenpe, Dtl, Ect2, Eif4ebp1, Ezh2, Ezr, Gpnmb, Gzmb, Gzmc, Hmga2, Igf2bp2, Igf2bp3, Igtp, Irf1, Irgm1, Isg15, Kif14, Nmi, Pabpc1, Pbk, Plk1, Psmb8, Ripk2, Socs1, Socs3, Spn, Tcim, Timp1, Tpx2, Trib3, Tyms, Uhrf1
GO:0048583	regulation of response to stimulus	3844	89	55.06	6.3e-7	4.517957746478873e-5	0.02315296566077003	Acod1, Anxa1, Anxa2, Arg1, Aspm, Aurka, Aurkb, Birc5, Bub1, C1ra, C1s1, Ccl5, Ccnb1, Cd109, Cd44, Cd74, Cd8a, Cdca8, Cdkn2a, Cgas, Cnmd, Col2a1, Cxcl10, Ddias, Dok1, Emilin1, Eya4, Ezh2, Ezr, Fancd2, Fcgr4, Foxm1, Gbp2, Gm12250, Gpnmb, H2-Aa, H2-Ab1, H2-DMb1, H2-Eb1, H2-Q4, Hmga2, Hmgb2, Hpse, Ifi204, Ifi206, Ifi211, Ifi213, Ifi35, Igtp, Irf1, Irgm1, Isg15, Kif14, Klrk1, Knl1, Lgals1, Lgals3, Lpar2, Map4k1, Mndal, Myc, Ndc80, Neto1, Nkg7, Nlrc5, Nmi, Oas1a, Oas3, Pbk, Plk1, Rad51ap1, Raet1d, Ripk2, Rsad2, Sinhcaf, Ska1, Smpdl3b, Socs1, Socs3, Spn, Tap1, Tcim, Timp1, Trpv4, Twist1, Ubd, Ulbp1, Usp18, Zbp1
GO:1902531	regulation of intracellular signal transduction	1908	44	27.33	9.9e-4	0.03067393509127789	0.023060796645702306	Aurka, Aurkb, Birc5, Bub1, Ccl5, Ccnb1, Cd44, Cd74, Cd8a, Cdca8, Cdkn2a, Cgas, Ddias, Dok1, Emilin1, Ezh2, Ezr, Foxm1, Gbp2, Gm12250, Gpnmb, Hmga2, Hpse, Ifi206, Ifi213, Ifi35, Igtp, Irgm1, Kif14, Knl1, Lpar2, Map4k1, Mndal, Myc, Ndc80, Nmi, Pbk, Ripk2, Rsad2, Ska1, Tcim, Trpv4, Twist1, Ubd
GO:0048523	negative regulation of cellular process	4958	113	71.02	1.2e-8	1.205921052631579e-6	0.022791448164582492	Acod1, Alx1, Anxa1, Anxa2, Arg1, Aspm, Aurka, Aurkb, Birc5, Brip1, Bst2, Bub1, Capg, Ccl5, Ccnb1, Ccnd2, Cd109, Cd44, Cd74, Cdc20, Cdc6, Cdca8, Cdk1, Cdkn2a, Cdsn, Cenpe, Cenpf, Cgas, Ciita, Ckap2, Cnmd, Col2a1, Cxcl10, Cxcl9, Ddias, Depdc1a, Dok1, Dtl, Eif4ebp1, Emilin1, Epcam, Eya4, Ezh2, Ezr, Fancd2, Foxm1, Gpnmb, Gzma, Gzmb, Gzmc, H19, H2-Aa, H2ac23, H2ac24, Hmga2, Hmgb2, Ifi206, Ifi213, Ifi35, Igf2bp2, Igf2bp3, Igtp, Insl6, Irf1, Irf6, Irgm1, Isg15, Kif14, Kifc1, Klf5, Klrk1, Knl1, Lcn2, Lgals1, Lgals3, Magea13, Mndal, Myc, Ndc80, Nek2, Nlrc5, Nmi, Nuf2, Oas1a, Oas3, Pabpc1, Pbk, Plk1, Rps6-ps4, Rsad2, Sinhcaf, Six1, Ska1, Smpdl3b, Socs1, Socs3, Spc24, Spn, Tap1, Tbx15, Tcim, Tfcp2l1, Timp1, Tnfrsf9, Tpx2, Trib3, Trpv4, Ttk, Twist1, Tyms, Uhrf1, Usp18, Vim
GO:0009966	regulation of signal transduction	2969	67	42.53	6.4e-5	0.002804731638418079	0.02256652071404513	Acod1, Arg1, Aspm, Aurka, Aurkb, Birc5, Bub1, Ccl5, Ccnb1, Cd109, Cd44, Cd74, Cd8a, Cdca8, Cdkn2a, Cgas, Cnmd, Col2a1, Ddias, Dok1, Emilin1, Eya4, Ezh2, Ezr, Fancd2, Foxm1, Gbp2, Gm12250, Gpnmb, Hmga2, Hmgb2, Hpse, Ifi206, Ifi213, Ifi35, Igtp, Irf1, Irgm1, Isg15, Kif14, Knl1, Lgals3, Lpar2, Map4k1, Mndal, Myc, Ndc80, Neto1, Nlrc5, Nmi, Oas1a, Oas3, Pbk, Ripk2, Rsad2, Sinhcaf, Ska1, Smpdl3b, Socs1, Socs3, Tcim, Timp1, Trpv4, Twist1, Ubd, Usp18, Zbp1
GO:0070887	cellular response to chemical stimulus	2066	46	29.59	0.00155	0.04352251838235294	0.022265246853823813	Acod1, Anxa1, Anxa2, Birc5, Brip1, Ccl5, Ccna2, Cd74, Cdk1, Cdkn2a, Cgas, Ciita, Cxcl10, Cxcl9, Cybb, Ddias, Ect2, Eif4ebp1, Ezh2, Ezr, Fancd2, Fcgr4, Gbp10, Gbp2, Gbp6, Hmga2, Hmgb2, Igtp, Irf1, Irgm1, Klf5, Klrk1, Lcn2, Lgals3, Map4k1, Myc, Ripk2, Rps6-ps4, Six1, Socs1, Socs3, Timp1, Trib3, Trpv4, Twist1, Vim
GO:0016043	cellular component organization	6508	143	93.22	1.5e-10	1.941737288135593e-8	0.02197295636140135	Adamts14, Anxa1, Anxa2, Arpc1b, Asf1b, Aspm, Atad2, Aurka, Aurkb, Birc5, Brip1, Bst2, Bub1, Capg, Ccl5, Ccnb1, Ccnb2, Cd44, Cd74, Cdc20, Cdc6, Cdca2, Cdca5, Cdca8, Cdk1, Cdkn2a, Cdsn, Cenpa, Cenpe, Cenph, Ciita, Ckap2, Col11a1, Col2a1, Col9a1, Cxcl10, Cxcl9, Dlgap5, Ect2, Eif4ebp1, Emilin1, Emp1, Emp3, Ercc6l, Esco2, Espl1, Eya4, Ezh2, Ezr, Fancd2, Gbp2, Gm12185, Gm12250, Gm4841, H19, H2-Aa, H2-Ab1, H2-DMb1, H2-Eb1, H2ac23, H2ac24, Has2, Hmga2, Hmgb2, Ifi206, Ifi213, Ifi27l2a, Ifi47, Igtp, Iigp1, Iigp1c, Irgm1, Isg15, Kif11, Kif14, Kif15, Kif18b, Kif20a, Kif22, Kif23, Kif2c, Kifc1, Klf5, Knl1, Knstrn, Krt8, Krt80, Lcn2, Lgals1, Lgals3, Map4k1, Mcm3, Mcm5, Melk, Mki67, Mlkl, Mndal, Mtfr2, Mybl2, Myc, Ncapg, Ncaph, Ndc80, Neb, Nek2, Nuf2, Nusap1, Oas1a, Pbk, Pclaf, Pi4k2b, Plk1, Prc1, Prf1, Rab19, Rad51ap1, Rad54l, Ripk2, Rps6-ps4, Rrm2, Sgo1, Six1, Ska1, Smc2, Smc4, Spc24, Strc, Tamalin, Tfcp2l1, Tgtp1, Tgtp2, Tk1, Top2a, Tpm3-rs7, Tpx2, Trpv4, Ttk, Tuba1c, Tubb6, Ubd, Ube2c, Uhrf1, Vim
GO:0048519	negative regulation of biological process	5148	113	73.74	1.1e-7	9.334722222222223e-6	0.021950271950271952	Acod1, Alx1, Anxa1, Anxa2, Arg1, Aspm, Aurka, Aurkb, Birc5, Brip1, Bst2, Bub1, Capg, Ccl5, Ccnb1, Ccnd2, Cd109, Cd44, Cd74, Cdc20, Cdc6, Cdca8, Cdk1, Cdkn2a, Cdsn, Cenpe, Cenpf, Cgas, Ciita, Ckap2, Cnmd, Col2a1, Cxcl10, Cxcl9, Ddias, Depdc1a, Dok1, Dtl, Eif4ebp1, Emilin1, Epcam, Eya4, Ezh2, Ezr, Fancd2, Foxm1, Gpnmb, Gzma, Gzmb, Gzmc, H19, H2-Aa, H2ac23, H2ac24, Hmga2, Hmgb2, Ifi206, Ifi213, Ifi35, Igf2bp2, Igf2bp3, Igtp, Insl6, Irf1, Irf6, Irgm1, Isg15, Kif14, Kifc1, Klf5, Klrk1, Knl1, Lcn2, Lgals1, Lgals3, Magea13, Mndal, Myc, Ndc80, Nek2, Nlrc5, Nmi, Nuf2, Oas1a, Oas3, Pabpc1, Pbk, Plk1, Rps6-ps4, Rsad2, Sinhcaf, Six1, Ska1, Smpdl3b, Socs1, Socs3, Spc24, Spn, Tap1, Tbx15, Tcim, Tfcp2l1, Timp1, Tnfrsf9, Tpx2, Trib3, Trpv4, Ttk, Twist1, Tyms, Uhrf1, Usp18, Vim
GO:0048518	positive regulation of biological process	5936	130	85.03	4.1e-9	4.4416666666666667e-7	0.021900269541778976	Acod1, Alx1, Anxa1, Anxa2, Arg1, Aspm, Atad2, Aurka, Aurkb, Birc5, Bub1, C1ra, C1s1, Ccl5, Ccna2, Ccnb1, Ccnd2, Cd44, Cd74, Cd8a, Cdc20, Cdc6, Cdca5, Cdca7l, Cdca8, Cdk1, Cdkn2a, Cenpe, Cgas, Ciita, Ckap2, Cnmd, Cxcl10, Cxcl9, Cybb, Dbf4, Dtl, Ect2, Eif4ebp1, Emilin1, Epcam, Eya4, Ezh2, Ezr, Fcgr4, Foxm1, Gbp2, Gm12250, Gpnmb, Gzma, H2-Aa, H2-Ab1, H2-DMb1, H2-Eb1, H2-Q4, Has2, Hmga2, Hmgb2, Hpse, Ifi204, Ifi206, Ifi211, Ifi213, Ifi35, Igf2bp2, Igf2bp3, Igtp, Irf1, Irf6, Irgm1, Isg15, Kif14, Kif23, Klf5, Klrk1, Knl1, Lcn2, Lgals1, Lgals3, Lpar2, Map4k1, Melk, Mndal, Mybl2, Myc, Ncapg, Ncaph, Ndc80, Nek2, Neto1, Nkg7, Nlrc5, Nmi, Nusap1, Oas1a, Oas3, Pabpc1, Plk1, Prc1, Prf1, Rad51ap1, Raet1d, Ripk2, Rps6-ps4, Rrm2, Rsad2, Sinhcaf, Six1, Ska1, Smc2, Smc4, Smpdl3b, Socs1, Socs3, Spn, Tbx15, Tcim, Tfcp2l1, Timp1, Top2a, Tpx2, Trib3, Trpv4, Twist1, Ubd, Ube2c, Uhrf1, Ulbp1, Vim, Zbp1
GO:0050896	response to stimulus	7627	166	109.25	5.9e-13	1.0126123595505617e-10	0.021764783007735676	Acod1, AI506816, Anxa1, Anxa2, Arg1, Aspm, Aurka, Aurkb, Batf2, Birc5, Brip1, Bst2, Bub1, C1ra, C1s1, Capg, Ccl5, Ccna2, Ccnb1, Ccnd2, Cd109, Cd44, Cd74, Cd8a, Cdc20, Cdc6, Cdca5, Cdca8, Cdk1, Cdkn2a, Cenpe, Cgas, Ciita, Cnmd, Col11a1, Col2a1, Cxcl10, Cxcl9, Cybb, Ddias, Depdc1a, Dok1, Dtl, Ect2, Eif4ebp1, Emilin1, Epcam, Ercc6l, Esco2, Exo1, Eya4, Ezh2, Ezr, Fancd2, Fcgr4, Foxm1, Gbp10, Gbp2, Gbp6, Gm12185, Gm12250, Gm4841, Gpnmb, Gzma, Gzmb, Gzmc, H2-Aa, H2-Ab1, H2-DMb1, H2-Eb1, H2-Q4, Has2, Herc6, Hmga2, Hmgb2, Hpse, Ifi204, Ifi206, Ifi211, Ifi213, Ifi27l2a, Ifi35, Ifi44, Ifi47, Igtp, Iigp1, Iigp1c, Insl6, Irf1, Irgm1, Isg15, Kif14, Kif22, Klf5, Klrk1, Knl1, Knstrn, Krt8, Lcn2, Lgals1, Lgals3, Lpar2, Map4k1, Mcm10, Mcm3, Mcm5, Melk, Mlkl, Mndal, Ms4a6c, Mybl2, Myc, Ndc80, Neto1, Nkg7, Nlrc5, Nmi, Nuf2, Oas1a, Oas3, P2ry10, Pbk, Pclaf, Pcolce, Piezo2, Plk1, Prf1, Psmb9, Rad51ap1, Rad54l, Raet1d, Ripk2, Rps6-ps4, Rsad2, Sinhcaf, Six1, Ska1, Slc47a1, Slfn9, Smc2, Smc4, Smpdl3b, Socs1, Socs3, Spc24, Spn, Strc, Tamalin, Tap1, Tcim, Tgtp1, Tgtp2, Timp1, Top2a, Trib3, Trpv4, Ttk, Twist1, Tyms, Ubd, Ube2l6, Uhrf1, Ulbp1, Usp18, Vim, Zbp1
GO:0007165	signal transduction	4996	108	71.56	6.2e-7	4.488388625592417e-5	0.021617293835068056	Acod1, Anxa1, Arg1, Aspm, Aurka, Aurkb, Birc5, Bub1, Ccl5, Ccna2, Ccnb1, Cd109, Cd44, Cd74, Cd8a, Cdc20, Cdc6, Cdca8, Cdk1, Cdkn2a, Cenpe, Cgas, Cnmd, Col2a1, Cxcl10, Cxcl9, Cybb, Ddias, Depdc1a, Dok1, Dtl, Ect2, Eif4ebp1, Emilin1, Epcam, Eya4, Ezh2, Ezr, Fancd2, Fcgr4, Foxm1, Gbp2, Gm12250, Gpnmb, Gzma, Gzmb, Gzmc, Hmga2, Hmgb2, Hpse, Ifi204, Ifi206, Ifi213, Ifi27l2a, Ifi35, Igtp, Iigp1, Insl6, Irf1, Irgm1, Isg15, Kif14, Klrk1, Knl1, Krt8, Lcn2, Lgals1, Lgals3, Lpar2, Map4k1, Melk, Mlkl, Mndal, Ms4a6c, Myc, Ndc80, Neto1, Nkg7, Nlrc5, Nmi, Nuf2, Oas1a, Oas3, P2ry10, Pbk, Plk1, Prf1, Ripk2, Rps6-ps4, Rsad2, Sinhcaf, Six1, Ska1, Smpdl3b, Socs1, Socs3, Spc24, Spn, Tamalin, Tcim, Timp1, Trib3, Trpv4, Ttk, Twist1, Ubd, Usp18, Zbp1
GO:0048522	positive regulation of cellular process	5646	122	80.87	5.1e-8	4.637053571428572e-6	0.021608218207580587	Acod1, Alx1, Anxa1, Anxa2, Arg1, Aspm, Atad2, Aurka, Aurkb, Birc5, Bub1, Ccl5, Ccna2, Ccnb1, Ccnd2, Cd44, Cd74, Cd8a, Cdc20, Cdc6, Cdca5, Cdca7l, Cdca8, Cdk1, Cdkn2a, Cenpe, Cgas, Ciita, Ckap2, Cxcl10, Cxcl9, Cybb, Dbf4, Dtl, Ect2, Eif4ebp1, Emilin1, Epcam, Eya4, Ezh2, Ezr, Foxm1, Gbp2, Gm12250, Gpnmb, Gzma, H2-Aa, H2-Ab1, H2-DMb1, H2-Eb1, H2-Q4, Has2, Hmga2, Hmgb2, Hpse, Ifi204, Ifi206, Ifi213, Ifi35, Igf2bp2, Igf2bp3, Igtp, Irf1, Irf6, Irgm1, Isg15, Kif14, Kif23, Klf5, Klrk1, Knl1, Lcn2, Lgals1, Lgals3, Lpar2, Map4k1, Melk, Mndal, Mybl2, Myc, Ncapg, Ncaph, Ndc80, Nek2, Neto1, Nlrc5, Nmi, Nusap1, Oas1a, Oas3, Pabpc1, Plk1, Prc1, Prf1, Rad51ap1, Raet1d, Ripk2, Rps6-ps4, Rrm2, Rsad2, Sinhcaf, Six1, Ska1, Smc2, Smc4, Socs1, Socs3, Spn, Tbx15, Tcim, Timp1, Top2a, Tpx2, Trib3, Trpv4, Twist1, Ubd, Ube2c, Uhrf1, Ulbp1, Vim, Zbp1
GO:0051239	regulation of multicellular organismal process	2965	64	42.47	3.6e-4	0.01281818181818182	0.021585160202360877	Acod1, Alx1, Anxa1, Anxa2, Arg1, Aspm, Bst2, Ccl5, Ccnb1, Ccnd2, Cd109, Cd44, Cd74, Cdk1, Cdkn2a, Cgas, Cnmd, Cxcl10, Cybb, Emilin1, Ezh2, Ezr, Fancd2, Fcgr4, Gpnmb, H19, H2-Aa, H2-Ab1, H2-DMb1, H2-Eb1, Has2, Hmga2, Hmgb2, Hpse, Ifi206, Ifi213, Igtp, Irf1, Irgm1, Isg15, Kif14, Klrk1, Lcn2, Lgals1, Lgals3, Mndal, Myc, Neto1, Nmi, Oas1a, Oas3, Ripk2, Rsad2, Sinhcaf, Six1, Socs1, Spn, Tcim, Timp1, Tnfrsf9, Trpv4, Twist1, Ulbp1, Vim
GO:0009893	positive regulation of metabolic process	3433	74	49.17	1.1e-4	0.004603424657534247	0.02155549082435188	Acod1, Alx1, Anxa1, Anxa2, Atad2, Aurka, Aurkb, Birc5, Ccl5, Ccna2, Ccnb1, Ccnd2, Cd44, Cd74, Cdc20, Cdk1, Cdkn2a, Cenpe, Cgas, Ciita, Ckap2, Cybb, Dbf4, Dtl, Ect2, Emilin1, Epcam, Eya4, Ezh2, Ezr, Foxm1, Gpnmb, Has2, Hmga2, Hmgb2, Hpse, Ifi206, Ifi213, Igf2bp2, Igf2bp3, Igtp, Irf1, Irf6, Irgm1, Isg15, Kif14, Klf5, Klrk1, Lcn2, Mndal, Mybl2, Myc, Nek2, Nlrc5, Nmi, Oas1a, Oas3, Pabpc1, Plk1, Rad51ap1, Ripk2, Rsad2, Six1, Spn, Tbx15, Tcim, Top2a, Tpx2, Trib3, Trpv4, Twist1, Uhrf1, Ulbp1, Vim
GO:0071840	cellular component organization or biogenesis	6698	143	95.94	1.5e-9	1.7098880597014924e-7	0.0213496566139146	Adamts14, Anxa1, Anxa2, Arpc1b, Asf1b, Aspm, Atad2, Aurka, Aurkb, Birc5, Brip1, Bst2, Bub1, Capg, Ccl5, Ccnb1, Ccnb2, Cd44, Cd74, Cdc20, Cdc6, Cdca2, Cdca5, Cdca8, Cdk1, Cdkn2a, Cdsn, Cenpa, Cenpe, Cenph, Ciita, Ckap2, Col11a1, Col2a1, Col9a1, Cxcl10, Cxcl9, Dlgap5, Ect2, Eif4ebp1, Emilin1, Emp1, Emp3, Ercc6l, Esco2, Espl1, Eya4, Ezh2, Ezr, Fancd2, Gbp2, Gm12185, Gm12250, Gm4841, H19, H2-Aa, H2-Ab1, H2-DMb1, H2-Eb1, H2ac23, H2ac24, Has2, Hmga2, Hmgb2, Ifi206, Ifi213, Ifi27l2a, Ifi47, Igtp, Iigp1, Iigp1c, Irgm1, Isg15, Kif11, Kif14, Kif15, Kif18b, Kif20a, Kif22, Kif23, Kif2c, Kifc1, Klf5, Knl1, Knstrn, Krt8, Krt80, Lcn2, Lgals1, Lgals3, Map4k1, Mcm3, Mcm5, Melk, Mki67, Mlkl, Mndal, Mtfr2, Mybl2, Myc, Ncapg, Ncaph, Ndc80, Neb, Nek2, Nuf2, Nusap1, Oas1a, Pbk, Pclaf, Pi4k2b, Plk1, Prc1, Prf1, Rab19, Rad51ap1, Rad54l, Ripk2, Rps6-ps4, Rrm2, Sgo1, Six1, Ska1, Smc2, Smc4, Spc24, Strc, Tamalin, Tfcp2l1, Tgtp1, Tgtp2, Tk1, Top2a, Tpm3-rs7, Tpx2, Trpv4, Ttk, Tuba1c, Tubb6, Ubd, Ube2c, Uhrf1, Vim
GO:0051716	cellular response to stimulus	6277	133	89.91	2.2e-8	2.1135220125786162e-6	0.02118846582762466	Acod1, Anxa1, Anxa2, Arg1, Aspm, Aurka, Aurkb, Birc5, Brip1, Bub1, Ccl5, Ccna2, Ccnb1, Ccnd2, Cd109, Cd44, Cd74, Cd8a, Cdc20, Cdc6, Cdca5, Cdca8, Cdk1, Cdkn2a, Cenpe, Cgas, Ciita, Cnmd, Col2a1, Cxcl10, Cxcl9, Cybb, Ddias, Depdc1a, Dok1, Dtl, Ect2, Eif4ebp1, Emilin1, Epcam, Ercc6l, Esco2, Exo1, Eya4, Ezh2, Ezr, Fancd2, Fcgr4, Foxm1, Gbp10, Gbp2, Gbp6, Gm12250, Gpnmb, Gzma, Gzmb, Gzmc, Has2, Hmga2, Hmgb2, Hpse, Ifi204, Ifi206, Ifi213, Ifi27l2a, Ifi35, Igtp, Iigp1, Insl6, Irf1, Irgm1, Isg15, Kif14, Kif22, Klf5, Klrk1, Knl1, Krt8, Lcn2, Lgals1, Lgals3, Lpar2, Map4k1, Mcm10, Mcm3, Mcm5, Melk, Mlkl, Mndal, Ms4a6c, Myc, Ndc80, Neto1, Nkg7, Nlrc5, Nmi, Nuf2, Oas1a, Oas3, P2ry10, Pbk, Pclaf, Piezo2, Plk1, Prf1, Rad51ap1, Rad54l, Ripk2, Rps6-ps4, Rsad2, Sinhcaf, Six1, Ska1, Smc2, Smc4, Smpdl3b, Socs1, Socs3, Spc24, Spn, Tamalin, Tcim, Timp1, Top2a, Trib3, Trpv4, Ttk, Twist1, Ubd, Uhrf1, Usp18, Vim, Zbp1
GO:0048468	cell development	3006	62	43.06	0.00148	0.04217723880597015	0.020625415834996674	3830403N18Rik, Alx1, Anxa1, Anxa2, Aspm, Aurka, Batf2, Brip1, Ccl5, Ccnb1, Cd109, Cd44, Cd74, Cd8a, Cdc20, Cdk1, Cdkn2a, Cdsn, Cnmd, Col11a1, Ddias, Esco2, Ezh2, Ezr, Fancd2, H19, H2-Aa, Herc6, Hmga2, Hmgb2, Hpse, Ifi206, Ifi213, Igtp, Insl6, Irf1, Irf6, Irgm1, Isg15, Kif14, Klf5, Krt8, Lgals1, Melk, Mndal, Myc, Neb, Ripk2, Rsad2, Six1, Socs1, Spn, Strc, Tcim, Tfcp2l1, Tnfrsf9, Top2a, Trpv4, Twist1, Tyms, Ubd, Vim
GO:0023051	regulation of signaling	3442	70	49.3	9.7e-4	0.030115345528455285	0.02033701336432307	Acod1, Anxa1, Anxa2, Arg1, Aspm, Aurka, Aurkb, Birc5, Bub1, Ccl5, Ccnb1, Cd109, Cd44, Cd74, Cd8a, Cdc20, Cdca8, Cdkn2a, Cgas, Cnmd, Col2a1, Ddias, Dok1, Emilin1, Eya4, Ezh2, Ezr, Fancd2, Foxm1, Gbp2, Gm12250, Gpnmb, Hmga2, Hmgb2, Hpse, Ifi206, Ifi213, Ifi35, Igtp, Irf1, Irgm1, Isg15, Kif14, Knl1, Lgals3, Lpar2, Map4k1, Mndal, Myc, Ndc80, Neto1, Nlrc5, Nmi, Oas1a, Oas3, Pbk, Ripk2, Rsad2, Sinhcaf, Ska1, Smpdl3b, Socs1, Socs3, Tcim, Timp1, Trpv4, Twist1, Ubd, Usp18, Zbp1
GO:0023052	signaling	5477	111	78.45	1.1e-5	5.958333333333333e-4	0.020266569289757168	Acod1, Anxa1, Anxa2, Arg1, Aspm, Aurka, Aurkb, Birc5, Bub1, Ccl5, Ccna2, Ccnb1, Cd109, Cd44, Cd74, Cd8a, Cdc20, Cdc6, Cdca8, Cdk1, Cdkn2a, Cenpe, Cgas, Cnmd, Col2a1, Cxcl10, Cxcl9, Cybb, Ddias, Depdc1a, Dlgap5, Dok1, Dtl, Ect2, Eif4ebp1, Emilin1, Epcam, Eya4, Ezh2, Ezr, Fancd2, Fcgr4, Foxm1, Gbp2, Gm12250, Gpnmb, Gzma, Gzmb, Gzmc, Hmga2, Hmgb2, Hpse, Ifi204, Ifi206, Ifi213, Ifi27l2a, Ifi35, Igtp, Iigp1, Insl6, Irf1, Irgm1, Isg15, Kif14, Klf5, Klrk1, Knl1, Krt8, Lcn2, Lgals1, Lgals3, Lpar2, Map4k1, Melk, Mlkl, Mndal, Ms4a6c, Myc, Ndc80, Neto1, Nkg7, Nlrc5, Nmi, Nuf2, Oas1a, Oas3, P2ry10, Pbk, Plk1, Prf1, Ripk2, Rps6-ps4, Rsad2, Sinhcaf, Six1, Ska1, Smpdl3b, Socs1, Socs3, Spc24, Spn, Tamalin, Tcim, Timp1, Trib3, Trpv4, Ttk, Twist1, Ubd, Usp18, Zbp1
GO:0010646	regulation of cell communication	3446	69	49.36	0.00163	0.04560119047619047	0.020023215322112594	Acod1, Anxa1, Arg1, Aspm, Aurka, Aurkb, Birc5, Bub1, Ccl5, Ccnb1, Cd109, Cd44, Cd74, Cd8a, Cdc20, Cdca8, Cdkn2a, Cgas, Cnmd, Col2a1, Ddias, Dok1, Emilin1, Eya4, Ezh2, Ezr, Fancd2, Foxm1, Gbp2, Gm12250, Gpnmb, Hmga2, Hmgb2, Hpse, Ifi206, Ifi213, Ifi35, Igtp, Irf1, Irgm1, Isg15, Kif14, Knl1, Lgals3, Lpar2, Map4k1, Mndal, Myc, Ndc80, Neto1, Nlrc5, Nmi, Oas1a, Oas3, Pbk, Ripk2, Rsad2, Sinhcaf, Ska1, Smpdl3b, Socs1, Socs3, Tcim, Timp1, Trpv4, Twist1, Ubd, Usp18, Zbp1
GO:0007154	cell communication	5511	109	78.94	4.4e-5	0.0020183183183183186	0.01977862456904373	Acod1, Anxa1, Arg1, Aspm, Aurka, Aurkb, Birc5, Bub1, Ccl5, Ccna2, Ccnb1, Cd109, Cd44, Cd74, Cd8a, Cdc20, Cdc6, Cdca8, Cdk1, Cdkn2a, Cenpe, Cgas, Cnmd, Col2a1, Cxcl10, Cxcl9, Cybb, Ddias, Depdc1a, Dok1, Dtl, Ect2, Eif4ebp1, Emilin1, Epcam, Eya4, Ezh2, Ezr, Fancd2, Fcgr4, Foxm1, Gbp2, Gm12250, Gpnmb, Gzma, Gzmb, Gzmc, Hmga2, Hmgb2, Hpse, Ifi204, Ifi206, Ifi213, Ifi27l2a, Ifi35, Igtp, Iigp1, Insl6, Irf1, Irgm1, Isg15, Kif14, Klf5, Klrk1, Knl1, Krt8, Lcn2, Lgals1, Lgals3, Lpar2, Map4k1, Melk, Mlkl, Mndal, Ms4a6c, Myc, Ndc80, Neto1, Nkg7, Nlrc5, Nmi, Nuf2, Oas1a, Oas3, P2ry10, Pbk, Plk1, Prf1, Ripk2, Rps6-ps4, Rsad2, Sinhcaf, Six1, Ska1, Smpdl3b, Socs1, Socs3, Spc24, Spn, Tamalin, Tcim, Timp1, Trib3, Trpv4, Ttk, Twist1, Ubd, Usp18, Zbp1
GO:0060255	regulation of macromolecule metabolic process	5336	105	76.43	8.6e-5	0.0036591922005571034	0.019677661169415293	Acod1, Alx1, Anxa1, Anxa2, Arg1, Atad2, Aurka, Aurkb, Batf2, Birc5, Brip1, Bst2, Ccl5, Ccna2, Ccnb1, Ccnd2, Cd109, Cd44, Cd74, Cdc20, Cdca7l, Cdk1, Cdkn2a, Cenpe, Cenpf, Cgas, Ciita, Ckap2, Cks1b, Col2a1, Cybb, Dbf4, Depdc1a, Dtl, Ect2, Eif4ebp1, Emilin1, Epcam, Esco2, Eya4, Ezh2, Ezr, Fancd2, Foxm1, Gpnmb, Gzma, Gzmb, Gzmc, H19, H2ac23, H2ac24, Has2, Hmga2, Hmgb2, Hpse, Ifi204, Ifi206, Ifi213, Igf2bp2, Igf2bp3, Igtp, Irf1, Irf6, Irgm1, Isg15, Kif14, Klf5, Klrk1, Lcn2, Magea13, Mndal, Mybl2, Myc, Nek2, Nlrc5, Nmi, Oas1a, Oas3, Pabpc1, Pbk, Plk1, Ppic, Psmb8, Rad51ap1, Ripk2, Rsad2, Sinhcaf, Six1, Socs1, Socs3, Sp140l2, Spn, Tbx15, Tcim, Tfcp2l1, Timp1, Top2a, Tpx2, Trib3, Trpv4, Twist1, Tyms, Uhrf1, Ulbp1, Vim
GO:0010468	regulation of gene expression	4417	85	63.27	0.00131	0.038407389635316695	0.019243830654290243	Acod1, Alx1, Anxa1, Anxa2, Arg1, Atad2, Aurka, Aurkb, Batf2, Birc5, Brip1, Bst2, Ccl5, Ccna2, Ccnb1, Cd44, Cd74, Cdca7l, Cdk1, Cdkn2a, Cenpf, Cgas, Ciita, Ckap2, Cks1b, Col2a1, Cybb, Depdc1a, Eif4ebp1, Emilin1, Epcam, Ezh2, Ezr, Fancd2, Foxm1, Gpnmb, Gzmb, Gzmc, H19, H2ac23, H2ac24, Hmga2, Hmgb2, Hpse, Ifi204, Ifi206, Ifi213, Igf2bp2, Igf2bp3, Igtp, Irf1, Irf6, Irgm1, Isg15, Klf5, Klrk1, Lcn2, Magea13, Mndal, Mybl2, Myc, Nlrc5, Nmi, Oas1a, Oas3, Pabpc1, Plk1, Ppic, Ripk2, Rsad2, Sinhcaf, Six1, Socs1, Sp140l2, Spn, Tbx15, Tfcp2l1, Top2a, Trib3, Trpv4, Twist1, Tyms, Uhrf1, Ulbp1, Vim
GO:0010556	regulation of macromolecule biosynthetic process	4528	87	64.86	0.00117	0.03476994163424125	0.019213780918727916	Acod1, Alx1, Anxa1, Anxa2, Arg1, Atad2, Aurka, Aurkb, Batf2, Birc5, Brip1, Bst2, Ccl5, Ccna2, Ccnb1, Cd44, Cd74, Cdca7l, Cdk1, Cdkn2a, Cenpf, Cgas, Ciita, Ckap2, Cks1b, Col2a1, Cybb, Depdc1a, Eif4ebp1, Emilin1, Epcam, Ezh2, Ezr, Fancd2, Foxm1, Gpnmb, Gzmb, Gzmc, H19, H2ac23, H2ac24, Has2, Hmga2, Hmgb2, Hpse, Ifi204, Ifi206, Ifi213, Igf2bp2, Igf2bp3, Igtp, Irf1, Irf6, Irgm1, Isg15, Klf5, Klrk1, Lcn2, Magea13, Mndal, Mybl2, Myc, Nek2, Nlrc5, Nmi, Oas1a, Oas3, Pabpc1, Plk1, Ppic, Ripk2, Rsad2, Sinhcaf, Six1, Socs1, Sp140l2, Spn, Tbx15, Tfcp2l1, Top2a, Trib3, Trpv4, Twist1, Tyms, Uhrf1, Ulbp1, Vim
GO:0019222	regulation of metabolic process	5809	107	83.21	0.00106	0.032383	0.01841969357892925	Acod1, Alx1, Anxa1, Anxa2, Arg1, Atad2, Aurka, Aurkb, Batf2, Birc5, Brip1, Bst2, Ccl5, Ccna2, Ccnb1, Ccnd2, Cd109, Cd44, Cd74, Cdc20, Cdca7l, Cdk1, Cdkn2a, Cenpe, Cenpf, Cgas, Ciita, Ckap2, Cks1b, Col2a1, Cybb, Dbf4, Depdc1a, Dtl, Ect2, Eif4ebp1, Emilin1, Epcam, Esco2, Eya4, Ezh2, Ezr, Fancd2, Foxm1, Gpnmb, Gzma, Gzmb, Gzmc, H19, H2ac23, H2ac24, Has2, Hmga2, Hmgb2, Hpse, Ifi204, Ifi206, Ifi213, Igf2bp2, Igf2bp3, Igtp, Iigp1, Irf1, Irf6, Irgm1, Isg15, Kif14, Klf5, Klrk1, Lcn2, Lpar2, Magea13, Mndal, Mybl2, Myc, Nek2, Nlrc5, Nmi, Oas1a, Oas3, Pabpc1, Pbk, Plk1, Ppic, Psmb8, Rad51ap1, Ripk2, Rsad2, Sinhcaf, Six1, Socs1, Socs3, Sp140l2, Spn, Tbx15, Tcim, Tfcp2l1, Timp1, Top2a, Tpx2, Trib3, Trpv4, Twist1, Tyms, Uhrf1, Ulbp1, Vim
GO:0050794	regulation of cellular process	9752	178	139.69	6.3e-7	4.517957746478873e-5	0.018252666119770302	Acod1, Alx1, Anxa1, Anxa2, Arg1, Aspm, Atad2, Aurka, Aurkb, Batf2, Birc5, Brip1, Bst2, Bub1, Capg, Ccl5, Ccna2, Ccnb1, Ccnd2, Cd109, Cd44, Cd74, Cd8a, Cdc20, Cdc6, Cdca2, Cdca5, Cdca7l, Cdca8, Cdk1, Cdkn2a, Cdsn, Cenpe, Cenpf, Cgas, Ciita, Ckap2, Cks1b, Cnmd, Col2a1, Cxcl10, Cxcl9, Cybb, Dbf4, Ddias, Depdc1a, Dlgap5, Dok1, Dtl, Ect2, Eif4ebp1, Emilin1, Epcam, Esco2, Eya4, Ezh2, Ezr, Fancd2, Fcgr4, Foxm1, Gbp2, Gm12250, Gpnmb, Gzma, Gzmb, Gzmc, H19, H2-Aa, H2-Ab1, H2-DMb1, H2-Eb1, H2-Q4, H2ac23, H2ac24, Has2, Hmga2, Hmgb2, Hpse, Ifi204, Ifi206, Ifi213, Ifi27l2a, Ifi35, Igf2bp2, Igf2bp3, Igtp, Iigp1, Insl6, Irf1, Irf6, Irgm1, Isg15, Kif11, Kif14, Kif18b, Kif20a, Kif23, Kif2c, Kifc1, Klf5, Klrk1, Knl1, Knstrn, Krt8, Lcn2, Lgals1, Lgals3, Lpar2, Magea13, Map4k1, Melk, Mki67, Mlkl, Mndal, Ms4a6c, Mybl2, Myc, Ncapg, Ncaph, Ndc80, Neb, Nek2, Neto1, Nkg7, Nlrc5, Nmi, Nuf2, Nusap1, Oas1a, Oas3, P2ry10, Pabpc1, Pbk, Pclaf, Plk1, Ppic, Prc1, Prf1, Prr11, Psmb8, Rad51ap1, Raet1d, Ripk2, Rps6-ps4, Rrm2, Rsad2, Sinhcaf, Six1, Ska1, Smc2, Smc4, Smpdl3b, Socs1, Socs3, Sp140l2, Spc24, Spn, Tamalin, Tap1, Tbx15, Tcim, Tfcp2l1, Timp1, Tnfrsf9, Top2a, Tpx2, Trib3, Trpv4, Ttk, Twist1, Tyms, Ubd, Ube2c, Uhrf1, Ulbp1, Usp18, Vim, Zbp1
GO:0050789	regulation of biological process	10062	182	144.13	7.1e-7	4.997811059907834e-5	0.01808785529715762	Acod1, Alx1, Anxa1, Anxa2, Arg1, Aspm, Atad2, Aurka, Aurkb, Batf2, Birc5, Brip1, Bst2, Bub1, C1ra, C1s1, Capg, Ccl5, Ccna2, Ccnb1, Ccnb2, Ccnd2, Cd109, Cd44, Cd74, Cd8a, Cdc20, Cdc6, Cdca2, Cdca5, Cdca7l, Cdca8, Cdk1, Cdkn2a, Cdsn, Cenpe, Cenpf, Cgas, Ciita, Ckap2, Cks1b, Cnmd, Col2a1, Cxcl10, Cxcl9, Cybb, Dbf4, Ddias, Depdc1a, Dlgap5, Dok1, Dtl, Ect2, Eif4ebp1, Emilin1, Epcam, Esco2, Eya4, Ezh2, Ezr, Fancd2, Fcgr4, Foxm1, Gbp2, Gm12250, Gpnmb, Gzma, Gzmb, Gzmc, H19, H2-Aa, H2-Ab1, H2-DMb1, H2-Eb1, H2-Q4, H2ac23, H2ac24, Has2, Hmga2, Hmgb2, Hpse, Ifi204, Ifi206, Ifi211, Ifi213, Ifi27l2a, Ifi35, Igf2bp2, Igf2bp3, Igtp, Iigp1, Insl6, Irf1, Irf6, Irgm1, Isg15, Kif11, Kif14, Kif18b, Kif20a, Kif23, Kif2c, Kifc1, Klf5, Klrk1, Knl1, Knstrn, Krt8, Lcn2, Lgals1, Lgals3, Lpar2, Magea13, Map4k1, Melk, Mki67, Mlkl, Mndal, Ms4a6c, Mybl2, Myc, Ncapg, Ncaph, Ndc80, Neb, Nek2, Neto1, Nkg7, Nlrc5, Nmi, Nuf2, Nusap1, Oas1a, Oas3, P2ry10, Pabpc1, Pbk, Pclaf, Plk1, Ppic, Prc1, Prf1, Prr11, Psmb8, Rad51ap1, Raet1d, Ripk2, Rps6-ps4, Rrm2, Rsad2, Sinhcaf, Six1, Ska1, Smc2, Smc4, Smpdl3b, Socs1, Socs3, Sp140l2, Spc24, Spn, Tamalin, Tap1, Tbx15, Tcim, Tfcp2l1, Timp1, Tnfrsf9, Top2a, Tpx2, Trib3, Trpv4, Ttk, Twist1, Tyms, Ubd, Ube2c, Uhrf1, Ulbp1, Usp18, Vim, Zbp1
GO:0043170	macromolecule metabolic process	8044	144	115.22	1.8e-4	0.007068123393316196	0.01790154152163103	Acod1, Adamts14, Alx1, Anxa1, Anxa2, Arg1, Atad2, Aurka, Aurkb, B3gnt5, Batf2, Birc5, Brip1, Bst2, C1ra, C1s1, Ccl5, Ccna2, Ccnb1, Ccnd2, Cd109, Cd44, Cd74, Cdc20, Cdc6, Cdca3, Cdca5, Cdca7l, Cdk1, Cdkn2a, Cdsn, Cenpe, Cenpf, Cgas, Chit1, Ciita, Ckap2, Cks1b, Col11a1, Col2a1, Cybb, Dbf4, Depdc1a, Dtl, Ect2, Eif4ebp1, Emilin1, Epcam, Ercc6l, Esco2, Espl1, Exo1, Eya4, Ezh2, Ezr, Fancd2, Fcgr4, Foxm1, Galnt12, Gpnmb, Gzma, Gzmb, Gzmc, H19, H2-DMb1, H2ac23, H2ac24, Has2, Herc6, Hmga2, Hmgb2, Hmmr, Hpse, Ifi204, Ifi206, Ifi213, Igf2bp2, Igf2bp3, Igtp, Irf1, Irf6, Irgm1, Isg15, Kif14, Kif22, Klf5, Klrk1, Lcn2, Lgals3, Magea13, Map4k1, Mcm10, Mcm3, Mcm5, Melk, Mndal, Mybl2, Myc, Nek2, Nlrc5, Nmi, Oas1a, Oas3, Pabpc1, Pbk, Pclaf, Pcolce, Plk1, Ppic, Psmb8, Psmb9, Rad51ap1, Rad54l, Ripk2, Rps6-ps4, Rsad2, Sinhcaf, Six1, Slfn9, Smc2, Smc4, Socs1, Socs3, Sp140l2, Spn, Tbx15, Tcim, Tfcp2l1, Timp1, Tk1, Top2a, Tpx2, Trib3, Trpv4, Ttk, Twist1, Tyms, Ubd, Ube2c, Ube2l6, Uhrf1, Ulbp1, Usp18, Vim
GO:0065007	biological regulation	10395	184	148.9	3.5e-6	2.1299800796812748e-4	0.0177008177008177	Acod1, Alx1, Anxa1, Anxa2, Arg1, Aspm, Atad2, Aurka, Aurkb, Batf2, Birc5, Brip1, Bst2, Bub1, C1ra, C1s1, Capg, Ccl5, Ccna2, Ccnb1, Ccnb2, Ccnd2, Cd109, Cd44, Cd74, Cd8a, Cdc20, Cdc6, Cdca2, Cdca5, Cdca7l, Cdca8, Cdk1, Cdkn2a, Cdsn, Cenpe, Cenpf, Cgas, Ciita, Ckap2, Cks1b, Cnmd, Col2a1, Csn3, Cxcl10, Cxcl9, Cybb, Dbf4, Ddias, Depdc1a, Dlgap5, Dok1, Dtl, Ect2, Eif4ebp1, Emilin1, Epcam, Esco2, Eya4, Ezh2, Ezr, Fancd2, Fcgr4, Foxm1, Gbp2, Gm12250, Gpnmb, Gzma, Gzmb, Gzmc, H19, H2-Aa, H2-Ab1, H2-DMb1, H2-Eb1, H2-Q4, H2ac23, H2ac24, Has2, Hmga2, Hmgb2, Hpse, Ifi204, Ifi206, Ifi211, Ifi213, Ifi27l2a, Ifi35, Igf2bp2, Igf2bp3, Igtp, Iigp1, Insl6, Irf1, Irf6, Irgm1, Isg15, Kif11, Kif14, Kif18b, Kif20a, Kif23, Kif2c, Kifc1, Klf5, Klrk1, Knl1, Knstrn, Krt8, Lcn2, Lgals1, Lgals3, Lpar2, Magea13, Map4k1, Melk, Mki67, Mlkl, Mndal, Ms4a6c, Mybl2, Myc, Ncapg, Ncaph, Ndc80, Neb, Nek2, Neto1, Nkg7, Nlrc5, Nmi, Nuf2, Nusap1, Oas1a, Oas3, P2ry10, Pabpc1, Pbk, Pclaf, Piezo2, Plk1, Ppic, Prc1, Prf1, Prr11, Psmb8, Rad51ap1, Raet1d, Ripk2, Rps6-ps4, Rrm2, Rsad2, Sinhcaf, Six1, Ska1, Smc2, Smc4, Smpdl3b, Socs1, Socs3, Sp140l2, Spc24, Spn, Tamalin, Tap1, Tbx15, Tcim, Tfcp2l1, Timp1, Tnfrsf9, Top2a, Tpx2, Trib3, Trpv4, Ttk, Twist1, Tyms, Ubd, Ube2c, Uhrf1, Ulbp1, Usp18, Vim, Zbp1
GO:0009987	cellular process	14480	239	207.41	1.9e-8	1.860416666666667e-6	0.016505524861878455	3830403N18Rik, Acod1, Adamts14, Alx1, Anxa1, Anxa2, Arg1, Arpc1b, Asf1b, Aspm, Atad2, Aurka, Aurkb, B3gnt5, Batf2, Birc5, Brip1, Bst2, Bub1, C1ra, C1s1, Capg, Ccl5, Ccna2, Ccnb1, Ccnb2, Ccnd2, Cd109, Cd44, Cd74, Cd8a, Cdc20, Cdc6, Cdca2, Cdca3, Cdca5, Cdca7l, Cdca8, Cdk1, Cdkn2a, Cdsn, Cenpa, Cenpe, Cenpf, Cenph, Cgas, Chit1, Ciita, Ckap2, Cks1b, Cnmd, Col11a1, Col2a1, Col9a1, Cxcl10, Cxcl9, Cybb, Cyp4f18, Dbf4, Ddias, Depdc1a, Dlgap5, Dok1, Dtl, Ect2, Eif4ebp1, Emilin1, Emp1, Emp3, Epcam, Ercc6l, Esco2, Espl1, Exo1, Eya4, Ezh2, Ezr, Fancd2, Fcgr4, Foxm1, Galnt12, Gbp10, Gbp2, Gbp6, Gm12185, Gm12250, Gm4841, Gpnmb, Gzma, Gzmb, Gzmc, H19, H2-Aa, H2-Ab1, H2-DMb1, H2-Eb1, H2-Q4, H2ac23, H2ac24, Has2, Herc6, Hmga2, Hmgb2, Hmmr, Hpse, Ifi204, Ifi206, Ifi213, Ifi27l2a, Ifi35, Ifi47, Igf2bp2, Igf2bp3, Igtp, Iigp1, Iigp1c, Insl6, Irf1, Irf6, Irgm1, Isg15, Kif11, Kif14, Kif15, Kif18b, Kif20a, Kif22, Kif23, Kif2c, Kifc1, Klf5, Klrk1, Knl1, Knstrn, Krt8, Krt80, Lcn2, Lgals1, Lgals3, Lpar2, Magea13, Map4k1, Mcm10, Mcm3, Mcm5, Melk, Mis18bp1, Mki67, Mlkl, Mndal, Moxd1, Ms4a6c, Mtfr2, Mybl2, Myc, Ncapg, Ncaph, Ndc80, Neb, Nek2, Neto1, Nkg7, Nlrc5, Nmi, Nuf2, Nup37, Nusap1, Oas1a, Oas3, P2ry10, Pabpc1, Pbk, Pclaf, Pcolce, Pi4k2b, Piezo2, Plk1, Ppic, Prc1, Prf1, Prr11, Psmb8, Psmb9, Rab19, Rad51ap1, Rad54l, Raet1d, Ripk2, Rps6-ps4, Rrm2, Rsad2, S100a6, Sgo1, Sinhcaf, Six1, Ska1, Slc16a3, Slc26a2, Slc47a1, Slfn9, Smc2, Smc4, Smpdl3b, Socs1, Socs3, Sp140l2, Spc24, Spn, Strc, Svopl, Tamalin, Tap1, Tbx15, Tcim, Tfcp2l1, Tgtp1, Tgtp2, Timp1, Tk1, Tnfrsf9, Top2a, Tpm3-rs7, Tpx2, Trib3, Troap, Trpv4, Ttk, Tuba1c, Tubb6, Twist1, Tyms, Ubd, Ube2c, Ube2l6, Uhrf1, Ulbp1, Usp18, Vim, Zbp1
